scenario,planner,seed,k_samples,t_horizon,grad_steps,alpha,reached_goal,collision_free,success,steps,final_distance,min_goal_distance,cumulative_cost,collisions,mean_control_delta,control_roughness,avg_control_ms,total_control_ms,episode_ms,sample_budget,p95_control_ms,max_control_ms,control_deadline_ms,avg_control_slot_ms,deadline_misses,deadline_feasible,real_time_success
box_detour_open,oi_face_axis_mppi,9356,256,16,0,0,1,1,1,138,0.23774,0.185548,8.4362,0,0.580138,0.534045,0.535645,73.919,76.9259,565248,0.5495,0.5628,0,0.535985,0,1,1
box_detour_open,oi_face_axis_mppi,9363,256,16,0,0,1,1,1,178,0.249496,0.14113,9.08925,0,0.551841,0.518664,0.524679,93.3929,97.9748,729088,0.5439,0.7728,0,0.524934,0,1,1
box_detour_open,oi_face_axis_mppi,9370,256,16,0,0,1,1,1,176,0.241317,0.228896,10.0477,0,0.616226,0.628213,0.4185,73.656,80.8338,720896,0.6003,2.3365,0,0.418829,0,1,1
box_detour_open,oi_face_axis_mppi,9377,256,16,0,0,1,1,1,175,0.249787,0.215348,9.16531,0,0.590463,0.586385,0.390593,68.3538,72.6695,716800,0.4216,0.4611,0,0.390874,0,1,1
box_detour_open,oi_face_axis_mppi,9384,256,16,0,0,1,1,1,113,0.248929,0.0931749,8.65472,0,0.618253,0.623264,0.394727,44.6042,47.3613,462848,0.4297,0.4591,0,0.395065,0,1,1
box_detour_open,oi_face_axis_mppi,9391,256,16,0,0,1,1,1,207,0.247981,0.260014,10.6663,0,0.642719,0.74289,0.419199,86.7743,92.4456,847872,0.4397,0.7664,0,0.419484,0,1,1
box_detour_open,oi_face_axis_mppi,9398,256,16,0,0,1,1,1,185,0.240332,0.0647731,10.0671,0,0.579987,0.542393,0.421276,77.936,83.5432,757760,0.571,1.1231,0,0.421603,0,1,1
box_detour_open,oi_face_axis_mppi,9405,256,16,0,0,1,1,1,202,0.248881,0.147689,9.92001,0,0.564594,0.537902,0.388644,78.5061,83.1331,827392,0.4282,0.6693,0,0.388866,0,1,1
box_detour_open,oi_face_axis_mppi,9412,256,16,0,0,1,1,1,188,0.246691,0.278153,8.77366,0,0.600282,0.627912,0.415978,78.2039,83.9972,770048,0.5472,0.8103,0,0.416278,0,1,1
box_detour_open,oi_face_axis_mppi,9419,256,16,0,0,1,1,1,163,0.242872,0.346154,9.51338,0,0.609134,0.625803,0.433443,70.6513,76.4076,667648,0.5443,0.9048,0,0.433728,0,1,1
box_detour_open,oi_face_axis_mppi,9426,256,16,0,0,1,1,1,149,0.245932,0.105166,8.09497,0,0.635827,0.68377,0.41425,61.7232,65.5813,610304,0.4457,0.6479,0,0.414526,0,1,1
box_detour_open,oi_face_axis_mppi,9433,256,16,0,0,1,1,1,200,0.247975,0.184399,10.8646,0,0.604985,0.628392,0.416266,83.2533,87.8622,819200,0.4405,0.7158,0,0.4165,0,1,1
box_detour_open,oi_face_axis_mppi,9440,256,16,0,0,1,1,1,194,0.246997,0.253032,10.4109,0,0.620626,0.742057,0.420907,81.656,86.3761,794624,0.4348,0.7374,0,0.421192,0,1,1
box_detour_open,oi_face_axis_mppi,9447,256,16,0,0,1,1,1,170,0.237427,0.34488,9.31822,0,0.572287,0.588769,0.417632,70.9974,74.69,696320,0.4478,0.8922,0,0.417889,0,1,1
box_detour_open,oi_face_axis_mppi,9454,256,16,0,0,1,1,1,231,0.243518,0.0671118,10.7244,0,0.55689,0.509674,0.41852,96.6781,101.261,946176,0.43,0.7389,0,0.418731,0,1,1
box_detour_open,oi_face_axis_mppi,9461,256,16,0,0,1,1,1,113,0.231955,0.304616,8.61239,0,0.676159,0.73791,0.417149,47.1378,49.4576,462848,0.466,0.8174,0,0.417453,0,1,1
box_detour_open,oi_face_axis_mppi,9468,256,16,0,0,1,1,1,159,0.24923,0.115205,9.62959,0,0.616798,0.633376,0.420912,66.925,70.0622,651264,0.4298,0.661,0,0.421138,0,1,1
box_detour_open,oi_face_axis_mppi,9475,256,16,0,0,1,1,1,153,0.243534,0.0975481,9.48257,0,0.657769,0.723492,0.419184,64.1352,67.0325,626688,0.429,0.458,0,0.419406,0,1,1
box_detour_open,oi_face_axis_mppi,9482,256,16,0,0,1,1,1,128,0.241061,0.309235,9.50167,0,0.643239,0.650206,0.405247,51.8716,54.8391,524288,0.4324,0.4922,0,0.405534,0,1,1
box_detour_open,oi_face_axis_mppi,9489,256,16,0,0,1,1,1,180,0.246921,0.17466,8.80789,0,0.566036,0.568505,0.414394,74.5909,78.4574,737280,0.431,0.7609,0,0.414627,0,1,1
box_detour_open,oi_face_axis_mppi,9496,256,16,0,0,1,1,1,241,0.248642,0.163443,10.6078,0,0.532888,0.476829,0.418559,100.873,106.253,987136,0.4284,0.7542,0,0.418797,0,1,1
box_detour_open,oi_face_axis_mppi,9503,256,16,0,0,1,1,1,100,0.218013,0.331208,7.88679,0,0.64621,0.705037,0.419569,41.9569,44.6982,409600,0.4363,0.685,0,0.419938,0,1,1
box_detour_open,oi_face_axis_mppi,9510,256,16,0,0,0,1,0,420,0.634125,0.405969,19.9977,0,0.631697,0.582315,0.41267,173.321,183.206,1720320,0.431,0.8021,0,0.412845,0,1,0
box_detour_open,oi_face_axis_mppi,9517,256,16,0,0,1,1,1,137,0.246906,0.0529859,9.33375,0,0.594657,0.582171,0.416789,57.1001,60.8393,561152,0.4286,0.6821,0,0.417078,0,1,1
box_detour_open,oi_face_axis_mppi,9524,256,16,0,0,1,1,1,132,0.144951,0.338854,9.04138,0,0.557576,0.495542,0.408904,53.9753,56.7892,540672,0.4307,0.4827,0,0.409139,0,1,1
box_detour_open,oi_face_axis_mppi,9531,256,16,0,0,1,1,1,184,0.242626,0.330032,8.66466,0,0.557544,0.530779,0.398271,73.2818,77.4024,753664,0.427,0.4651,0,0.398557,0,1,1
box_detour_open,oi_face_axis_mppi,9538,256,16,0,0,1,1,1,173,0.242119,0.233114,9.86149,0,0.654251,0.750876,0.419549,72.5819,76.9718,708608,0.4865,0.8418,0,0.419834,0,1,1
box_detour_open,oi_face_axis_mppi,9545,256,16,0,0,1,1,1,228,0.241065,0.0239396,10.5352,0,0.523018,0.472827,0.418573,95.4347,100.944,933888,0.4289,0.8736,0,0.418825,0,1,1
box_detour_open,oi_face_axis_mppi,9552,256,16,0,0,1,1,1,98,0.249482,0.14725,7.47379,0,0.651961,0.724834,0.407189,39.9045,41.723,401408,0.4295,0.5095,0,0.40749,0,1,1
box_detour_open,oi_face_axis_mppi,9559,256,16,0,0,1,1,1,197,0.234172,0.112634,9.56936,0,0.546629,0.542552,0.447605,88.1781,96.006,806912,0.6374,1.2777,0,0.447838,0,1,1
box_detour_open,oi_face_axis_safe_mppi,9356,256,16,0,0,0,1,0,420,0.288862,0.198489,11.912,0,0.605459,0.568923,0.41539,174.464,183.24,1720320,0.4289,0.5174,0,0.415567,0,1,0
box_detour_open,oi_face_axis_safe_mppi,9363,256,16,0,0,1,1,1,127,0.245935,0.223048,8.80898,0,0.620476,0.634083,0.421652,53.5498,56.3852,520192,0.4319,1.1288,0,0.422,0,1,1
box_detour_open,oi_face_axis_safe_mppi,9370,256,16,0,0,0,1,0,420,0.434771,0.255953,15.2722,0,0.667098,0.667432,0.426343,179.064,189.756,1720320,0.5833,0.8459,0,0.426541,0,1,0
box_detour_open,oi_face_axis_safe_mppi,9377,256,16,0,0,1,1,1,114,0.24865,0.233417,9.0425,0,0.659859,0.765717,0.40308,45.9511,49.2402,466944,0.4385,0.6423,0,0.403469,0,1,1
box_detour_open,oi_face_axis_safe_mppi,9384,256,16,0,0,0,1,0,420,0.289932,0.216072,11.3586,0,0.629159,0.594563,0.426649,179.193,192.925,1720320,0.688,1.4842,0,0.426861,0,1,0
box_detour_open,oi_face_axis_safe_mppi,9391,256,16,0,0,0,1,0,420,0.323373,0.482428,13.6008,0,0.624007,0.600124,0.414761,174.2,185.727,1720320,0.4489,0.8391,0,0.414983,0,1,0
box_detour_open,oi_face_axis_safe_mppi,9398,256,16,0,0,0,1,0,420,0.430422,0.0753481,13.7883,0,0.603702,0.54797,0.411988,173.035,183.414,1720320,0.4285,0.6261,0,0.412169,0,1,0
box_detour_open,oi_face_axis_safe_mppi,9405,256,16,0,0,1,1,1,121,0.229185,0.344966,8.87889,0,0.65152,0.666014,0.415275,50.2483,53.5008,495616,0.425,0.6212,0,0.415738,0,1,1
box_detour_open,oi_face_axis_safe_mppi,9412,256,16,0,0,1,1,1,121,0.237402,0.104259,8.30398,0,0.632992,0.652501,0.400308,48.4372,51.2624,495616,0.4308,0.522,0,0.400597,0,1,1
box_detour_open,oi_face_axis_safe_mppi,9419,256,16,0,0,0,1,0,420,0.486649,0.171333,15.9767,0,0.686338,0.716194,0.416456,174.911,185.311,1720320,0.4309,1.1021,0,0.41665,0,1,0
box_detour_open,oi_face_axis_safe_mppi,9426,256,16,0,0,0,1,0,420,0.405985,0.363353,13.8722,0,0.684601,0.683529,0.41771,175.438,186.728,1720320,0.458,0.8394,0,0.417918,0,1,0
box_detour_open,oi_face_axis_safe_mppi,9433,256,16,0,0,0,1,0,420,0.445002,0.234412,15.2183,0,0.671295,0.677085,0.432011,181.445,196.172,1720320,0.5921,9.3736,0,0.432209,0,1,0
box_detour_open,oi_face_axis_safe_mppi,9440,256,16,0,0,0,1,0,420,0.348383,0.0759283,12.6275,0,0.60161,0.59717,0.411419,172.796,185.722,1720320,0.4376,0.9555,0,0.411615,0,1,0
box_detour_open,oi_face_axis_safe_mppi,9447,256,16,0,0,0,1,0,420,0.346704,0.208861,12.112,0,0.639794,0.636555,0.408739,171.671,182.775,1720320,0.4273,0.5886,0,0.408927,0,1,0
box_detour_open,oi_face_axis_safe_mppi,9454,256,16,0,0,0,1,0,420,0.256657,0.25504,11.0507,0,0.592049,0.545841,0.413638,173.728,184.615,1720320,0.4327,0.9175,0,0.41383,0,1,0
box_detour_open,oi_face_axis_safe_mppi,9461,256,16,0,0,1,1,1,114,0.238982,0.234053,8.64921,0,0.697929,0.794273,0.421026,47.997,51.024,466944,0.4322,0.7516,0,0.421371,0,1,1
box_detour_open,oi_face_axis_safe_mppi,9468,256,16,0,0,0,1,0,420,0.451546,0.0619537,15.6216,0,0.672669,0.673931,0.408572,171.6,180.125,1720320,0.4347,0.5141,0,0.408749,0,1,0
box_detour_open,oi_face_axis_safe_mppi,9475,256,16,0,0,0,1,0,420,0.334825,0.1195,12.1489,0,0.606192,0.588891,0.419547,176.21,187.109,1720320,0.4426,1.0672,0,0.419721,0,1,0
box_detour_open,oi_face_axis_safe_mppi,9482,256,16,0,0,0,1,0,420,0.317719,0.141463,12.1452,0,0.581429,0.515036,0.415063,174.327,184.938,1720320,0.4451,0.7705,0,0.415259,0,1,0
box_detour_open,oi_face_axis_safe_mppi,9489,256,16,0,0,0,1,0,420,0.442575,0.185815,14.3063,0,0.645925,0.627426,0.409677,172.064,182.424,1720320,0.4278,0.4962,0,0.409854,0,1,0
box_detour_open,oi_face_axis_safe_mppi,9496,256,16,0,0,1,1,1,116,0.239318,0.338703,8.93563,0,0.653548,0.642239,0.415059,48.1469,51.1036,475136,0.4248,0.4484,0,0.415337,0,1,1
box_detour_open,oi_face_axis_safe_mppi,9503,256,16,0,0,0,1,0,420,0.440471,0.243225,14.8344,0,0.624522,0.595639,0.406262,170.63,182.005,1720320,0.4295,0.6953,0,0.406452,0,1,0
box_detour_open,oi_face_axis_safe_mppi,9510,256,16,0,0,1,1,1,121,0.249566,0.215219,8.29977,0,0.661954,0.652646,0.413325,50.0123,53.239,495616,0.4232,0.4447,0,0.413665,0,1,1
box_detour_open,oi_face_axis_safe_mppi,9517,256,16,0,0,0,1,0,420,0.282015,0.0453053,11.3206,0,0.549745,0.467638,0.409281,171.898,184.209,1720320,0.4244,0.797,0,0.409472,0,1,0
box_detour_open,oi_face_axis_safe_mppi,9524,256,16,0,0,1,1,1,112,0.234921,0.154895,8.73685,0,0.58743,0.575138,0.404571,45.3119,48.7486,458752,0.4318,0.5062,0,0.404922,0,1,1
box_detour_open,oi_face_axis_safe_mppi,9531,256,16,0,0,1,1,1,115,0.248444,0.145627,7.74803,0,0.600365,0.60246,0.416547,47.9029,50.8705,471040,0.4237,0.6707,0,0.416879,0,1,1
box_detour_open,oi_face_axis_safe_mppi,9538,256,16,0,0,1,1,1,121,0.188566,0.347404,9.03653,0,0.696906,0.823836,0.41484,50.1956,52.9622,495616,0.4262,0.4442,0,0.415131,0,1,1
box_detour_open,oi_face_axis_safe_mppi,9545,256,16,0,0,0,1,0,420,0.441337,0.0196913,13.7026,0,0.561273,0.484158,0.413646,173.731,182.133,1720320,0.4306,0.6819,0,0.4138,0,1,0
box_detour_open,oi_face_axis_safe_mppi,9552,256,16,0,0,0,1,0,420,0.443317,0.306506,13.9906,0,0.678966,0.684654,0.409932,172.171,182.454,1720320,0.4269,0.5111,0,0.410119,0,1,0
box_detour_open,oi_face_axis_safe_mppi,9559,256,16,0,0,0,1,0,420,0.259332,0.132138,10.9162,0,0.575024,0.516528,0.411021,172.629,182.468,1720320,0.4275,0.5076,0,0.411214,0,1,0
box_detour_open,oi_face_track_mppi,9356,256,16,0,0,1,1,1,158,0.165802,0.341349,8.4355,0,0.90351,1.25457,0.409896,64.7635,68.6263,647168,0.4215,0.4523,0,0.410205,0,1,1
box_detour_open,oi_face_track_mppi,9363,256,16,0,0,1,1,1,93,0.228085,0.345571,7.55121,0,0.76783,0.955257,0.436934,40.6349,43.0067,380928,0.4419,1.5367,0,0.43728,0,1,1
box_detour_open,oi_face_track_mppi,9370,256,16,0,0,1,1,1,118,0.231616,0.0172369,7.56687,0,0.986713,1.53822,0.407059,48.033,50.6461,483328,0.43,0.4521,0,0.407354,0,1,1
box_detour_open,oi_face_track_mppi,9377,256,16,0,0,1,1,1,97,0.219606,0.347938,7.40231,0,0.813664,1.07977,0.405558,39.3391,40.8145,397312,0.4353,0.5175,0,0.405811,0,1,1
box_detour_open,oi_face_track_mppi,9384,256,16,0,0,1,1,1,120,0.227081,0.259642,7.74342,0,0.67693,0.667172,0.41315,49.578,52.3257,491520,0.4207,0.4442,0,0.41343,0,1,1
box_detour_open,oi_face_track_mppi,9391,256,16,0,0,1,1,1,84,0.245194,0.327609,7.10247,0,0.698126,0.860059,0.413013,34.6931,36.6389,344064,0.4228,0.4532,0,0.413383,0,1,1
box_detour_open,oi_face_track_mppi,9398,256,16,0,0,1,1,1,254,0.22589,0.330349,11.8847,0,0.58587,0.580367,0.412608,104.802,109.944,1040384,0.4335,0.5155,0,0.412832,0,1,1
box_detour_open,oi_face_track_mppi,9405,256,16,0,0,0,1,0,420,0.414948,0.300892,13.0554,0,0.510651,0.424555,0.413117,173.509,183.461,1720320,0.4263,0.8689,0,0.413297,0,1,0
box_detour_open,oi_face_track_mppi,9412,256,16,0,0,1,1,1,132,0.205655,0.337848,8.05767,0,0.817375,1.07803,0.407255,53.7576,56.769,540672,0.4232,0.5074,0,0.407507,0,1,1
box_detour_open,oi_face_track_mppi,9419,256,16,0,0,1,1,1,137,0.226034,0.329934,8.48482,0,0.696673,0.736124,0.408486,55.9626,59.3504,561152,0.4213,0.4413,0,0.408787,0,1,1
box_detour_open,oi_face_track_mppi,9426,256,16,0,0,1,1,1,118,0.230027,0.312011,7.81443,0,0.983497,1.55831,0.412516,48.6769,51.3899,483328,0.4262,0.5641,0,0.41283,0,1,1
box_detour_open,oi_face_track_mppi,9433,256,16,0,0,1,1,1,111,0.229654,0.0511409,6.98938,0,0.878064,1.18373,0.399099,44.3,47.3603,454656,0.423,0.4945,0,0.399474,0,1,1
box_detour_open,oi_face_track_mppi,9440,256,16,0,0,1,1,1,101,0.243993,0.343433,8.36145,0,0.691827,0.810695,0.4125,41.6625,44.1345,413696,0.4236,0.4398,0,0.412842,0,1,1
box_detour_open,oi_face_track_mppi,9447,256,16,0,0,1,1,1,87,0.247473,0.270598,7.40316,0,0.776883,0.992538,0.405862,35.31,37.5712,356352,0.4441,0.6617,0,0.406249,0,1,1
box_detour_open,oi_face_track_mppi,9454,256,16,0,0,1,1,1,196,0.239514,0.266932,10.5246,0,0.578164,0.548716,0.419193,82.1619,86.951,802816,0.4322,0.7067,0,0.419434,0,1,1
box_detour_open,oi_face_track_mppi,9461,256,16,0,0,1,1,1,116,0.249967,0.243807,8.30778,0,0.714869,0.834499,0.420507,48.7788,50.7984,475136,0.4283,0.4565,0,0.420792,0,1,1
box_detour_open,oi_face_track_mppi,9468,256,16,0,0,1,1,1,98,0.194377,0.333011,8.35915,0,0.757843,0.919459,0.4022,39.4156,41.7907,401408,0.4283,0.5107,0,0.40254,0,1,1
box_detour_open,oi_face_track_mppi,9475,256,16,0,0,1,1,1,163,0.230928,0.27312,8.81893,0,0.681246,0.708492,0.409951,66.822,71.0179,667648,0.522,0.7637,0,0.410221,0,1,1
box_detour_open,oi_face_track_mppi,9482,256,16,0,0,1,1,1,185,0.249738,0.0611065,7.90599,0,0.68198,0.76148,0.41287,76.381,81.1709,757760,0.4308,0.6965,0,0.413148,0,1,1
box_detour_open,oi_face_track_mppi,9489,256,16,0,0,1,1,1,84,0.193646,0.341864,7.19378,0,0.844799,1.20241,0.411799,34.5911,36.5977,344064,0.4237,0.4648,0,0.41221,0,1,1
box_detour_open,oi_face_track_mppi,9496,256,16,0,0,1,1,1,86,0.189333,0.345697,6.83501,0,0.657017,0.754261,0.409177,35.1892,37.3699,352256,0.4226,0.4535,0,0.40955,0,1,1
box_detour_open,oi_face_track_mppi,9503,256,16,0,0,1,1,1,142,0.237849,0.158479,8.03212,0,0.707773,0.904933,0.40812,57.9531,61.0023,581632,0.4275,0.4851,0,0.408424,0,1,1
box_detour_open,oi_face_track_mppi,9510,256,16,0,0,1,1,1,127,0.238784,0.0139955,7.52999,0,0.794508,0.988276,0.416776,52.9305,55.3704,520192,0.4269,0.4432,0,0.417044,0,1,1
box_detour_open,oi_face_track_mppi,9517,256,16,0,0,1,1,1,241,0.178401,0.341621,10.3633,0,0.590309,0.576467,0.40524,97.6629,103.561,987136,0.4254,0.7465,0,0.405534,0,1,1
box_detour_open,oi_face_track_mppi,9524,256,16,0,0,1,1,1,82,0.246645,0.334539,7.01555,0,0.644549,0.600892,0.398742,32.6968,34.6755,335872,0.4299,0.4993,0,0.39909,0,1,1
box_detour_open,oi_face_track_mppi,9531,256,16,0,0,1,1,1,116,0.192669,0.347489,7.93467,0,0.750217,0.886526,0.396424,45.9852,48.7898,475136,0.4288,0.504,0,0.396733,0,1,1
box_detour_open,oi_face_track_mppi,9538,256,16,0,0,1,1,1,112,0.244996,0.0571513,7.31299,0,0.711034,0.893575,0.403871,45.2335,48.2331,458752,0.426,0.6319,0,0.404218,0,1,1
box_detour_open,oi_face_track_mppi,9545,256,16,0,0,1,1,1,169,0.18985,0.335185,9.89771,0,0.609595,0.626873,0.415166,70.163,75.0771,692224,0.4286,0.6947,0,0.415475,0,1,1
box_detour_open,oi_face_track_mppi,9552,256,16,0,0,1,1,1,124,0.197784,0.339778,8.12796,0,0.775606,1.02077,0.405327,50.2606,53.675,507904,0.4265,0.7248,0,0.40569,0,1,1
box_detour_open,oi_face_track_mppi,9559,256,16,0,0,0,1,0,420,0.406692,0.213207,12.1099,0,0.515087,0.459696,0.415171,174.372,185.003,1720320,0.4339,7.5078,0,0.415348,0,1,0
box_detour_open,oi_face_track_safe_mppi,9356,256,16,0,0,1,1,1,104,0.229255,0.0861136,7.31846,0,0.922064,1.35754,0.406411,42.2668,45.9275,425984,0.436,0.6959,0,0.406861,0,1,1
box_detour_open,oi_face_track_safe_mppi,9363,256,16,0,0,1,1,1,172,0.248903,0.103744,8.33832,0,0.693245,0.844288,0.412818,71.0047,75.1048,704512,0.5333,0.8381,0,0.4131,0,1,1
box_detour_open,oi_face_track_safe_mppi,9370,256,16,0,0,1,1,1,88,0.24294,0.0446385,7.12116,0,1.10891,1.89827,0.394645,34.7288,36.9874,360448,0.4263,0.5063,0,0.395014,0,1,1
box_detour_open,oi_face_track_safe_mppi,9377,256,16,0,0,1,1,1,197,0.245937,0.098415,8.28474,0,0.655578,0.724715,0.413852,81.5289,88.1506,806912,0.5993,1.2077,0,0.414154,0,1,1
box_detour_open,oi_face_track_safe_mppi,9384,256,16,0,0,1,1,1,167,0.245595,0.140509,8.77088,0,0.627739,0.644236,0.387772,64.7579,69.0033,684032,0.4329,0.9009,0,0.388082,0,1,1
box_detour_open,oi_face_track_safe_mppi,9391,256,16,0,0,1,1,1,168,0.240575,0.171975,8.25176,0,0.635891,0.686654,0.40147,67.447,71.5497,688128,0.4228,0.4957,0,0.401722,0,1,1
box_detour_open,oi_face_track_safe_mppi,9398,256,16,0,0,1,1,1,177,0.239936,0.194621,9.54004,0,0.630946,0.683796,0.415529,73.5486,77.7224,724992,0.4304,0.6377,0,0.415773,0,1,1
box_detour_open,oi_face_track_safe_mppi,9405,256,16,0,0,1,1,1,192,0.231099,0.121542,9.22752,0,0.634059,0.655218,0.422269,81.0757,86.1718,786432,0.5796,0.911,0,0.422608,0,1,1
box_detour_open,oi_face_track_safe_mppi,9412,256,16,0,0,1,1,1,350,0.246916,0.0970302,9.00852,0,0.611245,0.623411,0.426707,149.348,162.476,1433600,0.5399,2.0694,0,0.426923,0,1,1
box_detour_open,oi_face_track_safe_mppi,9419,256,16,0,0,0,1,0,420,0.263235,0.139616,9.45151,0,0.605905,0.580685,0.389782,163.708,174.523,1720320,0.4237,0.499,0,0.389984,0,1,0
box_detour_open,oi_face_track_safe_mppi,9426,256,16,0,0,1,1,1,90,0.234184,0.301717,7.52832,0,1.07604,1.87132,0.413694,37.2325,41.1587,368640,0.6194,0.7804,0,0.413972,0,1,1
box_detour_open,oi_face_track_safe_mppi,9433,256,16,0,0,1,1,1,85,0.239926,0.0202472,6.62775,0,0.953117,1.35007,0.409767,34.8302,37.0268,348160,0.4284,0.4511,0,0.410211,0,1,1
box_detour_open,oi_face_track_safe_mppi,9440,256,16,0,0,1,1,1,172,0.243032,0.0993449,9.00159,0,0.637,0.723158,0.444522,76.4577,84.5151,704512,0.7561,1.0042,0,0.444823,0,1,1
box_detour_open,oi_face_track_safe_mppi,9447,256,16,0,0,1,1,1,191,0.243553,0.146162,8.77396,0,0.643871,0.71319,0.407869,77.903,82.9481,782336,0.4231,1.1031,0,0.408133,0,1,1
box_detour_open,oi_face_track_safe_mppi,9454,256,16,0,0,1,1,1,197,0.248184,0.118312,9.54979,0,0.658262,0.790507,0.412634,81.289,85.9353,806912,0.4283,0.4467,0,0.412857,0,1,1
box_detour_open,oi_face_track_safe_mppi,9461,256,16,0,0,1,1,1,176,0.245967,0.147621,8.58047,0,0.667045,0.782511,0.396956,69.8642,74.0368,720896,0.4297,0.5067,0,0.397231,0,1,1
box_detour_open,oi_face_track_safe_mppi,9468,256,16,0,0,1,1,1,163,0.243575,0.154032,9.26823,0,0.645137,0.728213,0.411689,67.1053,71.6574,667648,0.5737,0.8019,0,0.412006,0,1,1
box_detour_open,oi_face_track_safe_mppi,9475,256,16,0,0,1,1,1,194,0.241148,0.131692,9.40157,0,0.618573,0.667649,0.420467,81.5705,88.1734,794624,0.4688,1.7851,0,0.420744,0,1,1
box_detour_open,oi_face_track_safe_mppi,9482,256,16,0,0,1,1,1,207,0.24638,0.185891,8.51505,0,0.728979,0.864481,0.407489,84.3503,89.8977,847872,0.4214,0.5752,0,0.407769,0,1,1
box_detour_open,oi_face_track_safe_mppi,9489,256,16,0,0,1,1,1,154,0.244877,0.18524,8.36928,0,0.730784,0.900141,0.416317,64.1129,67.9219,630784,0.4251,0.8402,0,0.416628,0,1,1
box_detour_open,oi_face_track_safe_mppi,9496,256,16,0,0,1,1,1,152,0.24175,0.173729,7.7099,0,0.604289,0.619103,0.398095,60.5104,64.5567,622592,0.439,0.6062,0,0.398416,0,1,1
box_detour_open,oi_face_track_safe_mppi,9503,256,16,0,0,1,1,1,171,0.243945,0.0394231,7.73594,0,0.688866,0.824177,0.395867,67.6933,71.9711,700416,0.4232,0.6144,0,0.39614,0,1,1
box_detour_open,oi_face_track_safe_mppi,9510,256,16,0,0,1,1,1,86,0.238672,0.0170151,6.95961,0,0.858404,1.13777,0.395728,34.0326,36.1418,352256,0.4238,0.5008,0,0.396073,0,1,1
box_detour_open,oi_face_track_safe_mppi,9517,256,16,0,0,1,1,1,154,0.241922,0.128496,7.77572,0,0.631058,0.697051,0.398338,61.344,65.8846,630784,0.4233,0.6827,0,0.398631,0,1,1
box_detour_open,oi_face_track_safe_mppi,9524,256,16,0,0,1,1,1,166,0.245987,0.111294,8.21424,0,0.601408,0.609355,0.399494,66.316,70.5566,679936,0.4292,0.5561,0,0.399819,0,1,1
box_detour_open,oi_face_track_safe_mppi,9531,256,16,0,0,1,1,1,176,0.248386,0.128186,8.37106,0,0.668442,0.74509,0.415947,73.2066,77.3737,720896,0.4301,1.3515,0,0.416209,0,1,1
box_detour_open,oi_face_track_safe_mppi,9538,256,16,0,0,1,1,1,406,0.239941,0.0812875,9.30909,0,0.582979,0.545069,0.419438,170.292,182.711,1662976,0.6659,1.5212,0,0.419662,0,1,1
box_detour_open,oi_face_track_safe_mppi,9545,256,16,0,0,1,1,1,184,0.243854,0.153486,9.14808,0,0.613033,0.659895,0.391489,72.034,77.0008,753664,0.4257,0.6301,0,0.391754,0,1,1
box_detour_open,oi_face_track_safe_mppi,9552,256,16,0,0,1,1,1,293,0.240067,0.100418,8.9753,0,0.614931,0.648255,0.391224,114.629,123.504,1200128,0.43,0.6438,0,0.391458,0,1,1
box_detour_open,oi_face_track_safe_mppi,9559,256,16,0,0,1,1,1,185,0.248447,0.127825,8.79672,0,0.648428,0.749956,0.395911,73.2435,78.1274,757760,0.4388,0.7513,0,0.396173,0,1,1
box_detour_open,soppi_fast,9356,256,16,1,0.01,0,1,0,420,0.436979,0.0427924,11.8896,0,0.384875,0.338102,2.26483,951.23,973.317,1720320,3.2141,6.127,0,2.26512,0,1,0
box_detour_open,soppi_fast,9363,256,16,1,0.01,0,1,0,420,0.41395,0.0434333,11.0501,0,0.392776,0.379832,3.2158,1350.64,1376.39,1720320,3.282,5.2511,0,3.2161,0,1,0
box_detour_open,soppi_fast,9370,256,16,1,0.01,0,1,0,420,0.506325,0.0666939,14.197,0,0.355785,0.244367,3.22931,1356.31,1375.35,1720320,3.294,4.0781,0,3.22956,0,1,0
box_detour_open,soppi_fast,9377,256,16,1,0.01,0,1,0,420,0.484397,0.0570985,13.2916,0,0.386101,0.333903,3.22617,1354.99,1376.33,1720320,3.2828,3.4714,0,3.22645,0,1,0
box_detour_open,soppi_fast,9384,256,16,1,0.01,0,1,0,420,0.496816,0.0582093,13.9129,0,0.360665,0.261699,3.1974,1342.91,1366.7,1720320,3.2736,3.8266,0,3.19769,0,1,0
box_detour_open,soppi_fast,9391,256,16,1,0.01,0,1,0,420,0.466716,0.0673713,12.7435,0,0.364913,0.283513,3.23176,1357.34,1377.34,1720320,3.3205,4.0067,0,3.23201,0,1,0
box_detour_open,soppi_fast,9398,256,16,1,0.01,0,1,0,420,0.525174,0.0616932,15.296,0,0.351507,0.275705,3.23912,1360.43,1378.82,1720320,3.2883,3.5021,0,3.23937,0,1,0
box_detour_open,soppi_fast,9405,256,16,1,0.01,0,1,0,420,0.42996,0.0569643,12.1101,0,0.381962,0.342675,3.23811,1360.01,1381.47,1720320,3.2964,3.6552,0,3.23838,0,1,0
box_detour_open,soppi_fast,9412,256,16,1,0.01,0,1,0,420,0.492954,0.0614604,13.2161,0,0.3456,0.218318,3.21977,1352.3,1375.44,1720320,3.2939,4.1114,0,3.22006,0,1,0
box_detour_open,soppi_fast,9419,256,16,1,0.01,0,1,0,420,0.457836,0.049845,12.7641,0,0.358564,0.263864,3.21305,1349.48,1374.05,1720320,3.2936,4.5469,0,3.21335,0,1,0
box_detour_open,soppi_fast,9426,256,16,1,0.01,0,1,0,420,0.522031,0.0564404,14.3274,0,0.352127,0.224731,3.22135,1352.97,1375.09,1720320,3.268,3.7965,0,3.22165,0,1,0
box_detour_open,soppi_fast,9433,256,16,1,0.01,0,1,0,420,0.449925,0.0706349,12.9687,0,0.381609,0.310745,3.23444,1358.46,1376.63,1720320,3.2988,3.716,0,3.23471,0,1,0
box_detour_open,soppi_fast,9440,256,16,1,0.01,0,1,0,420,0.552993,0.0793994,15.636,0,0.361961,0.258755,3.19145,1340.41,1370.04,1720320,3.2928,4.11,0,3.19178,0,1,0
box_detour_open,soppi_fast,9447,256,16,1,0.01,0,1,0,420,0.491089,0.0640328,13.0373,0,0.351965,0.238321,3.22521,1354.59,1377.82,1720320,3.276,3.4342,0,3.22547,0,1,0
box_detour_open,soppi_fast,9454,256,16,1,0.01,0,1,0,420,0.389671,0.0320994,10.4786,0,0.37165,0.303748,3.23173,1357.33,1377.38,1720320,3.2843,3.6473,0,3.23198,0,1,0
box_detour_open,soppi_fast,9461,256,16,1,0.01,0,1,0,420,0.489211,0.071495,13.1869,0,0.368727,0.316615,3.24078,1361.13,1388.86,1720320,3.3032,10.4667,0,3.24106,0,1,0
box_detour_open,soppi_fast,9468,256,16,1,0.01,0,1,0,420,0.48677,0.0796581,13.328,0,0.3541,0.266062,3.22052,1352.62,1376.88,1720320,3.275,3.4418,0,3.22077,0,1,0
box_detour_open,soppi_fast,9475,256,16,1,0.01,0,1,0,420,0.469721,0.0522125,13.0104,0,0.356777,0.284939,3.22781,1355.68,1381.53,1720320,3.2763,3.3403,0,3.22812,0,1,0
box_detour_open,soppi_fast,9482,256,16,1,0.01,0,1,0,420,0.53553,0.0522748,14.8853,0,0.391075,0.323515,3.23116,1357.09,1379.49,1720320,3.3039,4.1324,0,3.23143,0,1,0
box_detour_open,soppi_fast,9489,256,16,1,0.01,0,1,0,420,0.470768,0.0642247,12.9352,0,0.369933,0.296262,3.22295,1353.64,1374.31,1720320,3.2771,3.6428,0,3.22322,0,1,0
box_detour_open,soppi_fast,9496,256,16,1,0.01,0,1,0,420,0.451713,0.0538172,12.389,0,0.407402,0.403467,3.22502,1354.51,1380.5,1720320,3.3004,4.5293,0,3.22531,0,1,0
box_detour_open,soppi_fast,9503,256,16,1,0.01,0,1,0,420,0.499832,0.0577117,13.7534,0,0.359614,0.247219,3.21971,1352.28,1377.96,1720320,3.3055,4.3363,0,3.22002,0,1,0
box_detour_open,soppi_fast,9510,256,16,1,0.01,0,1,0,420,0.422456,0.0545923,11.3744,0,0.36232,0.259065,3.23062,1356.86,1379.51,1720320,3.302,3.6059,0,3.2309,0,1,0
box_detour_open,soppi_fast,9517,256,16,1,0.01,0,1,0,420,0.446454,0.0570069,11.9574,0,0.400728,0.364348,3.20915,1347.84,1375.2,1720320,3.3266,3.6924,0,3.20944,0,1,0
box_detour_open,soppi_fast,9524,256,16,1,0.01,0,1,0,420,0.471459,0.0705859,12.8725,0,0.363551,0.260264,3.23317,1357.93,1381.78,1720320,3.2787,7.4885,0,3.23347,0,1,0
box_detour_open,soppi_fast,9531,256,16,1,0.01,0,1,0,420,0.523345,0.0702604,14.7984,0,0.37457,0.299411,3.23278,1357.77,1375.94,1720320,3.2853,3.3814,0,3.23305,0,1,0
box_detour_open,soppi_fast,9538,256,16,1,0.01,0,1,0,420,0.495735,0.0559639,13.8005,0,0.365954,0.297546,2.67626,1124.03,1148.26,1720320,3.2556,3.5256,0,2.67658,0,1,0
box_detour_open,soppi_fast,9545,256,16,1,0.01,0,1,0,420,0.506799,0.0580035,13.9299,0,0.350628,0.23927,2.20215,924.902,941.738,1720320,2.3364,2.399,0,2.20241,0,1,0
box_detour_open,soppi_fast,9552,256,16,1,0.01,0,1,0,420,0.566692,0.0783565,15.8418,0,0.359782,0.29588,2.2099,928.16,946.547,1720320,2.3661,2.5227,0,2.21014,0,1,0
box_detour_open,soppi_fast,9559,256,16,1,0.01,0,1,0,420,0.474136,0.0695065,12.8988,0,0.374695,0.293612,2.20619,926.602,944.279,1720320,2.3312,2.4492,0,2.20644,0,1,0
box_detour_wall,oi_face_axis_mppi,9356,256,16,0,0,0,1,0,420,1.19572,0.0639973,47.3334,0,0.56616,0.467009,0.459781,193.108,204.106,1720320,0.5117,0.6086,0,0.459958,0,1,0
box_detour_wall,oi_face_axis_mppi,9363,256,16,0,0,0,1,0,420,1.2489,0.0911188,51.1336,0,0.563143,0.454252,0.482661,202.718,215.04,1720320,0.5387,0.5987,0,0.482861,0,1,0
box_detour_wall,oi_face_axis_mppi,9370,256,16,0,0,0,1,0,420,1.23032,0.0813471,49.9604,0,0.586538,0.501941,0.489439,205.564,217.32,1720320,0.528,0.6001,0,0.48965,0,1,0
box_detour_wall,oi_face_axis_mppi,9377,256,16,0,0,0,1,0,420,1.21011,0.099406,48.7709,0,0.576629,0.503098,0.485318,203.833,216.228,1720320,0.5478,0.8764,0,0.485488,0,1,0
box_detour_wall,oi_face_axis_mppi,9384,256,16,0,0,0,1,0,420,1.21431,0.0719445,48.7375,0,0.561497,0.443033,0.457447,192.128,203.157,1720320,0.5107,0.784,0,0.457626,0,1,0
box_detour_wall,oi_face_axis_mppi,9391,256,16,0,0,0,1,0,420,1.23277,0.0848777,50.0308,0,0.574967,0.471577,0.458074,192.391,208.713,1720320,0.5243,0.8677,0,0.458324,0,1,0
box_detour_wall,oi_face_axis_mppi,9398,256,16,0,0,1,1,1,133,0.232766,0.0660252,13.425,0,0.664711,0.735777,0.480862,63.9546,66.8445,544768,0.519,1.054,0,0.481144,0,1,1
box_detour_wall,oi_face_axis_mppi,9405,256,16,0,0,0,1,0,420,1.22782,0.0899518,49.6305,0,0.572805,0.480539,0.447876,188.108,198.986,1720320,0.5037,0.7334,0,0.448076,0,1,0
box_detour_wall,oi_face_axis_mppi,9412,256,16,0,0,1,1,1,232,0.238715,0.00498852,24.966,0,0.569134,0.493725,0.46823,108.629,114.52,950272,0.5387,0.5809,0,0.468499,0,1,1
box_detour_wall,oi_face_axis_mppi,9419,256,16,0,0,0,1,0,420,1.21884,0.0706279,49.041,0,0.574817,0.492257,0.449623,188.842,198.861,1720320,0.5064,0.6612,0,0.449816,0,1,0
box_detour_wall,oi_face_axis_mppi,9426,256,16,0,0,0,1,0,420,1.25793,0.0986369,52.0027,0,0.584472,0.501743,0.466785,196.05,206.921,1720320,0.5177,0.559,0,0.466962,0,1,0
box_detour_wall,oi_face_axis_mppi,9433,256,16,0,0,0,1,0,420,1.20919,0.053753,48.2032,0,0.553616,0.415113,0.460666,193.48,207.897,1720320,0.5077,2.7507,0,0.460892,0,1,0
box_detour_wall,oi_face_axis_mppi,9440,256,16,0,0,0,1,0,420,1.26177,0.102995,52.2641,0,0.631463,0.622217,0.476226,200.015,211.528,1720320,0.5342,1.6957,0,0.476431,0,1,0
box_detour_wall,oi_face_axis_mppi,9447,256,16,0,0,0,1,0,420,1.21775,0.0666004,48.8365,0,0.570412,0.464136,0.481528,202.242,216.376,1720320,0.5459,1.3382,0,0.481766,0,1,0
box_detour_wall,oi_face_axis_mppi,9454,256,16,0,0,0,1,0,420,1.21213,0.0688754,48.6668,0,0.551105,0.4243,0.46508,195.333,207.751,1720320,0.5108,1.0677,0,0.465307,0,1,0
box_detour_wall,oi_face_axis_mppi,9461,256,16,0,0,0,1,0,420,1.22877,0.0705843,49.7542,0,0.585207,0.478152,0.461229,193.716,207.674,1720320,0.5069,1.1701,0,0.461469,0,1,0
box_detour_wall,oi_face_axis_mppi,9468,256,16,0,0,1,1,1,335,0.232657,0.047831,36.8161,0,0.552009,0.454301,0.491477,164.645,178.897,1372160,0.5427,1.1583,0,0.491696,0,1,1
box_detour_wall,oi_face_axis_mppi,9475,256,16,0,0,0,1,0,420,1.23039,0.0720917,49.9159,0,0.580191,0.509932,0.483441,203.045,215.445,1720320,0.5343,2.0987,0,0.483636,0,1,0
box_detour_wall,oi_face_axis_mppi,9482,256,16,0,0,0,1,0,420,1.21053,0.0470893,48.4839,0,0.560102,0.459654,0.467967,196.546,210.63,1720320,0.4949,7.0845,0,0.468152,0,1,0
box_detour_wall,oi_face_axis_mppi,9489,256,16,0,0,0,1,0,420,1.20254,0.0497993,47.949,0,0.557984,0.445242,0.454678,190.965,204.797,1720320,0.4888,0.9943,0,0.454898,0,1,0
box_detour_wall,oi_face_axis_mppi,9496,256,16,0,0,0,1,0,420,1.21924,0.0869947,49.2542,0,0.581562,0.50107,0.458217,192.451,204.92,1720320,0.4927,0.5408,0,0.458423,0,1,0
box_detour_wall,oi_face_axis_mppi,9503,256,16,0,0,0,1,0,420,1.22119,0.0817169,49.3847,0,0.557774,0.449639,0.463165,194.529,206.05,1720320,0.4979,0.8926,0,0.463361,0,1,0
box_detour_wall,oi_face_axis_mppi,9510,256,16,0,0,0,1,0,420,1.23393,0.0711764,50.0901,0,0.56168,0.443971,0.43882,184.304,196.163,1720320,0.485,0.5518,0,0.439019,0,1,0
box_detour_wall,oi_face_axis_mppi,9517,256,16,0,0,0,1,0,420,1.21904,0.0737657,49.071,0,0.562563,0.449193,0.458337,192.502,205.102,1720320,0.4903,1.2756,0,0.45853,0,1,0
box_detour_wall,oi_face_axis_mppi,9524,256,16,0,0,0,1,0,420,1.26312,0.0905614,52.1882,0,0.578216,0.476911,0.45954,193.007,205.524,1720320,0.504,0.7701,0,0.459737,0,1,0
box_detour_wall,oi_face_axis_mppi,9531,256,16,0,0,0,1,0,420,1.27696,0.0774476,53.3865,0,0.589895,0.514367,0.489182,205.456,220.491,1720320,0.5438,1.2871,0,0.489408,0,1,0
box_detour_wall,oi_face_axis_mppi,9538,256,16,0,0,0,1,0,420,1.21078,0.0906355,48.6705,0,0.567164,0.471199,0.461144,193.68,207.572,1720320,0.5387,1.2876,0,0.461423,0,1,0
box_detour_wall,oi_face_axis_mppi,9545,256,16,0,0,0,1,0,420,1.23235,0.103754,50.1924,0,0.564497,0.47254,0.471119,197.87,217.527,1720320,0.8079,2.3566,0,0.471361,0,1,0
box_detour_wall,oi_face_axis_mppi,9552,256,16,0,0,0,1,0,420,1.26512,0.0909549,52.4638,0,0.586061,0.497473,0.49425,207.585,228.352,1720320,0.8065,1.4981,0,0.494489,0,1,0
box_detour_wall,oi_face_axis_mppi,9559,256,16,0,0,0,1,0,420,1.26127,0.111416,52.2458,0,0.55729,0.462387,0.493782,207.388,225.931,1720320,0.7928,1.5065,0,0.494025,0,1,0
box_detour_wall,oi_face_axis_safe_mppi,9356,256,16,0,0,1,1,1,123,0.248602,0.0965807,9.80465,0,0.611622,0.608194,0.466263,57.3503,63.1967,503808,0.6522,1.2289,0,0.466733,0,1,1
box_detour_wall,oi_face_axis_safe_mppi,9363,256,16,0,0,1,1,1,154,0.231571,0.0338986,13.7056,0,0.694579,0.723944,0.487862,75.1307,80.1107,630784,0.6194,1.0304,0,0.488236,0,1,1
box_detour_wall,oi_face_axis_safe_mppi,9370,256,16,0,0,1,1,1,120,0.2489,0.0481275,10.4993,0,0.638005,0.639694,0.471427,56.5713,61.7321,491520,0.6557,0.8336,0,0.471893,0,1,1
box_detour_wall,oi_face_axis_safe_mppi,9377,256,16,0,0,1,1,1,129,0.245326,0.00640609,11.3254,0,0.622978,0.655772,0.460733,59.4346,64.5035,528384,0.5291,0.7769,0,0.461132,0,1,1
box_detour_wall,oi_face_axis_safe_mppi,9384,256,16,0,0,1,1,1,163,0.243384,0.0372549,13.9808,0,0.601473,0.549181,0.494169,80.5496,86.9273,667648,0.795,1.3477,0,0.494534,0,1,1
box_detour_wall,oi_face_axis_safe_mppi,9391,256,16,0,0,1,1,1,119,0.237284,0.00101021,10.389,0,0.639048,0.672053,0.459269,54.653,58.8873,487424,0.5566,0.8386,0,0.459685,0,1,1
box_detour_wall,oi_face_axis_safe_mppi,9398,256,16,0,0,1,1,1,138,0.24253,0.0565857,14.0658,0,0.625164,0.636145,0.478512,66.0346,70.7791,565248,0.5257,0.7819,0,0.478891,0,1,1
box_detour_wall,oi_face_axis_safe_mppi,9405,256,16,0,0,1,1,1,116,0.238038,0.0373832,10.0509,0,0.629221,0.614405,0.467384,54.2165,57.9292,475136,0.5208,0.9212,0,0.467796,0,1,1
box_detour_wall,oi_face_axis_safe_mppi,9412,256,16,0,0,1,1,1,176,0.229473,0.00491284,16.7002,0,0.700025,0.758376,0.462525,81.4044,86.9256,720896,0.5216,0.5822,0,0.462858,0,1,1
box_detour_wall,oi_face_axis_safe_mppi,9419,256,16,0,0,1,1,1,124,0.232484,0.0385627,10.507,0,0.683991,0.79209,0.469346,58.1989,61.8553,507904,0.5018,1.2329,0,0.469775,0,1,1
box_detour_wall,oi_face_axis_safe_mppi,9426,256,16,0,0,1,1,1,154,0.233691,0.0194576,13.9833,0,0.681296,0.750999,0.468164,72.0972,77.0107,630784,0.5154,0.7711,0,0.46854,0,1,1
box_detour_wall,oi_face_axis_safe_mppi,9433,256,16,0,0,1,1,1,127,0.236013,0.014655,11.0363,0,0.594063,0.600339,0.46156,58.6181,62.807,520192,0.502,0.5432,0,0.46194,0,1,1
box_detour_wall,oi_face_axis_safe_mppi,9440,256,16,0,0,1,1,1,148,0.241238,0.000152046,11.7776,0,0.758369,0.993721,0.461679,68.3285,73.2919,606208,0.495,0.7072,0,0.462059,0,1,1
box_detour_wall,oi_face_axis_safe_mppi,9447,256,16,0,0,1,1,1,118,0.24642,0.0126235,10.2013,0,0.625529,0.634612,0.471836,55.6766,59.007,483328,0.5117,0.7334,0,0.472436,0,1,1
box_detour_wall,oi_face_axis_safe_mppi,9454,256,16,0,0,1,1,1,136,0.239164,0.013206,10.617,0,0.601227,0.53743,0.459341,62.4704,66.4949,557056,0.4999,0.5538,0,0.459692,0,1,1
box_detour_wall,oi_face_axis_safe_mppi,9461,256,16,0,0,1,1,1,209,0.240611,0.0501923,15.5779,0,0.622823,0.604611,0.474665,99.205,105.644,856064,0.5236,0.5921,0,0.474989,0,1,1
box_detour_wall,oi_face_axis_safe_mppi,9468,256,16,0,0,1,1,1,119,0.241137,0.0331616,10.5262,0,0.594587,0.606935,0.454205,54.0504,57.3453,487424,0.5025,0.5251,0,0.454572,0,1,1
box_detour_wall,oi_face_axis_safe_mppi,9475,256,16,0,0,1,1,1,148,0.237713,0.0130758,13.0444,0,0.593251,0.557503,0.42876,63.4565,68.0439,606208,0.5231,0.5485,0,0.429141,0,1,1
box_detour_wall,oi_face_axis_safe_mppi,9482,256,16,0,0,1,1,1,120,0.236947,0.0078874,10.2702,0,0.653226,0.647749,0.475916,57.1099,60.3003,491520,0.523,0.7066,0,0.476289,0,1,1
box_detour_wall,oi_face_axis_safe_mppi,9489,256,16,0,0,1,1,1,113,0.238203,0.0132331,9.84592,0,0.618218,0.636783,0.462151,52.2231,55.4341,462848,0.4976,0.5173,0,0.462564,0,1,1
box_detour_wall,oi_face_axis_safe_mppi,9496,256,16,0,0,1,1,1,120,0.245795,0.159028,10.1433,0,0.702992,0.786929,0.461261,55.3513,58.426,491520,0.4993,0.518,0,0.46162,0,1,1
box_detour_wall,oi_face_axis_safe_mppi,9503,256,16,0,0,1,1,1,132,0.2478,0.0212874,11.9458,0,0.617885,0.607143,0.459402,60.641,64.3785,540672,0.5094,2.2774,0,0.459775,0,1,1
box_detour_wall,oi_face_axis_safe_mppi,9510,256,16,0,0,1,1,1,132,0.232713,0.0170865,11.7831,0,0.597278,0.605848,0.46055,60.7926,64.8663,540672,0.5115,0.6212,0,0.460929,0,1,1
box_detour_wall,oi_face_axis_safe_mppi,9517,256,16,0,0,1,1,1,118,0.243592,0.00450912,10.1848,0,0.651637,0.676734,0.456006,53.8087,57.2393,483328,0.5112,0.7226,0,0.456403,0,1,1
box_detour_wall,oi_face_axis_safe_mppi,9524,256,16,0,0,1,1,1,121,0.24904,0.0601232,10.9305,0,0.613647,0.567838,0.465923,56.3767,59.9947,495616,0.5271,0.5822,0,0.466311,0,1,1
box_detour_wall,oi_face_axis_safe_mppi,9531,256,16,0,0,1,1,1,156,0.245039,0.0231072,14.6076,0,0.704238,0.798442,0.467719,72.9641,77.3219,638976,0.4996,0.7749,0,0.468027,0,1,1
box_detour_wall,oi_face_axis_safe_mppi,9538,256,16,0,0,1,1,1,144,0.245959,0.027282,12.4741,0,0.60675,0.601805,0.477215,68.719,76.9952,589824,0.7252,1.8053,0,0.477543,0,1,1
box_detour_wall,oi_face_axis_safe_mppi,9545,256,16,0,0,1,1,1,130,0.229437,0.00906246,11.7922,0,0.595617,0.583666,0.472211,61.3874,67.9013,532480,0.8552,1.47,0,0.472647,0,1,1
box_detour_wall,oi_face_axis_safe_mppi,9552,256,16,0,0,1,1,1,141,0.246356,0.00925064,12.5726,0,0.597853,0.564767,0.442899,62.4488,65.8548,577536,0.5224,0.5745,0,0.443203,0,1,1
box_detour_wall,oi_face_axis_safe_mppi,9559,256,16,0,0,1,1,1,123,0.249332,0.066734,10.167,0,0.592419,0.585678,0.45572,56.0536,59.2636,503808,0.5017,0.5428,0,0.456044,0,1,1
box_detour_wall,oi_face_track_mppi,9356,256,16,0,0,1,1,1,134,0.226576,0.00228033,12.0292,0,0.57408,0.564071,0.466687,62.536,66.4094,548864,0.5226,0.5669,0,0.466996,0,1,1
box_detour_wall,oi_face_track_mppi,9363,256,16,0,0,0,1,0,420,1.11687,0.101872,47.0746,0,0.512936,0.473286,0.480121,201.651,212.912,1720320,0.5197,1.0882,0,0.480309,0,1,0
box_detour_wall,oi_face_track_mppi,9370,256,16,0,0,1,1,1,237,0.235643,0.0968881,22.4054,0,0.574828,0.574093,0.46068,109.181,116.428,970752,0.5087,0.945,0,0.460966,0,1,1
box_detour_wall,oi_face_track_mppi,9377,256,16,0,0,0,1,0,420,1.0999,0.0348573,46.9484,0,0.53855,0.483006,0.490074,205.831,222.336,1720320,0.7164,1.9261,0,0.490307,0,1,0
box_detour_wall,oi_face_track_mppi,9384,256,16,0,0,1,1,1,361,0.241682,0.167026,37.0167,0,0.521383,0.45917,0.475764,171.751,184.253,1478656,0.5439,1.5196,0,0.476021,0,1,1
box_detour_wall,oi_face_track_mppi,9391,256,16,0,0,0,1,0,420,1.08437,0.0192673,47.2376,0,0.518144,0.468741,0.481682,202.307,220.378,1720320,0.5444,2.3945,0,0.481902,0,1,0
box_detour_wall,oi_face_track_mppi,9398,256,16,0,0,0,1,0,420,0.421969,0.00549147,43.755,0,0.561906,0.514057,0.463631,194.725,208.144,1720320,0.5212,0.9398,0,0.463843,0,1,0
box_detour_wall,oi_face_track_mppi,9405,256,16,0,0,1,1,1,117,0.23858,0.0220323,11.357,0,0.626434,0.667661,0.460817,53.9156,57.7391,479232,0.5114,0.9911,0,0.461201,0,1,1
box_detour_wall,oi_face_track_mppi,9412,256,16,0,0,0,1,0,420,1.12241,0.0837388,45.002,0,0.459848,0.402154,0.477151,200.403,213.033,1720320,0.5264,0.8718,0,0.477363,0,1,0
box_detour_wall,oi_face_track_mppi,9419,256,16,0,0,1,1,1,127,0.249986,0.0741329,12.3581,0,0.684901,0.667101,0.501711,63.7173,67.9569,520192,0.482,6.6862,0,0.502052,0,1,1
box_detour_wall,oi_face_track_mppi,9426,256,16,0,0,1,1,1,326,0.236135,0.0766634,32.0129,0,0.531525,0.467415,0.462946,150.92,159.975,1335296,0.5226,0.5698,0,0.463218,0,1,1
box_detour_wall,oi_face_track_mppi,9433,256,16,0,0,1,1,1,330,0.248057,0.0305884,32.8867,0,0.564022,0.528498,0.48182,159.001,167.559,1351680,0.5023,0.5395,0,0.482036,0,1,1
box_detour_wall,oi_face_track_mppi,9440,256,16,0,0,0,1,0,420,1.10342,0.169714,45.9902,0,0.555024,0.526198,0.475643,199.77,215.845,1720320,0.5158,0.8582,0,0.475838,0,1,0
box_detour_wall,oi_face_track_mppi,9447,256,16,0,0,1,1,1,278,0.232451,0.053774,27.0353,0,0.573925,0.539848,0.465257,129.341,138.162,1138688,0.5068,0.7738,0,0.465475,0,1,1
box_detour_wall,oi_face_track_mppi,9454,256,16,0,0,1,1,1,208,0.231044,0.00450199,21.9722,0,0.533266,0.509143,0.494346,102.824,111.381,851968,0.5505,1.6282,0,0.494576,0,1,1
box_detour_wall,oi_face_track_mppi,9461,256,16,0,0,1,1,1,402,0.241119,0.216481,37.5513,0,0.568507,0.554066,0.471849,189.683,201.98,1646592,0.508,0.7722,0,0.47207,0,1,1
box_detour_wall,oi_face_track_mppi,9468,256,16,0,0,1,1,1,118,0.246623,0.00771255,11.5261,0,0.550894,0.483187,0.46068,54.3602,57.9228,483328,0.5299,0.6034,0,0.460976,0,1,1
box_detour_wall,oi_face_track_mppi,9475,256,16,0,0,0,1,0,420,1.04988,0.226888,47.6059,0,0.526977,0.478164,0.478761,201.08,213.925,1720320,0.5056,0.7569,0,0.478949,0,1,0
box_detour_wall,oi_face_track_mppi,9482,256,16,0,0,0,1,0,420,0.520587,0.0838929,45.9982,0,0.532063,0.483762,0.47921,201.268,215.257,1720320,0.5184,0.8424,0,0.479364,0,1,0
box_detour_wall,oi_face_track_mppi,9489,256,16,0,0,0,1,0,420,0.979843,0.419912,46.5295,0,0.517521,0.483855,0.732944,307.836,320.443,1720320,1.2027,1.2266,0,0.733162,0,1,0
box_detour_wall,oi_face_track_mppi,9496,256,16,0,0,1,1,1,119,0.239414,0.030192,12.266,0,0.557969,0.480177,0.95264,113.364,117.17,487424,1.2039,1.2194,0,0.953042,0,1,1
box_detour_wall,oi_face_track_mppi,9503,256,16,0,0,0,1,0,420,0.415943,0.0129037,42.0515,0,0.538832,0.496498,0.958947,402.758,414.542,1720320,1.217,1.2322,0,0.959141,0,1,0
box_detour_wall,oi_face_track_mppi,9510,256,16,0,0,1,1,1,113,0.239641,0.0901881,10.5788,0,0.641189,0.712678,0.92752,104.81,108.843,462848,1.1983,1.2298,0,0.927919,0,1,1
box_detour_wall,oi_face_track_mppi,9517,256,16,0,0,1,1,1,340,0.234498,0.108292,33.4945,0,0.509861,0.446297,0.88834,302.036,314.81,1392640,1.2015,1.2421,0,0.888604,0,1,1
box_detour_wall,oi_face_track_mppi,9524,256,16,0,0,1,1,1,402,0.228939,0.0537639,42.0405,0,0.4992,0.461818,0.946763,380.599,395.252,1646592,1.214,2.538,0,0.947007,0,1,1
box_detour_wall,oi_face_track_mppi,9531,256,16,0,0,0,1,0,420,1.1035,0.0741832,46.6496,0,0.5132,0.431994,0.954503,400.891,413.948,1720320,1.2131,1.2353,0,0.954724,0,1,0
box_detour_wall,oi_face_track_mppi,9538,256,16,0,0,1,1,1,103,0.244104,0.00223455,9.88789,0,0.567764,0.530581,0.927572,95.5399,99.3565,421888,1.1959,1.2122,0,0.928014,0,1,1
box_detour_wall,oi_face_track_mppi,9545,256,16,0,0,1,1,1,103,0.241083,0.130586,9.4767,0,0.686987,0.736682,0.937214,96.533,98.945,421888,1.1889,1.2226,0,0.937602,0,1,1
box_detour_wall,oi_face_track_mppi,9552,256,16,0,0,0,1,0,420,1.09446,0.0118355,48.3382,0,0.533146,0.486159,0.954967,401.086,415.93,1720320,1.2172,1.2248,0,0.955188,0,1,0
box_detour_wall,oi_face_track_mppi,9559,256,16,0,0,1,1,1,120,0.239495,0.0495762,11.6283,0,0.628999,0.587201,0.891887,107.026,110.716,491520,1.1824,1.1997,0,0.892286,0,1,1
box_detour_wall,oi_face_track_safe_mppi,9356,256,16,0,0,0,1,0,420,1.08852,0.0423277,46.6193,0,0.565244,0.559762,0.959513,402.995,417.696,1720320,1.2165,1.2498,0,0.959721,0,1,0
box_detour_wall,oi_face_track_safe_mppi,9363,256,16,0,0,0,1,0,420,1.04745,0.299772,45.1739,0,0.554217,0.535553,0.993096,417.1,430.518,1720320,1.2153,1.2307,0,0.99337,0,1,0
box_detour_wall,oi_face_track_safe_mppi,9370,256,16,0,0,0,1,0,420,1.08485,0.023159,47.7638,0,0.583814,0.592566,0.97803,410.773,423.361,1720320,1.2155,1.2298,0,0.978235,0,1,0
box_detour_wall,oi_face_track_safe_mppi,9377,256,16,0,0,0,1,0,420,0.638493,0.335132,45.1765,0,0.583087,0.568991,0.98936,415.531,426.449,1720320,1.2177,1.233,0,0.989556,0,1,0
box_detour_wall,oi_face_track_safe_mppi,9384,256,16,0,0,0,1,0,420,1.08959,0.00766442,47.9498,0,0.551234,0.516052,0.958244,402.463,414.595,1720320,1.2141,1.2255,0,0.958449,0,1,0
box_detour_wall,oi_face_track_safe_mppi,9391,256,16,0,0,0,1,0,420,1.09937,0.0761439,47.5546,0,0.565957,0.547865,0.962086,404.076,415.626,1720320,1.2178,1.239,0,0.962289,0,1,0
box_detour_wall,oi_face_track_safe_mppi,9398,256,16,0,0,0,1,0,420,1.08809,0.03022,45.7963,0,0.536037,0.513047,0.958506,402.573,414.806,1720320,1.2132,1.5981,0,0.958719,0,1,0
box_detour_wall,oi_face_track_safe_mppi,9405,256,16,0,0,0,1,0,420,0.658286,0.0433497,43.2507,0,0.574476,0.559927,0.959283,402.899,415.85,1720320,1.2151,1.2813,0,0.959492,0,1,0
box_detour_wall,oi_face_track_safe_mppi,9412,256,16,0,0,0,1,0,420,0.59668,0.0411191,44.6781,0,0.558827,0.523753,0.945908,397.281,411.163,1720320,1.2115,1.3492,0,0.946141,0,1,0
box_detour_wall,oi_face_track_safe_mppi,9419,256,16,0,0,1,1,1,297,0.248731,0.0117338,30.0335,0,0.603062,0.567834,0.96008,285.144,295.239,1216512,1.2112,1.2325,0,0.960331,0,1,1
box_detour_wall,oi_face_track_safe_mppi,9426,256,16,0,0,1,1,1,381,0.230888,0.0149547,37.4172,0,0.531727,0.474279,0.958338,365.127,377.339,1560576,1.2177,1.2338,0,0.958528,0,1,1
box_detour_wall,oi_face_track_safe_mppi,9433,256,16,0,0,0,1,0,420,0.883364,0.662709,44.719,0,0.550291,0.531743,0.958324,402.496,414.441,1720320,1.2106,1.2289,0,0.958539,0,1,0
box_detour_wall,oi_face_track_safe_mppi,9440,256,16,0,0,0,1,0,420,0.737264,0.162584,45.4784,0,0.598378,0.592404,0.979811,411.521,423.112,1720320,1.2176,1.2959,0,0.98001,0,1,0
box_detour_wall,oi_face_track_safe_mppi,9447,256,16,0,0,0,1,0,420,0.503211,0.0920744,42.3003,0,0.576814,0.541609,0.954305,400.808,413.086,1720320,1.2205,1.2328,0,0.954499,0,1,0
box_detour_wall,oi_face_track_safe_mppi,9454,256,16,0,0,0,1,0,420,1.09194,0.0991051,45.793,0,0.541827,0.470515,0.923341,387.803,400.558,1720320,1.2168,1.2317,0,0.923561,0,1,0
box_detour_wall,oi_face_track_safe_mppi,9461,256,16,0,0,0,1,0,420,1.09708,0.0681001,46.7259,0,0.537334,0.488939,0.965061,405.326,416.552,1720320,1.2217,1.2362,0,0.96526,0,1,0
box_detour_wall,oi_face_track_safe_mppi,9468,256,16,0,0,0,1,0,420,0.736547,0.0855846,43.8144,0,0.574622,0.53707,0.961103,403.663,415.574,1720320,1.2125,1.232,0,0.961297,0,1,0
box_detour_wall,oi_face_track_safe_mppi,9475,256,16,0,0,0,1,0,420,1.04605,0.423237,46.5393,0,0.588212,0.585328,0.940415,394.974,406.871,1720320,1.2129,1.2262,0,0.940606,0,1,0
box_detour_wall,oi_face_track_safe_mppi,9482,256,16,0,0,0,1,0,420,1.0978,0.0175624,46.9997,0,0.578749,0.587434,0.916515,384.936,406.373,1720320,1.2094,1.6027,0,0.916758,0,1,0
box_detour_wall,oi_face_track_safe_mppi,9489,256,16,0,0,0,1,0,420,0.37605,0.0410283,41.9096,0,0.583206,0.565796,0.899324,377.716,400.221,1720320,1.213,3.0024,0,0.899582,0,1,0
box_detour_wall,oi_face_track_safe_mppi,9496,256,16,0,0,1,1,1,406,0.237589,0.0136049,42.0869,0,0.55105,0.498675,0.925061,375.575,394.762,1662976,1.2111,1.6019,0,0.925313,0,1,1
box_detour_wall,oi_face_track_safe_mppi,9503,256,16,0,0,0,1,0,420,1.03501,0.324333,44.9364,0,0.552679,0.528407,0.930368,390.754,405.078,1720320,1.213,1.2644,0,0.930602,0,1,0
box_detour_wall,oi_face_track_safe_mppi,9510,256,16,0,0,1,1,1,397,0.246418,0.0256544,38.5429,0,0.573592,0.597365,0.912244,362.161,375.998,1626112,1.2117,1.2472,0,0.912489,0,1,1
box_detour_wall,oi_face_track_safe_mppi,9517,256,16,0,0,0,1,0,420,1.1045,0.0813522,46.7815,0,0.561137,0.548699,0.919512,386.195,399.206,1720320,1.2179,1.263,0,0.919787,0,1,0
box_detour_wall,oi_face_track_safe_mppi,9524,256,16,0,0,0,1,0,420,1.09302,0.0799102,46.6041,0,0.549356,0.486794,0.95931,402.91,416.669,1720320,1.2148,1.4712,0,0.9595,0,1,0
box_detour_wall,oi_face_track_safe_mppi,9531,256,16,0,0,0,1,0,420,0.76497,0.424136,46.6437,0,0.563105,0.549678,0.949883,398.951,416.529,1720320,1.2089,5.8851,0,0.950299,0,1,0
box_detour_wall,oi_face_track_safe_mppi,9538,256,16,0,0,1,1,1,119,0.233898,0.041952,10.6185,0,0.609426,0.567803,0.919091,109.372,116.154,487424,1.1871,1.6061,0,0.919568,0,1,1
box_detour_wall,oi_face_track_safe_mppi,9545,256,16,0,0,0,1,0,420,1.10179,0.0431829,47.4202,0,0.559748,0.532006,0.910312,382.331,398.805,1720320,1.2137,2.1172,0,0.910569,0,1,0
box_detour_wall,oi_face_track_safe_mppi,9552,256,16,0,0,0,1,0,420,1.06311,0.0724542,45.054,0,0.555502,0.53658,0.914743,384.192,397.877,1720320,1.2119,1.2266,0,0.914989,0,1,0
box_detour_wall,oi_face_track_safe_mppi,9559,256,16,0,0,1,1,1,116,0.22972,0.00387266,10.529,0,0.59207,0.522364,0.894808,103.798,107.987,475136,1.1857,1.5813,0,0.895254,0,1,1
box_detour_wall,soppi_fast,9356,256,16,1,0.01,1,1,1,161,0.245252,0.019775,16.5842,0,0.551051,0.522859,4.42178,711.907,723.228,659456,4.5054,12.23,0,4.42229,0,1,1
box_detour_wall,soppi_fast,9363,256,16,1,0.01,1,1,1,155,0.234112,0.0177614,15.8305,0,0.584525,0.615289,4.36079,675.923,688.084,634880,4.5512,4.7871,0,4.36129,0,1,1
box_detour_wall,soppi_fast,9370,256,16,1,0.01,1,1,1,147,0.246428,0.0319913,14.9204,0,0.574494,0.519682,4.30978,633.538,643.689,602112,4.4461,5.3486,0,4.31028,0,1,1
box_detour_wall,soppi_fast,9377,256,16,1,0.01,1,1,1,141,0.24927,0.00987447,14.9015,0,0.536966,0.504936,4.36465,615.416,626.232,577536,4.5216,5.1093,0,4.36515,0,1,1
box_detour_wall,soppi_fast,9384,256,16,1,0.01,1,1,1,115,0.247694,0.00463805,11.6176,0,0.764381,0.906818,4.33402,498.412,506.392,471040,4.5077,5.0262,0,4.33452,0,1,1
box_detour_wall,soppi_fast,9391,256,16,1,0.01,1,1,1,134,0.239798,0.0530064,12.3968,0,0.661583,0.68656,4.33003,580.224,586.753,548864,4.5688,5.0161,0,4.33047,0,1,1
box_detour_wall,soppi_fast,9398,256,16,1,0.01,1,1,1,152,0.239212,0.00357773,16.0187,0,0.624568,0.723573,4.26729,648.629,656.778,622592,4.4326,5.0116,0,4.26772,0,1,1
box_detour_wall,soppi_fast,9405,256,16,1,0.01,0,1,0,420,0.858216,0.209731,31.8984,0,0.359845,0.271381,4.2612,1789.71,1814.85,1720320,4.5177,8.5703,0,4.26152,0,1,0
box_detour_wall,soppi_fast,9412,256,16,1,0.01,0,1,0,420,0.814858,0.253162,40.2546,0,0.349204,0.215593,4.27821,1796.85,1825.22,1720320,4.5443,5.1228,0,4.27851,0,1,0
box_detour_wall,soppi_fast,9419,256,16,1,0.01,1,1,1,258,0.238259,0.0442104,19.247,0,0.483505,0.394786,4.28513,1105.56,1122.37,1056768,4.44,4.6115,0,4.28549,0,1,1
box_detour_wall,soppi_fast,9426,256,16,1,0.01,0,1,0,420,0.611037,0.0111708,31.8767,0,0.372892,0.228018,4.36599,1833.72,1860.22,1720320,5.1411,5.1837,0,4.36626,0,1,0
box_detour_wall,soppi_fast,9433,256,16,1,0.01,0,1,0,420,0.847605,0.223909,30.5975,0,0.348979,0.202265,4.22727,1775.45,1808.98,1720320,4.3865,5.5455,0,4.22759,0,1,0
box_detour_wall,soppi_fast,9440,256,16,1,0.01,0,1,0,420,0.810793,0.230286,28.3868,0,0.36107,0.249368,4.28326,1798.97,1829.19,1720320,4.4212,5.129,0,4.28359,0,1,0
box_detour_wall,soppi_fast,9447,256,16,1,0.01,1,1,1,140,0.245637,0.0299995,12.4266,0,0.553133,0.477222,4.3061,602.855,613.55,573440,4.5066,5.5386,0,4.30667,0,1,1
box_detour_wall,soppi_fast,9454,256,16,1,0.01,1,1,1,152,0.245983,0.0245519,14.971,0,0.614964,0.752974,4.34835,660.949,669.814,622592,4.6303,5.044,0,4.34881,0,1,1
box_detour_wall,soppi_fast,9461,256,16,1,0.01,0,1,0,420,0.818032,0.229237,33.4258,0,0.340521,0.202722,4.25367,1786.54,1813.52,1720320,4.3882,4.9884,0,4.25398,0,1,0
box_detour_wall,soppi_fast,9468,256,16,1,0.01,0,1,0,420,1.25986,0.00916113,52.0684,0,0.314074,0.206312,4.28151,1798.23,1823.93,1720320,4.375,4.6339,0,4.28182,0,1,0
box_detour_wall,soppi_fast,9475,256,16,1,0.01,1,1,1,313,0.238453,0.0197876,35.1846,0,0.440454,0.316432,4.43089,1386.87,1402.54,1282048,4.5287,5.1088,0,4.43118,0,1,1
box_detour_wall,soppi_fast,9482,256,16,1,0.01,0,1,0,420,0.847614,0.210167,36.185,0,0.370862,0.252531,4.21987,1772.35,1801.29,1720320,4.4583,5.1513,0,4.22015,0,1,0
box_detour_wall,soppi_fast,9489,256,16,1,0.01,0,1,0,420,0.840786,0.228084,35.0228,0,0.331819,0.178559,4.29793,1805.13,1830.56,1720320,4.5693,5.1179,0,4.29821,0,1,0
box_detour_wall,soppi_fast,9496,256,16,1,0.01,1,1,1,121,0.237811,0.0219372,11.8744,0,0.689934,0.741949,4.33997,525.136,532.977,495616,4.655,5.1849,0,4.34042,0,1,1
box_detour_wall,soppi_fast,9503,256,16,1,0.01,0,1,0,420,1.2756,0.0454583,53.0811,0,0.377543,0.254587,4.72937,1986.34,2012.47,1720320,5.1424,5.4015,0,4.72965,0,1,0
box_detour_wall,soppi_fast,9510,256,16,1,0.01,1,1,1,187,0.244123,0.0211963,19.9075,0,0.490665,0.442755,4.26718,797.962,812.479,765952,4.3961,4.9567,0,4.26762,0,1,1
box_detour_wall,soppi_fast,9517,256,16,1,0.01,1,1,1,219,0.24524,0.00705059,23.442,0,0.515115,0.442649,4.29564,940.746,956.835,897024,4.6121,5.0068,0,4.29612,0,1,1
box_detour_wall,soppi_fast,9524,256,16,1,0.01,1,1,1,179,0.244648,0.0369693,17.7816,0,0.540977,0.507363,4.24369,759.62,772.1,733184,4.405,4.956,0,4.24418,0,1,1
box_detour_wall,soppi_fast,9531,256,16,1,0.01,1,1,1,121,0.243545,0.00483433,12.3499,0,0.699102,0.749142,3.92542,474.976,487.396,495616,5.3595,8.5253,0,3.92619,0,1,1
box_detour_wall,soppi_fast,9538,256,16,1,0.01,0,1,0,420,1.27255,0.0399913,53.0272,0,0.322148,0.213406,2.89198,1214.63,1248.46,1720320,3.1469,8.6601,0,2.89272,0,1,0
box_detour_wall,soppi_fast,9545,256,16,1,0.01,0,1,0,420,0.810065,0.240415,29.527,0,0.34865,0.211808,2.85014,1197.06,1219.53,1720320,3.0523,3.8447,0,2.85042,0,1,0
box_detour_wall,soppi_fast,9552,256,16,1,0.01,0,1,0,420,1.30261,0.0418152,54.964,0,0.340094,0.201095,3.05145,1281.61,1305.77,1720320,3.2016,3.7176,0,3.05179,0,1,0
box_detour_wall,soppi_fast,9559,256,16,1,0.01,1,1,1,124,0.249278,0.00265763,12.3554,0,0.599216,0.58102,2.98235,369.812,375.713,507904,3.3823,3.5407,0,2.98282,0,1,1
box_detour_wall_far,oi_face_axis_mppi,9656,256,16,0,0,1,1,1,160,0.244617,0.0699248,16.1217,0,0.575919,0.494498,0.459769,73.563,79.4431,655360,0.5615,0.8205,0,0.46005,0,1,1
box_detour_wall_far,oi_face_axis_mppi,9663,256,16,0,0,1,1,1,129,0.23125,0.0398694,16.5141,0,0.70296,0.7535,0.470057,60.6373,64.4929,528384,0.5223,0.5772,0,0.470499,0,1,1
box_detour_wall_far,oi_face_axis_mppi,9670,256,16,0,0,1,1,1,121,0.236023,0.0545439,14.0125,0,0.654321,0.683399,0.45804,55.4228,58.8451,495616,0.4874,0.5124,0,0.458405,0,1,1
box_detour_wall_far,oi_face_axis_mppi,9677,256,16,0,0,1,1,1,155,0.244124,0.0862174,16.5955,0,0.676469,0.761535,0.457477,70.909,74.9887,634880,0.4981,0.5429,0,0.457794,0,1,1
box_detour_wall_far,oi_face_axis_mppi,9684,256,16,0,0,1,1,1,119,0.239945,0.0449927,14.3979,0,0.666914,0.793423,0.463348,55.1384,58.0241,487424,0.5113,0.5891,0,0.463649,0,1,1
box_detour_wall_far,oi_face_axis_mppi,9691,256,16,0,0,1,1,1,127,0.232418,0.0493608,14.9733,0,0.658695,0.741261,0.417638,53.04,56.419,520192,0.5022,0.5873,0,0.417941,0,1,1
box_detour_wall_far,oi_face_axis_mppi,9698,256,16,0,0,1,1,1,167,0.243981,0.0521306,15.2376,0,0.67142,0.797199,0.441326,73.7015,78.0975,684032,0.5339,0.5529,0,0.441641,0,1,1
box_detour_wall_far,oi_face_axis_mppi,9705,256,16,0,0,1,1,1,106,0.23258,0.0298787,13.3118,0,0.754342,0.903975,0.46834,49.644,52.627,434176,0.501,1.2893,0,0.468714,0,1,1
box_detour_wall_far,oi_face_axis_mppi,9712,256,16,0,0,1,1,1,118,0.231082,0.0564824,14.9117,0,0.695616,0.728419,0.443325,52.3124,55.583,483328,0.5274,0.5509,0,0.443659,0,1,1
box_detour_wall_far,oi_face_axis_mppi,9719,256,16,0,0,1,1,1,129,0.236951,0.0616563,14.9965,0,0.642669,0.608456,0.477855,61.6433,65.9216,528384,0.5272,0.9357,0,0.478281,0,1,1
box_detour_wall_far,oi_face_axis_mppi,9726,256,16,0,0,1,1,1,131,0.245678,0.0197133,16.9346,0,0.647335,0.663826,0.467882,61.2925,67.0141,536576,0.575,0.9843,0,0.468209,0,1,1
box_detour_wall_far,oi_face_axis_mppi,9733,256,16,0,0,1,1,1,164,0.245112,0.00679678,17.9043,0,0.705351,0.822002,0.446524,73.23,78.0598,671744,0.5083,0.5922,0,0.44683,0,1,1
box_detour_wall_far,oi_face_axis_mppi,9740,256,16,0,0,1,1,1,241,0.233768,0.0858303,34.8406,0,1.07937,2.28812,0.454405,109.512,115.966,987136,0.4932,0.8529,0,0.454646,0,1,1
box_detour_wall_far,oi_face_axis_mppi,9747,256,16,0,0,1,1,1,115,0.238906,0.00168079,14.1383,0,0.6333,0.667125,0.466543,53.6525,56.3128,471040,0.5042,0.7332,0,0.466867,0,1,1
box_detour_wall_far,oi_face_axis_mppi,9754,256,16,0,0,1,1,1,129,0.229727,0.229194,14.5511,0,0.586544,0.546855,0.461188,59.4932,62.8341,528384,0.518,0.5897,0,0.46148,0,1,1
box_detour_wall_far,oi_face_axis_mppi,9761,256,16,0,0,1,1,1,123,0.243171,0.072761,14.957,0,0.650275,0.667642,0.460554,56.6481,59.801,503808,0.5001,0.5769,0,0.460854,0,1,1
box_detour_wall_far,oi_face_axis_mppi,9768,256,16,0,0,1,1,1,155,0.239812,0.0460581,16.2339,0,0.684184,0.828469,0.463419,71.8299,75.3675,634880,0.5349,0.5931,0,0.463683,0,1,1
box_detour_wall_far,oi_face_axis_mppi,9775,256,16,0,0,1,1,1,177,0.240207,0.0265903,16.0305,0,0.699977,0.853343,0.458484,81.1517,85.5025,724992,0.5017,0.5422,0,0.458767,0,1,1
box_detour_wall_far,oi_face_axis_mppi,9782,256,16,0,0,1,1,1,140,0.230845,0.00843443,18.7645,0,0.624034,0.585217,0.440047,61.6066,64.8536,573440,0.498,0.5581,0,0.440294,0,1,1
box_detour_wall_far,oi_face_axis_mppi,9789,256,16,0,0,1,1,1,138,0.2381,0.194308,15.3738,0,0.70178,0.812062,0.458246,63.2379,65.7727,565248,0.5074,0.5517,0,0.458482,0,1,1
box_detour_wall_far,oi_face_axis_mppi,9796,256,16,0,0,1,1,1,120,0.238208,0.00792311,13.9227,0,0.651203,0.677413,0.461858,55.423,57.5905,491520,0.5053,0.5512,0,0.462084,0,1,1
box_detour_wall_far,oi_face_axis_mppi,9803,256,16,0,0,1,1,1,122,0.246458,0.0034971,14.9005,0,0.704805,0.834662,0.437421,53.3654,56.4285,499712,0.5054,0.7652,0,0.437679,0,1,1
box_detour_wall_far,oi_face_axis_mppi,9810,256,16,0,0,1,1,1,134,0.240363,0.164316,15.0669,0,0.646216,0.7153,0.446438,59.8227,63.2029,548864,0.4946,0.5528,0,0.446704,0,1,1
box_detour_wall_far,oi_face_axis_mppi,9817,256,16,0,0,1,1,1,206,0.237735,0.113345,15.915,0,0.599588,0.672252,0.455615,93.8566,99.4085,843776,0.5243,0.5793,0,0.455863,0,1,1
box_detour_wall_far,oi_face_axis_mppi,9824,256,16,0,0,1,1,1,137,0.2424,0.0203415,16.2361,0,0.731996,0.931821,0.4732,64.8284,67.7212,561152,0.4988,0.5146,0,0.473448,0,1,1
box_detour_wall_far,oi_face_axis_mppi,9831,256,16,0,0,1,1,1,119,0.246723,0.0285356,17.099,0,0.713615,0.81654,0.455399,54.1925,57.3676,487424,0.4914,0.4939,0,0.455688,0,1,1
box_detour_wall_far,oi_face_axis_mppi,9838,256,16,0,0,1,1,1,152,0.238991,0.0028087,17.9194,0,0.644803,0.662982,0.456303,69.358,72.7802,622592,0.5011,0.5481,0,0.456563,0,1,1
box_detour_wall_far,oi_face_axis_mppi,9845,256,16,0,0,1,1,1,127,0.232127,0.0700945,14.1139,0,0.636207,0.628548,0.409438,51.9986,54.9664,520192,0.5027,0.6944,0,0.409677,0,1,1
box_detour_wall_far,oi_face_axis_mppi,9852,256,16,0,0,1,1,1,135,0.249421,0.0914206,15.7488,0,0.751441,0.934594,0.457098,61.7082,65.3983,552960,0.5372,0.6565,0,0.457412,0,1,1
box_detour_wall_far,oi_face_axis_mppi,9859,256,16,0,0,1,1,1,150,0.233625,0.19683,19.9979,0,0.696921,0.799073,0.442817,66.4225,70.5616,614400,0.4977,0.5378,0,0.443118,0,1,1
box_detour_wall_far,oi_face_axis_safe_mppi,9656,256,16,0,0,1,1,1,127,0.237763,0.00819768,14.9501,0,0.635534,0.6369,0.45869,58.2536,61.9945,520192,0.5073,0.5485,0,0.458988,0,1,1
box_detour_wall_far,oi_face_axis_safe_mppi,9663,256,16,0,0,1,1,1,144,0.246157,0.00551692,17.2608,0,0.652272,0.735877,0.460122,66.2576,70.311,589824,0.4944,0.5001,0,0.460451,0,1,1
box_detour_wall_far,oi_face_axis_safe_mppi,9670,256,16,0,0,1,1,1,141,0.235793,0.0245179,15.5797,0,0.701328,0.754152,0.458315,64.6224,68.5211,577536,0.4935,0.5099,0,0.458633,0,1,1
box_detour_wall_far,oi_face_axis_safe_mppi,9677,256,16,0,0,1,1,1,132,0.243653,0.0316679,15.8839,0,0.7,0.819748,0.459653,60.6742,64.2031,540672,0.5019,0.5901,0,0.459942,0,1,1
box_detour_wall_far,oi_face_axis_safe_mppi,9684,256,16,0,0,1,1,1,133,0.229193,0.021997,15.2629,0,0.708327,0.829085,0.464369,61.7611,65.2744,544768,0.5025,0.5092,0,0.464699,0,1,1
box_detour_wall_far,oi_face_axis_safe_mppi,9691,256,16,0,0,1,1,1,127,0.22551,0.0155505,14.6495,0,0.656056,0.723591,0.455755,57.8809,61.6889,520192,0.5067,0.8018,0,0.45611,0,1,1
box_detour_wall_far,oi_face_axis_safe_mppi,9698,256,16,0,0,1,1,1,125,0.247878,0.00375293,14.2302,0,0.687711,0.755086,0.469146,58.6432,62.1655,512000,0.5094,0.5345,0,0.469496,0,1,1
box_detour_wall_far,oi_face_axis_safe_mppi,9705,256,16,0,0,1,1,1,128,0.241142,0.0501769,15.1503,0,0.70609,0.85169,0.464385,59.4413,63.1521,524288,0.4981,0.5068,0,0.464705,0,1,1
box_detour_wall_far,oi_face_axis_safe_mppi,9712,256,16,0,0,1,1,1,129,0.233376,0.0527565,15.494,0,0.638683,0.656611,0.468762,60.4703,64.0419,528384,0.4992,0.5151,0,0.469059,0,1,1
box_detour_wall_far,oi_face_axis_safe_mppi,9719,256,16,0,0,1,1,1,142,0.243697,0.0120171,14.6823,0,0.675061,0.687068,0.478177,67.9011,71.2203,581632,0.5257,0.536,0,0.478506,0,1,1
box_detour_wall_far,oi_face_axis_safe_mppi,9726,256,16,0,0,1,1,1,139,0.242781,0.0629315,17.4142,0,0.674609,0.757724,0.462052,64.2253,68.1322,569344,0.5338,0.5477,0,0.462346,0,1,1
box_detour_wall_far,oi_face_axis_safe_mppi,9733,256,16,0,0,1,1,1,134,0.241874,0.0184535,16.7627,0,0.728032,0.869932,0.46985,62.9599,66.453,548864,0.5093,0.513,0,0.470133,0,1,1
box_detour_wall_far,oi_face_axis_safe_mppi,9740,256,16,0,0,1,1,1,150,0.228178,0.0550123,19.3849,0,0.63997,0.643089,0.462857,69.4286,76.6992,614400,0.5184,0.8037,0,0.463179,0,1,1
box_detour_wall_far,oi_face_axis_safe_mppi,9747,256,16,0,0,1,1,1,128,0.239214,0.0293867,14.6865,0,0.615725,0.643563,0.46861,59.982,63.331,524288,0.5047,0.529,0,0.468896,0,1,1
box_detour_wall_far,oi_face_axis_safe_mppi,9754,256,16,0,0,1,1,1,130,0.226241,0.04139,15.1555,0,0.63083,0.627022,0.458361,59.5869,63.1501,532480,0.4975,0.5092,0,0.458789,0,1,1
box_detour_wall_far,oi_face_axis_safe_mppi,9761,256,16,0,0,1,1,1,117,0.2414,0.0295408,15.287,0,0.676004,0.681216,0.4656,54.4752,57.7634,479232,0.5122,0.5286,0,0.465941,0,1,1
box_detour_wall_far,oi_face_axis_safe_mppi,9768,256,16,0,0,1,1,1,142,0.231112,0.0726267,16.5868,0,0.696452,0.879987,0.487693,69.2524,76.3137,581632,0.66,1.0101,0,0.48801,0,1,1
box_detour_wall_far,oi_face_axis_safe_mppi,9775,256,16,0,0,1,1,1,131,0.237735,0.0289622,15.1186,0,0.782555,1.08549,0.45803,60.0019,63.489,536576,0.4916,0.5367,0,0.458347,0,1,1
box_detour_wall_far,oi_face_axis_safe_mppi,9782,256,16,0,0,1,1,1,156,0.229905,0.036759,19.6983,0,0.639322,0.638757,0.435161,67.8851,71.7672,638976,0.4948,0.5391,0,0.435417,0,1,1
box_detour_wall_far,oi_face_axis_safe_mppi,9789,256,16,0,0,1,1,1,129,0.239028,0.00870877,15.0596,0,0.73711,0.86304,0.419912,54.1686,57.92,528384,0.4907,0.5466,0,0.42023,0,1,1
box_detour_wall_far,oi_face_axis_safe_mppi,9796,256,16,0,0,1,1,1,129,0.232878,0.00409049,14.5178,0,0.668489,0.762547,0.460441,59.3969,62.6611,528384,0.497,0.5064,0,0.460861,0,1,1
box_detour_wall_far,oi_face_axis_safe_mppi,9803,256,16,0,0,1,1,1,141,0.231661,0.0821847,15.0416,0,0.636635,0.649475,0.452451,63.7956,70.2418,577536,0.5239,1.0447,0,0.452713,0,1,1
box_detour_wall_far,oi_face_axis_safe_mppi,9810,256,16,0,0,1,1,1,140,0.240417,0.0197554,15.9835,0,0.694496,0.758401,0.463837,64.9372,68.566,573440,0.4976,0.516,0,0.464101,0,1,1
box_detour_wall_far,oi_face_axis_safe_mppi,9817,256,16,0,0,1,1,1,146,0.23162,0.0385056,14.9252,0,0.717317,0.929842,0.410466,59.9281,64.4419,598016,0.4906,0.504,0,0.410807,0,1,1
box_detour_wall_far,oi_face_axis_safe_mppi,9824,256,16,0,0,1,1,1,118,0.249013,0.0355207,15.3803,0,0.72237,0.969463,0.464246,54.781,57.2092,483328,0.5045,0.5151,0,0.464512,0,1,1
box_detour_wall_far,oi_face_axis_safe_mppi,9831,256,16,0,0,1,1,1,168,0.23572,0.034809,21.0016,0,0.764562,1.01062,0.465277,78.1666,82.3008,688128,0.4945,0.503,0,0.465546,0,1,1
box_detour_wall_far,oi_face_axis_safe_mppi,9838,256,16,0,0,1,1,1,175,0.237466,0.023046,19.6875,0,0.675475,0.720733,0.446511,78.1394,82.742,716800,0.4772,0.493,0,0.44679,0,1,1
box_detour_wall_far,oi_face_axis_safe_mppi,9845,256,16,0,0,1,1,1,126,0.236324,0.0224988,13.8153,0,0.639201,0.617977,0.452771,57.0491,60.0027,516096,0.5017,0.5949,0,0.453041,0,1,1
box_detour_wall_far,oi_face_axis_safe_mppi,9852,256,16,0,0,1,1,1,140,0.246949,0.0210321,16.7205,0,0.768328,0.968799,0.498571,69.8,72.7701,573440,0.5401,0.596,0,0.498829,0,1,1
box_detour_wall_far,oi_face_axis_safe_mppi,9859,256,16,0,0,1,1,1,157,0.235546,0.00507392,18.757,0,0.644087,0.672615,0.498008,78.1872,81.9761,643072,0.5287,0.5579,0,0.498287,0,1,1
box_detour_wall_far,oi_face_track_mppi,9656,256,16,0,0,1,1,1,379,0.243496,0.0726781,45.2477,0,0.574684,0.536318,0.478163,181.224,192.668,1552384,0.5302,0.7107,0,0.478455,0,1,1
box_detour_wall_far,oi_face_track_mppi,9663,256,16,0,0,1,1,1,149,0.240905,0.0378132,18.9961,0,0.668338,0.729857,0.45194,67.339,71.4573,610304,0.5204,0.5571,0,0.452289,0,1,1
box_detour_wall_far,oi_face_track_mppi,9670,256,16,0,0,0,1,0,420,1.13948,0.0403622,53.2696,0,0.559632,0.540083,0.476679,200.205,211.162,1720320,0.509,1.1756,0,0.476868,0,1,0
box_detour_wall_far,oi_face_track_mppi,9677,256,16,0,0,1,1,1,295,0.231479,0.10249,34.2863,0,0.617456,0.657414,0.466224,137.536,154.581,1208320,0.5736,1.491,0,0.466447,0,1,1
box_detour_wall_far,oi_face_track_mppi,9684,256,16,0,0,1,1,1,264,0.247469,0.0154504,30.3172,0,0.602229,0.632757,0.496645,131.114,140.148,1081344,0.5432,0.8338,0,0.496878,0,1,1
box_detour_wall_far,oi_face_track_mppi,9691,256,16,0,0,1,1,1,295,0.238753,0.0277718,37.0999,0,0.591745,0.582628,0.496619,146.502,153.956,1208320,0.5438,0.764,0,0.496855,0,1,1
box_detour_wall_far,oi_face_track_mppi,9698,256,16,0,0,1,1,1,149,0.22544,0.235701,17.5452,0,0.58791,0.535046,0.435039,64.8208,68.6062,610304,0.4805,0.5077,0,0.435381,0,1,1
box_detour_wall_far,oi_face_track_mppi,9705,256,16,0,0,1,1,1,410,0.247381,0.074499,49.6566,0,0.570414,0.607939,0.476341,195.3,204.61,1679360,0.5159,0.5778,0,0.476517,0,1,1
box_detour_wall_far,oi_face_track_mppi,9712,256,16,0,0,1,1,1,204,0.239035,0.0711568,23.9455,0,0.595583,0.614222,0.482733,98.4776,105.623,835584,0.5075,4.1871,0,0.483048,0,1,1
box_detour_wall_far,oi_face_track_mppi,9719,256,16,0,0,0,1,0,420,0.48014,0.104495,50.1918,0,0.610577,0.629594,0.470641,197.669,209.827,1720320,0.5235,0.855,0,0.470834,0,1,0
box_detour_wall_far,oi_face_track_mppi,9726,256,16,0,0,1,1,1,217,0.247838,0.0727514,26.9109,0,0.601307,0.597894,0.461302,100.103,106.062,888832,0.5157,0.5618,0,0.461602,0,1,1
box_detour_wall_far,oi_face_track_mppi,9733,256,16,0,0,1,1,1,359,0.240931,0.0909307,39.1936,0,0.621494,0.687523,0.447263,160.567,172.204,1470464,0.5092,0.7949,0,0.447505,0,1,1
box_detour_wall_far,oi_face_track_mppi,9740,256,16,0,0,1,1,1,150,0.228111,0.0546441,20.4495,0,0.649526,0.668621,0.456098,68.4147,72.5119,614400,0.487,0.8245,0,0.456469,0,1,1
box_detour_wall_far,oi_face_track_mppi,9747,256,16,0,0,1,1,1,316,0.240223,0.0355016,39.4696,0,0.572847,0.555986,0.461136,145.719,156.053,1294336,0.524,0.5807,0,0.46138,0,1,1
box_detour_wall_far,oi_face_track_mppi,9754,256,16,0,0,1,1,1,351,0.249625,0.0857943,40.4725,0,0.580929,0.604409,0.477732,167.684,186.471,1437696,0.5647,1.228,0,0.477954,0,1,1
box_detour_wall_far,oi_face_track_mppi,9761,256,16,0,0,1,1,1,320,0.244297,0.116623,34.0935,0,0.575022,0.578928,0.460025,147.208,156.421,1310720,0.4931,0.6918,0,0.460272,0,1,1
box_detour_wall_far,oi_face_track_mppi,9768,256,16,0,0,0,1,0,420,1.26644,0.0364318,56.1216,0,0.643452,0.650322,0.46201,194.044,206.675,1720320,0.5002,1.2861,0,0.462208,0,1,0
box_detour_wall_far,oi_face_track_mppi,9775,256,16,0,0,1,1,1,292,0.234494,0.0201304,35.7677,0,0.627328,0.654211,0.456045,133.165,142.398,1196032,0.5483,0.7578,0,0.456353,0,1,1
box_detour_wall_far,oi_face_track_mppi,9782,256,16,0,0,0,1,0,420,0.424859,0.0614166,49.2041,0,0.550218,0.503865,0.513945,215.857,230.315,1720320,0.5716,1.5121,0,0.514178,0,1,0
box_detour_wall_far,oi_face_track_mppi,9789,256,16,0,0,1,1,1,224,0.248575,0.033904,28.4785,0,0.631219,0.664717,0.502802,112.628,119.228,917504,0.5469,1.1961,0,0.503109,0,1,1
box_detour_wall_far,oi_face_track_mppi,9796,256,16,0,0,0,1,0,420,1.14955,0.331741,52.8403,0,0.604582,0.666167,0.489226,205.475,220.352,1720320,0.5252,2.144,0,0.489425,0,1,0
box_detour_wall_far,oi_face_track_mppi,9803,256,16,0,0,1,1,1,373,0.236416,0.0247811,43.7191,0,0.577329,0.577057,0.46534,173.572,183.537,1527808,0.5037,0.6475,0,0.465592,0,1,1
box_detour_wall_far,oi_face_track_mppi,9810,256,16,0,0,1,1,1,303,0.244369,0.0694179,25.1925,0,0.61366,0.65391,0.472516,143.172,151.677,1241088,0.5246,0.5457,0,0.472734,0,1,1
box_detour_wall_far,oi_face_track_mppi,9817,256,16,0,0,1,1,1,338,0.24378,0.0982981,35.7306,0,0.531142,0.505884,0.471758,159.454,167.296,1384448,0.5134,0.5585,0,0.471948,0,1,1
box_detour_wall_far,oi_face_track_mppi,9824,256,16,0,0,1,1,1,270,0.248269,0.0860482,30.9183,0,0.58774,0.565503,0.463356,125.106,131.766,1105920,0.5162,0.5738,0,0.463561,0,1,1
box_detour_wall_far,oi_face_track_mppi,9831,256,16,0,0,0,1,0,420,1.121,0.239325,53.2788,0,0.556581,0.56265,0.481765,202.341,212.061,1720320,0.5191,0.588,0,0.481936,0,1,0
box_detour_wall_far,oi_face_track_mppi,9838,256,16,0,0,1,1,1,153,0.246954,0.224861,17.4417,0,0.691465,0.91036,0.46808,71.6163,75.6297,626688,0.5032,0.5306,0,0.468376,0,1,1
box_detour_wall_far,oi_face_track_mppi,9845,256,16,0,0,0,1,0,420,1.12834,0.299932,51.629,0,0.573754,0.553409,0.497071,208.77,220.931,1720320,0.544,0.7773,0,0.49738,0,1,0
box_detour_wall_far,oi_face_track_mppi,9852,256,16,0,0,1,1,1,385,0.242097,0.200716,44.9794,0,0.583047,0.567072,0.488036,187.894,200.381,1576960,0.5469,0.8003,0,0.488258,0,1,1
box_detour_wall_far,oi_face_track_mppi,9859,256,16,0,0,1,1,1,365,0.232762,0.0865777,39.1384,0,0.571408,0.520222,0.473986,173.005,183.096,1495040,0.5232,0.7143,0,0.474211,0,1,1
box_detour_wall_far,oi_face_track_safe_mppi,9656,256,16,0,0,0,1,0,420,1.24826,0.214766,58.2731,0,0.56847,0.529125,0.464679,195.165,207.768,1720320,0.5066,0.7179,0,0.46489,0,1,0
box_detour_wall_far,oi_face_track_safe_mppi,9663,256,16,0,0,0,1,0,420,1.1291,0.23872,51.6173,0,0.561243,0.518241,0.489892,205.755,222.057,1720320,0.5631,1.4414,0,0.490111,0,1,0
box_detour_wall_far,oi_face_track_safe_mppi,9670,256,16,0,0,0,1,0,420,1.12589,0.234526,50.4291,0,0.534473,0.457705,0.472961,198.644,209.597,1720320,0.5033,0.5366,0,0.473161,0,1,0
box_detour_wall_far,oi_face_track_safe_mppi,9677,256,16,0,0,0,1,0,420,1.05087,0.537888,52.2336,0,0.596352,0.577203,0.474725,199.385,212.219,1720320,0.5242,0.9745,0,0.474915,0,1,0
box_detour_wall_far,oi_face_track_safe_mppi,9684,256,16,0,0,1,1,1,322,0.249041,0.0485091,36.1246,0,0.643199,0.698237,0.473059,152.325,161.022,1318912,0.4968,0.9197,0,0.473304,0,1,1
box_detour_wall_far,oi_face_track_safe_mppi,9691,256,16,0,0,0,1,0,420,0.34077,0.0463779,45.8443,0,0.611283,0.652075,0.492011,206.645,218.118,1720320,0.5417,0.5601,0,0.492418,0,1,0
box_detour_wall_far,oi_face_track_safe_mppi,9698,256,16,0,0,0,1,0,420,1.23074,0.0557503,56.0226,0,0.562811,0.488039,0.479504,201.392,210.244,1720320,0.5158,0.543,0,0.479686,0,1,0
box_detour_wall_far,oi_face_track_safe_mppi,9705,256,16,0,0,0,1,0,420,0.36629,0.0276801,50.9465,0,0.553932,0.549667,0.506537,212.746,222.32,1720320,0.5499,0.5856,0,0.506714,0,1,0
box_detour_wall_far,oi_face_track_safe_mppi,9712,256,16,0,0,0,1,0,420,0.789433,0.0160745,50.3753,0,0.605138,0.634576,0.477968,200.747,211.18,1720320,0.504,0.5606,0,0.478158,0,1,0
box_detour_wall_far,oi_face_track_safe_mppi,9719,256,16,0,0,0,1,0,420,0.996965,0.0766473,52.0878,0,0.586349,0.579798,0.489187,205.458,215.866,1720320,0.5397,0.7829,0,0.489369,0,1,0
box_detour_wall_far,oi_face_track_safe_mppi,9726,256,16,0,0,0,1,0,420,1.04558,0.00832715,53.2958,0,0.595159,0.618885,0.471061,197.845,209.879,1720320,0.5171,0.7986,0,0.471266,0,1,0
box_detour_wall_far,oi_face_track_safe_mppi,9733,256,16,0,0,0,1,0,420,0.973761,0.653419,51.3435,0,0.579161,0.622347,0.472778,198.567,212.608,1720320,0.5239,1.0695,0,0.473205,0,1,0
box_detour_wall_far,oi_face_track_safe_mppi,9740,256,16,0,0,1,1,1,355,0.230166,0.0528537,40.4387,0,0.558266,0.528387,0.48352,171.65,182.507,1454080,0.5602,1.3086,0,0.483767,0,1,1
box_detour_wall_far,oi_face_track_safe_mppi,9747,256,16,0,0,0,1,0,420,0.921313,0.0158441,54.7319,0,0.565962,0.548852,0.497456,208.932,225.051,1720320,0.562,0.9142,0,0.497679,0,1,0
box_detour_wall_far,oi_face_track_safe_mppi,9754,256,16,0,0,0,1,0,420,0.373373,0.0495879,46.6851,0,0.596063,0.600154,0.471835,198.171,210.807,1720320,0.5257,1.4984,0,0.472051,0,1,0
box_detour_wall_far,oi_face_track_safe_mppi,9761,256,16,0,0,0,1,0,420,1.05144,0.0351233,53.5206,0,0.583914,0.566747,0.472725,198.544,210.657,1720320,0.5186,0.8422,0,0.472923,0,1,0
box_detour_wall_far,oi_face_track_safe_mppi,9768,256,16,0,0,1,1,1,404,0.248249,0.087805,42.1242,0,0.581986,0.588793,0.467269,188.777,199.441,1654784,0.5061,0.5543,0,0.467468,0,1,1
box_detour_wall_far,oi_face_track_safe_mppi,9775,256,16,0,0,0,1,0,420,1.24724,0.0499976,56.3979,0,0.541038,0.512238,0.465193,195.381,206.41,1720320,0.5073,0.7392,0,0.465388,0,1,0
box_detour_wall_far,oi_face_track_safe_mppi,9782,256,16,0,0,0,1,0,420,0.38387,0.0391384,47.8999,0,0.606562,0.628013,0.497295,208.864,225.488,1720320,0.6003,5.2478,0,0.497533,0,1,0
box_detour_wall_far,oi_face_track_safe_mppi,9789,256,16,0,0,0,1,0,420,0.488357,0.165681,51.2019,0,0.579502,0.590536,0.517913,217.523,231.572,1720320,0.5752,0.9261,0,0.518143,0,1,0
box_detour_wall_far,oi_face_track_safe_mppi,9796,256,16,0,0,0,1,0,420,1.09113,0.0984516,52.9646,0,0.582016,0.583623,0.478308,200.89,214.308,1720320,0.5314,0.8917,0,0.478514,0,1,0
box_detour_wall_far,oi_face_track_safe_mppi,9803,256,16,0,0,0,1,0,420,1.15974,0.131741,52.5994,0,0.534143,0.469417,0.475147,199.562,212.326,1720320,0.5193,0.9548,0,0.475347,0,1,0
box_detour_wall_far,oi_face_track_safe_mppi,9810,256,16,0,0,1,1,1,261,0.248292,0.071803,28.3029,0,0.666624,0.74566,0.48086,125.505,134.098,1069056,0.551,0.8921,0,0.481135,0,1,1
box_detour_wall_far,oi_face_track_safe_mppi,9817,256,16,0,0,1,1,1,415,0.24187,0.0519515,45.5917,0,0.569062,0.559628,0.492685,204.464,220.661,1699840,0.7206,1.229,0,0.492916,0,1,1
box_detour_wall_far,oi_face_track_safe_mppi,9824,256,16,0,0,0,1,0,420,1.14262,0.187658,51.8885,0,0.533693,0.45008,0.84365,354.333,369.89,1720320,1.2084,1.6869,0,0.843877,0,1,0
box_detour_wall_far,oi_face_track_safe_mppi,9831,256,16,0,0,0,1,0,420,0.75102,0.0680478,51.6779,0,0.54801,0.526182,0.924712,388.379,406.455,1720320,1.2082,1.4728,0,0.927277,0,1,0
box_detour_wall_far,oi_face_track_safe_mppi,9838,256,16,0,0,0,1,0,420,1.13426,0.252808,51.0508,0,0.527358,0.500498,0.937449,393.729,409.816,1720320,1.2148,3.9399,0,0.937698,0,1,0
box_detour_wall_far,oi_face_track_safe_mppi,9845,256,16,0,0,0,1,0,420,1.15591,0.0011996,54.2769,0,0.567009,0.557489,0.937069,393.569,404.909,1720320,1.2195,1.2332,0,0.937262,0,1,0
box_detour_wall_far,oi_face_track_safe_mppi,9852,256,16,0,0,0,1,0,420,1.16378,0.0372289,56.2532,0,0.551844,0.501795,0.958324,402.496,414.482,1720320,1.2171,1.2292,0,0.95852,0,1,0
box_detour_wall_far,oi_face_track_safe_mppi,9859,256,16,0,0,0,1,0,420,1.27312,0.112964,58.4859,0,0.566594,0.534041,0.959919,403.166,415.312,1720320,1.2039,1.2261,0,0.960127,0,1,0
box_detour_wall_far,soppi_fast,9656,256,16,1,0.01,0,1,0,420,0.778495,0.224026,31.5106,0,0.39386,0.33238,4.21364,1769.73,1796.22,1720320,4.4767,5.047,0,4.21393,0,1,0
box_detour_wall_far,soppi_fast,9663,256,16,1,0.01,1,1,1,128,0.234231,0.0122364,16.7416,0,0.859125,1.25964,4.40545,563.897,571.551,524288,4.6227,5.1487,0,4.40592,0,1,1
box_detour_wall_far,soppi_fast,9670,256,16,1,0.01,1,1,1,136,0.246698,0.00357347,17.8075,0,0.880534,1.59199,4.55361,619.291,627.095,557056,5.2688,5.3336,0,4.55407,0,1,1
box_detour_wall_far,soppi_fast,9677,256,16,1,0.01,0,1,0,420,0.853334,0.219699,34.9677,0,0.395948,0.316602,4.41638,1854.88,1879.65,1720320,5.2114,5.3647,0,4.41664,0,1,0
box_detour_wall_far,soppi_fast,9684,256,16,1,0.01,1,1,1,213,0.247175,0.034666,27.8484,0,0.583856,0.683553,4.58153,975.865,987.257,872448,5.1591,5.1748,0,4.58189,0,1,1
box_detour_wall_far,soppi_fast,9691,256,16,1,0.01,1,1,1,128,0.23651,0.0145526,16.343,0,0.79638,1.08944,4.3772,560.282,568.861,524288,4.7269,5.3306,0,4.37764,0,1,1
box_detour_wall_far,soppi_fast,9698,256,16,1,0.01,1,1,1,133,0.246034,0.00678539,17.5932,0,0.714671,0.770295,4.337,576.821,585.044,544768,4.5018,5.1397,0,4.3374,0,1,1
box_detour_wall_far,soppi_fast,9705,256,16,1,0.01,1,1,1,214,0.236323,0.01508,28.2627,0,0.588955,0.634996,4.39473,940.472,958.184,876544,4.5131,5.5893,0,4.39516,0,1,1
box_detour_wall_far,soppi_fast,9712,256,16,1,0.01,1,1,1,141,0.24383,0.0243105,18.2729,0,0.730864,0.866816,4.43948,625.967,636.783,577536,5.125,5.1476,0,4.44002,0,1,1
box_detour_wall_far,soppi_fast,9719,256,16,1,0.01,0,1,0,420,1.31821,0.0301096,59.2623,0,0.38144,0.293515,4.49461,1887.73,1914.41,1720320,4.721,7.3333,0,4.4949,0,1,0
box_detour_wall_far,soppi_fast,9726,256,16,1,0.01,1,1,1,127,0.242766,0.00317879,16.7163,0,0.796267,1.04471,4.30663,546.942,557.448,520192,5.0906,5.1566,0,4.30729,0,1,1
box_detour_wall_far,soppi_fast,9733,256,16,1,0.01,0,1,0,420,0.827865,0.25903,34.104,0,0.410959,0.385355,4.23098,1777.01,1805.86,1720320,4.4723,5.2919,0,4.23132,0,1,0
box_detour_wall_far,soppi_fast,9740,256,16,1,0.01,1,1,1,356,0.247889,0.0264273,46.8541,0,0.470785,0.410885,4.64188,1652.51,1682.88,1458176,5.207,6.6078,0,4.64231,0,1,1
box_detour_wall_far,soppi_fast,9747,256,16,1,0.01,1,1,1,133,0.235582,0.00291566,17.723,0,0.797505,1.12956,4.36305,580.285,589.06,544768,5.0781,5.1402,0,4.36356,0,1,1
box_detour_wall_far,soppi_fast,9754,256,16,1,0.01,1,1,1,147,0.243016,0.063677,19.1707,0,0.846015,1.18276,4.37741,643.479,652.087,602112,4.5748,5.141,0,4.37791,0,1,1
box_detour_wall_far,soppi_fast,9761,256,16,1,0.01,1,1,1,145,0.241901,0.00367062,19.1057,0,0.784827,1.13844,4.36078,632.314,640.641,593920,4.5278,5.1464,0,4.36125,0,1,1
box_detour_wall_far,soppi_fast,9768,256,16,1,0.01,1,1,1,136,0.246363,0.0115509,16.7559,0,0.766263,1.09973,4.38537,596.41,605.206,557056,5.0982,5.1477,0,4.3858,0,1,1
box_detour_wall_far,soppi_fast,9775,256,16,1,0.01,0,1,0,420,0.853707,0.229036,34.669,0,0.405219,0.362472,4.30348,1807.46,1835.79,1720320,4.5619,5.1526,0,4.30377,0,1,0
box_detour_wall_far,soppi_fast,9782,256,16,1,0.01,1,1,1,134,0.243627,0.0273281,17.1521,0,0.839349,1.48178,4.39118,588.418,597.922,548864,5.1868,5.2729,0,4.39163,0,1,1
box_detour_wall_far,soppi_fast,9789,256,16,1,0.01,1,1,1,157,0.248246,0.0397374,19.9032,0,0.631512,0.672032,4.45033,698.702,707.676,643072,5.1306,5.205,0,4.45082,0,1,1
box_detour_wall_far,soppi_fast,9796,256,16,1,0.01,0,1,0,420,0.840467,0.240159,33.9712,0,0.395789,0.329874,4.25287,1786.2,1816,1720320,4.6509,5.1733,0,4.25313,0,1,0
box_detour_wall_far,soppi_fast,9803,256,16,1,0.01,1,1,1,130,0.237224,0.0176362,17.1251,0,0.749288,0.934674,4.37926,569.304,578.117,532480,5.1288,5.1576,0,4.37973,0,1,1
box_detour_wall_far,soppi_fast,9810,256,16,1,0.01,1,1,1,156,0.249343,0.0252186,19.5325,0,0.681985,0.862656,4.31062,672.456,682.291,638976,4.7356,5.2552,0,4.31107,0,1,1
box_detour_wall_far,soppi_fast,9817,256,16,1,0.01,1,1,1,411,0.236157,0.0488725,33.3145,0,0.444376,0.437939,4.32037,1775.67,1804.91,1683456,4.5551,5.1043,0,4.32069,0,1,1
box_detour_wall_far,soppi_fast,9824,256,16,1,0.01,0,1,0,420,0.812523,0.272361,35.0047,0,0.44338,0.43098,4.26908,1793.01,1827.39,1720320,5.0489,5.2676,0,4.2694,0,1,0
box_detour_wall_far,soppi_fast,9831,256,16,1,0.01,1,1,1,139,0.24462,0.0281028,17.056,0,0.755966,1.0904,4.30092,597.828,608.592,569344,5.026,5.3961,0,4.30144,0,1,1
box_detour_wall_far,soppi_fast,9838,256,16,1,0.01,1,1,1,204,0.249771,0.0325151,25.1128,0,0.576482,0.653453,4.54852,927.899,941.372,835584,5.1997,5.3854,0,4.54895,0,1,1
box_detour_wall_far,soppi_fast,9845,256,16,1,0.01,0,1,0,420,0.810728,0.254408,31.4399,0,0.409241,0.335542,4.18383,1757.21,1791.97,1720320,4.4796,5.2737,0,4.18417,0,1,0
box_detour_wall_far,soppi_fast,9852,256,16,1,0.01,0,1,0,420,0.830106,0.248459,33.6471,0,0.406641,0.337167,4.20448,1765.88,1797.06,1720320,4.5531,5.1236,0,4.20484,0,1,0
box_detour_wall_far,soppi_fast,9859,256,16,1,0.01,1,1,1,253,0.249005,0.0494285,30.613,0,0.524184,0.508666,4.372,1106.12,1122.36,1036288,4.5127,5.0844,0,4.37238,0,1,1
box_detour_wall_left,oi_face_axis_mppi,9556,256,16,0,0,0,1,0,420,1.22916,0.0701902,49.9793,0,0.59194,0.490111,0.976766,410.242,427.069,1720320,1.2203,1.3618,0,0.976987,0,1,0
box_detour_wall_left,oi_face_axis_mppi,9563,256,16,0,0,0,1,0,420,1.21982,0.0758337,49.1561,0,0.552089,0.428655,0.984575,413.521,425.688,1720320,1.2216,1.2313,0,0.984782,0,1,0
box_detour_wall_left,oi_face_axis_mppi,9570,256,16,0,0,0,1,0,420,1.24101,0.0879777,50.6862,0,0.58867,0.51602,0.965282,405.419,420.523,1720320,1.2142,1.2267,0,0.965529,0,1,0
box_detour_wall_left,oi_face_axis_mppi,9577,256,16,0,0,0,1,0,420,1.21099,0.0959104,48.6318,0,0.588159,0.50334,0.935607,392.955,406.018,1720320,1.1929,1.2239,0,0.935824,0,1,0
box_detour_wall_left,oi_face_axis_mppi,9584,256,16,0,0,0,1,0,420,1.22448,0.0665799,49.4084,0,0.578622,0.466375,0.906002,380.521,395.947,1720320,1.1848,1.4393,0,0.906249,0,1,0
box_detour_wall_left,oi_face_axis_mppi,9591,256,16,0,0,0,1,0,420,1.20656,0.0538617,48.3034,0,0.574439,0.465712,0.927067,389.368,403.753,1720320,1.1898,1.2136,0,0.927342,0,1,0
box_detour_wall_left,oi_face_axis_mppi,9598,256,16,0,0,0,1,0,420,1.26108,0.0874071,52.1416,0,0.574416,0.481627,0.930531,390.823,406.527,1720320,1.1872,1.2944,0,0.93078,0,1,0
box_detour_wall_left,oi_face_axis_mppi,9605,256,16,0,0,0,1,0,420,1.22558,0.076309,49.435,0,0.580295,0.531537,0.949259,398.689,413.741,1720320,1.1998,1.2117,0,0.949499,0,1,0
box_detour_wall_left,oi_face_axis_mppi,9612,256,16,0,0,0,1,0,420,1.23182,0.0687755,49.9433,0,0.572277,0.480641,0.921671,387.102,399.954,1720320,1.1916,1.2845,0,0.921888,0,1,0
box_detour_wall_left,oi_face_axis_mppi,9619,256,16,0,0,0,1,0,420,1.21935,0.0758205,49.1679,0,0.575123,0.475213,0.975088,409.537,423.288,1720320,1.1885,1.2256,0,0.975339,0,1,0
box_detour_wall_left,oi_face_axis_mppi,9626,256,16,0,0,0,1,0,420,1.24415,0.078923,50.9489,0,0.570339,0.492509,0.943694,396.352,410.427,1720320,1.192,1.2543,0,0.943921,0,1,0
box_detour_wall_left,oi_face_axis_mppi,9633,256,16,0,0,0,1,0,420,1.24113,0.0871427,50.4829,0,0.570285,0.473449,0.909093,381.819,395.517,1720320,1.1882,1.2275,0,0.909306,0,1,0
box_detour_wall_left,oi_face_axis_mppi,9640,256,16,0,0,0,1,0,420,1.23531,0.0979491,50.2112,0,0.58382,0.500241,0.962386,404.202,418.828,1720320,1.2162,1.3127,0,0.962621,0,1,0
box_detour_wall_left,oi_face_axis_mppi,9647,256,16,0,0,0,1,0,420,1.2081,0.0649078,48.1797,0,0.570663,0.466928,0.963262,404.57,421.257,1720320,1.2141,1.4298,0,0.963512,0,1,0
box_detour_wall_left,oi_face_axis_mppi,9654,256,16,0,0,0,1,0,420,1.2029,0.0920726,48.0456,0,0.579427,0.496164,0.504855,212.039,225.617,1720320,0.5438,0.8892,0,0.505108,0,1,0
box_detour_wall_left,oi_face_axis_mppi,9661,256,16,0,0,0,1,0,420,1.23606,0.0927298,50.5498,0,0.586832,0.515896,0.453711,190.559,205.578,1720320,0.5479,1.3986,0,0.453936,0,1,0
box_detour_wall_left,oi_face_axis_mppi,9668,256,16,0,0,0,1,0,420,1.21524,0.0943703,49.0115,0,0.555337,0.459238,0.495547,208.13,222.683,1720320,0.5525,1.1718,0,0.495779,0,1,0
box_detour_wall_left,oi_face_axis_mppi,9675,256,16,0,0,1,1,1,418,0.241672,0.0337821,43.128,0,0.54686,0.426797,0.467605,195.459,210.115,1712128,0.5318,1.2468,0,0.467833,0,1,1
box_detour_wall_left,oi_face_axis_mppi,9682,256,16,0,0,0,1,0,420,1.21612,0.0710279,48.6857,0,0.581717,0.483076,0.462217,194.131,207.167,1720320,0.509,0.7317,0,0.46248,0,1,0
box_detour_wall_left,oi_face_axis_mppi,9689,256,16,0,0,0,1,0,420,1.2088,0.0649066,48.5729,0,0.599064,0.523472,0.460669,193.481,206.45,1720320,0.5158,0.9617,0,0.460894,0,1,0
box_detour_wall_left,oi_face_axis_mppi,9696,256,16,0,0,0,1,0,420,1.20124,0.0538823,47.7487,0,0.564076,0.443341,0.461768,193.943,205.914,1720320,0.5206,0.7788,0,0.462014,0,1,0
box_detour_wall_left,oi_face_axis_mppi,9703,256,16,0,0,0,1,0,420,1.21112,0.0593631,48.4215,0,0.577614,0.476738,0.489832,205.729,217.113,1720320,0.5289,0.582,0,0.490031,0,1,0
box_detour_wall_left,oi_face_axis_mppi,9710,256,16,0,0,0,1,0,420,1.21562,0.0666917,48.8546,0,0.557979,0.453104,0.496753,208.636,220.214,1720320,0.5274,0.5929,0,0.49695,0,1,0
box_detour_wall_left,oi_face_axis_mppi,9717,256,16,0,0,0,1,0,420,1.21108,0.0674727,48.6158,0,0.586595,0.497691,0.458007,192.363,203.756,1720320,0.5045,0.5566,0,0.458205,0,1,0
box_detour_wall_left,oi_face_axis_mppi,9724,256,16,0,0,0,1,0,420,1.22711,0.0875826,49.619,0,0.592327,0.514852,0.456314,191.652,203.622,1720320,0.5072,0.5631,0,0.456517,0,1,0
box_detour_wall_left,oi_face_axis_mppi,9731,256,16,0,0,0,1,0,420,1.22529,0.0965736,49.3033,0,0.566118,0.461042,0.461015,193.626,205.073,1720320,0.5152,0.7056,0,0.461202,0,1,0
box_detour_wall_left,oi_face_axis_mppi,9738,256,16,0,0,0,1,0,420,1.22489,0.083787,49.6982,0,0.573936,0.484668,0.455216,191.191,202.817,1720320,0.5118,0.5612,0,0.455395,0,1,0
box_detour_wall_left,oi_face_axis_mppi,9745,256,16,0,0,0,1,0,420,1.2186,0.0877272,49.0622,0,0.57494,0.481353,0.467717,196.441,208.281,1720320,0.5046,0.7825,0,0.467911,0,1,0
box_detour_wall_left,oi_face_axis_mppi,9752,256,16,0,0,0,1,0,420,1.20928,0.0635834,48.4256,0,0.564544,0.451044,0.471931,198.211,213.175,1720320,0.6047,1.136,0,0.472198,0,1,0
box_detour_wall_left,oi_face_axis_mppi,9759,256,16,0,0,0,1,0,420,1.22092,0.14142,49.6913,0,0.569223,0.497367,0.477442,200.526,218.468,1720320,0.6627,4.3368,0,0.477699,0,1,0
box_detour_wall_left,oi_face_axis_safe_mppi,9556,256,16,0,0,1,1,1,129,0.242033,0.00708732,11.7987,0,0.698567,0.794956,0.460034,59.3444,63.592,528384,0.5305,1.8127,0,0.460391,0,1,1
box_detour_wall_left,oi_face_axis_safe_mppi,9563,256,16,0,0,1,1,1,121,0.241017,0.00171437,10.5919,0,0.546507,0.522141,0.456877,55.2821,59.0843,495616,0.6513,1.0807,0,0.457273,0,1,1
box_detour_wall_left,oi_face_axis_safe_mppi,9570,256,16,0,0,1,1,1,134,0.233882,0.025527,11.5416,0,0.706941,0.740003,0.399237,53.4978,58.1949,548864,0.539,0.7388,0,0.399624,0,1,1
box_detour_wall_left,oi_face_axis_safe_mppi,9577,256,16,0,0,1,1,1,122,0.248215,0.0152225,10.9247,0,0.707063,0.834939,0.677667,82.6754,87.6203,499712,3.674,8.2067,0,0.678063,0,1,1
box_detour_wall_left,oi_face_axis_safe_mppi,9584,256,16,0,0,1,1,1,117,0.243097,0.0238024,10.3428,0,0.577075,0.491251,0.522551,61.1385,68.7496,479232,1.3586,1.9686,0,0.523185,0,1,1
box_detour_wall_left,oi_face_axis_safe_mppi,9591,256,16,0,0,1,1,1,116,0.239608,0.0284007,10.1434,0,0.605638,0.618628,0.456416,52.9443,58.9825,475136,0.6435,1.5846,0,0.456777,0,1,1
box_detour_wall_left,oi_face_axis_safe_mppi,9598,256,16,0,0,1,1,1,122,0.241119,0.00250371,10.7738,0,0.628754,0.618875,0.444541,54.234,58.136,499712,0.597,0.7357,0,0.444971,0,1,1
box_detour_wall_left,oi_face_axis_safe_mppi,9605,256,16,0,0,1,1,1,96,0.237455,0.0454352,9.10489,0,0.639433,0.848302,0.476003,45.6963,49.5326,393216,0.6129,0.8693,0,0.476459,0,1,1
box_detour_wall_left,oi_face_axis_safe_mppi,9612,256,16,0,0,1,1,1,155,0.244954,0.00360628,11.1591,0,0.62483,0.644638,0.443244,68.7028,73.0787,634880,0.5036,0.5839,0,0.443559,0,1,1
box_detour_wall_left,oi_face_axis_safe_mppi,9619,256,16,0,0,1,1,1,102,0.231264,0.0220756,9.87432,0,0.562562,0.500563,0.462586,47.1838,50.3196,417792,0.5202,0.5477,0,0.462983,0,1,1
box_detour_wall_left,oi_face_axis_safe_mppi,9626,256,16,0,0,1,1,1,134,0.237162,0.00219,11.6689,0,0.651729,0.686951,0.46356,62.1171,66.4825,548864,0.5225,0.5436,0,0.463878,0,1,1
box_detour_wall_left,oi_face_axis_safe_mppi,9633,256,16,0,0,1,1,1,136,0.231763,0.0232123,11.9875,0,0.631679,0.655681,0.441643,60.0635,64.5075,557056,0.5228,0.5466,0,0.441972,0,1,1
box_detour_wall_left,oi_face_axis_safe_mppi,9640,256,16,0,0,1,1,1,116,0.244102,0.00792733,10.2232,0,0.61952,0.591899,0.464503,53.8824,57.7547,475136,0.5064,0.7043,0,0.46485,0,1,1
box_detour_wall_left,oi_face_axis_safe_mppi,9647,256,16,0,0,1,1,1,115,0.248389,0.0206858,9.76907,0,0.646281,0.697615,0.503214,57.8696,61.3803,471040,0.5437,0.5959,0,0.503822,0,1,1
box_detour_wall_left,oi_face_axis_safe_mppi,9654,256,16,0,0,1,1,1,121,0.248603,0.0138664,10.7168,0,0.627995,0.672274,0.409007,49.4898,53.1363,495616,0.5361,0.7664,0,0.409365,0,1,1
box_detour_wall_left,oi_face_axis_safe_mppi,9661,256,16,0,0,1,1,1,123,0.240882,0.00338356,11.0939,0,0.729516,0.900036,0.518842,63.8176,68.4526,503808,0.5427,1.2057,0,0.519295,0,1,1
box_detour_wall_left,oi_face_axis_safe_mppi,9668,256,16,0,0,1,1,1,123,0.245271,0.00923561,10.8696,0,0.644914,0.653503,0.476255,58.5794,62.7535,503808,0.5299,0.5741,0,0.476628,0,1,1
box_detour_wall_left,oi_face_axis_safe_mppi,9675,256,16,0,0,1,1,1,119,0.24069,0.00208779,10.523,0,0.582726,0.555318,0.460455,54.7942,58.6085,487424,0.5252,0.577,0,0.460812,0,1,1
box_detour_wall_left,oi_face_axis_safe_mppi,9682,256,16,0,0,1,1,1,123,0.244739,0.0255908,10.229,0,0.619425,0.576996,0.479842,59.0206,64.8886,503808,0.6499,0.9006,0,0.480221,0,1,1
box_detour_wall_left,oi_face_axis_safe_mppi,9689,256,16,0,0,1,1,1,123,0.247298,0.0557804,10.4116,0,0.677863,0.758306,0.439218,54.0238,58.2523,503808,0.4895,0.72,0,0.439763,0,1,1
box_detour_wall_left,oi_face_axis_safe_mppi,9696,256,16,0,0,1,1,1,138,0.248052,0.0432269,10.8208,0,0.578757,0.534698,0.456965,63.0611,68.2744,565248,0.5483,1.3494,0,0.457368,0,1,1
box_detour_wall_left,oi_face_axis_safe_mppi,9703,256,16,0,0,1,1,1,115,0.245734,0.00401242,9.81296,0,0.637025,0.663391,0.451843,51.9619,55.9572,471040,0.5007,0.5255,0,0.452205,0,1,1
box_detour_wall_left,oi_face_axis_safe_mppi,9710,256,16,0,0,1,1,1,111,0.23752,0.0243058,10.4522,0,0.587019,0.558457,0.457722,50.8071,54.3987,454656,0.5134,0.539,0,0.458063,0,1,1
box_detour_wall_left,oi_face_axis_safe_mppi,9717,256,16,0,0,1,1,1,131,0.231589,0.0167895,11.1439,0,0.603926,0.559088,0.429741,56.2961,60.9014,536576,0.5372,0.567,0,0.430138,0,1,1
box_detour_wall_left,oi_face_axis_safe_mppi,9724,256,16,0,0,1,1,1,122,0.240539,0.0168971,10.5466,0,0.702263,0.766955,0.45835,55.9187,59.3276,499712,0.4839,0.5071,0,0.45869,0,1,1
box_detour_wall_left,oi_face_axis_safe_mppi,9731,256,16,0,0,1,1,1,150,0.242465,0.0103732,12.846,0,0.590638,0.515114,0.459903,68.9855,73.6819,614400,0.4971,0.6532,0,0.460254,0,1,1
box_detour_wall_left,oi_face_axis_safe_mppi,9738,256,16,0,0,1,1,1,147,0.234847,0.0170273,12.2065,0,0.614819,0.619924,0.452321,66.4912,71.1267,602112,0.4912,0.513,0,0.452879,0,1,1
box_detour_wall_left,oi_face_axis_safe_mppi,9745,256,16,0,0,1,1,1,128,0.227356,0.0511724,10.5354,0,0.649088,0.68021,0.426745,54.6234,58.7199,524288,0.496,0.7163,0,0.427063,0,1,1
box_detour_wall_left,oi_face_axis_safe_mppi,9752,256,16,0,0,1,1,1,132,0.238419,0.0139374,11.2141,0,0.565181,0.507714,0.456293,60.2306,64.321,540672,0.4993,0.569,0,0.456627,0,1,1
box_detour_wall_left,oi_face_axis_safe_mppi,9759,256,16,0,0,1,1,1,123,0.239045,0.0177967,10.2688,0,0.58375,0.583682,0.461448,56.7581,62.5506,503808,0.5434,0.6837,0,0.461802,0,1,1
box_detour_wall_left,oi_face_track_mppi,9556,256,16,0,0,1,1,1,418,0.238935,0.00996908,44.7547,0,0.515539,0.439538,0.468072,195.654,207.127,1712128,0.5283,0.5889,0,0.468277,0,1,1
box_detour_wall_left,oi_face_track_mppi,9563,256,16,0,0,1,1,1,265,0.239751,0.0286904,27.3241,0,0.53639,0.479144,0.46593,123.472,131.021,1085440,0.5259,0.5978,0,0.466176,0,1,1
box_detour_wall_left,oi_face_track_mppi,9570,256,16,0,0,1,1,1,251,0.238651,0.0713549,25.9006,0,0.573049,0.504318,0.464537,116.599,123.98,1028096,0.4902,0.6185,0,0.464789,0,1,1
box_detour_wall_left,oi_face_track_mppi,9577,256,16,0,0,0,1,0,420,0.650434,0.167974,45.0638,0,0.539854,0.490926,0.498652,209.434,222.513,1720320,0.5364,0.5727,0,0.498857,0,1,0
box_detour_wall_left,oi_face_track_mppi,9584,256,16,0,0,1,1,1,87,0.246994,0.0302424,9.02093,0,0.585449,0.510896,0.47066,40.9474,43.723,356352,0.5287,0.5578,0,0.471126,0,1,1
box_detour_wall_left,oi_face_track_mppi,9591,256,16,0,0,0,1,0,420,0.813437,0.0450822,45.0637,0,0.530829,0.477113,0.473974,199.069,212.093,1720320,0.5116,0.7078,0,0.474206,0,1,0
box_detour_wall_left,oi_face_track_mppi,9598,256,16,0,0,0,1,0,420,0.522778,0.115067,44.3149,0,0.531797,0.499092,0.473954,199.061,214.421,1720320,0.7182,1.2879,0,0.474181,0,1,0
box_detour_wall_left,oi_face_track_mppi,9605,256,16,0,0,0,1,0,420,0.288838,0.0486929,42.4447,0,0.51895,0.456354,0.472291,198.362,212.967,1720320,0.6225,0.8243,0,0.472521,0,1,0
box_detour_wall_left,oi_face_track_mppi,9612,256,16,0,0,1,1,1,416,0.236519,0.0210826,44.7381,0,0.533357,0.502098,0.48739,202.754,220.367,1703936,0.571,2.4523,0,0.48763,0,1,1
box_detour_wall_left,oi_face_track_mppi,9619,256,16,0,0,0,1,0,420,1.11896,0.0991715,47.4655,0,0.54178,0.493314,0.464488,195.085,210.321,1720320,0.5419,0.8744,0,0.464712,0,1,0
box_detour_wall_left,oi_face_track_mppi,9626,256,16,0,0,0,1,0,420,1.11548,0.0865116,47.9538,0,0.524359,0.469487,0.497039,208.756,225.399,1720320,0.5906,2.0289,0,0.497283,0,1,0
box_detour_wall_left,oi_face_track_mppi,9633,256,16,0,0,1,1,1,116,0.230742,0.0102125,11.3066,0,0.527524,0.468308,0.59343,68.8379,80.96,475136,1.0404,7.6415,0,0.594039,0,1,1
box_detour_wall_left,oi_face_track_mppi,9640,256,16,0,0,1,1,1,337,0.227181,0.0238875,32.9915,0,0.56257,0.509696,0.520781,175.503,193.84,1380352,0.7429,2.858,0,0.52119,0,1,1
box_detour_wall_left,oi_face_track_mppi,9647,256,16,0,0,1,1,1,331,0.236722,0.0336094,32.5628,0,0.560128,0.51299,0.477449,158.035,169.319,1355776,0.744,2.248,0,0.477785,0,1,1
box_detour_wall_left,oi_face_track_mppi,9654,256,16,0,0,1,1,1,415,0.230377,0.0312507,41.6083,0,0.516713,0.45002,0.499814,207.423,223.163,1699840,0.7595,2.4411,0,0.500102,0,1,1
box_detour_wall_left,oi_face_track_mppi,9661,256,16,0,0,1,1,1,107,0.247255,0.173729,11.4292,0,0.618767,0.573813,0.478966,51.2494,55.2143,438272,0.5569,0.7017,0,0.47945,0,1,1
box_detour_wall_left,oi_face_track_mppi,9668,256,16,0,0,0,1,0,420,1.09478,0.0924599,47.9885,0,0.526073,0.455139,0.511717,214.921,233.634,1720320,0.5855,1.2332,0,0.512033,0,1,0
box_detour_wall_left,oi_face_track_mppi,9675,256,16,0,0,1,1,1,274,0.237983,0.0604354,27.4359,0,0.536881,0.474953,0.49506,135.646,145.459,1122304,0.6366,0.8828,0,0.495346,0,1,1
box_detour_wall_left,oi_face_track_mppi,9682,256,16,0,0,1,1,1,97,0.231988,0.0211238,10.4744,0,0.689295,0.747273,0.482463,46.7989,50.3237,397312,0.7898,1.049,0,0.483,0,1,1
box_detour_wall_left,oi_face_track_mppi,9689,256,16,0,0,1,1,1,338,0.240153,0.0868899,15.458,0,0.491833,0.42575,0.502013,169.681,183.567,1384448,0.8239,1.9915,0,0.502291,0,1,1
box_detour_wall_left,oi_face_track_mppi,9696,256,16,0,0,0,1,0,420,1.13817,0.114686,47.2725,0,0.468285,0.39554,0.491794,206.553,223.528,1720320,0.7297,1.6251,0,0.492023,0,1,0
box_detour_wall_left,oi_face_track_mppi,9703,256,16,0,0,1,1,1,123,0.235937,0.0188913,11.2066,0,0.631264,0.59682,0.490209,60.2957,64.8318,503808,0.7769,0.8772,0,0.490589,0,1,1
box_detour_wall_left,oi_face_track_mppi,9710,256,16,0,0,1,1,1,144,0.241148,0.048278,14.7002,0,0.655116,0.684374,0.368575,53.0748,57.5723,589824,0.4994,0.8613,0,0.368963,0,1,1
box_detour_wall_left,oi_face_track_mppi,9717,256,16,0,0,1,1,1,125,0.241623,0.0139335,12.4153,0,0.585629,0.518688,0.344361,43.0451,47.0787,512000,0.4962,0.7779,0,0.344751,0,1,1
box_detour_wall_left,oi_face_track_mppi,9724,256,16,0,0,1,1,1,123,0.224878,0.125453,11.3234,0,0.543552,0.46128,0.439881,54.1054,57.5912,503808,0.507,0.6851,0,0.440196,0,1,1
box_detour_wall_left,oi_face_track_mppi,9731,256,16,0,0,0,1,0,420,1.14363,0.050149,48.4531,0,0.500043,0.422138,0.484937,203.673,221.278,1720320,0.5572,2.1265,0,0.48516,0,1,0
box_detour_wall_left,oi_face_track_mppi,9738,256,16,0,0,1,1,1,104,0.232959,0.0475341,9.6246,0,0.646252,0.67357,0.455512,47.3732,50.3435,425984,0.499,0.5163,0,0.455867,0,1,1
box_detour_wall_left,oi_face_track_mppi,9745,256,16,0,0,1,1,1,397,0.239863,0.0134198,39.0244,0,0.532063,0.468051,0.461989,183.409,194.855,1626112,0.5182,0.5664,0,0.4622,0,1,1
box_detour_wall_left,oi_face_track_mppi,9752,256,16,0,0,1,1,1,387,0.24267,0.0452508,39.6914,0,0.512614,0.441186,0.468815,181.431,193.748,1585152,0.5253,0.6383,0,0.469028,0,1,1
box_detour_wall_left,oi_face_track_mppi,9759,256,16,0,0,1,1,1,343,0.236874,0.00759945,35.3927,0,0.551372,0.497118,0.471087,161.583,172.467,1404928,0.5063,0.5711,0,0.471322,0,1,1
box_detour_wall_left,oi_face_track_safe_mppi,9556,256,16,0,0,0,1,0,420,1.10481,0.0822778,48.0384,0,0.570281,0.550334,0.484416,203.455,224.494,1720320,0.6136,1.0643,0,0.484644,0,1,0
box_detour_wall_left,oi_face_track_safe_mppi,9563,256,16,0,0,0,1,0,420,1.02464,0.299007,46.2866,0,0.556001,0.529411,0.472754,198.557,211.209,1720320,0.5083,0.5858,0,0.472982,0,1,0
box_detour_wall_left,oi_face_track_safe_mppi,9570,256,16,0,0,0,1,0,420,1.08343,0.0189096,45.9855,0,0.535812,0.480668,0.477422,200.517,213.206,1720320,0.5169,0.7825,0,0.477622,0,1,0
box_detour_wall_left,oi_face_track_safe_mppi,9577,256,16,0,0,0,1,0,420,1.06486,0.0393125,46.2364,0,0.54659,0.514764,0.478217,200.851,216.109,1720320,0.5572,0.9225,0,0.478445,0,1,0
box_detour_wall_left,oi_face_track_safe_mppi,9584,256,16,0,0,1,1,1,398,0.24585,0.00701661,41.3823,0,0.568708,0.532953,0.472051,187.876,201.529,1630208,0.523,0.7613,0,0.472327,0,1,1
box_detour_wall_left,oi_face_track_safe_mppi,9591,256,16,0,0,0,1,0,420,1.03966,0.245445,45.6489,0,0.550956,0.512258,0.468653,196.834,211.284,1720320,0.5226,0.9804,0,0.468899,0,1,0
box_detour_wall_left,oi_face_track_safe_mppi,9598,256,16,0,0,0,1,0,420,1.08927,0.0135678,47.005,0,0.596437,0.615295,0.483093,202.899,218.721,1720320,0.5338,1.294,0,0.483318,0,1,0
box_detour_wall_left,oi_face_track_safe_mppi,9605,256,16,0,0,0,1,0,420,1.05327,0.167845,46.0811,0,0.567258,0.546249,0.501983,210.833,223.504,1720320,0.5427,0.5713,0,0.502191,0,1,0
box_detour_wall_left,oi_face_track_safe_mppi,9612,256,16,0,0,0,1,0,420,1.03695,0.220566,45.4518,0,0.553249,0.518284,0.482405,202.61,217.454,1720320,0.5381,0.9293,0,0.482696,0,1,0
box_detour_wall_left,oi_face_track_safe_mppi,9619,256,16,0,0,0,1,0,420,1.10748,0.00695104,49.3388,0,0.568377,0.541577,0.487081,204.574,217.952,1720320,0.5371,0.7252,0,0.487301,0,1,0
box_detour_wall_left,oi_face_track_safe_mppi,9626,256,16,0,0,1,1,1,384,0.245257,0.00731902,39.269,0,0.551036,0.49305,0.46832,179.835,193.142,1572864,0.5129,0.5718,0,0.468563,0,1,1
box_detour_wall_left,oi_face_track_safe_mppi,9633,256,16,0,0,0,1,0,420,0.87881,0.674355,44.4705,0,0.509885,0.444585,0.917348,385.286,402.895,1720320,1.2109,1.2328,0,0.917566,0,1,0
box_detour_wall_left,oi_face_track_safe_mppi,9640,256,16,0,0,0,1,0,420,1.0785,0.231666,45.8082,0,0.548936,0.507314,0.945624,397.162,412.462,1720320,1.2079,1.2698,0,0.945858,0,1,0
box_detour_wall_left,oi_face_track_safe_mppi,9647,256,16,0,0,0,1,0,420,1.07758,0.0285665,45.995,0,0.576465,0.561931,0.93416,392.347,407.155,1720320,1.2034,1.2222,0,0.934407,0,1,0
box_detour_wall_left,oi_face_track_safe_mppi,9654,256,16,0,0,0,1,0,420,1.06619,0.0158341,45.5018,0,0.552935,0.53562,0.952086,399.876,416.199,1720320,1.2121,1.603,0,0.952427,0,1,0
box_detour_wall_left,oi_face_track_safe_mppi,9661,256,16,0,0,0,1,0,420,0.646252,0.254705,45.2369,0,0.560788,0.505682,0.935708,392.997,408.279,1720320,1.2101,1.2281,0,0.935942,0,1,0
box_detour_wall_left,oi_face_track_safe_mppi,9668,256,16,0,0,0,1,0,420,1.06011,0.189128,46.0903,0,0.520494,0.455992,0.956751,401.835,418.384,1720320,1.2178,1.2449,0,0.956966,0,1,0
box_detour_wall_left,oi_face_track_safe_mppi,9675,256,16,0,0,0,1,0,420,1.05669,0.03827,46.7866,0,0.611135,0.623917,0.934687,392.568,409.764,1720320,1.2124,1.4051,0,0.935047,0,1,0
box_detour_wall_left,oi_face_track_safe_mppi,9682,256,16,0,0,0,1,0,420,1.10477,0.0273238,46.5957,0,0.556585,0.544863,0.943568,396.299,411.376,1720320,1.2103,1.2245,0,0.943803,0,1,0
box_detour_wall_left,oi_face_track_safe_mppi,9689,256,16,0,0,0,1,0,420,0.652663,0.0485189,44.8012,0,0.588347,0.569668,0.919961,386.383,404.495,1720320,1.21,1.2501,0,0.920197,0,1,0
box_detour_wall_left,oi_face_track_safe_mppi,9696,256,16,0,0,0,1,0,420,1.08528,0.1004,46.7373,0,0.570387,0.556431,0.921886,387.192,408.062,1720320,1.2092,1.4958,0,0.922147,0,1,0
box_detour_wall_left,oi_face_track_safe_mppi,9703,256,16,0,0,0,1,0,420,0.949319,0.428537,45.1925,0,0.590481,0.589336,0.918652,385.834,402.888,1720320,1.2013,1.5659,0,0.9189,0,1,0
box_detour_wall_left,oi_face_track_safe_mppi,9710,256,16,0,0,0,1,0,420,1.11119,0.0279675,47.4633,0,0.548642,0.513262,0.960908,403.581,425.462,1720320,1.2127,1.5856,0,0.961164,0,1,0
box_detour_wall_left,oi_face_track_safe_mppi,9717,256,16,0,0,0,1,0,420,0.339935,0.100152,41.4393,0,0.580266,0.548274,0.906343,380.664,400.108,1720320,1.2094,1.2977,0,0.906594,0,1,0
box_detour_wall_left,oi_face_track_safe_mppi,9724,256,16,0,0,0,1,0,420,0.943765,0.657157,44.9182,0,0.567989,0.537749,0.938668,394.24,409.453,1720320,1.2078,1.2352,0,0.938907,0,1,0
box_detour_wall_left,oi_face_track_safe_mppi,9731,256,16,0,0,0,1,0,420,1.096,0.00752089,44.8923,0,0.575429,0.569564,0.928797,390.095,407.219,1720320,1.2105,1.2981,0,0.929023,0,1,0
box_detour_wall_left,oi_face_track_safe_mppi,9738,256,16,0,0,0,1,0,420,0.351251,0.00619505,41.3715,0,0.60896,0.586175,0.935378,392.859,414.95,1720320,1.2122,2.8312,0,0.935761,0,1,0
box_detour_wall_left,oi_face_track_safe_mppi,9745,256,16,0,0,0,1,0,420,1.04757,0.383971,45.9931,0,0.571953,0.55025,0.917636,385.407,407.31,1720320,1.216,2.3509,0,0.917908,0,1,0
box_detour_wall_left,oi_face_track_safe_mppi,9752,256,16,0,0,0,1,0,420,1.09402,0.00996377,46.8473,0,0.53749,0.492361,0.914609,384.136,404.338,1720320,1.212,1.782,0,0.914873,0,1,0
box_detour_wall_left,oi_face_track_safe_mppi,9759,256,16,0,0,0,1,0,420,1.07495,0.0599744,46.1047,0,0.532823,0.469175,0.952837,400.191,415.306,1720320,1.208,1.2974,0,0.953073,0,1,0
box_detour_wall_left,soppi_fast,9556,256,16,1,0.01,1,1,1,121,0.247382,0.0217657,11.8476,0,0.669089,0.660072,4.20025,508.23,516.343,495616,4.3596,4.3832,0,4.20074,0,1,1
box_detour_wall_left,soppi_fast,9563,256,16,1,0.01,1,1,1,256,0.243433,0.0270114,29.3574,0,0.455315,0.358106,4.47458,1145.49,1162.27,1048576,5.0007,5.1205,0,4.47494,0,1,1
box_detour_wall_left,soppi_fast,9570,256,16,1,0.01,0,1,0,420,1.23451,0.00640303,50.2256,0,0.314247,0.17665,4.18309,1756.9,1789.73,1720320,4.3525,4.5566,0,4.18342,0,1,0
box_detour_wall_left,soppi_fast,9577,256,16,1,0.01,1,1,1,406,0.245434,0.00198167,45.4967,0,0.367846,0.228599,4.44118,1803.12,1833.57,1662976,4.5794,5.1057,0,4.44149,0,1,1
box_detour_wall_left,soppi_fast,9584,256,16,1,0.01,1,1,1,128,0.244347,0.020439,12.7448,0,0.681875,0.746352,4.20358,538.059,550.23,524288,4.3648,5.0082,0,4.20415,0,1,1
box_detour_wall_left,soppi_fast,9591,256,16,1,0.01,1,1,1,128,0.240804,0.00572632,13.0818,0,0.627676,0.637146,4.30244,550.712,560.848,524288,4.5019,4.9161,0,4.30303,0,1,1
box_detour_wall_left,soppi_fast,9598,256,16,1,0.01,0,1,0,420,0.804692,0.243048,27.6903,0,0.32257,0.172008,4.29172,1802.52,1830.79,1720320,4.4309,5.4216,0,4.29208,0,1,0
box_detour_wall_left,soppi_fast,9605,256,16,1,0.01,1,1,1,123,0.246212,0.04334,11.6997,0,0.658107,0.621062,4.30964,530.086,539.509,503808,4.4685,4.7689,0,4.31019,0,1,1
box_detour_wall_left,soppi_fast,9612,256,16,1,0.01,1,1,1,128,0.246238,0.0220087,12.5641,0,0.696837,0.726381,4.35104,556.933,565.912,524288,4.637,5.1164,0,4.35159,0,1,1
box_detour_wall_left,soppi_fast,9619,256,16,1,0.01,1,1,1,374,0.240953,0.0417264,28.2865,0,0.377063,0.242712,4.39828,1644.96,1669.2,1531904,5.1167,5.3162,0,4.3986,0,1,1
box_detour_wall_left,soppi_fast,9626,256,16,1,0.01,0,1,0,420,0.832073,0.223391,30.0297,0,0.344841,0.220191,4.28867,1801.24,1831.73,1720320,4.4934,5.2057,0,4.28899,0,1,0
box_detour_wall_left,soppi_fast,9633,256,16,1,0.01,0,1,0,420,0.844494,0.222186,29.9081,0,0.354624,0.215841,4.24734,1783.88,1814.69,1720320,4.4796,5.3157,0,4.24767,0,1,0
box_detour_wall_left,soppi_fast,9640,256,16,1,0.01,0,1,0,420,1.24394,0.0328203,50.7293,0,0.348975,0.248414,4.25513,1787.15,1820.71,1720320,4.3535,5.0506,0,4.25547,0,1,0
box_detour_wall_left,soppi_fast,9647,256,16,1,0.01,1,1,1,135,0.248712,0.00702278,13.783,0,0.653263,0.752886,4.36047,588.664,598.113,552960,4.5093,5.0956,0,4.36093,0,1,1
box_detour_wall_left,soppi_fast,9654,256,16,1,0.01,0,1,0,420,0.82469,0.255029,44.1105,0,0.362533,0.239912,4.44447,1866.68,1898.09,1720320,5.0671,5.1395,0,4.44479,0,1,0
box_detour_wall_left,soppi_fast,9661,256,16,1,0.01,1,1,1,156,0.249344,0.0202278,16.6436,0,0.530752,0.499772,4.36641,681.16,692.364,638976,4.506,5.0891,0,4.36693,0,1,1
box_detour_wall_left,soppi_fast,9668,256,16,1,0.01,0,1,0,420,0.794193,0.24559,30.8488,0,0.37823,0.334861,4.39607,1846.35,1874.44,1720320,5.1466,5.3183,0,4.39639,0,1,0
box_detour_wall_left,soppi_fast,9675,256,16,1,0.01,1,1,1,120,0.241226,0.0352506,11.5128,0,0.633762,0.591776,4.32587,519.105,526.431,491520,4.4924,5.0969,0,4.32638,0,1,1
box_detour_wall_left,soppi_fast,9682,256,16,1,0.01,0,1,0,420,1.25816,0.00336194,51.6902,0,0.325769,0.177942,4.25338,1786.42,1825.9,1720320,4.3946,4.8862,0,4.25373,0,1,0
box_detour_wall_left,soppi_fast,9689,256,16,1,0.01,0,1,0,420,0.819367,0.238326,30.5258,0,0.368144,0.258534,4.2722,1794.33,1826.77,1720320,4.4833,5.0997,0,4.27254,0,1,0
box_detour_wall_left,soppi_fast,9696,256,16,1,0.01,1,1,1,144,0.244052,0.0146911,14.4895,0,0.583718,0.63824,4.28272,616.712,627.034,589824,4.4613,4.6659,0,4.28325,0,1,1
box_detour_wall_left,soppi_fast,9703,256,16,1,0.01,1,1,1,129,0.2385,0.000780532,13.2017,0,0.645965,0.710581,4.35655,561.995,570.597,528384,4.5791,5.1155,0,4.35704,0,1,1
box_detour_wall_left,soppi_fast,9710,256,16,1,0.01,0,1,0,420,1.25854,0.0311118,52.0059,0,0.314641,0.162892,4.26967,1793.26,1826.86,1720320,4.41,4.8264,0,4.27,0,1,0
box_detour_wall_left,soppi_fast,9717,256,16,1,0.01,0,1,0,420,0.252319,0.0391392,14.022,0,0.364698,0.243795,4.24208,1781.67,1816.83,1720320,4.6863,5.147,0,4.24241,0,1,0
box_detour_wall_left,soppi_fast,9724,256,16,1,0.01,1,1,1,139,0.232781,0.0416412,13.8228,0,0.598066,0.53941,4.21494,585.877,598.036,569344,4.3935,4.9147,0,4.22012,0,1,1
box_detour_wall_left,soppi_fast,9731,256,16,1,0.01,1,1,1,215,0.235308,0.00274962,22.9049,0,0.468672,0.381119,4.31913,928.612,943.085,880640,4.4094,4.9695,0,4.31953,0,1,1
box_detour_wall_left,soppi_fast,9738,256,16,1,0.01,1,1,1,164,0.240606,0.00494382,17.5003,0,0.580655,0.626261,4.46162,731.705,743.37,671744,5.0913,5.407,0,4.46216,0,1,1
box_detour_wall_left,soppi_fast,9745,256,16,1,0.01,1,1,1,132,0.24339,0.0103888,13.3089,0,0.579783,0.500608,4.31859,570.054,582.109,540672,5.0046,5.3982,0,4.3191,0,1,1
box_detour_wall_left,soppi_fast,9752,256,16,1,0.01,1,1,1,394,0.240652,0.003652,46.4628,0,0.432109,0.367987,4.77622,1881.83,1908.87,1613824,5.1757,5.6933,0,4.77654,0,1,1
box_detour_wall_left,soppi_fast,9759,256,16,1,0.01,0,1,0,420,0.841246,0.205527,30.8744,0,0.357116,0.215887,4.18593,1758.09,1784.79,1720320,4.4882,5.1078,0,4.18622,0,1,0
