scenario,planner,seed,k_samples,t_horizon,grad_steps,alpha,reached_goal,collision_free,success,steps,final_distance,min_goal_distance,cumulative_cost,collisions,mean_control_delta,control_roughness,avg_control_ms,total_control_ms,episode_ms,sample_budget,p95_control_ms,max_control_ms,control_deadline_ms,avg_control_slot_ms,deadline_misses,deadline_feasible,real_time_success
box_detour_open,oi_face_rot_pstall_mppi,13556,256,16,0,0,1,1,1,57,0.226825,0.30491,4.69474,0,0.987948,1.62847,0.126825,7.229,7.9867,233472,0.1435,0.1482,0,0.127021,0,1,1
box_detour_open,oi_face_rot_pstall_mppi,13563,256,16,0,0,1,1,1,57,0.225875,0.203969,5.36547,0,0.947553,1.43825,0.138932,7.9191,8.7614,233472,0.1619,0.1773,0,0.139209,0,1,1
box_detour_open,oi_face_rot_pstall_mppi,13570,256,16,0,0,1,1,1,57,0.236223,0.293687,5.11801,0,0.800483,1.04506,0.133561,7.613,8.3479,233472,0.1592,0.1718,0,0.133986,0,1,1
box_detour_open,oi_face_rot_pstall_mppi,13577,256,16,0,0,1,1,1,65,0.236264,0.0368772,5.00704,0,0.941574,1.50629,0.129288,8.4037,9.3543,266240,0.1522,0.1611,0,0.129595,0,1,1
box_detour_open,oi_face_rot_pstall_mppi,13584,256,16,0,0,1,1,1,77,0.248248,0.0334614,6.52684,0,1.14506,2.50825,0.134645,10.3677,11.3748,315392,0.1662,0.2013,0,0.13489,0,1,1
box_detour_open,oi_face_rot_pstall_mppi,13591,256,16,0,0,1,1,1,67,0.221372,0.107422,6.11344,0,0.786878,1.01183,0.137888,9.2385,10.208,274432,0.1617,0.1878,0,0.138146,0,1,1
box_detour_open,oi_face_rot_pstall_mppi,13598,256,16,0,0,1,1,1,47,0.235399,0.321043,4.28801,0,1.05042,1.9305,0.137428,6.4591,7.2455,192512,0.1602,0.1719,0,0.137779,0,1,1
box_detour_open,oi_face_rot_pstall_mppi,13605,256,16,0,0,1,1,1,56,0.218938,0.129696,5.26951,0,0.974738,1.44877,0.140659,7.8769,8.8196,229376,0.1715,0.1994,0,0.140973,0,1,1
box_detour_open,oi_face_rot_pstall_mppi,13612,256,16,0,0,1,1,1,60,0.232744,0.0423161,4.85993,0,0.929797,1.36086,0.133188,7.9913,8.734,245760,0.1419,0.1508,0,0.133425,0,1,1
box_detour_open,oi_face_rot_pstall_mppi,13619,256,16,0,0,1,1,1,58,0.23072,0.1414,4.87693,0,0.888967,1.30276,0.140317,8.1384,8.9542,237568,0.1613,0.1624,0,0.140598,0,1,1
box_detour_open,oi_face_rot_pstall_mppi,13626,256,16,0,0,1,1,1,68,0.247303,0.165645,6.44872,0,0.834914,1.12354,0.136854,9.3061,10.3478,278528,0.1618,0.1719,0,0.137135,0,1,1
box_detour_open,oi_face_rot_pstall_mppi,13633,256,16,0,0,1,1,1,56,0.203069,0.243579,4.28683,0,1.15123,2.24784,0.138643,7.764,8.7017,229376,0.1499,0.1659,0,0.138946,0,1,1
box_detour_open,oi_face_rot_pstall_mppi,13640,256,16,0,0,1,1,1,61,0.234547,0.302133,5.40806,0,1.10619,2.0805,0.136108,8.3026,9.1037,249856,0.1555,0.1991,0,0.136421,0,1,1
box_detour_open,oi_face_rot_pstall_mppi,13647,256,16,0,0,1,1,1,97,0.248294,0.323836,6.79536,0,0.940598,1.71249,0.136171,13.2086,14.5168,397312,0.1479,0.1803,0,0.136501,0,1,1
box_detour_open,oi_face_rot_pstall_mppi,13654,256,16,0,0,1,1,1,58,0.228696,0.170363,5.06582,0,0.95183,1.57802,0.130164,7.5495,8.2689,237568,0.1461,0.1516,0,0.130397,0,1,1
box_detour_open,oi_face_rot_pstall_mppi,13661,256,16,0,0,1,1,1,63,0.237806,0.170986,5.10956,0,0.914829,1.29366,0.134,8.442,9.3421,258048,0.1581,0.1617,0,0.134225,0,1,1
box_detour_open,oi_face_rot_pstall_mppi,13668,256,16,0,0,1,1,1,60,0.238979,0.30477,5.81747,0,0.834055,1.13743,0.141387,8.4832,9.4165,245760,0.1767,0.2097,0,0.141742,0,1,1
box_detour_open,oi_face_rot_pstall_mppi,13675,256,16,0,0,1,1,1,57,0.196437,0.181812,4.69299,0,1.1935,2.55784,0.136561,7.784,8.7203,233472,0.1493,0.1582,0,0.136839,0,1,1
box_detour_open,oi_face_rot_pstall_mppi,13682,256,16,0,0,1,1,1,64,0.228579,0.139465,5.05733,0,1.01608,1.69894,0.134931,8.6356,9.416,262144,0.1444,0.1667,0,0.135197,0,1,1
box_detour_open,oi_face_rot_pstall_mppi,13689,256,16,0,0,1,1,1,65,0.226634,0.102745,6.32491,0,0.919767,1.27634,0.134597,8.7488,9.6856,266240,0.1572,0.1661,0,0.134875,0,1,1
box_detour_open,oi_face_rot_pstall_mppi,13696,256,16,0,0,1,1,1,94,0.215106,0.3054,5.1919,0,0.892595,1.3478,0.137237,12.9003,14.1661,385024,0.1576,0.1616,0,0.137448,0,1,1
box_detour_open,oi_face_rot_pstall_mppi,13703,256,16,0,0,1,1,1,52,0.229566,0.226338,4.72708,0,0.723709,0.947609,0.135862,7.0648,7.7551,212992,0.1606,0.1799,0,0.136156,0,1,1
box_detour_open,oi_face_rot_pstall_mppi,13710,256,16,0,0,1,1,1,57,0.229543,0.31528,4.29692,0,0.955822,1.77747,0.137988,7.8653,8.6538,233472,0.1629,0.2091,0,0.13824,0,1,1
box_detour_open,oi_face_rot_pstall_mppi,13717,256,16,0,0,1,1,1,56,0.230098,0.34202,4.57195,0,0.807889,1.05112,0.136312,7.6335,8.5801,229376,0.1607,0.1689,0,0.136595,0,1,1
box_detour_open,oi_face_rot_pstall_mppi,13724,256,16,0,0,1,1,1,74,0.239959,0.152324,6.0693,0,0.863782,1.43641,0.136458,10.0979,11.1965,303104,0.1582,0.1767,0,0.136759,0,1,1
box_detour_open,oi_face_rot_pstall_mppi,13731,256,16,0,0,1,1,1,59,0.238364,0.0715607,4.72215,0,0.834693,1.17854,0.130883,7.7221,8.4626,241664,0.1458,0.1477,0,0.13109,0,1,1
box_detour_open,oi_face_rot_pstall_mppi,13738,256,16,0,0,1,1,1,59,0.219522,0.165886,5.18328,0,1.0409,1.59996,0.133632,7.8843,8.5468,241664,0.1441,0.1617,0,0.133844,0,1,1
box_detour_open,oi_face_rot_pstall_mppi,13745,256,16,0,0,1,1,1,55,0.242016,0.17402,4.61381,0,0.966602,1.6685,0.129924,7.1458,7.9251,225280,0.1516,0.1614,0,0.130184,0,1,1
box_detour_open,oi_face_rot_pstall_mppi,13752,256,16,0,0,1,1,1,71,0.109043,0.296604,5.63192,0,0.924224,1.53564,0.135127,9.594,10.5376,290816,0.1469,0.1692,0,0.135328,0,1,1
box_detour_open,oi_face_rot_pstall_mppi,13759,256,16,0,0,1,1,1,65,0.0998416,0.274344,4.51832,0,0.776274,0.961266,0.141034,9.1672,10.1628,266240,0.1662,0.1896,0,0.141363,0,1,1
box_detour_open,oi_face_rot_stall_mppi,13556,256,16,0,0,1,1,1,57,0.226825,0.30491,4.69474,0,0.987948,1.62847,0.136609,7.7867,8.5074,233472,0.1735,0.1805,0,0.136853,0,1,1
box_detour_open,oi_face_rot_stall_mppi,13563,256,16,0,0,1,1,1,57,0.225875,0.203969,5.36547,0,0.947553,1.43825,0.129556,7.3847,8.0956,233472,0.1465,0.1546,0,0.129802,0,1,1
box_detour_open,oi_face_rot_stall_mppi,13570,256,16,0,0,1,1,1,57,0.236223,0.293687,5.11801,0,0.800483,1.04506,0.149965,8.548,9.8619,233472,0.1838,0.2222,0,0.150465,0,1,1
box_detour_open,oi_face_rot_stall_mppi,13577,256,16,0,0,1,1,1,65,0.236264,0.0368772,5.00704,0,0.941574,1.50629,0.155338,10.097,11.639,266240,0.1874,0.1932,0,0.155811,0,1,1
box_detour_open,oi_face_rot_stall_mppi,13584,256,16,0,0,1,1,1,77,0.248248,0.0334614,6.52684,0,1.14506,2.50825,0.137626,10.5972,11.8634,315392,0.1688,0.1902,0,0.137925,0,1,1
box_detour_open,oi_face_rot_stall_mppi,13591,256,16,0,0,1,1,1,67,0.221372,0.107422,6.11344,0,0.786878,1.01183,0.137536,9.2149,10.2194,274432,0.1645,0.1949,0,0.137855,0,1,1
box_detour_open,oi_face_rot_stall_mppi,13598,256,16,0,0,1,1,1,47,0.235399,0.321043,4.28801,0,1.05042,1.9305,0.135513,6.3691,7.0639,192512,0.1735,0.1895,0,0.13584,0,1,1
box_detour_open,oi_face_rot_stall_mppi,13605,256,16,0,0,1,1,1,56,0.218938,0.129696,5.26951,0,0.974738,1.44877,0.143461,8.0338,8.8086,229376,0.1661,0.6135,0,0.143746,0,1,1
box_detour_open,oi_face_rot_stall_mppi,13612,256,16,0,0,1,1,1,60,0.232744,0.0423161,4.85993,0,0.929797,1.36086,0.132432,7.9459,8.7602,245760,0.1454,0.1852,0,0.1327,0,1,1
box_detour_open,oi_face_rot_stall_mppi,13619,256,16,0,0,1,1,1,58,0.23072,0.1414,4.87693,0,0.888967,1.30276,0.138353,8.0245,9.0514,237568,0.1846,0.1851,0,0.138686,0,1,1
box_detour_open,oi_face_rot_stall_mppi,13626,256,16,0,0,1,1,1,68,0.247303,0.165645,6.44872,0,0.834914,1.12354,0.135434,9.2095,10.4262,278528,0.1654,0.1832,0,0.135746,0,1,1
box_detour_open,oi_face_rot_stall_mppi,13633,256,16,0,0,1,1,1,56,0.203069,0.243579,4.28683,0,1.15123,2.24784,0.138341,7.7471,8.6748,229376,0.1639,0.1866,0,0.138652,0,1,1
box_detour_open,oi_face_rot_stall_mppi,13640,256,16,0,0,1,1,1,61,0.234547,0.302133,5.40806,0,1.10619,2.0805,0.138051,8.4211,9.537,249856,0.1674,0.1759,0,0.138382,0,1,1
box_detour_open,oi_face_rot_stall_mppi,13647,256,16,0,0,1,1,1,97,0.248294,0.323836,6.79536,0,0.940598,1.71249,0.158859,15.4093,17.5348,397312,0.1746,0.2377,0,0.15926,0,1,1
box_detour_open,oi_face_rot_stall_mppi,13654,256,16,0,0,1,1,1,58,0.228696,0.170363,5.06582,0,0.95183,1.57802,0.14505,8.4129,9.4828,237568,0.1721,0.2036,0,0.145516,0,1,1
box_detour_open,oi_face_rot_stall_mppi,13661,256,16,0,0,1,1,1,63,0.237806,0.170986,5.10956,0,0.914829,1.29366,0.150875,9.5051,10.8535,258048,0.1869,0.3431,0,0.151267,0,1,1
box_detour_open,oi_face_rot_stall_mppi,13668,256,16,0,0,1,1,1,60,0.238979,0.30477,5.81747,0,0.834055,1.13743,0.143473,8.6084,9.6841,245760,0.1661,0.1862,0,0.143793,0,1,1
box_detour_open,oi_face_rot_stall_mppi,13675,256,16,0,0,1,1,1,57,0.196437,0.181812,4.69299,0,1.1935,2.55784,0.195823,11.1619,13.3317,233472,0.3097,0.3296,0,0.196405,0,1,1
box_detour_open,oi_face_rot_stall_mppi,13682,256,16,0,0,1,1,1,64,0.228579,0.139465,5.05733,0,1.01608,1.69894,0.137987,8.8312,9.8221,262144,0.1582,0.164,0,0.138322,0,1,1
box_detour_open,oi_face_rot_stall_mppi,13689,256,16,0,0,1,1,1,65,0.226634,0.102745,6.32491,0,0.919767,1.27634,0.145238,9.4405,10.7053,266240,0.1734,0.2302,0,0.145698,0,1,1
box_detour_open,oi_face_rot_stall_mppi,13696,256,16,0,0,1,1,1,94,0.215106,0.3054,5.1919,0,0.892595,1.3478,0.136737,12.8533,14.0294,385024,0.1499,0.1578,0,0.13694,0,1,1
box_detour_open,oi_face_rot_stall_mppi,13703,256,16,0,0,1,1,1,52,0.229566,0.226338,4.72708,0,0.723709,0.947609,0.136429,7.0943,7.8005,212992,0.154,0.171,0,0.136735,0,1,1
box_detour_open,oi_face_rot_stall_mppi,13710,256,16,0,0,1,1,1,57,0.229543,0.31528,4.29692,0,0.955822,1.77747,0.134237,7.6515,8.4096,233472,0.1435,0.156,0,0.134512,0,1,1
box_detour_open,oi_face_rot_stall_mppi,13717,256,16,0,0,1,1,1,56,0.230098,0.34202,4.57195,0,0.807889,1.05112,0.135266,7.5749,8.3577,229376,0.1618,0.1733,0,0.13558,0,1,1
box_detour_open,oi_face_rot_stall_mppi,13724,256,16,0,0,1,1,1,74,0.239959,0.152324,6.0693,0,0.863782,1.43641,0.136019,10.0654,11.0538,303104,0.1476,0.1814,0,0.136293,0,1,1
box_detour_open,oi_face_rot_stall_mppi,13731,256,16,0,0,1,1,1,59,0.238364,0.0715607,4.72215,0,0.834693,1.17854,0.136866,8.0751,9.0291,241664,0.1591,0.1796,0,0.137195,0,1,1
box_detour_open,oi_face_rot_stall_mppi,13738,256,16,0,0,1,1,1,59,0.219522,0.165886,5.18328,0,1.0409,1.59996,0.156841,9.2536,10.8224,241664,0.2012,0.2364,0,0.157271,0,1,1
box_detour_open,oi_face_rot_stall_mppi,13745,256,16,0,0,1,1,1,55,0.242016,0.17402,4.61381,0,0.966602,1.6685,0.147578,8.1168,9.3416,225280,0.1943,0.229,0,0.148005,0,1,1
box_detour_open,oi_face_rot_stall_mppi,13752,256,16,0,0,1,1,1,71,0.109043,0.296604,5.63192,0,0.924224,1.53564,0.155979,11.0745,12.89,290816,0.1862,0.1975,0,0.156386,0,1,1
box_detour_open,oi_face_rot_stall_mppi,13759,256,16,0,0,1,1,1,65,0.0998416,0.274344,4.51832,0,0.776274,0.961266,0.139277,9.053,10.3708,266240,0.1775,0.2029,0,0.139654,0,1,1
box_detour_open,oi_face_rot_wide_mppi,13556,256,16,0,0,1,1,1,57,0.226825,0.30491,4.69474,0,0.987948,1.62847,0.150993,8.6066,10.0332,233472,0.1902,0.2052,0,0.151444,0,1,1
box_detour_open,oi_face_rot_wide_mppi,13563,256,16,0,0,1,1,1,57,0.225875,0.203969,5.36547,0,0.947553,1.43825,0.151537,8.6376,9.8889,233472,0.1989,0.2211,0,0.151882,0,1,1
box_detour_open,oi_face_rot_wide_mppi,13570,256,16,0,0,1,1,1,57,0.236223,0.293687,5.11801,0,0.800483,1.04506,0.140723,8.0212,9.1813,233472,0.1854,0.2114,0,0.141063,0,1,1
box_detour_open,oi_face_rot_wide_mppi,13577,256,16,0,0,1,1,1,65,0.236264,0.0368772,5.00704,0,0.941574,1.50629,0.136157,8.8502,9.886,266240,0.1689,0.1925,0,0.136474,0,1,1
box_detour_open,oi_face_rot_wide_mppi,13584,256,16,0,0,1,1,1,77,0.248248,0.0334614,6.52684,0,1.14506,2.50825,0.142908,11.0039,12.3002,315392,0.1994,0.2037,0,0.143188,0,1,1
box_detour_open,oi_face_rot_wide_mppi,13591,256,16,0,0,1,1,1,67,0.221372,0.107422,6.11344,0,0.786878,1.01183,0.13973,9.3619,10.4612,274432,0.1723,0.1922,0,0.140031,0,1,1
box_detour_open,oi_face_rot_wide_mppi,13598,256,16,0,0,1,1,1,47,0.235399,0.321043,4.28801,0,1.05042,1.9305,0.138572,6.5129,7.4442,192512,0.1761,0.1946,0,0.138989,0,1,1
box_detour_open,oi_face_rot_wide_mppi,13605,256,16,0,0,1,1,1,56,0.218938,0.129696,5.26951,0,0.974738,1.44877,0.138304,7.745,8.7891,229376,0.1799,0.1877,0,0.1386,0,1,1
box_detour_open,oi_face_rot_wide_mppi,13612,256,16,0,0,1,1,1,60,0.232744,0.0423161,4.85993,0,0.929797,1.36086,0.150315,9.0189,10.4662,245760,0.1908,0.2005,0,0.150635,0,1,1
box_detour_open,oi_face_rot_wide_mppi,13619,256,16,0,0,1,1,1,58,0.23072,0.1414,4.87693,0,0.888967,1.30276,0.136293,7.905,8.927,237568,0.1501,0.1564,0,0.136593,0,1,1
box_detour_open,oi_face_rot_wide_mppi,13626,256,16,0,0,1,1,1,68,0.247303,0.165645,6.44872,0,0.834914,1.12354,0.140347,9.5436,10.8926,278528,0.1708,0.1791,0,0.140724,0,1,1
box_detour_open,oi_face_rot_wide_mppi,13633,256,16,0,0,1,1,1,56,0.203069,0.243579,4.28683,0,1.15123,2.24784,0.129275,7.2394,8.1074,229376,0.1361,0.1503,0,0.129538,0,1,1
box_detour_open,oi_face_rot_wide_mppi,13640,256,16,0,0,1,1,1,61,0.234547,0.302133,5.40806,0,1.10619,2.0805,0.135234,8.2493,9.3367,249856,0.1714,0.2032,0,0.135536,0,1,1
box_detour_open,oi_face_rot_wide_mppi,13647,256,16,0,0,1,1,1,97,0.248294,0.323836,6.79536,0,0.940598,1.71249,0.136785,13.2681,14.8474,397312,0.173,0.1969,0,0.137049,0,1,1
box_detour_open,oi_face_rot_wide_mppi,13654,256,16,0,0,1,1,1,58,0.228696,0.170363,5.06582,0,0.95183,1.57802,0.133591,7.7483,8.5857,237568,0.151,0.17,0,0.133884,0,1,1
box_detour_open,oi_face_rot_wide_mppi,13661,256,16,0,0,1,1,1,63,0.237806,0.170986,5.10956,0,0.914829,1.29366,0.136817,8.6195,9.6428,258048,0.16,0.1697,0,0.137181,0,1,1
box_detour_open,oi_face_rot_wide_mppi,13668,256,16,0,0,1,1,1,60,0.238979,0.30477,5.81747,0,0.834055,1.13743,0.144018,8.6411,9.7841,245760,0.1853,0.1997,0,0.144303,0,1,1
box_detour_open,oi_face_rot_wide_mppi,13675,256,16,0,0,1,1,1,57,0.196437,0.181812,4.69299,0,1.1935,2.55784,0.145456,8.291,9.4643,233472,0.1738,0.2992,0,0.145818,0,1,1
box_detour_open,oi_face_rot_wide_mppi,13682,256,16,0,0,1,1,1,64,0.228579,0.139465,5.05733,0,1.01608,1.69894,0.158397,10.1374,11.7308,262144,0.1741,0.1829,0,0.158916,0,1,1
box_detour_open,oi_face_rot_wide_mppi,13689,256,16,0,0,1,1,1,65,0.226634,0.102745,6.32491,0,0.919767,1.27634,0.15902,10.3363,12.1722,266240,0.1839,0.2327,0,0.159497,0,1,1
box_detour_open,oi_face_rot_wide_mppi,13696,256,16,0,0,1,1,1,94,0.215106,0.3054,5.1919,0,0.892595,1.3478,0.13562,12.7483,14.4631,385024,0.1612,0.1949,0,0.135871,0,1,1
box_detour_open,oi_face_rot_wide_mppi,13703,256,16,0,0,1,1,1,52,0.229566,0.226338,4.72708,0,0.723709,0.947609,0.175604,9.1314,10.8795,212992,0.21,0.243,0,0.176221,0,1,1
box_detour_open,oi_face_rot_wide_mppi,13710,256,16,0,0,1,1,1,57,0.229543,0.31528,4.29692,0,0.955822,1.77747,0.152325,8.6825,9.897,233472,0.1843,0.3502,0,0.152737,0,1,1
box_detour_open,oi_face_rot_wide_mppi,13717,256,16,0,0,1,1,1,56,0.230098,0.34202,4.57195,0,0.807889,1.05112,0.146012,8.1767,9.4874,229376,0.1873,0.1987,0,0.146452,0,1,1
box_detour_open,oi_face_rot_wide_mppi,13724,256,16,0,0,1,1,1,74,0.239959,0.152324,6.0693,0,0.863782,1.43641,0.163911,12.1294,14.2519,303104,0.1903,0.2294,0,0.164324,0,1,1
box_detour_open,oi_face_rot_wide_mppi,13731,256,16,0,0,1,1,1,59,0.238364,0.0715607,4.72215,0,0.834693,1.17854,0.182322,10.757,12.7547,241664,0.2257,0.3195,0,0.182837,0,1,1
box_detour_open,oi_face_rot_wide_mppi,13738,256,16,0,0,1,1,1,59,0.219522,0.165886,5.18328,0,1.0409,1.59996,0.175176,10.3354,12.2053,241664,0.2304,0.314,0,0.175747,0,1,1
box_detour_open,oi_face_rot_wide_mppi,13745,256,16,0,0,1,1,1,55,0.242016,0.17402,4.61381,0,0.966602,1.6685,0.183745,10.106,12.0184,225280,0.3104,0.3505,0,0.184369,0,1,1
box_detour_open,oi_face_rot_wide_mppi,13752,256,16,0,0,1,1,1,71,0.109043,0.296604,5.63192,0,0.924224,1.53564,0.15648,11.1101,12.9597,290816,0.219,0.2331,0,0.156973,0,1,1
box_detour_open,oi_face_rot_wide_mppi,13759,256,16,0,0,1,1,1,65,0.0998416,0.274344,4.51832,0,0.776274,0.961266,0.162634,10.5712,12.4002,266240,0.1971,0.2144,0,0.163135,0,1,1
box_detour_turn,oi_face_rot_pstall_mppi,13956,256,16,0,0,1,1,1,116,0.234688,0.00138181,12.7101,0,1.78908,5.3958,0.177217,20.5572,31.1176,475136,0.2339,0.2627,0,0.17755,0,1,1
box_detour_turn,oi_face_rot_pstall_mppi,13963,256,16,0,0,1,1,1,97,0.241194,0.0482461,12.0751,0,1.00449,1.61495,0.173647,16.8438,18.0841,397312,0.2049,0.2211,0,0.173847,0,1,1
box_detour_turn,oi_face_rot_pstall_mppi,13970,256,16,0,0,1,1,1,74,0.224926,0.0658821,9.29526,0,1.07213,2.2388,0.17603,13.0262,14.379,303104,0.2083,0.2275,0,0.176316,0,1,1
box_detour_turn,oi_face_rot_pstall_mppi,13977,256,16,0,0,1,1,1,64,0.23046,0.132978,6.93185,0,1.08354,1.88292,0.196488,12.5752,14.3409,262144,0.2514,0.2664,0,0.196966,0,1,1
box_detour_turn,oi_face_rot_pstall_mppi,13984,256,16,0,0,1,1,1,117,0.182375,0.0636788,9.80253,0,0.899256,1.47861,0.199993,23.3992,27.0852,479232,0.2544,0.2623,0,0.200358,0,1,1
box_detour_turn,oi_face_rot_pstall_mppi,13991,256,16,0,0,1,1,1,117,0.241605,0.0266273,13.8423,0,1.28563,3.29543,0.186513,21.822,24.463,479232,0.2496,0.2722,0,0.186868,0,1,1
box_detour_turn,oi_face_rot_pstall_mppi,13998,256,16,0,0,1,1,1,95,0.0738098,0.147953,9.53501,0,0.973719,1.55438,0.205275,19.5011,22.4709,389120,0.2521,0.265,0,0.205663,0,1,1
box_detour_turn,oi_face_rot_pstall_mppi,14005,256,16,0,0,1,1,1,82,0.229672,0.188899,8.26299,0,0.84718,1.12846,0.200168,16.4138,18.8635,335872,0.2478,0.2634,0,0.200592,0,1,1
box_detour_turn,oi_face_rot_pstall_mppi,14012,256,16,0,0,1,1,1,65,0.210239,0.0821248,7.99839,0,0.751254,0.974666,0.208489,13.5518,15.7616,266240,0.2538,0.2843,0,0.208995,0,1,1
box_detour_turn,oi_face_rot_pstall_mppi,14019,256,16,0,0,1,1,1,111,0.239645,0.0809798,13.2853,0,1.04904,1.62683,0.191575,21.2648,23.9935,454656,0.2308,0.2766,0,0.191924,0,1,1
box_detour_turn,oi_face_rot_pstall_mppi,14026,256,16,0,0,1,1,1,121,0.224412,0.0845314,12.0837,0,0.925906,1.4264,0.186775,22.5998,25.5394,495616,0.2243,0.2407,0,0.187017,0,1,1
box_detour_turn,oi_face_rot_pstall_mppi,14033,256,16,0,0,1,1,1,93,0.231857,0.0663601,11.7222,0,1.10208,1.79566,0.198212,18.4337,21.3514,380928,0.2471,0.2614,0,0.198665,0,1,1
box_detour_turn,oi_face_rot_pstall_mppi,14040,256,16,0,0,1,1,1,77,0.192203,0.208297,8.48957,0,0.929497,1.66881,0.178018,13.7074,15.0774,315392,0.2131,0.5949,0,0.178313,0,1,1
box_detour_turn,oi_face_rot_pstall_mppi,14047,256,16,0,0,1,1,1,99,0.225909,0.190391,12.1277,0,0.968697,1.44489,0.207379,20.5305,23.2979,405504,0.2442,0.2588,0,0.207784,0,1,1
box_detour_turn,oi_face_rot_pstall_mppi,14054,256,16,0,0,1,1,1,128,0.200656,0.159562,10.4684,0,0.90353,1.37001,0.169209,21.6587,23.4844,524288,0.2072,0.2366,0,0.169411,0,1,1
box_detour_turn,oi_face_rot_pstall_mppi,14061,256,16,0,0,1,1,1,82,0.177728,0.247338,9.03692,0,0.866474,1.23475,0.179246,14.6982,16.4195,335872,0.2347,0.2621,0,0.179593,0,1,1
box_detour_turn,oi_face_rot_pstall_mppi,14068,256,16,0,0,1,1,1,127,0.207091,0.0261303,15.8404,0,1.51074,4.16134,0.198602,25.2224,29.054,520192,0.2256,0.2578,0,0.198928,0,1,1
box_detour_turn,oi_face_rot_pstall_mppi,14075,256,16,0,0,1,1,1,88,0.201012,0.000333905,10.6533,0,1.08714,1.99806,0.178943,15.747,17.8371,360448,0.2193,0.2458,0,0.17932,0,1,1
box_detour_turn,oi_face_rot_pstall_mppi,14082,256,16,0,0,1,1,1,97,0.20484,0.214474,9.31915,0,0.934868,1.36535,0.185424,17.9861,20.4904,397312,0.2314,0.244,0,0.185807,0,1,1
box_detour_turn,oi_face_rot_pstall_mppi,14089,256,16,0,0,1,1,1,89,0.227275,0.0361224,10.0193,0,0.757625,0.940321,0.212388,18.9025,21.8094,364544,0.3265,0.3759,0,0.212802,0,1,1
box_detour_turn,oi_face_rot_pstall_mppi,14096,256,16,0,0,1,1,1,267,0.248069,0.0573503,13.1503,0,1.16938,3.12675,0.185013,49.3984,56.4555,1093632,0.2216,0.2431,0,0.185267,0,1,1
box_detour_turn,oi_face_rot_pstall_mppi,14103,256,16,0,0,1,1,1,100,0.177314,0.204668,11.9724,0,0.875766,1.13599,0.185293,18.5293,20.7043,409600,0.239,0.2684,0,0.185684,0,1,1
box_detour_turn,oi_face_rot_pstall_mppi,14110,256,16,0,0,1,1,1,81,0.237755,0.217028,11.0093,0,1.17494,1.98796,0.185922,15.0597,16.6924,331776,0.2224,0.2723,0,0.186254,0,1,1
box_detour_turn,oi_face_rot_pstall_mppi,14117,256,16,0,0,1,1,1,85,0.24382,0.137233,10.0837,0,0.880346,1.03578,0.167321,14.2223,15.5343,348160,0.1955,0.2354,0,0.16754,0,1,1
box_detour_turn,oi_face_rot_pstall_mppi,14124,256,16,0,0,1,1,1,126,0.236887,0.0853571,9.83191,0,1.21379,2.97743,0.177748,22.3963,24.2532,516096,0.2084,0.2105,0,0.177947,0,1,1
box_detour_turn,oi_face_rot_pstall_mppi,14131,256,16,0,0,1,1,1,104,0.227461,0.240748,9.02845,0,0.852364,1.30084,0.1775,18.46,20.3565,425984,0.2266,0.2492,0,0.177866,0,1,1
box_detour_turn,oi_face_rot_pstall_mppi,14138,256,16,0,0,1,1,1,117,0.230216,0.0631264,12.4888,0,0.894222,1.40054,0.180894,21.1646,23.0084,479232,0.2197,0.2509,0,0.181103,0,1,1
box_detour_turn,oi_face_rot_pstall_mppi,14145,256,16,0,0,1,1,1,62,0.184518,0.012486,5.58502,0,0.958339,1.94926,0.172913,10.7206,11.8118,253952,0.2047,0.2268,0,0.173156,0,1,1
box_detour_turn,oi_face_rot_pstall_mppi,14152,256,16,0,0,1,1,1,77,0.239105,0.00549591,8.56886,0,0.854638,1.17358,0.180083,13.8664,15.1923,315392,0.2189,0.2289,0,0.180366,0,1,1
box_detour_turn,oi_face_rot_pstall_mppi,14159,256,16,0,0,1,1,1,80,0.212835,0.042186,8.98203,0,0.852239,1.2001,0.171997,13.7598,15.2584,327680,0.2165,0.2263,0,0.172304,0,1,1
box_detour_turn,oi_face_rot_stall_mppi,13956,256,16,0,0,1,1,1,116,0.234688,0.00138181,12.7101,0,1.78908,5.3958,0.189624,21.9964,25.0773,475136,0.2259,0.2478,0,0.18993,0,1,1
box_detour_turn,oi_face_rot_stall_mppi,13963,256,16,0,0,1,1,1,97,0.241194,0.0482461,12.0751,0,1.00449,1.61495,0.177991,17.2651,18.9025,397312,0.2354,0.2411,0,0.178264,0,1,1
box_detour_turn,oi_face_rot_stall_mppi,13970,256,16,0,0,1,1,1,74,0.224926,0.0658821,9.29526,0,1.07213,2.2388,0.170981,12.6526,13.6968,303104,0.196,0.2227,0,0.171232,0,1,1
box_detour_turn,oi_face_rot_stall_mppi,13977,256,16,0,0,1,1,1,64,0.23046,0.132978,6.93185,0,1.08354,1.88292,0.175702,11.2449,12.2971,262144,0.2103,0.2548,0,0.176047,0,1,1
box_detour_turn,oi_face_rot_stall_mppi,13984,256,16,0,0,1,1,1,117,0.182375,0.0636788,9.80253,0,0.899256,1.47861,0.172696,20.2054,22.1486,479232,0.2286,0.2411,0,0.17292,0,1,1
box_detour_turn,oi_face_rot_stall_mppi,13991,256,16,0,0,1,1,1,117,0.241605,0.0266273,13.8423,0,1.28563,3.29543,0.170904,19.9958,21.6661,479232,0.2044,0.2089,0,0.171072,0,1,1
box_detour_turn,oi_face_rot_stall_mppi,13998,256,16,0,0,1,1,1,95,0.0738098,0.147953,9.53501,0,0.973719,1.55438,0.183673,17.4489,19.5859,389120,0.2376,0.2539,0,0.184014,0,1,1
box_detour_turn,oi_face_rot_stall_mppi,14005,256,16,0,0,1,1,1,82,0.229672,0.188899,8.26299,0,0.84718,1.12846,0.174523,14.3109,15.6083,335872,0.2076,0.245,0,0.174765,0,1,1
box_detour_turn,oi_face_rot_stall_mppi,14012,256,16,0,0,1,1,1,65,0.210239,0.0821248,7.99839,0,0.751254,0.974666,0.170349,11.0727,12.0996,266240,0.2022,0.2257,0,0.170657,0,1,1
box_detour_turn,oi_face_rot_stall_mppi,14019,256,16,0,0,1,1,1,111,0.239645,0.0809798,13.2853,0,1.04904,1.62683,0.165808,18.4047,20.1198,454656,0.1967,0.2334,0,0.166038,0,1,1
box_detour_turn,oi_face_rot_stall_mppi,14026,256,16,0,0,1,1,1,121,0.224412,0.0845314,12.0837,0,0.925906,1.4264,0.182274,22.0551,24.6906,495616,0.2269,0.2437,0,0.182722,0,1,1
box_detour_turn,oi_face_rot_stall_mppi,14033,256,16,0,0,1,1,1,93,0.231857,0.0663601,11.7222,0,1.10208,1.79566,0.166574,15.4914,16.9121,380928,0.2048,0.2475,0,0.166825,0,1,1
box_detour_turn,oi_face_rot_stall_mppi,14040,256,16,0,0,1,1,1,77,0.192203,0.208297,8.48957,0,0.929497,1.66881,0.17796,13.7029,15.0359,315392,0.2186,0.2592,0,0.178278,0,1,1
box_detour_turn,oi_face_rot_stall_mppi,14047,256,16,0,0,1,1,1,99,0.225909,0.190391,12.1277,0,0.968697,1.44489,0.175339,17.3586,18.7675,405504,0.2063,0.2128,0,0.175533,0,1,1
box_detour_turn,oi_face_rot_stall_mppi,14054,256,16,0,0,1,1,1,128,0.200656,0.159562,10.4684,0,0.90353,1.37001,0.169327,21.6738,23.3847,524288,0.2013,0.2116,0,0.169511,0,1,1
box_detour_turn,oi_face_rot_stall_mppi,14061,256,16,0,0,1,1,1,82,0.177728,0.247338,9.03692,0,0.866474,1.23475,0.176949,14.5098,15.9585,335872,0.2205,0.2374,0,0.177217,0,1,1
box_detour_turn,oi_face_rot_stall_mppi,14068,256,16,0,0,1,1,1,127,0.207091,0.0261303,15.8404,0,1.51074,4.16134,0.169555,21.5335,23.3003,520192,0.1998,0.2193,0,0.169755,0,1,1
box_detour_turn,oi_face_rot_stall_mppi,14075,256,16,0,0,1,1,1,88,0.201012,0.000333905,10.6533,0,1.08714,1.99806,0.163756,14.4105,15.6866,360448,0.1902,0.2147,0,0.163936,0,1,1
box_detour_turn,oi_face_rot_stall_mppi,14082,256,16,0,0,1,1,1,97,0.20484,0.214474,9.31915,0,0.934868,1.36535,0.174164,16.8939,18.4243,397312,0.2222,0.233,0,0.174427,0,1,1
box_detour_turn,oi_face_rot_stall_mppi,14089,256,16,0,0,1,1,1,89,0.227275,0.0361224,10.0193,0,0.757625,0.940321,0.17113,15.2306,16.7061,364544,0.205,0.2223,0,0.171339,0,1,1
box_detour_turn,oi_face_rot_stall_mppi,14096,256,16,0,0,1,1,1,267,0.248069,0.0573503,13.1503,0,1.16938,3.12675,0.164457,43.9101,48.352,1093632,0.1935,0.2264,0,0.164606,0,1,1
box_detour_turn,oi_face_rot_stall_mppi,14103,256,16,0,0,1,1,1,100,0.177314,0.204668,11.9724,0,0.875766,1.13599,0.173924,17.3924,19.0044,409600,0.2117,0.2346,0,0.17414,0,1,1
box_detour_turn,oi_face_rot_stall_mppi,14110,256,16,0,0,1,1,1,81,0.237755,0.217028,11.0093,0,1.17494,1.98796,0.185312,15.0103,16.2489,331776,0.2113,0.4503,0,0.185558,0,1,1
box_detour_turn,oi_face_rot_stall_mppi,14117,256,16,0,0,1,1,1,85,0.24382,0.137233,10.0837,0,0.880346,1.03578,0.167406,14.2295,15.4802,348160,0.201,0.2133,0,0.167656,0,1,1
box_detour_turn,oi_face_rot_stall_mppi,14124,256,16,0,0,1,1,1,126,0.236887,0.0853571,9.83191,0,1.21379,2.97743,0.177558,22.3723,24.0606,516096,0.2077,0.2155,0,0.177741,0,1,1
box_detour_turn,oi_face_rot_stall_mppi,14131,256,16,0,0,1,1,1,104,0.227461,0.240748,9.02845,0,0.852364,1.30084,0.166315,17.2968,18.6124,425984,0.2008,0.2315,0,0.16653,0,1,1
box_detour_turn,oi_face_rot_stall_mppi,14138,256,16,0,0,1,1,1,117,0.230216,0.0631264,12.4888,0,0.894222,1.40054,0.172892,20.2284,21.8197,479232,0.2016,0.2091,0,0.173079,0,1,1
box_detour_turn,oi_face_rot_stall_mppi,14145,256,16,0,0,1,1,1,62,0.184518,0.012486,5.58502,0,0.958339,1.94926,0.168234,10.4305,11.2388,253952,0.2018,0.2096,0,0.168426,0,1,1
box_detour_turn,oi_face_rot_stall_mppi,14152,256,16,0,0,1,1,1,77,0.239105,0.00549591,8.56886,0,0.854638,1.17358,0.174345,13.4246,14.711,315392,0.207,0.2168,0,0.174695,0,1,1
box_detour_turn,oi_face_rot_stall_mppi,14159,256,16,0,0,1,1,1,80,0.212835,0.042186,8.98203,0,0.852239,1.2001,0.175659,14.0527,15.5547,327680,0.2073,0.2148,0,0.17596,0,1,1
box_detour_turn,oi_face_rot_wide_mppi,13956,256,16,0,0,1,1,1,116,0.234688,0.00138181,12.7101,0,1.78908,5.3958,0.16695,19.3662,21.1783,475136,0.203,0.2574,0,0.167203,0,1,1
box_detour_turn,oi_face_rot_wide_mppi,13963,256,16,0,0,1,1,1,97,0.241194,0.0482461,12.0751,0,1.00449,1.61495,0.174052,16.883,18.1876,397312,0.2072,0.2119,0,0.17438,0,1,1
box_detour_turn,oi_face_rot_wide_mppi,13970,256,16,0,0,1,1,1,74,0.224926,0.0658821,9.29526,0,1.07213,2.2388,0.174618,12.9217,13.9626,303104,0.2121,0.2157,0,0.17483,0,1,1
box_detour_turn,oi_face_rot_wide_mppi,13977,256,16,0,0,1,1,1,64,0.23046,0.132978,6.93185,0,1.08354,1.88292,0.177586,11.3655,12.3146,262144,0.2117,0.2305,0,0.177856,0,1,1
box_detour_turn,oi_face_rot_wide_mppi,13984,256,16,0,0,1,1,1,117,0.182375,0.0636788,9.80253,0,0.899256,1.47861,0.180564,21.126,23.4896,479232,0.234,0.2428,0,0.180821,0,1,1
box_detour_turn,oi_face_rot_wide_mppi,13991,256,16,0,0,1,1,1,117,0.241605,0.0266273,13.8423,0,1.28563,3.29543,0.172068,20.132,21.8214,479232,0.2032,0.2288,0,0.172307,0,1,1
box_detour_turn,oi_face_rot_wide_mppi,13998,256,16,0,0,1,1,1,95,0.0738098,0.147953,9.53501,0,0.973719,1.55438,0.171776,16.3187,17.5919,389120,0.2072,0.2195,0,0.172014,0,1,1
box_detour_turn,oi_face_rot_wide_mppi,14005,256,16,0,0,1,1,1,82,0.229672,0.188899,8.26299,0,0.84718,1.12846,0.172684,14.1601,15.4329,335872,0.2046,0.2223,0,0.172888,0,1,1
box_detour_turn,oi_face_rot_wide_mppi,14012,256,16,0,0,1,1,1,65,0.210239,0.0821248,7.99839,0,0.751254,0.974666,0.170582,11.0878,12.1011,266240,0.2044,0.2298,0,0.170932,0,1,1
box_detour_turn,oi_face_rot_wide_mppi,14019,256,16,0,0,1,1,1,111,0.239645,0.0809798,13.2853,0,1.04904,1.62683,0.169553,18.8204,20.4418,454656,0.2106,0.2298,0,0.169811,0,1,1
box_detour_turn,oi_face_rot_wide_mppi,14026,256,16,0,0,1,1,1,121,0.224412,0.0845314,12.0837,0,0.925906,1.4264,0.171417,20.7415,22.7742,495616,0.2095,0.2202,0,0.17165,0,1,1
box_detour_turn,oi_face_rot_wide_mppi,14033,256,16,0,0,1,1,1,93,0.231857,0.0663601,11.7222,0,1.10208,1.79566,0.168608,15.6805,17.1692,380928,0.2043,0.2275,0,0.168794,0,1,1
box_detour_turn,oi_face_rot_wide_mppi,14040,256,16,0,0,1,1,1,77,0.192203,0.208297,8.48957,0,0.929497,1.66881,0.176373,13.5807,15.0255,315392,0.2164,0.2292,0,0.176643,0,1,1
box_detour_turn,oi_face_rot_wide_mppi,14047,256,16,0,0,1,1,1,99,0.225909,0.190391,12.1277,0,0.968697,1.44489,0.176181,17.4419,19.0366,405504,0.2107,0.2291,0,0.176459,0,1,1
box_detour_turn,oi_face_rot_wide_mppi,14054,256,16,0,0,1,1,1,128,0.200656,0.159562,10.4684,0,0.90353,1.37001,0.17015,21.7792,23.3594,524288,0.2054,0.2098,0,0.170291,0,1,1
box_detour_turn,oi_face_rot_wide_mppi,14061,256,16,0,0,1,1,1,82,0.177728,0.247338,9.03692,0,0.866474,1.23475,0.167428,13.7291,14.7202,335872,0.2019,0.2108,0,0.167598,0,1,1
box_detour_turn,oi_face_rot_wide_mppi,14068,256,16,0,0,1,1,1,127,0.207091,0.0261303,15.8404,0,1.51074,4.16134,0.177999,22.6059,24.3779,520192,0.2112,0.2488,0,0.178167,0,1,1
box_detour_turn,oi_face_rot_wide_mppi,14075,256,16,0,0,1,1,1,88,0.201012,0.000333905,10.6533,0,1.08714,1.99806,0.166807,14.679,15.9161,360448,0.2033,0.2194,0,0.167013,0,1,1
box_detour_turn,oi_face_rot_wide_mppi,14082,256,16,0,0,1,1,1,97,0.20484,0.214474,9.31915,0,0.934868,1.36535,0.17443,16.9197,18.6999,397312,0.225,0.2393,0,0.174777,0,1,1
box_detour_turn,oi_face_rot_wide_mppi,14089,256,16,0,0,1,1,1,89,0.227275,0.0361224,10.0193,0,0.757625,0.940321,0.171644,15.2763,16.674,364544,0.2063,0.2254,0,0.171835,0,1,1
box_detour_turn,oi_face_rot_wide_mppi,14096,256,16,0,0,1,1,1,267,0.248069,0.0573503,13.1503,0,1.16938,3.12675,0.165201,44.1087,48.377,1093632,0.194,0.2232,0,0.165331,0,1,1
box_detour_turn,oi_face_rot_wide_mppi,14103,256,16,0,0,1,1,1,100,0.177314,0.204668,11.9724,0,0.875766,1.13599,0.175972,17.5972,19.2461,409600,0.214,0.2319,0,0.176229,0,1,1
box_detour_turn,oi_face_rot_wide_mppi,14110,256,16,0,0,1,1,1,81,0.237755,0.217028,11.0093,0,1.17494,1.98796,0.180221,14.5979,15.7676,331776,0.2062,0.2167,0,0.18049,0,1,1
box_detour_turn,oi_face_rot_wide_mppi,14117,256,16,0,0,1,1,1,85,0.24382,0.137233,10.0837,0,0.880346,1.03578,0.167317,14.2219,15.417,348160,0.1994,0.2412,0,0.167591,0,1,1
box_detour_turn,oi_face_rot_wide_mppi,14124,256,16,0,0,1,1,1,126,0.236887,0.0853571,9.83191,0,1.21379,2.97743,0.178606,22.5044,24.0959,516096,0.2039,0.2154,0,0.178752,0,1,1
box_detour_turn,oi_face_rot_wide_mppi,14131,256,16,0,0,1,1,1,104,0.227461,0.240748,9.02845,0,0.852364,1.30084,0.190916,19.8553,22.5782,425984,0.2194,0.247,0,0.191213,0,1,1
box_detour_turn,oi_face_rot_wide_mppi,14138,256,16,0,0,1,1,1,117,0.230216,0.0631264,12.4888,0,0.894222,1.40054,0.180825,21.1565,23.1895,479232,0.2127,0.2278,0,0.181065,0,1,1
box_detour_turn,oi_face_rot_wide_mppi,14145,256,16,0,0,1,1,1,62,0.184518,0.012486,5.58502,0,0.958339,1.94926,0.170471,10.5692,11.4609,253952,0.2037,0.2259,0,0.170718,0,1,1
box_detour_turn,oi_face_rot_wide_mppi,14152,256,16,0,0,1,1,1,77,0.239105,0.00549591,8.56886,0,0.854638,1.17358,0.180232,13.8779,15.5747,315392,0.212,0.2281,0,0.180564,0,1,1
box_detour_turn,oi_face_rot_wide_mppi,14159,256,16,0,0,1,1,1,80,0.212835,0.042186,8.98203,0,0.852239,1.2001,0.169893,13.5914,14.7217,327680,0.2114,0.2343,0,0.170148,0,1,1
box_detour_turn90,oi_face_rot_pstall_mppi,14156,256,16,0,0,1,1,1,55,0.224773,0.180769,7.04511,0,0.950631,1.37477,0.172873,9.508,10.275,225280,0.2026,0.2113,0,0.173131,0,1,1
box_detour_turn90,oi_face_rot_pstall_mppi,14163,256,16,0,0,1,1,1,115,0.11689,0.21078,18.2887,0,0.769802,0.996681,0.166483,19.1455,20.6151,471040,0.206,0.2102,0,0.166658,0,1,1
box_detour_turn90,oi_face_rot_pstall_mppi,14170,256,16,0,0,1,1,1,126,0.179349,0.21058,16.9257,0,0.832593,1.13934,0.167696,21.1297,22.9881,516096,0.1932,0.2474,0,0.167894,0,1,1
box_detour_turn90,oi_face_rot_pstall_mppi,14177,256,16,0,0,1,1,1,121,0.247754,0.158144,13.8309,0,0.904562,1.46875,0.168993,20.4482,22.6911,495616,0.2113,0.2232,0,0.169289,0,1,1
box_detour_turn90,oi_face_rot_pstall_mppi,14184,256,16,0,0,1,1,1,72,0.223796,0.0923955,10.0048,0,1.17845,2.42689,0.173662,12.5037,13.6768,294912,0.2055,0.2163,0,0.173957,0,1,1
box_detour_turn90,oi_face_rot_pstall_mppi,14191,256,16,0,0,1,1,1,78,0.228261,0.161473,11.3017,0,0.946005,1.24519,0.172172,13.4294,14.764,319488,0.2096,0.2184,0,0.172462,0,1,1
box_detour_turn90,oi_face_rot_pstall_mppi,14198,256,16,0,0,1,1,1,73,0.196923,0.0816766,9.25408,0,0.837987,1.07342,0.175075,12.7805,14.1127,299008,0.2122,0.2284,0,0.175368,0,1,1
box_detour_turn90,oi_face_rot_pstall_mppi,14205,256,16,0,0,1,1,1,80,0.229067,0.109959,10.6137,0,0.846928,1.11309,0.185093,14.8074,16.2549,327680,0.2154,0.2277,0,0.18534,0,1,1
box_detour_turn90,oi_face_rot_pstall_mppi,14212,256,16,0,0,1,1,1,100,0.181525,0.170141,13.3999,0,0.927376,1.35436,0.174988,17.4988,19.4348,409600,0.2273,0.243,0,0.175291,0,1,1
box_detour_turn90,oi_face_rot_pstall_mppi,14219,256,16,0,0,1,1,1,267,0.138455,0.167315,59.2437,0,0.826696,1.08254,0.176172,47.038,52.3668,1093632,0.214,0.2601,0,0.176364,0,1,1
box_detour_turn90,oi_face_rot_pstall_mppi,14226,256,16,0,0,1,1,1,77,0.248616,0.179124,10.6282,0,0.948531,1.37786,0.172647,13.2938,14.6168,315392,0.203,0.2134,0,0.172962,0,1,1
box_detour_turn90,oi_face_rot_pstall_mppi,14233,256,16,0,0,1,1,1,110,0.114979,0.190643,16.9679,0,0.740251,0.914083,0.165364,18.19,19.8966,450560,0.2034,0.2183,0,0.165537,0,1,1
box_detour_turn90,oi_face_rot_pstall_mppi,14240,256,16,0,0,1,1,1,111,0.24996,0.0934019,12.5661,0,1.0228,1.69951,0.173786,19.2902,21.3626,454656,0.2079,0.2247,0,0.174054,0,1,1
box_detour_turn90,oi_face_rot_pstall_mppi,14247,256,16,0,0,1,1,1,101,0.111086,0.229629,15.046,0,1.05704,1.92954,0.177045,17.8816,19.7872,413696,0.2207,0.2538,0,0.177555,0,1,1
box_detour_turn90,oi_face_rot_pstall_mppi,14254,256,16,0,0,1,1,1,97,0.210132,0.0972003,14.0479,0,0.895692,1.31513,0.178203,17.2857,18.8159,397312,0.2129,0.2285,0,0.178432,0,1,1
box_detour_turn90,oi_face_rot_pstall_mppi,14261,256,16,0,0,1,1,1,242,0.0707611,0.190793,35.3084,0,0.932198,1.38794,0.216518,52.3974,60.5496,991232,0.3118,0.368,0,0.216712,0,1,1
box_detour_turn90,oi_face_rot_pstall_mppi,14268,256,16,0,0,1,1,1,103,0.165337,0.212452,16.7857,0,1.1662,2.16508,0.186287,19.1876,21.2943,421888,0.2314,0.2606,0,0.186656,0,1,1
box_detour_turn90,oi_face_rot_pstall_mppi,14275,256,16,0,0,1,1,1,101,0.0899429,0.219468,14.3866,0,1.41995,3.29081,0.167205,16.8877,18.3289,413696,0.2032,0.2239,0,0.167453,0,1,1
box_detour_turn90,oi_face_rot_pstall_mppi,14282,256,16,0,0,1,1,1,85,0.0894511,0.172858,12.9605,0,1.15733,2.0068,0.169854,14.4376,15.7657,348160,0.2021,0.2268,0,0.170147,0,1,1
box_detour_turn90,oi_face_rot_pstall_mppi,14289,256,16,0,0,1,1,1,135,0.2468,0.0612354,21.0516,0,0.799527,1.04076,0.170966,23.0804,25.3669,552960,0.2074,0.2137,0,0.171138,0,1,1
box_detour_turn90,oi_face_rot_pstall_mppi,14296,256,16,0,0,1,1,1,136,0.101584,0.211372,21.8016,0,1.04792,1.66319,0.165557,22.5157,24.4552,557056,0.2019,0.2243,0,0.165741,0,1,1
box_detour_turn90,oi_face_rot_pstall_mppi,14303,256,16,0,0,1,1,1,81,0.224656,0.162531,11.9268,0,0.990969,1.3834,0.169864,13.759,14.9369,331776,0.2037,0.2144,0,0.170096,0,1,1
box_detour_turn90,oi_face_rot_pstall_mppi,14310,256,16,0,0,1,1,1,127,0.199953,0.138896,20.8691,0,0.935591,1.3279,0.170118,21.605,23.7862,520192,0.2139,0.2434,0,0.170357,0,1,1
box_detour_turn90,oi_face_rot_pstall_mppi,14317,256,16,0,0,1,1,1,89,0.242991,0.153341,12.5325,0,1.0493,1.80638,0.17644,15.7032,17.3506,364544,0.2079,0.2138,0,0.176679,0,1,1
box_detour_turn90,oi_face_rot_pstall_mppi,14324,256,16,0,0,1,1,1,104,0.130581,0.182371,14.5927,0,0.970908,1.54355,0.183463,19.0802,20.7379,425984,0.2166,0.2389,0,0.183678,0,1,1
box_detour_turn90,oi_face_rot_pstall_mppi,14331,256,16,0,0,0,1,0,420,2.27489,1.02311,168.88,0,0.731943,1.07401,0.165326,69.4369,76.9586,1720320,0.1985,1.0014,0,0.165482,0,1,0
box_detour_turn90,oi_face_rot_pstall_mppi,14338,256,16,0,0,1,1,1,72,0.243072,0.206659,9.51025,0,0.913276,1.38935,0.17816,12.8275,14.0159,294912,0.2067,0.2352,0,0.178469,0,1,1
box_detour_turn90,oi_face_rot_pstall_mppi,14345,256,16,0,0,1,1,1,113,0.21668,0.19576,19.4907,0,0.974328,1.48168,0.176339,19.9263,21.8918,462848,0.2132,0.241,0,0.176563,0,1,1
box_detour_turn90,oi_face_rot_pstall_mppi,14352,256,16,0,0,1,1,1,83,0.217847,0.20812,10.2724,0,1.00796,1.60097,0.168718,14.0036,15.2193,339968,0.2028,0.3343,0,0.168911,0,1,1
box_detour_turn90,oi_face_rot_pstall_mppi,14359,256,16,0,0,1,1,1,123,0.182307,0.193124,19.6147,0,0.918114,1.35031,0.162799,20.0243,21.715,503808,0.1901,0.2133,0,0.16299,0,1,1
box_detour_turn90,oi_face_rot_stall_mppi,14156,256,16,0,0,1,1,1,55,0.224773,0.180769,7.04511,0,0.950631,1.37477,0.187529,10.3141,11.5477,225280,0.2189,0.2407,0,0.187875,0,1,1
box_detour_turn90,oi_face_rot_stall_mppi,14163,256,16,0,0,1,1,1,115,0.11689,0.21078,18.2887,0,0.769802,0.996681,0.174143,20.0265,22.4044,471040,0.2217,0.2279,0,0.174523,0,1,1
box_detour_turn90,oi_face_rot_stall_mppi,14170,256,16,0,0,1,1,1,126,0.179349,0.21058,16.9257,0,0.832593,1.13934,0.166118,20.9309,22.7815,516096,0.1932,0.2068,0,0.166316,0,1,1
box_detour_turn90,oi_face_rot_stall_mppi,14177,256,16,0,0,1,1,1,121,0.247754,0.158144,13.8309,0,0.904562,1.46875,0.167304,20.2438,22.3485,495616,0.2,0.2433,0,0.167538,0,1,1
box_detour_turn90,oi_face_rot_stall_mppi,14184,256,16,0,0,1,1,1,72,0.223796,0.0923955,10.0048,0,1.17845,2.42689,0.178747,12.8698,14.4149,294912,0.2231,0.2306,0,0.179207,0,1,1
box_detour_turn90,oi_face_rot_stall_mppi,14191,256,16,0,0,1,1,1,78,0.228261,0.161473,11.3017,0,0.946005,1.24519,0.172113,13.4248,14.8609,319488,0.2012,0.2258,0,0.172385,0,1,1
box_detour_turn90,oi_face_rot_stall_mppi,14198,256,16,0,0,1,1,1,73,0.196923,0.0816766,9.25408,0,0.837987,1.07342,0.172125,12.5651,13.6805,299008,0.2006,0.2177,0,0.172426,0,1,1
box_detour_turn90,oi_face_rot_stall_mppi,14205,256,16,0,0,1,1,1,80,0.229067,0.109959,10.6137,0,0.846928,1.11309,0.187765,15.0212,16.7204,327680,0.2216,0.2526,0,0.188151,0,1,1
box_detour_turn90,oi_face_rot_stall_mppi,14212,256,16,0,0,1,1,1,100,0.181525,0.170141,13.3999,0,0.927376,1.35436,0.222107,22.2107,25.988,409600,0.2981,0.3373,0,0.222549,0,1,1
box_detour_turn90,oi_face_rot_stall_mppi,14219,256,16,0,0,1,1,1,203,0.248567,0.176322,44.0605,0,0.959468,1.44162,0.175093,35.5438,39.7731,831488,0.2187,0.2743,0,0.175384,0,1,1
box_detour_turn90,oi_face_rot_stall_mppi,14226,256,16,0,0,1,1,1,77,0.248616,0.179124,10.6282,0,0.948531,1.37786,0.194044,14.9414,17.1039,315392,0.2215,0.2815,0,0.19457,0,1,1
box_detour_turn90,oi_face_rot_stall_mppi,14233,256,16,0,0,1,1,1,110,0.114979,0.190643,16.9679,0,0.740251,0.914083,0.179947,19.7942,22.3382,450560,0.2124,0.2426,0,0.180305,0,1,1
box_detour_turn90,oi_face_rot_stall_mppi,14240,256,16,0,0,1,1,1,111,0.24996,0.0934019,12.5661,0,1.0228,1.69951,0.185677,20.6102,23.312,454656,0.2233,0.301,0,0.186022,0,1,1
box_detour_turn90,oi_face_rot_stall_mppi,14247,256,16,0,0,1,1,1,101,0.111086,0.229629,15.046,0,1.05704,1.92954,0.18929,19.1183,21.6614,413696,0.2203,0.2401,0,0.189618,0,1,1
box_detour_turn90,oi_face_rot_stall_mppi,14254,256,16,0,0,1,1,1,97,0.210132,0.0972003,14.0479,0,0.895692,1.31513,0.194122,18.8298,21.364,397312,0.2309,0.2609,0,0.194792,0,1,1
box_detour_turn90,oi_face_rot_stall_mppi,14261,256,16,0,0,1,1,1,196,0.249618,0.0974133,31.5158,0,1.01215,1.58564,0.181752,35.6234,39.8415,802816,0.2279,0.3734,0,0.182043,0,1,1
box_detour_turn90,oi_face_rot_stall_mppi,14268,256,16,0,0,1,1,1,103,0.165337,0.212452,16.7857,0,1.1662,2.16508,0.178056,18.3398,20.408,421888,0.2174,0.2357,0,0.178361,0,1,1
box_detour_turn90,oi_face_rot_stall_mppi,14275,256,16,0,0,1,1,1,101,0.0899429,0.219468,14.3866,0,1.41995,3.29081,0.169459,17.1154,18.9558,413696,0.2001,0.2255,0,0.169757,0,1,1
box_detour_turn90,oi_face_rot_stall_mppi,14282,256,16,0,0,1,1,1,85,0.0894511,0.172858,12.9605,0,1.15733,2.0068,0.172182,14.6355,15.9012,348160,0.2053,0.2222,0,0.172464,0,1,1
box_detour_turn90,oi_face_rot_stall_mppi,14289,256,16,0,0,1,1,1,135,0.2468,0.0612354,21.0516,0,0.799527,1.04076,0.174768,23.5937,26.2085,552960,0.2159,0.2522,0,0.175028,0,1,1
box_detour_turn90,oi_face_rot_stall_mppi,14296,256,16,0,0,1,1,1,136,0.101584,0.211372,21.8016,0,1.04792,1.66319,0.165856,22.5564,24.9016,557056,0.2002,0.2267,0,0.166081,0,1,1
box_detour_turn90,oi_face_rot_stall_mppi,14303,256,16,0,0,1,1,1,81,0.224656,0.162531,11.9268,0,0.990969,1.3834,0.170586,13.8175,15.0556,331776,0.2,0.2267,0,0.170817,0,1,1
box_detour_turn90,oi_face_rot_stall_mppi,14310,256,16,0,0,1,1,1,127,0.199953,0.138896,20.8691,0,0.935591,1.3279,0.165254,20.9873,23.2732,520192,0.2094,0.2345,0,0.16557,0,1,1
box_detour_turn90,oi_face_rot_stall_mppi,14317,256,16,0,0,1,1,1,89,0.242991,0.153341,12.5325,0,1.0493,1.80638,0.171129,15.2305,16.9114,364544,0.206,0.228,0,0.171373,0,1,1
box_detour_turn90,oi_face_rot_stall_mppi,14324,256,16,0,0,1,1,1,104,0.130581,0.182371,14.5927,0,0.970908,1.54355,0.193162,20.0888,22.212,425984,0.2233,0.6254,0,0.193496,0,1,1
box_detour_turn90,oi_face_rot_stall_mppi,14331,256,16,0,0,0,1,0,420,2.52576,0.596004,172.994,0,1.3489,3.2289,0.168743,70.8721,79.6024,1720320,0.2083,0.2381,0,0.168935,0,1,0
box_detour_turn90,oi_face_rot_stall_mppi,14338,256,16,0,0,1,1,1,72,0.243072,0.206659,9.51025,0,0.913276,1.38935,0.17509,12.6065,13.7684,294912,0.2057,0.2194,0,0.175497,0,1,1
box_detour_turn90,oi_face_rot_stall_mppi,14345,256,16,0,0,1,1,1,113,0.21668,0.19576,19.4907,0,0.974328,1.48168,0.188911,21.347,23.96,462848,0.2137,0.9186,0,0.189271,0,1,1
box_detour_turn90,oi_face_rot_stall_mppi,14352,256,16,0,0,1,1,1,83,0.217847,0.20812,10.2724,0,1.00796,1.60097,0.17567,14.5806,16.2905,339968,0.2174,0.2339,0,0.176028,0,1,1
box_detour_turn90,oi_face_rot_stall_mppi,14359,256,16,0,0,1,1,1,123,0.182307,0.193124,19.6147,0,0.918114,1.35031,0.174172,21.4231,23.6055,503808,0.2088,0.2337,0,0.174407,0,1,1
box_detour_turn90,oi_face_rot_wide_mppi,14156,256,16,0,0,1,1,1,55,0.224773,0.180769,7.04511,0,0.950631,1.37477,0.172729,9.5001,10.3213,225280,0.1995,0.2381,0,0.173053,0,1,1
box_detour_turn90,oi_face_rot_wide_mppi,14163,256,16,0,0,1,1,1,115,0.11689,0.21078,18.2887,0,0.769802,0.996681,0.166178,19.1105,20.7937,471040,0.2107,0.2252,0,0.16635,0,1,1
box_detour_turn90,oi_face_rot_wide_mppi,14170,256,16,0,0,1,1,1,126,0.179349,0.21058,16.9257,0,0.832593,1.13934,0.175889,22.162,24.666,516096,0.1987,0.2501,0,0.17614,0,1,1
box_detour_turn90,oi_face_rot_wide_mppi,14177,256,16,0,0,1,1,1,121,0.247754,0.158144,13.8309,0,0.904562,1.46875,0.173235,20.9614,22.9934,495616,0.2034,0.2476,0,0.173499,0,1,1
box_detour_turn90,oi_face_rot_wide_mppi,14184,256,16,0,0,1,1,1,72,0.223796,0.0923955,10.0048,0,1.17845,2.42689,0.179082,12.8939,14.2405,294912,0.2096,0.2225,0,0.179472,0,1,1
box_detour_turn90,oi_face_rot_wide_mppi,14191,256,16,0,0,1,1,1,78,0.228261,0.161473,11.3017,0,0.946005,1.24519,0.179983,14.0387,15.4491,319488,0.2168,0.2247,0,0.180285,0,1,1
box_detour_turn90,oi_face_rot_wide_mppi,14198,256,16,0,0,1,1,1,73,0.196923,0.0816766,9.25408,0,0.837987,1.07342,0.198064,14.4587,16.7488,299008,0.2275,0.2567,0,0.198437,0,1,1
box_detour_turn90,oi_face_rot_wide_mppi,14205,256,16,0,0,1,1,1,80,0.229067,0.109959,10.6137,0,0.846928,1.11309,0.178796,14.3037,15.7257,327680,0.2081,0.2285,0,0.179155,0,1,1
box_detour_turn90,oi_face_rot_wide_mppi,14212,256,16,0,0,1,1,1,100,0.181525,0.170141,13.3999,0,0.927376,1.35436,0.185175,18.5175,21.1253,409600,0.2241,0.2404,0,0.185635,0,1,1
box_detour_turn90,oi_face_rot_wide_mppi,14219,256,16,0,0,1,1,1,358,0.0745402,0.19091,75.3197,0,0.743062,0.951702,0.168088,60.1757,66.4563,1466368,0.2009,0.2441,0,0.16827,0,1,1
box_detour_turn90,oi_face_rot_wide_mppi,14226,256,16,0,0,1,1,1,77,0.248616,0.179124,10.6282,0,0.948531,1.37786,0.175426,13.5078,14.9093,315392,0.211,0.2379,0,0.175683,0,1,1
box_detour_turn90,oi_face_rot_wide_mppi,14233,256,16,0,0,1,1,1,110,0.114979,0.190643,16.9679,0,0.740251,0.914083,0.171361,18.8497,20.7496,450560,0.2118,0.2395,0,0.171655,0,1,1
box_detour_turn90,oi_face_rot_wide_mppi,14240,256,16,0,0,1,1,1,111,0.24996,0.0934019,12.5661,0,1.0228,1.69951,0.166106,18.4378,20.1347,454656,0.1981,0.2113,0,0.166348,0,1,1
box_detour_turn90,oi_face_rot_wide_mppi,14247,256,16,0,0,1,1,1,101,0.111086,0.229629,15.046,0,1.05704,1.92954,0.179642,18.1438,20.0352,413696,0.2139,0.2267,0,0.179975,0,1,1
box_detour_turn90,oi_face_rot_wide_mppi,14254,256,16,0,0,1,1,1,97,0.210132,0.0972003,14.0479,0,0.895692,1.31513,0.177707,17.2376,18.9202,397312,0.2138,0.2202,0,0.177952,0,1,1
box_detour_turn90,oi_face_rot_wide_mppi,14261,256,16,0,0,0,1,0,420,1.34259,0.657838,66.8385,0,0.738355,0.870654,0.166372,69.8762,76.5424,1720320,0.2028,0.2784,0,0.166491,0,1,0
box_detour_turn90,oi_face_rot_wide_mppi,14268,256,16,0,0,1,1,1,103,0.165337,0.212452,16.7857,0,1.1662,2.16508,0.175013,18.0263,19.4033,421888,0.2054,0.2114,0,0.175223,0,1,1
box_detour_turn90,oi_face_rot_wide_mppi,14275,256,16,0,0,1,1,1,101,0.0899429,0.219468,14.3866,0,1.41995,3.29081,0.171957,17.3677,19.2859,413696,0.208,0.2505,0,0.172242,0,1,1
box_detour_turn90,oi_face_rot_wide_mppi,14282,256,16,0,0,1,1,1,85,0.0894511,0.172858,12.9605,0,1.15733,2.0068,0.172112,14.6295,16.2238,348160,0.1962,0.2299,0,0.172419,0,1,1
box_detour_turn90,oi_face_rot_wide_mppi,14289,256,16,0,0,1,1,1,135,0.2468,0.0612354,21.0516,0,0.799527,1.04076,0.172782,23.3255,26.1448,552960,0.205,0.2432,0,0.173027,0,1,1
box_detour_turn90,oi_face_rot_wide_mppi,14296,256,16,0,0,1,1,1,136,0.101584,0.211372,21.8016,0,1.04792,1.66319,0.170764,23.2239,25.6638,557056,0.2066,0.2222,0,0.170993,0,1,1
box_detour_turn90,oi_face_rot_wide_mppi,14303,256,16,0,0,1,1,1,81,0.224656,0.162531,11.9268,0,0.990969,1.3834,0.174323,14.1202,15.4836,331776,0.2114,0.22,0,0.174573,0,1,1
box_detour_turn90,oi_face_rot_wide_mppi,14310,256,16,0,0,1,1,1,127,0.199953,0.138896,20.8691,0,0.935591,1.3279,0.165446,21.0117,22.9177,520192,0.2119,0.2386,0,0.165641,0,1,1
box_detour_turn90,oi_face_rot_wide_mppi,14317,256,16,0,0,1,1,1,89,0.242991,0.153341,12.5325,0,1.0493,1.80638,0.174414,15.5228,17.0501,364544,0.2089,0.2276,0,0.174634,0,1,1
box_detour_turn90,oi_face_rot_wide_mppi,14324,256,16,0,0,1,1,1,104,0.130581,0.182371,14.5927,0,0.970908,1.54355,0.182504,18.9804,20.8355,425984,0.2068,0.2315,0,0.182783,0,1,1
box_detour_turn90,oi_face_rot_wide_mppi,14331,256,16,0,0,0,1,0,420,2.27489,1.02311,168.753,0,0.648329,0.680691,0.162425,68.2184,75.6078,1720320,0.1933,0.2221,0,0.162546,0,1,0
box_detour_turn90,oi_face_rot_wide_mppi,14338,256,16,0,0,1,1,1,72,0.243072,0.206659,9.51025,0,0.913276,1.38935,0.178768,12.8713,14.1958,294912,0.2148,0.2297,0,0.17905,0,1,1
box_detour_turn90,oi_face_rot_wide_mppi,14345,256,16,0,0,1,1,1,113,0.21668,0.19576,19.4907,0,0.974328,1.48168,0.172945,19.5428,21.2442,462848,0.2115,0.2235,0,0.173178,0,1,1
box_detour_turn90,oi_face_rot_wide_mppi,14352,256,16,0,0,1,1,1,83,0.217847,0.20812,10.2724,0,1.00796,1.60097,0.174301,14.467,15.9082,339968,0.2077,0.2419,0,0.174606,0,1,1
box_detour_turn90,oi_face_rot_wide_mppi,14359,256,16,0,0,1,1,1,123,0.182307,0.193124,19.6147,0,0.918114,1.35031,0.172608,21.2308,23.1096,503808,0.2064,0.2232,0,0.172815,0,1,1
box_detour_turn_neg,oi_face_rot_pstall_mppi,14256,256,16,0,0,1,1,1,80,0.187206,0.184156,8.0069,0,0.728031,1.00753,0.173493,13.8794,15.2954,327680,0.2096,0.2265,0,0.173758,0,1,1
box_detour_turn_neg,oi_face_rot_pstall_mppi,14263,256,16,0,0,1,1,1,76,0.186819,0.172456,7.53629,0,0.72301,0.970261,0.170308,12.9434,14.1432,311296,0.2082,0.2172,0,0.170597,0,1,1
box_detour_turn_neg,oi_face_rot_pstall_mppi,14270,256,16,0,0,1,1,1,103,0.195006,0.244791,11.7549,0,0.699302,0.792861,0.176573,18.187,20.1658,421888,0.216,0.2338,0,0.176872,0,1,1
box_detour_turn_neg,oi_face_rot_pstall_mppi,14277,256,16,0,0,1,1,1,63,0.22773,0.204202,7.51907,0,0.664147,0.802953,0.172506,10.8679,11.8594,258048,0.2056,0.244,0,0.172795,0,1,1
box_detour_turn_neg,oi_face_rot_pstall_mppi,14284,256,16,0,0,1,1,1,102,0.205321,0.0855261,12.6593,0,0.634335,0.636944,0.17943,18.3019,19.9467,417792,0.2118,0.221,0,0.179673,0,1,1
box_detour_turn_neg,oi_face_rot_pstall_mppi,14291,256,16,0,0,1,1,1,159,0.228473,0.173284,15.1367,0,0.84224,1.34609,0.171723,27.3039,29.7692,651264,0.2057,0.256,0,0.171948,0,1,1
box_detour_turn_neg,oi_face_rot_pstall_mppi,14298,256,16,0,0,1,1,1,62,0.215815,0.156338,7.19492,0,0.799184,1.16666,0.1636,10.1432,11.0513,253952,0.1923,0.2021,0,0.163847,0,1,1
box_detour_turn_neg,oi_face_rot_pstall_mppi,14305,256,16,0,0,1,1,1,193,0.230705,0.236472,15.0749,0,0.963592,1.93264,0.166071,32.0518,35.3511,790528,0.1932,0.6618,0,0.16626,0,1,1
box_detour_turn_neg,oi_face_rot_pstall_mppi,14312,256,16,0,0,1,1,1,95,0.238376,0.161526,12.1326,0,0.70842,0.982874,0.176013,16.7212,18.3662,389120,0.2108,0.2261,0,0.176291,0,1,1
box_detour_turn_neg,oi_face_rot_pstall_mppi,14319,256,16,0,0,1,1,1,67,0.224334,0.18097,8.6704,0,0.769675,0.999394,0.16664,11.1649,12.2408,274432,0.1932,0.2021,0,0.166921,0,1,1
box_detour_turn_neg,oi_face_rot_pstall_mppi,14326,256,16,0,0,1,1,1,62,0.227556,0.0202769,7.15391,0,0.851972,1.26039,0.161934,10.0399,11.0676,253952,0.1893,0.2105,0,0.16225,0,1,1
box_detour_turn_neg,oi_face_rot_pstall_mppi,14333,256,16,0,0,1,1,1,75,0.230475,0.0677682,9.4657,0,0.684147,0.7624,0.168321,12.6241,13.6609,307200,0.2032,0.2198,0,0.168564,0,1,1
box_detour_turn_neg,oi_face_rot_pstall_mppi,14340,256,16,0,0,1,1,1,71,0.244062,0.0158262,8.5256,0,0.662418,0.719109,0.190068,13.4948,15.6974,290816,0.223,0.2385,0,0.19067,0,1,1
box_detour_turn_neg,oi_face_rot_pstall_mppi,14347,256,16,0,0,1,1,1,94,0.246097,0.238734,10.3538,0,0.681234,0.760836,0.187835,17.6565,20.4303,385024,0.2166,0.2445,0,0.188177,0,1,1
box_detour_turn_neg,oi_face_rot_pstall_mppi,14354,256,16,0,0,1,1,1,81,0.131186,0.179877,8.2687,0,0.687127,0.904547,0.177442,14.3728,15.9762,331776,0.2188,0.2615,0,0.177746,0,1,1
box_detour_turn_neg,oi_face_rot_pstall_mppi,14361,256,16,0,0,1,1,1,80,0.245493,0.136532,9.27309,0,0.836748,1.12286,0.177805,14.2244,15.6521,327680,0.2244,0.2442,0,0.178133,0,1,1
box_detour_turn_neg,oi_face_rot_pstall_mppi,14368,256,16,0,0,1,1,1,56,0.211915,0.221064,6.69348,0,0.786435,1.06477,0.167963,9.4059,10.6444,229376,0.1877,0.2148,0,0.168361,0,1,1
box_detour_turn_neg,oi_face_rot_pstall_mppi,14375,256,16,0,0,1,1,1,99,0.244165,0.199559,10.8261,0,0.679073,0.76917,0.175229,17.3477,18.7122,405504,0.205,0.2291,0,0.175434,0,1,1
box_detour_turn_neg,oi_face_rot_pstall_mppi,14382,256,16,0,0,1,1,1,66,0.230092,0.137341,8.21934,0,0.639504,0.824625,0.166202,10.9693,11.9578,270336,0.2029,0.2304,0,0.166527,0,1,1
box_detour_turn_neg,oi_face_rot_pstall_mppi,14389,256,16,0,0,1,1,1,110,0.213287,0.202753,14.323,0,0.653064,0.805478,0.175724,19.3296,20.8566,450560,0.2033,0.2371,0,0.175946,0,1,1
box_detour_turn_neg,oi_face_rot_pstall_mppi,14396,256,16,0,0,1,1,1,96,0.242898,0.120228,9.03993,0,0.830338,1.10983,0.175024,16.8023,19.0955,393216,0.2046,0.2331,0,0.175461,0,1,1
box_detour_turn_neg,oi_face_rot_pstall_mppi,14403,256,16,0,0,1,1,1,78,0.196499,0.249618,9.71624,0,0.590737,0.643664,0.172554,13.4592,14.8443,319488,0.203,0.2131,0,0.172935,0,1,1
box_detour_turn_neg,oi_face_rot_pstall_mppi,14410,256,16,0,0,1,1,1,160,0.217272,0.0566019,21.8607,0,1.02121,2.00021,0.179559,28.7295,31.1606,655360,0.2105,0.2417,0,0.179794,0,1,1
box_detour_turn_neg,oi_face_rot_pstall_mppi,14417,256,16,0,0,1,1,1,61,0.20247,0.0960751,7.10421,0,0.727131,0.908477,0.163666,9.9836,10.8354,249856,0.1826,0.1931,0,0.1639,0,1,1
box_detour_turn_neg,oi_face_rot_pstall_mppi,14424,256,16,0,0,1,1,1,65,0.23604,0.121997,7.40459,0,0.627956,0.800727,0.170657,11.0927,12.1258,266240,0.2113,0.2262,0,0.170892,0,1,1
box_detour_turn_neg,oi_face_rot_pstall_mppi,14431,256,16,0,0,1,1,1,68,0.21835,0.107,8.12713,0,0.720837,0.940537,0.163538,11.1206,12.1775,278528,0.1882,0.1949,0,0.163799,0,1,1
box_detour_turn_neg,oi_face_rot_pstall_mppi,14438,256,16,0,0,1,1,1,94,0.127981,0.146795,11.4606,0,0.745245,1.02506,0.171081,16.0816,17.559,385024,0.2043,0.2141,0,0.171361,0,1,1
box_detour_turn_neg,oi_face_rot_pstall_mppi,14445,256,16,0,0,1,1,1,67,0.201826,0.123773,7.93013,0,0.656065,0.791043,0.168658,11.3001,12.4216,274432,0.1927,0.2127,0,0.168993,0,1,1
box_detour_turn_neg,oi_face_rot_pstall_mppi,14452,256,16,0,0,1,1,1,117,0.218833,0.241461,14.2536,0,0.731101,0.941217,0.210856,24.6702,28.6035,479232,0.2477,0.2566,0,0.211232,0,1,1
box_detour_turn_neg,oi_face_rot_pstall_mppi,14459,256,16,0,0,1,1,1,112,0.035369,0.221796,11.622,0,0.796216,1.10353,0.166696,18.67,20.1138,458752,0.1982,0.2053,0,0.166902,0,1,1
box_detour_turn_neg,oi_face_rot_stall_mppi,14256,256,16,0,0,1,1,1,80,0.187206,0.184156,8.0069,0,0.728031,1.00753,0.173606,13.8885,15.3679,327680,0.2003,0.2151,0,0.173905,0,1,1
box_detour_turn_neg,oi_face_rot_stall_mppi,14263,256,16,0,0,1,1,1,76,0.186819,0.172456,7.53629,0,0.72301,0.970261,0.167779,12.7512,13.9122,311296,0.1993,0.2155,0,0.168011,0,1,1
box_detour_turn_neg,oi_face_rot_stall_mppi,14270,256,16,0,0,1,1,1,103,0.195006,0.244791,11.7549,0,0.699302,0.792861,0.176306,18.1595,20.0714,421888,0.2064,0.2531,0,0.176576,0,1,1
box_detour_turn_neg,oi_face_rot_stall_mppi,14277,256,16,0,0,1,1,1,63,0.22773,0.204202,7.51907,0,0.664147,0.802953,0.177662,11.1927,12.4045,258048,0.2067,0.2236,0,0.177957,0,1,1
box_detour_turn_neg,oi_face_rot_stall_mppi,14284,256,16,0,0,1,1,1,102,0.205321,0.0855261,12.6593,0,0.634335,0.636944,0.17767,18.1223,19.7171,417792,0.2021,0.2275,0,0.17789,0,1,1
box_detour_turn_neg,oi_face_rot_stall_mppi,14291,256,16,0,0,1,1,1,144,0.112787,0.217672,12.8201,0,0.824151,1.3042,0.171867,24.7489,27.2269,589824,0.2058,0.2195,0,0.17209,0,1,1
box_detour_turn_neg,oi_face_rot_stall_mppi,14298,256,16,0,0,1,1,1,62,0.215815,0.156338,7.19492,0,0.799184,1.16666,0.177979,11.0347,12.3751,253952,0.2313,0.2393,0,0.17836,0,1,1
box_detour_turn_neg,oi_face_rot_stall_mppi,14305,256,16,0,0,1,1,1,193,0.230705,0.236472,15.0749,0,0.963592,1.93264,0.162069,31.2793,34.4102,790528,0.1788,0.1992,0,0.162284,0,1,1
box_detour_turn_neg,oi_face_rot_stall_mppi,14312,256,16,0,0,1,1,1,97,0.2067,0.199265,12.6461,0,0.698828,0.859953,0.175189,16.9933,18.4746,397312,0.2057,0.2221,0,0.175457,0,1,1
box_detour_turn_neg,oi_face_rot_stall_mppi,14319,256,16,0,0,1,1,1,67,0.224334,0.18097,8.6704,0,0.769675,0.999394,0.167949,11.2526,12.3592,274432,0.1992,0.2217,0,0.168243,0,1,1
box_detour_turn_neg,oi_face_rot_stall_mppi,14326,256,16,0,0,1,1,1,62,0.227556,0.0202769,7.15391,0,0.851972,1.26039,0.165115,10.2371,11.2552,253952,0.1871,0.2157,0,0.165427,0,1,1
box_detour_turn_neg,oi_face_rot_stall_mppi,14333,256,16,0,0,1,1,1,75,0.230475,0.0677682,9.4657,0,0.684147,0.7624,0.179899,13.4924,14.8191,307200,0.2173,0.4986,0,0.180252,0,1,1
box_detour_turn_neg,oi_face_rot_stall_mppi,14340,256,16,0,0,1,1,1,71,0.244062,0.0158262,8.5256,0,0.662418,0.719109,0.181737,12.9033,14.6439,290816,0.225,0.2514,0,0.182107,0,1,1
box_detour_turn_neg,oi_face_rot_stall_mppi,14347,256,16,0,0,1,1,1,94,0.246097,0.238734,10.3538,0,0.681234,0.760836,0.17906,16.8316,18.9603,385024,0.2153,0.247,0,0.179394,0,1,1
box_detour_turn_neg,oi_face_rot_stall_mppi,14354,256,16,0,0,1,1,1,81,0.131186,0.179877,8.2687,0,0.687127,0.904547,0.183735,14.8825,16.7179,331776,0.2321,0.2497,0,0.184222,0,1,1
box_detour_turn_neg,oi_face_rot_stall_mppi,14361,256,16,0,0,1,1,1,80,0.245493,0.136532,9.27309,0,0.836748,1.12286,0.188915,15.1132,16.8523,327680,0.2231,0.2503,0,0.189379,0,1,1
box_detour_turn_neg,oi_face_rot_stall_mppi,14368,256,16,0,0,1,1,1,56,0.211915,0.221064,6.69348,0,0.786435,1.06477,0.160473,8.9865,9.9574,229376,0.1785,0.1975,0,0.160855,0,1,1
box_detour_turn_neg,oi_face_rot_stall_mppi,14375,256,16,0,0,1,1,1,99,0.244165,0.199559,10.8261,0,0.679073,0.76917,0.183918,18.2079,20.4923,405504,0.2176,0.2341,0,0.184273,0,1,1
box_detour_turn_neg,oi_face_rot_stall_mppi,14382,256,16,0,0,1,1,1,66,0.230092,0.137341,8.21934,0,0.639504,0.824625,0.169686,11.1993,12.301,270336,0.2059,0.2189,0,0.169986,0,1,1
box_detour_turn_neg,oi_face_rot_stall_mppi,14389,256,16,0,0,1,1,1,411,0.167626,0.208407,59.3942,0,1.33411,3.16827,0.199802,82.1186,91.682,1683456,0.2754,0.4465,0,0.199949,0,1,1
box_detour_turn_neg,oi_face_rot_stall_mppi,14396,256,16,0,0,1,1,1,96,0.242898,0.120228,9.03993,0,0.830338,1.10983,0.175826,16.8793,18.7302,393216,0.2172,0.2783,0,0.176122,0,1,1
box_detour_turn_neg,oi_face_rot_stall_mppi,14403,256,16,0,0,1,1,1,129,0.229767,0.13149,12.6214,0,0.96349,1.91123,0.189948,24.5033,27.8776,528384,0.2281,0.3784,0,0.190364,0,1,1
box_detour_turn_neg,oi_face_rot_stall_mppi,14410,256,16,0,0,1,1,1,93,0.228391,0.204748,11.4359,0,0.850322,1.29381,0.183222,17.0396,18.9903,380928,0.2198,0.297,0,0.183539,0,1,1
box_detour_turn_neg,oi_face_rot_stall_mppi,14417,256,16,0,0,1,1,1,61,0.20247,0.0960751,7.10421,0,0.727131,0.908477,0.164769,10.0509,11.3014,249856,0.1936,0.2359,0,0.165075,0,1,1
box_detour_turn_neg,oi_face_rot_stall_mppi,14424,256,16,0,0,1,1,1,65,0.23604,0.121997,7.40459,0,0.627956,0.800727,0.183946,11.9565,13.7539,266240,0.2132,0.2671,0,0.184563,0,1,1
box_detour_turn_neg,oi_face_rot_stall_mppi,14431,256,16,0,0,1,1,1,68,0.21835,0.107,8.12713,0,0.720837,0.940537,0.177935,12.0996,13.9171,278528,0.1977,0.2171,0,0.178488,0,1,1
box_detour_turn_neg,oi_face_rot_stall_mppi,14438,256,16,0,0,1,1,1,94,0.127981,0.146795,11.4606,0,0.745245,1.02506,0.191047,17.9584,20.3105,385024,0.2256,0.2577,0,0.191433,0,1,1
box_detour_turn_neg,oi_face_rot_stall_mppi,14445,256,16,0,0,1,1,1,67,0.201826,0.123773,7.93013,0,0.656065,0.791043,0.167007,11.1895,12.4287,274432,0.1903,0.2321,0,0.167436,0,1,1
box_detour_turn_neg,oi_face_rot_stall_mppi,14452,256,16,0,0,1,1,1,117,0.218833,0.241461,14.2536,0,0.731101,0.941217,0.181355,21.2185,23.4815,479232,0.2344,0.2487,0,0.18162,0,1,1
box_detour_turn_neg,oi_face_rot_stall_mppi,14459,256,16,0,0,1,1,1,112,0.035369,0.221796,11.622,0,0.796216,1.10353,0.171325,19.1884,21.3475,458752,0.2091,0.2464,0,0.171622,0,1,1
box_detour_turn_neg,oi_face_rot_wide_mppi,14256,256,16,0,0,1,1,1,80,0.187206,0.184156,8.0069,0,0.728031,1.00753,0.175516,14.0413,15.874,327680,0.203,0.2082,0,0.175941,0,1,1
box_detour_turn_neg,oi_face_rot_wide_mppi,14263,256,16,0,0,1,1,1,76,0.186819,0.172456,7.53629,0,0.72301,0.970261,0.17427,13.2445,14.7699,311296,0.2182,0.2688,0,0.174629,0,1,1
box_detour_turn_neg,oi_face_rot_wide_mppi,14270,256,16,0,0,1,1,1,103,0.195006,0.244791,11.7549,0,0.699302,0.792861,0.177803,18.3137,20.4826,421888,0.2096,0.2364,0,0.178125,0,1,1
box_detour_turn_neg,oi_face_rot_wide_mppi,14277,256,16,0,0,1,1,1,63,0.22773,0.204202,7.51907,0,0.664147,0.802953,0.17637,11.1113,12.2395,258048,0.2067,0.2232,0,0.176698,0,1,1
box_detour_turn_neg,oi_face_rot_wide_mppi,14284,256,16,0,0,1,1,1,102,0.205321,0.0855261,12.6593,0,0.634335,0.636944,0.187732,19.1487,21.475,417792,0.2347,0.419,0,0.188246,0,1,1
box_detour_turn_neg,oi_face_rot_wide_mppi,14291,256,16,0,0,1,1,1,199,0.0503578,0.167067,24.7067,0,0.681466,0.684681,0.189461,37.7027,42.3555,815104,0.2708,0.3299,0,0.189727,0,1,1
box_detour_turn_neg,oi_face_rot_wide_mppi,14298,256,16,0,0,1,1,1,62,0.215815,0.156338,7.19492,0,0.799184,1.16666,0.176887,10.967,12.3409,253952,0.2149,0.2445,0,0.177256,0,1,1
box_detour_turn_neg,oi_face_rot_wide_mppi,14305,256,16,0,0,1,1,1,193,0.230705,0.236472,15.0749,0,0.963592,1.93264,0.169987,32.8074,36.6783,790528,0.1979,0.256,0,0.17023,0,1,1
box_detour_turn_neg,oi_face_rot_wide_mppi,14312,256,16,0,0,1,1,1,95,0.238376,0.161526,12.1326,0,0.70842,0.982874,0.185371,17.6102,19.6051,389120,0.2285,0.2689,0,0.185747,0,1,1
box_detour_turn_neg,oi_face_rot_wide_mppi,14319,256,16,0,0,1,1,1,67,0.224334,0.18097,8.6704,0,0.769675,0.999394,0.169191,11.3358,12.5679,274432,0.1969,0.2154,0,0.169524,0,1,1
box_detour_turn_neg,oi_face_rot_wide_mppi,14326,256,16,0,0,1,1,1,62,0.227556,0.0202769,7.15391,0,0.851972,1.26039,0.165882,10.2847,11.2221,253952,0.1923,0.2145,0,0.166118,0,1,1
box_detour_turn_neg,oi_face_rot_wide_mppi,14333,256,16,0,0,1,1,1,75,0.230475,0.0677682,9.4657,0,0.684147,0.7624,0.175196,13.1397,14.7594,307200,0.2136,0.2298,0,0.175492,0,1,1
box_detour_turn_neg,oi_face_rot_wide_mppi,14340,256,16,0,0,1,1,1,71,0.244062,0.0158262,8.5256,0,0.662418,0.719109,0.189993,13.4895,15.3932,290816,0.235,0.3085,0,0.190482,0,1,1
box_detour_turn_neg,oi_face_rot_wide_mppi,14347,256,16,0,0,1,1,1,94,0.246097,0.238734,10.3538,0,0.681234,0.760836,0.174307,16.3849,18.4624,385024,0.2209,0.2518,0,0.174813,0,1,1
box_detour_turn_neg,oi_face_rot_wide_mppi,14354,256,16,0,0,1,1,1,81,0.131186,0.179877,8.2687,0,0.687127,0.904547,0.1721,13.9401,15.4287,331776,0.208,0.2167,0,0.17239,0,1,1
box_detour_turn_neg,oi_face_rot_wide_mppi,14361,256,16,0,0,1,1,1,80,0.245493,0.136532,9.27309,0,0.836748,1.12286,0.173733,13.8986,15.2535,327680,0.2092,0.2556,0,0.174056,0,1,1
box_detour_turn_neg,oi_face_rot_wide_mppi,14368,256,16,0,0,1,1,1,56,0.211915,0.221064,6.69348,0,0.786435,1.06477,0.155259,8.6945,9.4519,229376,0.1711,0.1837,0,0.155493,0,1,1
box_detour_turn_neg,oi_face_rot_wide_mppi,14375,256,16,0,0,1,1,1,99,0.244165,0.199559,10.8261,0,0.679073,0.76917,0.177043,17.5273,19.1963,405504,0.2177,0.2257,0,0.177267,0,1,1
box_detour_turn_neg,oi_face_rot_wide_mppi,14382,256,16,0,0,1,1,1,66,0.230092,0.137341,8.21934,0,0.639504,0.824625,0.169047,11.1571,12.3417,270336,0.2075,0.2251,0,0.169458,0,1,1
box_detour_turn_neg,oi_face_rot_wide_mppi,14389,256,16,0,0,1,1,1,110,0.213287,0.202753,14.323,0,0.653064,0.805478,0.193956,21.3352,24.0854,450560,0.2369,0.3343,0,0.194325,0,1,1
box_detour_turn_neg,oi_face_rot_wide_mppi,14396,256,16,0,0,1,1,1,96,0.242898,0.120228,9.03993,0,0.830338,1.10983,0.188752,18.1202,20.6995,393216,0.2375,0.2499,0,0.189243,0,1,1
box_detour_turn_neg,oi_face_rot_wide_mppi,14403,256,16,0,0,1,1,1,78,0.196499,0.249618,9.71624,0,0.590737,0.643664,0.214662,16.7436,19.5369,319488,0.3091,0.3639,0,0.215082,0,1,1
box_detour_turn_neg,oi_face_rot_wide_mppi,14410,256,16,0,0,0,1,0,420,1.40427,0.341866,64.6673,0,0.572768,0.505035,0.202971,85.248,95.5273,1720320,0.2799,0.5825,0,0.203136,0,1,0
box_detour_turn_neg,oi_face_rot_wide_mppi,14417,256,16,0,0,1,1,1,61,0.20247,0.0960751,7.10421,0,0.727131,0.908477,0.170208,10.3827,11.4599,249856,0.1969,0.215,0,0.170523,0,1,1
box_detour_turn_neg,oi_face_rot_wide_mppi,14424,256,16,0,0,1,1,1,65,0.23604,0.121997,7.40459,0,0.627956,0.800727,0.185694,12.0701,13.6512,266240,0.2164,0.2638,0,0.186155,0,1,1
box_detour_turn_neg,oi_face_rot_wide_mppi,14431,256,16,0,0,1,1,1,68,0.21835,0.107,8.12713,0,0.720837,0.940537,0.172215,11.7106,13.1198,278528,0.2073,0.2413,0,0.172632,0,1,1
box_detour_turn_neg,oi_face_rot_wide_mppi,14438,256,16,0,0,1,1,1,94,0.127981,0.146795,11.4606,0,0.745245,1.02506,0.188655,17.7336,20.0537,385024,0.2318,0.2628,0,0.18907,0,1,1
box_detour_turn_neg,oi_face_rot_wide_mppi,14445,256,16,0,0,1,1,1,67,0.201826,0.123773,7.93013,0,0.656065,0.791043,0.176248,11.8086,13.3149,274432,0.2162,0.2438,0,0.176719,0,1,1
box_detour_turn_neg,oi_face_rot_wide_mppi,14452,256,16,0,0,1,1,1,117,0.218833,0.241461,14.2536,0,0.731101,0.941217,0.189466,22.1675,24.8756,479232,0.229,0.2596,0,0.189832,0,1,1
box_detour_turn_neg,oi_face_rot_wide_mppi,14459,256,16,0,0,1,1,1,112,0.035369,0.221796,11.622,0,0.796216,1.10353,0.172533,19.3237,21.4737,458752,0.2142,0.2683,0,0.172856,0,1,1
box_detour_wall,oi_face_rot_pstall_mppi,13556,256,16,0,0,1,1,1,123,0.247648,0.0249475,9.47235,0,0.855619,1.40748,0.184137,22.6489,25.5571,503808,0.2255,0.2368,0,0.184516,0,1,1
box_detour_wall,oi_face_rot_pstall_mppi,13563,256,16,0,0,1,1,1,106,0.227876,0.118932,8.59519,0,0.735092,1.0345,0.173983,18.4422,20.629,434176,0.2057,0.2293,0,0.174293,0,1,1
box_detour_wall,oi_face_rot_pstall_mppi,13570,256,16,0,0,1,1,1,117,0.165065,0.0776756,8.57944,0,0.884936,1.51008,0.173263,20.2718,22.4671,479232,0.212,0.2227,0,0.173568,0,1,1
box_detour_wall,oi_face_rot_pstall_mppi,13577,256,16,0,0,1,1,1,89,0.227464,0.0590295,7.54164,0,0.946211,1.51779,0.204729,18.2209,20.9981,364544,0.3014,0.3684,0,0.205095,0,1,1
box_detour_wall,oi_face_rot_pstall_mppi,13584,256,16,0,0,1,1,1,95,0.248663,0.0651378,7.52988,0,0.892134,1.34411,0.173239,16.4577,18.2299,389120,0.2104,0.2248,0,0.173624,0,1,1
box_detour_wall,oi_face_rot_pstall_mppi,13591,256,16,0,0,1,1,1,119,0.231674,0.115298,7.36243,0,0.81925,1.37433,0.168855,20.0937,22.2119,487424,0.2028,0.2122,0,0.1691,0,1,1
box_detour_wall,oi_face_rot_pstall_mppi,13598,256,16,0,0,1,1,1,91,0.242544,0.0325563,7.6213,0,0.760087,1.06555,0.185697,16.8984,18.8156,372736,0.2283,0.2642,0,0.185976,0,1,1
box_detour_wall,oi_face_rot_pstall_mppi,13605,256,16,0,0,1,1,1,71,0.246247,0.00418671,6.06051,0,0.888138,1.29797,0.180814,12.8378,14.4603,290816,0.229,0.2564,0,0.181285,0,1,1
box_detour_wall,oi_face_rot_pstall_mppi,13612,256,16,0,0,1,1,1,112,0.215595,0.00867227,6.79566,0,1.06078,2.26293,0.182251,20.4121,22.8444,458752,0.2297,0.2457,0,0.182636,0,1,1
box_detour_wall,oi_face_rot_pstall_mppi,13619,256,16,0,0,1,1,1,96,0.247439,0.014404,9.06705,0,0.922447,1.40843,0.188459,18.0921,20.8175,393216,0.2497,0.2751,0,0.18894,0,1,1
box_detour_wall,oi_face_rot_pstall_mppi,13626,256,16,0,0,1,1,1,103,0.236777,0.0879735,9.15045,0,0.770843,1.06663,0.188795,19.4459,22.2272,421888,0.2175,0.2369,0,0.189246,0,1,1
box_detour_wall,oi_face_rot_pstall_mppi,13633,256,16,0,0,1,1,1,94,0.245355,0.321018,7.83659,0,0.963198,1.67318,0.184156,17.3107,19.2349,385024,0.2183,0.2462,0,0.184509,0,1,1
box_detour_wall,oi_face_rot_pstall_mppi,13640,256,16,0,0,1,1,1,80,0.207063,0.1206,6.20474,0,0.997785,1.62744,0.174524,13.9619,15.4134,327680,0.2106,0.2167,0,0.174885,0,1,1
box_detour_wall,oi_face_rot_pstall_mppi,13647,256,16,0,0,1,1,1,85,0.244908,0.0169528,5.96431,0,0.88869,1.56962,0.183998,15.6398,17.3934,348160,0.228,0.2344,0,0.184346,0,1,1
box_detour_wall,oi_face_rot_pstall_mppi,13654,256,16,0,0,1,1,1,85,0.228796,0.0216808,6.83479,0,0.868779,1.43587,0.178073,15.1362,16.8684,348160,0.2116,0.2511,0,0.178419,0,1,1
box_detour_wall,oi_face_rot_pstall_mppi,13661,256,16,0,0,1,1,1,112,0.206349,0.0538873,8.33347,0,0.825986,1.24396,0.170764,19.1256,21.1173,458752,0.2104,0.2242,0,0.171071,0,1,1
box_detour_wall,oi_face_rot_pstall_mppi,13668,256,16,0,0,1,1,1,68,0.230317,0.0582746,5.5527,0,0.846701,1.29282,0.183668,12.4894,14.0648,278528,0.2209,0.2389,0,0.184003,0,1,1
box_detour_wall,oi_face_rot_pstall_mppi,13675,256,16,0,0,1,1,1,92,0.198876,0.0211531,6.81839,0,1.07325,2.10429,0.173308,15.9443,17.4197,376832,0.2079,0.218,0,0.173492,0,1,1
box_detour_wall,oi_face_rot_pstall_mppi,13682,256,16,0,0,1,1,1,123,0.227222,0.00931623,8.55931,0,0.726682,1.10685,0.16931,20.8251,22.8732,503808,0.2049,0.2336,0,0.169566,0,1,1
box_detour_wall,oi_face_rot_pstall_mppi,13689,256,16,0,0,1,1,1,50,0.203891,0.156209,5.75746,0,0.684384,0.820691,0.17775,8.8875,9.7418,204800,0.2157,0.2389,0,0.178128,0,1,1
box_detour_wall,oi_face_rot_pstall_mppi,13696,256,16,0,0,1,1,1,98,0.226362,0.11841,8.41477,0,0.78543,1.07616,0.176071,17.255,19.1913,401408,0.205,0.2175,0,0.176435,0,1,1
box_detour_wall,oi_face_rot_pstall_mppi,13703,256,16,0,0,1,1,1,106,0.203158,0.00644754,8.64671,0,0.848884,1.44735,0.174183,18.4634,19.8744,434176,0.2021,0.2182,0,0.17441,0,1,1
box_detour_wall,oi_face_rot_pstall_mppi,13710,256,16,0,0,1,1,1,105,0.217802,0.00658778,8.22194,0,0.840961,1.39555,0.165579,17.3858,18.7695,430080,0.1927,0.2119,0,0.165771,0,1,1
box_detour_wall,oi_face_rot_pstall_mppi,13717,256,16,0,0,1,1,1,123,0.230595,0.136132,8.73268,0,0.838757,1.39498,0.175264,21.5575,23.6329,503808,0.2144,0.228,0,0.175515,0,1,1
box_detour_wall,oi_face_rot_pstall_mppi,13724,256,16,0,0,1,1,1,112,0.205756,0.0880781,7.94089,0,1.19627,2.94645,0.174279,19.5192,21.5937,458752,0.2202,0.2264,0,0.174598,0,1,1
box_detour_wall,oi_face_rot_pstall_mppi,13731,256,16,0,0,1,1,1,78,0.228652,0.125877,6.44474,0,0.742198,1.0525,0.178445,13.9187,15.3341,319488,0.226,0.2518,0,0.178883,0,1,1
box_detour_wall,oi_face_rot_pstall_mppi,13738,256,16,0,0,1,1,1,126,0.241835,0.191794,8.51626,0,1.0465,2.17823,0.165404,20.8409,22.6959,516096,0.1893,0.2179,0,0.165609,0,1,1
box_detour_wall,oi_face_rot_pstall_mppi,13745,256,16,0,0,1,1,1,117,0.231551,0.0881318,9.62351,0,1.04831,2.19292,0.168262,19.6867,21.6887,479232,0.2121,0.2575,0,0.168459,0,1,1
box_detour_wall,oi_face_rot_pstall_mppi,13752,256,16,0,0,1,1,1,106,0.206375,0.187462,8.92079,0,0.76426,1.0416,0.181842,19.2753,21.3426,434176,0.2473,0.3559,0,0.182142,0,1,1
box_detour_wall,oi_face_rot_pstall_mppi,13759,256,16,0,0,1,1,1,155,0.187021,0.0397359,11.7987,0,0.780553,1.2292,0.178449,27.6596,30.6842,634880,0.2044,0.217,0,0.178806,0,1,1
box_detour_wall,oi_face_rot_stall_mppi,13556,256,16,0,0,1,1,1,123,0.247648,0.0249475,9.47235,0,0.855619,1.40748,0.172208,21.1816,23.1298,503808,0.2025,0.2263,0,0.172387,0,1,1
box_detour_wall,oi_face_rot_stall_mppi,13563,256,16,0,0,1,1,1,106,0.227876,0.118932,8.59519,0,0.735092,1.0345,0.165771,17.5717,19.1309,434176,0.2011,0.2432,0,0.165994,0,1,1
box_detour_wall,oi_face_rot_stall_mppi,13570,256,16,0,0,1,1,1,117,0.165065,0.0776756,8.57944,0,0.884936,1.51008,0.170858,19.9904,21.6808,479232,0.206,0.2139,0,0.171094,0,1,1
box_detour_wall,oi_face_rot_stall_mppi,13577,256,16,0,0,1,1,1,89,0.227464,0.0590295,7.54164,0,0.946211,1.51779,0.175101,15.584,17.0668,364544,0.2022,0.2166,0,0.175367,0,1,1
box_detour_wall,oi_face_rot_stall_mppi,13584,256,16,0,0,1,1,1,95,0.248663,0.0651378,7.52988,0,0.892134,1.34411,0.168038,15.9636,17.279,389120,0.2028,0.2135,0,0.168294,0,1,1
box_detour_wall,oi_face_rot_stall_mppi,13591,256,16,0,0,1,1,1,119,0.231674,0.115298,7.36243,0,0.81925,1.37433,0.164188,19.5384,21.1882,487424,0.1973,0.2196,0,0.164389,0,1,1
box_detour_wall,oi_face_rot_stall_mppi,13598,256,16,0,0,1,1,1,91,0.242544,0.0325563,7.6213,0,0.760087,1.06555,0.175402,15.9616,17.331,372736,0.2126,0.2279,0,0.175592,0,1,1
box_detour_wall,oi_face_rot_stall_mppi,13605,256,16,0,0,1,1,1,71,0.246247,0.00418671,6.06051,0,0.888138,1.29797,0.192069,13.6369,15.3446,290816,0.2239,0.2629,0,0.192375,0,1,1
box_detour_wall,oi_face_rot_stall_mppi,13612,256,16,0,0,1,1,1,112,0.215595,0.00867227,6.79566,0,1.06078,2.26293,0.176383,19.7549,21.7054,458752,0.2233,0.2681,0,0.176666,0,1,1
box_detour_wall,oi_face_rot_stall_mppi,13619,256,16,0,0,1,1,1,96,0.247439,0.014404,9.06705,0,0.922447,1.40843,0.168187,16.146,17.7701,393216,0.2107,0.2286,0,0.168477,0,1,1
box_detour_wall,oi_face_rot_stall_mppi,13626,256,16,0,0,1,1,1,103,0.236777,0.0879735,9.15045,0,0.770843,1.06663,0.194125,19.9949,22.3611,421888,0.3413,0.4001,0,0.194605,0,1,1
box_detour_wall,oi_face_rot_stall_mppi,13633,256,16,0,0,1,1,1,94,0.245355,0.321018,7.83659,0,0.963198,1.67318,0.173289,16.2892,17.6146,385024,0.2018,0.2188,0,0.173485,0,1,1
box_detour_wall,oi_face_rot_stall_mppi,13640,256,16,0,0,1,1,1,80,0.207063,0.1206,6.20474,0,0.997785,1.62744,0.178924,14.3139,15.547,327680,0.2108,0.2315,0,0.179131,0,1,1
box_detour_wall,oi_face_rot_stall_mppi,13647,256,16,0,0,1,1,1,85,0.244908,0.0169528,5.96431,0,0.88869,1.56962,0.170632,14.5037,15.8074,348160,0.2051,0.2117,0,0.170878,0,1,1
box_detour_wall,oi_face_rot_stall_mppi,13654,256,16,0,0,1,1,1,85,0.228796,0.0216808,6.83479,0,0.868779,1.43587,0.178051,15.1343,16.8686,348160,0.2123,0.2552,0,0.178449,0,1,1
box_detour_wall,oi_face_rot_stall_mppi,13661,256,16,0,0,1,1,1,112,0.206349,0.0538873,8.33347,0,0.825986,1.24396,0.169308,18.9625,20.8816,458752,0.2057,0.2233,0,0.169585,0,1,1
box_detour_wall,oi_face_rot_stall_mppi,13668,256,16,0,0,1,1,1,68,0.230317,0.0582746,5.5527,0,0.846701,1.29282,0.170716,11.6087,12.7424,278528,0.217,0.2511,0,0.171035,0,1,1
box_detour_wall,oi_face_rot_stall_mppi,13675,256,16,0,0,1,1,1,92,0.198876,0.0211531,6.81839,0,1.07325,2.10429,0.167705,15.4289,16.7113,376832,0.2224,0.2284,0,0.167925,0,1,1
box_detour_wall,oi_face_rot_stall_mppi,13682,256,16,0,0,1,1,1,123,0.227222,0.00931623,8.55931,0,0.726682,1.10685,0.172293,21.192,23.0468,503808,0.2028,0.2278,0,0.172471,0,1,1
box_detour_wall,oi_face_rot_stall_mppi,13689,256,16,0,0,1,1,1,50,0.203891,0.156209,5.75746,0,0.684384,0.820691,0.174666,8.7333,9.5649,204800,0.2024,0.2085,0,0.175018,0,1,1
box_detour_wall,oi_face_rot_stall_mppi,13696,256,16,0,0,1,1,1,98,0.226362,0.11841,8.41477,0,0.78543,1.07616,0.177773,17.4218,19.1128,401408,0.2059,0.8758,0,0.178023,0,1,1
box_detour_wall,oi_face_rot_stall_mppi,13703,256,16,0,0,1,1,1,106,0.203158,0.00644754,8.64671,0,0.848884,1.44735,0.17915,18.9899,21.0778,434176,0.2107,0.2195,0,0.179458,0,1,1
box_detour_wall,oi_face_rot_stall_mppi,13710,256,16,0,0,1,1,1,105,0.217802,0.00658778,8.22194,0,0.840961,1.39555,0.175797,18.4587,20.7617,430080,0.2064,0.2291,0,0.176142,0,1,1
box_detour_wall,oi_face_rot_stall_mppi,13717,256,16,0,0,1,1,1,123,0.230595,0.136132,8.73268,0,0.838757,1.39498,0.176273,21.6816,23.9894,503808,0.2084,0.236,0,0.17659,0,1,1
box_detour_wall,oi_face_rot_stall_mppi,13724,256,16,0,0,1,1,1,112,0.205756,0.0880781,7.94089,0,1.19627,2.94645,0.168824,18.9083,20.511,458752,0.2048,0.2213,0,0.16907,0,1,1
box_detour_wall,oi_face_rot_stall_mppi,13731,256,16,0,0,1,1,1,78,0.228652,0.125877,6.44474,0,0.742198,1.0525,0.179164,13.9748,15.4025,319488,0.2142,0.2441,0,0.179462,0,1,1
box_detour_wall,oi_face_rot_stall_mppi,13738,256,16,0,0,1,1,1,126,0.241835,0.191794,8.51626,0,1.0465,2.17823,0.178333,22.47,25.7338,516096,0.1955,0.2086,0,0.178577,0,1,1
box_detour_wall,oi_face_rot_stall_mppi,13745,256,16,0,0,1,1,1,117,0.231551,0.0881318,9.62351,0,1.04831,2.19292,0.163674,19.1499,20.8237,479232,0.1982,0.2067,0,0.16389,0,1,1
box_detour_wall,oi_face_rot_stall_mppi,13752,256,16,0,0,1,1,1,106,0.206375,0.187462,8.92079,0,0.76426,1.0416,0.182822,19.3791,22.3673,434176,0.2251,0.2505,0,0.183213,0,1,1
box_detour_wall,oi_face_rot_stall_mppi,13759,256,16,0,0,1,1,1,155,0.187021,0.0397359,11.7987,0,0.780553,1.2292,0.17775,27.5512,30.7165,634880,0.2165,0.2641,0,0.177996,0,1,1
box_detour_wall,oi_face_rot_wide_mppi,13556,256,16,0,0,1,1,1,123,0.247648,0.0249475,9.47235,0,0.855619,1.40748,0.172115,21.1701,23.0404,503808,0.2078,0.2184,0,0.172309,0,1,1
box_detour_wall,oi_face_rot_wide_mppi,13563,256,16,0,0,1,1,1,106,0.227876,0.118932,8.59519,0,0.735092,1.0345,0.164787,17.4674,19.2845,434176,0.2131,0.2444,0,0.165082,0,1,1
box_detour_wall,oi_face_rot_wide_mppi,13570,256,16,0,0,1,1,1,117,0.165065,0.0776756,8.57944,0,0.884936,1.51008,0.173388,20.2864,22.1335,479232,0.197,0.2551,0,0.173615,0,1,1
box_detour_wall,oi_face_rot_wide_mppi,13577,256,16,0,0,1,1,1,89,0.227464,0.0590295,7.54164,0,0.946211,1.51779,0.174119,15.4966,16.8776,364544,0.2064,0.2092,0,0.174321,0,1,1
box_detour_wall,oi_face_rot_wide_mppi,13584,256,16,0,0,1,1,1,95,0.248663,0.0651378,7.52988,0,0.892134,1.34411,0.175001,16.6251,18.0934,389120,0.2086,0.2302,0,0.175206,0,1,1
box_detour_wall,oi_face_rot_wide_mppi,13591,256,16,0,0,1,1,1,119,0.231674,0.115298,7.36243,0,0.81925,1.37433,0.179645,21.3778,23.9667,487424,0.2257,0.358,0,0.180009,0,1,1
box_detour_wall,oi_face_rot_wide_mppi,13598,256,16,0,0,1,1,1,91,0.242544,0.0325563,7.6213,0,0.760087,1.06555,0.178996,16.2886,17.9457,372736,0.2273,0.2502,0,0.179271,0,1,1
box_detour_wall,oi_face_rot_wide_mppi,13605,256,16,0,0,1,1,1,71,0.246247,0.00418671,6.06051,0,0.888138,1.29797,0.186593,13.2481,14.8371,290816,0.2232,0.4748,0,0.187042,0,1,1
box_detour_wall,oi_face_rot_wide_mppi,13612,256,16,0,0,1,1,1,112,0.215595,0.00867227,6.79566,0,1.06078,2.26293,0.171036,19.156,20.8726,458752,0.2078,0.2244,0,0.171256,0,1,1
box_detour_wall,oi_face_rot_wide_mppi,13619,256,16,0,0,1,1,1,96,0.247439,0.014404,9.06705,0,0.922447,1.40843,0.165211,15.8603,17.457,393216,0.1947,0.227,0,0.165451,0,1,1
box_detour_wall,oi_face_rot_wide_mppi,13626,256,16,0,0,1,1,1,103,0.236777,0.0879735,9.15045,0,0.770843,1.06663,0.184623,19.0162,21.4236,421888,0.2244,0.2301,0,0.184972,0,1,1
box_detour_wall,oi_face_rot_wide_mppi,13633,256,16,0,0,1,1,1,94,0.245355,0.321018,7.83659,0,0.963198,1.67318,0.181274,17.0398,18.7847,385024,0.214,0.2268,0,0.181577,0,1,1
box_detour_wall,oi_face_rot_wide_mppi,13640,256,16,0,0,1,1,1,80,0.207063,0.1206,6.20474,0,0.997785,1.62744,0.174948,13.9958,15.4578,327680,0.2039,0.2227,0,0.175235,0,1,1
box_detour_wall,oi_face_rot_wide_mppi,13647,256,16,0,0,1,1,1,85,0.244908,0.0169528,5.96431,0,0.88869,1.56962,0.175026,14.8772,16.3186,348160,0.2116,0.2307,0,0.175244,0,1,1
box_detour_wall,oi_face_rot_wide_mppi,13654,256,16,0,0,1,1,1,85,0.228796,0.0216808,6.83479,0,0.868779,1.43587,0.172492,14.6618,15.9993,348160,0.207,0.236,0,0.172712,0,1,1
box_detour_wall,oi_face_rot_wide_mppi,13661,256,16,0,0,1,1,1,112,0.206349,0.0538873,8.33347,0,0.825986,1.24396,0.170287,19.0722,21.2059,458752,0.2001,0.2476,0,0.170542,0,1,1
box_detour_wall,oi_face_rot_wide_mppi,13668,256,16,0,0,1,1,1,68,0.230317,0.0582746,5.5527,0,0.846701,1.29282,0.173479,11.7966,13.0308,278528,0.2228,0.2277,0,0.173851,0,1,1
box_detour_wall,oi_face_rot_wide_mppi,13675,256,16,0,0,1,1,1,92,0.198876,0.0211531,6.81839,0,1.07325,2.10429,0.17149,15.7771,17.5979,376832,0.2104,0.2845,0,0.171795,0,1,1
box_detour_wall,oi_face_rot_wide_mppi,13682,256,16,0,0,1,1,1,123,0.227222,0.00931623,8.55931,0,0.726682,1.10685,0.171534,21.0987,23.0293,503808,0.2026,0.2244,0,0.171738,0,1,1
box_detour_wall,oi_face_rot_wide_mppi,13689,256,16,0,0,1,1,1,50,0.203891,0.156209,5.75746,0,0.684384,0.820691,0.177214,8.8607,9.7252,204800,0.2192,0.2257,0,0.177554,0,1,1
box_detour_wall,oi_face_rot_wide_mppi,13696,256,16,0,0,1,1,1,98,0.226362,0.11841,8.41477,0,0.78543,1.07616,0.181285,17.7659,19.3275,401408,0.2372,0.2597,0,0.181505,0,1,1
box_detour_wall,oi_face_rot_wide_mppi,13703,256,16,0,0,1,1,1,106,0.203158,0.00644754,8.64671,0,0.848884,1.44735,0.189461,20.0829,22.4072,434176,0.2405,0.2528,0,0.189747,0,1,1
box_detour_wall,oi_face_rot_wide_mppi,13710,256,16,0,0,1,1,1,105,0.217802,0.00658778,8.22194,0,0.840961,1.39555,0.173793,18.2483,20.1761,430080,0.2053,0.2267,0,0.174066,0,1,1
box_detour_wall,oi_face_rot_wide_mppi,13717,256,16,0,0,1,1,1,123,0.230595,0.136132,8.73268,0,0.838757,1.39498,0.175541,21.5915,23.4382,503808,0.2069,0.2414,0,0.175715,0,1,1
box_detour_wall,oi_face_rot_wide_mppi,13724,256,16,0,0,1,1,1,112,0.205756,0.0880781,7.94089,0,1.19627,2.94645,0.163713,18.3359,19.8022,458752,0.2007,0.2115,0,0.163899,0,1,1
box_detour_wall,oi_face_rot_wide_mppi,13731,256,16,0,0,1,1,1,78,0.228652,0.125877,6.44474,0,0.742198,1.0525,0.173713,13.5496,14.847,319488,0.2062,0.2144,0,0.173933,0,1,1
box_detour_wall,oi_face_rot_wide_mppi,13738,256,16,0,0,1,1,1,126,0.241835,0.191794,8.51626,0,1.0465,2.17823,0.16705,21.0483,23.0809,516096,0.199,0.2119,0,0.167267,0,1,1
box_detour_wall,oi_face_rot_wide_mppi,13745,256,16,0,0,1,1,1,117,0.231551,0.0881318,9.62351,0,1.04831,2.19292,0.167596,19.6087,21.7944,479232,0.1999,0.2434,0,0.16789,0,1,1
box_detour_wall,oi_face_rot_wide_mppi,13752,256,16,0,0,1,1,1,106,0.206375,0.187462,8.92079,0,0.76426,1.0416,0.236405,25.0589,29.3826,434176,0.3609,0.4497,0,0.236787,0,1,1
box_detour_wall,oi_face_rot_wide_mppi,13759,256,16,0,0,1,1,1,155,0.187021,0.0397359,11.7987,0,0.780553,1.2292,0.187518,29.0653,32.589,634880,0.2302,0.9236,0,0.187806,0,1,1
box_detour_wall_far,oi_face_rot_pstall_mppi,13856,256,16,0,0,1,1,1,112,0.226988,0.111096,12.6479,0,0.790145,1.05332,0.185795,20.809,23.479,458752,0.2226,0.254,0,0.186131,0,1,1
box_detour_wall_far,oi_face_rot_pstall_mppi,13863,256,16,0,0,1,1,1,104,0.214464,0.087702,12.3217,0,0.783299,1.03932,0.183151,19.0477,21.6611,425984,0.2191,0.5913,0,0.183552,0,1,1
box_detour_wall_far,oi_face_rot_pstall_mppi,13870,256,16,0,0,1,1,1,84,0.240521,0.206429,9.14131,0,0.880946,1.37286,0.196358,16.4941,18.8901,344064,0.2643,0.3493,0,0.196844,0,1,1
box_detour_wall_far,oi_face_rot_pstall_mppi,13877,256,16,0,0,1,1,1,127,0.240212,0.261139,13.1611,0,0.905808,1.62317,0.177202,22.5047,25.2194,520192,0.2199,0.2448,0,0.177487,0,1,1
box_detour_wall_far,oi_face_rot_pstall_mppi,13884,256,16,0,0,1,1,1,115,0.180866,0.195493,9.17211,0,0.838825,1.43773,0.16974,19.5201,21.5752,471040,0.2033,0.2273,0,0.169986,0,1,1
box_detour_wall_far,oi_face_rot_pstall_mppi,13891,256,16,0,0,1,1,1,77,0.247128,0.137628,8.60011,0,1.16806,2.37393,0.168191,12.9507,14.5387,315392,0.2047,0.2494,0,0.168574,0,1,1
box_detour_wall_far,oi_face_rot_pstall_mppi,13898,256,16,0,0,1,1,1,99,0.218229,0.171311,12.7019,0,0.901178,1.30322,0.174221,17.2479,19.3718,405504,0.217,0.2373,0,0.174606,0,1,1
box_detour_wall_far,oi_face_rot_pstall_mppi,13905,256,16,0,0,1,1,1,121,0.190923,0.0916989,12.1015,0,0.726606,0.983185,0.171974,20.8089,23.1563,495616,0.1993,0.2265,0,0.172248,0,1,1
box_detour_wall_far,oi_face_rot_pstall_mppi,13912,256,16,0,0,1,1,1,116,0.233691,0.157364,11.361,0,0.88143,1.43411,0.178227,20.6743,23.0691,475136,0.2355,0.2805,0,0.178482,0,1,1
box_detour_wall_far,oi_face_rot_pstall_mppi,13919,256,16,0,0,1,1,1,128,0.232783,0.184866,11.2247,0,0.872328,1.42606,0.170602,21.837,24.2164,524288,0.2135,0.2584,0,0.170984,0,1,1
box_detour_wall_far,oi_face_rot_pstall_mppi,13926,256,16,0,0,1,1,1,100,0.211331,0.0975371,9.0693,0,0.761182,1.09112,0.194398,19.4398,22.1711,409600,0.2254,0.2743,0,0.194791,0,1,1
box_detour_wall_far,oi_face_rot_pstall_mppi,13933,256,16,0,0,1,1,1,99,0.208982,0.0787528,10.4187,0,0.943649,1.8646,0.180691,17.8884,19.992,405504,0.2211,0.2331,0,0.181088,0,1,1
box_detour_wall_far,oi_face_rot_pstall_mppi,13940,256,16,0,0,1,1,1,115,0.188677,0.144954,11.558,0,0.727199,0.957549,0.172679,19.8581,21.9904,471040,0.2158,0.2549,0,0.172998,0,1,1
box_detour_wall_far,oi_face_rot_pstall_mppi,13947,256,16,0,0,1,1,1,82,0.222575,0.048845,8.77875,0,0.944785,1.44834,0.191159,15.675,17.6564,335872,0.235,0.6789,0,0.191811,0,1,1
box_detour_wall_far,oi_face_rot_pstall_mppi,13954,256,16,0,0,1,1,1,74,0.243092,0.221596,8.95717,0,1.02166,1.86885,0.170053,12.5839,13.9817,303104,0.1967,0.2256,0,0.170816,0,1,1
box_detour_wall_far,oi_face_rot_pstall_mppi,13961,256,16,0,0,1,1,1,130,0.229569,0.0651256,12.3685,0,0.876518,1.37615,0.16839,21.8907,24.0589,532480,0.2185,0.2625,0,0.168611,0,1,1
box_detour_wall_far,oi_face_rot_pstall_mppi,13968,256,16,0,0,1,1,1,106,0.222664,0.14045,10.1762,0,0.850991,1.29719,0.170573,18.0807,19.8908,434176,0.2093,0.2352,0,0.170973,0,1,1
box_detour_wall_far,oi_face_rot_pstall_mppi,13975,256,16,0,0,1,1,1,130,0.234738,0.156086,11.5255,0,0.872087,1.45463,0.185758,24.1486,26.9425,532480,0.2133,0.8649,0,0.186081,0,1,1
box_detour_wall_far,oi_face_rot_pstall_mppi,13982,256,16,0,0,1,1,1,108,0.222341,0.0260496,9.60163,0,0.881403,1.56455,0.18333,19.7996,22.8303,442368,0.2145,0.2418,0,0.183671,0,1,1
box_detour_wall_far,oi_face_rot_pstall_mppi,13989,256,16,0,0,1,1,1,129,0.244782,0.123563,12.3911,0,0.72132,0.978545,0.177199,22.8587,25.0879,528384,0.2081,0.2726,0,0.177433,0,1,1
box_detour_wall_far,oi_face_rot_pstall_mppi,13996,256,16,0,0,1,1,1,94,0.197332,0.22488,12.4225,0,0.652251,0.716113,0.17736,16.6718,18.6398,385024,0.2149,0.2389,0,0.177698,0,1,1
box_detour_wall_far,oi_face_rot_pstall_mppi,14003,256,16,0,0,1,1,1,74,0.24805,0.150141,7.70642,0,0.896255,1.52511,0.173622,12.848,14.4947,303104,0.2184,0.2461,0,0.174008,0,1,1
box_detour_wall_far,oi_face_rot_pstall_mppi,14010,256,16,0,0,1,1,1,113,0.226224,0.212072,11.6699,0,0.92089,1.51074,0.171357,19.3633,21.4582,462848,0.2029,0.2917,0,0.171661,0,1,1
box_detour_wall_far,oi_face_rot_pstall_mppi,14017,256,16,0,0,1,1,1,133,0.242654,0.152354,12.3825,0,0.766675,1.18333,0.172884,22.9936,25.2031,544768,0.2111,0.2157,0,0.173109,0,1,1
box_detour_wall_far,oi_face_rot_pstall_mppi,14024,256,16,0,0,1,1,1,100,0.225751,0.0151817,12.1509,0,0.789625,0.977007,0.169607,16.9607,18.4645,409600,0.1976,0.2491,0,0.16988,0,1,1
box_detour_wall_far,oi_face_rot_pstall_mppi,14031,256,16,0,0,1,1,1,115,0.188003,0.158539,12.0278,0,0.802831,1.21264,0.181653,20.8901,23.768,471040,0.2168,0.2279,0,0.182057,0,1,1
box_detour_wall_far,oi_face_rot_pstall_mppi,14038,256,16,0,0,1,1,1,122,0.248843,0.0280646,10.8616,0,0.884882,1.42286,0.185454,22.6254,26.0943,499712,0.219,0.2557,0,0.185832,0,1,1
box_detour_wall_far,oi_face_rot_pstall_mppi,14045,256,16,0,0,1,1,1,97,0.20462,0.113855,10.8048,0,0.868273,1.23781,0.179941,17.4543,19.6086,397312,0.218,0.2367,0,0.180401,0,1,1
box_detour_wall_far,oi_face_rot_pstall_mppi,14052,256,16,0,0,1,1,1,119,0.223782,0.0251387,10.6877,0,0.89652,1.54863,0.183645,21.8538,24.6833,487424,0.2285,0.2944,0,0.183984,0,1,1
box_detour_wall_far,oi_face_rot_pstall_mppi,14059,256,16,0,0,1,1,1,82,0.244108,0.0247344,8.72361,0,0.74493,1.13624,0.193249,15.8464,18.0307,335872,0.2475,0.27,0,0.193615,0,1,1
box_detour_wall_far,oi_face_rot_stall_mppi,13856,256,16,0,0,1,1,1,112,0.226988,0.111096,12.6479,0,0.790145,1.05332,0.174025,19.4908,21.4281,458752,0.2113,0.2417,0,0.174268,0,1,1
box_detour_wall_far,oi_face_rot_stall_mppi,13863,256,16,0,0,1,1,1,104,0.214464,0.087702,12.3217,0,0.783299,1.03932,0.173703,18.0651,20.2093,425984,0.2123,0.2385,0,0.174025,0,1,1
box_detour_wall_far,oi_face_rot_stall_mppi,13870,256,16,0,0,1,1,1,84,0.240521,0.206429,9.14131,0,0.880946,1.37286,0.16931,14.222,15.6303,344064,0.2058,0.2148,0,0.16966,0,1,1
box_detour_wall_far,oi_face_rot_stall_mppi,13877,256,16,0,0,1,1,1,127,0.240212,0.261139,13.1611,0,0.905808,1.62317,0.170757,21.6862,23.5687,520192,0.2064,0.2206,0,0.170929,0,1,1
box_detour_wall_far,oi_face_rot_stall_mppi,13884,256,16,0,0,1,1,1,115,0.180866,0.195493,9.17211,0,0.838825,1.43773,0.163518,18.8046,20.5697,471040,0.1962,0.2285,0,0.163732,0,1,1
box_detour_wall_far,oi_face_rot_stall_mppi,13891,256,16,0,0,1,1,1,77,0.247128,0.137628,8.60011,0,1.16806,2.37393,0.218945,16.8588,19.6068,315392,0.2886,0.3726,0,0.219323,0,1,1
box_detour_wall_far,oi_face_rot_stall_mppi,13898,256,16,0,0,1,1,1,99,0.218229,0.171311,12.7019,0,0.901178,1.30322,0.172115,17.0394,18.687,405504,0.2158,0.2444,0,0.172397,0,1,1
box_detour_wall_far,oi_face_rot_stall_mppi,13905,256,16,0,0,1,1,1,121,0.190923,0.0916989,12.1015,0,0.726606,0.983185,0.169108,20.4621,22.5542,495616,0.1933,0.2058,0,0.169286,0,1,1
box_detour_wall_far,oi_face_rot_stall_mppi,13912,256,16,0,0,1,1,1,116,0.233691,0.157364,11.361,0,0.88143,1.43411,0.171964,19.9478,21.8658,475136,0.224,0.2489,0,0.172173,0,1,1
box_detour_wall_far,oi_face_rot_stall_mppi,13919,256,16,0,0,1,1,1,128,0.232783,0.184866,11.2247,0,0.872328,1.42606,0.173437,22.1999,24.5538,524288,0.2117,0.2243,0,0.173636,0,1,1
box_detour_wall_far,oi_face_rot_stall_mppi,13926,256,16,0,0,1,1,1,100,0.211331,0.0975371,9.0693,0,0.761182,1.09112,0.175558,17.5558,19.2315,409600,0.2203,0.3161,0,0.17582,0,1,1
box_detour_wall_far,oi_face_rot_stall_mppi,13933,256,16,0,0,1,1,1,99,0.208982,0.0787528,10.4187,0,0.943649,1.8646,0.162797,16.1169,17.6341,405504,0.2006,0.2519,0,0.163077,0,1,1
box_detour_wall_far,oi_face_rot_stall_mppi,13940,256,16,0,0,1,1,1,115,0.188677,0.144954,11.558,0,0.727199,0.957549,0.166698,19.1703,20.8662,471040,0.1968,0.2025,0,0.166931,0,1,1
box_detour_wall_far,oi_face_rot_stall_mppi,13947,256,16,0,0,1,1,1,82,0.222575,0.048845,8.77875,0,0.944785,1.44834,0.16909,13.8654,14.8727,335872,0.2004,0.226,0,0.169274,0,1,1
box_detour_wall_far,oi_face_rot_stall_mppi,13954,256,16,0,0,1,1,1,74,0.243092,0.221596,8.95717,0,1.02166,1.86885,0.169045,12.5093,13.6106,303104,0.1913,0.1988,0,0.169289,0,1,1
box_detour_wall_far,oi_face_rot_stall_mppi,13961,256,16,0,0,1,1,1,130,0.229569,0.0651256,12.3685,0,0.876518,1.37615,0.172362,22.4071,24.5088,532480,0.2166,0.2533,0,0.17254,0,1,1
box_detour_wall_far,oi_face_rot_stall_mppi,13968,256,16,0,0,1,1,1,106,0.222664,0.14045,10.1762,0,0.850991,1.29719,0.187635,19.8893,22.461,434176,0.224,0.2768,0,0.187987,0,1,1
box_detour_wall_far,oi_face_rot_stall_mppi,13975,256,16,0,0,1,1,1,130,0.234738,0.156086,11.5255,0,0.872087,1.45463,0.173284,22.5269,24.7859,532480,0.2058,0.2206,0,0.173497,0,1,1
box_detour_wall_far,oi_face_rot_stall_mppi,13982,256,16,0,0,1,1,1,108,0.222341,0.0260496,9.60163,0,0.881403,1.56455,0.161789,17.4732,19.0652,442368,0.1878,0.2128,0,0.161986,0,1,1
box_detour_wall_far,oi_face_rot_stall_mppi,13989,256,16,0,0,1,1,1,129,0.244782,0.123563,12.3911,0,0.72132,0.978545,0.167138,21.5608,23.2579,528384,0.2039,0.2119,0,0.167339,0,1,1
box_detour_wall_far,oi_face_rot_stall_mppi,13996,256,16,0,0,1,1,1,94,0.197332,0.22488,12.4225,0,0.652251,0.716113,0.174419,16.3954,18.1385,385024,0.2076,0.2323,0,0.174681,0,1,1
box_detour_wall_far,oi_face_rot_stall_mppi,14003,256,16,0,0,1,1,1,74,0.24805,0.150141,7.70642,0,0.896255,1.52511,0.168466,12.4665,13.7219,303104,0.1975,0.2088,0,0.168777,0,1,1
box_detour_wall_far,oi_face_rot_stall_mppi,14010,256,16,0,0,1,1,1,113,0.226224,0.212072,11.6699,0,0.92089,1.51074,0.16627,18.7885,20.4718,462848,0.1984,0.2162,0,0.166641,0,1,1
box_detour_wall_far,oi_face_rot_stall_mppi,14017,256,16,0,0,1,1,1,133,0.242654,0.152354,12.3825,0,0.766675,1.18333,0.17726,23.5756,26.0202,544768,0.2176,0.2462,0,0.177506,0,1,1
box_detour_wall_far,oi_face_rot_stall_mppi,14024,256,16,0,0,1,1,1,100,0.225751,0.0151817,12.1509,0,0.789625,0.977007,0.169993,16.9993,18.5439,409600,0.2065,0.2246,0,0.17022,0,1,1
box_detour_wall_far,oi_face_rot_stall_mppi,14031,256,16,0,0,1,1,1,115,0.188003,0.158539,12.0278,0,0.802831,1.21264,0.166031,19.0936,20.8003,471040,0.1988,0.2067,0,0.166248,0,1,1
box_detour_wall_far,oi_face_rot_stall_mppi,14038,256,16,0,0,1,1,1,122,0.248843,0.0280646,10.8616,0,0.884882,1.42286,0.174115,21.242,23.2715,499712,0.2036,0.2075,0,0.174328,0,1,1
box_detour_wall_far,oi_face_rot_stall_mppi,14045,256,16,0,0,1,1,1,97,0.20462,0.113855,10.8048,0,0.868273,1.23781,0.170042,16.4941,17.9665,397312,0.2053,0.2169,0,0.170293,0,1,1
box_detour_wall_far,oi_face_rot_stall_mppi,14052,256,16,0,0,1,1,1,119,0.223782,0.0251387,10.6877,0,0.89652,1.54863,0.178508,21.2424,23.9818,487424,0.2206,0.2439,0,0.178846,0,1,1
box_detour_wall_far,oi_face_rot_stall_mppi,14059,256,16,0,0,1,1,1,82,0.244108,0.0247344,8.72361,0,0.74493,1.13624,0.171434,14.0576,15.4385,335872,0.2083,0.2265,0,0.17168,0,1,1
box_detour_wall_far,oi_face_rot_wide_mppi,13856,256,16,0,0,1,1,1,112,0.226988,0.111096,12.6479,0,0.790145,1.05332,0.173151,19.3929,21.2704,458752,0.2096,0.2208,0,0.173379,0,1,1
box_detour_wall_far,oi_face_rot_wide_mppi,13863,256,16,0,0,1,1,1,104,0.214464,0.087702,12.3217,0,0.783299,1.03932,0.172801,17.9713,19.7907,425984,0.1972,0.2102,0,0.173102,0,1,1
box_detour_wall_far,oi_face_rot_wide_mppi,13870,256,16,0,0,1,1,1,84,0.240521,0.206429,9.14131,0,0.880946,1.37286,0.167292,14.0525,15.5341,344064,0.2078,0.2411,0,0.167652,0,1,1
box_detour_wall_far,oi_face_rot_wide_mppi,13877,256,16,0,0,1,1,1,127,0.240212,0.261139,13.1611,0,0.905808,1.62317,0.16774,21.303,22.9891,520192,0.2016,0.219,0,0.167932,0,1,1
box_detour_wall_far,oi_face_rot_wide_mppi,13884,256,16,0,0,1,1,1,115,0.180866,0.195493,9.17211,0,0.838825,1.43773,0.163858,18.8437,20.2936,471040,0.2033,0.2149,0,0.164037,0,1,1
box_detour_wall_far,oi_face_rot_wide_mppi,13891,256,16,0,0,1,1,1,77,0.247128,0.137628,8.60011,0,1.16806,2.37393,0.16111,12.4055,13.3908,315392,0.1926,0.2137,0,0.161362,0,1,1
box_detour_wall_far,oi_face_rot_wide_mppi,13898,256,16,0,0,1,1,1,99,0.218229,0.171311,12.7019,0,0.901178,1.30322,0.171474,16.9759,18.7149,405504,0.205,0.213,0,0.17179,0,1,1
box_detour_wall_far,oi_face_rot_wide_mppi,13905,256,16,0,0,1,1,1,121,0.190923,0.0916989,12.1015,0,0.726606,0.983185,0.166641,20.1635,22.3959,495616,0.1983,0.2299,0,0.166916,0,1,1
box_detour_wall_far,oi_face_rot_wide_mppi,13912,256,16,0,0,1,1,1,116,0.233691,0.157364,11.361,0,0.88143,1.43411,0.17524,20.3279,22.3512,475136,0.2737,0.3537,0,0.175523,0,1,1
box_detour_wall_far,oi_face_rot_wide_mppi,13919,256,16,0,0,1,1,1,128,0.232783,0.184866,11.2247,0,0.872328,1.42606,0.175783,22.5002,24.7405,524288,0.2065,0.2365,0,0.175985,0,1,1
box_detour_wall_far,oi_face_rot_wide_mppi,13926,256,16,0,0,1,1,1,100,0.211331,0.0975371,9.0693,0,0.761182,1.09112,0.185719,18.5719,21.2891,409600,0.2305,0.2488,0,0.186142,0,1,1
box_detour_wall_far,oi_face_rot_wide_mppi,13933,256,16,0,0,1,1,1,99,0.208982,0.0787528,10.4187,0,0.943649,1.8646,0.194521,19.2576,21.9539,405504,0.2783,0.3261,0,0.194878,0,1,1
box_detour_wall_far,oi_face_rot_wide_mppi,13940,256,16,0,0,1,1,1,115,0.188677,0.144954,11.558,0,0.727199,0.957549,0.169378,19.4785,21.282,471040,0.2017,0.2231,0,0.169665,0,1,1
box_detour_wall_far,oi_face_rot_wide_mppi,13947,256,16,0,0,1,1,1,82,0.222575,0.048845,8.77875,0,0.944785,1.44834,0.1724,14.1368,15.2618,335872,0.2105,0.2191,0,0.172639,0,1,1
box_detour_wall_far,oi_face_rot_wide_mppi,13954,256,16,0,0,1,1,1,74,0.243092,0.221596,8.95717,0,1.02166,1.86885,0.164073,12.1414,13.1461,303104,0.1948,0.2002,0,0.164269,0,1,1
box_detour_wall_far,oi_face_rot_wide_mppi,13961,256,16,0,0,1,1,1,130,0.229569,0.0651256,12.3685,0,0.876518,1.37615,0.174222,22.6489,24.979,532480,0.2193,0.2598,0,0.174448,0,1,1
box_detour_wall_far,oi_face_rot_wide_mppi,13968,256,16,0,0,1,1,1,106,0.222664,0.14045,10.1762,0,0.850991,1.29719,0.176606,18.7202,20.7189,434176,0.2135,0.24,0,0.17687,0,1,1
box_detour_wall_far,oi_face_rot_wide_mppi,13975,256,16,0,0,1,1,1,130,0.234738,0.156086,11.5255,0,0.872087,1.45463,0.176572,22.9544,25.5625,532480,0.2275,0.2491,0,0.176825,0,1,1
box_detour_wall_far,oi_face_rot_wide_mppi,13982,256,16,0,0,1,1,1,108,0.222341,0.0260496,9.60163,0,0.881403,1.56455,0.164805,17.7989,19.7487,442368,0.1914,0.2305,0,0.165059,0,1,1
box_detour_wall_far,oi_face_rot_wide_mppi,13989,256,16,0,0,1,1,1,129,0.244782,0.123563,12.3911,0,0.72132,0.978545,0.171248,22.091,24.3166,528384,0.212,0.2584,0,0.171467,0,1,1
box_detour_wall_far,oi_face_rot_wide_mppi,13996,256,16,0,0,1,1,1,94,0.197332,0.22488,12.4225,0,0.652251,0.716113,0.177009,16.6388,18.2508,385024,0.2094,0.2503,0,0.177213,0,1,1
box_detour_wall_far,oi_face_rot_wide_mppi,14003,256,16,0,0,1,1,1,74,0.24805,0.150141,7.70642,0,0.896255,1.52511,0.179385,13.2745,15.2298,303104,0.218,0.2296,0,0.179754,0,1,1
box_detour_wall_far,oi_face_rot_wide_mppi,14010,256,16,0,0,1,1,1,113,0.226224,0.212072,11.6699,0,0.92089,1.51074,0.179171,20.2463,23.2728,462848,0.2188,0.2379,0,0.179494,0,1,1
box_detour_wall_far,oi_face_rot_wide_mppi,14017,256,16,0,0,1,1,1,133,0.242654,0.152354,12.3825,0,0.766675,1.18333,0.179647,23.893,27.1073,544768,0.2202,0.2377,0,0.179859,0,1,1
box_detour_wall_far,oi_face_rot_wide_mppi,14024,256,16,0,0,1,1,1,100,0.225751,0.0151817,12.1509,0,0.789625,0.977007,0.169534,16.9534,18.5559,409600,0.2215,0.2338,0,0.169776,0,1,1
box_detour_wall_far,oi_face_rot_wide_mppi,14031,256,16,0,0,1,1,1,115,0.188003,0.158539,12.0278,0,0.802831,1.21264,0.167093,19.2157,21.1641,471040,0.2077,0.2393,0,0.167864,0,1,1
box_detour_wall_far,oi_face_rot_wide_mppi,14038,256,16,0,0,1,1,1,122,0.248843,0.0280646,10.8616,0,0.884882,1.42286,0.170389,20.7874,22.7212,499712,0.198,0.2044,0,0.170621,0,1,1
box_detour_wall_far,oi_face_rot_wide_mppi,14045,256,16,0,0,1,1,1,97,0.20462,0.113855,10.8048,0,0.868273,1.23781,0.168775,16.3712,17.7475,397312,0.2068,0.2191,0,0.169015,0,1,1
box_detour_wall_far,oi_face_rot_wide_mppi,14052,256,16,0,0,1,1,1,119,0.223782,0.0251387,10.6877,0,0.89652,1.54863,0.164008,19.517,21.1788,487424,0.2006,0.2074,0,0.164187,0,1,1
box_detour_wall_far,oi_face_rot_wide_mppi,14059,256,16,0,0,1,1,1,82,0.244108,0.0247344,8.72361,0,0.74493,1.13624,0.162516,13.3263,14.7225,335872,0.1973,0.244,0,0.162891,0,1,1
box_detour_wall_left,oi_face_rot_pstall_mppi,13756,256,16,0,0,1,1,1,115,0.201288,0.00807931,8.30335,0,1.0054,1.94536,0.164803,18.9523,20.949,471040,0.2018,0.2146,0,0.165049,0,1,1
box_detour_wall_left,oi_face_rot_pstall_mppi,13763,256,16,0,0,1,1,1,93,0.249785,0.036417,8.5302,0,0.829084,1.3065,0.1779,16.5447,17.9244,380928,0.2228,0.2295,0,0.178099,0,1,1
box_detour_wall_left,oi_face_rot_pstall_mppi,13770,256,16,0,0,1,1,1,97,0.24455,0.0820691,8.47982,0,0.925981,1.56504,0.181904,17.6447,19.9115,397312,0.2206,0.2274,0,0.182275,0,1,1
box_detour_wall_left,oi_face_rot_pstall_mppi,13777,256,16,0,0,1,1,1,112,0.195543,0.0227444,10.1912,0,0.877332,1.3163,0.175299,19.6335,21.9415,458752,0.2173,0.2867,0,0.175591,0,1,1
box_detour_wall_left,oi_face_rot_pstall_mppi,13784,256,16,0,0,1,1,1,115,0.220155,0.11799,8.85625,0,0.863441,1.47001,0.174417,20.0579,22.0821,471040,0.217,0.2274,0,0.174735,0,1,1
box_detour_wall_left,oi_face_rot_pstall_mppi,13791,256,16,0,0,1,1,1,92,0.203162,0.0869267,7.62011,0,0.784083,1.09496,0.168945,15.5429,16.8021,376832,0.2064,0.2213,0,0.169124,0,1,1
box_detour_wall_left,oi_face_rot_pstall_mppi,13798,256,16,0,0,1,1,1,96,0.229404,0.0884641,9.65031,0,0.877243,1.2439,0.178404,17.1268,18.6108,393216,0.2208,0.2261,0,0.178628,0,1,1
box_detour_wall_left,oi_face_rot_pstall_mppi,13805,256,16,0,0,1,1,1,77,0.234793,0.0894485,7.12889,0,0.878527,1.30967,0.174052,13.402,14.9324,315392,0.2119,0.2213,0,0.174429,0,1,1
box_detour_wall_left,oi_face_rot_pstall_mppi,13812,256,16,0,0,1,1,1,100,0.210668,0.239743,7.9084,0,0.937598,1.68161,0.171055,17.1055,18.5009,409600,0.201,0.2372,0,0.171282,0,1,1
box_detour_wall_left,oi_face_rot_pstall_mppi,13819,256,16,0,0,1,1,1,105,0.2447,0.107594,7.17666,0,0.884035,1.46911,0.167972,17.6371,19.241,430080,0.2079,0.2622,0,0.168277,0,1,1
box_detour_wall_left,oi_face_rot_pstall_mppi,13826,256,16,0,0,1,1,1,93,0.226959,0.0684015,7.0931,0,0.945562,1.60577,0.170404,15.8476,17.2248,380928,0.1941,0.2195,0,0.170599,0,1,1
box_detour_wall_left,oi_face_rot_pstall_mppi,13833,256,16,0,0,1,1,1,130,0.22082,0.138703,9.52798,0,0.969999,1.81374,0.161638,21.0129,22.9635,532480,0.1984,0.2354,0,0.161809,0,1,1
box_detour_wall_left,oi_face_rot_pstall_mppi,13840,256,16,0,0,1,1,1,101,0.20645,0.166384,8.44111,0,0.91038,1.60669,0.183506,18.5341,20.5903,413696,0.2182,0.2222,0,0.183852,0,1,1
box_detour_wall_left,oi_face_rot_pstall_mppi,13847,256,16,0,0,1,1,1,68,0.206493,0.0647971,5.8802,0,0.793293,1.05609,0.18741,12.7439,14.3893,278528,0.2291,0.2498,0,0.187843,0,1,1
box_detour_wall_left,oi_face_rot_pstall_mppi,13854,256,16,0,0,1,1,1,136,0.225486,0.233776,8.63047,0,0.82064,1.24838,0.177173,24.0956,26.9921,557056,0.214,0.2317,0,0.177489,0,1,1
box_detour_wall_left,oi_face_rot_pstall_mppi,13861,256,16,0,0,1,1,1,108,0.170527,0.0580049,8.96559,0,0.792271,1.04947,0.173451,18.7327,20.4351,442368,0.2101,0.2169,0,0.173683,0,1,1
box_detour_wall_left,oi_face_rot_pstall_mppi,13868,256,16,0,0,1,1,1,113,0.240334,0.0194106,8.6957,0,0.90689,1.45952,0.169464,19.1494,20.7162,462848,0.1972,0.2186,0,0.169649,0,1,1
box_detour_wall_left,oi_face_rot_pstall_mppi,13875,256,16,0,0,1,1,1,105,0.238982,0.065307,7.40506,0,0.915986,1.65499,0.174219,18.293,20.0264,430080,0.2114,0.2241,0,0.174447,0,1,1
box_detour_wall_left,oi_face_rot_pstall_mppi,13882,256,16,0,0,1,1,1,78,0.212037,0.12338,6.90869,0,0.915821,1.57508,0.178742,13.9419,15.5939,319488,0.2244,0.2269,0,0.179123,0,1,1
box_detour_wall_left,oi_face_rot_pstall_mppi,13889,256,16,0,0,1,1,1,93,0.23626,0.0375629,7.37761,0,1.07847,2.199,0.16742,15.5701,16.9711,380928,0.1987,0.2123,0,0.16767,0,1,1
box_detour_wall_left,oi_face_rot_pstall_mppi,13896,256,16,0,0,1,1,1,117,0.242169,0.0387225,7.23985,0,0.983929,1.95062,0.167058,19.5458,21.0309,479232,0.2022,0.2049,0,0.167236,0,1,1
box_detour_wall_left,oi_face_rot_pstall_mppi,13903,256,16,0,0,1,1,1,87,0.24709,0.115487,6.75402,0,0.815626,1.40882,0.175072,15.2313,17.1399,356352,0.2073,0.2227,0,0.175365,0,1,1
box_detour_wall_left,oi_face_rot_pstall_mppi,13910,256,16,0,0,1,1,1,73,0.224993,0.0647936,5.73922,0,0.922741,1.65046,0.177712,12.973,14.7825,299008,0.2111,0.216,0,0.178096,0,1,1
box_detour_wall_left,oi_face_rot_pstall_mppi,13917,256,16,0,0,1,1,1,237,0.188264,0.150511,22.8008,0,1.61709,4.79761,0.198098,46.9493,53.4311,970752,0.3136,0.3746,0,0.198339,0,1,1
box_detour_wall_left,oi_face_rot_pstall_mppi,13924,256,16,0,0,1,1,1,151,0.227809,0.342762,11.7896,0,1.08886,1.97869,0.176249,26.6136,29.6139,618496,0.2117,0.2292,0,0.176541,0,1,1
box_detour_wall_left,oi_face_rot_pstall_mppi,13931,256,16,0,0,1,1,1,119,0.233136,0.0206213,9.71418,0,0.697511,0.903041,0.181262,21.5702,24.17,487424,0.208,0.2287,0,0.181562,0,1,1
box_detour_wall_left,oi_face_rot_pstall_mppi,13938,256,16,0,0,1,1,1,100,0.245605,0.299278,10.2899,0,1.01008,1.61512,0.171377,17.1377,18.9943,409600,0.2011,0.2576,0,0.171674,0,1,1
box_detour_wall_left,oi_face_rot_pstall_mppi,13945,256,16,0,0,1,1,1,134,0.212371,0.182704,9.87394,0,0.894659,1.57377,0.18431,24.6975,27.8315,548864,0.2252,0.2702,0,0.184628,0,1,1
box_detour_wall_left,oi_face_rot_pstall_mppi,13952,256,16,0,0,1,1,1,89,0.217471,0.132858,6.00965,0,1.02052,2.05222,0.294274,26.1904,31.595,364544,0.3957,0.4707,0,0.29469,0,1,1
box_detour_wall_left,oi_face_rot_pstall_mppi,13959,256,16,0,0,1,1,1,119,0.244726,0.0438912,8.67378,0,1.03776,2.21088,0.206374,24.5585,27.7815,487424,0.2474,0.9399,0,0.206735,0,1,1
box_detour_wall_left,oi_face_rot_stall_mppi,13756,256,16,0,0,1,1,1,115,0.201288,0.00807931,8.30335,0,1.0054,1.94536,0.198117,22.7835,26.0066,471040,0.2622,0.5506,0,0.198563,0,1,1
box_detour_wall_left,oi_face_rot_stall_mppi,13763,256,16,0,0,1,1,1,93,0.249785,0.036417,8.5302,0,0.829084,1.3065,0.19903,18.5098,20.9531,380928,0.2389,0.2557,0,0.199433,0,1,1
box_detour_wall_left,oi_face_rot_stall_mppi,13770,256,16,0,0,1,1,1,97,0.24455,0.0820691,8.47982,0,0.925981,1.56504,0.184508,17.8973,20.068,397312,0.2356,0.5656,0,0.184943,0,1,1
box_detour_wall_left,oi_face_rot_stall_mppi,13777,256,16,0,0,1,1,1,112,0.195543,0.0227444,10.1912,0,0.877332,1.3163,0.192292,21.5367,24.6983,458752,0.2322,0.272,0,0.192646,0,1,1
box_detour_wall_left,oi_face_rot_stall_mppi,13784,256,16,0,0,1,1,1,115,0.220155,0.11799,8.85625,0,0.863441,1.47001,0.210407,24.1968,27.8134,471040,0.3527,0.5152,0,0.210846,0,1,1
box_detour_wall_left,oi_face_rot_stall_mppi,13791,256,16,0,0,1,1,1,92,0.203162,0.0869267,7.62011,0,0.784083,1.09496,0.209885,19.3094,22.2809,376832,0.2497,0.4838,0,0.210618,0,1,1
box_detour_wall_left,oi_face_rot_stall_mppi,13798,256,16,0,0,1,1,1,96,0.229404,0.0884641,9.65031,0,0.877243,1.2439,0.187273,17.9782,20.2519,393216,0.2414,0.2476,0,0.187684,0,1,1
box_detour_wall_left,oi_face_rot_stall_mppi,13805,256,16,0,0,1,1,1,77,0.234793,0.0894485,7.12889,0,0.878527,1.30967,0.216347,16.6587,19.3952,315392,0.3006,0.4874,0,0.2168,0,1,1
box_detour_wall_left,oi_face_rot_stall_mppi,13812,256,16,0,0,1,1,1,100,0.210668,0.239743,7.9084,0,0.937598,1.68161,0.181872,18.1872,20.5782,409600,0.2379,0.2487,0,0.182226,0,1,1
box_detour_wall_left,oi_face_rot_stall_mppi,13819,256,16,0,0,1,1,1,105,0.2447,0.107594,7.17666,0,0.884035,1.46911,0.210082,22.0586,25.7173,430080,0.3187,0.5952,0,0.210516,0,1,1
box_detour_wall_left,oi_face_rot_stall_mppi,13826,256,16,0,0,1,1,1,93,0.226959,0.0684015,7.0931,0,0.945562,1.60577,0.197615,18.3782,21.1486,380928,0.2627,0.2714,0,0.198043,0,1,1
box_detour_wall_left,oi_face_rot_stall_mppi,13833,256,16,0,0,1,1,1,130,0.22082,0.138703,9.52798,0,0.969999,1.81374,0.195963,25.4752,28.8777,532480,0.2407,1.0005,0,0.196322,0,1,1
box_detour_wall_left,oi_face_rot_stall_mppi,13840,256,16,0,0,1,1,1,101,0.20645,0.166384,8.44111,0,0.91038,1.60669,0.185602,18.7458,21.0731,413696,0.2256,0.2573,0,0.18596,0,1,1
box_detour_wall_left,oi_face_rot_stall_mppi,13847,256,16,0,0,1,1,1,68,0.206493,0.0647971,5.8802,0,0.793293,1.05609,0.184468,12.5438,13.9261,278528,0.2345,0.2666,0,0.184931,0,1,1
box_detour_wall_left,oi_face_rot_stall_mppi,13854,256,16,0,0,1,1,1,136,0.225486,0.233776,8.63047,0,0.82064,1.24838,0.172841,23.5064,26.2371,557056,0.2182,0.2624,0,0.173165,0,1,1
box_detour_wall_left,oi_face_rot_stall_mppi,13861,256,16,0,0,1,1,1,108,0.170527,0.0580049,8.96559,0,0.792271,1.04947,0.18115,19.5642,21.8018,442368,0.2396,0.5591,0,0.181531,0,1,1
box_detour_wall_left,oi_face_rot_stall_mppi,13868,256,16,0,0,1,1,1,113,0.240334,0.0194106,8.6957,0,0.90689,1.45952,0.173611,19.618,21.7426,462848,0.2128,0.237,0,0.173918,0,1,1
box_detour_wall_left,oi_face_rot_stall_mppi,13875,256,16,0,0,1,1,1,105,0.238982,0.065307,7.40506,0,0.915986,1.65499,0.178126,18.7032,20.8059,430080,0.2404,0.2905,0,0.17851,0,1,1
box_detour_wall_left,oi_face_rot_stall_mppi,13882,256,16,0,0,1,1,1,78,0.212037,0.12338,6.90869,0,0.915821,1.57508,0.168519,13.1445,14.3972,319488,0.2067,0.226,0,0.168845,0,1,1
box_detour_wall_left,oi_face_rot_stall_mppi,13889,256,16,0,0,1,1,1,93,0.23626,0.0375629,7.37761,0,1.07847,2.199,0.180051,16.7447,18.7052,380928,0.2184,0.2553,0,0.180339,0,1,1
box_detour_wall_left,oi_face_rot_stall_mppi,13896,256,16,0,0,1,1,1,117,0.242169,0.0387225,7.23985,0,0.983929,1.95062,0.257346,30.1095,33.616,479232,0.243,7.8478,0,0.25773,0,1,1
box_detour_wall_left,oi_face_rot_stall_mppi,13903,256,16,0,0,1,1,1,87,0.24709,0.115487,6.75402,0,0.815626,1.40882,0.174054,15.1427,17.0501,356352,0.2512,0.2599,0,0.174416,0,1,1
box_detour_wall_left,oi_face_rot_stall_mppi,13910,256,16,0,0,1,1,1,73,0.224993,0.0647936,5.73922,0,0.922741,1.65046,0.17856,13.0349,14.6107,299008,0.2176,0.2548,0,0.178974,0,1,1
box_detour_wall_left,oi_face_rot_stall_mppi,13917,256,16,0,0,0,1,0,420,1.20761,0.324474,49.7734,0,3.53061,14.3046,0.179457,75.3721,85.5985,1720320,0.269,0.326,0,0.179685,0,1,0
box_detour_wall_left,oi_face_rot_stall_mppi,13924,256,16,0,0,1,1,1,151,0.227809,0.342762,11.7896,0,1.08886,1.97869,0.181259,27.3701,31.0454,618496,0.2116,0.2712,0,0.181587,0,1,1
box_detour_wall_left,oi_face_rot_stall_mppi,13931,256,16,0,0,1,1,1,119,0.233136,0.0206213,9.71418,0,0.697511,0.903041,0.204436,24.3279,28.0419,487424,0.3199,0.4034,0,0.204747,0,1,1
box_detour_wall_left,oi_face_rot_stall_mppi,13938,256,16,0,0,1,1,1,100,0.245605,0.299278,10.2899,0,1.01008,1.61512,0.192449,19.2449,21.8853,409600,0.2191,0.8562,0,0.192879,0,1,1
box_detour_wall_left,oi_face_rot_stall_mppi,13945,256,16,0,0,1,1,1,134,0.212371,0.182704,9.87394,0,0.894659,1.57377,0.187216,25.087,28.5165,548864,0.2196,0.2713,0,0.187508,0,1,1
box_detour_wall_left,oi_face_rot_stall_mppi,13952,256,16,0,0,1,1,1,89,0.217471,0.132858,6.00965,0,1.02052,2.05222,0.184366,16.4086,18.4738,364544,0.2215,0.245,0,0.184724,0,1,1
box_detour_wall_left,oi_face_rot_stall_mppi,13959,256,16,0,0,1,1,1,119,0.244726,0.0438912,8.67378,0,1.03776,2.21088,0.175637,20.9008,22.967,487424,0.2197,0.2431,0,0.175891,0,1,1
box_detour_wall_left,oi_face_rot_wide_mppi,13756,256,16,0,0,1,1,1,115,0.201288,0.00807931,8.30335,0,1.0054,1.94536,0.184871,21.2602,24.0257,471040,0.2364,0.2757,0,0.185196,0,1,1
box_detour_wall_left,oi_face_rot_wide_mppi,13763,256,16,0,0,1,1,1,93,0.249785,0.036417,8.5302,0,0.829084,1.3065,0.179942,16.7346,18.6745,380928,0.2299,0.273,0,0.180306,0,1,1
box_detour_wall_left,oi_face_rot_wide_mppi,13770,256,16,0,0,1,1,1,97,0.24455,0.0820691,8.47982,0,0.925981,1.56504,0.178219,17.2872,19.0193,397312,0.215,0.2335,0,0.178557,0,1,1
box_detour_wall_left,oi_face_rot_wide_mppi,13777,256,16,0,0,1,1,1,112,0.195543,0.0227444,10.1912,0,0.877332,1.3163,0.178512,19.9934,22.775,458752,0.2139,0.2298,0,0.178857,0,1,1
box_detour_wall_left,oi_face_rot_wide_mppi,13784,256,16,0,0,1,1,1,115,0.220155,0.11799,8.85625,0,0.863441,1.47001,0.177709,20.4365,22.7837,471040,0.223,0.2595,0,0.178012,0,1,1
box_detour_wall_left,oi_face_rot_wide_mppi,13791,256,16,0,0,1,1,1,92,0.203162,0.0869267,7.62011,0,0.784083,1.09496,0.177515,16.3314,18.4311,376832,0.214,0.2341,0,0.177877,0,1,1
box_detour_wall_left,oi_face_rot_wide_mppi,13798,256,16,0,0,1,1,1,96,0.229404,0.0884641,9.65031,0,0.877243,1.2439,0.178919,17.1762,19.0306,393216,0.2257,0.251,0,0.179277,0,1,1
box_detour_wall_left,oi_face_rot_wide_mppi,13805,256,16,0,0,1,1,1,77,0.234793,0.0894485,7.12889,0,0.878527,1.30967,0.1727,13.2979,14.4849,315392,0.2092,0.2395,0,0.172968,0,1,1
box_detour_wall_left,oi_face_rot_wide_mppi,13812,256,16,0,0,1,1,1,100,0.210668,0.239743,7.9084,0,0.937598,1.68161,0.16944,16.944,18.3064,409600,0.2039,0.2198,0,0.16963,0,1,1
box_detour_wall_left,oi_face_rot_wide_mppi,13819,256,16,0,0,1,1,1,105,0.2447,0.107594,7.17666,0,0.884035,1.46911,0.170381,17.89,19.5403,430080,0.2053,0.2135,0,0.170613,0,1,1
box_detour_wall_left,oi_face_rot_wide_mppi,13826,256,16,0,0,1,1,1,93,0.226959,0.0684015,7.0931,0,0.945562,1.60577,0.171441,15.944,17.7632,380928,0.2176,0.2312,0,0.171742,0,1,1
box_detour_wall_left,oi_face_rot_wide_mppi,13833,256,16,0,0,1,1,1,130,0.22082,0.138703,9.52798,0,0.969999,1.81374,0.172908,22.478,25.1599,532480,0.2251,0.2359,0,0.173196,0,1,1
box_detour_wall_left,oi_face_rot_wide_mppi,13840,256,16,0,0,1,1,1,101,0.20645,0.166384,8.44111,0,0.91038,1.60669,0.170541,17.2246,18.832,413696,0.203,0.4258,0,0.170754,0,1,1
box_detour_wall_left,oi_face_rot_wide_mppi,13847,256,16,0,0,1,1,1,68,0.206493,0.0647971,5.8802,0,0.793293,1.05609,0.175028,11.9019,13.0129,278528,0.2084,0.2258,0,0.175335,0,1,1
box_detour_wall_left,oi_face_rot_wide_mppi,13854,256,16,0,0,1,1,1,136,0.225486,0.233776,8.63047,0,0.82064,1.24838,0.172354,23.4401,25.6631,557056,0.2148,0.2262,0,0.17251,0,1,1
box_detour_wall_left,oi_face_rot_wide_mppi,13861,256,16,0,0,1,1,1,108,0.170527,0.0580049,8.96559,0,0.792271,1.04947,0.172738,18.6557,20.2074,442368,0.2042,0.2262,0,0.172928,0,1,1
box_detour_wall_left,oi_face_rot_wide_mppi,13868,256,16,0,0,1,1,1,113,0.240334,0.0194106,8.6957,0,0.90689,1.45952,0.173897,19.6504,21.7249,462848,0.2063,0.2215,0,0.17437,0,1,1
box_detour_wall_left,oi_face_rot_wide_mppi,13875,256,16,0,0,1,1,1,105,0.238982,0.065307,7.40506,0,0.915986,1.65499,0.169806,17.8296,19.7322,430080,0.2076,0.2096,0,0.170081,0,1,1
box_detour_wall_left,oi_face_rot_wide_mppi,13882,256,16,0,0,1,1,1,78,0.212037,0.12338,6.90869,0,0.915821,1.57508,0.167777,13.0866,14.1781,319488,0.1966,0.2076,0,0.167977,0,1,1
box_detour_wall_left,oi_face_rot_wide_mppi,13889,256,16,0,0,1,1,1,93,0.23626,0.0375629,7.37761,0,1.07847,2.199,0.171128,15.9149,17.2264,380928,0.2045,0.2123,0,0.171322,0,1,1
box_detour_wall_left,oi_face_rot_wide_mppi,13896,256,16,0,0,1,1,1,117,0.242169,0.0387225,7.23985,0,0.983929,1.95062,0.169877,19.8756,21.3708,479232,0.2036,0.2064,0,0.170073,0,1,1
box_detour_wall_left,oi_face_rot_wide_mppi,13903,256,16,0,0,1,1,1,87,0.24709,0.115487,6.75402,0,0.815626,1.40882,0.171872,14.9529,16.3325,356352,0.2088,0.2335,0,0.172118,0,1,1
box_detour_wall_left,oi_face_rot_wide_mppi,13910,256,16,0,0,1,1,1,73,0.224993,0.0647936,5.73922,0,0.922741,1.65046,0.174633,12.7482,13.823,299008,0.2089,0.2706,0,0.174908,0,1,1
box_detour_wall_left,oi_face_rot_wide_mppi,13917,256,16,0,0,1,1,1,310,0.229019,0.137874,32.0865,0,0.765513,1.014,0.176179,54.6155,59.6738,1269760,0.2044,0.233,0,0.17633,0,1,1
box_detour_wall_left,oi_face_rot_wide_mppi,13924,256,16,0,0,1,1,1,151,0.227809,0.342762,11.7896,0,1.08886,1.97869,0.167051,25.2247,27.3501,618496,0.2029,0.55,0,0.167237,0,1,1
box_detour_wall_left,oi_face_rot_wide_mppi,13931,256,16,0,0,1,1,1,119,0.233136,0.0206213,9.71418,0,0.697511,0.903041,0.172265,20.4995,22.3551,487424,0.2044,0.218,0,0.172487,0,1,1
box_detour_wall_left,oi_face_rot_wide_mppi,13938,256,16,0,0,1,1,1,100,0.245605,0.299278,10.2899,0,1.01008,1.61512,0.16747,16.747,18.2781,409600,0.2026,0.2251,0,0.167695,0,1,1
box_detour_wall_left,oi_face_rot_wide_mppi,13945,256,16,0,0,1,1,1,134,0.212371,0.182704,9.87394,0,0.894659,1.57377,0.172193,23.0739,25.0248,548864,0.2047,0.2162,0,0.172375,0,1,1
box_detour_wall_left,oi_face_rot_wide_mppi,13952,256,16,0,0,1,1,1,89,0.217471,0.132858,6.00965,0,1.02052,2.05222,0.171013,15.2202,16.4708,364544,0.2069,0.2112,0,0.171218,0,1,1
box_detour_wall_left,oi_face_rot_wide_mppi,13959,256,16,0,0,1,1,1,119,0.244726,0.0438912,8.67378,0,1.03776,2.21088,0.17276,20.5585,22.3675,487424,0.2033,0.2167,0,0.173019,0,1,1
box_open_turn,oi_face_rot_pstall_mppi,13956,256,16,0,0,1,1,1,50,0.161504,0.226168,6.25502,0,0.866931,1.1045,0.137992,6.8996,7.7774,204800,0.1491,0.1599,0,0.138354,0,1,1
box_open_turn,oi_face_rot_pstall_mppi,13963,256,16,0,0,1,1,1,55,0.15861,0.244392,5.17192,0,0.783303,1.0716,0.139669,7.6818,8.6254,225280,0.1699,0.1739,0,0.139973,0,1,1
box_open_turn,oi_face_rot_pstall_mppi,13970,256,16,0,0,1,1,1,77,0.178886,0.242871,7.822,0,0.967086,1.65155,0.137097,10.5565,11.9839,315392,0.1683,0.1762,0,0.137375,0,1,1
box_open_turn,oi_face_rot_pstall_mppi,13977,256,16,0,0,1,1,1,51,0.070135,0.194357,5.23099,0,0.924047,1.56004,0.1354,6.9054,7.6722,208896,0.1534,0.1557,0,0.135725,0,1,1
box_open_turn,oi_face_rot_pstall_mppi,13984,256,16,0,0,1,1,1,57,0.191261,0.174101,6.06615,0,0.831745,1.22264,0.139039,7.9252,8.6284,233472,0.1472,0.1534,0,0.139237,0,1,1
box_open_turn,oi_face_rot_pstall_mppi,13991,256,16,0,0,1,1,1,165,0.219669,0.171309,9.20833,0,1.33943,3.78121,0.138539,22.8589,25.1071,675840,0.156,0.1736,0,0.138722,0,1,1
box_open_turn,oi_face_rot_pstall_mppi,13998,256,16,0,0,1,1,1,46,0.203551,0.0375754,5.97017,0,1.0212,1.55587,0.137276,6.3147,6.9322,188416,0.1439,0.1564,0,0.137548,0,1,1
box_open_turn,oi_face_rot_pstall_mppi,14005,256,16,0,0,1,1,1,237,0.230474,0.168675,10.9322,0,1.33612,3.9831,0.139427,33.0441,36.5849,970752,0.1539,0.1805,0,0.139602,0,1,1
box_open_turn,oi_face_rot_pstall_mppi,14012,256,16,0,0,1,1,1,50,0.237685,0.00580037,5.87739,0,0.760164,1.02046,0.139122,6.9561,7.6618,204800,0.1661,0.1699,0,0.139426,0,1,1
box_open_turn,oi_face_rot_pstall_mppi,14019,256,16,0,0,1,1,1,59,0.232688,0.191076,5.78319,0,0.896062,1.30757,0.144986,8.5542,9.9763,241664,0.1633,0.1945,0,0.14537,0,1,1
box_open_turn,oi_face_rot_pstall_mppi,14026,256,16,0,0,1,1,1,46,0.151188,0.212542,6.04211,0,0.723198,0.91664,0.142567,6.5581,7.3424,188416,0.1672,0.1879,0,0.143152,0,1,1
box_open_turn,oi_face_rot_pstall_mppi,14033,256,16,0,0,1,1,1,83,0.239174,0.0241796,7.34175,0,0.946531,1.68787,0.137467,11.4098,12.6861,339968,0.153,0.1934,0,0.137698,0,1,1
box_open_turn,oi_face_rot_pstall_mppi,14040,256,16,0,0,1,1,1,67,0.229979,0.198295,7.37136,0,1.32428,3.61231,0.138669,9.2908,10.2065,274432,0.1597,0.1976,0,0.138942,0,1,1
box_open_turn,oi_face_rot_pstall_mppi,14047,256,16,0,0,1,1,1,48,0.203135,0.2489,5.72792,0,0.867577,1.18394,0.135148,6.4871,7.2955,196608,0.1632,0.1818,0,0.135492,0,1,1
box_open_turn,oi_face_rot_pstall_mppi,14054,256,16,0,0,1,1,1,53,0.229817,0.0473613,5.71439,0,0.88091,1.34483,0.138562,7.3438,8.0575,217088,0.1541,0.1743,0,0.138777,0,1,1
box_open_turn,oi_face_rot_pstall_mppi,14061,256,16,0,0,1,1,1,50,0.212699,0.122826,6.19081,0,0.902171,1.26797,0.137516,6.8758,7.5228,204800,0.1499,0.1546,0,0.137756,0,1,1
box_open_turn,oi_face_rot_pstall_mppi,14068,256,16,0,0,1,1,1,48,0.14932,0.20668,5.6891,0,0.70981,0.9419,0.135785,6.5177,7.1818,196608,0.1594,0.1631,0,0.136063,0,1,1
box_open_turn,oi_face_rot_pstall_mppi,14075,256,16,0,0,1,1,1,178,0.237084,0.195973,10.1775,0,1.12794,2.61526,0.139776,24.8802,27.8128,729088,0.1608,0.1838,0,0.139964,0,1,1
box_open_turn,oi_face_rot_pstall_mppi,14082,256,16,0,0,1,1,1,48,0.228783,0.0664814,6.34139,0,0.748523,0.985092,0.134925,6.4764,7.2063,196608,0.146,0.1603,0,0.135238,0,1,1
box_open_turn,oi_face_rot_pstall_mppi,14089,256,16,0,0,1,1,1,98,0.166967,0.240668,7.57798,0,1.33706,3.58684,0.136031,13.331,14.7322,401408,0.1499,0.1778,0,0.136278,0,1,1
box_open_turn,oi_face_rot_pstall_mppi,14096,256,16,0,0,1,1,1,56,0.236848,0.0158556,6.81511,0,0.960129,1.54389,0.13922,7.7963,8.5205,229376,0.1499,0.1776,0,0.139455,0,1,1
box_open_turn,oi_face_rot_pstall_mppi,14103,256,16,0,0,1,1,1,157,0.0891775,0.198741,10.9378,0,1.09112,2.45889,0.139468,21.8965,24.1969,643072,0.1553,0.1822,0,0.139644,0,1,1
box_open_turn,oi_face_rot_pstall_mppi,14110,256,16,0,0,1,1,1,46,0.196786,0.247512,5.45192,0,0.897553,1.19678,0.139633,6.4231,7.201,188416,0.18,0.2206,0,0.13998,0,1,1
box_open_turn,oi_face_rot_pstall_mppi,14117,256,16,0,0,1,1,1,49,0.217668,0.145261,5.70707,0,0.966671,1.35727,0.14312,7.0129,8.0657,200704,0.1835,0.1976,0,0.143408,0,1,1
box_open_turn,oi_face_rot_pstall_mppi,14124,256,16,0,0,1,1,1,65,0.24779,0.166538,7.30704,0,0.915753,1.38438,0.139682,9.0793,10.0069,266240,0.1512,0.1818,0,0.139954,0,1,1
box_open_turn,oi_face_rot_pstall_mppi,14131,256,16,0,0,1,1,1,93,0.239243,0.136882,8.58725,0,1.10712,2.23527,0.139494,12.9729,14.3652,380928,0.158,0.1703,0,0.139705,0,1,1
box_open_turn,oi_face_rot_pstall_mppi,14138,256,16,0,0,1,1,1,122,0.136049,0.195361,8.55885,0,1.08158,2.71794,0.139049,16.964,18.8442,499712,0.1509,0.18,0,0.139257,0,1,1
box_open_turn,oi_face_rot_pstall_mppi,14145,256,16,0,0,1,1,1,46,0.244007,0.234234,5.86161,0,0.961099,1.35053,0.137367,6.3189,7.1137,188416,0.1575,0.165,0,0.137683,0,1,1
box_open_turn,oi_face_rot_pstall_mppi,14152,256,16,0,0,1,1,1,80,0.216551,0.169477,6.62955,0,0.902434,1.73693,0.137335,10.9868,12.0644,327680,0.1517,0.1563,0,0.137549,0,1,1
box_open_turn,oi_face_rot_pstall_mppi,14159,256,16,0,0,1,1,1,44,0.209717,0.24123,5.53012,0,0.954251,1.30349,0.135525,5.9631,6.5371,180224,0.1429,0.1562,0,0.135823,0,1,1
box_open_turn,oi_face_rot_stall_mppi,13956,256,16,0,0,1,1,1,50,0.161504,0.226168,6.25502,0,0.866931,1.1045,0.151302,7.5651,8.6279,204800,0.1767,0.2408,0,0.151684,0,1,1
box_open_turn,oi_face_rot_stall_mppi,13963,256,16,0,0,1,1,1,55,0.15861,0.244392,5.17192,0,0.783303,1.0716,0.13932,7.6626,8.577,225280,0.1482,0.1754,0,0.139605,0,1,1
box_open_turn,oi_face_rot_stall_mppi,13970,256,16,0,0,1,1,1,77,0.178886,0.242871,7.822,0,0.967086,1.65155,0.140939,10.8523,12.1293,315392,0.1691,0.1981,0,0.141286,0,1,1
box_open_turn,oi_face_rot_stall_mppi,13977,256,16,0,0,1,1,1,51,0.070135,0.194357,5.23099,0,0.924047,1.56004,0.139212,7.0998,7.9485,208896,0.1626,0.1668,0,0.139643,0,1,1
box_open_turn,oi_face_rot_stall_mppi,13984,256,16,0,0,1,1,1,57,0.191261,0.174101,6.06615,0,0.831745,1.22264,0.138939,7.9195,8.784,233472,0.1546,0.1834,0,0.1392,0,1,1
box_open_turn,oi_face_rot_stall_mppi,13991,256,16,0,0,1,1,1,165,0.219669,0.171309,9.20833,0,1.33943,3.78121,0.136458,22.5156,25.0951,675840,0.159,0.1745,0,0.136641,0,1,1
box_open_turn,oi_face_rot_stall_mppi,13998,256,16,0,0,1,1,1,46,0.203551,0.0375754,5.97017,0,1.0212,1.55587,0.135367,6.2269,6.9539,188416,0.1591,0.1616,0,0.135707,0,1,1
box_open_turn,oi_face_rot_stall_mppi,14005,256,16,0,0,1,1,1,237,0.230474,0.168675,10.9322,0,1.33612,3.9831,0.139578,33.0799,37.0121,970752,0.1781,0.2113,0,0.139768,0,1,1
box_open_turn,oi_face_rot_stall_mppi,14012,256,16,0,0,1,1,1,50,0.237685,0.00580037,5.87739,0,0.760164,1.02046,0.134982,6.7491,7.7551,204800,0.1574,0.1591,0,0.135254,0,1,1
box_open_turn,oi_face_rot_stall_mppi,14019,256,16,0,0,1,1,1,59,0.232688,0.191076,5.78319,0,0.896062,1.30757,0.131341,7.7491,8.6471,241664,0.154,0.158,0,0.131593,0,1,1
box_open_turn,oi_face_rot_stall_mppi,14026,256,16,0,0,1,1,1,46,0.151188,0.212542,6.04211,0,0.723198,0.91664,0.143289,6.5913,7.5238,188416,0.1851,0.2333,0,0.14373,0,1,1
box_open_turn,oi_face_rot_stall_mppi,14033,256,16,0,0,1,1,1,83,0.239174,0.0241796,7.34175,0,0.946531,1.68787,0.134246,11.1424,12.3837,339968,0.1493,0.1643,0,0.13447,0,1,1
box_open_turn,oi_face_rot_stall_mppi,14040,256,16,0,0,1,1,1,67,0.229979,0.198295,7.37136,0,1.32428,3.61231,0.14463,9.6902,11.0817,274432,0.1696,0.1804,0,0.145045,0,1,1
box_open_turn,oi_face_rot_stall_mppi,14047,256,16,0,0,1,1,1,48,0.203135,0.2489,5.72792,0,0.867577,1.18394,0.141325,6.7836,7.6195,196608,0.1603,0.1801,0,0.141673,0,1,1
box_open_turn,oi_face_rot_stall_mppi,14054,256,16,0,0,1,1,1,53,0.229817,0.0473613,5.71439,0,0.88091,1.34483,0.142787,7.5677,8.5497,217088,0.175,0.1818,0,0.143094,0,1,1
box_open_turn,oi_face_rot_stall_mppi,14061,256,16,0,0,1,1,1,50,0.212699,0.122826,6.19081,0,0.902171,1.26797,0.142944,7.1472,8.0103,204800,0.1788,0.1936,0,0.143248,0,1,1
box_open_turn,oi_face_rot_stall_mppi,14068,256,16,0,0,1,1,1,48,0.14932,0.20668,5.6891,0,0.70981,0.9419,0.1332,6.3936,7.0932,196608,0.148,0.1723,0,0.133423,0,1,1
box_open_turn,oi_face_rot_stall_mppi,14075,256,16,0,0,1,1,1,178,0.237084,0.195973,10.1775,0,1.12794,2.61526,0.138787,24.7041,27.5311,729088,0.1607,0.2014,0,0.138936,0,1,1
box_open_turn,oi_face_rot_stall_mppi,14082,256,16,0,0,1,1,1,48,0.228783,0.0664814,6.34139,0,0.748523,0.985092,0.134231,6.4431,7.2333,196608,0.164,0.1723,0,0.134544,0,1,1
box_open_turn,oi_face_rot_stall_mppi,14089,256,16,0,0,1,1,1,98,0.166967,0.240668,7.57798,0,1.33706,3.58684,0.141103,13.8281,15.5027,401408,0.1627,0.257,0,0.141355,0,1,1
box_open_turn,oi_face_rot_stall_mppi,14096,256,16,0,0,1,1,1,56,0.236848,0.0158556,6.81511,0,0.960129,1.54389,0.143261,8.0226,9.0358,229376,0.169,0.219,0,0.143602,0,1,1
box_open_turn,oi_face_rot_stall_mppi,14103,256,16,0,0,1,1,1,157,0.0891775,0.198741,10.9378,0,1.09112,2.45889,0.135046,21.2023,23.4857,643072,0.1496,0.1547,0,0.135248,0,1,1
box_open_turn,oi_face_rot_stall_mppi,14110,256,16,0,0,1,1,1,46,0.196786,0.247512,5.45192,0,0.897553,1.19678,0.134737,6.1979,6.803,188416,0.1443,0.1556,0,0.135004,0,1,1
box_open_turn,oi_face_rot_stall_mppi,14117,256,16,0,0,1,1,1,49,0.217668,0.145261,5.70707,0,0.966671,1.35727,0.146818,7.1941,8.1203,200704,0.17,0.2079,0,0.147157,0,1,1
box_open_turn,oi_face_rot_stall_mppi,14124,256,16,0,0,1,1,1,65,0.24779,0.166538,7.30704,0,0.915753,1.38438,0.136334,8.8617,10.0127,266240,0.1606,0.1812,0,0.136742,0,1,1
box_open_turn,oi_face_rot_stall_mppi,14131,256,16,0,0,1,1,1,93,0.239243,0.136882,8.58725,0,1.10712,2.23527,0.22337,20.7734,25.1076,380928,0.2675,0.328,0,0.223629,0,1,1
box_open_turn,oi_face_rot_stall_mppi,14138,256,16,0,0,1,1,1,122,0.136049,0.195361,8.55885,0,1.08158,2.71794,0.134691,16.4323,18.2583,499712,0.1515,0.2037,0,0.134898,0,1,1
box_open_turn,oi_face_rot_stall_mppi,14145,256,16,0,0,1,1,1,46,0.244007,0.234234,5.86161,0,0.961099,1.35053,0.143922,6.6204,7.4937,188416,0.1719,0.1803,0,0.14433,0,1,1
box_open_turn,oi_face_rot_stall_mppi,14152,256,16,0,0,1,1,1,80,0.216551,0.169477,6.62955,0,0.902434,1.73693,0.137219,10.9775,12.1396,327680,0.157,0.1593,0,0.137435,0,1,1
box_open_turn,oi_face_rot_stall_mppi,14159,256,16,0,0,1,1,1,44,0.209717,0.24123,5.53012,0,0.954251,1.30349,0.141391,6.2212,7.113,180224,0.1589,0.1741,0,0.141807,0,1,1
box_open_turn,oi_face_rot_wide_mppi,13956,256,16,0,0,1,1,1,50,0.161504,0.226168,6.25502,0,0.866931,1.1045,0.133982,6.6991,7.3846,204800,0.1418,0.1491,0,0.134244,0,1,1
box_open_turn,oi_face_rot_wide_mppi,13963,256,16,0,0,1,1,1,55,0.15861,0.244392,5.17192,0,0.783303,1.0716,0.141993,7.8096,8.8656,225280,0.1721,0.1763,0,0.142244,0,1,1
box_open_turn,oi_face_rot_wide_mppi,13970,256,16,0,0,1,1,1,77,0.178886,0.242871,7.822,0,0.967086,1.65155,0.137527,10.5896,11.9771,315392,0.1693,0.1883,0,0.137831,0,1,1
box_open_turn,oi_face_rot_wide_mppi,13977,256,16,0,0,1,1,1,51,0.070135,0.194357,5.23099,0,0.924047,1.56004,0.134153,6.8418,7.5254,208896,0.1507,0.1543,0,0.134424,0,1,1
box_open_turn,oi_face_rot_wide_mppi,13984,256,16,0,0,1,1,1,57,0.191261,0.174101,6.06615,0,0.831745,1.22264,0.138275,7.8817,8.7249,233472,0.163,0.1671,0,0.138535,0,1,1
box_open_turn,oi_face_rot_wide_mppi,13991,256,16,0,0,1,1,1,165,0.219669,0.171309,9.20833,0,1.33943,3.78121,0.147249,24.296,27.6919,675840,0.1902,0.2311,0,0.147463,0,1,1
box_open_turn,oi_face_rot_wide_mppi,13998,256,16,0,0,1,1,1,46,0.203551,0.0375754,5.97017,0,1.0212,1.55587,0.146348,6.732,7.8623,188416,0.1757,0.2061,0,0.146726,0,1,1
box_open_turn,oi_face_rot_wide_mppi,14005,256,16,0,0,1,1,1,237,0.230474,0.168675,10.9322,0,1.33612,3.9831,0.140186,33.2242,37.3652,970752,0.171,0.2716,0,0.14038,0,1,1
box_open_turn,oi_face_rot_wide_mppi,14012,256,16,0,0,1,1,1,50,0.237685,0.00580037,5.87739,0,0.760164,1.02046,0.132662,6.6331,7.3925,204800,0.1501,0.1631,0,0.132934,0,1,1
box_open_turn,oi_face_rot_wide_mppi,14019,256,16,0,0,1,1,1,59,0.232688,0.191076,5.78319,0,0.896062,1.30757,0.134993,7.9646,8.9167,241664,0.1611,0.1653,0,0.13521,0,1,1
box_open_turn,oi_face_rot_wide_mppi,14026,256,16,0,0,1,1,1,46,0.151188,0.212542,6.04211,0,0.723198,0.91664,0.138402,6.3665,7.2557,188416,0.1585,0.1606,0,0.13868,0,1,1
box_open_turn,oi_face_rot_wide_mppi,14033,256,16,0,0,1,1,1,83,0.239174,0.0241796,7.34175,0,0.946531,1.68787,0.139188,11.5526,13.0675,339968,0.1617,0.1854,0,0.139446,0,1,1
box_open_turn,oi_face_rot_wide_mppi,14040,256,16,0,0,1,1,1,67,0.229979,0.198295,7.37136,0,1.32428,3.61231,0.137666,9.2236,10.1604,274432,0.1563,0.1818,0,0.137946,0,1,1
box_open_turn,oi_face_rot_wide_mppi,14047,256,16,0,0,1,1,1,48,0.203135,0.2489,5.72792,0,0.867577,1.18394,0.14204,6.8179,7.8973,196608,0.1556,0.1774,0,0.142471,0,1,1
box_open_turn,oi_face_rot_wide_mppi,14054,256,16,0,0,1,1,1,53,0.229817,0.0473613,5.71439,0,0.88091,1.34483,0.1332,7.0596,7.8053,217088,0.1444,0.1511,0,0.133489,0,1,1
box_open_turn,oi_face_rot_wide_mppi,14061,256,16,0,0,1,1,1,50,0.212699,0.122826,6.19081,0,0.902171,1.26797,0.135962,6.7981,7.6502,204800,0.1568,0.1607,0,0.136246,0,1,1
box_open_turn,oi_face_rot_wide_mppi,14068,256,16,0,0,1,1,1,48,0.14932,0.20668,5.6891,0,0.70981,0.9419,0.130988,6.2874,7.0152,196608,0.1541,0.1632,0,0.131308,0,1,1
box_open_turn,oi_face_rot_wide_mppi,14075,256,16,0,0,1,1,1,178,0.237084,0.195973,10.1775,0,1.12794,2.61526,0.149333,26.5813,30.612,729088,0.1714,0.2164,0,0.149577,0,1,1
box_open_turn,oi_face_rot_wide_mppi,14082,256,16,0,0,1,1,1,48,0.228783,0.0664814,6.34139,0,0.748523,0.985092,0.245552,11.7865,14.568,196608,0.3352,0.3925,0,0.24635,0,1,1
box_open_turn,oi_face_rot_wide_mppi,14089,256,16,0,0,1,1,1,98,0.166967,0.240668,7.57798,0,1.33706,3.58684,0.215674,21.136,25.4681,401408,0.3414,0.5134,0,0.216054,0,1,1
box_open_turn,oi_face_rot_wide_mppi,14096,256,16,0,0,1,1,1,56,0.236848,0.0158556,6.81511,0,0.960129,1.54389,0.161718,9.0562,10.5005,229376,0.2317,0.2466,0,0.162036,0,1,1
box_open_turn,oi_face_rot_wide_mppi,14103,256,16,0,0,1,1,1,157,0.0891775,0.198741,10.9378,0,1.09112,2.45889,0.133071,20.8922,23.2655,643072,0.1596,0.1983,0,0.133269,0,1,1
box_open_turn,oi_face_rot_wide_mppi,14110,256,16,0,0,1,1,1,46,0.196786,0.247512,5.45192,0,0.897553,1.19678,0.150315,6.9145,8.2157,188416,0.1692,0.1813,0,0.150824,0,1,1
box_open_turn,oi_face_rot_wide_mppi,14117,256,16,0,0,1,1,1,49,0.217668,0.145261,5.70707,0,0.966671,1.35727,0.14021,6.8703,7.812,200704,0.1657,0.1817,0,0.140549,0,1,1
box_open_turn,oi_face_rot_wide_mppi,14124,256,16,0,0,1,1,1,65,0.24779,0.166538,7.30704,0,0.915753,1.38438,0.136188,8.8522,9.7329,266240,0.1521,0.1572,0,0.136442,0,1,1
box_open_turn,oi_face_rot_wide_mppi,14131,256,16,0,0,1,1,1,93,0.239243,0.136882,8.58725,0,1.10712,2.23527,0.135461,12.5979,13.9445,380928,0.1571,0.1584,0,0.135659,0,1,1
box_open_turn,oi_face_rot_wide_mppi,14138,256,16,0,0,1,1,1,122,0.136049,0.195361,8.55885,0,1.08158,2.71794,0.138129,16.8517,18.8406,499712,0.1592,0.1761,0,0.138359,0,1,1
box_open_turn,oi_face_rot_wide_mppi,14145,256,16,0,0,1,1,1,46,0.244007,0.234234,5.86161,0,0.961099,1.35053,0.143341,6.5937,7.5829,188416,0.1895,0.2211,0,0.143798,0,1,1
box_open_turn,oi_face_rot_wide_mppi,14152,256,16,0,0,1,1,1,80,0.216551,0.169477,6.62955,0,0.902434,1.73693,0.15074,12.0592,13.9424,327680,0.1839,0.2355,0,0.151144,0,1,1
box_open_turn,oi_face_rot_wide_mppi,14159,256,16,0,0,1,1,1,44,0.209717,0.24123,5.53012,0,0.954251,1.30349,0.157507,6.9303,8.0957,180224,0.2373,0.259,0,0.15792,0,1,1
