scenario,planner,seed,k_samples,t_horizon,grad_steps,alpha,reached_goal,collision_free,success,steps,final_distance,min_goal_distance,cumulative_cost,collisions,mean_control_delta,control_roughness,avg_control_ms,total_control_ms,episode_ms,sample_budget,p95_control_ms,max_control_ms,control_deadline_ms,avg_control_slot_ms,deadline_misses,deadline_feasible,real_time_success
box_detour_open,oi_face_rot_mppi,12856,256,16,0,0,1,1,1,64,0.229923,0.108109,5.13787,0,0.672378,0.651261,0.145445,9.3085,10.3746,262144,0.1547,0.1628,0,0.145748,0,1,1
box_detour_open,oi_face_rot_mppi,12863,256,16,0,0,1,1,1,61,0.245886,0.076949,4.7588,0,0.600353,0.540153,0.137757,8.4032,9.3377,249856,0.1498,0.1589,0,0.138044,0,1,1
box_detour_open,oi_face_rot_mppi,12870,256,16,0,0,1,1,1,63,0.245862,0.290816,4.76077,0,0.706564,0.728533,0.138949,8.7538,9.8494,258048,0.1543,0.163,0,0.139213,0,1,1
box_detour_open,oi_face_rot_mppi,12877,256,16,0,0,1,1,1,59,0.235162,0.0294355,4.56724,0,0.715851,0.781625,0.143451,8.4636,9.4683,241664,0.1665,0.1864,0,0.143773,0,1,1
box_detour_open,oi_face_rot_mppi,12884,256,16,0,0,1,1,1,90,0.206286,0.338092,5.49416,0,0.593781,0.501926,0.132221,11.8999,13.107,368640,0.1449,0.1504,0,0.132448,0,1,1
box_detour_open,oi_face_rot_mppi,12891,256,16,0,0,1,1,1,74,0.248693,0.0322154,5.81675,0,0.633334,0.627815,0.133599,9.8863,10.9042,303104,0.1549,0.1588,0,0.133843,0,1,1
box_detour_open,oi_face_rot_mppi,12898,256,16,0,0,1,1,1,64,0.235881,0.0780359,4.86631,0,0.664072,0.70522,0.139364,8.9193,9.8274,262144,0.1569,0.1736,0,0.139684,0,1,1
box_detour_open,oi_face_rot_mppi,12905,256,16,0,0,1,1,1,77,0.230573,0.103089,5.85547,0,0.584502,0.523604,0.146407,11.2733,12.7975,315392,0.1696,0.1981,0,0.146781,0,1,1
box_detour_open,oi_face_rot_mppi,12912,256,16,0,0,1,1,1,59,0.23024,0.0667211,4.673,0,0.703881,0.811045,0.161298,9.5166,11.2653,241664,0.1753,0.1891,0,0.161708,0,1,1
box_detour_open,oi_face_rot_mppi,12919,256,16,0,0,1,1,1,128,0.232877,0.211698,6.58191,0,0.577163,0.525962,0.135091,17.2916,18.9031,524288,0.153,0.1956,0,0.135248,0,1,1
box_detour_open,oi_face_rot_mppi,12926,256,16,0,0,1,1,1,62,0.224579,0.0703224,4.71955,0,0.574896,0.502448,0.145124,8.9977,9.9345,253952,0.1684,0.1859,0,0.145405,0,1,1
box_detour_open,oi_face_rot_mppi,12933,256,16,0,0,1,1,1,79,0.210065,0.150934,4.77537,0,0.612668,0.565829,0.138516,10.9428,12.2999,323584,0.1626,0.2054,0,0.138863,0,1,1
box_detour_open,oi_face_rot_mppi,12940,256,16,0,0,1,1,1,58,0.23773,0.107842,4.09106,0,0.570982,0.486703,0.133902,7.7663,8.6464,237568,0.1492,0.152,0,0.134143,0,1,1
box_detour_open,oi_face_rot_mppi,12947,256,16,0,0,1,1,1,61,0.235653,0.0377936,5.03688,0,0.647467,0.618249,0.130798,7.9787,8.795,249856,0.146,0.1601,0,0.131023,0,1,1
box_detour_open,oi_face_rot_mppi,12954,256,16,0,0,1,1,1,85,0.204017,0.0715343,5.61369,0,0.604145,0.586038,0.136829,11.6305,12.7273,348160,0.1487,0.1827,0,0.137051,0,1,1
box_detour_open,oi_face_rot_mppi,12961,256,16,0,0,1,1,1,62,0.247068,0.0289953,4.79635,0,0.701665,0.706281,0.138406,8.5812,9.4382,253952,0.1588,0.1746,0,0.138669,0,1,1
box_detour_open,oi_face_rot_mppi,12968,256,16,0,0,1,1,1,70,0.226131,0.18248,5.22865,0,0.632929,0.585897,0.137377,9.6164,10.488,286720,0.1446,0.1516,0,0.137594,0,1,1
box_detour_open,oi_face_rot_mppi,12975,256,16,0,0,1,1,1,60,0.22864,0.0457957,4.52308,0,0.6301,0.623198,0.133742,8.0245,8.7564,245760,0.1421,0.1446,0,0.13397,0,1,1
box_detour_open,oi_face_rot_mppi,12982,256,16,0,0,1,1,1,65,0.238527,0.0273123,5.27758,0,0.646151,0.679905,0.140894,9.1581,10.0898,266240,0.1721,0.187,0,0.141172,0,1,1
box_detour_open,oi_face_rot_mppi,12989,256,16,0,0,1,1,1,73,0.241922,0.199146,4.69378,0,0.636298,0.609724,0.138141,10.0843,11.0477,299008,0.1514,0.1533,0,0.138347,0,1,1
box_detour_open,oi_face_rot_mppi,12996,256,16,0,0,1,1,1,69,0.248437,0.288731,5.33617,0,0.798827,1.00107,0.13772,9.5027,10.3241,282624,0.1469,0.1549,0,0.13793,0,1,1
box_detour_open,oi_face_rot_mppi,13003,256,16,0,0,1,1,1,60,0.234255,0.124884,4.60571,0,0.601779,0.52577,0.138162,8.2897,9.0619,245760,0.1495,0.1672,0,0.138395,0,1,1
box_detour_open,oi_face_rot_mppi,13010,256,16,0,0,1,1,1,67,0.179471,0.310835,4.79649,0,0.721799,0.80238,0.142336,9.5365,10.6091,274432,0.1728,0.174,0,0.14261,0,1,1
box_detour_open,oi_face_rot_mppi,13017,256,16,0,0,1,1,1,60,0.228524,0.0739185,4.38617,0,0.598029,0.545371,0.136855,8.2113,8.9782,245760,0.1543,0.1657,0,0.137085,0,1,1
box_detour_open,oi_face_rot_mppi,13024,256,16,0,0,1,1,1,60,0.212831,0.0480817,4.76548,0,0.72094,0.84304,0.13649,8.1894,8.9545,245760,0.1506,0.163,0,0.136755,0,1,1
box_detour_open,oi_face_rot_mppi,13031,256,16,0,0,1,1,1,66,0.24441,0.0546401,4.79583,0,0.578714,0.539858,0.13648,9.0077,9.8034,270336,0.1442,0.1508,0,0.136718,0,1,1
box_detour_open,oi_face_rot_mppi,13038,256,16,0,0,1,1,1,66,0.243222,0.0296714,5.17847,0,0.64958,0.64862,0.135098,8.9165,9.6825,270336,0.144,0.1509,0,0.13535,0,1,1
box_detour_open,oi_face_rot_mppi,13045,256,16,0,0,1,1,1,88,0.177236,0.215753,5.72117,0,0.672288,0.727566,0.137523,12.102,13.2757,360448,0.1434,0.1609,0,0.137743,0,1,1
box_detour_open,oi_face_rot_mppi,13052,256,16,0,0,1,1,1,87,0.2345,0.12062,5.57691,0,0.548868,0.443437,0.136288,11.8571,13.2197,356352,0.1493,0.1952,0,0.13649,0,1,1
box_detour_open,oi_face_rot_mppi,13059,256,16,0,0,1,1,1,66,0.221053,0.0551936,5.66891,0,0.740569,0.850927,0.13462,8.8849,9.8797,270336,0.1544,0.1979,0,0.134888,0,1,1
box_detour_open,oi_face_rot_near_mppi,12856,256,16,0,0,1,1,1,55,0.244588,0.14774,4.98398,0,0.962447,1.35399,0.136447,7.5046,8.3302,225280,0.1488,0.161,0,0.1367,0,1,1
box_detour_open,oi_face_rot_near_mppi,12863,256,16,0,0,1,1,1,53,0.246277,0.099252,4.56295,0,0.801303,1.09226,0.136345,7.2263,8.1406,217088,0.1522,0.1861,0,0.136649,0,1,1
box_detour_open,oi_face_rot_near_mppi,12870,256,16,0,0,1,1,1,51,0.218716,0.137395,4.53012,0,0.8934,1.23663,0.135586,6.9149,7.5834,208896,0.1468,0.1501,0,0.135875,0,1,1
box_detour_open,oi_face_rot_near_mppi,12877,256,16,0,0,1,1,1,60,0.226543,0.00275438,4.50774,0,0.949626,1.39407,0.139278,8.3567,9.1847,245760,0.1507,0.1649,0,0.139508,0,1,1
box_detour_open,oi_face_rot_near_mppi,12884,256,16,0,0,1,1,1,97,0.204738,0.269598,5.70463,0,0.926142,1.60162,0.141428,13.7185,15.2414,397312,0.1583,0.2049,0,0.141664,0,1,1
box_detour_open,oi_face_rot_near_mppi,12891,256,16,0,0,1,1,1,64,0.201291,0.0642378,5.49787,0,0.868769,1.34442,0.147691,9.4522,10.6072,262144,0.1796,0.3902,0,0.148066,0,1,1
box_detour_open,oi_face_rot_near_mppi,12898,256,16,0,0,1,1,1,59,0.237307,0.215397,4.78314,0,1.03295,1.69256,0.136534,8.0555,8.8494,241664,0.1511,0.1769,0,0.136827,0,1,1
box_detour_open,oi_face_rot_near_mppi,12905,256,16,0,0,1,1,1,62,0.243056,0.0175249,5.36707,0,0.79633,1.113,0.135781,8.4184,9.1869,253952,0.1463,0.1528,0,0.136029,0,1,1
box_detour_open,oi_face_rot_near_mppi,12912,256,16,0,0,1,1,1,53,0.246141,0.13118,4.68266,0,0.941343,1.32645,0.133649,7.0834,7.7958,217088,0.1475,0.1492,0,0.13393,0,1,1
box_detour_open,oi_face_rot_near_mppi,12919,256,16,0,0,1,1,1,49,0.229981,0.0961443,4.37012,0,0.692818,0.771807,0.138073,6.7656,7.5421,200704,0.1665,0.2016,0,0.138394,0,1,1
box_detour_open,oi_face_rot_near_mppi,12926,256,16,0,0,1,1,1,53,0.245845,0.0782248,4.64528,0,0.759228,1.03155,0.134511,7.1291,7.8449,217088,0.1486,0.1598,0,0.134796,0,1,1
box_detour_open,oi_face_rot_near_mppi,12933,256,16,0,0,1,1,1,68,0.224748,0.0925564,4.70712,0,0.942946,1.52768,0.134097,9.1186,10.0776,278528,0.1485,0.2172,0,0.13435,0,1,1
box_detour_open,oi_face_rot_near_mppi,12940,256,16,0,0,1,1,1,51,0.24932,0.206019,4.02204,0,0.823104,1.09505,0.135582,6.9147,7.6101,208896,0.1484,0.1498,0,0.135857,0,1,1
box_detour_open,oi_face_rot_near_mppi,12947,256,16,0,0,1,1,1,59,0.205745,0.255239,5.047,0,0.795821,1.0157,0.13302,7.8482,8.6763,241664,0.1503,0.1653,0,0.133283,0,1,1
box_detour_open,oi_face_rot_near_mppi,12954,256,16,0,0,1,1,1,55,0.218098,0.10739,5.20922,0,0.85853,1.2203,0.136005,7.4803,8.438,225280,0.1627,0.1776,0,0.136313,0,1,1
box_detour_open,oi_face_rot_near_mppi,12961,256,16,0,0,1,1,1,49,0.214541,0.136755,4.57132,0,0.882386,1.03485,0.13352,6.5425,7.2517,200704,0.1525,0.1803,0,0.13382,0,1,1
box_detour_open,oi_face_rot_near_mppi,12968,256,16,0,0,1,1,1,63,0.234355,0.264274,5.03456,0,0.896786,1.17412,0.159567,10.0527,11.5666,258048,0.1867,0.2151,0,0.159873,0,1,1
box_detour_open,oi_face_rot_near_mppi,12975,256,16,0,0,1,1,1,48,0.24778,0.0364963,4.31927,0,0.834964,1.10872,0.162477,7.7989,9.1261,196608,0.1874,0.2145,0,0.162948,0,1,1
box_detour_open,oi_face_rot_near_mppi,12982,256,16,0,0,1,1,1,54,0.235559,0.202504,5.17683,0,0.855788,1.126,0.138831,7.4969,8.2092,221184,0.1513,0.1644,0,0.139104,0,1,1
box_detour_open,oi_face_rot_near_mppi,12989,256,16,0,0,1,1,1,50,0.240529,0.0124007,4.41569,0,0.754864,0.969675,0.138186,6.9093,7.723,204800,0.1679,0.1775,0,0.138734,0,1,1
box_detour_open,oi_face_rot_near_mppi,12996,256,16,0,0,1,1,1,71,0.248917,0.0919722,5.45568,0,0.983853,1.57294,0.134999,9.5849,10.746,290816,0.1523,0.1701,0,0.13527,0,1,1
box_detour_open,oi_face_rot_near_mppi,13003,256,16,0,0,1,1,1,50,0.241222,0.0881317,4.48159,0,0.841613,1.05083,0.13924,6.962,7.9405,204800,0.16,0.1914,0,0.139586,0,1,1
box_detour_open,oi_face_rot_near_mppi,13010,256,16,0,0,1,1,1,48,0.230956,0.0409186,4.5042,0,0.952658,1.31031,0.14596,7.0061,7.8814,196608,0.1736,0.2584,0,0.146352,0,1,1
box_detour_open,oi_face_rot_near_mppi,13017,256,16,0,0,1,1,1,51,0.243633,0.133811,4.2565,0,0.856691,1.24174,0.134204,6.8444,7.6932,208896,0.1483,0.1761,0,0.13452,0,1,1
box_detour_open,oi_face_rot_near_mppi,13024,256,16,0,0,1,1,1,50,0.246377,0.0346497,4.66343,0,0.909142,1.35519,0.138022,6.9011,7.7936,204800,0.1602,0.1891,0,0.138368,0,1,1
box_detour_open,oi_face_rot_near_mppi,13031,256,16,0,0,1,1,1,65,0.210573,0.0298515,4.80964,0,0.741236,0.966294,0.144475,9.3909,10.5363,266240,0.1578,0.1681,0,0.144823,0,1,1
box_detour_open,oi_face_rot_near_mppi,13038,256,16,0,0,1,1,1,60,0.230063,0.142527,5.07292,0,0.899785,1.17625,0.1375,8.25,9.2612,245760,0.1535,0.2005,0,0.137768,0,1,1
box_detour_open,oi_face_rot_near_mppi,13045,256,16,0,0,1,1,1,69,0.209839,0.307174,5.53068,0,0.958634,1.54175,0.135665,9.3609,10.469,282624,0.1524,0.1629,0,0.135958,0,1,1
box_detour_open,oi_face_rot_near_mppi,13052,256,16,0,0,1,1,1,62,0.239939,0.0298434,5.15259,0,0.915789,1.33111,0.16264,10.0837,11.6574,253952,0.1987,0.2208,0,0.163023,0,1,1
box_detour_open,oi_face_rot_near_mppi,13059,256,16,0,0,1,1,1,59,0.245035,0.19845,5.61263,0,0.953558,1.4467,0.135992,8.0235,9.0013,241664,0.1616,0.1913,0,0.136319,0,1,1
box_detour_open,oi_face_rot_stall_mppi,12856,256,16,0,0,1,1,1,61,0.231623,0.109393,5.04713,0,1.08723,1.83835,0.135902,8.29,9.1957,249856,0.1602,0.1703,0,0.1362,0,1,1
box_detour_open,oi_face_rot_stall_mppi,12863,256,16,0,0,1,1,1,61,0.247841,0.137291,5.13214,0,0.717423,0.894525,0.153305,9.3516,10.8205,249856,0.1744,0.1872,0,0.153713,0,1,1
box_detour_open,oi_face_rot_stall_mppi,12870,256,16,0,0,1,1,1,59,0.245823,0.236174,4.93892,0,1.24492,2.9308,0.140293,8.2773,9.2375,241664,0.1836,0.1976,0,0.140598,0,1,1
box_detour_open,oi_face_rot_stall_mppi,12877,256,16,0,0,1,1,1,53,0.247935,0.284629,4.52131,0,0.988425,1.50241,0.136079,7.2122,7.8778,217088,0.1475,0.1535,0,0.136387,0,1,1
box_detour_open,oi_face_rot_stall_mppi,12884,256,16,0,0,1,1,1,49,0.246807,0.0846703,4.60203,0,0.862205,1.1907,0.141173,6.9175,7.6729,200704,0.1635,0.1681,0,0.141565,0,1,1
box_detour_open,oi_face_rot_stall_mppi,12891,256,16,0,0,1,1,1,54,0.247299,0.234038,5.25639,0,0.983291,1.61244,0.136556,7.374,8.0514,221184,0.1432,0.1435,0,0.136807,0,1,1
box_detour_open,oi_face_rot_stall_mppi,12898,256,16,0,0,1,1,1,56,0.247337,0.308643,4.90609,0,0.868245,1.13951,0.138636,7.7636,8.4566,229376,0.1493,0.1554,0,0.138882,0,1,1
box_detour_open,oi_face_rot_stall_mppi,12905,256,16,0,0,1,1,1,68,0.118043,0.274362,5.18707,0,0.802751,1.05357,0.140444,9.5502,10.5516,278528,0.1586,0.1653,0,0.140715,0,1,1
box_detour_open,oi_face_rot_stall_mppi,12912,256,16,0,0,1,1,1,56,0.235334,0.28532,4.74987,0,0.96508,1.44781,0.13657,7.6479,8.3334,229376,0.1513,0.1578,0,0.136821,0,1,1
box_detour_open,oi_face_rot_stall_mppi,12919,256,16,0,0,1,1,1,51,0.245393,0.273599,4.43056,0,0.824404,1.13731,0.134467,6.8578,7.4779,208896,0.1432,0.1474,0,0.134739,0,1,1
box_detour_open,oi_face_rot_stall_mppi,12926,256,16,0,0,1,1,1,50,0.210993,0.0944296,4.63231,0,0.787812,1.04982,0.144664,7.2332,8.0408,204800,0.1729,0.1938,0,0.144962,0,1,1
box_detour_open,oi_face_rot_stall_mppi,12933,256,16,0,0,1,1,1,49,0.248206,0.292909,4.36246,0,0.861108,1.26758,0.13801,6.7625,7.3699,200704,0.1462,0.1585,0,0.138263,0,1,1
box_detour_open,oi_face_rot_stall_mppi,12940,256,16,0,0,1,1,1,55,0.213762,0.329891,4.27147,0,1.01515,1.8078,0.156095,8.5852,9.8995,225280,0.1858,0.1914,0,0.156462,0,1,1
box_detour_open,oi_face_rot_stall_mppi,12947,256,16,0,0,1,1,1,74,0.244285,0.164298,5.66154,0,0.832518,1.28407,0.137519,10.1764,11.1888,303104,0.1528,0.1806,0,0.137773,0,1,1
box_detour_open,oi_face_rot_stall_mppi,12954,256,16,0,0,1,1,1,60,0.248994,0.0354215,5.47042,0,0.911409,1.44549,0.139512,8.3707,9.3734,245760,0.1511,0.1791,0,0.139802,0,1,1
box_detour_open,oi_face_rot_stall_mppi,12961,256,16,0,0,1,1,1,56,0.209763,0.23624,4.72479,0,0.925738,1.24147,0.137084,7.6767,8.485,229376,0.1456,0.1559,0,0.137361,0,1,1
box_detour_open,oi_face_rot_stall_mppi,12968,256,16,0,0,1,1,1,51,0.218813,0.0999977,4.82213,0,0.793931,0.914847,0.139194,7.0989,8.0018,208896,0.1488,0.202,0,0.139496,0,1,1
box_detour_open,oi_face_rot_stall_mppi,12975,256,16,0,0,1,1,1,54,0.24164,0.0831925,4.4805,0,0.97929,1.46197,0.137281,7.4132,8.1155,221184,0.1469,0.1689,0,0.137587,0,1,1
box_detour_open,oi_face_rot_stall_mppi,12982,256,16,0,0,1,1,1,51,0.235148,0.0554485,5.25073,0,0.842327,1.1181,0.137904,7.0331,7.7176,208896,0.1506,0.1898,0,0.138247,0,1,1
box_detour_open,oi_face_rot_stall_mppi,12989,256,16,0,0,1,1,1,57,0.23092,0.247961,4.61248,0,0.99953,1.70445,0.143123,8.158,9.1404,233472,0.1647,0.1712,0,0.1435,0,1,1
box_detour_open,oi_face_rot_stall_mppi,12996,256,16,0,0,1,1,1,49,0.235057,0.122012,5.03418,0,1.07289,1.67672,0.144355,7.0734,7.7436,200704,0.1545,0.5939,0,0.144684,0,1,1
box_detour_open,oi_face_rot_stall_mppi,13003,256,16,0,0,1,1,1,55,0.241343,0.200837,4.68445,0,0.832138,1.01293,0.137725,7.5749,8.3085,225280,0.1458,0.1593,0,0.137969,0,1,1
box_detour_open,oi_face_rot_stall_mppi,13010,256,16,0,0,1,1,1,59,0.230148,0.118917,4.89667,0,0.968531,1.44811,0.139459,8.2281,9.0163,241664,0.1553,0.1659,0,0.139717,0,1,1
box_detour_open,oi_face_rot_stall_mppi,13017,256,16,0,0,1,1,1,56,0.243037,0.252231,4.56657,0,0.962329,1.68174,0.140527,7.8695,8.6158,229376,0.1479,0.1754,0,0.14078,0,1,1
box_detour_open,oi_face_rot_stall_mppi,13024,256,16,0,0,1,1,1,55,0.245093,0.317087,4.88281,0,0.920451,1.40868,0.137375,7.5556,8.2877,225280,0.1458,0.1543,0,0.137633,0,1,1
box_detour_open,oi_face_rot_stall_mppi,13031,256,16,0,0,1,1,1,59,0.229103,0.0786322,4.80148,0,0.805922,1.24282,0.134556,7.9388,8.6727,241664,0.1474,0.1517,0,0.13479,0,1,1
box_detour_open,oi_face_rot_stall_mppi,13038,256,16,0,0,1,1,1,70,0.113976,0.241962,5.43217,0,0.850022,1.1577,0.13777,9.6439,10.6961,286720,0.1597,0.1688,0,0.138051,0,1,1
box_detour_open,oi_face_rot_stall_mppi,13045,256,16,0,0,1,1,1,93,0.0898354,0.285979,6.8103,0,0.973746,1.73551,0.136786,12.7211,14.0926,380928,0.1578,0.1788,0,0.137005,0,1,1
box_detour_open,oi_face_rot_stall_mppi,13052,256,16,0,0,1,1,1,56,0.233655,0.269451,5.2031,0,0.88024,1.22409,0.135739,7.6014,8.2516,229376,0.1488,0.1494,0,0.135962,0,1,1
box_detour_open,oi_face_rot_stall_mppi,13059,256,16,0,0,1,1,1,65,0.24276,0.348767,5.79304,0,1.27046,2.55681,0.136622,8.8804,9.724,266240,0.1545,0.1625,0,0.136926,0,1,1
box_detour_open,oi_face_rot_wide_mppi,12856,256,16,0,0,1,1,1,61,0.231623,0.109393,5.04713,0,1.08723,1.83835,0.139074,8.4835,9.3227,249856,0.1463,0.1636,0,0.139344,0,1,1
box_detour_open,oi_face_rot_wide_mppi,12863,256,16,0,0,1,1,1,61,0.247841,0.137291,5.13214,0,0.717423,0.894525,0.137062,8.3608,9.1652,249856,0.1466,0.1632,0,0.137298,0,1,1
box_detour_open,oi_face_rot_wide_mppi,12870,256,16,0,0,1,1,1,59,0.245823,0.236174,4.93892,0,1.24492,2.9308,0.135714,8.0071,8.7483,241664,0.1453,0.1483,0,0.135959,0,1,1
box_detour_open,oi_face_rot_wide_mppi,12877,256,16,0,0,1,1,1,53,0.247935,0.284629,4.52131,0,0.988425,1.50241,0.14014,7.4274,8.2431,217088,0.1475,0.1547,0,0.140458,0,1,1
box_detour_open,oi_face_rot_wide_mppi,12884,256,16,0,0,1,1,1,49,0.246807,0.0846703,4.60203,0,0.862205,1.1907,0.138861,6.8042,7.5974,200704,0.1682,0.1795,0,0.139433,0,1,1
box_detour_open,oi_face_rot_wide_mppi,12891,256,16,0,0,1,1,1,54,0.247299,0.234038,5.25639,0,0.983291,1.61244,0.137867,7.4448,8.3491,221184,0.1686,0.1924,0,0.138224,0,1,1
box_detour_open,oi_face_rot_wide_mppi,12898,256,16,0,0,1,1,1,56,0.247337,0.308643,4.90609,0,0.868245,1.13951,0.137898,7.7223,8.4887,229376,0.1563,0.1951,0,0.138157,0,1,1
box_detour_open,oi_face_rot_wide_mppi,12905,256,16,0,0,1,1,1,68,0.118043,0.274362,5.18707,0,0.802751,1.05357,0.136978,9.3145,10.2061,278528,0.1483,0.1556,0,0.13724,0,1,1
box_detour_open,oi_face_rot_wide_mppi,12912,256,16,0,0,1,1,1,56,0.235334,0.28532,4.74987,0,0.96508,1.44781,0.161302,9.0329,10.5237,229376,0.1891,0.204,0,0.161661,0,1,1
box_detour_open,oi_face_rot_wide_mppi,12919,256,16,0,0,1,1,1,51,0.245393,0.273599,4.43056,0,0.824404,1.13731,0.139476,7.1133,7.8582,208896,0.147,0.1733,0,0.139763,0,1,1
box_detour_open,oi_face_rot_wide_mppi,12926,256,16,0,0,1,1,1,50,0.210993,0.0944296,4.63231,0,0.787812,1.04982,0.137484,6.8742,7.6046,204800,0.1568,0.1861,0,0.137822,0,1,1
box_detour_open,oi_face_rot_wide_mppi,12933,256,16,0,0,1,1,1,49,0.248206,0.292909,4.36246,0,0.861108,1.26758,0.136869,6.7066,7.3609,200704,0.157,0.2086,0,0.13718,0,1,1
box_detour_open,oi_face_rot_wide_mppi,12940,256,16,0,0,1,1,1,55,0.213762,0.329891,4.27147,0,1.01515,1.8078,0.137771,7.5774,8.3183,225280,0.1472,0.1509,0,0.138,0,1,1
box_detour_open,oi_face_rot_wide_mppi,12947,256,16,0,0,1,1,1,74,0.244285,0.164298,5.66154,0,0.832518,1.28407,0.138865,10.276,11.2207,303104,0.1483,0.1602,0,0.139101,0,1,1
box_detour_open,oi_face_rot_wide_mppi,12954,256,16,0,0,1,1,1,60,0.248994,0.0354215,5.47042,0,0.911409,1.44549,0.143608,8.6165,9.7326,245760,0.1677,0.1871,0,0.143863,0,1,1
box_detour_open,oi_face_rot_wide_mppi,12961,256,16,0,0,1,1,1,56,0.209763,0.23624,4.72479,0,0.925738,1.24147,0.135791,7.6043,8.3578,229376,0.1467,0.1571,0,0.136041,0,1,1
box_detour_open,oi_face_rot_wide_mppi,12968,256,16,0,0,1,1,1,51,0.218813,0.0999977,4.82213,0,0.793931,0.914847,0.133374,6.8021,7.625,208896,0.1649,0.1776,0,0.133741,0,1,1
box_detour_open,oi_face_rot_wide_mppi,12975,256,16,0,0,1,1,1,54,0.24164,0.0831925,4.4805,0,0.97929,1.46197,0.142952,7.7194,8.5554,221184,0.1675,0.1815,0,0.143276,0,1,1
box_detour_open,oi_face_rot_wide_mppi,12982,256,16,0,0,1,1,1,51,0.235148,0.0554485,5.25073,0,0.842327,1.1181,0.136722,6.9728,7.685,208896,0.1452,0.1571,0,0.136984,0,1,1
box_detour_open,oi_face_rot_wide_mppi,12989,256,16,0,0,1,1,1,57,0.23092,0.247961,4.61248,0,0.99953,1.70445,0.136216,7.7643,8.568,233472,0.1467,0.2273,0,0.136458,0,1,1
box_detour_open,oi_face_rot_wide_mppi,12996,256,16,0,0,1,1,1,49,0.235057,0.122012,5.03418,0,1.07289,1.67672,0.136339,6.6806,7.4259,200704,0.1626,0.176,0,0.136675,0,1,1
box_detour_open,oi_face_rot_wide_mppi,13003,256,16,0,0,1,1,1,55,0.241343,0.200837,4.68445,0,0.832138,1.01293,0.138644,7.6254,8.335,225280,0.1519,0.1558,0,0.138916,0,1,1
box_detour_open,oi_face_rot_wide_mppi,13010,256,16,0,0,1,1,1,59,0.230148,0.118917,4.89667,0,0.968531,1.44811,0.139276,8.2173,9.0496,241664,0.1498,0.1702,0,0.139507,0,1,1
box_detour_open,oi_face_rot_wide_mppi,13017,256,16,0,0,1,1,1,56,0.243037,0.252231,4.56657,0,0.962329,1.68174,0.133482,7.475,8.2336,229376,0.1531,0.161,0,0.133729,0,1,1
box_detour_open,oi_face_rot_wide_mppi,13024,256,16,0,0,1,1,1,55,0.245093,0.317087,4.88281,0,0.920451,1.40868,0.13712,7.5416,8.3988,225280,0.1661,0.1908,0,0.137416,0,1,1
box_detour_open,oi_face_rot_wide_mppi,13031,256,16,0,0,1,1,1,59,0.229103,0.0786322,4.80148,0,0.805922,1.24282,0.139225,8.2143,9.2009,241664,0.155,0.1735,0,0.139512,0,1,1
box_detour_open,oi_face_rot_wide_mppi,13038,256,16,0,0,1,1,1,70,0.113976,0.241962,5.43217,0,0.850022,1.1577,0.136739,9.5717,10.69,286720,0.1613,0.1634,0,0.137034,0,1,1
box_detour_open,oi_face_rot_wide_mppi,13045,256,16,0,0,1,1,1,93,0.0898354,0.285979,6.8103,0,0.973746,1.73551,0.159653,14.8477,17.2776,380928,0.2108,0.2995,0,0.160031,0,1,1
box_detour_open,oi_face_rot_wide_mppi,13052,256,16,0,0,1,1,1,56,0.233655,0.269451,5.2031,0,0.88024,1.22409,0.167698,9.3911,10.7742,229376,0.2199,0.2803,0,0.168186,0,1,1
box_detour_open,oi_face_rot_wide_mppi,13059,256,16,0,0,1,1,1,65,0.24276,0.348767,5.79304,0,1.27046,2.55681,0.139015,9.036,10.2047,266240,0.1592,0.1998,0,0.139343,0,1,1
box_detour_turn,oi_face_rot_mppi,13256,256,16,0,0,1,1,1,112,0.211942,0.12607,14.7918,0,0.862014,1.09751,0.205079,22.9688,26.0786,458752,0.2673,0.2828,0,0.205471,0,1,1
box_detour_turn,oi_face_rot_mppi,13263,256,16,0,0,1,1,1,231,0.0499264,0.183895,13.0599,0,0.656739,0.684035,0.180361,41.6633,46.7624,946176,0.2563,0.2743,0,0.180603,0,1,1
box_detour_turn,oi_face_rot_mppi,13270,256,16,0,0,1,1,1,62,0.237307,0.104446,6.48238,0,0.720026,0.748371,0.165789,10.2789,11.2185,253952,0.1928,0.2091,0,0.166056,0,1,1
box_detour_turn,oi_face_rot_mppi,13277,256,16,0,0,1,1,1,116,0.232406,0.0831982,14.1026,0,0.691464,0.701237,0.174499,20.2419,22.012,475136,0.2118,0.222,0,0.174702,0,1,1
box_detour_turn,oi_face_rot_mppi,13284,256,16,0,0,1,1,1,120,0.22387,0.188471,12.9937,0,0.797591,0.926241,0.171817,20.6181,22.4155,491520,0.2121,0.2447,0,0.172025,0,1,1
box_detour_turn,oi_face_rot_mppi,13291,256,16,0,0,1,1,1,89,0.244179,0.00841349,6.35184,0,0.68398,0.793875,0.167747,14.9295,16.3097,364544,0.1974,0.2192,0,0.167948,0,1,1
box_detour_turn,oi_face_rot_mppi,13298,256,16,0,0,1,1,1,127,0.234574,0.206493,14.9682,0,0.762964,0.792774,0.179417,22.786,24.7818,520192,0.2184,0.2499,0,0.179648,0,1,1
box_detour_turn,oi_face_rot_mppi,13305,256,16,0,0,1,1,1,120,0.202787,0.0190312,9.66541,0,0.661971,0.714907,0.178307,21.3969,23.8266,491520,0.2162,0.2214,0,0.17853,0,1,1
box_detour_turn,oi_face_rot_mppi,13312,256,16,0,0,1,1,1,173,0.049129,0.207049,10.8178,0,0.640992,0.652168,0.166418,28.7904,31.3564,708608,0.2049,0.2123,0,0.166591,0,1,1
box_detour_turn,oi_face_rot_mppi,13319,256,16,0,0,1,1,1,69,0.225872,0.144217,6.8529,0,0.62666,0.519587,0.183454,12.6583,14.1124,282624,0.2296,0.251,0,0.183762,0,1,1
box_detour_turn,oi_face_rot_mppi,13326,256,16,0,0,1,1,1,106,0.239089,0.0815026,9.00424,0,0.703332,0.781219,0.162323,17.2062,18.5114,434176,0.19,0.2024,0,0.162476,0,1,1
box_detour_turn,oi_face_rot_mppi,13333,256,16,0,0,1,1,1,129,0.23129,0.0899398,9.843,0,0.677893,0.75293,0.16426,21.1896,22.727,528384,0.1959,0.2312,0,0.164402,0,1,1
box_detour_turn,oi_face_rot_mppi,13340,256,16,0,0,1,1,1,189,0.245733,0.186626,18.7414,0,0.793365,0.931649,0.182474,34.4876,38.1645,774144,0.2218,0.2463,0,0.182651,0,1,1
box_detour_turn,oi_face_rot_mppi,13347,256,16,0,0,1,1,1,91,0.0843878,0.227803,9.25969,0,0.761805,0.902177,0.174192,15.8515,17.3151,372736,0.2042,0.2503,0,0.174419,0,1,1
box_detour_turn,oi_face_rot_mppi,13354,256,16,0,0,1,1,1,111,0.23729,0.0949684,10.0467,0,0.627683,0.60535,0.18897,20.9757,23.4758,454656,0.244,0.2706,0,0.189285,0,1,1
box_detour_turn,oi_face_rot_mppi,13361,256,16,0,0,1,1,1,74,0.230602,0.139867,8.67736,0,0.685308,0.700479,0.209161,15.4779,17.9138,303104,0.2535,0.2741,0,0.209797,0,1,1
box_detour_turn,oi_face_rot_mppi,13368,256,16,0,0,1,1,1,70,0.234961,0.0313623,7.77588,0,0.711387,0.722535,0.265903,18.6132,21.9391,286720,0.3097,0.3394,0,0.266219,0,1,1
box_detour_turn,oi_face_rot_mppi,13375,256,16,0,0,1,1,1,129,0.24183,0.173579,14.541,0,0.706463,0.745676,0.210676,27.1772,30.7854,528384,0.2949,0.3427,0,0.210884,0,1,1
box_detour_turn,oi_face_rot_mppi,13382,256,16,0,0,1,1,1,70,0.249147,0.156641,6.26273,0,0.743168,0.930013,0.162763,11.3934,12.3194,286720,0.1994,0.2133,0,0.163017,0,1,1
box_detour_turn,oi_face_rot_mppi,13389,256,16,0,0,1,1,1,126,0.214606,0.166835,9.3239,0,0.63843,0.600821,0.210501,26.5231,30.1383,516096,0.2878,0.4267,0,0.210732,0,1,1
box_detour_turn,oi_face_rot_mppi,13396,256,16,0,0,1,1,1,78,0.249462,0.0470624,9.34645,0,0.746339,0.836821,0.176246,13.7472,14.8519,319488,0.2088,0.224,0,0.176455,0,1,1
box_detour_turn,oi_face_rot_mppi,13403,256,16,0,0,0,1,0,420,0.263074,0.0598496,11.5418,0,0.56958,0.519862,0.159104,66.8235,73.0243,1720320,0.1881,0.2347,0,0.159226,0,1,0
box_detour_turn,oi_face_rot_mppi,13410,256,16,0,0,1,1,1,126,0.234226,0.0889223,12.1942,0,0.59894,0.57014,0.209724,26.4252,30.6918,516096,0.2457,0.2539,0,0.210028,0,1,1
box_detour_turn,oi_face_rot_mppi,13417,256,16,0,0,1,1,1,123,0.24281,0.23489,10.3479,0,0.612442,0.582429,0.194307,23.8997,27.4113,503808,0.2395,0.2551,0,0.194646,0,1,1
box_detour_turn,oi_face_rot_mppi,13424,256,16,0,0,1,1,1,78,0.247055,0.0367076,7.83818,0,0.674795,0.630325,0.170664,13.3118,14.8219,319488,0.207,0.2227,0,0.170922,0,1,1
box_detour_turn,oi_face_rot_mppi,13431,256,16,0,0,1,1,1,80,0.103099,0.163455,8.04959,0,0.713289,0.740759,0.18635,14.908,16.8981,327680,0.2355,0.2758,0,0.186718,0,1,1
box_detour_turn,oi_face_rot_mppi,13438,256,16,0,0,1,1,1,81,0.211106,0.0217822,9.11327,0,0.584188,0.522429,0.207262,16.7882,19.1262,331776,0.2357,0.2532,0,0.207662,0,1,1
box_detour_turn,oi_face_rot_mppi,13445,256,16,0,0,1,1,1,126,0.249984,0.00133502,17.015,0,0.783496,0.853503,0.201797,25.4264,29.3231,516096,0.2356,0.2508,0,0.202093,0,1,1
box_detour_turn,oi_face_rot_mppi,13452,256,16,0,0,1,1,1,95,0.196383,0.242641,8.60079,0,0.740217,0.879,0.179441,17.0469,19.4139,389120,0.2052,0.2171,0,0.179761,0,1,1
box_detour_turn,oi_face_rot_mppi,13459,256,16,0,0,1,1,1,90,0.23456,0.122514,7.46072,0,0.585852,0.484299,0.190407,17.1366,19.5497,368640,0.2417,0.2518,0,0.19076,0,1,1
box_detour_turn,oi_face_rot_near_mppi,13256,256,16,0,0,1,1,1,105,0.216113,0.0275652,14.6076,0,0.899949,1.21142,0.214402,22.5122,25.7864,430080,0.2567,0.2912,0,0.214807,0,1,1
box_detour_turn,oi_face_rot_near_mppi,13263,256,16,0,0,1,1,1,92,0.202272,0.105619,10.8642,0,0.884524,1.15504,0.201327,18.5221,20.9829,376832,0.2749,0.4268,0,0.201709,0,1,1
box_detour_turn,oi_face_rot_near_mppi,13270,256,16,0,0,1,1,1,58,0.209841,0.0855314,6.27915,0,0.78649,1.0254,0.192116,11.1427,12.6188,237568,0.2355,0.2492,0,0.192586,0,1,1
box_detour_turn,oi_face_rot_near_mppi,13277,256,16,0,0,1,1,1,118,0.170725,0.248166,14.0718,0,0.844305,1.14512,0.217116,25.6197,29.3565,483328,0.2598,0.305,0,0.21748,0,1,1
box_detour_turn,oi_face_rot_near_mppi,13284,256,16,0,0,1,1,1,104,0.212862,0.197082,12.2516,0,0.984221,1.9066,0.199029,20.699,23.6222,425984,0.2432,0.2608,0,0.199441,0,1,1
box_detour_turn,oi_face_rot_near_mppi,13291,256,16,0,0,1,1,1,67,0.248264,0.104859,5.85122,0,0.804286,1.13649,0.193952,12.9948,14.8845,274432,0.2533,0.2878,0,0.194476,0,1,1
box_detour_turn,oi_face_rot_near_mppi,13298,256,16,0,0,1,1,1,233,0.153194,0.182053,17.6267,0,0.93877,1.64231,0.195653,45.5871,51.3867,954368,0.2597,0.3373,0,0.195858,0,1,1
box_detour_turn,oi_face_rot_near_mppi,13305,256,16,0,0,1,1,1,94,0.179547,0.0652221,9.2649,0,0.778351,0.973237,0.187525,17.6274,20.0517,385024,0.2187,0.2246,0,0.187825,0,1,1
box_detour_turn,oi_face_rot_near_mppi,13312,256,16,0,0,1,1,1,182,0.0935234,0.195412,11.6761,0,1.16529,2.70922,0.202561,36.8661,42.5943,745472,0.2458,0.3617,0,0.202812,0,1,1
box_detour_turn,oi_face_rot_near_mppi,13319,256,16,0,0,1,1,1,73,0.221537,0.153695,6.97605,0,0.702171,0.78696,0.169871,12.4006,13.5726,299008,0.1971,0.2105,0,0.170293,0,1,1
box_detour_turn,oi_face_rot_near_mppi,13326,256,16,0,0,1,1,1,80,0.177735,0.201794,8.46981,0,0.888542,1.28672,0.174683,13.9746,15.4468,327680,0.2206,0.2451,0,0.175039,0,1,1
box_detour_turn,oi_face_rot_near_mppi,13333,256,16,0,0,1,1,1,101,0.208415,0.00675327,9.57891,0,0.919119,1.5371,0.170281,17.1984,18.7935,413696,0.199,0.2206,0,0.170503,0,1,1
box_detour_turn,oi_face_rot_near_mppi,13340,256,16,0,0,1,1,1,134,0.194708,0.153534,15.7705,0,0.857518,1.21061,0.17866,23.9404,26.6412,548864,0.2476,0.2787,0,0.17889,0,1,1
box_detour_turn,oi_face_rot_near_mppi,13347,256,16,0,0,1,1,1,83,0.24714,0.018153,9.08234,0,0.925993,1.51129,0.173567,14.4061,15.8436,339968,0.215,0.2879,0,0.174034,0,1,1
box_detour_turn,oi_face_rot_near_mppi,13354,256,16,0,0,1,1,1,102,0.196773,0.14827,10.0962,0,0.776099,1.01604,0.187738,19.1493,21.5333,417792,0.2375,0.2783,0,0.188058,0,1,1
box_detour_turn,oi_face_rot_near_mppi,13361,256,16,0,0,1,1,1,80,0.200541,0.170164,8.76829,0,0.764615,0.897182,0.200606,16.0485,18.3617,327680,0.2376,0.2482,0,0.201023,0,1,1
box_detour_turn,oi_face_rot_near_mppi,13368,256,16,0,0,1,1,1,67,0.239129,0.161253,7.70186,0,0.743949,0.841542,0.240448,16.11,19.2423,274432,0.2859,0.3149,0,0.241072,0,1,1
box_detour_turn,oi_face_rot_near_mppi,13375,256,16,0,0,1,1,1,149,0.243943,0.187168,15.1962,0,0.808427,1.05135,0.195553,29.1374,32.7133,610304,0.2424,0.2807,0,0.195849,0,1,1
box_detour_turn,oi_face_rot_near_mppi,13382,256,16,0,0,1,1,1,69,0.188186,0.192256,6.23501,0,0.843096,1.20072,0.173236,11.9533,13.3135,282624,0.2063,0.2226,0,0.173568,0,1,1
box_detour_turn,oi_face_rot_near_mppi,13389,256,16,0,0,1,1,1,108,0.230487,0.224486,9.49692,0,0.856613,1.29007,0.178132,19.2383,21.0583,442368,0.2133,0.2638,0,0.178349,0,1,1
box_detour_turn,oi_face_rot_near_mppi,13396,256,16,0,0,1,1,1,71,0.231836,0.138166,9.25976,0,0.792622,0.961842,0.198827,14.1167,15.9303,290816,0.2391,0.2874,0,0.199238,0,1,1
box_detour_turn,oi_face_rot_near_mppi,13403,256,16,0,0,1,1,1,95,0.226681,0.15362,9.63436,0,0.794762,1.00757,0.1752,16.644,18.1486,389120,0.2183,0.2623,0,0.175454,0,1,1
box_detour_turn,oi_face_rot_near_mppi,13410,256,16,0,0,1,1,1,127,0.23924,0.168321,12.3476,0,0.758551,1.1206,0.178051,22.6125,25.0954,520192,0.2158,0.2288,0,0.178279,0,1,1
box_detour_turn,oi_face_rot_near_mppi,13417,256,16,0,0,1,1,1,89,0.243025,0.0664647,9.62358,0,0.76105,0.885052,0.168655,15.0103,16.4109,364544,0.1989,0.2106,0,0.16891,0,1,1
box_detour_turn,oi_face_rot_near_mppi,13424,256,16,0,0,1,1,1,107,0.115055,0.249799,8.33342,0,0.784882,1.06004,0.208429,22.3019,25.679,438272,0.2859,0.5113,0,0.208774,0,1,1
box_detour_turn,oi_face_rot_near_mppi,13431,256,16,0,0,1,1,1,82,0.243163,0.0863419,8.02745,0,0.831841,1.16665,0.191638,15.7143,17.8987,335872,0.2221,0.2549,0,0.19203,0,1,1
box_detour_turn,oi_face_rot_near_mppi,13438,256,16,0,0,1,1,1,79,0.22109,0.1296,9.07603,0,0.662234,0.695047,0.171773,13.5701,14.9668,323584,0.2118,0.2198,0,0.172081,0,1,1
box_detour_turn,oi_face_rot_near_mppi,13445,256,16,0,0,1,1,1,119,0.228897,0.0218262,16.908,0,0.80704,0.924527,0.178086,21.1922,23.2613,487424,0.2084,0.2675,0,0.178327,0,1,1
box_detour_turn,oi_face_rot_near_mppi,13452,256,16,0,0,1,1,1,109,0.225747,0.015724,8.79652,0,0.89118,1.49114,0.165453,18.0344,19.749,446464,0.2047,0.2277,0,0.16566,0,1,1
box_detour_turn,oi_face_rot_near_mppi,13459,256,16,0,0,1,1,1,93,0.150596,0.163745,7.55011,0,0.835639,1.23025,0.171148,15.9168,17.452,380928,0.2266,0.2612,0,0.171356,0,1,1
box_detour_turn,oi_face_rot_stall_mppi,13256,256,16,0,0,1,1,1,102,0.241775,0.106567,13.5194,0,0.992255,1.58875,0.186058,18.9779,20.5631,417792,0.2083,0.2531,0,0.186315,0,1,1
box_detour_turn,oi_face_rot_stall_mppi,13263,256,16,0,0,1,1,1,85,0.208035,0.139322,10.9174,0,0.798589,0.979524,0.246118,20.92,24.6108,348160,0.3413,0.4622,0,0.246391,0,1,1
box_detour_turn,oi_face_rot_stall_mppi,13270,256,16,0,0,1,1,1,58,0.249104,0.00685781,6.1916,0,0.802588,1.13301,0.169872,9.8526,10.6461,237568,0.2023,0.2063,0,0.170112,0,1,1
box_detour_turn,oi_face_rot_stall_mppi,13277,256,16,0,0,1,1,1,121,0.242504,0.211448,14.5603,0,0.981813,1.92427,0.175183,21.1972,22.9338,495616,0.2012,0.2633,0,0.175344,0,1,1
box_detour_turn,oi_face_rot_stall_mppi,13284,256,16,0,0,1,1,1,84,0.231173,0.0091759,11.3085,0,0.820016,1.09059,0.18832,15.8189,17.3601,344064,0.2166,0.2391,0,0.18871,0,1,1
box_detour_turn,oi_face_rot_stall_mppi,13291,256,16,0,0,1,1,1,65,0.222244,0.0226008,6.07071,0,0.937472,1.5661,0.164969,10.723,11.6814,266240,0.2044,0.2087,0,0.165252,0,1,1
box_detour_turn,oi_face_rot_stall_mppi,13298,256,16,0,0,1,1,1,112,0.232365,0.0754552,14.4148,0,0.846271,1.02123,0.175182,19.6204,21.2337,458752,0.2089,0.2346,0,0.175402,0,1,1
box_detour_turn,oi_face_rot_stall_mppi,13305,256,16,0,0,1,1,1,96,0.0640425,0.211824,9.80467,0,1.21256,2.87025,0.165424,15.8807,17.3089,393216,0.2032,0.223,0,0.165657,0,1,1
box_detour_turn,oi_face_rot_stall_mppi,13312,256,16,0,0,1,1,1,83,0.246576,0.235429,9.12494,0,0.878701,1.17499,0.175961,14.6048,15.8606,339968,0.2033,0.2323,0,0.17617,0,1,1
box_detour_turn,oi_face_rot_stall_mppi,13319,256,16,0,0,1,1,1,72,0.228056,0.134443,7.05472,0,0.747077,0.940149,0.188015,13.5371,15.5983,294912,0.2207,0.2503,0,0.188354,0,1,1
box_detour_turn,oi_face_rot_stall_mppi,13326,256,16,0,0,1,1,1,111,0.24749,0.0304275,9.04085,0,0.976794,1.68556,0.184398,20.4682,23.0628,454656,0.2165,0.2246,0,0.184625,0,1,1
box_detour_turn,oi_face_rot_stall_mppi,13333,256,16,0,0,1,1,1,81,0.248924,0.00757265,9.33288,0,0.939016,1.47846,0.183838,14.8909,16.8455,331776,0.2113,0.23,0,0.184125,0,1,1
box_detour_turn,oi_face_rot_stall_mppi,13340,256,16,0,0,1,1,1,130,0.156687,0.213412,14.2276,0,0.927264,1.64364,0.185222,24.0788,27.5036,532480,0.2151,0.2257,0,0.185422,0,1,1
box_detour_turn,oi_face_rot_stall_mppi,13347,256,16,0,0,1,1,1,70,0.241215,0.0420802,8.79029,0,0.896051,1.33253,0.179146,12.5402,13.9967,286720,0.2273,0.2348,0,0.179551,0,1,1
box_detour_turn,oi_face_rot_stall_mppi,13354,256,16,0,0,1,1,1,79,0.229791,0.203247,9.64117,0,0.907118,1.38395,0.190247,15.0295,17.1564,323584,0.2293,0.2532,0,0.190595,0,1,1
box_detour_turn,oi_face_rot_stall_mppi,13361,256,16,0,0,1,1,1,79,0.210687,0.163298,8.86773,0,0.718661,0.784875,0.193084,15.2536,17.3452,323584,0.2229,0.2243,0,0.193394,0,1,1
box_detour_turn,oi_face_rot_stall_mppi,13368,256,16,0,0,1,1,1,117,0.228358,0.0579903,8.99219,0,1.10703,2.63744,0.188195,22.0188,24.958,479232,0.2237,0.2261,0,0.188538,0,1,1
box_detour_turn,oi_face_rot_stall_mppi,13375,256,16,0,0,1,1,1,113,0.22858,0.155192,14.4223,0,0.768447,0.901903,0.211035,23.847,27.4855,462848,0.2417,1.0656,0,0.211361,0,1,1
box_detour_turn,oi_face_rot_stall_mppi,13382,256,16,0,0,1,1,1,66,0.246639,0.179216,6.78281,0,1.39846,3.65427,0.195108,12.8771,15.1328,270336,0.2234,0.2286,0,0.195629,0,1,1
box_detour_turn,oi_face_rot_stall_mppi,13389,256,16,0,0,1,1,1,75,0.230363,0.0417878,8.56648,0,0.848371,1.19506,0.190205,14.2654,16.2781,307200,0.2358,0.2623,0,0.190539,0,1,1
box_detour_turn,oi_face_rot_stall_mppi,13396,256,16,0,0,1,1,1,86,0.223039,0.00473827,10.3004,0,0.900939,1.18936,0.194198,16.701,19.0204,352256,0.2368,0.2864,0,0.194559,0,1,1
box_detour_turn,oi_face_rot_stall_mppi,13403,256,16,0,0,1,1,1,80,0.230303,0.195806,8.8557,0,0.848309,1.14583,0.194731,15.5785,18.2605,327680,0.2267,0.2463,0,0.19509,0,1,1
box_detour_turn,oi_face_rot_stall_mppi,13410,256,16,0,0,1,1,1,90,0.245863,0.234321,11.091,0,0.771101,0.975622,0.212067,19.086,21.9578,368640,0.3601,0.7825,0,0.212519,0,1,1
box_detour_turn,oi_face_rot_stall_mppi,13417,256,16,0,0,1,1,1,91,0.232625,0.163602,9.55616,0,0.911562,1.41192,0.180211,16.3992,18.1453,372736,0.212,0.2348,0,0.180483,0,1,1
box_detour_turn,oi_face_rot_stall_mppi,13424,256,16,0,0,1,1,1,76,0.249572,0.0426739,7.97468,0,0.831751,1.11568,0.191084,14.5224,16.8069,311296,0.2211,0.2307,0,0.191403,0,1,1
box_detour_turn,oi_face_rot_stall_mppi,13431,256,16,0,0,1,1,1,76,0.241407,0.13532,8.10804,0,0.784961,0.948453,0.189005,14.3644,16.2811,311296,0.2284,0.2386,0,0.189407,0,1,1
box_detour_turn,oi_face_rot_stall_mppi,13438,256,16,0,0,1,1,1,82,0.210052,0.147894,9.15954,0,0.672943,0.774178,0.193694,15.8829,17.8228,335872,0.2308,0.2435,0,0.194077,0,1,1
box_detour_turn,oi_face_rot_stall_mppi,13445,256,16,0,0,1,1,1,114,0.17981,0.142892,16.6584,0,0.756207,0.855257,0.188453,21.4836,23.7424,466944,0.2236,0.2331,0,0.188704,0,1,1
box_detour_turn,oi_face_rot_stall_mppi,13452,256,16,0,0,1,1,1,76,0.206182,0.227194,8.16961,0,0.9292,1.38355,0.205067,15.5851,17.9171,311296,0.2314,0.254,0,0.205741,0,1,1
box_detour_turn,oi_face_rot_stall_mppi,13459,256,16,0,0,1,1,1,88,0.205695,0.247828,6.98033,0,0.873275,1.22383,0.232528,20.4625,24.4725,360448,0.3402,0.3801,0,0.232992,0,1,1
box_detour_turn,oi_face_rot_wide_mppi,13256,256,16,0,0,1,1,1,102,0.241775,0.106567,13.5194,0,0.992255,1.58875,0.249756,25.4751,29.9494,417792,0.3296,0.3523,0,0.250092,0,1,1
box_detour_turn,oi_face_rot_wide_mppi,13263,256,16,0,0,1,1,1,85,0.208035,0.139322,10.9174,0,0.798589,0.979524,0.18672,15.8712,17.6534,348160,0.2323,0.2404,0,0.187002,0,1,1
box_detour_turn,oi_face_rot_wide_mppi,13270,256,16,0,0,1,1,1,58,0.249104,0.00685781,6.1916,0,0.802588,1.13301,0.193288,11.2107,12.7339,237568,0.2252,0.2418,0,0.193679,0,1,1
box_detour_turn,oi_face_rot_wide_mppi,13277,256,16,0,0,1,1,1,121,0.242504,0.211448,14.5603,0,0.981813,1.92427,0.208078,25.1775,28.6009,495616,0.2458,0.3124,0,0.208382,0,1,1
box_detour_turn,oi_face_rot_wide_mppi,13284,256,16,0,0,1,1,1,84,0.231173,0.0091759,11.3085,0,0.820016,1.09059,0.203501,17.0941,19.2043,344064,0.2439,0.2505,0,0.203833,0,1,1
box_detour_turn,oi_face_rot_wide_mppi,13291,256,16,0,0,1,1,1,65,0.222244,0.0226008,6.07071,0,0.937472,1.5661,0.197463,12.8351,14.4753,266240,0.2344,0.2654,0,0.197963,0,1,1
box_detour_turn,oi_face_rot_wide_mppi,13298,256,16,0,0,1,1,1,112,0.232365,0.0754552,14.4148,0,0.846271,1.02123,0.207309,23.2186,26.2839,458752,0.2426,0.5,0,0.207649,0,1,1
box_detour_turn,oi_face_rot_wide_mppi,13305,256,16,0,0,1,1,1,96,0.0640425,0.211824,9.80467,0,1.21256,2.87025,0.191353,18.3699,20.8866,393216,0.2139,0.5246,0,0.191708,0,1,1
box_detour_turn,oi_face_rot_wide_mppi,13312,256,16,0,0,1,1,1,83,0.246576,0.235429,9.12494,0,0.878701,1.17499,0.198528,16.4778,18.7461,339968,0.228,0.2385,0,0.198929,0,1,1
box_detour_turn,oi_face_rot_wide_mppi,13319,256,16,0,0,1,1,1,72,0.228056,0.134443,7.05472,0,0.747077,0.940149,0.192932,13.8911,15.7414,294912,0.2256,0.239,0,0.193338,0,1,1
box_detour_turn,oi_face_rot_wide_mppi,13326,256,16,0,0,1,1,1,111,0.24749,0.0304275,9.04085,0,0.976794,1.68556,0.189971,21.0868,24.3024,454656,0.2198,0.2317,0,0.190345,0,1,1
box_detour_turn,oi_face_rot_wide_mppi,13333,256,16,0,0,1,1,1,81,0.248924,0.00757265,9.33288,0,0.939016,1.47846,0.180386,14.6113,16.2595,331776,0.2144,0.2452,0,0.1807,0,1,1
box_detour_turn,oi_face_rot_wide_mppi,13340,256,16,0,0,1,1,1,130,0.156687,0.213412,14.2276,0,0.927264,1.64364,0.200777,26.101,30.2143,532480,0.2319,0.312,0,0.201075,0,1,1
box_detour_turn,oi_face_rot_wide_mppi,13347,256,16,0,0,1,1,1,70,0.241215,0.0420802,8.79029,0,0.896051,1.33253,0.200577,14.0404,16.3553,286720,0.2341,0.2585,0,0.201009,0,1,1
box_detour_turn,oi_face_rot_wide_mppi,13354,256,16,0,0,1,1,1,79,0.229791,0.203247,9.64117,0,0.907118,1.38395,0.200405,15.832,17.8516,323584,0.235,0.2891,0,0.200779,0,1,1
box_detour_turn,oi_face_rot_wide_mppi,13361,256,16,0,0,1,1,1,79,0.210687,0.163298,8.86773,0,0.718661,0.784875,0.195932,15.4786,17.719,323584,0.2291,0.2691,0,0.196341,0,1,1
box_detour_turn,oi_face_rot_wide_mppi,13368,256,16,0,0,1,1,1,117,0.228358,0.0579903,8.99219,0,1.10703,2.63744,0.19844,23.2175,26.6377,479232,0.2288,0.3984,0,0.198783,0,1,1
box_detour_turn,oi_face_rot_wide_mppi,13375,256,16,0,0,1,1,1,113,0.22858,0.155192,14.4223,0,0.768447,0.901903,0.200096,22.6109,25.9351,462848,0.2515,0.2801,0,0.200442,0,1,1
box_detour_turn,oi_face_rot_wide_mppi,13382,256,16,0,0,1,1,1,66,0.246639,0.179216,6.78281,0,1.39846,3.65427,0.193827,12.7926,14.443,270336,0.2329,0.2387,0,0.194277,0,1,1
box_detour_turn,oi_face_rot_wide_mppi,13389,256,16,0,0,1,1,1,75,0.230363,0.0417878,8.56648,0,0.848371,1.19506,0.193556,14.5167,16.7317,307200,0.2286,0.2466,0,0.193888,0,1,1
box_detour_turn,oi_face_rot_wide_mppi,13396,256,16,0,0,1,1,1,86,0.223039,0.00473827,10.3004,0,0.900939,1.18936,0.2032,17.4752,20.2913,352256,0.2426,0.2666,0,0.20353,0,1,1
box_detour_turn,oi_face_rot_wide_mppi,13403,256,16,0,0,1,1,1,80,0.230303,0.195806,8.8557,0,0.848309,1.14583,0.193531,15.4825,18.0009,327680,0.2255,0.2665,0,0.193824,0,1,1
box_detour_turn,oi_face_rot_wide_mppi,13410,256,16,0,0,1,1,1,90,0.245863,0.234321,11.091,0,0.771101,0.975622,0.193108,17.3797,19.7047,368640,0.2327,0.2563,0,0.193398,0,1,1
box_detour_turn,oi_face_rot_wide_mppi,13417,256,16,0,0,1,1,1,91,0.232625,0.163602,9.55616,0,0.911562,1.41192,0.193517,17.61,20.0981,372736,0.2244,0.2296,0,0.193795,0,1,1
box_detour_turn,oi_face_rot_wide_mppi,13424,256,16,0,0,1,1,1,76,0.249572,0.0426739,7.97468,0,0.831751,1.11568,0.188843,14.3521,16.2232,311296,0.2221,0.2386,0,0.189138,0,1,1
box_detour_turn,oi_face_rot_wide_mppi,13431,256,16,0,0,1,1,1,76,0.241407,0.13532,8.10804,0,0.784961,0.948453,0.194922,14.8141,16.5917,311296,0.228,0.2297,0,0.195243,0,1,1
box_detour_turn,oi_face_rot_wide_mppi,13438,256,16,0,0,1,1,1,82,0.210052,0.147894,9.15954,0,0.672943,0.774178,0.198466,16.2742,18.6314,335872,0.2341,0.2481,0,0.198804,0,1,1
box_detour_turn,oi_face_rot_wide_mppi,13445,256,16,0,0,1,1,1,114,0.17981,0.142892,16.6584,0,0.756207,0.855257,0.199931,22.7921,26.121,466944,0.2341,0.2385,0,0.200211,0,1,1
box_detour_turn,oi_face_rot_wide_mppi,13452,256,16,0,0,1,1,1,76,0.206182,0.227194,8.16961,0,0.9292,1.38355,0.191241,14.5343,16.7495,311296,0.2203,0.2323,0,0.191543,0,1,1
box_detour_turn,oi_face_rot_wide_mppi,13459,256,16,0,0,1,1,1,88,0.205695,0.247828,6.98033,0,0.873275,1.22383,0.196951,17.3317,19.6985,360448,0.2288,0.2408,0,0.197258,0,1,1
box_detour_turn90,oi_face_rot_mppi,13456,256,16,0,0,1,1,1,86,0.191583,0.159008,8.91031,0,0.684569,0.643868,0.192263,16.5346,18.8398,352256,0.2335,0.2596,0,0.192573,0,1,1
box_detour_turn90,oi_face_rot_mppi,13463,256,16,0,0,1,1,1,128,0.240958,0.00306237,17.8063,0,0.822655,1.06404,0.177432,22.7113,24.9322,524288,0.212,0.2671,0,0.177645,0,1,1
box_detour_turn90,oi_face_rot_mppi,13470,256,16,0,0,1,1,1,65,0.21993,0.0722255,9.0806,0,0.940275,1.30718,0.171952,11.1769,12.1685,266240,0.208,0.2096,0,0.172249,0,1,1
box_detour_turn90,oi_face_rot_mppi,13477,256,16,0,0,1,1,1,121,0.233689,0.0746834,11.8675,0,0.850754,1.21648,0.167354,20.2498,22.1385,495616,0.1978,0.2046,0,0.167585,0,1,1
box_detour_turn90,oi_face_rot_mppi,13484,256,16,0,0,1,1,1,193,0.205175,0.205938,29.2857,0,0.951619,1.40118,0.17239,33.2713,36.1189,790528,0.2055,0.2109,0,0.172545,0,1,1
box_detour_turn90,oi_face_rot_mppi,13491,256,16,0,0,0,1,0,420,1.98738,0.129365,123.557,0,0.550954,0.542003,0.167653,70.4143,77.9981,1720320,0.1925,0.2336,0,0.167789,0,1,0
box_detour_turn90,oi_face_rot_mppi,13498,256,16,0,0,1,1,1,115,0.242414,0.016117,19.3554,0,0.99148,1.48346,0.196025,22.5429,25.9428,471040,0.2225,0.2328,0,0.196321,0,1,1
box_detour_turn90,oi_face_rot_mppi,13505,256,16,0,0,1,1,1,224,0.234703,0.225374,24.0975,0,0.829876,1.07047,0.181686,40.6976,45.5677,917504,0.2224,0.2602,0,0.181883,0,1,1
box_detour_turn90,oi_face_rot_mppi,13512,256,16,0,0,1,1,1,98,0.123775,0.171726,9.34349,0,0.763395,0.895544,0.183853,18.0176,20.2625,401408,0.208,0.2253,0,0.18412,0,1,1
box_detour_turn90,oi_face_rot_mppi,13519,256,16,0,0,0,1,0,420,1.03838,0.548842,48.0482,0,0.705211,0.914541,0.169009,70.9837,78.9746,1720320,0.2079,0.2899,0,0.169176,0,1,0
box_detour_turn90,oi_face_rot_mppi,13526,256,16,0,0,1,1,1,93,0.246709,0.209159,12.7347,0,0.925245,1.21125,0.191706,17.8287,19.7611,380928,0.224,0.2395,0,0.191957,0,1,1
box_detour_turn90,oi_face_rot_mppi,13533,256,16,0,0,1,1,1,81,0.205547,0.115468,9.93185,0,0.853371,1.22072,0.187611,15.1965,17.0625,331776,0.2152,0.267,0,0.187925,0,1,1
box_detour_turn90,oi_face_rot_mppi,13540,256,16,0,0,1,1,1,142,0.24871,0.0776603,10.0063,0,0.637608,0.727727,0.182085,25.8561,29.3051,581632,0.2124,0.3981,0,0.182371,0,1,1
box_detour_turn90,oi_face_rot_mppi,13547,256,16,0,0,1,1,1,89,0.215576,0.213291,11.2299,0,0.668276,0.722568,0.265392,23.6199,28.0489,364544,0.3474,0.7064,0,0.265746,0,1,1
box_detour_turn90,oi_face_rot_mppi,13554,256,16,0,0,1,1,1,67,0.236536,0.060832,9.11717,0,0.860587,1.00283,0.197554,13.2361,15.0029,274432,0.2312,0.2404,0,0.197933,0,1,1
box_detour_turn90,oi_face_rot_mppi,13561,256,16,0,0,1,1,1,142,0.179029,0.2345,17.8691,0,0.838624,1.07237,0.237601,33.7393,37.7739,581632,0.2604,4.8806,0,0.237884,0,1,1
box_detour_turn90,oi_face_rot_mppi,13568,256,16,0,0,1,1,1,99,0.22493,0.141278,13.2478,0,0.807228,1.02738,0.212761,21.0633,23.8483,405504,0.3454,0.3836,0,0.213102,0,1,1
box_detour_turn90,oi_face_rot_mppi,13575,256,16,0,0,1,1,1,88,0.230869,0.161008,13.5638,0,0.854641,0.986722,0.214972,18.9175,21.4562,360448,0.2702,0.3621,0,0.215279,0,1,1
box_detour_turn90,oi_face_rot_mppi,13582,256,16,0,0,1,1,1,87,0.242361,0.0568846,11.2566,0,0.861679,1.17661,0.194078,16.8848,19.2265,356352,0.2248,0.2276,0,0.194386,0,1,1
box_detour_turn90,oi_face_rot_mppi,13589,256,16,0,0,1,1,1,149,0.212522,0.230456,20.7822,0,0.792107,1.02797,0.198933,29.641,33.8914,610304,0.2599,0.3681,0,0.199215,0,1,1
box_detour_turn90,oi_face_rot_mppi,13596,256,16,0,0,1,1,1,134,0.226373,0.225148,13.7367,0,0.78178,1.04634,0.206659,27.6923,31.7399,548864,0.2679,0.4498,0,0.206996,0,1,1
box_detour_turn90,oi_face_rot_mppi,13603,256,16,0,0,1,1,1,198,0.218751,0.00565684,21.6541,0,0.749797,0.866,0.191666,37.9499,42.9413,811008,0.2597,0.3872,0,0.191904,0,1,1
box_detour_turn90,oi_face_rot_mppi,13610,256,16,0,0,1,1,1,134,0.207603,0.183333,14.47,0,0.793962,0.89967,0.192839,25.8404,29.5613,548864,0.2685,0.3514,0,0.193164,0,1,1
box_detour_turn90,oi_face_rot_mppi,13617,256,16,0,0,1,1,1,86,0.242898,0.150572,10.4399,0,0.813234,0.95564,0.202292,17.3971,20.3427,352256,0.2462,0.3202,0,0.202729,0,1,1
box_detour_turn90,oi_face_rot_mppi,13624,256,16,0,0,1,1,1,98,0.244367,0.162481,10.3552,0,0.773686,0.967968,0.2016,19.7568,22.8887,401408,0.2919,0.3824,0,0.201954,0,1,1
box_detour_turn90,oi_face_rot_mppi,13631,256,16,0,0,1,1,1,119,0.232161,0.0467548,13.9903,0,0.795249,0.975852,0.212237,25.2562,29.2042,487424,0.2908,0.4122,0,0.212583,0,1,1
box_detour_turn90,oi_face_rot_mppi,13638,256,16,0,0,1,1,1,102,0.236726,0.0788175,11.7047,0,0.80745,1.05086,0.206802,21.0938,23.954,417792,0.2869,0.3467,0,0.207221,0,1,1
box_detour_turn90,oi_face_rot_mppi,13645,256,16,0,0,1,1,1,95,0.235883,0.111586,14.9225,0,0.915725,1.29134,0.216979,20.613,22.9523,389120,0.2994,0.3459,0,0.217401,0,1,1
box_detour_turn90,oi_face_rot_mppi,13652,256,16,0,0,1,1,1,74,0.237601,0.171924,10.7861,0,0.872059,1.08532,0.209827,15.5272,17.5188,303104,0.2983,0.3214,0,0.210254,0,1,1
box_detour_turn90,oi_face_rot_mppi,13659,256,16,0,0,1,1,1,95,0.243845,0.0303372,13.5392,0,0.845607,1.04266,0.207261,19.6898,22.3915,389120,0.2777,0.3029,0,0.207663,0,1,1
box_detour_turn90,oi_face_rot_near_mppi,13456,256,16,0,0,1,1,1,71,0.215199,0.0832884,8.76574,0,0.943564,1.27328,0.212537,15.0901,17.1885,290816,0.2825,0.5764,0,0.213059,0,1,1
box_detour_turn90,oi_face_rot_near_mppi,13463,256,16,0,0,1,1,1,110,0.048564,0.222424,17.4249,0,0.968279,1.43362,0.20123,22.1353,25.1519,450560,0.2417,0.6529,0,0.201718,0,1,1
box_detour_turn90,oi_face_rot_near_mppi,13470,256,16,0,0,1,1,1,109,0.241747,0.099483,10.4239,0,1.04457,1.83403,0.20346,22.1771,25.7299,446464,0.2759,0.3117,0,0.203823,0,1,1
box_detour_turn90,oi_face_rot_near_mppi,13477,256,16,0,0,1,1,1,88,0.217371,0.23047,11.4279,0,1.23713,2.59242,0.209996,18.4796,21.4136,360448,0.2832,0.3263,0,0.210527,0,1,1
box_detour_turn90,oi_face_rot_near_mppi,13484,256,16,0,0,1,1,1,167,0.240227,0.232118,27.3782,0,1.03725,1.63297,0.213478,35.6508,41.2231,684032,0.3045,0.7015,0,0.213756,0,1,1
box_detour_turn90,oi_face_rot_near_mppi,13491,256,16,0,0,0,1,0,420,1.98738,0.129365,123.557,0,0.550954,0.542003,0.182237,76.5397,85.6355,1720320,0.2623,1.4246,0,0.182393,0,1,0
box_detour_turn90,oi_face_rot_near_mppi,13498,256,16,0,0,1,1,1,113,0.235452,0.113402,19.261,0,1.11543,1.96495,0.210511,23.7877,26.9103,462848,0.2873,0.5626,0,0.210843,0,1,1
box_detour_turn90,oi_face_rot_near_mppi,13505,256,16,0,0,1,1,1,275,0.214792,0.160139,27.7239,0,0.848047,1.28736,0.184634,50.7745,55.6146,1126400,0.2587,0.3192,0,0.184789,0,1,1
box_detour_turn90,oi_face_rot_near_mppi,13512,256,16,0,0,1,1,1,67,0.249034,0.166559,8.63426,0,0.953321,1.45059,0.18591,12.456,13.6354,274432,0.2524,0.2877,0,0.186237,0,1,1
box_detour_turn90,oi_face_rot_near_mppi,13519,256,16,0,0,0,1,0,420,1.03838,0.548842,48.0482,0,0.705211,0.914541,0.185811,78.0407,88.296,1720320,0.2585,0.3342,0,0.185988,0,1,0
box_detour_turn90,oi_face_rot_near_mppi,13526,256,16,0,0,1,1,1,150,0.244128,0.139137,14.0849,0,0.990146,1.61415,0.20449,30.6735,34.8299,614400,0.2888,0.3535,0,0.204821,0,1,1
box_detour_turn90,oi_face_rot_near_mppi,13533,256,16,0,0,1,1,1,85,0.229726,0.0407326,10.0641,0,0.941931,1.48883,0.178645,15.1848,16.9134,348160,0.2498,0.2995,0,0.178965,0,1,1
box_detour_turn90,oi_face_rot_near_mppi,13540,256,16,0,0,1,1,1,82,0.105197,0.190835,9.18923,0,0.934975,1.4978,0.169167,13.8717,15.2742,335872,0.2051,0.2766,0,0.169461,0,1,1
box_detour_turn90,oi_face_rot_near_mppi,13547,256,16,0,0,1,1,1,88,0.225806,0.0950831,11.3015,0,0.811413,1.07135,0.189539,16.6794,18.3742,360448,0.3063,0.3483,0,0.189826,0,1,1
box_detour_turn90,oi_face_rot_near_mppi,13554,256,16,0,0,1,1,1,75,0.0402639,0.23649,9.11378,0,0.835427,1.02383,0.188773,14.158,15.7474,307200,0.2609,0.3057,0,0.189071,0,1,1
box_detour_turn90,oi_face_rot_near_mppi,13561,256,16,0,0,1,1,1,99,0.197436,0.228024,16.9632,0,1.04336,1.5858,0.189466,18.7571,20.4207,405504,0.2794,0.3364,0,0.1897,0,1,1
box_detour_turn90,oi_face_rot_near_mppi,13568,256,16,0,0,1,1,1,89,0.246208,0.0343112,13.038,0,0.935713,1.31741,0.187283,16.6682,18.9472,364544,0.2355,0.2882,0,0.187537,0,1,1
box_detour_turn90,oi_face_rot_near_mppi,13575,256,16,0,0,1,1,1,111,0.209397,0.216165,13.909,0,0.959874,1.55333,0.185009,20.536,22.2321,454656,0.2563,0.3214,0,0.185229,0,1,1
box_detour_turn90,oi_face_rot_near_mppi,13582,256,16,0,0,1,1,1,83,0.213958,0.224677,11.2368,0,1.03665,1.56794,0.18329,15.2131,16.553,339968,0.2362,0.309,0,0.183557,0,1,1
box_detour_turn90,oi_face_rot_near_mppi,13589,256,16,0,0,1,1,1,139,0.147376,0.236437,18.642,0,0.80684,1.1026,0.182722,25.3984,28.0731,569344,0.269,0.3148,0,0.182929,0,1,1
box_detour_turn90,oi_face_rot_near_mppi,13596,256,16,0,0,1,1,1,85,0.19414,0.212045,12.9713,0,1.037,1.65433,0.19294,16.3999,17.9447,348160,0.2874,0.3313,0,0.193196,0,1,1
box_detour_turn90,oi_face_rot_near_mppi,13603,256,16,0,0,1,1,1,165,0.126412,0.208544,21.2338,0,1.08834,2.49772,0.186076,30.7026,34.088,675840,0.2578,0.3361,0,0.186272,0,1,1
box_detour_turn90,oi_face_rot_near_mppi,13610,256,16,0,0,1,1,1,110,0.238647,0.0598243,13.9828,0,0.859256,1.09799,0.186749,20.5424,23.1447,450560,0.2559,0.3246,0,0.187045,0,1,1
box_detour_turn90,oi_face_rot_near_mppi,13617,256,16,0,0,1,1,1,90,0.246316,0.134798,10.7346,0,0.918523,1.2274,0.198794,17.8915,19.4472,368640,0.2617,1.4567,0,0.199024,0,1,1
box_detour_turn90,oi_face_rot_near_mppi,13624,256,16,0,0,1,1,1,89,0.19376,0.144722,10.5488,0,0.971495,1.3904,0.172589,15.3604,16.6803,364544,0.2094,0.3554,0,0.172811,0,1,1
box_detour_turn90,oi_face_rot_near_mppi,13631,256,16,0,0,1,1,1,93,0.0583061,0.11528,13.9301,0,1.00301,1.59878,0.194449,18.0838,19.9731,380928,0.2563,0.2924,0,0.19466,0,1,1
box_detour_turn90,oi_face_rot_near_mppi,13638,256,16,0,0,1,1,1,99,0.241077,0.0789136,11.636,0,0.952991,1.44024,0.186006,18.4146,20.1893,405504,0.2784,0.3102,0,0.186303,0,1,1
box_detour_turn90,oi_face_rot_near_mppi,13645,256,16,0,0,1,1,1,106,0.228073,0.0586597,15.0265,0,0.94287,1.50876,0.212826,22.5596,25.4025,434176,0.2626,0.3076,0,0.213143,0,1,1
box_detour_turn90,oi_face_rot_near_mppi,13652,256,16,0,0,1,1,1,77,0.146455,0.183048,10.7447,0,0.817332,0.997402,0.208309,16.0398,18.1697,315392,0.269,0.3109,0,0.208717,0,1,1
box_detour_turn90,oi_face_rot_near_mppi,13659,256,16,0,0,1,1,1,126,0.196927,0.203826,14.2985,0,0.950165,1.67276,0.202858,25.5601,28.8588,516096,0.2693,1.0036,0,0.203107,0,1,1
box_detour_turn90,oi_face_rot_stall_mppi,13456,256,16,0,0,1,1,1,63,0.229308,0.101718,8.3969,0,0.952728,1.39229,0.202717,12.7712,14.3088,258048,0.2859,0.3211,0,0.203135,0,1,1
box_detour_turn90,oi_face_rot_stall_mppi,13463,256,16,0,0,1,1,1,124,0.236654,0.142104,17.786,0,1.01178,1.72452,0.190115,23.5743,26.0079,507904,0.2597,0.3202,0,0.190373,0,1,1
box_detour_turn90,oi_face_rot_stall_mppi,13470,256,16,0,0,1,1,1,110,0.0223716,0.194007,13.0952,0,1.30724,2.72683,0.189112,20.8023,23.4183,450560,0.2582,0.3624,0,0.189332,0,1,1
box_detour_turn90,oi_face_rot_stall_mppi,13477,256,16,0,0,1,1,1,126,0.149077,0.204159,12.024,0,1.01214,1.80687,0.177386,22.3506,24.6754,516096,0.2667,0.3673,0,0.177648,0,1,1
box_detour_turn90,oi_face_rot_stall_mppi,13484,256,16,0,0,1,1,1,176,0.170502,0.09772,26.2545,0,0.970083,1.57892,0.197297,34.7242,38.7835,720896,0.2727,0.3159,0,0.197616,0,1,1
box_detour_turn90,oi_face_rot_stall_mppi,13491,256,16,0,0,0,1,0,420,1.99735,0.223577,124.652,0,0.428089,0.442229,0.187445,78.7267,88.9053,1720320,0.2666,0.3132,0,0.187599,0,1,0
box_detour_turn90,oi_face_rot_stall_mppi,13498,256,16,0,0,1,1,1,93,0.0165531,0.219573,18.7395,0,1.01516,1.63773,0.197604,18.3772,20.0543,380928,0.2999,0.3523,0,0.197848,0,1,1
box_detour_turn90,oi_face_rot_stall_mppi,13505,256,16,0,0,1,1,1,88,0.229686,0.0447458,14.9163,0,0.923244,1.34351,0.208244,18.3255,20.2123,360448,0.3035,0.3521,0,0.20853,0,1,1
box_detour_turn90,oi_face_rot_stall_mppi,13512,256,16,0,0,1,1,1,67,0.230412,0.103576,8.36571,0,0.81818,1.07666,0.209019,14.0043,15.8388,274432,0.2976,0.3783,0,0.209421,0,1,1
box_detour_turn90,oi_face_rot_stall_mppi,13519,256,16,0,0,0,1,0,420,1.03838,0.548842,48.3916,0,2.25346,6.85586,0.187742,78.8515,89.9666,1720320,0.2612,0.3306,0,0.187894,0,1,0
box_detour_turn90,oi_face_rot_stall_mppi,13526,256,16,0,0,1,1,1,94,0.216325,0.156148,12.8515,0,1.05304,1.60667,0.212284,19.9547,22.6965,385024,0.2881,0.3619,0,0.212577,0,1,1
box_detour_turn90,oi_face_rot_stall_mppi,13533,256,16,0,0,1,1,1,85,0.15458,0.22121,12.0367,0,1.21207,2.9799,0.199019,16.9166,19.0866,348160,0.2577,0.2728,0,0.19936,0,1,1
box_detour_turn90,oi_face_rot_stall_mppi,13540,256,16,0,0,1,1,1,123,0.210999,0.247568,10.3849,0,0.982439,1.75155,0.201596,24.7963,28.0097,503808,0.287,0.2983,0,0.201832,0,1,1
box_detour_turn90,oi_face_rot_stall_mppi,13547,256,16,0,0,1,1,1,91,0.221967,0.139727,12.7623,0,0.842469,1.28254,0.176642,16.0744,17.4805,372736,0.2223,0.2779,0,0.176867,0,1,1
box_detour_turn90,oi_face_rot_stall_mppi,13554,256,16,0,0,1,1,1,121,0.2473,0.0219966,12.9489,0,1.17377,2.43703,0.17916,21.6784,23.6827,495616,0.2636,0.3234,0,0.179429,0,1,1
box_detour_turn90,oi_face_rot_stall_mppi,13561,256,16,0,0,1,1,1,89,0.224347,0.0824047,16.7742,0,1.06111,1.61822,0.176346,15.6948,17.0661,364544,0.2072,0.2311,0,0.176604,0,1,1
box_detour_turn90,oi_face_rot_stall_mppi,13568,256,16,0,0,1,1,1,115,0.228007,0.104573,14.6461,0,1.01487,1.62982,0.179935,20.6925,22.4018,471040,0.2847,0.3411,0,0.180242,0,1,1
box_detour_turn90,oi_face_rot_stall_mppi,13575,256,16,0,0,1,1,1,77,0.161958,0.229262,13.3471,0,0.907765,1.20511,0.218423,16.8186,19.0416,315392,0.2847,0.316,0,0.218775,0,1,1
box_detour_turn90,oi_face_rot_stall_mppi,13582,256,16,0,0,1,1,1,111,0.246017,0.0422845,11.6193,0,0.980852,1.69572,0.197532,21.9261,25.0324,454656,0.2729,0.3533,0,0.197799,0,1,1
box_detour_turn90,oi_face_rot_stall_mppi,13589,256,16,0,0,1,1,1,130,0.213952,0.216208,17.4395,0,0.949124,1.45742,0.188924,24.5601,27.0261,532480,0.2719,0.3397,0,0.189132,0,1,1
box_detour_turn90,oi_face_rot_stall_mppi,13596,256,16,0,0,1,1,1,93,0.218462,0.0378345,13.0463,0,0.939505,1.55792,0.200728,18.6677,21.1028,380928,0.2389,0.2677,0,0.201095,0,1,1
box_detour_turn90,oi_face_rot_stall_mppi,13603,256,16,0,0,1,1,1,110,0.239481,0.225874,15.4766,0,0.665522,0.732371,0.203883,22.4271,25.4294,450560,0.2673,0.3455,0,0.204214,0,1,1
box_detour_turn90,oi_face_rot_stall_mppi,13610,256,16,0,0,1,1,1,123,0.200729,0.0872464,14.1757,0,0.936567,1.49607,0.204254,25.1232,28.4738,503808,0.2982,0.351,0,0.204495,0,1,1
box_detour_turn90,oi_face_rot_stall_mppi,13617,256,16,0,0,1,1,1,96,0.211352,0.13618,11.2685,0,0.992572,1.48576,0.183377,17.6042,19.6251,393216,0.2527,0.3055,0,0.18368,0,1,1
box_detour_turn90,oi_face_rot_stall_mppi,13624,256,16,0,0,1,1,1,73,0.242306,0.00534594,10.0244,0,0.851717,1.13464,0.195122,14.2439,15.9959,299008,0.2662,0.3168,0,0.195489,0,1,1
box_detour_turn90,oi_face_rot_stall_mppi,13631,256,16,0,0,1,1,1,80,0.244439,0.249346,13.4677,0,0.909829,1.33703,0.20034,16.0272,17.8046,327680,0.2655,0.3123,0,0.200679,0,1,1
box_detour_turn90,oi_face_rot_stall_mppi,13638,256,16,0,0,1,1,1,106,0.240483,0.0481572,13.2285,0,1.08266,2.17952,0.183491,19.45,21.1053,434176,0.2594,0.3053,0,0.183678,0,1,1
box_detour_turn90,oi_face_rot_stall_mppi,13645,256,16,0,0,1,1,1,164,0.237158,0.241668,15.3693,0,1.04583,1.93958,0.18913,31.0173,34.1443,671744,0.251,0.3176,0,0.189331,0,1,1
box_detour_turn90,oi_face_rot_stall_mppi,13652,256,16,0,0,1,1,1,241,0.24716,0.0961104,29.0916,0,1.46359,3.88018,0.196483,47.3525,53.6398,987136,0.2645,0.3287,0,0.196744,0,1,1
box_detour_turn90,oi_face_rot_stall_mppi,13659,256,16,0,0,1,1,1,90,0.228708,0.0620912,13.4299,0,0.928015,1.39769,0.213237,19.1913,21.6319,368640,0.3018,0.327,0,0.213568,0,1,1
box_detour_turn90,oi_face_rot_wide_mppi,13456,256,16,0,0,1,1,1,63,0.229308,0.101718,8.3969,0,0.952728,1.39229,0.198419,12.5004,13.9052,258048,0.2671,0.296,0,0.198733,0,1,1
box_detour_turn90,oi_face_rot_wide_mppi,13463,256,16,0,0,1,1,1,124,0.236654,0.142104,17.786,0,1.01178,1.72452,0.196303,24.3416,27.5907,507904,0.2637,0.334,0,0.19659,0,1,1
box_detour_turn90,oi_face_rot_wide_mppi,13470,256,16,0,0,1,1,1,110,0.0223716,0.194007,13.0952,0,1.30724,2.72683,0.198688,21.8557,24.4695,450560,0.2709,0.3319,0,0.198981,0,1,1
box_detour_turn90,oi_face_rot_wide_mppi,13477,256,16,0,0,1,1,1,126,0.149077,0.204159,12.024,0,1.01214,1.80687,0.175028,22.0535,23.852,516096,0.2506,0.3105,0,0.175203,0,1,1
box_detour_turn90,oi_face_rot_wide_mppi,13484,256,16,0,0,1,1,1,176,0.170502,0.09772,26.2545,0,0.970083,1.57892,0.207911,36.5923,41.0973,720896,0.2882,0.3554,0,0.208164,0,1,1
box_detour_turn90,oi_face_rot_wide_mppi,13491,256,16,0,0,0,1,0,420,1.98738,0.129365,123.557,0,0.550954,0.542003,0.182703,76.7354,85.0955,1720320,0.2564,0.3275,0,0.182865,0,1,0
box_detour_turn90,oi_face_rot_wide_mppi,13498,256,16,0,0,1,1,1,93,0.0165531,0.219573,18.7395,0,1.01516,1.63773,0.197126,18.3327,19.8009,380928,0.29,0.3062,0,0.197327,0,1,1
box_detour_turn90,oi_face_rot_wide_mppi,13505,256,16,0,0,1,1,1,88,0.229686,0.0447458,14.9163,0,0.923244,1.34351,0.199627,17.5672,19.3982,360448,0.3021,0.337,0,0.199874,0,1,1
box_detour_turn90,oi_face_rot_wide_mppi,13512,256,16,0,0,1,1,1,67,0.230412,0.103576,8.36571,0,0.81818,1.07666,0.203358,13.625,15.4947,274432,0.303,0.3463,0,0.203696,0,1,1
box_detour_turn90,oi_face_rot_wide_mppi,13519,256,16,0,0,0,1,0,420,1.03838,0.548842,48.0482,0,0.705211,0.914541,0.17628,74.0375,81.567,1720320,0.2564,0.3476,0,0.176425,0,1,0
box_detour_turn90,oi_face_rot_wide_mppi,13526,256,16,0,0,1,1,1,94,0.216325,0.156148,12.8515,0,1.05304,1.60667,0.198714,18.6791,20.9813,385024,0.2887,0.3461,0,0.199031,0,1,1
box_detour_turn90,oi_face_rot_wide_mppi,13533,256,16,0,0,1,1,1,85,0.15458,0.22121,12.0367,0,1.21207,2.9799,0.186447,15.848,17.477,348160,0.2798,0.3025,0,0.186767,0,1,1
box_detour_turn90,oi_face_rot_wide_mppi,13540,256,16,0,0,1,1,1,123,0.210999,0.247568,10.3849,0,0.982439,1.75155,0.184563,22.7012,25.294,503808,0.2774,0.3171,0,0.184831,0,1,1
box_detour_turn90,oi_face_rot_wide_mppi,13547,256,16,0,0,1,1,1,91,0.221967,0.139727,12.7623,0,0.842469,1.28254,0.185997,16.9257,18.4135,372736,0.2973,0.3223,0,0.186253,0,1,1
box_detour_turn90,oi_face_rot_wide_mppi,13554,256,16,0,0,1,1,1,121,0.2473,0.0219966,12.9489,0,1.17377,2.43703,0.183729,22.2312,24.5311,495616,0.2768,0.3859,0,0.183956,0,1,1
box_detour_turn90,oi_face_rot_wide_mppi,13561,256,16,0,0,1,1,1,89,0.224347,0.0824047,16.7742,0,1.06111,1.61822,0.19766,17.5917,19.5181,364544,0.2984,0.3153,0,0.197954,0,1,1
box_detour_turn90,oi_face_rot_wide_mppi,13568,256,16,0,0,1,1,1,115,0.228007,0.104573,14.6461,0,1.01487,1.62982,0.190972,21.9618,24.6091,471040,0.2596,0.3055,0,0.191217,0,1,1
box_detour_turn90,oi_face_rot_wide_mppi,13575,256,16,0,0,1,1,1,77,0.161958,0.229262,13.3471,0,0.907765,1.20511,0.200195,15.415,16.787,315392,0.2665,0.3214,0,0.200503,0,1,1
box_detour_turn90,oi_face_rot_wide_mppi,13582,256,16,0,0,1,1,1,111,0.246017,0.0422845,11.6193,0,0.980852,1.69572,0.20465,22.7162,25.7443,454656,0.2784,0.3516,0,0.204909,0,1,1
box_detour_turn90,oi_face_rot_wide_mppi,13589,256,16,0,0,1,1,1,130,0.213952,0.216208,17.4395,0,0.949124,1.45742,0.183778,23.8912,26.4282,532480,0.2553,0.2775,0,0.183978,0,1,1
box_detour_turn90,oi_face_rot_wide_mppi,13596,256,16,0,0,1,1,1,93,0.218462,0.0378345,13.0463,0,0.939505,1.55792,0.194098,18.0511,19.8399,380928,0.2913,0.3548,0,0.194323,0,1,1
box_detour_turn90,oi_face_rot_wide_mppi,13603,256,16,0,0,1,1,1,110,0.239481,0.225874,15.4766,0,0.665522,0.732371,0.182849,20.1134,22.0995,450560,0.2779,0.3251,0,0.183115,0,1,1
box_detour_turn90,oi_face_rot_wide_mppi,13610,256,16,0,0,1,1,1,123,0.200729,0.0872464,14.1757,0,0.936567,1.49607,0.197081,24.241,27.4462,503808,0.2663,0.3444,0,0.197499,0,1,1
box_detour_turn90,oi_face_rot_wide_mppi,13617,256,16,0,0,1,1,1,96,0.211352,0.13618,11.2685,0,0.992572,1.48576,0.198119,19.0194,21.7683,393216,0.2822,0.3459,0,0.198435,0,1,1
box_detour_turn90,oi_face_rot_wide_mppi,13624,256,16,0,0,1,1,1,73,0.242306,0.00534594,10.0244,0,0.851717,1.13464,0.175007,12.7755,13.9596,299008,0.2092,0.2657,0,0.175292,0,1,1
box_detour_turn90,oi_face_rot_wide_mppi,13631,256,16,0,0,1,1,1,80,0.244439,0.249346,13.4677,0,0.909829,1.33703,0.204177,16.3342,18.2438,327680,0.2794,0.3042,0,0.204514,0,1,1
box_detour_turn90,oi_face_rot_wide_mppi,13638,256,16,0,0,1,1,1,106,0.240483,0.0481572,13.2285,0,1.08266,2.17952,0.194957,20.6654,22.5747,434176,0.2688,0.3442,0,0.195224,0,1,1
box_detour_turn90,oi_face_rot_wide_mppi,13645,256,16,0,0,1,1,1,164,0.237158,0.241668,15.3693,0,1.04583,1.93958,0.206096,33.7998,38.2524,671744,0.2849,0.3732,0,0.206623,0,1,1
box_detour_turn90,oi_face_rot_wide_mppi,13652,256,16,0,0,1,1,1,241,0.24716,0.0961104,29.0916,0,1.46359,3.88018,0.197875,47.6878,54.2497,987136,0.2763,0.324,0,0.198094,0,1,1
box_detour_turn90,oi_face_rot_wide_mppi,13659,256,16,0,0,1,1,1,90,0.228708,0.0620912,13.4299,0,0.928015,1.39769,0.212798,19.1518,21.8043,368640,0.2965,0.3543,0,0.213113,0,1,1
box_detour_turn_neg,oi_face_rot_mppi,13556,256,16,0,0,1,1,1,71,0.22715,0.123344,8.00578,0,0.696696,0.767222,0.197563,14.027,16.0581,290816,0.2652,0.2744,0,0.198034,0,1,1
box_detour_turn_neg,oi_face_rot_mppi,13563,256,16,0,0,1,1,1,95,0.249947,0.148351,11.6327,0,0.707469,0.795726,0.205132,19.4875,22.205,389120,0.274,0.3063,0,0.205574,0,1,1
box_detour_turn_neg,oi_face_rot_mppi,13570,256,16,0,0,1,1,1,113,0.234757,0.0243988,13.1243,0,0.686905,0.69512,0.196886,22.2481,25.3052,462848,0.2739,0.35,0,0.197289,0,1,1
box_detour_turn_neg,oi_face_rot_mppi,13577,256,16,0,0,1,1,1,71,0.209336,0.162036,8.0279,0,0.587889,0.531664,0.200354,14.2251,16.5305,290816,0.2389,0.2477,0,0.200845,0,1,1
box_detour_turn_neg,oi_face_rot_mppi,13584,256,16,0,0,1,1,1,106,0.0758448,0.212474,8.92547,0,0.645759,0.674154,0.186451,19.7638,22.1159,434176,0.2745,0.3019,0,0.186801,0,1,1
box_detour_turn_neg,oi_face_rot_mppi,13591,256,16,0,0,1,1,1,95,0.124375,0.23629,8.21316,0,0.607284,0.517671,0.212474,20.185,23.3265,389120,0.2793,0.3558,0,0.213092,0,1,1
box_detour_turn_neg,oi_face_rot_mppi,13598,256,16,0,0,1,1,1,113,0.0860735,0.192845,10.6319,0,0.623356,0.562948,0.192295,21.7293,24.7474,462848,0.2881,0.3768,0,0.192674,0,1,1
box_detour_turn_neg,oi_face_rot_mppi,13605,256,16,0,0,0,1,0,420,1.0052,0.195505,37.0161,0,0.604737,0.529822,0.186448,78.3084,89.4908,1720320,0.2546,0.4321,0,0.186628,0,1,0
box_detour_turn_neg,oi_face_rot_mppi,13612,256,16,0,0,1,1,1,125,0.138791,0.240133,11.721,0,0.521932,0.417176,0.20746,25.9325,29.3026,512000,0.2876,0.3333,0,0.20779,0,1,1
box_detour_turn_neg,oi_face_rot_mppi,13619,256,16,0,0,1,1,1,126,0.209866,0.0101377,9.40427,0,0.495051,0.398606,0.198624,25.0266,28.8311,516096,0.2869,0.32,0,0.198933,0,1,1
box_detour_turn_neg,oi_face_rot_mppi,13626,256,16,0,0,1,1,1,85,0.142182,0.219326,8.4101,0,0.589285,0.529697,0.26068,22.1578,26.7407,348160,0.3991,0.5416,0,0.261135,0,1,1
box_detour_turn_neg,oi_face_rot_mppi,13633,256,16,0,0,1,1,1,99,0.181724,0.205398,11.291,0,0.657279,0.627627,0.18637,18.4506,20.4577,405504,0.2832,0.3468,0,0.186746,0,1,1
box_detour_turn_neg,oi_face_rot_mppi,13640,256,16,0,0,0,1,0,420,0.993994,0.156579,35.4877,0,0.613768,0.589102,0.195488,82.105,94.0921,1720320,0.2677,0.85,0,0.195675,0,1,0
box_detour_turn_neg,oi_face_rot_mppi,13647,256,16,0,0,1,1,1,93,0.179235,0.248779,9.18177,0,0.717172,0.798194,0.177716,16.5276,18.5542,380928,0.2535,0.2755,0,0.177983,0,1,1
box_detour_turn_neg,oi_face_rot_mppi,13654,256,16,0,0,1,1,1,79,0.242957,0.117422,7.59026,0,0.701368,0.828586,0.189495,14.9701,16.8312,323584,0.2659,0.3139,0,0.189916,0,1,1
box_detour_turn_neg,oi_face_rot_mppi,13661,256,16,0,0,1,1,1,103,0.229177,0.225456,6.95359,0,0.641599,0.628264,0.180979,18.6408,20.718,421888,0.2656,0.3166,0,0.181277,0,1,1
box_detour_turn_neg,oi_face_rot_mppi,13668,256,16,0,0,1,1,1,81,0.21092,0.239401,7.63915,0,0.723965,0.917752,0.189216,15.3265,17.1259,331776,0.2627,0.3037,0,0.189552,0,1,1
box_detour_turn_neg,oi_face_rot_mppi,13675,256,16,0,0,1,1,1,116,0.074612,0.197006,13.8365,0,0.574262,0.524656,0.203845,23.646,26.5951,475136,0.2815,0.3318,0,0.204253,0,1,1
box_detour_turn_neg,oi_face_rot_mppi,13682,256,16,0,0,1,1,1,88,0.241395,0.0517038,10.079,0,0.919481,1.21205,0.194405,17.1076,19.4252,360448,0.2684,0.2927,0,0.19482,0,1,1
box_detour_turn_neg,oi_face_rot_mppi,13689,256,16,0,0,1,1,1,85,0.218164,0.140789,8.74197,0,0.720256,0.730272,0.190021,16.1518,18.4518,348160,0.2573,0.307,0,0.190368,0,1,1
box_detour_turn_neg,oi_face_rot_mppi,13696,256,16,0,0,1,1,1,67,0.235693,0.025461,7.41066,0,0.680146,0.822453,0.200448,13.43,14.9719,274432,0.3274,0.5541,0,0.200931,0,1,1
box_detour_turn_neg,oi_face_rot_mppi,13703,256,16,0,0,1,1,1,139,0.232798,0.0809162,8.52457,0,0.56245,0.565376,0.182725,25.3988,28.4223,569344,0.2712,0.3171,0,0.18296,0,1,1
box_detour_turn_neg,oi_face_rot_mppi,13710,256,16,0,0,1,1,1,133,0.246828,0.0666448,14.0354,0,0.650823,0.664727,0.194037,25.8069,28.9119,544768,0.2557,0.35,0,0.194311,0,1,1
box_detour_turn_neg,oi_face_rot_mppi,13717,256,16,0,0,1,1,1,73,0.216668,0.005916,7.70157,0,0.633011,0.557524,0.204025,14.8938,16.8683,299008,0.2992,0.3279,0,0.204442,0,1,1
box_detour_turn_neg,oi_face_rot_mppi,13724,256,16,0,0,1,1,1,94,0.234573,0.103958,9.38502,0,0.58524,0.501561,0.192661,18.1101,20.6858,385024,0.2646,0.2912,0,0.193033,0,1,1
box_detour_turn_neg,oi_face_rot_mppi,13731,256,16,0,0,1,1,1,97,0.159952,0.0446132,7.66145,0,0.599967,0.551225,0.179162,17.3787,19.4674,397312,0.2319,0.264,0,0.179474,0,1,1
box_detour_turn_neg,oi_face_rot_mppi,13738,256,16,0,0,1,1,1,114,0.232597,0.0538846,9.58424,0,0.601175,0.603151,0.189983,21.6581,24.3373,466944,0.2581,0.3205,0,0.190499,0,1,1
box_detour_turn_neg,oi_face_rot_mppi,13745,256,16,0,0,1,1,1,112,0.0427749,0.204804,10.7896,0,0.60801,0.521675,0.180054,20.166,22.5589,458752,0.2527,0.2693,0,0.180307,0,1,1
box_detour_turn_neg,oi_face_rot_mppi,13752,256,16,0,0,1,1,1,352,0.245317,0.0205569,46.5898,0,0.67823,0.718183,0.215257,75.7704,85.7494,1441792,0.2953,0.4808,0,0.215455,0,1,1
box_detour_turn_neg,oi_face_rot_mppi,13759,256,16,0,0,1,1,1,118,0.214395,0.154376,9.55601,0,0.665499,0.616947,0.190142,22.4367,25.3884,483328,0.2665,0.3006,0,0.190399,0,1,1
box_detour_turn_neg,oi_face_rot_near_mppi,13556,256,16,0,0,1,1,1,66,0.213115,0.0976139,7.77991,0,0.769944,1.02743,0.187932,12.4035,13.9383,270336,0.2609,0.2789,0,0.188311,0,1,1
box_detour_turn_neg,oi_face_rot_near_mppi,13563,256,16,0,0,1,1,1,95,0.230513,0.0865661,11.5926,0,0.755841,1.02423,0.187265,17.7902,19.3884,389120,0.2745,0.4729,0,0.187522,0,1,1
box_detour_turn_neg,oi_face_rot_near_mppi,13570,256,16,0,0,1,1,1,98,0.199299,0.202157,12.0249,0,0.694157,0.740165,0.198863,19.4886,22.09,401408,0.2576,0.3312,0,0.199194,0,1,1
box_detour_turn_neg,oi_face_rot_near_mppi,13577,256,16,0,0,1,1,1,67,0.157357,0.247115,7.79722,0,0.673929,0.760321,0.20493,13.7303,15.6359,274432,0.2678,0.2941,0,0.20529,0,1,1
box_detour_turn_neg,oi_face_rot_near_mppi,13584,256,16,0,0,1,1,1,61,0.21594,0.129469,7.35002,0,0.851492,1.13761,0.20462,12.4818,14.1779,249856,0.2642,0.333,0,0.204987,0,1,1
box_detour_turn_neg,oi_face_rot_near_mppi,13591,256,16,0,0,1,1,1,68,0.144867,0.241276,7.7314,0,0.767919,0.870613,0.203984,13.8709,15.8566,278528,0.2927,0.3604,0,0.204329,0,1,1
box_detour_turn_neg,oi_face_rot_near_mppi,13598,256,16,0,0,1,1,1,197,0.0921148,0.230842,13.359,0,0.956988,1.98917,0.186146,36.6708,41.3848,806912,0.2645,0.3093,0,0.186371,0,1,1
box_detour_turn_neg,oi_face_rot_near_mppi,13605,256,16,0,0,0,1,0,420,1.0052,0.195505,37.0161,0,0.604737,0.529822,0.187089,78.5773,88.9917,1720320,0.2596,0.339,0,0.187236,0,1,0
box_detour_turn_neg,oi_face_rot_near_mppi,13612,256,16,0,0,1,1,1,83,0.124046,0.236314,9.97917,0,0.628538,0.663051,0.208141,17.2757,19.6096,339968,0.295,0.3672,0,0.208476,0,1,1
box_detour_turn_neg,oi_face_rot_near_mppi,13619,256,16,0,0,1,1,1,79,0.148511,0.179205,8.07729,0,0.677527,0.789576,0.197086,15.5698,17.7826,323584,0.2651,0.2745,0,0.197366,0,1,1
box_detour_turn_neg,oi_face_rot_near_mppi,13626,256,16,0,0,1,1,1,69,0.220586,0.0499367,7.84086,0,0.589342,0.632301,0.202032,13.9402,15.9064,282624,0.2627,0.3437,0,0.202409,0,1,1
box_detour_turn_neg,oi_face_rot_near_mppi,13633,256,16,0,0,1,1,1,88,0.0495366,0.178532,10.014,0,0.55804,0.487815,0.201164,17.7024,20.076,360448,0.2785,0.3034,0,0.20149,0,1,1
box_detour_turn_neg,oi_face_rot_near_mppi,13640,256,16,0,0,0,1,0,420,0.993994,0.156579,35.4877,0,0.613768,0.589102,0.175583,73.7448,82.171,1720320,0.2515,0.3164,0,0.175719,0,1,0
box_detour_turn_neg,oi_face_rot_near_mppi,13647,256,16,0,0,1,1,1,83,0.246687,0.168384,8.97716,0,0.85043,1.16373,0.197282,16.3744,18.848,339968,0.2737,0.38,0,0.197581,0,1,1
box_detour_turn_neg,oi_face_rot_near_mppi,13654,256,16,0,0,1,1,1,80,0.245108,0.0750208,7.59737,0,0.891551,1.51643,0.18623,14.8984,16.6732,327680,0.2579,0.2861,0,0.186528,0,1,1
box_detour_turn_neg,oi_face_rot_near_mppi,13661,256,16,0,0,1,1,1,83,0.108645,0.207549,6.65484,0,1.1664,2.62851,0.177112,14.7003,16.3252,339968,0.2537,0.3106,0,0.177419,0,1,1
box_detour_turn_neg,oi_face_rot_near_mppi,13668,256,16,0,0,1,1,1,65,0.237317,0.219392,7.15821,0,0.866654,1.42815,0.175823,11.4285,12.399,266240,0.2058,0.3078,0,0.176112,0,1,1
box_detour_turn_neg,oi_face_rot_near_mppi,13675,256,16,0,0,1,1,1,101,0.207837,0.065032,13.4581,0,0.631708,0.66348,0.192506,19.4431,21.3675,413696,0.2664,0.3421,0,0.192751,0,1,1
box_detour_turn_neg,oi_face_rot_near_mppi,13682,256,16,0,0,1,1,1,124,0.183567,0.0357909,10.4281,0,0.985001,2.01438,0.176706,21.9115,24.5309,507904,0.2417,0.3166,0,0.176984,0,1,1
box_detour_turn_neg,oi_face_rot_near_mppi,13689,256,16,0,0,1,1,1,122,0.206929,0.210839,9.39145,0,0.90766,1.43601,0.181926,22.195,24.8514,499712,0.2592,0.3102,0,0.18224,0,1,1
box_detour_turn_neg,oi_face_rot_near_mppi,13696,256,16,0,0,1,1,1,63,0.249071,0.079268,7.17484,0,0.692604,0.940724,0.170354,10.7323,11.7775,258048,0.2033,0.2137,0,0.170654,0,1,1
box_detour_turn_neg,oi_face_rot_near_mppi,13703,256,16,0,0,1,1,1,68,0.197082,0.237908,7.45469,0,0.708824,0.922068,0.19404,13.1947,15.1494,278528,0.2708,0.2988,0,0.194497,0,1,1
box_detour_turn_neg,oi_face_rot_near_mppi,13710,256,16,0,0,1,1,1,133,0.246802,0.0808244,14.1495,0,0.768899,0.9439,0.20808,27.6747,31.4723,544768,0.2903,0.3599,0,0.208393,0,1,1
box_detour_turn_neg,oi_face_rot_near_mppi,13717,256,16,0,0,1,1,1,65,0.22116,0.227785,7.46348,0,0.70738,0.818098,0.207895,13.5132,15.5634,266240,0.2602,0.3025,0,0.208385,0,1,1
box_detour_turn_neg,oi_face_rot_near_mppi,13724,256,16,0,0,1,1,1,78,0.218637,0.245737,8.52884,0,0.622883,0.643086,0.199226,15.5396,18.0975,319488,0.2699,0.3042,0,0.1997,0,1,1
box_detour_turn_neg,oi_face_rot_near_mppi,13731,256,16,0,0,1,1,1,61,0.212829,0.180495,7.04801,0,0.720178,0.808712,0.196456,11.9838,13.6532,249856,0.2577,0.2668,0,0.196907,0,1,1
box_detour_turn_neg,oi_face_rot_near_mppi,13738,256,16,0,0,1,1,1,72,0.23379,0.16714,8.49434,0,0.682867,0.826373,0.20466,14.7355,16.9028,294912,0.2733,0.3409,0,0.205144,0,1,1
box_detour_turn_neg,oi_face_rot_near_mppi,13745,256,16,0,0,1,1,1,105,0.181463,0.202591,10.3018,0,0.697971,1.00581,0.211878,22.2472,25.6095,430080,0.2705,0.3262,0,0.212264,0,1,1
box_detour_turn_neg,oi_face_rot_near_mppi,13752,256,16,0,0,1,1,1,373,0.237655,0.00761199,46.8038,0,0.729456,0.932748,0.21322,79.5309,89.5596,1527808,0.2988,0.6435,0,0.213408,0,1,1
box_detour_turn_neg,oi_face_rot_near_mppi,13759,256,16,0,0,1,1,1,134,0.227724,0.167879,10.5098,0,1.04607,2.30387,0.198628,26.6161,30.4912,548864,0.2547,0.2916,0,0.198943,0,1,1
box_detour_turn_neg,oi_face_rot_stall_mppi,13556,256,16,0,0,1,1,1,66,0.202292,0.247357,7.54941,0,0.769294,0.988626,0.200223,13.2147,15.051,270336,0.2708,0.3145,0,0.200692,0,1,1
box_detour_turn_neg,oi_face_rot_stall_mppi,13563,256,16,0,0,1,1,1,88,0.20709,0.195154,10.8124,0,0.676523,0.845889,0.216757,19.0746,21.922,360448,0.2732,0.2778,0,0.217115,0,1,1
box_detour_turn_neg,oi_face_rot_stall_mppi,13570,256,16,0,0,1,1,1,98,0.0618765,0.234546,11.1481,0,0.808782,1.15449,0.199367,19.538,22.4578,401408,0.2669,0.2756,0,0.199737,0,1,1
box_detour_turn_neg,oi_face_rot_stall_mppi,13577,256,16,0,0,1,1,1,75,0.14862,0.164626,7.86663,0,0.744403,0.988284,0.195459,14.6594,16.6506,307200,0.2737,0.2943,0,0.195803,0,1,1
box_detour_turn_neg,oi_face_rot_stall_mppi,13584,256,16,0,0,1,1,1,100,0.234538,0.0429937,9.53758,0,1.09901,2.03043,0.198285,19.8285,22.7415,409600,0.2641,0.3532,0,0.198629,0,1,1
box_detour_turn_neg,oi_face_rot_stall_mppi,13591,256,16,0,0,1,1,1,74,0.0615605,0.161365,7.71582,0,0.790864,1.17771,0.181559,13.4354,14.9235,303104,0.2706,0.3461,0,0.181863,0,1,1
box_detour_turn_neg,oi_face_rot_stall_mppi,13598,256,16,0,0,1,1,1,64,0.241056,0.0173968,8.4103,0,0.609648,0.663154,0.185494,11.8716,13.3818,262144,0.269,0.3171,0,0.18588,0,1,1
box_detour_turn_neg,oi_face_rot_stall_mppi,13605,256,16,0,0,1,1,1,167,0.201362,0.204134,18.7441,0,0.831196,1.22584,0.193152,32.2563,36.4779,684032,0.2696,0.3797,0,0.193371,0,1,1
box_detour_turn_neg,oi_face_rot_stall_mppi,13612,256,16,0,0,1,1,1,81,0.22779,0.145597,9.92245,0,0.642871,0.63534,0.20328,16.4657,18.5909,331776,0.267,0.3052,0,0.203609,0,1,1
box_detour_turn_neg,oi_face_rot_stall_mppi,13619,256,16,0,0,1,1,1,120,0.22643,0.223977,8.82259,0,1.02705,2.53916,0.200685,24.0822,27.8101,491520,0.3013,0.4303,0,0.200962,0,1,1
box_detour_turn_neg,oi_face_rot_stall_mppi,13626,256,16,0,0,1,1,1,67,0.219944,0.185768,7.69598,0,0.693779,0.812217,0.204503,13.7017,15.6518,274432,0.2527,0.3104,0,0.204937,0,1,1
box_detour_turn_neg,oi_face_rot_stall_mppi,13633,256,16,0,0,1,1,1,67,0.0761978,0.24678,8.42326,0,0.628766,0.771629,0.192422,12.8923,14.4149,274432,0.2812,0.3523,0,0.192797,0,1,1
box_detour_turn_neg,oi_face_rot_stall_mppi,13640,256,16,0,0,1,1,1,156,0.133618,0.176149,18.2958,0,1.02561,1.91021,0.203787,31.7908,36.7868,638976,0.2921,0.35,0,0.204101,0,1,1
box_detour_turn_neg,oi_face_rot_stall_mppi,13647,256,16,0,0,1,1,1,138,0.233973,0.240885,9.91064,0,0.976263,1.90811,0.188736,26.0456,29.4919,565248,0.2581,0.2967,0,0.189002,0,1,1
box_detour_turn_neg,oi_face_rot_stall_mppi,13654,256,16,0,0,1,1,1,61,0.225059,0.0510571,6.7533,0,0.859295,1.19858,0.200936,12.2571,14.1249,249856,0.2652,0.3212,0,0.201333,0,1,1
box_detour_turn_neg,oi_face_rot_stall_mppi,13661,256,16,0,0,1,1,1,54,0.214082,0.120616,6.25782,0,0.988625,1.91297,0.199535,10.7749,12.3954,221184,0.2307,0.2481,0,0.199996,0,1,1
box_detour_turn_neg,oi_face_rot_stall_mppi,13668,256,16,0,0,1,1,1,58,0.183973,0.10877,6.8441,0,0.872727,1.41444,0.202907,11.7686,13.5153,237568,0.2733,0.3168,0,0.203309,0,1,1
box_detour_turn_neg,oi_face_rot_stall_mppi,13675,256,16,0,0,1,1,1,209,0.107265,0.218356,23.8343,0,1.2438,3.00616,0.209969,43.8836,49.493,856064,0.2922,0.3585,0,0.210184,0,1,1
box_detour_turn_neg,oi_face_rot_stall_mppi,13682,256,16,0,0,1,1,1,62,0.231575,0.106407,7.81289,0,0.847911,1.21896,0.197326,12.2342,13.9942,253952,0.2654,0.3389,0,0.197731,0,1,1
box_detour_turn_neg,oi_face_rot_stall_mppi,13689,256,16,0,0,1,1,1,81,0.232376,0.136761,8.85915,0,0.778299,1.01999,0.194219,15.7317,17.9909,331776,0.2646,0.3581,0,0.19459,0,1,1
box_detour_turn_neg,oi_face_rot_stall_mppi,13696,256,16,0,0,1,1,1,60,0.244141,0.089944,6.72699,0,0.948854,1.72952,0.197122,11.8273,13.4201,245760,0.2951,0.3212,0,0.197543,0,1,1
box_detour_turn_neg,oi_face_rot_stall_mppi,13703,256,16,0,0,1,1,1,101,0.16134,0.224868,9.16831,0,0.905434,1.42644,0.195326,19.7279,22.5826,413696,0.2686,0.3536,0,0.195627,0,1,1
box_detour_turn_neg,oi_face_rot_stall_mppi,13710,256,16,0,0,1,1,1,111,0.247717,0.0372089,14.0702,0,0.69684,0.775688,0.205656,22.8278,25.815,454656,0.2698,0.3766,0,0.205949,0,1,1
box_detour_turn_neg,oi_face_rot_stall_mppi,13717,256,16,0,0,1,1,1,103,0.249018,0.1958,8.04897,0,0.942059,1.8146,0.197127,20.3041,22.7012,421888,0.2586,0.513,0,0.197443,0,1,1
box_detour_turn_neg,oi_face_rot_stall_mppi,13724,256,16,0,0,1,1,1,66,0.249014,0.16947,7.84747,0,0.660892,0.853632,0.199486,13.1661,15.1195,270336,0.271,0.3493,0,0.199882,0,1,1
box_detour_turn_neg,oi_face_rot_stall_mppi,13731,256,16,0,0,1,1,1,62,0.245482,0.0371618,6.98011,0,0.917898,1.41493,0.192079,11.9089,13.5767,253952,0.27,0.3091,0,0.19246,0,1,1
box_detour_turn_neg,oi_face_rot_stall_mppi,13738,256,16,0,0,1,1,1,78,0.143349,0.238546,8.59779,0,0.748746,1.00393,0.187465,14.6223,16.1814,319488,0.295,0.313,0,0.187756,0,1,1
box_detour_turn_neg,oi_face_rot_stall_mppi,13745,256,16,0,0,1,1,1,72,0.217743,0.0686098,8.69492,0,0.668527,0.827539,0.199576,14.3695,16.4737,294912,0.2833,0.3172,0,0.200026,0,1,1
box_detour_turn_neg,oi_face_rot_stall_mppi,13752,256,16,0,0,1,1,1,105,0.224561,0.0525197,12.9893,0,0.833565,1.25724,0.206908,21.7253,24.6919,430080,0.2904,0.3501,0,0.207251,0,1,1
box_detour_turn_neg,oi_face_rot_stall_mppi,13759,256,16,0,0,1,1,1,63,0.209356,0.169238,7.62429,0,0.727408,0.88957,0.195148,12.2943,14.188,258048,0.2579,0.2672,0,0.195568,0,1,1
box_detour_turn_neg,oi_face_rot_wide_mppi,13556,256,16,0,0,1,1,1,66,0.202292,0.247357,7.54941,0,0.769294,0.988626,0.20005,13.2033,15.1177,270336,0.2491,0.2742,0,0.20047,0,1,1
box_detour_turn_neg,oi_face_rot_wide_mppi,13563,256,16,0,0,1,1,1,88,0.20709,0.195154,10.8124,0,0.676523,0.845889,0.210895,18.5588,21.2944,360448,0.2872,0.3186,0,0.211238,0,1,1
box_detour_turn_neg,oi_face_rot_wide_mppi,13570,256,16,0,0,1,1,1,98,0.0618765,0.234546,11.1481,0,0.808782,1.15449,0.197143,19.32,22.0809,401408,0.2564,0.2892,0,0.197456,0,1,1
box_detour_turn_neg,oi_face_rot_wide_mppi,13577,256,16,0,0,1,1,1,75,0.14862,0.164626,7.86663,0,0.744403,0.988284,0.2036,15.27,17.5754,307200,0.2859,0.3037,0,0.204259,0,1,1
box_detour_turn_neg,oi_face_rot_wide_mppi,13584,256,16,0,0,1,1,1,100,0.234538,0.0429937,9.53758,0,1.09901,2.03043,0.196997,19.6997,22.2765,409600,0.2654,0.4231,0,0.197343,0,1,1
box_detour_turn_neg,oi_face_rot_wide_mppi,13591,256,16,0,0,1,1,1,74,0.0615605,0.161365,7.71582,0,0.790864,1.17771,0.199188,14.7399,16.6885,303104,0.2425,0.2702,0,0.199612,0,1,1
box_detour_turn_neg,oi_face_rot_wide_mppi,13598,256,16,0,0,1,1,1,64,0.241056,0.0173968,8.4103,0,0.609648,0.663154,0.189742,12.1435,13.8382,262144,0.2403,0.2919,0,0.19023,0,1,1
box_detour_turn_neg,oi_face_rot_wide_mppi,13605,256,16,0,0,0,1,0,420,1.0052,0.195505,37.0161,0,0.604737,0.529822,0.190094,79.8394,91.2459,1720320,0.2583,0.3506,0,0.190276,0,1,0
box_detour_turn_neg,oi_face_rot_wide_mppi,13612,256,16,0,0,1,1,1,81,0.22779,0.145597,9.92245,0,0.642871,0.63534,0.205863,16.6749,19.0881,331776,0.2747,0.2997,0,0.206147,0,1,1
box_detour_turn_neg,oi_face_rot_wide_mppi,13619,256,16,0,0,1,1,1,120,0.22643,0.223977,8.82259,0,1.02705,2.53916,0.186927,22.4312,25.0008,491520,0.2745,0.3121,0,0.187142,0,1,1
box_detour_turn_neg,oi_face_rot_wide_mppi,13626,256,16,0,0,1,1,1,67,0.219944,0.185768,7.69598,0,0.693779,0.812217,0.193376,12.9562,14.4188,274432,0.2902,0.3055,0,0.193758,0,1,1
box_detour_turn_neg,oi_face_rot_wide_mppi,13633,256,16,0,0,1,1,1,67,0.0761978,0.24678,8.42326,0,0.628766,0.771629,0.198598,13.3061,14.9078,274432,0.2711,0.335,0,0.198927,0,1,1
box_detour_turn_neg,oi_face_rot_wide_mppi,13640,256,16,0,0,1,1,1,156,0.133618,0.176149,18.2958,0,1.02561,1.91021,0.19807,30.899,35.0229,638976,0.2785,0.402,0,0.198324,0,1,1
box_detour_turn_neg,oi_face_rot_wide_mppi,13647,256,16,0,0,1,1,1,138,0.233973,0.240885,9.91064,0,0.976263,1.90811,0.188607,26.0278,29.3865,565248,0.2635,0.323,0,0.188855,0,1,1
box_detour_turn_neg,oi_face_rot_wide_mppi,13654,256,16,0,0,1,1,1,61,0.225059,0.0510571,6.7533,0,0.859295,1.19858,0.160495,9.7902,10.7463,249856,0.1931,0.2648,0,0.160754,0,1,1
box_detour_turn_neg,oi_face_rot_wide_mppi,13661,256,16,0,0,1,1,1,54,0.214082,0.120616,6.25782,0,0.988625,1.91297,0.174202,9.4069,10.2482,221184,0.2642,0.2907,0,0.174459,0,1,1
box_detour_turn_neg,oi_face_rot_wide_mppi,13668,256,16,0,0,1,1,1,58,0.183973,0.10877,6.8441,0,0.872727,1.41444,0.181543,10.5295,11.7132,237568,0.2239,0.2751,0,0.181931,0,1,1
box_detour_turn_neg,oi_face_rot_wide_mppi,13675,256,16,0,0,1,1,1,139,0.249125,0.0358688,16.2836,0,0.739334,1.03364,0.207482,28.84,32.7383,569344,0.2696,0.3703,0,0.207735,0,1,1
box_detour_turn_neg,oi_face_rot_wide_mppi,13682,256,16,0,0,1,1,1,62,0.231575,0.106407,7.81289,0,0.847911,1.21896,0.182914,11.3407,12.4144,253952,0.2706,0.3163,0,0.18319,0,1,1
box_detour_turn_neg,oi_face_rot_wide_mppi,13689,256,16,0,0,1,1,1,81,0.232376,0.136761,8.85915,0,0.778299,1.01999,0.187604,15.1959,17.3563,331776,0.2626,0.2813,0,0.187906,0,1,1
box_detour_turn_neg,oi_face_rot_wide_mppi,13696,256,16,0,0,1,1,1,60,0.244141,0.089944,6.72699,0,0.948854,1.72952,0.196502,11.7901,13.2915,245760,0.2946,0.3316,0,0.196832,0,1,1
box_detour_turn_neg,oi_face_rot_wide_mppi,13703,256,16,0,0,1,1,1,101,0.16134,0.224868,9.16831,0,0.905434,1.42644,0.186227,18.8089,21.1674,413696,0.2654,0.2996,0,0.186563,0,1,1
box_detour_turn_neg,oi_face_rot_wide_mppi,13710,256,16,0,0,1,1,1,111,0.247717,0.0372089,14.0702,0,0.69684,0.775688,0.188333,20.905,22.7898,454656,0.2573,0.3022,0,0.188532,0,1,1
box_detour_turn_neg,oi_face_rot_wide_mppi,13717,256,16,0,0,1,1,1,103,0.249018,0.1958,8.04897,0,0.942059,1.8146,0.179608,18.4996,20.237,421888,0.2903,0.3449,0,0.179884,0,1,1
box_detour_turn_neg,oi_face_rot_wide_mppi,13724,256,16,0,0,1,1,1,66,0.249014,0.16947,7.84747,0,0.660892,0.853632,0.177033,11.6842,12.8698,270336,0.2566,0.2919,0,0.177338,0,1,1
box_detour_turn_neg,oi_face_rot_wide_mppi,13731,256,16,0,0,1,1,1,62,0.245482,0.0371618,6.98011,0,0.917898,1.41493,0.18181,11.2722,12.5245,253952,0.2261,0.3059,0,0.182103,0,1,1
box_detour_turn_neg,oi_face_rot_wide_mppi,13738,256,16,0,0,1,1,1,78,0.143349,0.238546,8.59779,0,0.748746,1.00393,0.19885,15.5103,17.5325,319488,0.2586,0.3104,0,0.199219,0,1,1
box_detour_turn_neg,oi_face_rot_wide_mppi,13745,256,16,0,0,1,1,1,72,0.217743,0.0686098,8.69492,0,0.668527,0.827539,0.178733,12.8688,14.2861,294912,0.2656,0.276,0,0.179107,0,1,1
box_detour_turn_neg,oi_face_rot_wide_mppi,13752,256,16,0,0,1,1,1,360,0.230953,0.213589,46.6032,0,0.690816,0.782295,0.21162,76.1831,84.7869,1474560,0.2937,0.4439,0,0.211789,0,1,1
box_detour_turn_neg,oi_face_rot_wide_mppi,13759,256,16,0,0,1,1,1,63,0.209356,0.169238,7.62429,0,0.727408,0.88957,0.198156,12.4838,14.221,258048,0.2723,0.3133,0,0.19849,0,1,1
box_detour_wall,oi_face_rot_mppi,12856,256,16,0,0,1,1,1,159,0.22557,0.000161601,10.9312,0,0.675287,0.73546,0.196308,31.2129,35.2364,651264,0.2757,0.4039,0,0.196546,0,1,1
box_detour_wall,oi_face_rot_mppi,12863,256,16,0,0,1,1,1,117,0.244963,0.174319,8.31562,0,0.637915,0.641447,0.206002,24.1022,28.15,479232,0.2768,0.3177,0,0.206258,0,1,1
box_detour_wall,oi_face_rot_mppi,12870,256,16,0,0,1,1,1,100,0.223017,0.302095,6.83488,0,0.700266,0.872009,0.197596,19.7596,22.2298,409600,0.2756,0.3245,0,0.197919,0,1,1
box_detour_wall,oi_face_rot_mppi,12877,256,16,0,0,1,1,1,107,0.225951,0.163747,8.33114,0,0.627612,0.62553,0.20236,21.6525,24.5113,438272,0.2713,0.3186,0,0.2027,0,1,1
box_detour_wall,oi_face_rot_mppi,12884,256,16,0,0,1,1,1,135,0.231663,0.149256,9.4161,0,0.605951,0.584292,0.199807,26.9739,30.5293,552960,0.2374,0.285,0,0.200067,0,1,1
box_detour_wall,oi_face_rot_mppi,12891,256,16,0,0,1,1,1,99,0.230524,0.307806,7.20683,0,0.674585,0.708309,0.187568,18.5692,20.7583,405504,0.2818,0.3554,0,0.187878,0,1,1
box_detour_wall,oi_face_rot_mppi,12898,256,16,0,0,1,1,1,97,0.240171,0.0295359,7.20193,0,0.681184,0.700348,0.16764,16.2611,17.7766,397312,0.1976,0.2724,0,0.16787,0,1,1
box_detour_wall,oi_face_rot_mppi,12905,256,16,0,0,1,1,1,71,0.241173,0.306165,6.43078,0,0.690729,0.711958,0.198472,14.0915,15.9617,290816,0.2304,0.3038,0,0.198868,0,1,1
box_detour_wall,oi_face_rot_mppi,12912,256,16,0,0,1,1,1,65,0.230219,0.0311852,6.11231,0,0.638001,0.537827,0.201008,13.0655,14.7588,266240,0.2843,0.3257,0,0.201414,0,1,1
box_detour_wall,oi_face_rot_mppi,12919,256,16,0,0,1,1,1,137,0.249281,0.154776,10.879,0,0.595748,0.617758,0.207705,28.4556,32.2702,561152,0.2819,0.3357,0,0.207989,0,1,1
box_detour_wall,oi_face_rot_mppi,12926,256,16,0,0,1,1,1,75,0.244869,0.0683947,6.53791,0,0.799814,1.05133,0.200471,15.0353,17.1852,307200,0.3052,0.3137,0,0.200829,0,1,1
box_detour_wall,oi_face_rot_mppi,12933,256,16,0,0,1,1,1,67,0.235315,0.293516,5.4319,0,0.750023,1.00019,0.203587,13.6403,15.5916,274432,0.2606,0.3109,0,0.203955,0,1,1
box_detour_wall,oi_face_rot_mppi,12940,256,16,0,0,1,1,1,73,0.247419,0.132473,8.85762,0,0.793659,0.9232,0.184015,13.4331,14.6374,299008,0.2649,0.3136,0,0.184303,0,1,1
box_detour_wall,oi_face_rot_mppi,12947,256,16,0,0,1,1,1,68,0.245086,0.0221829,6.00475,0,0.680146,0.806586,0.197624,13.4384,15.3005,278528,0.2998,0.305,0,0.197937,0,1,1
box_detour_wall,oi_face_rot_mppi,12954,256,16,0,0,1,1,1,148,0.245935,0.304627,7.97149,0,0.61377,0.583858,0.183418,27.1458,29.8443,606208,0.2682,0.3159,0,0.183634,0,1,1
box_detour_wall,oi_face_rot_mppi,12961,256,16,0,0,1,1,1,81,0.238532,0.0623745,7.65451,0,0.646219,0.670473,0.18526,15.0061,16.5311,331776,0.2588,0.28,0,0.185517,0,1,1
box_detour_wall,oi_face_rot_mppi,12968,256,16,0,0,1,1,1,184,0.249726,0.160379,17.8216,0,0.690363,0.701149,0.20555,37.8212,41.7621,753664,0.3024,0.3639,0,0.205757,0,1,1
box_detour_wall,oi_face_rot_mppi,12975,256,16,0,0,1,1,1,91,0.230603,0.00528302,7.63014,0,0.623309,0.57459,0.178096,16.2067,17.7493,372736,0.2691,0.3496,0,0.178331,0,1,1
box_detour_wall,oi_face_rot_mppi,12982,256,16,0,0,1,1,1,56,0.241341,0.0226393,5.65058,0,0.831269,1.02736,0.19615,10.9844,12.1068,229376,0.3156,0.3193,0,0.196457,0,1,1
box_detour_wall,oi_face_rot_mppi,12989,256,16,0,0,1,1,1,59,0.216189,0.0711811,5.99483,0,0.677168,0.659967,0.205863,12.1459,13.8878,241664,0.2955,0.3377,0,0.206303,0,1,1
box_detour_wall,oi_face_rot_mppi,12996,256,16,0,0,1,1,1,122,0.229118,0.208524,10.0467,0,0.602161,0.612806,0.196198,23.9362,26.6049,499712,0.2867,0.3477,0,0.196503,0,1,1
box_detour_wall,oi_face_rot_mppi,13003,256,16,0,0,1,1,1,65,0.244676,0.159094,6.01789,0,0.629552,0.622683,0.177691,11.5499,13.2606,266240,0.232,0.2379,0,0.178085,0,1,1
box_detour_wall,oi_face_rot_mppi,13010,256,16,0,0,1,1,1,153,0.235902,0.0227226,14.519,0,0.817239,1.08055,0.197607,30.2338,34.4728,626688,0.2575,0.3165,0,0.197865,0,1,1
box_detour_wall,oi_face_rot_mppi,13017,256,16,0,0,1,1,1,74,0.245924,0.132194,5.82122,0,0.61364,0.538187,0.208468,15.4266,17.5213,303104,0.2934,0.4,0,0.20893,0,1,1
box_detour_wall,oi_face_rot_mppi,13024,256,16,0,0,1,1,1,90,0.245712,0.0587325,7.70141,0,0.642286,0.623148,0.204623,18.4161,21.2374,368640,0.2903,0.428,0,0.205049,0,1,1
box_detour_wall,oi_face_rot_mppi,13031,256,16,0,0,1,1,1,105,0.228583,0.0299547,6.73888,0,0.61152,0.551752,0.208993,21.9443,24.8209,430080,0.2963,0.3235,0,0.209389,0,1,1
box_detour_wall,oi_face_rot_mppi,13038,256,16,0,0,1,1,1,93,0.240064,0.0751242,7.87779,0,0.660896,0.626771,0.212595,19.7713,22.4374,380928,0.2685,0.3004,0,0.212979,0,1,1
box_detour_wall,oi_face_rot_mppi,13045,256,16,0,0,1,1,1,125,0.248346,0.0126683,9.96586,0,0.623564,0.579332,0.209853,26.2316,29.7265,512000,0.2895,0.3497,0,0.210149,0,1,1
box_detour_wall,oi_face_rot_mppi,13052,256,16,0,0,1,1,1,127,0.213379,0.208271,7.82663,0,0.532662,0.460511,0.197181,25.042,28.3007,520192,0.2352,0.316,0,0.197469,0,1,1
box_detour_wall,oi_face_rot_mppi,13059,256,16,0,0,1,1,1,122,0.238064,0.160211,6.55461,0,0.575573,0.576096,0.201853,24.6261,28.1836,499712,0.2822,0.3141,0,0.202163,0,1,1
box_detour_wall,oi_face_rot_near_mppi,12856,256,16,0,0,1,1,1,90,0.239491,0.119097,8.87393,0,0.801607,1.05483,0.201319,18.1187,20.7424,368640,0.2607,0.3341,0,0.201679,0,1,1
box_detour_wall,oi_face_rot_near_mppi,12863,256,16,0,0,1,1,1,113,0.210189,0.138407,8.78145,0,0.950707,1.94188,0.199139,22.5027,25.6192,462848,0.2742,0.342,0,0.199494,0,1,1
box_detour_wall,oi_face_rot_near_mppi,12870,256,16,0,0,1,1,1,92,0.248951,0.265817,6.88959,0,1.01516,1.81194,0.186481,17.1563,19.1708,376832,0.2785,0.3209,0,0.1868,0,1,1
box_detour_wall,oi_face_rot_near_mppi,12877,256,16,0,0,1,1,1,120,0.241403,0.0969549,8.43552,0,0.722928,1.018,0.200384,24.0461,27.1586,491520,0.3034,0.3338,0,0.200693,0,1,1
box_detour_wall,oi_face_rot_near_mppi,12884,256,16,0,0,1,1,1,91,0.20901,0.00310763,8.46714,0,0.772986,1.00074,0.205563,18.7062,21.2437,372736,0.2666,0.3064,0,0.205879,0,1,1
box_detour_wall,oi_face_rot_near_mppi,12891,256,16,0,0,1,1,1,83,0.21067,0.100503,7.26112,0,0.913561,1.35692,0.206551,17.1437,19.6254,339968,0.2579,0.3513,0,0.206976,0,1,1
box_detour_wall,oi_face_rot_near_mppi,12898,256,16,0,0,1,1,1,120,0.197106,0.104916,7.51449,0,1.01064,1.93482,0.201423,24.1708,27.4801,491520,0.2728,0.3671,0,0.201747,0,1,1
box_detour_wall,oi_face_rot_near_mppi,12905,256,16,0,0,1,1,1,91,0.206568,0.123511,6.72611,0,0.885858,1.43266,0.179879,16.369,17.9688,372736,0.2534,0.3005,0,0.180234,0,1,1
box_detour_wall,oi_face_rot_near_mppi,12912,256,16,0,0,1,1,1,89,0.212155,0.0504173,6.52087,0,0.839042,1.46458,0.1789,15.9221,17.6612,364544,0.2217,0.2993,0,0.179204,0,1,1
box_detour_wall,oi_face_rot_near_mppi,12919,256,16,0,0,1,1,1,135,0.238735,0.0305758,10.7353,0,0.741935,1.10566,0.209513,28.2843,32.1502,552960,0.2819,0.3987,0,0.209851,0,1,1
box_detour_wall,oi_face_rot_near_mppi,12926,256,16,0,0,1,1,1,80,0.246583,0.0923685,6.8969,0,1.24137,2.57926,0.195924,15.6739,17.6829,327680,0.2618,0.2747,0,0.196265,0,1,1
box_detour_wall,oi_face_rot_near_mppi,12933,256,16,0,0,1,1,1,56,0.234183,0.0687641,5.30506,0,1.0066,1.53475,0.181721,10.1764,11.3556,229376,0.2108,0.2614,0,0.182096,0,1,1
box_detour_wall,oi_face_rot_near_mppi,12940,256,16,0,0,1,1,1,75,0.2389,0.130295,8.84651,0,0.952394,1.275,0.197732,14.8299,16.9066,307200,0.2339,0.3499,0,0.198168,0,1,1
box_detour_wall,oi_face_rot_near_mppi,12947,256,16,0,0,1,1,1,104,0.236165,0.121366,6.7313,0,0.964299,1.84527,0.210414,21.8831,25.1403,425984,0.2666,0.3307,0,0.210799,0,1,1
box_detour_wall,oi_face_rot_near_mppi,12954,256,16,0,0,1,1,1,176,0.219008,0.0620971,10.7705,0,0.848945,1.35467,0.229559,40.4023,47.308,720896,0.4056,0.7374,0,0.229836,0,1,1
box_detour_wall,oi_face_rot_near_mppi,12961,256,16,0,0,1,1,1,120,0.192547,0.00852948,8.52388,0,0.868782,1.44456,0.200379,24.0455,27.5831,491520,0.243,0.3099,0,0.200692,0,1,1
box_detour_wall,oi_face_rot_near_mppi,12968,256,16,0,0,1,1,1,181,0.242135,0.135041,17.7368,0,0.755779,0.910978,0.232625,42.1051,48.1321,741376,0.3716,0.5217,0,0.232921,0,1,1
box_detour_wall,oi_face_rot_near_mppi,12975,256,16,0,0,1,1,1,93,0.180681,0.0482259,7.59486,0,0.768693,0.980051,0.211458,19.6656,22.1951,380928,0.2747,1.3803,0,0.211861,0,1,1
box_detour_wall,oi_face_rot_near_mppi,12982,256,16,0,0,1,1,1,59,0.222849,0.0317052,5.66472,0,0.963147,1.50345,0.194271,11.462,12.7743,241664,0.2519,0.2781,0,0.194614,0,1,1
box_detour_wall,oi_face_rot_near_mppi,12989,256,16,0,0,1,1,1,79,0.224682,0.0599917,6.41662,0,0.763601,1.07408,0.200457,15.8361,17.8927,323584,0.2596,0.2824,0,0.200813,0,1,1
box_detour_wall,oi_face_rot_near_mppi,12996,256,16,0,0,1,1,1,126,0.226679,0.0141083,10.3297,0,0.777092,1.09288,0.205068,25.8386,30.1387,516096,0.2923,0.3181,0,0.205324,0,1,1
box_detour_wall,oi_face_rot_near_mppi,13003,256,16,0,0,1,1,1,155,0.217086,0.144878,10.77,0,0.987292,1.84419,0.173906,26.9554,29.9167,634880,0.2177,0.3178,0,0.174146,0,1,1
box_detour_wall,oi_face_rot_near_mppi,13010,256,16,0,0,1,1,1,136,0.243929,0.0082845,13.1433,0,1.01521,1.67786,0.202182,27.4967,31.7284,557056,0.2964,0.3208,0,0.202443,0,1,1
box_detour_wall,oi_face_rot_near_mppi,13017,256,16,0,0,1,1,1,71,0.228238,0.196079,5.82522,0,0.760804,0.866365,0.203989,14.4832,16.5105,290816,0.2851,0.3016,0,0.204423,0,1,1
box_detour_wall,oi_face_rot_near_mppi,13024,256,16,0,0,1,1,1,73,0.240105,0.0782139,7.25625,0,0.663584,0.720886,0.208989,15.2562,17.6049,299008,0.2943,0.3718,0,0.2095,0,1,1
box_detour_wall,oi_face_rot_near_mppi,13031,256,16,0,0,1,1,1,79,0.237146,0.0528094,6.4436,0,0.830587,1.13687,0.211139,16.68,19.1129,323584,0.2792,0.318,0,0.211508,0,1,1
box_detour_wall,oi_face_rot_near_mppi,13038,256,16,0,0,1,1,1,79,0.202388,0.078688,7.40719,0,0.751295,0.921328,0.204828,16.1814,18.2809,323584,0.2938,0.3218,0,0.205216,0,1,1
box_detour_wall,oi_face_rot_near_mppi,13045,256,16,0,0,1,1,1,119,0.242037,0.33982,9.94385,0,0.76743,1.16843,0.200564,23.8671,26.9038,487424,0.2852,0.345,0,0.200881,0,1,1
box_detour_wall,oi_face_rot_near_mppi,13052,256,16,0,0,1,1,1,110,0.237032,0.0536335,7.71935,0,0.76841,1.23167,0.199305,21.9235,24.5973,450560,0.2613,0.3489,0,0.199682,0,1,1
box_detour_wall,oi_face_rot_near_mppi,13059,256,16,0,0,1,1,1,93,0.220989,0.121519,6.32208,0,0.802646,1.22548,0.199015,18.5084,21.2241,380928,0.2598,0.3052,0,0.199353,0,1,1
box_detour_wall,oi_face_rot_stall_mppi,12856,256,16,0,0,1,1,1,92,0.234833,0.103376,7.67741,0,0.856657,1.33133,0.182647,16.8035,18.479,376832,0.29,0.3126,0,0.182899,0,1,1
box_detour_wall,oi_face_rot_stall_mppi,12863,256,16,0,0,1,1,1,186,0.194612,0.290561,14.1061,0,0.892839,1.39877,0.19841,36.9043,41.7727,761856,0.2692,0.3066,0,0.198637,0,1,1
box_detour_wall,oi_face_rot_stall_mppi,12870,256,16,0,0,1,1,1,87,0.243926,0.0374579,6.99498,0,1.17434,2.58915,0.202074,17.5804,20.1244,356352,0.2826,0.3139,0,0.202443,0,1,1
box_detour_wall,oi_face_rot_stall_mppi,12877,256,16,0,0,1,1,1,119,0.226349,0.00184506,8.53819,0,0.764317,1.1659,0.197113,23.4564,26.289,487424,0.2802,0.3504,0,0.197398,0,1,1
box_detour_wall,oi_face_rot_stall_mppi,12884,256,16,0,0,1,1,1,126,0.240971,0.0893634,9.6288,0,1.11063,2.42824,0.195413,24.622,27.4122,516096,0.2805,0.4565,0,0.195643,0,1,1
box_detour_wall,oi_face_rot_stall_mppi,12891,256,16,0,0,1,1,1,81,0.239327,0.0174876,7.32956,0,0.885882,1.33634,0.204394,16.5559,18.9457,331776,0.2604,0.3056,0,0.204838,0,1,1
box_detour_wall,oi_face_rot_stall_mppi,12898,256,16,0,0,1,1,1,101,0.235852,0.000625111,7.26165,0,0.815198,1.34021,0.203171,20.5203,23.5242,413696,0.2585,0.3142,0,0.203577,0,1,1
box_detour_wall,oi_face_rot_stall_mppi,12905,256,16,0,0,1,1,1,92,0.218901,0.0348244,7.53288,0,1.09014,2.26091,0.208214,19.1557,21.7108,376832,0.3011,0.3313,0,0.208477,0,1,1
box_detour_wall,oi_face_rot_stall_mppi,12912,256,16,0,0,1,1,1,85,0.204169,0.152906,6.30438,0,0.840492,1.33632,0.203486,17.2963,19.8677,348160,0.2632,0.3113,0,0.203812,0,1,1
box_detour_wall,oi_face_rot_stall_mppi,12919,256,16,0,0,1,1,1,149,0.200663,0.271724,11.113,0,0.802374,1.47226,0.193913,28.8931,32.2049,610304,0.2547,0.3376,0,0.194158,0,1,1
box_detour_wall,oi_face_rot_stall_mppi,12926,256,16,0,0,1,1,1,90,0.217216,0.159549,6.86031,0,0.873638,1.42129,0.185659,16.7093,18.538,368640,0.2993,0.3106,0,0.185953,0,1,1
box_detour_wall,oi_face_rot_stall_mppi,12933,256,16,0,0,1,1,1,73,0.214995,0.163209,5.88904,0,0.858599,1.4773,0.211214,15.4186,17.6355,299008,0.3052,0.3441,0,0.211669,0,1,1
box_detour_wall,oi_face_rot_stall_mppi,12940,256,16,0,0,1,1,1,106,0.234668,0.204162,9.78825,0,0.856567,1.38684,0.201132,21.32,24.5397,434176,0.2625,0.3106,0,0.201429,0,1,1
box_detour_wall,oi_face_rot_stall_mppi,12947,256,16,0,0,1,1,1,80,0.233266,0.0602222,6.36783,0,0.94619,1.70927,0.207726,16.6181,19.1276,327680,0.2473,0.4102,0,0.208141,0,1,1
box_detour_wall,oi_face_rot_stall_mppi,12954,256,16,0,0,1,1,1,86,0.233051,0.0197384,6.95796,0,0.902836,1.40953,0.216269,18.5991,21.7213,352256,0.2816,0.3257,0,0.216657,0,1,1
box_detour_wall,oi_face_rot_stall_mppi,12961,256,16,0,0,1,1,1,101,0.208854,0.0885845,8.35521,0,0.897655,1.50407,0.190112,19.2013,21.4438,413696,0.2708,0.3207,0,0.190417,0,1,1
box_detour_wall,oi_face_rot_stall_mppi,12968,256,16,0,0,0,1,0,420,1.20537,0.181866,48.7293,0,3.06995,11.1624,0.217916,91.5246,101.249,1720320,0.3009,0.4119,0,0.218087,0,1,0
box_detour_wall,oi_face_rot_stall_mppi,12975,256,16,0,0,1,1,1,132,0.181718,0.162782,8.91177,0,0.833714,1.4318,0.195951,25.8655,29.2754,540672,0.2733,0.3209,0,0.196233,0,1,1
box_detour_wall,oi_face_rot_stall_mppi,12982,256,16,0,0,1,1,1,71,0.249463,0.188681,6.06582,0,1.03908,1.70991,0.207979,14.7665,16.5998,290816,0.276,0.3095,0,0.208361,0,1,1
box_detour_wall,oi_face_rot_stall_mppi,12989,256,16,0,0,1,1,1,114,0.235115,0.0828869,7.774,0,0.994327,1.96023,0.195982,22.3419,25.4333,466944,0.2679,0.3111,0,0.196255,0,1,1
box_detour_wall,oi_face_rot_stall_mppi,12996,256,16,0,0,1,1,1,142,0.201436,0.170956,10.7386,0,0.776188,1.22283,0.209933,29.8105,33.7233,581632,0.2695,0.7549,0,0.210228,0,1,1
box_detour_wall,oi_face_rot_stall_mppi,13003,256,16,0,0,1,1,1,105,0.214539,0.157146,7.30788,0,0.958516,1.7755,0.194341,20.4058,23.2546,430080,0.2547,0.3585,0,0.194636,0,1,1
box_detour_wall,oi_face_rot_stall_mppi,13010,256,16,0,0,1,1,1,87,0.244444,0.0915926,9.38245,0,0.900194,1.3174,0.196661,17.1095,19.2167,356352,0.3065,0.3294,0,0.197005,0,1,1
box_detour_wall,oi_face_rot_stall_mppi,13017,256,16,0,0,1,1,1,70,0.24796,0.0206678,5.94274,0,0.913519,1.46482,0.185301,12.9711,14.187,286720,0.2451,0.2889,0,0.185643,0,1,1
box_detour_wall,oi_face_rot_stall_mppi,13024,256,16,0,0,1,1,1,114,0.219997,0.0633245,8.03442,0,0.877843,1.6891,0.190385,21.7039,23.9744,466944,0.2907,0.3796,0,0.19064,0,1,1
box_detour_wall,oi_face_rot_stall_mppi,13031,256,16,0,0,1,1,1,59,0.246412,0.191227,5.97142,0,0.720985,0.832522,0.211895,12.5018,14.0039,241664,0.2952,0.311,0,0.212325,0,1,1
box_detour_wall,oi_face_rot_stall_mppi,13038,256,16,0,0,1,1,1,112,0.231588,0.0410489,8.33752,0,0.912849,1.52125,0.208038,23.3003,26.2411,458752,0.3028,0.6149,0,0.208372,0,1,1
box_detour_wall,oi_face_rot_stall_mppi,13045,256,16,0,0,1,1,1,89,0.238658,0.117061,8.89295,0,0.748678,0.991261,0.206012,18.3351,20.6967,364544,0.2692,0.3071,0,0.206356,0,1,1
box_detour_wall,oi_face_rot_stall_mppi,13052,256,16,0,0,1,1,1,111,0.204881,0.0539056,7.62995,0,0.947628,2.01216,0.183451,20.3631,22.3467,454656,0.2681,0.3488,0,0.183743,0,1,1
box_detour_wall,oi_face_rot_stall_mppi,13059,256,16,0,0,1,1,1,90,0.244996,0.152333,6.47228,0,1.00493,2.10108,0.179046,16.1141,17.6974,368640,0.2714,0.3038,0,0.179299,0,1,1
box_detour_wall,oi_face_rot_wide_mppi,12856,256,16,0,0,1,1,1,92,0.234833,0.103376,7.67741,0,0.856657,1.33133,0.208095,19.1447,21.7556,376832,0.2737,0.331,0,0.208422,0,1,1
box_detour_wall,oi_face_rot_wide_mppi,12863,256,16,0,0,1,1,1,186,0.194612,0.290561,14.1061,0,0.892839,1.39877,0.198812,36.9791,41.623,761856,0.2636,0.3059,0,0.199037,0,1,1
box_detour_wall,oi_face_rot_wide_mppi,12870,256,16,0,0,1,1,1,87,0.243926,0.0374579,6.99498,0,1.17434,2.58915,0.201657,17.5442,20.1111,356352,0.2639,0.3135,0,0.201945,0,1,1
box_detour_wall,oi_face_rot_wide_mppi,12877,256,16,0,0,1,1,1,119,0.226349,0.00184506,8.53819,0,0.764317,1.1659,0.201471,23.9751,27.322,487424,0.2743,0.2945,0,0.20173,0,1,1
box_detour_wall,oi_face_rot_wide_mppi,12884,256,16,0,0,1,1,1,126,0.240971,0.0893634,9.6288,0,1.11063,2.42824,0.194734,24.5365,27.6755,516096,0.2444,0.3179,0,0.195017,0,1,1
box_detour_wall,oi_face_rot_wide_mppi,12891,256,16,0,0,1,1,1,81,0.239327,0.0174876,7.32956,0,0.885882,1.33634,0.190398,15.4222,17.2264,331776,0.2963,0.3178,0,0.190811,0,1,1
box_detour_wall,oi_face_rot_wide_mppi,12898,256,16,0,0,1,1,1,101,0.235852,0.000625111,7.26165,0,0.815198,1.34021,0.199666,20.1663,22.8382,413696,0.2673,0.337,0,0.199974,0,1,1
box_detour_wall,oi_face_rot_wide_mppi,12905,256,16,0,0,1,1,1,92,0.218901,0.0348244,7.53288,0,1.09014,2.26091,0.204233,18.7894,21.1336,376832,0.2908,0.3196,0,0.204546,0,1,1
box_detour_wall,oi_face_rot_wide_mppi,12912,256,16,0,0,1,1,1,85,0.204169,0.152906,6.30438,0,0.840492,1.33632,0.195254,16.5966,18.8657,348160,0.2647,0.2853,0,0.195584,0,1,1
box_detour_wall,oi_face_rot_wide_mppi,12919,256,16,0,0,1,1,1,149,0.200663,0.271724,11.113,0,0.802374,1.47226,0.204635,30.4906,34.2442,610304,0.2771,0.3261,0,0.204936,0,1,1
box_detour_wall,oi_face_rot_wide_mppi,12926,256,16,0,0,1,1,1,90,0.217216,0.159549,6.86031,0,0.873638,1.42129,0.202014,18.1813,20.8154,368640,0.2669,0.3364,0,0.202318,0,1,1
box_detour_wall,oi_face_rot_wide_mppi,12933,256,16,0,0,1,1,1,73,0.214995,0.163209,5.88904,0,0.858599,1.4773,0.196373,14.3352,16.11,299008,0.2706,0.3437,0,0.19677,0,1,1
box_detour_wall,oi_face_rot_wide_mppi,12940,256,16,0,0,1,1,1,106,0.234668,0.204162,9.78825,0,0.856567,1.38684,0.176697,18.7299,20.3658,434176,0.2571,0.303,0,0.176904,0,1,1
box_detour_wall,oi_face_rot_wide_mppi,12947,256,16,0,0,1,1,1,80,0.233266,0.0602222,6.36783,0,0.94619,1.70927,0.175361,14.0289,15.1933,327680,0.2085,0.217,0,0.175613,0,1,1
box_detour_wall,oi_face_rot_wide_mppi,12954,256,16,0,0,1,1,1,86,0.233051,0.0197384,6.95796,0,0.902836,1.40953,0.202924,17.4515,19.7917,352256,0.2653,0.3467,0,0.203269,0,1,1
box_detour_wall,oi_face_rot_wide_mppi,12961,256,16,0,0,1,1,1,101,0.208854,0.0885845,8.35521,0,0.897655,1.50407,0.186155,18.8017,20.7884,413696,0.2364,0.2959,0,0.186402,0,1,1
box_detour_wall,oi_face_rot_wide_mppi,12968,256,16,0,0,1,1,1,189,0.241456,0.0520773,18.3054,0,0.884433,1.36443,0.19125,36.1462,38.7959,774144,0.2644,0.309,0,0.191382,0,1,1
box_detour_wall,oi_face_rot_wide_mppi,12975,256,16,0,0,1,1,1,132,0.181718,0.162782,8.91177,0,0.833714,1.4318,0.190006,25.0808,28.4135,540672,0.268,0.3129,0,0.190242,0,1,1
box_detour_wall,oi_face_rot_wide_mppi,12982,256,16,0,0,1,1,1,71,0.249463,0.188681,6.06582,0,1.03908,1.70991,0.207208,14.7118,16.7164,290816,0.3035,0.3423,0,0.207565,0,1,1
box_detour_wall,oi_face_rot_wide_mppi,12989,256,16,0,0,1,1,1,114,0.235115,0.0828869,7.774,0,0.994327,1.96023,0.199225,22.7116,25.5997,466944,0.2994,0.3514,0,0.199499,0,1,1
box_detour_wall,oi_face_rot_wide_mppi,12996,256,16,0,0,1,1,1,142,0.201436,0.170956,10.7386,0,0.776188,1.22283,0.19814,28.1359,31.6463,581632,0.2792,0.3047,0,0.198389,0,1,1
box_detour_wall,oi_face_rot_wide_mppi,13003,256,16,0,0,1,1,1,105,0.214539,0.157146,7.30788,0,0.958516,1.7755,0.188219,19.763,22.16,430080,0.2639,0.3276,0,0.188512,0,1,1
box_detour_wall,oi_face_rot_wide_mppi,13010,256,16,0,0,1,1,1,87,0.244444,0.0915926,9.38245,0,0.900194,1.3174,0.180939,15.7417,17.2894,356352,0.2543,0.3065,0,0.181241,0,1,1
box_detour_wall,oi_face_rot_wide_mppi,13017,256,16,0,0,1,1,1,70,0.24796,0.0206678,5.94274,0,0.913519,1.46482,0.196023,13.7216,15.4546,286720,0.2607,0.2872,0,0.196337,0,1,1
box_detour_wall,oi_face_rot_wide_mppi,13024,256,16,0,0,1,1,1,114,0.219997,0.0633245,8.03442,0,0.877843,1.6891,0.19741,22.5047,25.2323,466944,0.2793,0.3161,0,0.197681,0,1,1
box_detour_wall,oi_face_rot_wide_mppi,13031,256,16,0,0,1,1,1,59,0.246412,0.191227,5.97142,0,0.720985,0.832522,0.208961,12.3287,13.8254,241664,0.2889,0.3105,0,0.209288,0,1,1
box_detour_wall,oi_face_rot_wide_mppi,13038,256,16,0,0,1,1,1,112,0.231588,0.0410489,8.33752,0,0.912849,1.52125,0.199497,22.3437,25.0071,458752,0.2728,0.3651,0,0.19975,0,1,1
box_detour_wall,oi_face_rot_wide_mppi,13045,256,16,0,0,1,1,1,89,0.238658,0.117061,8.89295,0,0.748678,0.991261,0.202127,17.9893,20.357,364544,0.2911,0.4084,0,0.20237,0,1,1
box_detour_wall,oi_face_rot_wide_mppi,13052,256,16,0,0,1,1,1,111,0.204881,0.0539056,7.62995,0,0.947628,2.01216,0.182095,20.2126,22.1778,454656,0.246,0.2664,0,0.182274,0,1,1
box_detour_wall,oi_face_rot_wide_mppi,13059,256,16,0,0,1,1,1,90,0.244996,0.152333,6.47228,0,1.00493,2.10108,0.190828,17.1745,19.1322,368640,0.2575,0.3489,0,0.191107,0,1,1
box_detour_wall_far,oi_face_rot_mppi,13156,256,16,0,0,1,1,1,118,0.209476,0.0476983,12.6073,0,0.688916,0.705656,0.230349,27.1812,32.255,483328,0.3888,0.407,0,0.230676,0,1,1
box_detour_wall_far,oi_face_rot_mppi,13163,256,16,0,0,1,1,1,99,0.237201,0.121046,10.7987,0,0.742385,0.846976,0.189086,18.7195,20.968,405504,0.2373,0.3752,0,0.189385,0,1,1
box_detour_wall_far,oi_face_rot_mppi,13170,256,16,0,0,1,1,1,81,0.232173,0.0025658,8.51925,0,0.693584,0.779219,0.200116,16.2094,18.4803,331776,0.2671,0.3489,0,0.200451,0,1,1
box_detour_wall_far,oi_face_rot_mppi,13177,256,16,0,0,1,1,1,120,0.0831636,0.339403,13.6558,0,0.732235,0.908777,0.202052,24.2462,27.6192,491520,0.2714,0.31,0,0.202469,0,1,1
box_detour_wall_far,oi_face_rot_mppi,13184,256,16,0,0,1,1,1,92,0.243859,0.142499,8.78197,0,0.707807,0.799862,0.191843,17.6496,20.1656,376832,0.2653,0.3065,0,0.192371,0,1,1
box_detour_wall_far,oi_face_rot_mppi,13191,256,16,0,0,1,1,1,123,0.245121,0.010327,13.8986,0,0.7021,0.774166,0.214032,26.3259,30.9492,503808,0.2748,0.6,0,0.214372,0,1,1
box_detour_wall_far,oi_face_rot_mppi,13198,256,16,0,0,1,1,1,89,0.207042,0.230288,7.93058,0,0.825807,1.03407,0.215597,19.1881,22.0644,364544,0.3093,0.9274,0,0.216,0,1,1
box_detour_wall_far,oi_face_rot_mppi,13205,256,16,0,0,1,1,1,105,0.238189,0.212319,12.0264,0,0.631874,0.683509,0.226635,23.7967,27.6164,430080,0.3632,0.5378,0,0.227052,0,1,1
box_detour_wall_far,oi_face_rot_mppi,13212,256,16,0,0,1,1,1,121,0.235943,0.138027,9.15309,0,0.620369,0.634092,0.228678,27.67,32.1325,495616,0.3138,0.3863,0,0.229085,0,1,1
box_detour_wall_far,oi_face_rot_mppi,13219,256,16,0,0,1,1,1,58,0.226895,0.100695,7.78751,0,0.70001,0.685616,0.243457,14.1205,16.3307,237568,0.3112,1.1804,0,0.243971,0,1,1
box_detour_wall_far,oi_face_rot_mppi,13226,256,16,0,0,1,1,1,164,0.166165,0.277433,13.6251,0,0.686904,0.700503,0.202813,33.2613,38.2643,671744,0.27,0.3931,0,0.2031,0,1,1
box_detour_wall_far,oi_face_rot_mppi,13233,256,16,0,0,1,1,1,110,0.238374,0.133793,10.7598,0,0.741112,0.801248,0.208592,22.9451,26.3606,450560,0.2801,0.314,0,0.209025,0,1,1
box_detour_wall_far,oi_face_rot_mppi,13240,256,16,0,0,1,1,1,158,0.2276,0.0427309,14.2361,0,0.7791,0.991441,0.203827,32.2046,37.0437,647168,0.2569,0.3545,0,0.204097,0,1,1
box_detour_wall_far,oi_face_rot_mppi,13247,256,16,0,0,1,1,1,175,0.248383,0.0776507,15.8044,0,0.838203,1.1157,0.206783,36.1871,41.9312,716800,0.273,0.3749,0,0.207035,0,1,1
box_detour_wall_far,oi_face_rot_mppi,13254,256,16,0,0,1,1,1,77,0.231315,0.236094,7.91826,0,0.648433,0.6678,0.199552,15.3655,17.6092,315392,0.269,0.3364,0,0.199935,0,1,1
box_detour_wall_far,oi_face_rot_mppi,13261,256,16,0,0,1,1,1,139,0.238506,0.0824467,11.099,0,0.58014,0.540879,0.206796,28.7447,33.266,569344,0.2722,0.3716,0,0.207212,0,1,1
box_detour_wall_far,oi_face_rot_mppi,13268,256,16,0,0,1,1,1,100,0.241498,0.0745561,10.6012,0,0.65109,0.631008,0.214855,21.4855,25.0505,409600,0.2936,0.4134,0,0.21521,0,1,1
box_detour_wall_far,oi_face_rot_mppi,13275,256,16,0,0,1,1,1,114,0.20699,0.177602,14.1647,0,0.791369,0.94861,0.229583,26.1725,30.1961,466944,0.3168,0.5269,0,0.229954,0,1,1
box_detour_wall_far,oi_face_rot_mppi,13282,256,16,0,0,1,1,1,70,0.235407,0.00969068,8.34712,0,0.747966,0.855687,0.190717,13.3502,15.1387,286720,0.2568,0.3389,0,0.191077,0,1,1
box_detour_wall_far,oi_face_rot_mppi,13289,256,16,0,0,1,1,1,108,0.24717,0.0789984,10.69,0,0.630369,0.609775,0.214484,23.1643,26.8639,442368,0.2676,0.3284,0,0.214852,0,1,1
box_detour_wall_far,oi_face_rot_mppi,13296,256,16,0,0,1,1,1,107,0.248839,0.2134,10.9344,0,0.69976,0.780416,0.212211,22.7066,26.0606,438272,0.2751,0.3261,0,0.212563,0,1,1
box_detour_wall_far,oi_face_rot_mppi,13303,256,16,0,0,1,1,1,123,0.246786,0.287766,12.5486,0,0.617825,0.646857,0.210193,25.8537,29.6574,503808,0.2896,0.3666,0,0.210523,0,1,1
box_detour_wall_far,oi_face_rot_mppi,13310,256,16,0,0,1,1,1,130,0.245133,0.159223,12.186,0,0.647588,0.654708,0.199098,25.8827,29.5114,532480,0.2713,0.3285,0,0.199376,0,1,1
box_detour_wall_far,oi_face_rot_mppi,13317,256,16,0,0,1,1,1,81,0.24571,0.222523,8.72406,0,0.741606,0.895671,0.2107,17.0667,19.5512,331776,0.2924,0.3613,0,0.211098,0,1,1
box_detour_wall_far,oi_face_rot_mppi,13324,256,16,0,0,1,1,1,80,0.242781,0.0355912,10.1817,0,0.796548,0.873214,0.205306,16.4245,18.9838,327680,0.2846,0.3106,0,0.205666,0,1,1
box_detour_wall_far,oi_face_rot_mppi,13331,256,16,0,0,1,1,1,113,0.23884,0.0827049,11.5532,0,0.631425,0.593672,0.196947,22.255,25.1247,462848,0.2715,0.3645,0,0.19724,0,1,1
box_detour_wall_far,oi_face_rot_mppi,13338,256,16,0,0,1,1,1,99,0.218859,0.0794923,8.96476,0,0.665988,0.71115,0.198811,19.6823,22.7604,405504,0.2614,0.3341,0,0.19913,0,1,1
box_detour_wall_far,oi_face_rot_mppi,13345,256,16,0,0,1,1,1,87,0.237666,0.0562379,8.52541,0,0.640763,0.649966,0.200529,17.446,20.104,356352,0.2671,0.3036,0,0.200861,0,1,1
box_detour_wall_far,oi_face_rot_mppi,13352,256,16,0,0,1,1,1,116,0.214547,0.139597,7.94334,0,0.66303,0.715456,0.204314,23.7004,27.6172,475136,0.2723,0.3191,0,0.204622,0,1,1
box_detour_wall_far,oi_face_rot_mppi,13359,256,16,0,0,1,1,1,107,0.249617,0.0110191,12.5848,0,0.73578,0.85368,0.224896,24.0639,27.963,438272,0.2786,0.3945,0,0.225278,0,1,1
box_detour_wall_far,oi_face_rot_near_mppi,13156,256,16,0,0,1,1,1,101,0.241207,0.117569,12.2217,0,0.751789,0.860851,0.21468,21.6827,25.9606,413696,0.2762,0.3653,0,0.215257,0,1,1
box_detour_wall_far,oi_face_rot_near_mppi,13163,256,16,0,0,1,1,1,87,0.187254,0.129483,10.5225,0,0.760848,0.911586,0.210286,18.2949,20.9585,356352,0.2743,0.326,0,0.210602,0,1,1
box_detour_wall_far,oi_face_rot_near_mppi,13170,256,16,0,0,1,1,1,92,0.229179,0.114939,8.8627,0,1.0123,1.87661,0.214795,19.7611,23.0516,376832,0.2776,0.3271,0,0.215148,0,1,1
box_detour_wall_far,oi_face_rot_near_mppi,13177,256,16,0,0,1,1,1,102,0.239191,0.249672,13.3113,0,0.853906,1.22041,0.216356,22.0683,25.2405,417792,0.2963,0.3808,0,0.216709,0,1,1
box_detour_wall_far,oi_face_rot_near_mppi,13184,256,16,0,0,1,1,1,92,0.230547,0.158487,9.11005,0,1.06437,2.08917,0.205515,18.9074,21.7891,376832,0.2847,0.3172,0,0.205793,0,1,1
box_detour_wall_far,oi_face_rot_near_mppi,13191,256,16,0,0,1,1,1,114,0.231373,0.150823,13.5462,0,0.83083,1.1938,0.201479,22.9686,26.0007,466944,0.2856,0.323,0,0.201739,0,1,1
box_detour_wall_far,oi_face_rot_near_mppi,13198,256,16,0,0,1,1,1,70,0.209397,0.0817218,7.7069,0,0.946328,1.4339,0.210747,14.7523,17.2636,286720,0.2695,0.338,0,0.211199,0,1,1
box_detour_wall_far,oi_face_rot_near_mppi,13205,256,16,0,0,1,1,1,99,0.23691,0.204117,12.0558,0,0.725918,0.906782,0.211681,20.9564,24.208,405504,0.2779,0.3699,0,0.212026,0,1,1
box_detour_wall_far,oi_face_rot_near_mppi,13212,256,16,0,0,1,1,1,58,0.245478,0.00266124,7.95727,0,0.846443,1.05046,0.21964,12.7391,14.7717,237568,0.3005,0.3468,0,0.220378,0,1,1
box_detour_wall_far,oi_face_rot_near_mppi,13219,256,16,0,0,1,1,1,80,0.193932,0.148786,8.09636,0,0.788848,1.11574,0.203012,16.241,18.6104,327680,0.2837,0.3231,0,0.203368,0,1,1
box_detour_wall_far,oi_face_rot_near_mppi,13226,256,16,0,0,1,1,1,89,0.169669,0.0839969,10.418,0,0.763883,0.919263,0.229394,20.4161,23.9066,364544,0.3321,0.401,0,0.229789,0,1,1
box_detour_wall_far,oi_face_rot_near_mppi,13233,256,16,0,0,1,1,1,120,0.200876,0.0488532,10.7191,0,0.858651,1.40668,0.199832,23.9798,27.4499,491520,0.2574,0.3022,0,0.20013,0,1,1
box_detour_wall_far,oi_face_rot_near_mppi,13240,256,16,0,0,1,1,1,95,0.208693,0.0453214,11.1415,0,0.880292,1.37399,0.223478,21.2304,24.607,389120,0.2843,0.3859,0,0.223852,0,1,1
box_detour_wall_far,oi_face_rot_near_mppi,13247,256,16,0,0,1,1,1,119,0.205277,0.10599,14.7829,0,0.946422,1.30406,0.202956,24.1518,27.3315,487424,0.2975,0.3374,0,0.203245,0,1,1
box_detour_wall_far,oi_face_rot_near_mppi,13254,256,16,0,0,1,1,1,80,0.244267,0.0423026,8.25523,0,0.862158,1.4665,0.207224,16.5779,19.0229,327680,0.2643,0.3088,0,0.207559,0,1,1
box_detour_wall_far,oi_face_rot_near_mppi,13261,256,16,0,0,1,1,1,136,0.230486,0.106065,11.2236,0,0.660746,0.907766,0.18934,25.7503,29.2184,557056,0.2616,0.3062,0,0.189556,0,1,1
box_detour_wall_far,oi_face_rot_near_mppi,13268,256,16,0,0,1,1,1,104,0.198297,0.0752761,10.667,0,0.84953,1.25554,0.196816,20.4689,23.6082,425984,0.2701,0.3274,0,0.197113,0,1,1
box_detour_wall_far,oi_face_rot_near_mppi,13275,256,16,0,0,1,1,1,107,0.211128,0.0900833,14.0118,0,0.886978,1.2084,0.207958,22.2515,25.7168,438272,0.3012,0.3539,0,0.208259,0,1,1
box_detour_wall_far,oi_face_rot_near_mppi,13282,256,16,0,0,1,1,1,96,0.215534,0.215457,8.99258,0,0.981813,1.74989,0.202663,19.4556,22.376,393216,0.2858,0.3674,0,0.203056,0,1,1
box_detour_wall_far,oi_face_rot_near_mppi,13289,256,16,0,0,1,1,1,119,0.210149,0.0073087,10.6284,0,0.724392,0.980709,0.222984,26.5351,31.1036,487424,0.3264,0.3613,0,0.22333,0,1,1
box_detour_wall_far,oi_face_rot_near_mppi,13296,256,16,0,0,1,1,1,114,0.233877,0.132734,11.3375,0,0.874473,1.33011,0.22799,25.9909,30.2601,466944,0.3269,0.5664,0,0.228472,0,1,1
box_detour_wall_far,oi_face_rot_near_mppi,13303,256,16,0,0,1,1,1,134,0.200136,0.0778732,12.5823,0,0.827753,1.31673,0.212119,28.4239,32.8283,548864,0.2793,0.3221,0,0.212384,0,1,1
box_detour_wall_far,oi_face_rot_near_mppi,13310,256,16,0,0,1,1,1,107,0.223019,0.179,11.9028,0,0.711765,0.883673,0.204899,21.9242,25.134,438272,0.2759,0.5725,0,0.205273,0,1,1
box_detour_wall_far,oi_face_rot_near_mppi,13317,256,16,0,0,1,1,1,62,0.248629,0.0927437,8.48075,0,0.973265,1.37678,0.20655,12.8061,14.6819,253952,0.26,0.3005,0,0.206908,0,1,1
box_detour_wall_far,oi_face_rot_near_mppi,13324,256,16,0,0,1,1,1,90,0.209234,0.111185,10.276,0,0.830196,1.06083,0.201786,18.1607,20.7798,368640,0.2977,0.3336,0,0.202044,0,1,1
box_detour_wall_far,oi_face_rot_near_mppi,13331,256,16,0,0,1,1,1,88,0.243916,0.0968006,10.9634,0,0.770051,0.955091,0.2039,17.9432,20.4134,360448,0.2708,0.2815,0,0.204215,0,1,1
box_detour_wall_far,oi_face_rot_near_mppi,13338,256,16,0,0,1,1,1,74,0.24601,0.201549,8.75818,0,0.89534,1.22407,0.198278,14.6726,16.4045,303104,0.2666,0.9068,0,0.198596,0,1,1
box_detour_wall_far,oi_face_rot_near_mppi,13345,256,16,0,0,1,1,1,111,0.2488,0.118564,9.48249,0,0.886869,1.50952,0.17568,19.5005,21.5027,454656,0.2559,0.2893,0,0.175907,0,1,1
box_detour_wall_far,oi_face_rot_near_mppi,13352,256,16,0,0,1,1,1,47,0.243392,0.174206,7.11997,0,0.781386,0.914553,0.182313,8.5687,9.3822,192512,0.2774,0.303,0,0.182611,0,1,1
box_detour_wall_far,oi_face_rot_near_mppi,13359,256,16,0,0,1,1,1,95,0.237806,0.074933,12.3319,0,0.878088,1.14744,0.187809,17.8419,19.7037,389120,0.2679,0.3124,0,0.18804,0,1,1
box_detour_wall_far,oi_face_rot_stall_mppi,13156,256,16,0,0,1,1,1,124,0.183647,0.172772,12.1235,0,0.780206,1.05014,0.18628,23.0987,25.5162,507904,0.2742,0.3529,0,0.186515,0,1,1
box_detour_wall_far,oi_face_rot_stall_mppi,13163,256,16,0,0,1,1,1,127,0.208741,0.109347,10.8176,0,0.807943,1.26897,0.200302,25.4384,28.9686,520192,0.2661,0.3444,0,0.200558,0,1,1
box_detour_wall_far,oi_face_rot_stall_mppi,13170,256,16,0,0,1,1,1,87,0.232679,0.169406,9.14685,0,0.940199,1.70402,0.169825,14.7748,16.1679,356352,0.2205,0.2772,0,0.17007,0,1,1
box_detour_wall_far,oi_face_rot_stall_mppi,13177,256,16,0,0,1,1,1,119,0.249959,0.0620811,13.6434,0,0.959222,1.68761,0.19896,23.6762,26.6564,487424,0.2725,0.3293,0,0.199218,0,1,1
box_detour_wall_far,oi_face_rot_stall_mppi,13184,256,16,0,0,1,1,1,66,0.239973,0.028077,8.65795,0,1.00576,1.53167,0.194442,12.8332,14.4216,270336,0.2708,0.3121,0,0.194848,0,1,1
box_detour_wall_far,oi_face_rot_stall_mppi,13191,256,16,0,0,1,1,1,125,0.226243,0.115057,13.256,0,0.771491,1.02399,0.19125,23.9062,26.6422,512000,0.2852,0.3241,0,0.191491,0,1,1
box_detour_wall_far,oi_face_rot_stall_mppi,13198,256,16,0,0,1,1,1,78,0.249048,0.132482,7.81156,0,0.983623,1.67844,0.184391,14.3825,16.3619,319488,0.2207,0.3061,0,0.184738,0,1,1
box_detour_wall_far,oi_face_rot_stall_mppi,13205,256,16,0,0,1,1,1,96,0.232227,0.0456757,11.7514,0,0.725308,0.990027,0.198335,19.0402,21.4182,393216,0.2682,0.2733,0,0.198636,0,1,1
box_detour_wall_far,oi_face_rot_stall_mppi,13212,256,16,0,0,1,1,1,111,0.228102,0.0914655,8.90197,0,0.988343,1.77305,0.191158,21.2185,23.9096,454656,0.2574,0.3505,0,0.191442,0,1,1
box_detour_wall_far,oi_face_rot_stall_mppi,13219,256,16,0,0,1,1,1,76,0.226347,0.0322866,8.11325,0,0.930787,1.46365,0.214167,16.2767,18.7458,311296,0.3499,0.5842,0,0.214685,0,1,1
box_detour_wall_far,oi_face_rot_stall_mppi,13226,256,16,0,0,1,1,1,85,0.241429,0.0505086,10.2564,0,0.814471,1.04009,0.194296,16.5152,18.4514,348160,0.2888,0.4508,0,0.194706,0,1,1
box_detour_wall_far,oi_face_rot_stall_mppi,13233,256,16,0,0,1,1,1,136,0.162513,0.0539878,11.3945,0,0.814352,1.28039,0.18584,25.2742,28.2249,557056,0.2681,0.4984,0,0.186155,0,1,1
box_detour_wall_far,oi_face_rot_stall_mppi,13240,256,16,0,0,1,1,1,97,0.245543,0.168755,11.6253,0,0.801318,1.11354,0.199907,19.391,21.9366,397312,0.2682,0.3299,0,0.200265,0,1,1
box_detour_wall_far,oi_face_rot_stall_mppi,13247,256,16,0,0,1,1,1,104,0.245666,0.0498865,11.1759,0,0.955589,1.45517,0.186533,19.3994,21.7081,425984,0.2598,0.2715,0,0.186838,0,1,1
box_detour_wall_far,oi_face_rot_stall_mppi,13254,256,16,0,0,1,1,1,66,0.24746,0.048933,8.15414,0,0.856912,1.22762,0.176459,11.6463,12.7967,270336,0.2208,0.2668,0,0.176759,0,1,1
box_detour_wall_far,oi_face_rot_stall_mppi,13261,256,16,0,0,1,1,1,113,0.248516,0.137532,10.6629,0,0.872227,1.34693,0.194473,21.9755,24.4585,462848,0.2684,0.3402,0,0.194735,0,1,1
box_detour_wall_far,oi_face_rot_stall_mppi,13268,256,16,0,0,1,1,1,121,0.242688,0.015233,11.955,0,0.817155,1.23741,0.177974,21.5349,23.6521,495616,0.2558,0.2724,0,0.178205,0,1,1
box_detour_wall_far,oi_face_rot_stall_mppi,13275,256,16,0,0,1,1,1,102,0.211304,0.0194857,13.2825,0,0.886297,1.25261,0.202101,20.6143,22.7165,417792,0.3045,0.9708,0,0.202328,0,1,1
box_detour_wall_far,oi_face_rot_stall_mppi,13282,256,16,0,0,1,1,1,100,0.198168,0.0505094,9.1325,0,1.03821,2.00357,0.182234,18.2234,19.8537,409600,0.274,0.3582,0,0.182495,0,1,1
box_detour_wall_far,oi_face_rot_stall_mppi,13289,256,16,0,0,1,1,1,113,0.1719,0.0317494,10.405,0,1.00789,1.72216,0.19985,22.5831,25.8027,462848,0.2715,0.3351,0,0.200136,0,1,1
box_detour_wall_far,oi_face_rot_stall_mppi,13296,256,16,0,0,1,1,1,110,0.226517,0.0174107,11.2569,0,0.940024,1.42909,0.188746,20.7621,23.3927,450560,0.2764,0.322,0,0.189083,0,1,1
box_detour_wall_far,oi_face_rot_stall_mppi,13303,256,16,0,0,1,1,1,100,0.237258,0.0976185,11.7268,0,0.872932,1.30972,0.179142,17.9142,19.4986,409600,0.2524,0.3019,0,0.179364,0,1,1
box_detour_wall_far,oi_face_rot_stall_mppi,13310,256,16,0,0,1,1,1,155,0.22043,0.0336776,13.0491,0,0.721086,1.10573,0.181475,28.1287,30.9694,634880,0.2623,0.2751,0,0.181641,0,1,1
box_detour_wall_far,oi_face_rot_stall_mppi,13317,256,16,0,0,1,1,1,110,0.204864,0.0650259,9.86833,0,0.923884,1.49973,0.192813,21.2094,24.0168,450560,0.3054,0.3418,0,0.193095,0,1,1
box_detour_wall_far,oi_face_rot_stall_mppi,13324,256,16,0,0,1,1,1,138,0.223156,0.166662,11.554,0,1.04613,2.07119,0.192754,26.6001,30.2166,565248,0.2564,0.3303,0,0.193006,0,1,1
box_detour_wall_far,oi_face_rot_stall_mppi,13331,256,16,0,0,1,1,1,87,0.240477,0.135352,10.9475,0,0.749375,0.92975,0.1892,16.4604,18.5311,356352,0.2675,0.3649,0,0.189476,0,1,1
box_detour_wall_far,oi_face_rot_stall_mppi,13338,256,16,0,0,1,1,1,84,0.240487,0.136269,9.11185,0,0.892267,1.30389,0.182075,15.2943,16.6946,344064,0.2664,0.3296,0,0.182307,0,1,1
box_detour_wall_far,oi_face_rot_stall_mppi,13345,256,16,0,0,1,1,1,89,0.229809,0.132658,8.93911,0,0.868261,1.38431,0.200798,17.871,20.2471,364544,0.2711,0.2977,0,0.201105,0,1,1
box_detour_wall_far,oi_face_rot_stall_mppi,13352,256,16,0,0,1,1,1,46,0.237617,0.0987925,7.04085,0,0.694668,0.797236,0.183922,8.4604,9.5483,188416,0.2511,0.3011,0,0.184341,0,1,1
box_detour_wall_far,oi_face_rot_stall_mppi,13359,256,16,0,0,1,1,1,87,0.236177,0.154033,11.5411,0,0.856945,1.13975,0.202944,17.6561,19.9408,356352,0.2564,0.3092,0,0.203286,0,1,1
box_detour_wall_far,oi_face_rot_wide_mppi,13156,256,16,0,0,1,1,1,124,0.183647,0.172772,12.1235,0,0.780206,1.05014,0.187285,23.2233,25.8162,507904,0.2571,0.3271,0,0.187493,0,1,1
box_detour_wall_far,oi_face_rot_wide_mppi,13163,256,16,0,0,1,1,1,127,0.208741,0.109347,10.8176,0,0.807943,1.26897,0.203492,25.8435,28.8143,520192,0.2732,0.3619,0,0.203759,0,1,1
box_detour_wall_far,oi_face_rot_wide_mppi,13170,256,16,0,0,1,1,1,87,0.232679,0.169406,9.14685,0,0.940199,1.70402,0.1705,14.8335,16.1454,356352,0.2328,0.2821,0,0.170706,0,1,1
box_detour_wall_far,oi_face_rot_wide_mppi,13177,256,16,0,0,1,1,1,119,0.249959,0.0620811,13.6434,0,0.959222,1.68761,0.191238,22.7573,25.3391,487424,0.2661,0.3299,0,0.191514,0,1,1
box_detour_wall_far,oi_face_rot_wide_mppi,13184,256,16,0,0,1,1,1,66,0.239973,0.028077,8.65795,0,1.00576,1.53167,0.201736,13.3146,15.0735,270336,0.259,0.3929,0,0.202047,0,1,1
box_detour_wall_far,oi_face_rot_wide_mppi,13191,256,16,0,0,1,1,1,125,0.226243,0.115057,13.256,0,0.771491,1.02399,0.185623,23.2029,25.5016,512000,0.2614,0.313,0,0.185834,0,1,1
box_detour_wall_far,oi_face_rot_wide_mppi,13198,256,16,0,0,1,1,1,78,0.249048,0.132482,7.81156,0,0.983623,1.67844,0.196823,15.3522,17.4775,319488,0.2698,0.3445,0,0.197167,0,1,1
box_detour_wall_far,oi_face_rot_wide_mppi,13205,256,16,0,0,1,1,1,96,0.232227,0.0456757,11.7514,0,0.725308,0.990027,0.210836,20.2403,22.7607,393216,0.2758,0.3574,0,0.2111,0,1,1
box_detour_wall_far,oi_face_rot_wide_mppi,13212,256,16,0,0,1,1,1,111,0.228102,0.0914655,8.90197,0,0.988343,1.77305,0.203966,22.6402,25.4717,454656,0.2779,0.3602,0,0.204194,0,1,1
box_detour_wall_far,oi_face_rot_wide_mppi,13219,256,16,0,0,1,1,1,76,0.226347,0.0322866,8.11325,0,0.930787,1.46365,0.205963,15.6532,17.5563,311296,0.3005,0.3408,0,0.206232,0,1,1
box_detour_wall_far,oi_face_rot_wide_mppi,13226,256,16,0,0,1,1,1,85,0.241429,0.0505086,10.2564,0,0.814471,1.04009,0.203705,17.3149,19.3651,348160,0.259,0.2685,0,0.203975,0,1,1
box_detour_wall_far,oi_face_rot_wide_mppi,13233,256,16,0,0,1,1,1,136,0.162513,0.0539878,11.3945,0,0.814352,1.28039,0.184593,25.1046,27.9435,557056,0.2702,0.3101,0,0.184821,0,1,1
box_detour_wall_far,oi_face_rot_wide_mppi,13240,256,16,0,0,1,1,1,97,0.245543,0.168755,11.6253,0,0.801318,1.11354,0.20447,19.8336,22.3921,397312,0.2785,0.3304,0,0.204791,0,1,1
box_detour_wall_far,oi_face_rot_wide_mppi,13247,256,16,0,0,1,1,1,104,0.245666,0.0498865,11.1759,0,0.955589,1.45517,0.197863,20.5778,23.3289,425984,0.2584,0.3041,0,0.198137,0,1,1
box_detour_wall_far,oi_face_rot_wide_mppi,13254,256,16,0,0,1,1,1,66,0.24746,0.048933,8.15414,0,0.856912,1.22762,0.205012,13.5308,15.2487,270336,0.2701,0.3173,0,0.205405,0,1,1
box_detour_wall_far,oi_face_rot_wide_mppi,13261,256,16,0,0,1,1,1,113,0.248516,0.137532,10.6629,0,0.872227,1.34693,0.203899,23.0406,26.1226,462848,0.2792,0.3328,0,0.204187,0,1,1
box_detour_wall_far,oi_face_rot_wide_mppi,13268,256,16,0,0,1,1,1,121,0.242688,0.015233,11.955,0,0.817155,1.23741,0.198552,24.0248,27.1388,495616,0.2616,0.3433,0,0.198817,0,1,1
box_detour_wall_far,oi_face_rot_wide_mppi,13275,256,16,0,0,1,1,1,102,0.211304,0.0194857,13.2825,0,0.886297,1.25261,0.195935,19.9854,22.0428,417792,0.2818,0.3269,0,0.19622,0,1,1
box_detour_wall_far,oi_face_rot_wide_mppi,13282,256,16,0,0,1,1,1,100,0.198168,0.0505094,9.1325,0,1.03821,2.00357,0.177604,17.7604,19.2366,409600,0.2567,0.3231,0,0.177794,0,1,1
box_detour_wall_far,oi_face_rot_wide_mppi,13289,256,16,0,0,1,1,1,113,0.1719,0.0317494,10.405,0,1.00789,1.72216,0.182116,20.5791,22.4676,462848,0.2732,0.3197,0,0.182398,0,1,1
box_detour_wall_far,oi_face_rot_wide_mppi,13296,256,16,0,0,1,1,1,110,0.226517,0.0174107,11.2569,0,0.940024,1.42909,0.197775,21.7552,24.3311,450560,0.2779,0.3231,0,0.198041,0,1,1
box_detour_wall_far,oi_face_rot_wide_mppi,13303,256,16,0,0,1,1,1,100,0.237258,0.0976185,11.7268,0,0.872932,1.30972,0.19856,19.856,22.6257,409600,0.2626,0.4226,0,0.198958,0,1,1
box_detour_wall_far,oi_face_rot_wide_mppi,13310,256,16,0,0,1,1,1,155,0.22043,0.0336776,13.0491,0,0.721086,1.10573,0.192984,29.9125,33.708,634880,0.2696,0.3181,0,0.193265,0,1,1
box_detour_wall_far,oi_face_rot_wide_mppi,13317,256,16,0,0,1,1,1,110,0.204864,0.0650259,9.86833,0,0.923884,1.49973,0.188748,20.7623,23.1702,450560,0.2789,0.3128,0,0.189003,0,1,1
box_detour_wall_far,oi_face_rot_wide_mppi,13324,256,16,0,0,1,1,1,138,0.223156,0.166662,11.554,0,1.04613,2.07119,0.180803,24.9508,27.3551,565248,0.2675,0.3192,0,0.180993,0,1,1
box_detour_wall_far,oi_face_rot_wide_mppi,13331,256,16,0,0,1,1,1,87,0.240477,0.135352,10.9475,0,0.749375,0.92975,0.187735,16.3329,18.2273,356352,0.2604,0.3536,0,0.187966,0,1,1
box_detour_wall_far,oi_face_rot_wide_mppi,13338,256,16,0,0,1,1,1,84,0.240487,0.136269,9.11185,0,0.892267,1.30389,0.196611,16.5153,18.6767,344064,0.2689,0.3574,0,0.196918,0,1,1
box_detour_wall_far,oi_face_rot_wide_mppi,13345,256,16,0,0,1,1,1,89,0.229809,0.132658,8.93911,0,0.868261,1.38431,0.202409,18.0144,20.2779,364544,0.2676,0.2845,0,0.202708,0,1,1
box_detour_wall_far,oi_face_rot_wide_mppi,13352,256,16,0,0,1,1,1,46,0.237617,0.0987925,7.04085,0,0.694668,0.797236,0.182533,8.3965,9.6435,188416,0.2105,0.2686,0,0.182983,0,1,1
box_detour_wall_far,oi_face_rot_wide_mppi,13359,256,16,0,0,1,1,1,87,0.236177,0.154033,11.5411,0,0.856945,1.13975,0.182268,15.8573,17.5001,356352,0.2303,0.2791,0,0.182552,0,1,1
box_detour_wall_left,oi_face_rot_mppi,13056,256,16,0,0,1,1,1,105,0.239744,0.00523873,7.88726,0,0.635192,0.650651,0.204708,21.4943,24.1921,430080,0.2706,0.3307,0,0.204988,0,1,1
box_detour_wall_left,oi_face_rot_mppi,13063,256,16,0,0,0,1,0,420,1.21137,0.293379,49.2506,0,0.668353,0.65661,0.193485,81.2639,90.2966,1720320,0.2818,0.3471,0,0.193641,0,1,0
box_detour_wall_left,oi_face_rot_mppi,13070,256,16,0,0,1,1,1,127,0.23895,0.255519,9.81662,0,0.608345,0.592309,0.189998,24.1298,27.3919,520192,0.2323,0.3033,0,0.190237,0,1,1
box_detour_wall_left,oi_face_rot_mppi,13077,256,16,0,0,1,1,1,215,0.243957,0.112288,21.1868,0,0.64332,0.597911,0.202695,43.5795,48.8908,880640,0.2871,0.3377,0,0.202924,0,1,1
box_detour_wall_left,oi_face_rot_mppi,13084,256,16,0,0,1,1,1,152,0.233547,0.162484,14.6911,0,0.632921,0.590329,0.191735,29.1437,32.1506,622592,0.2844,0.3253,0,0.192043,0,1,1
box_detour_wall_left,oi_face_rot_mppi,13091,256,16,0,0,1,1,1,142,0.215612,0.2231,9.33825,0,0.653474,0.689673,0.183984,26.1257,28.6928,581632,0.252,0.3674,0,0.18423,0,1,1
box_detour_wall_left,oi_face_rot_mppi,13098,256,16,0,0,1,1,1,90,0.100876,0.28528,9.34701,0,0.639638,0.604186,0.211898,19.0708,21.5729,368640,0.2774,0.3157,0,0.212211,0,1,1
box_detour_wall_left,oi_face_rot_mppi,13105,256,16,0,0,1,1,1,116,0.249374,0.140226,8.51581,0,0.608576,0.578268,0.190986,22.1544,24.5942,475136,0.2561,0.5266,0,0.191397,0,1,1
box_detour_wall_left,oi_face_rot_mppi,13112,256,16,0,0,1,1,1,98,0.249112,0.197935,8.76556,0,0.708775,0.716181,0.180831,17.7214,19.6724,401408,0.2642,0.3027,0,0.181115,0,1,1
box_detour_wall_left,oi_face_rot_mppi,13119,256,16,0,0,1,1,1,145,0.228194,0.295421,8.4097,0,0.622708,0.64134,0.182607,26.478,29.1267,593920,0.2769,0.3585,0,0.182817,0,1,1
box_detour_wall_left,oi_face_rot_mppi,13126,256,16,0,0,1,1,1,85,0.236849,0.245033,6.05212,0,0.615911,0.648762,0.196178,16.6751,18.984,348160,0.2714,0.3035,0,0.196534,0,1,1
box_detour_wall_left,oi_face_rot_mppi,13133,256,16,0,0,1,1,1,83,0.240876,0.0798931,6.70213,0,0.701908,0.762598,0.194847,16.1723,18.0707,339968,0.3011,0.3614,0,0.195152,0,1,1
box_detour_wall_left,oi_face_rot_mppi,13140,256,16,0,0,1,1,1,98,0.244025,0.250841,8.61043,0,0.742595,0.799201,0.190447,18.6638,21.0825,401408,0.2394,0.2591,0,0.190718,0,1,1
box_detour_wall_left,oi_face_rot_mppi,13147,256,16,0,0,1,1,1,79,0.247634,0.154413,6.34369,0,0.686652,0.640667,0.174773,13.8071,15.1124,323584,0.219,0.2702,0,0.175042,0,1,1
box_detour_wall_left,oi_face_rot_mppi,13154,256,16,0,0,1,1,1,93,0.24934,0.00821653,8.5635,0,0.653779,0.662059,0.195825,18.2117,20.0337,380928,0.2813,0.3512,0,0.196056,0,1,1
box_detour_wall_left,oi_face_rot_mppi,13161,256,16,0,0,1,1,1,79,0.229283,0.138238,6.1858,0,0.60728,0.5467,0.193873,15.316,17.066,323584,0.2671,0.3216,0,0.194195,0,1,1
box_detour_wall_left,oi_face_rot_mppi,13168,256,16,0,0,1,1,1,99,0.24662,0.133293,7.70834,0,0.716451,0.754026,0.191643,18.9727,21.3947,405504,0.2897,0.3188,0,0.191926,0,1,1
box_detour_wall_left,oi_face_rot_mppi,13175,256,16,0,0,1,1,1,118,0.225111,0.277556,7.0653,0,0.660159,0.647358,0.196239,23.1562,25.9821,483328,0.2925,0.3291,0,0.196469,0,1,1
box_detour_wall_left,oi_face_rot_mppi,13182,256,16,0,0,1,1,1,135,0.241784,0.102977,9.03019,0,0.616463,0.603727,0.194144,26.2095,29.3038,552960,0.2706,0.3015,0,0.194344,0,1,1
box_detour_wall_left,oi_face_rot_mppi,13189,256,16,0,0,1,1,1,68,0.236526,0.00296662,6.45502,0,0.691909,0.753825,0.199269,13.5503,15.2862,278528,0.3143,0.3168,0,0.199638,0,1,1
box_detour_wall_left,oi_face_rot_mppi,13196,256,16,0,0,1,1,1,121,0.248455,0.0767538,12.2778,0,0.7701,0.879689,0.195484,23.6536,26.7133,495616,0.2943,0.3231,0,0.195799,0,1,1
box_detour_wall_left,oi_face_rot_mppi,13203,256,16,0,0,1,1,1,105,0.247755,0.0760054,8.05914,0,0.66917,0.679518,0.195979,20.5778,23.3228,430080,0.2293,0.2704,0,0.196379,0,1,1
box_detour_wall_left,oi_face_rot_mppi,13210,256,16,0,0,1,1,1,128,0.231525,0.195477,9.26955,0,0.599217,0.54968,0.198434,25.3995,28.4109,524288,0.2719,0.3235,0,0.198692,0,1,1
box_detour_wall_left,oi_face_rot_mppi,13217,256,16,0,0,1,1,1,152,0.242652,0.026668,13.9083,0,0.820256,1.11553,0.206783,31.431,35.7535,622592,0.2889,0.3144,0,0.207041,0,1,1
box_detour_wall_left,oi_face_rot_mppi,13224,256,16,0,0,1,1,1,226,0.242675,0.233198,23.3553,0,0.745561,0.944259,0.175353,39.6299,43.5068,925696,0.2552,0.3101,0,0.175542,0,1,1
box_detour_wall_left,oi_face_rot_mppi,13231,256,16,0,0,1,1,1,84,0.248676,0.15365,7.29937,0,0.569871,0.534452,0.201356,16.9139,19.2269,344064,0.2804,0.3457,0,0.201631,0,1,1
box_detour_wall_left,oi_face_rot_mppi,13238,256,16,0,0,1,1,1,142,0.239202,0.0876947,11.1556,0,0.680983,0.730738,0.187464,26.6199,29.671,581632,0.265,0.3206,0,0.187697,0,1,1
box_detour_wall_left,oi_face_rot_mppi,13245,256,16,0,0,1,1,1,109,0.249777,0.0846134,7.76852,0,0.625479,0.727107,0.204324,22.2713,25.2354,446464,0.2738,0.3538,0,0.204609,0,1,1
box_detour_wall_left,oi_face_rot_mppi,13252,256,16,0,0,1,1,1,109,0.249064,0.0757804,9.04771,0,0.632381,0.646381,0.205417,22.3904,25.2617,446464,0.2952,0.346,0,0.205708,0,1,1
box_detour_wall_left,oi_face_rot_mppi,13259,256,16,0,0,1,1,1,84,0.226752,0.302283,8.87897,0,0.782969,0.846519,0.218056,18.3167,20.8951,344064,0.3002,0.3917,0,0.218435,0,1,1
box_detour_wall_left,oi_face_rot_near_mppi,13056,256,16,0,0,1,1,1,108,0.221781,0.0141632,8.0515,0,0.806576,1.20759,0.201423,21.7537,24.9428,442368,0.2866,0.3304,0,0.201746,0,1,1
box_detour_wall_left,oi_face_rot_near_mppi,13063,256,16,0,0,0,1,0,420,1.21137,0.293379,49.2506,0,0.668353,0.65661,0.210795,88.534,101.235,1720320,0.2816,0.7055,0,0.210979,0,1,0
box_detour_wall_left,oi_face_rot_near_mppi,13070,256,16,0,0,1,1,1,112,0.247555,0.00910757,9.39997,0,0.812074,1.22601,0.19187,21.4895,24.5205,458752,0.2689,0.2883,0,0.192233,0,1,1
box_detour_wall_left,oi_face_rot_near_mppi,13077,256,16,0,0,1,1,1,216,0.24328,0.00352507,21.1438,0,0.764684,1.00288,0.213588,46.135,52.8547,884736,0.2984,0.3649,0,0.213841,0,1,1
box_detour_wall_left,oi_face_rot_near_mppi,13084,256,16,0,0,1,1,1,171,0.227352,0.070508,15.1472,0,0.712521,0.922093,0.204571,34.9817,39.3606,700416,0.2941,0.3344,0,0.204839,0,1,1
box_detour_wall_left,oi_face_rot_near_mppi,13091,256,16,0,0,1,1,1,140,0.228869,0.080791,9.62186,0,0.680263,0.996346,0.195676,27.3946,30.8541,573440,0.2584,0.3104,0,0.195946,0,1,1
box_detour_wall_left,oi_face_rot_near_mppi,13098,256,16,0,0,1,1,1,88,0.216078,0.154428,9.27696,0,0.781217,1.10319,0.208825,18.3766,20.7031,360448,0.315,0.3751,0,0.209148,0,1,1
box_detour_wall_left,oi_face_rot_near_mppi,13105,256,16,0,0,1,1,1,94,0.239605,0.200308,8.04315,0,0.880722,1.26585,0.201095,18.9029,21.2965,385024,0.3044,0.5424,0,0.201523,0,1,1
box_detour_wall_left,oi_face_rot_near_mppi,13112,256,16,0,0,1,1,1,100,0.211661,0.184095,8.72049,0,0.915903,1.54314,0.196501,19.6501,22.3753,409600,0.2814,0.3172,0,0.196832,0,1,1
box_detour_wall_left,oi_face_rot_near_mppi,13119,256,16,0,0,1,1,1,137,0.21079,0.330238,8.62498,0,0.824291,1.4417,0.197358,27.038,30.6578,561152,0.2782,0.8508,0,0.197633,0,1,1
box_detour_wall_left,oi_face_rot_near_mppi,13126,256,16,0,0,1,1,1,92,0.223057,0.0345756,6.40095,0,0.888562,1.5985,0.210936,19.4061,22.0559,376832,0.2808,0.3245,0,0.211288,0,1,1
box_detour_wall_left,oi_face_rot_near_mppi,13133,256,16,0,0,1,1,1,86,0.190828,0.0648588,6.75644,0,0.949935,1.53196,0.21067,18.1176,20.767,352256,0.2972,0.3619,0,0.211065,0,1,1
box_detour_wall_left,oi_face_rot_near_mppi,13140,256,16,0,0,1,1,1,98,0.240088,0.159618,8.18534,0,0.847855,1.11765,0.205747,20.1632,23.1963,401408,0.3088,0.3484,0,0.206115,0,1,1
box_detour_wall_left,oi_face_rot_near_mppi,13147,256,16,0,0,1,1,1,89,0.239887,0.0215771,6.49707,0,0.932256,1.50629,0.207352,18.4543,21.0102,364544,0.3127,0.3812,0,0.207738,0,1,1
box_detour_wall_left,oi_face_rot_near_mppi,13154,256,16,0,0,1,1,1,84,0.242183,0.161657,8.34151,0,0.697653,0.788118,0.208443,17.5092,19.7586,344064,0.2868,0.3421,0,0.208761,0,1,1
box_detour_wall_left,oi_face_rot_near_mppi,13161,256,16,0,0,1,1,1,77,0.18119,0.176085,6.20609,0,0.714977,0.999076,0.208718,16.0713,18.3992,315392,0.2687,0.316,0,0.209107,0,1,1
box_detour_wall_left,oi_face_rot_near_mppi,13168,256,16,0,0,1,1,1,93,0.213033,0.0532865,7.63951,0,0.868672,1.22114,0.202832,18.8634,21.4383,380928,0.2662,0.3096,0,0.203148,0,1,1
box_detour_wall_left,oi_face_rot_near_mppi,13175,256,16,0,0,1,1,1,89,0.241254,0.0414974,6.29632,0,0.924157,1.51038,0.196645,17.5014,19.7359,364544,0.3044,0.3901,0,0.196964,0,1,1
box_detour_wall_left,oi_face_rot_near_mppi,13182,256,16,0,0,1,1,1,121,0.228599,0.26914,9.20384,0,0.876487,1.34491,0.194015,23.4758,26.022,495616,0.2963,0.4038,0,0.19431,0,1,1
box_detour_wall_left,oi_face_rot_near_mppi,13189,256,16,0,0,1,1,1,93,0.233378,0.0871513,7.16263,0,1.01846,1.90523,0.201358,18.7263,20.8696,380928,0.2676,0.3104,0,0.201721,0,1,1
box_detour_wall_left,oi_face_rot_near_mppi,13196,256,16,0,0,1,1,1,100,0.18978,0.0280838,7.86956,0,0.737868,1.11323,0.194682,19.4682,22.1994,409600,0.2567,0.32,0,0.19499,0,1,1
box_detour_wall_left,oi_face_rot_near_mppi,13203,256,16,0,0,1,1,1,111,0.224054,0.0590139,8.34053,0,0.804644,1.10624,0.192062,21.3189,23.6028,454656,0.2995,0.3933,0,0.192427,0,1,1
box_detour_wall_left,oi_face_rot_near_mppi,13210,256,16,0,0,1,1,1,103,0.24927,0.134153,8.85632,0,0.826302,1.05377,0.213894,22.0311,24.7564,421888,0.2909,0.3306,0,0.214295,0,1,1
box_detour_wall_left,oi_face_rot_near_mppi,13217,256,16,0,0,1,1,1,94,0.214735,0.00936769,8.90882,0,0.721933,0.84574,0.211071,19.8407,22.8161,385024,0.3084,0.3793,0,0.21142,0,1,1
box_detour_wall_left,oi_face_rot_near_mppi,13224,256,16,0,0,1,1,1,90,0.239526,0.0479459,9.09109,0,0.767883,1.06021,0.198369,17.8532,20.0836,368640,0.2893,0.3256,0,0.19868,0,1,1
box_detour_wall_left,oi_face_rot_near_mppi,13231,256,16,0,0,1,1,1,104,0.226962,0.325349,8.0984,0,0.92284,1.6559,0.204186,21.2353,24.3241,425984,0.2781,0.3571,0,0.204618,0,1,1
box_detour_wall_left,oi_face_rot_near_mppi,13238,256,16,0,0,1,1,1,119,0.19085,0.0748954,10.7404,0,0.883403,1.34058,0.19147,22.7849,25.7814,487424,0.2625,0.3044,0,0.19174,0,1,1
box_detour_wall_left,oi_face_rot_near_mppi,13245,256,16,0,0,1,1,1,98,0.157411,0.156827,7.64605,0,0.74614,1.0482,0.198695,19.4721,21.5516,401408,0.2719,0.3041,0,0.19899,0,1,1
box_detour_wall_left,oi_face_rot_near_mppi,13252,256,16,0,0,1,1,1,90,0.235551,0.331914,8.75329,0,0.984302,1.68184,0.192098,17.2888,18.8374,368640,0.2938,0.3154,0,0.192366,0,1,1
box_detour_wall_left,oi_face_rot_near_mppi,13259,256,16,0,0,1,1,1,70,0.232107,0.313363,7.79921,0,0.826886,1.0723,0.204561,14.3193,15.9732,286720,0.279,0.359,0,0.204894,0,1,1
box_detour_wall_left,oi_face_rot_stall_mppi,13056,256,16,0,0,1,1,1,119,0.231032,0.0348095,8.27278,0,0.809901,1.25672,0.199362,23.7241,26.5044,487424,0.3032,0.3475,0,0.199597,0,1,1
box_detour_wall_left,oi_face_rot_stall_mppi,13063,256,16,0,0,0,1,0,420,1.21137,0.293379,49.8932,0,3.4203,13.6198,0.188739,79.2704,88.0358,1720320,0.2694,0.3529,0,0.188927,0,1,0
box_detour_wall_left,oi_face_rot_stall_mppi,13070,256,16,0,0,1,1,1,112,0.231946,0.106053,10.0216,0,0.944765,1.78216,0.183179,20.5161,22.8813,458752,0.2636,0.3293,0,0.183433,0,1,1
box_detour_wall_left,oi_face_rot_stall_mppi,13077,256,16,0,0,0,1,0,420,1.20717,0.271494,49.5239,0,3.44005,13.6506,0.203373,85.4166,96.854,1720320,0.2775,0.3273,0,0.203548,0,1,0
box_detour_wall_left,oi_face_rot_stall_mppi,13084,256,16,0,0,0,1,0,420,1.23205,0.179936,50.6868,0,2.81656,9.8618,0.206055,86.5432,97.9864,1720320,0.29,0.3384,0,0.206234,0,1,0
box_detour_wall_left,oi_face_rot_stall_mppi,13091,256,16,0,0,1,1,1,137,0.241199,0.00323851,9.96834,0,0.750099,1.07769,0.206447,28.2833,32.1602,561152,0.2708,0.5172,0,0.206802,0,1,1
box_detour_wall_left,oi_face_rot_stall_mppi,13098,256,16,0,0,1,1,1,120,0.247302,0.067733,9.00872,0,0.945925,1.893,0.20816,24.9792,28.5594,491520,0.2971,0.3994,0,0.208526,0,1,1
box_detour_wall_left,oi_face_rot_stall_mppi,13105,256,16,0,0,1,1,1,110,0.179715,0.0180984,8.32372,0,0.809324,1.24768,0.206472,22.7119,25.9213,450560,0.2992,0.3169,0,0.206823,0,1,1
box_detour_wall_left,oi_face_rot_stall_mppi,13112,256,16,0,0,1,1,1,133,0.242625,0.0124943,9.76614,0,0.874432,1.49591,0.201778,26.8364,30.6074,544768,0.2678,0.3523,0,0.202035,0,1,1
box_detour_wall_left,oi_face_rot_stall_mppi,13119,256,16,0,0,1,1,1,111,0.233361,0.111019,8.2916,0,0.800312,1.18474,0.195524,21.7032,24.4497,454656,0.2607,0.3404,0,0.195834,0,1,1
box_detour_wall_left,oi_face_rot_stall_mppi,13126,256,16,0,0,1,1,1,103,0.236576,0.0356261,6.43216,0,0.791476,1.31911,0.201245,20.7282,23.6712,421888,0.2712,0.2837,0,0.20188,0,1,1
box_detour_wall_left,oi_face_rot_stall_mppi,13133,256,16,0,0,1,1,1,81,0.174718,0.0422378,6.66586,0,0.886381,1.2638,0.208911,16.9218,19.1383,331776,0.2783,0.3976,0,0.20931,0,1,1
box_detour_wall_left,oi_face_rot_stall_mppi,13140,256,16,0,0,1,1,1,107,0.243224,0.120144,7.95433,0,0.896034,1.45537,0.225607,24.14,27.9169,438272,0.3167,0.3582,0,0.225956,0,1,1
box_detour_wall_left,oi_face_rot_stall_mppi,13147,256,16,0,0,1,1,1,96,0.222855,0.10832,6.69123,0,1.1499,2.52487,0.205624,19.7399,22.514,393216,0.2674,0.3483,0,0.206009,0,1,1
box_detour_wall_left,oi_face_rot_stall_mppi,13154,256,16,0,0,1,1,1,95,0.20442,0.0664675,8.56415,0,0.827885,1.20084,0.21576,20.4972,23.1834,389120,0.3053,0.3168,0,0.216155,0,1,1
box_detour_wall_left,oi_face_rot_stall_mppi,13161,256,16,0,0,1,1,1,51,0.215028,0.0465044,5.83135,0,0.617845,0.619073,0.202402,10.3225,11.6994,208896,0.2666,0.2939,0,0.202904,0,1,1
box_detour_wall_left,oi_face_rot_stall_mppi,13168,256,16,0,0,1,1,1,96,0.229275,0.105306,8.06031,0,0.856859,1.3126,0.200284,19.2273,21.9042,393216,0.2668,0.3176,0,0.200672,0,1,1
box_detour_wall_left,oi_face_rot_stall_mppi,13175,256,16,0,0,1,1,1,122,0.226606,0.0774277,7.50023,0,1.11755,2.38823,0.204196,24.9119,28.4886,499712,0.2662,0.3441,0,0.204508,0,1,1
box_detour_wall_left,oi_face_rot_stall_mppi,13182,256,16,0,0,1,1,1,95,0.21561,0.0159832,8.54001,0,0.860212,1.34926,0.212293,20.1678,22.5915,389120,0.2722,1.5137,0,0.212667,0,1,1
box_detour_wall_left,oi_face_rot_stall_mppi,13189,256,16,0,0,1,1,1,88,0.234395,0.0503921,6.8898,0,0.921958,1.38567,0.195965,17.2449,19.5008,360448,0.2701,0.3115,0,0.196249,0,1,1
box_detour_wall_left,oi_face_rot_stall_mppi,13196,256,16,0,0,1,1,1,77,0.23731,0.200753,7.13467,0,0.748902,0.916188,0.211958,16.3208,18.372,315392,0.3062,0.6172,0,0.212301,0,1,1
box_detour_wall_left,oi_face_rot_stall_mppi,13203,256,16,0,0,1,1,1,110,0.234619,0.0481417,8.40503,0,0.853016,1.21536,0.205574,22.6131,25.7544,450560,0.2972,0.3575,0,0.205931,0,1,1
box_detour_wall_left,oi_face_rot_stall_mppi,13210,256,16,0,0,1,1,1,105,0.213879,0.114307,8.98358,0,1.02903,2.10876,0.200288,21.0302,23.1807,430080,0.2795,0.3068,0,0.200569,0,1,1
box_detour_wall_left,oi_face_rot_stall_mppi,13217,256,16,0,0,1,1,1,105,0.219749,0.0618876,8.42408,0,0.792201,1.25528,0.211863,22.2456,24.8971,430080,0.3031,0.3527,0,0.212221,0,1,1
box_detour_wall_left,oi_face_rot_stall_mppi,13224,256,16,0,0,1,1,1,107,0.244793,0.0175377,8.73069,0,0.820518,1.25945,0.203921,21.8195,24.6009,438272,0.2622,0.3248,0,0.204253,0,1,1
box_detour_wall_left,oi_face_rot_stall_mppi,13231,256,16,0,0,1,1,1,126,0.240179,0.0261121,8.4135,0,0.803847,1.27033,0.202375,25.4992,28.8424,516096,0.2742,0.4523,0,0.202645,0,1,1
box_detour_wall_left,oi_face_rot_stall_mppi,13238,256,16,0,0,1,1,1,89,0.247239,0.197143,9.71754,0,0.965894,1.37572,0.204179,18.1719,20.8006,364544,0.2759,0.3303,0,0.204531,0,1,1
box_detour_wall_left,oi_face_rot_stall_mppi,13245,256,16,0,0,1,1,1,141,0.236444,0.111535,9.36569,0,0.81247,1.3633,0.20176,28.4481,32.4593,577536,0.2551,0.6402,0,0.202026,0,1,1
box_detour_wall_left,oi_face_rot_stall_mppi,13252,256,16,0,0,1,1,1,110,0.235632,0.155973,9.29745,0,1.00301,1.86386,0.200896,22.0986,24.495,450560,0.2742,0.3226,0,0.201197,0,1,1
box_detour_wall_left,oi_face_rot_stall_mppi,13259,256,16,0,0,1,1,1,97,0.248564,0.0963572,7.66619,0,0.811035,1.08576,0.182078,17.6616,19.4157,397312,0.2567,0.3158,0,0.182361,0,1,1
box_detour_wall_left,oi_face_rot_wide_mppi,13056,256,16,0,0,1,1,1,119,0.231032,0.0348095,8.27278,0,0.809901,1.25672,0.190765,22.701,25.4029,487424,0.2867,0.3276,0,0.191022,0,1,1
box_detour_wall_left,oi_face_rot_wide_mppi,13063,256,16,0,0,0,1,0,420,1.21137,0.293379,49.2506,0,0.668353,0.65661,0.195772,82.2243,91.1996,1720320,0.2768,0.3487,0,0.19594,0,1,0
box_detour_wall_left,oi_face_rot_wide_mppi,13070,256,16,0,0,1,1,1,112,0.231946,0.106053,10.0216,0,0.944765,1.78216,0.177849,19.9191,21.7399,458752,0.2544,0.3139,0,0.178042,0,1,1
box_detour_wall_left,oi_face_rot_wide_mppi,13077,256,16,0,0,1,1,1,190,0.232878,0.166067,20.5107,0,0.731068,0.859789,0.207593,39.4427,44.1627,778240,0.296,0.3247,0,0.207908,0,1,1
box_detour_wall_left,oi_face_rot_wide_mppi,13084,256,16,0,0,1,1,1,150,0.248898,0.139782,14.5079,0,0.825011,1.15544,0.195731,29.3596,32.7035,614400,0.2755,0.3022,0,0.196003,0,1,1
box_detour_wall_left,oi_face_rot_wide_mppi,13091,256,16,0,0,1,1,1,137,0.241199,0.00323851,9.96834,0,0.750099,1.07769,0.190701,26.1261,28.8154,561152,0.2719,0.3046,0,0.190915,0,1,1
box_detour_wall_left,oi_face_rot_wide_mppi,13098,256,16,0,0,1,1,1,120,0.247302,0.067733,9.00872,0,0.945925,1.893,0.201848,24.2218,26.873,491520,0.2878,0.3514,0,0.202116,0,1,1
box_detour_wall_left,oi_face_rot_wide_mppi,13105,256,16,0,0,1,1,1,110,0.179715,0.0180984,8.32372,0,0.809324,1.24768,0.195467,21.5014,24.137,450560,0.2948,0.3324,0,0.195765,0,1,1
box_detour_wall_left,oi_face_rot_wide_mppi,13112,256,16,0,0,1,1,1,133,0.242625,0.0124943,9.76614,0,0.874432,1.49591,0.184893,24.5908,27.3846,544768,0.2754,0.3582,0,0.185117,0,1,1
box_detour_wall_left,oi_face_rot_wide_mppi,13119,256,16,0,0,1,1,1,111,0.233361,0.111019,8.2916,0,0.800312,1.18474,0.190659,21.1631,23.7326,454656,0.2922,0.3272,0,0.190951,0,1,1
box_detour_wall_left,oi_face_rot_wide_mppi,13126,256,16,0,0,1,1,1,103,0.236576,0.0356261,6.43216,0,0.791476,1.31911,0.173003,17.8193,19.5506,421888,0.2505,0.3486,0,0.173286,0,1,1
box_detour_wall_left,oi_face_rot_wide_mppi,13133,256,16,0,0,1,1,1,81,0.174718,0.0422378,6.66586,0,0.886381,1.2638,0.204648,16.5765,18.4649,331776,0.2701,0.3249,0,0.204996,0,1,1
box_detour_wall_left,oi_face_rot_wide_mppi,13140,256,16,0,0,1,1,1,107,0.243224,0.120144,7.95433,0,0.896034,1.45537,0.196437,21.0188,23.8738,438272,0.2692,0.3326,0,0.196807,0,1,1
box_detour_wall_left,oi_face_rot_wide_mppi,13147,256,16,0,0,1,1,1,96,0.222855,0.10832,6.69123,0,1.1499,2.52487,0.202809,19.4697,21.7172,393216,0.2906,0.3423,0,0.20309,0,1,1
box_detour_wall_left,oi_face_rot_wide_mppi,13154,256,16,0,0,1,1,1,95,0.20442,0.0664675,8.56415,0,0.827885,1.20084,0.205198,19.4938,21.6608,389120,0.3001,0.3275,0,0.205457,0,1,1
box_detour_wall_left,oi_face_rot_wide_mppi,13161,256,16,0,0,1,1,1,51,0.215028,0.0465044,5.83135,0,0.617845,0.619073,0.180731,9.2173,9.9249,208896,0.2162,0.231,0,0.180986,0,1,1
box_detour_wall_left,oi_face_rot_wide_mppi,13168,256,16,0,0,1,1,1,96,0.229275,0.105306,8.06031,0,0.856859,1.3126,0.196558,18.8696,20.8736,393216,0.2991,0.3107,0,0.196855,0,1,1
box_detour_wall_left,oi_face_rot_wide_mppi,13175,256,16,0,0,1,1,1,122,0.226606,0.0774277,7.50023,0,1.11755,2.38823,0.19475,23.7595,26.4168,499712,0.2942,0.3294,0,0.194982,0,1,1
box_detour_wall_left,oi_face_rot_wide_mppi,13182,256,16,0,0,1,1,1,95,0.21561,0.0159832,8.54001,0,0.860212,1.34926,0.198587,18.8658,21.1961,389120,0.2759,0.3438,0,0.198919,0,1,1
box_detour_wall_left,oi_face_rot_wide_mppi,13189,256,16,0,0,1,1,1,88,0.234395,0.0503921,6.8898,0,0.921958,1.38567,0.190886,16.798,18.6734,360448,0.2649,0.3391,0,0.191203,0,1,1
box_detour_wall_left,oi_face_rot_wide_mppi,13196,256,16,0,0,1,1,1,77,0.23731,0.200753,7.13467,0,0.748902,0.916188,0.194113,14.9467,16.6591,315392,0.2725,0.3114,0,0.19441,0,1,1
box_detour_wall_left,oi_face_rot_wide_mppi,13203,256,16,0,0,1,1,1,110,0.234619,0.0481417,8.40503,0,0.853016,1.21536,0.199039,21.8943,24.2314,450560,0.2992,0.3203,0,0.199275,0,1,1
box_detour_wall_left,oi_face_rot_wide_mppi,13210,256,16,0,0,1,1,1,105,0.213879,0.114307,8.98358,0,1.02903,2.10876,0.189123,19.8579,21.4254,430080,0.2796,0.3061,0,0.189331,0,1,1
box_detour_wall_left,oi_face_rot_wide_mppi,13217,256,16,0,0,1,1,1,105,0.219749,0.0618876,8.42408,0,0.792201,1.25528,0.20991,22.0405,25.0551,430080,0.2924,0.3234,0,0.210388,0,1,1
box_detour_wall_left,oi_face_rot_wide_mppi,13224,256,16,0,0,1,1,1,107,0.244793,0.0175377,8.73069,0,0.820518,1.25945,0.183221,19.6046,21.4329,438272,0.2568,0.2758,0,0.183449,0,1,1
box_detour_wall_left,oi_face_rot_wide_mppi,13231,256,16,0,0,1,1,1,126,0.240179,0.0261121,8.4135,0,0.803847,1.27033,0.182441,22.9876,25.4259,516096,0.2559,0.2848,0,0.182633,0,1,1
box_detour_wall_left,oi_face_rot_wide_mppi,13238,256,16,0,0,1,1,1,89,0.247239,0.197143,9.71754,0,0.965894,1.37572,0.199508,17.7562,19.8861,364544,0.2741,0.325,0,0.199786,0,1,1
box_detour_wall_left,oi_face_rot_wide_mppi,13245,256,16,0,0,1,1,1,141,0.236444,0.111535,9.36569,0,0.81247,1.3633,0.195688,27.592,30.7588,577536,0.2686,0.3109,0,0.19589,0,1,1
box_detour_wall_left,oi_face_rot_wide_mppi,13252,256,16,0,0,1,1,1,110,0.235632,0.155973,9.29745,0,1.00301,1.86386,0.185269,20.3796,22.1954,450560,0.2653,0.3116,0,0.185486,0,1,1
box_detour_wall_left,oi_face_rot_wide_mppi,13259,256,16,0,0,1,1,1,97,0.248564,0.0963572,7.66619,0,0.811035,1.08576,0.198409,19.2457,21.8344,397312,0.2886,0.4336,0,0.198782,0,1,1
box_open_turn,oi_face_rot_mppi,13256,256,16,0,0,1,1,1,96,0.177859,0.201378,7.70936,0,0.653384,0.657654,0.178145,17.1019,19.8157,393216,0.241,0.2574,0,0.178521,0,1,1
box_open_turn,oi_face_rot_mppi,13263,256,16,0,0,1,1,1,52,0.14961,0.233631,5.38892,0,0.773367,1.00057,0.17631,9.1681,10.6652,212992,0.2588,0.2856,0,0.176812,0,1,1
box_open_turn,oi_face_rot_mppi,13270,256,16,0,0,1,1,1,380,0.0869934,0.214305,56.1692,0,0.905323,1.23223,0.176603,67.1091,78.4611,1556480,0.2471,0.3165,0,0.176865,0,1,1
box_open_turn,oi_face_rot_mppi,13277,256,16,0,0,1,1,1,253,0.229542,0.218142,10.809,0,1.33035,2.73451,0.172814,43.722,50.854,1036288,0.2506,0.3426,0,0.173045,0,1,1
box_open_turn,oi_face_rot_mppi,13284,256,16,0,0,1,1,1,61,0.246704,0.224713,6.44385,0,0.816358,0.923422,0.172925,10.5484,12.1491,249856,0.252,0.2836,0,0.1734,0,1,1
box_open_turn,oi_face_rot_mppi,13291,256,16,0,0,1,1,1,97,0.166788,0.188387,6.3823,0,0.714865,0.75693,0.168554,16.3497,18.5848,397312,0.2589,0.3069,0,0.168839,0,1,1
box_open_turn,oi_face_rot_mppi,13298,256,16,0,0,0,1,0,420,0.843503,0.719469,32.3589,0,0.535404,0.43783,0.181733,76.3277,88.7571,1720320,0.2614,0.9202,0,0.181913,0,1,0
box_open_turn,oi_face_rot_mppi,13305,256,16,0,0,1,1,1,114,0.24804,0.0655555,6.70922,0,0.74283,0.893587,0.175345,19.9893,23.5394,466944,0.2517,0.3275,0,0.175687,0,1,1
box_open_turn,oi_face_rot_mppi,13312,256,16,0,0,1,1,1,121,0.230936,0.120285,9.33238,0,0.660996,0.647433,0.179298,21.695,25.3355,495616,0.2907,0.4017,0,0.17965,0,1,1
box_open_turn,oi_face_rot_mppi,13319,256,16,0,0,1,1,1,75,0.179815,0.185203,7.99497,0,0.796891,0.965895,0.176841,13.2631,15.316,307200,0.2501,0.3435,0,0.177205,0,1,1
box_open_turn,oi_face_rot_mppi,13326,256,16,0,0,0,1,0,420,1.08755,0.317998,41.2939,0,0.569234,0.485547,0.185063,77.7265,91.6061,1720320,0.2869,0.5411,0,0.18525,0,1,0
box_open_turn,oi_face_rot_mppi,13333,256,16,0,0,1,1,1,147,0.247981,0.00541419,12.8447,0,0.593957,0.509086,0.165678,24.3547,28.0166,602112,0.2492,0.2561,0,0.165956,0,1,1
box_open_turn,oi_face_rot_mppi,13340,256,16,0,0,1,1,1,99,0.238053,0.0348383,8.32987,0,0.843434,1.0776,0.167983,16.6303,19.0797,405504,0.2409,0.2628,0,0.168297,0,1,1
box_open_turn,oi_face_rot_mppi,13347,256,16,0,0,1,1,1,74,0.237581,0.172811,7.59264,0,0.733286,0.681586,0.162326,12.0121,13.6539,303104,0.2396,0.3059,0,0.162639,0,1,1
box_open_turn,oi_face_rot_mppi,13354,256,16,0,0,1,1,1,117,0.244428,0.0214615,9.28137,0,0.758639,0.876077,0.173573,20.3081,23.512,479232,0.254,0.2945,0,0.173847,0,1,1
box_open_turn,oi_face_rot_mppi,13361,256,16,0,0,1,1,1,183,0.231045,0.0730556,15.0053,0,0.726683,0.8579,0.158742,29.0497,33.4486,749568,0.201,0.3014,0,0.158966,0,1,1
box_open_turn,oi_face_rot_mppi,13368,256,16,0,0,1,1,1,73,0.059292,0.217736,6.44069,0,0.68941,0.679053,0.169551,12.3772,14.1775,299008,0.2522,0.2798,0,0.169892,0,1,1
box_open_turn,oi_face_rot_mppi,13375,256,16,0,0,1,1,1,128,0.233849,0.0350217,8.00433,0,0.717407,0.77208,0.165493,21.1831,24.3131,524288,0.247,1.0971,0,0.165743,0,1,1
box_open_turn,oi_face_rot_mppi,13382,256,16,0,0,1,1,1,64,0.239618,0.00691324,7.90851,0,0.871789,1.13847,0.165542,10.5947,12.2888,262144,0.1901,0.2111,0,0.1662,0,1,1
box_open_turn,oi_face_rot_mppi,13389,256,16,0,0,1,1,1,92,0.12494,0.212313,6.20234,0,0.677711,0.717041,0.168998,15.5478,17.9311,376832,0.2472,0.29,0,0.169339,0,1,1
box_open_turn,oi_face_rot_mppi,13396,256,16,0,0,1,1,1,68,0.238821,0.249311,7.28736,0,0.724328,0.72651,0.144007,9.7925,11.113,278528,0.1732,0.1825,0,0.144404,0,1,1
box_open_turn,oi_face_rot_mppi,13403,256,16,0,0,1,1,1,54,0.206703,0.17741,5.6967,0,0.653572,0.626314,0.167967,9.0702,10.3809,221184,0.2558,0.2672,0,0.16837,0,1,1
box_open_turn,oi_face_rot_mppi,13410,256,16,0,0,1,1,1,83,0.135764,0.191115,7.20606,0,0.815947,0.913025,0.144239,11.9718,13.6207,339968,0.1654,0.1961,0,0.144506,0,1,1
box_open_turn,oi_face_rot_mppi,13417,256,16,0,0,1,1,1,73,0.246016,0.145946,8.18056,0,0.875555,1.05527,0.22167,16.1819,19.4463,299008,0.4585,0.6392,0,0.222115,0,1,1
box_open_turn,oi_face_rot_mppi,13424,256,16,0,0,1,1,1,141,0.249912,0.132675,12.5042,0,0.644895,0.617708,0.167209,23.5765,27.8622,577536,0.213,0.3015,0,0.16746,0,1,1
box_open_turn,oi_face_rot_mppi,13431,256,16,0,0,1,1,1,98,0.205236,0.221921,9.42859,0,0.782727,0.884904,0.166907,16.3569,18.9177,401408,0.2484,0.2807,0,0.1673,0,1,1
box_open_turn,oi_face_rot_mppi,13438,256,16,0,0,1,1,1,55,0.249486,0.150642,6.23688,0,0.929621,1.11918,0.176195,9.6907,11.2684,225280,0.2641,0.2969,0,0.176625,0,1,1
box_open_turn,oi_face_rot_mppi,13445,256,16,0,0,1,1,1,107,0.22493,0.0279804,6.80864,0,0.675063,0.755963,0.153498,16.4243,18.5827,438272,0.2495,0.2878,0,0.153749,0,1,1
box_open_turn,oi_face_rot_mppi,13452,256,16,0,0,1,1,1,91,0.201583,0.113904,6.49057,0,0.557981,0.48204,0.162291,14.7685,17.1486,372736,0.2495,0.2758,0,0.162586,0,1,1
box_open_turn,oi_face_rot_mppi,13459,256,16,0,0,1,1,1,148,0.245689,0.129351,10.3423,0,0.655131,0.656878,0.153708,22.7488,25.9738,606208,0.2089,0.3202,0,0.153966,0,1,1
box_open_turn,oi_face_rot_near_mppi,13256,256,16,0,0,1,1,1,199,0.17937,0.152291,10.7117,0,1.02455,2.28902,0.15189,30.2261,34.2701,815104,0.2077,0.2704,0,0.152057,0,1,1
box_open_turn,oi_face_rot_near_mppi,13263,256,16,0,0,1,1,1,45,0.0692578,0.223384,5.22276,0,0.924678,1.53264,0.1683,7.5735,8.5788,184320,0.2422,0.3271,0,0.168718,0,1,1
box_open_turn,oi_face_rot_near_mppi,13270,256,16,0,0,0,1,0,420,0.176523,0.541292,26.6292,0,0.956235,1.89879,0.166924,70.1081,80.7868,1720320,0.2407,0.2781,0,0.167092,0,1,0
box_open_turn,oi_face_rot_near_mppi,13277,256,16,0,0,1,1,1,87,0.233253,0.0497489,7.14955,0,0.763382,0.977981,0.166414,14.478,16.8171,356352,0.2526,0.2719,0,0.166729,0,1,1
box_open_turn,oi_face_rot_near_mppi,13284,256,16,0,0,1,1,1,48,0.215227,0.129682,6.15044,0,0.963723,1.41928,0.169752,8.1481,9.4813,196608,0.2038,0.2573,0,0.170146,0,1,1
box_open_turn,oi_face_rot_near_mppi,13291,256,16,0,0,1,1,1,46,0.182489,0.184275,5.43271,0,0.753688,0.935544,0.144998,6.6699,7.3648,188416,0.2265,0.2454,0,0.14528,0,1,1
box_open_turn,oi_face_rot_near_mppi,13298,256,16,0,0,1,1,1,229,0.243633,0.0116196,14.384,0,1.01046,2.1451,0.165367,37.869,43.2698,937984,0.2394,0.2829,0,0.16557,0,1,1
box_open_turn,oi_face_rot_near_mppi,13305,256,16,0,0,1,1,1,87,0.112801,0.180385,6.99731,0,1.716,5.69266,0.162739,14.1583,16.0966,356352,0.2356,0.2872,0,0.163074,0,1,1
box_open_turn,oi_face_rot_near_mppi,13312,256,16,0,0,1,1,1,89,0.247082,0.158738,9.28682,0,0.845586,1.13157,0.137612,12.2475,13.6911,364544,0.1688,0.1908,0,0.137854,0,1,1
box_open_turn,oi_face_rot_near_mppi,13319,256,16,0,0,1,1,1,88,0.246742,0.230602,8.3218,0,1.13782,2.38906,0.166326,14.6367,16.6205,360448,0.242,0.2537,0,0.166574,0,1,1
box_open_turn,oi_face_rot_near_mppi,13326,256,16,0,0,0,1,0,420,1.08755,0.317998,41.2939,0,0.569234,0.485547,0.16401,68.8843,78.556,1720320,0.2427,0.3126,0,0.164211,0,1,0
box_open_turn,oi_face_rot_near_mppi,13333,256,16,0,0,1,1,1,171,0.234333,0.225584,14.2904,0,0.752845,0.991387,0.163567,27.97,31.8254,700416,0.2439,0.2914,0,0.163782,0,1,1
box_open_turn,oi_face_rot_near_mppi,13340,256,16,0,0,1,1,1,97,0.248951,0.106162,7.08398,0,0.913894,1.51903,0.157558,15.2831,17.0499,397312,0.2378,0.2628,0,0.157812,0,1,1
box_open_turn,oi_face_rot_near_mppi,13347,256,16,0,0,1,1,1,66,0.239285,0.0779717,7.4216,0,0.742018,0.793988,0.159527,10.5288,12.3316,270336,0.2083,0.2642,0,0.159941,0,1,1
box_open_turn,oi_face_rot_near_mppi,13354,256,16,0,0,1,1,1,84,0.249635,0.243858,8.514,0,0.950009,1.43168,0.150964,12.681,14.3896,344064,0.1909,0.2794,0,0.15127,0,1,1
box_open_turn,oi_face_rot_near_mppi,13361,256,16,0,0,1,1,1,116,0.1213,0.200082,11.1782,0,0.939391,1.4136,0.147475,17.1071,19.0241,475136,0.2394,0.3016,0,0.147717,0,1,1
box_open_turn,oi_face_rot_near_mppi,13368,256,16,0,0,1,1,1,52,0.232166,0.111805,6.15439,0,0.809725,0.893232,0.16554,8.6081,9.825,212992,0.2662,0.282,0,0.165938,0,1,1
box_open_turn,oi_face_rot_near_mppi,13375,256,16,0,0,1,1,1,87,0.237581,0.0831462,7.65596,0,0.960037,1.47072,0.14333,12.4697,13.8418,356352,0.1696,0.2417,0,0.143563,0,1,1
box_open_turn,oi_face_rot_near_mppi,13382,256,16,0,0,1,1,1,61,0.207097,0.180435,7.81199,0,0.920041,1.24294,0.155733,9.4997,10.8876,249856,0.1728,0.2538,0,0.156064,0,1,1
box_open_turn,oi_face_rot_near_mppi,13389,256,16,0,0,1,1,1,57,0.196287,0.179788,5.59181,0,0.918733,1.5303,0.162804,9.2798,10.5534,233472,0.2359,0.2431,0,0.163119,0,1,1
box_open_turn,oi_face_rot_near_mppi,13396,256,16,0,0,1,1,1,65,0.24029,0.0992115,6.42133,0,0.735085,0.952052,0.160678,10.4441,11.9193,266240,0.1739,0.2741,0,0.161026,0,1,1
box_open_turn,oi_face_rot_near_mppi,13403,256,16,0,0,1,1,1,49,0.0726907,0.224287,5.57993,0,0.736748,0.887026,0.165055,8.0877,9.1864,200704,0.2416,0.2613,0,0.165539,0,1,1
box_open_turn,oi_face_rot_near_mppi,13410,256,16,0,0,1,1,1,59,0.120497,0.234109,6.45482,0,0.877529,1.15508,0.174173,10.2762,11.9651,241664,0.2583,0.2941,0,0.17457,0,1,1
box_open_turn,oi_face_rot_near_mppi,13417,256,16,0,0,1,1,1,65,0.236551,0.0164999,7.93469,0,1.00289,1.46536,0.160645,10.4419,11.8579,266240,0.1778,0.2768,0,0.161018,0,1,1
box_open_turn,oi_face_rot_near_mppi,13424,256,16,0,0,1,1,1,133,0.133432,0.223867,12.8254,0,0.790919,1.03118,0.153871,20.4649,23.0283,544768,0.2383,0.3275,0,0.154095,0,1,1
box_open_turn,oi_face_rot_near_mppi,13431,256,16,0,0,1,1,1,260,0.232265,0.210269,14.2374,0,1.11444,2.79247,0.165748,43.0944,49.5234,1064960,0.2397,0.304,0,0.165956,0,1,1
box_open_turn,oi_face_rot_near_mppi,13438,256,16,0,0,1,1,1,57,0.226036,0.129378,6.10888,0,1.00741,1.50138,0.153904,8.7725,10.1334,233472,0.1647,0.1761,0,0.154216,0,1,1
box_open_turn,oi_face_rot_near_mppi,13445,256,16,0,0,1,1,1,48,0.189224,0.239388,5.5889,0,0.996761,1.58628,0.171112,8.2134,9.3495,196608,0.2416,0.3012,0,0.171521,0,1,1
box_open_turn,oi_face_rot_near_mppi,13452,256,16,0,0,1,1,1,64,0.180858,0.215305,6.22295,0,0.636597,0.696515,0.146627,9.3841,10.402,262144,0.2387,0.2567,0,0.146936,0,1,1
box_open_turn,oi_face_rot_near_mppi,13459,256,16,0,0,1,1,1,94,0.23481,0.184719,9.58928,0,0.799762,0.951356,0.138313,13.0014,14.3241,385024,0.1714,0.2434,0,0.138502,0,1,1
box_open_turn,oi_face_rot_stall_mppi,13256,256,16,0,0,1,1,1,57,0.214306,0.152429,5.85711,0,1.01624,1.7424,0.150791,8.5951,9.5075,233472,0.244,0.2933,0,0.151084,0,1,1
box_open_turn,oi_face_rot_stall_mppi,13263,256,16,0,0,1,1,1,43,0.184153,0.146743,5.30295,0,0.882779,1.45018,0.140477,6.0405,6.7474,176128,0.155,0.2651,0,0.140809,0,1,1
box_open_turn,oi_face_rot_stall_mppi,13270,256,16,0,0,1,1,1,49,0.216332,0.0704288,6.03967,0,0.726745,0.861441,0.156065,7.6472,8.438,200704,0.2397,0.2868,0,0.15638,0,1,1
box_open_turn,oi_face_rot_stall_mppi,13277,256,16,0,0,1,1,1,51,0.239029,0.0613769,6.59862,0,0.788782,0.980008,0.142755,7.2805,8.3513,208896,0.1616,0.1785,0,0.143069,0,1,1
box_open_turn,oi_face_rot_stall_mppi,13284,256,16,0,0,1,1,1,48,0.209237,0.184897,6.0874,0,0.946972,1.33402,0.167813,8.055,9.181,196608,0.2403,0.2428,0,0.168194,0,1,1
box_open_turn,oi_face_rot_stall_mppi,13291,256,16,0,0,1,1,1,45,0.164754,0.234106,5.3581,0,0.880375,1.2992,0.161722,7.2775,8.3927,184320,0.2231,0.2526,0,0.162113,0,1,1
box_open_turn,oi_face_rot_stall_mppi,13298,256,16,0,0,1,1,1,48,0.217612,0.237226,5.73801,0,0.553261,0.556175,0.16131,7.7429,8.8988,196608,0.1953,0.2719,0,0.161702,0,1,1
box_open_turn,oi_face_rot_stall_mppi,13305,256,16,0,0,1,1,1,58,0.139372,0.245016,5.49785,0,0.922103,1.4416,0.170933,9.9141,11.4116,237568,0.2531,0.2665,0,0.171269,0,1,1
box_open_turn,oi_face_rot_stall_mppi,13312,256,16,0,0,1,1,1,79,0.210423,0.172633,8.86159,0,0.846653,1.09598,0.167005,13.1934,15.3497,323584,0.2385,0.2628,0,0.16739,0,1,1
box_open_turn,oi_face_rot_stall_mppi,13319,256,16,0,0,1,1,1,83,0.225786,0.0197756,8.07146,0,0.982139,1.69231,0.166084,13.785,15.7535,339968,0.2418,0.293,0,0.166387,0,1,1
box_open_turn,oi_face_rot_stall_mppi,13326,256,16,0,0,1,1,1,147,0.201687,0.200293,15.6586,0,0.78551,1.02447,0.165774,24.3688,27.8514,602112,0.2405,0.3303,0,0.166025,0,1,1
box_open_turn,oi_face_rot_stall_mppi,13333,256,16,0,0,1,1,1,112,0.212386,0.178663,11.706,0,0.731914,0.80325,0.15706,17.5907,20.0753,458752,0.1793,0.2574,0,0.157292,0,1,1
box_open_turn,oi_face_rot_stall_mppi,13340,256,16,0,0,1,1,1,121,0.21471,0.127051,7.44606,0,1.16791,3.01243,0.141582,17.1314,18.8768,495616,0.1807,0.2997,0,0.141777,0,1,1
box_open_turn,oi_face_rot_stall_mppi,13347,256,16,0,0,1,1,1,62,0.24547,0.0869743,7.2606,0,0.809901,1.22746,0.142424,8.8303,9.9212,253952,0.1792,0.223,0,0.142732,0,1,1
box_open_turn,oi_face_rot_stall_mppi,13354,256,16,0,0,1,1,1,76,0.246967,0.228172,8.39563,0,0.950596,1.57517,0.193426,14.7004,17.2015,311296,0.3071,0.4319,0,0.193717,0,1,1
box_open_turn,oi_face_rot_stall_mppi,13361,256,16,0,0,1,1,1,94,0.221706,0.206222,6.44197,0,1.06169,2.25108,0.169514,15.9343,18.4184,385024,0.2423,0.5061,0,0.169853,0,1,1
box_open_turn,oi_face_rot_stall_mppi,13368,256,16,0,0,1,1,1,57,0.246231,0.0580851,6.57624,0,0.994077,1.52107,0.167372,9.5402,10.8395,233472,0.2469,0.2535,0,0.167765,0,1,1
box_open_turn,oi_face_rot_stall_mppi,13375,256,16,0,0,1,1,1,55,0.192978,0.0839422,6.34745,0,0.956249,1.39328,0.178573,9.8215,11.2782,225280,0.2419,0.8556,0,0.179049,0,1,1
box_open_turn,oi_face_rot_stall_mppi,13382,256,16,0,0,1,1,1,103,0.243084,0.201139,11.0039,0,1.99742,6.3432,0.163684,16.8594,19.3819,421888,0.2134,0.2753,0,0.164034,0,1,1
box_open_turn,oi_face_rot_stall_mppi,13389,256,16,0,0,1,1,1,47,0.232507,0.0401131,5.51965,0,1.02606,1.67621,0.154817,7.2764,8.2313,192512,0.2448,0.2551,0,0.155264,0,1,1
box_open_turn,oi_face_rot_stall_mppi,13396,256,16,0,0,1,1,1,61,0.238743,0.0832783,6.239,0,0.793796,1.09545,0.164403,10.0286,11.4249,249856,0.249,0.3148,0,0.164757,0,1,1
box_open_turn,oi_face_rot_stall_mppi,13403,256,16,0,0,1,1,1,45,0.235974,0.0644144,5.3762,0,0.839213,1.10717,0.149738,6.7382,7.8079,184320,0.1617,0.1832,0,0.150153,0,1,1
box_open_turn,oi_face_rot_stall_mppi,13410,256,16,0,0,1,1,1,61,0.134488,0.239805,6.23003,0,0.959198,1.32269,0.165156,10.0745,11.5413,249856,0.2402,0.2848,0,0.165533,0,1,1
box_open_turn,oi_face_rot_stall_mppi,13417,256,16,0,0,1,1,1,62,0.233072,0.13214,7.6801,0,0.950157,1.30005,0.169386,10.5019,12.2294,253952,0.253,0.2598,0,0.169737,0,1,1
box_open_turn,oi_face_rot_stall_mppi,13424,256,16,0,0,1,1,1,64,0.115949,0.211074,6.41343,0,0.662837,0.796306,0.167175,10.6992,12.4054,262144,0.1964,0.2163,0,0.167572,0,1,1
box_open_turn,oi_face_rot_stall_mppi,13431,256,16,0,0,0,1,0,420,0.158686,0.81067,17.0768,0,3.77195,15.8925,0.165143,69.36,78.6281,1720320,0.2382,0.3302,0,0.165298,0,1,0
box_open_turn,oi_face_rot_stall_mppi,13438,256,16,0,0,1,1,1,54,0.204008,0.192261,5.95123,0,1.10133,1.8141,0.162635,8.7823,10.1463,221184,0.2484,0.2998,0,0.162996,0,1,1
box_open_turn,oi_face_rot_stall_mppi,13445,256,16,0,0,1,1,1,53,0.217615,0.178766,5.20682,0,1.04639,1.90657,0.155653,8.2496,9.4784,217088,0.2023,0.2845,0,0.155991,0,1,1
box_open_turn,oi_face_rot_stall_mppi,13452,256,16,0,0,1,1,1,49,0.241062,0.0431508,5.86231,0,0.707569,0.787082,0.144427,7.0769,8.0866,200704,0.1784,0.2164,0,0.144753,0,1,1
box_open_turn,oi_face_rot_stall_mppi,13459,256,16,0,0,1,1,1,74,0.241297,0.0292853,9.16951,0,0.983664,1.53583,0.160495,11.8766,13.6834,303104,0.249,0.2559,0,0.160826,0,1,1
box_open_turn,oi_face_rot_wide_mppi,13256,256,16,0,0,1,1,1,57,0.214306,0.152429,5.85711,0,1.01624,1.7424,0.166568,9.4944,10.9313,233472,0.2482,0.2545,0,0.166937,0,1,1
box_open_turn,oi_face_rot_wide_mppi,13263,256,16,0,0,1,1,1,43,0.184153,0.146743,5.30295,0,0.882779,1.45018,0.152058,6.5385,7.5788,176128,0.1676,0.1981,0,0.1525,0,1,1
box_open_turn,oi_face_rot_wide_mppi,13270,256,16,0,0,1,1,1,49,0.216332,0.0704288,6.03967,0,0.726745,0.861441,0.172522,8.4536,9.6954,200704,0.2655,0.2883,0,0.172935,0,1,1
box_open_turn,oi_face_rot_wide_mppi,13277,256,16,0,0,1,1,1,51,0.239029,0.0613769,6.59862,0,0.788782,0.980008,0.172822,8.8139,10.0778,208896,0.2503,0.3825,0,0.17322,0,1,1
box_open_turn,oi_face_rot_wide_mppi,13284,256,16,0,0,1,1,1,48,0.209237,0.184897,6.0874,0,0.946972,1.33402,0.134783,6.4696,7.1375,196608,0.1619,0.1829,0,0.13509,0,1,1
box_open_turn,oi_face_rot_wide_mppi,13291,256,16,0,0,1,1,1,45,0.164754,0.234106,5.3581,0,0.880375,1.2992,0.175456,7.8955,9.1456,184320,0.257,0.2998,0,0.175956,0,1,1
box_open_turn,oi_face_rot_wide_mppi,13298,256,16,0,0,1,1,1,48,0.217612,0.237226,5.73801,0,0.553261,0.556175,0.156508,7.5124,8.5984,196608,0.2512,0.2633,0,0.156819,0,1,1
box_open_turn,oi_face_rot_wide_mppi,13305,256,16,0,0,1,1,1,58,0.139372,0.245016,5.49785,0,0.922103,1.4416,0.160164,9.2895,10.7139,237568,0.1795,0.1922,0,0.160497,0,1,1
box_open_turn,oi_face_rot_wide_mppi,13312,256,16,0,0,1,1,1,79,0.210423,0.172633,8.86159,0,0.846653,1.09598,0.160615,12.6886,14.6538,323584,0.2502,0.2607,0,0.160897,0,1,1
box_open_turn,oi_face_rot_wide_mppi,13319,256,16,0,0,1,1,1,83,0.225786,0.0197756,8.07146,0,0.982139,1.69231,0.157569,13.0782,14.9226,339968,0.2484,0.3131,0,0.157876,0,1,1
box_open_turn,oi_face_rot_wide_mppi,13326,256,16,0,0,0,1,0,420,1.08755,0.317998,41.2939,0,0.569234,0.485547,0.150367,63.1543,71.2472,1720320,0.2458,0.2788,0,0.150511,0,1,0
box_open_turn,oi_face_rot_wide_mppi,13333,256,16,0,0,1,1,1,112,0.212386,0.178663,11.706,0,0.731914,0.80325,0.164593,18.4344,21.3453,458752,0.1961,0.2697,0,0.164893,0,1,1
box_open_turn,oi_face_rot_wide_mppi,13340,256,16,0,0,1,1,1,121,0.21471,0.127051,7.44606,0,1.16791,3.01243,0.162047,19.6077,22.6479,495616,0.1802,0.3377,0,0.162338,0,1,1
box_open_turn,oi_face_rot_wide_mppi,13347,256,16,0,0,1,1,1,62,0.24547,0.0869743,7.2606,0,0.809901,1.22746,0.168048,10.419,12.3639,253952,0.2045,0.2461,0,0.168469,0,1,1
box_open_turn,oi_face_rot_wide_mppi,13354,256,16,0,0,1,1,1,76,0.246967,0.228172,8.39563,0,0.950596,1.57517,0.16607,12.6213,14.4302,311296,0.2525,0.2958,0,0.166415,0,1,1
box_open_turn,oi_face_rot_wide_mppi,13361,256,16,0,0,1,1,1,94,0.221706,0.206222,6.44197,0,1.06169,2.25108,0.161188,15.1517,17.2327,385024,0.2491,0.2605,0,0.161484,0,1,1
box_open_turn,oi_face_rot_wide_mppi,13368,256,16,0,0,1,1,1,57,0.246231,0.0580851,6.57624,0,0.994077,1.52107,0.137304,7.8263,8.6945,233472,0.1583,0.1829,0,0.137532,0,1,1
box_open_turn,oi_face_rot_wide_mppi,13375,256,16,0,0,1,1,1,55,0.192978,0.0839422,6.34745,0,0.956249,1.39328,0.145516,8.0034,8.9084,225280,0.2724,0.2737,0,0.145782,0,1,1
box_open_turn,oi_face_rot_wide_mppi,13382,256,16,0,0,1,1,1,103,0.243084,0.201139,11.0039,0,1.99742,6.3432,0.144848,14.9193,16.5062,421888,0.186,0.2446,0,0.145045,0,1,1
box_open_turn,oi_face_rot_wide_mppi,13389,256,16,0,0,1,1,1,47,0.232507,0.0401131,5.51965,0,1.02606,1.67621,0.146764,6.8979,7.836,192512,0.1787,0.1818,0,0.1472,0,1,1
box_open_turn,oi_face_rot_wide_mppi,13396,256,16,0,0,1,1,1,61,0.238743,0.0832783,6.239,0,0.793796,1.09545,0.183834,11.2139,13,249856,0.287,0.4255,0,0.184254,0,1,1
box_open_turn,oi_face_rot_wide_mppi,13403,256,16,0,0,1,1,1,45,0.235974,0.0644144,5.3762,0,0.839213,1.10717,0.1808,8.136,9.3408,184320,0.2483,0.3638,0,0.181236,0,1,1
box_open_turn,oi_face_rot_wide_mppi,13410,256,16,0,0,1,1,1,61,0.134488,0.239805,6.23003,0,0.959198,1.32269,0.138425,8.4439,9.4963,249856,0.154,0.1657,0,0.138692,0,1,1
box_open_turn,oi_face_rot_wide_mppi,13417,256,16,0,0,1,1,1,62,0.233072,0.13214,7.6801,0,0.950157,1.30005,0.15341,9.5114,10.8092,253952,0.249,0.2887,0,0.153682,0,1,1
box_open_turn,oi_face_rot_wide_mppi,13424,256,16,0,0,1,1,1,64,0.115949,0.211074,6.41343,0,0.662837,0.796306,0.159731,10.2228,11.8195,262144,0.1787,0.187,0,0.160067,0,1,1
box_open_turn,oi_face_rot_wide_mppi,13431,256,16,0,0,0,1,0,420,0.158686,0.81067,17.0768,0,3.77195,15.8925,0.160635,67.4666,77.6372,1720320,0.2027,0.3014,0,0.160803,0,1,0
box_open_turn,oi_face_rot_wide_mppi,13438,256,16,0,0,1,1,1,54,0.204008,0.192261,5.95123,0,1.10133,1.8141,0.163231,8.8145,10.0066,221184,0.255,0.3063,0,0.163639,0,1,1
box_open_turn,oi_face_rot_wide_mppi,13445,256,16,0,0,1,1,1,53,0.217615,0.178766,5.20682,0,1.04639,1.90657,0.15894,8.4238,9.533,217088,0.1956,0.2926,0,0.159319,0,1,1
box_open_turn,oi_face_rot_wide_mppi,13452,256,16,0,0,1,1,1,49,0.241062,0.0431508,5.86231,0,0.707569,0.787082,0.155543,7.6216,8.8325,200704,0.1732,0.2526,0,0.155976,0,1,1
box_open_turn,oi_face_rot_wide_mppi,13459,256,16,0,0,1,1,1,74,0.241297,0.0292853,9.16951,0,0.983664,1.53583,0.151214,11.1898,12.6967,303104,0.2361,0.2537,0,0.151501,0,1,1
