scenario,planner,seed,k_samples,t_horizon,grad_steps,alpha,reached_goal,collision_free,success,steps,final_distance,min_goal_distance,cumulative_cost,collisions,mean_control_delta,control_roughness,avg_control_ms,total_control_ms,episode_ms,sample_budget,p95_control_ms,max_control_ms,control_deadline_ms,avg_control_slot_ms,deadline_misses,deadline_feasible,real_time_success
box_detour_open,oi_face_rot_pstall_mppi,14956,256,16,0,0,1,1,1,60,0.176449,0.280374,5.05891,0,0.989766,1.60204,0.141142,8.4685,9.8072,245760,0.1641,0.1824,0,0.141445,0,1,1
box_detour_open,oi_face_rot_pstall_mppi,14963,256,16,0,0,1,1,1,59,0.208902,0.0567918,5.00411,0,1.08158,1.69211,0.14079,8.3066,9.3005,241664,0.1538,0.1888,0,0.141052,0,1,1
box_detour_open,oi_face_rot_pstall_mppi,14970,256,16,0,0,1,1,1,60,0.231017,0.0523025,4.92847,0,0.736899,0.968802,0.149925,8.9955,10.3545,245760,0.1759,0.1811,0,0.150372,0,1,1
box_detour_open,oi_face_rot_pstall_mppi,14977,256,16,0,0,1,1,1,51,0.24626,0.070658,5.05409,0,0.831938,1.15679,0.154933,7.9016,9.2552,208896,0.1865,0.2247,0,0.155394,0,1,1
box_detour_open,oi_face_rot_pstall_mppi,14984,256,16,0,0,1,1,1,51,0.248729,0.174562,4.82829,0,0.825376,1.25982,0.149714,7.6354,8.8363,208896,0.18,0.1948,0,0.150065,0,1,1
box_detour_open,oi_face_rot_pstall_mppi,14991,256,16,0,0,1,1,1,55,0.230326,0.201747,4.64049,0,1.0736,1.98073,0.153016,8.4159,9.7356,225280,0.1763,0.1894,0,0.15338,0,1,1
box_detour_open,oi_face_rot_pstall_mppi,14998,256,16,0,0,1,1,1,52,0.249912,0.282466,4.79413,0,0.901232,1.37448,0.150412,7.8214,8.9612,212992,0.1713,0.2108,0,0.150765,0,1,1
box_detour_open,oi_face_rot_pstall_mppi,15005,256,16,0,0,1,1,1,68,0.242269,0.0109592,6.14029,0,0.928662,1.57247,0.166188,11.3008,13.156,278528,0.1905,0.2122,0,0.166718,0,1,1
box_detour_open,oi_face_rot_pstall_mppi,15012,256,16,0,0,1,1,1,56,0.246763,0.0778905,4.59217,0,0.829592,1.19588,0.156789,8.7802,10.3493,229376,0.1854,0.219,0,0.15723,0,1,1
box_detour_open,oi_face_rot_pstall_mppi,15019,256,16,0,0,1,1,1,66,0.109016,0.30994,4.60663,0,0.900441,1.30467,0.233985,15.443,19.0388,270336,0.2772,0.4088,0,0.234483,0,1,1
box_detour_open,oi_face_rot_pstall_mppi,15026,256,16,0,0,1,1,1,51,0.210028,0.250068,4.70701,0,0.927033,1.35639,0.16131,8.2268,9.7714,208896,0.1907,0.2334,0,0.161874,0,1,1
box_detour_open,oi_face_rot_pstall_mppi,15033,256,16,0,0,1,1,1,68,0.0894115,0.289317,5.24223,0,0.881716,1.30814,0.173654,11.8085,13.7361,278528,0.1984,0.213,0,0.174169,0,1,1
box_detour_open,oi_face_rot_pstall_mppi,15040,256,16,0,0,1,1,1,65,0.226614,0.171525,5.45078,0,0.923723,1.47615,0.177494,11.5371,13.6934,266240,0.2714,0.3809,0,0.178075,0,1,1
box_detour_open,oi_face_rot_pstall_mppi,15047,256,16,0,0,1,1,1,59,0.214282,0.186793,4.94444,0,1.20051,2.46468,0.141519,8.3496,9.5353,241664,0.1865,0.199,0,0.141844,0,1,1
box_detour_open,oi_face_rot_pstall_mppi,15054,256,16,0,0,1,1,1,59,0.247815,0.238832,5.61275,0,0.976601,1.39064,0.18321,10.8094,12.9405,241664,0.2254,0.4857,0,0.18362,0,1,1
box_detour_open,oi_face_rot_pstall_mppi,15061,256,16,0,0,1,1,1,53,0.249888,0.045035,5.08037,0,0.803944,0.962219,0.290823,15.4136,19.1994,217088,0.374,0.4303,0,0.291483,0,1,1
box_detour_open,oi_face_rot_pstall_mppi,15068,256,16,0,0,1,1,1,55,0.211303,0.18455,4.5562,0,0.798335,0.992376,0.220325,12.1179,14.0002,225280,0.2891,2.3295,0,0.220853,0,1,1
box_detour_open,oi_face_rot_pstall_mppi,15075,256,16,0,0,1,1,1,51,0.23975,0.0263322,4.9387,0,0.911095,1.25297,0.186065,9.4893,11.463,208896,0.2854,0.3095,0,0.186657,0,1,1
box_detour_open,oi_face_rot_pstall_mppi,15082,256,16,0,0,1,1,1,61,0.23763,0.206514,4.76063,0,0.889213,1.41526,0.198941,12.1354,14.1102,249856,0.2285,1.1405,0,0.199407,0,1,1
box_detour_open,oi_face_rot_pstall_mppi,15089,256,16,0,0,1,1,1,59,0.234874,0.262043,5.37063,0,1.10663,2.1923,0.177754,10.4875,12.533,241664,0.2024,0.3785,0,0.178275,0,1,1
box_detour_open,oi_face_rot_pstall_mppi,15096,256,16,0,0,1,1,1,55,0.234633,0.206727,4.75306,0,0.954452,1.32707,0.207313,11.4022,13.8768,225280,0.3037,1.6859,0,0.2078,0,1,1
box_detour_open,oi_face_rot_pstall_mppi,15103,256,16,0,0,1,1,1,57,0.221717,0.0360719,5.10437,0,0.980514,1.74261,0.189247,10.7871,13.7271,233472,0.3048,1.0319,0,0.189835,0,1,1
box_detour_open,oi_face_rot_pstall_mppi,15110,256,16,0,0,1,1,1,63,0.246387,0.0456974,5.16418,0,1.04926,1.5893,0.174808,11.0129,12.9071,258048,0.256,0.701,0,0.175287,0,1,1
box_detour_open,oi_face_rot_pstall_mppi,15117,256,16,0,0,1,1,1,73,0.244859,0.0718309,5.75527,0,0.867407,1.23457,0.16241,11.8559,13.7643,299008,0.1893,0.2016,0,0.162799,0,1,1
box_detour_open,oi_face_rot_pstall_mppi,15124,256,16,0,0,1,1,1,60,0.231216,0.249854,5.45394,0,0.82697,1.17457,0.209065,12.5439,14.9801,245760,0.3375,0.8944,0,0.20984,0,1,1
box_detour_open,oi_face_rot_pstall_mppi,15131,256,16,0,0,1,1,1,60,0.248515,0.0533401,4.91203,0,0.992919,1.89088,0.213768,12.8261,14.7845,245760,0.2304,2.2809,0,0.214372,0,1,1
box_detour_open,oi_face_rot_pstall_mppi,15138,256,16,0,0,1,1,1,82,0.191464,0.0444659,5.60558,0,0.927883,1.60187,0.25376,20.8083,24.3775,335872,0.3312,4.5465,0,0.254222,0,1,1
box_detour_open,oi_face_rot_pstall_mppi,15145,256,16,0,0,1,1,1,66,0.24923,0.232476,5.0653,0,0.821713,1.21624,0.176953,11.6789,13.6206,270336,0.2246,0.5014,0,0.177501,0,1,1
box_detour_open,oi_face_rot_pstall_mppi,15152,256,16,0,0,1,1,1,44,0.226764,0.219536,4.35256,0,0.884452,1.56645,0.37127,16.3359,18.6698,180224,0.3845,6.8864,0,0.371975,0,1,1
box_detour_open,oi_face_rot_pstall_mppi,15159,256,16,0,0,1,1,1,57,0.243758,0.0515943,5.2966,0,0.830028,1.02923,0.204525,11.6579,13.3227,233472,0.2936,1.9614,0,0.205044,0,1,1
box_detour_open,oi_face_rot_pstall_mppi,15166,256,16,0,0,1,1,1,62,0.213126,0.26202,4.6182,0,0.756869,0.990897,0.172485,10.6941,12.5355,253952,0.2432,0.3539,0,0.17296,0,1,1
box_detour_open,oi_face_rot_pstall_mppi,15173,256,16,0,0,1,1,1,72,0.249827,0.243299,5.53962,0,1.00122,1.83165,0.165624,11.9249,13.9517,294912,0.1936,0.3899,0,0.166114,0,1,1
box_detour_open,oi_face_rot_pstall_mppi,15180,256,16,0,0,1,1,1,63,0.233641,0.298659,4.98003,0,1.05952,1.77611,0.194492,12.253,14.8475,258048,0.2904,0.4106,0,0.195008,0,1,1
box_detour_open,oi_face_rot_pstall_mppi,15187,256,16,0,0,1,1,1,56,0.227852,0.132791,4.7115,0,1.04308,1.64664,0.178161,9.977,12.312,229376,0.2992,0.3693,0,0.178616,0,1,1
box_detour_open,oi_face_rot_pstall_mppi,15194,256,16,0,0,1,1,1,63,0.122725,0.287451,4.81087,0,0.789624,1.13259,0.149494,9.4181,11.0863,258048,0.1727,0.1784,0,0.149854,0,1,1
box_detour_open,oi_face_rot_pstall_mppi,15201,256,16,0,0,1,1,1,49,0.193176,0.179558,4.50366,0,0.857271,1.22902,0.173004,8.4772,9.8875,200704,0.2874,0.4547,0,0.173543,0,1,1
box_detour_open,oi_face_rot_pstall_mppi,15208,256,16,0,0,1,1,1,48,0.233244,0.267044,4.56353,0,0.804429,1.12565,0.16764,8.0467,9.8106,196608,0.1991,0.2078,0,0.168212,0,1,1
box_detour_open,oi_face_rot_pstall_mppi,15215,256,16,0,0,1,1,1,59,0.198909,0.166192,4.68462,0,1.25529,3.26041,0.169756,10.0156,12.0476,241664,0.2053,0.3168,0,0.170271,0,1,1
box_detour_open,oi_face_rot_pstall_mppi,15222,256,16,0,0,1,1,1,60,0.212257,0.314145,5.79756,0,1.2332,2.45182,0.166468,9.9881,11.5178,245760,0.1906,0.2093,0,0.166907,0,1,1
box_detour_open,oi_face_rot_pstall_mppi,15229,256,16,0,0,1,1,1,51,0.244393,0.0903964,5.01806,0,0.963286,1.39678,0.165157,8.423,9.9114,208896,0.1971,0.2117,0,0.165659,0,1,1
box_detour_open,oi_face_rot_pstall_mppi,15236,256,16,0,0,1,1,1,55,0.222645,0.197713,4.55296,0,1.01311,1.75936,0.168738,9.2806,10.8357,225280,0.2102,0.3609,0,0.169265,0,1,1
box_detour_open,oi_face_rot_pstall_mppi,15243,256,16,0,0,1,1,1,52,0.243016,0.311275,4.4993,0,0.957863,1.65616,0.149825,7.7909,8.9936,212992,0.1843,0.1947,0,0.150212,0,1,1
box_detour_open,oi_face_rot_pstall_mppi,15250,256,16,0,0,1,1,1,88,0.143461,0.092295,6.05345,0,0.876109,1.28747,0.15013,13.2114,15.5135,360448,0.1858,0.2259,0,0.150497,0,1,1
box_detour_open,oi_face_rot_pstall_mppi,15257,256,16,0,0,1,1,1,62,0.221289,0.266521,4.5297,0,0.984692,1.76821,0.1692,10.4904,12.3321,253952,0.1987,0.5242,0,0.169618,0,1,1
box_detour_open,oi_face_rot_pstall_mppi,15264,256,16,0,0,1,1,1,57,0.222027,0.265436,5.34433,0,1.01933,1.43519,0.184265,10.5031,12.567,233472,0.2587,0.4396,0,0.184732,0,1,1
box_detour_open,oi_face_rot_pstall_mppi,15271,256,16,0,0,1,1,1,55,0.242009,0.1328,4.73867,0,0.868035,1.33667,0.218009,11.9905,14.0629,225280,0.5786,0.9124,0,0.218516,0,1,1
box_detour_open,oi_face_rot_pstall_mppi,15278,256,16,0,0,1,1,1,66,0.201493,0.159837,5.36854,0,0.787898,0.968987,0.2193,14.4738,16.7028,270336,0.2833,3.2218,0,0.219795,0,1,1
box_detour_open,oi_face_rot_pstall_mppi,15285,256,16,0,0,1,1,1,53,0.215059,0.213859,4.93179,0,0.999292,1.41519,0.233306,12.3652,15.1276,217088,0.3463,0.5138,0,0.233932,0,1,1
box_detour_open,oi_face_rot_pstall_mppi,15292,256,16,0,0,1,1,1,60,0.230619,0.0757377,4.96088,0,0.945255,1.47402,0.180782,10.8469,13.1317,245760,0.1988,0.457,0,0.181263,0,1,1
box_detour_open,oi_face_rot_pstall_mppi,15299,256,16,0,0,1,1,1,56,0.240637,0.289453,5.00445,0,1.03466,1.63891,0.167575,9.3842,11.0065,229376,0.1897,0.2801,0,0.168054,0,1,1
box_detour_open,oi_face_rot_pstall_mppi,15306,256,16,0,0,1,1,1,91,0.202373,0.0971774,6.76336,0,0.917222,1.52442,0.162575,14.7943,17.2284,372736,0.2012,0.378,0,0.162933,0,1,1
box_detour_open,oi_face_rot_pstall_mppi,15313,256,16,0,0,1,1,1,66,0.249104,0.105468,5.53232,0,0.908854,1.35718,0.164911,10.8841,12.6786,270336,0.1943,0.207,0,0.165359,0,1,1
box_detour_open,oi_face_rot_pstall_mppi,15320,256,16,0,0,1,1,1,62,0.239663,0.0257593,5.25431,0,1.22624,2.7674,0.1582,9.8084,11.4796,253952,0.1841,0.3068,0,0.158663,0,1,1
box_detour_open,oi_face_rot_pstall_mppi,15327,256,16,0,0,1,1,1,48,0.240105,0.208133,4.49978,0,0.909485,1.44578,0.149619,7.1817,8.265,196608,0.1731,0.1906,0,0.150025,0,1,1
box_detour_open,oi_face_rot_pstall_mppi,15334,256,16,0,0,1,1,1,37,0.249388,0.0215708,4.51054,0,0.713162,0.798508,0.156419,5.7875,6.6915,151552,0.1717,0.1874,0,0.156886,0,1,1
box_detour_open,oi_face_rot_pstall_mppi,15341,256,16,0,0,1,1,1,69,0.225916,0.197165,6.06354,0,0.966849,1.37569,0.154254,10.6435,12.5591,282624,0.1867,0.1967,0,0.154629,0,1,1
box_detour_open,oi_face_rot_pstall_mppi,15348,256,16,0,0,1,1,1,64,0.238581,0.0503085,5.15606,0,0.823638,1.26188,0.149039,9.5385,11.0039,262144,0.1951,0.2486,0,0.149502,0,1,1
box_detour_open,oi_face_rot_pstall_mppi,15355,256,16,0,0,1,1,1,54,0.240091,0.114344,4.71613,0,0.999038,1.44218,0.167774,9.0598,11.1371,221184,0.2788,0.2827,0,0.168263,0,1,1
box_detour_open,oi_face_rot_pstall_mppi,15362,256,16,0,0,1,1,1,49,0.223047,0.260549,4.54979,0,0.908811,1.32413,0.18332,8.9827,10.8945,200704,0.3002,0.3661,0,0.183829,0,1,1
box_detour_open,oi_face_rot_pstall_mppi,15369,256,16,0,0,1,1,1,65,0.246788,0.322358,5.32558,0,0.894597,1.3399,0.173243,11.2608,13.4818,266240,0.2015,0.2087,0,0.173758,0,1,1
box_detour_open,oi_face_rot_pstall_mppi,15376,256,16,0,0,1,1,1,60,0.235831,0.306361,5.00935,0,0.88566,1.16188,0.161215,9.6729,11.3763,245760,0.1828,0.5022,0,0.161645,0,1,1
box_detour_open,oi_face_rot_pstall_mppi,15383,256,16,0,0,1,1,1,62,0.219792,0.0894423,5.29989,0,0.852634,1.20191,0.164252,10.1836,11.8792,253952,0.2259,0.3388,0,0.164787,0,1,1
box_detour_open,oi_face_rot_pstall_mppi,15390,256,16,0,0,1,1,1,60,0.226392,0.02996,5.55702,0,1.17853,2.05043,0.17288,10.3728,12.1032,245760,0.1839,0.9799,0,0.173287,0,1,1
box_detour_open,oi_face_rot_pstall_mppi,15397,256,16,0,0,1,1,1,60,0.237926,0.270792,5.10964,0,1.17487,2.49014,0.16285,9.771,11.6918,245760,0.1801,0.335,0,0.16329,0,1,1
box_detour_open,oi_face_rot_pstall_mppi,15404,256,16,0,0,1,1,1,49,0.249876,0.131104,4.93245,0,0.885088,1.32251,0.159967,7.8384,9.3188,200704,0.2167,0.3609,0,0.160443,0,1,1
box_detour_open,oi_face_rot_pstall_mppi,15411,256,16,0,0,1,1,1,56,0.22867,0.115481,4.61562,0,0.981243,1.62387,0.149021,8.3452,9.6516,229376,0.1941,0.2456,0,0.149396,0,1,1
box_detour_open,oi_face_rot_pstall_mppi,15418,256,16,0,0,1,1,1,52,0.24845,0.261096,4.76291,0,0.860776,1.05861,0.158681,8.2514,9.6551,212992,0.1766,0.3481,0,0.159135,0,1,1
box_detour_open,oi_face_rot_pstall_mppi,15425,256,16,0,0,1,1,1,50,0.244701,0.0621979,4.87356,0,0.940045,1.41126,0.14876,7.438,8.6005,204800,0.1818,0.2203,0,0.149194,0,1,1
box_detour_open,oi_face_rot_pstall_mppi,15432,256,16,0,0,1,1,1,55,0.246007,0.26403,4.703,0,0.987318,1.53168,0.151775,8.3476,10.2276,225280,0.1868,0.2025,0,0.152255,0,1,1
box_detour_open,oi_face_rot_pstall_mppi,15439,256,16,0,0,1,1,1,66,0.2481,0.266448,4.87856,0,1.01559,1.769,0.154089,10.1699,11.7494,270336,0.1896,0.2454,0,0.154535,0,1,1
box_detour_open,oi_face_rot_pstall_mppi,15446,256,16,0,0,1,1,1,90,0.24924,0.196871,6.38002,0,0.838976,1.36202,0.144683,13.0215,15.031,368640,0.1821,0.2176,0,0.144929,0,1,1
box_detour_open,oi_face_rot_pstall_mppi,15453,256,16,0,0,1,1,1,61,0.234216,0.34168,5.35127,0,0.971927,1.6526,0.156466,9.5444,11.2243,249856,0.1749,0.1949,0,0.156849,0,1,1
box_detour_open,oi_face_rot_pstall_mppi,15460,256,16,0,0,1,1,1,57,0.216683,0.26223,4.72552,0,1.12801,1.92359,0.142618,8.1292,9.2178,233472,0.1798,0.2011,0,0.142967,0,1,1
box_detour_open,oi_face_rot_pstall_mppi,15467,256,16,0,0,1,1,1,62,0.224523,0.287931,5.10222,0,0.937484,1.47171,0.168629,10.455,12.1124,253952,0.1869,0.353,0,0.168994,0,1,1
box_detour_open,oi_face_rot_pstall_mppi,15474,256,16,0,0,1,1,1,58,0.234088,0.0767363,4.91017,0,0.812862,1.12641,0.140222,8.1329,9.1936,237568,0.1797,0.2812,0,0.140517,0,1,1
box_detour_open,oi_face_rot_pstall_mppi,15481,256,16,0,0,1,1,1,64,0.243628,0.0437251,5.53216,0,0.916169,1.32204,0.141442,9.0523,10.2745,262144,0.1786,0.2021,0,0.141806,0,1,1
box_detour_open,oi_face_rot_pstall_mppi,15488,256,16,0,0,1,1,1,69,0.225896,0.260764,5.78045,0,1.01906,1.60182,0.168599,11.6333,13.4073,282624,0.1905,0.3163,0,0.169023,0,1,1
box_detour_open,oi_face_rot_pstall_mppi,15495,256,16,0,0,1,1,1,56,0.242779,0.0106498,4.7829,0,0.971309,1.57973,0.147973,8.2865,9.6517,229376,0.174,0.1908,0,0.148311,0,1,1
box_detour_open,oi_face_rot_pstall_mppi,15502,256,16,0,0,1,1,1,64,0.2298,0.328721,5.022,0,0.837632,1.15393,0.213458,13.6613,16.6988,262144,0.2852,0.3185,0,0.213939,0,1,1
box_detour_open,oi_face_rot_pstall_mppi,15509,256,16,0,0,1,1,1,60,0.247893,0.0708165,5.18161,0,0.943972,1.4671,0.15901,9.5406,11.2983,245760,0.1803,0.1861,0,0.159438,0,1,1
box_detour_open,oi_face_rot_pstall_mppi,15516,256,16,0,0,1,1,1,58,0.248735,0.0470176,5.13438,0,0.926744,1.3642,0.128805,7.4707,8.2948,237568,0.1515,0.159,0,0.129036,0,1,1
box_detour_open,oi_face_rot_pstall_mppi,15523,256,16,0,0,1,1,1,51,0.238492,0.185732,4.77396,0,0.812181,1.24744,0.139439,7.1114,8.073,208896,0.1677,0.2145,0,0.139814,0,1,1
box_detour_open,oi_face_rot_pstall_mppi,15530,256,16,0,0,1,1,1,53,0.245718,0.101442,4.43284,0,1.15368,2.59924,0.137128,7.2678,8.4403,217088,0.1514,0.1682,0,0.1375,0,1,1
box_detour_open,oi_face_rot_pstall_mppi,15537,256,16,0,0,1,1,1,60,0.229966,0.243852,5.04038,0,1.02008,1.57232,0.160907,9.6544,11.1883,245760,0.1941,0.2773,0,0.161332,0,1,1
box_detour_open,oi_face_rot_pstall_mppi,15544,256,16,0,0,1,1,1,57,0.245565,0.155035,5.56412,0,0.830187,1.09013,0.152463,8.6904,10.0798,233472,0.2062,0.2824,0,0.152828,0,1,1
box_detour_open,oi_face_rot_pstall_mppi,15551,256,16,0,0,1,1,1,62,0.208648,0.0719022,5.00286,0,0.852448,1.16401,0.151176,9.3729,10.8408,253952,0.1711,0.1901,0,0.151529,0,1,1
box_detour_open,oi_face_rot_pstall_mppi,15558,256,16,0,0,1,1,1,62,0.230321,0.266849,5.12246,0,1.13968,2.26588,0.142424,8.8303,9.9968,253952,0.1658,0.1763,0,0.142692,0,1,1
box_detour_open,oi_face_rot_pstall_mppi,15565,256,16,0,0,1,1,1,58,0.235041,0.206195,4.81424,0,0.971462,1.46621,0.23719,13.757,16.9662,237568,0.3287,0.3961,0,0.237703,0,1,1
box_detour_open,oi_face_rot_pstall_mppi,15572,256,16,0,0,1,1,1,48,0.211118,0.0328491,4.74676,0,0.884848,1.11343,0.156104,7.493,8.7277,196608,0.1883,0.2102,0,0.156619,0,1,1
box_detour_open,oi_face_rot_pstall_mppi,15579,256,16,0,0,1,1,1,56,0.235744,0.125252,4.41469,0,1.12601,2.16345,0.15717,8.8015,10.1401,229376,0.1862,0.189,0,0.157536,0,1,1
box_detour_open,oi_face_rot_pstall_mppi,15586,256,16,0,0,1,1,1,62,0.220587,0.036437,5.86972,0,0.857219,1.3636,0.151755,9.4088,10.9435,253952,0.1886,0.2035,0,0.152169,0,1,1
box_detour_open,oi_face_rot_pstall_mppi,15593,256,16,0,0,1,1,1,72,0.242249,0.108868,6.07473,0,0.758903,0.923173,0.159969,11.5178,13.0886,294912,0.1914,0.2035,0,0.160369,0,1,1
box_detour_open,oi_face_rot_pstall_mppi,15600,256,16,0,0,1,1,1,65,0.234878,0.128476,5.4129,0,0.935928,1.31786,0.148709,9.6661,10.9886,266240,0.1954,0.2376,0,0.149105,0,1,1
box_detour_open,oi_face_rot_pstall_mppi,15607,256,16,0,0,1,1,1,59,0.234571,0.300086,5.56821,0,0.816556,1.1037,0.16363,9.6542,11.2791,241664,0.1888,0.2148,0,0.16409,0,1,1
box_detour_open,oi_face_rot_pstall_mppi,15614,256,16,0,0,1,1,1,58,0.246624,0.210114,5.07678,0,0.952064,1.44629,0.163679,9.4934,11.2242,237568,0.1869,0.2654,0,0.164147,0,1,1
box_detour_open,oi_face_rot_pstall_mppi,15621,256,16,0,0,1,1,1,43,0.233138,0.0595832,3.92914,0,0.794056,1.01007,0.155091,6.6689,8.0496,176128,0.1661,0.1763,0,0.155602,0,1,1
box_detour_open,oi_face_rot_pstall_mppi,15628,256,16,0,0,1,1,1,53,0.222456,0.264416,4.54244,0,0.935857,1.33859,0.15857,8.4042,9.7194,217088,0.1901,0.2207,0,0.158953,0,1,1
box_detour_open,oi_face_rot_pstall_mppi,15635,256,16,0,0,1,1,1,45,0.241632,0.0795556,4.28648,0,0.962117,1.37762,0.153313,6.8991,7.9616,184320,0.1857,0.2098,0,0.153822,0,1,1
box_detour_open,oi_face_rot_pstall_mppi,15642,256,16,0,0,1,1,1,57,0.220422,0.0223571,4.58395,0,1.08446,1.83172,0.148154,8.4448,9.8231,233472,0.1721,0.179,0,0.148523,0,1,1
box_detour_open,oi_face_rot_pstall_mppi,15649,256,16,0,0,1,1,1,65,0.24282,0.250237,5.12088,0,1.08818,2.01693,0.155672,10.1187,11.6661,266240,0.1748,0.1819,0,0.156106,0,1,1
box_detour_open,oi_face_rot_pstall_mppi,15656,256,16,0,0,1,1,1,62,0.224811,0.0246613,4.97213,0,1.08706,1.85078,0.269884,16.7328,21.0438,253952,0.3129,0.4167,0,0.270337,0,1,1
box_detour_open,oi_face_rot_pstall_mppi,15663,256,16,0,0,1,1,1,58,0.240676,0.168962,4.08663,0,0.93201,1.44186,0.156038,9.0502,10.7481,237568,0.1758,0.1902,0,0.156505,0,1,1
box_detour_open,oi_face_rot_pstall_mppi,15670,256,16,0,0,1,1,1,51,0.218403,0.334431,4.39958,0,0.823044,0.939588,0.173316,8.8391,10.5415,208896,0.2876,0.2992,0,0.173778,0,1,1
box_detour_open,oi_face_rot_pstall_mppi,15677,256,16,0,0,1,1,1,63,0.194513,0.258267,5.00974,0,0.860709,1.19771,0.158805,10.0047,11.86,258048,0.1756,0.2401,0,0.159244,0,1,1
box_detour_open,oi_face_rot_pstall_mppi,15684,256,16,0,0,1,1,1,46,0.23051,0.0462756,4.40166,0,0.936694,1.2947,0.174772,8.0395,9.5318,188416,0.2744,0.3161,0,0.175291,0,1,1
box_detour_open,oi_face_rot_pstall_mppi,15691,256,16,0,0,1,1,1,54,0.215277,0.249498,4.94415,0,0.914482,1.37671,0.153663,8.2978,9.579,221184,0.1805,0.1854,0,0.15445,0,1,1
box_detour_open,oi_face_rot_pstall_mppi,15698,256,16,0,0,1,1,1,55,0.201815,0.341777,5.11917,0,0.800991,1.05173,0.166069,9.1338,10.7241,225280,0.2079,0.2784,0,0.166631,0,1,1
box_detour_open,oi_face_rot_pstall_mppi,15705,256,16,0,0,1,1,1,74,0.241972,0.123768,5.68636,0,0.874746,1.21319,0.165431,12.2419,14.1272,303104,0.1948,0.2449,0,0.165805,0,1,1
box_detour_open,oi_face_rot_pstall_mppi,15712,256,16,0,0,1,1,1,57,0.208742,0.120007,5.0051,0,0.972514,1.47358,0.152619,8.6993,10.1634,233472,0.1781,0.2235,0,0.153049,0,1,1
box_detour_open,oi_face_rot_pstall_mppi,15719,256,16,0,0,1,1,1,61,0.221892,0.00787804,4.98103,0,1.02052,1.68439,0.15802,9.6392,11.224,249856,0.1886,0.1973,0,0.158771,0,1,1
box_detour_open,oi_face_rot_pstall_mppi,15726,256,16,0,0,1,1,1,53,0.233217,0.272391,4.67263,0,0.936933,1.41931,0.153936,8.1586,9.6935,217088,0.1639,0.1809,0,0.154474,0,1,1
box_detour_open,oi_face_rot_pstall_mppi,15733,256,16,0,0,1,1,1,55,0.216365,0.0384191,4.25868,0,1.00712,1.63339,0.157155,8.6435,10.0056,225280,0.2176,0.228,0,0.157613,0,1,1
box_detour_open,oi_face_rot_pstall_mppi,15740,256,16,0,0,1,1,1,62,0.242105,0.293824,5.01663,0,0.908555,1.50794,0.170294,10.5582,12.2889,253952,0.2161,0.3503,0,0.1707,0,1,1
box_detour_open,oi_face_rot_pstall_mppi,15747,256,16,0,0,1,1,1,68,0.149321,0.257715,5.14747,0,0.872936,1.23863,0.155326,10.5622,12.2708,278528,0.1831,0.2078,0,0.155735,0,1,1
box_detour_open,oi_face_rot_pstall_mppi,15754,256,16,0,0,1,1,1,60,0.246415,0.166184,5.54449,0,0.907645,1.22385,0.191548,11.4929,13.9317,245760,0.2756,0.2937,0,0.192015,0,1,1
box_detour_open,oi_face_rot_pstall_mppi,15761,256,16,0,0,1,1,1,57,0.247737,0.334702,4.70274,0,0.951538,1.42536,0.147937,8.4324,9.7053,233472,0.1802,0.1963,0,0.14826,0,1,1
box_detour_open,oi_face_rot_pstall_mppi,15768,256,16,0,0,1,1,1,72,0.244373,0.173617,4.98041,0,0.88027,1.56209,0.150293,10.8211,12.3928,294912,0.1849,0.2088,0,0.150586,0,1,1
box_detour_open,oi_face_rot_pstall_mppi,15775,256,16,0,0,1,1,1,63,0.205706,0.165335,5.0194,0,1.12215,2.27126,0.164184,10.3436,12.0439,258048,0.1912,0.2305,0,0.164557,0,1,1
box_detour_open,oi_face_rot_pstall_mppi,15782,256,16,0,0,1,1,1,92,0.234914,0.115819,6.42962,0,1.0747,2.10361,0.206506,18.9985,22.7908,376832,0.2895,0.3848,0,0.206846,0,1,1
box_detour_open,oi_face_rot_pstall_mppi,15789,256,16,0,0,1,1,1,58,0.225216,0.315137,5.24473,0,1.10378,1.73159,0.220131,12.7676,15.7289,237568,0.283,0.3238,0,0.220641,0,1,1
box_detour_open,oi_face_rot_pstall_mppi,15796,256,16,0,0,1,1,1,74,0.113767,0.271475,5.34678,0,1.08309,1.82904,0.164416,12.1668,14.1517,303104,0.2276,0.406,0,0.164805,0,1,1
box_detour_open,oi_face_rot_pstall_mppi,15803,256,16,0,0,1,1,1,65,0.242067,0.0937555,4.91608,0,0.829958,1.42,0.16614,10.7991,12.792,266240,0.2062,0.228,0,0.166648,0,1,1
box_detour_open,oi_face_rot_pstall_mppi,15810,256,16,0,0,1,1,1,56,0.232704,0.109883,5.05703,0,0.984434,1.66958,0.150207,8.4116,9.5624,229376,0.1928,0.2114,0,0.150548,0,1,1
box_detour_open,oi_face_rot_pstall_mppi,15817,256,16,0,0,1,1,1,45,0.231522,0.201382,4.16689,0,0.919294,1.39602,0.136553,6.1449,7.1314,184320,0.1747,0.2178,0,0.136958,0,1,1
box_detour_open,oi_face_rot_pstall_mppi,15824,256,16,0,0,1,1,1,66,0.240819,0.318291,5.41867,0,1.10223,1.91755,0.164585,10.8626,12.8112,270336,0.1849,0.6237,0,0.165041,0,1,1
box_detour_open,oi_face_rot_pstall_mppi,15831,256,16,0,0,1,1,1,62,0.233553,0.113429,5.38667,0,1.01971,2.07857,0.159623,9.8966,11.4746,253952,0.1766,0.2012,0,0.160008,0,1,1
box_detour_open,oi_face_rot_pstall_mppi,15838,256,16,0,0,1,1,1,55,0.211222,0.15014,4.25791,0,0.969532,1.53192,0.140391,7.7215,8.6432,225280,0.1703,0.1879,0,0.140702,0,1,1
box_detour_open,oi_face_rot_pstall_mppi,15845,256,16,0,0,1,1,1,55,0.232363,0.230108,5.5435,0,1.04891,1.66419,0.148496,8.1673,9.2402,225280,0.1824,0.2013,0,0.148884,0,1,1
box_detour_open,oi_face_rot_pstall_mppi,15852,256,16,0,0,1,1,1,56,0.227629,0.116731,4.77176,0,0.881524,1.29871,0.144093,8.0692,9.2183,229376,0.1796,0.2025,0,0.144425,0,1,1
box_detour_open,oi_face_rot_pstall_mppi,15859,256,16,0,0,1,1,1,59,0.216218,0.256636,4.55939,0,0.8723,1.29702,0.151917,8.9631,10.4854,241664,0.1807,0.2281,0,0.152293,0,1,1
box_detour_open,oi_face_rot_pstall_mppi,15866,256,16,0,0,1,1,1,57,0.249629,0.00171049,4.83452,0,0.950148,1.43177,0.153218,8.7334,10.2261,233472,0.2002,0.2164,0,0.153672,0,1,1
box_detour_open,oi_face_rot_pstall_mppi,15873,256,16,0,0,1,1,1,57,0.232375,0.211742,4.98851,0,1.04056,1.71434,0.142372,8.1152,9.389,233472,0.1674,0.1886,0,0.142698,0,1,1
box_detour_open,oi_face_rot_pstall_mppi,15880,256,16,0,0,1,1,1,59,0.238115,0.298007,5.92371,0,0.96089,1.43712,0.151842,8.9587,10.4983,241664,0.1705,0.1769,0,0.152263,0,1,1
box_detour_open,oi_face_rot_pstall_mppi,15887,256,16,0,0,1,1,1,87,0.224294,0.0320436,5.85547,0,1.05815,2.14152,0.203297,17.6868,21.3033,356352,0.2884,0.3333,0,0.203664,0,1,1
box_detour_open,oi_face_rot_pstall_mppi,15894,256,16,0,0,1,1,1,67,0.223828,0.268794,6.17362,0,0.967595,1.48873,0.15701,10.5197,12.3056,274432,0.1731,0.1855,0,0.157488,0,1,1
box_detour_open,oi_face_rot_pstall_mppi,15901,256,16,0,0,1,1,1,93,0.155666,0.29621,5.51437,0,0.950927,1.60786,0.140902,13.1039,15.0511,380928,0.1742,0.1893,0,0.141178,0,1,1
box_detour_open,oi_face_rot_pstall_mppi,15908,256,16,0,0,1,1,1,66,0.244249,0.255757,5.46259,0,0.848881,1.17387,0.153414,10.1253,11.7217,270336,0.1868,0.5044,0,0.153811,0,1,1
box_detour_open,oi_face_rot_pstall_mppi,15915,256,16,0,0,1,1,1,58,0.230563,0.0498082,4.74277,0,1.17174,2.15423,0.162441,9.4216,10.9985,237568,0.1813,0.2073,0,0.162872,0,1,1
box_detour_open,oi_face_rot_pstall_mppi,15922,256,16,0,0,1,1,1,65,0.18298,0.302946,4.67609,0,0.871889,1.22271,0.141162,9.1755,10.6161,266240,0.1787,0.188,0,0.14152,0,1,1
box_detour_open,oi_face_rot_pstall_mppi,15929,256,16,0,0,1,1,1,53,0.242689,0.260058,4.4221,0,0.951539,1.46876,0.167623,8.884,10.5667,217088,0.1873,0.2187,0,0.168092,0,1,1
box_detour_open,oi_face_rot_pstall_mppi,15936,256,16,0,0,1,1,1,52,0.188096,0.254642,4.7415,0,0.987395,1.6135,0.143871,7.4813,8.7912,212992,0.1684,0.1726,0,0.144254,0,1,1
box_detour_open,oi_face_rot_pstall_mppi,15943,256,16,0,0,1,1,1,56,0.235892,0.276069,5.38364,0,0.893056,1.22742,0.156089,8.741,10.0909,229376,0.1683,0.2246,0,0.156464,0,1,1
box_detour_open,oi_face_rot_pstall_mppi,15950,256,16,0,0,1,1,1,57,0.249751,0.164536,5.33445,0,0.981722,1.64184,0.146111,8.3283,9.5789,233472,0.1653,0.1712,0,0.146475,0,1,1
box_detour_open,oi_face_rot_pstall_mppi,15957,256,16,0,0,1,1,1,56,0.24347,0.0459234,4.73346,0,0.965801,1.40413,0.158689,8.8866,10.3279,229376,0.1815,0.2033,0,0.159098,0,1,1
box_detour_open,oi_face_rot_pstall_mppi,15964,256,16,0,0,1,1,1,63,0.231368,0.0954529,4.97006,0,1.19867,2.8394,0.153532,9.6725,11.3314,258048,0.1687,0.215,0,0.153944,0,1,1
box_detour_open,oi_face_rot_pstall_mppi,15971,256,16,0,0,1,1,1,74,0.205574,0.216476,6.64813,0,0.855183,1.35289,0.153988,11.3951,13.1697,303104,0.185,0.203,0,0.154358,0,1,1
box_detour_open,oi_face_rot_pstall_mppi,15978,256,16,0,0,1,1,1,53,0.242489,0.170875,4.87538,0,0.953859,1.41493,0.149025,7.8983,9.029,217088,0.1895,0.2025,0,0.149392,0,1,1
box_detour_open,oi_face_rot_pstall_mppi,15985,256,16,0,0,1,1,1,61,0.248455,0.276447,5.12216,0,0.99859,1.74155,0.162149,9.8911,11.905,249856,0.1794,0.2655,0,0.1625,0,1,1
box_detour_open,oi_face_rot_pstall_mppi,15992,256,16,0,0,1,1,1,59,0.235539,0.19822,5.0536,0,1.03763,1.55267,0.146115,8.6208,10.0084,241664,0.1815,0.1869,0,0.146491,0,1,1
box_detour_open,oi_face_rot_pstall_mppi,15999,256,16,0,0,1,1,1,64,0.240021,0.0411304,6.36618,0,1.00887,1.61255,0.131291,8.4026,9.5994,262144,0.1474,0.1598,0,0.131542,0,1,1
box_detour_open,oi_face_rot_pstall_mppi,16006,256,16,0,0,1,1,1,56,0.21112,0.147645,4.41646,0,1.09546,2.13232,0.133545,7.4785,8.5043,229376,0.1855,0.2151,0,0.13387,0,1,1
box_detour_open,oi_face_rot_pstall_mppi,16013,256,16,0,0,1,1,1,57,0.214513,0.0135328,4.39572,0,1.02636,1.85925,0.156633,8.9281,10.4929,233472,0.1733,0.2147,0,0.157075,0,1,1
box_detour_open,oi_face_rot_pstall_mppi,16020,256,16,0,0,1,1,1,62,0.197527,0.150884,4.90724,0,0.821013,1.22369,0.146363,9.0745,10.3518,253952,0.173,0.2195,0,0.146747,0,1,1
box_detour_open,oi_face_rot_pstall_mppi,16027,256,16,0,0,1,1,1,56,0.24143,0.151519,5.22953,0,0.875789,1.27969,0.135805,7.6051,8.5836,229376,0.1701,0.1966,0,0.136073,0,1,1
box_detour_open,oi_face_rot_pstall_mppi,16034,256,16,0,0,1,1,1,62,0.227741,0.0517917,5.00979,0,0.976104,1.6013,0.172335,10.6848,12.8024,253952,0.1934,0.2,0,0.172802,0,1,1
box_detour_open,oi_face_rot_pstall_mppi,16041,256,16,0,0,1,1,1,55,0.21493,0.312705,4.73718,0,0.959739,1.39871,0.128967,7.0932,7.9313,225280,0.1519,0.1603,0,0.129251,0,1,1
box_detour_open,oi_face_rot_pstall_mppi,16048,256,16,0,0,1,1,1,66,0.242451,0.0910575,5.30447,0,0.911063,1.40101,0.159345,10.5168,12.3222,270336,0.2718,0.3273,0,0.159786,0,1,1
box_detour_open,oi_face_rot_pstall_mppi,16055,256,16,0,0,1,1,1,54,0.233168,0.234605,4.49167,0,0.95014,1.48942,0.171369,9.2539,11.127,221184,0.2207,0.2946,0,0.171846,0,1,1
box_detour_open,oi_face_rot_pstall_mppi,16062,256,16,0,0,1,1,1,53,0.233894,0.135835,4.76787,0,0.794567,1.1777,0.1616,8.5648,9.9452,217088,0.2182,0.2607,0,0.162091,0,1,1
box_detour_open,oi_face_rot_pstall_mppi,16069,256,16,0,0,1,1,1,62,0.200694,0.343707,5.09128,0,0.809565,1.24543,0.262323,16.264,20.2623,253952,0.3365,0.416,0,0.262798,0,1,1
box_detour_open,oi_face_rot_pstall_mppi,16076,256,16,0,0,1,1,1,54,0.220881,0.229886,4.60058,0,0.943824,1.35197,0.145491,7.8565,9.1505,221184,0.1796,0.2096,0,0.145789,0,1,1
box_detour_open,oi_face_rot_pstall_mppi,16083,256,16,0,0,1,1,1,55,0.224345,0.2526,4.57331,0,0.939222,1.67005,0.166931,9.1812,10.8662,225280,0.1944,0.2531,0,0.16744,0,1,1
box_detour_open,oi_face_rot_pstall_mppi,16090,256,16,0,0,1,1,1,68,0.168571,0.281276,4.96957,0,0.808117,1.13121,0.164687,11.1987,12.9278,278528,0.1839,0.2396,0,0.165135,0,1,1
box_detour_open,oi_face_rot_pstall_mppi,16097,256,16,0,0,1,1,1,61,0.232364,0.150501,4.89208,0,0.895773,1.43133,0.289861,17.6815,22.0659,249856,0.3417,0.5511,0,0.290357,0,1,1
box_detour_open,oi_face_rot_pstall_mppi,16104,256,16,0,0,1,1,1,63,0.241467,0.108145,5.11916,0,1.37914,3.50841,0.166244,10.4734,12.291,258048,0.2201,0.3369,0,0.166641,0,1,1
box_detour_open,oi_face_rot_pstall_mppi,16111,256,16,0,0,1,1,1,57,0.20719,0.167001,4.80435,0,1.16429,2.34171,0.155167,8.8445,10.4724,233472,0.1812,0.1996,0,0.155589,0,1,1
box_detour_open,oi_face_rot_pstall_mppi,16118,256,16,0,0,1,1,1,54,0.236203,0.255654,4.48748,0,0.998738,1.62897,0.155596,8.4022,9.7568,221184,0.1877,0.1937,0,0.156061,0,1,1
box_detour_open,oi_face_rot_pstall_mppi,16125,256,16,0,0,1,1,1,63,0.249187,0.0765257,5.07482,0,0.809049,1.11936,0.133432,8.4062,9.3929,258048,0.1702,0.2029,0,0.13367,0,1,1
box_detour_open,oi_face_rot_pstall_mppi,16132,256,16,0,0,1,1,1,57,0.243984,0.108209,5.03896,0,1.19664,2.37048,0.135956,7.7495,8.642,233472,0.1549,0.1813,0,0.136207,0,1,1
box_detour_open,oi_face_rot_pstall_mppi,16139,256,16,0,0,1,1,1,65,0.249261,0.257876,5.68911,0,0.861418,1.10743,0.144846,9.415,10.6819,266240,0.1594,0.2638,0,0.145155,0,1,1
box_detour_open,oi_face_rot_pstall_mppi,16146,256,16,0,0,1,1,1,58,0.219575,0.154564,4.65098,0,1.10856,2.01829,0.154622,8.9681,10.2194,237568,0.1831,0.2146,0,0.154978,0,1,1
box_detour_open,oi_face_rot_pstall_mppi,16153,256,16,0,0,1,1,1,55,0.244955,0.012491,5.00415,0,0.8981,1.32491,0.159933,8.7963,10.047,225280,0.2017,0.2517,0,0.160282,0,1,1
box_detour_open,oi_face_rot_pstall_mppi,16160,256,16,0,0,1,1,1,67,0.246185,0.252557,5.46507,0,0.878941,1.30119,0.164173,10.9996,12.7369,274432,0.2798,0.3041,0,0.164579,0,1,1
box_detour_open,oi_face_rot_pstall_mppi,16167,256,16,0,0,1,1,1,71,0.197721,0.170136,5.19552,0,0.934384,1.55175,0.154231,10.9504,12.8935,290816,0.1877,0.3165,0,0.154714,0,1,1
box_detour_open,oi_face_rot_pstall_mppi,16174,256,16,0,0,1,1,1,61,0.206012,0.137827,4.73129,0,0.849794,1.26642,0.143807,8.7722,9.9887,249856,0.1693,0.1911,0,0.144092,0,1,1
box_detour_open,oi_face_rot_pstall_mppi,16181,256,16,0,0,1,1,1,62,0.241453,0.115714,5.39157,0,0.843146,1.11554,0.155306,9.629,11.4244,253952,0.1936,0.2677,0,0.155732,0,1,1
box_detour_open,oi_face_rot_pstall_mppi,16188,256,16,0,0,1,1,1,54,0.249745,0.251942,4.67769,0,0.803116,1.1027,0.143617,7.7553,9.0895,221184,0.1721,0.1919,0,0.143985,0,1,1
box_detour_open,oi_face_rot_pstall_mppi,16195,256,16,0,0,1,1,1,67,0.207626,0.2871,4.73421,0,1.50421,4.44059,0.169766,11.3743,13.4532,274432,0.2067,0.3136,0,0.170196,0,1,1
box_detour_open,oi_face_rot_pstall_mppi,16202,256,16,0,0,1,1,1,64,0.218508,0.18782,5.24522,0,0.94224,1.7336,0.143572,9.1886,10.424,262144,0.1965,0.2127,0,0.143923,0,1,1
box_detour_open,oi_face_rot_pstall_mppi,16209,256,16,0,0,1,1,1,71,0.156984,0.311961,5.17924,0,0.96304,1.46358,0.156121,11.0846,12.9833,290816,0.176,0.2994,0,0.156568,0,1,1
box_detour_open,oi_face_rot_pstall_mppi,16216,256,16,0,0,1,1,1,52,0.223588,0.223162,4.68918,0,0.936841,1.49271,0.157129,8.1707,9.4539,212992,0.1756,0.2018,0,0.15754,0,1,1
box_detour_open,oi_face_rot_pstall_mppi,16223,256,16,0,0,1,1,1,52,0.209084,0.265001,4.39255,0,0.976487,1.56129,0.155252,8.0731,9.3438,212992,0.1858,0.2226,0,0.155717,0,1,1
box_detour_open,oi_face_rot_pstall_mppi,16230,256,16,0,0,1,1,1,58,0.239901,0.024208,4.89561,0,0.922501,1.26334,0.15491,8.9848,10.6095,237568,0.1917,0.2026,0,0.155671,0,1,1
box_detour_open,oi_face_rot_pstall_mppi,16237,256,16,0,0,1,1,1,59,0.233682,0.0529315,4.8228,0,1.02441,1.65264,0.156129,9.2116,10.8282,241664,0.1762,0.2025,0,0.156505,0,1,1
box_detour_open,oi_face_rot_pstall_mppi,16244,256,16,0,0,1,1,1,64,0.183196,0.332498,5.5615,0,0.830798,1.31974,0.161828,10.357,12.0997,262144,0.1793,0.2512,0,0.162298,0,1,1
box_detour_open,oi_face_rot_pstall_mppi,16251,256,16,0,0,1,1,1,52,0.246573,0.101806,5.00764,0,1.00101,1.67761,0.158112,8.2218,9.5798,212992,0.1787,0.189,0,0.158602,0,1,1
box_detour_open,oi_face_rot_pstall_mppi,16258,256,16,0,0,1,1,1,62,0.239319,0.0140248,5.20176,0,1.12716,2.00203,0.146281,9.0694,10.4004,253952,0.1708,0.1766,0,0.14661,0,1,1
box_detour_open,oi_face_rot_pstall_mppi,16265,256,16,0,0,1,1,1,60,0.248361,0.20143,5.04188,0,1.15393,2.40929,0.162603,9.7562,11.4693,245760,0.181,0.2564,0,0.16306,0,1,1
box_detour_open,oi_face_rot_pstall_mppi,16272,256,16,0,0,1,1,1,60,0.210966,0.146645,4.86254,0,0.927851,1.28764,0.154643,9.2786,10.5952,245760,0.1994,0.2079,0,0.154937,0,1,1
box_detour_open,oi_face_rot_pstall_mppi,16279,256,16,0,0,1,1,1,66,0.229679,0.0342959,5.15991,0,0.759421,1.02428,0.162497,10.7248,12.7271,270336,0.2115,0.2481,0,0.162995,0,1,1
box_detour_open,oi_face_rot_pstall_mppi,16286,256,16,0,0,1,1,1,53,0.219587,0.221606,4.43125,0,0.919886,1.31957,0.160666,8.5153,10.0859,217088,0.1763,0.3461,0,0.161081,0,1,1
box_detour_open,oi_face_rot_pstall_mppi,16293,256,16,0,0,1,1,1,56,0.223361,0.00780639,4.55287,0,0.831764,1.28434,0.169571,9.496,11.3452,229376,0.2086,0.2658,0,0.170073,0,1,1
box_detour_open,oi_face_rot_pstall_mppi,16300,256,16,0,0,1,1,1,48,0.215149,0.20299,4.23269,0,0.74829,0.948303,0.168917,8.108,9.5648,196608,0.205,0.265,0,0.169471,0,1,1
box_detour_open,oi_face_rot_pstall_mppi,16307,256,16,0,0,1,1,1,64,0.231818,0.0828136,5.0891,0,0.870887,1.33827,0.150011,9.6007,11.3122,262144,0.1725,0.1837,0,0.150475,0,1,1
box_detour_open,oi_face_rot_pstall_mppi,16314,256,16,0,0,1,1,1,66,0.246225,0.134281,5.12276,0,0.872812,1.28858,0.142994,9.4376,10.8176,270336,0.153,0.208,0,0.143295,0,1,1
box_detour_open,oi_face_rot_pstall_mppi,16321,256,16,0,0,1,1,1,79,0.134301,0.263559,5.8807,0,1.07242,2.29935,0.162704,12.8536,14.8642,323584,0.202,0.2253,0,0.163071,0,1,1
box_detour_open,oi_face_rot_pstall_mppi,16328,256,16,0,0,1,1,1,60,0.21168,0.124965,4.7934,0,1.1858,2.31509,0.153875,9.2325,10.74,245760,0.1767,0.2179,0,0.15427,0,1,1
box_detour_open,oi_face_rot_pstall_mppi,16335,256,16,0,0,1,1,1,64,0.230344,0.170004,5.04887,0,1.38742,3.72626,0.15892,10.1709,11.7586,262144,0.1804,0.3018,0,0.159394,0,1,1
box_detour_open,oi_face_rot_pstall_mppi,16342,256,16,0,0,1,1,1,58,0.2318,0.225994,4.58511,0,1.03111,1.58958,0.15614,9.0561,10.6059,237568,0.1753,0.1941,0,0.156891,0,1,1
box_detour_open,oi_face_rot_pstall_mppi,16349,256,16,0,0,1,1,1,62,0.240688,0.251294,4.79185,0,0.964136,1.4163,0.135435,8.397,9.4304,253952,0.1669,0.1838,0,0.135735,0,1,1
box_detour_open,oi_face_rot_wide_mppi,14956,256,16,0,0,1,1,1,60,0.176449,0.280374,5.05891,0,0.989766,1.60204,0.161948,9.7169,11.506,245760,0.182,0.2132,0,0.162308,0,1,1
box_detour_open,oi_face_rot_wide_mppi,14963,256,16,0,0,1,1,1,59,0.208902,0.0567918,5.00411,0,1.08158,1.69211,0.155939,9.2004,10.7945,241664,0.2001,0.2489,0,0.156319,0,1,1
box_detour_open,oi_face_rot_wide_mppi,14970,256,16,0,0,1,1,1,60,0.231017,0.0523025,4.92847,0,0.736899,0.968802,0.15197,9.1182,10.5558,245760,0.1824,0.2738,0,0.152337,0,1,1
box_detour_open,oi_face_rot_wide_mppi,14977,256,16,0,0,1,1,1,51,0.24626,0.070658,5.05409,0,0.831938,1.15679,0.21542,10.9864,13.4586,208896,0.3153,0.3823,0,0.21602,0,1,1
box_detour_open,oi_face_rot_wide_mppi,14984,256,16,0,0,1,1,1,51,0.248729,0.174562,4.82829,0,0.825376,1.25982,0.156741,7.9938,9.2446,208896,0.1772,0.2105,0,0.157133,0,1,1
box_detour_open,oi_face_rot_wide_mppi,14991,256,16,0,0,1,1,1,55,0.230326,0.201747,4.64049,0,1.0736,1.98073,0.156491,8.607,10.109,225280,0.1707,0.1741,0,0.156884,0,1,1
box_detour_open,oi_face_rot_wide_mppi,14998,256,16,0,0,1,1,1,52,0.249912,0.282466,4.79413,0,0.901232,1.37448,0.154673,8.043,9.4312,212992,0.1892,0.1998,0,0.15509,0,1,1
box_detour_open,oi_face_rot_wide_mppi,15005,256,16,0,0,1,1,1,68,0.242269,0.0109592,6.14029,0,0.928662,1.57247,0.158091,10.7502,12.6212,278528,0.1926,0.1979,0,0.158516,0,1,1
box_detour_open,oi_face_rot_wide_mppi,15012,256,16,0,0,1,1,1,56,0.246763,0.0778905,4.59217,0,0.829592,1.19588,0.14258,7.9845,9.1015,229376,0.1824,0.2046,0,0.142943,0,1,1
box_detour_open,oi_face_rot_wide_mppi,15019,256,16,0,0,1,1,1,66,0.109016,0.30994,4.60663,0,0.900441,1.30467,0.145464,9.6006,10.9503,270336,0.1773,0.2034,0,0.146006,0,1,1
box_detour_open,oi_face_rot_wide_mppi,15026,256,16,0,0,1,1,1,51,0.210028,0.250068,4.70701,0,0.927033,1.35639,0.155818,7.9467,9.3173,208896,0.17,0.2331,0,0.156324,0,1,1
box_detour_open,oi_face_rot_wide_mppi,15033,256,16,0,0,1,1,1,68,0.0894115,0.289317,5.24223,0,0.881716,1.30814,0.154778,10.5249,12.4683,278528,0.1799,0.2091,0,0.155169,0,1,1
box_detour_open,oi_face_rot_wide_mppi,15040,256,16,0,0,1,1,1,65,0.226614,0.171525,5.45078,0,0.923723,1.47615,0.151308,9.835,11.383,266240,0.1626,0.2382,0,0.151714,0,1,1
box_detour_open,oi_face_rot_wide_mppi,15047,256,16,0,0,1,1,1,59,0.214282,0.186793,4.94444,0,1.20051,2.46468,0.148383,8.7546,10.2275,241664,0.1657,0.1786,0,0.148722,0,1,1
box_detour_open,oi_face_rot_wide_mppi,15054,256,16,0,0,1,1,1,59,0.247815,0.238832,5.61275,0,0.976601,1.39064,0.160698,9.4812,10.8924,241664,0.1752,0.2704,0,0.161051,0,1,1
box_detour_open,oi_face_rot_wide_mppi,15061,256,16,0,0,1,1,1,53,0.249888,0.045035,5.08037,0,0.803944,0.962219,0.145536,7.7134,8.9767,217088,0.1657,0.167,0,0.145913,0,1,1
box_detour_open,oi_face_rot_wide_mppi,15068,256,16,0,0,1,1,1,55,0.211303,0.18455,4.5562,0,0.798335,0.992376,0.149493,8.2221,9.4397,225280,0.1685,0.1888,0,0.149884,0,1,1
box_detour_open,oi_face_rot_wide_mppi,15075,256,16,0,0,1,1,1,51,0.23975,0.0263322,4.9387,0,0.911095,1.25297,0.154818,7.8957,9.3975,208896,0.1782,0.1886,0,0.1553,0,1,1
box_detour_open,oi_face_rot_wide_mppi,15082,256,16,0,0,1,1,1,61,0.23763,0.206514,4.76063,0,0.889213,1.41526,0.172239,10.5066,12.4287,249856,0.2095,0.2614,0,0.172746,0,1,1
box_detour_open,oi_face_rot_wide_mppi,15089,256,16,0,0,1,1,1,59,0.234874,0.262043,5.37063,0,1.10663,2.1923,0.147114,8.6797,9.9486,241664,0.1754,0.2357,0,0.147459,0,1,1
box_detour_open,oi_face_rot_wide_mppi,15096,256,16,0,0,1,1,1,55,0.234633,0.206727,4.75306,0,0.954452,1.32707,0.162111,8.9161,10.7908,225280,0.1969,0.2506,0,0.162735,0,1,1
box_detour_open,oi_face_rot_wide_mppi,15103,256,16,0,0,1,1,1,57,0.221717,0.0360719,5.10437,0,0.980514,1.74261,0.14276,8.1373,9.4382,233472,0.1652,0.1792,0,0.143088,0,1,1
box_detour_open,oi_face_rot_wide_mppi,15110,256,16,0,0,1,1,1,63,0.246387,0.0456974,5.16418,0,1.04926,1.5893,0.156959,9.8884,11.606,258048,0.1702,0.1871,0,0.157329,0,1,1
box_detour_open,oi_face_rot_wide_mppi,15117,256,16,0,0,1,1,1,73,0.244859,0.0718309,5.75527,0,0.867407,1.23457,0.154622,11.2874,13.4244,299008,0.1689,0.1793,0,0.15496,0,1,1
box_detour_open,oi_face_rot_wide_mppi,15124,256,16,0,0,1,1,1,60,0.231216,0.249854,5.45394,0,0.82697,1.17457,0.152977,9.1786,10.9635,245760,0.1688,0.1829,0,0.153333,0,1,1
box_detour_open,oi_face_rot_wide_mppi,15131,256,16,0,0,1,1,1,60,0.248515,0.0533401,4.91203,0,0.992919,1.89088,0.148443,8.9066,9.9363,245760,0.1855,0.2586,0,0.14876,0,1,1
box_detour_open,oi_face_rot_wide_mppi,15138,256,16,0,0,1,1,1,82,0.191464,0.0444659,5.60558,0,0.927883,1.60187,0.158835,13.0245,15.006,335872,0.1801,0.1946,0,0.159148,0,1,1
box_detour_open,oi_face_rot_wide_mppi,15145,256,16,0,0,1,1,1,66,0.24923,0.232476,5.0653,0,0.821713,1.21624,0.153371,10.1225,11.628,270336,0.1799,0.1986,0,0.153721,0,1,1
box_detour_open,oi_face_rot_wide_mppi,15152,256,16,0,0,1,1,1,44,0.226764,0.219536,4.35256,0,0.884452,1.56645,0.15525,6.831,7.9744,180224,0.1717,0.1848,0,0.155705,0,1,1
box_detour_open,oi_face_rot_wide_mppi,15159,256,16,0,0,1,1,1,57,0.243758,0.0515943,5.2966,0,0.830028,1.02923,0.161716,9.2178,10.8242,233472,0.181,0.2546,0,0.162144,0,1,1
box_detour_open,oi_face_rot_wide_mppi,15166,256,16,0,0,1,1,1,62,0.213126,0.26202,4.6182,0,0.756869,0.990897,0.147089,9.1195,10.2887,253952,0.1666,0.2545,0,0.147402,0,1,1
box_detour_open,oi_face_rot_wide_mppi,15173,256,16,0,0,1,1,1,72,0.249827,0.243299,5.53962,0,1.00122,1.83165,0.158878,11.4392,13.5817,294912,0.1881,0.2313,0,0.159387,0,1,1
box_detour_open,oi_face_rot_wide_mppi,15180,256,16,0,0,1,1,1,63,0.233641,0.298659,4.98003,0,1.05952,1.77611,0.157843,9.9441,11.6934,258048,0.1753,0.2235,0,0.158287,0,1,1
box_detour_open,oi_face_rot_wide_mppi,15187,256,16,0,0,1,1,1,56,0.227852,0.132791,4.7115,0,1.04308,1.64664,0.160257,8.9744,10.3518,229376,0.2025,0.2211,0,0.160693,0,1,1
box_detour_open,oi_face_rot_wide_mppi,15194,256,16,0,0,1,1,1,63,0.122725,0.287451,4.81087,0,0.789624,1.13259,0.154329,9.7227,11.2494,258048,0.2246,0.3152,0,0.154635,0,1,1
box_detour_open,oi_face_rot_wide_mppi,15201,256,16,0,0,1,1,1,49,0.193176,0.179558,4.50366,0,0.857271,1.22902,0.159941,7.8371,9.2654,200704,0.1905,0.1996,0,0.160378,0,1,1
box_detour_open,oi_face_rot_wide_mppi,15208,256,16,0,0,1,1,1,48,0.233244,0.267044,4.56353,0,0.804429,1.12565,0.167256,8.0283,9.3738,196608,0.1905,0.2249,0,0.16789,0,1,1
box_detour_open,oi_face_rot_wide_mppi,15215,256,16,0,0,1,1,1,59,0.198909,0.166192,4.68462,0,1.25529,3.26041,0.160051,9.443,11.0933,241664,0.1833,0.2152,0,0.160425,0,1,1
box_detour_open,oi_face_rot_wide_mppi,15222,256,16,0,0,1,1,1,60,0.212257,0.314145,5.79756,0,1.2332,2.45182,0.156738,9.4043,11.072,245760,0.1784,0.1982,0,0.157065,0,1,1
box_detour_open,oi_face_rot_wide_mppi,15229,256,16,0,0,1,1,1,51,0.244393,0.0903964,5.01806,0,0.963286,1.39678,0.137986,7.0373,7.8586,208896,0.1652,0.1696,0,0.138294,0,1,1
box_detour_open,oi_face_rot_wide_mppi,15236,256,16,0,0,1,1,1,55,0.222645,0.197713,4.55296,0,1.01311,1.75936,0.161876,8.9032,10.319,225280,0.1848,0.2947,0,0.162285,0,1,1
box_detour_open,oi_face_rot_wide_mppi,15243,256,16,0,0,1,1,1,52,0.243016,0.311275,4.4993,0,0.957863,1.65616,0.154038,8.01,9.2894,212992,0.1776,0.1802,0,0.15441,0,1,1
box_detour_open,oi_face_rot_wide_mppi,15250,256,16,0,0,1,1,1,88,0.143461,0.092295,6.05345,0,0.876109,1.28747,0.152768,13.4436,15.6301,360448,0.1702,0.2026,0,0.15304,0,1,1
box_detour_open,oi_face_rot_wide_mppi,15257,256,16,0,0,1,1,1,62,0.221289,0.266521,4.5297,0,0.984692,1.76821,0.146661,9.093,10.6374,253952,0.173,0.2069,0,0.147103,0,1,1
box_detour_open,oi_face_rot_wide_mppi,15264,256,16,0,0,1,1,1,57,0.222027,0.265436,5.34433,0,1.01933,1.43519,0.152195,8.6751,10.0961,233472,0.1646,0.2322,0,0.152551,0,1,1
box_detour_open,oi_face_rot_wide_mppi,15271,256,16,0,0,1,1,1,55,0.242009,0.1328,4.73867,0,0.868035,1.33667,0.139275,7.6601,8.59,225280,0.1589,0.1672,0,0.139709,0,1,1
box_detour_open,oi_face_rot_wide_mppi,15278,256,16,0,0,1,1,1,66,0.201493,0.159837,5.36854,0,0.787898,0.968987,0.154017,10.1651,12.0293,270336,0.1672,0.2022,0,0.154367,0,1,1
box_detour_open,oi_face_rot_wide_mppi,15285,256,16,0,0,1,1,1,53,0.215059,0.213859,4.93179,0,0.999292,1.41519,0.151817,8.0463,9.1946,217088,0.185,0.1966,0,0.152234,0,1,1
box_detour_open,oi_face_rot_wide_mppi,15292,256,16,0,0,1,1,1,60,0.230619,0.0757377,4.96088,0,0.945255,1.47402,0.15892,9.5352,11.1456,245760,0.175,0.2185,0,0.159305,0,1,1
box_detour_open,oi_face_rot_wide_mppi,15299,256,16,0,0,1,1,1,56,0.240637,0.289453,5.00445,0,1.03466,1.63891,0.156289,8.7522,10.0402,229376,0.1676,0.1708,0,0.156643,0,1,1
box_detour_open,oi_face_rot_wide_mppi,15306,256,16,0,0,1,1,1,91,0.202373,0.0971774,6.76336,0,0.917222,1.52442,0.14992,13.6427,15.6782,372736,0.1678,0.2043,0,0.150224,0,1,1
box_detour_open,oi_face_rot_wide_mppi,15313,256,16,0,0,1,1,1,66,0.249104,0.105468,5.53232,0,0.908854,1.35718,0.1615,10.659,12.2852,270336,0.1873,0.269,0,0.161867,0,1,1
box_detour_open,oi_face_rot_wide_mppi,15320,256,16,0,0,1,1,1,62,0.239663,0.0257593,5.25431,0,1.22624,2.7674,0.154603,9.5854,11.1094,253952,0.1829,0.2293,0,0.155037,0,1,1
box_detour_open,oi_face_rot_wide_mppi,15327,256,16,0,0,1,1,1,48,0.240105,0.208133,4.49978,0,0.909485,1.44578,0.152392,7.3148,8.5907,196608,0.1728,0.2019,0,0.153167,0,1,1
box_detour_open,oi_face_rot_wide_mppi,15334,256,16,0,0,1,1,1,37,0.249388,0.0215708,4.51054,0,0.713162,0.798508,0.154538,5.7179,6.8172,151552,0.1749,0.2222,0,0.154981,0,1,1
box_detour_open,oi_face_rot_wide_mppi,15341,256,16,0,0,1,1,1,69,0.225916,0.197165,6.06354,0,0.966849,1.37569,0.157804,10.8885,12.9879,282624,0.1706,0.1932,0,0.158155,0,1,1
box_detour_open,oi_face_rot_wide_mppi,15348,256,16,0,0,1,1,1,64,0.238581,0.0503085,5.15606,0,0.823638,1.26188,0.155787,9.9704,11.6959,262144,0.1799,0.2489,0,0.156195,0,1,1
box_detour_open,oi_face_rot_wide_mppi,15355,256,16,0,0,1,1,1,54,0.240091,0.114344,4.71613,0,0.999038,1.44218,0.136124,7.3507,8.397,221184,0.1732,0.1803,0,0.136467,0,1,1
box_detour_open,oi_face_rot_wide_mppi,15362,256,16,0,0,1,1,1,49,0.223047,0.260549,4.54979,0,0.908811,1.32413,0.159298,7.8056,8.8678,200704,0.1944,0.2572,0,0.159659,0,1,1
box_detour_open,oi_face_rot_wide_mppi,15369,256,16,0,0,1,1,1,65,0.246788,0.322358,5.32558,0,0.894597,1.3399,0.154015,10.011,11.7618,266240,0.1709,0.1821,0,0.154438,0,1,1
box_detour_open,oi_face_rot_wide_mppi,15376,256,16,0,0,1,1,1,60,0.235831,0.306361,5.00935,0,0.88566,1.16188,0.157703,9.4622,11.2135,245760,0.1822,0.3344,0,0.158105,0,1,1
box_detour_open,oi_face_rot_wide_mppi,15383,256,16,0,0,1,1,1,62,0.219792,0.0894423,5.29989,0,0.852634,1.20191,0.151937,9.4201,10.9437,253952,0.1693,0.1773,0,0.152289,0,1,1
box_detour_open,oi_face_rot_wide_mppi,15390,256,16,0,0,1,1,1,60,0.226392,0.02996,5.55702,0,1.17853,2.05043,0.15351,9.2106,10.8805,245760,0.1663,0.1913,0,0.153877,0,1,1
box_detour_open,oi_face_rot_wide_mppi,15397,256,16,0,0,1,1,1,60,0.237926,0.270792,5.10964,0,1.17487,2.49014,0.152235,9.1341,10.8669,245760,0.1746,0.1992,0,0.152653,0,1,1
box_detour_open,oi_face_rot_wide_mppi,15404,256,16,0,0,1,1,1,49,0.249876,0.131104,4.93245,0,0.885088,1.32251,0.155437,7.6164,8.7433,200704,0.1698,0.2039,0,0.155884,0,1,1
box_detour_open,oi_face_rot_wide_mppi,15411,256,16,0,0,1,1,1,56,0.22867,0.115481,4.61562,0,0.981243,1.62387,0.147598,8.2655,9.5456,229376,0.2095,0.2177,0,0.147962,0,1,1
box_detour_open,oi_face_rot_wide_mppi,15418,256,16,0,0,1,1,1,52,0.24845,0.261096,4.76291,0,0.860776,1.05861,0.157404,8.185,9.6141,212992,0.1797,0.2145,0,0.157812,0,1,1
box_detour_open,oi_face_rot_wide_mppi,15425,256,16,0,0,1,1,1,50,0.244701,0.0621979,4.87356,0,0.940045,1.41126,0.14534,7.267,8.3407,204800,0.1789,0.2186,0,0.145738,0,1,1
box_detour_open,oi_face_rot_wide_mppi,15432,256,16,0,0,1,1,1,55,0.246007,0.26403,4.703,0,0.987318,1.53168,0.157516,8.6634,10.1394,225280,0.1779,0.1858,0,0.1579,0,1,1
box_detour_open,oi_face_rot_wide_mppi,15439,256,16,0,0,1,1,1,66,0.2481,0.266448,4.87856,0,1.01559,1.769,0.159141,10.5033,12.3282,270336,0.1993,0.2761,0,0.159623,0,1,1
box_detour_open,oi_face_rot_wide_mppi,15446,256,16,0,0,1,1,1,90,0.24924,0.196871,6.38002,0,0.838976,1.36202,0.158708,14.2837,16.6693,368640,0.1954,0.3982,0,0.159047,0,1,1
box_detour_open,oi_face_rot_wide_mppi,15453,256,16,0,0,1,1,1,61,0.234216,0.34168,5.35127,0,0.971927,1.6526,0.167113,10.1939,11.9941,249856,0.1977,0.2226,0,0.167602,0,1,1
box_detour_open,oi_face_rot_wide_mppi,15460,256,16,0,0,1,1,1,57,0.216683,0.26223,4.72552,0,1.12801,1.92359,0.148888,8.4866,9.9198,233472,0.1815,0.2171,0,0.149286,0,1,1
box_detour_open,oi_face_rot_wide_mppi,15467,256,16,0,0,1,1,1,62,0.224523,0.287931,5.10222,0,0.937484,1.47171,0.149916,9.2948,10.758,253952,0.166,0.187,0,0.150306,0,1,1
box_detour_open,oi_face_rot_wide_mppi,15474,256,16,0,0,1,1,1,58,0.234088,0.0767363,4.91017,0,0.812862,1.12641,0.152421,8.8404,10.2844,237568,0.1762,0.2181,0,0.152764,0,1,1
box_detour_open,oi_face_rot_wide_mppi,15481,256,16,0,0,1,1,1,64,0.243628,0.0437251,5.53216,0,0.916169,1.32204,0.150453,9.629,11.378,262144,0.1706,0.185,0,0.150845,0,1,1
box_detour_open,oi_face_rot_wide_mppi,15488,256,16,0,0,1,1,1,69,0.225896,0.260764,5.78045,0,1.01906,1.60182,0.1529,10.5501,12.4392,282624,0.1637,0.2714,0,0.153294,0,1,1
box_detour_open,oi_face_rot_wide_mppi,15495,256,16,0,0,1,1,1,56,0.242779,0.0106498,4.7829,0,0.971309,1.57973,0.154105,8.6299,10.1958,229376,0.1665,0.1836,0,0.154486,0,1,1
box_detour_open,oi_face_rot_wide_mppi,15502,256,16,0,0,1,1,1,64,0.2298,0.328721,5.022,0,0.837632,1.15393,0.145803,9.3314,10.8195,262144,0.1596,0.1619,0,0.147013,0,1,1
box_detour_open,oi_face_rot_wide_mppi,15509,256,16,0,0,1,1,1,60,0.247893,0.0708165,5.18161,0,0.943972,1.4671,0.1532,9.192,10.6077,245760,0.167,0.1739,0,0.153543,0,1,1
box_detour_open,oi_face_rot_wide_mppi,15516,256,16,0,0,1,1,1,58,0.248735,0.0470176,5.13438,0,0.926744,1.3642,0.15566,9.0283,10.3761,237568,0.2161,0.2751,0,0.156055,0,1,1
box_detour_open,oi_face_rot_wide_mppi,15523,256,16,0,0,1,1,1,51,0.238492,0.185732,4.77396,0,0.812181,1.24744,0.146449,7.4689,8.6589,208896,0.1731,0.1737,0,0.146806,0,1,1
box_detour_open,oi_face_rot_wide_mppi,15530,256,16,0,0,1,1,1,53,0.245718,0.101442,4.43284,0,1.15368,2.59924,0.144368,7.6515,8.9186,217088,0.1586,0.1781,0,0.144774,0,1,1
box_detour_open,oi_face_rot_wide_mppi,15537,256,16,0,0,1,1,1,60,0.229966,0.243852,5.04038,0,1.02008,1.57232,0.159042,9.5425,11.1166,245760,0.1967,0.2713,0,0.159475,0,1,1
box_detour_open,oi_face_rot_wide_mppi,15544,256,16,0,0,1,1,1,57,0.245565,0.155035,5.56412,0,0.830187,1.09013,0.147774,8.4231,9.7316,233472,0.1804,0.2282,0,0.148156,0,1,1
box_detour_open,oi_face_rot_wide_mppi,15551,256,16,0,0,1,1,1,62,0.208648,0.0719022,5.00286,0,0.852448,1.16401,0.157798,9.7835,11.4278,253952,0.1887,0.3274,0,0.158255,0,1,1
box_detour_open,oi_face_rot_wide_mppi,15558,256,16,0,0,1,1,1,62,0.230321,0.266849,5.12246,0,1.13968,2.26588,0.150868,9.3538,10.9006,253952,0.1641,0.1858,0,0.151239,0,1,1
box_detour_open,oi_face_rot_wide_mppi,15565,256,16,0,0,1,1,1,58,0.235041,0.206195,4.81424,0,0.971462,1.46621,0.159065,9.2258,10.7576,237568,0.1818,0.197,0,0.159703,0,1,1
box_detour_open,oi_face_rot_wide_mppi,15572,256,16,0,0,1,1,1,48,0.211118,0.0328491,4.74676,0,0.884848,1.11343,0.158767,7.6208,8.7866,196608,0.1792,0.1805,0,0.159173,0,1,1
box_detour_open,oi_face_rot_wide_mppi,15579,256,16,0,0,1,1,1,56,0.235744,0.125252,4.41469,0,1.12601,2.16345,0.2145,12.012,14.4226,229376,0.357,0.4368,0,0.21502,0,1,1
box_detour_open,oi_face_rot_wide_mppi,15586,256,16,0,0,1,1,1,62,0.220587,0.036437,5.86972,0,0.857219,1.3636,0.156244,9.6871,11.4245,253952,0.1707,0.1868,0,0.156615,0,1,1
box_detour_open,oi_face_rot_wide_mppi,15593,256,16,0,0,1,1,1,72,0.242249,0.108868,6.07473,0,0.758903,0.923173,0.155344,11.1848,13.2268,294912,0.1783,0.2,0,0.155735,0,1,1
box_detour_open,oi_face_rot_wide_mppi,15600,256,16,0,0,1,1,1,65,0.234878,0.128476,5.4129,0,0.935928,1.31786,0.158563,10.3066,11.9499,266240,0.1908,0.329,0,0.159169,0,1,1
box_detour_open,oi_face_rot_wide_mppi,15607,256,16,0,0,1,1,1,59,0.234571,0.300086,5.56821,0,0.816556,1.1037,0.150047,8.8528,10.2748,241664,0.1917,0.2066,0,0.150437,0,1,1
box_detour_open,oi_face_rot_wide_mppi,15614,256,16,0,0,1,1,1,58,0.246624,0.210114,5.07678,0,0.952064,1.44629,0.1549,8.9842,10.4403,237568,0.1697,0.1807,0,0.155322,0,1,1
box_detour_open,oi_face_rot_wide_mppi,15621,256,16,0,0,1,1,1,43,0.233138,0.0595832,3.92914,0,0.794056,1.01007,0.157719,6.7819,7.848,176128,0.1885,0.2127,0,0.158156,0,1,1
box_detour_open,oi_face_rot_wide_mppi,15628,256,16,0,0,1,1,1,53,0.222456,0.264416,4.54244,0,0.935857,1.33859,0.17327,9.1833,10.7004,217088,0.289,0.9962,0,0.173696,0,1,1
box_detour_open,oi_face_rot_wide_mppi,15635,256,16,0,0,1,1,1,45,0.241632,0.0795556,4.28648,0,0.962117,1.37762,0.153251,6.8963,8.1079,184320,0.1691,0.1773,0,0.153716,0,1,1
box_detour_open,oi_face_rot_wide_mppi,15642,256,16,0,0,1,1,1,57,0.220422,0.0223571,4.58395,0,1.08446,1.83172,0.15306,8.7244,10.0902,233472,0.1672,0.2469,0,0.153421,0,1,1
box_detour_open,oi_face_rot_wide_mppi,15649,256,16,0,0,1,1,1,65,0.24282,0.250237,5.12088,0,1.08818,2.01693,0.148931,9.6805,11.17,266240,0.1667,0.1783,0,0.149335,0,1,1
box_detour_open,oi_face_rot_wide_mppi,15656,256,16,0,0,1,1,1,62,0.224811,0.0246613,4.97213,0,1.08706,1.85078,0.146369,9.0749,10.6147,253952,0.1705,0.1874,0,0.146729,0,1,1
box_detour_open,oi_face_rot_wide_mppi,15663,256,16,0,0,1,1,1,58,0.240676,0.168962,4.08663,0,0.93201,1.44186,0.165066,9.5738,11.3549,237568,0.2246,0.2945,0,0.1655,0,1,1
box_detour_open,oi_face_rot_wide_mppi,15670,256,16,0,0,1,1,1,51,0.218403,0.334431,4.39958,0,0.823044,0.939588,0.158453,8.0811,9.502,208896,0.1832,0.2214,0,0.158912,0,1,1
box_detour_open,oi_face_rot_wide_mppi,15677,256,16,0,0,1,1,1,63,0.194513,0.258267,5.00974,0,0.860709,1.19771,0.177057,11.1546,12.7032,258048,0.2265,0.9392,0,0.177403,0,1,1
box_detour_open,oi_face_rot_wide_mppi,15684,256,16,0,0,1,1,1,46,0.23051,0.0462756,4.40166,0,0.936694,1.2947,0.159909,7.3558,8.6084,188416,0.1954,0.3363,0,0.160378,0,1,1
box_detour_open,oi_face_rot_wide_mppi,15691,256,16,0,0,1,1,1,54,0.215277,0.249498,4.94415,0,0.914482,1.37671,0.147878,7.9854,9.3678,221184,0.1669,0.1703,0,0.148369,0,1,1
box_detour_open,oi_face_rot_wide_mppi,15698,256,16,0,0,1,1,1,55,0.201815,0.341777,5.11917,0,0.800991,1.05173,0.164969,9.0733,10.6021,225280,0.1962,0.2984,0,0.165455,0,1,1
box_detour_open,oi_face_rot_wide_mppi,15705,256,16,0,0,1,1,1,74,0.241972,0.123768,5.68636,0,0.874746,1.21319,0.160434,11.8721,13.8454,303104,0.2216,0.2583,0,0.160893,0,1,1
box_detour_open,oi_face_rot_wide_mppi,15712,256,16,0,0,1,1,1,57,0.208742,0.120007,5.0051,0,0.972514,1.47358,0.140503,8.0087,9.0884,233472,0.1616,0.1623,0,0.140867,0,1,1
box_detour_open,oi_face_rot_wide_mppi,15719,256,16,0,0,1,1,1,61,0.221892,0.00787804,4.98103,0,1.02052,1.68439,0.163113,9.9499,11.4395,249856,0.1887,0.2416,0,0.16352,0,1,1
box_detour_open,oi_face_rot_wide_mppi,15726,256,16,0,0,1,1,1,53,0.233217,0.272391,4.67263,0,0.936933,1.41931,0.155806,8.2577,9.6347,217088,0.1796,0.2084,0,0.156251,0,1,1
box_detour_open,oi_face_rot_wide_mppi,15733,256,16,0,0,1,1,1,55,0.216365,0.0384191,4.25868,0,1.00712,1.63339,0.221122,12.1617,14.8727,225280,0.2864,0.3898,0,0.221565,0,1,1
box_detour_open,oi_face_rot_wide_mppi,15740,256,16,0,0,1,1,1,62,0.242105,0.293824,5.01663,0,0.908555,1.50794,0.245861,15.2434,19.0567,253952,0.3015,0.3968,0,0.246305,0,1,1
box_detour_open,oi_face_rot_wide_mppi,15747,256,16,0,0,1,1,1,68,0.149321,0.257715,5.14747,0,0.872936,1.23863,0.158162,10.755,12.757,278528,0.1742,0.1825,0,0.158574,0,1,1
box_detour_open,oi_face_rot_wide_mppi,15754,256,16,0,0,1,1,1,60,0.246415,0.166184,5.54449,0,0.907645,1.22385,0.143552,8.6131,9.9033,245760,0.1701,0.186,0,0.143858,0,1,1
box_detour_open,oi_face_rot_wide_mppi,15761,256,16,0,0,1,1,1,57,0.247737,0.334702,4.70274,0,0.951538,1.42536,0.157691,8.9884,10.5061,233472,0.1871,0.2694,0,0.158072,0,1,1
box_detour_open,oi_face_rot_wide_mppi,15768,256,16,0,0,1,1,1,72,0.244373,0.173617,4.98041,0,0.88027,1.56209,0.156407,11.2613,13.4339,294912,0.198,0.206,0,0.156797,0,1,1
box_detour_open,oi_face_rot_wide_mppi,15775,256,16,0,0,1,1,1,63,0.205706,0.165335,5.0194,0,1.12215,2.27126,0.149432,9.4142,10.9054,258048,0.1684,0.1766,0,0.149746,0,1,1
box_detour_open,oi_face_rot_wide_mppi,15782,256,16,0,0,1,1,1,92,0.234914,0.115819,6.42962,0,1.0747,2.10361,0.148974,13.7056,15.7052,376832,0.1764,0.2121,0,0.149266,0,1,1
box_detour_open,oi_face_rot_wide_mppi,15789,256,16,0,0,1,1,1,58,0.225216,0.315137,5.24473,0,1.10378,1.73159,0.153386,8.8964,10.4373,237568,0.1704,0.196,0,0.153836,0,1,1
box_detour_open,oi_face_rot_wide_mppi,15796,256,16,0,0,1,1,1,74,0.113767,0.271475,5.34678,0,1.08309,1.82904,0.154161,11.4079,13.434,303104,0.175,0.1818,0,0.154512,0,1,1
box_detour_open,oi_face_rot_wide_mppi,15803,256,16,0,0,1,1,1,65,0.242067,0.0937555,4.91608,0,0.829958,1.42,0.146623,9.5305,11.1773,266240,0.167,0.1717,0,0.147043,0,1,1
box_detour_open,oi_face_rot_wide_mppi,15810,256,16,0,0,1,1,1,56,0.232704,0.109883,5.05703,0,0.984434,1.66958,0.22522,12.6123,15.2866,229376,0.3169,0.4024,0,0.225693,0,1,1
box_detour_open,oi_face_rot_wide_mppi,15817,256,16,0,0,1,1,1,45,0.231522,0.201382,4.16689,0,0.919294,1.39602,0.151989,6.8395,7.8969,184320,0.1716,0.1899,0,0.1525,0,1,1
box_detour_open,oi_face_rot_wide_mppi,15824,256,16,0,0,1,1,1,66,0.240819,0.318291,5.41867,0,1.10223,1.91755,0.143645,9.4806,10.8281,270336,0.1601,0.1981,0,0.14395,0,1,1
box_detour_open,oi_face_rot_wide_mppi,15831,256,16,0,0,1,1,1,62,0.233553,0.113429,5.38667,0,1.01971,2.07857,0.139184,8.6294,9.7661,253952,0.1737,0.1906,0,0.139474,0,1,1
box_detour_open,oi_face_rot_wide_mppi,15838,256,16,0,0,1,1,1,55,0.211222,0.15014,4.25791,0,0.969532,1.53192,0.165769,9.1173,10.5737,225280,0.189,0.2076,0,0.16616,0,1,1
box_detour_open,oi_face_rot_wide_mppi,15845,256,16,0,0,1,1,1,55,0.232363,0.230108,5.5435,0,1.04891,1.66419,0.156584,8.6121,10.0269,225280,0.1949,0.208,0,0.156987,0,1,1
box_detour_open,oi_face_rot_wide_mppi,15852,256,16,0,0,1,1,1,56,0.227629,0.116731,4.77176,0,0.881524,1.29871,0.161205,9.0275,10.484,229376,0.2025,0.2348,0,0.161605,0,1,1
box_detour_open,oi_face_rot_wide_mppi,15859,256,16,0,0,1,1,1,59,0.216218,0.256636,4.55939,0,0.8723,1.29702,0.168617,9.9484,11.5806,241664,0.1926,0.3337,0,0.16902,0,1,1
box_detour_open,oi_face_rot_wide_mppi,15866,256,16,0,0,1,1,1,57,0.249629,0.00171049,4.83452,0,0.950148,1.43177,0.159472,9.0899,10.7975,233472,0.1853,0.1877,0,0.159842,0,1,1
box_detour_open,oi_face_rot_wide_mppi,15873,256,16,0,0,1,1,1,57,0.232375,0.211742,4.98851,0,1.04056,1.71434,0.20956,11.9449,14.569,233472,0.3019,0.356,0,0.210026,0,1,1
box_detour_open,oi_face_rot_wide_mppi,15880,256,16,0,0,1,1,1,59,0.238115,0.298007,5.92371,0,0.96089,1.43712,0.145637,8.5926,9.6795,241664,0.1805,0.2529,0,0.145909,0,1,1
box_detour_open,oi_face_rot_wide_mppi,15887,256,16,0,0,1,1,1,87,0.224294,0.0320436,5.85547,0,1.05815,2.14152,0.151692,13.1972,15.5146,356352,0.1668,0.1888,0,0.151966,0,1,1
box_detour_open,oi_face_rot_wide_mppi,15894,256,16,0,0,1,1,1,67,0.223828,0.268794,6.17362,0,0.967595,1.48873,0.131885,8.8363,9.9326,274432,0.1557,0.2651,0,0.132169,0,1,1
box_detour_open,oi_face_rot_wide_mppi,15901,256,16,0,0,1,1,1,93,0.155666,0.29621,5.51437,0,0.950927,1.60786,0.160275,14.9056,17.1794,380928,0.1932,0.3934,0,0.160719,0,1,1
box_detour_open,oi_face_rot_wide_mppi,15908,256,16,0,0,1,1,1,66,0.244249,0.255757,5.46259,0,0.848881,1.17387,0.151508,9.9995,11.5036,270336,0.1904,0.2489,0,0.151876,0,1,1
box_detour_open,oi_face_rot_wide_mppi,15915,256,16,0,0,1,1,1,58,0.230563,0.0498082,4.74277,0,1.17174,2.15423,0.153936,8.9283,10.6729,237568,0.1784,0.1915,0,0.154348,0,1,1
box_detour_open,oi_face_rot_wide_mppi,15922,256,16,0,0,1,1,1,65,0.18298,0.302946,4.67609,0,0.871889,1.22271,0.152808,9.9325,11.5354,266240,0.1701,0.1992,0,0.15318,0,1,1
box_detour_open,oi_face_rot_wide_mppi,15929,256,16,0,0,1,1,1,53,0.242689,0.260058,4.4221,0,0.951539,1.46876,0.157345,8.3393,9.7716,217088,0.1834,0.2029,0,0.157775,0,1,1
box_detour_open,oi_face_rot_wide_mppi,15936,256,16,0,0,1,1,1,52,0.188096,0.254642,4.7415,0,0.987395,1.6135,0.156502,8.1381,9.5519,212992,0.1912,0.2459,0,0.156919,0,1,1
box_detour_open,oi_face_rot_wide_mppi,15943,256,16,0,0,1,1,1,56,0.235892,0.276069,5.38364,0,0.893056,1.22742,0.15847,8.8743,10.6323,229376,0.1778,0.1971,0,0.158934,0,1,1
box_detour_open,oi_face_rot_wide_mppi,15950,256,16,0,0,1,1,1,57,0.249751,0.164536,5.33445,0,0.981722,1.64184,0.146081,8.3266,9.6284,233472,0.1822,0.1962,0,0.146425,0,1,1
box_detour_open,oi_face_rot_wide_mppi,15957,256,16,0,0,1,1,1,56,0.24347,0.0459234,4.73346,0,0.965801,1.40413,0.150882,8.4494,9.7765,229376,0.176,0.1898,0,0.151266,0,1,1
box_detour_open,oi_face_rot_wide_mppi,15964,256,16,0,0,1,1,1,63,0.231368,0.0954529,4.97006,0,1.19867,2.8394,0.166981,10.5198,12.3943,258048,0.2055,0.2447,0,0.167406,0,1,1
box_detour_open,oi_face_rot_wide_mppi,15971,256,16,0,0,1,1,1,74,0.205574,0.216476,6.64813,0,0.855183,1.35289,0.156,11.544,13.4844,303104,0.1737,0.1839,0,0.156688,0,1,1
box_detour_open,oi_face_rot_wide_mppi,15978,256,16,0,0,1,1,1,53,0.242489,0.170875,4.87538,0,0.953859,1.41493,0.157336,8.3388,9.8702,217088,0.1704,0.1781,0,0.157772,0,1,1
box_detour_open,oi_face_rot_wide_mppi,15985,256,16,0,0,1,1,1,61,0.248455,0.276447,5.12216,0,0.99859,1.74155,0.187093,11.4127,13.7611,249856,0.2912,0.3133,0,0.187479,0,1,1
box_detour_open,oi_face_rot_wide_mppi,15992,256,16,0,0,1,1,1,59,0.235539,0.19822,5.0536,0,1.03763,1.55267,0.167936,9.9082,11.5353,241664,0.2188,0.2536,0,0.16838,0,1,1
box_detour_open,oi_face_rot_wide_mppi,15999,256,16,0,0,1,1,1,64,0.240021,0.0411304,6.36618,0,1.00887,1.61255,0.162534,10.4022,12.0385,262144,0.2345,0.303,0,0.162987,0,1,1
box_detour_open,oi_face_rot_wide_mppi,16006,256,16,0,0,1,1,1,56,0.21112,0.147645,4.41646,0,1.09546,2.13232,0.231041,12.9383,15.8565,229376,0.3399,0.4848,0,0.231586,0,1,1
box_detour_open,oi_face_rot_wide_mppi,16013,256,16,0,0,1,1,1,57,0.214513,0.0135328,4.39572,0,1.02636,1.85925,0.168995,9.6327,11.1802,233472,0.2179,0.3345,0,0.169384,0,1,1
box_detour_open,oi_face_rot_wide_mppi,16020,256,16,0,0,1,1,1,62,0.197527,0.150884,4.90724,0,0.821013,1.22369,0.167408,10.3793,12.0759,253952,0.1893,0.5415,0,0.167781,0,1,1
box_detour_open,oi_face_rot_wide_mppi,16027,256,16,0,0,1,1,1,56,0.24143,0.151519,5.22953,0,0.875789,1.27969,0.151457,8.4816,9.9156,229376,0.1722,0.1749,0,0.151814,0,1,1
box_detour_open,oi_face_rot_wide_mppi,16034,256,16,0,0,1,1,1,62,0.227741,0.0517917,5.00979,0,0.976104,1.6013,0.167984,10.415,12.4102,253952,0.2887,0.3372,0,0.168405,0,1,1
box_detour_open,oi_face_rot_wide_mppi,16041,256,16,0,0,1,1,1,55,0.21493,0.312705,4.73718,0,0.959739,1.39871,0.168825,9.2854,10.9874,225280,0.2712,0.2975,0,0.169287,0,1,1
box_detour_open,oi_face_rot_wide_mppi,16048,256,16,0,0,1,1,1,66,0.242451,0.0910575,5.30447,0,0.911063,1.40101,0.141762,9.3563,10.7138,270336,0.1701,0.3595,0,0.142117,0,1,1
box_detour_open,oi_face_rot_wide_mppi,16055,256,16,0,0,1,1,1,54,0.233168,0.234605,4.49167,0,0.95014,1.48942,0.158543,8.5613,9.8498,221184,0.1883,0.304,0,0.159248,0,1,1
box_detour_open,oi_face_rot_wide_mppi,16062,256,16,0,0,1,1,1,53,0.233894,0.135835,4.76787,0,0.794567,1.1777,0.166251,8.8113,10.6186,217088,0.1952,0.2351,0,0.166758,0,1,1
box_detour_open,oi_face_rot_wide_mppi,16069,256,16,0,0,1,1,1,62,0.200694,0.343707,5.09128,0,0.809565,1.24543,0.166774,10.34,12.0997,253952,0.1883,0.3239,0,0.167187,0,1,1
box_detour_open,oi_face_rot_wide_mppi,16076,256,16,0,0,1,1,1,54,0.220881,0.229886,4.60058,0,0.943824,1.35197,0.160696,8.6776,10.4799,221184,0.2141,0.2821,0,0.161146,0,1,1
box_detour_open,oi_face_rot_wide_mppi,16083,256,16,0,0,1,1,1,55,0.224345,0.2526,4.57331,0,0.939222,1.67005,0.164349,9.0392,10.3913,225280,0.1902,0.2007,0,0.164742,0,1,1
box_detour_open,oi_face_rot_wide_mppi,16090,256,16,0,0,1,1,1,68,0.168571,0.281276,4.96957,0,0.808117,1.13121,0.223046,15.1671,18.4381,278528,0.3199,1.9719,0,0.223553,0,1,1
box_detour_open,oi_face_rot_wide_mppi,16097,256,16,0,0,1,1,1,61,0.232364,0.150501,4.89208,0,0.895773,1.43133,0.173126,10.5607,12.675,249856,0.2247,0.281,0,0.173569,0,1,1
box_detour_open,oi_face_rot_wide_mppi,16104,256,16,0,0,1,1,1,63,0.241467,0.108145,5.11916,0,1.37914,3.50841,0.180802,11.3905,13.8924,258048,0.3137,0.3913,0,0.181444,0,1,1
box_detour_open,oi_face_rot_wide_mppi,16111,256,16,0,0,1,1,1,57,0.20719,0.167001,4.80435,0,1.16429,2.34171,0.180861,10.3091,12.1235,233472,0.271,0.3226,0,0.181428,0,1,1
box_detour_open,oi_face_rot_wide_mppi,16118,256,16,0,0,1,1,1,54,0.236203,0.255654,4.48748,0,0.998738,1.62897,0.162526,8.7764,10.1544,221184,0.189,0.2104,0,0.162913,0,1,1
box_detour_open,oi_face_rot_wide_mppi,16125,256,16,0,0,1,1,1,63,0.249187,0.0765257,5.07482,0,0.809049,1.11936,0.159671,10.0593,11.7885,258048,0.1774,0.2205,0,0.160395,0,1,1
box_detour_open,oi_face_rot_wide_mppi,16132,256,16,0,0,1,1,1,57,0.243984,0.108209,5.03896,0,1.19664,2.37048,0.181491,10.345,12.3979,233472,0.2856,0.407,0,0.181902,0,1,1
box_detour_open,oi_face_rot_wide_mppi,16139,256,16,0,0,1,1,1,65,0.249261,0.257876,5.68911,0,0.861418,1.10743,0.173217,11.2591,13.3705,266240,0.1945,0.3072,0,0.173709,0,1,1
box_detour_open,oi_face_rot_wide_mppi,16146,256,16,0,0,1,1,1,58,0.219575,0.154564,4.65098,0,1.10856,2.01829,0.174703,10.1328,11.7214,237568,0.1993,0.2113,0,0.175122,0,1,1
box_detour_open,oi_face_rot_wide_mppi,16153,256,16,0,0,1,1,1,55,0.244955,0.012491,5.00415,0,0.8981,1.32491,0.156655,8.616,10.0686,225280,0.1845,0.2368,0,0.157065,0,1,1
box_detour_open,oi_face_rot_wide_mppi,16160,256,16,0,0,1,1,1,67,0.246185,0.252557,5.46507,0,0.878941,1.30119,0.170082,11.3955,13.3293,274432,0.206,0.3481,0,0.170545,0,1,1
box_detour_open,oi_face_rot_wide_mppi,16167,256,16,0,0,1,1,1,71,0.197721,0.170136,5.19552,0,0.934384,1.55175,0.164249,11.6617,13.7056,290816,0.1879,0.2661,0,0.164687,0,1,1
box_detour_open,oi_face_rot_wide_mppi,16174,256,16,0,0,1,1,1,61,0.206012,0.137827,4.73129,0,0.849794,1.26642,0.161615,9.8585,11.6293,249856,0.199,0.2316,0,0.162044,0,1,1
box_detour_open,oi_face_rot_wide_mppi,16181,256,16,0,0,1,1,1,62,0.241453,0.115714,5.39157,0,0.843146,1.11554,0.165858,10.2832,12.0848,253952,0.1867,0.2137,0,0.166247,0,1,1
box_detour_open,oi_face_rot_wide_mppi,16188,256,16,0,0,1,1,1,54,0.249745,0.251942,4.67769,0,0.803116,1.1027,0.169443,9.1499,10.5444,221184,0.1916,0.2043,0,0.169926,0,1,1
box_detour_open,oi_face_rot_wide_mppi,16195,256,16,0,0,1,1,1,67,0.207626,0.2871,4.73421,0,1.50421,4.44059,0.17581,11.7793,14.0381,274432,0.2416,0.4253,0,0.176272,0,1,1
box_detour_open,oi_face_rot_wide_mppi,16202,256,16,0,0,1,1,1,64,0.218508,0.18782,5.24522,0,0.94224,1.7336,0.163636,10.4727,12.4092,262144,0.195,0.2512,0,0.16412,0,1,1
box_detour_open,oi_face_rot_wide_mppi,16209,256,16,0,0,1,1,1,71,0.156984,0.311961,5.17924,0,0.96304,1.46358,0.182125,12.9309,15.3089,290816,0.2624,0.3108,0,0.182576,0,1,1
box_detour_open,oi_face_rot_wide_mppi,16216,256,16,0,0,1,1,1,52,0.223588,0.223162,4.68918,0,0.936841,1.49271,0.169479,8.8129,10.5488,212992,0.2424,0.3689,0,0.169965,0,1,1
box_detour_open,oi_face_rot_wide_mppi,16223,256,16,0,0,1,1,1,52,0.209084,0.265001,4.39255,0,0.976487,1.56129,0.18129,9.4271,11.0436,212992,0.257,0.3178,0,0.183429,0,1,1
box_detour_open,oi_face_rot_wide_mppi,16230,256,16,0,0,1,1,1,58,0.239901,0.024208,4.89561,0,0.922501,1.26334,0.165698,9.6105,11.3505,237568,0.207,0.2165,0,0.166105,0,1,1
box_detour_open,oi_face_rot_wide_mppi,16237,256,16,0,0,1,1,1,59,0.233682,0.0529315,4.8228,0,1.02441,1.65264,0.147656,8.7117,10.2512,241664,0.1808,0.1854,0,0.14798,0,1,1
box_detour_open,oi_face_rot_wide_mppi,16244,256,16,0,0,1,1,1,64,0.183196,0.332498,5.5615,0,0.830798,1.31974,0.158563,10.148,12.0666,262144,0.1962,0.3428,0,0.158984,0,1,1
box_detour_open,oi_face_rot_wide_mppi,16251,256,16,0,0,1,1,1,52,0.246573,0.101806,5.00764,0,1.00101,1.67761,0.150875,7.8455,9.1791,212992,0.1785,0.1868,0,0.151317,0,1,1
box_detour_open,oi_face_rot_wide_mppi,16258,256,16,0,0,1,1,1,62,0.239319,0.0140248,5.20176,0,1.12716,2.00203,0.153223,9.4998,11.0966,253952,0.1809,0.2136,0,0.153542,0,1,1
box_detour_open,oi_face_rot_wide_mppi,16265,256,16,0,0,1,1,1,60,0.248361,0.20143,5.04188,0,1.15393,2.40929,0.170653,10.2392,12.2437,245760,0.2262,0.3297,0,0.171073,0,1,1
box_detour_open,oi_face_rot_wide_mppi,16272,256,16,0,0,1,1,1,60,0.210966,0.146645,4.86254,0,0.927851,1.28764,0.174683,10.481,12.3648,245760,0.242,0.4868,0,0.1752,0,1,1
box_detour_open,oi_face_rot_wide_mppi,16279,256,16,0,0,1,1,1,66,0.229679,0.0342959,5.15991,0,0.759421,1.02428,0.170329,11.2417,13.036,270336,0.192,0.3666,0,0.170783,0,1,1
box_detour_open,oi_face_rot_wide_mppi,16286,256,16,0,0,1,1,1,53,0.219587,0.221606,4.43125,0,0.919886,1.31957,0.181228,9.6051,11.5359,217088,0.2361,0.3047,0,0.181787,0,1,1
box_detour_open,oi_face_rot_wide_mppi,16293,256,16,0,0,1,1,1,56,0.223361,0.00780639,4.55287,0,0.831764,1.28434,0.155082,8.6846,10.3826,229376,0.1696,0.2366,0,0.155493,0,1,1
box_detour_open,oi_face_rot_wide_mppi,16300,256,16,0,0,1,1,1,48,0.215149,0.20299,4.23269,0,0.74829,0.948303,0.156408,7.5076,8.9124,196608,0.187,0.2239,0,0.15686,0,1,1
box_detour_open,oi_face_rot_wide_mppi,16307,256,16,0,0,1,1,1,64,0.231818,0.0828136,5.0891,0,0.870887,1.33827,0.158162,10.1224,11.8451,262144,0.1932,0.226,0,0.158628,0,1,1
box_detour_open,oi_face_rot_wide_mppi,16314,256,16,0,0,1,1,1,66,0.246225,0.134281,5.12276,0,0.872812,1.28858,0.172879,11.41,13.3123,270336,0.2148,0.3849,0,0.173344,0,1,1
box_detour_open,oi_face_rot_wide_mppi,16321,256,16,0,0,1,1,1,79,0.134301,0.263559,5.8807,0,1.07242,2.29935,0.178909,14.1338,16.5699,323584,0.2564,0.3785,0,0.179294,0,1,1
box_detour_open,oi_face_rot_wide_mppi,16328,256,16,0,0,1,1,1,60,0.21168,0.124965,4.7934,0,1.1858,2.31509,0.17044,10.2264,12.3926,245760,0.2238,0.3108,0,0.170922,0,1,1
box_detour_open,oi_face_rot_wide_mppi,16335,256,16,0,0,1,1,1,64,0.230344,0.170004,5.04887,0,1.38742,3.72626,0.172602,11.0465,13.035,262144,0.238,0.2869,0,0.173111,0,1,1
box_detour_open,oi_face_rot_wide_mppi,16342,256,16,0,0,1,1,1,58,0.2318,0.225994,4.58511,0,1.03111,1.58958,0.174609,10.1273,12.1091,237568,0.2374,0.2572,0,0.175179,0,1,1
box_detour_open,oi_face_rot_wide_mppi,16349,256,16,0,0,1,1,1,62,0.240688,0.251294,4.79185,0,0.964136,1.4163,0.177766,11.0215,12.9585,253952,0.2262,0.7783,0,0.178182,0,1,1
box_detour_wall,oi_face_rot_pstall_mppi,14956,256,16,0,0,1,1,1,89,0.245901,0.0256804,7.53341,0,0.945545,1.60529,0.224229,19.9564,22.9065,364544,0.3632,1.3709,0,0.224682,0,1,1
box_detour_wall,oi_face_rot_pstall_mppi,14963,256,16,0,0,1,1,1,121,0.179429,0.0725182,9.07706,0,0.890847,1.53608,0.248548,30.0743,35.1913,495616,0.5014,2.1211,0,0.249248,0,1,1
box_detour_wall,oi_face_rot_pstall_mppi,14970,256,16,0,0,1,1,1,96,0.24029,0.040299,9.27575,0,0.969284,1.63144,0.252209,24.2121,28.1364,393216,0.3489,1.6697,0,0.253063,0,1,1
box_detour_wall,oi_face_rot_pstall_mppi,14977,256,16,0,0,1,1,1,86,0.212561,0.211878,6.75223,0,1.05919,1.93375,0.288222,24.7871,27.9745,352256,0.8528,2.1949,0,0.288671,0,1,1
box_detour_wall,oi_face_rot_pstall_mppi,14984,256,16,0,0,1,1,1,81,0.222931,0.0531614,6.37618,0,0.919491,1.57093,0.264426,21.4185,25.4107,331776,0.4498,2.2076,0,0.264905,0,1,1
box_detour_wall,oi_face_rot_pstall_mppi,14991,256,16,0,0,1,1,1,72,0.223882,0.0195659,5.74177,0,0.824665,1.3719,0.329744,23.7416,33.3295,294912,1.1956,2.0562,0,0.330235,0,1,1
box_detour_wall,oi_face_rot_pstall_mppi,14998,256,16,0,0,1,1,1,73,0.213556,0.0140927,5.85955,0,0.780777,1.07677,0.496463,36.2418,39.2511,299008,1.6911,8.9932,0,0.496993,0,1,1
box_detour_wall,oi_face_rot_pstall_mppi,15005,256,16,0,0,1,1,1,195,0.213088,0.0219921,14.1585,0,0.901247,1.55184,0.217169,42.348,49.371,798720,0.3779,0.6428,0,0.217456,0,1,1
box_detour_wall,oi_face_rot_pstall_mppi,15012,256,16,0,0,1,1,1,120,0.229093,0.11498,9.34612,0,0.782748,1.14949,0.467356,56.0827,66.6379,491520,1.9316,7.6309,0,0.467768,0,1,1
box_detour_wall,oi_face_rot_pstall_mppi,15019,256,16,0,0,1,1,1,189,0.245257,0.220863,13.2175,0,1.04397,2.00896,0.222326,42.0197,60.9661,774144,0.2888,3.7675,0,0.222604,0,1,1
box_detour_wall,oi_face_rot_pstall_mppi,15026,256,16,0,0,1,1,1,111,0.231536,0.109127,9.56105,0,0.709356,0.934569,0.367842,40.8305,46.5315,454656,0.8108,5.9353,0,0.368201,0,1,1
box_detour_wall,oi_face_rot_pstall_mppi,15033,256,16,0,0,1,1,1,71,0.233024,0.08663,5.90811,0,0.744883,1.05885,0.317703,22.5569,24.812,290816,0.5141,5.9149,0,0.318135,0,1,1
box_detour_wall,oi_face_rot_pstall_mppi,15040,256,16,0,0,1,1,1,101,0.220712,0.0470315,7.58567,0,0.883743,1.35605,0.212972,21.5102,24.8895,413696,0.3239,0.476,0,0.213383,0,1,1
box_detour_wall,oi_face_rot_pstall_mppi,15047,256,16,0,0,1,1,1,112,0.199154,0.00288913,8.29658,0,0.854027,1.44828,0.261337,29.2698,33.9282,458752,0.4377,1.6055,0,0.261675,0,1,1
box_detour_wall,oi_face_rot_pstall_mppi,15054,256,16,0,0,1,1,1,104,0.220536,0.00658383,7.10604,0,0.865775,1.46702,0.221562,23.0424,26.3776,425984,0.2927,1.1477,0,0.221949,0,1,1
box_detour_wall,oi_face_rot_pstall_mppi,15061,256,16,0,0,1,1,1,105,0.215578,0.0627499,8.08625,0,0.972474,1.71861,0.195475,20.5249,23.5202,430080,0.2368,0.3597,0,0.195818,0,1,1
box_detour_wall,oi_face_rot_pstall_mppi,15068,256,16,0,0,1,1,1,94,0.210164,0.134559,6.65111,0,0.847632,1.32438,0.198042,18.6159,21.5038,385024,0.2492,0.2937,0,0.198344,0,1,1
box_detour_wall,oi_face_rot_pstall_mppi,15075,256,16,0,0,1,1,1,128,0.200408,0.0737887,9.63614,0,0.746507,1.1516,0.216178,27.6708,31.8963,524288,0.3074,1.0663,0,0.216488,0,1,1
box_detour_wall,oi_face_rot_pstall_mppi,15082,256,16,0,0,1,1,1,107,0.243634,0.137153,8.66915,0,0.753756,1.14666,0.267907,28.666,32.6112,438272,0.7626,1.7962,0,0.268299,0,1,1
box_detour_wall,oi_face_rot_pstall_mppi,15089,256,16,0,0,1,1,1,111,0.225176,0.174395,7.09272,0,0.744572,1.17527,0.2318,25.7298,30.02,454656,0.3794,1.0251,0,0.232183,0,1,1
box_detour_wall,oi_face_rot_pstall_mppi,15096,256,16,0,0,1,1,1,108,0.23766,0.122339,6.52905,0,0.807282,1.4377,0.250772,27.0834,31.0427,442368,0.3127,2.2097,0,0.251161,0,1,1
box_detour_wall,oi_face_rot_pstall_mppi,15103,256,16,0,0,1,1,1,128,0.249554,0.00332537,10.4058,0,0.785332,1.083,0.237521,30.4027,35.6857,524288,0.341,1.3419,0,0.237837,0,1,1
box_detour_wall,oi_face_rot_pstall_mppi,15110,256,16,0,0,1,1,1,138,0.247277,0.0627004,9.46791,0,0.841602,1.28613,0.268938,37.1135,41.7012,565248,0.3702,2.2478,0,0.26929,0,1,1
box_detour_wall,oi_face_rot_pstall_mppi,15117,256,16,0,0,1,1,1,47,0.216528,0.109111,5.24338,0,0.696097,0.834681,0.269853,12.6831,14.6758,192512,0.6818,0.8583,0,0.270432,0,1,1
box_detour_wall,oi_face_rot_pstall_mppi,15124,256,16,0,0,1,1,1,110,0.246021,0.0690097,9.65056,0,0.772993,1.05983,0.235801,25.9381,30.1509,450560,0.3394,1.0335,0,0.236334,0,1,1
box_detour_wall,oi_face_rot_pstall_mppi,15131,256,16,0,0,1,1,1,84,0.24243,0.177705,6.82611,0,0.801331,1.10322,0.224283,18.8398,21.464,344064,0.2534,1.3466,0,0.224687,0,1,1
box_detour_wall,oi_face_rot_pstall_mppi,15138,256,16,0,0,1,1,1,118,0.233635,0.192564,9.94725,0,0.987768,1.87597,0.199656,23.5594,27.2994,483328,0.2523,0.4015,0,0.200476,0,1,1
box_detour_wall,oi_face_rot_pstall_mppi,15145,256,16,0,0,1,1,1,87,0.241053,0.135732,7.27893,0,0.876085,1.39138,0.203736,17.725,20.5977,356352,0.2797,0.3304,0,0.204088,0,1,1
box_detour_wall,oi_face_rot_pstall_mppi,15152,256,16,0,0,1,1,1,79,0.248432,0.00888254,6.10339,0,0.989409,1.66841,0.199868,15.7896,18.0787,323584,0.2425,0.252,0,0.200254,0,1,1
box_detour_wall,oi_face_rot_pstall_mppi,15159,256,16,0,0,1,1,1,115,0.218815,0.0178931,8.65314,0,0.853388,1.31305,0.208329,23.9578,27.294,471040,0.3205,0.5983,0,0.208672,0,1,1
box_detour_wall,oi_face_rot_pstall_mppi,15166,256,16,0,0,1,1,1,111,0.21885,0.18363,9.46416,0,0.8903,1.41237,0.195919,21.747,24.9984,454656,0.2508,0.3413,0,0.196238,0,1,1
box_detour_wall,oi_face_rot_pstall_mppi,15173,256,16,0,0,1,1,1,105,0.186091,0.0568191,7.09436,0,0.833206,1.32535,0.193654,20.3337,23.0748,430080,0.2398,0.3314,0,0.193955,0,1,1
box_detour_wall,oi_face_rot_pstall_mppi,15180,256,16,0,0,1,1,1,129,0.223288,0.136589,9.33491,0,0.748982,1.16626,0.1934,24.9486,28.3763,528384,0.232,0.2712,0,0.193671,0,1,1
box_detour_wall,oi_face_rot_pstall_mppi,15187,256,16,0,0,1,1,1,107,0.189619,0.00433491,7.78305,0,0.791395,1.19615,0.207393,22.191,25.7499,438272,0.2511,0.613,0,0.20775,0,1,1
box_detour_wall,oi_face_rot_pstall_mppi,15194,256,16,0,0,1,1,1,145,0.204763,0.173204,9.68355,0,0.781324,1.27546,0.190241,27.5849,31.7234,593920,0.23,0.2848,0,0.190515,0,1,1
box_detour_wall,oi_face_rot_pstall_mppi,15201,256,16,0,0,1,1,1,149,0.208287,0.15411,9.57729,0,0.775602,1.11916,0.194447,28.9726,33.0923,610304,0.2525,0.3573,0,0.194729,0,1,1
box_detour_wall,oi_face_rot_pstall_mppi,15208,256,16,0,0,1,1,1,90,0.249786,0.168,6.89746,0,0.939759,1.5467,0.210168,18.9151,21.6414,368640,0.2532,0.3336,0,0.210566,0,1,1
box_detour_wall,oi_face_rot_pstall_mppi,15215,256,16,0,0,1,1,1,154,0.205549,0.300427,9.39405,0,0.774499,1.24299,0.199185,30.6745,34.8528,630784,0.268,0.4556,0,0.199501,0,1,1
box_detour_wall,oi_face_rot_pstall_mppi,15222,256,16,0,0,1,1,1,96,0.245801,0.072706,8.42143,0,0.826171,1.30836,0.210393,20.1977,23.4583,393216,0.2631,0.2991,0,0.210962,0,1,1
box_detour_wall,oi_face_rot_pstall_mppi,15229,256,16,0,0,1,1,1,100,0.208454,0.0102532,7.43116,0,0.92419,1.65908,0.216629,21.6629,25.6428,409600,0.3072,0.327,0,0.216968,0,1,1
box_detour_wall,oi_face_rot_pstall_mppi,15236,256,16,0,0,1,1,1,101,0.243519,0.0371534,8.44308,0,0.841683,1.1774,0.204463,20.6508,24.0701,413696,0.2694,0.6223,0,0.205996,0,1,1
box_detour_wall,oi_face_rot_pstall_mppi,15243,256,16,0,0,1,1,1,81,0.234467,0.189737,7.16706,0,0.837767,1.17602,0.230541,18.6738,21.6274,331776,0.3349,0.6262,0,0.230918,0,1,1
box_detour_wall,oi_face_rot_pstall_mppi,15250,256,16,0,0,1,1,1,129,0.210319,0.0241421,12.1255,0,0.78702,1.00939,0.218714,28.2141,33.0528,528384,0.3504,0.4741,0,0.219023,0,1,1
box_detour_wall,oi_face_rot_pstall_mppi,15257,256,16,0,0,1,1,1,91,0.247677,0.0327346,7.34835,0,0.907036,1.47792,0.181707,16.5353,18.5121,372736,0.2297,0.2485,0,0.181965,0,1,1
box_detour_wall,oi_face_rot_pstall_mppi,15264,256,16,0,0,1,1,1,114,0.244784,0.0334042,8.04218,0,0.967081,1.97486,0.180187,20.5413,22.7992,466944,0.219,0.2515,0,0.180447,0,1,1
box_detour_wall,oi_face_rot_pstall_mppi,15271,256,16,0,0,1,1,1,65,0.236022,0.139403,5.92942,0,0.740801,0.858152,0.200332,13.0216,15.2009,266240,0.2378,0.266,0,0.200778,0,1,1
box_detour_wall,oi_face_rot_pstall_mppi,15278,256,16,0,0,1,1,1,71,0.23439,0.0417696,5.91402,0,0.845758,1.39466,0.198686,14.1067,16.059,290816,0.246,0.3029,0,0.199096,0,1,1
box_detour_wall,oi_face_rot_pstall_mppi,15285,256,16,0,0,1,1,1,72,0.204474,0.04432,5.76145,0,0.719521,0.990608,0.189972,13.678,16.0761,294912,0.2238,0.2351,0,0.190357,0,1,1
box_detour_wall,oi_face_rot_pstall_mppi,15292,256,16,0,0,1,1,1,89,0.233824,0.157478,7.43473,0,0.728931,0.865852,0.188721,16.7962,19.038,364544,0.2306,0.2377,0,0.189083,0,1,1
box_detour_wall,oi_face_rot_pstall_mppi,15299,256,16,0,0,1,1,1,100,0.248324,0.0107502,7.66898,0,0.764214,1.10482,0.175246,17.5246,19.6528,409600,0.2142,0.2379,0,0.175509,0,1,1
box_detour_wall,oi_face_rot_pstall_mppi,15306,256,16,0,0,1,1,1,74,0.206594,0.134051,5.85494,0,0.854233,1.38088,0.183814,13.6022,15.2864,303104,0.2267,0.2417,0,0.184084,0,1,1
box_detour_wall,oi_face_rot_pstall_mppi,15313,256,16,0,0,1,1,1,77,0.176484,0.0827683,6.18386,0,0.81731,1.19017,0.188948,14.549,16.5157,315392,0.2528,0.3067,0,0.189249,0,1,1
box_detour_wall,oi_face_rot_pstall_mppi,15320,256,16,0,0,1,1,1,77,0.242742,0.0437118,6.76831,0,0.862088,1.16789,0.2179,16.7783,19.8382,315392,0.3403,0.3661,0,0.218261,0,1,1
box_detour_wall,oi_face_rot_pstall_mppi,15327,256,16,0,0,0,1,0,420,1.19124,0.226599,47.9594,0,3.11427,12.1106,0.192628,80.9037,92.3738,1720320,0.2271,0.2665,0,0.192829,0,1,0
box_detour_wall,oi_face_rot_pstall_mppi,15334,256,16,0,0,1,1,1,71,0.218981,0.135347,5.34261,0,0.771239,1.08968,0.187996,13.3477,15.336,290816,0.2241,0.2384,0,0.188389,0,1,1
box_detour_wall,oi_face_rot_pstall_mppi,15341,256,16,0,0,1,1,1,104,0.232716,0.0182898,8.08492,0,0.814929,1.32553,0.18477,19.2161,21.6924,425984,0.2362,0.3959,0,0.185207,0,1,1
box_detour_wall,oi_face_rot_pstall_mppi,15348,256,16,0,0,1,1,1,110,0.244817,0.323538,10.0849,0,0.845817,1.30709,0.19812,21.7932,24.6184,450560,0.2402,0.4175,0,0.198407,0,1,1
box_detour_wall,oi_face_rot_pstall_mppi,15355,256,16,0,0,1,1,1,98,0.214377,0.1272,9.2856,0,1.02914,2.02873,0.17994,17.6341,20.0376,401408,0.22,0.2462,0,0.180264,0,1,1
box_detour_wall,oi_face_rot_pstall_mppi,15362,256,16,0,0,1,1,1,92,0.218918,0.13491,8.36497,0,0.816597,1.04374,0.194721,17.9143,20.2343,376832,0.2392,0.2561,0,0.195014,0,1,1
box_detour_wall,oi_face_rot_pstall_mppi,15369,256,16,0,0,1,1,1,96,0.241533,0.218243,8.69981,0,0.820545,1.14469,0.186165,17.8718,20.2827,393216,0.2242,0.2512,0,0.186513,0,1,1
box_detour_wall,oi_face_rot_pstall_mppi,15376,256,16,0,0,1,1,1,105,0.24813,0.0766235,6.76315,0,0.863055,1.43609,0.203578,21.3757,23.9242,430080,0.239,1.3345,0,0.20389,0,1,1
box_detour_wall,oi_face_rot_pstall_mppi,15383,256,16,0,0,1,1,1,356,0.222703,0.0432763,37.768,0,2.10086,7.04725,0.190665,67.8769,77.1694,1458176,0.2279,0.7642,0,0.190847,0,1,1
box_detour_wall,oi_face_rot_pstall_mppi,15390,256,16,0,0,1,1,1,96,0.240587,0.0419048,8.29765,0,0.892097,1.57925,0.195811,18.7979,21.5523,393216,0.2284,0.238,0,0.196106,0,1,1
box_detour_wall,oi_face_rot_pstall_mppi,15397,256,16,0,0,1,1,1,80,0.248522,0.126473,7.09687,0,0.812071,1.17852,0.198784,15.9027,18.6119,327680,0.2407,0.2623,0,0.199138,0,1,1
box_detour_wall,oi_face_rot_pstall_mppi,15404,256,16,0,0,1,1,1,99,0.242082,0.177741,6.70891,0,0.822634,1.29052,0.192778,19.085,21.9507,405504,0.2333,0.2708,0,0.193099,0,1,1
box_detour_wall,oi_face_rot_pstall_mppi,15411,256,16,0,0,1,1,1,83,0.207478,0.0870922,7.72783,0,0.868882,1.41865,0.195329,16.2123,18.593,339968,0.2369,0.2425,0,0.195653,0,1,1
box_detour_wall,oi_face_rot_pstall_mppi,15418,256,16,0,0,1,1,1,90,0.221188,0.17884,6.81637,0,0.786294,1.22769,0.183523,16.5171,19.2378,368640,0.221,0.2316,0,0.183803,0,1,1
box_detour_wall,oi_face_rot_pstall_mppi,15425,256,16,0,0,1,1,1,155,0.245587,0.254304,10.2691,0,0.790804,1.24481,0.19511,30.242,35.0794,634880,0.2564,0.4656,0,0.195422,0,1,1
box_detour_wall,oi_face_rot_pstall_mppi,15432,256,16,0,0,1,1,1,116,0.212466,0.00584619,10.3477,0,0.832966,1.24533,0.201169,23.3356,26.4602,475136,0.234,0.6939,0,0.201469,0,1,1
box_detour_wall,oi_face_rot_pstall_mppi,15439,256,16,0,0,1,1,1,101,0.215847,0.255285,7.87953,0,1.11336,2.33324,0.197875,19.9854,22.7725,413696,0.2311,0.2587,0,0.1982,0,1,1
box_detour_wall,oi_face_rot_pstall_mppi,15446,256,16,0,0,1,1,1,90,0.198263,0.0749956,7.27966,0,0.737451,1.03351,0.188559,16.9703,19.2549,368640,0.2209,0.2474,0,0.188837,0,1,1
box_detour_wall,oi_face_rot_pstall_mppi,15453,256,16,0,0,1,1,1,99,0.233067,0.136927,6.77382,0,0.826281,1.27873,0.181316,17.9503,20.1804,405504,0.2275,0.281,0,0.181652,0,1,1
box_detour_wall,oi_face_rot_pstall_mppi,15460,256,16,0,0,1,1,1,118,0.228549,0.168841,8.88797,0,0.887779,1.55351,0.198352,23.4056,26.633,483328,0.242,0.2692,0,0.198669,0,1,1
box_detour_wall,oi_face_rot_pstall_mppi,15467,256,16,0,0,1,1,1,79,0.208833,0.0330914,8.37505,0,0.864299,1.28091,0.192304,15.192,17.5821,323584,0.2335,0.2507,0,0.192671,0,1,1
box_detour_wall,oi_face_rot_pstall_mppi,15474,256,16,0,0,1,1,1,107,0.182927,0.0833711,7.0954,0,0.908707,1.48592,0.18592,19.8934,22.5516,438272,0.2303,0.5559,0,0.186251,0,1,1
box_detour_wall,oi_face_rot_pstall_mppi,15481,256,16,0,0,1,1,1,46,0.243855,0.159632,4.97562,0,0.67667,0.80505,0.251635,11.5752,13.5548,188416,0.3587,1.1365,0,0.252224,0,1,1
box_detour_wall,oi_face_rot_pstall_mppi,15488,256,16,0,0,1,1,1,68,0.245469,0.0706938,5.60424,0,1.03929,1.71846,0.193434,13.1535,15.1618,278528,0.2627,0.4215,0,0.193841,0,1,1
box_detour_wall,oi_face_rot_pstall_mppi,15495,256,16,0,0,1,1,1,82,0.232336,0.151645,7.62291,0,0.894123,1.23186,0.188024,15.418,18.1394,335872,0.2222,0.2311,0,0.188411,0,1,1
box_detour_wall,oi_face_rot_pstall_mppi,15502,256,16,0,0,1,1,1,100,0.201531,0.164887,8.42782,0,0.694477,0.910012,0.191393,19.1393,22.047,409600,0.2489,0.3979,0,0.191765,0,1,1
box_detour_wall,oi_face_rot_pstall_mppi,15509,256,16,0,0,1,1,1,202,0.244281,0.0451904,18.6887,0,1.64752,4.92966,0.214633,43.3559,49.03,827392,0.2674,1.0833,0,0.214869,0,1,1
box_detour_wall,oi_face_rot_pstall_mppi,15516,256,16,0,0,0,1,0,420,1.19957,0.217529,48.8546,0,3.11102,12.0469,0.203636,85.527,97.1755,1720320,0.2492,0.903,0,0.20384,0,1,0
box_detour_wall,oi_face_rot_pstall_mppi,15523,256,16,0,0,1,1,1,120,0.179389,0.0258634,8.71369,0,0.851706,1.47082,0.193455,23.2146,26.2637,491520,0.2367,0.2559,0,0.19371,0,1,1
box_detour_wall,oi_face_rot_pstall_mppi,15530,256,16,0,0,1,1,1,128,0.245463,0.00216421,8.90318,0,0.741612,1.07356,0.184717,23.6438,26.6339,524288,0.2315,0.2905,0,0.184963,0,1,1
box_detour_wall,oi_face_rot_pstall_mppi,15537,256,16,0,0,1,1,1,134,0.227495,0.0238209,9.93188,0,0.756067,1.04798,0.229747,30.7861,40.3797,548864,0.3145,0.7558,0,0.230066,0,1,1
box_detour_wall,oi_face_rot_pstall_mppi,15544,256,16,0,0,1,1,1,89,0.249441,0.018549,6.66486,0,1.09995,2.5031,0.193363,17.2093,19.628,364544,0.2517,0.2967,0,0.193682,0,1,1
box_detour_wall,oi_face_rot_pstall_mppi,15551,256,16,0,0,1,1,1,96,0.22651,0.16098,8.23079,0,0.799751,1.22444,0.246982,23.7103,26.6047,393216,0.3141,2.5769,0,0.247327,0,1,1
box_detour_wall,oi_face_rot_pstall_mppi,15558,256,16,0,0,0,1,0,420,1.20403,0.261335,49.2114,0,3.05151,11.5344,0.212134,89.0963,103.395,1720320,0.2561,1.2947,0,0.212327,0,1,0
box_detour_wall,oi_face_rot_pstall_mppi,15565,256,16,0,0,1,1,1,73,0.224445,0.000504998,5.34183,0,0.994144,1.62386,0.197873,14.4447,16.6843,299008,0.2292,0.2407,0,0.198316,0,1,1
box_detour_wall,oi_face_rot_pstall_mppi,15572,256,16,0,0,1,1,1,108,0.21802,0.145452,8.06469,0,0.802097,1.18872,0.207003,22.3563,25.8845,442368,0.2775,0.7029,0,0.207365,0,1,1
box_detour_wall,oi_face_rot_pstall_mppi,15579,256,16,0,0,1,1,1,109,0.230356,0.0256152,7.98972,0,1.0644,2.3421,0.19457,21.2081,24.3944,446464,0.2444,0.332,0,0.194929,0,1,1
box_detour_wall,oi_face_rot_pstall_mppi,15586,256,16,0,0,1,1,1,118,0.246518,0.0304418,8.84817,0,0.906515,1.43075,0.218382,25.7691,30.338,483328,0.3812,0.5053,0,0.218703,0,1,1
box_detour_wall,oi_face_rot_pstall_mppi,15593,256,16,0,0,1,1,1,172,0.24839,0.0601453,8.01914,0,0.825401,1.3115,0.198965,34.222,39.2677,704512,0.2381,0.943,0,0.199255,0,1,1
box_detour_wall,oi_face_rot_pstall_mppi,15600,256,16,0,0,1,1,1,69,0.234747,0.173844,7.14924,0,0.835688,1.04784,0.210987,14.5581,16.6793,282624,0.2439,0.4279,0,0.211471,0,1,1
box_detour_wall,oi_face_rot_pstall_mppi,15607,256,16,0,0,1,1,1,97,0.20739,0.266047,6.61552,0,1.09601,2.31382,0.188007,18.2367,20.5554,397312,0.2466,0.3396,0,0.188394,0,1,1
box_detour_wall,oi_face_rot_pstall_mppi,15614,256,16,0,0,1,1,1,83,0.198311,0.0337275,6.70071,0,0.927495,1.49522,0.1994,16.5502,18.821,339968,0.2359,0.2458,0,0.199783,0,1,1
box_detour_wall,oi_face_rot_pstall_mppi,15621,256,16,0,0,1,1,1,116,0.211637,0.0423318,7.07303,0,1.22523,2.93751,0.19651,22.7952,26.0536,475136,0.2374,0.2904,0,0.196833,0,1,1
box_detour_wall,oi_face_rot_pstall_mppi,15628,256,16,0,0,1,1,1,92,0.232671,0.186097,7.47894,0,0.851183,1.38794,0.19685,18.1102,20.7441,376832,0.2291,0.2653,0,0.197192,0,1,1
box_detour_wall,oi_face_rot_pstall_mppi,15635,256,16,0,0,1,1,1,72,0.248113,0.00704183,5.91378,0,0.842249,1.28583,0.204843,14.7487,17.1351,294912,0.3237,0.3585,0,0.205211,0,1,1
box_detour_wall,oi_face_rot_pstall_mppi,15642,256,16,0,0,1,1,1,104,0.242956,0.126044,7.36014,0,0.848108,1.52633,0.195605,20.3429,23.3268,425984,0.2281,0.2553,0,0.195973,0,1,1
box_detour_wall,oi_face_rot_pstall_mppi,15649,256,16,0,0,1,1,1,167,0.238744,0.258192,12.5502,0,0.968241,1.70737,0.217402,36.3061,42.4726,684032,0.3203,0.7129,0,0.217713,0,1,1
box_detour_wall,oi_face_rot_pstall_mppi,15656,256,16,0,0,1,1,1,108,0.217933,0.0586132,7.77755,0,0.795368,1.32195,0.207663,22.4276,25.9969,442368,0.2648,0.6779,0,0.20802,0,1,1
box_detour_wall,oi_face_rot_pstall_mppi,15663,256,16,0,0,1,1,1,106,0.244709,0.0986592,7.47045,0,0.78995,1.23279,0.197163,20.8993,24.0453,434176,0.2364,0.2529,0,0.197477,0,1,1
box_detour_wall,oi_face_rot_pstall_mppi,15670,256,16,0,0,1,1,1,103,0.240103,0.0824726,6.67022,0,0.818366,1.47188,0.207503,21.3728,24.6023,421888,0.2966,0.319,0,0.207844,0,1,1
box_detour_wall,oi_face_rot_pstall_mppi,15677,256,16,0,0,1,1,1,99,0.240796,0.0530553,7.2765,0,0.893872,1.4081,0.209443,20.7349,24.7633,405504,0.2619,0.3042,0,0.209811,0,1,1
box_detour_wall,oi_face_rot_pstall_mppi,15684,256,16,0,0,1,1,1,115,0.239746,0.0778051,7.95944,0,1.06033,2.00089,0.20013,23.015,27.202,471040,0.321,0.4359,0,0.200479,0,1,1
box_detour_wall,oi_face_rot_pstall_mppi,15691,256,16,0,0,1,1,1,83,0.249678,0.0304501,8.39913,0,0.791993,1.08705,0.197468,16.3898,18.8784,339968,0.2283,0.3673,0,0.197807,0,1,1
box_detour_wall,oi_face_rot_pstall_mppi,15698,256,16,0,0,1,1,1,71,0.20076,0.193469,6.20911,0,0.901133,1.33042,0.198725,14.1095,16.1987,290816,0.248,0.2809,0,0.199151,0,1,1
box_detour_wall,oi_face_rot_pstall_mppi,15705,256,16,0,0,1,1,1,58,0.244352,0.0224318,5.30829,0,0.873435,1.18807,0.199836,11.5905,13.1933,237568,0.2492,0.333,0,0.200198,0,1,1
box_detour_wall,oi_face_rot_pstall_mppi,15712,256,16,0,0,1,1,1,149,0.194165,0.0339136,10.1253,0,0.773426,1.1976,0.197818,29.4749,33.6998,610304,0.269,0.3505,0,0.198122,0,1,1
box_detour_wall,oi_face_rot_pstall_mppi,15719,256,16,0,0,1,1,1,154,0.234658,0.117561,11.6166,0,0.741884,1.17524,0.193984,29.8735,34.0666,630784,0.2253,0.238,0,0.194264,0,1,1
box_detour_wall,oi_face_rot_pstall_mppi,15726,256,16,0,0,1,1,1,108,0.224298,0.11566,7.40848,0,0.957507,1.62223,0.219258,23.6799,27.8852,442368,0.3444,0.4924,0,0.219595,0,1,1
box_detour_wall,oi_face_rot_pstall_mppi,15733,256,16,0,0,1,1,1,124,0.248957,0.027964,8.90553,0,0.789164,1.20722,0.190435,23.6139,26.9862,507904,0.2411,0.2931,0,0.190715,0,1,1
box_detour_wall,oi_face_rot_pstall_mppi,15740,256,16,0,0,1,1,1,84,0.239895,0.121771,6.32728,0,1.03855,1.77344,0.19692,16.5413,19.2804,344064,0.2416,0.3033,0,0.197243,0,1,1
box_detour_wall,oi_face_rot_pstall_mppi,15747,256,16,0,0,1,1,1,112,0.221784,0.0981602,7.38306,0,0.848089,1.34766,0.186108,20.8441,23.8521,458752,0.245,0.2703,0,0.186439,0,1,1
box_detour_wall,oi_face_rot_pstall_mppi,15754,256,16,0,0,1,1,1,95,0.228145,0.172577,7.625,0,0.97589,1.97129,0.19496,18.5212,21.1355,389120,0.2368,0.2504,0,0.195319,0,1,1
box_detour_wall,oi_face_rot_pstall_mppi,15761,256,16,0,0,1,1,1,102,0.23051,0.28433,8.32814,0,1.05763,2.07143,0.200773,20.4788,23.3805,417792,0.2365,0.2863,0,0.201185,0,1,1
box_detour_wall,oi_face_rot_pstall_mppi,15768,256,16,0,0,1,1,1,104,0.2484,0.108612,7.00312,0,0.917,1.6626,0.190753,19.8383,22.5788,425984,0.2286,0.2488,0,0.191079,0,1,1
box_detour_wall,oi_face_rot_pstall_mppi,15775,256,16,0,0,1,1,1,93,0.231146,0.289324,7.08866,0,1.07351,1.91659,0.202535,18.8358,21.6562,380928,0.244,0.2857,0,0.202894,0,1,1
box_detour_wall,oi_face_rot_pstall_mppi,15782,256,16,0,0,1,1,1,178,0.248174,0.0118559,16.5429,0,1.11542,2.38801,0.220741,39.2919,45.5376,729088,0.3384,0.8664,0,0.221026,0,1,1
box_detour_wall,oi_face_rot_pstall_mppi,15789,256,16,0,0,1,1,1,139,0.212786,0.150978,10.0791,0,0.826678,1.28745,0.216167,30.0472,34.7543,569344,0.304,0.9532,0,0.216486,0,1,1
box_detour_wall,oi_face_rot_pstall_mppi,15796,256,16,0,0,1,1,1,117,0.204405,0.0682509,10.6679,0,0.752792,0.996499,0.26657,31.1887,36.9301,479232,0.4326,3.3602,0,0.266915,0,1,1
box_detour_wall,oi_face_rot_pstall_mppi,15803,256,16,0,0,1,1,1,81,0.245827,0.0817179,6.65128,0,0.942038,1.45115,0.312107,25.2807,29.1647,331776,0.8341,2.535,0,0.31259,0,1,1
box_detour_wall,oi_face_rot_pstall_mppi,15810,256,16,0,0,1,1,1,46,0.218041,0.0286898,4.99895,0,0.574008,0.527787,0.313726,14.4314,16.5265,188416,0.7727,2.1706,0,0.314396,0,1,1
box_detour_wall,oi_face_rot_pstall_mppi,15817,256,16,0,0,1,1,1,107,0.249449,0.0848709,8.31504,0,0.758052,1.23681,0.3791,40.5637,44.7168,438272,0.5772,6.1949,0,0.379647,0,1,1
box_detour_wall,oi_face_rot_pstall_mppi,15824,256,16,0,0,1,1,1,100,0.212651,0.207095,8.59181,0,0.794647,1.02223,0.323952,32.3952,41.044,409600,1.27,2.9522,0,0.324398,0,1,1
box_detour_wall,oi_face_rot_pstall_mppi,15831,256,16,0,0,1,1,1,83,0.247403,0.159535,7.3478,0,0.893162,1.46803,0.608242,50.4841,55.52,339968,2.9274,8.859,0,0.60871,0,1,1
box_detour_wall,oi_face_rot_pstall_mppi,15838,256,16,0,0,1,1,1,73,0.22651,0.0522152,5.82843,0,0.788583,1.14753,0.541118,39.5016,46.0368,299008,3.6674,4.4766,0,0.541603,0,1,1
box_detour_wall,oi_face_rot_pstall_mppi,15845,256,16,0,0,1,1,1,130,0.232497,0.0441968,9.53205,0,1.02022,2.09655,0.276466,35.9406,43.5073,532480,0.4669,3.4057,0,0.27681,0,1,1
box_detour_wall,oi_face_rot_pstall_mppi,15852,256,16,0,0,1,1,1,76,0.248652,0.0859701,6.04444,0,0.836014,1.4121,0.290907,22.1089,25.5954,311296,0.712,2.0025,0,0.291383,0,1,1
box_detour_wall,oi_face_rot_pstall_mppi,15859,256,16,0,0,1,1,1,74,0.211475,0.17813,6.12433,0,0.775191,1.18777,0.319481,23.6416,26.0272,303104,0.5313,5.8862,0,0.319973,0,1,1
box_detour_wall,oi_face_rot_pstall_mppi,15866,256,16,0,0,1,1,1,109,0.224835,0.0576639,7.91183,0,1.06489,2.22475,0.488561,53.2532,58.6839,446464,2.3697,10.8406,0,0.488962,0,1,1
box_detour_wall,oi_face_rot_pstall_mppi,15873,256,16,0,0,1,1,1,115,0.231819,0.125165,9.86271,0,0.833531,1.18719,0.220077,25.3088,29.2819,471040,0.3282,0.8716,0,0.220423,0,1,1
box_detour_wall,oi_face_rot_pstall_mppi,15880,256,16,0,0,1,1,1,107,0.230785,0.0248321,8.28408,0,1.00021,1.68492,0.319539,34.1907,40.9896,438272,0.6764,3.4534,0,0.319972,0,1,1
box_detour_wall,oi_face_rot_pstall_mppi,15887,256,16,0,0,1,1,1,101,0.209462,0.261889,7.82276,0,1.06662,2.14533,0.252482,25.5007,30.3807,413696,0.4684,1.0346,0,0.252934,0,1,1
box_detour_wall,oi_face_rot_pstall_mppi,15894,256,16,0,0,1,1,1,128,0.238824,0.0227969,8.64883,0,0.741424,1.03671,0.237803,30.4388,35.8061,524288,0.4137,0.8435,0,0.238173,0,1,1
box_detour_wall,oi_face_rot_pstall_mppi,15901,256,16,0,0,1,1,1,74,0.244356,0.20053,6.03868,0,0.780384,1.21926,0.219418,16.2369,19.1486,303104,0.2885,0.8257,0,0.220699,0,1,1
box_detour_wall,oi_face_rot_pstall_mppi,15908,256,16,0,0,1,1,1,93,0.190287,0.123156,6.98855,0,0.778604,1.0879,0.256906,23.8923,27.9453,380928,0.4221,1.1917,0,0.257348,0,1,1
box_detour_wall,oi_face_rot_pstall_mppi,15915,256,16,0,0,1,1,1,113,0.198007,0.0216669,8.54842,0,0.782094,1.26309,0.219573,24.8117,29.6356,462848,0.3498,0.5699,0,0.225922,0,1,1
box_detour_wall,oi_face_rot_pstall_mppi,15922,256,16,0,0,1,1,1,109,0.20242,0.0475895,6.39751,0,0.676751,1.07006,0.193783,21.1224,24.7151,446464,0.2395,0.3558,0,0.1942,0,1,1
box_detour_wall,oi_face_rot_pstall_mppi,15929,256,16,0,0,1,1,1,116,0.227976,0.0477495,7.23669,0,0.754433,1.10893,0.221688,25.7158,29.858,475136,0.3514,0.5162,0,0.222049,0,1,1
box_detour_wall,oi_face_rot_pstall_mppi,15936,256,16,0,0,1,1,1,109,0.245003,0.215123,7.70706,0,0.816239,1.25104,0.203603,22.1927,25.3229,446464,0.2459,0.5366,0,0.203994,0,1,1
box_detour_wall,oi_face_rot_pstall_mppi,15943,256,16,0,0,1,1,1,88,0.222426,0.0064249,6.9873,0,0.930278,1.81628,0.277556,24.4249,29.0148,360448,0.5431,1.4315,0,0.277975,0,1,1
box_detour_wall,oi_face_rot_pstall_mppi,15950,256,16,0,0,1,1,1,111,0.192055,0.00905295,6.93206,0,0.934275,1.71455,0.26465,29.3761,33.5547,454656,0.3622,2.6871,0,0.265041,0,1,1
box_detour_wall,oi_face_rot_pstall_mppi,15957,256,16,0,0,1,1,1,68,0.247166,0.0828097,5.23093,0,0.792321,1.20712,0.317887,21.6163,25.1782,278528,1.1016,2.622,0,0.318372,0,1,1
box_detour_wall,oi_face_rot_pstall_mppi,15964,256,16,0,0,1,1,1,99,0.226579,0.106431,9.71767,0,0.774627,1.13864,0.406598,40.2532,57.1513,405504,1.1018,6.9431,0,0.407031,0,1,1
box_detour_wall,oi_face_rot_pstall_mppi,15971,256,16,0,0,1,1,1,79,0.230656,0.0349886,5.8952,0,0.783813,1.23675,0.247075,19.5189,22.5375,323584,0.3547,2.5023,0,0.247605,0,1,1
box_detour_wall,oi_face_rot_pstall_mppi,15978,256,16,0,0,1,1,1,148,0.210597,0.195459,11.7227,0,0.953194,1.5984,0.204846,30.3172,35.8357,606208,0.2593,0.3713,0,0.205289,0,1,1
box_detour_wall,oi_face_rot_pstall_mppi,15985,256,16,0,0,1,1,1,171,0.229568,0.125995,12.0454,0,0.903218,1.3857,0.216511,37.0234,42.9697,700416,0.3021,0.8022,0,0.216837,0,1,1
box_detour_wall,oi_face_rot_pstall_mppi,15992,256,16,0,0,1,1,1,132,0.196984,0.0449804,8.95269,0,0.882392,1.69199,0.206096,27.2047,31.2636,540672,0.2679,0.4385,0,0.20645,0,1,1
box_detour_wall,oi_face_rot_pstall_mppi,15999,256,16,0,0,1,1,1,101,0.247402,0.159777,7.74185,0,0.866156,1.44136,0.195827,19.7785,23.0736,413696,0.234,0.2694,0,0.19623,0,1,1
box_detour_wall,oi_face_rot_pstall_mppi,16006,256,16,0,0,1,1,1,136,0.217873,0.221497,8.38749,0,0.91615,1.75991,0.19519,26.5459,30.7739,557056,0.2481,0.321,0,0.195526,0,1,1
box_detour_wall,oi_face_rot_pstall_mppi,16013,256,16,0,0,1,1,1,104,0.225926,0.169901,8.83774,0,0.826861,1.13748,0.223702,23.265,26.4176,425984,0.2546,1.6909,0,0.224087,0,1,1
box_detour_wall,oi_face_rot_pstall_mppi,16020,256,16,0,0,1,1,1,124,0.247527,0.0130474,8.65692,0,0.952963,1.73649,0.212631,26.3662,30.173,507904,0.2788,0.5604,0,0.212969,0,1,1
box_detour_wall,oi_face_rot_pstall_mppi,16027,256,16,0,0,1,1,1,313,0.248325,0.304415,33.4586,0,1.94558,6.21232,0.194805,60.9739,69.6719,1282048,0.2459,0.2998,0,0.19501,0,1,1
box_detour_wall,oi_face_rot_pstall_mppi,16034,256,16,0,0,1,1,1,81,0.244299,0.0326376,6.21916,0,1.07886,1.93153,0.209699,16.9856,19.7135,331776,0.2556,0.5262,0,0.21007,0,1,1
box_detour_wall,oi_face_rot_pstall_mppi,16041,256,16,0,0,1,1,1,93,0.244166,0.00576,6.62111,0,1.14677,2.41843,0.195626,18.1932,20.7352,380928,0.2617,0.3295,0,0.195923,0,1,1
box_detour_wall,oi_face_rot_pstall_mppi,16048,256,16,0,0,1,1,1,155,0.180961,0.279558,10.023,0,0.760347,1.13505,0.206693,32.0374,36.9963,634880,0.2888,0.5695,0,0.207013,0,1,1
box_detour_wall,oi_face_rot_pstall_mppi,16055,256,16,0,0,1,1,1,98,0.212156,0.0351964,6.72541,0,0.848343,1.2739,0.194259,19.0374,21.9734,401408,0.2557,0.2616,0,0.194564,0,1,1
box_detour_wall,oi_face_rot_pstall_mppi,16062,256,16,0,0,1,1,1,114,0.173635,0.128263,9.81957,0,0.766191,1.03901,0.191383,21.8177,24.9992,466944,0.2306,0.2483,0,0.191661,0,1,1
box_detour_wall,oi_face_rot_pstall_mppi,16069,256,16,0,0,1,1,1,120,0.208601,0.0672718,8.39898,0,0.788268,1.11199,0.204028,24.4834,28.5682,491520,0.2516,0.302,0,0.204371,0,1,1
box_detour_wall,oi_face_rot_pstall_mppi,16076,256,16,0,0,1,1,1,109,0.206291,0.175828,10.5732,0,0.859165,1.35892,0.198016,21.5837,24.5164,446464,0.2378,0.3475,0,0.198374,0,1,1
box_detour_wall,oi_face_rot_pstall_mppi,16083,256,16,0,0,1,1,1,118,0.242416,0.086681,9.06543,0,0.813047,1.34878,0.194072,22.9005,26.2655,483328,0.2322,0.2713,0,0.194374,0,1,1
box_detour_wall,oi_face_rot_pstall_mppi,16090,256,16,0,0,1,1,1,71,0.229937,0.00505796,5.50472,0,0.776424,1.19395,0.193758,13.7568,15.7587,290816,0.2354,0.2412,0,0.194144,0,1,1
box_detour_wall,oi_face_rot_pstall_mppi,16097,256,16,0,0,1,1,1,72,0.236307,0.0937256,5.24652,0,0.947592,1.64136,0.196669,14.1602,16.0509,294912,0.2438,0.2714,0,0.19704,0,1,1
box_detour_wall,oi_face_rot_pstall_mppi,16104,256,16,0,0,1,1,1,94,0.245471,0.109937,8.14479,0,0.822126,1.10668,0.215466,20.2538,23.3556,385024,0.3692,0.4369,0,0.215849,0,1,1
box_detour_wall,oi_face_rot_pstall_mppi,16111,256,16,0,0,1,1,1,101,0.211659,0.11265,6.88321,0,0.885219,1.40859,0.196557,19.8523,22.521,413696,0.217,0.2248,0,0.196859,0,1,1
box_detour_wall,oi_face_rot_pstall_mppi,16118,256,16,0,0,1,1,1,95,0.20826,0.137519,6.81036,0,1.0775,2.17782,0.196541,18.6714,21.0918,389120,0.237,0.2775,0,0.196865,0,1,1
box_detour_wall,oi_face_rot_pstall_mppi,16125,256,16,0,0,1,1,1,89,0.208091,0.0284469,6.02804,0,0.772358,1.18832,0.197585,17.5851,19.9054,364544,0.2326,0.2956,0,0.197919,0,1,1
box_detour_wall,oi_face_rot_pstall_mppi,16132,256,16,0,0,1,1,1,111,0.227215,0.0592837,8.12961,0,0.868251,1.4898,0.195464,21.6965,24.8038,454656,0.2357,0.241,0,0.195805,0,1,1
box_detour_wall,oi_face_rot_pstall_mppi,16139,256,16,0,0,1,1,1,94,0.231268,0.0539543,8.09564,0,0.833064,1.24535,0.200151,18.8142,21.7765,385024,0.2535,0.3081,0,0.200462,0,1,1
box_detour_wall,oi_face_rot_pstall_mppi,16146,256,16,0,0,1,1,1,90,0.236839,0.0910311,7.80157,0,0.852458,1.23622,0.213176,19.1858,22.5426,368640,0.2391,0.2435,0,0.213697,0,1,1
box_detour_wall,oi_face_rot_pstall_mppi,16153,256,16,0,0,1,1,1,104,0.235628,0.131414,6.86347,0,1.02356,2.13392,0.194918,20.2715,23.1704,425984,0.2292,0.2722,0,0.195286,0,1,1
box_detour_wall,oi_face_rot_pstall_mppi,16160,256,16,0,0,1,1,1,122,0.185099,0.0577872,8.4398,0,0.894121,1.49198,0.193896,23.6553,27.0448,499712,0.236,0.2593,0,0.194188,0,1,1
box_detour_wall,oi_face_rot_pstall_mppi,16167,256,16,0,0,1,1,1,54,0.215025,0.0215742,5.67236,0,0.714121,0.826045,0.200537,10.829,12.4093,221184,0.2413,0.2456,0,0.200956,0,1,1
box_detour_wall,oi_face_rot_pstall_mppi,16174,256,16,0,0,1,1,1,96,0.247564,0.155465,6.46843,0,0.909987,1.58111,0.222268,21.3377,24.6987,393216,0.3587,0.8011,0,0.222681,0,1,1
box_detour_wall,oi_face_rot_pstall_mppi,16181,256,16,0,0,1,1,1,71,0.234321,0.00493449,5.85042,0,0.827533,1.22519,0.220048,15.6234,18.1762,290816,0.3566,0.5533,0,0.220556,0,1,1
box_detour_wall,oi_face_rot_pstall_mppi,16188,256,16,0,0,1,1,1,80,0.249712,0.0979408,6.15705,0,0.934109,1.61959,0.226092,18.0874,20.5815,327680,0.2488,2.1511,0,0.226496,0,1,1
box_detour_wall,oi_face_rot_pstall_mppi,16195,256,16,0,0,1,1,1,101,0.16919,0.0115732,8.60856,0,0.821865,1.21321,0.196843,19.8811,22.8472,413696,0.2364,0.3223,0,0.197186,0,1,1
box_detour_wall,oi_face_rot_pstall_mppi,16202,256,16,0,0,1,1,1,120,0.231766,0.0728673,7.2753,0,0.838631,1.6191,0.186832,22.4199,25.8928,491520,0.2146,0.5446,0,0.187078,0,1,1
box_detour_wall,oi_face_rot_pstall_mppi,16209,256,16,0,0,1,1,1,124,0.249543,0.148207,10.1016,0,0.801417,1.34444,0.23194,28.7606,34.0209,507904,0.3477,0.3967,0,0.23226,0,1,1
box_detour_wall,oi_face_rot_pstall_mppi,16216,256,16,0,0,1,1,1,130,0.201315,0.0532505,8.64989,0,0.920922,1.79013,0.187236,24.3407,27.2119,532480,0.2314,0.2654,0,0.187475,0,1,1
box_detour_wall,oi_face_rot_pstall_mppi,16223,256,16,0,0,1,1,1,138,0.193589,0.106828,8.38332,0,1.0893,2.42398,0.193914,26.7602,30.656,565248,0.2255,0.368,0,0.194182,0,1,1
box_detour_wall,oi_face_rot_pstall_mppi,16230,256,16,0,0,1,1,1,99,0.214648,0.0939922,9.8751,0,0.952851,1.59742,0.184301,18.2458,21.155,405504,0.23,0.2967,0,0.184609,0,1,1
box_detour_wall,oi_face_rot_pstall_mppi,16237,256,16,0,0,1,1,1,94,0.233739,0.125181,7.45547,0,0.905461,1.64453,0.210268,19.7652,22.7881,385024,0.3398,0.3887,0,0.210563,0,1,1
box_detour_wall,oi_face_rot_pstall_mppi,16244,256,16,0,0,1,1,1,83,0.225896,0.0837866,6.28579,0,0.922878,1.6102,0.19472,16.1618,18.3886,339968,0.2341,0.2465,0,0.195116,0,1,1
box_detour_wall,oi_face_rot_pstall_mppi,16251,256,16,0,0,1,1,1,88,0.184742,0.0666083,8.88555,0,0.833964,1.09219,0.196056,17.2529,19.8537,360448,0.2258,0.2636,0,0.196348,0,1,1
box_detour_wall,oi_face_rot_pstall_mppi,16258,256,16,0,0,1,1,1,70,0.197305,0.217546,5.25646,0,0.898289,1.5082,0.207914,14.554,16.7251,286720,0.2564,0.4759,0,0.208346,0,1,1
box_detour_wall,oi_face_rot_pstall_mppi,16265,256,16,0,0,1,1,1,106,0.247369,0.13751,7.99769,0,0.932287,1.63639,0.193475,20.5084,23.2862,434176,0.2312,0.2466,0,0.193776,0,1,1
box_detour_wall,oi_face_rot_pstall_mppi,16272,256,16,0,0,1,1,1,92,0.236978,0.0365601,9.61019,0,0.697043,0.894351,0.198975,18.3057,20.784,376832,0.2313,0.26,0,0.199277,0,1,1
box_detour_wall,oi_face_rot_pstall_mppi,16279,256,16,0,0,1,1,1,85,0.235733,0.0439933,7.49871,0,0.828642,1.31043,0.190225,16.1691,18.1655,348160,0.2432,0.2574,0,0.190556,0,1,1
box_detour_wall,oi_face_rot_pstall_mppi,16286,256,16,0,0,1,1,1,135,0.177218,0.116422,9.36095,0,0.856256,1.49483,0.199928,26.9903,30.7657,552960,0.2453,0.2657,0,0.200221,0,1,1
box_detour_wall,oi_face_rot_pstall_mppi,16293,256,16,0,0,1,1,1,93,0.239259,0.134507,7.22309,0,0.974017,1.79483,0.184584,17.1663,19.4897,380928,0.2241,0.2771,0,0.184877,0,1,1
box_detour_wall,oi_face_rot_pstall_mppi,16300,256,16,0,0,1,1,1,70,0.219151,0.077684,5.15949,0,0.807989,1.39406,0.199609,13.9726,15.9762,286720,0.2294,0.4246,0,0.200004,0,1,1
box_detour_wall,oi_face_rot_pstall_mppi,16307,256,16,0,0,1,1,1,112,0.238859,0.0427926,8.30988,0,0.932482,1.72396,0.197831,22.1571,25.4983,458752,0.24,0.2647,0,0.198144,0,1,1
box_detour_wall,oi_face_rot_pstall_mppi,16314,256,16,0,0,1,1,1,128,0.205467,0.0844754,9.50554,0,0.735273,1.12317,0.199084,25.4828,29.5804,524288,0.3404,0.4055,0,0.199378,0,1,1
box_detour_wall,oi_face_rot_pstall_mppi,16321,256,16,0,0,1,1,1,123,0.24761,0.119506,9.48417,0,0.826669,1.17722,0.196161,24.1278,27.3648,503808,0.2958,0.3706,0,0.196401,0,1,1
box_detour_wall,oi_face_rot_pstall_mppi,16328,256,16,0,0,1,1,1,90,0.212111,0.14447,7.24188,0,1.10879,2.16757,0.19392,17.4528,19.9336,368640,0.2231,0.2406,0,0.19421,0,1,1
box_detour_wall,oi_face_rot_pstall_mppi,16335,256,16,0,0,1,1,1,72,0.209384,0.106529,5.43984,0,0.915649,1.46423,0.182592,13.1466,14.9762,294912,0.2215,0.2622,0,0.182908,0,1,1
box_detour_wall,oi_face_rot_pstall_mppi,16342,256,16,0,0,1,1,1,85,0.247589,0.0758174,7.90026,0,0.96855,1.6378,0.191836,16.3061,18.6697,348160,0.2281,0.2709,0,0.192159,0,1,1
box_detour_wall,oi_face_rot_pstall_mppi,16349,256,16,0,0,1,1,1,115,0.246342,0.103869,8.66371,0,0.918149,1.55313,0.235798,27.1168,32.1297,471040,0.3623,0.4632,0,0.23615,0,1,1
box_detour_wall,oi_face_rot_wide_mppi,14956,256,16,0,0,1,1,1,89,0.245901,0.0256804,7.53341,0,0.945545,1.60529,0.194736,17.3315,19.6759,364544,0.2417,0.279,0,0.195072,0,1,1
box_detour_wall,oi_face_rot_wide_mppi,14963,256,16,0,0,1,1,1,121,0.179429,0.0725182,9.07706,0,0.890847,1.53608,0.17604,21.3008,23.8065,495616,0.206,0.2402,0,0.17626,0,1,1
box_detour_wall,oi_face_rot_wide_mppi,14970,256,16,0,0,1,1,1,96,0.24029,0.040299,9.27575,0,0.969284,1.63144,0.195016,18.7215,21.5227,393216,0.2246,0.4854,0,0.195305,0,1,1
box_detour_wall,oi_face_rot_wide_mppi,14977,256,16,0,0,1,1,1,86,0.212561,0.211878,6.75223,0,1.05919,1.93375,0.233691,20.0974,23.8627,352256,0.3519,0.3981,0,0.234036,0,1,1
box_detour_wall,oi_face_rot_wide_mppi,14984,256,16,0,0,1,1,1,81,0.222931,0.0531614,6.37618,0,0.919491,1.57093,0.189258,15.3299,17.3414,331776,0.2347,0.2446,0,0.189556,0,1,1
box_detour_wall,oi_face_rot_wide_mppi,14991,256,16,0,0,1,1,1,72,0.223882,0.0195659,5.74177,0,0.824665,1.3719,0.201187,14.4855,16.9183,294912,0.2474,0.3591,0,0.201799,0,1,1
box_detour_wall,oi_face_rot_wide_mppi,14998,256,16,0,0,1,1,1,73,0.213556,0.0140927,5.85955,0,0.780777,1.07677,0.197147,14.3917,16.5108,299008,0.2316,0.3098,0,0.197499,0,1,1
box_detour_wall,oi_face_rot_wide_mppi,15005,256,16,0,0,1,1,1,195,0.213088,0.0219921,14.1585,0,0.901247,1.55184,0.184497,35.9769,41.1871,798720,0.2157,0.2256,0,0.184715,0,1,1
box_detour_wall,oi_face_rot_wide_mppi,15012,256,16,0,0,1,1,1,120,0.229093,0.11498,9.34612,0,0.782748,1.14949,0.186717,22.4061,25.4201,491520,0.2253,0.3356,0,0.187001,0,1,1
box_detour_wall,oi_face_rot_wide_mppi,15019,256,16,0,0,1,1,1,189,0.245257,0.220863,13.2175,0,1.04397,2.00896,0.18709,35.3601,40.2934,774144,0.221,0.3089,0,0.187323,0,1,1
box_detour_wall,oi_face_rot_wide_mppi,15026,256,16,0,0,1,1,1,111,0.231536,0.109127,9.56105,0,0.709356,0.934569,0.20063,22.2699,25.6406,454656,0.2352,0.255,0,0.200939,0,1,1
box_detour_wall,oi_face_rot_wide_mppi,15033,256,16,0,0,1,1,1,71,0.233024,0.08663,5.90811,0,0.744883,1.05885,0.180769,12.8346,14.2911,290816,0.2301,0.235,0,0.18111,0,1,1
box_detour_wall,oi_face_rot_wide_mppi,15040,256,16,0,0,1,1,1,101,0.220712,0.0470315,7.58567,0,0.883743,1.35605,0.184436,18.628,21.3286,413696,0.2137,0.4279,0,0.184816,0,1,1
box_detour_wall,oi_face_rot_wide_mppi,15047,256,16,0,0,1,1,1,112,0.199154,0.00288913,8.29658,0,0.854027,1.44828,0.193087,21.6257,24.7556,458752,0.239,0.2928,0,0.193399,0,1,1
box_detour_wall,oi_face_rot_wide_mppi,15054,256,16,0,0,1,1,1,104,0.220536,0.00658383,7.10604,0,0.865775,1.46702,0.201473,20.9532,24.4207,425984,0.2356,0.3569,0,0.201845,0,1,1
box_detour_wall,oi_face_rot_wide_mppi,15061,256,16,0,0,1,1,1,105,0.215578,0.0627499,8.08625,0,0.972474,1.71861,0.19237,20.1989,23.0867,430080,0.2294,0.271,0,0.192688,0,1,1
box_detour_wall,oi_face_rot_wide_mppi,15068,256,16,0,0,1,1,1,94,0.210164,0.134559,6.65111,0,0.847632,1.32438,0.288982,27.1643,32.2148,385024,0.3906,1.2203,0,0.289374,0,1,1
box_detour_wall,oi_face_rot_wide_mppi,15075,256,16,0,0,1,1,1,128,0.200408,0.0737887,9.63614,0,0.746507,1.1516,0.185843,23.7879,27.1649,524288,0.2185,0.2306,0,0.186086,0,1,1
box_detour_wall,oi_face_rot_wide_mppi,15082,256,16,0,0,1,1,1,107,0.243634,0.137153,8.66915,0,0.753756,1.14666,0.182949,19.5755,22.5155,438272,0.216,0.2307,0,0.183223,0,1,1
box_detour_wall,oi_face_rot_wide_mppi,15089,256,16,0,0,1,1,1,111,0.225176,0.174395,7.09272,0,0.744572,1.17527,0.182341,20.2399,22.905,454656,0.2201,0.2447,0,0.182596,0,1,1
box_detour_wall,oi_face_rot_wide_mppi,15096,256,16,0,0,1,1,1,108,0.23766,0.122339,6.52905,0,0.807282,1.4377,0.189882,20.5072,23.3398,442368,0.2281,0.2493,0,0.190173,0,1,1
box_detour_wall,oi_face_rot_wide_mppi,15103,256,16,0,0,1,1,1,128,0.249554,0.00332537,10.4058,0,0.785332,1.083,0.195673,25.0461,28.8078,524288,0.2332,0.2517,0,0.19607,0,1,1
box_detour_wall,oi_face_rot_wide_mppi,15110,256,16,0,0,1,1,1,138,0.247277,0.0627004,9.46791,0,0.841602,1.28613,0.181872,25.0983,27.8767,565248,0.227,0.2564,0,0.182209,0,1,1
box_detour_wall,oi_face_rot_wide_mppi,15117,256,16,0,0,1,1,1,47,0.216528,0.109111,5.24338,0,0.696097,0.834681,0.200049,9.4023,10.7999,192512,0.2436,0.2609,0,0.200526,0,1,1
box_detour_wall,oi_face_rot_wide_mppi,15124,256,16,0,0,1,1,1,110,0.246021,0.0690097,9.65056,0,0.772993,1.05983,0.203191,22.351,25.5756,450560,0.2342,0.334,0,0.203497,0,1,1
box_detour_wall,oi_face_rot_wide_mppi,15131,256,16,0,0,1,1,1,84,0.24243,0.177705,6.82611,0,0.801331,1.10322,0.199796,16.7829,19.1389,344064,0.2371,0.262,0,0.200107,0,1,1
box_detour_wall,oi_face_rot_wide_mppi,15138,256,16,0,0,1,1,1,118,0.233635,0.192564,9.94725,0,0.987768,1.87597,0.190011,22.4213,25.6381,483328,0.2181,0.3097,0,0.190264,0,1,1
box_detour_wall,oi_face_rot_wide_mppi,15145,256,16,0,0,1,1,1,87,0.241053,0.135732,7.27893,0,0.876085,1.39138,0.193998,16.8778,19.4036,356352,0.2222,0.2306,0,0.194335,0,1,1
box_detour_wall,oi_face_rot_wide_mppi,15152,256,16,0,0,1,1,1,79,0.248432,0.00888254,6.10339,0,0.989409,1.66841,0.230121,18.1796,21.4027,323584,0.3572,0.3929,0,0.230532,0,1,1
box_detour_wall,oi_face_rot_wide_mppi,15159,256,16,0,0,1,1,1,115,0.218815,0.0178931,8.65314,0,0.853388,1.31305,0.191125,21.9794,25.2592,471040,0.2293,0.2464,0,0.191436,0,1,1
box_detour_wall,oi_face_rot_wide_mppi,15166,256,16,0,0,1,1,1,111,0.21885,0.18363,9.46416,0,0.8903,1.41237,0.192806,21.4015,24.3711,454656,0.2308,0.2569,0,0.193104,0,1,1
box_detour_wall,oi_face_rot_wide_mppi,15173,256,16,0,0,1,1,1,105,0.186091,0.0568191,7.09436,0,0.833206,1.32535,0.172527,18.1153,20.1605,430080,0.2079,0.2446,0,0.172781,0,1,1
box_detour_wall,oi_face_rot_wide_mppi,15180,256,16,0,0,1,1,1,129,0.223288,0.136589,9.33491,0,0.748982,1.16626,0.193188,24.9212,28.3494,528384,0.2236,0.2492,0,0.193471,0,1,1
box_detour_wall,oi_face_rot_wide_mppi,15187,256,16,0,0,1,1,1,107,0.189619,0.00433491,7.78305,0,0.791395,1.19615,0.194463,20.8075,23.8204,438272,0.2273,0.3059,0,0.19482,0,1,1
box_detour_wall,oi_face_rot_wide_mppi,15194,256,16,0,0,1,1,1,145,0.204763,0.173204,9.68355,0,0.781324,1.27546,0.189637,27.4974,31.59,593920,0.2184,0.2346,0,0.189906,0,1,1
box_detour_wall,oi_face_rot_wide_mppi,15201,256,16,0,0,1,1,1,149,0.208287,0.15411,9.57729,0,0.775602,1.11916,0.190349,28.362,32.7095,610304,0.2308,0.2383,0,0.190603,0,1,1
box_detour_wall,oi_face_rot_wide_mppi,15208,256,16,0,0,1,1,1,90,0.249786,0.168,6.89746,0,0.939759,1.5467,0.197266,17.7539,20.2866,368640,0.2338,0.2386,0,0.19756,0,1,1
box_detour_wall,oi_face_rot_wide_mppi,15215,256,16,0,0,1,1,1,154,0.205549,0.300427,9.39405,0,0.774499,1.24299,0.173144,26.6642,29.7384,630784,0.2166,0.2553,0,0.17336,0,1,1
box_detour_wall,oi_face_rot_wide_mppi,15222,256,16,0,0,1,1,1,96,0.245801,0.072706,8.42143,0,0.826171,1.30836,0.232944,22.3626,26.1578,393216,0.3107,0.3685,0,0.233295,0,1,1
box_detour_wall,oi_face_rot_wide_mppi,15229,256,16,0,0,1,1,1,100,0.208454,0.0102532,7.43116,0,0.92419,1.65908,0.185164,18.5164,21.1065,409600,0.2256,0.2474,0,0.18548,0,1,1
box_detour_wall,oi_face_rot_wide_mppi,15236,256,16,0,0,1,1,1,101,0.243519,0.0371534,8.44308,0,0.841683,1.1774,0.186158,18.802,21.1921,413696,0.2218,0.239,0,0.186471,0,1,1
box_detour_wall,oi_face_rot_wide_mppi,15243,256,16,0,0,1,1,1,81,0.234467,0.189737,7.16706,0,0.837767,1.17602,0.21941,17.7722,20.5601,331776,0.346,0.5079,0,0.219783,0,1,1
box_detour_wall,oi_face_rot_wide_mppi,15250,256,16,0,0,1,1,1,129,0.210319,0.0241421,12.1255,0,0.78702,1.00939,0.199912,25.7887,29.6159,528384,0.2365,0.2721,0,0.200162,0,1,1
box_detour_wall,oi_face_rot_wide_mppi,15257,256,16,0,0,1,1,1,91,0.247677,0.0327346,7.34835,0,0.907036,1.47792,0.180032,16.3829,18.0891,372736,0.2077,0.2515,0,0.180265,0,1,1
box_detour_wall,oi_face_rot_wide_mppi,15264,256,16,0,0,1,1,1,114,0.244784,0.0334042,8.04218,0,0.967081,1.97486,0.186019,21.2062,24.1205,466944,0.2356,0.3547,0,0.186311,0,1,1
box_detour_wall,oi_face_rot_wide_mppi,15271,256,16,0,0,1,1,1,65,0.236022,0.139403,5.92942,0,0.740801,0.858152,0.214828,13.9638,16.2283,266240,0.2466,0.3695,0,0.215228,0,1,1
box_detour_wall,oi_face_rot_wide_mppi,15278,256,16,0,0,1,1,1,71,0.23439,0.0417696,5.91402,0,0.845758,1.39466,0.20962,14.883,17.3322,290816,0.2515,0.3482,0,0.210248,0,1,1
box_detour_wall,oi_face_rot_wide_mppi,15285,256,16,0,0,1,1,1,72,0.204474,0.04432,5.76145,0,0.719521,0.990608,0.212986,15.335,19.9239,294912,0.3372,0.7028,0,0.213401,0,1,1
box_detour_wall,oi_face_rot_wide_mppi,15292,256,16,0,0,1,1,1,89,0.233824,0.157478,7.43473,0,0.728931,0.865852,0.214401,19.0817,23.2221,364544,0.255,0.5916,0,0.214823,0,1,1
box_detour_wall,oi_face_rot_wide_mppi,15299,256,16,0,0,1,1,1,100,0.248324,0.0107502,7.66898,0,0.764214,1.10482,0.224299,22.4299,26.0443,409600,0.3182,1.3815,0,0.224697,0,1,1
box_detour_wall,oi_face_rot_wide_mppi,15306,256,16,0,0,1,1,1,74,0.206594,0.134051,5.85494,0,0.854233,1.38088,0.215054,15.914,18.5168,303104,0.2537,0.3981,0,0.215542,0,1,1
box_detour_wall,oi_face_rot_wide_mppi,15313,256,16,0,0,1,1,1,77,0.176484,0.0827683,6.18386,0,0.81731,1.19017,0.1966,15.1382,17.1428,315392,0.2801,0.7158,0,0.196944,0,1,1
box_detour_wall,oi_face_rot_wide_mppi,15320,256,16,0,0,1,1,1,77,0.242742,0.0437118,6.76831,0,0.862088,1.16789,0.209183,16.1071,19.1354,315392,0.2518,0.571,0,0.209581,0,1,1
box_detour_wall,oi_face_rot_wide_mppi,15327,256,16,0,0,1,1,1,125,0.238436,0.203849,13.1173,0,0.805404,1.12099,0.207051,25.8814,29.715,512000,0.2594,0.2799,0,0.207378,0,1,1
box_detour_wall,oi_face_rot_wide_mppi,15334,256,16,0,0,1,1,1,71,0.218981,0.135347,5.34261,0,0.771239,1.08968,0.221744,15.7438,18.1632,290816,0.402,0.48,0,0.222207,0,1,1
box_detour_wall,oi_face_rot_wide_mppi,15341,256,16,0,0,1,1,1,104,0.232716,0.0182898,8.08492,0,0.814929,1.32553,0.209367,21.7742,25.1142,425984,0.25,0.5114,0,0.209732,0,1,1
box_detour_wall,oi_face_rot_wide_mppi,15348,256,16,0,0,1,1,1,110,0.244817,0.323538,10.0849,0,0.845817,1.30709,0.290763,31.9839,35.434,450560,0.3004,5.514,0,0.291147,0,1,1
box_detour_wall,oi_face_rot_wide_mppi,15355,256,16,0,0,1,1,1,98,0.214377,0.1272,9.2856,0,1.02914,2.02873,0.365806,35.849,45.2018,401408,1.5942,2.6913,0,0.36629,0,1,1
box_detour_wall,oi_face_rot_wide_mppi,15362,256,16,0,0,1,1,1,92,0.218918,0.13491,8.36497,0,0.816597,1.04374,0.24628,22.6578,26.4947,376832,0.3704,2.9255,0,0.246721,0,1,1
box_detour_wall,oi_face_rot_wide_mppi,15369,256,16,0,0,1,1,1,96,0.241533,0.218243,8.69981,0,0.820545,1.14469,0.217777,20.9066,24.2476,393216,0.2723,0.5953,0,0.218176,0,1,1
box_detour_wall,oi_face_rot_wide_mppi,15376,256,16,0,0,1,1,1,105,0.24813,0.0766235,6.76315,0,0.863055,1.43609,0.192856,20.2499,23.2158,430080,0.2311,0.2415,0,0.193176,0,1,1
box_detour_wall,oi_face_rot_wide_mppi,15383,256,16,0,0,1,1,1,201,0.237611,0.223671,22.8646,0,0.696886,0.79943,0.205374,41.2801,46.8454,823296,0.2491,0.4811,0,0.205628,0,1,1
box_detour_wall,oi_face_rot_wide_mppi,15390,256,16,0,0,1,1,1,96,0.240587,0.0419048,8.29765,0,0.892097,1.57925,0.250562,24.054,27.3517,393216,0.3565,2.2141,0,0.251015,0,1,1
box_detour_wall,oi_face_rot_wide_mppi,15397,256,16,0,0,1,1,1,80,0.248522,0.126473,7.09687,0,0.812071,1.17852,0.226284,18.1027,20.824,327680,0.3214,0.7142,0,0.226657,0,1,1
box_detour_wall,oi_face_rot_wide_mppi,15404,256,16,0,0,1,1,1,99,0.242082,0.177741,6.70891,0,0.822634,1.29052,0.257547,25.4972,29.0572,405504,0.3616,2.4669,0,0.257979,0,1,1
box_detour_wall,oi_face_rot_wide_mppi,15411,256,16,0,0,1,1,1,83,0.207478,0.0870922,7.72783,0,0.868882,1.41865,0.20824,17.2839,19.6023,339968,0.2542,0.265,0,0.208594,0,1,1
box_detour_wall,oi_face_rot_wide_mppi,15418,256,16,0,0,1,1,1,90,0.221188,0.17884,6.81637,0,0.786294,1.22769,0.211607,19.0446,22.4303,368640,0.2957,0.5286,0,0.212029,0,1,1
box_detour_wall,oi_face_rot_wide_mppi,15425,256,16,0,0,1,1,1,155,0.245587,0.254304,10.2691,0,0.790804,1.24481,0.195854,30.3573,34.635,634880,0.2355,0.2647,0,0.196137,0,1,1
box_detour_wall,oi_face_rot_wide_mppi,15432,256,16,0,0,1,1,1,116,0.212466,0.00584619,10.3477,0,0.832966,1.24533,0.208626,24.2006,28.0927,475136,0.3262,0.4622,0,0.208936,0,1,1
box_detour_wall,oi_face_rot_wide_mppi,15439,256,16,0,0,1,1,1,101,0.215847,0.255285,7.87953,0,1.11336,2.33324,0.204193,20.6235,23.8335,413696,0.2438,0.3983,0,0.20453,0,1,1
box_detour_wall,oi_face_rot_wide_mppi,15446,256,16,0,0,1,1,1,90,0.198263,0.0749956,7.27966,0,0.737451,1.03351,0.195072,17.5565,20.0617,368640,0.2396,0.36,0,0.195394,0,1,1
box_detour_wall,oi_face_rot_wide_mppi,15453,256,16,0,0,1,1,1,99,0.233067,0.136927,6.77382,0,0.826281,1.27873,0.22449,22.2245,25.7261,405504,0.3544,0.9758,0,0.224934,0,1,1
box_detour_wall,oi_face_rot_wide_mppi,15460,256,16,0,0,1,1,1,118,0.228549,0.168841,8.88797,0,0.887779,1.55351,0.21507,25.3783,29.3455,483328,0.2899,0.4927,0,0.215383,0,1,1
box_detour_wall,oi_face_rot_wide_mppi,15467,256,16,0,0,1,1,1,79,0.208833,0.0330914,8.37505,0,0.864299,1.28091,0.237172,18.7366,24.268,323584,0.321,1.5183,0,0.237638,0,1,1
box_detour_wall,oi_face_rot_wide_mppi,15474,256,16,0,0,1,1,1,107,0.182927,0.0833711,7.0954,0,0.908707,1.48592,0.19491,20.8554,23.8877,438272,0.2437,0.354,0,0.19529,0,1,1
box_detour_wall,oi_face_rot_wide_mppi,15481,256,16,0,0,1,1,1,46,0.243855,0.159632,4.97562,0,0.67667,0.80505,0.219457,10.095,11.9503,188416,0.2684,0.3077,0,0.220056,0,1,1
box_detour_wall,oi_face_rot_wide_mppi,15488,256,16,0,0,1,1,1,68,0.245469,0.0706938,5.60424,0,1.03929,1.71846,0.206247,14.0248,16.3512,278528,0.2637,0.283,0,0.206665,0,1,1
box_detour_wall,oi_face_rot_wide_mppi,15495,256,16,0,0,1,1,1,82,0.232336,0.151645,7.62291,0,0.894123,1.23186,0.196346,16.1004,18.5211,335872,0.2484,0.3732,0,0.196735,0,1,1
box_detour_wall,oi_face_rot_wide_mppi,15502,256,16,0,0,1,1,1,100,0.201531,0.164887,8.42782,0,0.694477,0.910012,0.21384,21.384,25.7395,409600,0.317,0.955,0,0.214217,0,1,1
box_detour_wall,oi_face_rot_wide_mppi,15509,256,16,0,0,1,1,1,179,0.245998,0.101854,17.1126,0,0.877837,1.47758,0.210083,37.6048,42.567,733184,0.2505,0.3579,0,0.210332,0,1,1
box_detour_wall,oi_face_rot_wide_mppi,15516,256,16,0,0,1,1,1,268,0.234397,0.168031,27.2032,0,0.725402,0.901049,0.234497,62.8451,71.3071,1097728,0.3406,1.05,0,0.234989,0,1,1
box_detour_wall,oi_face_rot_wide_mppi,15523,256,16,0,0,1,1,1,120,0.179389,0.0258634,8.71369,0,0.851706,1.47082,0.283935,34.0722,38.6122,491520,0.4593,4.9871,0,0.284312,0,1,1
box_detour_wall,oi_face_rot_wide_mppi,15530,256,16,0,0,1,1,1,128,0.245463,0.00216421,8.90318,0,0.741612,1.07356,0.197754,25.3125,28.7908,524288,0.2367,0.2525,0,0.198035,0,1,1
box_detour_wall,oi_face_rot_wide_mppi,15537,256,16,0,0,1,1,1,134,0.227495,0.0238209,9.93188,0,0.756067,1.04798,0.198413,26.5873,30.3438,548864,0.2603,0.471,0,0.198702,0,1,1
box_detour_wall,oi_face_rot_wide_mppi,15544,256,16,0,0,1,1,1,89,0.249441,0.018549,6.66486,0,1.09995,2.5031,0.202433,18.0165,20.4741,364544,0.2489,0.308,0,0.202875,0,1,1
box_detour_wall,oi_face_rot_wide_mppi,15551,256,16,0,0,1,1,1,96,0.22651,0.16098,8.23079,0,0.799751,1.22444,0.203506,19.5366,22.1866,393216,0.2397,0.2783,0,0.203821,0,1,1
box_detour_wall,oi_face_rot_wide_mppi,15558,256,16,0,0,0,1,0,420,1.20403,0.261335,48.6469,0,0.669252,0.647242,0.208093,87.3989,99.7743,1720320,0.2619,0.4745,0,0.208286,0,1,0
box_detour_wall,oi_face_rot_wide_mppi,15565,256,16,0,0,1,1,1,73,0.224445,0.000504998,5.34183,0,0.994144,1.62386,0.204627,14.9378,17.214,299008,0.2646,0.3446,0,0.205066,0,1,1
box_detour_wall,oi_face_rot_wide_mppi,15572,256,16,0,0,1,1,1,108,0.21802,0.145452,8.06469,0,0.802097,1.18872,0.196225,21.1923,24.2222,442368,0.2296,0.2553,0,0.196496,0,1,1
box_detour_wall,oi_face_rot_wide_mppi,15579,256,16,0,0,1,1,1,109,0.230356,0.0256152,7.98972,0,1.0644,2.3421,0.199246,21.7178,24.8618,446464,0.2399,0.2722,0,0.199553,0,1,1
box_detour_wall,oi_face_rot_wide_mppi,15586,256,16,0,0,1,1,1,118,0.246518,0.0304418,8.84817,0,0.906515,1.43075,0.201494,23.7763,27.3655,483328,0.2539,0.3128,0,0.201798,0,1,1
box_detour_wall,oi_face_rot_wide_mppi,15593,256,16,0,0,1,1,1,172,0.24839,0.0601453,8.01914,0,0.825401,1.3115,0.20863,35.8843,41.3708,704512,0.2507,0.5332,0,0.208916,0,1,1
box_detour_wall,oi_face_rot_wide_mppi,15600,256,16,0,0,1,1,1,69,0.234747,0.173844,7.14924,0,0.835688,1.04784,0.207933,14.3474,16.2688,282624,0.2418,0.2554,0,0.208271,0,1,1
box_detour_wall,oi_face_rot_wide_mppi,15607,256,16,0,0,1,1,1,97,0.20739,0.266047,6.61552,0,1.09601,2.31382,0.212973,20.6584,23.9592,397312,0.2925,0.3158,0,0.213367,0,1,1
box_detour_wall,oi_face_rot_wide_mppi,15614,256,16,0,0,1,1,1,83,0.198311,0.0337275,6.70071,0,0.927495,1.49522,0.206425,17.1333,19.6329,339968,0.2644,0.2934,0,0.206816,0,1,1
box_detour_wall,oi_face_rot_wide_mppi,15621,256,16,0,0,1,1,1,116,0.211637,0.0423318,7.07303,0,1.22523,2.93751,0.196729,22.8206,26.0778,475136,0.2383,0.3354,0,0.197041,0,1,1
box_detour_wall,oi_face_rot_wide_mppi,15628,256,16,0,0,1,1,1,92,0.232671,0.186097,7.47894,0,0.851183,1.38794,0.213188,19.6133,22.4926,376832,0.2648,0.3109,0,0.213538,0,1,1
box_detour_wall,oi_face_rot_wide_mppi,15635,256,16,0,0,1,1,1,72,0.248113,0.00704183,5.91378,0,0.842249,1.28583,0.200086,14.4062,16.4108,294912,0.2297,0.2561,0,0.200471,0,1,1
box_detour_wall,oi_face_rot_wide_mppi,15642,256,16,0,0,1,1,1,104,0.242956,0.126044,7.36014,0,0.848108,1.52633,0.196755,20.4625,23.371,425984,0.234,0.3198,0,0.197123,0,1,1
box_detour_wall,oi_face_rot_wide_mppi,15649,256,16,0,0,1,1,1,167,0.238744,0.258192,12.5502,0,0.968241,1.70737,0.186311,31.1139,35.6646,684032,0.2288,0.3033,0,0.186596,0,1,1
box_detour_wall,oi_face_rot_wide_mppi,15656,256,16,0,0,1,1,1,108,0.217933,0.0586132,7.77755,0,0.795368,1.32195,0.211306,22.8211,26.6312,442368,0.2765,0.3864,0,0.211675,0,1,1
box_detour_wall,oi_face_rot_wide_mppi,15663,256,16,0,0,1,1,1,106,0.244709,0.0986592,7.47045,0,0.78995,1.23279,0.2017,21.3802,25.1257,434176,0.3055,0.5395,0,0.202084,0,1,1
box_detour_wall,oi_face_rot_wide_mppi,15670,256,16,0,0,1,1,1,103,0.240103,0.0824726,6.67022,0,0.818366,1.47188,0.218124,22.4668,26.0694,421888,0.2931,0.5373,0,0.218499,0,1,1
box_detour_wall,oi_face_rot_wide_mppi,15677,256,16,0,0,1,1,1,99,0.240796,0.0530553,7.2765,0,0.893872,1.4081,0.212686,21.0559,24.4064,405504,0.2819,0.3627,0,0.213074,0,1,1
box_detour_wall,oi_face_rot_wide_mppi,15684,256,16,0,0,1,1,1,115,0.239746,0.0778051,7.95944,0,1.06033,2.00089,0.204624,23.5318,27.3273,471040,0.322,0.533,0,0.204962,0,1,1
box_detour_wall,oi_face_rot_wide_mppi,15691,256,16,0,0,1,1,1,83,0.249678,0.0304501,8.39913,0,0.791993,1.08705,0.256798,21.3142,24.2124,339968,0.3592,1.6894,0,0.257205,0,1,1
box_detour_wall,oi_face_rot_wide_mppi,15698,256,16,0,0,1,1,1,71,0.20076,0.193469,6.20911,0,0.901133,1.33042,0.229483,16.2933,19.8086,290816,0.372,0.8654,0,0.230044,0,1,1
box_detour_wall,oi_face_rot_wide_mppi,15705,256,16,0,0,1,1,1,58,0.244352,0.0224318,5.30829,0,0.873435,1.18807,0.224221,13.0048,15.2984,237568,0.2961,0.3198,0,0.2247,0,1,1
box_detour_wall,oi_face_rot_wide_mppi,15712,256,16,0,0,1,1,1,149,0.194165,0.0339136,10.1253,0,0.773426,1.1976,0.200117,29.8174,34.3475,610304,0.2493,0.3738,0,0.200395,0,1,1
box_detour_wall,oi_face_rot_wide_mppi,15719,256,16,0,0,1,1,1,154,0.234658,0.117561,11.6166,0,0.741884,1.17524,0.210357,32.395,37.2372,630784,0.2663,0.8171,0,0.210675,0,1,1
box_detour_wall,oi_face_rot_wide_mppi,15726,256,16,0,0,1,1,1,108,0.224298,0.11566,7.40848,0,0.957507,1.62223,0.24481,26.4395,30.5025,442368,0.4666,1.2298,0,0.245202,0,1,1
box_detour_wall,oi_face_rot_wide_mppi,15733,256,16,0,0,1,1,1,124,0.248957,0.027964,8.90553,0,0.789164,1.20722,0.191474,23.7428,27.0742,507904,0.2333,0.2874,0,0.19174,0,1,1
box_detour_wall,oi_face_rot_wide_mppi,15740,256,16,0,0,1,1,1,84,0.239895,0.121771,6.32728,0,1.03855,1.77344,0.189851,15.9475,18.3348,344064,0.2226,0.231,0,0.190167,0,1,1
box_detour_wall,oi_face_rot_wide_mppi,15747,256,16,0,0,1,1,1,112,0.221784,0.0981602,7.38306,0,0.848089,1.34766,0.186052,20.8378,23.9534,458752,0.2314,0.2493,0,0.186345,0,1,1
box_detour_wall,oi_face_rot_wide_mppi,15754,256,16,0,0,1,1,1,95,0.228145,0.172577,7.625,0,0.97589,1.97129,0.186992,17.7642,19.888,389120,0.2528,0.5973,0,0.18731,0,1,1
box_detour_wall,oi_face_rot_wide_mppi,15761,256,16,0,0,1,1,1,102,0.23051,0.28433,8.32814,0,1.05763,2.07143,0.192966,19.6825,22.1537,417792,0.2348,0.263,0,0.193317,0,1,1
box_detour_wall,oi_face_rot_wide_mppi,15768,256,16,0,0,1,1,1,104,0.2484,0.108612,7.00312,0,0.917,1.6626,0.181362,18.8617,21.0125,425984,0.2197,0.2539,0,0.181619,0,1,1
box_detour_wall,oi_face_rot_wide_mppi,15775,256,16,0,0,1,1,1,93,0.231146,0.289324,7.08866,0,1.07351,1.91659,0.187143,17.4043,19.9199,380928,0.2217,0.238,0,0.187411,0,1,1
box_detour_wall,oi_face_rot_wide_mppi,15782,256,16,0,0,1,1,1,176,0.224748,0.0948098,19.8328,0,0.92076,1.30378,0.198601,34.9537,40.5716,720896,0.2288,0.3474,0,0.198853,0,1,1
box_detour_wall,oi_face_rot_wide_mppi,15789,256,16,0,0,1,1,1,139,0.212786,0.150978,10.0791,0,0.826678,1.28745,0.199112,27.6765,32.0596,569344,0.2377,0.2507,0,0.19937,0,1,1
box_detour_wall,oi_face_rot_wide_mppi,15796,256,16,0,0,1,1,1,117,0.204405,0.0682509,10.6679,0,0.752792,0.996499,0.208,24.336,27.9964,479232,0.2705,0.625,0,0.208328,0,1,1
box_detour_wall,oi_face_rot_wide_mppi,15803,256,16,0,0,1,1,1,81,0.245827,0.0817179,6.65128,0,0.942038,1.45115,0.20146,16.3183,18.5467,331776,0.2563,0.2671,0,0.201811,0,1,1
box_detour_wall,oi_face_rot_wide_mppi,15810,256,16,0,0,1,1,1,46,0.218041,0.0286898,4.99895,0,0.574008,0.527787,0.195563,8.9959,10.25,188416,0.2231,0.2319,0,0.196,0,1,1
box_detour_wall,oi_face_rot_wide_mppi,15817,256,16,0,0,1,1,1,107,0.249449,0.0848709,8.31504,0,0.758052,1.23681,0.238224,25.49,29.8123,438272,0.3137,0.3999,0,0.238498,0,1,1
box_detour_wall,oi_face_rot_wide_mppi,15824,256,16,0,0,1,1,1,100,0.212651,0.207095,8.59181,0,0.794647,1.02223,0.197059,19.7059,22.6243,409600,0.2247,0.2366,0,0.197369,0,1,1
box_detour_wall,oi_face_rot_wide_mppi,15831,256,16,0,0,1,1,1,83,0.247403,0.159535,7.3478,0,0.893162,1.46803,0.182763,15.1693,16.7624,339968,0.2146,0.247,0,0.183036,0,1,1
box_detour_wall,oi_face_rot_wide_mppi,15838,256,16,0,0,1,1,1,73,0.22651,0.0522152,5.82843,0,0.788583,1.14753,0.194422,14.1928,16.1894,299008,0.2311,0.2457,0,0.194764,0,1,1
box_detour_wall,oi_face_rot_wide_mppi,15845,256,16,0,0,1,1,1,130,0.232497,0.0441968,9.53205,0,1.02022,2.09655,0.196036,25.4847,29.0751,532480,0.2309,0.2524,0,0.196282,0,1,1
box_detour_wall,oi_face_rot_wide_mppi,15852,256,16,0,0,1,1,1,76,0.248652,0.0859701,6.04444,0,0.836014,1.4121,0.19418,14.7577,17.2004,311296,0.2446,0.2779,0,0.194537,0,1,1
box_detour_wall,oi_face_rot_wide_mppi,15859,256,16,0,0,1,1,1,74,0.211475,0.17813,6.12433,0,0.775191,1.18777,0.194697,14.4076,16.4261,303104,0.237,0.3283,0,0.195015,0,1,1
box_detour_wall,oi_face_rot_wide_mppi,15866,256,16,0,0,1,1,1,109,0.224835,0.0576639,7.91183,0,1.06489,2.22475,0.191756,20.9014,24.2291,446464,0.2344,0.2618,0,0.192069,0,1,1
box_detour_wall,oi_face_rot_wide_mppi,15873,256,16,0,0,1,1,1,115,0.231819,0.125165,9.86271,0,0.833531,1.18719,0.190817,21.944,25.2725,471040,0.2259,0.2347,0,0.19109,0,1,1
box_detour_wall,oi_face_rot_wide_mppi,15880,256,16,0,0,1,1,1,107,0.230785,0.0248321,8.28408,0,1.00021,1.68492,0.190126,20.3435,23.2961,438272,0.2224,0.2399,0,0.190414,0,1,1
box_detour_wall,oi_face_rot_wide_mppi,15887,256,16,0,0,1,1,1,101,0.209462,0.261889,7.82276,0,1.06662,2.14533,0.188951,19.0841,21.0864,413696,0.2212,1.3013,0,0.189382,0,1,1
box_detour_wall,oi_face_rot_wide_mppi,15894,256,16,0,0,1,1,1,128,0.238824,0.0227969,8.64883,0,0.741424,1.03671,0.187227,23.9651,27.0463,524288,0.2201,0.2272,0,0.187471,0,1,1
box_detour_wall,oi_face_rot_wide_mppi,15901,256,16,0,0,1,1,1,74,0.244356,0.20053,6.03868,0,0.780384,1.21926,0.188172,13.9247,15.9284,303104,0.2183,0.2251,0,0.188484,0,1,1
box_detour_wall,oi_face_rot_wide_mppi,15908,256,16,0,0,1,1,1,93,0.190287,0.123156,6.98855,0,0.778604,1.0879,0.187651,17.4515,20.1657,380928,0.2194,0.2488,0,0.187912,0,1,1
box_detour_wall,oi_face_rot_wide_mppi,15915,256,16,0,0,1,1,1,113,0.198007,0.0216669,8.54842,0,0.782094,1.26309,0.185181,20.9255,23.8742,462848,0.2156,0.2331,0,0.185453,0,1,1
box_detour_wall,oi_face_rot_wide_mppi,15922,256,16,0,0,1,1,1,109,0.20242,0.0475895,6.39751,0,0.676751,1.07006,0.1855,20.2195,23.368,446464,0.2154,0.2291,0,0.185813,0,1,1
box_detour_wall,oi_face_rot_wide_mppi,15929,256,16,0,0,1,1,1,116,0.227976,0.0477495,7.23669,0,0.754433,1.10893,0.195656,22.6961,26.2454,475136,0.2284,0.3406,0,0.195964,0,1,1
box_detour_wall,oi_face_rot_wide_mppi,15936,256,16,0,0,1,1,1,109,0.245003,0.215123,7.70706,0,0.816239,1.25104,0.193008,21.0379,24.3466,446464,0.2358,0.263,0,0.193305,0,1,1
box_detour_wall,oi_face_rot_wide_mppi,15943,256,16,0,0,1,1,1,88,0.222426,0.0064249,6.9873,0,0.930278,1.81628,0.200738,17.6649,19.9238,360448,0.243,0.2604,0,0.201031,0,1,1
box_detour_wall,oi_face_rot_wide_mppi,15950,256,16,0,0,1,1,1,111,0.192055,0.00905295,6.93206,0,0.934275,1.71455,0.187473,20.8095,23.5309,454656,0.2254,0.3791,0,0.187766,0,1,1
box_detour_wall,oi_face_rot_wide_mppi,15957,256,16,0,0,1,1,1,68,0.247166,0.0828097,5.23093,0,0.792321,1.20712,0.182154,12.3865,13.9389,278528,0.2386,0.2525,0,0.182472,0,1,1
box_detour_wall,oi_face_rot_wide_mppi,15964,256,16,0,0,1,1,1,99,0.226579,0.106431,9.71767,0,0.774627,1.13864,0.185526,18.3671,20.3541,405504,0.2387,0.2855,0,0.185798,0,1,1
box_detour_wall,oi_face_rot_wide_mppi,15971,256,16,0,0,1,1,1,79,0.230656,0.0349886,5.8952,0,0.783813,1.23675,0.214187,16.9208,19.5738,323584,0.2721,0.4142,0,0.214514,0,1,1
box_detour_wall,oi_face_rot_wide_mppi,15978,256,16,0,0,1,1,1,148,0.210597,0.195459,11.7227,0,0.953194,1.5984,0.189305,28.0172,31.8972,606208,0.2227,0.3106,0,0.189576,0,1,1
box_detour_wall,oi_face_rot_wide_mppi,15985,256,16,0,0,1,1,1,171,0.229568,0.125995,12.0454,0,0.903218,1.3857,0.188975,32.3148,37.28,700416,0.23,0.3092,0,0.18923,0,1,1
box_detour_wall,oi_face_rot_wide_mppi,15992,256,16,0,0,1,1,1,132,0.196984,0.0449804,8.95269,0,0.882392,1.69199,0.19613,25.8891,29.8048,540672,0.2307,0.3031,0,0.196414,0,1,1
box_detour_wall,oi_face_rot_wide_mppi,15999,256,16,0,0,1,1,1,101,0.247402,0.159777,7.74185,0,0.866156,1.44136,0.196073,19.8034,22.6479,413696,0.2391,0.3849,0,0.196418,0,1,1
box_detour_wall,oi_face_rot_wide_mppi,16006,256,16,0,0,1,1,1,136,0.217873,0.221497,8.38749,0,0.91615,1.75991,0.188947,25.6968,29.419,557056,0.2294,0.2451,0,0.189202,0,1,1
box_detour_wall,oi_face_rot_wide_mppi,16013,256,16,0,0,1,1,1,104,0.225926,0.169901,8.83774,0,0.826861,1.13748,0.200305,20.8317,23.7373,425984,0.2386,0.3584,0,0.20061,0,1,1
box_detour_wall,oi_face_rot_wide_mppi,16020,256,16,0,0,1,1,1,124,0.247527,0.0130474,8.65692,0,0.952963,1.73649,0.185619,23.0167,26.0848,507904,0.2196,0.2604,0,0.185873,0,1,1
box_detour_wall,oi_face_rot_wide_mppi,16027,256,16,0,0,1,1,1,188,0.240745,0.143175,19.8543,0,0.765701,0.939361,0.190792,35.8689,40.7085,770048,0.2191,0.2393,0,0.19099,0,1,1
box_detour_wall,oi_face_rot_wide_mppi,16034,256,16,0,0,1,1,1,81,0.244299,0.0326376,6.21916,0,1.07886,1.93153,0.185799,15.0497,17.1863,331776,0.2193,0.2506,0,0.186054,0,1,1
box_detour_wall,oi_face_rot_wide_mppi,16041,256,16,0,0,1,1,1,93,0.244166,0.00576,6.62111,0,1.14677,2.41843,0.18908,17.5844,19.9265,380928,0.225,0.2321,0,0.189369,0,1,1
box_detour_wall,oi_face_rot_wide_mppi,16048,256,16,0,0,1,1,1,155,0.180961,0.279558,10.023,0,0.760347,1.13505,0.190443,29.5186,33.7615,634880,0.2193,0.3069,0,0.190688,0,1,1
box_detour_wall,oi_face_rot_wide_mppi,16055,256,16,0,0,1,1,1,98,0.212156,0.0351964,6.72541,0,0.848343,1.2739,0.198652,19.4679,22.3609,401408,0.3128,0.4571,0,0.199002,0,1,1
box_detour_wall,oi_face_rot_wide_mppi,16062,256,16,0,0,1,1,1,114,0.173635,0.128263,9.81957,0,0.766191,1.03901,0.201161,22.9323,26.2142,466944,0.252,0.4055,0,0.201485,0,1,1
box_detour_wall,oi_face_rot_wide_mppi,16069,256,16,0,0,1,1,1,120,0.208601,0.0672718,8.39898,0,0.788268,1.11199,0.175158,21.019,23.2554,491520,0.2095,0.2413,0,0.175372,0,1,1
box_detour_wall,oi_face_rot_wide_mppi,16076,256,16,0,0,1,1,1,109,0.206291,0.175828,10.5732,0,0.859165,1.35892,0.189581,20.6643,23.7397,446464,0.2211,0.261,0,0.189881,0,1,1
box_detour_wall,oi_face_rot_wide_mppi,16083,256,16,0,0,1,1,1,118,0.242416,0.086681,9.06543,0,0.813047,1.34878,0.189203,22.326,25.2796,483328,0.2195,0.2361,0,0.189492,0,1,1
box_detour_wall,oi_face_rot_wide_mppi,16090,256,16,0,0,1,1,1,71,0.229937,0.00505796,5.50472,0,0.776424,1.19395,0.179483,12.7433,14.276,290816,0.2252,0.2327,0,0.179773,0,1,1
box_detour_wall,oi_face_rot_wide_mppi,16097,256,16,0,0,1,1,1,72,0.236307,0.0937256,5.24652,0,0.947592,1.64136,0.197369,14.2106,16.6433,294912,0.2344,0.2413,0,0.197749,0,1,1
box_detour_wall,oi_face_rot_wide_mppi,16104,256,16,0,0,1,1,1,94,0.245471,0.109937,8.14479,0,0.822126,1.10668,0.193022,18.1441,21.0104,385024,0.2267,0.3053,0,0.193283,0,1,1
box_detour_wall,oi_face_rot_wide_mppi,16111,256,16,0,0,1,1,1,101,0.211659,0.11265,6.88321,0,0.885219,1.40859,0.167731,16.9408,19.1029,413696,0.1939,0.2861,0,0.168002,0,1,1
box_detour_wall,oi_face_rot_wide_mppi,16118,256,16,0,0,1,1,1,95,0.20826,0.137519,6.81036,0,1.0775,2.17782,0.188437,17.9015,20.2906,389120,0.2194,0.2323,0,0.188735,0,1,1
box_detour_wall,oi_face_rot_wide_mppi,16125,256,16,0,0,1,1,1,89,0.208091,0.0284469,6.02804,0,0.772358,1.18832,0.192874,17.1658,19.129,364544,0.2415,0.2597,0,0.193153,0,1,1
box_detour_wall,oi_face_rot_wide_mppi,16132,256,16,0,0,1,1,1,111,0.227215,0.0592837,8.12961,0,0.868251,1.4898,0.182213,20.2257,22.8157,454656,0.2402,0.2589,0,0.18248,0,1,1
box_detour_wall,oi_face_rot_wide_mppi,16139,256,16,0,0,1,1,1,94,0.231268,0.0539543,8.09564,0,0.833064,1.24535,0.200156,18.8147,21.7123,385024,0.2372,0.2722,0,0.200451,0,1,1
box_detour_wall,oi_face_rot_wide_mppi,16146,256,16,0,0,1,1,1,90,0.236839,0.0910311,7.80157,0,0.852458,1.23622,0.203922,18.353,21.1626,368640,0.2634,0.3618,0,0.204268,0,1,1
box_detour_wall,oi_face_rot_wide_mppi,16153,256,16,0,0,1,1,1,104,0.235628,0.131414,6.86347,0,1.02356,2.13392,0.173138,18.0064,20.2377,425984,0.2086,0.2338,0,0.173389,0,1,1
box_detour_wall,oi_face_rot_wide_mppi,16160,256,16,0,0,1,1,1,122,0.185099,0.0577872,8.4398,0,0.894121,1.49198,0.167787,20.47,22.5736,499712,0.2069,0.2895,0,0.168006,0,1,1
box_detour_wall,oi_face_rot_wide_mppi,16167,256,16,0,0,1,1,1,54,0.215025,0.0215742,5.67236,0,0.714121,0.826045,0.200933,10.8504,12.5639,221184,0.2399,0.3724,0,0.201298,0,1,1
box_detour_wall,oi_face_rot_wide_mppi,16174,256,16,0,0,1,1,1,96,0.247564,0.155465,6.46843,0,0.909987,1.58111,0.202153,19.4067,22.2468,393216,0.2354,0.2382,0,0.202479,0,1,1
box_detour_wall,oi_face_rot_wide_mppi,16181,256,16,0,0,1,1,1,71,0.234321,0.00493449,5.85042,0,0.827533,1.22519,0.194625,13.8184,15.8034,290816,0.2348,0.2584,0,0.194944,0,1,1
box_detour_wall,oi_face_rot_wide_mppi,16188,256,16,0,0,1,1,1,80,0.249712,0.0979408,6.15705,0,0.934109,1.61959,0.191991,15.3593,17.7785,327680,0.2259,0.2359,0,0.192315,0,1,1
box_detour_wall,oi_face_rot_wide_mppi,16195,256,16,0,0,1,1,1,101,0.16919,0.0115732,8.60856,0,0.821865,1.21321,0.190615,19.2521,22.162,413696,0.2289,0.2585,0,0.19092,0,1,1
box_detour_wall,oi_face_rot_wide_mppi,16202,256,16,0,0,1,1,1,120,0.231766,0.0728673,7.2753,0,0.838631,1.6191,0.182023,21.8428,24.5837,491520,0.225,0.2777,0,0.182262,0,1,1
box_detour_wall,oi_face_rot_wide_mppi,16209,256,16,0,0,1,1,1,124,0.249543,0.148207,10.1016,0,0.801417,1.34444,0.201122,24.9391,28.5883,507904,0.256,0.3654,0,0.201395,0,1,1
box_detour_wall,oi_face_rot_wide_mppi,16216,256,16,0,0,1,1,1,130,0.201315,0.0532505,8.64989,0,0.920922,1.79013,0.196508,25.5461,28.9236,532480,0.3267,0.3726,0,0.196747,0,1,1
box_detour_wall,oi_face_rot_wide_mppi,16223,256,16,0,0,1,1,1,138,0.193589,0.106828,8.38332,0,1.0893,2.42398,0.198297,27.365,31.2014,565248,0.2338,0.4374,0,0.198628,0,1,1
box_detour_wall,oi_face_rot_wide_mppi,16230,256,16,0,0,1,1,1,99,0.214648,0.0939922,9.8751,0,0.952851,1.59742,0.190954,18.9044,21.6926,405504,0.2471,0.2656,0,0.191243,0,1,1
box_detour_wall,oi_face_rot_wide_mppi,16237,256,16,0,0,1,1,1,94,0.233739,0.125181,7.45547,0,0.905461,1.64453,0.209725,19.7142,22.9629,385024,0.2528,0.3071,0,0.210094,0,1,1
box_detour_wall,oi_face_rot_wide_mppi,16244,256,16,0,0,1,1,1,83,0.225896,0.0837866,6.28579,0,0.922878,1.6102,0.20796,17.2607,20.1147,339968,0.2489,0.7701,0,0.208314,0,1,1
box_detour_wall,oi_face_rot_wide_mppi,16251,256,16,0,0,1,1,1,88,0.184742,0.0666083,8.88555,0,0.833964,1.09219,0.192492,16.9393,19.6199,360448,0.2265,0.2606,0,0.192788,0,1,1
box_detour_wall,oi_face_rot_wide_mppi,16258,256,16,0,0,1,1,1,70,0.197305,0.217546,5.25646,0,0.898289,1.5082,0.181684,12.7179,13.9548,286720,0.2096,0.2738,0,0.181946,0,1,1
box_detour_wall,oi_face_rot_wide_mppi,16265,256,16,0,0,1,1,1,106,0.247369,0.13751,7.99769,0,0.932287,1.63639,0.187558,19.8811,22.7805,434176,0.2183,0.2295,0,0.187841,0,1,1
box_detour_wall,oi_face_rot_wide_mppi,16272,256,16,0,0,1,1,1,92,0.236978,0.0365601,9.61019,0,0.697043,0.894351,0.207166,19.0593,21.7577,376832,0.2416,0.3297,0,0.207498,0,1,1
box_detour_wall,oi_face_rot_wide_mppi,16279,256,16,0,0,1,1,1,85,0.235733,0.0439933,7.49871,0,0.828642,1.31043,0.190241,16.1705,18.5638,348160,0.2297,0.2596,0,0.190579,0,1,1
box_detour_wall,oi_face_rot_wide_mppi,16286,256,16,0,0,1,1,1,135,0.177218,0.116422,9.36095,0,0.856256,1.49483,0.196866,26.5769,30.5259,552960,0.23,0.2492,0,0.197124,0,1,1
box_detour_wall,oi_face_rot_wide_mppi,16293,256,16,0,0,1,1,1,93,0.239259,0.134507,7.22309,0,0.974017,1.79483,0.193557,18.0008,20.3973,380928,0.2187,0.2285,0,0.193815,0,1,1
box_detour_wall,oi_face_rot_wide_mppi,16300,256,16,0,0,1,1,1,70,0.219151,0.077684,5.15949,0,0.807989,1.39406,0.19046,13.3322,15.3009,286720,0.2248,0.2311,0,0.190824,0,1,1
box_detour_wall,oi_face_rot_wide_mppi,16307,256,16,0,0,1,1,1,112,0.238859,0.0427926,8.30988,0,0.932482,1.72396,0.180279,20.1912,22.6557,458752,0.2223,0.2278,0,0.18052,0,1,1
box_detour_wall,oi_face_rot_wide_mppi,16314,256,16,0,0,1,1,1,128,0.205467,0.0844754,9.50554,0,0.735273,1.12317,0.188141,24.082,27.7664,524288,0.2175,0.2285,0,0.188376,0,1,1
box_detour_wall,oi_face_rot_wide_mppi,16321,256,16,0,0,1,1,1,123,0.24761,0.119506,9.48417,0,0.826669,1.17722,0.197602,24.305,27.8949,503808,0.2265,0.2457,0,0.197863,0,1,1
box_detour_wall,oi_face_rot_wide_mppi,16328,256,16,0,0,1,1,1,90,0.212111,0.14447,7.24188,0,1.10879,2.16757,0.199882,17.9894,20.6745,368640,0.2539,0.2801,0,0.200249,0,1,1
box_detour_wall,oi_face_rot_wide_mppi,16335,256,16,0,0,1,1,1,72,0.209384,0.106529,5.43984,0,0.915649,1.46423,0.184414,13.2778,14.9187,294912,0.2116,0.264,0,0.184738,0,1,1
box_detour_wall,oi_face_rot_wide_mppi,16342,256,16,0,0,1,1,1,85,0.247589,0.0758174,7.90026,0,0.96855,1.6378,0.191685,16.2932,18.5165,348160,0.2304,0.263,0,0.191991,0,1,1
box_detour_wall,oi_face_rot_wide_mppi,16349,256,16,0,0,1,1,1,115,0.246342,0.103869,8.66371,0,0.918149,1.55313,0.188788,21.7106,24.4365,471040,0.2206,0.2688,0,0.189023,0,1,1
