scenario,planner,seed,k_samples,t_horizon,grad_steps,alpha,reached_goal,collision_free,success,steps,final_distance,min_goal_distance,cumulative_cost,collisions,mean_control_delta,control_roughness,avg_control_ms,total_control_ms,episode_ms,sample_budget,p95_control_ms,max_control_ms,control_deadline_ms,avg_control_slot_ms,deadline_misses,deadline_feasible,real_time_success
box_detour_open,oi_face_rot_anchor_mppi,17056,256,16,0,0,1,1,1,59,0.214109,0.0245415,4.93538,0,0.999252,1.82759,0.349405,20.6149,21.8018,241664,1.2353,1.2568,0,0.349737,0,1,1
box_detour_open,oi_face_rot_anchor_mppi,17063,256,16,0,0,1,1,1,59,0.2383,0.0716874,4.904,0,0.969441,1.71508,0.314734,18.5693,19.8444,241664,1.2,1.3375,0,0.315166,0,1,1
box_detour_open,oi_face_rot_anchor_mppi,17070,256,16,0,0,1,1,1,64,0.234023,0.0727315,5.27131,0,0.909684,1.53779,0.297309,19.0278,20.2892,262144,1.2339,1.2611,0,0.297753,0,1,1
box_detour_open,oi_face_rot_anchor_mppi,17077,256,16,0,0,1,1,1,65,0.244517,0.162336,5.2355,0,0.875185,1.46659,0.316209,20.5536,21.8615,266240,1.1151,1.3407,0,0.316655,0,1,1
box_detour_open,oi_face_rot_anchor_mppi,17084,256,16,0,0,1,1,1,67,0.209003,0.289453,4.84758,0,1.61879,4.81159,0.395224,26.48,28.6551,274432,1.239,1.3202,0,0.395812,0,1,1
box_detour_open,oi_face_rot_anchor_mppi,17091,256,16,0,0,1,1,1,58,0.227324,0.257449,4.89884,0,1.11261,2.31012,0.346848,20.1172,21.0347,237568,1.2728,1.336,0,0.347179,0,1,1
box_detour_open,oi_face_rot_anchor_mppi,17098,256,16,0,0,1,1,1,54,0.209058,0.0233766,5.04068,0,0.975034,1.30708,0.284211,15.3474,16.3356,221184,1.2283,1.2392,0,0.284593,0,1,1
box_detour_open,oi_face_rot_anchor_mppi,17105,256,16,0,0,1,1,1,49,0.238894,0.267984,4.62154,0,0.798732,1.02059,0.372075,18.2317,19.2646,200704,1.2289,1.6881,0,0.372498,0,1,1
box_detour_open,oi_face_rot_anchor_mppi,17112,256,16,0,0,1,1,1,54,0.211865,0.00405839,4.27208,0,0.985009,1.54894,0.465635,25.1443,26.3787,221184,1.2588,1.3147,0,0.466133,0,1,1
box_detour_open,oi_face_rot_anchor_mppi,17119,256,16,0,0,1,1,1,60,0.244151,0.0719423,4.71772,0,0.808749,1.14903,0.364938,21.8963,23.1292,245760,1.2416,1.3379,0,0.36534,0,1,1
box_detour_open,oi_face_rot_anchor_mppi,17126,256,16,0,0,1,1,1,57,0.246445,0.26214,4.98397,0,0.936777,1.31982,0.44953,25.6232,26.718,233472,1.2446,1.3156,0,0.449937,0,1,1
box_detour_open,oi_face_rot_anchor_mppi,17133,256,16,0,0,1,1,1,46,0.227534,0.0230498,4.55001,0,0.949144,1.47195,0.408257,18.7798,19.6211,188416,1.2371,1.3259,0,0.408722,0,1,1
box_detour_open,oi_face_rot_anchor_mppi,17140,256,16,0,0,1,1,1,52,0.217082,0.325005,4.61161,0,0.830165,1.11285,0.262733,13.6621,14.5765,212992,1.2487,1.2623,0,0.263185,0,1,1
box_detour_open,oi_face_rot_anchor_mppi,17147,256,16,0,0,1,1,1,61,0.24463,0.0573416,5.14813,0,1.45456,3.83786,0.37989,23.1733,24.3141,249856,1.2231,1.3362,0,0.380375,0,1,1
box_detour_open,oi_face_rot_anchor_mppi,17154,256,16,0,0,1,1,1,51,0.235453,0.133566,4.92834,0,0.942697,1.35237,0.338647,17.271,18.3112,208896,1.2391,1.3355,0,0.339053,0,1,1
box_detour_open,oi_face_rot_anchor_mppi,17161,256,16,0,0,1,1,1,56,0.239348,0.279249,4.65873,0,0.88517,1.36548,0.359957,20.1576,21.1816,229376,1.2379,1.2536,0,0.360366,0,1,1
box_detour_open,oi_face_rot_anchor_mppi,17168,256,16,0,0,1,1,1,51,0.243049,0.273501,4.58932,0,0.787448,1.09896,0.227822,11.6189,12.5855,208896,0.662,1.2727,0,0.228276,0,1,1
box_detour_open,oi_face_rot_anchor_mppi,17175,256,16,0,0,1,1,1,55,0.243885,0.246368,4.88552,0,0.934259,1.34146,0.32002,17.6011,18.6547,225280,1.2239,1.3235,0,0.320375,0,1,1
box_detour_open,oi_face_rot_anchor_mppi,17182,256,16,0,0,1,1,1,66,0.237253,0.070604,4.63143,0,1.08422,2.12594,0.320559,21.1569,22.2892,270336,1.2312,1.3316,0,0.32097,0,1,1
box_detour_open,oi_face_rot_anchor_mppi,17189,256,16,0,0,1,1,1,59,0.244896,0.00606968,4.53927,0,0.852588,1.3,0.433534,25.5785,26.5368,241664,1.2514,1.2896,0,0.433898,0,1,1
box_detour_open,oi_face_rot_anchor_mppi,17196,256,16,0,0,1,1,1,98,0.249112,0.15718,6.17445,0,0.884247,1.4065,0.392266,38.4421,40.3125,401408,1.2455,1.2929,0,0.39268,0,1,1
box_detour_open,oi_face_rot_anchor_mppi,17203,256,16,0,0,1,1,1,66,0.249681,0.284237,4.72325,0,0.946591,1.68976,0.344183,22.7161,24.4489,270336,1.19,1.3198,0,0.344706,0,1,1
box_detour_open,oi_face_rot_anchor_mppi,17210,256,16,0,0,1,1,1,51,0.248676,0.325702,4.55252,0,0.847302,1.19632,0.263255,13.426,14.8484,208896,0.8347,1.3696,0,0.263835,0,1,1
box_detour_open,oi_face_rot_anchor_mppi,17217,256,16,0,0,1,1,1,60,0.236093,0.205191,5.32211,0,0.958788,1.5939,0.337697,20.2618,21.855,245760,1.0989,1.3076,0,0.338232,0,1,1
box_detour_open,oi_face_rot_anchor_mppi,17224,256,16,0,0,1,1,1,63,0.205161,0.0432738,4.75084,0,0.941878,1.50249,0.444438,27.9996,30.1455,258048,1.2394,1.3104,0,0.44503,0,1,1
box_detour_open,oi_face_rot_anchor_mppi,17231,256,16,0,0,1,1,1,62,0.245613,0.056124,4.76938,0,0.811035,1.07721,0.358747,22.2423,24.6297,253952,1.0673,1.3443,0,0.359381,0,1,1
box_detour_open,oi_face_rot_anchor_mppi,17238,256,16,0,0,1,1,1,48,0.24968,0.23437,4.46926,0,0.802234,0.990855,0.360846,17.3206,18.8832,196608,1.214,1.3194,0,0.361685,0,1,1
box_detour_open,oi_face_rot_anchor_mppi,17245,256,16,0,0,1,1,1,62,0.207228,0.312634,4.92353,0,1.35449,3.2603,0.35081,21.7502,23.4674,253952,1.1322,1.3292,0,0.351324,0,1,1
box_detour_open,oi_face_rot_anchor_mppi,17252,256,16,0,0,1,1,1,59,0.220351,0.317172,4.99459,0,1.05674,1.91809,0.343303,20.2549,22.6299,241664,1.207,1.3235,0,0.344014,0,1,1
box_detour_open,oi_face_rot_anchor_mppi,17259,256,16,0,0,1,1,1,52,0.246361,0.219716,4.41534,0,0.845394,1.21672,0.295079,15.3441,17.3278,212992,0.963,1.2761,0,0.295842,0,1,1
box_detour_open,oi_face_rot_anchor_mppi,17266,256,16,0,0,1,1,1,67,0.220788,0.0054041,5.65035,0,0.922646,1.66154,0.377169,25.2703,27.6316,274432,1.2559,1.303,0,0.377806,0,1,1
box_detour_open,oi_face_rot_anchor_mppi,17273,256,16,0,0,1,1,1,73,0.227257,0.269841,6.49991,0,1.08608,2.05489,0.322808,23.565,25.4144,299008,1.2432,1.3484,0,0.323233,0,1,1
box_detour_open,oi_face_rot_anchor_mppi,17280,256,16,0,0,1,1,1,70,0.245904,0.269314,5.67586,0,1.01804,1.69448,0.362254,25.3578,27.9591,286720,1.2136,1.2581,0,0.36289,0,1,1
box_detour_open,oi_face_rot_anchor_mppi,17287,256,16,0,0,1,1,1,71,0.232501,0.153487,5.41834,0,0.914925,1.40571,0.348747,24.761,28.2535,290816,1.2172,1.2581,0,0.349417,0,1,1
box_detour_open,oi_face_rot_anchor_mppi,17294,256,16,0,0,1,1,1,44,0.245715,0.157541,4.61011,0,1.09374,1.73367,0.311441,13.7034,15.1635,180224,1.2153,1.2534,0,0.312298,0,1,1
box_detour_open,oi_face_rot_anchor_mppi,17301,256,16,0,0,1,1,1,69,0.118557,0.304186,5.20874,0,0.84596,1.15279,0.400504,27.6348,30.8641,282624,1.2308,1.5186,0,0.401267,0,1,1
box_detour_open,oi_face_rot_anchor_mppi,17308,256,16,0,0,1,1,1,68,0.249456,0.328878,5.04047,0,0.934273,1.60689,0.280947,19.1044,21.0812,278528,1.2268,1.2703,0,0.281377,0,1,1
box_detour_open,oi_face_rot_anchor_mppi,17315,256,16,0,0,1,1,1,52,0.222675,0.138851,4.3345,0,0.97063,1.42218,0.318148,16.5437,18.3774,212992,1.185,1.3045,0,0.318827,0,1,1
box_detour_open,oi_face_rot_anchor_mppi,17322,256,16,0,0,1,1,1,56,0.243337,0.181717,4.54231,0,0.873747,1.26147,0.394454,22.0894,24.2911,229376,1.2488,1.3147,0,0.395093,0,1,1
box_detour_open,oi_face_rot_anchor_mppi,17329,256,16,0,0,1,1,1,54,0.24793,0.252264,5.21147,0,0.844824,1.14818,0.332417,17.9505,19.6935,221184,1.242,1.3469,0,0.333072,0,1,1
box_detour_open,oi_face_rot_anchor_mppi,17336,256,16,0,0,1,1,1,78,0.233448,0.0298417,5.70631,0,1.05068,2.09463,0.317733,24.7832,27.7117,319488,1.1026,1.3349,0,0.318308,0,1,1
box_detour_open,oi_face_rot_anchor_mppi,17343,256,16,0,0,1,1,1,65,0.226044,0.101142,5.11863,0,0.982642,1.56867,0.344092,22.366,24.9088,266240,1.2457,2.3269,0,0.344717,0,1,1
box_detour_open,oi_face_rot_anchor_mppi,17350,256,16,0,0,1,1,1,50,0.248314,0.331869,4.54303,0,1.04446,1.59072,0.352434,17.6217,19.5221,204800,1.1958,1.3148,0,0.353218,0,1,1
box_detour_open,oi_face_rot_anchor_mppi,17357,256,16,0,0,1,1,1,60,0.238997,0.144004,4.92745,0,1.01895,1.78042,0.389757,23.3854,25.4137,245760,1.2199,1.2539,0,0.390348,0,1,1
box_detour_open,oi_face_rot_anchor_mppi,17364,256,16,0,0,1,1,1,62,0.249341,0.0599095,5.11613,0,0.907441,1.29798,0.324229,20.1022,22.3323,253952,1.0477,1.3014,0,0.324805,0,1,1
box_detour_open,oi_face_rot_anchor_mppi,17371,256,16,0,0,1,1,1,55,0.237887,0.237429,5.2157,0,0.966074,1.48224,0.335645,18.4605,20.6136,225280,1.2235,1.4029,0,0.336322,0,1,1
box_detour_open,oi_face_rot_anchor_mppi,17378,256,16,0,0,1,1,1,61,0.222279,0.078502,4.9248,0,0.906049,1.31049,0.406357,24.7878,27.3559,249856,1.1536,1.2873,0,0.407013,0,1,1
box_detour_open,oi_face_rot_anchor_mppi,17385,256,16,0,0,1,1,1,59,0.236382,0.0297727,4.81848,0,0.965008,1.6925,0.332612,19.6241,22.3333,241664,1.0011,1.2408,0,0.333236,0,1,1
box_detour_open,oi_face_rot_anchor_mppi,17392,256,16,0,0,1,1,1,59,0.232875,0.144685,5.14264,0,0.953257,1.46538,0.326349,19.2546,21.6226,241664,1.0987,1.2535,0,0.327141,0,1,1
box_detour_open,oi_face_rot_anchor_mppi,17399,256,16,0,0,1,1,1,54,0.242871,0.338179,5.03539,0,0.852132,1.2084,0.283378,15.3024,17.466,221184,0.9796,1.2498,0,0.284141,0,1,1
box_detour_open,oi_face_rot_anchor_mppi,17406,256,16,0,0,1,1,1,58,0.243343,0.0561502,4.61581,0,0.84634,1.23789,0.368369,21.3654,23.6394,237568,1.2352,1.9561,0,0.369072,0,1,1
box_detour_open,oi_face_rot_anchor_mppi,17413,256,16,0,0,1,1,1,55,0.231053,0.167546,4.5389,0,0.850216,1.36834,0.322438,17.7341,19.8262,225280,1.119,1.3021,0,0.323127,0,1,1
box_detour_open,oi_face_rot_anchor_mppi,17420,256,16,0,0,1,1,1,89,0.228202,0.172578,6.81247,0,0.934032,1.60618,0.284397,25.3113,27.2769,364544,1.1211,1.2414,0,0.284709,0,1,1
box_detour_open,oi_face_rot_anchor_mppi,17427,256,16,0,0,1,1,1,52,0.209999,0.15314,4.48699,0,0.918462,1.46461,0.242915,12.6316,14.3601,212992,0.832,1.2291,0,0.243575,0,1,1
box_detour_open,oi_face_rot_anchor_mppi,17434,256,16,0,0,1,1,1,59,0.209882,0.032782,5.007,0,0.961318,1.60133,0.312778,18.4539,20.1282,241664,0.9989,1.2222,0,0.3133,0,1,1
box_detour_open,oi_face_rot_anchor_mppi,17441,256,16,0,0,1,1,1,56,0.248929,0.3275,5.16068,0,0.912556,1.4142,0.425354,23.8198,25.8351,229376,1.2723,1.3345,0,0.426009,0,1,1
box_detour_open,oi_face_rot_anchor_mppi,17448,256,16,0,0,1,1,1,65,0.101395,0.325805,4.71226,0,0.970644,1.43504,0.272908,17.739,20.2579,266240,0.5181,1.2238,0,0.273591,0,1,1
box_detour_open,oi_face_rot_anchor_mppi,17455,256,16,0,0,1,1,1,55,0.239628,0.212045,4.71452,0,0.887258,1.22429,0.3345,18.3975,20.1186,225280,1.2454,1.3375,0,0.335376,0,1,1
box_detour_open,oi_face_rot_anchor_mppi,17462,256,16,0,0,1,1,1,61,0.186009,0.0633236,4.38004,0,1.2411,2.64202,0.290953,17.7481,19.7043,249856,0.9265,1.2268,0,0.291523,0,1,1
box_detour_open,oi_face_rot_anchor_mppi,17469,256,16,0,0,1,1,1,57,0.237224,0.214827,5.04107,0,0.921913,1.51585,0.337089,19.2141,21.7988,233472,1.2621,1.3134,0,0.337904,0,1,1
box_detour_open,oi_face_rot_anchor_mppi,17476,256,16,0,0,1,1,1,57,0.232625,0.0598874,4.63242,0,0.92696,1.42602,0.33567,19.1332,20.9965,233472,1.2126,1.2353,0,0.336342,0,1,1
box_detour_open,oi_face_rot_anchor_mppi,17483,256,16,0,0,1,1,1,66,0.0566077,0.279966,4.45852,0,0.831264,1.13221,0.314515,20.758,23.9806,270336,0.8493,1.2256,0,0.315196,0,1,1
box_detour_open,oi_face_rot_anchor_mppi,17490,256,16,0,0,1,1,1,60,0.210802,0.248331,4.94405,0,0.948819,1.55429,0.360362,21.6217,23.6987,245760,1.1828,1.3043,0,0.360952,0,1,1
box_detour_open,oi_face_rot_anchor_mppi,17497,256,16,0,0,1,1,1,53,0.229801,0.317303,5.05319,0,0.84167,1.34544,0.284794,15.0941,16.8177,217088,0.8721,1.2686,0,0.285466,0,1,1
box_detour_open,oi_face_rot_anchor_mppi,17504,256,16,0,0,1,1,1,69,0.0718046,0.261439,5.08961,0,0.963885,1.67159,0.26799,18.4913,20.2539,282624,0.8366,1.2492,0,0.26849,0,1,1
box_detour_open,oi_face_rot_anchor_mppi,17511,256,16,0,0,1,1,1,56,0.234407,0.232477,5.293,0,0.854242,1.21255,0.371113,20.7823,22.6536,229376,1.321,1.3413,0,0.371887,0,1,1
box_detour_open,oi_face_rot_anchor_mppi,17518,256,16,0,0,1,1,1,63,0.200032,0.035766,4.59888,0,0.863443,1.24141,0.287987,18.1432,19.5847,258048,1.1925,1.3248,0,0.288397,0,1,1
box_detour_open,oi_face_rot_anchor_mppi,17525,256,16,0,0,1,1,1,59,0.237979,0.000426471,5.10648,0,0.940485,1.41485,0.260797,15.387,17.0713,241664,1.1232,1.2292,0,0.261285,0,1,1
box_detour_open,oi_face_rot_anchor_mppi,17532,256,16,0,0,1,1,1,61,0.24218,4.17038e-05,4.8999,0,0.897293,1.42187,0.35738,21.8002,24.3902,249856,1.2019,1.3299,0,0.358054,0,1,1
box_detour_open,oi_face_rot_anchor_mppi,17539,256,16,0,0,1,1,1,57,0.247625,0.0633942,4.93942,0,0.828972,1.12039,0.335482,19.1225,21.3984,233472,1.1531,1.2208,0,0.33627,0,1,1
box_detour_open,oi_face_rot_anchor_mppi,17546,256,16,0,0,1,1,1,58,0.16885,0.338341,4.76079,0,0.813637,1.36929,0.259479,15.0498,16.3037,237568,1.0253,1.3193,0,0.260031,0,1,1
box_detour_open,oi_face_rot_anchor_mppi,17553,256,16,0,0,1,1,1,49,0.243581,0.182961,4.59631,0,0.893203,1.19276,0.352357,17.2655,18.5728,200704,1.2424,1.3261,0,0.352998,0,1,1
box_detour_open,oi_face_rot_anchor_mppi,17560,256,16,0,0,1,1,1,64,0.240061,0.0308153,5.13841,0,0.912727,1.36269,0.379014,24.2569,25.769,262144,1.2129,1.2855,0,0.3795,0,1,1
box_detour_open,oi_face_rot_anchor_mppi,17567,256,16,0,0,1,1,1,57,0.199706,0.226984,4.91124,0,0.906125,1.34313,0.300181,17.1103,18.3747,233472,1.2288,1.332,0,0.300614,0,1,1
box_detour_open,oi_face_rot_anchor_mppi,17574,256,16,0,0,1,1,1,71,0.198117,0.339608,5.93055,0,0.89875,1.27807,0.299406,21.2578,23.2146,290816,0.8005,1.2371,0,0.299983,0,1,1
box_detour_open,oi_face_rot_anchor_mppi,17581,256,16,0,0,1,1,1,63,0.212952,0.0306142,5.34998,0,0.904459,1.49912,0.335498,21.1364,23.1429,258048,1.1904,1.3148,0,0.336135,0,1,1
box_detour_open,oi_face_rot_anchor_mppi,17588,256,16,0,0,1,1,1,64,0.241725,0.052849,5.11369,0,0.852311,1.34773,0.368934,23.6118,25.4633,262144,1.2086,1.2491,0,0.369494,0,1,1
box_detour_open,oi_face_rot_anchor_mppi,17595,256,16,0,0,1,1,1,59,0.243594,0.233378,4.70993,0,0.767519,1.04206,0.290303,17.1279,18.6949,241664,1.0115,1.2803,0,0.291052,0,1,1
box_detour_open,oi_face_rot_anchor_mppi,17602,256,16,0,0,1,1,1,64,0.214352,0.256874,6.21339,0,1.21644,2.15861,0.334969,21.438,23.4822,262144,1.2306,1.2939,0,0.335612,0,1,1
box_detour_open,oi_face_rot_anchor_mppi,17609,256,16,0,0,1,1,1,52,0.235426,0.335442,4.41724,0,0.933977,1.36262,0.315617,16.4121,18.3286,212992,0.9959,1.2207,0,0.316371,0,1,1
box_detour_open,oi_face_rot_anchor_mppi,17616,256,16,0,0,1,1,1,54,0.241727,0.324555,4.81488,0,0.819783,1.13959,0.265718,14.3488,15.7887,221184,1.0844,1.2617,0,0.266339,0,1,1
box_detour_open,oi_face_rot_anchor_mppi,17623,256,16,0,0,1,1,1,60,0.215642,0.0509227,5.45092,0,1.01459,1.77204,0.355657,21.3394,23.2176,245760,1.1994,1.2545,0,0.356292,0,1,1
box_detour_open,oi_face_rot_anchor_mppi,17630,256,16,0,0,1,1,1,49,0.239632,0.0666326,4.13899,0,1.06005,2.08474,0.328582,16.1005,17.3999,200704,1.0936,1.3146,0,0.329125,0,1,1
box_detour_open,oi_face_rot_anchor_mppi,17637,256,16,0,0,1,1,1,56,0.240469,0.318115,5.14902,0,0.893442,1.26401,0.276596,15.4894,16.5625,229376,1.2137,1.2285,0,0.277005,0,1,1
box_detour_open,oi_face_rot_anchor_mppi,17644,256,16,0,0,1,1,1,49,0.245237,0.341831,4.58985,0,0.851948,1.22233,0.301335,14.7654,16.4127,200704,1.0903,1.3213,0,0.30198,0,1,1
box_detour_open,oi_face_rot_anchor_mppi,17651,256,16,0,0,1,1,1,56,0.249018,0.107551,4.84711,0,1.00838,1.54439,0.354927,19.8759,22.0214,229376,1.1928,1.2079,0,0.355662,0,1,1
box_detour_open,oi_face_rot_anchor_mppi,17658,256,16,0,0,1,1,1,56,0.232343,0.30397,5.19161,0,0.944179,1.41932,0.312875,17.521,19.2377,229376,1.2858,1.3246,0,0.31355,0,1,1
box_detour_open,oi_face_rot_anchor_mppi,17665,256,16,0,0,1,1,1,65,0.221935,0.179832,5.01862,0,1.0679,1.89715,0.299397,19.4608,21.7227,266240,0.9536,1.214,0,0.300065,0,1,1
box_detour_open,oi_face_rot_anchor_mppi,17672,256,16,0,0,1,1,1,64,0.241483,0.121539,5.45007,0,0.954105,1.43877,0.344824,22.0687,24.4608,262144,1.2169,1.3325,0,0.345594,0,1,1
box_detour_open,oi_face_rot_anchor_mppi,17679,256,16,0,0,1,1,1,57,0.218021,0.297059,5.04654,0,0.887428,1.40807,0.296261,16.8869,18.6282,233472,1.2236,1.2622,0,0.296928,0,1,1
box_detour_open,oi_face_rot_anchor_mppi,17686,256,16,0,0,1,1,1,65,0.164206,0.315256,4.89768,0,0.903963,1.30435,0.376743,24.4883,26.3519,266240,1.2271,1.3088,0,0.377375,0,1,1
box_detour_open,oi_face_rot_anchor_mppi,17693,256,16,0,0,1,1,1,56,0.247112,0.0188377,4.63146,0,0.908131,1.21727,0.286284,16.0319,17.8875,229376,0.9433,1.2909,0,0.286866,0,1,1
box_detour_open,oi_face_rot_anchor_mppi,17700,256,16,0,0,1,1,1,67,0.245583,0.0643246,5.34401,0,0.92517,1.51871,0.360401,24.1469,25.9977,274432,1.2241,1.341,0,0.361049,0,1,1
box_detour_open,oi_face_rot_anchor_mppi,17707,256,16,0,0,1,1,1,51,0.241715,0.0925,5.11974,0,0.95996,1.46451,0.317763,16.2059,18.1709,208896,1.0089,1.1978,0,0.319182,0,1,1
box_detour_open,oi_face_rot_anchor_mppi,17714,256,16,0,0,1,1,1,59,0.229182,0.185234,5.46343,0,0.985023,1.66878,0.284229,16.7695,18.1596,241664,1.218,1.3344,0,0.284761,0,1,1
box_detour_open,oi_face_rot_anchor_mppi,17721,256,16,0,0,1,1,1,60,0.236362,0.0397901,4.95809,0,1.11364,1.93432,0.30734,18.4404,20.2129,245760,0.9407,1.2432,0,0.307923,0,1,1
box_detour_open,oi_face_rot_anchor_mppi,17728,256,16,0,0,1,1,1,52,0.235944,0.276888,4.70199,0,0.997064,1.43822,0.378219,19.6674,21.6503,212992,1.2287,1.3186,0,0.379067,0,1,1
box_detour_open,oi_face_rot_anchor_mppi,17735,256,16,0,0,1,1,1,50,0.24205,0.0280848,4.69463,0,0.840674,1.21261,0.214236,10.7118,12.187,204800,0.3706,1.2971,0,0.214806,0,1,1
box_detour_open,oi_face_rot_anchor_mppi,17742,256,16,0,0,1,1,1,57,0.231071,0.200282,4.86555,0,0.947774,1.55633,0.331409,18.8903,20.7939,233472,1.2974,1.3125,0,0.332032,0,1,1
box_detour_open,oi_face_rot_anchor_mppi,17749,256,16,0,0,1,1,1,63,0.225353,0.0484833,5.20183,0,0.93155,1.55024,0.448852,28.2777,30.6472,258048,1.2373,1.3033,0,0.449402,0,1,1
box_detour_open,oi_face_rot_pstall_mppi,17056,256,16,0,0,1,1,1,59,0.214109,0.0245415,4.93538,0,0.999252,1.82759,0.351541,20.7409,22.1746,241664,1.207,1.3185,0,0.35198,0,1,1
box_detour_open,oi_face_rot_pstall_mppi,17063,256,16,0,0,1,1,1,59,0.2383,0.0716874,4.904,0,0.969441,1.71508,0.378256,22.3171,25.3379,241664,1.1621,1.3123,0,0.379125,0,1,1
box_detour_open,oi_face_rot_pstall_mppi,17070,256,16,0,0,1,1,1,64,0.234023,0.0727315,5.27131,0,0.909684,1.53779,0.429244,27.4716,29.6266,262144,1.2378,1.3173,0,0.429919,0,1,1
box_detour_open,oi_face_rot_pstall_mppi,17077,256,16,0,0,1,1,1,65,0.244517,0.162336,5.2355,0,0.875185,1.46659,0.419754,27.284,29.6105,266240,1.2269,1.2954,0,0.420391,0,1,1
box_detour_open,oi_face_rot_pstall_mppi,17084,256,16,0,0,1,1,1,67,0.209003,0.289453,4.84758,0,1.61879,4.81159,0.265491,17.7879,19.7455,274432,0.9246,1.2586,0,0.266039,0,1,1
box_detour_open,oi_face_rot_pstall_mppi,17091,256,16,0,0,1,1,1,58,0.227324,0.257449,4.89884,0,1.11261,2.31012,0.392398,22.7591,24.5618,237568,1.2342,1.3166,0,0.392943,0,1,1
box_detour_open,oi_face_rot_pstall_mppi,17098,256,16,0,0,1,1,1,54,0.209058,0.0233766,5.04068,0,0.975034,1.30708,0.316139,17.0715,18.394,221184,1.228,1.2435,0,0.316641,0,1,1
box_detour_open,oi_face_rot_pstall_mppi,17105,256,16,0,0,1,1,1,49,0.238894,0.267984,4.62154,0,0.798732,1.02059,0.349643,17.1325,18.6688,200704,1.2536,1.3166,0,0.350482,0,1,1
box_detour_open,oi_face_rot_pstall_mppi,17112,256,16,0,0,1,1,1,54,0.211865,0.00405839,4.27208,0,0.985009,1.54894,0.297565,16.0685,17.4638,221184,1.2288,1.3385,0,0.2981,0,1,1
box_detour_open,oi_face_rot_pstall_mppi,17119,256,16,0,0,1,1,1,60,0.244151,0.0719423,4.71772,0,0.808749,1.14903,0.4029,24.174,25.6994,245760,1.2163,1.3195,0,0.40336,0,1,1
box_detour_open,oi_face_rot_pstall_mppi,17126,256,16,0,0,1,1,1,57,0.246445,0.26214,4.98397,0,0.936777,1.31982,0.310102,17.6758,18.8549,233472,1.2358,1.2568,0,0.310546,0,1,1
box_detour_open,oi_face_rot_pstall_mppi,17133,256,16,0,0,1,1,1,46,0.227534,0.0230498,4.55001,0,0.949144,1.47195,0.320765,14.7552,15.9562,188416,1.1907,1.3477,0,0.321393,0,1,1
box_detour_open,oi_face_rot_pstall_mppi,17140,256,16,0,0,1,1,1,52,0.217082,0.325005,4.61161,0,0.830165,1.11285,0.153373,7.9754,8.9941,212992,0.2019,0.3412,0,0.153804,0,1,1
box_detour_open,oi_face_rot_pstall_mppi,17147,256,16,0,0,1,1,1,61,0.24463,0.0573416,5.14813,0,1.45456,3.83786,0.281321,17.1606,18.518,249856,1.2716,1.3514,0,0.281708,0,1,1
box_detour_open,oi_face_rot_pstall_mppi,17154,256,16,0,0,1,1,1,51,0.235453,0.133566,4.92834,0,0.942697,1.35237,0.342445,17.4647,18.5407,208896,1.2357,1.2568,0,0.34288,0,1,1
box_detour_open,oi_face_rot_pstall_mppi,17161,256,16,0,0,1,1,1,56,0.239348,0.279249,4.65873,0,0.88517,1.36548,0.272234,15.2451,16.5071,229376,1.2266,1.3238,0,0.272613,0,1,1
box_detour_open,oi_face_rot_pstall_mppi,17168,256,16,0,0,1,1,1,51,0.243049,0.273501,4.58932,0,0.787448,1.09896,0.484792,24.7244,25.8646,208896,1.2311,1.3289,0,0.485388,0,1,1
box_detour_open,oi_face_rot_pstall_mppi,17175,256,16,0,0,1,1,1,55,0.243885,0.246368,4.88552,0,0.934259,1.34146,0.302629,16.6446,17.7404,225280,1.2307,1.3334,0,0.303009,0,1,1
box_detour_open,oi_face_rot_pstall_mppi,17182,256,16,0,0,1,1,1,66,0.237253,0.070604,4.63143,0,1.08422,2.12594,0.403902,26.6575,28.7841,270336,1.2307,1.2594,0,0.404495,0,1,1
box_detour_open,oi_face_rot_pstall_mppi,17189,256,16,0,0,1,1,1,59,0.244896,0.00606968,4.53927,0,0.852588,1.3,0.392371,23.1499,25.1423,241664,1.337,1.3563,0,0.392864,0,1,1
box_detour_open,oi_face_rot_pstall_mppi,17196,256,16,0,0,1,1,1,98,0.249112,0.15718,6.17445,0,0.884247,1.4065,0.38483,37.7133,40.1824,401408,1.2573,1.3158,0,0.385267,0,1,1
box_detour_open,oi_face_rot_pstall_mppi,17203,256,16,0,0,1,1,1,66,0.249681,0.284237,4.72325,0,0.946591,1.68976,0.305794,20.1824,21.8698,270336,1.013,1.2427,0,0.306314,0,1,1
box_detour_open,oi_face_rot_pstall_mppi,17210,256,16,0,0,1,1,1,51,0.248676,0.325702,4.55252,0,0.847302,1.19632,0.299502,15.2746,16.2658,208896,1.2219,1.295,0,0.29998,0,1,1
box_detour_open,oi_face_rot_pstall_mppi,17217,256,16,0,0,1,1,1,60,0.236093,0.205191,5.32211,0,0.958788,1.5939,0.392643,23.5586,25.4868,245760,1.201,1.3287,0,0.393208,0,1,1
box_detour_open,oi_face_rot_pstall_mppi,17224,256,16,0,0,1,1,1,63,0.205161,0.0432738,4.75084,0,0.941878,1.50249,0.512182,32.2675,33.9955,258048,1.2248,1.3103,0,0.512689,0,1,1
box_detour_open,oi_face_rot_pstall_mppi,17231,256,16,0,0,1,1,1,62,0.245613,0.056124,4.76938,0,0.811035,1.07721,0.307066,19.0381,20.858,253952,1.0271,1.2287,0,0.307618,0,1,1
box_detour_open,oi_face_rot_pstall_mppi,17238,256,16,0,0,1,1,1,48,0.24968,0.23437,4.46926,0,0.802234,0.990855,0.425508,20.4244,21.9982,196608,1.233,1.2542,0,0.426162,0,1,1
box_detour_open,oi_face_rot_pstall_mppi,17245,256,16,0,0,1,1,1,62,0.207228,0.312634,4.92353,0,1.35449,3.2603,0.370811,22.9903,24.9329,253952,1.133,1.3001,0,0.371352,0,1,1
box_detour_open,oi_face_rot_pstall_mppi,17252,256,16,0,0,1,1,1,59,0.220351,0.317172,4.99459,0,1.05674,1.91809,0.308844,18.2218,19.8542,241664,1.2152,1.3078,0,0.30943,0,1,1
box_detour_open,oi_face_rot_pstall_mppi,17259,256,16,0,0,1,1,1,52,0.246361,0.219716,4.41534,0,0.845394,1.21672,0.391352,20.3503,21.9285,212992,1.2186,1.3046,0,0.391906,0,1,1
box_detour_open,oi_face_rot_pstall_mppi,17266,256,16,0,0,1,1,1,67,0.220788,0.0054041,5.65035,0,0.922646,1.66154,0.380378,25.4853,27.6897,274432,1.2319,1.3262,0,0.380916,0,1,1
box_detour_open,oi_face_rot_pstall_mppi,17273,256,16,0,0,1,1,1,73,0.227257,0.269841,6.49991,0,1.08608,2.05489,0.385756,28.1602,30.232,299008,1.256,1.3221,0,0.386353,0,1,1
box_detour_open,oi_face_rot_pstall_mppi,17280,256,16,0,0,1,1,1,70,0.245904,0.269314,5.67586,0,1.01804,1.69448,0.371193,25.9835,27.9624,286720,1.2528,1.3558,0,0.371743,0,1,1
box_detour_open,oi_face_rot_pstall_mppi,17287,256,16,0,0,1,1,1,71,0.232501,0.153487,5.41834,0,0.914925,1.40571,0.339918,24.1342,26.3393,290816,1.2417,1.3083,0,0.340568,0,1,1
box_detour_open,oi_face_rot_pstall_mppi,17294,256,16,0,0,1,1,1,44,0.245715,0.157541,4.61011,0,1.09374,1.73367,0.329364,14.492,16.061,180224,1.1972,1.2279,0,0.330014,0,1,1
box_detour_open,oi_face_rot_pstall_mppi,17301,256,16,0,0,1,1,1,69,0.118557,0.304186,5.20874,0,0.84596,1.15279,0.427136,29.4724,31.9985,282624,1.2278,1.2981,0,0.427701,0,1,1
box_detour_open,oi_face_rot_pstall_mppi,17308,256,16,0,0,1,1,1,68,0.249456,0.328878,5.04047,0,0.934273,1.60689,0.416215,28.3026,30.6448,278528,1.2352,1.2653,0,0.416847,0,1,1
box_detour_open,oi_face_rot_pstall_mppi,17315,256,16,0,0,1,1,1,52,0.222675,0.138851,4.3345,0,0.97063,1.42218,0.3245,16.874,18.7675,212992,1.0946,1.3248,0,0.325521,0,1,1
box_detour_open,oi_face_rot_pstall_mppi,17322,256,16,0,0,1,1,1,56,0.243337,0.181717,4.54231,0,0.873747,1.26147,0.342614,19.1864,20.6147,229376,1.2038,1.2575,0,0.343095,0,1,1
box_detour_open,oi_face_rot_pstall_mppi,17329,256,16,0,0,1,1,1,54,0.24793,0.252264,5.21147,0,0.844824,1.14818,0.420246,22.6933,24.3178,221184,1.2015,1.3207,0,0.420781,0,1,1
box_detour_open,oi_face_rot_pstall_mppi,17336,256,16,0,0,1,1,1,78,0.233448,0.0298417,5.70631,0,1.05068,2.09463,0.361178,28.1719,30.6047,319488,1.2499,1.315,0,0.36164,0,1,1
box_detour_open,oi_face_rot_pstall_mppi,17343,256,16,0,0,1,1,1,65,0.226044,0.101142,5.11863,0,0.982642,1.56867,0.293862,19.101,20.4151,266240,1.1956,1.2529,0,0.294274,0,1,1
box_detour_open,oi_face_rot_pstall_mppi,17350,256,16,0,0,1,1,1,50,0.248314,0.331869,4.54303,0,1.04446,1.59072,0.449934,22.4967,24.0138,204800,1.2227,1.3116,0,0.450526,0,1,1
box_detour_open,oi_face_rot_pstall_mppi,17357,256,16,0,0,1,1,1,60,0.238997,0.144004,4.92745,0,1.01895,1.78042,0.324332,19.4599,20.8269,245760,1.1164,1.3351,0,0.324775,0,1,1
box_detour_open,oi_face_rot_pstall_mppi,17364,256,16,0,0,1,1,1,62,0.249341,0.0599095,5.11613,0,0.907441,1.29798,0.350426,21.7264,23.2117,253952,1.2199,1.2513,0,0.350818,0,1,1
box_detour_open,oi_face_rot_pstall_mppi,17371,256,16,0,0,1,1,1,55,0.237887,0.237429,5.2157,0,0.966074,1.48224,0.334231,18.3827,19.8374,225280,1.2016,1.2548,0,0.334722,0,1,1
box_detour_open,oi_face_rot_pstall_mppi,17378,256,16,0,0,1,1,1,61,0.222279,0.078502,4.9248,0,0.906049,1.31049,0.445815,27.1947,28.9756,249856,1.2514,1.265,0,0.446402,0,1,1
box_detour_open,oi_face_rot_pstall_mppi,17385,256,16,0,0,1,1,1,59,0.236382,0.0297727,4.81848,0,0.965008,1.6925,0.428585,25.2865,26.9909,241664,1.2239,1.3344,0,0.429081,0,1,1
box_detour_open,oi_face_rot_pstall_mppi,17392,256,16,0,0,1,1,1,59,0.232875,0.144685,5.14264,0,0.953257,1.46538,0.576788,34.0305,36.7235,241664,1.2218,1.2391,0,0.577371,0,1,1
box_detour_open,oi_face_rot_pstall_mppi,17399,256,16,0,0,1,1,1,54,0.242871,0.338179,5.03539,0,0.852132,1.2084,0.303074,16.366,17.9316,221184,1.0301,1.2623,0,0.303539,0,1,1
box_detour_open,oi_face_rot_pstall_mppi,17406,256,16,0,0,1,1,1,58,0.243343,0.0561502,4.61581,0,0.84634,1.23789,0.157833,9.1543,10.4604,237568,0.1832,0.4577,0,0.158212,0,1,1
box_detour_open,oi_face_rot_pstall_mppi,17413,256,16,0,0,1,1,1,55,0.231053,0.167546,4.5389,0,0.850216,1.36834,0.212136,11.6675,12.902,225280,0.7416,1.2217,0,0.212565,0,1,1
box_detour_open,oi_face_rot_pstall_mppi,17420,256,16,0,0,1,1,1,85,0.18131,0.0720492,6.37418,0,0.834762,1.3235,0.319977,27.198,29.8128,348160,1.1998,1.3386,0,0.320433,0,1,1
box_detour_open,oi_face_rot_pstall_mppi,17427,256,16,0,0,1,1,1,52,0.209999,0.15314,4.48699,0,0.918462,1.46461,0.455052,23.6627,24.8293,212992,1.3041,1.3237,0,0.455527,0,1,1
box_detour_open,oi_face_rot_pstall_mppi,17434,256,16,0,0,1,1,1,59,0.209882,0.032782,5.007,0,0.961318,1.60133,0.295536,17.4366,19.5074,241664,1.1861,1.229,0,0.29602,0,1,1
box_detour_open,oi_face_rot_pstall_mppi,17441,256,16,0,0,1,1,1,56,0.248929,0.3275,5.16068,0,0.912556,1.4142,0.436134,24.4235,26.3136,229376,1.2194,1.2933,0,0.436659,0,1,1
box_detour_open,oi_face_rot_pstall_mppi,17448,256,16,0,0,1,1,1,65,0.101395,0.325805,4.71226,0,0.970644,1.43504,0.363375,23.6194,25.8418,266240,1.197,1.2801,0,0.363972,0,1,1
box_detour_open,oi_face_rot_pstall_mppi,17455,256,16,0,0,1,1,1,55,0.239628,0.212045,4.71452,0,0.887258,1.22429,0.204993,11.2746,12.8627,225280,0.2985,1.2406,0,0.205509,0,1,1
box_detour_open,oi_face_rot_pstall_mppi,17462,256,16,0,0,1,1,1,61,0.186009,0.0633236,4.38004,0,1.2411,2.64202,0.172462,10.5202,11.9307,249856,0.2935,0.5919,0,0.172882,0,1,1
box_detour_open,oi_face_rot_pstall_mppi,17469,256,16,0,0,1,1,1,57,0.237224,0.214827,5.04107,0,0.921913,1.51585,0.268132,15.2835,16.931,233472,1.2316,1.2373,0,0.268675,0,1,1
box_detour_open,oi_face_rot_pstall_mppi,17476,256,16,0,0,1,1,1,57,0.232625,0.0598874,4.63242,0,0.92696,1.42602,0.45834,26.1254,27.5393,233472,1.2936,1.3135,0,0.458847,0,1,1
box_detour_open,oi_face_rot_pstall_mppi,17483,256,16,0,0,1,1,1,66,0.0566077,0.279966,4.45852,0,0.831264,1.13221,0.426371,28.1405,29.9124,270336,1.2285,1.307,0,0.426841,0,1,1
box_detour_open,oi_face_rot_pstall_mppi,17490,256,16,0,0,1,1,1,60,0.210802,0.248331,4.94405,0,0.948819,1.55429,0.384377,23.0626,24.6489,245760,1.2206,1.3372,0,0.384813,0,1,1
box_detour_open,oi_face_rot_pstall_mppi,17497,256,16,0,0,1,1,1,53,0.229801,0.317303,5.05319,0,0.84167,1.34544,0.339794,18.0091,19.1441,217088,1.295,1.3261,0,0.340334,0,1,1
box_detour_open,oi_face_rot_pstall_mppi,17504,256,16,0,0,1,1,1,69,0.0718046,0.261439,5.08961,0,0.963885,1.67159,0.396777,27.3776,28.6313,282624,1.2479,1.3298,0,0.397158,0,1,1
box_detour_open,oi_face_rot_pstall_mppi,17511,256,16,0,0,1,1,1,56,0.234407,0.232477,5.293,0,0.854242,1.21255,0.427179,23.922,25.2206,229376,1.2486,1.3333,0,0.427645,0,1,1
box_detour_open,oi_face_rot_pstall_mppi,17518,256,16,0,0,1,1,1,63,0.200032,0.035766,4.59888,0,0.863443,1.24141,0.356865,22.4825,23.7555,258048,1.2151,1.2538,0,0.357271,0,1,1
box_detour_open,oi_face_rot_pstall_mppi,17525,256,16,0,0,1,1,1,59,0.237979,0.000426471,5.10648,0,0.940485,1.41485,0.343085,20.242,21.9713,241664,1.1333,1.3278,0,0.343654,0,1,1
box_detour_open,oi_face_rot_pstall_mppi,17532,256,16,0,0,1,1,1,61,0.24218,4.17038e-05,4.8999,0,0.897293,1.42187,0.454889,27.7482,31.475,249856,1.2169,1.2918,0,0.455452,0,1,1
box_detour_open,oi_face_rot_pstall_mppi,17539,256,16,0,0,1,1,1,57,0.247625,0.0633942,4.93942,0,0.828972,1.12039,0.413993,23.5976,25.1249,233472,1.2516,1.3297,0,0.414425,0,1,1
box_detour_open,oi_face_rot_pstall_mppi,17546,256,16,0,0,1,1,1,58,0.16885,0.338341,4.76079,0,0.813637,1.36929,0.31829,18.4608,19.5838,237568,1.226,1.2594,0,0.318717,0,1,1
box_detour_open,oi_face_rot_pstall_mppi,17553,256,16,0,0,1,1,1,49,0.243581,0.182961,4.59631,0,0.893203,1.19276,0.429341,21.0377,22.2078,200704,1.2471,1.3298,0,0.429876,0,1,1
box_detour_open,oi_face_rot_pstall_mppi,17560,256,16,0,0,1,1,1,64,0.240061,0.0308153,5.13841,0,0.912727,1.36269,0.320672,20.523,21.9485,262144,1.2106,1.3237,0,0.321211,0,1,1
box_detour_open,oi_face_rot_pstall_mppi,17567,256,16,0,0,1,1,1,57,0.199706,0.226984,4.91124,0,0.906125,1.34313,0.310642,17.7066,19.1924,233472,1.2329,1.3303,0,0.311193,0,1,1
box_detour_open,oi_face_rot_pstall_mppi,17574,256,16,0,0,1,1,1,71,0.198117,0.339608,5.93055,0,0.89875,1.27807,0.259142,18.3991,20.1849,290816,0.7948,1.2413,0,0.259663,0,1,1
box_detour_open,oi_face_rot_pstall_mppi,17581,256,16,0,0,1,1,1,63,0.212952,0.0306142,5.34998,0,0.904459,1.49912,0.366536,23.0918,25.0383,258048,1.2305,1.3046,0,0.367011,0,1,1
box_detour_open,oi_face_rot_pstall_mppi,17588,256,16,0,0,1,1,1,64,0.241725,0.052849,5.11369,0,0.852311,1.34773,0.301261,19.2807,21.1499,262144,0.9585,1.2363,0,0.301777,0,1,1
box_detour_open,oi_face_rot_pstall_mppi,17595,256,16,0,0,1,1,1,59,0.243594,0.233378,4.70993,0,0.767519,1.04206,0.319156,18.8302,20.6372,241664,1.2239,1.294,0,0.319669,0,1,1
box_detour_open,oi_face_rot_pstall_mppi,17602,256,16,0,0,1,1,1,64,0.214352,0.256874,6.21339,0,1.21644,2.15861,0.398347,25.4942,27.314,262144,1.2116,1.2919,0,0.398856,0,1,1
box_detour_open,oi_face_rot_pstall_mppi,17609,256,16,0,0,1,1,1,52,0.235426,0.335442,4.41724,0,0.933977,1.36262,0.543512,28.2626,31.3077,212992,1.2188,1.3156,0,0.54415,0,1,1
box_detour_open,oi_face_rot_pstall_mppi,17616,256,16,0,0,1,1,1,54,0.241727,0.324555,4.81488,0,0.819783,1.13959,0.393393,21.2432,22.6565,221184,1.1972,1.2823,0,0.394043,0,1,1
box_detour_open,oi_face_rot_pstall_mppi,17623,256,16,0,0,1,1,1,60,0.215642,0.0509227,5.45092,0,1.01459,1.77204,0.349183,20.951,22.6674,245760,1.052,1.3208,0,0.34955,0,1,1
box_detour_open,oi_face_rot_pstall_mppi,17630,256,16,0,0,1,1,1,49,0.239632,0.0666326,4.13899,0,1.06005,2.08474,0.345933,16.9507,18.5786,200704,1.031,1.3128,0,0.3465,0,1,1
box_detour_open,oi_face_rot_pstall_mppi,17637,256,16,0,0,1,1,1,56,0.240469,0.318115,5.14902,0,0.893442,1.26401,0.37067,20.7575,22.5123,229376,1.2236,1.2434,0,0.371212,0,1,1
box_detour_open,oi_face_rot_pstall_mppi,17644,256,16,0,0,1,1,1,49,0.245237,0.341831,4.58985,0,0.851948,1.22233,0.377271,18.4863,19.8671,200704,1.2248,1.3098,0,0.377914,0,1,1
box_detour_open,oi_face_rot_pstall_mppi,17651,256,16,0,0,1,1,1,56,0.249018,0.107551,4.84711,0,1.00838,1.54439,0.504154,28.2326,32.275,229376,1.1658,1.2414,0,0.504716,0,1,1
box_detour_open,oi_face_rot_pstall_mppi,17658,256,16,0,0,1,1,1,56,0.232343,0.30397,5.19161,0,0.944179,1.41932,0.376275,21.0714,22.3835,229376,1.2481,1.3249,0,0.376761,0,1,1
box_detour_open,oi_face_rot_pstall_mppi,17665,256,16,0,0,1,1,1,65,0.221935,0.179832,5.01862,0,1.0679,1.89715,0.381317,24.7856,26.652,266240,1.2345,1.3148,0,0.381891,0,1,1
box_detour_open,oi_face_rot_pstall_mppi,17672,256,16,0,0,1,1,1,64,0.241483,0.121539,5.45007,0,0.954105,1.43877,0.250225,16.0144,17.4663,262144,0.8567,1.2619,0,0.250816,0,1,1
box_detour_open,oi_face_rot_pstall_mppi,17679,256,16,0,0,1,1,1,57,0.218021,0.297059,5.04654,0,0.887428,1.40807,0.419388,23.9051,25.4045,233472,1.2433,1.3063,0,0.419888,0,1,1
box_detour_open,oi_face_rot_pstall_mppi,17686,256,16,0,0,1,1,1,65,0.164206,0.315256,4.89768,0,0.903963,1.30435,0.358974,23.3333,24.7911,266240,1.1982,1.2718,0,0.359458,0,1,1
box_detour_open,oi_face_rot_pstall_mppi,17693,256,16,0,0,1,1,1,56,0.247112,0.0188377,4.63146,0,0.908131,1.21727,0.210855,11.8079,12.9046,229376,0.7111,1.2699,0,0.211193,0,1,1
box_detour_open,oi_face_rot_pstall_mppi,17700,256,16,0,0,1,1,1,67,0.245583,0.0643246,5.34401,0,0.92517,1.51871,0.347099,23.2556,25.2949,274432,1.1964,1.3443,0,0.347858,0,1,1
box_detour_open,oi_face_rot_pstall_mppi,17707,256,16,0,0,1,1,1,51,0.241715,0.0925,5.11974,0,0.95996,1.46451,0.327347,16.6947,17.6427,208896,1.2308,1.2619,0,0.327761,0,1,1
box_detour_open,oi_face_rot_pstall_mppi,17714,256,16,0,0,1,1,1,59,0.229182,0.185234,5.46343,0,0.985023,1.66878,0.305958,18.0515,19.1928,241664,1.2108,1.2955,0,0.306419,0,1,1
box_detour_open,oi_face_rot_pstall_mppi,17721,256,16,0,0,1,1,1,60,0.236362,0.0397901,4.95809,0,1.11364,1.93432,0.452572,27.1543,28.7755,245760,1.2358,1.3332,0,0.453072,0,1,1
box_detour_open,oi_face_rot_pstall_mppi,17728,256,16,0,0,1,1,1,52,0.235944,0.276888,4.70199,0,0.997064,1.43822,0.456888,23.7582,25.2478,212992,1.2261,1.3393,0,0.457446,0,1,1
box_detour_open,oi_face_rot_pstall_mppi,17735,256,16,0,0,1,1,1,50,0.239979,0.0291465,4.694,0,0.840013,1.21203,0.33007,16.5035,17.7934,204800,1.201,1.319,0,0.330618,0,1,1
box_detour_open,oi_face_rot_pstall_mppi,17742,256,16,0,0,1,1,1,57,0.231071,0.200282,4.86555,0,0.947774,1.55633,0.454418,25.9018,27.3719,233472,1.2465,1.3488,0,0.454972,0,1,1
box_detour_open,oi_face_rot_pstall_mppi,17749,256,16,0,0,1,1,1,63,0.225353,0.0484833,5.20183,0,0.93155,1.55024,0.361846,22.7963,24.6105,258048,1.2405,1.3013,0,0.362598,0,1,1
box_detour_open,oi_face_rot_wide_mppi,17056,256,16,0,0,1,1,1,59,0.214109,0.0245415,4.93538,0,0.999252,1.82759,0.305975,18.0525,19.1003,241664,1.1216,1.327,0,0.306354,0,1,1
box_detour_open,oi_face_rot_wide_mppi,17063,256,16,0,0,1,1,1,59,0.2383,0.0716874,4.904,0,0.969441,1.71508,0.347386,20.4958,21.9454,241664,1.2545,1.3107,0,0.34779,0,1,1
box_detour_open,oi_face_rot_wide_mppi,17070,256,16,0,0,1,1,1,64,0.234023,0.0727315,5.27131,0,0.909684,1.53779,0.369156,23.626,25.3622,262144,1.228,1.2598,0,0.369791,0,1,1
box_detour_open,oi_face_rot_wide_mppi,17077,256,16,0,0,1,1,1,65,0.244517,0.162336,5.2355,0,0.875185,1.46659,0.387437,25.1834,26.6239,266240,1.2459,1.3291,0,0.38804,0,1,1
box_detour_open,oi_face_rot_wide_mppi,17084,256,16,0,0,1,1,1,67,0.209003,0.289453,4.84758,0,1.61879,4.81159,0.380489,25.4928,26.9378,274432,1.2058,1.2341,0,0.380945,0,1,1
box_detour_open,oi_face_rot_wide_mppi,17091,256,16,0,0,1,1,1,58,0.227324,0.257449,4.89884,0,1.11261,2.31012,0.278472,16.1514,17.8934,237568,1.0629,1.24,0,0.278978,0,1,1
box_detour_open,oi_face_rot_wide_mppi,17098,256,16,0,0,1,1,1,54,0.209058,0.0233766,5.04068,0,0.975034,1.30708,0.353739,19.1019,20.4152,221184,1.2413,1.3324,0,0.354239,0,1,1
box_detour_open,oi_face_rot_wide_mppi,17105,256,16,0,0,1,1,1,49,0.238894,0.267984,4.62154,0,0.798732,1.02059,0.460853,22.5818,23.9382,200704,1.2219,1.3328,0,0.461408,0,1,1
box_detour_open,oi_face_rot_wide_mppi,17112,256,16,0,0,1,1,1,54,0.211865,0.00405839,4.27208,0,0.985009,1.54894,0.281935,15.2245,17.1001,221184,1.1036,1.2449,0,0.282435,0,1,1
box_detour_open,oi_face_rot_wide_mppi,17119,256,16,0,0,1,1,1,60,0.244151,0.0719423,4.71772,0,0.808749,1.14903,0.431628,25.8977,27.4048,245760,1.2213,1.3187,0,0.432135,0,1,1
box_detour_open,oi_face_rot_wide_mppi,17126,256,16,0,0,1,1,1,57,0.246445,0.26214,4.98397,0,0.936777,1.31982,0.377467,21.5156,23.1227,233472,1.2422,1.332,0,0.378107,0,1,1
box_detour_open,oi_face_rot_wide_mppi,17133,256,16,0,0,1,1,1,46,0.227534,0.0230498,4.55001,0,0.949144,1.47195,0.289015,13.2947,14.2951,188416,1.122,1.3438,0,0.289963,0,1,1
box_detour_open,oi_face_rot_wide_mppi,17140,256,16,0,0,1,1,1,52,0.217082,0.325005,4.61161,0,0.830165,1.11285,0.400631,20.8328,22.5154,212992,1.2514,1.3185,0,0.401185,0,1,1
box_detour_open,oi_face_rot_wide_mppi,17147,256,16,0,0,1,1,1,61,0.24463,0.0573416,5.14813,0,1.45456,3.83786,0.405816,24.7548,26.2881,249856,1.2092,1.2349,0,0.406241,0,1,1
box_detour_open,oi_face_rot_wide_mppi,17154,256,16,0,0,1,1,1,51,0.235453,0.133566,4.92834,0,0.942697,1.35237,0.278006,14.1783,15.7495,208896,1.1793,1.2388,0,0.278549,0,1,1
box_detour_open,oi_face_rot_wide_mppi,17161,256,16,0,0,1,1,1,56,0.239348,0.279249,4.65873,0,0.88517,1.36548,0.367482,20.579,21.9331,229376,1.2168,1.314,0,0.368087,0,1,1
box_detour_open,oi_face_rot_wide_mppi,17168,256,16,0,0,1,1,1,51,0.243049,0.273501,4.58932,0,0.787448,1.09896,0.371629,18.9531,20.4419,208896,1.2266,1.3148,0,0.372216,0,1,1
box_detour_open,oi_face_rot_wide_mppi,17175,256,16,0,0,1,1,1,55,0.243885,0.246368,4.88552,0,0.934259,1.34146,0.258655,14.226,15.7211,225280,1.0011,1.2209,0,0.259173,0,1,1
box_detour_open,oi_face_rot_wide_mppi,17182,256,16,0,0,1,1,1,66,0.237253,0.070604,4.63143,0,1.08422,2.12594,0.420933,27.7816,29.1304,270336,1.2359,1.3289,0,0.421415,0,1,1
box_detour_open,oi_face_rot_wide_mppi,17189,256,16,0,0,1,1,1,59,0.244896,0.00606968,4.53927,0,0.852588,1.3,0.327329,19.3124,20.4914,241664,1.2352,1.3271,0,0.327756,0,1,1
box_detour_open,oi_face_rot_wide_mppi,17196,256,16,0,0,1,1,1,98,0.249112,0.15718,6.17445,0,0.884247,1.4065,0.36496,35.7661,38.5017,401408,1.2426,1.3348,0,0.365462,0,1,1
box_detour_open,oi_face_rot_wide_mppi,17203,256,16,0,0,1,1,1,66,0.249681,0.284237,4.72325,0,0.946591,1.68976,0.469752,31.0036,32.2913,270336,1.2555,1.3222,0,0.470212,0,1,1
box_detour_open,oi_face_rot_wide_mppi,17210,256,16,0,0,1,1,1,51,0.248676,0.325702,4.55252,0,0.847302,1.19632,0.338294,17.253,18.2168,208896,1.2589,1.3182,0,0.338823,0,1,1
box_detour_open,oi_face_rot_wide_mppi,17217,256,16,0,0,1,1,1,60,0.236093,0.205191,5.32211,0,0.958788,1.5939,0.31446,18.8676,20.1373,245760,1.2433,1.2838,0,0.314818,0,1,1
box_detour_open,oi_face_rot_wide_mppi,17224,256,16,0,0,1,1,1,63,0.205161,0.0432738,4.75084,0,0.941878,1.50249,0.480286,30.258,31.9424,258048,1.2477,1.3108,0,0.480865,0,1,1
box_detour_open,oi_face_rot_wide_mppi,17231,256,16,0,0,1,1,1,62,0.245613,0.056124,4.76938,0,0.811035,1.07721,0.346642,21.4918,23.0102,253952,1.2196,1.2478,0,0.347118,0,1,1
box_detour_open,oi_face_rot_wide_mppi,17238,256,16,0,0,1,1,1,48,0.24968,0.23437,4.46926,0,0.802234,0.990855,0.355935,17.0849,18.4206,196608,1.1115,1.3233,0,0.356594,0,1,1
box_detour_open,oi_face_rot_wide_mppi,17245,256,16,0,0,1,1,1,62,0.207228,0.312634,4.92353,0,1.35449,3.2603,0.428945,26.5946,28.5731,253952,1.2261,1.317,0,0.429456,0,1,1
box_detour_open,oi_face_rot_wide_mppi,17252,256,16,0,0,1,1,1,59,0.220351,0.317172,4.99459,0,1.05674,1.91809,0.3236,19.0924,20.197,241664,1.2096,1.2543,0,0.324042,0,1,1
box_detour_open,oi_face_rot_wide_mppi,17259,256,16,0,0,1,1,1,52,0.246361,0.219716,4.41534,0,0.845394,1.21672,0.388404,20.197,21.2179,212992,1.2282,1.3532,0,0.388896,0,1,1
box_detour_open,oi_face_rot_wide_mppi,17266,256,16,0,0,1,1,1,67,0.220788,0.0054041,5.65035,0,0.922646,1.66154,0.391316,26.2182,28.3019,274432,1.2214,1.3154,0,0.391864,0,1,1
box_detour_open,oi_face_rot_wide_mppi,17273,256,16,0,0,1,1,1,73,0.227257,0.269841,6.49991,0,1.08608,2.05489,0.361574,26.3949,28.3326,299008,1.214,1.6126,0,0.362053,0,1,1
box_detour_open,oi_face_rot_wide_mppi,17280,256,16,0,0,1,1,1,70,0.245904,0.269314,5.67586,0,1.01804,1.69448,0.438537,30.6976,32.4166,286720,1.3028,1.6613,0,0.439126,0,1,1
box_detour_open,oi_face_rot_wide_mppi,17287,256,16,0,0,1,1,1,71,0.232501,0.153487,5.41834,0,0.914925,1.40571,0.344123,24.4327,26.4125,290816,1.2106,1.3114,0,0.344663,0,1,1
box_detour_open,oi_face_rot_wide_mppi,17294,256,16,0,0,1,1,1,44,0.245715,0.157541,4.61011,0,1.09374,1.73367,0.361341,15.899,16.9839,180224,1.2315,1.2844,0,0.361945,0,1,1
box_detour_open,oi_face_rot_wide_mppi,17301,256,16,0,0,1,1,1,69,0.118557,0.304186,5.20874,0,0.84596,1.15279,0.386857,26.6931,28.4813,282624,1.2173,1.2993,0,0.387328,0,1,1
box_detour_open,oi_face_rot_wide_mppi,17308,256,16,0,0,1,1,1,68,0.249456,0.328878,5.04047,0,0.934273,1.60689,0.397968,27.0618,28.7821,278528,1.2458,1.3098,0,0.39851,0,1,1
box_detour_open,oi_face_rot_wide_mppi,17315,256,16,0,0,1,1,1,52,0.222675,0.138851,4.3345,0,0.97063,1.42218,0.490071,25.4837,26.9203,212992,1.2085,1.289,0,0.490948,0,1,1
box_detour_open,oi_face_rot_wide_mppi,17322,256,16,0,0,1,1,1,56,0.243337,0.181717,4.54231,0,0.873747,1.26147,0.467245,26.1657,27.5894,229376,1.2339,1.2816,0,0.467834,0,1,1
box_detour_open,oi_face_rot_wide_mppi,17329,256,16,0,0,1,1,1,54,0.24793,0.252264,5.21147,0,0.844824,1.14818,0.410013,22.1407,23.523,221184,1.2395,1.3368,0,0.410552,0,1,1
box_detour_open,oi_face_rot_wide_mppi,17336,256,16,0,0,1,1,1,78,0.233448,0.0298417,5.70631,0,1.05068,2.09463,0.429117,33.4711,35.7179,319488,1.2285,1.3028,0,0.429632,0,1,1
box_detour_open,oi_face_rot_wide_mppi,17343,256,16,0,0,1,1,1,65,0.226044,0.101142,5.11863,0,0.982642,1.56867,0.306191,19.9024,21.7589,266240,1.2445,1.3193,0,0.306683,0,1,1
box_detour_open,oi_face_rot_wide_mppi,17350,256,16,0,0,1,1,1,50,0.248314,0.331869,4.54303,0,1.04446,1.59072,0.481184,24.0592,26.3171,204800,1.2322,1.2824,0,0.481818,0,1,1
box_detour_open,oi_face_rot_wide_mppi,17357,256,16,0,0,1,1,1,60,0.238997,0.144004,4.92745,0,1.01895,1.78042,0.435157,26.1094,27.8668,245760,1.2245,1.3125,0,0.435712,0,1,1
box_detour_open,oi_face_rot_wide_mppi,17364,256,16,0,0,1,1,1,62,0.249341,0.0599095,5.11613,0,0.907441,1.29798,0.378932,23.4938,25.2963,253952,1.2465,1.3212,0,0.379392,0,1,1
box_detour_open,oi_face_rot_wide_mppi,17371,256,16,0,0,1,1,1,55,0.237887,0.237429,5.2157,0,0.966074,1.48224,0.488287,26.8558,28.295,225280,1.2429,1.3233,0,0.488782,0,1,1
box_detour_open,oi_face_rot_wide_mppi,17378,256,16,0,0,1,1,1,61,0.222279,0.078502,4.9248,0,0.906049,1.31049,0.377197,23.009,24.5219,249856,1.0952,1.328,0,0.377602,0,1,1
box_detour_open,oi_face_rot_wide_mppi,17385,256,16,0,0,1,1,1,59,0.236382,0.0297727,4.81848,0,0.965008,1.6925,0.328244,19.3664,20.674,241664,1.2222,1.321,0,0.328766,0,1,1
box_detour_open,oi_face_rot_wide_mppi,17392,256,16,0,0,1,1,1,59,0.232875,0.144685,5.14264,0,0.953257,1.46538,0.441878,26.0708,27.9666,241664,1.3007,1.3242,0,0.442414,0,1,1
box_detour_open,oi_face_rot_wide_mppi,17399,256,16,0,0,1,1,1,54,0.242871,0.338179,5.03539,0,0.852132,1.2084,0.261041,14.0962,14.9752,221184,1.1965,1.2555,0,0.261394,0,1,1
box_detour_open,oi_face_rot_wide_mppi,17406,256,16,0,0,1,1,1,58,0.243343,0.0561502,4.61581,0,0.84634,1.23789,0.451533,26.1889,28.018,237568,1.225,1.3227,0,0.452067,0,1,1
box_detour_open,oi_face_rot_wide_mppi,17413,256,16,0,0,1,1,1,55,0.231053,0.167546,4.5389,0,0.850216,1.36834,0.383187,21.0753,22.4175,225280,1.2186,1.3151,0,0.3837,0,1,1
box_detour_open,oi_face_rot_wide_mppi,17420,256,16,0,0,1,1,1,85,0.18131,0.0720492,6.37418,0,0.834762,1.3235,0.268739,22.8428,24.3202,348160,1.0535,1.3226,0,0.269112,0,1,1
box_detour_open,oi_face_rot_wide_mppi,17427,256,16,0,0,1,1,1,52,0.209999,0.15314,4.48699,0,0.918462,1.46461,0.403227,20.9678,22.3457,212992,1.2304,1.3254,0,0.403771,0,1,1
box_detour_open,oi_face_rot_wide_mppi,17434,256,16,0,0,1,1,1,59,0.209882,0.032782,5.007,0,0.961318,1.60133,0.454559,26.819,28.3632,241664,1.231,1.2354,0,0.455031,0,1,1
box_detour_open,oi_face_rot_wide_mppi,17441,256,16,0,0,1,1,1,56,0.248929,0.3275,5.16068,0,0.912556,1.4142,0.405948,22.7331,24.2473,229376,1.2415,1.3268,0,0.406538,0,1,1
box_detour_open,oi_face_rot_wide_mppi,17448,256,16,0,0,1,1,1,65,0.101395,0.325805,4.71226,0,0.970644,1.43504,0.368348,23.9426,25.0982,266240,1.2448,1.3063,0,0.368785,0,1,1
box_detour_open,oi_face_rot_wide_mppi,17455,256,16,0,0,1,1,1,55,0.239628,0.212045,4.71452,0,0.887258,1.22429,0.328933,18.0913,19.8163,225280,1.0206,1.2305,0,0.329451,0,1,1
box_detour_open,oi_face_rot_wide_mppi,17462,256,16,0,0,1,1,1,61,0.186009,0.0633236,4.38004,0,1.2411,2.64202,0.364052,22.2072,24.1419,249856,1.2,1.3138,0,0.364646,0,1,1
box_detour_open,oi_face_rot_wide_mppi,17469,256,16,0,0,1,1,1,57,0.237224,0.214827,5.04107,0,0.921913,1.51585,0.437467,24.9356,27.6829,233472,1.2048,1.3283,0,0.438035,0,1,1
box_detour_open,oi_face_rot_wide_mppi,17476,256,16,0,0,1,1,1,57,0.232625,0.0598874,4.63242,0,0.92696,1.42602,0.276544,15.763,16.9647,233472,1.2249,1.3018,0,0.276933,0,1,1
box_detour_open,oi_face_rot_wide_mppi,17483,256,16,0,0,1,1,1,66,0.0566077,0.279966,4.45852,0,0.831264,1.13221,0.379003,25.0142,26.8377,270336,1.1397,1.3028,0,0.37955,0,1,1
box_detour_open,oi_face_rot_wide_mppi,17490,256,16,0,0,1,1,1,60,0.210802,0.248331,4.94405,0,0.948819,1.55429,0.397392,23.8435,25.4574,245760,1.2161,1.3272,0,0.39789,0,1,1
box_detour_open,oi_face_rot_wide_mppi,17497,256,16,0,0,1,1,1,53,0.229801,0.317303,5.05319,0,0.84167,1.34544,0.404455,21.4361,22.7385,217088,1.2328,1.3195,0,0.404934,0,1,1
box_detour_open,oi_face_rot_wide_mppi,17504,256,16,0,0,1,1,1,69,0.0718046,0.261439,5.08961,0,0.963885,1.67159,0.434075,29.9512,31.7766,282624,1.2253,1.3314,0,0.434544,0,1,1
box_detour_open,oi_face_rot_wide_mppi,17511,256,16,0,0,1,1,1,56,0.234407,0.232477,5.293,0,0.854242,1.21255,0.2646,14.8176,16.218,229376,1.094,1.3138,0,0.265039,0,1,1
box_detour_open,oi_face_rot_wide_mppi,17518,256,16,0,0,1,1,1,63,0.200032,0.035766,4.59888,0,0.863443,1.24141,0.433644,27.3196,30.2323,258048,1.1898,1.2453,0,0.434148,0,1,1
box_detour_open,oi_face_rot_wide_mppi,17525,256,16,0,0,1,1,1,59,0.237979,0.000426471,5.10648,0,0.940485,1.41485,0.358993,21.1806,23.0565,241664,1.2302,1.3152,0,0.359531,0,1,1
box_detour_open,oi_face_rot_wide_mppi,17532,256,16,0,0,1,1,1,61,0.24218,4.17038e-05,4.8999,0,0.897293,1.42187,0.306425,18.6919,20.0627,249856,1.0455,1.2277,0,0.306818,0,1,1
box_detour_open,oi_face_rot_wide_mppi,17539,256,16,0,0,1,1,1,57,0.247625,0.0633942,4.93942,0,0.828972,1.12039,0.399386,22.765,24.107,233472,1.2351,1.3157,0,0.399812,0,1,1
box_detour_open,oi_face_rot_wide_mppi,17546,256,16,0,0,1,1,1,58,0.16885,0.338341,4.76079,0,0.813637,1.36929,0.296471,17.1953,18.5647,237568,1.1775,1.2466,0,0.297029,0,1,1
box_detour_open,oi_face_rot_wide_mppi,17553,256,16,0,0,1,1,1,49,0.243581,0.182961,4.59631,0,0.893203,1.19276,0.30661,15.0239,15.9234,200704,1.0103,1.2219,0,0.307057,0,1,1
box_detour_open,oi_face_rot_wide_mppi,17560,256,16,0,0,1,1,1,64,0.240061,0.0308153,5.13841,0,0.912727,1.36269,0.279734,17.903,19.0565,262144,1.0521,1.3114,0,0.280133,0,1,1
box_detour_open,oi_face_rot_wide_mppi,17567,256,16,0,0,1,1,1,57,0.199706,0.226984,4.91124,0,0.906125,1.34313,0.373198,21.2723,22.2188,233472,1.216,1.3098,0,0.373628,0,1,1
box_detour_open,oi_face_rot_wide_mppi,17574,256,16,0,0,1,1,1,71,0.198117,0.339608,5.93055,0,0.89875,1.27807,0.273356,19.4083,20.5889,290816,1.0127,1.3204,0,0.273723,0,1,1
box_detour_open,oi_face_rot_wide_mppi,17581,256,16,0,0,1,1,1,63,0.212952,0.0306142,5.34998,0,0.904459,1.49912,0.388351,24.4661,25.6508,258048,1.2327,1.3025,0,0.388759,0,1,1
box_detour_open,oi_face_rot_wide_mppi,17588,256,16,0,0,1,1,1,64,0.241725,0.052849,5.11369,0,0.852311,1.34773,0.313397,20.0574,21.0883,262144,1.2347,1.3192,0,0.313803,0,1,1
box_detour_open,oi_face_rot_wide_mppi,17595,256,16,0,0,1,1,1,59,0.243594,0.233378,4.70993,0,0.767519,1.04206,0.353217,20.8398,22.26,241664,1.2224,1.3237,0,0.353688,0,1,1
box_detour_open,oi_face_rot_wide_mppi,17602,256,16,0,0,1,1,1,64,0.214352,0.256874,6.21339,0,1.21644,2.15861,0.39022,24.9741,26.5856,262144,1.2299,1.2433,0,0.390755,0,1,1
box_detour_open,oi_face_rot_wide_mppi,17609,256,16,0,0,1,1,1,52,0.235426,0.335442,4.41724,0,0.933977,1.36262,0.293396,15.2566,16.2544,212992,1.2369,1.3285,0,0.293825,0,1,1
box_detour_open,oi_face_rot_wide_mppi,17616,256,16,0,0,1,1,1,54,0.241727,0.324555,4.81488,0,0.819783,1.13959,0.364756,19.6968,21.066,221184,1.2232,1.2428,0,0.365341,0,1,1
box_detour_open,oi_face_rot_wide_mppi,17623,256,16,0,0,1,1,1,60,0.215642,0.0509227,5.45092,0,1.01459,1.77204,0.378853,22.7312,24.2922,245760,1.2051,1.2353,0,0.379337,0,1,1
box_detour_open,oi_face_rot_wide_mppi,17630,256,16,0,0,1,1,1,49,0.239632,0.0666326,4.13899,0,1.06005,2.08474,0.329924,16.1663,17.501,200704,1.168,1.2814,0,0.330522,0,1,1
box_detour_open,oi_face_rot_wide_mppi,17637,256,16,0,0,1,1,1,56,0.240469,0.318115,5.14902,0,0.893442,1.26401,0.341609,19.1301,20.266,229376,1.2466,1.3216,0,0.342146,0,1,1
box_detour_open,oi_face_rot_wide_mppi,17644,256,16,0,0,1,1,1,49,0.245237,0.341831,4.58985,0,0.851948,1.22233,0.35081,17.1897,18.4806,200704,1.2089,1.3051,0,0.351484,0,1,1
box_detour_open,oi_face_rot_wide_mppi,17651,256,16,0,0,1,1,1,56,0.249018,0.107551,4.84711,0,1.00838,1.54439,0.389296,21.8006,23.6844,229376,1.2084,1.3154,0,0.389957,0,1,1
box_detour_open,oi_face_rot_wide_mppi,17658,256,16,0,0,1,1,1,56,0.232343,0.30397,5.19161,0,0.944179,1.41932,0.399541,22.3743,23.679,229376,1.2348,1.3285,0,0.399964,0,1,1
box_detour_open,oi_face_rot_wide_mppi,17665,256,16,0,0,1,1,1,65,0.221935,0.179832,5.01862,0,1.0679,1.89715,0.356565,23.1767,25.1154,266240,1.2269,1.3056,0,0.357092,0,1,1
box_detour_open,oi_face_rot_wide_mppi,17672,256,16,0,0,1,1,1,64,0.241483,0.121539,5.45007,0,0.954105,1.43877,0.359558,23.0117,24.5266,262144,1.2204,1.3194,0,0.36012,0,1,1
box_detour_open,oi_face_rot_wide_mppi,17679,256,16,0,0,1,1,1,57,0.218021,0.297059,5.04654,0,0.887428,1.40807,0.362284,20.6502,22.2905,233472,1.2314,1.3266,0,0.362768,0,1,1
box_detour_open,oi_face_rot_wide_mppi,17686,256,16,0,0,1,1,1,65,0.164206,0.315256,4.89768,0,0.903963,1.30435,0.379069,24.6395,26.6991,266240,1.2003,1.2339,0,0.379625,0,1,1
box_detour_open,oi_face_rot_wide_mppi,17693,256,16,0,0,1,1,1,56,0.247112,0.0188377,4.63146,0,0.908131,1.21727,0.346371,19.3968,20.9157,229376,1.1188,1.2222,0,0.346909,0,1,1
box_detour_open,oi_face_rot_wide_mppi,17700,256,16,0,0,1,1,1,67,0.245583,0.0643246,5.34401,0,0.92517,1.51871,0.275633,18.4674,20.3538,274432,0.7285,1.1224,0,0.276088,0,1,1
box_detour_open,oi_face_rot_wide_mppi,17707,256,16,0,0,1,1,1,51,0.241715,0.0925,5.11974,0,0.95996,1.46451,0.341261,17.4043,18.6539,208896,1.1975,1.3129,0,0.342335,0,1,1
box_detour_open,oi_face_rot_wide_mppi,17714,256,16,0,0,1,1,1,59,0.229182,0.185234,5.46343,0,0.985023,1.66878,0.339246,20.0155,21.5226,241664,0.9451,1.2212,0,0.339775,0,1,1
box_detour_open,oi_face_rot_wide_mppi,17721,256,16,0,0,1,1,1,60,0.236362,0.0397901,4.95809,0,1.11364,1.93432,0.262178,15.7307,17.1332,245760,0.4907,1.2204,0,0.26271,0,1,1
box_detour_open,oi_face_rot_wide_mppi,17728,256,16,0,0,1,1,1,52,0.235944,0.276888,4.70199,0,0.997064,1.43822,0.303733,15.7941,16.9589,212992,1.1479,1.3082,0,0.304254,0,1,1
box_detour_open,oi_face_rot_wide_mppi,17735,256,16,0,0,1,1,1,50,0.239979,0.0291465,4.694,0,0.840013,1.21203,0.299294,14.9647,16.2534,204800,1.0666,1.2343,0,0.299926,0,1,1
box_detour_open,oi_face_rot_wide_mppi,17742,256,16,0,0,1,1,1,57,0.231071,0.200282,4.86555,0,0.947774,1.55633,0.329689,18.7923,20.2422,233472,1.0194,1.1706,0,0.330181,0,1,1
box_detour_open,oi_face_rot_wide_mppi,17749,256,16,0,0,1,1,1,63,0.225353,0.0484833,5.20183,0,0.93155,1.55024,0.410246,25.8455,27.4458,258048,1.2039,1.3154,0,0.410714,0,1,1
box_detour_wall,oi_face_rot_anchor_mppi,17056,256,16,0,0,1,1,1,84,0.244236,0.0421938,8.81395,0,0.826494,1.17677,0.329157,27.6492,29.3332,344064,1.203,1.3059,0,0.329481,0,1,1
box_detour_wall,oi_face_rot_anchor_mppi,17063,256,16,0,0,1,1,1,144,0.243632,0.0890331,10.4891,0,0.763199,1.17387,0.382407,55.0666,59.1602,589824,1.211,1.3613,0,0.382808,0,1,1
box_detour_wall,oi_face_rot_anchor_mppi,17070,256,16,0,0,1,1,1,58,0.238032,0.118472,5.30561,0,0.984271,1.52241,0.524274,30.4079,32.1654,237568,1.2501,1.3439,0,0.524836,0,1,1
box_detour_wall,oi_face_rot_anchor_mppi,17077,256,16,0,0,1,1,1,89,0.233114,0.048445,6.81697,0,1.0814,2.0094,0.328203,29.2101,30.9737,364544,1.1153,1.2793,0,0.32853,0,1,1
box_detour_wall,oi_face_rot_anchor_mppi,17084,256,16,0,0,1,1,1,82,0.221,0.0476548,5.85686,0,0.957483,1.79844,0.393262,32.2475,33.9895,335872,1.2201,1.3434,0,0.393637,0,1,1
box_detour_wall,oi_face_rot_anchor_mppi,17091,256,16,0,0,1,1,1,87,0.221141,0.146397,6.82771,0,0.966295,1.5726,0.461956,40.1902,42.3733,356352,1.244,1.2935,0,0.462412,0,1,1
box_detour_wall,oi_face_rot_anchor_mppi,17098,256,16,0,0,1,1,1,50,0.218014,0.168166,5.61672,0,0.624638,0.566048,0.374608,18.7304,19.9903,204800,1.2565,1.3005,0,0.375202,0,1,1
box_detour_wall,oi_face_rot_anchor_mppi,17105,256,16,0,0,1,1,1,108,0.237386,0.000244992,8.00635,0,1.0297,2.05181,0.413172,44.6226,48.1076,442368,1.2422,1.3809,0,0.413579,0,1,1
box_detour_wall,oi_face_rot_anchor_mppi,17112,256,16,0,0,1,1,1,117,0.240719,0.157616,8.47718,0,0.846751,1.44464,0.437521,51.19,54.6561,479232,1.2788,1.3405,0,0.437959,0,1,1
box_detour_wall,oi_face_rot_anchor_mppi,17119,256,16,0,0,1,1,1,96,0.19234,0.036106,6.40892,0,0.928364,1.70433,0.399183,38.3216,40.7696,393216,1.2461,1.3755,0,0.399655,0,1,1
box_detour_wall,oi_face_rot_anchor_mppi,17126,256,16,0,0,1,1,1,132,0.219612,0.0644806,7.87654,0,0.863952,1.52815,0.470862,62.1538,65.9807,540672,1.2589,1.3694,0,0.471216,0,1,1
box_detour_wall,oi_face_rot_anchor_mppi,17133,256,16,0,0,1,1,1,108,0.220978,0.172159,9.37045,0,0.936063,1.55907,0.46188,49.883,52.555,442368,1.2424,1.3582,0,0.462259,0,1,1
box_detour_wall,oi_face_rot_anchor_mppi,17140,256,16,0,0,1,1,1,122,0.248817,0.152547,9.13129,0,0.764519,1.26861,0.406247,49.5621,52.0214,499712,1.2636,1.3788,0,0.406533,0,1,1
box_detour_wall,oi_face_rot_anchor_mppi,17147,256,16,0,0,1,1,1,71,0.236229,0.0301815,5.99651,0,0.866118,1.35352,0.396831,28.175,30.0417,290816,1.2418,1.3826,0,0.397325,0,1,1
box_detour_wall,oi_face_rot_anchor_mppi,17154,256,16,0,0,1,1,1,93,0.23305,0.199565,8.98098,0,0.912782,1.33469,0.423312,39.368,41.094,380928,1.3015,1.3665,0,0.423614,0,1,1
box_detour_wall,oi_face_rot_anchor_mppi,17161,256,16,0,0,1,1,1,110,0.249199,0.186389,8.55887,0,0.823072,1.39212,0.40949,45.0439,48.0428,450560,1.2503,1.3627,0,0.409857,0,1,1
box_detour_wall,oi_face_rot_anchor_mppi,17168,256,16,0,0,1,1,1,142,0.199184,0.0283609,9.43353,0,0.739352,1.14028,0.444915,63.178,67.4053,581632,1.2745,1.3761,0,0.445539,0,1,1
box_detour_wall,oi_face_rot_anchor_mppi,17175,256,16,0,0,1,1,1,115,0.247592,0.170233,8.30634,0,0.797862,1.15221,0.451015,51.8667,55.6974,471040,1.2934,1.747,0,0.451462,0,1,1
box_detour_wall,oi_face_rot_anchor_mppi,17182,256,16,0,0,1,1,1,95,0.181012,0.0484266,7.02636,0,0.835649,1.28765,0.520179,49.417,52.117,389120,1.3261,1.3439,0,0.520607,0,1,1
box_detour_wall,oi_face_rot_anchor_mppi,17189,256,16,0,0,1,1,1,91,0.238423,0.162223,6.55048,0,0.861759,1.36631,0.38993,35.4836,37.4375,372736,1.2473,1.3786,0,0.390297,0,1,1
box_detour_wall,oi_face_rot_anchor_mppi,17196,256,16,0,0,1,1,1,124,0.191825,0.0754039,8.77787,0,0.972495,1.94227,0.402168,49.8688,53.4757,507904,1.2434,1.3534,0,0.402604,0,1,1
box_detour_wall,oi_face_rot_anchor_mppi,17203,256,16,0,0,1,1,1,126,0.238802,0.0692203,9.32065,0,0.776389,1.17889,0.476268,60.0098,63.8132,516096,1.2967,1.3901,0,0.476633,0,1,1
box_detour_wall,oi_face_rot_anchor_mppi,17210,256,16,0,0,1,1,1,102,0.236561,0.145828,11.138,0,0.663867,0.779942,0.474336,48.3823,51.5068,417792,1.2896,1.3859,0,0.474898,0,1,1
box_detour_wall,oi_face_rot_anchor_mppi,17217,256,16,0,0,1,1,1,110,0.201499,0.0936809,7.75082,0,0.835425,1.31148,0.458615,50.4476,53.615,450560,1.2448,1.3135,0,0.459025,0,1,1
box_detour_wall,oi_face_rot_anchor_mppi,17224,256,16,0,0,1,1,1,103,0.209894,0.0309979,7.22049,0,0.999498,2.13512,0.41261,42.4988,45.2901,421888,1.254,1.3452,0,0.413069,0,1,1
box_detour_wall,oi_face_rot_anchor_mppi,17231,256,16,0,0,1,1,1,92,0.190455,0.0995211,7.64046,0,0.928177,1.45559,0.505146,46.4734,49.2615,376832,1.2974,1.3431,0,0.505579,0,1,1
box_detour_wall,oi_face_rot_anchor_mppi,17238,256,16,0,0,1,1,1,106,0.223691,0.078166,7.5932,0,0.873493,1.46514,0.445527,47.2259,49.2961,434176,1.2406,1.3292,0,0.445827,0,1,1
box_detour_wall,oi_face_rot_anchor_mppi,17245,256,16,0,0,1,1,1,141,0.240448,0.107941,12.2683,0,0.787299,1.19078,0.463494,65.3526,68.926,577536,1.2563,1.3607,0,0.4638,0,1,1
box_detour_wall,oi_face_rot_anchor_mppi,17252,256,16,0,0,1,1,1,113,0.208226,0.187206,9.10188,0,0.985886,1.69741,0.408163,46.1224,48.5127,462848,1.2602,1.3836,0,0.408658,0,1,1
box_detour_wall,oi_face_rot_anchor_mppi,17259,256,16,0,0,1,1,1,95,0.236342,0.156084,9.69237,0,0.840756,1.14745,0.402941,38.2794,40.391,389120,1.2329,1.3854,0,0.403338,0,1,1
box_detour_wall,oi_face_rot_anchor_mppi,17266,256,16,0,0,1,1,1,139,0.197167,0.0626118,10.6242,0,0.861099,1.39668,0.419623,58.3276,61.025,569344,1.2849,1.3919,0,0.419902,0,1,1
box_detour_wall,oi_face_rot_anchor_mppi,17273,256,16,0,0,1,1,1,105,0.212735,0.0378349,8.52888,0,0.843618,1.24484,0.486596,51.0926,54.2094,430080,1.2719,1.3673,0,0.487041,0,1,1
box_detour_wall,oi_face_rot_anchor_mppi,17280,256,16,0,0,1,1,1,131,0.249722,0.0752394,9.35675,0,0.853677,1.28136,0.463514,60.7204,64.6399,536576,1.2421,1.3479,0,0.463892,0,1,1
box_detour_wall,oi_face_rot_anchor_mppi,17287,256,16,0,0,1,1,1,101,0.242126,0.158948,9.50817,0,0.786839,0.989092,0.437019,44.1389,46.2081,413696,1.2572,1.3442,0,0.437385,0,1,1
box_detour_wall,oi_face_rot_anchor_mppi,17294,256,16,0,0,1,1,1,88,0.232751,0.11446,7.91856,0,0.811519,1.17813,0.373135,32.8359,35.4359,360448,1.1065,1.3723,0,0.373631,0,1,1
box_detour_wall,oi_face_rot_anchor_mppi,17301,256,16,0,0,1,1,1,132,0.189695,0.104792,8.96402,0,0.780171,1.20105,0.30243,39.9207,43.4127,540672,1.0281,1.3141,0,0.302789,0,1,1
box_detour_wall,oi_face_rot_anchor_mppi,17308,256,16,0,0,1,1,1,89,0.238961,0.045233,6.01264,0,0.807707,1.3646,0.337958,30.0783,32.4964,364544,1.0969,1.3376,0,0.338356,0,1,1
box_detour_wall,oi_face_rot_anchor_mppi,17315,256,16,0,0,1,1,1,95,0.248408,0.000758153,8.77891,0,0.928166,1.33657,0.535344,50.8577,53.3019,389120,1.2592,1.3689,0,0.535753,0,1,1
box_detour_wall,oi_face_rot_anchor_mppi,17322,256,16,0,0,1,1,1,124,0.219582,0.122257,8.31417,0,0.742986,1.11101,0.430973,53.4407,56.8174,507904,1.2291,1.3315,0,0.431324,0,1,1
box_detour_wall,oi_face_rot_anchor_mppi,17329,256,16,0,0,1,1,1,93,0.234225,0.0206867,8.64889,0,0.818877,1.31283,0.44483,41.3692,43.8264,380928,1.2744,1.4081,0,0.445232,0,1,1
box_detour_wall,oi_face_rot_anchor_mppi,17336,256,16,0,0,1,1,1,51,0.222692,0.203613,5.68808,0,0.699363,0.879666,0.516239,26.3282,27.9086,208896,1.3413,1.3714,0,0.516871,0,1,1
box_detour_wall,oi_face_rot_anchor_mppi,17343,256,16,0,0,1,1,1,96,0.248357,0.031929,8.36833,0,0.846031,1.16266,0.430906,41.367,44.2833,393216,1.329,1.3535,0,0.431356,0,1,1
box_detour_wall,oi_face_rot_anchor_mppi,17350,256,16,0,0,1,1,1,96,0.247625,0.232412,7.49951,0,0.966531,1.7245,0.43609,41.8647,45.0507,393216,1.3405,1.381,0,0.436904,0,1,1
box_detour_wall,oi_face_rot_anchor_mppi,17357,256,16,0,0,1,1,1,201,0.162812,0.316091,21.0739,0,1.06821,1.98667,0.462071,92.8763,98.2009,823296,1.3248,1.9425,0,0.462446,0,1,1
box_detour_wall,oi_face_rot_anchor_mppi,17364,256,16,0,0,1,1,1,134,0.237318,0.174657,9.4556,0,0.804691,1.27167,0.447669,59.9877,63.2209,548864,1.252,1.3926,0,0.447978,0,1,1
box_detour_wall,oi_face_rot_anchor_mppi,17371,256,16,0,0,1,1,1,49,0.230414,0.0839319,5.31414,0,0.753054,0.903126,0.385041,18.867,20.2619,200704,1.2513,1.29,0,0.385673,0,1,1
box_detour_wall,oi_face_rot_anchor_mppi,17378,256,16,0,0,1,1,1,106,0.180262,0.0770052,6.90042,0,0.874352,1.4843,0.347,36.782,39.746,434176,0.8399,1.2777,0,0.34751,0,1,1
box_detour_wall,oi_face_rot_anchor_mppi,17385,256,16,0,0,1,1,1,93,0.213943,0.0480182,7.96255,0,0.780482,1.24713,0.32099,29.8521,32.489,380928,0.5749,1.2856,0,0.321476,0,1,1
box_detour_wall,oi_face_rot_anchor_mppi,17392,256,16,0,0,1,1,1,106,0.200287,0.192209,7.40397,0,0.84401,1.27424,0.291733,30.9237,34.1655,434176,0.6332,1.2938,0,0.292323,0,1,1
box_detour_wall,oi_face_rot_anchor_mppi,17399,256,16,0,0,1,1,1,91,0.242821,0.137897,7.76995,0,0.90314,1.5466,0.339819,30.9235,33.7432,372736,0.7997,1.3691,0,0.340276,0,1,1
box_detour_wall,oi_face_rot_anchor_mppi,17406,256,16,0,0,1,1,1,124,0.201657,0.131649,9.91739,0,0.804336,1.08149,0.338305,41.9498,49.5487,507904,0.7219,1.2694,0,0.338764,0,1,1
box_detour_wall,oi_face_rot_anchor_mppi,17413,256,16,0,0,1,1,1,98,0.248267,0.18325,8.12196,0,0.694062,0.803422,0.354631,34.7538,37.7961,401408,1.0624,1.3136,0,0.35516,0,1,1
box_detour_wall,oi_face_rot_anchor_mppi,17420,256,16,0,0,1,1,1,123,0.244848,0.154114,7.98677,0,1.0272,2.16171,0.33063,40.6675,44.4333,503808,1.0563,1.1898,0,0.331005,0,1,1
box_detour_wall,oi_face_rot_anchor_mppi,17427,256,16,0,0,1,1,1,88,0.235869,0.0157793,8.10034,0,0.895814,1.39048,0.339811,29.9034,32.9003,360448,0.5953,1.288,0,0.340332,0,1,1
box_detour_wall,oi_face_rot_anchor_mppi,17434,256,16,0,0,1,1,1,89,0.232419,0.0425328,6.83417,0,0.991925,1.6683,0.331379,29.4927,32.3557,364544,0.5837,1.2385,0,0.331874,0,1,1
box_detour_wall,oi_face_rot_anchor_mppi,17441,256,16,0,0,1,1,1,107,0.214956,0.00860193,7.9698,0,0.790212,1.18621,0.3162,33.8334,37.2756,438272,0.5948,1.1406,0,0.316623,0,1,1
box_detour_wall,oi_face_rot_anchor_mppi,17448,256,16,0,0,1,1,1,93,0.227629,0.0295063,8.24209,0,0.889024,1.30182,0.366452,34.08,37.3653,380928,1.0462,1.338,0,0.366887,0,1,1
box_detour_wall,oi_face_rot_anchor_mppi,17455,256,16,0,0,1,1,1,54,0.226551,0.0814883,5.32975,0,0.896275,1.24168,0.317002,17.1181,18.8354,221184,0.7286,1.1637,0,0.317694,0,1,1
box_detour_wall,oi_face_rot_anchor_mppi,17462,256,16,0,0,1,1,1,75,0.23566,0.0548698,5.79738,0,0.877554,1.40246,0.367661,27.5746,30.5542,307200,1.028,1.2872,0,0.368276,0,1,1
box_detour_wall,oi_face_rot_anchor_mppi,17469,256,16,0,0,1,1,1,93,0.248407,0.241436,7.90519,0,0.980978,1.63202,0.348865,32.4444,35.6592,380928,0.7739,1.319,0,0.349339,0,1,1
box_detour_wall,oi_face_rot_anchor_mppi,17476,256,16,0,0,1,1,1,118,0.201098,0.0290548,8.26235,0,0.865555,1.41288,0.35418,41.7932,45.9779,483328,1.0463,1.1852,0,0.354626,0,1,1
box_detour_wall,oi_face_rot_anchor_mppi,17483,256,16,0,0,1,1,1,102,0.241366,0.192024,7.97789,0,1.05348,2.04159,0.356558,36.3689,39.9968,417792,0.6954,1.2839,0,0.357023,0,1,1
box_detour_wall,oi_face_rot_anchor_mppi,17490,256,16,0,0,1,1,1,88,0.234374,0.0854905,6.83392,0,1.26698,2.88115,0.32948,28.9942,32.2978,360448,0.749,1.243,0,0.330027,0,1,1
box_detour_wall,oi_face_rot_anchor_mppi,17497,256,16,0,0,1,1,1,96,0.216719,0.0946462,7.91761,0,0.862193,1.3685,0.317823,30.511,33.3881,393216,0.7466,1.2896,0,0.31845,0,1,1
box_detour_wall,oi_face_rot_anchor_mppi,17504,256,16,0,0,1,1,1,110,0.247168,0.0153356,7.25637,0,0.72279,1.05292,0.332718,36.599,40.4788,450560,0.6234,1.2546,0,0.333216,0,1,1
box_detour_wall,oi_face_rot_anchor_mppi,17511,256,16,0,0,1,1,1,90,0.227844,0.0910783,7.30835,0,0.763012,1.10496,0.326086,29.3477,33.21,368640,0.7204,1.211,0,0.326789,0,1,1
box_detour_wall,oi_face_rot_anchor_mppi,17518,256,16,0,0,1,1,1,51,0.232305,0.18516,5.86709,0,0.606206,0.669367,0.391263,19.9544,22.2286,208896,0.9758,1.1533,0,0.392053,0,1,1
box_detour_wall,oi_face_rot_anchor_mppi,17525,256,16,0,0,1,1,1,47,0.23633,0.0657932,5.28967,0,0.604568,0.567401,0.311485,14.6398,15.8844,192512,0.5951,1.374,0,0.312168,0,1,1
box_detour_wall,oi_face_rot_anchor_mppi,17532,256,16,0,0,1,1,1,108,0.249841,0.0636616,8.32089,0,0.955197,1.67511,0.376766,40.6907,45.8575,442368,0.9135,1.3336,0,0.37729,0,1,1
box_detour_wall,oi_face_rot_anchor_mppi,17539,256,16,0,0,1,1,1,75,0.161181,0.174238,6.21768,0,0.908852,1.39181,0.345267,25.895,28.5076,307200,0.8968,1.3265,0,0.345753,0,1,1
box_detour_wall,oi_face_rot_anchor_mppi,17546,256,16,0,0,1,1,1,125,0.22093,0.121754,9.17721,0,1.11717,2.33042,0.357824,44.728,48.548,512000,0.9841,1.3353,0,0.358191,0,1,1
box_detour_wall,oi_face_rot_anchor_mppi,17553,256,16,0,0,1,1,1,173,0.182704,0.0609995,12.1658,0,0.78677,1.24188,0.353455,61.1477,66.8333,708608,0.8992,1.3396,0,0.353819,0,1,1
box_detour_wall,oi_face_rot_anchor_mppi,17560,256,16,0,0,1,1,1,66,0.240099,0.213213,5.46004,0,0.872925,1.29503,0.329103,21.7208,23.7872,270336,0.8039,1.2455,0,0.32968,0,1,1
box_detour_wall,oi_face_rot_anchor_mppi,17567,256,16,0,0,1,1,1,121,0.2312,0.139931,9.42356,0,0.904445,1.56508,0.356414,43.1261,47.0836,495616,0.8886,1.3385,0,0.356842,0,1,1
box_detour_wall,oi_face_rot_anchor_mppi,17574,256,16,0,0,1,1,1,111,0.249738,0.164566,7.839,0,0.760058,1.16485,0.348588,38.6933,41.7759,454656,0.8918,1.2774,0,0.348993,0,1,1
box_detour_wall,oi_face_rot_anchor_mppi,17581,256,16,0,0,1,1,1,71,0.230703,0.142286,5.38166,0,0.76637,1.0166,0.396955,28.1838,30.2245,290816,1.079,1.2528,0,0.397508,0,1,1
box_detour_wall,oi_face_rot_anchor_mppi,17588,256,16,0,0,1,1,1,62,0.232387,0.0083219,5.85561,0,0.953835,1.3542,0.386353,23.9539,25.7129,253952,1.0733,1.3246,0,0.386813,0,1,1
box_detour_wall,oi_face_rot_anchor_mppi,17595,256,16,0,0,1,1,1,256,0.172546,0.134022,21.4439,0,0.850606,1.32819,0.351843,90.0718,97.4163,1048576,0.9572,1.3277,0,0.352106,0,1,1
box_detour_wall,oi_face_rot_anchor_mppi,17602,256,16,0,0,1,1,1,83,0.247482,0.00996671,7.40052,0,0.76157,0.944614,0.281307,23.3485,25.5514,339968,0.7159,1.2476,0,0.281813,0,1,1
box_detour_wall,oi_face_rot_anchor_mppi,17609,256,16,0,0,1,1,1,95,0.227766,0.132668,7.3786,0,1.05998,2.06015,0.398515,37.8589,40.3482,389120,1.1224,1.3409,0,0.398949,0,1,1
box_detour_wall,oi_face_rot_anchor_mppi,17616,256,16,0,0,1,1,1,91,0.214773,0.219328,8.34143,0,0.821159,1.09572,0.370615,33.726,36.2469,372736,1.0061,1.333,0,0.370994,0,1,1
box_detour_wall,oi_face_rot_anchor_mppi,17623,256,16,0,0,1,1,1,55,0.240143,0.0684965,5.77563,0,0.63208,0.650464,0.294136,16.1775,17.0184,225280,0.8765,1.1667,0,0.294493,0,1,1
box_detour_wall,oi_face_rot_anchor_mppi,17630,256,16,0,0,1,1,1,151,0.240634,0.0830785,12.4144,0,0.833508,1.22756,0.343414,51.8555,55.2043,618496,1.1188,1.263,0,0.343806,0,1,1
box_detour_wall,oi_face_rot_anchor_mppi,17637,256,16,0,0,1,1,1,112,0.18131,0.160422,9.08382,0,0.873109,1.29463,0.322756,36.1487,38.4605,458752,0.8924,1.2608,0,0.323359,0,1,1
box_detour_wall,oi_face_rot_anchor_mppi,17644,256,16,0,0,1,1,1,109,0.249045,0.133633,9.7587,0,0.777522,1.04758,0.38705,42.1885,44.4072,446464,1.0093,1.1268,0,0.387401,0,1,1
box_detour_wall,oi_face_rot_anchor_mppi,17651,256,16,0,0,1,1,1,104,0.214734,0.0500724,8.31692,0,0.903665,1.59718,0.413005,42.9525,45.3241,425984,1.0838,1.3608,0,0.413321,0,1,1
box_detour_wall,oi_face_rot_anchor_mppi,17658,256,16,0,0,1,1,1,61,0.228509,0.232978,6.31851,0,0.834972,1.1815,0.423259,25.8188,27.4723,249856,1.1206,1.3,0,0.423785,0,1,1
box_detour_wall,oi_face_rot_anchor_mppi,17665,256,16,0,0,1,1,1,100,0.247731,0.0767177,8.47548,0,0.91827,1.37863,0.441907,44.1907,47.1048,409600,1.2026,1.3489,0,0.442365,0,1,1
box_detour_wall,oi_face_rot_anchor_mppi,17672,256,16,0,0,1,1,1,112,0.249733,0.0356563,7.41805,0,0.910527,1.75734,0.434285,48.6399,51.3946,458752,1.135,1.3538,0,0.434705,0,1,1
box_detour_wall,oi_face_rot_anchor_mppi,17679,256,16,0,0,1,1,1,102,0.22581,0.126303,8.69061,0,0.735423,1.03473,0.440446,44.9255,48.2819,417792,1.2473,1.3388,0,0.440916,0,1,1
box_detour_wall,oi_face_rot_anchor_mppi,17686,256,16,0,0,1,1,1,75,0.206445,0.00389367,5.64985,0,0.794795,1.24279,0.340368,25.5276,27.1324,307200,1.2607,1.334,0,0.340773,0,1,1
box_detour_wall,oi_face_rot_anchor_mppi,17693,256,16,0,0,1,1,1,109,0.218173,0.0529476,10.3864,0,0.719711,0.910426,0.375591,40.9394,42.8839,446464,1.2487,1.364,0,0.375904,0,1,1
box_detour_wall,oi_face_rot_anchor_mppi,17700,256,16,0,0,1,1,1,97,0.243975,0.0135188,8.17811,0,1.01463,1.83409,0.43719,42.4074,45.3654,397312,1.2241,1.3572,0,0.437647,0,1,1
box_detour_wall,oi_face_rot_anchor_mppi,17707,256,16,0,0,1,1,1,108,0.240746,0.185539,8.45207,0,0.931649,1.53772,0.445713,48.137,51.3712,442368,1.2478,1.3798,0,0.446189,0,1,1
box_detour_wall,oi_face_rot_anchor_mppi,17714,256,16,0,0,1,1,1,74,0.218147,0.00569959,6.14807,0,0.822962,1.16942,0.475042,35.1531,36.6851,303104,1.2529,1.3827,0,0.475426,0,1,1
box_detour_wall,oi_face_rot_anchor_mppi,17721,256,16,0,0,1,1,1,106,0.212379,0.256456,10.8273,0,0.813206,1.11843,0.376879,39.9492,43.0225,434176,1.0734,1.3244,0,0.377325,0,1,1
box_detour_wall,oi_face_rot_anchor_mppi,17728,256,16,0,0,1,1,1,85,0.247925,0.141884,6.95459,0,1.00016,1.61051,0.34434,29.2689,31.6874,348160,1.0174,1.2412,0,0.344765,0,1,1
box_detour_wall,oi_face_rot_anchor_mppi,17735,256,16,0,0,1,1,1,85,0.226722,0.00478778,8.8224,0,0.80359,1.09393,0.399174,33.9298,36.7094,348160,1.1243,1.2859,0,0.399607,0,1,1
box_detour_wall,oi_face_rot_anchor_mppi,17742,256,16,0,0,1,1,1,103,0.225565,0.0565089,7.18016,0,0.929549,1.49163,0.424655,43.7395,46.946,421888,1.156,1.2608,0,0.42508,0,1,1
box_detour_wall,oi_face_rot_anchor_mppi,17749,256,16,0,0,1,1,1,100,0.235793,0.121545,8.03366,0,0.927625,1.62821,0.380056,38.0056,40.1543,409600,1.1792,1.3989,0,0.380436,0,1,1
box_detour_wall,oi_face_rot_pstall_mppi,17056,256,16,0,0,1,1,1,138,0.240104,0.274891,15.4614,0,0.888408,1.36976,0.410781,56.6878,59.526,565248,1.2354,1.3814,0,0.411041,0,1,1
box_detour_wall,oi_face_rot_pstall_mppi,17063,256,16,0,0,1,1,1,98,0.223777,0.277487,8.07425,0,1.02018,1.97555,0.403765,39.569,43.2448,401408,1.2437,1.3254,0,0.404326,0,1,1
box_detour_wall,oi_face_rot_pstall_mppi,17070,256,16,0,0,1,1,1,61,0.213134,0.0850819,5.43721,0,0.925272,1.38983,0.344759,21.0303,23.4111,249856,1.035,1.2771,0,0.345392,0,1,1
box_detour_wall,oi_face_rot_pstall_mppi,17077,256,16,0,0,1,1,1,101,0.249013,0.0801113,6.93553,0,0.969615,1.7049,0.395862,39.9821,44.3503,413696,1.2231,1.297,0,0.396432,0,1,1
box_detour_wall,oi_face_rot_pstall_mppi,17084,256,16,0,0,1,1,1,102,0.235145,0.106594,8.72714,0,0.859858,1.16757,0.370546,37.7957,41.4062,417792,1.2015,1.3484,0,0.371104,0,1,1
box_detour_wall,oi_face_rot_pstall_mppi,17091,256,16,0,0,1,1,1,104,0.233289,0.00587093,7.49159,0,0.936873,1.75301,0.411505,42.7965,47.0472,425984,1.2505,1.8918,0,0.412001,0,1,1
box_detour_wall,oi_face_rot_pstall_mppi,17098,256,16,0,0,1,1,1,55,0.24786,0.276673,6.00954,0,0.858984,1.0714,0.407065,22.3886,28.7142,225280,1.2394,2.948,0,0.407816,0,1,1
box_detour_wall,oi_face_rot_pstall_mppi,17105,256,16,0,0,1,1,1,96,0.245928,0.181191,6.56441,0,1.0043,1.96434,0.37085,35.6016,39.8165,393216,1.2375,1.3741,0,0.372132,0,1,1
box_detour_wall,oi_face_rot_pstall_mppi,17112,256,16,0,0,1,1,1,109,0.218353,0.12157,8.35965,0,0.828839,1.21043,0.426001,46.4341,51.478,446464,1.2163,1.277,0,0.426535,0,1,1
box_detour_wall,oi_face_rot_pstall_mppi,17119,256,16,0,0,1,1,1,88,0.229099,0.209018,8.4466,0,0.860682,1.17047,0.441991,38.8952,42.4033,360448,1.2417,1.2613,0,0.442596,0,1,1
box_detour_wall,oi_face_rot_pstall_mppi,17126,256,16,0,0,1,1,1,114,0.231832,0.197888,7.11691,0,0.819744,1.45046,0.375357,42.7907,47.8511,466944,1.2135,1.5155,0,0.375852,0,1,1
box_detour_wall,oi_face_rot_pstall_mppi,17133,256,16,0,0,1,1,1,96,0.226065,0.105702,6.4497,0,0.791971,1.23398,0.373505,35.8565,40.0184,393216,1.2286,1.3514,0,0.374147,0,1,1
box_detour_wall,oi_face_rot_pstall_mppi,17140,256,16,0,0,1,1,1,129,0.23057,0.0291192,9.56054,0,0.806395,1.40168,0.409828,52.8678,57.7407,528384,1.2321,1.3436,0,0.410276,0,1,1
box_detour_wall,oi_face_rot_pstall_mppi,17147,256,16,0,0,1,1,1,105,0.237198,0.179097,7.97676,0,0.765439,1.20977,0.408022,42.8423,47.1829,430080,1.2701,1.3495,0,0.408514,0,1,1
box_detour_wall,oi_face_rot_pstall_mppi,17154,256,16,0,0,1,1,1,112,0.207992,0.070212,7.82269,0,0.845668,1.41083,0.360339,40.358,44.3907,458752,1.1966,1.2955,0,0.360813,0,1,1
box_detour_wall,oi_face_rot_pstall_mppi,17161,256,16,0,0,1,1,1,79,0.204573,0.00587139,6.56526,0,0.800193,1.20862,0.379209,29.9575,32.709,323584,1.2365,1.3577,0,0.379735,0,1,1
box_detour_wall,oi_face_rot_pstall_mppi,17168,256,16,0,0,1,1,1,54,0.242503,0.0357567,5.80861,0,0.656505,0.712515,0.450019,24.301,26.3601,221184,1.2453,1.3296,0,0.450689,0,1,1
box_detour_wall,oi_face_rot_pstall_mppi,17175,256,16,0,0,1,1,1,184,0.245451,0.183673,13.9289,0,0.940461,1.50034,0.390971,71.9386,78.3493,753664,1.2362,1.3224,0,0.391301,0,1,1
box_detour_wall,oi_face_rot_pstall_mppi,17182,256,16,0,0,1,1,1,127,0.232082,0.0540857,10.8356,0,0.795178,1.06661,0.379604,48.2097,52.6319,520192,1.2912,1.389,0,0.379997,0,1,1
box_detour_wall,oi_face_rot_pstall_mppi,17189,256,16,0,0,1,1,1,66,0.243,0.298947,6.15849,0,0.959265,1.4405,0.379514,25.0479,27.2472,270336,1.2462,1.3647,0,0.38012,0,1,1
box_detour_wall,oi_face_rot_pstall_mppi,17196,256,16,0,0,1,1,1,121,0.217238,0.0408017,8.71978,0,0.986106,1.98161,0.401713,48.6072,53.2574,495616,1.2101,1.3575,0,0.402198,0,1,1
box_detour_wall,oi_face_rot_pstall_mppi,17203,256,16,0,0,1,1,1,109,0.197775,0.0363512,9.79819,0,0.826257,1.17881,0.435001,47.4151,51.5149,446464,1.2471,1.3396,0,0.435479,0,1,1
box_detour_wall,oi_face_rot_pstall_mppi,17210,256,16,0,0,1,1,1,92,0.248839,0.046155,7.23731,0,0.909239,1.49849,0.383533,35.285,38.9087,376832,1.291,1.3745,0,0.384229,0,1,1
box_detour_wall,oi_face_rot_pstall_mppi,17217,256,16,0,0,1,1,1,91,0.237561,0.0766927,7.40355,0,0.967845,1.48312,0.449205,40.8777,44.0715,372736,1.2623,1.3362,0,0.449682,0,1,1
box_detour_wall,oi_face_rot_pstall_mppi,17224,256,16,0,0,1,1,1,99,0.224706,0.0498781,7.32959,0,0.796633,1.17464,0.413059,40.8928,44.3034,405504,1.2056,1.3224,0,0.413569,0,1,1
box_detour_wall,oi_face_rot_pstall_mppi,17231,256,16,0,0,1,1,1,79,0.24497,0.285787,7.90685,0,0.877043,1.14253,0.426205,33.6702,36.7111,323584,1.3356,1.3621,0,0.426795,0,1,1
box_detour_wall,oi_face_rot_pstall_mppi,17238,256,16,0,0,1,1,1,98,0.180885,0.298198,7.22438,0,0.890873,1.48904,0.434286,42.56,46.1613,401408,1.2482,1.3684,0,0.434799,0,1,1
box_detour_wall,oi_face_rot_pstall_mppi,17245,256,16,0,0,1,1,1,108,0.237737,0.00395078,11.6961,0,0.756915,0.921029,0.44203,47.7392,51.9078,442368,1.2423,1.3592,0,0.442586,0,1,1
box_detour_wall,oi_face_rot_pstall_mppi,17252,256,16,0,0,1,1,1,112,0.224152,0.0685776,9.9005,0,0.970235,1.7032,0.411273,46.0626,49.8435,458752,1.2837,1.3689,0,0.411729,0,1,1
box_detour_wall,oi_face_rot_pstall_mppi,17259,256,16,0,0,1,1,1,130,0.24731,0.0661539,9.33324,0,0.797502,1.33322,0.385721,50.1437,55.1781,532480,1.2608,1.3712,0,0.386135,0,1,1
box_detour_wall,oi_face_rot_pstall_mppi,17266,256,16,0,0,1,1,1,127,0.216863,0.144797,9.88562,0,0.874603,1.37702,0.425386,54.024,60.0941,520192,1.3036,1.9565,0,0.425854,0,1,1
box_detour_wall,oi_face_rot_pstall_mppi,17273,256,16,0,0,1,1,1,152,0.0194476,0.290414,8.99832,0,1.01975,1.96786,0.429423,65.2723,71.0975,622592,1.3069,1.3771,0,0.42986,0,1,1
box_detour_wall,oi_face_rot_pstall_mppi,17280,256,16,0,0,1,1,1,136,0.217639,0.049166,10.3967,0,0.806965,1.29255,0.423371,57.5785,60.8311,557056,1.2887,1.3715,0,0.42371,0,1,1
box_detour_wall,oi_face_rot_pstall_mppi,17287,256,16,0,0,1,1,1,95,0.221255,0.206637,7.61986,0,1.07613,2.07775,0.36619,34.788,36.3487,389120,1.3011,1.3691,0,0.366512,0,1,1
box_detour_wall,oi_face_rot_pstall_mppi,17294,256,16,0,0,1,1,1,93,0.220085,0.193847,9.15442,0,0.748687,0.876373,0.418261,38.8983,41.0804,380928,1.2636,1.3246,0,0.418557,0,1,1
box_detour_wall,oi_face_rot_pstall_mppi,17301,256,16,0,0,1,1,1,115,0.22456,0.100081,9.8743,0,0.86531,1.23452,0.38063,43.7725,45.953,471040,1.2537,1.3477,0,0.380977,0,1,1
box_detour_wall,oi_face_rot_pstall_mppi,17308,256,16,0,0,1,1,1,85,0.242197,0.284381,7.28643,0,0.895661,1.45651,0.400129,34.011,35.4796,348160,1.2694,1.3689,0,0.400488,0,1,1
box_detour_wall,oi_face_rot_pstall_mppi,17315,256,16,0,0,1,1,1,163,0.154192,0.231749,12.9236,0,0.986583,1.75396,0.426372,69.4987,72.9114,667648,1.2614,1.3828,0,0.42666,0,1,1
box_detour_wall,oi_face_rot_pstall_mppi,17322,256,16,0,0,1,1,1,106,0.241238,0.0490702,8.27287,0,0.815176,1.3177,0.40561,42.9947,44.5698,434176,1.2428,1.3425,0,0.40586,0,1,1
box_detour_wall,oi_face_rot_pstall_mppi,17329,256,16,0,0,1,1,1,131,0.244586,0.229162,12.4764,0,0.937542,1.6272,0.479379,62.7986,65.9354,536576,1.2831,1.3665,0,0.479739,0,1,1
box_detour_wall,oi_face_rot_pstall_mppi,17336,256,16,0,0,1,1,1,79,0.24815,0.0176223,6.8603,0,0.997608,1.68447,0.479924,37.914,40.3423,323584,1.3414,1.3748,0,0.480437,0,1,1
box_detour_wall,oi_face_rot_pstall_mppi,17343,256,16,0,0,1,1,1,87,0.194569,0.192294,7.28369,0,0.851132,1.3168,0.438801,38.1757,40.3965,356352,1.2683,1.38,0,0.439224,0,1,1
box_detour_wall,oi_face_rot_pstall_mppi,17350,256,16,0,0,1,1,1,97,0.241617,0.263731,6.85152,0,0.884393,1.43821,0.445042,43.1691,45.9266,397312,1.3285,1.3771,0,0.445536,0,1,1
box_detour_wall,oi_face_rot_pstall_mppi,17357,256,16,0,0,1,1,1,135,0.155507,0.319128,10.9797,0,0.871755,1.45232,0.460545,62.1736,66.041,552960,1.2637,1.3888,0,0.460847,0,1,1
box_detour_wall,oi_face_rot_pstall_mppi,17364,256,16,0,0,1,1,1,115,0.238733,0.116908,8.91343,0,0.768428,1.09466,0.482095,55.4409,58.083,471040,1.2661,1.3911,0,0.482425,0,1,1
box_detour_wall,oi_face_rot_pstall_mppi,17371,256,16,0,0,1,1,1,64,0.244373,0.0820272,5.84863,0,0.811483,1.05867,0.403459,25.8214,27.8724,262144,1.2742,1.3472,0,0.404061,0,1,1
box_detour_wall,oi_face_rot_pstall_mppi,17378,256,16,0,0,1,1,1,129,0.236434,0.130064,8.70242,0,0.716707,1.0675,0.460302,59.379,62.748,528384,1.3146,1.3785,0,0.460667,0,1,1
box_detour_wall,oi_face_rot_pstall_mppi,17385,256,16,0,0,1,1,1,78,0.202533,0.153554,8.25719,0,0.937382,1.24129,0.473953,36.9683,39.2539,319488,1.2516,1.3411,0,0.474482,0,1,1
box_detour_wall,oi_face_rot_pstall_mppi,17392,256,16,0,0,1,1,1,71,0.218977,0.267055,6.40778,0,1.00028,1.65464,0.398887,28.321,30.2082,290816,1.1338,1.305,0,0.399437,0,1,1
box_detour_wall,oi_face_rot_pstall_mppi,17399,256,16,0,0,1,1,1,102,0.177232,0.0352283,8.21836,0,0.993843,1.85703,0.411118,41.934,44.9473,417792,1.1279,1.3104,0,0.411557,0,1,1
box_detour_wall,oi_face_rot_pstall_mppi,17406,256,16,0,0,1,1,1,103,0.206106,0.0757677,6.98598,0,1.00077,2.10986,0.394943,40.6791,43.9606,421888,1.127,1.3263,0,0.395355,0,1,1
box_detour_wall,oi_face_rot_pstall_mppi,17413,256,16,0,0,1,1,1,111,0.244295,0.308328,8.39339,0,0.844596,1.35628,0.485871,53.9317,56.8214,454656,1.175,1.3343,0,0.48631,0,1,1
box_detour_wall,oi_face_rot_pstall_mppi,17420,256,16,0,0,1,1,1,71,0.23365,0.191926,5.83794,0,0.827584,1.30608,0.371553,26.3803,27.6627,290816,1.1915,1.3942,0,0.371952,0,1,1
box_detour_wall,oi_face_rot_pstall_mppi,17427,256,16,0,0,1,1,1,116,0.203372,0.139646,12.4897,0,0.754333,0.891671,0.415471,48.1947,51.6152,475136,1.2492,1.3387,0,0.415902,0,1,1
box_detour_wall,oi_face_rot_pstall_mppi,17434,256,16,0,0,1,1,1,118,0.172701,0.0191395,7.79655,0,0.907224,1.44452,0.409695,48.344,51.0907,483328,1.258,1.3645,0,0.41007,0,1,1
box_detour_wall,oi_face_rot_pstall_mppi,17441,256,16,0,0,1,1,1,95,0.163871,0.210097,7.62332,0,0.864053,1.27796,0.457542,43.4665,46.1543,389120,1.2955,1.3675,0,0.45801,0,1,1
box_detour_wall,oi_face_rot_pstall_mppi,17448,256,16,0,0,1,1,1,70,0.248392,0.0707794,5.84198,0,0.834961,1.34167,0.477367,33.4157,35.2963,286720,1.2242,1.3613,0,0.477863,0,1,1
box_detour_wall,oi_face_rot_pstall_mppi,17455,256,16,0,0,1,1,1,86,0.217334,0.108958,5.74454,0,0.870302,1.3844,0.429271,36.9173,39.2352,352256,1.2443,1.3445,0,0.42973,0,1,1
box_detour_wall,oi_face_rot_pstall_mppi,17462,256,16,0,0,1,1,1,149,0.221844,0.195897,10.1036,0,0.855477,1.36039,0.426061,63.4831,67.8414,610304,1.1594,1.2965,0,0.426452,0,1,1
box_detour_wall,oi_face_rot_pstall_mppi,17469,256,16,0,0,1,1,1,88,0.237685,0.0622093,7.20155,0,1.00267,1.63962,0.414522,36.4779,38.59,360448,1.2539,1.3185,0,0.415026,0,1,1
box_detour_wall,oi_face_rot_pstall_mppi,17476,256,16,0,0,1,1,1,104,0.238853,0.0660317,6.90577,0,0.92367,1.6924,0.415958,43.2596,46.4855,425984,1.248,1.3705,0,0.416433,0,1,1
box_detour_wall,oi_face_rot_pstall_mppi,17483,256,16,0,0,1,1,1,77,0.231666,0.0139618,6.01041,0,0.856292,1.42121,0.412044,31.7274,33.8452,315392,1.251,1.3962,0,0.41247,0,1,1
box_detour_wall,oi_face_rot_pstall_mppi,17490,256,16,0,0,1,1,1,99,0.197043,0.029618,7.03145,0,0.906733,1.61106,0.39094,38.7031,42.1311,405504,1.2121,1.3324,0,0.391519,0,1,1
box_detour_wall,oi_face_rot_pstall_mppi,17497,256,16,0,0,1,1,1,115,0.228754,0.182592,8.27524,0,0.867016,1.38005,0.379951,43.6944,46.9226,471040,1.2453,1.3641,0,0.380346,0,1,1
box_detour_wall,oi_face_rot_pstall_mppi,17504,256,16,0,0,1,1,1,189,0.240654,0.190817,13.224,0,0.980697,1.6593,0.388928,73.5073,77.8988,774144,1.2372,1.3663,0,0.389237,0,1,1
box_detour_wall,oi_face_rot_pstall_mppi,17511,256,16,0,0,1,1,1,80,0.21741,0.222193,8.5021,0,0.65782,0.687705,0.431326,34.5061,36.3247,327680,1.2589,1.37,0,0.43177,0,1,1
box_detour_wall,oi_face_rot_pstall_mppi,17518,256,16,0,0,1,1,1,78,0.237972,0.0177182,6.18699,0,0.771079,1.19688,0.410399,32.0111,34.3383,319488,1.2441,1.3351,0,0.410836,0,1,1
box_detour_wall,oi_face_rot_pstall_mppi,17525,256,16,0,0,1,1,1,72,0.219424,0.199363,5.91638,0,0.892147,1.32356,0.379882,27.3515,29.5286,294912,1.0023,1.3482,0,0.380421,0,1,1
box_detour_wall,oi_face_rot_pstall_mppi,17532,256,16,0,0,1,1,1,71,0.245134,0.16128,5.72842,0,0.807667,1.29061,0.452928,32.1579,34.4357,290816,1.2602,1.3382,0,0.453438,0,1,1
box_detour_wall,oi_face_rot_pstall_mppi,17539,256,16,0,0,1,1,1,121,0.198748,0.0697632,7.532,0,0.874377,1.72199,0.374845,45.3562,49.6558,495616,1.1155,1.317,0,0.375294,0,1,1
box_detour_wall,oi_face_rot_pstall_mppi,17546,256,16,0,0,1,1,1,100,0.24915,0.083945,8.86139,0,0.871591,1.19549,0.374168,37.4168,40.4193,409600,1.0838,1.3709,0,0.374619,0,1,1
box_detour_wall,oi_face_rot_pstall_mppi,17553,256,16,0,0,1,1,1,148,0.195768,0.0143469,11.2299,0,0.74454,1.12661,0.369151,54.6344,58.6915,606208,1.2461,1.3744,0,0.369567,0,1,1
box_detour_wall,oi_face_rot_pstall_mppi,17560,256,16,0,0,1,1,1,138,0.209542,0.143213,10.6276,0,0.851062,1.4511,0.398617,55.0092,59.041,565248,1.2498,1.3248,0,0.399063,0,1,1
box_detour_wall,oi_face_rot_pstall_mppi,17567,256,16,0,0,1,1,1,100,0.232534,0.169406,7.15573,0,0.979671,1.74498,0.44356,44.356,47.2295,409600,1.2747,1.3314,0,0.444021,0,1,1
box_detour_wall,oi_face_rot_pstall_mppi,17574,256,16,0,0,1,1,1,113,0.175969,0.0320085,10.1993,0,0.948598,1.55537,0.392196,44.3181,47.0639,462848,1.0917,1.3289,0,0.392524,0,1,1
box_detour_wall,oi_face_rot_pstall_mppi,17581,256,16,0,0,1,1,1,124,0.199262,0.0961398,7.65617,0,0.866461,1.5269,0.374046,46.3817,49.6782,507904,1.2461,1.3387,0,0.37444,0,1,1
box_detour_wall,oi_face_rot_pstall_mppi,17588,256,16,0,0,1,1,1,102,0.215591,0.0123089,7.66895,0,0.924933,1.65062,0.404717,41.2811,44.3624,417792,1.1658,1.3789,0,0.405241,0,1,1
box_detour_wall,oi_face_rot_pstall_mppi,17595,256,16,0,0,1,1,1,143,0.206331,0.0158309,9.63597,0,0.753258,1.17956,0.392305,56.0996,61.0005,585728,1.0851,1.2735,0,0.392813,0,1,1
box_detour_wall,oi_face_rot_pstall_mppi,17602,256,16,0,0,1,1,1,94,0.209122,0.250154,7.49366,0,0.888437,1.42252,0.387412,36.4167,38.4946,385024,1.2295,1.3243,0,0.38781,0,1,1
box_detour_wall,oi_face_rot_pstall_mppi,17609,256,16,0,0,1,1,1,111,0.239772,0.019057,8.33806,0,0.928313,1.60618,0.384855,42.7189,45.4885,454656,1.2437,1.3849,0,0.38529,0,1,1
box_detour_wall,oi_face_rot_pstall_mppi,17616,256,16,0,0,1,1,1,122,0.218239,0.090786,8.88872,0,0.757168,1.14688,0.388924,47.4487,51.1782,499712,1.1558,1.3842,0,0.389306,0,1,1
box_detour_wall,oi_face_rot_pstall_mppi,17623,256,16,0,0,1,1,1,73,0.205667,0.0415574,5.85551,0,0.814229,1.28008,0.356183,26.0014,27.651,299008,1.2307,1.3694,0,0.356638,0,1,1
box_detour_wall,oi_face_rot_pstall_mppi,17630,256,16,0,0,1,1,1,115,0.184928,0.0308601,10.5209,0,0.847869,1.20951,0.391633,45.0378,48.6006,471040,1.1178,1.3702,0,0.392046,0,1,1
box_detour_wall,oi_face_rot_pstall_mppi,17637,256,16,0,0,1,1,1,107,0.209554,0.269304,8.92346,0,0.850963,1.46059,0.430423,46.0553,49.0272,438272,1.1956,1.2839,0,0.430894,0,1,1
box_detour_wall,oi_face_rot_pstall_mppi,17644,256,16,0,0,1,1,1,104,0.23141,0.116851,9.50987,0,0.808503,1.25935,0.411992,42.8472,45.5123,425984,1.0647,1.2921,0,0.412426,0,1,1
box_detour_wall,oi_face_rot_pstall_mppi,17651,256,16,0,0,1,1,1,95,0.246479,0.073137,8.17321,0,0.962993,1.65549,0.377867,35.8974,38.1654,389120,0.9769,1.3321,0,0.37832,0,1,1
box_detour_wall,oi_face_rot_pstall_mppi,17658,256,16,0,0,1,1,1,102,0.207603,0.0315938,6.86296,0,1.01222,2.07936,0.300071,30.6072,33.233,417792,0.5712,1.2932,0,0.300481,0,1,1
box_detour_wall,oi_face_rot_pstall_mppi,17665,256,16,0,0,1,1,1,136,0.210021,0.0272148,9.82036,0,0.733162,1.05508,0.348735,47.428,50.7848,557056,1.0699,1.3814,0,0.349087,0,1,1
box_detour_wall,oi_face_rot_pstall_mppi,17672,256,16,0,0,1,1,1,112,0.190812,0.143025,8.07709,0,0.59378,0.788965,0.353009,39.537,42.1884,458752,1.0711,1.3069,0,0.353436,0,1,1
box_detour_wall,oi_face_rot_pstall_mppi,17679,256,16,0,0,1,1,1,116,0.233324,0.211447,9.70726,0,0.826327,1.24069,0.360425,41.8093,44.8772,475136,0.9777,1.3402,0,0.360827,0,1,1
box_detour_wall,oi_face_rot_pstall_mppi,17686,256,16,0,0,1,1,1,75,0.184146,0.0905414,5.91212,0,0.943014,1.53976,0.400107,30.008,32.5938,307200,1.0701,1.3141,0,0.400612,0,1,1
box_detour_wall,oi_face_rot_pstall_mppi,17693,256,16,0,0,1,1,1,117,0.239624,0.284157,9.12678,0,1.1387,2.48877,0.402008,47.0349,51.0933,479232,1.2325,1.3717,0,0.402475,0,1,1
box_detour_wall,oi_face_rot_pstall_mppi,17700,256,16,0,0,1,1,1,100,0.216871,0.0387433,7.15749,0,0.869319,1.46968,0.423749,42.3749,45.7231,409600,1.2583,1.3114,0,0.424293,0,1,1
box_detour_wall,oi_face_rot_pstall_mppi,17707,256,16,0,0,1,1,1,65,0.187565,0.104988,6.1416,0,0.998228,1.65948,0.371846,24.17,26.4182,266240,1.1686,1.2508,0,0.372575,0,1,1
box_detour_wall,oi_face_rot_pstall_mppi,17714,256,16,0,0,1,1,1,85,0.226214,0.0184314,6.41374,0,0.918133,1.43564,0.420314,35.7267,39.254,348160,1.1649,1.2561,0,0.420856,0,1,1
box_detour_wall,oi_face_rot_pstall_mppi,17721,256,16,0,0,1,1,1,108,0.24578,0.0532673,8.11444,0,0.868569,1.48871,0.405615,43.8064,48.0626,442368,1.1646,1.3121,0,0.406178,0,1,1
box_detour_wall,oi_face_rot_pstall_mppi,17728,256,16,0,0,1,1,1,105,0.218365,0.0371343,7.58692,0,0.997195,1.89462,0.415144,43.5901,47.7269,430080,1.2371,1.3223,0,0.415657,0,1,1
box_detour_wall,oi_face_rot_pstall_mppi,17735,256,16,0,0,1,1,1,108,0.241027,0.117015,9.38741,0,0.981559,1.83641,0.408628,44.1318,48.4177,442368,1.2018,1.3758,0,0.409071,0,1,1
box_detour_wall,oi_face_rot_pstall_mppi,17742,256,16,0,0,1,1,1,100,0.23233,0.104141,7.12594,0,0.761318,1.20471,0.392125,39.2125,44.2603,409600,1.1874,1.438,0,0.392739,0,1,1
box_detour_wall,oi_face_rot_pstall_mppi,17749,256,16,0,0,1,1,1,88,0.249932,0.190969,7.28378,0,0.784063,1.07345,0.384865,33.8681,36.909,360448,1.2267,1.4122,0,0.385555,0,1,1
box_detour_wall,oi_face_rot_wide_mppi,17056,256,16,0,0,1,1,1,219,0.232081,0.155642,20.9951,0,0.730792,0.95742,0.380815,83.3984,94.0704,897024,1.2205,1.3821,0,0.381231,0,1,1
box_detour_wall,oi_face_rot_wide_mppi,17063,256,16,0,0,1,1,1,98,0.223777,0.277487,8.07425,0,1.02018,1.97555,0.408903,40.0725,44.0818,401408,1.2239,1.4082,0,0.409499,0,1,1
box_detour_wall,oi_face_rot_wide_mppi,17070,256,16,0,0,1,1,1,61,0.213134,0.0850819,5.43721,0,0.925272,1.38983,0.471843,28.7824,30.9785,249856,1.2083,1.283,0,0.472467,0,1,1
box_detour_wall,oi_face_rot_wide_mppi,17077,256,16,0,0,1,1,1,101,0.249013,0.0801113,6.93553,0,0.969615,1.7049,0.40529,40.9343,43.8931,413696,1.2546,1.3489,0,0.40575,0,1,1
box_detour_wall,oi_face_rot_wide_mppi,17084,256,16,0,0,1,1,1,102,0.235145,0.106594,8.72714,0,0.859858,1.16757,0.380979,38.8599,43.0674,417792,1.1982,1.3213,0,0.381535,0,1,1
box_detour_wall,oi_face_rot_wide_mppi,17091,256,16,0,0,1,1,1,104,0.233289,0.00587093,7.49159,0,0.936873,1.75301,0.432247,44.9537,49.0222,425984,1.2457,1.3293,0,0.432737,0,1,1
box_detour_wall,oi_face_rot_wide_mppi,17098,256,16,0,0,1,1,1,55,0.24786,0.276673,6.00954,0,0.858984,1.0714,0.461771,25.3974,27.6244,225280,1.27,1.5828,0,0.462987,0,1,1
box_detour_wall,oi_face_rot_wide_mppi,17105,256,16,0,0,1,1,1,96,0.245928,0.181191,6.56441,0,1.0043,1.96434,0.425273,40.8262,44.7875,393216,1.2837,1.552,0,0.425897,0,1,1
box_detour_wall,oi_face_rot_wide_mppi,17112,256,16,0,0,1,1,1,109,0.218353,0.12157,8.35965,0,0.828839,1.21043,0.407619,44.4305,48.3753,446464,1.2337,1.3287,0,0.408121,0,1,1
box_detour_wall,oi_face_rot_wide_mppi,17119,256,16,0,0,1,1,1,88,0.229099,0.209018,8.4466,0,0.860682,1.17047,0.271265,23.8713,26.0682,360448,0.5417,1.2638,0,0.271703,0,1,1
box_detour_wall,oi_face_rot_wide_mppi,17126,256,16,0,0,1,1,1,114,0.231832,0.197888,7.11691,0,0.819744,1.45046,0.459194,52.3481,55.6807,466944,1.2644,1.3399,0,0.459604,0,1,1
box_detour_wall,oi_face_rot_wide_mppi,17133,256,16,0,0,1,1,1,96,0.226065,0.105702,6.4497,0,0.791971,1.23398,0.368401,35.3665,38.6191,393216,1.2373,1.3045,0,0.369095,0,1,1
box_detour_wall,oi_face_rot_wide_mppi,17140,256,16,0,0,1,1,1,129,0.23057,0.0291192,9.56054,0,0.806395,1.40168,0.388083,50.0627,54.7032,528384,1.2513,1.3225,0,0.388581,0,1,1
box_detour_wall,oi_face_rot_wide_mppi,17147,256,16,0,0,1,1,1,105,0.237198,0.179097,7.97676,0,0.765439,1.20977,0.44254,46.4667,49.8369,430080,1.2603,1.3066,0,0.443122,0,1,1
box_detour_wall,oi_face_rot_wide_mppi,17154,256,16,0,0,1,1,1,112,0.207992,0.070212,7.82269,0,0.845668,1.41083,0.398427,44.6238,48.0748,458752,1.2554,1.3348,0,0.39887,0,1,1
box_detour_wall,oi_face_rot_wide_mppi,17161,256,16,0,0,1,1,1,79,0.204573,0.00587139,6.56526,0,0.800193,1.20862,0.477044,37.6865,40.2647,323584,1.257,1.3236,0,0.477619,0,1,1
box_detour_wall,oi_face_rot_wide_mppi,17168,256,16,0,0,1,1,1,54,0.242503,0.0357567,5.80861,0,0.656505,0.712515,0.424389,22.917,24.7147,221184,1.2453,1.3336,0,0.424965,0,1,1
box_detour_wall,oi_face_rot_wide_mppi,17175,256,16,0,0,1,1,1,184,0.245451,0.183673,13.9289,0,0.940461,1.50034,0.373895,68.7966,74.002,753664,1.1457,1.3146,0,0.374238,0,1,1
box_detour_wall,oi_face_rot_wide_mppi,17182,256,16,0,0,1,1,1,127,0.232082,0.0540857,10.8356,0,0.795178,1.06661,0.382232,48.5435,53.1188,520192,1.1057,1.2556,0,0.382647,0,1,1
box_detour_wall,oi_face_rot_wide_mppi,17189,256,16,0,0,1,1,1,66,0.243,0.298947,6.15849,0,0.959265,1.4405,0.405464,26.7606,28.9065,270336,1.1878,1.3671,0,0.406077,0,1,1
box_detour_wall,oi_face_rot_wide_mppi,17196,256,16,0,0,1,1,1,121,0.217238,0.0408017,8.71978,0,0.986106,1.98161,0.367074,44.4159,47.9621,495616,1.0965,1.3231,0,0.367496,0,1,1
box_detour_wall,oi_face_rot_wide_mppi,17203,256,16,0,0,1,1,1,109,0.197775,0.0363512,9.79819,0,0.826257,1.17881,0.368438,40.1598,43.8628,446464,1.0254,1.275,0,0.369247,0,1,1
box_detour_wall,oi_face_rot_wide_mppi,17210,256,16,0,0,1,1,1,92,0.248839,0.046155,7.23731,0,0.909239,1.49849,0.335426,30.8592,34.0064,376832,0.9347,1.3246,0,0.335914,0,1,1
box_detour_wall,oi_face_rot_wide_mppi,17217,256,16,0,0,1,1,1,91,0.237561,0.0766927,7.40355,0,0.967845,1.48312,0.357368,32.5205,35.158,372736,1.0943,1.345,0,0.357831,0,1,1
box_detour_wall,oi_face_rot_wide_mppi,17224,256,16,0,0,1,1,1,99,0.224706,0.0498781,7.32959,0,0.796633,1.17464,0.370941,36.7232,40.3343,405504,0.956,1.3389,0,0.371521,0,1,1
box_detour_wall,oi_face_rot_wide_mppi,17231,256,16,0,0,1,1,1,79,0.24497,0.285787,7.90685,0,0.877043,1.14253,0.4005,31.6395,33.7911,323584,0.9975,1.0982,0,0.401035,0,1,1
box_detour_wall,oi_face_rot_wide_mppi,17238,256,16,0,0,1,1,1,98,0.180885,0.298198,7.22438,0,0.890873,1.48904,0.376469,36.894,39.7753,401408,1.1785,1.3737,0,0.376977,0,1,1
box_detour_wall,oi_face_rot_wide_mppi,17245,256,16,0,0,1,1,1,108,0.237737,0.00395078,11.6961,0,0.756915,0.921029,0.322766,34.8587,37.5213,442368,0.8549,1.3234,0,0.323215,0,1,1
box_detour_wall,oi_face_rot_wide_mppi,17252,256,16,0,0,1,1,1,112,0.224152,0.0685776,9.9005,0,0.970235,1.7032,0.303584,34.0014,36.6262,458752,0.5424,1.2862,0,0.303923,0,1,1
box_detour_wall,oi_face_rot_wide_mppi,17259,256,16,0,0,1,1,1,130,0.24731,0.0661539,9.33324,0,0.797502,1.33322,0.338252,43.9728,47.3242,532480,0.992,1.351,0,0.338778,0,1,1
box_detour_wall,oi_face_rot_wide_mppi,17266,256,16,0,0,1,1,1,127,0.216863,0.144797,9.88562,0,0.874603,1.37702,0.404864,51.4177,55.1174,520192,1.1237,1.3441,0,0.405259,0,1,1
box_detour_wall,oi_face_rot_wide_mppi,17273,256,16,0,0,1,1,1,152,0.0194476,0.290414,8.99832,0,1.01975,1.96786,0.402776,61.222,66.027,622592,1.0566,1.3614,0,0.403225,0,1,1
box_detour_wall,oi_face_rot_wide_mppi,17280,256,16,0,0,1,1,1,136,0.217639,0.049166,10.3967,0,0.806965,1.29255,0.38868,52.8605,56.4455,557056,1.2475,1.3457,0,0.389162,0,1,1
box_detour_wall,oi_face_rot_wide_mppi,17287,256,16,0,0,1,1,1,95,0.221255,0.206637,7.61986,0,1.07613,2.07775,0.402137,38.203,41.053,389120,1.0093,1.3908,0,0.402687,0,1,1
box_detour_wall,oi_face_rot_wide_mppi,17294,256,16,0,0,1,1,1,93,0.220085,0.193847,9.15442,0,0.748687,0.876373,0.392421,36.4952,38.9837,380928,1.0573,1.2502,0,0.392974,0,1,1
box_detour_wall,oi_face_rot_wide_mppi,17301,256,16,0,0,1,1,1,115,0.22456,0.100081,9.8743,0,0.86531,1.23452,0.371211,42.6893,46.1363,471040,1.0423,1.3355,0,0.37163,0,1,1
box_detour_wall,oi_face_rot_wide_mppi,17308,256,16,0,0,1,1,1,85,0.242197,0.284381,7.28643,0,0.895661,1.45651,0.379946,32.2954,34.9581,348160,1.0498,1.3157,0,0.380505,0,1,1
box_detour_wall,oi_face_rot_wide_mppi,17315,256,16,0,0,1,1,1,163,0.154192,0.231749,12.9236,0,0.986583,1.75396,0.339722,55.3747,59.7387,667648,0.931,1.2587,0,0.340071,0,1,1
box_detour_wall,oi_face_rot_wide_mppi,17322,256,16,0,0,1,1,1,106,0.241238,0.0490702,8.27287,0,0.815176,1.3177,0.360448,38.2075,41.4985,434176,0.9268,1.3272,0,0.360924,0,1,1
box_detour_wall,oi_face_rot_wide_mppi,17329,256,16,0,0,1,1,1,131,0.244586,0.229162,12.4764,0,0.937542,1.6272,0.387076,50.707,54.9993,536576,0.9914,1.2725,0,0.387505,0,1,1
box_detour_wall,oi_face_rot_wide_mppi,17336,256,16,0,0,1,1,1,79,0.24815,0.0176223,6.8603,0,0.997608,1.68447,0.357277,28.2249,30.3516,323584,1.0116,1.3193,0,0.357814,0,1,1
box_detour_wall,oi_face_rot_wide_mppi,17343,256,16,0,0,1,1,1,87,0.194569,0.192294,7.28369,0,0.851132,1.3168,0.361892,31.4846,33.889,356352,0.9635,1.2637,0,0.362363,0,1,1
box_detour_wall,oi_face_rot_wide_mppi,17350,256,16,0,0,1,1,1,97,0.241617,0.263731,6.85152,0,0.884393,1.43821,0.381326,36.9886,40.0388,397312,1.097,1.3472,0,0.381832,0,1,1
box_detour_wall,oi_face_rot_wide_mppi,17357,256,16,0,0,1,1,1,135,0.155507,0.319128,10.9797,0,0.871755,1.45232,0.314077,42.4004,45.6373,552960,0.8973,1.331,0,0.314463,0,1,1
box_detour_wall,oi_face_rot_wide_mppi,17364,256,16,0,0,1,1,1,115,0.238733,0.116908,8.91343,0,0.768428,1.09466,0.373681,42.9733,46.656,471040,1.0006,1.3456,0,0.374167,0,1,1
box_detour_wall,oi_face_rot_wide_mppi,17371,256,16,0,0,1,1,1,64,0.244373,0.0820272,5.84863,0,0.811483,1.05867,0.392997,25.1518,27.4787,262144,0.932,1.3551,0,0.393697,0,1,1
box_detour_wall,oi_face_rot_wide_mppi,17378,256,16,0,0,1,1,1,129,0.236434,0.130064,8.70242,0,0.716707,1.0675,0.328588,42.3879,46.6556,528384,0.8667,1.3451,0,0.328982,0,1,1
box_detour_wall,oi_face_rot_wide_mppi,17385,256,16,0,0,1,1,1,78,0.202533,0.153554,8.25719,0,0.937382,1.24129,0.39846,31.0799,33.0399,319488,1.2298,1.3465,0,0.398888,0,1,1
box_detour_wall,oi_face_rot_wide_mppi,17392,256,16,0,0,1,1,1,71,0.218977,0.267055,6.40778,0,1.00028,1.65464,0.440461,31.2727,33.4803,290816,1.2429,1.3662,0,0.441066,0,1,1
box_detour_wall,oi_face_rot_wide_mppi,17399,256,16,0,0,1,1,1,102,0.177232,0.0352283,8.21836,0,0.993843,1.85703,0.374001,38.1481,40.7264,417792,0.9788,1.26,0,0.374389,0,1,1
box_detour_wall,oi_face_rot_wide_mppi,17406,256,16,0,0,1,1,1,103,0.206106,0.0757677,6.98598,0,1.00077,2.10986,0.356935,36.7643,40.0711,421888,0.8661,1.3745,0,0.357357,0,1,1
box_detour_wall,oi_face_rot_wide_mppi,17413,256,16,0,0,1,1,1,111,0.244295,0.308328,8.39339,0,0.844596,1.35628,0.322019,35.7441,38.2951,454656,0.6816,1.3429,0,0.322392,0,1,1
box_detour_wall,oi_face_rot_wide_mppi,17420,256,16,0,0,1,1,1,71,0.23365,0.191926,5.83794,0,0.827584,1.30608,0.324608,23.0472,24.4367,290816,0.9546,1.3551,0,0.325041,0,1,1
box_detour_wall,oi_face_rot_wide_mppi,17427,256,16,0,0,1,1,1,116,0.203372,0.139646,12.4897,0,0.754333,0.891671,0.318108,36.9005,39.2461,475136,0.8918,1.3389,0,0.318389,0,1,1
box_detour_wall,oi_face_rot_wide_mppi,17434,256,16,0,0,1,1,1,118,0.172701,0.0191395,7.79655,0,0.907224,1.44452,0.332247,39.2052,42.5043,483328,0.8762,1.2951,0,0.332652,0,1,1
box_detour_wall,oi_face_rot_wide_mppi,17441,256,16,0,0,1,1,1,95,0.163871,0.210097,7.62332,0,0.864053,1.27796,0.35581,33.802,36.4639,389120,0.8775,1.2943,0,0.356214,0,1,1
box_detour_wall,oi_face_rot_wide_mppi,17448,256,16,0,0,1,1,1,70,0.248392,0.0707794,5.84198,0,0.834961,1.34167,0.401266,28.0886,30.1331,286720,1.1023,1.3789,0,0.40176,0,1,1
box_detour_wall,oi_face_rot_wide_mppi,17455,256,16,0,0,1,1,1,86,0.217334,0.108958,5.74454,0,0.870302,1.3844,0.472521,40.6368,43.4926,352256,1.1705,1.3284,0,0.47294,0,1,1
box_detour_wall,oi_face_rot_wide_mppi,17462,256,16,0,0,1,1,1,149,0.221844,0.195897,10.1036,0,0.855477,1.36039,0.376895,56.1574,60.1545,610304,1.0915,1.3655,0,0.377286,0,1,1
box_detour_wall,oi_face_rot_wide_mppi,17469,256,16,0,0,1,1,1,88,0.237685,0.0622093,7.20155,0,1.00267,1.63962,0.424675,37.3714,39.6555,360448,1.0542,1.3346,0,0.425047,0,1,1
box_detour_wall,oi_face_rot_wide_mppi,17476,256,16,0,0,1,1,1,104,0.238853,0.0660317,6.90577,0,0.92367,1.6924,0.385919,40.1356,41.8078,425984,1.0253,1.2625,0,0.386246,0,1,1
box_detour_wall,oi_face_rot_wide_mppi,17483,256,16,0,0,1,1,1,77,0.231666,0.0139618,6.01041,0,0.856292,1.42121,0.451261,34.7471,36.7199,315392,1.135,1.3499,0,0.451728,0,1,1
box_detour_wall,oi_face_rot_wide_mppi,17490,256,16,0,0,1,1,1,99,0.197043,0.029618,7.03145,0,0.906733,1.61106,0.434376,43.0032,45.7142,405504,1.1616,1.2642,0,0.434819,0,1,1
box_detour_wall,oi_face_rot_wide_mppi,17497,256,16,0,0,1,1,1,115,0.228754,0.182592,8.27524,0,0.867016,1.38005,0.419681,48.2633,50.7753,471040,1.0528,1.2599,0,0.420054,0,1,1
box_detour_wall,oi_face_rot_wide_mppi,17504,256,16,0,0,1,1,1,189,0.240654,0.190817,13.224,0,0.980697,1.6593,0.316418,59.803,64.9821,774144,0.768,1.3343,0,0.316816,0,1,1
box_detour_wall,oi_face_rot_wide_mppi,17511,256,16,0,0,1,1,1,80,0.21741,0.222193,8.5021,0,0.65782,0.687705,0.369698,29.5758,32.1832,327680,0.9411,1.3601,0,0.370176,0,1,1
box_detour_wall,oi_face_rot_wide_mppi,17518,256,16,0,0,1,1,1,78,0.237972,0.0177182,6.18699,0,0.771079,1.19688,0.389724,30.3985,32.6047,319488,1.1679,1.2881,0,0.39022,0,1,1
box_detour_wall,oi_face_rot_wide_mppi,17525,256,16,0,0,1,1,1,72,0.219424,0.199363,5.91638,0,0.892147,1.32356,0.516145,37.1624,39.3466,294912,1.2568,1.3029,0,0.516683,0,1,1
box_detour_wall,oi_face_rot_wide_mppi,17532,256,16,0,0,1,1,1,71,0.245134,0.16128,5.72842,0,0.807667,1.29061,0.483531,34.3307,35.9621,290816,1.2749,1.3851,0,0.484032,0,1,1
box_detour_wall,oi_face_rot_wide_mppi,17539,256,16,0,0,1,1,1,121,0.198748,0.0697632,7.532,0,0.874377,1.72199,0.431463,52.207,55.8151,495616,1.2572,1.3353,0,0.431838,0,1,1
box_detour_wall,oi_face_rot_wide_mppi,17546,256,16,0,0,1,1,1,100,0.24915,0.083945,8.86139,0,0.871591,1.19549,0.468117,46.8117,49.481,409600,1.2622,1.3752,0,0.468577,0,1,1
box_detour_wall,oi_face_rot_wide_mppi,17553,256,16,0,0,1,1,1,148,0.195768,0.0143469,11.2299,0,0.74454,1.12661,0.510339,75.5301,79.4701,606208,1.2678,1.3773,0,0.510765,0,1,1
box_detour_wall,oi_face_rot_wide_mppi,17560,256,16,0,0,1,1,1,138,0.209542,0.143213,10.6276,0,0.851062,1.4511,0.421757,58.2025,61.1313,565248,1.2621,1.3492,0,0.422088,0,1,1
box_detour_wall,oi_face_rot_wide_mppi,17567,256,16,0,0,1,1,1,100,0.232534,0.169406,7.15573,0,0.979671,1.74498,0.484238,48.4238,51.3197,409600,1.2537,1.3196,0,0.484746,0,1,1
box_detour_wall,oi_face_rot_wide_mppi,17574,256,16,0,0,1,1,1,113,0.175969,0.0320085,10.1993,0,0.948598,1.55537,0.409425,46.265,48.8616,462848,1.2448,1.3439,0,0.40979,0,1,1
box_detour_wall,oi_face_rot_wide_mppi,17581,256,16,0,0,1,1,1,124,0.199262,0.0961398,7.65617,0,0.866461,1.5269,0.281053,34.8506,37.6457,507904,0.6342,1.3579,0,0.281394,0,1,1
box_detour_wall,oi_face_rot_wide_mppi,17588,256,16,0,0,1,1,1,102,0.215591,0.0123089,7.66895,0,0.924933,1.65062,0.474121,48.3603,50.8865,417792,1.2537,1.3879,0,0.474543,0,1,1
box_detour_wall,oi_face_rot_wide_mppi,17595,256,16,0,0,1,1,1,143,0.206331,0.0158309,9.63597,0,0.753258,1.17956,0.363199,51.9375,54.9022,585728,1.2391,1.338,0,0.363539,0,1,1
box_detour_wall,oi_face_rot_wide_mppi,17602,256,16,0,0,1,1,1,94,0.209122,0.250154,7.49366,0,0.888437,1.42252,0.400649,37.661,39.9143,385024,1.1525,1.2597,0,0.40101,0,1,1
box_detour_wall,oi_face_rot_wide_mppi,17609,256,16,0,0,1,1,1,111,0.239772,0.019057,8.33806,0,0.928313,1.60618,0.432208,47.9751,51.2029,454656,1.2548,1.3394,0,0.432658,0,1,1
box_detour_wall,oi_face_rot_wide_mppi,17616,256,16,0,0,1,1,1,122,0.218239,0.090786,8.88872,0,0.757168,1.14688,0.440735,53.7697,57.6853,499712,1.0871,1.31,0,0.441129,0,1,1
box_detour_wall,oi_face_rot_wide_mppi,17623,256,16,0,0,1,1,1,73,0.205667,0.0415574,5.85551,0,0.814229,1.28008,0.302197,22.0604,23.8231,299008,0.8887,1.2422,0,0.302658,0,1,1
box_detour_wall,oi_face_rot_wide_mppi,17630,256,16,0,0,1,1,1,115,0.184928,0.0308601,10.5209,0,0.847869,1.20951,0.425286,48.9079,51.1044,471040,1.1495,1.3045,0,0.425622,0,1,1
box_detour_wall,oi_face_rot_wide_mppi,17637,256,16,0,0,1,1,1,107,0.209554,0.269304,8.92346,0,0.850963,1.46059,0.38034,40.6964,42.9371,438272,1.0104,1.3712,0,0.380734,0,1,1
box_detour_wall,oi_face_rot_wide_mppi,17644,256,16,0,0,1,1,1,104,0.23141,0.116851,9.50987,0,0.808503,1.25935,0.435966,45.3405,47.4151,425984,1.187,1.3005,0,0.436375,0,1,1
box_detour_wall,oi_face_rot_wide_mppi,17651,256,16,0,0,1,1,1,95,0.246479,0.073137,8.17321,0,0.962993,1.65549,0.501506,47.6431,50.8311,389120,1.336,1.3943,0,0.501992,0,1,1
box_detour_wall,oi_face_rot_wide_mppi,17658,256,16,0,0,1,1,1,102,0.207603,0.0315938,6.86296,0,1.01222,2.07936,0.475862,48.5379,51.6464,417792,1.2422,1.2901,0,0.476333,0,1,1
box_detour_wall,oi_face_rot_wide_mppi,17665,256,16,0,0,1,1,1,136,0.210021,0.0272148,9.82036,0,0.733162,1.05508,0.459358,62.4727,66.5509,557056,1.2779,1.3927,0,0.459704,0,1,1
box_detour_wall,oi_face_rot_wide_mppi,17672,256,16,0,0,1,1,1,112,0.190812,0.143025,8.07709,0,0.59378,0.788965,0.4752,53.2224,55.9145,458752,1.2527,1.3567,0,0.475586,0,1,1
box_detour_wall,oi_face_rot_wide_mppi,17679,256,16,0,0,1,1,1,116,0.233324,0.211447,9.70726,0,0.826327,1.24069,0.468586,54.356,58.4485,475136,1.2384,1.3421,0,0.469006,0,1,1
box_detour_wall,oi_face_rot_wide_mppi,17686,256,16,0,0,1,1,1,75,0.184146,0.0905414,5.91212,0,0.943014,1.53976,0.451945,33.8959,36.6516,307200,1.2438,1.37,0,0.452528,0,1,1
box_detour_wall,oi_face_rot_wide_mppi,17693,256,16,0,0,1,1,1,117,0.239624,0.284157,9.12678,0,1.1387,2.48877,0.455333,53.2739,57.3703,479232,1.257,1.325,0,0.456038,0,1,1
box_detour_wall,oi_face_rot_wide_mppi,17700,256,16,0,0,1,1,1,100,0.216871,0.0387433,7.15749,0,0.869319,1.46968,0.430316,43.0316,46.2629,409600,1.2524,1.3251,0,0.430767,0,1,1
box_detour_wall,oi_face_rot_wide_mppi,17707,256,16,0,0,1,1,1,65,0.187565,0.104988,6.1416,0,0.998228,1.65948,0.409439,26.6135,27.822,266240,1.2118,1.3047,0,0.409842,0,1,1
box_detour_wall,oi_face_rot_wide_mppi,17714,256,16,0,0,1,1,1,85,0.226214,0.0184314,6.41374,0,0.918133,1.43564,0.468354,39.8101,42.3822,348160,1.2447,1.2994,0,0.468827,0,1,1
box_detour_wall,oi_face_rot_wide_mppi,17721,256,16,0,0,1,1,1,108,0.24578,0.0532673,8.11444,0,0.868569,1.48871,0.424626,45.8596,48.693,442368,1.2526,1.3469,0,0.425046,0,1,1
box_detour_wall,oi_face_rot_wide_mppi,17728,256,16,0,0,1,1,1,105,0.218365,0.0371343,7.58692,0,0.997195,1.89462,0.455185,47.7944,50.8687,430080,1.1924,1.3686,0,0.45562,0,1,1
box_detour_wall,oi_face_rot_wide_mppi,17735,256,16,0,0,1,1,1,108,0.241027,0.117015,9.38741,0,0.981559,1.83641,0.370021,39.9623,42.9631,442368,1.2102,1.284,0,0.370508,0,1,1
box_detour_wall,oi_face_rot_wide_mppi,17742,256,16,0,0,1,1,1,100,0.23233,0.104141,7.12594,0,0.761318,1.20471,0.510824,51.0824,53.5018,409600,1.2565,1.3357,0,0.511255,0,1,1
box_detour_wall,oi_face_rot_wide_mppi,17749,256,16,0,0,1,1,1,88,0.249932,0.190969,7.28378,0,0.784063,1.07345,0.439756,38.6985,41.2003,360448,1.2744,1.3226,0,0.440126,0,1,1
box_detour_wall_far,oi_face_rot_anchor_mppi,17356,256,16,0,0,1,1,1,112,0.227129,0.0197666,11.9704,0,0.838717,1.18243,0.446143,49.968,53.8293,458752,1.2956,1.3733,0,0.44658,0,1,1
box_detour_wall_far,oi_face_rot_anchor_mppi,17363,256,16,0,0,1,1,1,125,0.219299,0.18434,11.7075,0,0.886791,1.45719,0.430944,53.868,56.4921,512000,1.2438,1.3611,0,0.431281,0,1,1
box_detour_wall_far,oi_face_rot_anchor_mppi,17370,256,16,0,0,1,1,1,98,0.212407,0.102301,10.9449,0,0.866495,1.18018,0.369232,36.1847,38.9924,401408,1.1747,1.2808,0,0.369683,0,1,1
box_detour_wall_far,oi_face_rot_anchor_mppi,17377,256,16,0,0,1,1,1,100,0.248046,0.188756,9.04822,0,0.862852,1.28863,0.48003,48.003,52.3076,409600,1.2176,1.335,0,0.480507,0,1,1
box_detour_wall_far,oi_face_rot_anchor_mppi,17384,256,16,0,0,1,1,1,107,0.249665,0.216724,11.0151,0,0.862108,1.25538,0.422138,45.1688,48.6984,438272,1.1712,1.3799,0,0.422582,0,1,1
box_detour_wall_far,oi_face_rot_anchor_mppi,17391,256,16,0,0,1,1,1,106,0.241053,0.165807,10.4089,0,0.96211,1.70264,0.422069,44.7393,48.1188,434176,1.0943,1.2827,0,0.42251,0,1,1
box_detour_wall_far,oi_face_rot_anchor_mppi,17398,256,16,0,0,1,1,1,77,0.248914,0.144561,8.65809,0,0.815009,1.22845,0.402436,30.9876,33.1412,315392,1.1551,1.2506,0,0.403009,0,1,1
box_detour_wall_far,oi_face_rot_anchor_mppi,17405,256,16,0,0,1,1,1,88,0.172583,0.0534987,8.46457,0,0.904099,1.43604,0.452952,39.8598,42.4706,360448,1.2554,1.3262,0,0.453427,0,1,1
box_detour_wall_far,oi_face_rot_anchor_mppi,17412,256,16,0,0,1,1,1,87,0.245762,0.00691473,8.37524,0,0.897017,1.33614,0.488613,42.5093,45.0372,356352,1.2388,1.3348,0,0.489075,0,1,1
box_detour_wall_far,oi_face_rot_anchor_mppi,17419,256,16,0,0,1,1,1,48,0.246935,0.16884,6.81593,0,0.879588,1.0909,0.46436,22.2893,23.3772,196608,1.2468,1.3456,0,0.464913,0,1,1
box_detour_wall_far,oi_face_rot_anchor_mppi,17426,256,16,0,0,1,1,1,133,0.208934,0.000970002,11.928,0,0.935855,1.50088,0.454886,60.4999,64.6573,544768,1.2562,1.3948,0,0.45525,0,1,1
box_detour_wall_far,oi_face_rot_anchor_mppi,17433,256,16,0,0,1,1,1,109,0.209297,0.136507,8.85955,0,1.11064,2.33514,0.39941,43.5357,47.2158,446464,1.1872,1.2704,0,0.399868,0,1,1
box_detour_wall_far,oi_face_rot_anchor_mppi,17440,256,16,0,0,1,1,1,110,0.228101,0.19608,9.10091,0,0.943975,1.61622,0.402786,44.3065,48.2541,450560,1.1887,1.327,0,0.40338,0,1,1
box_detour_wall_far,oi_face_rot_anchor_mppi,17447,256,16,0,0,1,1,1,87,0.211169,0.101805,9.01591,0,1.14238,2.19615,0.280275,24.3839,27.0647,356352,0.5356,1.1834,0,0.280725,0,1,1
box_detour_wall_far,oi_face_rot_anchor_mppi,17454,256,16,0,0,1,1,1,118,0.194107,0.0589564,10.5277,0,0.809701,1.28652,0.405455,47.8437,51.0015,483328,1.2346,1.339,0,0.405903,0,1,1
box_detour_wall_far,oi_face_rot_anchor_mppi,17461,256,16,0,0,1,1,1,75,0.232873,0.0888771,7.5639,0,0.868888,1.35049,0.531436,39.8577,41.9324,307200,1.2514,1.2889,0,0.531941,0,1,1
box_detour_wall_far,oi_face_rot_anchor_mppi,17468,256,16,0,0,1,1,1,156,0.22212,0.22405,12.5087,0,0.867619,1.46472,0.389455,60.7549,64.5368,638976,1.1622,1.3217,0,0.389783,0,1,1
box_detour_wall_far,oi_face_rot_anchor_mppi,17475,256,16,0,0,1,1,1,121,0.207274,0.100336,12.5268,0,0.800817,1.06715,0.412778,49.9462,52.9765,495616,1.2045,1.3554,0,0.413183,0,1,1
box_detour_wall_far,oi_face_rot_anchor_mppi,17482,256,16,0,0,1,1,1,106,0.218629,0.11704,12.952,0,0.799869,1.12209,0.399818,42.3807,45.019,434176,1.0564,1.2951,0,0.400254,0,1,1
box_detour_wall_far,oi_face_rot_anchor_mppi,17489,256,16,0,0,1,1,1,80,0.191832,0.0468507,8.59096,0,1.04234,1.63742,0.470331,37.6265,39.9474,327680,1.2605,1.3637,0,0.47078,0,1,1
box_detour_wall_far,oi_face_rot_anchor_mppi,17496,256,16,0,0,1,1,1,124,0.242977,0.1419,12.3808,0,0.788569,1.14373,0.470348,58.3231,61.9488,507904,1.2433,1.3588,0,0.470701,0,1,1
box_detour_wall_far,oi_face_rot_anchor_mppi,17503,256,16,0,0,1,1,1,140,0.187614,0.143274,12.559,0,0.910628,1.50449,0.492067,68.8894,72.7837,573440,1.2508,1.3631,0,0.492415,0,1,1
box_detour_wall_far,oi_face_rot_anchor_mppi,17510,256,16,0,0,1,1,1,110,0.21156,0.0377953,12.1479,0,0.844418,1.1559,0.502902,55.3192,58.3611,450560,1.2644,1.3791,0,0.503295,0,1,1
box_detour_wall_far,oi_face_rot_anchor_mppi,17517,256,16,0,0,1,1,1,151,0.2381,0.266472,12.774,0,0.847884,1.2404,0.400531,60.4802,63.771,618496,1.2415,1.3608,0,0.400858,0,1,1
box_detour_wall_far,oi_face_rot_anchor_mppi,17524,256,16,0,0,1,1,1,92,0.245785,0.116183,9.1536,0,0.902389,1.38733,0.383398,35.2726,37.3601,376832,1.1651,1.2747,0,0.383823,0,1,1
box_detour_wall_far,oi_face_rot_anchor_mppi,17531,256,16,0,0,1,1,1,100,0.249044,0.134679,11.5936,0,0.812632,1.22802,0.473841,47.3841,49.7328,409600,1.2317,1.3796,0,0.474326,0,1,1
box_detour_wall_far,oi_face_rot_anchor_mppi,17538,256,16,0,0,1,1,1,98,0.243334,0.0320509,11.3296,0,0.717839,0.874942,0.446635,43.7702,46.5167,401408,1.1995,1.2962,0,0.447077,0,1,1
box_detour_wall_far,oi_face_rot_anchor_mppi,17545,256,16,0,0,1,1,1,92,0.236912,0.155825,8.41847,0,0.86546,1.38103,0.411045,37.8161,40.2871,376832,1.2419,1.3374,0,0.411398,0,1,1
box_detour_wall_far,oi_face_rot_anchor_mppi,17552,256,16,0,0,1,1,1,126,0.215674,0.0361457,11.7681,0,0.888844,1.43937,0.431693,54.3933,58.3176,516096,1.2072,1.3301,0,0.432094,0,1,1
box_detour_wall_far,oi_face_rot_anchor_mppi,17559,256,16,0,0,1,1,1,104,0.244496,0.0408689,11.6285,0,0.948701,1.45799,0.398136,41.4061,43.26,425984,1.2228,1.3377,0,0.398474,0,1,1
box_detour_wall_far,oi_face_rot_anchor_mppi,17566,256,16,0,0,1,1,1,91,0.225806,0.167481,11.4275,0,0.796468,1.05758,0.485295,44.1618,45.9048,372736,1.2655,1.3777,0,0.485631,0,1,1
box_detour_wall_far,oi_face_rot_anchor_mppi,17573,256,16,0,0,1,1,1,108,0.166882,0.0702684,9.26701,0,0.875261,1.54813,0.466893,50.4244,53.8525,442368,1.247,1.5782,0,0.467263,0,1,1
box_detour_wall_far,oi_face_rot_anchor_mppi,17580,256,16,0,0,1,1,1,122,0.218131,0.0874097,15.0981,0,0.797517,0.983712,0.387748,47.3053,49.7313,499712,1.1732,1.3352,0,0.388085,0,1,1
box_detour_wall_far,oi_face_rot_anchor_mppi,17587,256,16,0,0,1,1,1,63,0.237342,0.126647,8.7044,0,0.86885,1.24085,0.373298,23.5178,25.091,258048,1.0307,1.2565,0,0.373738,0,1,1
box_detour_wall_far,oi_face_rot_anchor_mppi,17594,256,16,0,0,1,1,1,97,0.243205,0.0423765,10.6498,0,0.921736,1.44373,0.353237,34.264,37.028,397312,1.0231,1.335,0,0.353726,0,1,1
box_detour_wall_far,oi_face_rot_anchor_mppi,17601,256,16,0,0,1,1,1,136,0.234179,0.0692198,11.5524,0,0.794331,1.21407,0.329538,44.8172,48.6914,557056,0.7741,1.3357,0,0.329926,0,1,1
box_detour_wall_far,oi_face_rot_anchor_mppi,17608,256,16,0,0,1,1,1,75,0.195169,0.0778608,7.95689,0,0.861323,1.28465,0.37052,27.789,29.6699,307200,1.1264,1.279,0,0.371013,0,1,1
box_detour_wall_far,oi_face_rot_anchor_mppi,17615,256,16,0,0,1,1,1,121,0.237933,0.0461327,10.5156,0,0.933771,1.7155,0.379307,45.8961,49.3562,495616,0.9678,1.3378,0,0.379676,0,1,1
box_detour_wall_far,oi_face_rot_anchor_mppi,17622,256,16,0,0,1,1,1,114,0.222267,0.0525474,10.2027,0,0.93969,1.64967,0.350297,39.9339,43.8686,466944,0.888,1.0005,0,0.350687,0,1,1
box_detour_wall_far,oi_face_rot_anchor_mppi,17629,256,16,0,0,1,1,1,101,0.212392,0.190151,12.4576,0,0.794398,1.11556,0.347274,35.0747,37.657,413696,0.915,1.2674,0,0.347724,0,1,1
box_detour_wall_far,oi_face_rot_anchor_mppi,17636,256,16,0,0,1,1,1,105,0.213747,0.0146479,9.48528,0,0.846406,1.40892,0.325647,34.1929,37.5201,430080,0.8807,1.34,0,0.326053,0,1,1
box_detour_wall_far,oi_face_rot_anchor_mppi,17643,256,16,0,0,1,1,1,115,0.224349,0.287538,12.5038,0,1.06683,1.96443,0.380756,43.787,46.48,471040,0.9718,1.2414,0,0.381126,0,1,1
box_detour_wall_far,oi_face_rot_anchor_mppi,17650,256,16,0,0,1,1,1,98,0.23711,0.0624866,10.2833,0,0.84131,1.27619,0.367937,36.0578,38.9565,401408,0.9749,1.2054,0,0.368398,0,1,1
box_detour_wall_far,oi_face_rot_anchor_mppi,17657,256,16,0,0,1,1,1,101,0.228986,0.149259,7.74275,0,0.935091,1.52527,0.337334,34.0707,35.8629,413696,0.9726,1.3407,0,0.337642,0,1,1
box_detour_wall_far,oi_face_rot_anchor_mppi,17664,256,16,0,0,1,1,1,115,0.214839,0.0400614,12.2115,0,0.834725,1.23907,0.373996,43.0096,46.2742,471040,1.125,1.2623,0,0.374403,0,1,1
box_detour_wall_far,oi_face_rot_anchor_mppi,17671,256,16,0,0,1,1,1,138,0.21298,0.0351978,13.4073,0,0.981424,1.90667,0.339728,46.8825,49.7215,565248,1.0959,1.376,0,0.339998,0,1,1
box_detour_wall_far,oi_face_rot_anchor_mppi,17678,256,16,0,0,1,1,1,135,0.237883,0.0615037,12.5385,0,0.897213,1.5366,0.3898,52.623,57.1914,552960,1.0423,1.3452,0,0.390203,0,1,1
box_detour_wall_far,oi_face_rot_anchor_mppi,17685,256,16,0,0,1,1,1,103,0.243292,0.261931,11.0891,0,0.863758,1.3065,0.367297,37.8316,40.9778,421888,0.959,1.2742,0,0.367713,0,1,1
box_detour_wall_far,oi_face_rot_anchor_mppi,17692,256,16,0,0,1,1,1,136,0.219786,0.00565183,15.6307,0,0.834138,1.25894,0.391421,53.2333,57.0029,557056,1.0081,1.3834,0,0.391771,0,1,1
box_detour_wall_far,oi_face_rot_anchor_mppi,17699,256,16,0,0,1,1,1,119,0.231705,0.0619701,11.0989,0,1.0507,1.96708,0.335414,39.9143,42.3919,487424,0.9662,1.3632,0,0.335752,0,1,1
box_detour_wall_far,oi_face_rot_anchor_mppi,17706,256,16,0,0,1,1,1,130,0.245257,0.151266,10.3538,0,1.03569,2.07608,0.391999,50.9599,54.6838,532480,1.1766,1.3149,0,0.392347,0,1,1
box_detour_wall_far,oi_face_rot_anchor_mppi,17713,256,16,0,0,1,1,1,56,0.207074,0.180098,8.04416,0,0.772909,1.0262,0.373823,20.9341,22.5271,229376,1.0113,1.0866,0,0.374298,0,1,1
box_detour_wall_far,oi_face_rot_anchor_mppi,17720,256,16,0,0,1,1,1,79,0.210592,0.00701797,8.27353,0,0.906459,1.33045,0.331389,26.1797,28.4237,323584,1.0511,1.2523,0,0.332082,0,1,1
box_detour_wall_far,oi_face_rot_anchor_mppi,17727,256,16,0,0,1,1,1,132,0.201355,0.0385411,11.7693,0,0.947274,1.47543,0.331763,43.7927,47.4852,540672,0.9285,1.2576,0,0.332145,0,1,1
box_detour_wall_far,oi_face_rot_anchor_mppi,17734,256,16,0,0,1,1,1,119,0.23473,0.132744,11.0287,0,0.959017,1.7292,0.343243,40.8459,43.4847,487424,1.0216,1.3216,0,0.34361,0,1,1
box_detour_wall_far,oi_face_rot_anchor_mppi,17741,256,16,0,0,1,1,1,96,0.242459,0.143243,11.658,0,0.858784,1.26639,0.346524,33.2663,35.3048,393216,0.9526,1.133,0,0.346967,0,1,1
box_detour_wall_far,oi_face_rot_anchor_mppi,17748,256,16,0,0,1,1,1,124,0.231632,0.0706962,13.3299,0,0.770842,1.18049,0.366067,45.3923,47.593,507904,1.0467,1.2549,0,0.366353,0,1,1
box_detour_wall_far,oi_face_rot_anchor_mppi,17755,256,16,0,0,1,1,1,106,0.227963,0.0369125,9.62474,0,1.02324,1.66882,0.365051,38.6954,41.9027,434176,0.9355,1.2357,0,0.365451,0,1,1
box_detour_wall_far,oi_face_rot_anchor_mppi,17762,256,16,0,0,1,1,1,93,0.244836,0.22548,11.0828,0,0.837326,1.1375,0.299542,27.8574,30.2351,380928,0.8821,1.2452,0,0.299885,0,1,1
box_detour_wall_far,oi_face_rot_anchor_mppi,17769,256,16,0,0,1,1,1,109,0.222349,0.0129628,12.0146,0,0.793582,1.08427,0.309919,33.7812,36.8208,446464,0.9422,1.3681,0,0.310359,0,1,1
box_detour_wall_far,oi_face_rot_anchor_mppi,17776,256,16,0,0,1,1,1,90,0.229599,0.0291342,9.78727,0,0.839983,1.24835,0.44162,39.7458,41.9777,368640,1.2488,1.3248,0,0.44207,0,1,1
box_detour_wall_far,oi_face_rot_anchor_mppi,17783,256,16,0,0,1,1,1,82,0.237491,0.0756344,9.26033,0,0.888785,1.31402,0.375755,30.8119,32.6245,335872,1.1193,1.3504,0,0.376178,0,1,1
box_detour_wall_far,oi_face_rot_anchor_mppi,17790,256,16,0,0,1,1,1,101,0.239528,0.124281,10.8394,0,0.931523,1.50149,0.305454,30.8509,32.9624,413696,0.7952,1.3082,0,0.306087,0,1,1
box_detour_wall_far,oi_face_rot_anchor_mppi,17797,256,16,0,0,1,1,1,88,0.244353,0.0698545,10.32,0,0.986147,1.67658,0.441114,38.818,41.1782,360448,1.1879,1.3302,0,0.441563,0,1,1
box_detour_wall_far,oi_face_rot_anchor_mppi,17804,256,16,0,0,1,1,1,86,0.234296,0.0315033,8.08403,0,0.956386,1.47516,0.387664,33.3391,35.6515,352256,1.0154,1.2278,0,0.388064,0,1,1
box_detour_wall_far,oi_face_rot_anchor_mppi,17811,256,16,0,0,1,1,1,112,0.206116,0.0790541,10.5181,0,0.906964,1.52978,0.32608,36.521,39.1413,458752,0.8904,1.3222,0,0.326461,0,1,1
box_detour_wall_far,oi_face_rot_anchor_mppi,17818,256,16,0,0,1,1,1,82,0.247609,0.0743555,9.09611,0,1.10751,2.19018,0.294121,24.1179,25.9326,335872,0.7366,1.2371,0,0.294479,0,1,1
box_detour_wall_far,oi_face_rot_anchor_mppi,17825,256,16,0,0,1,1,1,72,0.215387,0.171006,7.66924,0,1.02931,1.81839,0.322985,23.2549,25.3374,294912,0.895,1.316,0,0.323399,0,1,1
box_detour_wall_far,oi_face_rot_anchor_mppi,17832,256,16,0,0,1,1,1,87,0.176584,0.0882748,8.44789,0,0.908382,1.38899,0.328162,28.5501,31.2106,356352,0.7091,1.3153,0,0.328626,0,1,1
box_detour_wall_far,oi_face_rot_anchor_mppi,17839,256,16,0,0,1,1,1,129,0.189867,0.00166976,11.9568,0,0.887442,1.43441,0.342894,44.2334,48.203,528384,0.9184,1.3579,0,0.343268,0,1,1
box_detour_wall_far,oi_face_rot_anchor_mppi,17846,256,16,0,0,1,1,1,70,0.214663,0.0208755,8.06018,0,0.897927,1.30582,0.322914,22.604,23.9492,286720,1.0273,1.3321,0,0.323304,0,1,1
box_detour_wall_far,oi_face_rot_anchor_mppi,17853,256,16,0,0,1,1,1,138,0.174949,0.00850213,12.5004,0,0.734077,1.02463,0.306084,42.2396,45.7588,565248,0.9271,1.2218,0,0.306417,0,1,1
box_detour_wall_far,oi_face_rot_anchor_mppi,17860,256,16,0,0,1,1,1,111,0.242912,0.0476836,12.929,0,1.03971,1.78432,0.403785,44.8201,47.1981,454656,1.0955,1.2562,0,0.404281,0,1,1
box_detour_wall_far,oi_face_rot_anchor_mppi,17867,256,16,0,0,1,1,1,91,0.20814,0.00355884,10.014,0,0.919491,1.3382,0.404755,36.8327,39.5447,372736,1.1194,1.3274,0,0.405192,0,1,1
box_detour_wall_far,oi_face_rot_anchor_mppi,17874,256,16,0,0,1,1,1,103,0.23783,0.00890906,9.3874,0,0.860832,1.42238,0.370216,38.1323,40.8575,421888,1.117,1.3726,0,0.370662,0,1,1
box_detour_wall_far,oi_face_rot_anchor_mppi,17881,256,16,0,0,1,1,1,48,0.220026,0.105068,7.27273,0,0.875981,1.09619,0.343404,16.4834,17.8373,196608,0.9496,1.3231,0,0.344067,0,1,1
box_detour_wall_far,oi_face_rot_anchor_mppi,17888,256,16,0,0,1,1,1,101,0.197388,0.21105,12.642,0,0.890913,1.19957,0.420826,42.5034,45.1059,413696,1.1328,1.2909,0,0.421273,0,1,1
box_detour_wall_far,oi_face_rot_anchor_mppi,17895,256,16,0,0,1,1,1,54,0.206805,0.126089,8.13332,0,0.770675,0.903235,0.515737,27.8498,29.4243,221184,1.2844,1.3188,0,0.516302,0,1,1
box_detour_wall_far,oi_face_rot_anchor_mppi,17902,256,16,0,0,1,1,1,116,0.224628,0.0670593,10.1564,0,0.892571,1.64829,0.436373,50.6193,53.8841,475136,1.2549,1.3323,0,0.436736,0,1,1
box_detour_wall_far,oi_face_rot_anchor_mppi,17909,256,16,0,0,1,1,1,84,0.240164,0.0277916,10.1568,0,0.957378,1.49953,0.448257,37.6536,39.9252,344064,1.2483,1.3673,0,0.448711,0,1,1
box_detour_wall_far,oi_face_rot_anchor_mppi,17916,256,16,0,0,1,1,1,177,0.239716,0.276058,19.2622,0,1.05545,1.85649,0.475198,84.11,89.0541,724992,1.2835,1.3477,0,0.475542,0,1,1
box_detour_wall_far,oi_face_rot_anchor_mppi,17923,256,16,0,0,1,1,1,101,0.249939,0.107596,10.216,0,1.04013,1.72829,0.503508,50.8543,53.7761,413696,1.1912,1.3299,0,0.503967,0,1,1
box_detour_wall_far,oi_face_rot_anchor_mppi,17930,256,16,0,0,1,1,1,165,0.240057,0.236124,14.0526,0,0.863153,1.31141,0.440516,72.6852,77.6424,675840,1.2516,1.3819,0,0.440882,0,1,1
box_detour_wall_far,oi_face_rot_anchor_mppi,17937,256,16,0,0,1,1,1,81,0.192437,0.0137428,9.07329,0,0.924401,1.47817,0.355212,28.7722,30.7847,331776,1.1943,1.3757,0,0.355624,0,1,1
box_detour_wall_far,oi_face_rot_anchor_mppi,17944,256,16,0,0,1,1,1,79,0.237233,0.0350388,8.60701,0,0.898369,1.3188,0.498718,39.3987,42.3648,323584,1.3097,1.3456,0,0.499276,0,1,1
box_detour_wall_far,oi_face_rot_anchor_mppi,17951,256,16,0,0,1,1,1,116,0.202045,0.0394136,9.77747,0,0.830473,1.2197,0.402541,46.6947,50.1038,475136,1.2903,1.3679,0,0.402949,0,1,1
box_detour_wall_far,oi_face_rot_anchor_mppi,17958,256,16,0,0,1,1,1,97,0.241178,0.0550234,9.95906,0,0.834566,1.21411,0.41749,40.4965,43.7694,397312,1.2877,1.3657,0,0.418029,0,1,1
box_detour_wall_far,oi_face_rot_anchor_mppi,17965,256,16,0,0,1,1,1,84,0.22779,0.050439,9.33534,0,0.896841,1.37698,0.367831,30.8978,34.2494,344064,1.2564,1.3348,0,0.368373,0,1,1
box_detour_wall_far,oi_face_rot_anchor_mppi,17972,256,16,0,0,1,1,1,106,0.249245,0.087153,11.55,0,0.875589,1.21866,0.41376,43.8586,47.563,434176,1.2754,1.3476,0,0.414306,0,1,1
box_detour_wall_far,oi_face_rot_anchor_mppi,17979,256,16,0,0,1,1,1,110,0.191886,0.0110846,9.01022,0,0.831922,1.30411,0.40015,44.0165,47.9097,450560,1.2507,1.3251,0,0.400972,0,1,1
box_detour_wall_far,oi_face_rot_anchor_mppi,17986,256,16,0,0,1,1,1,106,0.230513,0.132534,11.3292,0,0.827294,1.26986,0.418736,44.386,48.4724,434176,1.2679,1.3231,0,0.419301,0,1,1
box_detour_wall_far,oi_face_rot_anchor_mppi,17993,256,16,0,0,1,1,1,161,0.22378,0.0276174,12.5622,0,0.945114,1.59388,0.405924,65.3538,70.6969,659456,1.2486,1.3048,0,0.40638,0,1,1
box_detour_wall_far,oi_face_rot_anchor_mppi,18000,256,16,0,0,1,1,1,106,0.214763,0.0409579,10.7069,0,0.859231,1.34001,0.441324,46.7804,51.0557,434176,1.2665,1.3364,0,0.441797,0,1,1
box_detour_wall_far,oi_face_rot_anchor_mppi,18007,256,16,0,0,1,1,1,113,0.213551,0.0572158,10.5647,0,0.997797,1.65075,0.39109,44.1932,48.1724,462848,1.2479,1.3283,0,0.391639,0,1,1
box_detour_wall_far,oi_face_rot_anchor_mppi,18014,256,16,0,0,1,1,1,102,0.246778,0.156785,9.39243,0,0.965299,1.64941,0.468602,47.7974,52.1078,417792,1.344,2.2935,0,0.469169,0,1,1
box_detour_wall_far,oi_face_rot_anchor_mppi,18021,256,16,0,0,1,1,1,107,0.224388,0.116055,8.72547,0,0.829733,1.3401,0.379965,40.6563,44.2829,438272,1.242,1.3359,0,0.380599,0,1,1
box_detour_wall_far,oi_face_rot_anchor_mppi,18028,256,16,0,0,1,1,1,94,0.242555,0.153614,9.48046,0,0.943824,1.64687,0.491833,46.2323,51.9092,385024,1.2308,1.6008,0,0.492366,0,1,1
box_detour_wall_far,oi_face_rot_anchor_mppi,18035,256,16,0,0,1,1,1,54,0.20558,0.0934272,7.88822,0,0.849963,1.21325,0.439494,23.7327,25.7278,221184,1.2582,1.3586,0,0.440209,0,1,1
box_detour_wall_far,oi_face_rot_anchor_mppi,18042,256,16,0,0,1,1,1,116,0.168602,0.0716333,10.6805,0,0.764711,1.06488,0.425327,49.3379,54.1979,475136,1.2472,1.3632,0,0.425832,0,1,1
box_detour_wall_far,oi_face_rot_anchor_mppi,18049,256,16,0,0,1,1,1,68,0.243985,0.164,9.05625,0,1.04282,1.79291,0.421646,28.6719,31.4032,278528,1.2698,1.3446,0,0.422501,0,1,1
box_detour_wall_far,oi_face_rot_pstall_mppi,17356,256,16,0,0,1,1,1,132,0.224003,0.059186,12.8537,0,0.868415,1.52515,0.434662,57.3754,62.3034,540672,1.2454,1.3805,0,0.43513,0,1,1
box_detour_wall_far,oi_face_rot_pstall_mppi,17363,256,16,0,0,1,1,1,73,0.244357,0.0157328,8.04682,0,0.84894,1.42811,0.440212,32.1355,34.6086,299008,1.2917,1.3351,0,0.44083,0,1,1
box_detour_wall_far,oi_face_rot_pstall_mppi,17370,256,16,0,0,1,1,1,104,0.19962,0.185576,8.89535,0,0.916934,1.60006,0.399746,41.5736,45.0126,425984,1.1433,1.3642,0,0.400451,0,1,1
box_detour_wall_far,oi_face_rot_pstall_mppi,17377,256,16,0,0,1,1,1,116,0.183482,0.207032,10.5046,0,1.13825,2.50073,0.483932,56.1361,60.1317,475136,1.2729,1.4113,0,0.484415,0,1,1
box_detour_wall_far,oi_face_rot_pstall_mppi,17384,256,16,0,0,1,1,1,78,0.240909,0.243594,7.80987,0,1.00277,1.85144,0.397482,31.0036,33.7,319488,1.2687,1.3842,0,0.398013,0,1,1
box_detour_wall_far,oi_face_rot_pstall_mppi,17391,256,16,0,0,1,1,1,111,0.213762,0.0896256,10.8134,0,0.863542,1.30143,0.438858,48.7132,51.9088,454656,1.2591,1.3859,0,0.439351,0,1,1
box_detour_wall_far,oi_face_rot_pstall_mppi,17398,256,16,0,0,1,1,1,121,0.223425,0.202735,12.1033,0,1.0048,2.02389,0.460096,55.6716,59.9166,495616,1.2507,1.4218,0,0.460525,0,1,1
box_detour_wall_far,oi_face_rot_pstall_mppi,17405,256,16,0,0,1,1,1,118,0.215051,0.122152,9.3256,0,0.795831,1.33841,0.421858,49.7793,53.8819,483328,1.2477,1.3649,0,0.422325,0,1,1
box_detour_wall_far,oi_face_rot_pstall_mppi,17412,256,16,0,0,1,1,1,92,0.231776,0.0323889,8.81856,0,1.12732,2.10843,0.405983,37.3504,40.0289,376832,1.247,1.3506,0,0.406498,0,1,1
box_detour_wall_far,oi_face_rot_pstall_mppi,17419,256,16,0,0,1,1,1,76,0.217849,0.0501153,7.61887,0,0.919903,1.45949,0.531051,40.3599,42.4523,311296,1.3377,1.3735,0,0.531525,0,1,1
box_detour_wall_far,oi_face_rot_pstall_mppi,17426,256,16,0,0,1,1,1,84,0.230686,0.0116869,10.8315,0,0.857425,1.21291,0.394235,33.1157,35.4241,344064,1.2374,1.3603,0,0.394751,0,1,1
box_detour_wall_far,oi_face_rot_pstall_mppi,17433,256,16,0,0,1,1,1,130,0.171693,0.0258449,11.4167,0,0.81795,1.30713,0.437205,56.8367,60.6918,532480,1.2707,1.3802,0,0.437615,0,1,1
box_detour_wall_far,oi_face_rot_pstall_mppi,17440,256,16,0,0,1,1,1,78,0.212503,0.0328782,8.76821,0,0.973635,1.63617,0.390309,30.4441,32.8637,319488,1.3214,1.3377,0,0.390801,0,1,1
box_detour_wall_far,oi_face_rot_pstall_mppi,17447,256,16,0,0,1,1,1,78,0.202894,0.0619092,9.35765,0,0.944555,1.44818,0.509059,39.7066,41.7294,319488,1.3263,1.3758,0,0.509527,0,1,1
box_detour_wall_far,oi_face_rot_pstall_mppi,17454,256,16,0,0,1,1,1,100,0.203768,0.0339181,8.50879,0,1.02869,2.0841,0.445783,44.5783,47.6998,409600,1.2486,1.372,0,0.44628,0,1,1
box_detour_wall_far,oi_face_rot_pstall_mppi,17461,256,16,0,0,1,1,1,83,0.241579,0.0875447,8.66769,0,0.890239,1.39921,0.487092,40.4286,42.7263,339968,1.3254,1.3611,0,0.48753,0,1,1
box_detour_wall_far,oi_face_rot_pstall_mppi,17468,256,16,0,0,1,1,1,126,0.233146,0.0620272,10.771,0,0.855559,1.4664,0.398494,50.2102,53.8469,516096,1.2673,1.3453,0,0.398878,0,1,1
box_detour_wall_far,oi_face_rot_pstall_mppi,17475,256,16,0,0,1,1,1,99,0.235635,0.0362235,11.0969,0,0.834714,1.20362,0.521027,51.5817,54.8033,405504,1.3215,1.3691,0,0.521521,0,1,1
box_detour_wall_far,oi_face_rot_pstall_mppi,17482,256,16,0,0,1,1,1,121,0.213806,0.104761,12.1972,0,0.868565,1.39284,0.322259,38.9933,42.1876,495616,1.1074,1.3826,0,0.322607,0,1,1
box_detour_wall_far,oi_face_rot_pstall_mppi,17489,256,16,0,0,1,1,1,102,0.202585,0.0745916,10.4654,0,0.721995,0.942653,0.382233,38.9878,41.5082,417792,1.2235,1.3364,0,0.382681,0,1,1
box_detour_wall_far,oi_face_rot_pstall_mppi,17496,256,16,0,0,1,1,1,122,0.219031,0.0142353,12.7052,0,0.830775,1.27442,0.457185,55.7766,58.8182,499712,1.2396,1.3983,0,0.457534,0,1,1
box_detour_wall_far,oi_face_rot_pstall_mppi,17503,256,16,0,0,1,1,1,166,0.246901,0.311727,16.5165,0,1.01855,1.62302,0.386981,64.2388,69.3005,679936,1.2357,1.3771,0,0.387325,0,1,1
box_detour_wall_far,oi_face_rot_pstall_mppi,17510,256,16,0,0,1,1,1,111,0.243406,0.0449767,10.4729,0,0.860442,1.38855,0.423991,47.063,49.9468,454656,1.2627,1.3376,0,0.424371,0,1,1
box_detour_wall_far,oi_face_rot_pstall_mppi,17517,256,16,0,0,1,1,1,79,0.236902,0.0575866,9.47513,0,0.837506,1.24943,0.461466,36.4558,38.3526,323584,1.2572,1.3588,0,0.461929,0,1,1
box_detour_wall_far,oi_face_rot_pstall_mppi,17524,256,16,0,0,1,1,1,109,0.240086,0.218083,13.6096,0,0.79884,1.00886,0.466324,50.8293,54.1145,446464,1.2791,1.351,0,0.466772,0,1,1
box_detour_wall_far,oi_face_rot_pstall_mppi,17531,256,16,0,0,1,1,1,59,0.228415,0.148166,8.44634,0,0.797295,0.971848,0.512169,30.218,32.1622,241664,1.3247,1.3501,0,0.512688,0,1,1
box_detour_wall_far,oi_face_rot_pstall_mppi,17538,256,16,0,0,1,1,1,99,0.248614,0.0389325,8.90413,0,0.886139,1.4786,0.443843,43.9405,47.0429,405504,1.2432,1.3538,0,0.444295,0,1,1
box_detour_wall_far,oi_face_rot_pstall_mppi,17545,256,16,0,0,1,1,1,104,0.214097,0.13504,8.29186,0,1.20051,2.78267,0.504275,52.4446,55.208,425984,1.2468,1.3352,0,0.504696,0,1,1
box_detour_wall_far,oi_face_rot_pstall_mppi,17552,256,16,0,0,1,1,1,99,0.211491,0.120045,12.7437,0,0.837454,1.1025,0.482913,47.8084,50.7359,405504,1.2753,1.3633,0,0.483371,0,1,1
box_detour_wall_far,oi_face_rot_pstall_mppi,17559,256,16,0,0,1,1,1,101,0.238503,0.00238624,10.8128,0,0.950561,1.5435,0.42437,42.8614,44.451,413696,1.2558,1.3982,0,0.42468,0,1,1
box_detour_wall_far,oi_face_rot_pstall_mppi,17566,256,16,0,0,1,1,1,108,0.167364,0.171566,10.069,0,0.825523,1.35899,0.392345,42.3733,44.3065,442368,1.2506,1.3254,0,0.39262,0,1,1
box_detour_wall_far,oi_face_rot_pstall_mppi,17573,256,16,0,0,1,1,1,108,0.229942,0.081299,10.1748,0,0.817047,1.17917,0.498421,53.8295,58.5487,442368,1.2415,1.3128,0,0.498782,0,1,1
box_detour_wall_far,oi_face_rot_pstall_mppi,17580,256,16,0,0,1,1,1,129,0.220817,0.0784999,11.6752,0,0.932896,1.7057,0.394748,50.9225,54.0808,528384,1.26,1.3311,0,0.395068,0,1,1
box_detour_wall_far,oi_face_rot_pstall_mppi,17587,256,16,0,0,1,1,1,105,0.20004,0.0802835,11.5344,0,0.732783,0.89893,0.454316,47.7032,50.1631,430080,1.281,1.3612,0,0.454706,0,1,1
box_detour_wall_far,oi_face_rot_pstall_mppi,17594,256,16,0,0,1,1,1,88,0.198783,0.0101495,9.88858,0,0.871496,1.29111,0.537574,47.3065,50.214,360448,1.2901,1.3783,0,0.538008,0,1,1
box_detour_wall_far,oi_face_rot_pstall_mppi,17601,256,16,0,0,1,1,1,104,0.238639,0.144854,8.49583,0,0.891561,1.49262,0.431649,44.8915,47.3013,425984,1.2303,1.376,0,0.432037,0,1,1
box_detour_wall_far,oi_face_rot_pstall_mppi,17608,256,16,0,0,1,1,1,132,0.247656,0.0530443,11.8661,0,0.877956,1.33701,0.431889,57.0094,60.6147,540672,1.251,1.3331,0,0.432213,0,1,1
box_detour_wall_far,oi_face_rot_pstall_mppi,17615,256,16,0,0,1,1,1,94,0.229116,0.0338114,9.12909,0,0.960721,1.68163,0.441344,41.4863,44.2109,385024,1.3237,1.373,0,0.441746,0,1,1
box_detour_wall_far,oi_face_rot_pstall_mppi,17622,256,16,0,0,1,1,1,119,0.24715,0.0267129,12.1898,0,0.759926,1.19084,0.463106,55.1096,58.218,487424,1.2483,1.3427,0,0.463513,0,1,1
box_detour_wall_far,oi_face_rot_pstall_mppi,17629,256,16,0,0,1,1,1,139,0.233524,0.173165,12.7822,0,0.775668,1.12278,0.462619,64.3041,67.0872,569344,1.3326,1.3839,0,0.462871,0,1,1
box_detour_wall_far,oi_face_rot_pstall_mppi,17636,256,16,0,0,1,1,1,180,0.0459734,0.344563,12.2197,0,1.09668,2.34597,0.433047,77.9484,83.2742,737280,1.2384,1.3711,0,0.43333,0,1,1
box_detour_wall_far,oi_face_rot_pstall_mppi,17643,256,16,0,0,1,1,1,112,0.209867,0.0477585,12.7711,0,0.821435,1.00665,0.405512,45.4173,49.8403,458752,1.2312,1.2599,0,0.405963,0,1,1
box_detour_wall_far,oi_face_rot_pstall_mppi,17650,256,16,0,0,1,1,1,60,0.224283,0.0531779,7.28483,0,1.08969,1.81387,0.360917,21.655,23.7378,245760,1.1633,1.2252,0,0.361543,0,1,1
box_detour_wall_far,oi_face_rot_pstall_mppi,17657,256,16,0,0,1,1,1,72,0.235607,0.0748634,6.99426,0,0.870264,1.35528,0.386221,27.8079,30.2729,294912,1.2258,1.2909,0,0.386768,0,1,1
box_detour_wall_far,oi_face_rot_pstall_mppi,17664,256,16,0,0,1,1,1,129,0.245333,0.29712,12.547,0,0.950249,1.70515,0.401641,51.8117,56.8047,528384,1.2284,1.3772,0,0.402104,0,1,1
box_detour_wall_far,oi_face_rot_pstall_mppi,17671,256,16,0,0,1,1,1,140,0.248854,0.123189,10.4465,0,0.908004,1.55863,0.397123,55.5972,61.9103,573440,1.1876,1.2797,0,0.397536,0,1,1
box_detour_wall_far,oi_face_rot_pstall_mppi,17678,256,16,0,0,1,1,1,100,0.231244,0.273259,11.156,0,0.993568,1.79655,0.385848,38.5848,42.6108,409600,1.2358,2.0232,0,0.386685,0,1,1
box_detour_wall_far,oi_face_rot_pstall_mppi,17685,256,16,0,0,1,1,1,104,0.24638,0.0138477,10.7881,0,1.03321,1.67982,0.468177,48.6904,52.5487,425984,1.2624,1.3206,0,0.468767,0,1,1
box_detour_wall_far,oi_face_rot_pstall_mppi,17692,256,16,0,0,1,1,1,128,0.242013,0.0935972,10.163,0,0.959105,1.67736,0.391812,50.152,54.7875,524288,1.2495,1.3229,0,0.392252,0,1,1
box_detour_wall_far,oi_face_rot_pstall_mppi,17699,256,16,0,0,1,1,1,112,0.231822,0.165483,12.3727,0,0.981169,1.5835,0.401178,44.9319,49.624,458752,1.2228,1.3257,0,0.401679,0,1,1
box_detour_wall_far,oi_face_rot_pstall_mppi,17706,256,16,0,0,1,1,1,112,0.239984,0.0354137,9.70914,0,1.24301,2.69906,0.436121,48.8455,53.986,458752,1.2344,1.4365,0,0.436607,0,1,1
box_detour_wall_far,oi_face_rot_pstall_mppi,17713,256,16,0,0,1,1,1,123,0.232029,0.0872754,12.5824,0,0.845145,1.23417,0.407674,50.1439,55.6153,503808,1.224,1.2892,0,0.408193,0,1,1
box_detour_wall_far,oi_face_rot_pstall_mppi,17720,256,16,0,0,1,1,1,105,0.227523,0.124566,9.3846,0,0.899004,1.46124,0.417369,43.8237,47.3627,430080,1.2347,1.331,0,0.417965,0,1,1
box_detour_wall_far,oi_face_rot_pstall_mppi,17727,256,16,0,0,1,1,1,116,0.24113,0.210482,11.9307,0,1.0916,2.29587,0.388315,45.0445,49.1475,475136,1.2252,1.3411,0,0.388755,0,1,1
box_detour_wall_far,oi_face_rot_pstall_mppi,17734,256,16,0,0,1,1,1,91,0.217827,0.195544,10.099,0,0.961112,1.64197,0.384031,34.9468,38.4591,372736,1.2175,1.2808,0,0.384496,0,1,1
box_detour_wall_far,oi_face_rot_pstall_mppi,17741,256,16,0,0,1,1,1,115,0.237081,0.1593,12.0496,0,0.786491,1.10133,0.399938,45.9929,50.3201,471040,1.248,1.316,0,0.400343,0,1,1
box_detour_wall_far,oi_face_rot_pstall_mppi,17748,256,16,0,0,1,1,1,158,0.20959,0.068746,12.6946,0,0.75913,1.14234,0.392015,61.9384,67.265,647168,1.233,1.3063,0,0.392405,0,1,1
box_detour_wall_far,oi_face_rot_pstall_mppi,17755,256,16,0,0,1,1,1,91,0.200642,0.0878787,8.72816,0,0.991087,1.78661,0.429745,39.1068,42.1943,372736,1.2343,1.3189,0,0.430211,0,1,1
box_detour_wall_far,oi_face_rot_pstall_mppi,17762,256,16,0,0,1,1,1,134,0.222479,0.0132775,10.1057,0,0.839644,1.35969,0.414949,55.6032,60.5548,548864,1.2338,1.2768,0,0.415339,0,1,1
box_detour_wall_far,oi_face_rot_pstall_mppi,17769,256,16,0,0,1,1,1,148,0.185244,0.0410379,11.7958,0,0.814377,1.31736,0.386532,57.2067,62.7381,606208,1.2201,1.262,0,0.386918,0,1,1
box_detour_wall_far,oi_face_rot_pstall_mppi,17776,256,16,0,0,1,1,1,84,0.194098,0.0369545,8.84286,0,0.743183,1.06754,0.413714,34.752,37.8094,344064,1.2488,1.2939,0,0.414392,0,1,1
box_detour_wall_far,oi_face_rot_pstall_mppi,17783,256,16,0,0,1,1,1,136,0.118724,0.335194,13.0723,0,0.861055,1.22991,0.419987,57.1183,61.7105,557056,1.232,1.2754,0,0.420345,0,1,1
box_detour_wall_far,oi_face_rot_pstall_mppi,17790,256,16,0,0,1,1,1,51,0.217587,0.0488405,8.00436,0,0.92078,1.25171,0.399575,20.3783,22.2462,208896,1.2093,1.2388,0,0.40018,0,1,1
box_detour_wall_far,oi_face_rot_pstall_mppi,17797,256,16,0,0,1,1,1,119,0.226995,0.0485378,11.6748,0,0.746113,1.01199,0.421105,50.1115,54.3131,487424,1.2263,1.3241,0,0.421524,0,1,1
box_detour_wall_far,oi_face_rot_pstall_mppi,17804,256,16,0,0,1,1,1,122,0.247428,0.07803,12.1184,0,0.897501,1.45562,0.41608,50.7617,55.5545,499712,1.1723,1.2574,0,0.416471,0,1,1
box_detour_wall_far,oi_face_rot_pstall_mppi,17811,256,16,0,0,1,1,1,92,0.244324,0.0229325,9.45802,0,0.875696,1.39899,0.41643,38.3116,41.9138,376832,1.2435,1.3218,0,0.416929,0,1,1
box_detour_wall_far,oi_face_rot_pstall_mppi,17818,256,16,0,0,1,1,1,95,0.174483,0.0884778,12.4391,0,0.959435,1.64096,0.399465,37.9492,41.239,389120,1.2112,1.3104,0,0.399951,0,1,1
box_detour_wall_far,oi_face_rot_pstall_mppi,17825,256,16,0,0,1,1,1,78,0.235079,0.202218,7.2605,0,1.26178,2.69001,0.40799,31.8232,34.6597,319488,1.2472,1.2777,0,0.408523,0,1,1
box_detour_wall_far,oi_face_rot_pstall_mppi,17832,256,16,0,0,1,1,1,60,0.247392,0.0312482,8.45274,0,0.924528,1.30933,0.331222,19.8733,22.3146,245760,0.8696,1.2357,0,0.331888,0,1,1
box_detour_wall_far,oi_face_rot_pstall_mppi,17839,256,16,0,0,1,1,1,105,0.230208,0.15287,9.90811,0,0.92681,1.65814,0.405334,42.5601,45.5972,430080,1.2332,1.3205,0,0.405798,0,1,1
box_detour_wall_far,oi_face_rot_pstall_mppi,17846,256,16,0,0,1,1,1,63,0.209463,0.0641451,7.71192,0,0.916835,1.28834,0.38946,24.536,26.3976,258048,1.2584,1.3492,0,0.389968,0,1,1
box_detour_wall_far,oi_face_rot_pstall_mppi,17853,256,16,0,0,1,1,1,134,0.249822,0.095743,11.899,0,0.871411,1.46577,0.457163,61.2598,65.531,548864,1.2594,1.3766,0,0.457558,0,1,1
box_detour_wall_far,oi_face_rot_pstall_mppi,17860,256,16,0,0,1,1,1,92,0.220099,0.0726157,9.46423,0,0.85122,1.22195,0.486594,44.7666,47.4455,376832,1.2824,1.3358,0,0.486931,0,1,1
box_detour_wall_far,oi_face_rot_pstall_mppi,17867,256,16,0,0,1,1,1,93,0.241649,0.0176385,11.0757,0,0.788076,1.0751,0.406591,37.813,40.5269,380928,1.2456,1.3584,0,0.406987,0,1,1
box_detour_wall_far,oi_face_rot_pstall_mppi,17874,256,16,0,0,1,1,1,97,0.213278,0.0106577,10.9941,0,0.901069,1.26191,0.45607,44.2388,46.4106,397312,1.2623,1.328,0,0.456462,0,1,1
box_detour_wall_far,oi_face_rot_pstall_mppi,17881,256,16,0,0,1,1,1,104,0.183757,0.119155,9.04091,0,1.0156,2.0316,0.398079,41.4002,43.6285,425984,1.2405,1.3104,0,0.398411,0,1,1
box_detour_wall_far,oi_face_rot_pstall_mppi,17888,256,16,0,0,1,1,1,109,0.208906,0.109513,14.0521,0,0.843745,1.14616,0.483229,52.672,55.8555,446464,1.2923,1.3321,0,0.483629,0,1,1
box_detour_wall_far,oi_face_rot_pstall_mppi,17895,256,16,0,0,1,1,1,102,0.238696,0.227066,10.5937,0,0.832621,1.29952,0.462145,47.1388,50.3365,417792,1.2745,1.3432,0,0.462579,0,1,1
box_detour_wall_far,oi_face_rot_pstall_mppi,17902,256,16,0,0,1,1,1,80,0.208891,0.0711544,8.71055,0,0.847611,1.42356,0.532141,42.5713,45.0453,327680,1.2561,1.3824,0,0.532614,0,1,1
box_detour_wall_far,oi_face_rot_pstall_mppi,17909,256,16,0,0,1,1,1,80,0.230093,0.18895,8.42912,0,0.871249,1.28371,0.387366,30.9893,33.316,327680,1.232,1.2811,0,0.38787,0,1,1
box_detour_wall_far,oi_face_rot_pstall_mppi,17916,256,16,0,0,1,1,1,117,0.18821,0.0432921,10.5112,0,0.942666,1.47407,0.467755,54.7273,58.2461,479232,1.2523,1.3315,0,0.468144,0,1,1
box_detour_wall_far,oi_face_rot_pstall_mppi,17923,256,16,0,0,1,1,1,122,0.202221,0.133548,11.0844,0,0.89374,1.62539,0.485257,59.2014,62.0579,499712,1.2764,1.3718,0,0.485579,0,1,1
box_detour_wall_far,oi_face_rot_pstall_mppi,17930,256,16,0,0,1,1,1,106,0.21759,0.208861,12.0146,0,0.836896,1.14796,0.407176,43.1607,45.1414,434176,1.2399,1.3047,0,0.407454,0,1,1
box_detour_wall_far,oi_face_rot_pstall_mppi,17937,256,16,0,0,1,1,1,89,0.20954,0.000883601,8.82403,0,0.984853,1.66554,0.448715,39.9356,42.3094,364544,1.3039,1.3389,0,0.449127,0,1,1
box_detour_wall_far,oi_face_rot_pstall_mppi,17944,256,16,0,0,1,1,1,119,0.165449,0.17355,10.2797,0,0.966443,1.72646,0.486275,57.8667,61.5349,487424,1.279,1.3423,0,0.486633,0,1,1
box_detour_wall_far,oi_face_rot_pstall_mppi,17951,256,16,0,0,1,1,1,73,0.206096,0.00408041,7.10601,0,0.895922,1.36753,0.502275,36.6661,38.9073,299008,1.2467,1.3292,0,0.502736,0,1,1
box_detour_wall_far,oi_face_rot_pstall_mppi,17958,256,16,0,0,1,1,1,95,0.244691,0.0698581,10.0929,0,0.883031,1.31506,0.532435,50.5813,53.365,389120,1.2862,1.3471,0,0.532907,0,1,1
box_detour_wall_far,oi_face_rot_pstall_mppi,17965,256,16,0,0,1,1,1,76,0.24386,0.000660533,8.15022,0,1.07893,1.83021,0.497409,37.8031,40.2575,311296,1.2748,1.3607,0,0.49793,0,1,1
box_detour_wall_far,oi_face_rot_pstall_mppi,17972,256,16,0,0,1,1,1,86,0.239759,0.0732586,8.74098,0,0.876364,1.2571,0.476067,40.9418,43.8028,352256,1.2795,1.3543,0,0.47647,0,1,1
box_detour_wall_far,oi_face_rot_pstall_mppi,17979,256,16,0,0,1,1,1,104,0.24149,0.103818,8.80966,0,0.81181,1.32227,0.41042,42.6837,44.7535,425984,1.2532,1.3514,0,0.4108,0,1,1
box_detour_wall_far,oi_face_rot_pstall_mppi,17986,256,16,0,0,1,1,1,73,0.22542,0.134818,8.48309,0,0.836381,1.38591,0.538296,39.2956,41.4433,299008,1.3103,1.3382,0,0.538751,0,1,1
box_detour_wall_far,oi_face_rot_pstall_mppi,17993,256,16,0,0,1,1,1,110,0.21077,0.0223911,9.78137,0,0.995364,1.97497,0.490757,53.9833,56.9818,450560,1.2477,1.3489,0,0.49111,0,1,1
box_detour_wall_far,oi_face_rot_pstall_mppi,18000,256,16,0,0,1,1,1,85,0.228171,0.0120868,9.73683,0,1.06391,1.8186,0.477288,40.5695,42.6826,348160,1.2375,1.3613,0,0.477705,0,1,1
box_detour_wall_far,oi_face_rot_pstall_mppi,18007,256,16,0,0,1,1,1,113,0.246917,0.0796172,11.3894,0,0.848795,1.23073,0.432378,48.8587,51.9866,462848,1.2455,1.3217,0,0.432773,0,1,1
box_detour_wall_far,oi_face_rot_pstall_mppi,18014,256,16,0,0,1,1,1,104,0.240721,0.127212,11.0245,0,0.79605,1.12829,0.479621,49.8806,52.7423,425984,1.2357,1.3817,0,0.480024,0,1,1
box_detour_wall_far,oi_face_rot_pstall_mppi,18021,256,16,0,0,1,1,1,90,0.249507,0.0775736,9.24512,0,0.891091,1.67965,0.391136,35.2022,37.3375,368640,1.2394,1.3362,0,0.391436,0,1,1
box_detour_wall_far,oi_face_rot_pstall_mppi,18028,256,16,0,0,1,1,1,90,0.215761,0.0275098,11.7019,0,0.924461,1.3258,0.42137,37.9233,40.2424,368640,1.2483,1.3262,0,0.421753,0,1,1
box_detour_wall_far,oi_face_rot_pstall_mppi,18035,256,16,0,0,1,1,1,113,0.230555,0.0740462,12.274,0,0.762938,1.14479,0.453,51.189,54.4877,462848,1.2023,1.3446,0,0.453409,0,1,1
box_detour_wall_far,oi_face_rot_pstall_mppi,18042,256,16,0,0,1,1,1,92,0.22453,0.0367844,11.3388,0,0.821267,1.07895,0.497141,45.737,49.0397,376832,1.294,1.3407,0,0.497589,0,1,1
box_detour_wall_far,oi_face_rot_pstall_mppi,18049,256,16,0,0,1,1,1,125,0.210061,0.159359,10.6247,0,0.868676,1.57283,0.431194,53.8993,57.464,512000,1.2518,1.3476,0,0.431741,0,1,1
box_detour_wall_far,oi_face_rot_wide_mppi,17356,256,16,0,0,1,1,1,132,0.224003,0.059186,12.8537,0,0.868415,1.52515,0.402919,53.1853,56.3816,540672,1.2121,1.3059,0,0.403233,0,1,1
box_detour_wall_far,oi_face_rot_wide_mppi,17363,256,16,0,0,1,1,1,73,0.244357,0.0157328,8.04682,0,0.84894,1.42811,0.440371,32.1471,34.0992,299008,1.2757,1.3372,0,0.440778,0,1,1
box_detour_wall_far,oi_face_rot_wide_mppi,17370,256,16,0,0,1,1,1,104,0.19962,0.185576,8.89535,0,0.916934,1.60006,0.440255,45.7865,48.239,425984,1.2369,1.3356,0,0.440634,0,1,1
box_detour_wall_far,oi_face_rot_wide_mppi,17377,256,16,0,0,1,1,1,116,0.183482,0.207032,10.5046,0,1.13825,2.50073,0.480497,55.7377,59.2016,475136,1.2052,1.3231,0,0.480855,0,1,1
box_detour_wall_far,oi_face_rot_wide_mppi,17384,256,16,0,0,1,1,1,78,0.240909,0.243594,7.80987,0,1.00277,1.85144,0.387824,30.2503,32.2332,319488,1.2221,1.3197,0,0.388208,0,1,1
box_detour_wall_far,oi_face_rot_wide_mppi,17391,256,16,0,0,1,1,1,111,0.213762,0.0896256,10.8134,0,0.863542,1.30143,0.386976,42.9543,45.7526,454656,1.2624,1.3345,0,0.387363,0,1,1
box_detour_wall_far,oi_face_rot_wide_mppi,17398,256,16,0,0,1,1,1,121,0.223425,0.202735,12.1033,0,1.0048,2.02389,0.450897,54.5585,57.933,495616,1.2495,1.3535,0,0.451247,0,1,1
box_detour_wall_far,oi_face_rot_wide_mppi,17405,256,16,0,0,1,1,1,118,0.215051,0.122152,9.3256,0,0.795831,1.33841,0.373006,44.0147,46.7598,483328,1.2494,1.3368,0,0.373297,0,1,1
box_detour_wall_far,oi_face_rot_wide_mppi,17412,256,16,0,0,1,1,1,92,0.231776,0.0323889,8.81856,0,1.12732,2.10843,0.413824,38.0718,40.2119,376832,1.2444,1.3645,0,0.414194,0,1,1
box_detour_wall_far,oi_face_rot_wide_mppi,17419,256,16,0,0,1,1,1,76,0.217849,0.0501153,7.61887,0,0.919903,1.45949,0.417199,31.7071,34.1968,311296,1.2462,1.3868,0,0.417724,0,1,1
box_detour_wall_far,oi_face_rot_wide_mppi,17426,256,16,0,0,1,1,1,84,0.230686,0.0116869,10.8315,0,0.857425,1.21291,0.432155,36.301,38.7465,344064,1.2757,1.3495,0,0.432574,0,1,1
box_detour_wall_far,oi_face_rot_wide_mppi,17433,256,16,0,0,1,1,1,130,0.171693,0.0258449,11.4167,0,0.81795,1.30713,0.428662,55.7261,58.456,532480,1.2768,1.3547,0,0.429071,0,1,1
box_detour_wall_far,oi_face_rot_wide_mppi,17440,256,16,0,0,1,1,1,78,0.212503,0.0328782,8.76821,0,0.973635,1.63617,0.464913,36.2632,38.6744,319488,1.2764,1.3338,0,0.465409,0,1,1
box_detour_wall_far,oi_face_rot_wide_mppi,17447,256,16,0,0,1,1,1,78,0.202894,0.0619092,9.35765,0,0.944555,1.44818,0.406345,31.6949,33.619,319488,1.2527,1.3699,0,0.40672,0,1,1
box_detour_wall_far,oi_face_rot_wide_mppi,17454,256,16,0,0,1,1,1,100,0.203768,0.0339181,8.50879,0,1.02869,2.0841,0.486537,48.6537,50.7117,409600,1.271,1.3458,0,0.486938,0,1,1
box_detour_wall_far,oi_face_rot_wide_mppi,17461,256,16,0,0,1,1,1,83,0.241579,0.0875447,8.66769,0,0.890239,1.39921,0.388969,32.2844,34.687,339968,1.2488,1.2884,0,0.389393,0,1,1
box_detour_wall_far,oi_face_rot_wide_mppi,17468,256,16,0,0,1,1,1,126,0.233146,0.0620272,10.771,0,0.855559,1.4664,0.446392,56.2454,60.2238,516096,1.2784,1.3497,0,0.446809,0,1,1
box_detour_wall_far,oi_face_rot_wide_mppi,17475,256,16,0,0,1,1,1,99,0.235635,0.0362235,11.0969,0,0.834714,1.20362,0.470976,46.6266,49.8881,405504,1.272,1.3367,0,0.471631,0,1,1
box_detour_wall_far,oi_face_rot_wide_mppi,17482,256,16,0,0,1,1,1,121,0.213806,0.104761,12.1972,0,0.868565,1.39284,0.38372,46.4301,49.9331,495616,1.2426,1.3284,0,0.38406,0,1,1
box_detour_wall_far,oi_face_rot_wide_mppi,17489,256,16,0,0,1,1,1,102,0.202585,0.0745916,10.4654,0,0.721995,0.942653,0.394137,40.202,44.1109,417792,1.1859,1.3831,0,0.394625,0,1,1
box_detour_wall_far,oi_face_rot_wide_mppi,17496,256,16,0,0,1,1,1,122,0.219031,0.0142353,12.7052,0,0.830775,1.27442,0.45986,56.1029,60.3892,499712,1.2265,1.3761,0,0.460297,0,1,1
box_detour_wall_far,oi_face_rot_wide_mppi,17503,256,16,0,0,1,1,1,166,0.246901,0.311727,16.5165,0,1.01855,1.62302,0.352834,58.5704,64.5475,679936,1.2112,1.3281,0,0.353173,0,1,1
box_detour_wall_far,oi_face_rot_wide_mppi,17510,256,16,0,0,1,1,1,111,0.243406,0.0449767,10.4729,0,0.860442,1.38855,0.381469,42.343,46.9262,454656,1.2413,1.3467,0,0.381901,0,1,1
box_detour_wall_far,oi_face_rot_wide_mppi,17517,256,16,0,0,1,1,1,79,0.236902,0.0575866,9.47513,0,0.837506,1.24943,0.446282,35.2563,38.7967,323584,1.2501,1.3221,0,0.446825,0,1,1
box_detour_wall_far,oi_face_rot_wide_mppi,17524,256,16,0,0,1,1,1,109,0.240086,0.218083,13.6096,0,0.79884,1.00886,0.374611,40.8326,45.2415,446464,1.1749,1.3054,0,0.375078,0,1,1
box_detour_wall_far,oi_face_rot_wide_mppi,17531,256,16,0,0,1,1,1,59,0.228415,0.148166,8.44634,0,0.797295,0.971848,0.435744,25.7089,28.6651,241664,1.2861,1.3647,0,0.436371,0,1,1
box_detour_wall_far,oi_face_rot_wide_mppi,17538,256,16,0,0,1,1,1,99,0.248614,0.0389325,8.90413,0,0.886139,1.4786,0.458491,45.3906,49.3029,405504,1.242,1.353,0,0.458995,0,1,1
box_detour_wall_far,oi_face_rot_wide_mppi,17545,256,16,0,0,1,1,1,104,0.214097,0.13504,8.29186,0,1.20051,2.78267,0.364689,37.9276,42.0589,425984,1.127,1.2457,0,0.365191,0,1,1
box_detour_wall_far,oi_face_rot_wide_mppi,17552,256,16,0,0,1,1,1,99,0.211491,0.120045,12.7437,0,0.837454,1.1025,0.42282,41.8592,45.1411,405504,1.2695,1.321,0,0.423282,0,1,1
box_detour_wall_far,oi_face_rot_wide_mppi,17559,256,16,0,0,1,1,1,101,0.238503,0.00238624,10.8128,0,0.950561,1.5435,0.419189,42.3381,45.8501,413696,1.2723,1.3273,0,0.419641,0,1,1
box_detour_wall_far,oi_face_rot_wide_mppi,17566,256,16,0,0,1,1,1,108,0.167364,0.171566,10.069,0,0.825523,1.35899,0.371293,40.0996,43.4857,442368,1.2498,1.3077,0,0.371695,0,1,1
box_detour_wall_far,oi_face_rot_wide_mppi,17573,256,16,0,0,1,1,1,108,0.229942,0.081299,10.1748,0,0.817047,1.17917,0.406484,43.9003,47.2411,442368,1.2556,1.3272,0,0.406871,0,1,1
box_detour_wall_far,oi_face_rot_wide_mppi,17580,256,16,0,0,1,1,1,129,0.220817,0.0784999,11.6752,0,0.932896,1.7057,0.404687,52.2046,56.6636,528384,1.283,1.3664,0,0.405099,0,1,1
box_detour_wall_far,oi_face_rot_wide_mppi,17587,256,16,0,0,1,1,1,105,0.20004,0.0802835,11.5344,0,0.732783,0.89893,0.459491,48.2466,51.6486,430080,1.2428,1.3897,0,0.459976,0,1,1
box_detour_wall_far,oi_face_rot_wide_mppi,17594,256,16,0,0,1,1,1,88,0.198783,0.0101495,9.88858,0,0.871496,1.29111,0.454391,39.9864,43.5702,360448,1.2431,1.3342,0,0.454871,0,1,1
box_detour_wall_far,oi_face_rot_wide_mppi,17601,256,16,0,0,1,1,1,104,0.238639,0.144854,8.49583,0,0.891561,1.49262,0.415973,43.2612,46.0757,425984,1.2475,1.3246,0,0.416383,0,1,1
box_detour_wall_far,oi_face_rot_wide_mppi,17608,256,16,0,0,1,1,1,132,0.247656,0.0530443,11.8661,0,0.877956,1.33701,0.443883,58.5925,62.664,540672,1.2648,1.3543,0,0.444231,0,1,1
box_detour_wall_far,oi_face_rot_wide_mppi,17615,256,16,0,0,1,1,1,94,0.229116,0.0338114,9.12909,0,0.960721,1.68163,0.414473,38.9605,41.3781,385024,1.2579,1.3443,0,0.414849,0,1,1
box_detour_wall_far,oi_face_rot_wide_mppi,17622,256,16,0,0,1,1,1,119,0.24715,0.0267129,12.1898,0,0.759926,1.19084,0.431274,51.3216,55.0768,487424,1.2758,1.3269,0,0.431634,0,1,1
box_detour_wall_far,oi_face_rot_wide_mppi,17629,256,16,0,0,1,1,1,139,0.233524,0.173165,12.7822,0,0.775668,1.12278,0.383307,53.2797,57.0497,569344,1.2391,1.3561,0,0.383696,0,1,1
box_detour_wall_far,oi_face_rot_wide_mppi,17636,256,16,0,0,1,1,1,180,0.0459734,0.344563,12.2197,0,1.09668,2.34597,0.403289,72.592,77.6168,737280,1.241,1.3457,0,0.403583,0,1,1
box_detour_wall_far,oi_face_rot_wide_mppi,17643,256,16,0,0,1,1,1,112,0.209867,0.0477585,12.7711,0,0.821435,1.00665,0.418463,46.8679,49.6402,458752,1.2258,1.3375,0,0.418746,0,1,1
box_detour_wall_far,oi_face_rot_wide_mppi,17650,256,16,0,0,1,1,1,60,0.224283,0.0531779,7.28483,0,1.08969,1.81387,0.452088,27.1253,29.0278,245760,1.2393,1.3296,0,0.452618,0,1,1
box_detour_wall_far,oi_face_rot_wide_mppi,17657,256,16,0,0,1,1,1,72,0.235607,0.0748634,6.99426,0,0.870264,1.35528,0.412842,29.7246,31.4849,294912,1.1746,1.3299,0,0.413304,0,1,1
box_detour_wall_far,oi_face_rot_wide_mppi,17664,256,16,0,0,1,1,1,129,0.245333,0.29712,12.547,0,0.950249,1.70515,0.427744,55.179,58.7109,528384,1.2417,1.3791,0,0.428061,0,1,1
box_detour_wall_far,oi_face_rot_wide_mppi,17671,256,16,0,0,1,1,1,140,0.248854,0.123189,10.4465,0,0.908004,1.55863,0.378632,53.0085,57.2752,573440,1.1913,1.3078,0,0.378964,0,1,1
box_detour_wall_far,oi_face_rot_wide_mppi,17678,256,16,0,0,1,1,1,100,0.231244,0.273259,11.156,0,0.993568,1.79655,0.41776,41.776,44.6063,409600,1.207,1.3418,0,0.418145,0,1,1
box_detour_wall_far,oi_face_rot_wide_mppi,17685,256,16,0,0,1,1,1,104,0.24638,0.0138477,10.7881,0,1.03321,1.67982,0.473875,49.283,51.9116,425984,1.2105,1.333,0,0.474229,0,1,1
box_detour_wall_far,oi_face_rot_wide_mppi,17692,256,16,0,0,1,1,1,128,0.242013,0.0935972,10.163,0,0.959105,1.67736,0.440622,56.3996,60.3878,524288,1.2183,1.3716,0,0.440957,0,1,1
box_detour_wall_far,oi_face_rot_wide_mppi,17699,256,16,0,0,1,1,1,112,0.231822,0.165483,12.3727,0,0.981169,1.5835,0.413054,46.2621,49.6879,458752,1.1353,1.2914,0,0.413478,0,1,1
box_detour_wall_far,oi_face_rot_wide_mppi,17706,256,16,0,0,1,1,1,112,0.239984,0.0354137,9.70914,0,1.24301,2.69906,0.319493,35.7832,38.5893,458752,1.015,1.2945,0,0.319871,0,1,1
box_detour_wall_far,oi_face_rot_wide_mppi,17713,256,16,0,0,1,1,1,123,0.232029,0.0872754,12.5824,0,0.845145,1.23417,0.455775,56.0603,59.0516,503808,1.1621,1.3899,0,0.456108,0,1,1
box_detour_wall_far,oi_face_rot_wide_mppi,17720,256,16,0,0,1,1,1,105,0.227523,0.124566,9.3846,0,0.899004,1.46124,0.399735,41.9722,44.7137,430080,1.1709,1.336,0,0.400176,0,1,1
box_detour_wall_far,oi_face_rot_wide_mppi,17727,256,16,0,0,1,1,1,116,0.24113,0.210482,11.9307,0,1.0916,2.29587,0.406241,47.124,50.078,475136,1.2438,1.3495,0,0.406608,0,1,1
box_detour_wall_far,oi_face_rot_wide_mppi,17734,256,16,0,0,1,1,1,91,0.217827,0.195544,10.099,0,0.961112,1.64197,0.358705,32.6422,35.436,372736,1.0019,1.329,0,0.359122,0,1,1
box_detour_wall_far,oi_face_rot_wide_mppi,17741,256,16,0,0,1,1,1,115,0.237081,0.1593,12.0496,0,0.786491,1.10133,0.36812,42.3338,45.5047,471040,1.1645,1.3269,0,0.368474,0,1,1
box_detour_wall_far,oi_face_rot_wide_mppi,17748,256,16,0,0,1,1,1,158,0.20959,0.068746,12.6946,0,0.75913,1.14234,0.397004,62.7266,66.9307,647168,1.2309,1.3527,0,0.397315,0,1,1
box_detour_wall_far,oi_face_rot_wide_mppi,17755,256,16,0,0,1,1,1,91,0.200642,0.0878787,8.72816,0,0.991087,1.78661,0.379827,34.5643,36.7345,372736,1.211,1.3402,0,0.380412,0,1,1
box_detour_wall_far,oi_face_rot_wide_mppi,17762,256,16,0,0,1,1,1,134,0.222479,0.0132775,10.1057,0,0.839644,1.35969,0.405699,54.3637,58.286,548864,1.2328,1.3494,0,0.406073,0,1,1
box_detour_wall_far,oi_face_rot_wide_mppi,17769,256,16,0,0,1,1,1,148,0.185244,0.0410379,11.7958,0,0.814377,1.31736,0.397516,58.8323,62.7303,606208,1.1276,1.3689,0,0.397843,0,1,1
box_detour_wall_far,oi_face_rot_wide_mppi,17776,256,16,0,0,1,1,1,84,0.194098,0.0369545,8.84286,0,0.743183,1.06754,0.366912,30.8206,32.4114,344064,1.1321,1.3318,0,0.367324,0,1,1
box_detour_wall_far,oi_face_rot_wide_mppi,17783,256,16,0,0,1,1,1,136,0.118724,0.335194,13.0723,0,0.861055,1.22991,0.377347,51.3192,53.7588,557056,1.1241,1.3252,0,0.3776,0,1,1
box_detour_wall_far,oi_face_rot_wide_mppi,17790,256,16,0,0,1,1,1,51,0.217587,0.0488405,8.00436,0,0.92078,1.25171,0.383984,19.5832,20.8364,208896,1.2295,1.3448,0,0.384461,0,1,1
box_detour_wall_far,oi_face_rot_wide_mppi,17797,256,16,0,0,1,1,1,119,0.226995,0.0485378,11.6748,0,0.746113,1.01199,0.430076,51.1791,53.8417,487424,1.2652,1.3866,0,0.430353,0,1,1
box_detour_wall_far,oi_face_rot_wide_mppi,17804,256,16,0,0,1,1,1,122,0.247428,0.07803,12.1184,0,0.897501,1.45562,0.394966,48.1858,51.4186,499712,1.1807,1.3363,0,0.395313,0,1,1
box_detour_wall_far,oi_face_rot_wide_mppi,17811,256,16,0,0,1,1,1,92,0.244324,0.0229325,9.45802,0,0.875696,1.39899,0.409262,37.6521,40.402,376832,1.2514,1.3202,0,0.409639,0,1,1
box_detour_wall_far,oi_face_rot_wide_mppi,17818,256,16,0,0,1,1,1,95,0.174483,0.0884778,12.4391,0,0.959435,1.64096,0.377976,35.9077,37.7831,389120,1.2404,1.3351,0,0.378309,0,1,1
box_detour_wall_far,oi_face_rot_wide_mppi,17825,256,16,0,0,1,1,1,78,0.235079,0.202218,7.2605,0,1.26178,2.69001,0.425499,33.1889,34.9154,319488,1.2506,1.3549,0,0.425937,0,1,1
box_detour_wall_far,oi_face_rot_wide_mppi,17832,256,16,0,0,1,1,1,60,0.247392,0.0312482,8.45274,0,0.924528,1.30933,0.360828,21.6497,23.3044,245760,1.1145,1.3137,0,0.3612,0,1,1
box_detour_wall_far,oi_face_rot_wide_mppi,17839,256,16,0,0,1,1,1,105,0.230208,0.15287,9.90811,0,0.92681,1.65814,0.458126,48.1032,50.8148,430080,1.2358,1.3663,0,0.458521,0,1,1
box_detour_wall_far,oi_face_rot_wide_mppi,17846,256,16,0,0,1,1,1,63,0.209463,0.0641451,7.71192,0,0.916835,1.28834,0.387495,24.4122,26.1921,258048,1.1043,1.3179,0,0.387965,0,1,1
box_detour_wall_far,oi_face_rot_wide_mppi,17853,256,16,0,0,1,1,1,134,0.249822,0.095743,11.899,0,0.871411,1.46577,0.408153,54.6925,58.2157,548864,1.2453,1.3535,0,0.408453,0,1,1
box_detour_wall_far,oi_face_rot_wide_mppi,17860,256,16,0,0,1,1,1,92,0.220099,0.0726157,9.46423,0,0.85122,1.22195,0.435301,40.0477,42.8698,376832,1.2541,1.3423,0,0.435708,0,1,1
box_detour_wall_far,oi_face_rot_wide_mppi,17867,256,16,0,0,1,1,1,93,0.241649,0.0176385,11.0757,0,0.788076,1.0751,0.455864,42.3953,44.9181,380928,1.2601,1.3734,0,0.456229,0,1,1
box_detour_wall_far,oi_face_rot_wide_mppi,17874,256,16,0,0,1,1,1,97,0.213278,0.0106577,10.9941,0,0.901069,1.26191,0.508089,49.2846,51.9661,397312,1.2529,1.356,0,0.508532,0,1,1
box_detour_wall_far,oi_face_rot_wide_mppi,17881,256,16,0,0,1,1,1,104,0.183757,0.119155,9.04091,0,1.0156,2.0316,0.42409,44.1054,46.5763,425984,1.2411,1.3414,0,0.424435,0,1,1
box_detour_wall_far,oi_face_rot_wide_mppi,17888,256,16,0,0,1,1,1,109,0.208906,0.109513,14.0521,0,0.843745,1.14616,0.404215,44.0594,46.8597,446464,1.2997,1.3479,0,0.404555,0,1,1
box_detour_wall_far,oi_face_rot_wide_mppi,17895,256,16,0,0,1,1,1,102,0.238696,0.227066,10.5937,0,0.832621,1.29952,0.50155,51.1581,54.1304,417792,1.2361,1.2778,0,0.501987,0,1,1
box_detour_wall_far,oi_face_rot_wide_mppi,17902,256,16,0,0,1,1,1,80,0.208891,0.0711544,8.71055,0,0.847611,1.42356,0.458944,36.7155,38.3983,327680,1.2572,1.3606,0,0.459265,0,1,1
box_detour_wall_far,oi_face_rot_wide_mppi,17909,256,16,0,0,1,1,1,80,0.230093,0.18895,8.42912,0,0.871249,1.28371,0.455501,36.4401,38.8154,327680,1.2519,1.3493,0,0.455943,0,1,1
box_detour_wall_far,oi_face_rot_wide_mppi,17916,256,16,0,0,1,1,1,117,0.18821,0.0432921,10.5112,0,0.942666,1.47407,0.460989,53.9357,56.6636,479232,1.296,1.3465,0,0.461319,0,1,1
box_detour_wall_far,oi_face_rot_wide_mppi,17923,256,16,0,0,1,1,1,122,0.202221,0.133548,11.0844,0,0.89374,1.62539,0.377912,46.1053,49.0098,499712,1.2461,1.3146,0,0.378248,0,1,1
box_detour_wall_far,oi_face_rot_wide_mppi,17930,256,16,0,0,1,1,1,106,0.21759,0.208861,12.0146,0,0.836896,1.14796,0.406613,43.101,45.4099,434176,1.2718,1.3388,0,0.406924,0,1,1
box_detour_wall_far,oi_face_rot_wide_mppi,17937,256,16,0,0,1,1,1,89,0.20954,0.000883601,8.82403,0,0.984853,1.66554,0.437829,38.9668,40.8243,364544,1.2372,1.3427,0,0.438189,0,1,1
box_detour_wall_far,oi_face_rot_wide_mppi,17944,256,16,0,0,1,1,1,119,0.165449,0.17355,10.2797,0,0.966443,1.72646,0.449002,53.4312,57.1699,487424,1.2327,1.3542,0,0.449344,0,1,1
box_detour_wall_far,oi_face_rot_wide_mppi,17951,256,16,0,0,1,1,1,73,0.206096,0.00408041,7.10601,0,0.895922,1.36753,0.410821,29.9899,31.4949,299008,1.148,1.2715,0,0.411153,0,1,1
box_detour_wall_far,oi_face_rot_wide_mppi,17958,256,16,0,0,1,1,1,95,0.244691,0.0698581,10.0929,0,0.883031,1.31506,0.398638,37.8706,40.5103,389120,1.2748,1.3073,0,0.399054,0,1,1
box_detour_wall_far,oi_face_rot_wide_mppi,17965,256,16,0,0,1,1,1,76,0.24386,0.000660533,8.15022,0,1.07893,1.83021,0.415572,31.5835,33.6191,311296,1.2591,1.3906,0,0.41601,0,1,1
box_detour_wall_far,oi_face_rot_wide_mppi,17972,256,16,0,0,1,1,1,86,0.239759,0.0732586,8.74098,0,0.876364,1.2571,0.451222,38.8051,41.2789,352256,1.2642,1.3865,0,0.451626,0,1,1
box_detour_wall_far,oi_face_rot_wide_mppi,17979,256,16,0,0,1,1,1,104,0.24149,0.103818,8.80966,0,0.81181,1.32227,0.489361,50.8935,53.823,425984,1.2631,1.3446,0,0.489753,0,1,1
box_detour_wall_far,oi_face_rot_wide_mppi,17986,256,16,0,0,1,1,1,73,0.22542,0.134818,8.48309,0,0.836381,1.38591,0.432851,31.5981,33.6013,299008,1.2503,1.3365,0,0.433323,0,1,1
box_detour_wall_far,oi_face_rot_wide_mppi,17993,256,16,0,0,1,1,1,110,0.21077,0.0223911,9.78137,0,0.995364,1.97497,0.451702,49.6872,52.1356,450560,1.2537,1.3587,0,0.452063,0,1,1
box_detour_wall_far,oi_face_rot_wide_mppi,18000,256,16,0,0,1,1,1,85,0.228171,0.0120868,9.73683,0,1.06391,1.8186,0.425235,36.145,38.8116,348160,1.2448,1.3419,0,0.425746,0,1,1
box_detour_wall_far,oi_face_rot_wide_mppi,18007,256,16,0,0,1,1,1,113,0.246917,0.0796172,11.3894,0,0.848795,1.23073,0.435264,49.1848,52.9328,462848,1.2244,1.3645,0,0.435659,0,1,1
box_detour_wall_far,oi_face_rot_wide_mppi,18014,256,16,0,0,1,1,1,104,0.240721,0.127212,11.0245,0,0.79605,1.12829,0.47782,49.6933,52.5825,425984,1.3018,1.3911,0,0.47825,0,1,1
box_detour_wall_far,oi_face_rot_wide_mppi,18021,256,16,0,0,1,1,1,90,0.249507,0.0775736,9.24512,0,0.891091,1.67965,0.450229,40.5206,42.5783,368640,1.2722,1.326,0,0.450632,0,1,1
box_detour_wall_far,oi_face_rot_wide_mppi,18028,256,16,0,0,1,1,1,90,0.215761,0.0275098,11.7019,0,0.924461,1.3258,0.485631,43.7068,46.4532,368640,1.2942,1.3391,0,0.486066,0,1,1
box_detour_wall_far,oi_face_rot_wide_mppi,18035,256,16,0,0,1,1,1,113,0.230555,0.0740462,12.274,0,0.762938,1.14479,0.479326,54.1638,57.5583,462848,1.2657,1.4014,0,0.479719,0,1,1
box_detour_wall_far,oi_face_rot_wide_mppi,18042,256,16,0,0,1,1,1,92,0.22453,0.0367844,11.3388,0,0.821267,1.07895,0.472754,43.4934,45.8986,376832,1.2587,1.349,0,0.473299,0,1,1
box_detour_wall_far,oi_face_rot_wide_mppi,18049,256,16,0,0,1,1,1,125,0.210061,0.159359,10.6247,0,0.868676,1.57283,0.353523,44.1904,47.5468,512000,1.239,1.3599,0,0.353882,0,1,1
box_detour_wall_left,oi_face_rot_anchor_mppi,17256,256,16,0,0,1,1,1,97,0.242401,0.0610696,9.54407,0,0.805683,1.04365,0.470203,45.6097,48.5439,397312,1.3159,1.3923,0,0.470707,0,1,1
box_detour_wall_left,oi_face_rot_anchor_mppi,17263,256,16,0,0,1,1,1,172,0.189563,0.0185196,10.3233,0,0.874197,1.52195,0.47742,82.1163,86.7344,704512,1.3004,1.425,0,0.477748,0,1,1
box_detour_wall_left,oi_face_rot_anchor_mppi,17270,256,16,0,0,1,1,1,80,0.22999,0.0113374,6.73139,0,0.880007,1.39032,0.425657,34.0526,36.4719,327680,1.2591,1.3409,0,0.426086,0,1,1
box_detour_wall_left,oi_face_rot_anchor_mppi,17277,256,16,0,0,1,1,1,152,0.215925,0.0379617,11.7305,0,0.742902,1.1255,0.47895,72.8004,76.2462,622592,1.3344,1.3888,0,0.479258,0,1,1
box_detour_wall_left,oi_face_rot_anchor_mppi,17284,256,16,0,0,1,1,1,110,0.226115,0.212828,9.89789,0,0.829373,1.19054,0.405733,44.6306,46.9859,450560,1.2715,1.3359,0,0.406016,0,1,1
box_detour_wall_left,oi_face_rot_anchor_mppi,17291,256,16,0,0,1,1,1,106,0.240835,0.0330748,9.23549,0,0.946346,1.53719,0.369118,39.1265,41.8446,434176,1.2465,1.384,0,0.369433,0,1,1
box_detour_wall_left,oi_face_rot_anchor_mppi,17298,256,16,0,0,1,1,1,112,0.228364,0.222242,8.58926,0,0.799922,1.42014,0.456888,51.1715,54.3367,458752,1.2654,1.3318,0,0.457245,0,1,1
box_detour_wall_left,oi_face_rot_anchor_mppi,17305,256,16,0,0,1,1,1,161,0.240234,0.14089,14.5601,0,0.812708,1.18846,0.491601,79.1477,85.3989,659456,1.2938,1.5535,0,0.491945,0,1,1
box_detour_wall_left,oi_face_rot_anchor_mppi,17312,256,16,0,0,1,1,1,114,0.208316,0.0579265,8.68069,0,0.844665,1.42269,0.417525,47.5978,50.1957,466944,1.3189,1.3926,0,0.417853,0,1,1
box_detour_wall_left,oi_face_rot_anchor_mppi,17319,256,16,0,0,1,1,1,143,0.233923,0.118095,9.50841,0,0.817578,1.268,0.477326,68.2576,71.294,585728,1.2657,1.4107,0,0.477654,0,1,1
box_detour_wall_left,oi_face_rot_anchor_mppi,17326,256,16,0,0,1,1,1,137,0.160805,0.0597356,11.09,0,0.717043,1.01436,0.48546,66.508,70.6158,561152,1.2649,1.3408,0,0.485763,0,1,1
box_detour_wall_left,oi_face_rot_anchor_mppi,17333,256,16,0,0,1,1,1,92,0.197136,0.119915,6.60356,0,0.930593,1.61097,0.45994,42.3145,44.2435,376832,1.2845,1.4078,0,0.4603,0,1,1
box_detour_wall_left,oi_face_rot_anchor_mppi,17340,256,16,0,0,1,1,1,113,0.247633,0.144693,7.9668,0,0.904716,1.5176,0.469493,53.0527,56.0334,462848,1.2719,1.3996,0,0.469841,0,1,1
box_detour_wall_left,oi_face_rot_anchor_mppi,17347,256,16,0,0,1,1,1,128,0.24642,0.0353431,12.0649,0,0.870658,1.37622,0.438595,56.1402,60.1253,524288,1.2648,1.3436,0,0.438917,0,1,1
box_detour_wall_left,oi_face_rot_anchor_mppi,17354,256,16,0,0,1,1,1,142,0.209742,0.058654,11.5077,0,0.763205,1.05914,0.471753,66.9889,71.354,581632,1.2541,1.3406,0,0.472101,0,1,1
box_detour_wall_left,oi_face_rot_anchor_mppi,17361,256,16,0,0,1,1,1,86,0.221766,0.0144347,6.72133,0,0.851234,1.26449,0.385733,33.173,34.8301,352256,1.3047,1.3411,0,0.386081,0,1,1
box_detour_wall_left,oi_face_rot_anchor_mppi,17368,256,16,0,0,1,1,1,141,0.177839,0.326317,12.7023,0,0.883811,1.56999,0.422628,59.5906,63.8195,577536,1.2376,1.3568,0,0.422953,0,1,1
box_detour_wall_left,oi_face_rot_anchor_mppi,17375,256,16,0,0,1,1,1,114,0.167931,0.0787177,8.42907,0,0.850262,1.31012,0.442721,50.4702,54.1748,466944,1.2777,1.3852,0,0.443111,0,1,1
box_detour_wall_left,oi_face_rot_anchor_mppi,17382,256,16,0,0,1,1,1,93,0.218183,0.0141965,7.56033,0,0.961246,1.64648,0.401418,37.3319,40.4989,380928,1.2624,1.3459,0,0.401815,0,1,1
box_detour_wall_left,oi_face_rot_anchor_mppi,17389,256,16,0,0,1,1,1,120,0.158499,0.125402,9.76745,0,0.735272,0.969073,0.456718,54.8061,57.4466,491520,1.2774,1.3733,0,0.457039,0,1,1
box_detour_wall_left,oi_face_rot_anchor_mppi,17396,256,16,0,0,1,1,1,101,0.196645,0.0238966,8.23286,0,0.987979,1.85089,0.501653,50.667,52.8286,413696,1.2878,1.3502,0,0.502013,0,1,1
box_detour_wall_left,oi_face_rot_anchor_mppi,17403,256,16,0,0,1,1,1,163,0.240257,0.141148,11.6502,0,0.795933,1.35629,0.46615,75.9825,80.4318,667648,1.2406,1.3787,0,0.466468,0,1,1
box_detour_wall_left,oi_face_rot_anchor_mppi,17410,256,16,0,0,1,1,1,95,0.20512,0.121677,9.62248,0,0.794328,0.971537,0.476079,45.2275,47.5322,389120,1.2702,1.3821,0,0.476481,0,1,1
box_detour_wall_left,oi_face_rot_anchor_mppi,17417,256,16,0,0,1,1,1,202,0.20378,0.264356,15.49,0,0.984286,1.81012,0.381955,77.1549,82.5203,827392,1.2571,1.3189,0,0.382203,0,1,1
box_detour_wall_left,oi_face_rot_anchor_mppi,17424,256,16,0,0,1,1,1,52,0.21641,0.195331,5.46438,0,0.867622,1.1135,0.530073,27.5638,29.2165,212992,1.2653,1.3559,0,0.530704,0,1,1
box_detour_wall_left,oi_face_rot_anchor_mppi,17431,256,16,0,0,1,1,1,111,0.179109,0.0072538,8.49478,0,0.860596,1.34938,0.401304,44.5447,46.4761,454656,1.2859,1.4338,0,0.401592,0,1,1
box_detour_wall_left,oi_face_rot_anchor_mppi,17438,256,16,0,0,1,1,1,111,0.206611,0.0925108,10.1066,0,0.782297,1.0962,0.370753,41.1536,43.685,454656,1.2929,1.3721,0,0.371251,0,1,1
box_detour_wall_left,oi_face_rot_anchor_mppi,17445,256,16,0,0,1,1,1,129,0.216895,0.0594135,10.3989,0,0.80378,1.20035,0.471646,60.8424,64.0152,528384,1.2418,1.3751,0,0.471963,0,1,1
box_detour_wall_left,oi_face_rot_anchor_mppi,17452,256,16,0,0,1,1,1,120,0.202163,0.153903,8.24271,0,0.89553,1.53193,0.439543,52.7451,55.5852,491520,1.2664,1.3609,0,0.439849,0,1,1
box_detour_wall_left,oi_face_rot_anchor_mppi,17459,256,16,0,0,1,1,1,109,0.211253,0.116802,7.7404,0,0.849197,1.41352,0.408083,44.481,47.8415,446464,1.2659,1.3567,0,0.408435,0,1,1
box_detour_wall_left,oi_face_rot_anchor_mppi,17466,256,16,0,0,1,1,1,82,0.226326,0.0745773,6.96749,0,0.866146,1.26627,0.463537,38.01,40.14,335872,1.2911,1.3621,0,0.463966,0,1,1
box_detour_wall_left,oi_face_rot_anchor_mppi,17473,256,16,0,0,1,1,1,125,0.243309,0.14618,11.2079,0,0.777496,1.06505,0.472661,59.0826,61.2343,512000,1.2597,1.409,0,0.472914,0,1,1
box_detour_wall_left,oi_face_rot_anchor_mppi,17480,256,16,0,0,1,1,1,109,0.224825,0.0295709,9.36186,0,0.816621,1.03764,0.488309,53.2257,56.5881,446464,1.3192,1.3796,0,0.488708,0,1,1
box_detour_wall_left,oi_face_rot_anchor_mppi,17487,256,16,0,0,1,1,1,100,0.242218,0.120551,7.24847,0,0.732276,1.10867,0.401204,40.1204,43.1905,409600,1.2732,1.3454,0,0.401634,0,1,1
box_detour_wall_left,oi_face_rot_anchor_mppi,17494,256,16,0,0,1,1,1,125,0.215832,0.00324124,9.61575,0,0.974118,1.89722,0.425823,53.2279,56.7349,512000,1.2647,1.3794,0,0.426171,0,1,1
box_detour_wall_left,oi_face_rot_anchor_mppi,17501,256,16,0,0,1,1,1,77,0.240747,0.0698109,6.47622,0,0.960168,1.5236,0.506822,39.0253,41.3052,315392,1.2728,1.3433,0,0.507194,0,1,1
box_detour_wall_left,oi_face_rot_anchor_mppi,17508,256,16,0,0,1,1,1,74,0.232466,0.0758955,5.87543,0,0.815241,1.31518,0.427963,31.6693,33.317,303104,1.2704,1.406,0,0.428408,0,1,1
box_detour_wall_left,oi_face_rot_anchor_mppi,17515,256,16,0,0,1,1,1,88,0.246079,0.0917923,8.18944,0,0.831755,1.16984,0.476256,41.9105,43.6392,360448,1.2745,1.4001,0,0.476502,0,1,1
box_detour_wall_left,oi_face_rot_anchor_mppi,17522,256,16,0,0,1,1,1,129,0.209054,0.110213,9.45483,0,0.808278,1.16237,0.420712,54.2718,57.2393,528384,1.2714,1.3808,0,0.420975,0,1,1
box_detour_wall_left,oi_face_rot_anchor_mppi,17529,256,16,0,0,1,1,1,126,0.209646,0.131436,8.49924,0,0.849981,1.39118,0.433263,54.5911,58.3838,516096,1.2417,1.3242,0,0.43356,0,1,1
box_detour_wall_left,oi_face_rot_anchor_mppi,17536,256,16,0,0,1,1,1,94,0.245936,0.0492557,8.31196,0,0.781152,1.06478,0.464449,43.6582,46.3314,385024,1.2516,1.3202,0,0.46484,0,1,1
box_detour_wall_left,oi_face_rot_anchor_mppi,17543,256,16,0,0,1,1,1,122,0.167106,0.0744603,8.69818,0,0.838033,1.34963,0.302979,36.9634,40.3889,499712,0.9378,1.375,0,0.303305,0,1,1
box_detour_wall_left,oi_face_rot_anchor_mppi,17550,256,16,0,0,1,1,1,103,0.189842,0.0423509,8.80086,0,0.844998,1.42457,0.463008,47.6898,50.6719,421888,1.2618,1.3577,0,0.463456,0,1,1
box_detour_wall_left,oi_face_rot_anchor_mppi,17557,256,16,0,0,1,1,1,83,0.232218,0.264123,8.43044,0,0.851313,1.23109,0.449666,37.3223,39.0476,339968,1.311,1.35,0,0.449982,0,1,1
box_detour_wall_left,oi_face_rot_anchor_mppi,17564,256,16,0,0,1,1,1,109,0.164859,0.0945773,8.00544,0,0.82919,1.2432,0.449249,48.9681,51.4945,446464,1.3125,1.3963,0,0.449587,0,1,1
box_detour_wall_left,oi_face_rot_anchor_mppi,17571,256,16,0,0,1,1,1,79,0.239495,0.0257229,6.48078,0,0.831778,1.21703,0.472458,37.3242,39.4659,323584,1.3064,1.3461,0,0.472876,0,1,1
box_detour_wall_left,oi_face_rot_anchor_mppi,17578,256,16,0,0,1,1,1,77,0.21526,0.0850807,5.74496,0,0.93501,1.49719,0.416688,32.085,33.5315,315392,1.2668,1.4076,0,0.41703,0,1,1
box_detour_wall_left,oi_face_rot_anchor_mppi,17585,256,16,0,0,1,1,1,139,0.245611,0.311469,10.9214,0,0.751027,1.13428,0.495267,68.8421,72.5413,569344,1.2876,1.3571,0,0.495557,0,1,1
box_detour_wall_left,oi_face_rot_anchor_mppi,17592,256,16,0,0,1,1,1,103,0.199338,0.0570898,7.41396,0,1.00684,1.82708,0.41142,42.3762,45.2453,421888,1.2771,1.3695,0,0.411853,0,1,1
box_detour_wall_left,oi_face_rot_anchor_mppi,17599,256,16,0,0,1,1,1,103,0.237215,0.00346044,6.87555,0,0.891511,1.49276,0.429257,44.2135,46.6483,421888,1.2703,1.3519,0,0.429591,0,1,1
box_detour_wall_left,oi_face_rot_anchor_mppi,17606,256,16,0,0,1,1,1,75,0.213289,0.12539,5.97391,0,0.908171,1.31419,0.535365,40.1524,41.7653,307200,1.2715,1.3464,0,0.535785,0,1,1
box_detour_wall_left,oi_face_rot_anchor_mppi,17613,256,16,0,0,1,1,1,95,0.23966,0.198425,7.34622,0,0.960883,1.76162,0.497997,47.3097,49.6105,389120,1.3061,1.4014,0,0.498342,0,1,1
box_detour_wall_left,oi_face_rot_anchor_mppi,17620,256,16,0,0,1,1,1,104,0.232224,0.284203,6.91849,0,1.1573,2.69481,0.347925,36.1842,38.0791,425984,1.2559,1.374,0,0.34827,0,1,1
box_detour_wall_left,oi_face_rot_anchor_mppi,17627,256,16,0,0,1,1,1,159,0.21937,0.214599,13.9874,0,0.855239,1.39119,0.455733,72.4616,77.3866,651264,1.2652,1.3659,0,0.45609,0,1,1
box_detour_wall_left,oi_face_rot_anchor_mppi,17634,256,16,0,0,1,1,1,111,0.226026,0.150547,9.3284,0,0.761323,1.13489,0.51423,57.0795,60.3078,454656,1.2774,1.3417,0,0.514605,0,1,1
box_detour_wall_left,oi_face_rot_anchor_mppi,17641,256,16,0,0,1,1,1,103,0.236186,0.0344352,8.22471,0,0.827567,1.11623,0.481645,49.6094,52.1681,421888,1.2597,1.3662,0,0.482052,0,1,1
box_detour_wall_left,oi_face_rot_anchor_mppi,17648,256,16,0,0,1,1,1,123,0.248264,0.00476402,9.87912,0,0.815978,1.21338,0.422995,52.0284,55.9418,503808,1.2616,1.3168,0,0.42335,0,1,1
box_detour_wall_left,oi_face_rot_anchor_mppi,17655,256,16,0,0,1,1,1,115,0.201045,0.165883,10.008,0,0.978766,1.60929,0.421291,48.4485,51.1288,471040,1.2626,1.3982,0,0.42163,0,1,1
box_detour_wall_left,oi_face_rot_anchor_mppi,17662,256,16,0,0,1,1,1,101,0.219407,0.210522,10.3646,0,0.82827,1.23454,0.387978,39.1858,41.5726,413696,1.2817,1.3642,0,0.388307,0,1,1
box_detour_wall_left,oi_face_rot_anchor_mppi,17669,256,16,0,0,1,1,1,108,0.212796,0.208018,7.77146,0,0.934677,1.73175,0.379908,41.03,43.1328,442368,1.2661,1.3683,0,0.380265,0,1,1
box_detour_wall_left,oi_face_rot_anchor_mppi,17676,256,16,0,0,1,1,1,117,0.214216,0.0227552,8.18274,0,1.19344,2.77126,0.473962,55.4535,57.2314,479232,1.3152,1.3562,0,0.474225,0,1,1
box_detour_wall_left,oi_face_rot_anchor_mppi,17683,256,16,0,0,1,1,1,101,0.200727,0.182039,8.77194,0,0.728262,0.950833,0.429663,43.396,45.4224,413696,1.2625,1.388,0,0.430109,0,1,1
box_detour_wall_left,oi_face_rot_anchor_mppi,17690,256,16,0,0,1,1,1,136,0.208524,0.133737,10.8644,0,0.949097,1.66135,0.495088,67.332,70.933,557056,1.247,1.3676,0,0.495399,0,1,1
box_detour_wall_left,oi_face_rot_anchor_mppi,17697,256,16,0,0,1,1,1,126,0.200205,0.14594,9.06949,0,0.881675,1.48413,0.523882,66.0091,70.455,516096,1.2634,1.3632,0,0.524253,0,1,1
box_detour_wall_left,oi_face_rot_anchor_mppi,17704,256,16,0,0,1,1,1,110,0.246912,0.0900902,11.2858,0,0.854682,1.32541,0.498686,54.8555,57.8951,450560,1.2849,1.3714,0,0.499042,0,1,1
box_detour_wall_left,oi_face_rot_anchor_mppi,17711,256,16,0,0,1,1,1,97,0.211616,0.00336718,8.119,0,0.864404,1.5325,0.46749,45.3465,47.8789,397312,1.2754,1.373,0,0.467908,0,1,1
box_detour_wall_left,oi_face_rot_anchor_mppi,17718,256,16,0,0,1,1,1,141,0.244727,0.0975825,10.3508,0,0.763716,1.04027,0.458482,64.6459,68.4948,577536,1.2581,1.3972,0,0.458784,0,1,1
box_detour_wall_left,oi_face_rot_anchor_mppi,17725,256,16,0,0,1,1,1,113,0.212168,0.099046,8.72659,0,0.808058,1.22562,0.33738,38.1239,40.2117,462848,1.2356,1.3978,0,0.33767,0,1,1
box_detour_wall_left,oi_face_rot_anchor_mppi,17732,256,16,0,0,1,1,1,99,0.238735,0.130387,8.12161,0,0.948525,1.76624,0.417486,41.3311,43.1005,405504,1.3046,1.3626,0,0.417909,0,1,1
box_detour_wall_left,oi_face_rot_anchor_mppi,17739,256,16,0,0,1,1,1,115,0.234173,0.0833988,9.27907,0,0.952229,1.63512,0.478822,55.0645,58.0542,471040,1.2677,1.3446,0,0.479207,0,1,1
box_detour_wall_left,oi_face_rot_anchor_mppi,17746,256,16,0,0,1,1,1,113,0.0949864,0.287803,12.7359,0,0.726645,0.893003,0.474002,53.5622,56.8966,462848,1.2636,1.3215,0,0.47438,0,1,1
box_detour_wall_left,oi_face_rot_anchor_mppi,17753,256,16,0,0,1,1,1,147,0.220845,0.320401,11.4509,0,0.833239,1.3544,0.429703,63.1664,67.5314,602112,1.2565,1.355,0,0.430119,0,1,1
box_detour_wall_left,oi_face_rot_anchor_mppi,17760,256,16,0,0,1,1,1,90,0.244362,0.0811022,7.12489,0,0.896128,1.46637,0.474972,42.7475,45.5798,368640,1.2692,1.3144,0,0.475313,0,1,1
box_detour_wall_left,oi_face_rot_anchor_mppi,17767,256,16,0,0,1,1,1,96,0.2293,0.0627782,8.00977,0,0.780667,1.21849,0.533111,51.1787,53.7583,393216,1.2687,1.3904,0,0.533616,0,1,1
box_detour_wall_left,oi_face_rot_anchor_mppi,17774,256,16,0,0,1,1,1,147,0.24702,0.151606,10.0111,0,0.916549,1.82588,0.474672,69.7767,73.3355,602112,1.2473,1.3778,0,0.475007,0,1,1
box_detour_wall_left,oi_face_rot_anchor_mppi,17781,256,16,0,0,1,1,1,81,0.249217,0.0210333,6.43372,0,0.812983,1.22347,0.442139,35.8133,38.6307,331776,1.2235,1.3515,0,0.442586,0,1,1
box_detour_wall_left,oi_face_rot_anchor_mppi,17788,256,16,0,0,1,1,1,131,0.212926,0.023845,10.5452,0,0.822552,1.2957,0.461925,60.5122,64.5092,536576,1.3087,1.3873,0,0.462268,0,1,1
box_detour_wall_left,oi_face_rot_anchor_mppi,17795,256,16,0,0,1,1,1,127,0.202852,0.258658,12.2838,0,0.788226,1.18939,0.454886,57.7705,60.3025,520192,1.3051,1.4018,0,0.455157,0,1,1
box_detour_wall_left,oi_face_rot_anchor_mppi,17802,256,16,0,0,1,1,1,96,0.228648,0.00714208,7.15098,0,0.971432,1.74136,0.366105,35.1461,38.128,393216,1.2247,1.31,0,0.366484,0,1,1
box_detour_wall_left,oi_face_rot_anchor_mppi,17809,256,16,0,0,1,1,1,131,0.23792,0.0377651,10.1201,0,0.832309,1.2211,0.472247,61.8644,64.7523,536576,1.2641,1.3708,0,0.472525,0,1,1
box_detour_wall_left,oi_face_rot_anchor_mppi,17816,256,16,0,0,1,1,1,72,0.238344,0.138709,5.72592,0,0.808951,1.27377,0.431929,31.0989,32.675,294912,1.2928,1.3611,0,0.432292,0,1,1
box_detour_wall_left,oi_face_rot_anchor_mppi,17823,256,16,0,0,1,1,1,96,0.234798,0.239251,7.49206,0,0.993971,2.04478,0.445964,42.8126,45.4134,393216,1.2531,1.2609,0,0.446374,0,1,1
box_detour_wall_left,oi_face_rot_anchor_mppi,17830,256,16,0,0,1,1,1,98,0.213069,0.00615617,8.2683,0,0.903448,1.39928,0.421066,41.2645,43.5574,401408,1.3111,1.3876,0,0.421492,0,1,1
box_detour_wall_left,oi_face_rot_anchor_mppi,17837,256,16,0,0,1,1,1,105,0.207676,0.0405234,7.64239,0,0.992113,1.79513,0.500176,52.5185,55.4577,430080,1.3046,1.3672,0,0.500564,0,1,1
box_detour_wall_left,oi_face_rot_anchor_mppi,17844,256,16,0,0,1,1,1,99,0.232792,0.0485504,8.55569,0,0.867477,1.16013,0.447225,44.2753,46.9606,405504,1.2568,1.3414,0,0.447605,0,1,1
box_detour_wall_left,oi_face_rot_anchor_mppi,17851,256,16,0,0,1,1,1,106,0.247362,0.166868,9.57016,0,0.749048,0.945274,0.454715,48.1998,51.5183,434176,1.2517,1.3954,0,0.45512,0,1,1
box_detour_wall_left,oi_face_rot_anchor_mppi,17858,256,16,0,0,1,1,1,87,0.237032,0.0718381,6.41328,0,0.980224,1.86347,0.358403,31.1811,32.8667,356352,1.1604,1.333,0,0.358762,0,1,1
box_detour_wall_left,oi_face_rot_anchor_mppi,17865,256,16,0,0,1,1,1,48,0.21389,0.0145746,5.15307,0,0.676701,0.810707,0.455933,21.8848,22.876,196608,1.2742,1.3004,0,0.456431,0,1,1
box_detour_wall_left,oi_face_rot_anchor_mppi,17872,256,16,0,0,1,1,1,115,0.193833,0.131329,10.5386,0,0.791296,0.987946,0.421506,48.4732,51.9613,471040,1.2501,1.3574,0,0.42192,0,1,1
box_detour_wall_left,oi_face_rot_anchor_mppi,17879,256,16,0,0,1,1,1,87,0.244378,0.0809508,8.23591,0,0.800514,1.15171,0.408952,35.5788,37.9167,356352,1.2724,1.401,0,0.409397,0,1,1
box_detour_wall_left,oi_face_rot_anchor_mppi,17886,256,16,0,0,1,1,1,86,0.214782,0.0854011,6.0222,0,0.79191,1.26489,0.422576,36.3415,38.9472,352256,1.2774,1.363,0,0.423022,0,1,1
box_detour_wall_left,oi_face_rot_anchor_mppi,17893,256,16,0,0,1,1,1,94,0.222281,0.117625,9.05413,0,0.725624,0.805142,0.401652,37.7553,39.9796,385024,1.3144,1.3663,0,0.40209,0,1,1
box_detour_wall_left,oi_face_rot_anchor_mppi,17900,256,16,0,0,1,1,1,86,0.248465,0.0341265,9.22401,0,0.620547,0.579719,0.427098,36.7304,39.4365,352256,1.2996,1.35,0,0.427525,0,1,1
box_detour_wall_left,oi_face_rot_anchor_mppi,17907,256,16,0,0,1,1,1,104,0.22287,0.0457569,6.81119,0,0.799562,1.50307,0.392958,40.8676,44.6899,425984,1.257,1.7225,0,0.393422,0,1,1
box_detour_wall_left,oi_face_rot_anchor_mppi,17914,256,16,0,0,1,1,1,215,0.168723,0.272365,20.469,0,0.935394,1.70824,0.410495,88.2564,95.5558,880640,1.2683,1.372,0,0.410822,0,1,1
box_detour_wall_left,oi_face_rot_anchor_mppi,17921,256,16,0,0,1,1,1,100,0.238228,0.118365,7.77405,0,0.888297,1.63204,0.450489,45.0489,48.4968,409600,1.2521,1.3313,0,0.450948,0,1,1
box_detour_wall_left,oi_face_rot_anchor_mppi,17928,256,16,0,0,1,1,1,96,0.155845,0.191892,10.5725,0,0.745668,0.877344,0.396612,38.0747,40.5907,393216,1.3073,1.3569,0,0.397024,0,1,1
box_detour_wall_left,oi_face_rot_anchor_mppi,17935,256,16,0,0,1,1,1,136,0.212161,0.0426123,10.0155,0,0.770308,1.07234,0.409956,55.754,60.7357,557056,1.2389,1.3531,0,0.410327,0,1,1
box_detour_wall_left,oi_face_rot_anchor_mppi,17942,256,16,0,0,1,1,1,65,0.241653,0.0577369,5.97564,0,0.909247,1.36242,0.388928,25.2803,27.8252,266240,1.2067,1.3078,0,0.389569,0,1,1
box_detour_wall_left,oi_face_rot_anchor_mppi,17949,256,16,0,0,1,1,1,115,0.207269,0.0697851,7.96989,0,0.762175,1.08072,0.431539,49.627,54.3974,471040,1.2394,1.2978,0,0.432042,0,1,1
box_detour_wall_left,oi_face_rot_pstall_mppi,17256,256,16,0,0,1,1,1,156,0.205039,0.0374802,11.5748,0,0.8836,1.53694,0.395349,61.6745,67.6729,638976,1.2933,2.7947,0,0.395714,0,1,1
box_detour_wall_left,oi_face_rot_pstall_mppi,17263,256,16,0,0,1,1,1,91,0.239553,0.0761247,7.64776,0,0.783978,1.01361,0.432478,39.3555,43.7001,372736,1.2256,1.3137,0,0.433011,0,1,1
box_detour_wall_left,oi_face_rot_pstall_mppi,17270,256,16,0,0,1,1,1,103,0.231193,0.0416525,7.60466,0,0.894161,1.4122,0.370546,38.1662,41.0484,421888,1.2496,1.3707,0,0.37099,0,1,1
box_detour_wall_left,oi_face_rot_pstall_mppi,17277,256,16,0,0,1,1,1,89,0.231185,0.0323449,7.18548,0,0.924143,1.69138,0.344172,30.6313,33.984,364544,1.2008,1.3489,0,0.3447,0,1,1
box_detour_wall_left,oi_face_rot_pstall_mppi,17284,256,16,0,0,1,1,1,94,0.226897,0.234416,9.3421,0,0.901079,1.48536,0.39653,37.2738,40.6345,385024,1.2356,2.4101,0,0.397008,0,1,1
box_detour_wall_left,oi_face_rot_pstall_mppi,17291,256,16,0,0,1,1,1,113,0.212193,0.0582007,9.06799,0,0.798375,1.14079,0.424212,47.936,52.0805,462848,1.2555,1.362,0,0.424666,0,1,1
box_detour_wall_left,oi_face_rot_pstall_mppi,17298,256,16,0,0,1,1,1,94,0.249344,0.0308691,7.7414,0,0.781775,1.13573,0.352938,33.1762,36.3443,385024,1.2912,1.3508,0,0.35333,0,1,1
box_detour_wall_left,oi_face_rot_pstall_mppi,17305,256,16,0,0,1,1,1,157,0.219306,0.0861638,17.903,0,0.677244,0.855677,0.428529,67.2791,73.4339,643072,1.286,1.3842,0,0.429018,0,1,1
box_detour_wall_left,oi_face_rot_pstall_mppi,17312,256,16,0,0,1,1,1,106,0.192681,0.0154378,7.69859,0,0.803778,1.22545,0.464087,49.1932,52.2324,434176,1.271,1.3861,0,0.464512,0,1,1
box_detour_wall_left,oi_face_rot_pstall_mppi,17319,256,16,0,0,1,1,1,103,0.225525,0.0306191,9.30075,0,0.827093,1.17052,0.38582,39.7395,42.6943,421888,1.2373,1.3989,0,0.386218,0,1,1
box_detour_wall_left,oi_face_rot_pstall_mppi,17326,256,16,0,0,1,1,1,136,0.209443,0.052938,11.6923,0,0.770992,1.06605,0.394494,53.6512,57.829,557056,1.2817,1.333,0,0.394826,0,1,1
box_detour_wall_left,oi_face_rot_pstall_mppi,17333,256,16,0,0,1,1,1,110,0.186726,0.0402419,7.85878,0,0.926873,1.68001,0.408961,44.9857,48.4991,450560,1.266,1.3496,0,0.409474,0,1,1
box_detour_wall_left,oi_face_rot_pstall_mppi,17340,256,16,0,0,1,1,1,121,0.210113,0.05337,9.80991,0,0.801632,1.17733,0.410115,49.6239,53.0417,495616,1.269,1.3492,0,0.410479,0,1,1
box_detour_wall_left,oi_face_rot_pstall_mppi,17347,256,16,0,0,1,1,1,128,0.180926,0.0449326,10.5168,0,0.797473,1.13237,0.44621,57.1149,61.2001,524288,1.2689,1.3648,0,0.446518,0,1,1
box_detour_wall_left,oi_face_rot_pstall_mppi,17354,256,16,0,0,1,1,1,178,0.192389,0.172905,15.5957,0,1.17034,2.51252,0.451994,80.4549,84.9451,729088,1.2946,1.4209,0,0.452331,0,1,1
box_detour_wall_left,oi_face_rot_pstall_mppi,17361,256,16,0,0,1,1,1,99,0.242782,0.079119,7.3289,0,0.91521,1.55506,0.471635,46.6919,49.5872,405504,1.2841,1.3552,0,0.472041,0,1,1
box_detour_wall_left,oi_face_rot_pstall_mppi,17368,256,16,0,0,1,1,1,112,0.226904,0.0456606,7.55083,0,1.17382,2.65651,0.415009,46.481,49.1001,458752,1.2442,1.3381,0,0.415362,0,1,1
box_detour_wall_left,oi_face_rot_pstall_mppi,17375,256,16,0,0,1,1,1,114,0.240057,0.284826,8.98963,0,1.13306,2.23136,0.447852,51.0551,54.4751,466944,1.2783,1.3592,0,0.448217,0,1,1
box_detour_wall_left,oi_face_rot_pstall_mppi,17382,256,16,0,0,1,1,1,95,0.173486,0.126005,6.4189,0,0.866051,1.39208,0.533338,50.6671,54.5079,389120,1.2722,1.4364,0,0.53379,0,1,1
box_detour_wall_left,oi_face_rot_pstall_mppi,17389,256,16,0,0,1,1,1,124,0.214966,0.0307188,10.698,0,0.817409,1.17486,0.427639,53.0272,56.1953,507904,1.2691,1.3616,0,0.428096,0,1,1
box_detour_wall_left,oi_face_rot_pstall_mppi,17396,256,16,0,0,1,1,1,124,0.233303,0.072257,9.45586,0,0.828466,1.24724,0.462388,57.3361,60.8076,507904,1.2797,1.3874,0,0.462744,0,1,1
box_detour_wall_left,oi_face_rot_pstall_mppi,17403,256,16,0,0,1,1,1,120,0.220748,0.178774,9.76207,0,0.749831,0.980395,0.491767,59.0121,63.7504,491520,1.2602,1.3383,0,0.492078,0,1,1
box_detour_wall_left,oi_face_rot_pstall_mppi,17410,256,16,0,0,1,1,1,109,0.248531,0.248048,10.5728,0,1.04642,1.79915,0.431937,47.0811,49.3735,446464,1.2753,1.3795,0,0.432259,0,1,1
box_detour_wall_left,oi_face_rot_pstall_mppi,17417,256,16,0,0,1,1,1,378,0.179462,0.130088,38.3749,0,2.16344,7.14677,0.423436,160.059,169.382,1548288,1.2564,1.3634,0,0.423621,0,1,1
box_detour_wall_left,oi_face_rot_pstall_mppi,17424,256,16,0,0,1,1,1,101,0.205019,0.114174,7.12021,0,0.938838,1.61105,0.418063,42.2244,43.9247,413696,1.2709,1.3581,0,0.418384,0,1,1
box_detour_wall_left,oi_face_rot_pstall_mppi,17431,256,16,0,0,1,1,1,112,0.24857,0.129252,8.41421,0,0.971677,1.6377,0.387735,43.4263,46.193,458752,1.2733,1.3446,0,0.388167,0,1,1
box_detour_wall_left,oi_face_rot_pstall_mppi,17438,256,16,0,0,1,1,1,146,0.244511,0.0345317,12.5766,0,0.79699,1.19708,0.448473,65.477,69.4776,598016,1.2439,1.403,0,0.448815,0,1,1
box_detour_wall_left,oi_face_rot_pstall_mppi,17445,256,16,0,0,1,1,1,103,0.22232,0.0527237,8.34419,0,0.963629,1.69976,0.436866,44.9972,47.4795,421888,1.2617,1.3234,0,0.437288,0,1,1
box_detour_wall_left,oi_face_rot_pstall_mppi,17452,256,16,0,0,1,1,1,115,0.233923,0.0725583,8.7415,0,0.823295,1.11067,0.349081,40.1443,43.1408,471040,1.2559,1.3444,0,0.349485,0,1,1
box_detour_wall_left,oi_face_rot_pstall_mppi,17459,256,16,0,0,1,1,1,106,0.246733,0.0209006,7.30554,0,0.925388,1.73807,0.433205,45.9197,48.8757,434176,1.251,1.3334,0,0.433645,0,1,1
box_detour_wall_left,oi_face_rot_pstall_mppi,17466,256,16,0,0,1,1,1,92,0.224996,0.0580255,7.78648,0,0.923706,1.39556,0.498566,45.8681,48.8898,376832,1.3218,1.3599,0,0.498958,0,1,1
box_detour_wall_left,oi_face_rot_pstall_mppi,17473,256,16,0,0,1,1,1,154,0.222501,0.233703,15.5347,0,0.970573,1.79911,0.48861,75.2459,78.5288,630784,1.3304,1.3775,0,0.488881,0,1,1
box_detour_wall_left,oi_face_rot_pstall_mppi,17480,256,16,0,0,1,1,1,113,0.248771,0.280929,8.24426,0,0.849948,1.35082,0.526989,59.5498,62.9064,462848,1.2484,1.3674,0,0.527512,0,1,1
box_detour_wall_left,oi_face_rot_pstall_mppi,17487,256,16,0,0,1,1,1,75,0.24316,0.0374452,6.34866,0,0.932938,1.43272,0.413176,30.9882,32.7233,307200,1.3064,1.361,0,0.413631,0,1,1
box_detour_wall_left,oi_face_rot_pstall_mppi,17494,256,16,0,0,1,1,1,112,0.223689,0.112323,8.56497,0,1.0124,1.89065,0.476376,53.3541,56.3576,458752,1.2547,1.3405,0,0.47671,0,1,1
box_detour_wall_left,oi_face_rot_pstall_mppi,17501,256,16,0,0,1,1,1,72,0.228391,0.275611,6.33129,0,1.14211,2.12066,0.495046,35.6433,37.9957,294912,1.3239,1.3783,0,0.495974,0,1,1
box_detour_wall_left,oi_face_rot_pstall_mppi,17508,256,16,0,0,1,1,1,73,0.198871,0.0143571,5.60193,0,0.744031,1.12691,0.381911,27.8795,29.8959,299008,1.2127,1.2703,0,0.382348,0,1,1
box_detour_wall_left,oi_face_rot_pstall_mppi,17515,256,16,0,0,1,1,1,123,0.228696,0.0920642,10.5181,0,0.810739,1.18908,0.445385,54.7823,58.618,503808,1.2476,1.333,0,0.445669,0,1,1
box_detour_wall_left,oi_face_rot_pstall_mppi,17522,256,16,0,0,1,1,1,113,0.179898,0.24629,8.67546,0,1.21729,2.76857,0.45336,51.2297,54.6679,462848,1.2824,1.3445,0,0.453836,0,1,1
box_detour_wall_left,oi_face_rot_pstall_mppi,17529,256,16,0,0,1,1,1,84,0.246375,0.0572596,8.46623,0,0.741485,0.819694,0.440994,37.0435,39.2449,344064,1.2585,1.3759,0,0.441318,0,1,1
box_detour_wall_left,oi_face_rot_pstall_mppi,17536,256,16,0,0,1,1,1,117,0.19654,0.100445,8.44942,0,0.795947,1.16684,0.49139,57.4926,60.5897,479232,1.1795,1.295,0,0.491768,0,1,1
box_detour_wall_left,oi_face_rot_pstall_mppi,17543,256,16,0,0,1,1,1,87,0.224367,0.000588969,9.05503,0,0.757306,0.956909,0.513686,44.6907,46.975,356352,1.2484,1.3729,0,0.514055,0,1,1
box_detour_wall_left,oi_face_rot_pstall_mppi,17550,256,16,0,0,1,1,1,138,0.238499,0.0258969,11.2723,0,0.829202,1.28642,0.498854,68.8419,72.6841,565248,1.2578,1.3487,0,0.499197,0,1,1
box_detour_wall_left,oi_face_rot_pstall_mppi,17557,256,16,0,0,1,1,1,113,0.204382,0.164292,13.0157,0,0.916099,1.26138,0.410843,46.4253,49.1666,462848,1.2586,1.4001,0,0.411177,0,1,1
box_detour_wall_left,oi_face_rot_pstall_mppi,17564,256,16,0,0,1,1,1,102,0.216124,0.152204,8.35795,0,0.994586,1.81775,0.4172,42.5544,46.0964,417792,1.1921,1.3241,0,0.417673,0,1,1
box_detour_wall_left,oi_face_rot_pstall_mppi,17571,256,16,0,0,1,1,1,115,0.216555,0.0368727,8.94877,0,0.87131,1.45812,0.449914,51.7401,54.9641,471040,1.2387,1.3442,0,0.450273,0,1,1
box_detour_wall_left,oi_face_rot_pstall_mppi,17578,256,16,0,0,1,1,1,56,0.248951,0.133857,5.78274,0,0.716534,0.887316,0.413495,23.1557,24.1101,229376,1.3391,1.3952,0,0.413834,0,1,1
box_detour_wall_left,oi_face_rot_pstall_mppi,17585,256,16,0,0,1,1,1,112,0.209242,0.197438,8.67046,0,0.883128,1.3409,0.43735,48.9832,52.0336,458752,1.2452,1.3477,0,0.437731,0,1,1
box_detour_wall_left,oi_face_rot_pstall_mppi,17592,256,16,0,0,1,1,1,103,0.199338,0.0570898,7.41396,0,1.00684,1.82708,0.372816,38.4,40.8159,421888,1.1016,1.347,0,0.373163,0,1,1
box_detour_wall_left,oi_face_rot_pstall_mppi,17599,256,16,0,0,1,1,1,106,0.244757,0.0755682,8.28455,0,0.895945,1.47946,0.40037,42.4392,44.874,434176,1.141,1.3779,0,0.400788,0,1,1
box_detour_wall_left,oi_face_rot_pstall_mppi,17606,256,16,0,0,1,1,1,99,0.218995,0.0461215,6.69478,0,0.832563,1.36891,0.419584,41.5388,44.3455,405504,1.0773,1.3558,0,0.419984,0,1,1
box_detour_wall_left,oi_face_rot_pstall_mppi,17613,256,16,0,0,1,1,1,135,0.180991,0.0833873,9.38459,0,0.884908,1.56052,0.393162,53.0768,56.7642,552960,1.2393,1.3311,0,0.393497,0,1,1
box_detour_wall_left,oi_face_rot_pstall_mppi,17620,256,16,0,0,1,1,1,85,0.190673,0.170827,6.0682,0,0.974215,1.78051,0.434065,36.8955,39.2287,348160,1.1634,1.2988,0,0.434487,0,1,1
box_detour_wall_left,oi_face_rot_pstall_mppi,17627,256,16,0,0,1,1,1,111,0.215607,0.0987764,10.9814,0,0.89006,1.30775,0.343537,38.1326,41.1864,454656,1.0668,1.3279,0,0.343911,0,1,1
box_detour_wall_left,oi_face_rot_pstall_mppi,17634,256,16,0,0,1,1,1,96,0.210562,0.0295535,7.07432,0,0.914595,1.71767,0.3568,34.2528,37.7962,393216,1.0251,1.1956,0,0.357301,0,1,1
box_detour_wall_left,oi_face_rot_pstall_mppi,17641,256,16,0,0,1,1,1,54,0.23133,0.207465,5.70383,0,0.602751,0.676034,0.415411,22.4322,24.896,221184,1.0501,1.2711,0,0.416174,0,1,1
box_detour_wall_left,oi_face_rot_pstall_mppi,17648,256,16,0,0,1,1,1,144,0.22961,0.317103,11.4978,0,0.794487,1.32941,0.356119,51.2811,56.6503,589824,1.0579,1.2742,0,0.35685,0,1,1
box_detour_wall_left,oi_face_rot_pstall_mppi,17655,256,16,0,0,1,1,1,122,0.237653,0.0848765,9.81357,0,0.811191,1.14584,0.358805,43.7742,48.5244,499712,1.0739,1.3679,0,0.359246,0,1,1
box_detour_wall_left,oi_face_rot_pstall_mppi,17662,256,16,0,0,1,1,1,128,0.244481,0.0283427,9.69199,0,0.756109,1.14578,0.406088,51.9793,57.1623,524288,1.2356,1.767,0,0.406526,0,1,1
box_detour_wall_left,oi_face_rot_pstall_mppi,17669,256,16,0,0,1,1,1,75,0.233407,0.198281,5.93339,0,0.760552,1.07998,0.344441,25.8331,28.8087,307200,0.9094,2.586,0,0.345045,0,1,1
box_detour_wall_left,oi_face_rot_pstall_mppi,17676,256,16,0,0,1,1,1,100,0.213573,0.166836,7.31342,0,0.845756,1.24781,0.410659,41.0659,47.3117,409600,1.1934,1.754,0,0.411204,0,1,1
box_detour_wall_left,oi_face_rot_pstall_mppi,17683,256,16,0,0,1,1,1,71,0.218502,0.0201629,5.77825,0,0.801262,1.30055,0.316748,22.4891,24.6745,290816,0.943,1.2997,0,0.317506,0,1,1
box_detour_wall_left,oi_face_rot_pstall_mppi,17690,256,16,0,0,1,1,1,132,0.213531,0.0673096,10.2845,0,0.850715,1.35335,0.410507,54.1869,59.5898,540672,1.2414,1.9021,0,0.414019,0,1,1
box_detour_wall_left,oi_face_rot_pstall_mppi,17697,256,16,0,0,1,1,1,127,0.246299,0.122939,9.28928,0,0.878128,1.48061,0.375337,47.6678,51.7973,520192,1.1936,1.3383,0,0.375707,0,1,1
box_detour_wall_left,oi_face_rot_pstall_mppi,17704,256,16,0,0,1,1,1,129,0.175611,0.0561164,8.57772,0,0.932496,1.62357,0.342446,44.1755,48.8198,528384,1.139,1.2526,0,0.342899,0,1,1
box_detour_wall_left,oi_face_rot_pstall_mppi,17711,256,16,0,0,1,1,1,112,0.168831,0.115311,9.327,0,0.920252,1.56114,0.418615,46.8849,51.4991,458752,1.2181,2.9773,0,0.419042,0,1,1
box_detour_wall_left,oi_face_rot_pstall_mppi,17718,256,16,0,0,1,1,1,107,0.162122,0.0236563,8.95606,0,0.805728,1.26955,0.349589,37.406,41.4932,438272,1.13,1.3617,0,0.350021,0,1,1
box_detour_wall_left,oi_face_rot_pstall_mppi,17725,256,16,0,0,1,1,1,91,0.199321,0.144236,7.3092,0,0.81574,1.35409,0.354395,32.2499,35.4601,372736,0.96,1.3195,0,0.354878,0,1,1
box_detour_wall_left,oi_face_rot_pstall_mppi,17732,256,16,0,0,1,1,1,158,0.0826212,0.314297,14.6186,0,0.821783,1.10193,0.324716,51.3051,57.7301,647168,0.7377,1.2717,0,0.325128,0,1,1
box_detour_wall_left,oi_face_rot_pstall_mppi,17739,256,16,0,0,1,1,1,117,0.195618,0.099896,10.124,0,0.839228,1.23306,0.32576,38.1139,41.9887,479232,0.9908,1.2563,0,0.326168,0,1,1
box_detour_wall_left,oi_face_rot_pstall_mppi,17746,256,16,0,0,1,1,1,143,0.195872,0.078242,9.17268,0,0.80117,1.28705,0.311531,44.5489,49.7078,585728,0.5689,1.2728,0,0.311894,0,1,1
box_detour_wall_left,oi_face_rot_pstall_mppi,17753,256,16,0,0,1,1,1,84,0.243942,0.188917,7.38351,0,0.896683,1.25032,0.304333,25.564,28.4251,344064,0.5347,1.2523,0,0.304817,0,1,1
box_detour_wall_left,oi_face_rot_pstall_mppi,17760,256,16,0,0,1,1,1,94,0.197035,0.112103,7.52092,0,1.00667,1.837,0.343307,32.2709,35.683,385024,0.8867,1.2924,0,0.343811,0,1,1
box_detour_wall_left,oi_face_rot_pstall_mppi,17767,256,16,0,0,1,1,1,85,0.240259,0.114999,8.63901,0,0.883748,1.24008,0.305444,25.9627,29.0295,348160,0.6396,1.1297,0,0.305931,0,1,1
box_detour_wall_left,oi_face_rot_pstall_mppi,17774,256,16,0,0,1,1,1,111,0.225692,0.160286,8.84227,0,0.847968,1.17818,0.348777,38.7142,42.4656,454656,1.0011,1.1876,0,0.349164,0,1,1
box_detour_wall_left,oi_face_rot_pstall_mppi,17781,256,16,0,0,1,1,1,50,0.245151,0.209673,5.63992,0,0.645904,0.660567,0.31758,15.879,17.7687,204800,0.9822,1.1341,0,0.318132,0,1,1
box_detour_wall_left,oi_face_rot_pstall_mppi,17788,256,16,0,0,1,1,1,86,0.23733,0.19523,6.37718,0,0.961049,1.76149,0.354678,30.5023,33.3187,352256,1.0229,1.1935,0,0.355119,0,1,1
box_detour_wall_left,oi_face_rot_pstall_mppi,17795,256,16,0,0,1,1,1,145,0.225958,0.1546,13.045,0,0.738805,0.957403,0.382094,55.4036,60.775,593920,1.2144,1.3638,0,0.382494,0,1,1
box_detour_wall_left,oi_face_rot_pstall_mppi,17802,256,16,0,0,1,1,1,117,0.243513,0.0867167,8.22023,0,0.917015,1.36108,0.387973,45.3929,49.6931,479232,1.1942,1.2614,0,0.388434,0,1,1
box_detour_wall_left,oi_face_rot_pstall_mppi,17809,256,16,0,0,1,1,1,49,0.209643,0.0154342,5.34104,0,0.638172,0.609105,0.361141,17.6959,19.6052,200704,1.1946,1.2616,0,0.361886,0,1,1
box_detour_wall_left,oi_face_rot_pstall_mppi,17816,256,16,0,0,1,1,1,94,0.199688,0.0503054,9.9661,0,0.963738,1.32213,0.321613,30.2316,33.5969,385024,0.963,1.249,0,0.322092,0,1,1
box_detour_wall_left,oi_face_rot_pstall_mppi,17823,256,16,0,0,1,1,1,71,0.196619,0.1353,5.9756,0,1.13525,2.08067,0.390797,27.7466,30.6864,290816,1.0836,1.2823,0,0.391375,0,1,1
box_detour_wall_left,oi_face_rot_pstall_mppi,17830,256,16,0,0,1,1,1,109,0.224048,0.0128414,7.7293,0,0.934017,1.52423,0.366033,39.8976,43.0681,446464,1.2052,1.2855,0,0.366443,0,1,1
box_detour_wall_left,oi_face_rot_pstall_mppi,17837,256,16,0,0,1,1,1,87,0.249162,0.195276,6.62751,0,0.935688,1.41181,0.413338,35.9604,39.0603,356352,1.2336,1.2821,0,0.413794,0,1,1
box_detour_wall_left,oi_face_rot_pstall_mppi,17844,256,16,0,0,1,1,1,170,0.23839,0.285227,13.4612,0,0.896578,1.51518,0.362021,61.5436,67.7359,696320,1.1451,1.3152,0,0.362409,0,1,1
box_detour_wall_left,oi_face_rot_pstall_mppi,17851,256,16,0,0,1,1,1,126,0.239174,0.0896784,9.10749,0,0.854072,1.57839,0.351044,44.2315,48.8763,516096,1.037,1.3117,0,0.351429,0,1,1
box_detour_wall_left,oi_face_rot_pstall_mppi,17858,256,16,0,0,1,1,1,87,0.205793,0.0489438,6.13751,0,0.806324,1.35779,0.308962,26.8797,29.7614,356352,0.959,1.2368,0,0.309438,0,1,1
box_detour_wall_left,oi_face_rot_pstall_mppi,17865,256,16,0,0,1,1,1,71,0.213604,0.000526939,5.61907,0,0.947628,1.60005,0.373337,26.5069,29.1822,290816,1.1659,1.2719,0,0.373908,0,1,1
box_detour_wall_left,oi_face_rot_pstall_mppi,17872,256,16,0,0,1,1,1,89,0.225322,0.174815,8.84468,0,0.824526,1.05938,0.441246,39.2709,43.2266,364544,1.2784,1.3834,0,0.441739,0,1,1
box_detour_wall_left,oi_face_rot_pstall_mppi,17879,256,16,0,0,1,1,1,101,0.171538,0.0740374,6.61568,0,0.746889,1.14519,0.430601,43.4907,48.3851,413696,1.2292,1.6586,0,0.431134,0,1,1
box_detour_wall_left,oi_face_rot_pstall_mppi,17886,256,16,0,0,1,1,1,62,0.240094,0.095731,5.46227,0,1.02154,1.80711,0.378852,23.4888,25.5113,253952,1.1717,1.2324,0,0.379289,0,1,1
box_detour_wall_left,oi_face_rot_pstall_mppi,17893,256,16,0,0,1,1,1,76,0.24043,0.304665,6.82792,0,0.996572,1.91796,0.396501,30.1341,32.355,311296,1.2548,1.3347,0,0.397007,0,1,1
box_detour_wall_left,oi_face_rot_pstall_mppi,17900,256,16,0,0,1,1,1,171,0.241546,0.0244138,16.8933,0,1.22594,2.94919,0.455085,77.8196,82.9111,700416,1.2475,1.3494,0,0.455401,0,1,1
box_detour_wall_left,oi_face_rot_pstall_mppi,17907,256,16,0,0,1,1,1,102,0.223373,0.0497251,6.44798,0,0.8081,1.24605,0.356376,36.3504,38.8453,417792,1.1718,1.3101,0,0.356828,0,1,1
box_detour_wall_left,oi_face_rot_pstall_mppi,17914,256,16,0,0,1,1,1,102,0.234255,0.195732,8.53125,0,0.82496,1.25998,0.371188,37.8612,39.6752,417792,1.1587,1.3404,0,0.371531,0,1,1
box_detour_wall_left,oi_face_rot_pstall_mppi,17921,256,16,0,0,1,1,1,91,0.222218,0.184387,8.64327,0,0.848512,1.23451,0.452079,41.1392,43.5049,372736,1.2681,1.3797,0,0.45249,0,1,1
box_detour_wall_left,oi_face_rot_pstall_mppi,17928,256,16,0,0,1,1,1,204,0.24114,0.0331169,14.568,0,0.849005,1.50979,0.405281,82.6773,88.1875,835584,1.2485,1.3356,0,0.40554,0,1,1
box_detour_wall_left,oi_face_rot_pstall_mppi,17935,256,16,0,0,1,1,1,92,0.247274,0.330217,6.86451,0,1.02627,1.86411,0.411233,37.8334,40.1157,376832,1.2629,1.3515,0,0.411536,0,1,1
box_detour_wall_left,oi_face_rot_pstall_mppi,17942,256,16,0,0,1,1,1,101,0.207079,0.122159,6.79403,0,0.853678,1.45879,0.406181,41.0243,43.8325,413696,1.2327,1.3329,0,0.40658,0,1,1
box_detour_wall_left,oi_face_rot_pstall_mppi,17949,256,16,0,0,1,1,1,143,0.234066,0.00537713,12.9271,0,0.955682,1.54683,0.46902,67.0699,70.5152,585728,1.273,1.3263,0,0.469376,0,1,1
box_detour_wall_left,oi_face_rot_wide_mppi,17256,256,16,0,0,1,1,1,156,0.205039,0.0374802,11.5748,0,0.8836,1.53694,0.391296,61.0422,65.5025,638976,1.2418,1.3952,0,0.391646,0,1,1
box_detour_wall_left,oi_face_rot_wide_mppi,17263,256,16,0,0,1,1,1,91,0.239553,0.0761247,7.64776,0,0.783978,1.01361,0.410683,37.3722,39.811,372736,1.2597,1.3624,0,0.411052,0,1,1
box_detour_wall_left,oi_face_rot_wide_mppi,17270,256,16,0,0,1,1,1,103,0.231193,0.0416525,7.60466,0,0.894161,1.4122,0.438566,45.1723,48.3954,421888,1.2037,1.3395,0,0.438962,0,1,1
box_detour_wall_left,oi_face_rot_wide_mppi,17277,256,16,0,0,1,1,1,89,0.231185,0.0323449,7.18548,0,0.924143,1.69138,0.438869,39.0593,41.9317,364544,1.2561,1.3077,0,0.439244,0,1,1
box_detour_wall_left,oi_face_rot_wide_mppi,17284,256,16,0,0,1,1,1,94,0.226897,0.234416,9.3421,0,0.901079,1.48536,0.455619,42.8282,45.2988,385024,1.2434,1.3012,0,0.456009,0,1,1
box_detour_wall_left,oi_face_rot_wide_mppi,17291,256,16,0,0,1,1,1,113,0.212193,0.0582007,9.06799,0,0.798375,1.14079,0.543289,61.3917,65.8182,462848,1.2355,1.3109,0,0.543661,0,1,1
box_detour_wall_left,oi_face_rot_wide_mppi,17298,256,16,0,0,1,1,1,94,0.249344,0.0308691,7.7414,0,0.781775,1.13573,0.48109,45.2225,48.0907,385024,1.2747,1.3588,0,0.481483,0,1,1
box_detour_wall_left,oi_face_rot_wide_mppi,17305,256,16,0,0,1,1,1,157,0.219306,0.0861638,17.903,0,0.677244,0.855677,0.463282,72.7353,76.4752,643072,1.2639,1.3526,0,0.463717,0,1,1
box_detour_wall_left,oi_face_rot_wide_mppi,17312,256,16,0,0,1,1,1,106,0.192681,0.0154378,7.69859,0,0.803778,1.22545,0.466515,49.4506,51.4027,434176,1.2536,1.3781,0,0.46678,0,1,1
box_detour_wall_left,oi_face_rot_wide_mppi,17319,256,16,0,0,1,1,1,103,0.225525,0.0306191,9.30075,0,0.827093,1.17052,0.428156,44.1001,47.3896,421888,1.2451,1.3324,0,0.428588,0,1,1
box_detour_wall_left,oi_face_rot_wide_mppi,17326,256,16,0,0,1,1,1,136,0.209443,0.052938,11.6923,0,0.770992,1.06605,0.439266,59.7402,63.1986,557056,1.2729,1.383,0,0.43961,0,1,1
box_detour_wall_left,oi_face_rot_wide_mppi,17333,256,16,0,0,1,1,1,110,0.186726,0.0402419,7.85878,0,0.926873,1.68001,0.436083,47.9691,51.2879,450560,1.2235,1.3374,0,0.436471,0,1,1
box_detour_wall_left,oi_face_rot_wide_mppi,17340,256,16,0,0,1,1,1,121,0.210113,0.05337,9.80991,0,0.801632,1.17733,0.405523,49.0683,54.6776,495616,1.1856,1.4159,0,0.405865,0,1,1
box_detour_wall_left,oi_face_rot_wide_mppi,17347,256,16,0,0,1,1,1,128,0.180926,0.0449326,10.5168,0,0.797473,1.13237,0.414934,53.1116,56.5291,524288,1.2692,1.35,0,0.415242,0,1,1
box_detour_wall_left,oi_face_rot_wide_mppi,17354,256,16,0,0,1,1,1,184,0.22752,0.269024,19.1942,0,0.787023,1.03822,0.459574,84.5616,89.5337,753664,1.2914,1.321,0,0.459832,0,1,1
box_detour_wall_left,oi_face_rot_wide_mppi,17361,256,16,0,0,1,1,1,99,0.242782,0.079119,7.3289,0,0.91521,1.55506,0.521761,51.6543,56.1958,405504,1.2474,1.5465,0,0.522251,0,1,1
box_detour_wall_left,oi_face_rot_wide_mppi,17368,256,16,0,0,1,1,1,112,0.226904,0.0456606,7.55083,0,1.17382,2.65651,0.453479,50.7897,54.4086,458752,1.2475,1.3404,0,0.453939,0,1,1
box_detour_wall_left,oi_face_rot_wide_mppi,17375,256,16,0,0,1,1,1,114,0.240057,0.284826,8.98963,0,1.13306,2.23136,0.414274,47.2273,50.9167,466944,1.2571,1.389,0,0.414679,0,1,1
box_detour_wall_left,oi_face_rot_wide_mppi,17382,256,16,0,0,1,1,1,95,0.173486,0.126005,6.4189,0,0.866051,1.39208,0.396321,37.6505,40.5487,389120,1.2561,1.2762,0,0.396802,0,1,1
box_detour_wall_left,oi_face_rot_wide_mppi,17389,256,16,0,0,1,1,1,124,0.214966,0.0307188,10.698,0,0.817409,1.17486,0.414178,51.3581,55.1743,507904,1.2597,1.3328,0,0.414498,0,1,1
box_detour_wall_left,oi_face_rot_wide_mppi,17396,256,16,0,0,1,1,1,124,0.233303,0.072257,9.45586,0,0.828466,1.24724,0.329076,40.8054,44.8721,507904,1.1492,1.3009,0,0.329584,0,1,1
box_detour_wall_left,oi_face_rot_wide_mppi,17403,256,16,0,0,1,1,1,120,0.220748,0.178774,9.76207,0,0.749831,0.980395,0.367128,44.0554,47.9476,491520,1.1705,1.3301,0,0.367584,0,1,1
box_detour_wall_left,oi_face_rot_wide_mppi,17410,256,16,0,0,1,1,1,109,0.248531,0.248048,10.5728,0,1.04642,1.79915,0.432973,47.1941,51.1253,446464,1.2862,1.3855,0,0.433431,0,1,1
box_detour_wall_left,oi_face_rot_wide_mppi,17417,256,16,0,0,1,1,1,408,0.206933,0.127193,43.048,0,0.760409,0.969109,0.404843,165.176,181.107,1671168,1.2367,1.341,0,0.405089,0,1,1
box_detour_wall_left,oi_face_rot_wide_mppi,17424,256,16,0,0,1,1,1,101,0.205019,0.114174,7.12021,0,0.938838,1.61105,0.417245,42.1418,47.041,413696,1.2341,1.3305,0,0.418049,0,1,1
box_detour_wall_left,oi_face_rot_wide_mppi,17431,256,16,0,0,1,1,1,112,0.24857,0.129252,8.41421,0,0.971677,1.6377,0.388513,43.5135,47.3983,458752,1.2519,1.34,0,0.388971,0,1,1
box_detour_wall_left,oi_face_rot_wide_mppi,17438,256,16,0,0,1,1,1,146,0.244511,0.0345317,12.5766,0,0.79699,1.19708,0.394601,57.6118,62.0833,598016,1.2511,1.3248,0,0.394994,0,1,1
box_detour_wall_left,oi_face_rot_wide_mppi,17445,256,16,0,0,1,1,1,103,0.22232,0.0527237,8.34419,0,0.963629,1.69976,0.383448,39.4951,43.1263,421888,1.2295,1.3088,0,0.383952,0,1,1
box_detour_wall_left,oi_face_rot_wide_mppi,17452,256,16,0,0,1,1,1,115,0.233923,0.0725583,8.7415,0,0.823295,1.11067,0.381551,43.8784,48.0869,471040,1.1613,1.9291,0,0.382031,0,1,1
box_detour_wall_left,oi_face_rot_wide_mppi,17459,256,16,0,0,1,1,1,106,0.246733,0.0209006,7.30554,0,0.925388,1.73807,0.442448,46.8995,51.391,434176,1.2308,1.3181,0,0.443097,0,1,1
box_detour_wall_left,oi_face_rot_wide_mppi,17466,256,16,0,0,1,1,1,92,0.224996,0.0580255,7.78648,0,0.923706,1.39556,0.483067,44.4422,49.3987,376832,1.2498,1.3101,0,0.483546,0,1,1
box_detour_wall_left,oi_face_rot_wide_mppi,17473,256,16,0,0,1,1,1,154,0.222501,0.233703,15.5347,0,0.970573,1.79911,0.402457,61.9784,67.1836,630784,1.2372,1.3766,0,0.402827,0,1,1
box_detour_wall_left,oi_face_rot_wide_mppi,17480,256,16,0,0,1,1,1,113,0.248771,0.280929,8.24426,0,0.849948,1.35082,0.424673,47.988,50.9185,462848,1.2397,1.6187,0,0.425088,0,1,1
box_detour_wall_left,oi_face_rot_wide_mppi,17487,256,16,0,0,1,1,1,75,0.24316,0.0374452,6.34866,0,0.932938,1.43272,0.557197,41.7898,46.9151,307200,1.1942,1.7413,0,0.557685,0,1,1
box_detour_wall_left,oi_face_rot_wide_mppi,17494,256,16,0,0,1,1,1,112,0.223689,0.112323,8.56497,0,1.0124,1.89065,0.455537,51.0201,56.1772,458752,1.1986,1.2678,0,0.455966,0,1,1
box_detour_wall_left,oi_face_rot_wide_mppi,17501,256,16,0,0,1,1,1,72,0.228391,0.275611,6.33129,0,1.14211,2.12066,0.387142,27.8742,29.7079,294912,1.2583,1.3881,0,0.387585,0,1,1
box_detour_wall_left,oi_face_rot_wide_mppi,17508,256,16,0,0,1,1,1,73,0.198871,0.0143571,5.60193,0,0.744031,1.12691,0.509964,37.2274,39.6925,299008,1.2675,1.3235,0,0.510511,0,1,1
box_detour_wall_left,oi_face_rot_wide_mppi,17515,256,16,0,0,1,1,1,123,0.228696,0.0920642,10.5181,0,0.810739,1.18908,0.438495,53.9349,57.4364,503808,1.2659,1.3698,0,0.438871,0,1,1
box_detour_wall_left,oi_face_rot_wide_mppi,17522,256,16,0,0,1,1,1,113,0.179898,0.24629,8.67546,0,1.21729,2.76857,0.405837,45.8596,49.4421,462848,1.2707,1.31,0,0.40628,0,1,1
box_detour_wall_left,oi_face_rot_wide_mppi,17529,256,16,0,0,1,1,1,84,0.246375,0.0572596,8.46623,0,0.741485,0.819694,0.445682,37.4373,39.9935,344064,1.2524,1.2751,0,0.446082,0,1,1
box_detour_wall_left,oi_face_rot_wide_mppi,17536,256,16,0,0,1,1,1,117,0.19654,0.100445,8.44942,0,0.795947,1.16684,0.426194,49.8647,53.5849,479232,1.2494,1.296,0,0.426626,0,1,1
box_detour_wall_left,oi_face_rot_wide_mppi,17543,256,16,0,0,1,1,1,87,0.224367,0.000588969,9.05503,0,0.757306,0.956909,0.442794,38.5231,41.1778,356352,1.2575,1.2891,0,0.443228,0,1,1
box_detour_wall_left,oi_face_rot_wide_mppi,17550,256,16,0,0,1,1,1,138,0.238499,0.0258969,11.2723,0,0.829202,1.28642,0.418205,57.7123,62.2206,565248,1.1831,1.3062,0,0.418523,0,1,1
box_detour_wall_left,oi_face_rot_wide_mppi,17557,256,16,0,0,1,1,1,113,0.204382,0.164292,13.0157,0,0.916099,1.26138,0.401022,45.3155,47.7505,462848,1.2268,1.3236,0,0.401357,0,1,1
box_detour_wall_left,oi_face_rot_wide_mppi,17564,256,16,0,0,1,1,1,102,0.216124,0.152204,8.35795,0,0.994586,1.81775,0.45343,46.2499,49.5,417792,1.24,1.3597,0,0.453862,0,1,1
box_detour_wall_left,oi_face_rot_wide_mppi,17571,256,16,0,0,1,1,1,115,0.216555,0.0368727,8.94877,0,0.87131,1.45812,0.520694,59.8798,62.4671,471040,1.248,1.3333,0,0.520998,0,1,1
box_detour_wall_left,oi_face_rot_wide_mppi,17578,256,16,0,0,1,1,1,56,0.248951,0.133857,5.78274,0,0.716534,0.887316,0.49395,27.6612,28.736,229376,1.3034,1.3464,0,0.494348,0,1,1
box_detour_wall_left,oi_face_rot_wide_mppi,17585,256,16,0,0,1,1,1,112,0.209242,0.197438,8.67046,0,0.883128,1.3409,0.476545,53.373,56.5647,458752,1.2702,1.3372,0,0.476964,0,1,1
box_detour_wall_left,oi_face_rot_wide_mppi,17592,256,16,0,0,1,1,1,103,0.199338,0.0570898,7.41396,0,1.00684,1.82708,0.512545,52.7921,56.5713,421888,1.225,1.3456,0,0.512924,0,1,1
box_detour_wall_left,oi_face_rot_wide_mppi,17599,256,16,0,0,1,1,1,106,0.244757,0.0755682,8.28455,0,0.895945,1.47946,0.420292,44.5509,47.7662,434176,1.2463,1.3556,0,0.420666,0,1,1
box_detour_wall_left,oi_face_rot_wide_mppi,17606,256,16,0,0,1,1,1,99,0.218995,0.0461215,6.69478,0,0.832563,1.36891,0.484764,47.9916,50.7835,405504,1.2705,1.3558,0,0.485201,0,1,1
box_detour_wall_left,oi_face_rot_wide_mppi,17613,256,16,0,0,1,1,1,135,0.180991,0.0833873,9.38459,0,0.884908,1.56052,0.498916,67.3537,72.0933,552960,1.2421,1.3895,0,0.499247,0,1,1
box_detour_wall_left,oi_face_rot_wide_mppi,17620,256,16,0,0,1,1,1,85,0.190673,0.170827,6.0682,0,0.974215,1.78051,0.483678,41.1126,43.2731,348160,1.2644,1.335,0,0.484232,0,1,1
box_detour_wall_left,oi_face_rot_wide_mppi,17627,256,16,0,0,1,1,1,111,0.215607,0.0987764,10.9814,0,0.89006,1.30775,0.467064,51.8441,54.8688,454656,1.2424,1.3532,0,0.467444,0,1,1
box_detour_wall_left,oi_face_rot_wide_mppi,17634,256,16,0,0,1,1,1,96,0.210562,0.0295535,7.07432,0,0.914595,1.71767,0.448848,43.0894,45.5593,393216,1.2565,1.3297,0,0.449251,0,1,1
box_detour_wall_left,oi_face_rot_wide_mppi,17641,256,16,0,0,1,1,1,54,0.23133,0.207465,5.70383,0,0.602751,0.676034,0.461667,24.93,26.5689,221184,1.2582,1.3489,0,0.462211,0,1,1
box_detour_wall_left,oi_face_rot_wide_mppi,17648,256,16,0,0,1,1,1,144,0.22961,0.317103,11.4978,0,0.794487,1.32941,0.410696,59.1402,62.1469,589824,1.2448,1.35,0,0.410987,0,1,1
box_detour_wall_left,oi_face_rot_wide_mppi,17655,256,16,0,0,1,1,1,122,0.237653,0.0848765,9.81357,0,0.811191,1.14584,0.474135,57.8445,61.3112,499712,1.2609,1.3415,0,0.474487,0,1,1
box_detour_wall_left,oi_face_rot_wide_mppi,17662,256,16,0,0,1,1,1,128,0.244481,0.0283427,9.69199,0,0.756109,1.14578,0.464747,59.4876,64.5712,524288,1.2513,1.343,0,0.465112,0,1,1
box_detour_wall_left,oi_face_rot_wide_mppi,17669,256,16,0,0,1,1,1,75,0.233407,0.198281,5.93339,0,0.760552,1.07998,0.392383,29.4287,32.1189,307200,1.0267,1.2681,0,0.392897,0,1,1
box_detour_wall_left,oi_face_rot_wide_mppi,17676,256,16,0,0,1,1,1,100,0.213573,0.166836,7.31342,0,0.845756,1.24781,0.440783,44.0783,46.874,409600,1.2488,1.3322,0,0.441189,0,1,1
box_detour_wall_left,oi_face_rot_wide_mppi,17683,256,16,0,0,1,1,1,71,0.218502,0.0201629,5.77825,0,0.801262,1.30055,0.402342,28.5663,30.6196,290816,1.2405,1.3053,0,0.402752,0,1,1
box_detour_wall_left,oi_face_rot_wide_mppi,17690,256,16,0,0,1,1,1,132,0.213531,0.0673096,10.2845,0,0.850715,1.35335,0.432236,57.0552,60.6265,540672,1.2566,1.3332,0,0.432567,0,1,1
box_detour_wall_left,oi_face_rot_wide_mppi,17697,256,16,0,0,1,1,1,127,0.246299,0.122939,9.28928,0,0.878128,1.48061,0.455505,57.8492,61.3282,520192,1.2603,1.3717,0,0.455902,0,1,1
box_detour_wall_left,oi_face_rot_wide_mppi,17704,256,16,0,0,1,1,1,129,0.175611,0.0561164,8.57772,0,0.932496,1.62357,0.392586,50.6436,53.5881,528384,1.2538,1.341,0,0.392894,0,1,1
box_detour_wall_left,oi_face_rot_wide_mppi,17711,256,16,0,0,1,1,1,112,0.168831,0.115311,9.327,0,0.920252,1.56114,0.323362,36.2165,38.1592,458752,1.2018,1.3317,0,0.323605,0,1,1
box_detour_wall_left,oi_face_rot_wide_mppi,17718,256,16,0,0,1,1,1,107,0.162122,0.0236563,8.95606,0,0.805728,1.26955,0.460745,49.2997,51.695,438272,1.2595,1.3739,0,0.461134,0,1,1
box_detour_wall_left,oi_face_rot_wide_mppi,17725,256,16,0,0,1,1,1,91,0.199321,0.144236,7.3092,0,0.81574,1.35409,0.450706,41.0142,43.4224,372736,1.2505,1.3924,0,0.451063,0,1,1
box_detour_wall_left,oi_face_rot_wide_mppi,17732,256,16,0,0,1,1,1,158,0.0826212,0.314297,14.6186,0,0.821783,1.10193,0.370086,58.4736,62.6547,647168,1.2447,1.3064,0,0.370412,0,1,1
box_detour_wall_left,oi_face_rot_wide_mppi,17739,256,16,0,0,1,1,1,117,0.195618,0.099896,10.124,0,0.839228,1.23306,0.440963,51.5927,54.751,479232,1.2671,1.3518,0,0.441307,0,1,1
box_detour_wall_left,oi_face_rot_wide_mppi,17746,256,16,0,0,1,1,1,143,0.195872,0.078242,9.17268,0,0.80117,1.28705,0.462784,66.1781,71.5418,585728,1.2366,1.3493,0,0.46314,0,1,1
box_detour_wall_left,oi_face_rot_wide_mppi,17753,256,16,0,0,1,1,1,84,0.243942,0.188917,7.38351,0,0.896683,1.25032,0.455453,38.2581,40.6493,344064,1.2678,1.3875,0,0.455832,0,1,1
box_detour_wall_left,oi_face_rot_wide_mppi,17760,256,16,0,0,1,1,1,94,0.197035,0.112103,7.52092,0,1.00667,1.837,0.467517,43.9466,46.4903,385024,1.2508,1.3187,0,0.467891,0,1,1
box_detour_wall_left,oi_face_rot_wide_mppi,17767,256,16,0,0,1,1,1,85,0.240259,0.114999,8.63901,0,0.883748,1.24008,0.399489,33.9566,36.2776,348160,1.1661,1.3142,0,0.399919,0,1,1
box_detour_wall_left,oi_face_rot_wide_mppi,17774,256,16,0,0,1,1,1,111,0.225692,0.160286,8.84227,0,0.847968,1.17818,0.414305,45.9879,49.0836,454656,1.2356,1.316,0,0.414706,0,1,1
box_detour_wall_left,oi_face_rot_wide_mppi,17781,256,16,0,0,1,1,1,50,0.245151,0.209673,5.63992,0,0.645904,0.660567,0.357516,17.8758,18.7771,204800,1.2569,1.3788,0,0.357874,0,1,1
box_detour_wall_left,oi_face_rot_wide_mppi,17788,256,16,0,0,1,1,1,86,0.23733,0.19523,6.37718,0,0.961049,1.76149,0.433833,37.3096,38.8616,352256,1.2612,1.4004,0,0.434123,0,1,1
box_detour_wall_left,oi_face_rot_wide_mppi,17795,256,16,0,0,1,1,1,145,0.225958,0.1546,13.045,0,0.738805,0.957403,0.471208,68.3252,72.1184,593920,1.2488,1.3564,0,0.471584,0,1,1
box_detour_wall_left,oi_face_rot_wide_mppi,17802,256,16,0,0,1,1,1,117,0.243513,0.0867167,8.22023,0,0.917015,1.36108,0.391004,45.7475,48.1697,479232,1.2551,1.3812,0,0.391373,0,1,1
box_detour_wall_left,oi_face_rot_wide_mppi,17809,256,16,0,0,1,1,1,49,0.209643,0.0154342,5.34104,0,0.638172,0.609105,0.513908,25.1815,26.7077,200704,1.2863,1.3234,0,0.514561,0,1,1
box_detour_wall_left,oi_face_rot_wide_mppi,17816,256,16,0,0,1,1,1,94,0.199688,0.0503054,9.9661,0,0.963738,1.32213,0.436186,41.0015,43.6356,385024,1.2567,1.3929,0,0.436593,0,1,1
box_detour_wall_left,oi_face_rot_wide_mppi,17823,256,16,0,0,1,1,1,71,0.196619,0.1353,5.9756,0,1.13525,2.08067,0.521811,37.0486,39.2878,290816,1.3187,1.3648,0,0.522341,0,1,1
box_detour_wall_left,oi_face_rot_wide_mppi,17830,256,16,0,0,1,1,1,109,0.224048,0.0128414,7.7293,0,0.934017,1.52423,0.409732,44.6608,47.6071,446464,1.2544,1.3372,0,0.410094,0,1,1
box_detour_wall_left,oi_face_rot_wide_mppi,17837,256,16,0,0,1,1,1,87,0.249162,0.195276,6.62751,0,0.935688,1.41181,0.459385,39.9665,42.8696,356352,1.2607,1.3353,0,0.459797,0,1,1
box_detour_wall_left,oi_face_rot_wide_mppi,17844,256,16,0,0,1,1,1,170,0.23839,0.285227,13.4612,0,0.896578,1.51518,0.458692,77.9777,82.0765,696320,1.2612,1.3428,0,0.459001,0,1,1
box_detour_wall_left,oi_face_rot_wide_mppi,17851,256,16,0,0,1,1,1,126,0.239174,0.0896784,9.10749,0,0.854072,1.57839,0.406791,51.2556,54.6541,516096,1.2717,1.3156,0,0.40712,0,1,1
box_detour_wall_left,oi_face_rot_wide_mppi,17858,256,16,0,0,1,1,1,87,0.205793,0.0489438,6.13751,0,0.806324,1.35779,0.334072,29.0643,31.4865,356352,1.2389,1.2645,0,0.334466,0,1,1
box_detour_wall_left,oi_face_rot_wide_mppi,17865,256,16,0,0,1,1,1,71,0.213604,0.000526939,5.61907,0,0.947628,1.60005,0.474023,33.6556,35.6477,290816,1.2542,1.3827,0,0.474466,0,1,1
box_detour_wall_left,oi_face_rot_wide_mppi,17872,256,16,0,0,1,1,1,89,0.225322,0.174815,8.84468,0,0.824526,1.05938,0.462244,41.1397,43.6344,364544,1.3034,1.4176,0,0.462682,0,1,1
box_detour_wall_left,oi_face_rot_wide_mppi,17879,256,16,0,0,1,1,1,101,0.171538,0.0740374,6.61568,0,0.746889,1.14519,0.431933,43.6252,46.1408,413696,1.2636,1.3557,0,0.432502,0,1,1
box_detour_wall_left,oi_face_rot_wide_mppi,17886,256,16,0,0,1,1,1,62,0.240094,0.095731,5.46227,0,1.02154,1.80711,0.438581,27.192,28.9975,253952,1.2636,1.3532,0,0.439,0,1,1
box_detour_wall_left,oi_face_rot_wide_mppi,17893,256,16,0,0,1,1,1,76,0.24043,0.304665,6.82792,0,0.996572,1.91796,0.497297,37.7946,39.7047,311296,1.2796,1.3847,0,0.49778,0,1,1
box_detour_wall_left,oi_face_rot_wide_mppi,17900,256,16,0,0,0,1,0,420,1.20263,0.334511,49.5083,0,0.644181,0.603478,0.430011,180.604,190.733,1720320,1.2675,1.372,0,0.430191,0,1,0
box_detour_wall_left,oi_face_rot_wide_mppi,17907,256,16,0,0,1,1,1,102,0.223373,0.0497251,6.44798,0,0.8081,1.24605,0.383284,39.095,41.1799,417792,1.2443,1.3636,0,0.383648,0,1,1
box_detour_wall_left,oi_face_rot_wide_mppi,17914,256,16,0,0,1,1,1,102,0.234255,0.195732,8.53125,0,0.82496,1.25998,0.412953,42.1212,44.2251,417792,1.2706,1.3452,0,0.4133,0,1,1
box_detour_wall_left,oi_face_rot_wide_mppi,17921,256,16,0,0,1,1,1,91,0.222218,0.184387,8.64327,0,0.848512,1.23451,0.342404,31.1588,32.8312,372736,1.2556,1.3143,0,0.342693,0,1,1
box_detour_wall_left,oi_face_rot_wide_mppi,17928,256,16,0,0,1,1,1,204,0.24114,0.0331169,14.568,0,0.849005,1.50979,0.427828,87.2769,91.8184,835584,1.2546,1.3666,0,0.428085,0,1,1
box_detour_wall_left,oi_face_rot_wide_mppi,17935,256,16,0,0,1,1,1,92,0.247274,0.330217,6.86451,0,1.02627,1.86411,0.417315,38.393,41.351,376832,1.2441,1.3764,0,0.417728,0,1,1
box_detour_wall_left,oi_face_rot_wide_mppi,17942,256,16,0,0,1,1,1,101,0.207079,0.122159,6.79403,0,0.853678,1.45879,0.451681,45.6198,49.3511,413696,1.2589,1.327,0,0.452099,0,1,1
box_detour_wall_left,oi_face_rot_wide_mppi,17949,256,16,0,0,1,1,1,143,0.234066,0.00537713,12.9271,0,0.955682,1.54683,0.378179,54.0796,57.6813,585728,1.2702,1.3689,0,0.378515,0,1,1
