scenario,planner,seed,k_samples,t_horizon,grad_steps,alpha,reached_goal,collision_free,success,steps,final_distance,min_goal_distance,cumulative_cost,collisions,mean_control_delta,control_roughness,avg_control_ms,total_control_ms,episode_ms,sample_budget,p95_control_ms,max_control_ms,control_deadline_ms,avg_control_slot_ms,deadline_misses,deadline_feasible,real_time_success
box_detour_open,oi_face_rot_anchor_mppi,17056,256,16,0,0,1,1,1,198,0.234956,0.163165,11.4327,0,1.07435,2.42364,0.15952,31.5849,34.4032,811008,0.2518,0.3941,0,0.159678,0,1,1
box_detour_open,oi_face_rot_anchor_mppi,17063,256,16,0,0,1,1,1,197,0.239129,0.0971402,11.1297,0,1.00707,1.95324,0.16934,33.3599,37.327,806912,0.2709,0.3916,0,0.16961,0,1,1
box_detour_open,oi_face_rot_anchor_mppi,17070,256,16,0,0,1,1,1,190,0.231801,0.139047,10.8434,0,1.04572,2.11047,0.160263,30.4499,33.6928,778240,0.2481,0.398,0,0.160448,0,1,1
box_detour_open,oi_face_rot_anchor_mppi,17077,256,16,0,0,1,1,1,181,0.240091,0.135764,10.3143,0,1.05683,2.29789,0.158403,28.671,31.3024,741376,0.2434,0.2735,0,0.158568,0,1,1
box_detour_open,oi_face_rot_anchor_mppi,17084,256,16,0,0,1,1,1,179,0.231176,0.161602,10.0606,0,1.07356,2.35454,0.17883,32.0106,35.9058,733184,0.2645,0.889,0,0.179065,0,1,1
box_detour_open,oi_face_rot_anchor_mppi,17091,256,16,0,0,1,1,1,188,0.242275,0.159599,10.5218,0,1.13883,2.5976,0.161399,30.343,33.7275,770048,0.2448,0.3683,0,0.161615,0,1,1
box_detour_open,oi_face_rot_anchor_mppi,17098,256,16,0,0,1,1,1,215,0.239695,0.107706,12.2234,0,1.04399,2.09661,0.162582,34.9552,38.7197,880640,0.2461,0.3954,0,0.162776,0,1,1
box_detour_open,oi_face_rot_anchor_mppi,17105,256,16,0,0,1,1,1,186,0.234886,0.154769,10.5388,0,1.06998,2.22519,0.163258,30.3659,33.5332,761856,0.2483,0.369,0,0.163443,0,1,1
box_detour_open,oi_face_rot_anchor_mppi,17112,256,16,0,0,1,1,1,169,0.230916,0.143665,9.96965,0,0.990341,2.08742,0.167736,28.3474,31.928,692224,0.2603,0.2937,0,0.167974,0,1,1
box_detour_open,oi_face_rot_anchor_mppi,17119,256,16,0,0,1,1,1,203,0.242123,0.153432,11.6945,0,1.02846,2.13501,0.166314,33.7617,37.7187,831488,0.2497,0.3185,0,0.166484,0,1,1
box_detour_open,oi_face_rot_anchor_mppi,17126,256,16,0,0,1,1,1,208,0.229993,0.156671,11.7065,0,1.10052,2.46776,0.162688,33.8391,37.7161,851968,0.2439,0.2952,0,0.162852,0,1,1
box_detour_open,oi_face_rot_anchor_mppi,17133,256,16,0,0,1,1,1,185,0.244472,0.155617,10.0296,0,1.07457,2.30685,0.175222,32.416,36.6602,757760,0.2588,0.3474,0,0.175496,0,1,1
box_detour_open,oi_face_rot_anchor_mppi,17140,256,16,0,0,1,1,1,180,0.238146,0.0948727,10.4837,0,1.01913,2.11329,0.161596,29.0872,32.4164,737280,0.2596,0.342,0,0.161796,0,1,1
box_detour_open,oi_face_rot_anchor_mppi,17147,256,16,0,0,1,1,1,194,0.246114,0.115695,11.7442,0,1.06744,2.29273,0.159038,30.8533,34.0363,794624,0.2513,0.4385,0,0.159225,0,1,1
box_detour_open,oi_face_rot_anchor_mppi,17154,256,16,0,0,1,1,1,198,0.246531,0.153958,11.406,0,1.1655,2.70053,0.170563,33.7714,38.5358,811008,0.2574,0.3618,0,0.170835,0,1,1
box_detour_open,oi_face_rot_anchor_mppi,17161,256,16,0,0,1,1,1,190,0.242026,0.141419,11.6513,0,1.04899,2.25579,0.155016,29.453,32.4842,778240,0.2479,0.3594,0,0.155194,0,1,1
box_detour_open,oi_face_rot_anchor_mppi,17168,256,16,0,0,1,1,1,199,0.241748,0.162571,11.3812,0,1.11068,2.68141,0.159401,31.7208,34.8143,815104,0.2516,0.3733,0,0.159572,0,1,1
box_detour_open,oi_face_rot_anchor_mppi,17175,256,16,0,0,1,1,1,181,0.235213,0.154807,9.7523,0,1.10483,2.45925,0.154597,27.9821,30.5631,741376,0.2458,0.3209,0,0.154754,0,1,1
box_detour_open,oi_face_rot_anchor_mppi,17182,256,16,0,0,1,1,1,181,0.24358,0.101339,10.0884,0,0.99761,2.04666,0.169525,30.6841,34.7517,741376,0.2552,0.3376,0,0.169796,0,1,1
box_detour_open,oi_face_rot_anchor_mppi,17189,256,16,0,0,1,1,1,179,0.239313,0.159777,10.3493,0,1.03037,2.19839,0.161744,28.9521,32.2504,733184,0.2531,0.3421,0,0.162232,0,1,1
box_detour_open,oi_face_rot_anchor_mppi,17196,256,16,0,0,1,1,1,210,0.231046,0.156772,11.3624,0,1.151,2.74843,0.156741,32.9156,36.2375,860160,0.2474,0.329,0,0.156981,0,1,1
box_detour_open,oi_face_rot_anchor_mppi,17203,256,16,0,0,1,1,1,172,0.230259,0.134448,10.0695,0,1.0758,2.42864,0.161437,27.7671,30.8692,704512,0.2563,0.3876,0,0.161655,0,1,1
box_detour_open,oi_face_rot_anchor_mppi,17210,256,16,0,0,1,1,1,188,0.236433,0.152492,10.8773,0,1.17862,2.67963,0.153891,28.9315,31.8347,770048,0.2446,0.2916,0,0.154089,0,1,1
box_detour_open,oi_face_rot_anchor_mppi,17217,256,16,0,0,1,1,1,188,0.242683,0.154826,10.9481,0,1.05821,2.31518,0.16261,30.5707,34.2233,770048,0.2508,0.3026,0,0.162822,0,1,1
box_detour_open,oi_face_rot_anchor_mppi,17224,256,16,0,0,1,1,1,183,0.233335,0.154455,10.1775,0,1.09925,2.3774,0.154284,28.234,31.2932,749568,0.2429,0.2986,0,0.154479,0,1,1
box_detour_open,oi_face_rot_anchor_mppi,17231,256,16,0,0,1,1,1,196,0.237625,0.133737,10.4034,0,1.07175,2.39844,0.156871,30.7468,33.6935,802816,0.2439,0.3635,0,0.157029,0,1,1
box_detour_open,oi_face_rot_anchor_mppi,17238,256,16,0,0,1,1,1,184,0.231982,0.163717,10.3964,0,1.07919,2.27793,0.170636,31.397,35.3645,753664,0.2651,0.2847,0,0.170872,0,1,1
box_detour_open,oi_face_rot_anchor_mppi,17245,256,16,0,0,1,1,1,178,0.244508,0.104198,10.0658,0,1.03637,2.19103,0.164216,29.2304,31.8289,729088,0.2587,0.3356,0,0.164404,0,1,1
box_detour_open,oi_face_rot_anchor_mppi,17252,256,16,0,0,1,1,1,183,0.240859,0.168167,10.3868,0,1.00458,2.13781,0.167886,30.7231,34.3255,749568,0.2445,0.3687,0,0.16813,0,1,1
box_detour_open,oi_face_rot_anchor_mppi,17259,256,16,0,0,1,1,1,185,0.240812,0.137325,10.2077,0,1.05436,2.27779,0.157755,29.1847,32.1001,757760,0.2573,0.366,0,0.157952,0,1,1
box_detour_open,oi_face_rot_anchor_mppi,17266,256,16,0,0,1,1,1,181,0.242878,0.161661,9.85775,0,1.04437,2.22344,0.166946,30.2173,33.1287,741376,0.2686,0.3585,0,0.167141,0,1,1
box_detour_open,oi_face_rot_anchor_mppi,17273,256,16,0,0,1,1,1,222,0.244016,0.131975,12.2774,0,1.27555,3.10961,0.162412,36.0555,40.3184,909312,0.2525,0.3281,0,0.162631,0,1,1
box_detour_open,oi_face_rot_anchor_mppi,17280,256,16,0,0,1,1,1,190,0.248884,0.107154,10.4497,0,1.09318,2.46435,0.167413,31.8084,35.3484,778240,0.2446,0.2944,0,0.167615,0,1,1
box_detour_open,oi_face_rot_anchor_mppi,17287,256,16,0,0,1,1,1,196,0.242121,0.140331,10.815,0,1.08269,2.41623,0.162625,31.8745,35.3547,802816,0.2542,0.3003,0,0.162805,0,1,1
box_detour_open,oi_face_rot_anchor_mppi,17294,256,16,0,0,1,1,1,189,0.231928,0.146835,10.8025,0,1.09581,2.48748,0.15414,29.1324,32.0977,774144,0.2426,0.2646,0,0.154301,0,1,1
box_detour_open,oi_face_rot_anchor_mppi,17301,256,16,0,0,1,1,1,168,0.237011,0.144416,9.7598,0,1.03984,2.19049,0.152601,25.6369,28.22,688128,0.2425,0.3006,0,0.152795,0,1,1
box_detour_open,oi_face_rot_anchor_mppi,17308,256,16,0,0,1,1,1,170,0.248815,0.142964,9.89069,0,1.05166,2.36503,0.170048,28.9081,32.0761,696320,0.253,0.3294,0,0.170289,0,1,1
box_detour_open,oi_face_rot_anchor_mppi,17315,256,16,0,0,1,1,1,185,0.241882,0.16423,10.1515,0,1.10096,2.44659,0.166408,30.7855,34.3528,757760,0.2582,0.3581,0,0.166622,0,1,1
box_detour_open,oi_face_rot_anchor_mppi,17322,256,16,0,0,1,1,1,203,0.243901,0.13879,11.3417,0,1.0508,2.11624,0.166571,33.8139,37.7725,831488,0.2609,0.3971,0,0.166804,0,1,1
box_detour_open,oi_face_rot_anchor_mppi,17329,256,16,0,0,1,1,1,180,0.235521,0.131607,10.8915,0,1.02053,2.11905,0.164831,29.6696,33.4646,737280,0.2549,0.3428,0,0.165067,0,1,1
box_detour_open,oi_face_rot_anchor_mppi,17336,256,16,0,0,1,1,1,181,0.233695,0.153098,10.5316,0,1.01961,2.31839,0.171635,31.066,34.8303,741376,0.2573,0.3509,0,0.171865,0,1,1
box_detour_open,oi_face_rot_anchor_mppi,17343,256,16,0,0,1,1,1,226,0.247293,0.17077,12.8965,0,1.21472,2.86713,0.155454,35.1326,38.6307,925696,0.2514,0.3588,0,0.155626,0,1,1
box_detour_open,oi_face_rot_anchor_mppi,17350,256,16,0,0,1,1,1,175,0.249907,0.143188,9.99107,0,1.10944,2.54902,0.153291,26.826,30.3001,716800,0.2281,0.3022,0,0.153533,0,1,1
box_detour_open,oi_face_rot_anchor_mppi,17357,256,16,0,0,1,1,1,205,0.249362,0.102357,11.4232,0,1.11348,2.44649,0.162429,33.298,37.8599,839680,0.2359,0.3601,0,0.16266,0,1,1
box_detour_open,oi_face_rot_anchor_mppi,17364,256,16,0,0,1,1,1,185,0.24534,0.134247,10.8365,0,1.1462,2.54786,0.151649,28.055,31.2708,757760,0.2394,0.2757,0,0.15185,0,1,1
box_detour_open,oi_face_rot_anchor_mppi,17371,256,16,0,0,1,1,1,182,0.238836,0.158486,10.5885,0,1.02607,2.22958,0.150309,27.3562,31.2672,745472,0.2134,0.287,0,0.150521,0,1,1
box_detour_open,oi_face_rot_anchor_mppi,17378,256,16,0,0,1,1,1,176,0.23949,0.139452,10.0933,0,1.05561,2.37233,0.135489,23.846,26.2699,720896,0.1556,0.2415,0,0.135656,0,1,1
box_detour_open,oi_face_rot_anchor_mppi,17385,256,16,0,0,1,1,1,171,0.249833,0.139235,10.3623,0,1.06538,2.28126,0.150558,25.7454,28.7204,700416,0.2398,0.2881,0,0.150793,0,1,1
box_detour_open,oi_face_rot_anchor_mppi,17392,256,16,0,0,1,1,1,200,0.243214,0.137998,11.1496,0,1.07323,2.33098,0.144576,28.9153,31.9932,819200,0.1866,0.2996,0,0.144796,0,1,1
box_detour_open,oi_face_rot_anchor_mppi,17399,256,16,0,0,1,1,1,181,0.247881,0.134556,9.98872,0,1.06206,2.40818,0.150678,27.2728,30.1682,741376,0.2403,0.4136,0,0.150868,0,1,1
box_detour_open,oi_face_rot_anchor_mppi,17406,256,16,0,0,1,1,1,205,0.245418,0.136067,12.1553,0,1.13092,2.5688,0.145535,29.8347,32.6158,839680,0.2389,0.2449,0,0.145778,0,1,1
box_detour_open,oi_face_rot_anchor_mppi,17413,256,16,0,0,1,1,1,198,0.248541,0.135947,11.0228,0,1.09457,2.36646,0.147651,29.2348,32.1766,811008,0.2377,0.3121,0,0.147848,0,1,1
box_detour_open,oi_face_rot_anchor_mppi,17420,256,16,0,0,1,1,1,197,0.237506,0.15694,10.5559,0,1.20863,2.71451,0.160286,31.5763,35.8683,806912,0.2459,0.5407,0,0.160495,0,1,1
box_detour_open,oi_face_rot_anchor_mppi,17427,256,16,0,0,1,1,1,191,0.230878,0.144572,10.7196,0,1.16818,2.79217,0.152538,29.1348,32.5642,782336,0.2312,0.2528,0,0.152723,0,1,1
box_detour_open,oi_face_rot_anchor_mppi,17434,256,16,0,0,1,1,1,171,0.234781,0.127573,10.1497,0,1.0574,2.39509,0.15625,26.7187,30.1944,700416,0.242,0.3041,0,0.156478,0,1,1
box_detour_open,oi_face_rot_anchor_mppi,17441,256,16,0,0,1,1,1,198,0.243793,0.145486,11.6051,0,1.18,2.78644,0.148535,29.41,33.6556,811008,0.2054,0.3843,0,0.14874,0,1,1
box_detour_open,oi_face_rot_anchor_mppi,17448,256,16,0,0,1,1,1,183,0.244488,0.136173,10.9478,0,1.02896,2.05745,0.142748,26.1229,28.7296,749568,0.1791,0.2962,0,0.142924,0,1,1
box_detour_open,oi_face_rot_anchor_mppi,17455,256,16,0,0,1,1,1,176,0.237816,0.0984265,9.91796,0,1.00861,2.09534,0.146495,25.7831,27.9014,720896,0.1967,0.2625,0,0.146636,0,1,1
box_detour_open,oi_face_rot_anchor_mppi,17462,256,16,0,0,1,1,1,169,0.247903,0.147804,9.70604,0,1.0365,2.17724,0.144256,24.3793,26.467,692224,0.2077,0.2626,0,0.144395,0,1,1
box_detour_open,oi_face_rot_anchor_mppi,17469,256,16,0,0,1,1,1,193,0.237308,0.111866,10.3582,0,1.124,2.49538,0.162831,31.4264,35.8569,790528,0.2402,0.2567,0,0.163072,0,1,1
box_detour_open,oi_face_rot_anchor_mppi,17476,256,16,0,0,1,1,1,194,0.230268,0.145709,11.5869,0,1.07042,2.30287,0.139814,27.1239,30.1324,794624,0.1732,0.2768,0,0.140012,0,1,1
box_detour_open,oi_face_rot_anchor_mppi,17483,256,16,0,0,1,1,1,186,0.238143,0.154195,10.5068,0,1.05843,2.25642,0.143383,26.6693,29.4133,761856,0.1707,0.281,0,0.14356,0,1,1
box_detour_open,oi_face_rot_anchor_mppi,17490,256,16,0,0,1,1,1,181,0.247452,0.104263,10.3101,0,1.06007,2.32696,0.147635,26.7219,29.6828,741376,0.2367,0.3185,0,0.147835,0,1,1
box_detour_open,oi_face_rot_anchor_mppi,17497,256,16,0,0,1,1,1,186,0.238844,0.138922,11.1565,0,1.0827,2.41044,0.154122,28.6666,32.0151,761856,0.2363,0.2946,0,0.154324,0,1,1
box_detour_open,oi_face_rot_anchor_mppi,17504,256,16,0,0,1,1,1,167,0.234793,0.125645,9.82021,0,0.971418,1.97603,0.147664,24.6599,27.041,684032,0.2377,0.2916,0,0.147859,0,1,1
box_detour_open,oi_face_rot_anchor_mppi,17511,256,16,0,0,1,1,1,185,0.242897,0.153709,11.2014,0,0.999765,2.08788,0.148374,27.4492,30.1048,757760,0.2293,0.2872,0,0.148543,0,1,1
box_detour_open,oi_face_rot_anchor_mppi,17518,256,16,0,0,1,1,1,173,0.249036,0.132089,10.7975,0,1.05199,2.19155,0.149695,25.8973,28.8934,708608,0.2272,0.2999,0,0.149899,0,1,1
box_detour_open,oi_face_rot_anchor_mppi,17525,256,16,0,0,1,1,1,209,0.231735,0.148109,12.0884,0,1.23206,3.12151,0.163285,34.1266,38.8929,856064,0.2408,0.3578,0,0.163708,0,1,1
box_detour_open,oi_face_rot_anchor_mppi,17532,256,16,0,0,1,1,1,176,0.246592,0.145662,10.3733,0,1.05681,2.26816,0.152707,26.8765,30.104,720896,0.2402,0.3109,0,0.15292,0,1,1
box_detour_open,oi_face_rot_anchor_mppi,17539,256,16,0,0,1,1,1,186,0.241456,0.155281,10.9068,0,1.09484,2.39575,0.146808,27.3063,30.0062,761856,0.2372,0.2793,0,0.146989,0,1,1
box_detour_open,oi_face_rot_anchor_mppi,17546,256,16,0,0,1,1,1,192,0.240718,0.142583,10.9798,0,1.0581,2.24412,0.156239,29.9978,33.2553,786432,0.2441,0.2946,0,0.15643,0,1,1
box_detour_open,oi_face_rot_anchor_mppi,17553,256,16,0,0,1,1,1,174,0.244152,0.146276,9.68409,0,1.04665,2.24145,0.146891,25.5591,28.1623,712704,0.2406,0.2626,0,0.147098,0,1,1
box_detour_open,oi_face_rot_anchor_mppi,17560,256,16,0,0,1,1,1,185,0.249759,0.13843,10.594,0,1.08304,2.40678,0.15085,27.9073,30.6958,757760,0.2424,0.335,0,0.151059,0,1,1
box_detour_open,oi_face_rot_anchor_mppi,17567,256,16,0,0,1,1,1,195,0.243485,0.126104,11.0564,0,1.17543,2.88789,0.154615,30.1499,33.3927,798720,0.2444,0.2814,0,0.154797,0,1,1
box_detour_open,oi_face_rot_anchor_mppi,17574,256,16,0,0,1,1,1,187,0.243028,0.153091,11.548,0,1.06277,2.3576,0.14603,27.3077,29.8354,765952,0.2421,0.2814,0,0.146205,0,1,1
box_detour_open,oi_face_rot_anchor_mppi,17581,256,16,0,0,1,1,1,195,0.245062,0.0996361,11.162,0,1.1305,2.56011,0.152941,29.8235,33.4629,798720,0.2432,0.2849,0,0.153163,0,1,1
box_detour_open,oi_face_rot_anchor_mppi,17588,256,16,0,0,1,1,1,173,0.238467,0.14858,9.76599,0,1.10092,2.4931,0.14748,25.5141,28.1506,708608,0.217,0.2611,0,0.147664,0,1,1
box_detour_open,oi_face_rot_anchor_mppi,17595,256,16,0,0,1,1,1,185,0.245161,0.133544,10.9552,0,1.08497,2.46766,0.148523,27.4767,29.9863,757760,0.1995,0.289,0,0.148689,0,1,1
box_detour_open,oi_face_rot_anchor_mppi,17602,256,16,0,0,1,1,1,188,0.239774,0.134869,10.8677,0,1.08938,2.36294,0.151705,28.5206,32.0178,770048,0.2046,0.261,0,0.151918,0,1,1
box_detour_open,oi_face_rot_anchor_mppi,17609,256,16,0,0,1,1,1,174,0.245801,0.105187,10.0086,0,1.02117,2.1496,0.147543,25.6725,28.2563,712704,0.2382,0.3048,0,0.147732,0,1,1
box_detour_open,oi_face_rot_anchor_mppi,17616,256,16,0,0,1,1,1,195,0.243588,0.157112,10.6965,0,1.09839,2.33599,0.149577,29.1675,32.3977,798720,0.2363,0.278,0,0.149765,0,1,1
box_detour_open,oi_face_rot_anchor_mppi,17623,256,16,0,0,1,1,1,200,0.242533,0.16339,11.477,0,1.14888,2.63963,0.148629,29.7258,33.1695,819200,0.2234,0.3074,0,0.148819,0,1,1
box_detour_open,oi_face_rot_anchor_mppi,17630,256,16,0,0,1,1,1,186,0.243107,0.106794,10.3515,0,1.01652,2.1,0.146106,27.1757,29.9833,761856,0.2085,0.3195,0,0.146274,0,1,1
box_detour_open,oi_face_rot_anchor_mppi,17637,256,16,0,0,1,1,1,215,0.240526,0.135259,11.8376,0,1.18428,2.90194,0.153156,32.9286,37.1653,880640,0.224,0.2729,0,0.153482,0,1,1
box_detour_open,oi_face_rot_anchor_mppi,17644,256,16,0,0,1,1,1,181,0.24351,0.132227,10.2417,0,0.978635,2.06191,0.154513,27.9668,30.8982,741376,0.2417,0.3144,0,0.154706,0,1,1
box_detour_open,oi_face_rot_anchor_mppi,17651,256,16,0,0,1,1,1,216,0.243804,0.154588,11.4267,0,1.16156,2.62979,0.152439,32.9268,36.6872,884736,0.2405,0.2627,0,0.152647,0,1,1
box_detour_open,oi_face_rot_anchor_mppi,17658,256,16,0,0,1,1,1,202,0.233022,0.147966,11.9512,0,1.12385,2.63538,0.152757,30.857,34.1822,827392,0.2095,0.293,0,0.152916,0,1,1
box_detour_open,oi_face_rot_anchor_mppi,17665,256,16,0,0,1,1,1,187,0.241396,0.160742,11.1759,0,1.00729,2.10476,0.150287,28.1036,31.2037,765952,0.2119,0.2807,0,0.150499,0,1,1
box_detour_open,oi_face_rot_anchor_mppi,17672,256,16,0,0,1,1,1,175,0.235094,0.151535,10.7167,0,1.03986,2.23002,0.152532,26.6931,29.5969,716800,0.2422,0.3383,0,0.152745,0,1,1
box_detour_open,oi_face_rot_anchor_mppi,17679,256,16,0,0,1,1,1,205,0.241296,0.160277,11.5422,0,1.10815,2.53959,0.149608,30.6697,34.1044,839680,0.2217,0.2698,0,0.149793,0,1,1
box_detour_open,oi_face_rot_anchor_mppi,17686,256,16,0,0,1,1,1,193,0.240088,0.122361,10.7173,0,1.03349,2.24308,0.164257,31.7016,35.9625,790528,0.2464,0.3147,0,0.164497,0,1,1
box_detour_open,oi_face_rot_anchor_mppi,17693,256,16,0,0,1,1,1,188,0.240531,0.14524,10.6159,0,1.06169,2.3383,0.164259,30.8806,35.3234,770048,0.2197,0.3141,0,0.164515,0,1,1
box_detour_open,oi_face_rot_anchor_mppi,17700,256,16,0,0,1,1,1,187,0.237967,0.149308,10.7421,0,1.08266,2.44771,0.158291,29.6004,33.9281,765952,0.2237,0.3406,0,0.158548,0,1,1
box_detour_open,oi_face_rot_anchor_mppi,17707,256,16,0,0,1,1,1,191,0.233387,0.140824,10.3594,0,1.09496,2.4088,0.165683,31.6455,36.625,782336,0.2249,0.3082,0,0.165957,0,1,1
box_detour_open,oi_face_rot_anchor_mppi,17714,256,16,0,0,1,1,1,180,0.237296,0.109209,10.3182,0,1.06456,2.24009,0.162538,29.2568,33.4952,737280,0.2042,0.2704,0,0.162799,0,1,1
box_detour_open,oi_face_rot_anchor_mppi,17721,256,16,0,0,1,1,1,184,0.241565,0.156488,10.8379,0,1.03368,2.28148,0.156718,28.8362,32.7659,753664,0.2377,0.4109,0,0.15699,0,1,1
box_detour_open,oi_face_rot_anchor_mppi,17728,256,16,0,0,1,1,1,201,0.243633,0.170824,10.8937,0,1.10579,2.5368,0.157076,31.5723,35.4092,823296,0.2381,0.2804,0,0.157284,0,1,1
box_detour_open,oi_face_rot_anchor_mppi,17735,256,16,0,0,1,1,1,169,0.247591,0.145989,10.427,0,1.05757,2.2766,0.168393,28.4585,32.7159,692224,0.2189,0.2935,0,0.168628,0,1,1
box_detour_open,oi_face_rot_anchor_mppi,17742,256,16,0,0,1,1,1,193,0.249342,0.149706,10.9431,0,1.05541,2.30049,0.141378,27.286,30.1268,790528,0.1836,0.2997,0,0.141556,0,1,1
box_detour_open,oi_face_rot_anchor_mppi,17749,256,16,0,0,1,1,1,204,0.245381,0.14706,11.1141,0,1.15676,2.7817,0.165276,33.7164,38.5169,835584,0.2426,0.3122,0,0.165539,0,1,1
box_detour_open,oi_face_rot_pstall_mppi,17056,256,16,0,0,1,1,1,198,0.234956,0.163165,11.4327,0,1.07435,2.42364,0.149158,29.5333,32.8925,811008,0.2393,0.2707,0,0.149349,0,1,1
box_detour_open,oi_face_rot_pstall_mppi,17063,256,16,0,0,1,1,1,197,0.239129,0.0971402,11.1297,0,1.00707,1.95324,0.162465,32.0057,36.7379,806912,0.2099,0.326,0,0.162698,0,1,1
box_detour_open,oi_face_rot_pstall_mppi,17070,256,16,0,0,1,1,1,190,0.231801,0.139047,10.8434,0,1.04572,2.11047,0.158653,30.1441,34.1816,778240,0.2429,0.3331,0,0.158884,0,1,1
box_detour_open,oi_face_rot_pstall_mppi,17077,256,16,0,0,1,1,1,181,0.240091,0.135764,10.3143,0,1.05683,2.29789,0.154122,27.8961,31.1135,741376,0.2406,0.2592,0,0.154346,0,1,1
box_detour_open,oi_face_rot_pstall_mppi,17084,256,16,0,0,1,1,1,179,0.231176,0.161602,10.0606,0,1.07356,2.35454,0.156985,28.1004,31.5978,733184,0.2338,0.2963,0,0.157237,0,1,1
box_detour_open,oi_face_rot_pstall_mppi,17091,256,16,0,0,1,1,1,188,0.242275,0.159599,10.5218,0,1.13883,2.5976,0.158511,29.8001,33.6125,770048,0.2252,0.3153,0,0.158715,0,1,1
box_detour_open,oi_face_rot_pstall_mppi,17098,256,16,0,0,1,1,1,215,0.239695,0.107706,12.2234,0,1.04399,2.09661,0.153689,33.0432,37.0087,880640,0.2189,0.3121,0,0.153925,0,1,1
box_detour_open,oi_face_rot_pstall_mppi,17105,256,16,0,0,1,1,1,186,0.234886,0.154769,10.5388,0,1.06998,2.22519,0.147191,27.3776,29.8031,761856,0.1864,0.2921,0,0.147365,0,1,1
box_detour_open,oi_face_rot_pstall_mppi,17112,256,16,0,0,1,1,1,169,0.230916,0.143665,9.96965,0,0.990341,2.08742,0.163627,27.653,31.1775,692224,0.2486,0.3285,0,0.163875,0,1,1
box_detour_open,oi_face_rot_pstall_mppi,17119,256,16,0,0,1,1,1,203,0.242123,0.153432,11.6945,0,1.02846,2.13501,0.154802,31.4249,35.2423,831488,0.2195,0.298,0,0.155001,0,1,1
box_detour_open,oi_face_rot_pstall_mppi,17126,256,16,0,0,1,1,1,208,0.229993,0.156671,11.7065,0,1.10052,2.46776,0.161391,33.5693,38.1235,851968,0.2247,0.2921,0,0.161591,0,1,1
box_detour_open,oi_face_rot_pstall_mppi,17133,256,16,0,0,1,1,1,185,0.244472,0.155617,10.0296,0,1.07457,2.30685,0.156857,29.0185,32.6621,757760,0.2035,0.2494,0,0.157083,0,1,1
box_detour_open,oi_face_rot_pstall_mppi,17140,256,16,0,0,1,1,1,180,0.238146,0.0948727,10.4837,0,1.01913,2.11329,0.168916,30.4049,34.8314,737280,0.2528,0.3172,0,0.169215,0,1,1
box_detour_open,oi_face_rot_pstall_mppi,17147,256,16,0,0,1,1,1,194,0.246114,0.115695,11.7442,0,1.06744,2.29273,0.15471,30.0137,33.7508,794624,0.215,0.3009,0,0.155037,0,1,1
box_detour_open,oi_face_rot_pstall_mppi,17154,256,16,0,0,1,1,1,198,0.246531,0.153958,11.406,0,1.1655,2.70053,0.150991,29.8963,33.3784,811008,0.2116,0.3267,0,0.151202,0,1,1
box_detour_open,oi_face_rot_pstall_mppi,17161,256,16,0,0,1,1,1,190,0.242026,0.141419,11.6513,0,1.04899,2.25579,0.16851,32.0169,36.4646,778240,0.2436,0.3019,0,0.168777,0,1,1
box_detour_open,oi_face_rot_pstall_mppi,17168,256,16,0,0,1,1,1,199,0.241748,0.162571,11.3812,0,1.11068,2.68141,0.164217,32.6791,37.2384,815104,0.2404,0.2694,0,0.164444,0,1,1
box_detour_open,oi_face_rot_pstall_mppi,17175,256,16,0,0,1,1,1,181,0.235213,0.154807,9.7523,0,1.10483,2.45925,0.154173,27.9053,31.403,741376,0.2409,0.2955,0,0.154413,0,1,1
box_detour_open,oi_face_rot_pstall_mppi,17182,256,16,0,0,1,1,1,181,0.24358,0.101339,10.0884,0,0.99761,2.04666,0.152143,27.5379,30.5929,741376,0.2245,0.2741,0,0.152348,0,1,1
box_detour_open,oi_face_rot_pstall_mppi,17189,256,16,0,0,1,1,1,179,0.239313,0.159777,10.3493,0,1.03037,2.19839,0.149835,26.8205,29.6063,733184,0.2383,0.3537,0,0.150055,0,1,1
box_detour_open,oi_face_rot_pstall_mppi,17196,256,16,0,0,1,1,1,210,0.231046,0.156772,11.3624,0,1.151,2.74843,0.154969,32.5436,36.1314,860160,0.2415,0.3053,0,0.15517,0,1,1
box_detour_open,oi_face_rot_pstall_mppi,17203,256,16,0,0,1,1,1,172,0.230259,0.134448,10.0695,0,1.0758,2.42864,0.15709,27.0194,30.339,704512,0.2032,0.3162,0,0.157337,0,1,1
box_detour_open,oi_face_rot_pstall_mppi,17210,256,16,0,0,1,1,1,188,0.236433,0.152492,10.8773,0,1.17862,2.67963,0.149503,28.1065,31.0784,770048,0.2144,0.2634,0,0.149689,0,1,1
box_detour_open,oi_face_rot_pstall_mppi,17217,256,16,0,0,1,1,1,188,0.242683,0.154826,10.9481,0,1.05821,2.31518,0.149753,28.1536,31.2063,770048,0.2095,0.2808,0,0.149971,0,1,1
box_detour_open,oi_face_rot_pstall_mppi,17224,256,16,0,0,1,1,1,183,0.233335,0.154455,10.1775,0,1.09925,2.3774,0.148995,27.266,29.9033,749568,0.2271,0.2798,0,0.149182,0,1,1
box_detour_open,oi_face_rot_pstall_mppi,17231,256,16,0,0,1,1,1,196,0.237625,0.133737,10.4034,0,1.07175,2.39844,0.15721,30.8131,34.8494,802816,0.2235,0.2686,0,0.157406,0,1,1
box_detour_open,oi_face_rot_pstall_mppi,17238,256,16,0,0,1,1,1,184,0.231982,0.163717,10.3964,0,1.07919,2.27793,0.180714,33.2514,38.6798,753664,0.2494,0.4106,0,0.180991,0,1,1
box_detour_open,oi_face_rot_pstall_mppi,17245,256,16,0,0,1,1,1,178,0.244508,0.104198,10.0658,0,1.03637,2.19103,0.169737,30.2132,34.9731,729088,0.2515,0.2779,0,0.170024,0,1,1
box_detour_open,oi_face_rot_pstall_mppi,17252,256,16,0,0,1,1,1,183,0.240859,0.168167,10.3868,0,1.00458,2.13781,0.182575,33.4113,38.9911,749568,0.2675,0.4615,0,0.182862,0,1,1
box_detour_open,oi_face_rot_pstall_mppi,17259,256,16,0,0,1,1,1,185,0.240812,0.137325,10.2077,0,1.05436,2.27779,0.197426,36.5238,43.7085,757760,0.2921,0.4648,0,0.197748,0,1,1
box_detour_open,oi_face_rot_pstall_mppi,17266,256,16,0,0,1,1,1,181,0.242878,0.161661,9.85775,0,1.04437,2.22344,0.24473,44.2962,54.7604,741376,0.3354,5.4253,0,0.2451,0,1,1
box_detour_open,oi_face_rot_pstall_mppi,17273,256,16,0,0,1,1,1,222,0.244016,0.131975,12.2774,0,1.27555,3.10961,0.205964,45.724,52.5459,909312,0.2798,1.1707,0,0.206278,0,1,1
box_detour_open,oi_face_rot_pstall_mppi,17280,256,16,0,0,1,1,1,190,0.248884,0.107154,10.4497,0,1.09318,2.46435,0.180241,34.2458,39.922,778240,0.2684,0.6116,0,0.180583,0,1,1
box_detour_open,oi_face_rot_pstall_mppi,17287,256,16,0,0,1,1,1,196,0.242121,0.140331,10.815,0,1.08269,2.41623,0.170544,33.4266,39.3151,802816,0.2456,0.4214,0,0.170864,0,1,1
box_detour_open,oi_face_rot_pstall_mppi,17294,256,16,0,0,1,1,1,189,0.231928,0.146835,10.8025,0,1.09581,2.48748,0.173298,32.7533,37.8895,774144,0.2805,0.3959,0,0.173607,0,1,1
box_detour_open,oi_face_rot_pstall_mppi,17301,256,16,0,0,1,1,1,168,0.237011,0.144416,9.7598,0,1.03984,2.19049,0.176986,29.7337,34.7941,688128,0.2449,0.4945,0,0.177308,0,1,1
box_detour_open,oi_face_rot_pstall_mppi,17308,256,16,0,0,1,1,1,170,0.248815,0.142964,9.89069,0,1.05166,2.36503,0.18365,31.2205,36.9029,696320,0.2761,0.3644,0,0.183989,0,1,1
box_detour_open,oi_face_rot_pstall_mppi,17315,256,16,0,0,1,1,1,185,0.241882,0.16423,10.1515,0,1.10096,2.44659,0.187914,34.7641,40.9542,757760,0.2785,0.5009,0,0.188324,0,1,1
box_detour_open,oi_face_rot_pstall_mppi,17322,256,16,0,0,1,1,1,203,0.243901,0.13879,11.3417,0,1.0508,2.11624,0.178068,36.1478,42.1294,831488,0.2647,0.6531,0,0.178456,0,1,1
box_detour_open,oi_face_rot_pstall_mppi,17329,256,16,0,0,1,1,1,180,0.235521,0.131607,10.8915,0,1.02053,2.11905,0.169503,30.5106,35.0862,737280,0.2171,0.319,0,0.169772,0,1,1
box_detour_open,oi_face_rot_pstall_mppi,17336,256,16,0,0,1,1,1,181,0.233695,0.153098,10.5316,0,1.01961,2.31839,0.178003,32.2185,37.064,741376,0.2506,0.368,0,0.178288,0,1,1
box_detour_open,oi_face_rot_pstall_mppi,17343,256,16,0,0,1,1,1,226,0.247293,0.17077,12.8965,0,1.21472,2.86713,0.176084,39.7949,45.6679,925696,0.2411,0.3445,0,0.17635,0,1,1
box_detour_open,oi_face_rot_pstall_mppi,17350,256,16,0,0,1,1,1,175,0.249907,0.143188,9.99107,0,1.10944,2.54902,0.16903,29.5802,33.9194,716800,0.2534,0.3341,0,0.169287,0,1,1
box_detour_open,oi_face_rot_pstall_mppi,17357,256,16,0,0,1,1,1,205,0.249362,0.102357,11.4232,0,1.11348,2.44649,0.165013,33.8276,38.6031,839680,0.2318,0.3399,0,0.165232,0,1,1
box_detour_open,oi_face_rot_pstall_mppi,17364,256,16,0,0,1,1,1,185,0.24534,0.134247,10.8365,0,1.1462,2.54786,0.166106,30.7296,34.8203,757760,0.2468,0.2914,0,0.166334,0,1,1
box_detour_open,oi_face_rot_pstall_mppi,17371,256,16,0,0,1,1,1,182,0.238836,0.158486,10.5885,0,1.02607,2.22958,0.177157,32.2425,37.4749,745472,0.2429,0.3134,0,0.17739,0,1,1
box_detour_open,oi_face_rot_pstall_mppi,17378,256,16,0,0,1,1,1,176,0.23949,0.139452,10.0933,0,1.05561,2.37233,0.177268,31.1992,35.9907,720896,0.2536,0.3629,0,0.177562,0,1,1
box_detour_open,oi_face_rot_pstall_mppi,17385,256,16,0,0,1,1,1,171,0.249833,0.139235,10.3623,0,1.06538,2.28126,0.159037,27.1953,30.7168,700416,0.1819,0.2879,0,0.159264,0,1,1
box_detour_open,oi_face_rot_pstall_mppi,17392,256,16,0,0,1,1,1,200,0.243214,0.137998,11.1496,0,1.07323,2.33098,0.173685,34.7371,39.632,819200,0.2451,0.2906,0,0.173929,0,1,1
box_detour_open,oi_face_rot_pstall_mppi,17399,256,16,0,0,1,1,1,181,0.247881,0.134556,9.98872,0,1.06206,2.40818,0.162846,29.4752,32.8773,741376,0.2399,0.2732,0,0.163038,0,1,1
box_detour_open,oi_face_rot_pstall_mppi,17406,256,16,0,0,1,1,1,205,0.245418,0.136067,12.1553,0,1.13092,2.5688,0.196073,40.195,47.3612,839680,0.2866,0.3349,0,0.196333,0,1,1
box_detour_open,oi_face_rot_pstall_mppi,17413,256,16,0,0,1,1,1,198,0.248541,0.135947,11.0228,0,1.09457,2.36646,0.175012,34.6524,40.2101,811008,0.2556,0.3098,0,0.175297,0,1,1
box_detour_open,oi_face_rot_pstall_mppi,17420,256,16,0,0,1,1,1,197,0.237506,0.15694,10.5559,0,1.20863,2.71451,0.179528,35.367,40.5794,806912,0.2457,0.3417,0,0.1798,0,1,1
box_detour_open,oi_face_rot_pstall_mppi,17427,256,16,0,0,1,1,1,191,0.230878,0.144572,10.7196,0,1.16818,2.79217,0.187694,35.8495,41.6603,782336,0.2554,0.3268,0,0.18797,0,1,1
box_detour_open,oi_face_rot_pstall_mppi,17434,256,16,0,0,1,1,1,171,0.234781,0.127573,10.1497,0,1.0574,2.39509,0.186151,31.8319,36.811,700416,0.2574,0.3156,0,0.186464,0,1,1
box_detour_open,oi_face_rot_pstall_mppi,17441,256,16,0,0,1,1,1,198,0.243793,0.145486,11.6051,0,1.18,2.78644,0.181087,35.8553,41.6595,811008,0.2686,0.4053,0,0.181363,0,1,1
box_detour_open,oi_face_rot_pstall_mppi,17448,256,16,0,0,1,1,1,183,0.244488,0.136173,10.9478,0,1.02896,2.05745,0.175432,32.1041,37.6742,749568,0.239,0.2744,0,0.175738,0,1,1
box_detour_open,oi_face_rot_pstall_mppi,17455,256,16,0,0,1,1,1,176,0.237816,0.0984265,9.91796,0,1.00861,2.09534,0.167846,29.5409,33.8766,720896,0.2176,0.3309,0,0.168147,0,1,1
box_detour_open,oi_face_rot_pstall_mppi,17462,256,16,0,0,1,1,1,169,0.247903,0.147804,9.70604,0,1.0365,2.17724,0.177231,29.952,34.5809,692224,0.2519,0.3563,0,0.177556,0,1,1
box_detour_open,oi_face_rot_pstall_mppi,17469,256,16,0,0,1,1,1,193,0.237308,0.111866,10.3582,0,1.124,2.49538,0.184425,35.594,41.1094,790528,0.2838,0.5309,0,0.184691,0,1,1
box_detour_open,oi_face_rot_pstall_mppi,17476,256,16,0,0,1,1,1,194,0.230268,0.145709,11.5869,0,1.07042,2.30287,0.208715,40.4907,48.7949,794624,0.3284,0.9686,0,0.209061,0,1,1
box_detour_open,oi_face_rot_pstall_mppi,17483,256,16,0,0,1,1,1,186,0.238143,0.154195,10.5068,0,1.05843,2.25642,0.186587,34.7052,40.4174,761856,0.2561,0.5903,0,0.186909,0,1,1
box_detour_open,oi_face_rot_pstall_mppi,17490,256,16,0,0,1,1,1,181,0.247452,0.104263,10.3101,0,1.06007,2.32696,0.160328,29.0193,33.333,741376,0.2017,0.2964,0,0.160627,0,1,1
box_detour_open,oi_face_rot_pstall_mppi,17497,256,16,0,0,1,1,1,186,0.238844,0.138922,11.1565,0,1.0827,2.41044,0.169742,31.572,36.3822,761856,0.2184,0.3072,0,0.170044,0,1,1
box_detour_open,oi_face_rot_pstall_mppi,17504,256,16,0,0,1,1,1,167,0.234793,0.125645,9.82021,0,0.971418,1.97603,0.175527,29.313,34.1902,684032,0.2564,0.3952,0,0.175863,0,1,1
box_detour_open,oi_face_rot_pstall_mppi,17511,256,16,0,0,1,1,1,185,0.242897,0.153709,11.2014,0,0.999765,2.08788,0.163224,30.1964,34.3917,757760,0.2431,0.2745,0,0.163471,0,1,1
box_detour_open,oi_face_rot_pstall_mppi,17518,256,16,0,0,1,1,1,173,0.249036,0.132089,10.7975,0,1.05199,2.19155,0.183656,31.7725,36.9662,708608,0.2604,0.361,0,0.184007,0,1,1
box_detour_open,oi_face_rot_pstall_mppi,17525,256,16,0,0,1,1,1,209,0.231735,0.148109,12.0884,0,1.23206,3.12151,0.180807,37.7887,43.926,856064,0.2485,1.1018,0,0.181096,0,1,1
box_detour_open,oi_face_rot_pstall_mppi,17532,256,16,0,0,1,1,1,176,0.246592,0.145662,10.3733,0,1.05681,2.26816,0.208446,36.6865,44.021,720896,0.371,0.7632,0,0.208773,0,1,1
box_detour_open,oi_face_rot_pstall_mppi,17539,256,16,0,0,1,1,1,186,0.241456,0.155281,10.9068,0,1.09484,2.39575,0.16023,29.8027,34.1399,761856,0.2524,0.2958,0,0.160475,0,1,1
box_detour_open,oi_face_rot_pstall_mppi,17546,256,16,0,0,1,1,1,192,0.240718,0.142583,10.9798,0,1.0581,2.24412,0.167916,32.2399,37.0408,786432,0.2546,0.659,0,0.168144,0,1,1
box_detour_open,oi_face_rot_pstall_mppi,17553,256,16,0,0,1,1,1,174,0.244152,0.146276,9.68409,0,1.04665,2.24145,0.165571,28.8094,32.8109,712704,0.2439,0.2893,0,0.165875,0,1,1
box_detour_open,oi_face_rot_pstall_mppi,17560,256,16,0,0,1,1,1,185,0.249759,0.13843,10.594,0,1.08304,2.40678,0.168983,31.2618,35.744,757760,0.2443,0.3328,0,0.169262,0,1,1
box_detour_open,oi_face_rot_pstall_mppi,17567,256,16,0,0,1,1,1,195,0.243485,0.126104,11.0564,0,1.17543,2.88789,0.171148,33.3738,38.1909,798720,0.2461,0.2842,0,0.171408,0,1,1
box_detour_open,oi_face_rot_pstall_mppi,17574,256,16,0,0,1,1,1,187,0.243028,0.153091,11.548,0,1.06277,2.3576,0.175257,32.773,37.8728,765952,0.2242,0.3175,0,0.175574,0,1,1
box_detour_open,oi_face_rot_pstall_mppi,17581,256,16,0,0,1,1,1,195,0.245062,0.0996361,11.162,0,1.1305,2.56011,0.172687,33.674,39.1356,798720,0.2465,0.3328,0,0.173067,0,1,1
box_detour_open,oi_face_rot_pstall_mppi,17588,256,16,0,0,1,1,1,173,0.238467,0.14858,9.76599,0,1.10092,2.4931,0.160742,27.8083,32.0581,708608,0.2176,0.2864,0,0.161034,0,1,1
box_detour_open,oi_face_rot_pstall_mppi,17595,256,16,0,0,1,1,1,185,0.245161,0.133544,10.9552,0,1.08497,2.46766,0.176559,32.6634,38.7801,757760,0.25,0.3304,0,0.176867,0,1,1
box_detour_open,oi_face_rot_pstall_mppi,17602,256,16,0,0,1,1,1,188,0.239774,0.134869,10.8677,0,1.08938,2.36294,0.168682,31.7123,36.7262,770048,0.2465,0.3122,0,0.168948,0,1,1
box_detour_open,oi_face_rot_pstall_mppi,17609,256,16,0,0,1,1,1,174,0.245801,0.105187,10.0086,0,1.02117,2.1496,0.168294,29.2832,34.0683,712704,0.2506,0.4554,0,0.168591,0,1,1
box_detour_open,oi_face_rot_pstall_mppi,17616,256,16,0,0,1,1,1,195,0.243588,0.157112,10.6965,0,1.09839,2.33599,0.168677,32.892,37.8103,798720,0.2477,0.3969,0,0.168948,0,1,1
box_detour_open,oi_face_rot_pstall_mppi,17623,256,16,0,0,1,1,1,200,0.242533,0.16339,11.477,0,1.14888,2.63963,0.191932,38.3865,44.7894,819200,0.251,1.4669,0,0.192364,0,1,1
box_detour_open,oi_face_rot_pstall_mppi,17630,256,16,0,0,1,1,1,186,0.243107,0.106794,10.3515,0,1.01652,2.1,0.16991,31.6032,37.3007,761856,0.2032,0.3335,0,0.170163,0,1,1
box_detour_open,oi_face_rot_pstall_mppi,17637,256,16,0,0,1,1,1,215,0.240526,0.135259,11.8376,0,1.18428,2.90194,0.170283,36.6109,42.3675,880640,0.2458,0.301,0,0.170558,0,1,1
box_detour_open,oi_face_rot_pstall_mppi,17644,256,16,0,0,1,1,1,181,0.24351,0.132227,10.2417,0,0.978635,2.06191,0.167655,30.3456,34.8028,741376,0.2321,0.2909,0,0.167924,0,1,1
box_detour_open,oi_face_rot_pstall_mppi,17651,256,16,0,0,1,1,1,216,0.243804,0.154588,11.4267,0,1.16156,2.62979,0.157091,33.9316,38.2883,884736,0.2238,0.2869,0,0.157298,0,1,1
box_detour_open,oi_face_rot_pstall_mppi,17658,256,16,0,0,1,1,1,202,0.233022,0.147966,11.9512,0,1.12385,2.63538,0.165639,33.459,38.074,827392,0.22,0.2963,0,0.165868,0,1,1
box_detour_open,oi_face_rot_pstall_mppi,17665,256,16,0,0,1,1,1,187,0.241396,0.160742,11.1759,0,1.00729,2.10476,0.172061,32.1755,37.0654,765952,0.2481,0.4434,0,0.172361,0,1,1
box_detour_open,oi_face_rot_pstall_mppi,17672,256,16,0,0,1,1,1,175,0.235094,0.151535,10.7167,0,1.03986,2.23002,0.165261,28.9207,33.4472,716800,0.2308,0.3167,0,0.165581,0,1,1
box_detour_open,oi_face_rot_pstall_mppi,17679,256,16,0,0,1,1,1,205,0.241296,0.160277,11.5422,0,1.10815,2.53959,0.163978,33.6155,38.6651,839680,0.2283,0.2857,0,0.164229,0,1,1
box_detour_open,oi_face_rot_pstall_mppi,17686,256,16,0,0,1,1,1,193,0.240088,0.122361,10.7173,0,1.03349,2.24308,0.188048,36.2932,42.2214,790528,0.2991,0.5272,0,0.188339,0,1,1
box_detour_open,oi_face_rot_pstall_mppi,17693,256,16,0,0,1,1,1,188,0.240531,0.14524,10.6159,0,1.06169,2.3383,0.178423,33.5436,39.0045,770048,0.2592,0.3482,0,0.17869,0,1,1
box_detour_open,oi_face_rot_pstall_mppi,17700,256,16,0,0,1,1,1,187,0.237967,0.149308,10.7421,0,1.08266,2.44771,0.15924,29.7779,33.5017,765952,0.2397,0.2833,0,0.159483,0,1,1
box_detour_open,oi_face_rot_pstall_mppi,17707,256,16,0,0,1,1,1,191,0.233387,0.140824,10.3594,0,1.09496,2.4088,0.168048,32.0972,36.7042,782336,0.2397,0.2986,0,0.168302,0,1,1
box_detour_open,oi_face_rot_pstall_mppi,17714,256,16,0,0,1,1,1,180,0.237296,0.109209,10.3182,0,1.06456,2.24009,0.165823,29.8481,34.0005,737280,0.2452,0.3233,0,0.166098,0,1,1
box_detour_open,oi_face_rot_pstall_mppi,17721,256,16,0,0,1,1,1,184,0.241565,0.156488,10.8379,0,1.03368,2.28148,0.150448,27.6825,30.5874,753664,0.2426,0.2893,0,0.150661,0,1,1
box_detour_open,oi_face_rot_pstall_mppi,17728,256,16,0,0,1,1,1,201,0.243633,0.170824,10.8937,0,1.10579,2.5368,0.152855,30.7239,34.409,823296,0.2405,0.2653,0,0.153065,0,1,1
box_detour_open,oi_face_rot_pstall_mppi,17735,256,16,0,0,1,1,1,169,0.247591,0.145989,10.427,0,1.05757,2.2766,0.153282,25.9046,28.9005,692224,0.2398,0.2908,0,0.153514,0,1,1
box_detour_open,oi_face_rot_pstall_mppi,17742,256,16,0,0,1,1,1,193,0.249342,0.149706,10.9431,0,1.05541,2.30049,0.164731,31.7931,36.2909,790528,0.2373,0.2995,0,0.164991,0,1,1
box_detour_open,oi_face_rot_pstall_mppi,17749,256,16,0,0,1,1,1,204,0.245381,0.14706,11.1141,0,1.15676,2.7817,0.16923,34.523,39.6335,835584,0.2441,0.337,0,0.169456,0,1,1
box_detour_open,oi_face_rot_wide_mppi,17056,256,16,0,0,1,1,1,198,0.234956,0.163165,11.4327,0,1.07435,2.42364,0.162637,32.2021,36.2743,811008,0.2445,0.2779,0,0.162841,0,1,1
box_detour_open,oi_face_rot_wide_mppi,17063,256,16,0,0,1,1,1,197,0.239129,0.0971402,11.1297,0,1.00707,1.95324,0.149851,29.5206,32.7709,806912,0.2394,0.5761,0,0.150035,0,1,1
box_detour_open,oi_face_rot_wide_mppi,17070,256,16,0,0,1,1,1,190,0.231801,0.139047,10.8434,0,1.04572,2.11047,0.153493,29.1637,32.8561,778240,0.2325,0.315,0,0.153728,0,1,1
box_detour_open,oi_face_rot_wide_mppi,17077,256,16,0,0,1,1,1,181,0.240091,0.135764,10.3143,0,1.05683,2.29789,0.154785,28.0161,31.5171,741376,0.2447,0.3091,0,0.155013,0,1,1
box_detour_open,oi_face_rot_wide_mppi,17084,256,16,0,0,1,1,1,179,0.231176,0.161602,10.0606,0,1.07356,2.35454,0.158676,28.403,32.007,733184,0.2433,0.3978,0,0.1589,0,1,1
box_detour_open,oi_face_rot_wide_mppi,17091,256,16,0,0,1,1,1,188,0.242275,0.159599,10.5218,0,1.13883,2.5976,0.151631,28.5066,31.9361,770048,0.2165,0.2881,0,0.15186,0,1,1
box_detour_open,oi_face_rot_wide_mppi,17098,256,16,0,0,1,1,1,215,0.239695,0.107706,12.2234,0,1.04399,2.09661,0.156923,33.7384,38.338,880640,0.2113,0.2748,0,0.157154,0,1,1
box_detour_open,oi_face_rot_wide_mppi,17105,256,16,0,0,1,1,1,186,0.234886,0.154769,10.5388,0,1.06998,2.22519,0.161577,30.0533,33.7267,761856,0.2428,0.3012,0,0.161802,0,1,1
box_detour_open,oi_face_rot_wide_mppi,17112,256,16,0,0,1,1,1,169,0.230916,0.143665,9.96965,0,0.990341,2.08742,0.160175,27.0696,30.3871,692224,0.2384,0.276,0,0.160444,0,1,1
box_detour_open,oi_face_rot_wide_mppi,17119,256,16,0,0,1,1,1,203,0.242123,0.153432,11.6945,0,1.02846,2.13501,0.166834,33.8673,38.9373,831488,0.2395,0.3009,0,0.167066,0,1,1
box_detour_open,oi_face_rot_wide_mppi,17126,256,16,0,0,1,1,1,208,0.229993,0.156671,11.7065,0,1.10052,2.46776,0.162896,33.8823,38.8695,851968,0.2331,0.3192,0,0.163286,0,1,1
box_detour_open,oi_face_rot_wide_mppi,17133,256,16,0,0,1,1,1,185,0.244472,0.155617,10.0296,0,1.07457,2.30685,0.149668,27.6886,31.0857,757760,0.2268,0.3013,0,0.149892,0,1,1
box_detour_open,oi_face_rot_wide_mppi,17140,256,16,0,0,1,1,1,180,0.238146,0.0948727,10.4837,0,1.01913,2.11329,0.167316,30.1168,35.3379,737280,0.24,0.3404,0,0.167597,0,1,1
box_detour_open,oi_face_rot_wide_mppi,17147,256,16,0,0,1,1,1,194,0.246114,0.115695,11.7442,0,1.06744,2.29273,0.155968,30.2577,34.1173,794624,0.2428,0.2791,0,0.156192,0,1,1
box_detour_open,oi_face_rot_wide_mppi,17154,256,16,0,0,1,1,1,198,0.246531,0.153958,11.406,0,1.1655,2.70053,0.155555,30.7999,34.2526,811008,0.2427,0.3031,0,0.155765,0,1,1
box_detour_open,oi_face_rot_wide_mppi,17161,256,16,0,0,1,1,1,190,0.242026,0.141419,11.6513,0,1.04899,2.25579,0.168704,32.0537,36.7776,778240,0.2488,0.3082,0,0.168936,0,1,1
box_detour_open,oi_face_rot_wide_mppi,17168,256,16,0,0,1,1,1,199,0.241748,0.162571,11.3812,0,1.11068,2.68141,0.159365,31.7136,36.0023,815104,0.23,0.2802,0,0.159712,0,1,1
box_detour_open,oi_face_rot_wide_mppi,17175,256,16,0,0,1,1,1,181,0.235213,0.154807,9.7523,0,1.10483,2.45925,0.153798,27.8374,31.0858,741376,0.2081,0.3042,0,0.154005,0,1,1
box_detour_open,oi_face_rot_wide_mppi,17182,256,16,0,0,1,1,1,181,0.24358,0.101339,10.0884,0,0.99761,2.04666,0.241842,43.7735,52.752,741376,0.3866,0.4589,0,0.242087,0,1,1
box_detour_open,oi_face_rot_wide_mppi,17189,256,16,0,0,1,1,1,179,0.239313,0.159777,10.3493,0,1.03037,2.19839,0.164639,29.4704,33.4032,733184,0.2423,0.2945,0,0.164975,0,1,1
box_detour_open,oi_face_rot_wide_mppi,17196,256,16,0,0,1,1,1,210,0.231046,0.156772,11.3624,0,1.151,2.74843,0.171988,36.1175,41.537,860160,0.2448,0.29,0,0.172215,0,1,1
box_detour_open,oi_face_rot_wide_mppi,17203,256,16,0,0,1,1,1,172,0.230259,0.134448,10.0695,0,1.0758,2.42864,0.14045,24.1574,26.5239,704512,0.1645,0.2447,0,0.140625,0,1,1
box_detour_open,oi_face_rot_wide_mppi,17210,256,16,0,0,1,1,1,188,0.236433,0.152492,10.8773,0,1.17862,2.67963,0.189087,35.5483,41.2105,770048,0.3161,0.4833,0,0.189357,0,1,1
box_detour_open,oi_face_rot_wide_mppi,17217,256,16,0,0,1,1,1,188,0.242683,0.154826,10.9481,0,1.05821,2.31518,0.158058,29.7149,33.457,770048,0.2402,0.3054,0,0.158281,0,1,1
box_detour_open,oi_face_rot_wide_mppi,17224,256,16,0,0,1,1,1,183,0.233335,0.154455,10.1775,0,1.09925,2.3774,0.144988,26.5328,29.4241,749568,0.2378,0.2839,0,0.145178,0,1,1
box_detour_open,oi_face_rot_wide_mppi,17231,256,16,0,0,1,1,1,196,0.237625,0.133737,10.4034,0,1.07175,2.39844,0.165565,32.4508,37.0057,802816,0.2451,0.3097,0,0.165809,0,1,1
box_detour_open,oi_face_rot_wide_mppi,17238,256,16,0,0,1,1,1,184,0.231982,0.163717,10.3964,0,1.07919,2.27793,0.162495,29.8991,33.6271,753664,0.241,0.2836,0,0.162716,0,1,1
box_detour_open,oi_face_rot_wide_mppi,17245,256,16,0,0,1,1,1,178,0.244508,0.104198,10.0658,0,1.03637,2.19103,0.16378,29.1528,33.0182,729088,0.2396,0.3303,0,0.164013,0,1,1
box_detour_open,oi_face_rot_wide_mppi,17252,256,16,0,0,1,1,1,183,0.240859,0.168167,10.3868,0,1.00458,2.13781,0.192872,35.2956,40.9459,749568,0.2754,0.3919,0,0.19311,0,1,1
box_detour_open,oi_face_rot_wide_mppi,17259,256,16,0,0,1,1,1,185,0.240812,0.137325,10.2077,0,1.05436,2.27779,0.154971,28.6697,32.3424,757760,0.2391,0.3387,0,0.155215,0,1,1
box_detour_open,oi_face_rot_wide_mppi,17266,256,16,0,0,1,1,1,181,0.242878,0.161661,9.85775,0,1.04437,2.22344,0.167808,30.3733,34.6326,741376,0.2372,0.3079,0,0.168052,0,1,1
box_detour_open,oi_face_rot_wide_mppi,17273,256,16,0,0,1,1,1,222,0.244016,0.131975,12.2774,0,1.27555,3.10961,0.16422,36.4569,41.2655,909312,0.2388,0.934,0,0.16446,0,1,1
box_detour_open,oi_face_rot_wide_mppi,17280,256,16,0,0,1,1,1,190,0.248884,0.107154,10.4497,0,1.09318,2.46435,0.155964,29.6331,33.0731,778240,0.244,0.2583,0,0.156169,0,1,1
box_detour_open,oi_face_rot_wide_mppi,17287,256,16,0,0,1,1,1,196,0.242121,0.140331,10.815,0,1.08269,2.41623,0.160187,31.3966,35.8303,802816,0.1973,0.3049,0,0.160404,0,1,1
box_detour_open,oi_face_rot_wide_mppi,17294,256,16,0,0,1,1,1,189,0.231928,0.146835,10.8025,0,1.09581,2.48748,0.158306,29.9199,33.6822,774144,0.2453,0.3069,0,0.158534,0,1,1
box_detour_open,oi_face_rot_wide_mppi,17301,256,16,0,0,1,1,1,168,0.237011,0.144416,9.7598,0,1.03984,2.19049,0.153613,25.807,29.2452,688128,0.1924,0.3025,0,0.15387,0,1,1
box_detour_open,oi_face_rot_wide_mppi,17308,256,16,0,0,1,1,1,170,0.248815,0.142964,9.89069,0,1.05166,2.36503,0.161027,27.3745,31.1045,696320,0.2486,0.3132,0,0.161254,0,1,1
box_detour_open,oi_face_rot_wide_mppi,17315,256,16,0,0,1,1,1,185,0.241882,0.16423,10.1515,0,1.10096,2.44659,0.171122,31.6575,36.377,757760,0.2215,0.3266,0,0.171398,0,1,1
box_detour_open,oi_face_rot_wide_mppi,17322,256,16,0,0,1,1,1,203,0.243901,0.13879,11.3417,0,1.0508,2.11624,0.170578,34.6273,39.5429,831488,0.2523,0.8686,0,0.170835,0,1,1
box_detour_open,oi_face_rot_wide_mppi,17329,256,16,0,0,1,1,1,180,0.235521,0.131607,10.8915,0,1.02053,2.11905,0.144251,25.9652,28.3403,737280,0.1724,0.2886,0,0.144419,0,1,1
box_detour_open,oi_face_rot_wide_mppi,17336,256,16,0,0,1,1,1,181,0.233695,0.153098,10.5316,0,1.01961,2.31839,0.167403,30.2999,34.9472,741376,0.205,0.2995,0,0.167708,0,1,1
box_detour_open,oi_face_rot_wide_mppi,17343,256,16,0,0,1,1,1,226,0.247293,0.17077,12.8965,0,1.21472,2.86713,0.156628,35.398,39.5436,925696,0.2411,0.2642,0,0.156886,0,1,1
box_detour_open,oi_face_rot_wide_mppi,17350,256,16,0,0,1,1,1,175,0.249907,0.143188,9.99107,0,1.10944,2.54902,0.163417,28.598,33.2541,716800,0.2395,0.2546,0,0.163688,0,1,1
box_detour_open,oi_face_rot_wide_mppi,17357,256,16,0,0,1,1,1,205,0.249362,0.102357,11.4232,0,1.11348,2.44649,0.168202,34.4815,39.3835,839680,0.2448,0.3009,0,0.168458,0,1,1
box_detour_open,oi_face_rot_wide_mppi,17364,256,16,0,0,1,1,1,185,0.24534,0.134247,10.8365,0,1.1462,2.54786,0.192275,35.5709,41.652,757760,0.2631,0.484,0,0.192537,0,1,1
box_detour_open,oi_face_rot_wide_mppi,17371,256,16,0,0,1,1,1,182,0.238836,0.158486,10.5885,0,1.02607,2.22958,0.16802,30.5797,34.7351,745472,0.2399,0.3127,0,0.168228,0,1,1
box_detour_open,oi_face_rot_wide_mppi,17378,256,16,0,0,1,1,1,176,0.23949,0.139452,10.0933,0,1.05561,2.37233,0.149605,26.3305,29.1338,720896,0.2445,0.3147,0,0.149811,0,1,1
box_detour_open,oi_face_rot_wide_mppi,17385,256,16,0,0,1,1,1,171,0.249833,0.139235,10.3623,0,1.06538,2.28126,0.16628,28.4338,32.41,700416,0.2446,0.3148,0,0.166546,0,1,1
box_detour_open,oi_face_rot_wide_mppi,17392,256,16,0,0,1,1,1,200,0.243214,0.137998,11.1496,0,1.07323,2.33098,0.159332,31.8665,36.0113,819200,0.2269,0.2593,0,0.159537,0,1,1
box_detour_open,oi_face_rot_wide_mppi,17399,256,16,0,0,1,1,1,181,0.247881,0.134556,9.98872,0,1.06206,2.40818,0.154406,27.9474,31.5079,741376,0.2431,0.2786,0,0.154633,0,1,1
box_detour_open,oi_face_rot_wide_mppi,17406,256,16,0,0,1,1,1,205,0.245418,0.136067,12.1553,0,1.13092,2.5688,0.164307,33.6829,38.5229,839680,0.2367,0.316,0,0.164532,0,1,1
box_detour_open,oi_face_rot_wide_mppi,17413,256,16,0,0,1,1,1,198,0.248541,0.135947,11.0228,0,1.09457,2.36646,0.161792,32.0348,37.1673,811008,0.2666,0.5153,0,0.162042,0,1,1
box_detour_open,oi_face_rot_wide_mppi,17420,256,16,0,0,1,1,1,197,0.237506,0.15694,10.5559,0,1.20863,2.71451,0.161227,31.7617,36.27,806912,0.238,0.3029,0,0.16146,0,1,1
box_detour_open,oi_face_rot_wide_mppi,17427,256,16,0,0,1,1,1,191,0.230878,0.144572,10.7196,0,1.16818,2.79217,0.162716,31.0788,35.5309,782336,0.2435,0.2861,0,0.162952,0,1,1
box_detour_open,oi_face_rot_wide_mppi,17434,256,16,0,0,1,1,1,171,0.234781,0.127573,10.1497,0,1.0574,2.39509,0.15772,26.9702,30.1671,700416,0.2525,0.2881,0,0.157967,0,1,1
box_detour_open,oi_face_rot_wide_mppi,17441,256,16,0,0,1,1,1,198,0.243793,0.145486,11.6051,0,1.18,2.78644,0.145139,28.7375,31.6665,811008,0.1724,0.2602,0,0.145317,0,1,1
box_detour_open,oi_face_rot_wide_mppi,17448,256,16,0,0,1,1,1,183,0.244488,0.136173,10.9478,0,1.02896,2.05745,0.170308,31.1664,35.7299,749568,0.2533,0.3133,0,0.170566,0,1,1
box_detour_open,oi_face_rot_wide_mppi,17455,256,16,0,0,1,1,1,176,0.237816,0.0984265,9.91796,0,1.00861,2.09534,0.165941,29.2056,33.7641,720896,0.2438,0.3027,0,0.16623,0,1,1
box_detour_open,oi_face_rot_wide_mppi,17462,256,16,0,0,1,1,1,169,0.247903,0.147804,9.70604,0,1.0365,2.17724,0.165964,28.048,32.3397,692224,0.2402,0.2942,0,0.166231,0,1,1
box_detour_open,oi_face_rot_wide_mppi,17469,256,16,0,0,1,1,1,193,0.237308,0.111866,10.3582,0,1.124,2.49538,0.164963,31.8379,36.4543,790528,0.2516,0.2973,0,0.16519,0,1,1
box_detour_open,oi_face_rot_wide_mppi,17476,256,16,0,0,1,1,1,194,0.230268,0.145709,11.5869,0,1.07042,2.30287,0.155901,30.2447,33.8594,794624,0.246,0.2968,0,0.15611,0,1,1
box_detour_open,oi_face_rot_wide_mppi,17483,256,16,0,0,1,1,1,186,0.238143,0.154195,10.5068,0,1.05843,2.25642,0.154148,28.6716,32.5333,761856,0.2296,0.2703,0,0.154396,0,1,1
box_detour_open,oi_face_rot_wide_mppi,17490,256,16,0,0,1,1,1,181,0.247452,0.104263,10.3101,0,1.06007,2.32696,0.161383,29.2103,33.2149,741376,0.2377,0.2657,0,0.161645,0,1,1
box_detour_open,oi_face_rot_wide_mppi,17497,256,16,0,0,1,1,1,186,0.238844,0.138922,11.1565,0,1.0827,2.41044,0.161787,30.0923,34.6895,761856,0.2206,0.3,0,0.162033,0,1,1
box_detour_open,oi_face_rot_wide_mppi,17504,256,16,0,0,1,1,1,167,0.234793,0.125645,9.82021,0,0.971418,1.97603,0.149572,24.9785,27.5663,684032,0.2433,0.3159,0,0.149756,0,1,1
box_detour_open,oi_face_rot_wide_mppi,17511,256,16,0,0,1,1,1,185,0.242897,0.153709,11.2014,0,0.999765,2.08788,0.167645,31.0144,36.162,757760,0.2392,0.2799,0,0.167895,0,1,1
box_detour_open,oi_face_rot_wide_mppi,17518,256,16,0,0,1,1,1,173,0.249036,0.132089,10.7975,0,1.05199,2.19155,0.161821,27.9951,32.0925,708608,0.2461,0.3206,0,0.162072,0,1,1
box_detour_open,oi_face_rot_wide_mppi,17525,256,16,0,0,1,1,1,209,0.231735,0.148109,12.0884,0,1.23206,3.12151,0.15241,31.8538,35.4026,856064,0.2409,0.3468,0,0.152611,0,1,1
box_detour_open,oi_face_rot_wide_mppi,17532,256,16,0,0,1,1,1,176,0.246592,0.145662,10.3733,0,1.05681,2.26816,0.164204,28.8999,33.1617,720896,0.2471,0.2963,0,0.164491,0,1,1
box_detour_open,oi_face_rot_wide_mppi,17539,256,16,0,0,1,1,1,186,0.241456,0.155281,10.9068,0,1.09484,2.39575,0.171954,31.9835,36.5197,761856,0.2462,0.6466,0,0.172317,0,1,1
box_detour_open,oi_face_rot_wide_mppi,17546,256,16,0,0,1,1,1,192,0.240718,0.142583,10.9798,0,1.0581,2.24412,0.179728,34.5077,40.0576,786432,0.2569,0.4127,0,0.179984,0,1,1
box_detour_open,oi_face_rot_wide_mppi,17553,256,16,0,0,1,1,1,174,0.244152,0.146276,9.68409,0,1.04665,2.24145,0.169199,29.4406,34.0947,712704,0.2428,0.3959,0,0.169517,0,1,1
box_detour_open,oi_face_rot_wide_mppi,17560,256,16,0,0,1,1,1,185,0.249759,0.13843,10.594,0,1.08304,2.40678,0.164291,30.3938,34.9243,757760,0.2366,0.3413,0,0.164574,0,1,1
box_detour_open,oi_face_rot_wide_mppi,17567,256,16,0,0,1,1,1,195,0.243485,0.126104,11.0564,0,1.17543,2.88789,0.158495,30.9066,35.1492,798720,0.1991,0.2794,0,0.158712,0,1,1
box_detour_open,oi_face_rot_wide_mppi,17574,256,16,0,0,1,1,1,187,0.243028,0.153091,11.548,0,1.06277,2.3576,0.159357,29.7998,34.075,765952,0.2373,0.3649,0,0.159618,0,1,1
box_detour_open,oi_face_rot_wide_mppi,17581,256,16,0,0,1,1,1,195,0.245062,0.0996361,11.162,0,1.1305,2.56011,0.153997,30.0294,33.6244,798720,0.2421,0.2941,0,0.154228,0,1,1
box_detour_open,oi_face_rot_wide_mppi,17588,256,16,0,0,1,1,1,173,0.238467,0.14858,9.76599,0,1.10092,2.4931,0.15235,26.3565,29.544,708608,0.2409,0.2637,0,0.152581,0,1,1
box_detour_open,oi_face_rot_wide_mppi,17595,256,16,0,0,1,1,1,185,0.245161,0.133544,10.9552,0,1.08497,2.46766,0.174886,32.354,37.6791,757760,0.2557,0.4752,0,0.17517,0,1,1
box_detour_open,oi_face_rot_wide_mppi,17602,256,16,0,0,1,1,1,188,0.239774,0.134869,10.8677,0,1.08938,2.36294,0.176618,33.2042,38.2797,770048,0.2342,0.2672,0,0.176904,0,1,1
box_detour_open,oi_face_rot_wide_mppi,17609,256,16,0,0,1,1,1,174,0.245801,0.105187,10.0086,0,1.02117,2.1496,0.166913,29.0428,33.6133,712704,0.2585,0.5884,0,0.167227,0,1,1
box_detour_open,oi_face_rot_wide_mppi,17616,256,16,0,0,1,1,1,195,0.243588,0.157112,10.6965,0,1.09839,2.33599,0.165156,32.2054,37.1522,798720,0.2453,0.3061,0,0.16543,0,1,1
box_detour_open,oi_face_rot_wide_mppi,17623,256,16,0,0,1,1,1,200,0.242533,0.16339,11.477,0,1.14888,2.63963,0.167309,33.4618,38.3716,819200,0.2465,0.2973,0,0.167586,0,1,1
box_detour_open,oi_face_rot_wide_mppi,17630,256,16,0,0,1,1,1,186,0.243107,0.106794,10.3515,0,1.01652,2.1,0.164125,30.5273,35.6268,761856,0.2015,0.3159,0,0.164435,0,1,1
box_detour_open,oi_face_rot_wide_mppi,17637,256,16,0,0,1,1,1,215,0.240526,0.135259,11.8376,0,1.18428,2.90194,0.156747,33.7007,38.1713,880640,0.2297,0.2799,0,0.157033,0,1,1
box_detour_open,oi_face_rot_wide_mppi,17644,256,16,0,0,1,1,1,181,0.24351,0.132227,10.2417,0,0.978635,2.06191,0.183899,33.2857,39.2073,741376,0.2492,0.3038,0,0.184365,0,1,1
box_detour_open,oi_face_rot_wide_mppi,17651,256,16,0,0,1,1,1,216,0.243804,0.154588,11.4267,0,1.16156,2.62979,0.161596,34.9048,39.9043,884736,0.2482,0.3392,0,0.161892,0,1,1
box_detour_open,oi_face_rot_wide_mppi,17658,256,16,0,0,1,1,1,202,0.233022,0.147966,11.9512,0,1.12385,2.63538,0.170036,34.3472,39.9015,827392,0.2432,0.2913,0,0.170304,0,1,1
box_detour_open,oi_face_rot_wide_mppi,17665,256,16,0,0,1,1,1,187,0.241396,0.160742,11.1759,0,1.00729,2.10476,0.168673,31.5418,36.3758,765952,0.2345,0.2843,0,0.168961,0,1,1
box_detour_open,oi_face_rot_wide_mppi,17672,256,16,0,0,1,1,1,175,0.235094,0.151535,10.7167,0,1.03986,2.23002,0.166941,29.2146,33.515,716800,0.2451,0.3761,0,0.167205,0,1,1
box_detour_open,oi_face_rot_wide_mppi,17679,256,16,0,0,1,1,1,205,0.241296,0.160277,11.5422,0,1.10815,2.53959,0.171665,35.1914,41.0078,839680,0.2297,0.3365,0,0.171946,0,1,1
box_detour_open,oi_face_rot_wide_mppi,17686,256,16,0,0,1,1,1,193,0.240088,0.122361,10.7173,0,1.03349,2.24308,0.156766,30.2558,34.4964,790528,0.2139,0.2773,0,0.157046,0,1,1
box_detour_open,oi_face_rot_wide_mppi,17693,256,16,0,0,1,1,1,188,0.240531,0.14524,10.6159,0,1.06169,2.3383,0.161724,30.4041,34.5713,770048,0.2298,0.6002,0,0.161973,0,1,1
box_detour_open,oi_face_rot_wide_mppi,17700,256,16,0,0,1,1,1,187,0.237967,0.149308,10.7421,0,1.08266,2.44771,0.158926,29.7191,33.8967,765952,0.2339,0.2781,0,0.159136,0,1,1
box_detour_open,oi_face_rot_wide_mppi,17707,256,16,0,0,1,1,1,191,0.233387,0.140824,10.3594,0,1.09496,2.4088,0.161282,30.8049,35.252,782336,0.214,0.2824,0,0.161519,0,1,1
box_detour_open,oi_face_rot_wide_mppi,17714,256,16,0,0,1,1,1,180,0.237296,0.109209,10.3182,0,1.06456,2.24009,0.172032,30.9657,35.6219,737280,0.246,0.3074,0,0.172308,0,1,1
box_detour_open,oi_face_rot_wide_mppi,17721,256,16,0,0,1,1,1,184,0.241565,0.156488,10.8379,0,1.03368,2.28148,0.159445,29.3379,33.6948,753664,0.2218,0.2894,0,0.15973,0,1,1
box_detour_open,oi_face_rot_wide_mppi,17728,256,16,0,0,1,1,1,201,0.243633,0.170824,10.8937,0,1.10579,2.5368,0.169695,34.1088,39.2107,823296,0.2489,0.4596,0,0.169939,0,1,1
box_detour_open,oi_face_rot_wide_mppi,17735,256,16,0,0,1,1,1,169,0.247591,0.145989,10.427,0,1.05757,2.2766,0.176883,29.8932,35.0305,692224,0.2373,0.3412,0,0.177351,0,1,1
box_detour_open,oi_face_rot_wide_mppi,17742,256,16,0,0,1,1,1,193,0.249342,0.149706,10.9431,0,1.05541,2.30049,0.167534,32.3341,37.2204,790528,0.2376,0.3314,0,0.167816,0,1,1
box_detour_open,oi_face_rot_wide_mppi,17749,256,16,0,0,1,1,1,204,0.245381,0.14706,11.1141,0,1.15676,2.7817,0.163383,33.3301,38.2007,835584,0.1997,0.2943,0,0.163629,0,1,1
box_detour_wall,oi_face_rot_anchor_mppi,17056,256,16,0,0,1,1,1,110,0.24885,0.0273916,10.2861,0,0.840549,1.27702,0.210067,23.1074,26.2568,450560,0.2478,0.2943,0,0.210402,0,1,1
box_detour_wall,oi_face_rot_anchor_mppi,17063,256,16,0,0,1,1,1,111,0.238159,0.0205237,10.5564,0,0.835673,1.49325,0.257879,28.6246,33.6284,454656,0.3749,0.5141,0,0.25825,0,1,1
box_detour_wall,oi_face_rot_anchor_mppi,17070,256,16,0,0,1,1,1,124,0.233244,0.0682593,11.3709,0,0.95928,1.78899,0.199283,24.7111,27.4695,507904,0.2744,0.3492,0,0.199581,0,1,1
box_detour_wall,oi_face_rot_anchor_mppi,17077,256,16,0,0,1,1,1,141,0.231861,0.11995,13.3136,0,0.771939,1.21977,0.204482,28.832,32.4969,577536,0.2911,0.3513,0,0.204713,0,1,1
box_detour_wall,oi_face_rot_anchor_mppi,17084,256,16,0,0,1,1,1,106,0.229733,0.113143,10.0173,0,0.770368,1.19729,0.208146,22.0635,24.7272,434176,0.2838,0.318,0,0.20852,0,1,1
box_detour_wall,oi_face_rot_anchor_mppi,17091,256,16,0,0,1,1,1,120,0.23027,0.0300249,11.5436,0,0.697122,0.971168,0.224025,26.883,30.6681,491520,0.3082,0.4016,0,0.224356,0,1,1
box_detour_wall,oi_face_rot_anchor_mppi,17098,256,16,0,0,1,1,1,137,0.237286,0.114847,11.5432,0,0.96201,2.00832,0.206504,28.291,31.806,561152,0.2956,0.3272,0,0.206919,0,1,1
box_detour_wall,oi_face_rot_anchor_mppi,17105,256,16,0,0,1,1,1,143,0.239498,0.0609563,13.7605,0,0.764912,1.14256,0.213966,30.5971,34.6992,585728,0.272,0.3178,0,0.214427,0,1,1
box_detour_wall,oi_face_rot_anchor_mppi,17112,256,16,0,0,1,1,1,115,0.244812,0.0324384,11.0061,0,0.861856,1.46238,0.213243,24.5229,27.7825,471040,0.3114,0.5032,0,0.213605,0,1,1
box_detour_wall,oi_face_rot_anchor_mppi,17119,256,16,0,0,1,1,1,104,0.235279,0.0337606,9.67495,0,0.803978,1.23119,0.200108,20.8112,23.1333,425984,0.2891,0.3305,0,0.200415,0,1,1
box_detour_wall,oi_face_rot_anchor_mppi,17126,256,16,0,0,1,1,1,129,0.247188,0.040043,12.1605,0,0.857316,1.67749,0.197918,25.5314,28.1049,528384,0.2834,0.3173,0,0.198181,0,1,1
box_detour_wall,oi_face_rot_anchor_mppi,17133,256,16,0,0,1,1,1,113,0.237373,0.111807,10.6379,0,0.902266,1.60117,0.194196,21.9442,24.1874,462848,0.2996,0.4757,0,0.194499,0,1,1
box_detour_wall,oi_face_rot_anchor_mppi,17140,256,16,0,0,1,1,1,154,0.24459,0.103497,13.7262,0,0.871894,1.48607,0.209319,32.2352,36.3655,630784,0.261,0.3817,0,0.209655,0,1,1
box_detour_wall,oi_face_rot_anchor_mppi,17147,256,16,0,0,1,1,1,147,0.227643,0.0963356,12.3724,0,1.02846,2.14247,0.197974,29.1022,32.5023,602112,0.2714,0.3508,0,0.198257,0,1,1
box_detour_wall,oi_face_rot_anchor_mppi,17154,256,16,0,0,1,1,1,163,0.24691,0.0820456,13.974,0,0.777562,1.3492,0.198717,32.3909,35.6162,667648,0.2696,0.3111,0,0.198987,0,1,1
box_detour_wall,oi_face_rot_anchor_mppi,17161,256,16,0,0,1,1,1,120,0.24199,0.0700473,11.3998,0,0.717807,1.10334,0.209723,25.1668,28.3502,491520,0.3007,0.7668,0,0.210042,0,1,1
box_detour_wall,oi_face_rot_anchor_mppi,17168,256,16,0,0,1,1,1,120,0.242551,0.053411,11.0456,0,0.899563,1.56952,0.204735,24.5682,27.7745,491520,0.2747,0.3628,0,0.20508,0,1,1
box_detour_wall,oi_face_rot_anchor_mppi,17175,256,16,0,0,1,1,1,129,0.223427,0.0791738,10.7738,0,0.817874,1.48343,0.201161,25.9498,29.1187,528384,0.262,0.3011,0,0.201438,0,1,1
box_detour_wall,oi_face_rot_anchor_mppi,17182,256,16,0,0,1,1,1,111,0.243458,0.0284674,10.5801,0,0.763925,1.24753,0.187925,20.8597,23.4566,454656,0.2158,0.2654,0,0.188279,0,1,1
box_detour_wall,oi_face_rot_anchor_mppi,17189,256,16,0,0,1,1,1,132,0.235107,0.0739691,12.6649,0,0.782175,1.21671,0.199414,26.3227,29.0613,540672,0.3086,0.3268,0,0.199705,0,1,1
box_detour_wall,oi_face_rot_anchor_mppi,17196,256,16,0,0,1,1,1,147,0.225908,0.0981459,12.5163,0,1.01304,2.03236,0.204146,30.0094,33.8196,602112,0.2861,0.347,0,0.204451,0,1,1
box_detour_wall,oi_face_rot_anchor_mppi,17203,256,16,0,0,1,1,1,124,0.249561,0.0722316,11.9324,0,0.742613,1.14569,0.197013,24.4296,27.3538,507904,0.2716,0.3265,0,0.197306,0,1,1
box_detour_wall,oi_face_rot_anchor_mppi,17210,256,16,0,0,1,1,1,111,0.239414,0.108926,10.476,0,0.790476,1.29938,0.186515,20.7032,22.7653,454656,0.2258,0.2429,0,0.186821,0,1,1
box_detour_wall,oi_face_rot_anchor_mppi,17217,256,16,0,0,1,1,1,109,0.234734,0.0658724,10.3291,0,0.831801,1.25349,0.197405,21.5171,23.8956,446464,0.2874,0.3562,0,0.197762,0,1,1
box_detour_wall,oi_face_rot_anchor_mppi,17224,256,16,0,0,1,1,1,135,0.235508,0.0120259,11.3626,0,0.929374,1.88169,0.191267,25.821,28.4358,552960,0.2881,0.3323,0,0.191507,0,1,1
box_detour_wall,oi_face_rot_anchor_mppi,17231,256,16,0,0,1,1,1,114,0.248036,0.0383676,10.829,0,0.756003,1.16582,0.197856,22.5556,25.0234,466944,0.2947,0.3103,0,0.198128,0,1,1
box_detour_wall,oi_face_rot_anchor_mppi,17238,256,16,0,0,1,1,1,130,0.235931,0.115619,11.8745,0,0.930025,1.84497,0.19074,24.7962,27.3632,532480,0.2746,0.3238,0,0.191018,0,1,1
box_detour_wall,oi_face_rot_anchor_mppi,17245,256,16,0,0,1,1,1,122,0.240484,0.0298696,11.3129,0,0.914859,1.84883,0.185542,22.6361,24.7149,499712,0.2203,0.3073,0,0.185784,0,1,1
box_detour_wall,oi_face_rot_anchor_mppi,17252,256,16,0,0,1,1,1,109,0.235353,0.0514886,10.2474,0,0.868952,1.7914,0.191659,20.8908,23.0112,446464,0.272,0.2977,0,0.191961,0,1,1
box_detour_wall,oi_face_rot_anchor_mppi,17259,256,16,0,0,1,1,1,141,0.232112,0.0784542,11.9337,0,0.834001,1.46179,0.202453,28.5459,31.9852,577536,0.2883,0.3307,0,0.202938,0,1,1
box_detour_wall,oi_face_rot_anchor_mppi,17266,256,16,0,0,1,1,1,115,0.228454,0.0426889,11.034,0,0.799601,1.362,0.204663,23.5362,26.4579,471040,0.2807,0.3199,0,0.204977,0,1,1
box_detour_wall,oi_face_rot_anchor_mppi,17273,256,16,0,0,1,1,1,123,0.240507,0.00874132,12.0599,0,0.779465,1.24392,0.210072,25.8389,29.0309,503808,0.2745,0.3299,0,0.210376,0,1,1
box_detour_wall,oi_face_rot_anchor_mppi,17280,256,16,0,0,1,1,1,114,0.227016,0.0981093,11.1574,0,0.764878,1.12985,0.1956,22.2984,24.7285,466944,0.2953,0.3482,0,0.195961,0,1,1
box_detour_wall,oi_face_rot_anchor_mppi,17287,256,16,0,0,1,1,1,109,0.234273,0.00449344,10.6102,0,0.77046,1.04247,0.19828,21.6125,23.9823,446464,0.2866,0.3324,0,0.198716,0,1,1
box_detour_wall,oi_face_rot_anchor_mppi,17294,256,16,0,0,1,1,1,112,0.226284,0.0373898,10.5908,0,0.911232,2.01276,0.208459,23.3474,26.4614,458752,0.2718,0.3224,0,0.208795,0,1,1
box_detour_wall,oi_face_rot_anchor_mppi,17301,256,16,0,0,1,1,1,126,0.245038,0.0964004,10.9016,0,0.895912,1.55577,0.20901,26.3352,30.1167,516096,0.2689,0.3184,0,0.209293,0,1,1
box_detour_wall,oi_face_rot_anchor_mppi,17308,256,16,0,0,1,1,1,125,0.233949,0.0427501,11.607,0,0.899818,1.61085,0.193292,24.1615,26.6563,512000,0.2553,0.325,0,0.193555,0,1,1
box_detour_wall,oi_face_rot_anchor_mppi,17315,256,16,0,0,1,1,1,134,0.242039,0.0964357,12.2562,0,0.95426,1.96602,0.189056,25.3335,27.7959,548864,0.2647,0.3097,0,0.189289,0,1,1
box_detour_wall,oi_face_rot_anchor_mppi,17322,256,16,0,0,1,1,1,124,0.234723,0.108168,10.7623,0,0.888489,1.53438,0.199067,24.6843,27.499,507904,0.3007,0.3668,0,0.199355,0,1,1
box_detour_wall,oi_face_rot_anchor_mppi,17329,256,16,0,0,1,1,1,145,0.238465,0.0190256,13.0082,0,0.782861,1.1629,0.19555,28.3547,31.9347,593920,0.2784,0.3067,0,0.195837,0,1,1
box_detour_wall,oi_face_rot_anchor_mppi,17336,256,16,0,0,1,1,1,130,0.240039,0.131296,12.2869,0,0.791805,1.22406,0.204572,26.5944,29.7687,532480,0.2917,0.3298,0,0.204895,0,1,1
box_detour_wall,oi_face_rot_anchor_mppi,17343,256,16,0,0,1,1,1,139,0.237922,0.104912,12.9476,0,0.894479,1.64961,0.216414,30.0816,34.0975,569344,0.2884,0.4396,0,0.216704,0,1,1
box_detour_wall,oi_face_rot_anchor_mppi,17350,256,16,0,0,1,1,1,103,0.238339,0.0995399,9.42764,0,0.832984,1.3932,0.211319,21.7659,24.6439,421888,0.2993,0.4904,0,0.211696,0,1,1
box_detour_wall,oi_face_rot_anchor_mppi,17357,256,16,0,0,1,1,1,109,0.245611,0.0272215,10.4833,0,0.794821,1.33062,0.207638,22.6326,25.4021,446464,0.2796,0.5237,0,0.208211,0,1,1
box_detour_wall,oi_face_rot_anchor_mppi,17364,256,16,0,0,1,1,1,123,0.248898,0.0105812,10.2051,0,0.841009,1.38167,0.188824,23.2253,26.159,503808,0.2287,0.2742,0,0.189168,0,1,1
box_detour_wall,oi_face_rot_anchor_mppi,17371,256,16,0,0,1,1,1,114,0.240184,0.0693368,10.3899,0,0.892522,1.87145,0.204448,23.3071,26.2299,466944,0.2712,0.3701,0,0.204783,0,1,1
box_detour_wall,oi_face_rot_anchor_mppi,17378,256,16,0,0,1,1,1,133,0.24406,0.0087359,11.2163,0,0.824339,1.37653,0.216228,28.7583,32.4,544768,0.2967,0.3639,0,0.216574,0,1,1
box_detour_wall,oi_face_rot_anchor_mppi,17385,256,16,0,0,1,1,1,104,0.247104,0.0690339,10.0244,0,0.732492,1.02649,0.216265,22.4916,25.5496,425984,0.302,0.3717,0,0.21667,0,1,1
box_detour_wall,oi_face_rot_anchor_mppi,17392,256,16,0,0,1,1,1,111,0.229128,0.0440456,10.5582,0,0.700718,0.891623,0.208275,23.1185,26.3009,454656,0.252,0.3124,0,0.208641,0,1,1
box_detour_wall,oi_face_rot_anchor_mppi,17399,256,16,0,0,1,1,1,139,0.234865,0.0744635,12.2867,0,0.873769,1.5632,0.202815,28.1913,31.8213,569344,0.2444,0.2862,0,0.203099,0,1,1
box_detour_wall,oi_face_rot_anchor_mppi,17406,256,16,0,0,1,1,1,116,0.226143,0.0795381,10.9965,0,0.817434,1.51132,0.244215,28.329,32.212,475136,0.3257,1.771,0,0.244562,0,1,1
box_detour_wall,oi_face_rot_anchor_mppi,17413,256,16,0,0,1,1,1,113,0.239561,0.107608,10.6811,0,0.772887,1.09945,0.206045,23.2831,25.976,462848,0.2898,0.3049,0,0.206359,0,1,1
box_detour_wall,oi_face_rot_anchor_mppi,17420,256,16,0,0,1,1,1,112,0.24346,0.0249092,10.7889,0,0.85809,1.40787,0.211054,23.638,26.9161,458752,0.2718,0.435,0,0.211421,0,1,1
box_detour_wall,oi_face_rot_anchor_mppi,17427,256,16,0,0,1,1,1,134,0.232389,0.159308,12.3772,0,0.881521,1.59592,0.206851,27.718,32.1249,548864,0.2663,0.347,0,0.207149,0,1,1
box_detour_wall,oi_face_rot_anchor_mppi,17434,256,16,0,0,1,1,1,131,0.22466,0.0693339,11.498,0,0.821302,1.38132,0.206545,27.0574,30.1418,536576,0.2852,0.333,0,0.206846,0,1,1
box_detour_wall,oi_face_rot_anchor_mppi,17441,256,16,0,0,1,1,1,110,0.241748,0.00593339,10.4919,0,0.724488,1.12046,0.206789,22.7468,25.5291,450560,0.2746,0.2949,0,0.207097,0,1,1
box_detour_wall,oi_face_rot_anchor_mppi,17448,256,16,0,0,1,1,1,136,0.229595,0.115636,12.8669,0,0.86264,1.45074,0.203032,27.6123,30.4733,557056,0.2434,0.2902,0,0.203295,0,1,1
box_detour_wall,oi_face_rot_anchor_mppi,17455,256,16,0,0,1,1,1,110,0.247734,0.110062,10.1357,0,0.753998,1.27901,0.204051,22.4456,25.4321,450560,0.2745,0.3097,0,0.204431,0,1,1
box_detour_wall,oi_face_rot_anchor_mppi,17462,256,16,0,0,1,1,1,155,0.246347,0.0167069,13.2753,0,0.878056,1.47925,0.209766,32.5138,36.5478,634880,0.2796,0.3623,0,0.210074,0,1,1
box_detour_wall,oi_face_rot_anchor_mppi,17469,256,16,0,0,1,1,1,138,0.234444,0.0314503,11.8843,0,0.880421,1.52895,0.196329,27.0934,30.0395,565248,0.2825,0.3452,0,0.196573,0,1,1
box_detour_wall,oi_face_rot_anchor_mppi,17476,256,16,0,0,1,1,1,129,0.239985,0.0525512,11.1725,0,0.879576,1.65611,0.189719,24.4738,27.2364,528384,0.2893,0.3143,0,0.190089,0,1,1
box_detour_wall,oi_face_rot_anchor_mppi,17483,256,16,0,0,1,1,1,107,0.247239,0.145502,10.1765,0,0.723551,0.954105,0.196413,21.0162,23.3913,438272,0.2726,0.3325,0,0.196697,0,1,1
box_detour_wall,oi_face_rot_anchor_mppi,17490,256,16,0,0,1,1,1,138,0.225387,0.000281529,13.0774,0,0.830043,1.44839,0.207193,28.5927,32.5138,565248,0.2786,0.7475,0,0.207488,0,1,1
box_detour_wall,oi_face_rot_anchor_mppi,17497,256,16,0,0,1,1,1,135,0.226046,0.0770322,12.1331,0,0.800672,1.27695,0.219882,29.6841,34.2168,552960,0.3084,0.4876,0,0.220228,0,1,1
box_detour_wall,oi_face_rot_anchor_mppi,17504,256,16,0,0,1,1,1,110,0.241785,0.0392749,10.2942,0,0.776439,1.12948,0.207306,22.8037,25.6228,450560,0.2633,0.3287,0,0.207688,0,1,1
box_detour_wall,oi_face_rot_anchor_mppi,17511,256,16,0,0,1,1,1,131,0.231888,0.000803329,10.7247,0,0.911132,1.70036,0.205165,26.8766,30.4332,536576,0.2656,0.2865,0,0.205509,0,1,1
box_detour_wall,oi_face_rot_anchor_mppi,17518,256,16,0,0,1,1,1,132,0.249866,0.071595,12.5535,0,0.659429,0.858793,0.208805,27.5623,30.7785,540672,0.2648,0.3022,0,0.209099,0,1,1
box_detour_wall,oi_face_rot_anchor_mppi,17525,256,16,0,0,1,1,1,121,0.240991,0.0921803,11.6729,0,0.655761,0.815223,0.209526,25.3527,28.3969,495616,0.2586,0.3364,0,0.209812,0,1,1
box_detour_wall,oi_face_rot_anchor_mppi,17532,256,16,0,0,1,1,1,117,0.246052,0.0175937,9.76255,0,0.886738,1.45235,0.215432,25.2056,28.848,479232,0.2686,0.3028,0,0.215771,0,1,1
box_detour_wall,oi_face_rot_anchor_mppi,17539,256,16,0,0,1,1,1,120,0.248073,0.114741,11.617,0,0.801724,1.16418,0.204794,24.5753,27.4401,491520,0.265,0.3744,0,0.205081,0,1,1
box_detour_wall,oi_face_rot_anchor_mppi,17546,256,16,0,0,1,1,1,131,0.238008,0.144464,12.8954,0,0.779311,1.26533,0.210912,27.6295,31.1596,536576,0.2907,0.3185,0,0.211204,0,1,1
box_detour_wall,oi_face_rot_anchor_mppi,17553,256,16,0,0,1,1,1,144,0.225885,0.0186331,13.5303,0,0.758199,1.2299,0.210078,30.2513,34.5118,589824,0.2677,0.3914,0,0.210401,0,1,1
box_detour_wall,oi_face_rot_anchor_mppi,17560,256,16,0,0,1,1,1,136,0.22906,0.067831,12.7214,0,0.897444,1.68635,0.211637,28.7826,32.6799,557056,0.253,0.3217,0,0.211966,0,1,1
box_detour_wall,oi_face_rot_anchor_mppi,17567,256,16,0,0,1,1,1,108,0.241763,0.085789,10.3263,0,0.82577,1.4097,0.202408,21.8601,24.6216,442368,0.2557,0.3046,0,0.202808,0,1,1
box_detour_wall,oi_face_rot_anchor_mppi,17574,256,16,0,0,1,1,1,107,0.238588,0.0577111,9.99883,0,0.904539,1.70949,0.213821,22.8788,25.8322,438272,0.3242,0.3892,0,0.214155,0,1,1
box_detour_wall,oi_face_rot_anchor_mppi,17581,256,16,0,0,1,1,1,112,0.227497,0.0896599,10.6284,0,0.790808,1.30088,0.196994,22.0633,24.8883,458752,0.2516,0.3072,0,0.197382,0,1,1
box_detour_wall,oi_face_rot_anchor_mppi,17588,256,16,0,0,1,1,1,130,0.221696,0.0706202,11.2243,0,0.840821,1.35684,0.205408,26.703,30.7455,532480,0.2768,0.3048,0,0.205727,0,1,1
box_detour_wall,oi_face_rot_anchor_mppi,17595,256,16,0,0,1,1,1,165,0.239466,0.0511874,14.1859,0,0.798973,1.32034,0.20373,33.6154,37.7306,675840,0.2733,0.3436,0,0.204056,0,1,1
box_detour_wall,oi_face_rot_anchor_mppi,17602,256,16,0,0,1,1,1,126,0.227683,0.131824,11.803,0,0.741393,1.08947,0.210653,26.5423,29.3958,516096,0.2754,0.8113,0,0.210965,0,1,1
box_detour_wall,oi_face_rot_anchor_mppi,17609,256,16,0,0,1,1,1,110,0.248869,0.0632333,10.6413,0,0.739404,1.143,0.200438,22.0482,24.7376,450560,0.2974,0.426,0,0.200839,0,1,1
box_detour_wall,oi_face_rot_anchor_mppi,17616,256,16,0,0,1,1,1,143,0.238534,0.0518458,12.4851,0,0.881124,1.69108,0.210918,30.1613,34.0416,585728,0.2925,0.8385,0,0.21122,0,1,1
box_detour_wall,oi_face_rot_anchor_mppi,17623,256,16,0,0,1,1,1,128,0.240688,0.0155488,10.9979,0,0.920427,1.97522,0.203984,26.11,29.3794,524288,0.2828,0.3144,0,0.204327,0,1,1
box_detour_wall,oi_face_rot_anchor_mppi,17630,256,16,0,0,1,1,1,117,0.231519,0.137078,10.707,0,1.00337,2.19611,0.194383,22.7428,25.3409,479232,0.2594,0.3316,0,0.194677,0,1,1
box_detour_wall,oi_face_rot_anchor_mppi,17637,256,16,0,0,1,1,1,116,0.236479,0.0275141,10.978,0,0.728168,1.12948,0.193331,22.4264,25.1786,475136,0.241,0.3062,0,0.193622,0,1,1
box_detour_wall,oi_face_rot_anchor_mppi,17644,256,16,0,0,1,1,1,145,0.248125,0.0347147,12.4922,0,0.910781,1.70466,0.201525,29.2212,32.6045,593920,0.2383,0.3238,0,0.201817,0,1,1
box_detour_wall,oi_face_rot_anchor_mppi,17651,256,16,0,0,1,1,1,137,0.242154,0.0799681,13.7058,0,0.816901,1.32089,0.194525,26.6499,29.2013,561152,0.289,0.3045,0,0.194739,0,1,1
box_detour_wall,oi_face_rot_anchor_mppi,17658,256,16,0,0,1,1,1,126,0.222504,0.0630869,10.4675,0,0.922305,1.76881,0.202249,25.4834,28.8127,516096,0.2437,0.3227,0,0.202542,0,1,1
box_detour_wall,oi_face_rot_anchor_mppi,17665,256,16,0,0,1,1,1,154,0.247914,0.0631402,13.7857,0,0.824554,1.42722,0.204794,31.5383,34.8656,630784,0.2925,0.3895,0,0.205064,0,1,1
box_detour_wall,oi_face_rot_anchor_mppi,17672,256,16,0,0,1,1,1,129,0.222953,0.0339667,10.9177,0,0.902319,1.71365,0.210432,27.1457,30.9127,528384,0.2826,0.3153,0,0.210753,0,1,1
box_detour_wall,oi_face_rot_anchor_mppi,17679,256,16,0,0,1,1,1,137,0.249011,0.090009,11.603,0,0.860375,1.53554,0.204215,27.9775,31.9277,561152,0.2709,0.3292,0,0.204536,0,1,1
box_detour_wall,oi_face_rot_anchor_mppi,17686,256,16,0,0,1,1,1,126,0.239176,0.107652,12.2366,0,0.741125,0.963661,0.206789,26.0554,29.4591,516096,0.2856,0.3564,0,0.207086,0,1,1
box_detour_wall,oi_face_rot_anchor_mppi,17693,256,16,0,0,1,1,1,162,0.245947,0.0395106,14.9,0,0.927477,1.79761,0.19459,31.5236,34.7206,663552,0.2711,0.3362,0,0.194839,0,1,1
box_detour_wall,oi_face_rot_anchor_mppi,17700,256,16,0,0,1,1,1,113,0.228329,0.0233213,10.6479,0,0.929741,1.94714,0.21065,23.8034,26.5538,462848,0.2843,0.3249,0,0.210909,0,1,1
box_detour_wall,oi_face_rot_anchor_mppi,17707,256,16,0,0,1,1,1,105,0.246988,0.0600873,9.92942,0,0.836444,1.30471,0.190774,20.0313,21.9419,430080,0.2604,0.2943,0,0.19104,0,1,1
box_detour_wall,oi_face_rot_anchor_mppi,17714,256,16,0,0,1,1,1,130,0.239776,0.106937,12.519,0,0.774468,1.20106,0.188616,24.5201,27.0663,532480,0.2953,0.3974,0,0.188864,0,1,1
box_detour_wall,oi_face_rot_anchor_mppi,17721,256,16,0,0,1,1,1,123,0.247239,0.0406058,11.8205,0,0.76933,1.23751,0.202159,24.8656,27.8239,503808,0.2667,0.3875,0,0.202581,0,1,1
box_detour_wall,oi_face_rot_anchor_mppi,17728,256,16,0,0,1,1,1,125,0.238212,0.00604502,11.6172,0,0.759057,1.15463,0.203181,25.3976,28.1178,512000,0.2493,0.3032,0,0.203444,0,1,1
box_detour_wall,oi_face_rot_anchor_mppi,17735,256,16,0,0,1,1,1,166,0.249145,0.12976,14.14,0,0.888259,1.60989,0.197858,32.8445,35.7249,679936,0.2638,0.368,0,0.198073,0,1,1
box_detour_wall,oi_face_rot_anchor_mppi,17742,256,16,0,0,1,1,1,109,0.237699,0.025367,10.137,0,0.790078,1.32365,0.193773,21.1213,23.6813,446464,0.2637,0.2767,0,0.194077,0,1,1
box_detour_wall,oi_face_rot_anchor_mppi,17749,256,16,0,0,1,1,1,109,0.23121,0.0440982,10.2686,0,0.745388,1.15594,0.206986,22.5615,25.495,446464,0.2637,0.3791,0,0.20732,0,1,1
box_detour_wall,oi_face_rot_pstall_mppi,17056,256,16,0,0,1,1,1,143,0.248183,0.0355656,13.5043,0,0.847871,1.51054,0.250266,35.7881,41.1479,585728,0.364,0.4248,0,0.250599,0,1,1
box_detour_wall,oi_face_rot_pstall_mppi,17063,256,16,0,0,1,1,1,122,0.241832,0.0565641,11.7257,0,0.804573,1.23904,0.196287,23.947,26.2666,499712,0.2761,0.3136,0,0.196516,0,1,1
box_detour_wall,oi_face_rot_pstall_mppi,17070,256,16,0,0,1,1,1,127,0.22945,0.0441481,11.7184,0,0.861362,1.41878,0.199861,25.3823,27.8859,520192,0.3068,0.3671,0,0.200089,0,1,1
box_detour_wall,oi_face_rot_pstall_mppi,17077,256,16,0,0,1,1,1,126,0.224637,0.0568313,11.9537,0,0.840878,1.45615,0.196313,24.7355,27.1665,516096,0.2918,0.3413,0,0.196504,0,1,1
box_detour_wall,oi_face_rot_pstall_mppi,17084,256,16,0,0,1,1,1,104,0.233206,0.105236,9.63461,0,0.749377,1.15022,0.221359,23.0213,26.4292,425984,0.3048,0.3301,0,0.221647,0,1,1
box_detour_wall,oi_face_rot_pstall_mppi,17091,256,16,0,0,1,1,1,116,0.241235,0.154068,11.1173,0,0.748073,0.97911,0.200965,23.3119,26.2401,475136,0.2527,0.2884,0,0.201316,0,1,1
box_detour_wall,oi_face_rot_pstall_mppi,17098,256,16,0,0,1,1,1,114,0.244289,0.12797,10.902,0,0.720111,1.00112,0.194643,22.1893,24.1024,466944,0.2713,0.3035,0,0.194861,0,1,1
box_detour_wall,oi_face_rot_pstall_mppi,17105,256,16,0,0,1,1,1,164,0.245956,0.0842203,14.2347,0,0.913674,1.71012,0.202055,33.1371,37.1752,671744,0.2728,0.3651,0,0.202323,0,1,1
box_detour_wall,oi_face_rot_pstall_mppi,17112,256,16,0,0,1,1,1,137,0.238928,0.0585525,12.1097,0,0.943451,1.72527,0.211532,28.9799,32.7858,561152,0.2743,0.32,0,0.211826,0,1,1
box_detour_wall,oi_face_rot_pstall_mppi,17119,256,16,0,0,1,1,1,106,0.244177,0.047836,10.0117,0,0.780069,1.25206,0.216879,22.9892,26.0108,434176,0.3059,0.3175,0,0.217224,0,1,1
box_detour_wall,oi_face_rot_pstall_mppi,17126,256,16,0,0,1,1,1,122,0.219067,0.0105412,10.0923,0,0.802972,1.38376,0.208904,25.4863,28.9794,499712,0.2664,0.3081,0,0.209232,0,1,1
box_detour_wall,oi_face_rot_pstall_mppi,17133,256,16,0,0,1,1,1,128,0.227959,0.0470583,12.1856,0,0.876885,1.5874,0.185288,23.7168,25.6489,524288,0.2391,0.3221,0,0.185527,0,1,1
box_detour_wall,oi_face_rot_pstall_mppi,17140,256,16,0,0,1,1,1,146,0.240941,0.0925886,14.0717,0,0.812195,1.25553,0.190923,27.8747,30.3074,598016,0.2733,0.355,0,0.191181,0,1,1
box_detour_wall,oi_face_rot_pstall_mppi,17147,256,16,0,0,1,1,1,109,0.244001,0.038445,10.2902,0,0.810757,1.20356,0.194637,21.2154,23.2238,446464,0.2949,0.3058,0,0.194918,0,1,1
box_detour_wall,oi_face_rot_pstall_mppi,17154,256,16,0,0,1,1,1,127,0.248295,0.0135476,12.3285,0,0.725076,0.940981,0.212121,26.9394,30.0076,520192,0.301,0.3522,0,0.212416,0,1,1
box_detour_wall,oi_face_rot_pstall_mppi,17161,256,16,0,0,1,1,1,143,0.246454,0.148146,12.2757,0,0.835233,1.4872,0.203717,29.1315,32.5578,585728,0.2694,0.2995,0,0.204064,0,1,1
box_detour_wall,oi_face_rot_pstall_mppi,17168,256,16,0,0,1,1,1,113,0.24746,0.0215851,10.9684,0,0.763179,1.13034,0.199296,22.5204,24.9428,462848,0.2597,0.2753,0,0.199577,0,1,1
box_detour_wall,oi_face_rot_pstall_mppi,17175,256,16,0,0,1,1,1,153,0.239456,0.0166139,12.794,0,0.778028,1.30044,0.214291,32.7866,37.0371,626688,0.2696,0.5475,0,0.214593,0,1,1
box_detour_wall,oi_face_rot_pstall_mppi,17182,256,16,0,0,1,1,1,133,0.241465,0.140772,12.4846,0,0.831028,1.39778,0.208032,27.6683,30.5493,544768,0.2767,0.4057,0,0.208293,0,1,1
box_detour_wall,oi_face_rot_pstall_mppi,17189,256,16,0,0,0,1,0,420,1.1876,0.156586,47.7746,0,2.26148,7.38972,0.200814,84.3419,93.1089,1720320,0.2798,0.384,0,0.200976,0,1,0
box_detour_wall,oi_face_rot_pstall_mppi,17196,256,16,0,0,1,1,1,149,0.231072,0.0742165,13.1593,0,0.914933,1.68109,0.195421,29.1178,32.2836,610304,0.2588,0.2851,0,0.195711,0,1,1
box_detour_wall,oi_face_rot_pstall_mppi,17203,256,16,0,0,1,1,1,162,0.226854,0.096902,14.2957,0,0.867198,1.56744,0.188089,30.4705,33.3564,663552,0.2271,0.2997,0,0.18832,0,1,1
box_detour_wall,oi_face_rot_pstall_mppi,17210,256,16,0,0,1,1,1,117,0.234625,0.0879424,11.4448,0,0.727206,0.938581,0.211543,24.7505,28.1829,479232,0.2578,0.2877,0,0.211888,0,1,1
box_detour_wall,oi_face_rot_pstall_mppi,17217,256,16,0,0,1,1,1,124,0.229994,0.0243417,11.511,0,0.907222,1.52373,0.203014,25.1737,28.0336,507904,0.247,0.3317,0,0.203344,0,1,1
box_detour_wall,oi_face_rot_pstall_mppi,17224,256,16,0,0,1,1,1,165,0.246712,0.0226728,14.3166,0,0.919218,1.77535,0.210076,34.6626,39.367,675840,0.2695,0.306,0,0.210376,0,1,1
box_detour_wall,oi_face_rot_pstall_mppi,17231,256,16,0,0,1,1,1,122,0.249886,0.0920929,11.1679,0,0.874359,1.47493,0.210505,25.6816,28.7573,499712,0.2725,0.3122,0,0.210808,0,1,1
box_detour_wall,oi_face_rot_pstall_mppi,17238,256,16,0,0,1,1,1,115,0.236617,0.129837,10.7985,0,0.709229,0.980033,0.196756,22.6269,24.843,471040,0.2826,0.3091,0,0.197003,0,1,1
box_detour_wall,oi_face_rot_pstall_mppi,17245,256,16,0,0,1,1,1,125,0.230417,0.0331648,12.1203,0,0.7684,1.31029,0.200454,25.0568,27.7074,512000,0.2604,0.2736,0,0.200737,0,1,1
box_detour_wall,oi_face_rot_pstall_mppi,17252,256,16,0,0,1,1,1,106,0.237219,0.0487495,10.0467,0,0.701169,0.960784,0.208537,22.1049,24.8507,434176,0.2736,0.3203,0,0.208874,0,1,1
box_detour_wall,oi_face_rot_pstall_mppi,17259,256,16,0,0,1,1,1,118,0.24205,0.0238677,11.2305,0,0.753557,1.18563,0.183791,21.6874,23.4937,483328,0.2123,0.2616,0,0.184043,0,1,1
box_detour_wall,oi_face_rot_pstall_mppi,17266,256,16,0,0,1,1,1,117,0.228189,0.0429584,10.9459,0,0.942718,2.13225,0.19985,23.3824,26.1753,479232,0.2603,0.308,0,0.200109,0,1,1
box_detour_wall,oi_face_rot_pstall_mppi,17273,256,16,0,0,1,1,1,138,0.249244,0.087287,12.243,0,0.910924,1.64103,0.205232,28.322,31.8857,565248,0.2722,0.3197,0,0.205551,0,1,1
box_detour_wall,oi_face_rot_pstall_mppi,17280,256,16,0,0,1,1,1,165,0.241817,0.0411785,14.9929,0,0.945915,1.69375,0.204675,33.7714,37.5607,675840,0.2701,0.349,0,0.204949,0,1,1
box_detour_wall,oi_face_rot_pstall_mppi,17287,256,16,0,0,1,1,1,109,0.234165,0.0251104,10.4973,0,0.898313,1.71667,0.190075,20.7182,22.7631,446464,0.2523,0.2719,0,0.190353,0,1,1
box_detour_wall,oi_face_rot_pstall_mppi,17294,256,16,0,0,1,1,1,120,0.233513,0.0237763,11.5428,0,0.730702,1.17877,0.187233,22.468,24.4554,491520,0.215,0.2588,0,0.187459,0,1,1
box_detour_wall,oi_face_rot_pstall_mppi,17301,256,16,0,0,1,1,1,123,0.238821,0.0843309,10.4472,0,0.887902,1.60288,0.18876,23.2175,25.3536,503808,0.2565,0.3166,0,0.189012,0,1,1
box_detour_wall,oi_face_rot_pstall_mppi,17308,256,16,0,0,1,1,1,124,0.229226,0.114421,11.7159,0,0.750591,1.17858,0.192336,23.8497,25.6994,507904,0.2906,0.3302,0,0.192568,0,1,1
box_detour_wall,oi_face_rot_pstall_mppi,17315,256,16,0,0,1,1,1,121,0.245194,0.0114973,11.4498,0,0.836167,1.46478,0.192496,23.292,25.7764,495616,0.2705,0.3474,0,0.192763,0,1,1
box_detour_wall,oi_face_rot_pstall_mppi,17322,256,16,0,0,1,1,1,141,0.245485,0.0938537,14.5896,0,0.771434,1.22816,0.191543,27.0075,29.4832,577536,0.2726,0.3131,0,0.191777,0,1,1
box_detour_wall,oi_face_rot_pstall_mppi,17329,256,16,0,0,1,1,1,149,0.222302,0.0588496,12.6247,0,1.0102,2.02469,0.199053,29.6589,32.8092,610304,0.2903,0.3184,0,0.199354,0,1,1
box_detour_wall,oi_face_rot_pstall_mppi,17336,256,16,0,0,1,1,1,132,0.243334,0.0638717,11.3643,0,0.811705,1.33928,0.187811,24.791,26.9899,540672,0.2962,0.3519,0,0.188059,0,1,1
box_detour_wall,oi_face_rot_pstall_mppi,17343,256,16,0,0,1,1,1,138,0.220168,0.00163105,11.5673,0,0.866786,1.47329,0.206056,28.4357,32.045,565248,0.3013,0.3427,0,0.206325,0,1,1
box_detour_wall,oi_face_rot_pstall_mppi,17350,256,16,0,0,1,1,1,129,0.227824,0.0126815,11.7399,0,0.913109,1.58995,0.206355,26.6198,29.7947,528384,0.2915,0.3883,0,0.206633,0,1,1
box_detour_wall,oi_face_rot_pstall_mppi,17357,256,16,0,0,1,1,1,115,0.236859,0.0644695,10.9548,0,0.783028,1.2306,0.19499,22.4238,24.4237,471040,0.2894,0.3127,0,0.195236,0,1,1
box_detour_wall,oi_face_rot_pstall_mppi,17364,256,16,0,0,1,1,1,134,0.232994,0.15463,12.2519,0,0.890759,1.5832,0.191786,25.6994,28.1063,548864,0.3013,0.3145,0,0.192005,0,1,1
box_detour_wall,oi_face_rot_pstall_mppi,17371,256,16,0,0,1,1,1,142,0.239853,0.0173687,12.1648,0,0.905925,1.84043,0.191444,27.185,29.8649,581632,0.2859,0.3688,0,0.191716,0,1,1
box_detour_wall,oi_face_rot_pstall_mppi,17378,256,16,0,0,1,1,1,118,0.231676,0.0929743,10.7717,0,0.832649,1.47167,0.203597,24.0245,26.5613,483328,0.2811,0.3487,0,0.203904,0,1,1
box_detour_wall,oi_face_rot_pstall_mppi,17385,256,16,0,0,1,1,1,136,0.235941,0.109264,11.6894,0,0.902846,1.48454,0.205638,27.9667,31.374,557056,0.3113,0.5173,0,0.205912,0,1,1
box_detour_wall,oi_face_rot_pstall_mppi,17392,256,16,0,0,1,1,1,137,0.244303,0.0334932,10.7425,0,0.953821,1.8438,0.192823,26.4168,29.5333,561152,0.2864,0.319,0,0.193091,0,1,1
box_detour_wall,oi_face_rot_pstall_mppi,17399,256,16,0,0,1,1,1,104,0.233833,0.101341,9.91469,0,0.720812,1.01145,0.209891,21.8287,24.6795,425984,0.3078,0.3403,0,0.210236,0,1,1
box_detour_wall,oi_face_rot_pstall_mppi,17406,256,16,0,0,1,1,1,146,0.242924,0.0174781,13.2701,0,0.88504,1.59589,0.203813,29.7567,33.3947,598016,0.2886,0.3566,0,0.20412,0,1,1
box_detour_wall,oi_face_rot_pstall_mppi,17413,256,16,0,0,1,1,1,108,0.239086,0.0134462,10.2494,0,0.792622,1.15229,0.199057,21.4981,23.7211,442368,0.2946,0.3242,0,0.199355,0,1,1
box_detour_wall,oi_face_rot_pstall_mppi,17420,256,16,0,0,1,1,1,107,0.23865,0.0369696,10.3658,0,0.791549,1.12016,0.196836,21.0615,23.4719,438272,0.2634,0.3533,0,0.197121,0,1,1
box_detour_wall,oi_face_rot_pstall_mppi,17427,256,16,0,0,1,1,1,148,0.229535,0.0803757,12.7784,0,0.976904,1.76192,0.204426,30.2551,33.6402,606208,0.2631,0.3298,0,0.204714,0,1,1
box_detour_wall,oi_face_rot_pstall_mppi,17434,256,16,0,0,1,1,1,129,0.247439,0.0475897,12.0666,0,0.84849,1.36429,0.200102,25.8132,28.5487,528384,0.2737,0.3203,0,0.200362,0,1,1
box_detour_wall,oi_face_rot_pstall_mppi,17441,256,16,0,0,1,1,1,130,0.238645,0.0759673,12.2987,0,0.791897,1.27244,0.200115,26.015,28.9085,532480,0.2631,0.2785,0,0.200393,0,1,1
box_detour_wall,oi_face_rot_pstall_mppi,17448,256,16,0,0,0,1,0,420,1.18823,0.166561,47.8002,0,2.68125,9.11847,0.197419,82.9161,91.7782,1720320,0.2752,0.4903,0,0.197564,0,1,0
box_detour_wall,oi_face_rot_pstall_mppi,17455,256,16,0,0,1,1,1,107,0.224159,0.00330062,9.9262,0,0.800962,1.19909,0.182338,19.5102,21.5118,438272,0.2273,0.2666,0,0.182737,0,1,1
box_detour_wall,oi_face_rot_pstall_mppi,17462,256,16,0,0,1,1,1,130,0.234771,0.13707,12.3857,0,0.772883,1.22449,0.197171,25.6322,27.7999,532480,0.2935,0.3413,0,0.197459,0,1,1
box_detour_wall,oi_face_rot_pstall_mppi,17469,256,16,0,0,1,1,1,123,0.229189,0.0020346,11.6665,0,0.855327,1.51372,0.208308,25.6219,28.4199,503808,0.2728,0.4541,0,0.208607,0,1,1
box_detour_wall,oi_face_rot_pstall_mppi,17476,256,16,0,0,1,1,1,129,0.223174,0.0754025,10.8613,0,0.742407,1.1099,0.190089,24.5215,26.8906,528384,0.2902,0.3461,0,0.190355,0,1,1
box_detour_wall,oi_face_rot_pstall_mppi,17483,256,16,0,0,1,1,1,108,0.230354,0.0957288,10.0046,0,0.797788,1.38828,0.210539,22.7382,25.3283,442368,0.2842,0.3654,0,0.210845,0,1,1
box_detour_wall,oi_face_rot_pstall_mppi,17490,256,16,0,0,1,1,1,137,0.237625,0.0875503,13.2794,0,0.776968,1.11825,0.216856,29.7093,33.7365,561152,0.2933,0.3294,0,0.217123,0,1,1
box_detour_wall,oi_face_rot_pstall_mppi,17497,256,16,0,0,1,1,1,134,0.235169,0.115436,12.5576,0,1.05556,2.23485,0.21218,28.4321,31.9599,548864,0.2965,0.3787,0,0.212502,0,1,1
box_detour_wall,oi_face_rot_pstall_mppi,17504,256,16,0,0,1,1,1,146,0.227615,0.00768923,13.5219,0,0.891964,1.65534,0.203186,29.6652,33.3304,598016,0.2914,0.3108,0,0.203575,0,1,1
box_detour_wall,oi_face_rot_pstall_mppi,17511,256,16,0,0,1,1,1,123,0.241354,0.0809962,11.5538,0,0.760513,1.19554,0.20208,24.8559,27.7266,503808,0.303,0.3171,0,0.202321,0,1,1
box_detour_wall,oi_face_rot_pstall_mppi,17518,256,16,0,0,1,1,1,128,0.246658,0.0396696,12.0664,0,0.748683,1.21222,0.203371,26.0315,28.8701,524288,0.2974,0.388,0,0.2037,0,1,1
box_detour_wall,oi_face_rot_pstall_mppi,17525,256,16,0,0,1,1,1,121,0.243851,0.0288145,11.3928,0,0.769061,1.37906,0.199667,24.1597,26.2945,495616,0.2957,0.3669,0,0.19993,0,1,1
box_detour_wall,oi_face_rot_pstall_mppi,17532,256,16,0,0,1,1,1,116,0.248338,0.126598,11.627,0,0.789633,1.35735,0.204495,23.7214,26.5762,475136,0.2877,0.3127,0,0.204832,0,1,1
box_detour_wall,oi_face_rot_pstall_mppi,17539,256,16,0,0,1,1,1,171,0.239577,0.0349717,15.3008,0,0.959912,1.67804,0.209313,35.7926,39.8664,700416,0.2966,0.3276,0,0.209537,0,1,1
box_detour_wall,oi_face_rot_pstall_mppi,17546,256,16,0,0,1,1,1,133,0.230409,0.0436817,13.2257,0,0.748267,1.00884,0.209023,27.8001,31.1486,544768,0.291,0.3592,0,0.209322,0,1,1
box_detour_wall,oi_face_rot_pstall_mppi,17553,256,16,0,0,1,1,1,139,0.248585,0.0912894,11.9221,0,0.849139,1.41301,0.209946,29.1825,32.8818,569344,0.2726,0.3127,0,0.210226,0,1,1
box_detour_wall,oi_face_rot_pstall_mppi,17560,256,16,0,0,0,1,0,420,1.18682,0.133637,47.4636,0,2.3236,7.08652,0.209359,87.9308,98.0657,1720320,0.2787,0.3471,0,0.209529,0,1,0
box_detour_wall,oi_face_rot_pstall_mppi,17567,256,16,0,0,1,1,1,114,0.231372,0.0022409,10.9445,0,0.728959,0.955339,0.215083,24.5195,27.6027,466944,0.2848,0.3152,0,0.215361,0,1,1
box_detour_wall,oi_face_rot_pstall_mppi,17574,256,16,0,0,1,1,1,149,0.241152,0.00523587,12.3073,0,1.02206,2.0582,0.208116,31.0093,34.5405,610304,0.2888,0.3306,0,0.20837,0,1,1
box_detour_wall,oi_face_rot_pstall_mppi,17581,256,16,0,0,1,1,1,122,0.24685,0.116346,11.8558,0,0.798554,1.29837,0.204143,24.9054,27.6308,499712,0.3028,0.3442,0,0.204422,0,1,1
box_detour_wall,oi_face_rot_pstall_mppi,17588,256,16,0,0,1,1,1,135,0.23981,0.00226466,12.9393,0,0.8265,1.27655,0.212536,28.6924,31.7568,552960,0.2888,0.3321,0,0.212992,0,1,1
box_detour_wall,oi_face_rot_pstall_mppi,17595,256,16,0,0,1,1,1,136,0.238265,0.0446457,11.6557,0,0.815223,1.24987,0.215368,29.2901,33.0953,557056,0.2915,0.4501,0,0.215763,0,1,1
box_detour_wall,oi_face_rot_pstall_mppi,17602,256,16,0,0,1,1,1,144,0.232779,0.0575988,12.7737,0,0.790502,1.12769,0.218208,31.422,35.2392,589824,0.3133,0.4207,0,0.218541,0,1,1
box_detour_wall,oi_face_rot_pstall_mppi,17609,256,16,0,0,1,1,1,117,0.24429,0.00723576,11.5366,0,0.708273,0.921202,0.204088,23.8783,26.771,479232,0.3012,0.3198,0,0.204532,0,1,1
box_detour_wall,oi_face_rot_pstall_mppi,17616,256,16,0,0,1,1,1,125,0.243023,0.0354854,12.0435,0,0.842481,1.61475,0.204871,25.6089,29.0134,512000,0.2752,0.4025,0,0.205227,0,1,1
box_detour_wall,oi_face_rot_pstall_mppi,17623,256,16,0,0,1,1,1,125,0.238918,0.0249901,12.2845,0,0.785381,1.18028,0.209091,26.1364,29.6017,512000,0.2924,0.3151,0,0.209404,0,1,1
box_detour_wall,oi_face_rot_pstall_mppi,17630,256,16,0,0,1,1,1,108,0.226553,0.0900436,10.2011,0,0.751662,1.07767,0.207982,22.4621,25.5248,442368,0.2672,0.2826,0,0.208331,0,1,1
box_detour_wall,oi_face_rot_pstall_mppi,17637,256,16,0,0,1,1,1,136,0.233455,0.020273,11.4626,0,0.924187,1.78056,0.209033,28.4285,32.3464,557056,0.2702,0.2798,0,0.209321,0,1,1
box_detour_wall,oi_face_rot_pstall_mppi,17644,256,16,0,0,1,1,1,107,0.229132,0.0345638,9.97632,0,0.769147,1.07128,0.207787,22.2332,25.1195,438272,0.2498,0.2851,0,0.208107,0,1,1
box_detour_wall,oi_face_rot_pstall_mppi,17651,256,16,0,0,1,1,1,138,0.249414,0.188676,13.2625,0,0.740036,1.07265,0.212935,29.385,33.3681,565248,0.3037,0.3521,0,0.213264,0,1,1
box_detour_wall,oi_face_rot_pstall_mppi,17658,256,16,0,0,1,1,1,108,0.232725,0.0392277,10.1134,0,0.89836,1.58857,0.208509,22.519,24.8997,442368,0.3104,0.5402,0,0.208879,0,1,1
box_detour_wall,oi_face_rot_pstall_mppi,17665,256,16,0,0,1,1,1,132,0.241772,0.0379608,12.4363,0,0.884057,1.68361,0.211977,27.981,31.1381,540672,0.2941,0.3201,0,0.212276,0,1,1
box_detour_wall,oi_face_rot_pstall_mppi,17672,256,16,0,0,1,1,1,108,0.231486,0.0947383,9.98304,0,0.751638,1.20766,0.192246,20.7626,22.6168,442368,0.2479,0.3193,0,0.192474,0,1,1
box_detour_wall,oi_face_rot_pstall_mppi,17679,256,16,0,0,1,1,1,117,0.235657,0.07781,11.2194,0,0.702655,0.929994,0.195814,22.9103,25.3865,479232,0.2385,0.2958,0,0.196088,0,1,1
box_detour_wall,oi_face_rot_pstall_mppi,17686,256,16,0,0,1,1,1,186,0.238089,0.0970479,18.5056,0,0.817528,1.04506,0.21319,39.6534,44.273,761856,0.2892,0.3602,0,0.213461,0,1,1
box_detour_wall,oi_face_rot_pstall_mppi,17693,256,16,0,0,1,1,1,141,0.22724,0.0497278,13.0039,0,1.04073,2.24308,0.211009,29.7522,32.7964,577536,0.3033,0.3283,0,0.211237,0,1,1
box_detour_wall,oi_face_rot_pstall_mppi,17700,256,16,0,0,1,1,1,117,0.224752,0.0187202,10.5215,0,0.925154,1.75296,0.205946,24.0957,27.1776,479232,0.2465,0.2739,0,0.206291,0,1,1
box_detour_wall,oi_face_rot_pstall_mppi,17707,256,16,0,0,1,1,1,134,0.249551,0.049614,11.5756,0,0.937664,1.83785,0.214666,28.7653,32.7328,548864,0.2734,0.3148,0,0.215005,0,1,1
box_detour_wall,oi_face_rot_pstall_mppi,17714,256,16,0,0,1,1,1,131,0.23957,0.119878,12.7161,0,0.709856,0.903898,0.204727,26.8192,29.622,536576,0.261,0.3227,0,0.205008,0,1,1
box_detour_wall,oi_face_rot_pstall_mppi,17721,256,16,0,0,1,1,1,114,0.23798,0.0517914,11.0009,0,0.770081,1.19931,0.17967,20.4824,22.3529,466944,0.2069,0.2103,0,0.179921,0,1,1
box_detour_wall,oi_face_rot_pstall_mppi,17728,256,16,0,0,1,1,1,122,0.229747,0.0785215,10.3062,0,0.8174,1.29349,0.196388,23.9593,26.9745,499712,0.2533,0.3508,0,0.196739,0,1,1
box_detour_wall,oi_face_rot_pstall_mppi,17735,256,16,0,0,1,1,1,121,0.229212,0.0442574,11.3911,0,0.888266,1.57969,0.209251,25.3194,28.445,495616,0.3037,0.3236,0,0.209555,0,1,1
box_detour_wall,oi_face_rot_pstall_mppi,17742,256,16,0,0,1,1,1,115,0.236652,0.0857344,10.8946,0,0.696105,1.02395,0.204481,23.5153,26.4551,471040,0.2411,0.2984,0,0.204804,0,1,1
box_detour_wall,oi_face_rot_pstall_mppi,17749,256,16,0,0,1,1,1,143,0.244499,0.0882713,12.4242,0,0.871991,1.67164,0.202652,28.9792,32.5929,585728,0.2717,0.3152,0,0.202929,0,1,1
box_detour_wall,oi_face_rot_wide_mppi,17056,256,16,0,0,1,1,1,143,0.248183,0.0355656,13.5043,0,0.847871,1.51054,0.196457,28.0934,31.241,585728,0.2526,0.3627,0,0.196757,0,1,1
box_detour_wall,oi_face_rot_wide_mppi,17063,256,16,0,0,1,1,1,122,0.241832,0.0565641,11.7257,0,0.804573,1.23904,0.199562,24.3466,27.2275,499712,0.2771,0.3191,0,0.199818,0,1,1
box_detour_wall,oi_face_rot_wide_mppi,17070,256,16,0,0,1,1,1,127,0.22945,0.0441481,11.7184,0,0.861362,1.41878,0.208141,26.4339,29.7626,520192,0.2601,0.3661,0,0.208398,0,1,1
box_detour_wall,oi_face_rot_wide_mppi,17077,256,16,0,0,1,1,1,126,0.224637,0.0568313,11.9537,0,0.840878,1.45615,0.214349,27.008,30.418,516096,0.2824,0.3452,0,0.214716,0,1,1
box_detour_wall,oi_face_rot_wide_mppi,17084,256,16,0,0,1,1,1,104,0.233206,0.105236,9.63461,0,0.749377,1.15022,0.197074,20.4957,22.9353,425984,0.2678,0.3494,0,0.197458,0,1,1
box_detour_wall,oi_face_rot_wide_mppi,17091,256,16,0,0,1,1,1,116,0.241235,0.154068,11.1173,0,0.748073,0.97911,0.213206,24.7319,28.0105,475136,0.2878,0.3221,0,0.213544,0,1,1
box_detour_wall,oi_face_rot_wide_mppi,17098,256,16,0,0,1,1,1,114,0.244289,0.12797,10.902,0,0.720111,1.00112,0.211765,24.1412,27.2948,466944,0.3006,0.3636,0,0.212096,0,1,1
box_detour_wall,oi_face_rot_wide_mppi,17105,256,16,0,0,1,1,1,164,0.245956,0.0842203,14.2347,0,0.913674,1.71012,0.201235,33.0026,36.9523,671744,0.2701,0.3497,0,0.201506,0,1,1
box_detour_wall,oi_face_rot_wide_mppi,17112,256,16,0,0,1,1,1,137,0.238928,0.0585525,12.1097,0,0.943451,1.72527,0.202063,27.6827,30.2538,561152,0.2747,0.3026,0,0.202304,0,1,1
box_detour_wall,oi_face_rot_wide_mppi,17119,256,16,0,0,1,1,1,106,0.244177,0.047836,10.0117,0,0.780069,1.25206,0.18317,19.416,20.918,434176,0.2129,0.2602,0,0.183396,0,1,1
box_detour_wall,oi_face_rot_wide_mppi,17126,256,16,0,0,1,1,1,122,0.219067,0.0105412,10.0923,0,0.802972,1.38376,0.200566,24.4691,27.1948,499712,0.3082,0.3406,0,0.200854,0,1,1
box_detour_wall,oi_face_rot_wide_mppi,17133,256,16,0,0,1,1,1,128,0.227959,0.0470583,12.1856,0,0.876885,1.5874,0.20931,26.7917,30.1915,524288,0.2889,0.3195,0,0.20958,0,1,1
box_detour_wall,oi_face_rot_wide_mppi,17140,256,16,0,0,1,1,1,146,0.240941,0.0925886,14.0717,0,0.812195,1.25553,0.20594,30.0672,33.2911,598016,0.2557,0.3171,0,0.206206,0,1,1
box_detour_wall,oi_face_rot_wide_mppi,17147,256,16,0,0,1,1,1,109,0.244001,0.038445,10.2902,0,0.810757,1.20356,0.203017,22.1288,24.5664,446464,0.2886,0.3349,0,0.203322,0,1,1
box_detour_wall,oi_face_rot_wide_mppi,17154,256,16,0,0,1,1,1,127,0.248295,0.0135476,12.3285,0,0.725076,0.940981,0.210539,26.7384,29.8242,520192,0.2856,0.3115,0,0.210822,0,1,1
box_detour_wall,oi_face_rot_wide_mppi,17161,256,16,0,0,1,1,1,143,0.246454,0.148146,12.2757,0,0.835233,1.4872,0.198776,28.425,31.5306,585728,0.2663,0.3485,0,0.199092,0,1,1
box_detour_wall,oi_face_rot_wide_mppi,17168,256,16,0,0,1,1,1,113,0.24746,0.0215851,10.9684,0,0.763179,1.13034,0.207098,23.4021,26.1193,462848,0.2955,0.3589,0,0.207432,0,1,1
box_detour_wall,oi_face_rot_wide_mppi,17175,256,16,0,0,1,1,1,153,0.239456,0.0166139,12.794,0,0.778028,1.30044,0.194005,29.6827,32.1546,626688,0.2908,0.3473,0,0.194222,0,1,1
box_detour_wall,oi_face_rot_wide_mppi,17182,256,16,0,0,1,1,1,133,0.241465,0.140772,12.4846,0,0.831028,1.39778,0.20943,27.8542,31.4075,544768,0.2905,0.3671,0,0.209745,0,1,1
box_detour_wall,oi_face_rot_wide_mppi,17189,256,16,0,0,1,1,1,247,0.238106,0.110575,24.9958,0,0.795623,1.14511,0.211654,52.2785,58.4999,1011712,0.2878,0.3295,0,0.21189,0,1,1
box_detour_wall,oi_face_rot_wide_mppi,17196,256,16,0,0,1,1,1,149,0.231072,0.0742165,13.1593,0,0.914933,1.68109,0.203885,30.3788,33.8791,610304,0.283,0.3395,0,0.204173,0,1,1
box_detour_wall,oi_face_rot_wide_mppi,17203,256,16,0,0,1,1,1,162,0.226854,0.096902,14.2957,0,0.867198,1.56744,0.197034,31.9195,34.9496,663552,0.2805,0.3178,0,0.197271,0,1,1
box_detour_wall,oi_face_rot_wide_mppi,17210,256,16,0,0,1,1,1,117,0.234625,0.0879424,11.4448,0,0.727206,0.938581,0.20785,24.3184,27.1824,479232,0.2707,0.3067,0,0.208143,0,1,1
box_detour_wall,oi_face_rot_wide_mppi,17217,256,16,0,0,1,1,1,124,0.229994,0.0243417,11.511,0,0.907222,1.52373,0.213095,26.4238,29.5169,507904,0.2639,0.3143,0,0.213382,0,1,1
box_detour_wall,oi_face_rot_wide_mppi,17224,256,16,0,0,1,1,1,165,0.246712,0.0226728,14.3166,0,0.919218,1.77535,0.216016,35.6426,39.8253,675840,0.286,0.3584,0,0.216268,0,1,1
box_detour_wall,oi_face_rot_wide_mppi,17231,256,16,0,0,1,1,1,122,0.249886,0.0920929,11.1679,0,0.874359,1.47493,0.187097,22.8258,24.7371,499712,0.2881,0.3201,0,0.187332,0,1,1
box_detour_wall,oi_face_rot_wide_mppi,17238,256,16,0,0,1,1,1,115,0.236617,0.129837,10.7985,0,0.709229,0.980033,0.201168,23.1343,25.8373,471040,0.3057,0.3417,0,0.201488,0,1,1
box_detour_wall,oi_face_rot_wide_mppi,17245,256,16,0,0,1,1,1,125,0.230417,0.0331648,12.1203,0,0.7684,1.31029,0.197156,24.6445,27.2917,512000,0.2875,0.362,0,0.197611,0,1,1
box_detour_wall,oi_face_rot_wide_mppi,17252,256,16,0,0,1,1,1,106,0.237219,0.0487495,10.0467,0,0.701169,0.960784,0.203251,21.5446,24.0129,434176,0.2862,0.3148,0,0.203566,0,1,1
box_detour_wall,oi_face_rot_wide_mppi,17259,256,16,0,0,1,1,1,118,0.24205,0.0238677,11.2305,0,0.753557,1.18563,0.205278,24.2228,26.6089,483328,0.2948,0.9129,0,0.20567,0,1,1
box_detour_wall,oi_face_rot_wide_mppi,17266,256,16,0,0,1,1,1,117,0.228189,0.0429584,10.9459,0,0.942718,2.13225,0.208045,24.3413,27.3684,479232,0.2759,0.3057,0,0.208522,0,1,1
box_detour_wall,oi_face_rot_wide_mppi,17273,256,16,0,0,1,1,1,138,0.249244,0.087287,12.243,0,0.910924,1.64103,0.194429,26.8312,29.9952,565248,0.2791,0.3251,0,0.194702,0,1,1
box_detour_wall,oi_face_rot_wide_mppi,17280,256,16,0,0,1,1,1,165,0.241817,0.0411785,14.9929,0,0.945915,1.69375,0.197361,32.5645,36.0717,675840,0.2439,0.3171,0,0.197595,0,1,1
box_detour_wall,oi_face_rot_wide_mppi,17287,256,16,0,0,1,1,1,109,0.234165,0.0251104,10.4973,0,0.898313,1.71667,0.198169,21.6004,23.8501,446464,0.2981,0.3147,0,0.198504,0,1,1
box_detour_wall,oi_face_rot_wide_mppi,17294,256,16,0,0,1,1,1,120,0.233513,0.0237763,11.5428,0,0.730702,1.17877,0.206552,24.7863,27.4191,491520,0.2711,0.3171,0,0.206853,0,1,1
box_detour_wall,oi_face_rot_wide_mppi,17301,256,16,0,0,1,1,1,123,0.238821,0.0843309,10.4472,0,0.887902,1.60288,0.187802,23.0996,25.2494,503808,0.2461,0.2824,0,0.188228,0,1,1
box_detour_wall,oi_face_rot_wide_mppi,17308,256,16,0,0,1,1,1,124,0.229226,0.114421,11.7159,0,0.750591,1.17858,0.206281,25.5788,28.5356,507904,0.2737,0.3555,0,0.206568,0,1,1
box_detour_wall,oi_face_rot_wide_mppi,17315,256,16,0,0,1,1,1,121,0.245194,0.0114973,11.4498,0,0.836167,1.46478,0.189904,22.9784,25.399,495616,0.258,0.3175,0,0.190202,0,1,1
box_detour_wall,oi_face_rot_wide_mppi,17322,256,16,0,0,1,1,1,141,0.245485,0.0938537,14.5896,0,0.771434,1.22816,0.200349,28.2492,31.5003,577536,0.2581,0.3562,0,0.200628,0,1,1
box_detour_wall,oi_face_rot_wide_mppi,17329,256,16,0,0,1,1,1,149,0.222302,0.0588496,12.6247,0,1.0102,2.02469,0.20607,30.7044,34.2704,610304,0.2632,0.2999,0,0.206356,0,1,1
box_detour_wall,oi_face_rot_wide_mppi,17336,256,16,0,0,1,1,1,132,0.243334,0.0638717,11.3643,0,0.811705,1.33928,0.179792,23.7325,25.8548,540672,0.2116,0.2646,0,0.179991,0,1,1
box_detour_wall,oi_face_rot_wide_mppi,17343,256,16,0,0,1,1,1,138,0.220168,0.00163105,11.5673,0,0.866786,1.47329,0.177837,24.5415,26.547,565248,0.2154,0.2801,0,0.178041,0,1,1
box_detour_wall,oi_face_rot_wide_mppi,17350,256,16,0,0,1,1,1,129,0.227824,0.0126815,11.7399,0,0.913109,1.58995,0.200567,25.8732,28.7385,528384,0.2609,0.3605,0,0.200856,0,1,1
box_detour_wall,oi_face_rot_wide_mppi,17357,256,16,0,0,1,1,1,115,0.236859,0.0644695,10.9548,0,0.783028,1.2306,0.2043,23.4945,26.2412,471040,0.2703,0.3251,0,0.204594,0,1,1
box_detour_wall,oi_face_rot_wide_mppi,17364,256,16,0,0,1,1,1,134,0.232994,0.15463,12.2519,0,0.890759,1.5832,0.193572,25.9387,28.5464,548864,0.2459,0.3336,0,0.193866,0,1,1
box_detour_wall,oi_face_rot_wide_mppi,17371,256,16,0,0,1,1,1,142,0.239853,0.0173687,12.1648,0,0.905925,1.84043,0.182782,25.9551,28.1037,581632,0.2319,0.3547,0,0.183021,0,1,1
box_detour_wall,oi_face_rot_wide_mppi,17378,256,16,0,0,1,1,1,118,0.231676,0.0929743,10.7717,0,0.832649,1.47167,0.196003,23.1284,25.4045,483328,0.2468,0.3127,0,0.196251,0,1,1
box_detour_wall,oi_face_rot_wide_mppi,17385,256,16,0,0,1,1,1,136,0.235941,0.109264,11.6894,0,0.902846,1.48454,0.200635,27.2863,30.5946,557056,0.273,0.4183,0,0.200905,0,1,1
box_detour_wall,oi_face_rot_wide_mppi,17392,256,16,0,0,1,1,1,137,0.244303,0.0334932,10.7425,0,0.953821,1.8438,0.203936,27.9392,31.4704,561152,0.2603,0.3206,0,0.204218,0,1,1
box_detour_wall,oi_face_rot_wide_mppi,17399,256,16,0,0,1,1,1,104,0.233833,0.101341,9.91469,0,0.720812,1.01145,0.205337,21.355,24.0059,425984,0.2499,0.2919,0,0.205649,0,1,1
box_detour_wall,oi_face_rot_wide_mppi,17406,256,16,0,0,1,1,1,146,0.242924,0.0174781,13.2701,0,0.88504,1.59589,0.208084,30.3803,34.0249,598016,0.275,0.3152,0,0.208382,0,1,1
box_detour_wall,oi_face_rot_wide_mppi,17413,256,16,0,0,1,1,1,108,0.239086,0.0134462,10.2494,0,0.792622,1.15229,0.207159,22.3732,25.3554,442368,0.2698,0.2761,0,0.207539,0,1,1
box_detour_wall,oi_face_rot_wide_mppi,17420,256,16,0,0,1,1,1,107,0.23865,0.0369696,10.3658,0,0.791549,1.12016,0.20397,21.8248,24.5684,438272,0.267,0.3347,0,0.204306,0,1,1
box_detour_wall,oi_face_rot_wide_mppi,17427,256,16,0,0,1,1,1,148,0.229535,0.0803757,12.7784,0,0.976904,1.76192,0.212403,31.4357,35.8086,606208,0.2765,0.3701,0,0.212702,0,1,1
box_detour_wall,oi_face_rot_wide_mppi,17434,256,16,0,0,1,1,1,129,0.247439,0.0475897,12.0666,0,0.84849,1.36429,0.244427,31.5311,37.0045,528384,0.4148,0.5772,0,0.244841,0,1,1
box_detour_wall,oi_face_rot_wide_mppi,17441,256,16,0,0,1,1,1,130,0.238645,0.0759673,12.2987,0,0.791897,1.27244,0.185154,24.07,25.9146,532480,0.2152,0.3102,0,0.185374,0,1,1
box_detour_wall,oi_face_rot_wide_mppi,17448,256,16,0,0,1,1,1,157,0.242558,0.0753429,15.6705,0,0.800026,1.06398,0.187898,29.5,32.3279,643072,0.2514,0.2945,0,0.188165,0,1,1
box_detour_wall,oi_face_rot_wide_mppi,17455,256,16,0,0,1,1,1,107,0.224159,0.00330062,9.9262,0,0.800962,1.19909,0.177989,19.0448,20.8374,438272,0.2154,0.229,0,0.178287,0,1,1
box_detour_wall,oi_face_rot_wide_mppi,17462,256,16,0,0,1,1,1,130,0.234771,0.13707,12.3857,0,0.772883,1.22449,0.197471,25.6713,28.3907,532480,0.2883,0.3589,0,0.197744,0,1,1
box_detour_wall,oi_face_rot_wide_mppi,17469,256,16,0,0,1,1,1,123,0.229189,0.0020346,11.6665,0,0.855327,1.51372,0.215228,26.473,29.815,503808,0.2655,0.3086,0,0.215563,0,1,1
box_detour_wall,oi_face_rot_wide_mppi,17476,256,16,0,0,1,1,1,129,0.223174,0.0754025,10.8613,0,0.742407,1.1099,0.189193,24.4059,27.0874,528384,0.2601,0.3265,0,0.189518,0,1,1
box_detour_wall,oi_face_rot_wide_mppi,17483,256,16,0,0,1,1,1,108,0.230354,0.0957288,10.0046,0,0.797788,1.38828,0.189433,20.4588,22.7789,442368,0.2432,0.2832,0,0.189701,0,1,1
box_detour_wall,oi_face_rot_wide_mppi,17490,256,16,0,0,1,1,1,137,0.237625,0.0875503,13.2794,0,0.776968,1.11825,0.187582,25.6988,28.0642,561152,0.2184,0.3132,0,0.187811,0,1,1
box_detour_wall,oi_face_rot_wide_mppi,17497,256,16,0,0,1,1,1,134,0.235169,0.115436,12.5576,0,1.05556,2.23485,0.2091,28.0194,31.4247,548864,0.277,0.3204,0,0.20944,0,1,1
box_detour_wall,oi_face_rot_wide_mppi,17504,256,16,0,0,1,1,1,146,0.227615,0.00768923,13.5219,0,0.891964,1.65534,0.206948,30.2144,34.0245,598016,0.2825,0.3958,0,0.207253,0,1,1
box_detour_wall,oi_face_rot_wide_mppi,17511,256,16,0,0,1,1,1,123,0.241354,0.0809962,11.5538,0,0.760513,1.19554,0.202146,24.864,27.4821,503808,0.2894,0.3533,0,0.202434,0,1,1
box_detour_wall,oi_face_rot_wide_mppi,17518,256,16,0,0,1,1,1,128,0.246658,0.0396696,12.0664,0,0.748683,1.21222,0.193003,24.7044,27.0639,524288,0.2981,0.3157,0,0.193245,0,1,1
box_detour_wall,oi_face_rot_wide_mppi,17525,256,16,0,0,1,1,1,121,0.243851,0.0288145,11.3928,0,0.769061,1.37906,0.203583,24.6335,27.3561,495616,0.3011,0.3779,0,0.203868,0,1,1
box_detour_wall,oi_face_rot_wide_mppi,17532,256,16,0,0,1,1,1,116,0.248338,0.126598,11.627,0,0.789633,1.35735,0.202222,23.4577,26.4123,475136,0.275,0.2915,0,0.202532,0,1,1
box_detour_wall,oi_face_rot_wide_mppi,17539,256,16,0,0,1,1,1,171,0.239577,0.0349717,15.3008,0,0.959912,1.67804,0.192204,32.8668,35.8898,700416,0.2839,0.3487,0,0.192424,0,1,1
box_detour_wall,oi_face_rot_wide_mppi,17546,256,16,0,0,1,1,1,133,0.230409,0.0436817,13.2257,0,0.748267,1.00884,0.200439,26.6584,29.6211,544768,0.2813,0.3178,0,0.200671,0,1,1
box_detour_wall,oi_face_rot_wide_mppi,17553,256,16,0,0,1,1,1,139,0.248585,0.0912894,11.9221,0,0.849139,1.41301,0.194653,27.0568,29.6648,569344,0.2477,0.3068,0,0.194873,0,1,1
box_detour_wall,oi_face_rot_wide_mppi,17560,256,16,0,0,1,1,1,228,0.232348,0.0213143,22.7344,0,0.907732,1.39189,0.216579,49.38,55.79,933888,0.2957,0.3746,0,0.216842,0,1,1
box_detour_wall,oi_face_rot_wide_mppi,17567,256,16,0,0,1,1,1,114,0.231372,0.0022409,10.9445,0,0.728959,0.955339,0.221421,25.242,27.9769,466944,0.291,0.9499,0,0.221744,0,1,1
box_detour_wall,oi_face_rot_wide_mppi,17574,256,16,0,0,1,1,1,149,0.241152,0.00523587,12.3073,0,1.02206,2.0582,0.208131,31.0115,34.5624,610304,0.2773,0.3121,0,0.208456,0,1,1
box_detour_wall,oi_face_rot_wide_mppi,17581,256,16,0,0,1,1,1,122,0.24685,0.116346,11.8558,0,0.798554,1.29837,0.204059,24.8952,27.9845,499712,0.282,0.3482,0,0.204389,0,1,1
box_detour_wall,oi_face_rot_wide_mppi,17588,256,16,0,0,1,1,1,135,0.23981,0.00226466,12.9393,0,0.8265,1.27655,0.193847,26.1694,28.7411,552960,0.2832,0.3292,0,0.194081,0,1,1
box_detour_wall,oi_face_rot_wide_mppi,17595,256,16,0,0,1,1,1,136,0.238265,0.0446457,11.6557,0,0.815223,1.24987,0.19357,26.3255,29.1567,557056,0.2652,0.3284,0,0.19379,0,1,1
box_detour_wall,oi_face_rot_wide_mppi,17602,256,16,0,0,1,1,1,144,0.232779,0.0575988,12.7737,0,0.790502,1.12769,0.209294,30.1384,33.6696,589824,0.2907,0.3192,0,0.209587,0,1,1
box_detour_wall,oi_face_rot_wide_mppi,17609,256,16,0,0,1,1,1,117,0.24429,0.00723576,11.5366,0,0.708273,0.921202,0.196894,23.0366,25.4752,479232,0.2924,0.349,0,0.197245,0,1,1
box_detour_wall,oi_face_rot_wide_mppi,17616,256,16,0,0,1,1,1,125,0.243023,0.0354854,12.0435,0,0.842481,1.61475,0.200677,25.0846,28.0751,512000,0.2685,0.3232,0,0.200986,0,1,1
box_detour_wall,oi_face_rot_wide_mppi,17623,256,16,0,0,1,1,1,125,0.238918,0.0249901,12.2845,0,0.785381,1.18028,0.206357,25.7946,29.2849,512000,0.2698,0.3524,0,0.206672,0,1,1
box_detour_wall,oi_face_rot_wide_mppi,17630,256,16,0,0,1,1,1,108,0.226553,0.0900436,10.2011,0,0.751662,1.07767,0.183772,19.8474,21.7979,442368,0.2322,0.2604,0,0.184096,0,1,1
box_detour_wall,oi_face_rot_wide_mppi,17637,256,16,0,0,1,1,1,136,0.233455,0.020273,11.4626,0,0.924187,1.78056,0.20329,27.6475,30.6281,557056,0.2758,0.3788,0,0.203568,0,1,1
box_detour_wall,oi_face_rot_wide_mppi,17644,256,16,0,0,1,1,1,107,0.229132,0.0345638,9.97632,0,0.769147,1.07128,0.20526,21.9628,24.3697,438272,0.2499,0.3131,0,0.205562,0,1,1
box_detour_wall,oi_face_rot_wide_mppi,17651,256,16,0,0,1,1,1,138,0.249414,0.188676,13.2625,0,0.740036,1.07265,0.214226,29.5632,32.9234,565248,0.2683,0.366,0,0.214536,0,1,1
box_detour_wall,oi_face_rot_wide_mppi,17658,256,16,0,0,1,1,1,108,0.232725,0.0392277,10.1134,0,0.89836,1.58857,0.202519,21.872,24.285,442368,0.2873,0.3117,0,0.202833,0,1,1
box_detour_wall,oi_face_rot_wide_mppi,17665,256,16,0,0,1,1,1,132,0.241772,0.0379608,12.4363,0,0.884057,1.68361,0.190361,25.1276,27.6443,540672,0.2427,0.3229,0,0.190626,0,1,1
box_detour_wall,oi_face_rot_wide_mppi,17672,256,16,0,0,1,1,1,108,0.231486,0.0947383,9.98304,0,0.751638,1.20766,0.182844,19.7472,21.352,442368,0.2662,0.3047,0,0.183062,0,1,1
box_detour_wall,oi_face_rot_wide_mppi,17679,256,16,0,0,1,1,1,117,0.235657,0.07781,11.2194,0,0.702655,0.929994,0.197396,23.0953,25.6729,479232,0.2602,0.3138,0,0.197701,0,1,1
box_detour_wall,oi_face_rot_wide_mppi,17686,256,16,0,0,1,1,1,186,0.238089,0.0970479,18.5056,0,0.817528,1.04506,0.221223,41.1474,46.2927,761856,0.2832,0.3891,0,0.221482,0,1,1
box_detour_wall,oi_face_rot_wide_mppi,17693,256,16,0,0,1,1,1,141,0.22724,0.0497278,13.0039,0,1.04073,2.24308,0.205628,28.9935,32.8137,577536,0.2405,0.3144,0,0.205916,0,1,1
box_detour_wall,oi_face_rot_wide_mppi,17700,256,16,0,0,1,1,1,117,0.224752,0.0187202,10.5215,0,0.925154,1.75296,0.202584,23.7023,26.402,479232,0.2972,0.3388,0,0.20288,0,1,1
box_detour_wall,oi_face_rot_wide_mppi,17707,256,16,0,0,1,1,1,134,0.249551,0.049614,11.5756,0,0.937664,1.83785,0.193275,25.8988,28.3952,548864,0.2719,0.3126,0,0.193522,0,1,1
box_detour_wall,oi_face_rot_wide_mppi,17714,256,16,0,0,1,1,1,131,0.23957,0.119878,12.7161,0,0.709856,0.903898,0.210553,27.5824,31.1237,536576,0.2848,0.3418,0,0.210836,0,1,1
box_detour_wall,oi_face_rot_wide_mppi,17721,256,16,0,0,1,1,1,114,0.23798,0.0517914,11.0009,0,0.770081,1.19931,0.183812,20.9546,22.9866,466944,0.2148,0.222,0,0.184063,0,1,1
box_detour_wall,oi_face_rot_wide_mppi,17728,256,16,0,0,1,1,1,122,0.229747,0.0785215,10.3062,0,0.8174,1.29349,0.203492,24.826,28.4209,499712,0.2638,0.3165,0,0.20384,0,1,1
box_detour_wall,oi_face_rot_wide_mppi,17735,256,16,0,0,1,1,1,121,0.229212,0.0442574,11.3911,0,0.888266,1.57969,0.201498,24.3812,27.604,495616,0.2814,0.3351,0,0.201833,0,1,1
box_detour_wall,oi_face_rot_wide_mppi,17742,256,16,0,0,1,1,1,115,0.236652,0.0857344,10.8946,0,0.696105,1.02395,0.185079,21.2841,23.0677,471040,0.2712,0.3101,0,0.185316,0,1,1
box_detour_wall,oi_face_rot_wide_mppi,17749,256,16,0,0,1,1,1,143,0.244499,0.0882713,12.4242,0,0.871991,1.67164,0.190033,27.1747,29.9115,585728,0.2466,0.3155,0,0.190304,0,1,1
box_detour_wall_far,oi_face_rot_anchor_mppi,17356,256,16,0,0,1,1,1,112,0.236728,0.100397,15.3805,0,0.745061,0.990785,0.191878,21.4903,23.7362,458752,0.2582,0.2717,0,0.192123,0,1,1
box_detour_wall_far,oi_face_rot_anchor_mppi,17363,256,16,0,0,1,1,1,116,0.225976,0.0650694,14.1508,0,0.780268,1.23166,0.192471,22.3266,25.0151,475136,0.2517,0.327,0,0.192787,0,1,1
box_detour_wall_far,oi_face_rot_anchor_mppi,17370,256,16,0,0,1,1,1,106,0.235055,0.0221915,14.0342,0,0.801286,1.18974,0.199705,21.1687,23.7515,434176,0.265,0.3129,0,0.200044,0,1,1
box_detour_wall_far,oi_face_rot_anchor_mppi,17377,256,16,0,0,1,1,1,154,0.239661,0.0673669,18.0364,0,0.81413,1.2799,0.200862,30.9327,34.7144,630784,0.2395,0.3693,0,0.201142,0,1,1
box_detour_wall_far,oi_face_rot_anchor_mppi,17384,256,16,0,0,1,1,1,109,0.240771,0.154573,14.4145,0,0.739596,1.0768,0.206971,22.5598,25.4907,446464,0.2454,0.3592,0,0.207337,0,1,1
box_detour_wall_far,oi_face_rot_anchor_mppi,17391,256,16,0,0,1,1,1,138,0.227743,0.124201,15.8357,0,0.840887,1.38678,0.202926,28.0038,31.5628,565248,0.2747,0.2916,0,0.203206,0,1,1
box_detour_wall_far,oi_face_rot_anchor_mppi,17398,256,16,0,0,1,1,1,105,0.236701,0.0907756,14.1789,0,0.794823,1.13443,0.19484,20.4582,22.8828,430080,0.2657,0.3096,0,0.195138,0,1,1
box_detour_wall_far,oi_face_rot_anchor_mppi,17405,256,16,0,0,1,1,1,106,0.232338,0.108575,14.7385,0,0.774321,1.12948,0.192521,20.4072,22.9245,434176,0.2655,0.2737,0,0.192831,0,1,1
box_detour_wall_far,oi_face_rot_anchor_mppi,17412,256,16,0,0,1,1,1,125,0.247256,0.0339871,14.4635,0,0.980713,1.99566,0.202935,25.3669,28.5378,512000,0.2604,0.3017,0,0.20325,0,1,1
box_detour_wall_far,oi_face_rot_anchor_mppi,17419,256,16,0,0,1,1,1,112,0.235749,0.0542554,13.9462,0,0.731383,1.05376,0.199193,22.3096,25.127,458752,0.2644,0.3134,0,0.19953,0,1,1
box_detour_wall_far,oi_face_rot_anchor_mppi,17426,256,16,0,0,1,1,1,131,0.225968,0.0317497,16.7584,0,0.881028,1.48741,0.190001,24.8901,27.3389,536576,0.2727,0.3023,0,0.190231,0,1,1
box_detour_wall_far,oi_face_rot_anchor_mppi,17433,256,16,0,0,1,1,1,104,0.241158,0.0914505,13.9543,0,0.712319,0.945815,0.17599,18.303,19.7384,425984,0.2146,0.2217,0,0.176239,0,1,1
box_detour_wall_far,oi_face_rot_anchor_mppi,17440,256,16,0,0,1,1,1,128,0.228575,0.0266156,15.4024,0,0.880527,1.52607,0.196099,25.1007,28.0093,524288,0.2611,0.309,0,0.196362,0,1,1
box_detour_wall_far,oi_face_rot_anchor_mppi,17447,256,16,0,0,1,1,1,109,0.226402,0.113015,14.6414,0,0.719454,0.94283,0.17465,19.0369,21.0872,446464,0.2089,0.2402,0,0.174873,0,1,1
box_detour_wall_far,oi_face_rot_anchor_mppi,17454,256,16,0,0,1,1,1,124,0.23527,0.0458976,15.2058,0,0.909377,1.51783,0.184707,22.9037,25.2418,507904,0.2444,0.2786,0,0.184981,0,1,1
box_detour_wall_far,oi_face_rot_anchor_mppi,17461,256,16,0,0,1,1,1,148,0.242057,0.0141409,16.4749,0,0.896749,1.45995,0.214555,31.7541,36.2559,606208,0.2744,0.5621,0,0.214885,0,1,1
box_detour_wall_far,oi_face_rot_anchor_mppi,17468,256,16,0,0,1,1,1,162,0.240939,0.0574249,17.8104,0,0.972842,1.69522,0.2208,35.7696,40.8615,663552,0.2866,0.5345,0,0.221199,0,1,1
box_detour_wall_far,oi_face_rot_anchor_mppi,17475,256,16,0,0,1,1,1,127,0.237627,0.0315126,15.7554,0,0.932347,1.6649,0.211079,26.807,30.4605,520192,0.2699,0.4082,0,0.211441,0,1,1
box_detour_wall_far,oi_face_rot_anchor_mppi,17482,256,16,0,0,1,1,1,119,0.24949,0.00885228,15.1559,0,0.874104,1.45877,0.215637,25.6608,30.3079,487424,0.2758,0.5568,0,0.216013,0,1,1
box_detour_wall_far,oi_face_rot_anchor_mppi,17489,256,16,0,0,1,1,1,118,0.226279,0.0210592,14.0493,0,0.861587,1.32056,0.230119,27.1541,31.2946,483328,0.2867,0.5609,0,0.230512,0,1,1
box_detour_wall_far,oi_face_rot_anchor_mppi,17496,256,16,0,0,1,1,1,166,0.238938,0.0495488,16.7441,0,0.961948,1.69935,0.274508,45.5683,51.4009,679936,0.5404,3.0409,0,0.274867,0,1,1
box_detour_wall_far,oi_face_rot_anchor_mppi,17503,256,16,0,0,1,1,1,151,0.240872,0.0781611,16.5339,0,0.904873,1.49772,0.234903,35.4703,41.2876,618496,0.3519,0.6899,0,0.23532,0,1,1
box_detour_wall_far,oi_face_rot_anchor_mppi,17510,256,16,0,0,1,1,1,154,0.237829,0.0321136,16.5679,0,0.883663,1.52314,0.216869,33.3979,38.1347,630784,0.2825,0.4436,0,0.217243,0,1,1
box_detour_wall_far,oi_face_rot_anchor_mppi,17517,256,16,0,0,1,1,1,117,0.228428,0.0239968,14.516,0,0.879137,1.68751,0.197471,23.1041,26.2719,479232,0.262,0.3431,0,0.197829,0,1,1
box_detour_wall_far,oi_face_rot_anchor_mppi,17524,256,16,0,0,1,1,1,106,0.244163,0.0639092,14.2203,0,0.775021,1.10957,0.207231,21.9665,24.7979,434176,0.2816,0.3843,0,0.207618,0,1,1
box_detour_wall_far,oi_face_rot_anchor_mppi,17531,256,16,0,0,1,1,1,147,0.237937,0.00823217,16.6231,0,0.923753,1.57502,0.21718,31.9255,36.5835,602112,0.3078,0.8893,0,0.217544,0,1,1
box_detour_wall_far,oi_face_rot_anchor_mppi,17538,256,16,0,0,1,1,1,104,0.232135,0.0683767,13.7778,0,0.683585,0.806381,0.22014,22.8946,26.0587,425984,0.3212,0.4987,0,0.220568,0,1,1
box_detour_wall_far,oi_face_rot_anchor_mppi,17545,256,16,0,0,1,1,1,119,0.248316,0.0352646,14.4134,0,0.880751,1.61002,0.234892,27.9522,32.2176,487424,0.342,0.7346,0,0.235287,0,1,1
box_detour_wall_far,oi_face_rot_anchor_mppi,17552,256,16,0,0,1,1,1,109,0.235981,0.0636722,14.4525,0,0.73529,0.984044,0.239742,26.1319,30.3832,446464,0.3503,0.4155,0,0.240172,0,1,1
box_detour_wall_far,oi_face_rot_anchor_mppi,17559,256,16,0,0,1,1,1,106,0.228556,0.00755794,13.5709,0,0.713702,1.01157,0.20801,22.0491,25.2257,434176,0.2716,0.2917,0,0.208452,0,1,1
box_detour_wall_far,oi_face_rot_anchor_mppi,17566,256,16,0,0,1,1,1,136,0.233711,0.00234992,16.8416,0,0.964968,1.76741,0.225624,30.6848,35.1366,557056,0.3044,0.3616,0,0.22598,0,1,1
box_detour_wall_far,oi_face_rot_anchor_mppi,17573,256,16,0,0,1,1,1,117,0.238475,0.0366648,14.2886,0,0.769852,1.13871,0.210194,24.5927,28.0104,479232,0.2642,0.3494,0,0.210536,0,1,1
box_detour_wall_far,oi_face_rot_anchor_mppi,17580,256,16,0,0,1,1,1,135,0.247221,0.0516763,16.1226,0,0.904728,1.36177,0.206805,27.9187,31.5864,552960,0.2866,0.3457,0,0.207093,0,1,1
box_detour_wall_far,oi_face_rot_anchor_mppi,17587,256,16,0,0,1,1,1,145,0.246287,0.0880391,16.4036,0,0.893421,1.41687,0.210971,30.5908,34.6979,593920,0.2785,0.3393,0,0.211328,0,1,1
box_detour_wall_far,oi_face_rot_anchor_mppi,17594,256,16,0,0,1,1,1,190,0.246633,0.0274063,23.1111,0,0.897631,1.48578,0.218495,41.5141,47.4008,778240,0.2886,0.3632,0,0.218785,0,1,1
box_detour_wall_far,oi_face_rot_anchor_mppi,17601,256,16,0,0,1,1,1,161,0.248593,0.113294,16.9521,0,0.854636,1.36949,0.225262,36.2672,41.3123,659456,0.2976,0.4409,0,0.225643,0,1,1
box_detour_wall_far,oi_face_rot_anchor_mppi,17608,256,16,0,0,1,1,1,154,0.229866,0.00369339,16.5247,0,0.838328,1.39309,0.218188,33.6009,38.455,630784,0.2837,0.3531,0,0.218589,0,1,1
box_detour_wall_far,oi_face_rot_anchor_mppi,17615,256,16,0,0,1,1,1,115,0.227445,0.104688,14.3861,0,0.847899,1.29051,0.225101,25.8866,29.662,471040,0.2865,0.3692,0,0.225535,0,1,1
box_detour_wall_far,oi_face_rot_anchor_mppi,17622,256,16,0,0,1,1,1,160,0.240285,0.0392364,17.2174,0,0.848742,1.3118,0.222939,35.6703,40.693,655360,0.3158,0.6271,0,0.223324,0,1,1
box_detour_wall_far,oi_face_rot_anchor_mppi,17629,256,16,0,0,1,1,1,109,0.234749,0.0881543,14.1315,0,0.730316,0.988568,0.215534,23.4932,26.8109,446464,0.303,0.4047,0,0.215953,0,1,1
box_detour_wall_far,oi_face_rot_anchor_mppi,17636,256,16,0,0,1,1,1,112,0.237438,0.123703,14.8925,0,0.876603,1.38271,0.254614,28.5168,33.1849,458752,0.3788,0.6601,0,0.255096,0,1,1
box_detour_wall_far,oi_face_rot_anchor_mppi,17643,256,16,0,0,1,1,1,123,0.22771,0.04932,14.0296,0,0.826497,1.35296,0.230891,28.3996,32.566,503808,0.2891,0.3934,0,0.231286,0,1,1
box_detour_wall_far,oi_face_rot_anchor_mppi,17650,256,16,0,0,1,1,1,127,0.249798,0.0225309,15.0892,0,0.862926,1.45973,0.224398,28.4985,33.0153,520192,0.2899,0.635,0,0.224773,0,1,1
box_detour_wall_far,oi_face_rot_anchor_mppi,17657,256,16,0,0,1,1,1,160,0.227933,0.0139271,17.7115,0,0.825618,1.23934,0.219362,35.0979,40.4915,655360,0.2993,0.4272,0,0.219785,0,1,1
box_detour_wall_far,oi_face_rot_anchor_mppi,17664,256,16,0,0,1,1,1,111,0.247409,0.0321963,15.1014,0,0.754345,0.993473,0.216164,23.9942,27.3565,454656,0.3139,0.4517,0,0.216542,0,1,1
box_detour_wall_far,oi_face_rot_anchor_mppi,17671,256,16,0,0,1,1,1,121,0.229261,0.0659883,14.8372,0,0.730394,0.923269,0.20456,24.7518,27.8027,495616,0.2698,0.3066,0,0.204869,0,1,1
box_detour_wall_far,oi_face_rot_anchor_mppi,17678,256,16,0,0,1,1,1,161,0.238116,0.129605,16.8342,0,0.999414,1.73055,0.209099,33.6649,38.1973,659456,0.2647,0.3966,0,0.20943,0,1,1
box_detour_wall_far,oi_face_rot_anchor_mppi,17685,256,16,0,0,1,1,1,121,0.248339,0.090005,15.2965,0,0.843592,1.33606,0.222718,26.9489,30.5157,495616,0.2756,0.7843,0,0.223116,0,1,1
box_detour_wall_far,oi_face_rot_anchor_mppi,17692,256,16,0,0,1,1,1,134,0.244192,0.015917,14.515,0,0.959226,1.74112,0.22836,30.6003,34.8363,548864,0.3219,0.8156,0,0.228743,0,1,1
box_detour_wall_far,oi_face_rot_anchor_mppi,17699,256,16,0,0,1,1,1,165,0.23721,0.0824631,18.0385,0,0.925831,1.51361,0.233856,38.5863,44.4917,675840,0.3206,0.4854,0,0.234273,0,1,1
box_detour_wall_far,oi_face_rot_anchor_mppi,17706,256,16,0,0,1,1,1,125,0.241592,0.0954194,15.5462,0,0.883695,1.4933,0.273248,34.156,39.2446,512000,0.2826,7.7985,0,0.273655,0,1,1
box_detour_wall_far,oi_face_rot_anchor_mppi,17713,256,16,0,0,1,1,1,134,0.238139,0.0108492,15.5277,0,0.879292,1.37335,0.222748,29.8482,34.0968,548864,0.34,0.5517,0,0.223366,0,1,1
box_detour_wall_far,oi_face_rot_anchor_mppi,17720,256,16,0,0,1,1,1,120,0.227079,0.0369311,15.0301,0,0.789975,1.11151,0.222293,26.6751,30.3034,491520,0.2827,0.8237,0,0.222697,0,1,1
box_detour_wall_far,oi_face_rot_anchor_mppi,17727,256,16,0,0,1,1,1,136,0.23257,0.0402914,17.5736,0,0.811985,1.33884,0.248194,33.7544,40.0166,557056,0.4056,0.9627,0,0.248589,0,1,1
box_detour_wall_far,oi_face_rot_anchor_mppi,17734,256,16,0,0,1,1,1,103,0.246346,0.0279286,13.9061,0,0.697408,0.786008,0.224593,23.1331,26.2885,421888,0.2718,0.7918,0,0.225046,0,1,1
box_detour_wall_far,oi_face_rot_anchor_mppi,17741,256,16,0,0,1,1,1,178,0.237124,0.0767132,17.9172,0,0.953763,1.65443,0.208679,37.1449,42.0823,729088,0.2892,0.4113,0,0.209003,0,1,1
box_detour_wall_far,oi_face_rot_anchor_mppi,17748,256,16,0,0,1,1,1,109,0.242143,0.0390166,14.4799,0,0.723075,0.994837,0.242618,26.4454,30.582,446464,0.3033,0.5346,0,0.243084,0,1,1
box_detour_wall_far,oi_face_rot_anchor_mppi,17755,256,16,0,0,1,1,1,143,0.247807,0.0994242,17.5991,0,0.945071,1.52185,0.307298,43.9436,59.9343,585728,0.5848,2.6792,0,0.30788,0,1,1
box_detour_wall_far,oi_face_rot_anchor_mppi,17762,256,16,0,0,1,1,1,108,0.248508,0.0323671,14.6407,0,0.748696,1.04864,0.258188,27.8843,31.9657,442368,0.3559,1.4365,0,0.258655,0,1,1
box_detour_wall_far,oi_face_rot_anchor_mppi,17769,256,16,0,0,1,1,1,121,0.229373,0.0650779,14.8388,0,0.924984,1.71676,0.244433,29.5764,33.9178,495616,0.4367,1.1152,0,0.24488,0,1,1
box_detour_wall_far,oi_face_rot_anchor_mppi,17776,256,16,0,0,1,1,1,152,0.245779,0.0917575,16.4001,0,0.894386,1.50332,0.222455,33.8132,39.0298,622592,0.2722,0.301,0,0.222856,0,1,1
box_detour_wall_far,oi_face_rot_anchor_mppi,17783,256,16,0,0,1,1,1,160,0.241369,0.0471197,17.638,0,0.949632,1.60285,0.231526,37.0442,43.2356,655360,0.3449,0.4644,0,0.231866,0,1,1
box_detour_wall_far,oi_face_rot_anchor_mppi,17790,256,16,0,0,1,1,1,109,0.23172,0.00724931,14.7635,0,0.753996,0.951444,0.216775,23.6285,26.4962,446464,0.2696,0.8181,0,0.217326,0,1,1
box_detour_wall_far,oi_face_rot_anchor_mppi,17797,256,16,0,0,1,1,1,153,0.234515,0.0864546,17.3665,0,0.942792,1.59655,0.198322,30.3433,34.1554,626688,0.2594,0.329,0,0.198639,0,1,1
box_detour_wall_far,oi_face_rot_anchor_mppi,17804,256,16,0,0,1,1,1,147,0.238806,0.0315425,16.7387,0,0.977023,1.67611,0.20115,29.5691,33.7801,602112,0.2714,0.3121,0,0.201605,0,1,1
box_detour_wall_far,oi_face_rot_anchor_mppi,17811,256,16,0,0,1,1,1,106,0.242426,0.0133663,14.1783,0,0.813016,1.24282,0.20477,21.7056,24.5077,434176,0.2924,0.3356,0,0.205147,0,1,1
box_detour_wall_far,oi_face_rot_anchor_mppi,17818,256,16,0,0,1,1,1,170,0.244718,0.111258,17.0856,0,0.957996,1.61077,0.183554,31.2042,34.5083,696320,0.2334,0.2711,0,0.183798,0,1,1
box_detour_wall_far,oi_face_rot_anchor_mppi,17825,256,16,0,0,1,1,1,166,0.241467,0.0562822,17.6642,0,0.936119,1.60617,0.200128,33.2213,37.5824,679936,0.2564,0.319,0,0.200405,0,1,1
box_detour_wall_far,oi_face_rot_anchor_mppi,17832,256,16,0,0,1,1,1,130,0.227733,0.137069,15.394,0,0.799136,1.07947,0.208758,27.1386,30.8569,532480,0.3053,0.5036,0,0.209103,0,1,1
box_detour_wall_far,oi_face_rot_anchor_mppi,17839,256,16,0,0,1,1,1,105,0.241238,0.0301218,14.1994,0,0.676375,0.786037,0.208447,21.8869,24.8548,430080,0.2936,0.3511,0,0.208862,0,1,1
box_detour_wall_far,oi_face_rot_anchor_mppi,17846,256,16,0,0,1,1,1,108,0.245308,0.0752646,14.6093,0,0.750467,1.08112,0.217718,23.5135,26.8955,442368,0.3031,0.3714,0,0.218172,0,1,1
box_detour_wall_far,oi_face_rot_anchor_mppi,17853,256,16,0,0,1,1,1,165,0.233271,0.0136314,17.3958,0,0.977165,1.76173,0.19651,32.4241,36.6963,675840,0.2472,0.3071,0,0.196815,0,1,1
box_detour_wall_far,oi_face_rot_anchor_mppi,17860,256,16,0,0,1,1,1,123,0.248042,0.054382,14.1286,0,0.847171,1.3647,0.201452,24.7786,28.3053,503808,0.2577,0.3496,0,0.20176,0,1,1
box_detour_wall_far,oi_face_rot_anchor_mppi,17867,256,16,0,0,1,1,1,159,0.228514,0.00341871,18.4,0,1.00894,1.90576,0.201494,32.0376,35.8089,651264,0.2986,0.3611,0,0.201838,0,1,1
box_detour_wall_far,oi_face_rot_anchor_mppi,17874,256,16,0,0,1,1,1,108,0.240286,0.0398031,14.4724,0,0.690248,0.931793,0.202437,21.8632,24.6188,442368,0.269,0.3581,0,0.202763,0,1,1
box_detour_wall_far,oi_face_rot_anchor_mppi,17881,256,16,0,0,1,1,1,139,0.228467,0.10264,16.4745,0,0.847208,1.14626,0.199962,27.7947,31.139,569344,0.2683,0.317,0,0.200253,0,1,1
box_detour_wall_far,oi_face_rot_anchor_mppi,17888,256,16,0,0,1,1,1,142,0.226779,0.0875213,16.4133,0,0.889611,1.54829,0.197617,28.0616,31.3738,581632,0.2832,0.3385,0,0.198063,0,1,1
box_detour_wall_far,oi_face_rot_anchor_mppi,17895,256,16,0,0,1,1,1,107,0.231195,0.0136956,14.7873,0,0.731773,1.00446,0.192589,20.607,22.987,438272,0.284,0.3415,0,0.192929,0,1,1
box_detour_wall_far,oi_face_rot_anchor_mppi,17902,256,16,0,0,1,1,1,152,0.229594,0.110299,19.8933,0,0.760746,1.04371,0.194109,29.5046,33.3657,622592,0.2579,0.309,0,0.19442,0,1,1
box_detour_wall_far,oi_face_rot_anchor_mppi,17909,256,16,0,0,1,1,1,107,0.229202,0.0543407,13.9848,0,0.690429,0.874774,0.205969,22.0387,24.6159,438272,0.2971,0.3417,0,0.20632,0,1,1
box_detour_wall_far,oi_face_rot_anchor_mppi,17916,256,16,0,0,1,1,1,188,0.232169,0.0330222,18.6718,0,1.02491,1.93193,0.19587,36.8236,40.9661,770048,0.2865,0.3244,0,0.196075,0,1,1
box_detour_wall_far,oi_face_rot_anchor_mppi,17923,256,16,0,0,1,1,1,111,0.244129,0.103708,15.1485,0,0.812532,1.13993,0.206214,22.8897,25.8635,454656,0.2792,0.3653,0,0.20654,0,1,1
box_detour_wall_far,oi_face_rot_anchor_mppi,17930,256,16,0,0,1,1,1,153,0.231713,0.0161745,16.8058,0,0.973283,1.85109,0.182618,27.9406,30.426,626688,0.2543,0.3148,0,0.182849,0,1,1
box_detour_wall_far,oi_face_rot_anchor_mppi,17937,256,16,0,0,1,1,1,176,0.23014,0.107091,17.3018,0,1.13821,2.2132,0.192814,33.9353,37.4148,720896,0.2892,0.3334,0,0.193056,0,1,1
box_detour_wall_far,oi_face_rot_anchor_mppi,17944,256,16,0,0,1,1,1,175,0.23209,0.0117397,17.3883,0,1.02765,2.01317,0.189994,33.249,36.8084,716800,0.2612,0.3054,0,0.190242,0,1,1
box_detour_wall_far,oi_face_rot_anchor_mppi,17951,256,16,0,0,1,1,1,142,0.229404,0.0972795,15.3085,0,0.797098,1.24635,0.191878,27.2467,29.9552,581632,0.2603,0.3103,0,0.192144,0,1,1
box_detour_wall_far,oi_face_rot_anchor_mppi,17958,256,16,0,0,1,1,1,142,0.240544,0.0715759,16.983,0,0.974026,1.85867,0.196448,27.8956,31.2501,581632,0.2617,0.3154,0,0.196746,0,1,1
box_detour_wall_far,oi_face_rot_anchor_mppi,17965,256,16,0,0,1,1,1,170,0.236188,0.0711179,17.3132,0,0.884177,1.40773,0.196899,33.4728,37.1785,696320,0.2796,0.3759,0,0.197145,0,1,1
box_detour_wall_far,oi_face_rot_anchor_mppi,17972,256,16,0,0,1,1,1,110,0.228856,0.0107496,14.4467,0,0.76851,1.05476,0.204085,22.4494,24.9877,450560,0.3019,0.3454,0,0.204402,0,1,1
box_detour_wall_far,oi_face_rot_anchor_mppi,17979,256,16,0,0,1,1,1,139,0.22394,0.0148224,15.4772,0,0.868143,1.35659,0.18425,25.6107,28.2407,569344,0.2823,0.386,0,0.184483,0,1,1
box_detour_wall_far,oi_face_rot_anchor_mppi,17986,256,16,0,0,1,1,1,131,0.222407,0.0672522,18.154,0,0.755667,1.28373,0.182508,23.9085,26.2718,536576,0.2672,0.3303,0,0.182747,0,1,1
box_detour_wall_far,oi_face_rot_anchor_mppi,17993,256,16,0,0,1,1,1,158,0.226902,0.0556305,17.087,0,1.08887,2.04563,0.193034,30.4993,33.7592,647168,0.2522,0.3021,0,0.193294,0,1,1
box_detour_wall_far,oi_face_rot_anchor_mppi,18000,256,16,0,0,1,1,1,124,0.241712,0.000262683,15.4801,0,0.802373,1.18462,0.195767,24.2751,26.9488,507904,0.2584,0.3151,0,0.196066,0,1,1
box_detour_wall_far,oi_face_rot_anchor_mppi,18007,256,16,0,0,1,1,1,106,0.232232,0.0265051,13.7777,0,0.772297,1.04388,0.19577,20.7516,22.9633,434176,0.2486,0.3516,0,0.19604,0,1,1
box_detour_wall_far,oi_face_rot_anchor_mppi,18014,256,16,0,0,1,1,1,124,0.228503,0.00695994,15.0396,0,0.746912,1.0373,0.201114,24.9381,27.7015,507904,0.2613,0.3027,0,0.201381,0,1,1
box_detour_wall_far,oi_face_rot_anchor_mppi,18021,256,16,0,0,1,1,1,165,0.23003,0.0748162,17.5158,0,0.921843,1.51883,0.184846,30.4996,33.3117,675840,0.2544,0.3652,0,0.185101,0,1,1
box_detour_wall_far,oi_face_rot_anchor_mppi,18028,256,16,0,0,1,1,1,106,0.249934,0.0455485,14.2261,0,0.760381,1.0708,0.193597,20.5213,22.4435,434176,0.3038,0.3441,0,0.193857,0,1,1
box_detour_wall_far,oi_face_rot_anchor_mppi,18035,256,16,0,0,1,1,1,172,0.243594,0.0420401,18.3462,0,1.12765,2.32478,0.187384,32.2301,35.1347,704512,0.2469,0.3451,0,0.187597,0,1,1
box_detour_wall_far,oi_face_rot_anchor_mppi,18042,256,16,0,0,1,1,1,114,0.232732,0.0460228,15.5264,0,0.807294,1.14835,0.200136,22.8155,25.5493,466944,0.2791,0.3342,0,0.200456,0,1,1
box_detour_wall_far,oi_face_rot_anchor_mppi,18049,256,16,0,0,1,1,1,135,0.232922,0.0424262,15.8582,0,0.924828,1.53899,0.21261,28.7024,32.1672,552960,0.2726,0.3063,0,0.212893,0,1,1
box_detour_wall_far,oi_face_rot_pstall_mppi,17356,256,16,0,0,1,1,1,120,0.233062,0.00845255,16.9915,0,0.774176,1.00665,0.217276,26.0731,29.7967,491520,0.2901,0.3395,0,0.217631,0,1,1
box_detour_wall_far,oi_face_rot_pstall_mppi,17363,256,16,0,0,1,1,1,101,0.239793,0.053519,13.4647,0,0.703155,0.880569,0.212446,21.457,24.1275,413696,0.3082,0.3609,0,0.212809,0,1,1
box_detour_wall_far,oi_face_rot_pstall_mppi,17370,256,16,0,0,1,1,1,105,0.238933,0.0127628,14.0609,0,0.811781,1.17831,0.198897,20.8842,23.6686,430080,0.2779,0.3036,0,0.199313,0,1,1
box_detour_wall_far,oi_face_rot_pstall_mppi,17377,256,16,0,0,1,1,1,142,0.248001,0.0402424,15.7633,0,0.86351,1.42406,0.198177,28.1411,31.5253,581632,0.2605,0.2827,0,0.19851,0,1,1
box_detour_wall_far,oi_face_rot_pstall_mppi,17384,256,16,0,0,1,1,1,139,0.226375,0.029441,16.4546,0,0.745251,0.977478,0.196315,27.2878,30.6482,569344,0.2975,0.3202,0,0.196565,0,1,1
box_detour_wall_far,oi_face_rot_pstall_mppi,17391,256,16,0,0,1,1,1,157,0.237065,0.115383,15.9055,0,0.965228,1.68452,0.190028,29.8344,32.9101,643072,0.2751,0.3123,0,0.190285,0,1,1
box_detour_wall_far,oi_face_rot_pstall_mppi,17398,256,16,0,0,1,1,1,144,0.244755,0.0789324,16.1106,0,1.01329,1.92017,0.194352,27.9867,30.8876,589824,0.2612,0.3752,0,0.194679,0,1,1
box_detour_wall_far,oi_face_rot_pstall_mppi,17405,256,16,0,0,1,1,1,152,0.241637,0.00662781,17.2281,0,0.865326,1.41887,0.202249,30.7418,34.3676,622592,0.2756,0.34,0,0.20254,0,1,1
box_detour_wall_far,oi_face_rot_pstall_mppi,17412,256,16,0,0,1,1,1,125,0.249811,0.106194,14.3846,0,0.990559,1.93784,0.186367,23.2959,25.829,512000,0.241,0.2843,0,0.186671,0,1,1
box_detour_wall_far,oi_face_rot_pstall_mppi,17419,256,16,0,0,1,1,1,101,0.22786,0.0308364,13.3022,0,0.708218,0.869133,0.199751,20.1749,22.5024,413696,0.2728,0.3495,0,0.20012,0,1,1
box_detour_wall_far,oi_face_rot_pstall_mppi,17426,256,16,0,0,1,1,1,143,0.227427,0.0554846,17.0259,0,0.96476,1.61263,0.205317,29.3603,32.5353,585728,0.2806,0.3273,0,0.205587,0,1,1
box_detour_wall_far,oi_face_rot_pstall_mppi,17433,256,16,0,0,1,1,1,109,0.236924,0.0179234,14.5083,0,0.824864,1.19063,0.201473,21.9606,24.8662,446464,0.2359,0.2726,0,0.20181,0,1,1
box_detour_wall_far,oi_face_rot_pstall_mppi,17440,256,16,0,0,1,1,1,145,0.24976,0.0381582,17.2138,0,0.821271,1.18048,0.185721,26.9296,29.5491,593920,0.2459,0.3123,0,0.185998,0,1,1
box_detour_wall_far,oi_face_rot_pstall_mppi,17447,256,16,0,0,1,1,1,150,0.238563,0.0621553,17.0615,0,0.91645,1.40557,0.199811,29.9716,33.5274,614400,0.2659,0.3091,0,0.200075,0,1,1
box_detour_wall_far,oi_face_rot_pstall_mppi,17454,256,16,0,0,1,1,1,139,0.23229,0.0846342,15.8008,0,0.869181,1.44707,0.197996,27.5215,30.3285,569344,0.2933,0.3416,0,0.19825,0,1,1
box_detour_wall_far,oi_face_rot_pstall_mppi,17461,256,16,0,0,1,1,1,107,0.241794,0.00916823,13.9732,0,0.798139,1.01688,0.190764,20.4117,22.164,438272,0.3074,0.3327,0,0.191004,0,1,1
box_detour_wall_far,oi_face_rot_pstall_mppi,17468,256,16,0,0,1,1,1,126,0.242942,0.0110997,15.2981,0,0.921394,1.81684,0.188063,23.6959,25.9791,516096,0.2627,0.363,0,0.188292,0,1,1
box_detour_wall_far,oi_face_rot_pstall_mppi,17475,256,16,0,0,1,1,1,118,0.230851,0.0328149,15.0532,0,0.950544,1.81505,0.189616,22.3747,24.5353,483328,0.27,0.313,0,0.189861,0,1,1
box_detour_wall_far,oi_face_rot_pstall_mppi,17482,256,16,0,0,1,1,1,130,0.234192,0.103386,15.4585,0,1.01097,1.89574,0.194796,25.3235,28.0185,532480,0.2711,0.3545,0,0.195092,0,1,1
box_detour_wall_far,oi_face_rot_pstall_mppi,17489,256,16,0,0,1,1,1,151,0.235387,0.0481776,16.6031,0,0.876073,1.38581,0.185642,28.032,30.1896,618496,0.2771,0.3159,0,0.185856,0,1,1
box_detour_wall_far,oi_face_rot_pstall_mppi,17496,256,16,0,0,1,1,1,126,0.2374,0.0874546,14.8267,0,0.855406,1.26345,0.201017,25.3281,28.2837,516096,0.3108,0.319,0,0.201278,0,1,1
box_detour_wall_far,oi_face_rot_pstall_mppi,17503,256,16,0,0,1,1,1,118,0.240174,0.0684565,14.6115,0,0.989904,1.82179,0.202396,23.8827,27.2009,483328,0.3045,0.3196,0,0.202732,0,1,1
box_detour_wall_far,oi_face_rot_pstall_mppi,17510,256,16,0,0,1,1,1,121,0.234636,0.158433,16.7959,0,0.6755,0.794388,0.198463,24.014,26.9631,495616,0.3008,0.3335,0,0.198784,0,1,1
box_detour_wall_far,oi_face_rot_pstall_mppi,17517,256,16,0,0,1,1,1,143,0.236508,0.0119324,16.3038,0,0.781885,1.1025,0.189273,27.0661,30.0117,585728,0.2843,0.3465,0,0.189748,0,1,1
box_detour_wall_far,oi_face_rot_pstall_mppi,17524,256,16,0,0,1,1,1,151,0.234551,0.0136238,17.1271,0,0.941296,1.6266,0.203624,30.7472,34.6242,618496,0.3073,0.3386,0,0.203944,0,1,1
box_detour_wall_far,oi_face_rot_pstall_mppi,17531,256,16,0,0,1,1,1,124,0.242802,0.0103164,15.3537,0,0.78994,1.20941,0.205994,25.5433,28.5197,507904,0.2786,0.3246,0,0.206277,0,1,1
box_detour_wall_far,oi_face_rot_pstall_mppi,17538,256,16,0,0,1,1,1,100,0.234255,0.0254519,13.5357,0,0.698853,0.857041,0.187819,18.7819,20.5304,409600,0.2658,0.3661,0,0.188114,0,1,1
box_detour_wall_far,oi_face_rot_pstall_mppi,17545,256,16,0,0,1,1,1,101,0.244022,0.0616519,13.5241,0,0.767925,0.968985,0.198762,20.075,22.2098,413696,0.3027,0.3172,0,0.199052,0,1,1
box_detour_wall_far,oi_face_rot_pstall_mppi,17552,256,16,0,0,1,1,1,139,0.226408,0.00997463,16.3095,0,0.801076,1.11487,0.19184,26.6657,29.6653,569344,0.273,0.3395,0,0.192094,0,1,1
box_detour_wall_far,oi_face_rot_pstall_mppi,17559,256,16,0,0,1,1,1,104,0.244397,0.0438712,13.4482,0,0.829196,1.28024,0.196148,20.3994,22.8454,425984,0.2672,0.3172,0,0.196486,0,1,1
box_detour_wall_far,oi_face_rot_pstall_mppi,17566,256,16,0,0,1,1,1,125,0.247256,0.0311526,15.7063,0,0.861186,1.35199,0.241047,30.1309,34.9367,512000,0.376,0.573,0,0.2413,0,1,1
box_detour_wall_far,oi_face_rot_pstall_mppi,17573,256,16,0,0,1,1,1,104,0.241957,0.106738,13.6876,0,0.667076,0.784113,0.201862,20.9937,23.5056,425984,0.3061,0.3425,0,0.202156,0,1,1
box_detour_wall_far,oi_face_rot_pstall_mppi,17580,256,16,0,0,1,1,1,107,0.231116,0.0198152,14.5416,0,0.796229,1.0459,0.208654,22.326,25.3261,438272,0.309,0.3464,0,0.20896,0,1,1
box_detour_wall_far,oi_face_rot_pstall_mppi,17587,256,16,0,0,1,1,1,119,0.237453,0.0321583,14.7685,0,0.801748,1.17202,0.234916,27.955,32.4347,487424,0.418,0.5427,0,0.235218,0,1,1
box_detour_wall_far,oi_face_rot_pstall_mppi,17594,256,16,0,0,1,1,1,144,0.232768,0.0154103,18.7147,0,0.899939,1.50124,0.191431,27.5661,30.5354,589824,0.2841,0.4091,0,0.191697,0,1,1
box_detour_wall_far,oi_face_rot_pstall_mppi,17601,256,16,0,0,1,1,1,134,0.237449,0.133797,15.8879,0,0.824619,1.20878,0.207231,27.7689,31.1959,548864,0.2848,0.3264,0,0.207543,0,1,1
box_detour_wall_far,oi_face_rot_pstall_mppi,17608,256,16,0,0,1,1,1,139,0.24624,0.07446,15.843,0,0.858655,1.32165,0.18869,26.2279,28.9782,569344,0.2873,0.3835,0,0.188991,0,1,1
box_detour_wall_far,oi_face_rot_pstall_mppi,17615,256,16,0,0,1,1,1,115,0.24418,0.0639601,14.4429,0,0.84694,1.23758,0.210264,24.1803,27.5034,471040,0.2822,0.3095,0,0.210609,0,1,1
box_detour_wall_far,oi_face_rot_pstall_mppi,17622,256,16,0,0,1,1,1,122,0.230408,0.0213283,14.6058,0,0.850761,1.3899,0.205298,25.0463,27.7508,499712,0.3059,0.3632,0,0.205598,0,1,1
box_detour_wall_far,oi_face_rot_pstall_mppi,17629,256,16,0,0,1,1,1,133,0.243391,0.0415645,15.1618,0,0.845877,1.36143,0.196022,26.0709,28.7563,544768,0.2774,0.3452,0,0.196299,0,1,1
box_detour_wall_far,oi_face_rot_pstall_mppi,17636,256,16,0,0,1,1,1,126,0.245959,0.0839866,15.0751,0,1.06318,2.06301,0.191291,24.1027,26.6766,516096,0.2643,0.3022,0,0.191561,0,1,1
box_detour_wall_far,oi_face_rot_pstall_mppi,17643,256,16,0,0,1,1,1,127,0.241746,0.0877308,14.8001,0,0.886266,1.4232,0.221457,28.125,31.5633,520192,0.3025,0.4332,0,0.221745,0,1,1
box_detour_wall_far,oi_face_rot_pstall_mppi,17650,256,16,0,0,1,1,1,125,0.232495,0.145646,17.9598,0,0.734857,0.948578,0.185521,23.1901,25.6061,512000,0.3007,0.3446,0,0.185722,0,1,1
box_detour_wall_far,oi_face_rot_pstall_mppi,17657,256,16,0,0,1,1,1,146,0.244576,0.0675433,16.8161,0,0.843549,1.34163,0.206969,30.2175,34.2334,598016,0.2851,0.326,0,0.207311,0,1,1
box_detour_wall_far,oi_face_rot_pstall_mppi,17664,256,16,0,0,1,1,1,131,0.231866,0.00643406,15.7767,0,0.819784,1.30675,0.194858,25.5264,28.1575,536576,0.2554,0.3163,0,0.195105,0,1,1
box_detour_wall_far,oi_face_rot_pstall_mppi,17671,256,16,0,0,1,1,1,106,0.237008,0.148098,14.2183,0,0.787316,1.1207,0.192245,20.378,22.5428,434176,0.2327,0.2753,0,0.192561,0,1,1
box_detour_wall_far,oi_face_rot_pstall_mppi,17678,256,16,0,0,1,1,1,141,0.243817,0.0350221,17.372,0,0.89835,1.41726,0.18004,25.3857,27.5444,577536,0.2163,0.274,0,0.18025,0,1,1
box_detour_wall_far,oi_face_rot_pstall_mppi,17685,256,16,0,0,1,1,1,108,0.233244,0.10183,14.7685,0,0.760894,0.915836,0.198487,21.4366,24.1743,442368,0.2814,0.3511,0,0.198883,0,1,1
box_detour_wall_far,oi_face_rot_pstall_mppi,17692,256,16,0,0,1,1,1,111,0.24962,0.040959,14.7119,0,0.699255,0.805808,0.188632,20.9382,22.8497,454656,0.2825,0.3379,0,0.188871,0,1,1
box_detour_wall_far,oi_face_rot_pstall_mppi,17699,256,16,0,0,1,1,1,115,0.237661,0.0484564,15.4212,0,0.792337,1.08463,0.206975,23.8021,26.9386,471040,0.2832,0.3262,0,0.207298,0,1,1
box_detour_wall_far,oi_face_rot_pstall_mppi,17706,256,16,0,0,1,1,1,122,0.226728,0.0262035,15.2685,0,0.94292,1.63876,0.186423,22.7436,24.7786,499712,0.264,0.3761,0,0.186648,0,1,1
box_detour_wall_far,oi_face_rot_pstall_mppi,17713,256,16,0,0,1,1,1,152,0.237915,0.110891,16.4639,0,0.968266,1.75335,0.202831,30.8303,34.5806,622592,0.2786,0.3508,0,0.203104,0,1,1
box_detour_wall_far,oi_face_rot_pstall_mppi,17720,256,16,0,0,1,1,1,119,0.229128,0.0923415,14.7742,0,0.806124,1.19634,0.190818,22.7074,24.641,487424,0.2958,0.3677,0,0.191101,0,1,1
box_detour_wall_far,oi_face_rot_pstall_mppi,17727,256,16,0,0,1,1,1,175,0.235447,0.0294985,19.8955,0,0.894707,1.47383,0.192241,33.6421,37.4016,716800,0.2679,0.334,0,0.192492,0,1,1
box_detour_wall_far,oi_face_rot_pstall_mppi,17734,256,16,0,0,1,1,1,134,0.24964,0.0328932,15.6189,0,0.897597,1.60864,0.201319,26.9767,30.3731,548864,0.2601,0.3264,0,0.201587,0,1,1
box_detour_wall_far,oi_face_rot_pstall_mppi,17741,256,16,0,0,1,1,1,104,0.229045,0.00698845,13.693,0,0.788026,1.04513,0.182353,18.9647,20.58,425984,0.2108,0.2304,0,0.182635,0,1,1
box_detour_wall_far,oi_face_rot_pstall_mppi,17748,256,16,0,0,1,1,1,116,0.231754,0.0439416,14.6533,0,0.88652,1.45839,0.196043,22.741,25.3734,475136,0.2583,0.2858,0,0.196369,0,1,1
box_detour_wall_far,oi_face_rot_pstall_mppi,17755,256,16,0,0,1,1,1,140,0.236433,0.0704037,17.3167,0,0.828035,1.21982,0.198789,27.8304,31.3193,573440,0.2667,0.3166,0,0.199056,0,1,1
box_detour_wall_far,oi_face_rot_pstall_mppi,17762,256,16,0,0,1,1,1,106,0.230888,0.0670319,14.1705,0,0.732482,0.941561,0.197244,20.9079,23.1675,434176,0.2566,0.3023,0,0.197571,0,1,1
box_detour_wall_far,oi_face_rot_pstall_mppi,17769,256,16,0,0,1,1,1,119,0.246176,0.0128706,14.1797,0,0.888763,1.50795,0.196466,23.3795,26.4237,487424,0.2637,0.3544,0,0.196774,0,1,1
box_detour_wall_far,oi_face_rot_pstall_mppi,17776,256,16,0,0,1,1,1,153,0.227351,0.035188,16.7109,0,0.83686,1.32157,0.20077,30.7178,34.2515,626688,0.2607,0.3508,0,0.201052,0,1,1
box_detour_wall_far,oi_face_rot_pstall_mppi,17783,256,16,0,0,1,1,1,108,0.243638,0.0199132,14.4631,0,0.822544,1.14781,0.185565,20.041,22.3223,442368,0.2133,0.2317,0,0.185889,0,1,1
box_detour_wall_far,oi_face_rot_pstall_mppi,17790,256,16,0,0,1,1,1,106,0.239394,0.090357,14.5138,0,0.759322,1.0166,0.202353,21.4494,24.3676,434176,0.2961,0.3851,0,0.202693,0,1,1
box_detour_wall_far,oi_face_rot_pstall_mppi,17797,256,16,0,0,1,1,1,133,0.246301,0.0740854,16.4606,0,0.797221,1.1803,0.190418,25.3256,27.8465,544768,0.2999,0.3415,0,0.190655,0,1,1
box_detour_wall_far,oi_face_rot_pstall_mppi,17804,256,16,0,0,1,1,1,148,0.232065,0.106334,19.2272,0,0.867899,1.27608,0.192466,28.4849,31.77,606208,0.2809,0.3514,0,0.192728,0,1,1
box_detour_wall_far,oi_face_rot_pstall_mppi,17811,256,16,0,0,1,1,1,119,0.229379,0.101994,14.2436,0,0.881456,1.4499,0.199319,23.7189,26.6512,487424,0.2598,0.307,0,0.199613,0,1,1
box_detour_wall_far,oi_face_rot_pstall_mppi,17818,256,16,0,0,1,1,1,156,0.241913,0.0754075,15.6447,0,1.02448,2.06796,0.199628,31.1419,35.1242,638976,0.2568,0.3191,0,0.199927,0,1,1
box_detour_wall_far,oi_face_rot_pstall_mppi,17825,256,16,0,0,1,1,1,106,0.245997,0.0294764,14.1129,0,0.749642,0.995407,0.207127,21.9555,24.5032,434176,0.2899,0.337,0,0.207419,0,1,1
box_detour_wall_far,oi_face_rot_pstall_mppi,17832,256,16,0,0,1,1,1,150,0.22462,0.0887403,15.7815,0,0.900997,1.53126,0.223689,33.5534,38.5577,614400,0.3245,0.3917,0,0.224007,0,1,1
box_detour_wall_far,oi_face_rot_pstall_mppi,17839,256,16,0,0,1,1,1,150,0.248514,0.0860602,17.2246,0,0.804576,1.15073,0.200623,30.0935,33.929,614400,0.2742,0.3105,0,0.200931,0,1,1
box_detour_wall_far,oi_face_rot_pstall_mppi,17846,256,16,0,0,1,1,1,136,0.231656,0.0181701,15.8277,0,0.846676,1.3446,0.204811,27.8543,31.4544,557056,0.2951,0.3157,0,0.205282,0,1,1
box_detour_wall_far,oi_face_rot_pstall_mppi,17853,256,16,0,0,1,1,1,185,0.248993,0.0989581,19.2841,0,1.11423,2.48985,0.183226,33.8969,37.2882,757760,0.2588,0.3393,0,0.183432,0,1,1
box_detour_wall_far,oi_face_rot_pstall_mppi,17860,256,16,0,0,1,1,1,107,0.236246,0.150628,13.9957,0,0.671262,0.807881,0.203357,21.7592,24.6533,438272,0.2966,0.316,0,0.203685,0,1,1
box_detour_wall_far,oi_face_rot_pstall_mppi,17867,256,16,0,0,1,1,1,110,0.238608,0.16801,15.1455,0,0.70485,0.997536,0.194036,21.344,24.0095,450560,0.2811,0.3499,0,0.194324,0,1,1
box_detour_wall_far,oi_face_rot_pstall_mppi,17874,256,16,0,0,1,1,1,136,0.231801,0.113291,15.8685,0,0.805907,1.08981,0.201401,27.3906,30.922,557056,0.2638,0.2931,0,0.201668,0,1,1
box_detour_wall_far,oi_face_rot_pstall_mppi,17881,256,16,0,0,1,1,1,169,0.243453,0.144067,17.7547,0,1.06371,1.90503,0.193656,32.7279,36.3743,692224,0.2701,0.3129,0,0.193922,0,1,1
box_detour_wall_far,oi_face_rot_pstall_mppi,17888,256,16,0,0,1,1,1,159,0.248424,0.0149773,16.5414,0,0.975673,1.72354,0.195836,31.138,34.9212,651264,0.2751,0.3391,0,0.196112,0,1,1
box_detour_wall_far,oi_face_rot_pstall_mppi,17895,256,16,0,0,1,1,1,121,0.23611,0.0899846,14.7135,0,0.942637,1.76225,0.189922,22.9806,25.6398,495616,0.2422,0.3177,0,0.190207,0,1,1
box_detour_wall_far,oi_face_rot_pstall_mppi,17902,256,16,0,0,1,1,1,187,0.238287,0.0687114,22.2354,0,0.762833,1.05399,0.202965,37.9545,42.2851,765952,0.2718,0.3774,0,0.203217,0,1,1
box_detour_wall_far,oi_face_rot_pstall_mppi,17909,256,16,0,0,1,1,1,108,0.22988,0.0630768,14.6641,0,0.707595,0.903299,0.204845,22.1233,24.8926,442368,0.2685,0.3429,0,0.205163,0,1,1
box_detour_wall_far,oi_face_rot_pstall_mppi,17916,256,16,0,0,1,1,1,124,0.229763,0.109182,17.7506,0,0.712021,0.838931,0.196018,24.3062,26.8912,507904,0.2639,0.3241,0,0.196322,0,1,1
box_detour_wall_far,oi_face_rot_pstall_mppi,17923,256,16,0,0,1,1,1,135,0.238837,0.0215754,16.2165,0,0.923806,1.49666,0.192828,26.0318,29.1868,552960,0.2762,0.2996,0,0.19309,0,1,1
box_detour_wall_far,oi_face_rot_pstall_mppi,17930,256,16,0,0,1,1,1,150,0.244558,0.0295414,16.4876,0,1.00135,1.92117,0.193771,29.0657,32.5221,614400,0.2907,0.3132,0,0.194047,0,1,1
box_detour_wall_far,oi_face_rot_pstall_mppi,17937,256,16,0,0,1,1,1,167,0.242303,0.0503281,17.0671,0,1.08335,2.10198,0.209125,34.9239,39.4658,684032,0.281,0.3315,0,0.209436,0,1,1
box_detour_wall_far,oi_face_rot_pstall_mppi,17944,256,16,0,0,1,1,1,120,0.241408,0.123143,14.7493,0,0.817535,1.34052,0.200228,24.0274,26.9481,491520,0.2613,0.3057,0,0.200518,0,1,1
box_detour_wall_far,oi_face_rot_pstall_mppi,17951,256,16,0,0,1,1,1,119,0.24293,0.0704711,14.241,0,0.775161,1.09601,0.176976,21.0602,23.0517,487424,0.2144,0.3566,0,0.177207,0,1,1
box_detour_wall_far,oi_face_rot_pstall_mppi,17958,256,16,0,0,1,1,1,133,0.247304,0.121669,15.7882,0,0.84139,1.28273,0.209601,27.8769,31.2545,544768,0.2665,0.3157,0,0.209953,0,1,1
box_detour_wall_far,oi_face_rot_pstall_mppi,17965,256,16,0,0,1,1,1,105,0.247771,0.0135213,14.0274,0,0.736174,1.00966,0.186064,19.5367,21.6991,430080,0.2335,0.2761,0,0.186442,0,1,1
box_detour_wall_far,oi_face_rot_pstall_mppi,17972,256,16,0,0,1,1,1,152,0.249486,0.0646291,16.1221,0,1.01668,1.86853,0.189221,28.7616,32.0335,622592,0.2434,0.2849,0,0.189513,0,1,1
box_detour_wall_far,oi_face_rot_pstall_mppi,17979,256,16,0,0,1,1,1,102,0.229176,0.106924,13.1816,0,0.720691,0.989318,0.21346,21.7729,24.4568,417792,0.2633,0.3187,0,0.213837,0,1,1
box_detour_wall_far,oi_face_rot_pstall_mppi,17986,256,16,0,0,1,1,1,142,0.225861,0.0326596,18.9485,0,0.768853,1.14967,0.191162,27.145,30.0053,581632,0.2586,0.3083,0,0.191462,0,1,1
box_detour_wall_far,oi_face_rot_pstall_mppi,17993,256,16,0,0,1,1,1,158,0.232031,0.00165763,19.8189,0,0.787628,1.08845,0.18446,29.1447,31.9876,647168,0.2612,0.3423,0,0.184718,0,1,1
box_detour_wall_far,oi_face_rot_pstall_mppi,18000,256,16,0,0,1,1,1,121,0.230334,0.0277032,15.1322,0,0.836312,1.26009,0.180036,21.7843,23.5086,495616,0.2104,0.2569,0,0.180264,0,1,1
box_detour_wall_far,oi_face_rot_pstall_mppi,18007,256,16,0,0,1,1,1,163,0.243526,0.0609609,19.7285,0,0.853907,1.32447,0.190143,30.9933,34.5366,667648,0.2556,0.3144,0,0.190431,0,1,1
box_detour_wall_far,oi_face_rot_pstall_mppi,18014,256,16,0,0,1,1,1,128,0.24973,0.115069,14.6372,0,0.792618,1.10669,0.197889,25.3298,28.6378,524288,0.2657,0.3089,0,0.198183,0,1,1
box_detour_wall_far,oi_face_rot_pstall_mppi,18021,256,16,0,0,1,1,1,159,0.240566,0.098671,17.7778,0,0.976806,1.62098,0.204386,32.4973,36.5387,651264,0.2665,0.5534,0,0.204718,0,1,1
box_detour_wall_far,oi_face_rot_pstall_mppi,18028,256,16,0,0,1,1,1,105,0.241233,0.0236539,14.0429,0,0.758065,1.00615,0.209304,21.9769,24.6942,430080,0.2901,0.3577,0,0.209681,0,1,1
box_detour_wall_far,oi_face_rot_pstall_mppi,18035,256,16,0,0,1,1,1,200,0.249403,0.100417,23.8643,0,0.830686,1.37556,0.196523,39.3046,43.5201,819200,0.2794,0.317,0,0.196751,0,1,1
box_detour_wall_far,oi_face_rot_pstall_mppi,18042,256,16,0,0,1,1,1,109,0.234519,0.00930763,15.0854,0,0.857372,1.27784,0.195986,21.3625,23.7844,446464,0.3159,0.3558,0,0.196289,0,1,1
box_detour_wall_far,oi_face_rot_pstall_mppi,18049,256,16,0,0,1,1,1,146,0.241346,0.0509297,17.3735,0,0.919032,1.50931,0.192132,28.0512,31.7959,598016,0.2714,0.3579,0,0.192488,0,1,1
box_detour_wall_far,oi_face_rot_wide_mppi,17356,256,16,0,0,1,1,1,120,0.233062,0.00845255,16.9915,0,0.774176,1.00665,0.206385,24.7662,27.9429,491520,0.357,0.5072,0,0.206707,0,1,1
box_detour_wall_far,oi_face_rot_wide_mppi,17363,256,16,0,0,1,1,1,101,0.239793,0.053519,13.4647,0,0.703155,0.880569,0.180134,18.1935,19.908,413696,0.2572,0.2904,0,0.180426,0,1,1
box_detour_wall_far,oi_face_rot_wide_mppi,17370,256,16,0,0,1,1,1,105,0.238933,0.0127628,14.0609,0,0.811781,1.17831,0.214905,22.565,25.4187,430080,0.3157,0.5158,0,0.215195,0,1,1
box_detour_wall_far,oi_face_rot_wide_mppi,17377,256,16,0,0,1,1,1,142,0.248001,0.0402424,15.7633,0,0.86351,1.42406,0.187488,26.6233,29.5005,581632,0.2179,0.2792,0,0.187797,0,1,1
box_detour_wall_far,oi_face_rot_wide_mppi,17384,256,16,0,0,1,1,1,139,0.226375,0.029441,16.4546,0,0.745251,0.977478,0.191876,26.6707,29.4033,569344,0.2702,0.5858,0,0.192117,0,1,1
box_detour_wall_far,oi_face_rot_wide_mppi,17391,256,16,0,0,1,1,1,157,0.237065,0.115383,15.9055,0,0.965228,1.68452,0.197651,31.0312,35.119,643072,0.2627,0.284,0,0.197917,0,1,1
box_detour_wall_far,oi_face_rot_wide_mppi,17398,256,16,0,0,1,1,1,144,0.244755,0.0789324,16.1106,0,1.01329,1.92017,0.195765,28.1901,31.7476,589824,0.2612,0.3144,0,0.196063,0,1,1
box_detour_wall_far,oi_face_rot_wide_mppi,17405,256,16,0,0,1,1,1,152,0.241637,0.00662781,17.2281,0,0.865326,1.41887,0.198203,30.1269,34.5194,622592,0.2535,0.2679,0,0.198475,0,1,1
box_detour_wall_far,oi_face_rot_wide_mppi,17412,256,16,0,0,1,1,1,125,0.249811,0.106194,14.3846,0,0.990559,1.93784,0.192376,24.047,26.8769,512000,0.2554,0.2934,0,0.192681,0,1,1
box_detour_wall_far,oi_face_rot_wide_mppi,17419,256,16,0,0,1,1,1,101,0.22786,0.0308364,13.3022,0,0.708218,0.869133,0.198245,20.0227,22.3777,413696,0.2658,0.3143,0,0.198582,0,1,1
box_detour_wall_far,oi_face_rot_wide_mppi,17426,256,16,0,0,1,1,1,143,0.227427,0.0554846,17.0259,0,0.96476,1.61263,0.195959,28.0221,31.1151,585728,0.2791,0.3407,0,0.196224,0,1,1
box_detour_wall_far,oi_face_rot_wide_mppi,17433,256,16,0,0,1,1,1,109,0.236924,0.0179234,14.5083,0,0.824864,1.19063,0.201701,21.9854,24.466,446464,0.2653,0.3157,0,0.201993,0,1,1
box_detour_wall_far,oi_face_rot_wide_mppi,17440,256,16,0,0,1,1,1,145,0.24976,0.0381582,17.2138,0,0.821271,1.18048,0.18101,26.2464,28.9648,593920,0.2351,0.2684,0,0.181265,0,1,1
box_detour_wall_far,oi_face_rot_wide_mppi,17447,256,16,0,0,1,1,1,150,0.238563,0.0621553,17.0615,0,0.91645,1.40557,0.207626,31.1439,35.0515,614400,0.2788,0.3163,0,0.207918,0,1,1
box_detour_wall_far,oi_face_rot_wide_mppi,17454,256,16,0,0,1,1,1,139,0.23229,0.0846342,15.8008,0,0.869181,1.44707,0.183153,25.4582,27.6647,569344,0.2589,0.2936,0,0.183347,0,1,1
box_detour_wall_far,oi_face_rot_wide_mppi,17461,256,16,0,0,1,1,1,107,0.241794,0.00916823,13.9732,0,0.798139,1.01688,0.231866,24.8097,28.3274,438272,0.375,0.4627,0,0.23213,0,1,1
box_detour_wall_far,oi_face_rot_wide_mppi,17468,256,16,0,0,1,1,1,126,0.242942,0.0110997,15.2981,0,0.921394,1.81684,0.186653,23.5183,25.8291,516096,0.2601,0.3123,0,0.186949,0,1,1
box_detour_wall_far,oi_face_rot_wide_mppi,17475,256,16,0,0,1,1,1,118,0.230851,0.0328149,15.0532,0,0.950544,1.81505,0.181424,21.408,23.4281,483328,0.2335,0.2624,0,0.181684,0,1,1
box_detour_wall_far,oi_face_rot_wide_mppi,17482,256,16,0,0,1,1,1,130,0.234192,0.103386,15.4585,0,1.01097,1.89574,0.180172,23.4224,25.5762,532480,0.2272,0.2691,0,0.180384,0,1,1
box_detour_wall_far,oi_face_rot_wide_mppi,17489,256,16,0,0,1,1,1,151,0.235387,0.0481776,16.6031,0,0.876073,1.38581,0.203574,30.7397,34.349,618496,0.2678,0.3258,0,0.203858,0,1,1
box_detour_wall_far,oi_face_rot_wide_mppi,17496,256,16,0,0,1,1,1,126,0.2374,0.0874546,14.8267,0,0.855406,1.26345,0.195562,24.6408,27.421,516096,0.2632,0.3084,0,0.195846,0,1,1
box_detour_wall_far,oi_face_rot_wide_mppi,17503,256,16,0,0,1,1,1,118,0.240174,0.0684565,14.6115,0,0.989904,1.82179,0.195773,23.1012,25.8472,483328,0.2667,0.3592,0,0.196055,0,1,1
box_detour_wall_far,oi_face_rot_wide_mppi,17510,256,16,0,0,1,1,1,121,0.234636,0.158433,16.7959,0,0.6755,0.794388,0.194641,23.5516,26.3395,495616,0.2841,0.362,0,0.194892,0,1,1
box_detour_wall_far,oi_face_rot_wide_mppi,17517,256,16,0,0,1,1,1,143,0.236508,0.0119324,16.3038,0,0.781885,1.1025,0.199712,28.5588,31.5506,585728,0.2881,0.3594,0,0.199976,0,1,1
box_detour_wall_far,oi_face_rot_wide_mppi,17524,256,16,0,0,1,1,1,151,0.234551,0.0136238,17.1271,0,0.941296,1.6266,0.197013,29.7489,33.4936,618496,0.2695,0.3186,0,0.197375,0,1,1
box_detour_wall_far,oi_face_rot_wide_mppi,17531,256,16,0,0,1,1,1,124,0.242802,0.0103164,15.3537,0,0.78994,1.20941,0.204707,25.3837,28.3623,507904,0.2679,0.3192,0,0.204986,0,1,1
box_detour_wall_far,oi_face_rot_wide_mppi,17538,256,16,0,0,1,1,1,100,0.234255,0.0254519,13.5357,0,0.698853,0.857041,0.181817,18.1817,19.8375,409600,0.2258,0.2748,0,0.182149,0,1,1
box_detour_wall_far,oi_face_rot_wide_mppi,17545,256,16,0,0,1,1,1,101,0.244022,0.0616519,13.5241,0,0.767925,0.968985,0.190447,19.2351,20.9799,413696,0.2917,0.3143,0,0.190758,0,1,1
box_detour_wall_far,oi_face_rot_wide_mppi,17552,256,16,0,0,1,1,1,139,0.226408,0.00997463,16.3095,0,0.801076,1.11487,0.193286,26.8667,30.0333,569344,0.272,0.3524,0,0.193558,0,1,1
box_detour_wall_far,oi_face_rot_wide_mppi,17559,256,16,0,0,1,1,1,104,0.244397,0.0438712,13.4482,0,0.829196,1.28024,0.203296,21.1428,23.418,425984,0.2871,0.3325,0,0.203638,0,1,1
box_detour_wall_far,oi_face_rot_wide_mppi,17566,256,16,0,0,1,1,1,125,0.247256,0.0311526,15.7063,0,0.861186,1.35199,0.201139,25.1424,28.0496,512000,0.2962,0.4496,0,0.201557,0,1,1
box_detour_wall_far,oi_face_rot_wide_mppi,17573,256,16,0,0,1,1,1,104,0.241957,0.106738,13.6876,0,0.667076,0.784113,0.210716,21.9145,24.5971,425984,0.317,0.3512,0,0.211075,0,1,1
box_detour_wall_far,oi_face_rot_wide_mppi,17580,256,16,0,0,1,1,1,107,0.231116,0.0198152,14.5416,0,0.796229,1.0459,0.205314,21.9686,24.4426,438272,0.2942,0.3248,0,0.20566,0,1,1
box_detour_wall_far,oi_face_rot_wide_mppi,17587,256,16,0,0,1,1,1,119,0.237453,0.0321583,14.7685,0,0.801748,1.17202,0.201987,24.0365,26.6378,487424,0.3195,0.3759,0,0.202292,0,1,1
box_detour_wall_far,oi_face_rot_wide_mppi,17594,256,16,0,0,1,1,1,144,0.232768,0.0154103,18.7147,0,0.899939,1.50124,0.195903,28.2101,31.3585,589824,0.2779,0.3101,0,0.196221,0,1,1
box_detour_wall_far,oi_face_rot_wide_mppi,17601,256,16,0,0,1,1,1,134,0.237449,0.133797,15.8879,0,0.824619,1.20878,0.194369,26.0454,28.6332,548864,0.2752,0.3457,0,0.194714,0,1,1
box_detour_wall_far,oi_face_rot_wide_mppi,17608,256,16,0,0,1,1,1,139,0.24624,0.07446,15.843,0,0.858655,1.32165,0.204669,28.449,32.543,569344,0.2976,0.3988,0,0.204996,0,1,1
box_detour_wall_far,oi_face_rot_wide_mppi,17615,256,16,0,0,1,1,1,115,0.24418,0.0639601,14.4429,0,0.84694,1.23758,0.204826,23.555,26.2953,471040,0.3044,0.3391,0,0.20516,0,1,1
box_detour_wall_far,oi_face_rot_wide_mppi,17622,256,16,0,0,1,1,1,122,0.230408,0.0213283,14.6058,0,0.850761,1.3899,0.203549,24.833,27.9454,499712,0.2702,0.3005,0,0.203881,0,1,1
box_detour_wall_far,oi_face_rot_wide_mppi,17629,256,16,0,0,1,1,1,133,0.243391,0.0415645,15.1618,0,0.845877,1.36143,0.18975,25.2368,27.8825,544768,0.2706,0.3412,0,0.19,0,1,1
box_detour_wall_far,oi_face_rot_wide_mppi,17636,256,16,0,0,1,1,1,126,0.245959,0.0839866,15.0751,0,1.06318,2.06301,0.200902,25.3136,28.2436,516096,0.2675,0.306,0,0.20119,0,1,1
box_detour_wall_far,oi_face_rot_wide_mppi,17643,256,16,0,0,1,1,1,127,0.241746,0.0877308,14.8001,0,0.886266,1.4232,0.212452,26.9814,30.6014,520192,0.2824,0.34,0,0.212757,0,1,1
box_detour_wall_far,oi_face_rot_wide_mppi,17650,256,16,0,0,1,1,1,125,0.232495,0.145646,17.9598,0,0.734857,0.948578,0.190989,23.8736,26.8073,512000,0.2451,0.3417,0,0.191292,0,1,1
box_detour_wall_far,oi_face_rot_wide_mppi,17657,256,16,0,0,1,1,1,146,0.244576,0.0675433,16.8161,0,0.843549,1.34163,0.196019,28.6187,32.2343,598016,0.2601,0.3077,0,0.19635,0,1,1
box_detour_wall_far,oi_face_rot_wide_mppi,17664,256,16,0,0,1,1,1,131,0.231866,0.00643406,15.7767,0,0.819784,1.30675,0.196637,25.7594,29.4464,536576,0.2534,0.3315,0,0.197001,0,1,1
box_detour_wall_far,oi_face_rot_wide_mppi,17671,256,16,0,0,1,1,1,106,0.237008,0.148098,14.2183,0,0.787316,1.1207,0.212395,22.5139,25.6659,434176,0.2819,0.4031,0,0.212866,0,1,1
box_detour_wall_far,oi_face_rot_wide_mppi,17678,256,16,0,0,1,1,1,141,0.243817,0.0350221,17.372,0,0.89835,1.41726,0.207482,29.255,33.3349,577536,0.3026,0.3665,0,0.207835,0,1,1
box_detour_wall_far,oi_face_rot_wide_mppi,17685,256,16,0,0,1,1,1,108,0.233244,0.10183,14.7685,0,0.760894,0.915836,0.202053,21.8217,24.6551,442368,0.2971,0.3602,0,0.202463,0,1,1
box_detour_wall_far,oi_face_rot_wide_mppi,17692,256,16,0,0,1,1,1,111,0.24962,0.040959,14.7119,0,0.699255,0.805808,0.210605,23.3771,26.4236,454656,0.2953,0.362,0,0.211002,0,1,1
box_detour_wall_far,oi_face_rot_wide_mppi,17699,256,16,0,0,1,1,1,115,0.237661,0.0484564,15.4212,0,0.792337,1.08463,0.208097,23.9312,27.0663,471040,0.2727,0.3399,0,0.208483,0,1,1
box_detour_wall_far,oi_face_rot_wide_mppi,17706,256,16,0,0,1,1,1,122,0.226728,0.0262035,15.2685,0,0.94292,1.63876,0.204201,24.9125,28.2435,499712,0.2752,0.3134,0,0.204511,0,1,1
box_detour_wall_far,oi_face_rot_wide_mppi,17713,256,16,0,0,1,1,1,152,0.237915,0.110891,16.4639,0,0.968266,1.75335,0.202128,30.7235,34.7622,622592,0.2586,0.3117,0,0.202455,0,1,1
box_detour_wall_far,oi_face_rot_wide_mppi,17720,256,16,0,0,1,1,1,119,0.229128,0.0923415,14.7742,0,0.806124,1.19634,0.202987,24.1554,26.8292,487424,0.2821,0.6367,0,0.203279,0,1,1
box_detour_wall_far,oi_face_rot_wide_mppi,17727,256,16,0,0,1,1,1,175,0.235447,0.0294985,19.8955,0,0.894707,1.47383,0.197875,34.6282,39.0704,716800,0.2597,0.2965,0,0.198145,0,1,1
box_detour_wall_far,oi_face_rot_wide_mppi,17734,256,16,0,0,1,1,1,134,0.24964,0.0328932,15.6189,0,0.897597,1.60864,0.193168,25.8845,28.9949,548864,0.2863,0.3325,0,0.193454,0,1,1
box_detour_wall_far,oi_face_rot_wide_mppi,17741,256,16,0,0,1,1,1,104,0.229045,0.00698845,13.693,0,0.788026,1.04513,0.203096,21.122,23.7705,425984,0.2811,0.3328,0,0.203451,0,1,1
box_detour_wall_far,oi_face_rot_wide_mppi,17748,256,16,0,0,1,1,1,116,0.231754,0.0439416,14.6533,0,0.88652,1.45839,0.194522,22.5646,25.1361,475136,0.27,0.4116,0,0.19481,0,1,1
box_detour_wall_far,oi_face_rot_wide_mppi,17755,256,16,0,0,1,1,1,140,0.236433,0.0704037,17.3167,0,0.828035,1.21982,0.200325,28.0455,31.3636,573440,0.2591,0.3865,0,0.200611,0,1,1
box_detour_wall_far,oi_face_rot_wide_mppi,17762,256,16,0,0,1,1,1,106,0.230888,0.0670319,14.1705,0,0.732482,0.941561,0.201658,21.3758,24.6071,434176,0.2531,0.2899,0,0.201991,0,1,1
box_detour_wall_far,oi_face_rot_wide_mppi,17769,256,16,0,0,1,1,1,119,0.246176,0.0128706,14.1797,0,0.888763,1.50795,0.200333,23.8396,26.5257,487424,0.2613,0.3152,0,0.200644,0,1,1
box_detour_wall_far,oi_face_rot_wide_mppi,17776,256,16,0,0,1,1,1,153,0.227351,0.035188,16.7109,0,0.83686,1.32157,0.200112,30.6172,34.6255,626688,0.2713,0.3563,0,0.20039,0,1,1
box_detour_wall_far,oi_face_rot_wide_mppi,17783,256,16,0,0,1,1,1,108,0.243638,0.0199132,14.4631,0,0.822544,1.14781,0.216999,23.4359,26.4129,442368,0.2682,0.7118,0,0.217414,0,1,1
box_detour_wall_far,oi_face_rot_wide_mppi,17790,256,16,0,0,1,1,1,106,0.239394,0.090357,14.5138,0,0.759322,1.0166,0.193356,20.4957,22.9296,434176,0.2569,0.3374,0,0.193743,0,1,1
box_detour_wall_far,oi_face_rot_wide_mppi,17797,256,16,0,0,1,1,1,133,0.246301,0.0740854,16.4606,0,0.797221,1.1803,0.213329,28.3728,32.7456,544768,0.2992,0.3555,0,0.213681,0,1,1
box_detour_wall_far,oi_face_rot_wide_mppi,17804,256,16,0,0,1,1,1,148,0.232065,0.106334,19.2272,0,0.867899,1.27608,0.204407,30.2522,34.5323,606208,0.2903,0.4548,0,0.204749,0,1,1
box_detour_wall_far,oi_face_rot_wide_mppi,17811,256,16,0,0,1,1,1,119,0.229379,0.101994,14.2436,0,0.881456,1.4499,0.202008,24.0389,27.1203,487424,0.2872,0.3513,0,0.202356,0,1,1
box_detour_wall_far,oi_face_rot_wide_mppi,17818,256,16,0,0,1,1,1,156,0.241913,0.0754075,15.6447,0,1.02448,2.06796,0.202081,31.5247,36.0454,638976,0.2709,0.3392,0,0.202437,0,1,1
box_detour_wall_far,oi_face_rot_wide_mppi,17825,256,16,0,0,1,1,1,106,0.245997,0.0294764,14.1129,0,0.749642,0.995407,0.186992,19.8211,22.278,434176,0.2306,0.2821,0,0.187352,0,1,1
box_detour_wall_far,oi_face_rot_wide_mppi,17832,256,16,0,0,1,1,1,150,0.22462,0.0887403,15.7815,0,0.900997,1.53126,0.209173,31.376,35.7995,614400,0.2707,0.4987,0,0.209599,0,1,1
box_detour_wall_far,oi_face_rot_wide_mppi,17839,256,16,0,0,1,1,1,150,0.248514,0.0860602,17.2246,0,0.804576,1.15073,0.205425,30.8137,34.7361,614400,0.257,0.3458,0,0.205789,0,1,1
box_detour_wall_far,oi_face_rot_wide_mppi,17846,256,16,0,0,1,1,1,136,0.231656,0.0181701,15.8277,0,0.846676,1.3446,0.208738,28.3884,32.5575,557056,0.28,0.3333,0,0.209068,0,1,1
box_detour_wall_far,oi_face_rot_wide_mppi,17853,256,16,0,0,1,1,1,185,0.248993,0.0989581,19.2841,0,1.11423,2.48985,0.202618,37.4843,42.2542,757760,0.298,0.3597,0,0.202926,0,1,1
box_detour_wall_far,oi_face_rot_wide_mppi,17860,256,16,0,0,1,1,1,107,0.236246,0.150628,13.9957,0,0.671262,0.807881,0.196817,21.0594,23.7901,438272,0.2607,0.3963,0,0.197182,0,1,1
box_detour_wall_far,oi_face_rot_wide_mppi,17867,256,16,0,0,1,1,1,110,0.238608,0.16801,15.1455,0,0.70485,0.997536,0.21571,23.7281,27.3803,450560,0.2686,1.2077,0,0.21609,0,1,1
box_detour_wall_far,oi_face_rot_wide_mppi,17874,256,16,0,0,1,1,1,136,0.231801,0.113291,15.8685,0,0.805907,1.08981,0.203297,27.6484,31.7519,557056,0.2866,0.3248,0,0.203609,0,1,1
box_detour_wall_far,oi_face_rot_wide_mppi,17881,256,16,0,0,1,1,1,169,0.243453,0.144067,17.7547,0,1.06371,1.90503,0.199451,33.7073,38.3235,692224,0.2931,0.3822,0,0.199754,0,1,1
box_detour_wall_far,oi_face_rot_wide_mppi,17888,256,16,0,0,1,1,1,159,0.248424,0.0149773,16.5414,0,0.975673,1.72354,0.19671,31.2769,35.137,651264,0.2977,0.3451,0,0.196987,0,1,1
box_detour_wall_far,oi_face_rot_wide_mppi,17895,256,16,0,0,1,1,1,121,0.23611,0.0899846,14.7135,0,0.942637,1.76225,0.190344,23.0316,25.7281,495616,0.2602,0.3136,0,0.19062,0,1,1
box_detour_wall_far,oi_face_rot_wide_mppi,17902,256,16,0,0,1,1,1,187,0.238287,0.0687114,22.2354,0,0.762833,1.05399,0.182242,34.0793,37.051,765952,0.2557,0.3446,0,0.182471,0,1,1
box_detour_wall_far,oi_face_rot_wide_mppi,17909,256,16,0,0,1,1,1,108,0.22988,0.0630768,14.6641,0,0.707595,0.903299,0.194862,21.0451,23.3054,442368,0.2576,0.2887,0,0.195169,0,1,1
box_detour_wall_far,oi_face_rot_wide_mppi,17916,256,16,0,0,1,1,1,124,0.229763,0.109182,17.7506,0,0.712021,0.838931,0.198894,24.6629,28.2705,507904,0.2744,0.3517,0,0.199232,0,1,1
box_detour_wall_far,oi_face_rot_wide_mppi,17923,256,16,0,0,1,1,1,135,0.238837,0.0215754,16.2165,0,0.923806,1.49666,0.205249,27.7086,31.3519,552960,0.2656,0.3518,0,0.205605,0,1,1
box_detour_wall_far,oi_face_rot_wide_mppi,17930,256,16,0,0,1,1,1,150,0.244558,0.0295414,16.4876,0,1.00135,1.92117,0.201551,30.2327,33.9712,614400,0.2831,0.3745,0,0.201845,0,1,1
box_detour_wall_far,oi_face_rot_wide_mppi,17937,256,16,0,0,1,1,1,167,0.242303,0.0503281,17.0671,0,1.08335,2.10198,0.200165,33.4276,37.4393,684032,0.2634,0.3137,0,0.200411,0,1,1
box_detour_wall_far,oi_face_rot_wide_mppi,17944,256,16,0,0,1,1,1,120,0.241408,0.123143,14.7493,0,0.817535,1.34052,0.185303,22.2363,24.2102,491520,0.2262,0.271,0,0.185491,0,1,1
box_detour_wall_far,oi_face_rot_wide_mppi,17951,256,16,0,0,1,1,1,119,0.24293,0.0704711,14.241,0,0.775161,1.09601,0.188287,22.4062,25.2735,487424,0.289,0.3751,0,0.188561,0,1,1
box_detour_wall_far,oi_face_rot_wide_mppi,17958,256,16,0,0,1,1,1,133,0.247304,0.121669,15.7882,0,0.84139,1.28273,0.189196,25.1631,27.5005,544768,0.2709,0.3107,0,0.189446,0,1,1
box_detour_wall_far,oi_face_rot_wide_mppi,17965,256,16,0,0,1,1,1,105,0.247771,0.0135213,14.0274,0,0.736174,1.00966,0.187394,19.6764,21.4522,430080,0.2317,0.2813,0,0.187736,0,1,1
box_detour_wall_far,oi_face_rot_wide_mppi,17972,256,16,0,0,1,1,1,152,0.249486,0.0646291,16.1221,0,1.01668,1.86853,0.193991,29.4866,32.5673,622592,0.2614,0.3099,0,0.194238,0,1,1
box_detour_wall_far,oi_face_rot_wide_mppi,17979,256,16,0,0,1,1,1,102,0.229176,0.106924,13.1816,0,0.720691,0.989318,0.181378,18.5006,20.1732,417792,0.2102,0.2562,0,0.181676,0,1,1
box_detour_wall_far,oi_face_rot_wide_mppi,17986,256,16,0,0,1,1,1,142,0.225861,0.0326596,18.9485,0,0.768853,1.14967,0.188067,26.7055,29.0489,581632,0.2625,0.3107,0,0.188339,0,1,1
box_detour_wall_far,oi_face_rot_wide_mppi,17993,256,16,0,0,1,1,1,158,0.232031,0.00165763,19.8189,0,0.787628,1.08845,0.17121,27.0512,29.6594,647168,0.2117,0.272,0,0.171499,0,1,1
box_detour_wall_far,oi_face_rot_wide_mppi,18000,256,16,0,0,1,1,1,121,0.230334,0.0277032,15.1322,0,0.836312,1.26009,0.195064,23.6027,25.947,495616,0.2836,0.342,0,0.195336,0,1,1
box_detour_wall_far,oi_face_rot_wide_mppi,18007,256,16,0,0,1,1,1,163,0.243526,0.0609609,19.7285,0,0.853907,1.32447,0.187533,30.5678,33.8815,667648,0.2792,0.3325,0,0.187779,0,1,1
box_detour_wall_far,oi_face_rot_wide_mppi,18014,256,16,0,0,1,1,1,128,0.24973,0.115069,14.6372,0,0.792618,1.10669,0.192463,24.6353,27.2913,524288,0.2967,0.3121,0,0.192747,0,1,1
box_detour_wall_far,oi_face_rot_wide_mppi,18021,256,16,0,0,1,1,1,159,0.240566,0.098671,17.7778,0,0.976806,1.62098,0.183491,29.175,32.5335,651264,0.2734,0.3672,0,0.183757,0,1,1
box_detour_wall_far,oi_face_rot_wide_mppi,18028,256,16,0,0,1,1,1,105,0.241233,0.0236539,14.0429,0,0.758065,1.00615,0.196523,20.6349,22.8783,430080,0.2914,0.3184,0,0.196815,0,1,1
box_detour_wall_far,oi_face_rot_wide_mppi,18035,256,16,0,0,1,1,1,200,0.249403,0.100417,23.8643,0,0.830686,1.37556,0.187346,37.4692,41.1389,819200,0.264,0.3307,0,0.187579,0,1,1
box_detour_wall_far,oi_face_rot_wide_mppi,18042,256,16,0,0,1,1,1,109,0.234519,0.00930763,15.0854,0,0.857372,1.27784,0.207606,22.629,25.2359,446464,0.3002,0.3392,0,0.207949,0,1,1
box_detour_wall_far,oi_face_rot_wide_mppi,18049,256,16,0,0,1,1,1,146,0.241346,0.0509297,17.3735,0,0.919032,1.50931,0.189838,27.7163,30.7348,598016,0.2706,0.3684,0,0.190101,0,1,1
box_detour_wall_left,oi_face_rot_anchor_mppi,17256,256,16,0,0,1,1,1,153,0.228243,0.0948668,13.4284,0,0.984451,1.93013,0.201123,30.7718,33.7095,626688,0.311,0.3317,0,0.201377,0,1,1
box_detour_wall_left,oi_face_rot_anchor_mppi,17263,256,16,0,0,1,1,1,123,0.244202,0.0283706,12.5204,0,0.856478,1.46731,0.19578,24.081,26.3107,503808,0.2433,0.2771,0,0.196029,0,1,1
box_detour_wall_left,oi_face_rot_anchor_mppi,17270,256,16,0,0,1,1,1,120,0.241983,0.097814,11.5237,0,0.783043,1.29086,0.191602,22.9923,25.2974,491520,0.2335,0.304,0,0.191845,0,1,1
box_detour_wall_left,oi_face_rot_anchor_mppi,17277,256,16,0,0,1,1,1,108,0.234054,0.0649232,9.94878,0,0.751168,1.2485,0.193013,20.8454,22.6889,442368,0.3035,0.3504,0,0.193293,0,1,1
box_detour_wall_left,oi_face_rot_anchor_mppi,17284,256,16,0,0,1,1,1,123,0.237427,0.104824,11.8143,0,0.745148,1.11435,0.19396,23.8571,26.2221,503808,0.2811,0.3157,0,0.194231,0,1,1
box_detour_wall_left,oi_face_rot_anchor_mppi,17291,256,16,0,0,1,1,1,119,0.243981,0.0225145,12.352,0,0.697609,1.04104,0.208776,24.8443,27.9842,487424,0.3043,0.3265,0,0.209067,0,1,1
box_detour_wall_left,oi_face_rot_anchor_mppi,17298,256,16,0,0,1,1,1,118,0.239057,0.0225025,10.7642,0,0.946924,1.69773,0.194406,22.9399,25.6199,483328,0.2936,0.3611,0,0.194732,0,1,1
box_detour_wall_left,oi_face_rot_anchor_mppi,17305,256,16,0,0,1,1,1,127,0.233547,0.0420621,10.8505,0,0.944848,1.57511,0.201624,25.6063,28.7689,520192,0.2582,0.3354,0,0.201958,0,1,1
box_detour_wall_left,oi_face_rot_anchor_mppi,17312,256,16,0,0,1,1,1,108,0.226871,0.0833393,10.389,0,0.656823,0.850082,0.199449,21.5405,23.9974,442368,0.2698,0.3095,0,0.19979,0,1,1
box_detour_wall_left,oi_face_rot_anchor_mppi,17319,256,16,0,0,1,1,1,109,0.232838,0.122604,10.2132,0,0.700307,0.93216,0.20003,21.8033,24.3819,446464,0.2712,0.2913,0,0.200335,0,1,1
box_detour_wall_left,oi_face_rot_anchor_mppi,17326,256,16,0,0,1,1,1,126,0.22914,0.0248894,11.9506,0,0.756449,1.16096,0.185417,23.3626,25.4166,516096,0.2191,0.2936,0,0.185663,0,1,1
box_detour_wall_left,oi_face_rot_anchor_mppi,17333,256,16,0,0,1,1,1,135,0.226962,0.017405,13.0553,0,0.735925,1.01044,0.18643,25.1681,27.3725,552960,0.2513,0.2969,0,0.186657,0,1,1
box_detour_wall_left,oi_face_rot_anchor_mppi,17340,256,16,0,0,1,1,1,151,0.246115,0.0206625,13.2497,0,0.857174,1.46766,0.182389,27.5407,29.8869,618496,0.2507,0.3052,0,0.182608,0,1,1
box_detour_wall_left,oi_face_rot_anchor_mppi,17347,256,16,0,0,1,1,1,117,0.244837,0.122025,11.0803,0,0.748166,1.16385,0.191905,22.4529,24.7706,479232,0.2714,0.2941,0,0.192195,0,1,1
box_detour_wall_left,oi_face_rot_anchor_mppi,17354,256,16,0,0,1,1,1,110,0.23075,0.120325,10.3859,0,0.84479,1.39828,0.197765,21.7542,24.7323,450560,0.2625,0.3008,0,0.198112,0,1,1
box_detour_wall_left,oi_face_rot_anchor_mppi,17361,256,16,0,0,1,1,1,161,0.238726,0.117156,15.2156,0,0.647143,0.817438,0.208692,33.5994,37.3783,659456,0.2749,0.3426,0,0.208959,0,1,1
box_detour_wall_left,oi_face_rot_anchor_mppi,17368,256,16,0,0,1,1,1,111,0.225902,0.00762554,10.7449,0,0.689104,0.869001,0.187561,20.8193,22.9784,454656,0.2346,0.3227,0,0.187852,0,1,1
box_detour_wall_left,oi_face_rot_anchor_mppi,17375,256,16,0,0,1,1,1,114,0.246137,0.0934975,10.8582,0,0.757583,1.08418,0.20488,23.3563,25.9212,466944,0.2859,0.3346,0,0.205198,0,1,1
box_detour_wall_left,oi_face_rot_anchor_mppi,17382,256,16,0,0,1,1,1,109,0.23996,0.00726081,10.5204,0,0.810769,1.29017,0.197953,21.5769,23.8481,446464,0.3014,0.343,0,0.19824,0,1,1
box_detour_wall_left,oi_face_rot_anchor_mppi,17389,256,16,0,0,1,1,1,156,0.227333,0.0570223,13.5912,0,0.786234,1.19233,0.196932,30.7214,33.8688,638976,0.2899,0.4621,0,0.197186,0,1,1
box_detour_wall_left,oi_face_rot_anchor_mppi,17396,256,16,0,0,1,1,1,126,0.248735,0.00876037,12.1485,0,0.838693,1.36986,0.212267,26.7457,30.2322,516096,0.3118,0.3484,0,0.212552,0,1,1
box_detour_wall_left,oi_face_rot_anchor_mppi,17403,256,16,0,0,1,1,1,107,0.244564,0.00262192,10.2502,0,0.787868,1.29078,0.20202,21.6161,24.1572,438272,0.3085,0.3256,0,0.202356,0,1,1
box_detour_wall_left,oi_face_rot_anchor_mppi,17410,256,16,0,0,1,1,1,122,0.237741,0.0875383,11.5222,0,0.719617,0.8762,0.1914,23.3508,25.3933,499712,0.2909,0.3479,0,0.191665,0,1,1
box_detour_wall_left,oi_face_rot_anchor_mppi,17417,256,16,0,0,1,1,1,146,0.246925,0.0267575,13.3127,0,0.83048,1.28964,0.194379,28.3793,31.1236,598016,0.2738,0.3389,0,0.194646,0,1,1
box_detour_wall_left,oi_face_rot_anchor_mppi,17424,256,16,0,0,1,1,1,126,0.235204,0.0966708,10.6135,0,0.916106,1.68913,0.182671,23.0166,24.9658,516096,0.2372,0.3261,0,0.182939,0,1,1
box_detour_wall_left,oi_face_rot_anchor_mppi,17431,256,16,0,0,1,1,1,132,0.225801,0.017618,12.8372,0,0.743011,1.23338,0.191514,25.2799,27.66,540672,0.2678,0.3274,0,0.191786,0,1,1
box_detour_wall_left,oi_face_rot_anchor_mppi,17438,256,16,0,0,1,1,1,130,0.241178,0.0141816,12.7149,0,0.807443,1.21728,0.204851,26.6306,29.8138,532480,0.2715,0.3459,0,0.205137,0,1,1
box_detour_wall_left,oi_face_rot_anchor_mppi,17445,256,16,0,0,1,1,1,151,0.23257,0.0364394,13.0932,0,0.890632,1.62099,0.191077,28.8526,31.5779,618496,0.2597,0.4438,0,0.191342,0,1,1
box_detour_wall_left,oi_face_rot_anchor_mppi,17452,256,16,0,0,1,1,1,145,0.232649,0.0168722,12.5742,0,0.875211,1.67247,0.196295,28.4628,31.5905,593920,0.2696,0.3917,0,0.196568,0,1,1
box_detour_wall_left,oi_face_rot_anchor_mppi,17459,256,16,0,0,1,1,1,136,0.230713,0.0197084,12.2109,0,0.885317,1.65101,0.213463,29.031,32.7736,557056,0.3008,0.3866,0,0.213757,0,1,1
box_detour_wall_left,oi_face_rot_anchor_mppi,17466,256,16,0,0,1,1,1,107,0.246246,0.0734268,10.2892,0,0.793465,1.1765,0.205309,21.9681,24.8517,438272,0.2897,0.3506,0,0.20587,0,1,1
box_detour_wall_left,oi_face_rot_anchor_mppi,17473,256,16,0,0,1,1,1,142,0.244608,0.0922187,12.3079,0,0.876082,1.51684,0.212625,30.1928,33.9161,581632,0.2728,0.3181,0,0.212994,0,1,1
box_detour_wall_left,oi_face_rot_anchor_mppi,17480,256,16,0,0,1,1,1,117,0.232981,0.0172202,11.0496,0,0.9067,1.69168,0.209244,24.4816,27.3246,479232,0.3105,0.3563,0,0.209574,0,1,1
box_detour_wall_left,oi_face_rot_anchor_mppi,17487,256,16,0,0,1,1,1,111,0.248701,0.0545093,10.5558,0,0.736164,1.12878,0.216821,24.0671,26.8614,454656,0.315,0.3972,0,0.217239,0,1,1
box_detour_wall_left,oi_face_rot_anchor_mppi,17494,256,16,0,0,1,1,1,120,0.225937,0.0367882,11.7222,0,0.742589,1.11053,0.204439,24.5327,27.055,491520,0.3176,0.3737,0,0.204743,0,1,1
box_detour_wall_left,oi_face_rot_anchor_mppi,17501,256,16,0,0,1,1,1,115,0.238009,0.109674,10.9827,0,0.84241,1.29861,0.205849,23.6726,26.7006,471040,0.295,0.3282,0,0.206206,0,1,1
box_detour_wall_left,oi_face_rot_anchor_mppi,17508,256,16,0,0,1,1,1,133,0.24058,0.116715,12.6331,0,0.872344,1.50185,0.213929,28.4525,32.1382,544768,0.2935,0.3219,0,0.21422,0,1,1
box_detour_wall_left,oi_face_rot_anchor_mppi,17515,256,16,0,0,1,1,1,110,0.227453,0.15489,10.6313,0,0.750037,1.15019,0.206274,22.6901,25.3994,450560,0.2743,0.3353,0,0.206593,0,1,1
box_detour_wall_left,oi_face_rot_anchor_mppi,17522,256,16,0,0,1,1,1,137,0.22326,0.0037557,11.8821,0,0.923245,1.61928,0.20811,28.5111,31.8131,561152,0.2641,0.3398,0,0.208392,0,1,1
box_detour_wall_left,oi_face_rot_anchor_mppi,17529,256,16,0,0,1,1,1,141,0.237745,0.0908295,11.9918,0,0.815764,1.37593,0.202787,28.593,32.0991,577536,0.2724,0.3514,0,0.203053,0,1,1
box_detour_wall_left,oi_face_rot_anchor_mppi,17536,256,16,0,0,1,1,1,127,0.228929,0.00764776,12.3043,0,0.833491,1.4138,0.204857,26.0168,28.9952,520192,0.2926,0.3295,0,0.205144,0,1,1
box_detour_wall_left,oi_face_rot_anchor_mppi,17543,256,16,0,0,1,1,1,120,0.229605,0.0211415,11.5209,0,0.780199,1.24808,0.19897,23.8764,26.7777,491520,0.3025,0.3498,0,0.199234,0,1,1
box_detour_wall_left,oi_face_rot_anchor_mppi,17550,256,16,0,0,1,1,1,125,0.248393,0.068809,11.9319,0,0.79769,1.38946,0.204378,25.5472,28.4056,512000,0.2722,0.32,0,0.204696,0,1,1
box_detour_wall_left,oi_face_rot_anchor_mppi,17557,256,16,0,0,1,1,1,112,0.237949,0.00437936,10.8861,0,0.821535,1.25871,0.214752,24.0522,26.9994,458752,0.302,0.5974,0,0.215108,0,1,1
box_detour_wall_left,oi_face_rot_anchor_mppi,17564,256,16,0,0,1,1,1,137,0.226585,0.0754928,12.9275,0,0.842209,1.39945,0.212142,29.0635,32.7738,561152,0.2862,0.3319,0,0.212438,0,1,1
box_detour_wall_left,oi_face_rot_anchor_mppi,17571,256,16,0,0,1,1,1,140,0.225863,0.0711794,11.9776,0,0.840515,1.44194,0.206385,28.8939,32.2074,573440,0.2683,0.3063,0,0.206671,0,1,1
box_detour_wall_left,oi_face_rot_anchor_mppi,17578,256,16,0,0,1,1,1,125,0.225106,0.00180514,11.9374,0,0.732966,0.960161,0.189218,23.6523,25.9503,512000,0.2575,0.2837,0,0.189482,0,1,1
box_detour_wall_left,oi_face_rot_anchor_mppi,17585,256,16,0,0,1,1,1,110,0.238527,0.0155402,10.5649,0,0.747561,1.01681,0.201814,22.1996,25.0332,450560,0.2394,0.2988,0,0.202142,0,1,1
box_detour_wall_left,oi_face_rot_anchor_mppi,17592,256,16,0,0,1,1,1,138,0.236466,0.0310442,12.0185,0,0.861783,1.43807,0.215051,29.6771,33.5079,565248,0.2963,0.3931,0,0.215406,0,1,1
box_detour_wall_left,oi_face_rot_anchor_mppi,17599,256,16,0,0,1,1,1,139,0.232794,0.0897287,13.3539,0,0.80556,1.43098,0.217253,30.1982,34.0332,569344,0.2764,0.3208,0,0.21754,0,1,1
box_detour_wall_left,oi_face_rot_anchor_mppi,17606,256,16,0,0,1,1,1,109,0.231486,0.024417,10.4622,0,0.773608,1.08261,0.197848,21.5654,23.9739,446464,0.2567,0.3196,0,0.198157,0,1,1
box_detour_wall_left,oi_face_rot_anchor_mppi,17613,256,16,0,0,1,1,1,115,0.22829,0.0705908,11.312,0,0.732091,1.16996,0.206417,23.738,26.7455,471040,0.2653,0.3036,0,0.20673,0,1,1
box_detour_wall_left,oi_face_rot_anchor_mppi,17620,256,16,0,0,1,1,1,111,0.232154,0.082029,10.7046,0,0.678998,0.943398,0.204972,22.7519,25.5266,454656,0.2834,0.3142,0,0.205284,0,1,1
box_detour_wall_left,oi_face_rot_anchor_mppi,17627,256,16,0,0,1,1,1,136,0.237186,0.0745576,11.7675,0,0.826677,1.41801,0.191285,26.0147,28.6693,557056,0.2782,0.3693,0,0.191575,0,1,1
box_detour_wall_left,oi_face_rot_anchor_mppi,17634,256,16,0,0,1,1,1,110,0.242458,0.0559369,10.4094,0,0.667521,0.887551,0.195924,21.5516,23.4421,450560,0.2957,0.329,0,0.196185,0,1,1
box_detour_wall_left,oi_face_rot_anchor_mppi,17641,256,16,0,0,1,1,1,114,0.232932,0.046752,10.8585,0,0.714101,1.07276,0.188622,21.5029,23.3322,466944,0.2936,0.3174,0,0.188879,0,1,1
box_detour_wall_left,oi_face_rot_anchor_mppi,17648,256,16,0,0,1,1,1,130,0.236652,0.100408,12.6084,0,0.859937,1.52671,0.207436,26.9667,30.2246,532480,0.2817,0.3451,0,0.207722,0,1,1
box_detour_wall_left,oi_face_rot_anchor_mppi,17655,256,16,0,0,1,1,1,128,0.242704,0.0300202,10.9535,0,0.895742,1.58085,0.189326,24.2337,26.4496,524288,0.2814,0.3291,0,0.189602,0,1,1
box_detour_wall_left,oi_face_rot_anchor_mppi,17662,256,16,0,0,1,1,1,124,0.24806,0.0718674,11.1939,0,0.879965,1.57305,0.195712,24.2683,26.6746,507904,0.2621,0.3128,0,0.195981,0,1,1
box_detour_wall_left,oi_face_rot_anchor_mppi,17669,256,16,0,0,1,1,1,110,0.240374,0.0790866,10.7289,0,0.815876,1.32972,0.189052,20.7957,22.7514,450560,0.2688,0.3326,0,0.189339,0,1,1
box_detour_wall_left,oi_face_rot_anchor_mppi,17676,256,16,0,0,1,1,1,171,0.244521,0.107681,14.7473,0,0.990988,1.96444,0.203754,34.8419,39.1226,700416,0.2602,0.3205,0,0.204036,0,1,1
box_detour_wall_left,oi_face_rot_anchor_mppi,17683,256,16,0,0,1,1,1,111,0.228005,0.0903831,10.7114,0,0.701447,0.906097,0.207524,23.0352,25.7701,454656,0.301,0.3199,0,0.207895,0,1,1
box_detour_wall_left,oi_face_rot_anchor_mppi,17690,256,16,0,0,1,1,1,110,0.247217,0.0984408,10.408,0,0.746172,1.10316,0.189007,20.7908,22.8959,450560,0.2567,0.2615,0,0.189283,0,1,1
box_detour_wall_left,oi_face_rot_anchor_mppi,17697,256,16,0,0,1,1,1,136,0.234236,0.0720597,12.8514,0,0.730777,0.947316,0.207712,28.2489,32.023,557056,0.2847,0.3245,0,0.208168,0,1,1
box_detour_wall_left,oi_face_rot_anchor_mppi,17704,256,16,0,0,1,1,1,112,0.231681,0.130811,10.5102,0,0.792512,1.442,0.211846,23.7268,26.7991,458752,0.2715,1.0843,0,0.212218,0,1,1
box_detour_wall_left,oi_face_rot_anchor_mppi,17711,256,16,0,0,1,1,1,150,0.231218,0.0932693,12.7867,0,0.934921,1.85883,0.199566,29.9349,33.1508,614400,0.2845,0.3659,0,0.199855,0,1,1
box_detour_wall_left,oi_face_rot_anchor_mppi,17718,256,16,0,0,1,1,1,126,0.240073,0.0244149,12.122,0,0.72452,1.05716,0.196412,24.7479,27.1942,516096,0.2619,0.3373,0,0.196671,0,1,1
box_detour_wall_left,oi_face_rot_anchor_mppi,17725,256,16,0,0,1,1,1,110,0.22771,0.0684804,10.3725,0,0.759131,1.18624,0.200374,22.0411,24.4178,450560,0.2656,0.3236,0,0.200706,0,1,1
box_detour_wall_left,oi_face_rot_anchor_mppi,17732,256,16,0,0,1,1,1,153,0.249708,0.0485566,13.8874,0,0.795493,1.33785,0.19518,29.8625,32.8,626688,0.2581,0.3466,0,0.195397,0,1,1
box_detour_wall_left,oi_face_rot_anchor_mppi,17739,256,16,0,0,1,1,1,140,0.24491,0.111293,12.1585,0,0.929211,1.72376,0.201986,28.278,31.2361,573440,0.2628,0.3113,0,0.202244,0,1,1
box_detour_wall_left,oi_face_rot_anchor_mppi,17746,256,16,0,0,1,1,1,160,0.239547,0.0977274,14.6717,0,0.749133,1.18725,0.203301,32.5282,36.0313,655360,0.2738,0.302,0,0.203568,0,1,1
box_detour_wall_left,oi_face_rot_anchor_mppi,17753,256,16,0,0,1,1,1,148,0.226961,0.0543414,12.4115,0,0.954868,1.8713,0.192606,28.5057,31.4865,606208,0.2731,0.3319,0,0.192849,0,1,1
box_detour_wall_left,oi_face_rot_anchor_mppi,17760,256,16,0,0,1,1,1,120,0.249186,0.0874859,10.9791,0,0.93205,1.95558,0.196581,23.5897,25.9353,491520,0.2907,0.3265,0,0.196947,0,1,1
box_detour_wall_left,oi_face_rot_anchor_mppi,17767,256,16,0,0,1,1,1,128,0.227842,0.0137754,11.8886,0,0.843628,1.2869,0.18273,23.3894,25.2999,524288,0.2545,0.3048,0,0.182933,0,1,1
box_detour_wall_left,oi_face_rot_anchor_mppi,17774,256,16,0,0,1,1,1,118,0.238114,0.11019,11.2524,0,0.754671,1.21447,0.205477,24.2463,27.1341,483328,0.255,0.3141,0,0.205805,0,1,1
box_detour_wall_left,oi_face_rot_anchor_mppi,17781,256,16,0,0,1,1,1,110,0.248684,0.0512022,10.633,0,0.829341,1.40907,0.19247,21.1717,23.8076,450560,0.2444,0.2929,0,0.1928,0,1,1
box_detour_wall_left,oi_face_rot_anchor_mppi,17788,256,16,0,0,1,1,1,109,0.239724,0.026391,10.4131,0,0.852647,1.36538,0.181373,19.7697,21.5774,446464,0.2192,0.286,0,0.181617,0,1,1
box_detour_wall_left,oi_face_rot_anchor_mppi,17795,256,16,0,0,1,1,1,127,0.227859,0.0972153,11.896,0,0.769076,1.01603,0.206913,26.2779,29.587,520192,0.2726,0.3222,0,0.207219,0,1,1
box_detour_wall_left,oi_face_rot_anchor_mppi,17802,256,16,0,0,1,1,1,108,0.243587,0.00949716,10.1366,0,0.779504,1.18163,0.185982,20.0861,21.8532,442368,0.2458,0.3566,0,0.186261,0,1,1
box_detour_wall_left,oi_face_rot_anchor_mppi,17809,256,16,0,0,1,1,1,136,0.241115,0.10274,11.9302,0,0.798867,1.33267,0.199991,27.1988,30.5353,557056,0.2706,0.3,0,0.200279,0,1,1
box_detour_wall_left,oi_face_rot_anchor_mppi,17816,256,16,0,0,1,1,1,106,0.226662,0.0410669,10.0975,0,0.677451,0.913062,0.214641,22.7519,25.9009,434176,0.275,0.3073,0,0.215027,0,1,1
box_detour_wall_left,oi_face_rot_anchor_mppi,17823,256,16,0,0,1,1,1,136,0.232988,0.120947,13.0866,0,0.755265,1.2097,0.193174,26.2717,29.0261,557056,0.2568,0.2868,0,0.193419,0,1,1
box_detour_wall_left,oi_face_rot_anchor_mppi,17830,256,16,0,0,1,1,1,111,0.239213,0.0490385,10.4087,0,0.969202,2.03977,0.19169,21.2776,23.5656,454656,0.246,0.2792,0,0.191986,0,1,1
box_detour_wall_left,oi_face_rot_anchor_mppi,17837,256,16,0,0,1,1,1,125,0.22636,0.0566408,11.8128,0,0.726867,1.20802,0.203666,25.4583,28.658,512000,0.2559,0.3347,0,0.20395,0,1,1
box_detour_wall_left,oi_face_rot_anchor_mppi,17844,256,16,0,0,1,1,1,112,0.238789,0.0564781,10.4444,0,0.799039,1.43034,0.197835,22.1575,24.8303,458752,0.2788,0.319,0,0.198118,0,1,1
box_detour_wall_left,oi_face_rot_anchor_mppi,17851,256,16,0,0,1,1,1,104,0.24296,0.0685951,9.74659,0,0.750022,1.07984,0.198782,20.6733,23.4612,425984,0.2498,0.3626,0,0.199145,0,1,1
box_detour_wall_left,oi_face_rot_anchor_mppi,17858,256,16,0,0,1,1,1,134,0.233857,0.015597,12.7763,0,0.850147,1.56047,0.198293,26.5712,29.6534,548864,0.2461,0.5078,0,0.198587,0,1,1
box_detour_wall_left,oi_face_rot_anchor_mppi,17865,256,16,0,0,1,1,1,176,0.244232,0.0780583,14.7329,0,1.04092,2.16559,0.206982,36.4289,41.1903,720896,0.2505,0.3253,0,0.207336,0,1,1
box_detour_wall_left,oi_face_rot_anchor_mppi,17872,256,16,0,0,1,1,1,150,0.246358,0.063471,13.2318,0,0.786435,1.21511,0.20999,31.4985,35.754,614400,0.2601,0.3202,0,0.210282,0,1,1
box_detour_wall_left,oi_face_rot_anchor_mppi,17879,256,16,0,0,1,1,1,138,0.23994,0.0476255,12.1237,0,0.780939,1.17836,0.192347,26.5439,29.5217,565248,0.2237,0.3741,0,0.192572,0,1,1
box_detour_wall_left,oi_face_rot_anchor_mppi,17886,256,16,0,0,1,1,1,126,0.227059,0.0207134,10.7604,0,0.845518,1.51409,0.184218,23.2115,25.2384,516096,0.2573,0.3272,0,0.184492,0,1,1
box_detour_wall_left,oi_face_rot_anchor_mppi,17893,256,16,0,0,1,1,1,138,0.227158,0.0633351,12.7357,0,0.897199,1.82517,0.202114,27.8918,31.964,565248,0.2383,0.2993,0,0.202397,0,1,1
box_detour_wall_left,oi_face_rot_anchor_mppi,17900,256,16,0,0,1,1,1,136,0.233313,0.105278,12.7201,0,0.789751,1.39506,0.194501,26.4521,29.4081,557056,0.224,0.3146,0,0.19474,0,1,1
box_detour_wall_left,oi_face_rot_anchor_mppi,17907,256,16,0,0,1,1,1,144,0.242153,0.0153113,12.7842,0,0.854337,1.56952,0.193107,27.8074,30.8807,589824,0.2284,0.2854,0,0.193405,0,1,1
box_detour_wall_left,oi_face_rot_anchor_mppi,17914,256,16,0,0,1,1,1,139,0.244743,0.00757904,12.9813,0,0.946031,1.84198,0.197216,27.413,30.6104,569344,0.2741,0.3158,0,0.197599,0,1,1
box_detour_wall_left,oi_face_rot_anchor_mppi,17921,256,16,0,0,1,1,1,109,0.227501,0.128902,10.4197,0,0.708233,0.884113,0.207464,22.6136,25.56,446464,0.2647,0.3333,0,0.207771,0,1,1
box_detour_wall_left,oi_face_rot_anchor_mppi,17928,256,16,0,0,1,1,1,135,0.247892,0.0755033,12.1106,0,0.870813,1.38862,0.212302,28.6608,33.099,552960,0.2608,0.3137,0,0.21261,0,1,1
box_detour_wall_left,oi_face_rot_anchor_mppi,17935,256,16,0,0,1,1,1,158,0.227951,0.0484635,15.9348,0,0.730995,0.911922,0.212001,33.4962,37.731,647168,0.304,0.3969,0,0.212297,0,1,1
box_detour_wall_left,oi_face_rot_anchor_mppi,17942,256,16,0,0,1,1,1,124,0.238845,0.0262234,11.8295,0,0.739823,1.12575,0.211185,26.1869,29.714,507904,0.299,0.3392,0,0.211492,0,1,1
box_detour_wall_left,oi_face_rot_anchor_mppi,17949,256,16,0,0,1,1,1,111,0.235591,0.0396146,10.4442,0,0.825015,1.29269,0.207075,22.9853,25.8749,454656,0.2755,0.3169,0,0.207413,0,1,1
box_detour_wall_left,oi_face_rot_pstall_mppi,17256,256,16,0,0,0,1,0,420,1.19466,0.118138,48.033,0,2.15355,6.1918,0.211108,88.6654,98.4144,1720320,0.2781,0.3689,0,0.211304,0,1,0
box_detour_wall_left,oi_face_rot_pstall_mppi,17263,256,16,0,0,1,1,1,141,0.241347,0.0234585,13.1092,0,0.855088,1.46189,0.194911,27.4825,30.3719,577536,0.2476,0.3154,0,0.195257,0,1,1
box_detour_wall_left,oi_face_rot_pstall_mppi,17270,256,16,0,0,1,1,1,159,0.234852,0.0436649,14.8546,0,0.826254,1.52484,0.199401,31.7048,35.3481,651264,0.2667,0.3295,0,0.199662,0,1,1
box_detour_wall_left,oi_face_rot_pstall_mppi,17277,256,16,0,0,1,1,1,123,0.24315,0.0119608,11.5419,0,0.798659,1.31918,0.189241,23.2767,25.5195,503808,0.2308,0.3287,0,0.189476,0,1,1
box_detour_wall_left,oi_face_rot_pstall_mppi,17284,256,16,0,0,1,1,1,111,0.245129,0.016449,10.5676,0,0.883457,1.89092,0.205906,22.8556,25.6827,454656,0.278,0.3164,0,0.206217,0,1,1
box_detour_wall_left,oi_face_rot_pstall_mppi,17291,256,16,0,0,1,1,1,105,0.242903,0.00619043,10.4174,0,0.824579,1.44418,0.20435,21.4567,24.4948,430080,0.2757,0.325,0,0.204763,0,1,1
box_detour_wall_left,oi_face_rot_pstall_mppi,17298,256,16,0,0,1,1,1,128,0.242304,0.157983,12.0315,0,0.794195,1.16589,0.212216,27.1636,30.4985,524288,0.2978,0.7295,0,0.212548,0,1,1
box_detour_wall_left,oi_face_rot_pstall_mppi,17305,256,16,0,0,1,1,1,146,0.239979,0.00227023,13.2481,0,0.82006,1.30808,0.20941,30.5738,34.8072,598016,0.2879,0.4047,0,0.209735,0,1,1
box_detour_wall_left,oi_face_rot_pstall_mppi,17312,256,16,0,0,1,1,1,105,0.247571,0.0674283,9.95197,0,0.747781,1.14018,0.209243,21.9705,24.7923,430080,0.3088,0.3208,0,0.209658,0,1,1
box_detour_wall_left,oi_face_rot_pstall_mppi,17319,256,16,0,0,1,1,1,124,0.248756,0.0796439,11.6565,0,0.813226,1.39782,0.200298,24.837,27.6266,507904,0.284,0.379,0,0.200578,0,1,1
box_detour_wall_left,oi_face_rot_pstall_mppi,17326,256,16,0,0,1,1,1,172,0.248691,0.0741172,14.5495,0,0.89204,1.64851,0.195703,33.6609,37.5568,704512,0.2696,0.3078,0,0.195983,0,1,1
box_detour_wall_left,oi_face_rot_pstall_mppi,17333,256,16,0,0,1,1,1,111,0.246615,0.088473,11.0277,0,0.872252,1.46178,0.196684,21.8319,24.5438,454656,0.269,0.2708,0,0.197003,0,1,1
box_detour_wall_left,oi_face_rot_pstall_mppi,17340,256,16,0,0,1,1,1,339,0.249705,0.0796705,36.4086,0,0.890965,1.57683,0.209818,71.1282,78.5935,1388544,0.2842,0.359,0,0.210004,0,1,1
box_detour_wall_left,oi_face_rot_pstall_mppi,17347,256,16,0,0,0,1,0,420,1.19149,0.1514,47.9314,0,2.38806,7.62676,0.206625,86.7825,96.6793,1720320,0.2856,0.3536,0,0.206784,0,1,0
box_detour_wall_left,oi_face_rot_pstall_mppi,17354,256,16,0,0,1,1,1,104,0.249169,0.11578,9.86279,0,0.777958,1.16276,0.189437,19.7015,21.7506,425984,0.2827,0.3069,0,0.189765,0,1,1
box_detour_wall_left,oi_face_rot_pstall_mppi,17361,256,16,0,0,1,1,1,108,0.231927,0.00964039,10.3741,0,0.761346,1.20308,0.186246,20.1146,21.8976,442368,0.2572,0.308,0,0.186532,0,1,1
box_detour_wall_left,oi_face_rot_pstall_mppi,17368,256,16,0,0,1,1,1,157,0.229828,0.0230483,15.6163,0,0.784938,1.08873,0.181884,28.5558,30.8334,643072,0.2389,0.3049,0,0.182098,0,1,1
box_detour_wall_left,oi_face_rot_pstall_mppi,17375,256,16,0,0,1,1,1,126,0.235611,0.16379,12.0679,0,0.708877,0.993878,0.203653,25.6603,27.9925,516096,0.3007,0.3236,0,0.203848,0,1,1
box_detour_wall_left,oi_face_rot_pstall_mppi,17382,256,16,0,0,1,1,1,147,0.238112,0.0141517,12.9546,0,0.892822,1.59365,0.233262,34.2895,38.1738,602112,0.4068,0.5619,0,0.233495,0,1,1
box_detour_wall_left,oi_face_rot_pstall_mppi,17389,256,16,0,0,1,1,1,130,0.246371,0.0567072,12.0843,0,0.839138,1.34772,0.199233,25.9003,28.1966,532480,0.2684,0.3327,0,0.19949,0,1,1
box_detour_wall_left,oi_face_rot_pstall_mppi,17396,256,16,0,0,1,1,1,121,0.246991,0.0748369,11.5654,0,0.917674,1.62052,0.190388,23.0369,25.4614,495616,0.2589,0.4104,0,0.190626,0,1,1
box_detour_wall_left,oi_face_rot_pstall_mppi,17403,256,16,0,0,1,1,1,107,0.245551,0.0339435,10.1883,0,0.763774,1.24494,0.201307,21.5399,24.1437,438272,0.2455,0.2811,0,0.201621,0,1,1
box_detour_wall_left,oi_face_rot_pstall_mppi,17410,256,16,0,0,1,1,1,102,0.229624,0.0531057,9.66861,0,0.793152,1.07881,0.196824,20.076,22.6845,417792,0.2251,0.3087,0,0.197163,0,1,1
box_detour_wall_left,oi_face_rot_pstall_mppi,17417,256,16,0,0,1,1,1,115,0.238963,0.0755713,11.0149,0,0.772386,1.1844,0.2052,23.598,26.3875,471040,0.2676,0.3248,0,0.205559,0,1,1
box_detour_wall_left,oi_face_rot_pstall_mppi,17424,256,16,0,0,1,1,1,121,0.246885,0.116054,11.5054,0,0.759332,1.06068,0.196224,23.7431,26.4255,495616,0.2677,0.2972,0,0.196549,0,1,1
box_detour_wall_left,oi_face_rot_pstall_mppi,17431,256,16,0,0,1,1,1,166,0.227717,0.00729012,15.4192,0,0.838863,1.36269,0.208731,34.6493,38.5742,679936,0.2753,0.3171,0,0.208989,0,1,1
box_detour_wall_left,oi_face_rot_pstall_mppi,17438,256,16,0,0,1,1,1,136,0.242584,0.0682718,12.912,0,0.890037,1.60725,0.18924,25.7367,27.8684,557056,0.2745,0.3419,0,0.18948,0,1,1
box_detour_wall_left,oi_face_rot_pstall_mppi,17445,256,16,0,0,1,1,1,143,0.23562,0.137106,13.6452,0,0.797071,1.17873,0.189829,27.1455,29.9866,585728,0.2684,0.3644,0,0.190106,0,1,1
box_detour_wall_left,oi_face_rot_pstall_mppi,17452,256,16,0,0,1,1,1,125,0.23149,0.00377546,10.689,0,0.81197,1.15168,0.18382,22.9775,25.0679,512000,0.2582,0.3312,0,0.184046,0,1,1
box_detour_wall_left,oi_face_rot_pstall_mppi,17459,256,16,0,0,1,1,1,150,0.241312,0.00710857,13.4554,0,0.787033,1.20163,0.18939,28.4085,30.8736,614400,0.2551,0.3064,0,0.189624,0,1,1
box_detour_wall_left,oi_face_rot_pstall_mppi,17466,256,16,0,0,1,1,1,135,0.229703,0.0738439,12.5971,0,0.937654,1.81363,0.209188,28.2404,32.246,552960,0.2702,0.2887,0,0.209516,0,1,1
box_detour_wall_left,oi_face_rot_pstall_mppi,17473,256,16,0,0,1,1,1,161,0.248261,0.101459,15.8568,0,0.768373,1.08991,0.200213,32.2343,35.7278,659456,0.2448,0.3205,0,0.200477,0,1,1
box_detour_wall_left,oi_face_rot_pstall_mppi,17480,256,16,0,0,1,1,1,128,0.227738,0.0547784,11.9278,0,0.924786,1.92153,0.203781,26.084,29.1739,524288,0.2959,0.3121,0,0.204048,0,1,1
box_detour_wall_left,oi_face_rot_pstall_mppi,17487,256,16,0,0,1,1,1,92,0.245726,0.0197921,9.25401,0,0.62149,0.696598,0.21321,19.6153,21.9886,376832,0.2969,0.3506,0,0.213529,0,1,1
box_detour_wall_left,oi_face_rot_pstall_mppi,17494,256,16,0,0,1,1,1,115,0.23078,0.0443975,11.0037,0,0.850774,1.39485,0.20917,24.0546,26.9894,471040,0.2751,0.3107,0,0.209484,0,1,1
box_detour_wall_left,oi_face_rot_pstall_mppi,17501,256,16,0,0,1,1,1,123,0.236591,0.0886976,11.7966,0,0.970141,2.16179,0.204215,25.1184,28.212,503808,0.2699,0.2908,0,0.204508,0,1,1
box_detour_wall_left,oi_face_rot_pstall_mppi,17508,256,16,0,0,0,1,0,420,1.19348,0.170796,48.1292,0,2.72975,9.55138,0.2034,85.4278,94.2962,1720320,0.2716,0.342,0,0.203544,0,1,0
box_detour_wall_left,oi_face_rot_pstall_mppi,17515,256,16,0,0,1,1,1,138,0.224819,0.0285898,13.1597,0,0.8057,1.28335,0.207962,28.6988,31.6527,565248,0.2943,0.3327,0,0.20821,0,1,1
box_detour_wall_left,oi_face_rot_pstall_mppi,17522,256,16,0,0,1,1,1,118,0.241677,0.00543946,11.5792,0,0.84264,1.30166,0.193552,22.8392,25.2007,483328,0.29,0.3259,0,0.193857,0,1,1
box_detour_wall_left,oi_face_rot_pstall_mppi,17529,256,16,0,0,1,1,1,128,0.238913,0.00121121,12.0704,0,0.74628,1.14146,0.223711,28.635,32.0799,524288,0.3213,0.529,0,0.223924,0,1,1
box_detour_wall_left,oi_face_rot_pstall_mppi,17536,256,16,0,0,1,1,1,144,0.2461,0.0688064,12.5751,0,1.0359,2.13286,0.201207,28.9738,32.011,589824,0.2751,0.3432,0,0.201515,0,1,1
box_detour_wall_left,oi_face_rot_pstall_mppi,17543,256,16,0,0,1,1,1,165,0.227111,0.042814,14.4458,0,0.927617,1.68564,0.209284,34.5318,39.132,675840,0.2811,0.3365,0,0.20958,0,1,1
box_detour_wall_left,oi_face_rot_pstall_mppi,17550,256,16,0,0,1,1,1,138,0.242037,0.0610388,11.9794,0,0.855965,1.48102,0.195428,26.969,29.8138,565248,0.2787,0.3038,0,0.195688,0,1,1
box_detour_wall_left,oi_face_rot_pstall_mppi,17557,256,16,0,0,1,1,1,125,0.229392,0.0477575,11.7582,0,0.94973,1.83854,0.188463,23.5579,25.701,512000,0.2419,0.3363,0,0.188754,0,1,1
box_detour_wall_left,oi_face_rot_pstall_mppi,17564,256,16,0,0,1,1,1,110,0.238854,0.0301901,10.4463,0,0.793441,1.15786,0.192993,21.2292,23.2554,450560,0.2689,0.3227,0,0.193226,0,1,1
box_detour_wall_left,oi_face_rot_pstall_mppi,17571,256,16,0,0,1,1,1,132,0.241314,0.071711,12.2825,0,0.802103,1.28366,0.210958,27.8464,31.7549,540672,0.2867,0.3101,0,0.211209,0,1,1
box_detour_wall_left,oi_face_rot_pstall_mppi,17578,256,16,0,0,1,1,1,151,0.2288,0.0760384,12.7989,0,0.850897,1.30091,0.206011,31.1076,34.6309,618496,0.2717,0.3338,0,0.206362,0,1,1
box_detour_wall_left,oi_face_rot_pstall_mppi,17585,256,16,0,0,1,1,1,118,0.245996,0.0967185,11.3456,0,0.790443,1.27969,0.20348,24.0106,26.688,483328,0.2915,0.3643,0,0.203823,0,1,1
box_detour_wall_left,oi_face_rot_pstall_mppi,17592,256,16,0,0,1,1,1,117,0.230253,0.0260483,11.4132,0,0.731293,0.920107,0.195455,22.8682,25.2509,479232,0.2834,0.3037,0,0.195749,0,1,1
box_detour_wall_left,oi_face_rot_pstall_mppi,17599,256,16,0,0,1,1,1,122,0.246559,0.0754026,11.8854,0,0.788135,1.09365,0.203515,24.8288,27.4655,499712,0.2689,0.3077,0,0.203777,0,1,1
box_detour_wall_left,oi_face_rot_pstall_mppi,17606,256,16,0,0,1,1,1,140,0.244531,0.112872,12.055,0,0.990868,1.93297,0.205501,28.7701,32.2089,573440,0.2638,0.3675,0,0.205764,0,1,1
box_detour_wall_left,oi_face_rot_pstall_mppi,17613,256,16,0,0,1,1,1,123,0.232594,0.0871651,11.9548,0,0.745234,1.15858,0.195436,24.0386,26.4965,503808,0.2556,0.3133,0,0.19567,0,1,1
box_detour_wall_left,oi_face_rot_pstall_mppi,17620,256,16,0,0,1,1,1,121,0.231642,0.0860887,11.4935,0,0.782601,1.31686,0.201121,24.3357,26.6679,495616,0.2807,0.3379,0,0.201363,0,1,1
box_detour_wall_left,oi_face_rot_pstall_mppi,17627,256,16,0,0,1,1,1,123,0.241684,0.0733496,10.7881,0,0.883943,1.5151,0.217098,26.7031,30.3438,503808,0.2884,0.6578,0,0.217414,0,1,1
box_detour_wall_left,oi_face_rot_pstall_mppi,17634,256,16,0,0,1,1,1,159,0.239678,0.0888377,15.169,0,0.801958,1.31774,0.203236,32.3145,36.0694,651264,0.2809,0.3653,0,0.203582,0,1,1
box_detour_wall_left,oi_face_rot_pstall_mppi,17641,256,16,0,0,1,1,1,133,0.237358,0.0180367,11.4813,0,0.867672,1.5493,0.188449,25.0637,27.4843,544768,0.2358,0.2739,0,0.188669,0,1,1
box_detour_wall_left,oi_face_rot_pstall_mppi,17648,256,16,0,0,1,1,1,161,0.23546,0.0376213,14.8044,0,0.745576,1.07346,0.192558,31.0018,34.2651,659456,0.2521,0.3366,0,0.192816,0,1,1
box_detour_wall_left,oi_face_rot_pstall_mppi,17655,256,16,0,0,1,1,1,180,0.23183,0.0822413,15.2241,0,0.858565,1.58592,0.203106,36.559,41.19,737280,0.2644,0.3696,0,0.203399,0,1,1
box_detour_wall_left,oi_face_rot_pstall_mppi,17662,256,16,0,0,1,1,1,118,0.237769,0.0331784,10.702,0,0.935442,1.73964,0.210859,24.8814,27.787,483328,0.2725,0.3498,0,0.211153,0,1,1
box_detour_wall_left,oi_face_rot_pstall_mppi,17669,256,16,0,0,1,1,1,114,0.239055,0.0860103,11.3016,0,0.792309,1.21326,0.194407,22.1624,24.4961,466944,0.2589,0.3049,0,0.194685,0,1,1
box_detour_wall_left,oi_face_rot_pstall_mppi,17676,256,16,0,0,1,1,1,153,0.240337,0.0509277,14.6078,0,0.705412,0.88662,0.196282,30.0312,33.0004,626688,0.2615,0.3832,0,0.196524,0,1,1
box_detour_wall_left,oi_face_rot_pstall_mppi,17683,256,16,0,0,1,1,1,133,0.233571,0.0103954,12.4928,0,0.8548,1.50257,0.187478,24.9346,27.1895,544768,0.2617,0.3485,0,0.187723,0,1,1
box_detour_wall_left,oi_face_rot_pstall_mppi,17690,256,16,0,0,1,1,1,122,0.226924,0.00953104,10.1872,0,0.877954,1.51587,0.190179,23.2018,25.6187,499712,0.274,0.4869,0,0.190465,0,1,1
box_detour_wall_left,oi_face_rot_pstall_mppi,17697,256,16,0,0,1,1,1,110,0.238105,0.0764991,10.2056,0,0.810946,1.24483,0.207031,22.7734,25.6072,450560,0.2723,0.3261,0,0.207375,0,1,1
box_detour_wall_left,oi_face_rot_pstall_mppi,17704,256,16,0,0,1,1,1,121,0.240211,0.0860935,11.5864,0,0.735796,1.08011,0.210155,25.4288,28.8867,495616,0.2732,0.3138,0,0.210488,0,1,1
box_detour_wall_left,oi_face_rot_pstall_mppi,17711,256,16,0,0,1,1,1,131,0.229392,0.0583191,11.3827,0,0.819882,1.25832,0.185179,24.2584,26.5526,536576,0.2604,0.2807,0,0.185408,0,1,1
box_detour_wall_left,oi_face_rot_pstall_mppi,17718,256,16,0,0,1,1,1,113,0.236639,0.0914008,10.786,0,0.715984,0.897481,0.187344,21.1699,23.4523,462848,0.2275,0.2403,0,0.187647,0,1,1
box_detour_wall_left,oi_face_rot_pstall_mppi,17725,256,16,0,0,1,1,1,128,0.246136,0.124713,12.0016,0,0.763526,1.1155,0.202298,25.8942,28.652,524288,0.2658,0.3166,0,0.202622,0,1,1
box_detour_wall_left,oi_face_rot_pstall_mppi,17732,256,16,0,0,1,1,1,106,0.248485,0.10275,9.98038,0,0.756482,1.08997,0.218729,23.1853,26.3458,434176,0.278,0.3221,0,0.219155,0,1,1
box_detour_wall_left,oi_face_rot_pstall_mppi,17739,256,16,0,0,1,1,1,118,0.229167,0.10259,11.1432,0,0.904866,1.77012,0.215081,25.3796,28.5409,483328,0.3276,0.3599,0,0.215384,0,1,1
box_detour_wall_left,oi_face_rot_pstall_mppi,17746,256,16,0,0,1,1,1,133,0.232979,0.0799169,11.2881,0,0.917477,1.64428,0.193945,25.7947,28.4358,544768,0.2593,0.3128,0,0.194183,0,1,1
box_detour_wall_left,oi_face_rot_pstall_mppi,17753,256,16,0,0,1,1,1,135,0.235674,0.0823606,11.7628,0,0.885603,1.60052,0.181739,24.5348,26.5522,552960,0.2567,0.2663,0,0.181933,0,1,1
box_detour_wall_left,oi_face_rot_pstall_mppi,17760,256,16,0,0,1,1,1,130,0.240595,0.0563533,11.0815,0,0.876693,1.74327,0.191131,24.8471,27.3558,532480,0.2599,0.341,0,0.191369,0,1,1
box_detour_wall_left,oi_face_rot_pstall_mppi,17767,256,16,0,0,1,1,1,114,0.241623,0.100885,10.9698,0,0.838512,1.34845,0.197434,22.5075,24.9651,466944,0.2587,0.3343,0,0.197738,0,1,1
box_detour_wall_left,oi_face_rot_pstall_mppi,17774,256,16,0,0,1,1,1,148,0.246966,0.0462428,13.285,0,0.826271,1.38857,0.187947,27.8161,30.5014,606208,0.2559,0.3242,0,0.188192,0,1,1
box_detour_wall_left,oi_face_rot_pstall_mppi,17781,256,16,0,0,1,1,1,125,0.233581,0.0106726,10.4798,0,0.944766,1.68972,0.203274,25.4093,28.9156,512000,0.2314,0.3403,0,0.203559,0,1,1
box_detour_wall_left,oi_face_rot_pstall_mppi,17788,256,16,0,0,1,1,1,108,0.248244,0.0147593,10.3405,0,0.853024,1.31178,0.201792,21.7935,24.1885,442368,0.2548,0.317,0,0.20212,0,1,1
box_detour_wall_left,oi_face_rot_pstall_mppi,17795,256,16,0,0,1,1,1,155,0.24771,0.0925768,13.5233,0,0.956529,1.88367,0.198691,30.7971,34.0023,634880,0.2734,0.3213,0,0.198968,0,1,1
box_detour_wall_left,oi_face_rot_pstall_mppi,17802,256,16,0,0,1,1,1,133,0.247574,0.0770348,12.6925,0,0.772852,1.11622,0.221648,29.4792,33.6995,544768,0.3144,0.3701,0,0.221953,0,1,1
box_detour_wall_left,oi_face_rot_pstall_mppi,17809,256,16,0,0,1,1,1,105,0.237001,0.000204511,9.97174,0,0.756308,1.05654,0.217324,22.819,25.5216,430080,0.3066,0.3425,0,0.217616,0,1,1
box_detour_wall_left,oi_face_rot_pstall_mppi,17816,256,16,0,0,1,1,1,153,0.237931,0.0999077,13.8215,0,0.73434,1.09379,0.216761,33.1644,37.6639,626688,0.3158,0.5315,0,0.21708,0,1,1
box_detour_wall_left,oi_face_rot_pstall_mppi,17823,256,16,0,0,1,1,1,145,0.232067,0.0567442,12.9914,0,0.84655,1.50784,0.202447,29.3548,32.4387,593920,0.281,0.3534,0,0.202743,0,1,1
box_detour_wall_left,oi_face_rot_pstall_mppi,17830,256,16,0,0,1,1,1,132,0.23917,0.0291446,12.2147,0,0.846595,1.40661,0.192649,25.4296,27.7717,540672,0.2833,0.314,0,0.192843,0,1,1
box_detour_wall_left,oi_face_rot_pstall_mppi,17837,256,16,0,0,1,1,1,124,0.233149,0.00759454,11.7811,0,0.74441,1.28511,0.195535,24.2464,26.6031,507904,0.2774,0.3068,0,0.195788,0,1,1
box_detour_wall_left,oi_face_rot_pstall_mppi,17844,256,16,0,0,1,1,1,118,0.243937,0.0268627,11.1568,0,0.815709,1.537,0.213464,25.1887,28.3245,483328,0.3133,0.342,0,0.213784,0,1,1
box_detour_wall_left,oi_face_rot_pstall_mppi,17851,256,16,0,0,1,1,1,104,0.22796,0.0412751,9.46382,0,0.793042,1.26888,0.215643,22.4269,25.3812,425984,0.3122,0.3292,0,0.21597,0,1,1
box_detour_wall_left,oi_face_rot_pstall_mppi,17858,256,16,0,0,0,1,0,420,1.19787,0.19543,48.745,0,2.97376,11.0602,0.207655,87.2152,96.3428,1720320,0.2872,0.327,0,0.207801,0,1,0
box_detour_wall_left,oi_face_rot_pstall_mppi,17865,256,16,0,0,1,1,1,128,0.239714,0.0619386,11.9278,0,0.789235,1.3303,0.214191,27.4164,30.7771,524288,0.2951,0.9466,0,0.214477,0,1,1
box_detour_wall_left,oi_face_rot_pstall_mppi,17872,256,16,0,0,1,1,1,155,0.249709,0.0807187,13.4259,0,0.950148,1.81066,0.193929,30.059,33.2885,634880,0.2715,0.3483,0,0.194191,0,1,1
box_detour_wall_left,oi_face_rot_pstall_mppi,17879,256,16,0,0,1,1,1,139,0.245415,0.0495538,11.9049,0,0.88236,1.56982,0.209768,29.1578,34.0404,569344,0.2423,0.3134,0,0.210077,0,1,1
box_detour_wall_left,oi_face_rot_pstall_mppi,17886,256,16,0,0,1,1,1,122,0.238247,0.00333093,11.7752,0,0.813406,1.355,0.217134,26.4904,29.4952,499712,0.2918,0.33,0,0.217441,0,1,1
box_detour_wall_left,oi_face_rot_pstall_mppi,17893,256,16,0,0,1,1,1,134,0.247339,0.000895783,11.628,0,0.869491,1.61751,0.210478,28.2041,31.6025,548864,0.3039,0.4108,0,0.210752,0,1,1
box_detour_wall_left,oi_face_rot_pstall_mppi,17900,256,16,0,0,1,1,1,132,0.248155,0.0372267,11.2884,0,0.842558,1.53505,0.215319,28.4221,32.1019,540672,0.2974,0.3563,0,0.215614,0,1,1
box_detour_wall_left,oi_face_rot_pstall_mppi,17907,256,16,0,0,1,1,1,150,0.243239,0.07745,13.8166,0,0.854562,1.43371,0.219548,32.9322,37.3434,614400,0.2979,0.3387,0,0.219856,0,1,1
box_detour_wall_left,oi_face_rot_pstall_mppi,17914,256,16,0,0,1,1,1,133,0.235767,0.0152765,13.0724,0,0.713362,0.946105,0.209826,27.9068,31.1714,544768,0.3067,0.359,0,0.210104,0,1,1
box_detour_wall_left,oi_face_rot_pstall_mppi,17921,256,16,0,0,1,1,1,104,0.244666,0.0455706,9.85285,0,0.788375,1.16319,0.190993,19.8633,21.8564,425984,0.2832,0.3195,0,0.191292,0,1,1
box_detour_wall_left,oi_face_rot_pstall_mppi,17928,256,16,0,0,1,1,1,137,0.245018,0.077528,13.6549,0,0.860737,1.31774,0.195958,26.8462,29.3186,561152,0.2997,0.3598,0,0.196203,0,1,1
box_detour_wall_left,oi_face_rot_pstall_mppi,17935,256,16,0,0,0,1,0,420,1.20924,0.244899,50.0525,0,2.96079,11.0597,0.211744,88.9325,98.7043,1720320,0.2826,0.4075,0,0.211911,0,1,0
box_detour_wall_left,oi_face_rot_pstall_mppi,17942,256,16,0,0,1,1,1,108,0.238737,0.0378642,10.1624,0,0.783482,1.14869,0.210478,22.7316,25.5149,442368,0.2805,0.324,0,0.210813,0,1,1
box_detour_wall_left,oi_face_rot_pstall_mppi,17949,256,16,0,0,1,1,1,134,0.239127,0.01467,12.7762,0,0.830895,1.32719,0.205937,27.5956,31.2474,548864,0.2785,0.3086,0,0.206216,0,1,1
box_detour_wall_left,oi_face_rot_wide_mppi,17256,256,16,0,0,1,1,1,279,0.238036,0.0467757,28.2249,0,0.846479,1.1555,0.218893,61.0711,68.9141,1142784,0.2802,0.3311,0,0.219107,0,1,1
box_detour_wall_left,oi_face_rot_wide_mppi,17263,256,16,0,0,1,1,1,141,0.241347,0.0234585,13.1092,0,0.855088,1.46189,0.207712,29.2874,33.0329,577536,0.2733,0.3624,0,0.208004,0,1,1
box_detour_wall_left,oi_face_rot_wide_mppi,17270,256,16,0,0,1,1,1,159,0.234852,0.0436649,14.8546,0,0.826254,1.52484,0.192085,30.5415,33.7875,651264,0.2722,0.3203,0,0.192326,0,1,1
box_detour_wall_left,oi_face_rot_wide_mppi,17277,256,16,0,0,1,1,1,123,0.24315,0.0119608,11.5419,0,0.798659,1.31918,0.18815,23.1425,25.0627,503808,0.2845,0.3164,0,0.188389,0,1,1
box_detour_wall_left,oi_face_rot_wide_mppi,17284,256,16,0,0,1,1,1,111,0.245129,0.016449,10.5676,0,0.883457,1.89092,0.204605,22.7111,25.1323,454656,0.293,0.3396,0,0.204934,0,1,1
box_detour_wall_left,oi_face_rot_wide_mppi,17291,256,16,0,0,1,1,1,105,0.242903,0.00619043,10.4174,0,0.824579,1.44418,0.203054,21.3207,23.7633,430080,0.2806,0.3161,0,0.203362,0,1,1
box_detour_wall_left,oi_face_rot_wide_mppi,17298,256,16,0,0,1,1,1,128,0.242304,0.157983,12.0315,0,0.794195,1.16589,0.217469,27.836,31.3971,524288,0.3052,0.3372,0,0.217795,0,1,1
box_detour_wall_left,oi_face_rot_wide_mppi,17305,256,16,0,0,1,1,1,146,0.239979,0.00227023,13.2481,0,0.82006,1.30808,0.21159,30.8921,35.0049,598016,0.2707,0.3566,0,0.211954,0,1,1
box_detour_wall_left,oi_face_rot_wide_mppi,17312,256,16,0,0,1,1,1,105,0.247571,0.0674283,9.95197,0,0.747781,1.14018,0.210002,22.0502,25.0171,430080,0.2714,0.3564,0,0.210355,0,1,1
box_detour_wall_left,oi_face_rot_wide_mppi,17319,256,16,0,0,1,1,1,124,0.248756,0.0796439,11.6565,0,0.813226,1.39782,0.21159,26.2372,29.6895,507904,0.2572,0.2949,0,0.211902,0,1,1
box_detour_wall_left,oi_face_rot_wide_mppi,17326,256,16,0,0,1,1,1,172,0.248691,0.0741172,14.5495,0,0.89204,1.64851,0.20012,34.4206,38.4313,704512,0.2417,0.3732,0,0.200374,0,1,1
box_detour_wall_left,oi_face_rot_wide_mppi,17333,256,16,0,0,1,1,1,111,0.246615,0.088473,11.0277,0,0.872252,1.46178,0.215375,23.9066,27.1107,454656,0.2795,0.3319,0,0.215783,0,1,1
box_detour_wall_left,oi_face_rot_wide_mppi,17340,256,16,0,0,0,1,0,420,1.19291,0.268907,48.8333,0,0.667086,0.653203,0.213759,89.7787,98.9664,1720320,0.2921,0.3851,0,0.21395,0,1,0
box_detour_wall_left,oi_face_rot_wide_mppi,17347,256,16,0,0,1,1,1,320,0.230415,0.0867158,33.1428,0,0.73667,0.881245,0.199984,63.9948,70.3579,1310720,0.2775,0.3747,0,0.200188,0,1,1
box_detour_wall_left,oi_face_rot_wide_mppi,17354,256,16,0,0,1,1,1,104,0.249169,0.11578,9.86279,0,0.777958,1.16276,0.218594,22.7338,25.3608,425984,0.3053,0.912,0,0.218931,0,1,1
box_detour_wall_left,oi_face_rot_wide_mppi,17361,256,16,0,0,1,1,1,108,0.231927,0.00964039,10.3741,0,0.761346,1.20308,0.207364,22.3953,25.1993,442368,0.3071,0.3331,0,0.207746,0,1,1
box_detour_wall_left,oi_face_rot_wide_mppi,17368,256,16,0,0,1,1,1,157,0.229828,0.0230483,15.6163,0,0.784938,1.08873,0.206261,32.3829,36.4108,643072,0.2776,0.3475,0,0.20656,0,1,1
box_detour_wall_left,oi_face_rot_wide_mppi,17375,256,16,0,0,1,1,1,126,0.235611,0.16379,12.0679,0,0.708877,0.993878,0.209744,26.4278,29.7319,516096,0.2658,0.3032,0,0.210083,0,1,1
box_detour_wall_left,oi_face_rot_wide_mppi,17382,256,16,0,0,1,1,1,147,0.238112,0.0141517,12.9546,0,0.892822,1.59365,0.195941,28.8033,31.6997,602112,0.2546,0.3279,0,0.196222,0,1,1
box_detour_wall_left,oi_face_rot_wide_mppi,17389,256,16,0,0,1,1,1,130,0.246371,0.0567072,12.0843,0,0.839138,1.34772,0.207124,26.9261,30.0655,532480,0.2577,0.2698,0,0.207387,0,1,1
box_detour_wall_left,oi_face_rot_wide_mppi,17396,256,16,0,0,1,1,1,121,0.246991,0.0748369,11.5654,0,0.917674,1.62052,0.208237,25.1967,28.2227,495616,0.2698,0.3078,0,0.208536,0,1,1
box_detour_wall_left,oi_face_rot_wide_mppi,17403,256,16,0,0,1,1,1,107,0.245551,0.0339435,10.1883,0,0.763774,1.24494,0.205674,22.0071,25.0171,438272,0.2733,0.3184,0,0.206034,0,1,1
box_detour_wall_left,oi_face_rot_wide_mppi,17410,256,16,0,0,1,1,1,102,0.229624,0.0531057,9.66861,0,0.793152,1.07881,0.206931,21.107,23.5851,417792,0.2951,0.3184,0,0.207297,0,1,1
box_detour_wall_left,oi_face_rot_wide_mppi,17417,256,16,0,0,1,1,1,115,0.238963,0.0755713,11.0149,0,0.772386,1.1844,0.216018,24.8421,28.0936,471040,0.2956,0.3837,0,0.216334,0,1,1
box_detour_wall_left,oi_face_rot_wide_mppi,17424,256,16,0,0,1,1,1,121,0.246885,0.116054,11.5054,0,0.759332,1.06068,0.211099,25.543,28.8613,495616,0.2795,0.3726,0,0.211417,0,1,1
box_detour_wall_left,oi_face_rot_wide_mppi,17431,256,16,0,0,1,1,1,166,0.227717,0.00729012,15.4192,0,0.838863,1.36269,0.205169,34.0581,38.0509,679936,0.2792,0.3099,0,0.205438,0,1,1
box_detour_wall_left,oi_face_rot_wide_mppi,17438,256,16,0,0,1,1,1,136,0.242584,0.0682718,12.912,0,0.890037,1.60725,0.197908,26.9155,29.5676,557056,0.2899,0.3334,0,0.198134,0,1,1
box_detour_wall_left,oi_face_rot_wide_mppi,17445,256,16,0,0,1,1,1,143,0.23562,0.137106,13.6452,0,0.797071,1.17873,0.210636,30.121,33.4053,585728,0.2736,0.3205,0,0.210912,0,1,1
box_detour_wall_left,oi_face_rot_wide_mppi,17452,256,16,0,0,1,1,1,125,0.23149,0.00377546,10.689,0,0.81197,1.15168,0.207371,25.9214,29.1157,512000,0.2876,0.3663,0,0.207835,0,1,1
box_detour_wall_left,oi_face_rot_wide_mppi,17459,256,16,0,0,1,1,1,150,0.241312,0.00710857,13.4554,0,0.787033,1.20163,0.222736,33.4104,38.035,614400,0.2915,0.5164,0,0.223077,0,1,1
box_detour_wall_left,oi_face_rot_wide_mppi,17466,256,16,0,0,1,1,1,135,0.229703,0.0738439,12.5971,0,0.937654,1.81363,0.25099,33.8836,39.3921,552960,0.4135,0.9058,0,0.25137,0,1,1
box_detour_wall_left,oi_face_rot_wide_mppi,17473,256,16,0,0,1,1,1,161,0.248261,0.101459,15.8568,0,0.768373,1.08991,0.242395,39.0256,44.6447,659456,0.3355,0.9727,0,0.242786,0,1,1
box_detour_wall_left,oi_face_rot_wide_mppi,17480,256,16,0,0,1,1,1,128,0.227738,0.0547784,11.9278,0,0.924786,1.92153,0.253166,32.4052,37.7567,524288,0.4443,0.6525,0,0.253761,0,1,1
box_detour_wall_left,oi_face_rot_wide_mppi,17487,256,16,0,0,1,1,1,92,0.245726,0.0197921,9.25401,0,0.62149,0.696598,0.238388,21.9317,25.9406,376832,0.3048,0.821,0,0.238888,0,1,1
box_detour_wall_left,oi_face_rot_wide_mppi,17494,256,16,0,0,1,1,1,115,0.23078,0.0443975,11.0037,0,0.850774,1.39485,0.283624,32.6168,37.3147,471040,0.5147,2.0768,0,0.284115,0,1,1
box_detour_wall_left,oi_face_rot_wide_mppi,17501,256,16,0,0,1,1,1,123,0.236591,0.0886976,11.7966,0,0.970141,2.16179,0.264107,32.4851,37.7176,503808,0.538,1.4336,0,0.264529,0,1,1
box_detour_wall_left,oi_face_rot_wide_mppi,17508,256,16,0,0,1,1,1,169,0.241156,0.0207174,16.9355,0,0.80183,1.04927,0.300979,50.8655,60.5693,692224,0.6441,2.1799,0,0.301376,0,1,1
box_detour_wall_left,oi_face_rot_wide_mppi,17515,256,16,0,0,1,1,1,138,0.224819,0.0285898,13.1597,0,0.8057,1.28335,0.264717,36.531,42.4219,565248,0.4055,0.8815,0,0.265118,0,1,1
box_detour_wall_left,oi_face_rot_wide_mppi,17522,256,16,0,0,1,1,1,118,0.241677,0.00543946,11.5792,0,0.84264,1.30166,0.311188,36.7202,41.3209,483328,0.6794,2.8052,0,0.311652,0,1,1
box_detour_wall_left,oi_face_rot_wide_mppi,17529,256,16,0,0,1,1,1,128,0.238913,0.00121121,12.0704,0,0.74628,1.14146,0.305284,39.0763,45.1693,524288,0.5038,2.9698,0,0.305787,0,1,1
box_detour_wall_left,oi_face_rot_wide_mppi,17536,256,16,0,0,1,1,1,144,0.2461,0.0688064,12.5751,0,1.0359,2.13286,0.260757,37.549,45.2101,589824,0.3864,0.6133,0,0.261211,0,1,1
box_detour_wall_left,oi_face_rot_wide_mppi,17543,256,16,0,0,1,1,1,165,0.227111,0.042814,14.4458,0,0.927617,1.68564,0.245689,40.5387,48.8788,675840,0.3203,2.2645,0,0.24608,0,1,1
box_detour_wall_left,oi_face_rot_wide_mppi,17550,256,16,0,0,1,1,1,138,0.242037,0.0610388,11.9794,0,0.855965,1.48102,0.27615,38.1087,44.8653,565248,0.3559,2.0259,0,0.276518,0,1,1
box_detour_wall_left,oi_face_rot_wide_mppi,17557,256,16,0,0,1,1,1,125,0.229392,0.0477575,11.7582,0,0.94973,1.83854,0.258785,32.3481,37.4094,512000,0.3427,0.8874,0,0.259225,0,1,1
box_detour_wall_left,oi_face_rot_wide_mppi,17564,256,16,0,0,1,1,1,110,0.238854,0.0301901,10.4463,0,0.793441,1.15786,0.256972,28.2669,32.6504,450560,0.4381,0.9605,0,0.257412,0,1,1
box_detour_wall_left,oi_face_rot_wide_mppi,17571,256,16,0,0,1,1,1,132,0.241314,0.071711,12.2825,0,0.802103,1.28366,0.255345,33.7055,39.4711,540672,0.3559,1.1406,0,0.255753,0,1,1
box_detour_wall_left,oi_face_rot_wide_mppi,17578,256,16,0,0,1,1,1,151,0.2288,0.0760384,12.7989,0,0.850897,1.30091,0.240915,36.3782,42.3707,618496,0.3306,0.4017,0,0.241363,0,1,1
box_detour_wall_left,oi_face_rot_wide_mppi,17585,256,16,0,0,1,1,1,118,0.245996,0.0967185,11.3456,0,0.790443,1.27969,0.236104,27.8603,31.5887,483328,0.3189,0.794,0,0.2365,0,1,1
box_detour_wall_left,oi_face_rot_wide_mppi,17592,256,16,0,0,1,1,1,117,0.230253,0.0260483,11.4132,0,0.731293,0.920107,0.310172,36.2901,42.5265,479232,0.6146,2.0864,0,0.310638,0,1,1
box_detour_wall_left,oi_face_rot_wide_mppi,17599,256,16,0,0,1,1,1,122,0.246559,0.0754026,11.8854,0,0.788135,1.09365,0.216599,26.4251,30.0905,499712,0.2643,0.3916,0,0.216988,0,1,1
box_detour_wall_left,oi_face_rot_wide_mppi,17606,256,16,0,0,1,1,1,140,0.244531,0.112872,12.055,0,0.990868,1.93297,0.241617,33.8264,38.8796,573440,0.3597,0.831,0,0.241985,0,1,1
box_detour_wall_left,oi_face_rot_wide_mppi,17613,256,16,0,0,1,1,1,123,0.232594,0.0871651,11.9548,0,0.745234,1.15858,0.262485,32.2856,38.3477,503808,0.4083,1.1496,0,0.262906,0,1,1
box_detour_wall_left,oi_face_rot_wide_mppi,17620,256,16,0,0,1,1,1,121,0.231642,0.0860887,11.4935,0,0.782601,1.31686,0.272764,33.0045,39.9391,495616,0.4691,1.2534,0,0.273174,0,1,1
box_detour_wall_left,oi_face_rot_wide_mppi,17627,256,16,0,0,1,1,1,123,0.241684,0.0733496,10.7881,0,0.883943,1.5151,0.239307,29.4348,34.5339,503808,0.3581,0.5583,0,0.2397,0,1,1
box_detour_wall_left,oi_face_rot_wide_mppi,17634,256,16,0,0,1,1,1,159,0.239678,0.0888377,15.169,0,0.801958,1.31774,0.228976,36.4072,41.2424,651264,0.295,0.8628,0,0.229345,0,1,1
box_detour_wall_left,oi_face_rot_wide_mppi,17641,256,16,0,0,1,1,1,133,0.237358,0.0180367,11.4813,0,0.867672,1.5493,0.23933,31.8309,36.6562,544768,0.3324,0.4015,0,0.239737,0,1,1
box_detour_wall_left,oi_face_rot_wide_mppi,17648,256,16,0,0,1,1,1,161,0.23546,0.0376213,14.8044,0,0.745576,1.07346,0.232902,37.4972,44.4702,659456,0.3541,0.4839,0,0.233254,0,1,1
box_detour_wall_left,oi_face_rot_wide_mppi,17655,256,16,0,0,1,1,1,180,0.23183,0.0822413,15.2241,0,0.858565,1.58592,0.219081,39.4345,44.6347,737280,0.2908,0.3884,0,0.219376,0,1,1
box_detour_wall_left,oi_face_rot_wide_mppi,17662,256,16,0,0,1,1,1,118,0.237769,0.0331784,10.702,0,0.935442,1.73964,0.23894,28.1949,32.8509,483328,0.3142,0.376,0,0.239369,0,1,1
box_detour_wall_left,oi_face_rot_wide_mppi,17669,256,16,0,0,1,1,1,114,0.239055,0.0860103,11.3016,0,0.792309,1.21326,0.221907,25.2974,29.1105,466944,0.2743,0.3531,0,0.222313,0,1,1
box_detour_wall_left,oi_face_rot_wide_mppi,17676,256,16,0,0,1,1,1,153,0.240337,0.0509277,14.6078,0,0.705412,0.88662,0.23377,35.7668,41.2849,626688,0.3064,0.3608,0,0.23426,0,1,1
box_detour_wall_left,oi_face_rot_wide_mppi,17683,256,16,0,0,1,1,1,133,0.233571,0.0103954,12.4928,0,0.8548,1.50257,0.212176,28.2194,32.8617,544768,0.2663,0.4357,0,0.212539,0,1,1
box_detour_wall_left,oi_face_rot_wide_mppi,17690,256,16,0,0,1,1,1,122,0.226924,0.00953104,10.1872,0,0.877954,1.51587,0.217783,26.5695,29.8488,499712,0.3163,0.4681,0,0.218181,0,1,1
box_detour_wall_left,oi_face_rot_wide_mppi,17697,256,16,0,0,1,1,1,110,0.238105,0.0764991,10.2056,0,0.810946,1.24483,0.227329,25.0062,28.2278,450560,0.3111,0.5243,0,0.22768,0,1,1
box_detour_wall_left,oi_face_rot_wide_mppi,17704,256,16,0,0,1,1,1,121,0.240211,0.0860935,11.5864,0,0.735796,1.08011,0.219402,26.5477,30.4982,495616,0.2722,0.472,0,0.219745,0,1,1
box_detour_wall_left,oi_face_rot_wide_mppi,17711,256,16,0,0,1,1,1,131,0.229392,0.0583191,11.3827,0,0.819882,1.25832,0.217185,28.4512,31.9367,536576,0.2809,0.348,0,0.217503,0,1,1
box_detour_wall_left,oi_face_rot_wide_mppi,17718,256,16,0,0,1,1,1,113,0.236639,0.0914008,10.786,0,0.715984,0.897481,0.209666,23.6922,27.006,462848,0.2706,0.2828,0,0.210074,0,1,1
box_detour_wall_left,oi_face_rot_wide_mppi,17725,256,16,0,0,1,1,1,128,0.246136,0.124713,12.0016,0,0.763526,1.1155,0.229357,29.3577,33.2324,524288,0.3068,0.3219,0,0.229684,0,1,1
box_detour_wall_left,oi_face_rot_wide_mppi,17732,256,16,0,0,1,1,1,106,0.248485,0.10275,9.98038,0,0.756482,1.08997,0.223089,23.6474,26.7445,434176,0.2817,0.3424,0,0.223407,0,1,1
box_detour_wall_left,oi_face_rot_wide_mppi,17739,256,16,0,0,1,1,1,118,0.229167,0.10259,11.1432,0,0.904866,1.77012,0.225164,26.5693,30.0267,483328,0.3337,0.4623,0,0.225558,0,1,1
box_detour_wall_left,oi_face_rot_wide_mppi,17746,256,16,0,0,1,1,1,133,0.232979,0.0799169,11.2881,0,0.917477,1.64428,0.232305,30.8966,34.9302,544768,0.3027,0.5194,0,0.232674,0,1,1
box_detour_wall_left,oi_face_rot_wide_mppi,17753,256,16,0,0,1,1,1,135,0.235674,0.0823606,11.7628,0,0.885603,1.60052,0.227531,30.7167,35.4303,552960,0.2971,0.3581,0,0.227846,0,1,1
box_detour_wall_left,oi_face_rot_wide_mppi,17760,256,16,0,0,1,1,1,130,0.240595,0.0563533,11.0815,0,0.876693,1.74327,0.220867,28.7127,32.7846,532480,0.303,0.4643,0,0.221404,0,1,1
box_detour_wall_left,oi_face_rot_wide_mppi,17767,256,16,0,0,1,1,1,114,0.241623,0.100885,10.9698,0,0.838512,1.34845,0.241829,27.5685,32.2063,466944,0.3871,0.7575,0,0.242254,0,1,1
box_detour_wall_left,oi_face_rot_wide_mppi,17774,256,16,0,0,1,1,1,148,0.246966,0.0462428,13.285,0,0.826271,1.38857,0.224941,33.2912,37.7083,606208,0.3007,0.438,0,0.225263,0,1,1
box_detour_wall_left,oi_face_rot_wide_mppi,17781,256,16,0,0,1,1,1,125,0.233581,0.0106726,10.4798,0,0.944766,1.68972,0.208308,26.0385,29.4867,512000,0.281,0.3591,0,0.20867,0,1,1
box_detour_wall_left,oi_face_rot_wide_mppi,17788,256,16,0,0,1,1,1,108,0.248244,0.0147593,10.3405,0,0.853024,1.31178,0.197262,21.3043,23.4179,442368,0.2768,0.3547,0,0.197601,0,1,1
box_detour_wall_left,oi_face_rot_wide_mppi,17795,256,16,0,0,1,1,1,155,0.24771,0.0925768,13.5233,0,0.956529,1.88367,0.208767,32.3589,36.0385,634880,0.2851,0.3117,0,0.209037,0,1,1
box_detour_wall_left,oi_face_rot_wide_mppi,17802,256,16,0,0,1,1,1,133,0.247574,0.0770348,12.6925,0,0.772852,1.11622,0.203437,27.0571,30.0606,544768,0.295,0.3309,0,0.203746,0,1,1
box_detour_wall_left,oi_face_rot_wide_mppi,17809,256,16,0,0,1,1,1,105,0.237001,0.000204511,9.97174,0,0.756308,1.05654,0.208175,21.8584,24.6752,430080,0.2864,0.3475,0,0.208552,0,1,1
box_detour_wall_left,oi_face_rot_wide_mppi,17816,256,16,0,0,1,1,1,153,0.237931,0.0999077,13.8215,0,0.73434,1.09379,0.206115,31.5356,35.1235,626688,0.2736,0.3524,0,0.206435,0,1,1
box_detour_wall_left,oi_face_rot_wide_mppi,17823,256,16,0,0,1,1,1,145,0.232067,0.0567442,12.9914,0,0.84655,1.50784,0.21665,31.4143,35.1233,593920,0.3042,0.3474,0,0.216943,0,1,1
box_detour_wall_left,oi_face_rot_wide_mppi,17830,256,16,0,0,1,1,1,132,0.23917,0.0291446,12.2147,0,0.846595,1.40661,0.199099,26.2811,28.825,540672,0.29,0.3426,0,0.199371,0,1,1
box_detour_wall_left,oi_face_rot_wide_mppi,17837,256,16,0,0,1,1,1,124,0.233149,0.00759454,11.7811,0,0.74441,1.28511,0.206171,25.5652,28.1587,507904,0.2875,0.3644,0,0.206446,0,1,1
box_detour_wall_left,oi_face_rot_wide_mppi,17844,256,16,0,0,1,1,1,118,0.243937,0.0268627,11.1568,0,0.815709,1.537,0.210012,24.7814,27.4866,483328,0.3016,0.3695,0,0.210321,0,1,1
box_detour_wall_left,oi_face_rot_wide_mppi,17851,256,16,0,0,1,1,1,104,0.22796,0.0412751,9.46382,0,0.793042,1.26888,0.213189,22.1717,24.7817,425984,0.3152,0.5844,0,0.213613,0,1,1
box_detour_wall_left,oi_face_rot_wide_mppi,17858,256,16,0,0,0,1,0,420,1.18871,0.232569,48.009,0,0.778817,0.908048,0.21353,89.6826,100.535,1720320,0.2989,0.5124,0,0.213708,0,1,0
box_detour_wall_left,oi_face_rot_wide_mppi,17865,256,16,0,0,1,1,1,128,0.239714,0.0619386,11.9278,0,0.789235,1.3303,0.219025,28.0352,31.647,524288,0.2872,0.4931,0,0.219315,0,1,1
box_detour_wall_left,oi_face_rot_wide_mppi,17872,256,16,0,0,1,1,1,155,0.249709,0.0807187,13.4259,0,0.950148,1.81066,0.203009,31.4664,35.2494,634880,0.2818,0.3742,0,0.203297,0,1,1
box_detour_wall_left,oi_face_rot_wide_mppi,17879,256,16,0,0,1,1,1,139,0.245415,0.0495538,11.9049,0,0.88236,1.56982,0.20236,28.1281,31.4194,569344,0.3039,0.3803,0,0.202647,0,1,1
box_detour_wall_left,oi_face_rot_wide_mppi,17886,256,16,0,0,1,1,1,122,0.238247,0.00333093,11.7752,0,0.813406,1.355,0.21015,25.6383,29.0055,499712,0.29,0.3243,0,0.210466,0,1,1
box_detour_wall_left,oi_face_rot_wide_mppi,17893,256,16,0,0,1,1,1,134,0.247339,0.000895783,11.628,0,0.869491,1.61751,0.205784,27.575,30.9769,548864,0.2884,0.3169,0,0.206081,0,1,1
box_detour_wall_left,oi_face_rot_wide_mppi,17900,256,16,0,0,1,1,1,132,0.248155,0.0372267,11.2884,0,0.842558,1.53505,0.210655,27.8065,31.5498,540672,0.2809,0.3225,0,0.210979,0,1,1
box_detour_wall_left,oi_face_rot_wide_mppi,17907,256,16,0,0,1,1,1,150,0.243239,0.07745,13.8166,0,0.854562,1.43371,0.208083,31.2125,34.9957,614400,0.3036,0.3354,0,0.208407,0,1,1
box_detour_wall_left,oi_face_rot_wide_mppi,17914,256,16,0,0,1,1,1,133,0.235767,0.0152765,13.0724,0,0.713362,0.946105,0.21885,29.107,32.6162,544768,0.308,0.957,0,0.219146,0,1,1
box_detour_wall_left,oi_face_rot_wide_mppi,17921,256,16,0,0,1,1,1,104,0.244666,0.0455706,9.85285,0,0.788375,1.16319,0.212803,22.1315,25.0023,425984,0.2847,0.3317,0,0.213126,0,1,1
box_detour_wall_left,oi_face_rot_wide_mppi,17928,256,16,0,0,1,1,1,137,0.245018,0.077528,13.6549,0,0.860737,1.31774,0.208718,28.5943,32.3133,561152,0.2904,0.3806,0,0.209121,0,1,1
box_detour_wall_left,oi_face_rot_wide_mppi,17935,256,16,0,0,0,1,0,420,1.206,0.258298,49.4516,0,0.690629,0.700519,0.206633,86.7859,97.4044,1720320,0.2828,0.3644,0,0.206802,0,1,0
box_detour_wall_left,oi_face_rot_wide_mppi,17942,256,16,0,0,1,1,1,108,0.238737,0.0378642,10.1624,0,0.783482,1.14869,0.218704,23.62,26.4769,442368,0.3517,0.5707,0,0.219102,0,1,1
box_detour_wall_left,oi_face_rot_wide_mppi,17949,256,16,0,0,1,1,1,134,0.239127,0.01467,12.7762,0,0.830895,1.32719,0.329029,44.0899,47.9918,548864,1.1362,1.3468,0,0.329414,0,1,1
