scenario,planner,seed,k_samples,t_horizon,grad_steps,alpha,reached_goal,collision_free,success,steps,final_distance,min_goal_distance,cumulative_cost,collisions,mean_control_delta,control_roughness,avg_control_ms,total_control_ms,episode_ms,sample_budget,p95_control_ms,max_control_ms,control_deadline_ms,avg_control_slot_ms,deadline_misses,deadline_feasible,real_time_success
box_detour_open,oi_face_rot_mppi,12156,256,16,0,0,1,1,1,179,0.236147,0.153283,8.973,0,0.580756,0.5585,0.334607,59.8946,62.9002,733184,1.217,1.3448,0,0.334812,0,1,1
box_detour_open,oi_face_rot_mppi,12163,256,16,0,0,1,1,1,205,0.240939,0.0296618,8.86773,0,0.575327,0.534347,0.45787,93.8634,102.546,839680,1.2478,1.4183,0,0.45813,0,1,1
box_detour_open,oi_face_rot_mppi,12170,256,16,0,0,1,1,1,200,0.236224,0.127511,8.95004,0,0.571608,0.533539,0.32696,65.392,67.9956,819200,1.2528,1.3412,0,0.327119,0,1,1
box_detour_open,oi_face_rot_mppi,12177,256,16,0,0,1,1,1,120,0.249741,0.0852287,7.74297,0,0.709288,0.857931,0.355023,42.6027,44.408,491520,1.2583,1.3498,0,0.355258,0,1,1
box_detour_open,oi_face_rot_mppi,12184,256,16,0,0,1,1,1,108,0.245638,0.172407,7.6114,0,0.661844,0.725034,0.373005,40.2845,42.6398,442368,1.2986,1.3342,0,0.37338,0,1,1
box_detour_open,oi_face_rot_mppi,12191,256,16,0,0,1,1,1,183,0.239273,0.142195,9.06557,0,0.640627,0.695368,0.301686,55.2085,58.017,749568,1.2511,1.3367,0,0.301886,0,1,1
box_detour_open,oi_face_rot_mppi,12198,256,16,0,0,1,1,1,287,0.237915,0.0123176,9.39605,0,0.561246,0.519262,0.305136,87.5741,92.3188,1175552,1.2379,1.3424,0,0.305294,0,1,1
box_detour_open,oi_face_rot_mppi,12205,256,16,0,0,1,1,1,110,0.229331,0.0462268,7.89857,0,0.615202,0.701653,0.302745,33.302,35.1726,450560,1.2837,1.3681,0,0.303045,0,1,1
box_detour_open,oi_face_rot_mppi,12212,256,16,0,0,1,1,1,171,0.235546,0.170842,8.69681,0,0.640966,0.652507,0.369189,63.1313,66.6973,700416,1.2499,1.3248,0,0.369491,0,1,1
box_detour_open,oi_face_rot_mppi,12219,256,16,0,0,1,1,1,128,0.246378,0.0498294,7.30646,0,0.594561,0.582298,0.361273,46.243,48.3485,524288,1.264,1.3334,0,0.361571,0,1,1
box_detour_open,oi_face_rot_mppi,12226,256,16,0,0,1,1,1,105,0.245541,0.243439,7.32257,0,0.654173,0.70471,0.355471,37.3245,39.6967,430080,1.2305,1.331,0,0.355815,0,1,1
box_detour_open,oi_face_rot_mppi,12233,256,16,0,0,1,1,1,116,0.228827,0.0810793,7.82324,0,0.577677,0.522969,0.330452,38.3324,40.0422,475136,1.2783,1.347,0,0.330711,0,1,1
box_detour_open,oi_face_rot_mppi,12240,256,16,0,0,1,1,1,102,0.231409,0.0210556,7.53824,0,0.572796,0.514955,0.353203,36.0267,37.5154,417792,1.2557,1.3436,0,0.353472,0,1,1
box_detour_open,oi_face_rot_mppi,12247,256,16,0,0,1,1,1,190,0.248387,0.121656,8.97707,0,0.584508,0.575081,0.308265,58.5704,61.458,778240,1.308,1.3443,0,0.308465,0,1,1
box_detour_open,oi_face_rot_mppi,12254,256,16,0,0,1,1,1,176,0.233674,0.147201,8.67241,0,0.620056,0.627223,0.33489,58.9406,61.8669,720896,1.2991,1.3403,0,0.335111,0,1,1
box_detour_open,oi_face_rot_mppi,12261,256,16,0,0,1,1,1,211,0.248418,0.0769317,9.05472,0,0.664339,0.738012,0.359316,75.8156,80.4056,864256,1.2467,1.3359,0,0.359565,0,1,1
box_detour_open,oi_face_rot_mppi,12268,256,16,0,0,1,1,1,151,0.242644,0.0837608,7.92386,0,0.619512,0.626428,0.321314,48.5184,50.6604,618496,1.2899,1.3472,0,0.321562,0,1,1
box_detour_open,oi_face_rot_mppi,12275,256,16,0,0,1,1,1,112,0.245559,0.00140819,7.50624,0,0.613872,0.649455,0.321196,35.974,37.6979,458752,1.3032,1.3416,0,0.32146,0,1,1
box_detour_open,oi_face_rot_mppi,12282,256,16,0,0,1,1,1,157,0.244688,0.141902,8.46222,0,0.60975,0.597577,0.356153,55.916,58.5707,643072,1.2561,1.3369,0,0.356517,0,1,1
box_detour_open,oi_face_rot_mppi,12289,256,16,0,0,1,1,1,110,0.24629,0.000408918,7.20696,0,0.697739,0.78026,0.352429,38.7672,41.2506,450560,1.2494,1.3369,0,0.352904,0,1,1
box_detour_open,oi_face_rot_mppi,12296,256,16,0,0,1,1,1,171,0.246556,0.147538,8.39074,0,0.615646,0.656504,0.396684,67.833,70.6897,700416,1.2627,1.3496,0,0.396957,0,1,1
box_detour_open,oi_face_rot_mppi,12303,256,16,0,0,1,1,1,198,0.243679,0.00383887,9.60757,0,0.621119,0.626586,0.351725,69.6415,72.6141,811008,1.2651,1.3573,0,0.351919,0,1,1
box_detour_open,oi_face_rot_mppi,12310,256,16,0,0,1,1,1,178,0.243229,0.136529,8.72804,0,0.652708,0.747785,0.316206,56.2846,59.1133,729088,1.3057,1.3515,0,0.316443,0,1,1
box_detour_open,oi_face_rot_mppi,12317,256,16,0,0,1,1,1,175,0.246774,0.0907969,8.61091,0,0.60989,0.644355,0.366816,64.1928,68.0712,716800,1.2466,1.3259,0,0.367066,0,1,1
box_detour_open,oi_face_rot_mppi,12324,256,16,0,0,1,1,1,114,0.245092,0.15501,7.37671,0,0.624961,0.570899,0.317086,36.1478,37.7248,466944,1.2431,1.3426,0,0.317346,0,1,1
box_detour_open,oi_face_rot_mppi,12331,256,16,0,0,1,1,1,125,0.237198,0.0937762,7.64168,0,0.608308,0.597691,0.365203,45.6504,47.7276,512000,1.2687,1.3438,0,0.365449,0,1,1
box_detour_open,oi_face_rot_mppi,12338,256,16,0,0,1,1,1,104,0.24828,0.043538,7.44753,0,0.599446,0.605823,0.349455,36.3433,38.7736,425984,1.252,1.3362,0,0.349857,0,1,1
box_detour_open,oi_face_rot_mppi,12345,256,16,0,0,1,1,1,100,0.222733,0.19554,7.20724,0,0.651593,0.748202,0.410388,41.0388,44.2858,409600,1.3013,1.346,0,0.410826,0,1,1
box_detour_open,oi_face_rot_mppi,12352,256,16,0,0,1,1,1,111,0.24764,0.046793,7.80794,0,0.694218,0.818589,0.327099,36.308,38.5278,454656,1.2998,1.3432,0,0.327392,0,1,1
box_detour_open,oi_face_rot_mppi,12359,256,16,0,0,1,1,1,118,0.24629,0.0760287,7.82023,0,0.607951,0.566865,0.37697,44.4824,47.3542,483328,1.2705,1.3484,0,0.377329,0,1,1
box_detour_open,oi_face_rot_near_mppi,12156,256,16,0,0,1,1,1,149,0.236915,0.138968,8.90712,0,0.936762,1.80582,0.285031,42.4696,45.1351,610304,1.2195,1.329,0,0.285301,0,1,1
box_detour_open,oi_face_rot_near_mppi,12163,256,16,0,0,1,1,1,151,0.240532,0.14729,8.88826,0,0.964237,1.95751,0.347399,52.4573,55.2278,618496,1.315,1.3489,0,0.347668,0,1,1
box_detour_open,oi_face_rot_near_mppi,12170,256,16,0,0,1,1,1,152,0.230782,0.144877,8.64031,0,0.971836,1.91533,0.286901,43.609,45.9375,622592,1.254,1.3432,0,0.287149,0,1,1
box_detour_open,oi_face_rot_near_mppi,12177,256,16,0,0,1,1,1,191,0.24021,0.162792,9.59148,0,1.10605,2.21022,0.508964,97.2121,106.938,782336,1.2517,1.5769,0,0.509205,0,1,1
box_detour_open,oi_face_rot_near_mppi,12184,256,16,0,0,1,1,1,176,0.244747,0.0761084,9.33249,0,1.08057,2.2159,0.355166,62.5093,66.8398,720896,1.3146,1.351,0,0.355484,0,1,1
box_detour_open,oi_face_rot_near_mppi,12191,256,16,0,0,1,1,1,152,0.239649,0.139418,9.33057,0,0.987133,1.96452,0.34104,51.838,54.5524,622592,1.3004,1.3294,0,0.341295,0,1,1
box_detour_open,oi_face_rot_near_mppi,12198,256,16,0,0,1,1,1,148,0.23345,0.133272,8.75897,0,1.04076,2.04475,0.335139,49.6006,52.2511,606208,1.2454,1.3388,0,0.335444,0,1,1
box_detour_open,oi_face_rot_near_mppi,12205,256,16,0,0,1,1,1,170,0.249981,0.116193,9.70745,0,1.0002,1.9534,0.311994,53.039,56.0879,696320,1.2337,1.3394,0,0.312258,0,1,1
box_detour_open,oi_face_rot_near_mppi,12212,256,16,0,0,1,1,1,151,0.24917,0.139581,9.15777,0,1.01333,2.02012,0.343901,51.929,55.2668,618496,1.2721,1.3458,0,0.344182,0,1,1
box_detour_open,oi_face_rot_near_mppi,12219,256,16,0,0,1,1,1,194,0.238187,0.137544,9.62947,0,1.00172,1.85833,0.331134,64.24,67.6832,794624,1.2658,1.3392,0,0.331365,0,1,1
box_detour_open,oi_face_rot_near_mppi,12226,256,16,0,0,1,1,1,164,0.247888,0.128253,8.93038,0,0.978662,1.94668,0.341494,56.005,59.1857,671744,1.3164,1.3477,0,0.341737,0,1,1
box_detour_open,oi_face_rot_near_mppi,12233,256,16,0,0,1,1,1,167,0.245489,0.13515,9.18066,0,1.03983,2.17325,0.341892,57.0959,61.1668,684032,1.2535,1.3479,0,0.342152,0,1,1
box_detour_open,oi_face_rot_near_mppi,12240,256,16,0,0,1,1,1,179,0.247132,0.0431645,9.42367,0,0.944304,1.62995,0.337605,60.4313,63.617,733184,1.2919,1.3526,0,0.337845,0,1,1
box_detour_open,oi_face_rot_near_mppi,12247,256,16,0,0,1,1,1,157,0.247563,0.154958,9.23848,0,1.02943,2.08551,0.329148,51.6763,55.0017,643072,1.2405,1.3393,0,0.329406,0,1,1
box_detour_open,oi_face_rot_near_mppi,12254,256,16,0,0,1,1,1,148,0.235931,0.137543,8.33571,0,0.981861,1.94549,0.351387,52.0053,55.2302,606208,1.2185,1.344,0,0.351676,0,1,1
box_detour_open,oi_face_rot_near_mppi,12261,256,16,0,0,1,1,1,163,0.233556,0.155862,9.29249,0,0.981608,1.92537,0.412549,67.2455,69.9905,667648,1.3162,1.4381,0,0.412763,0,1,1
box_detour_open,oi_face_rot_near_mppi,12268,256,16,0,0,1,1,1,161,0.22976,0.143169,9.09732,0,1.00714,2.00175,0.375117,60.3939,63.1851,659456,1.3096,1.3548,0,0.375355,0,1,1
box_detour_open,oi_face_rot_near_mppi,12275,256,16,0,0,1,1,1,157,0.234244,0.149744,8.53524,0,1.01086,2.04809,0.398934,62.6326,67.6866,643072,1.2544,1.3337,0,0.39928,0,1,1
box_detour_open,oi_face_rot_near_mppi,12282,256,16,0,0,1,1,1,165,0.234108,0.15151,9.26378,0,1.02686,2.19233,0.470342,77.6064,81.235,675840,1.3131,1.3746,0,0.470638,0,1,1
box_detour_open,oi_face_rot_near_mppi,12289,256,16,0,0,1,1,1,162,0.245462,0.146578,8.67927,0,0.973303,1.96815,0.389569,63.1102,68.0362,663552,1.2167,1.3335,0,0.38991,0,1,1
box_detour_open,oi_face_rot_near_mppi,12296,256,16,0,0,1,1,1,150,0.246121,0.159904,8.39679,0,1.01044,2.10965,0.338937,50.8405,54.3383,614400,1.2599,1.3533,0,0.339287,0,1,1
box_detour_open,oi_face_rot_near_mppi,12303,256,16,0,0,1,1,1,170,0.241111,0.13281,9.78164,0,1.09117,2.30908,0.376432,63.9935,67.9632,696320,1.2609,1.3442,0,0.37675,0,1,1
box_detour_open,oi_face_rot_near_mppi,12310,256,16,0,0,1,1,1,184,0.243932,0.159274,10.0963,0,1.11948,2.41176,0.387035,71.2145,75.2763,753664,1.2986,1.3604,0,0.387317,0,1,1
box_detour_open,oi_face_rot_near_mppi,12317,256,16,0,0,1,1,1,150,0.241463,0.1302,8.88739,0,0.991435,1.98028,0.361291,54.1937,57.3817,614400,1.2441,1.343,0,0.361561,0,1,1
box_detour_open,oi_face_rot_near_mppi,12324,256,16,0,0,1,1,1,153,0.248369,0.125059,8.93251,0,0.9578,1.78755,0.381039,58.299,63.7043,626688,1.3088,1.344,0,0.381373,0,1,1
box_detour_open,oi_face_rot_near_mppi,12331,256,16,0,0,1,1,1,177,0.249651,0.149152,9.46067,0,1.04437,2.06629,0.373982,66.1949,70.7612,724992,1.2932,1.3537,0,0.374269,0,1,1
box_detour_open,oi_face_rot_near_mppi,12338,256,16,0,0,1,1,1,179,0.239323,0.0976813,9.34714,0,1.01809,1.99183,0.410389,73.4597,77.5493,733184,1.3211,1.3449,0,0.410692,0,1,1
box_detour_open,oi_face_rot_near_mppi,12345,256,16,0,0,1,1,1,176,0.249362,0.130828,9.36502,0,1.02722,1.90462,0.389114,68.484,73.5253,720896,1.2389,1.3195,0,0.389416,0,1,1
box_detour_open,oi_face_rot_near_mppi,12352,256,16,0,0,1,1,1,165,0.230202,0.144644,9.39045,0,1.04582,2.01401,0.377727,62.3249,66.3899,675840,1.2411,1.3467,0,0.378049,0,1,1
box_detour_open,oi_face_rot_near_mppi,12359,256,16,0,0,1,1,1,165,0.240287,0.153498,9.49853,0,1.00218,1.97383,0.368785,60.8495,65.6314,675840,1.2364,1.319,0,0.369144,0,1,1
box_detour_open,oi_face_rot_stall_mppi,12156,256,16,0,0,1,1,1,182,0.231588,0.163375,10.3825,0,1.01278,2.13363,0.35756,65.076,70.221,745472,1.2966,1.3353,0,0.35789,0,1,1
box_detour_open,oi_face_rot_stall_mppi,12163,256,16,0,0,1,1,1,169,0.243682,0.132752,10.3214,0,0.993343,2.03506,0.396264,66.9686,71.0693,692224,1.2514,1.3367,0,0.396582,0,1,1
box_detour_open,oi_face_rot_stall_mppi,12170,256,16,0,0,1,1,1,172,0.240589,0.149647,10.2557,0,1.03379,2.24388,0.334062,57.4586,61.5116,704512,1.2376,1.3401,0,0.334356,0,1,1
box_detour_open,oi_face_rot_stall_mppi,12177,256,16,0,0,1,1,1,199,0.24891,0.0981727,11.1801,0,1.02826,2.01403,0.404294,80.4545,85.9758,815104,1.2487,1.3347,0,0.404575,0,1,1
box_detour_open,oi_face_rot_stall_mppi,12184,256,16,0,0,1,1,1,189,0.249824,0.150952,10.823,0,1.10654,2.49458,0.357218,67.5142,72.6385,774144,1.2431,1.339,0,0.357543,0,1,1
box_detour_open,oi_face_rot_stall_mppi,12191,256,16,0,0,1,1,1,196,0.244161,0.165442,11.2203,0,1.10141,2.41157,0.343053,67.2384,73.0311,802816,1.2283,1.3175,0,0.343364,0,1,1
box_detour_open,oi_face_rot_stall_mppi,12198,256,16,0,0,1,1,1,187,0.248421,0.144295,10.8125,0,1.12774,2.43353,0.346355,64.7683,70.4082,765952,1.2219,1.3216,0,0.346677,0,1,1
box_detour_open,oi_face_rot_stall_mppi,12205,256,16,0,0,1,1,1,198,0.240406,0.120123,11.31,0,1.19015,2.90502,0.325234,64.3963,70.867,811008,1.2246,1.346,0,0.325563,0,1,1
box_detour_open,oi_face_rot_stall_mppi,12212,256,16,0,0,1,1,1,172,0.246211,0.144775,10.4027,0,1.07118,2.3371,0.307363,52.8664,58.2209,704512,1.2282,1.2952,0,0.307735,0,1,1
box_detour_open,oi_face_rot_stall_mppi,12219,256,16,0,0,1,1,1,186,0.235334,0.15222,10.2911,0,1.04632,2.2115,0.358394,66.6612,73.7195,761856,1.2348,1.3451,0,0.358763,0,1,1
box_detour_open,oi_face_rot_stall_mppi,12226,256,16,0,0,1,1,1,187,0.238511,0.133213,10.6964,0,1.02965,2.24013,0.318904,59.635,66.909,765952,1.2362,1.3279,0,0.319228,0,1,1
box_detour_open,oi_face_rot_stall_mppi,12233,256,16,0,0,1,1,1,183,0.232287,0.145719,10.6213,0,1.03595,2.24667,0.322098,58.9439,64.8203,749568,1.2342,1.4612,0,0.322462,0,1,1
box_detour_open,oi_face_rot_stall_mppi,12240,256,16,0,0,1,1,1,194,0.249807,0.108626,11.1608,0,0.945156,1.64373,0.337183,65.4134,71.8098,794624,1.2164,2.4571,0,0.337519,0,1,1
box_detour_open,oi_face_rot_stall_mppi,12247,256,16,0,0,1,1,1,191,0.2379,0.154542,10.9679,0,1.10846,2.42638,0.238971,45.6435,50.7594,782336,0.8753,1.3269,0,0.23927,0,1,1
box_detour_open,oi_face_rot_stall_mppi,12254,256,16,0,0,1,1,1,187,0.235264,0.146347,10.0426,0,1.13985,2.63466,0.369613,69.1177,73.4467,765952,1.2529,1.342,0,0.369901,0,1,1
box_detour_open,oi_face_rot_stall_mppi,12261,256,16,0,0,1,1,1,175,0.243756,0.155513,10.5068,0,1.07639,2.43336,0.33579,58.7632,64.1541,716800,1.2409,1.3873,0,0.33613,0,1,1
box_detour_open,oi_face_rot_stall_mppi,12268,256,16,0,0,1,1,1,197,0.237623,0.13114,10.9112,0,1.10682,2.50332,0.312221,61.5076,65.9481,806912,1.2203,1.3375,0,0.312527,0,1,1
box_detour_open,oi_face_rot_stall_mppi,12275,256,16,0,0,1,1,1,182,0.249882,0.162394,10.2943,0,1.11022,2.52964,0.340511,61.973,67.3227,745472,1.2312,2.3177,0,0.340834,0,1,1
box_detour_open,oi_face_rot_stall_mppi,12282,256,16,0,0,1,1,1,187,0.234854,0.16289,10.4531,0,1.1045,2.49915,0.329589,61.6332,64.8161,765952,1.2367,1.3402,0,0.329818,0,1,1
box_detour_open,oi_face_rot_stall_mppi,12289,256,16,0,0,1,1,1,164,0.240431,0.149196,9.18193,0,1.00351,2.19772,0.312134,51.19,54.6359,671744,1.2474,1.3358,0,0.312439,0,1,1
box_detour_open,oi_face_rot_stall_mppi,12296,256,16,0,0,1,1,1,182,0.245164,0.153475,10.2893,0,1.06338,2.31829,0.331618,60.3544,64.7049,745472,1.226,1.3377,0,0.331852,0,1,1
box_detour_open,oi_face_rot_stall_mppi,12303,256,16,0,0,1,1,1,192,0.240056,0.136436,11.232,0,1.06831,2.274,0.359031,68.934,74.1136,786432,1.2468,1.3306,0,0.359343,0,1,1
box_detour_open,oi_face_rot_stall_mppi,12310,256,16,0,0,1,1,1,202,0.247551,0.139702,11.4135,0,0.975028,1.98124,0.377809,76.3174,80.576,827392,1.2426,1.3398,0,0.378035,0,1,1
box_detour_open,oi_face_rot_stall_mppi,12317,256,16,0,0,1,1,1,176,0.245163,0.10523,10.1888,0,1.02757,2.12622,0.346941,61.0617,64.56,720896,1.2644,1.3367,0,0.347178,0,1,1
box_detour_open,oi_face_rot_stall_mppi,12324,256,16,0,0,1,1,1,197,0.243246,0.166452,11.0071,0,1.13003,2.61069,0.399507,78.7029,83.6165,806912,1.2546,1.3504,0,0.3998,0,1,1
box_detour_open,oi_face_rot_stall_mppi,12331,256,16,0,0,1,1,1,177,0.240935,0.141214,10.1623,0,1.03775,2.18489,0.342537,60.629,64.8374,724992,1.2596,1.3483,0,0.342851,0,1,1
box_detour_open,oi_face_rot_stall_mppi,12338,256,16,0,0,1,1,1,184,0.238202,0.155388,10.5425,0,1.04683,2.25132,0.339941,62.5491,66.5136,753664,1.2442,1.5618,0,0.340193,0,1,1
box_detour_open,oi_face_rot_stall_mppi,12345,256,16,0,0,1,1,1,200,0.248181,0.147169,11.2112,0,1.13207,2.48799,0.309726,61.9452,67.3885,819200,1.1968,1.3367,0,0.310009,0,1,1
box_detour_open,oi_face_rot_stall_mppi,12352,256,16,0,0,1,1,1,191,0.229364,0.153965,10.9921,0,1.10797,2.36033,0.363473,69.4234,73.579,782336,1.2485,1.3406,0,0.363754,0,1,1
box_detour_open,oi_face_rot_stall_mppi,12359,256,16,0,0,1,1,1,184,0.249233,0.0949168,10.9509,0,1.05423,2.2559,0.343453,63.1954,67.5522,753664,1.2795,1.3471,0,0.343735,0,1,1
box_detour_turn,oi_face_rot_mppi,12556,256,16,0,0,1,1,1,122,0.246962,0.223586,11.8541,0,0.727572,0.858814,0.362891,44.2727,47.0492,499712,1.2259,1.3487,0,0.363757,0,1,1
box_detour_turn,oi_face_rot_mppi,12563,256,16,0,0,1,1,1,132,0.249561,0.0516375,11.9703,0,0.750647,0.784002,0.374941,49.4922,53.1776,540672,1.3125,1.3773,0,0.375268,0,1,1
box_detour_turn,oi_face_rot_mppi,12570,256,16,0,0,0,1,0,420,0.453884,0.0568104,22.132,0,0.576093,0.499915,0.44962,188.84,199.719,1720320,1.3119,1.4077,0,0.449824,0,1,0
box_detour_turn,oi_face_rot_mppi,12577,256,16,0,0,1,1,1,147,0.194801,0.217912,14.318,0,0.650667,0.627334,0.446963,65.7036,69.788,602112,1.2718,1.3686,0,0.447337,0,1,1
box_detour_turn,oi_face_rot_mppi,12584,256,16,0,0,0,1,0,420,0.494496,0.0500025,19.7548,0,0.649454,0.664747,0.400604,168.253,176.615,1720320,1.2706,1.3928,0,0.400788,0,1,0
box_detour_turn,oi_face_rot_mppi,12591,256,16,0,0,1,1,1,141,0.239745,0.0395984,14.4982,0,0.747398,0.932133,0.382342,53.9102,56.7219,577536,1.2707,1.3741,0,0.382647,0,1,1
box_detour_turn,oi_face_rot_mppi,12598,256,16,0,0,1,1,1,132,0.245062,0.0989478,12.9854,0,0.705302,0.754632,0.395882,52.2564,54.7049,540672,1.2852,1.3443,0,0.396137,0,1,1
box_detour_turn,oi_face_rot_mppi,12605,256,16,0,0,0,1,0,420,0.463196,0.0318231,17.447,0,0.591739,0.538123,0.437036,183.555,194.193,1720320,1.3436,1.4006,0,0.43723,0,1,0
box_detour_turn,oi_face_rot_mppi,12612,256,16,0,0,1,1,1,129,0.242249,0.209523,12.2301,0,0.629844,0.629719,0.427017,55.0852,58.7078,528384,1.2856,1.3664,0,0.427369,0,1,1
box_detour_turn,oi_face_rot_mppi,12619,256,16,0,0,1,1,1,106,0.242967,0.0185668,10.0606,0,0.753246,0.951909,0.454707,48.1989,51.2973,434176,1.3066,1.368,0,0.455074,0,1,1
box_detour_turn,oi_face_rot_mppi,12626,256,16,0,0,0,1,0,420,0.48553,0.0258849,17.5907,0,0.618181,0.599853,0.446252,187.426,196.547,1720320,1.3065,1.4038,0,0.44642,0,1,0
box_detour_turn,oi_face_rot_mppi,12633,256,16,0,0,0,1,0,420,0.479117,0.0515752,18.5095,0,0.600812,0.574905,0.422826,177.587,186.323,1720320,1.2801,1.396,0,0.422976,0,1,0
box_detour_turn,oi_face_rot_mppi,12640,256,16,0,0,0,1,0,420,0.365194,0.0957986,15.6211,0,0.563581,0.512349,0.428933,180.152,193.256,1720320,1.2718,1.3595,0,0.429129,0,1,0
box_detour_turn,oi_face_rot_mppi,12647,256,16,0,0,0,1,0,420,0.480544,0.0610587,22.1569,0,0.621802,0.61651,0.423716,177.961,188.679,1720320,1.3192,1.3819,0,0.423904,0,1,0
box_detour_turn,oi_face_rot_mppi,12654,256,16,0,0,1,1,1,118,0.242309,0.0254841,12.215,0,0.749239,0.876915,0.412226,48.6427,51.6316,483328,1.2994,1.3552,0,0.41256,0,1,1
box_detour_turn,oi_face_rot_mppi,12661,256,16,0,0,0,1,0,420,0.488986,0.0400754,18.931,0,0.618357,0.598445,0.496468,208.517,219.905,1720320,1.3032,1.4649,0,0.496678,0,1,0
box_detour_turn,oi_face_rot_mppi,12668,256,16,0,0,1,1,1,192,0.24322,0.164215,11.7112,0,0.771995,0.976273,0.423168,81.2483,86.5186,786432,1.2769,1.354,0,0.423526,0,1,1
box_detour_turn,oi_face_rot_mppi,12675,256,16,0,0,0,1,0,420,0.256125,0.0849653,12.7891,0,0.580105,0.514899,0.393555,165.293,173.508,1720320,1.2708,1.3934,0,0.393722,0,1,0
box_detour_turn,oi_face_rot_mppi,12682,256,16,0,0,0,1,0,420,0.472731,0.0326011,48.9134,0,0.620412,0.694115,0.452505,190.052,200.576,1720320,1.2922,1.9266,0,0.452701,0,1,0
box_detour_turn,oi_face_rot_mppi,12689,256,16,0,0,1,1,1,110,0.241004,0.00206929,10.9136,0,0.688187,0.738687,0.3267,35.937,39.2295,450560,1.1898,1.3606,0,0.327159,0,1,1
box_detour_turn,oi_face_rot_mppi,12696,256,16,0,0,0,1,0,420,0.478367,0.0406111,18.2553,0,0.630267,0.634262,0.438548,184.19,196.697,1720320,1.279,1.4044,0,0.438765,0,1,0
box_detour_turn,oi_face_rot_mppi,12703,256,16,0,0,0,1,0,420,0.478035,0.00016892,17.0784,0,0.617963,0.579118,0.427554,179.573,193.731,1720320,1.2754,1.3685,0,0.427793,0,1,0
box_detour_turn,oi_face_rot_mppi,12710,256,16,0,0,0,1,0,420,0.462198,0.0650923,17.9678,0,0.581842,0.515679,0.425801,178.836,191.652,1720320,1.2706,1.3705,0,0.426039,0,1,0
box_detour_turn,oi_face_rot_mppi,12717,256,16,0,0,1,1,1,120,0.204493,0.246781,12.014,0,0.669899,0.653442,0.395634,47.4761,51.3008,491520,1.2488,1.376,0,0.396048,0,1,1
box_detour_turn,oi_face_rot_mppi,12724,256,16,0,0,1,1,1,136,0.243965,0.0883495,11.5646,0,0.563585,0.498628,0.401238,54.5683,59.5146,557056,1.256,1.3598,0,0.401627,0,1,1
box_detour_turn,oi_face_rot_mppi,12731,256,16,0,0,1,1,1,179,0.243979,0.137057,13.5361,0,0.698693,0.878195,0.393989,70.524,76.9627,733184,1.2514,1.7036,0,0.394339,0,1,1
box_detour_turn,oi_face_rot_mppi,12738,256,16,0,0,0,1,0,420,0.459546,0.0961485,16.4412,0,0.590491,0.541436,0.41146,172.813,189.451,1720320,1.259,1.8121,0,0.411716,0,1,0
box_detour_turn,oi_face_rot_mppi,12745,256,16,0,0,1,1,1,125,0.241186,0.241973,12.7234,0,0.80145,0.962293,0.39585,49.4813,54.3529,512000,1.235,1.3671,0,0.396329,0,1,1
box_detour_turn,oi_face_rot_mppi,12752,256,16,0,0,1,1,1,128,0.24937,0.0878733,11.6576,0,0.715652,0.860544,0.396713,50.7793,55.6895,524288,1.2519,1.3688,0,0.397113,0,1,1
box_detour_turn,oi_face_rot_mppi,12759,256,16,0,0,0,1,0,420,0.467835,0.0308384,16.3406,0,0.61572,0.595167,0.369214,155.07,170.758,1720320,1.2356,1.3813,0,0.369456,0,1,0
box_detour_turn,oi_face_rot_near_mppi,12556,256,16,0,0,1,1,1,168,0.240828,5.44786e-05,12.8324,0,0.957061,1.63769,0.350981,58.9648,65.0336,688128,1.235,1.3841,0,0.351385,0,1,1
box_detour_turn,oi_face_rot_near_mppi,12563,256,16,0,0,1,1,1,162,0.247912,0.0511052,12.8156,0,0.97482,1.65095,0.390091,63.1948,69.1968,663552,1.2462,1.3592,0,0.390514,0,1,1
box_detour_turn,oi_face_rot_near_mppi,12570,256,16,0,0,1,1,1,219,0.249827,0.0728437,18.7794,0,0.824558,1.25297,0.388433,85.0667,93.208,897024,1.2679,2.245,0,0.388789,0,1,1
box_detour_turn,oi_face_rot_near_mppi,12577,256,16,0,0,1,1,1,183,0.234909,0.0217377,15.2594,0,0.911219,1.43053,0.406965,74.4746,82.443,749568,1.1999,1.3311,0,0.407371,0,1,1
box_detour_turn,oi_face_rot_near_mppi,12584,256,16,0,0,1,1,1,187,0.249539,0.0764542,15.0501,0,0.970942,1.64439,0.39674,74.1903,81.906,765952,1.2307,1.3597,0,0.397129,0,1,1
box_detour_turn,oi_face_rot_near_mppi,12591,256,16,0,0,1,1,1,175,0.242627,0.00182921,15.2474,0,0.98127,1.70933,0.405227,70.9148,78.6325,716800,1.2717,1.3626,0,0.405618,0,1,1
box_detour_turn,oi_face_rot_near_mppi,12598,256,16,0,0,1,1,1,189,0.234307,0.0323206,14.2134,0,0.958255,1.60016,0.404711,76.4903,83.6313,774144,1.2719,1.3884,0,0.405068,0,1,1
box_detour_turn,oi_face_rot_near_mppi,12605,256,16,0,0,1,1,1,175,0.247075,0.00525194,13.3788,0,0.903327,1.54361,0.417496,73.0619,79.9206,716800,1.2358,1.3288,0,0.417888,0,1,1
box_detour_turn,oi_face_rot_near_mppi,12612,256,16,0,0,1,1,1,135,0.248861,0.0858427,12.1939,0,0.849868,1.22714,0.393656,53.1435,59.2733,552960,1.25,1.3265,0,0.394362,0,1,1
box_detour_turn,oi_face_rot_near_mppi,12619,256,16,0,0,1,1,1,168,0.241418,0.0292479,12.1157,0,0.967058,1.83009,0.369467,62.0704,68.2693,688128,1.2376,1.3581,0,0.369823,0,1,1
box_detour_turn,oi_face_rot_near_mppi,12626,256,16,0,0,1,1,1,154,0.248463,0.00393903,12.5547,0,0.957361,1.57777,0.377877,58.193,64.2433,630784,1.2386,1.3022,0,0.378338,0,1,1
box_detour_turn,oi_face_rot_near_mppi,12633,256,16,0,0,1,1,1,175,0.244201,0.00860351,13.8453,0,0.911522,1.48363,0.403191,70.5584,77.7459,716800,1.2457,1.3755,0,0.403581,0,1,1
box_detour_turn,oi_face_rot_near_mppi,12640,256,16,0,0,1,1,1,164,0.243064,0.0194879,12.7231,0,0.908391,1.48209,0.398279,65.3177,70.9576,671744,1.2072,1.3744,0,0.398678,0,1,1
box_detour_turn,oi_face_rot_near_mppi,12647,256,16,0,0,1,1,1,207,0.241977,0.0199285,18.0892,0,0.870868,1.35007,0.344166,71.2423,76.9376,847872,1.1748,1.3718,0,0.344443,0,1,1
box_detour_turn,oi_face_rot_near_mppi,12654,256,16,0,0,1,1,1,176,0.242093,0.0300331,13.5572,0,0.985828,1.63041,0.374845,65.9727,71.7797,720896,1.2261,1.3263,0,0.375158,0,1,1
box_detour_turn,oi_face_rot_near_mppi,12661,256,16,0,0,1,1,1,173,0.239486,0.00218761,14.091,0,0.912755,1.42204,0.421909,72.9903,78.7974,708608,1.2646,1.3516,0,0.422267,0,1,1
box_detour_turn,oi_face_rot_near_mppi,12668,256,16,0,0,1,1,1,182,0.229248,0.007842,13.2241,0,0.947898,1.73065,0.421737,76.7562,83.1294,745472,1.2843,1.358,0,0.422085,0,1,1
box_detour_turn,oi_face_rot_near_mppi,12675,256,16,0,0,1,1,1,161,0.248926,0.0379541,11.7963,0,0.98698,1.74123,0.409248,65.8889,71.1189,659456,1.3166,1.3592,0,0.409614,0,1,1
box_detour_turn,oi_face_rot_near_mppi,12682,256,16,0,0,1,1,1,374,0.244428,0.0481043,48.4343,0,0.734532,1.06334,0.387309,144.854,156.447,1531904,1.2648,1.3771,0,0.387566,0,1,1
box_detour_turn,oi_face_rot_near_mppi,12689,256,16,0,0,1,1,1,165,0.239155,0.05828,12.0976,0,0.99849,1.75333,0.379935,62.6893,68.5134,675840,1.2111,1.3592,0,0.380338,0,1,1
box_detour_turn,oi_face_rot_near_mppi,12696,256,16,0,0,1,1,1,176,0.234634,0.01799,13.5944,0,0.973232,1.63673,0.424026,74.6286,81.0778,720896,1.2415,1.3696,0,0.424404,0,1,1
box_detour_turn,oi_face_rot_near_mppi,12703,256,16,0,0,1,1,1,160,0.247215,0.0748729,12.2964,0,0.930032,1.50351,0.410972,65.7556,71.8501,655360,1.2349,1.3323,0,0.411358,0,1,1
box_detour_turn,oi_face_rot_near_mppi,12710,256,16,0,0,1,1,1,171,0.243157,0.0344824,13.57,0,0.920897,1.55222,0.405915,69.4114,75.2635,700416,1.2571,1.3632,0,0.406292,0,1,1
box_detour_turn,oi_face_rot_near_mppi,12717,256,16,0,0,1,1,1,176,0.236379,0.055268,13.1072,0,0.963735,1.70078,0.38934,68.5239,74.3724,720896,1.2464,1.3731,0,0.389703,0,1,1
box_detour_turn,oi_face_rot_near_mppi,12724,256,16,0,0,1,1,1,162,0.246581,0.00961912,12.5659,0,0.899592,1.57555,0.392001,63.5042,69.1369,663552,1.2457,1.3715,0,0.392414,0,1,1
box_detour_turn,oi_face_rot_near_mppi,12731,256,16,0,0,1,1,1,178,0.249037,0.0883197,13.3648,0,1.05076,1.85913,0.401808,71.5219,78.4693,729088,1.3049,1.3667,0,0.402198,0,1,1
box_detour_turn,oi_face_rot_near_mppi,12738,256,16,0,0,1,1,1,165,0.247374,0.0586105,12.137,0,0.950242,1.6676,0.457541,75.4942,80.5255,675840,1.2579,1.3836,0,0.45791,0,1,1
box_detour_turn,oi_face_rot_near_mppi,12745,256,16,0,0,1,1,1,166,0.24856,0.00533044,13.6093,0,1.02732,1.7685,0.456786,75.8264,80.6973,679936,1.2582,1.3641,0,0.457135,0,1,1
box_detour_turn,oi_face_rot_near_mppi,12752,256,16,0,0,1,1,1,156,0.248799,0.0124111,12.1755,0,1.02554,1.84374,0.470149,73.3432,78.1485,638976,1.3288,1.398,0,0.47051,0,1,1
box_detour_turn,oi_face_rot_near_mppi,12759,256,16,0,0,1,1,1,153,0.248873,0.0182292,11.508,0,0.973429,1.67291,0.470635,72.0072,76.1096,626688,1.2681,1.3438,0,0.470957,0,1,1
box_detour_turn,oi_face_rot_stall_mppi,12556,256,16,0,0,1,1,1,177,0.248523,0.0766309,13.0428,0,1.00763,1.76562,0.465231,82.3458,85.7435,724992,1.2723,1.357,0,0.46557,0,1,1
box_detour_turn,oi_face_rot_stall_mppi,12563,256,16,0,0,1,1,1,200,0.247262,0.021854,15.3307,0,0.955515,1.6671,0.441979,88.3959,95.1406,819200,1.2828,1.7546,0,0.442313,0,1,1
box_detour_turn,oi_face_rot_stall_mppi,12570,256,16,0,0,0,1,0,420,1.22986,0.486793,54.4811,0,2.74288,9.5536,0.478612,201.017,212.726,1720320,1.2924,1.3973,0,0.478816,0,1,0
box_detour_turn,oi_face_rot_stall_mppi,12577,256,16,0,0,1,1,1,260,0.237634,0.0411862,21.3745,0,0.881559,1.41708,0.42875,111.475,118.596,1064960,1.2527,1.3793,0,0.429002,0,1,1
box_detour_turn,oi_face_rot_stall_mppi,12584,256,16,0,0,1,1,1,206,0.248236,0.00253314,15.9695,0,0.97912,1.72201,0.465536,95.9004,101.515,843776,1.2891,1.3764,0,0.465824,0,1,1
box_detour_turn,oi_face_rot_stall_mppi,12591,256,16,0,0,1,1,1,186,0.241477,0.00755435,15.3721,0,0.993821,1.72931,0.404875,75.3068,79.7357,761856,1.2489,1.3311,0,0.405201,0,1,1
box_detour_turn,oi_face_rot_stall_mppi,12598,256,16,0,0,1,1,1,200,0.241704,0.033721,15.1383,0,0.976255,1.72475,0.365075,73.015,78.6633,819200,1.2882,1.4125,0,0.365346,0,1,1
box_detour_turn,oi_face_rot_stall_mppi,12605,256,16,0,0,1,1,1,173,0.238948,0.0101975,13.1432,0,0.937768,1.64935,0.353529,61.1605,63.9882,708608,1.2261,1.3807,0,0.353754,0,1,1
box_detour_turn,oi_face_rot_stall_mppi,12612,256,16,0,0,1,1,1,162,0.239985,0.0041101,11.9867,0,1.0325,1.89741,0.361932,58.633,62.2262,663552,1.1736,1.3573,0,0.362227,0,1,1
box_detour_turn,oi_face_rot_stall_mppi,12619,256,16,0,0,1,1,1,156,0.249431,0.0222918,11.6385,0,1.1439,2.32505,0.36424,56.8215,60.9351,638976,1.24,1.3744,0,0.364599,0,1,1
box_detour_turn,oi_face_rot_stall_mppi,12626,256,16,0,0,1,1,1,195,0.236815,0.0187735,14.6761,0,0.958962,1.72896,0.376642,73.4451,78.0598,798720,1.1769,1.38,0,0.376891,0,1,1
box_detour_turn,oi_face_rot_stall_mppi,12633,256,16,0,0,1,1,1,171,0.235246,0.00997889,13.8641,0,0.955562,1.6547,0.263622,45.0793,49.7458,700416,0.4358,1.3536,0,0.263907,0,1,1
box_detour_turn,oi_face_rot_stall_mppi,12640,256,16,0,0,1,1,1,167,0.243579,0.0114129,12.7682,0,0.920665,1.61793,0.414751,69.2634,74.542,684032,1.2183,1.4307,0,0.415096,0,1,1
box_detour_turn,oi_face_rot_stall_mppi,12647,256,16,0,0,0,1,0,420,1.24799,0.439895,55.6253,0,2.5373,8.32851,0.363161,152.528,164.657,1720320,1.2071,1.3548,0,0.363392,0,1,0
box_detour_turn,oi_face_rot_stall_mppi,12654,256,16,0,0,1,1,1,184,0.242077,0.00146544,13.8791,0,1.03293,1.87521,0.362318,66.6666,70.9139,753664,1.2358,1.3544,0,0.362603,0,1,1
box_detour_turn,oi_face_rot_stall_mppi,12661,256,16,0,0,1,1,1,176,0.234106,0.0179642,14.0882,0,0.940656,1.56905,0.372584,65.5748,70.054,720896,1.2685,1.3741,0,0.372889,0,1,1
box_detour_turn,oi_face_rot_stall_mppi,12668,256,16,0,0,1,1,1,161,0.240115,0.0181268,11.4851,0,1.07449,2.09137,0.402276,64.7664,69.6671,659456,1.2248,1.3612,0,0.402615,0,1,1
box_detour_turn,oi_face_rot_stall_mppi,12675,256,16,0,0,1,1,1,153,0.242958,0.00177956,11.5448,0,1.03982,1.88593,0.422995,64.7182,71.9244,626688,1.2355,1.3431,0,0.423597,0,1,1
box_detour_turn,oi_face_rot_stall_mppi,12682,256,16,0,0,1,1,1,416,0.23773,0.0301132,51.8957,0,0.78826,1.28042,0.384038,159.76,172.831,1703936,1.2262,1.3631,0,0.384271,0,1,1
box_detour_turn,oi_face_rot_stall_mppi,12689,256,16,0,0,1,1,1,158,0.246317,0.0190742,11.9163,0,1.02029,1.79701,0.421554,66.6056,71.1812,647168,1.2376,1.3424,0,0.421882,0,1,1
box_detour_turn,oi_face_rot_stall_mppi,12696,256,16,0,0,1,1,1,164,0.248848,0.0167034,13.4076,0,0.991306,1.74659,0.427621,70.1298,77.3178,671744,1.2537,1.3505,0,0.427951,0,1,1
box_detour_turn,oi_face_rot_stall_mppi,12703,256,16,0,0,1,1,1,156,0.245587,0.0173074,12.1141,0,0.942333,1.59265,0.371042,57.8826,61.6315,638976,1.2493,1.3495,0,0.371374,0,1,1
box_detour_turn,oi_face_rot_stall_mppi,12710,256,16,0,0,1,1,1,163,0.249851,0.00613004,13.5618,0,1.0203,1.81058,0.37646,61.363,64.9571,667648,1.209,1.3468,0,0.376756,0,1,1
box_detour_turn,oi_face_rot_stall_mppi,12717,256,16,0,0,1,1,1,172,0.235365,0.0403964,13.0481,0,0.995338,1.72842,0.394413,67.8391,72.3951,704512,1.253,1.3494,0,0.394714,0,1,1
box_detour_turn,oi_face_rot_stall_mppi,12724,256,16,0,0,1,1,1,161,0.246355,0.0192628,12.5844,0,0.911637,1.60452,0.407722,65.6433,72.9557,659456,1.1189,1.3888,0,0.408124,0,1,1
box_detour_turn,oi_face_rot_stall_mppi,12731,256,16,0,0,1,1,1,174,0.244737,0.00945568,13.2073,0,1.04756,1.91506,0.388906,67.6697,72.7873,712704,1.28,1.3323,0,0.389222,0,1,1
box_detour_turn,oi_face_rot_stall_mppi,12738,256,16,0,0,1,1,1,190,0.243807,0.0172524,13.0921,0,0.959276,1.75483,0.388122,73.7432,79.3434,778240,1.2392,1.3706,0,0.388496,0,1,1
box_detour_turn,oi_face_rot_stall_mppi,12745,256,16,0,0,1,1,1,178,0.247253,0.00665581,13.901,0,1.0817,2.05132,0.370354,65.923,69.4807,729088,1.2419,1.3266,0,0.370593,0,1,1
box_detour_turn,oi_face_rot_stall_mppi,12752,256,16,0,0,1,1,1,184,0.244845,0.0401925,13.3856,0,1.02366,1.89414,0.360567,66.3444,71.1067,753664,1.2345,1.3906,0,0.36086,0,1,1
box_detour_turn,oi_face_rot_stall_mppi,12759,256,16,0,0,1,1,1,167,0.249081,0.0512863,12.232,0,1.08463,2.12125,0.383353,64.02,68.791,684032,1.2201,1.3636,0,0.383699,0,1,1
box_detour_turn90,oi_face_rot_mppi,12756,256,16,0,0,0,1,0,420,0.466846,0.106096,27.3099,0,0.659682,0.655655,0.369658,155.257,166.404,1720320,1.2534,1.3601,0,0.369862,0,1,0
box_detour_turn90,oi_face_rot_mppi,12763,256,16,0,0,0,1,0,420,0.292452,0.091642,20.5419,0,0.600437,0.547973,0.360769,151.523,161.019,1720320,1.2145,1.3477,0,0.360957,0,1,0
box_detour_turn90,oi_face_rot_mppi,12770,256,16,0,0,1,1,1,92,0.230876,0.0181425,13.7901,0,0.819237,0.963733,0.386388,35.5477,38.3179,376832,1.2362,1.338,0,0.386831,0,1,1
box_detour_turn90,oi_face_rot_mppi,12777,256,16,0,0,0,1,0,420,0.423508,0.0826061,26.2277,0,0.592977,0.528108,0.373515,156.876,168.923,1720320,1.1452,1.3499,0,0.373724,0,1,0
box_detour_turn90,oi_face_rot_mppi,12784,256,16,0,0,1,1,1,330,0.24876,0.0719444,14.4237,0,0.610032,0.608558,0.363301,119.889,129.579,1351680,1.2043,1.376,0,0.363548,0,1,1
box_detour_turn90,oi_face_rot_mppi,12791,256,16,0,0,0,1,0,420,0.284614,0.0777029,17.2372,0,0.631889,0.616082,0.370019,155.408,167.526,1720320,1.2363,1.3418,0,0.370239,0,1,0
box_detour_turn90,oi_face_rot_mppi,12798,256,16,0,0,0,1,0,420,0.25996,0.0768607,15.293,0,0.603889,0.563697,0.423548,177.89,189.66,1720320,1.2555,1.3424,0,0.423745,0,1,0
box_detour_turn90,oi_face_rot_mppi,12805,256,16,0,0,0,1,0,420,0.25383,0.0569625,27.1815,0,0.658885,0.670835,0.421674,177.103,189.143,1720320,1.2719,1.4016,0,0.421869,0,1,0
box_detour_turn90,oi_face_rot_mppi,12812,256,16,0,0,0,1,0,420,0.254363,0.0639371,14.9218,0,0.620262,0.599396,0.406637,170.788,181.769,1720320,1.2554,1.3614,0,0.406837,0,1,0
box_detour_turn90,oi_face_rot_mppi,12819,256,16,0,0,0,1,0,420,0.264223,0.12247,15.6671,0,0.629349,0.651695,0.40722,171.032,183.65,1720320,1.2528,1.3639,0,0.407437,0,1,0
box_detour_turn90,oi_face_rot_mppi,12826,256,16,0,0,1,1,1,143,0.238263,0.0111485,16.0268,0,0.775741,0.891107,0.382673,54.7223,58.8106,585728,1.2568,1.3686,0,0.383036,0,1,1
box_detour_turn90,oi_face_rot_mppi,12833,256,16,0,0,1,1,1,127,0.233442,0.00808239,16.7492,0,0.649972,0.688808,0.37415,47.5171,51.7091,520192,1.2697,1.3498,0,0.374571,0,1,1
box_detour_turn90,oi_face_rot_mppi,12840,256,16,0,0,0,1,0,420,0.481634,0.0213394,24.9556,0,0.670437,0.705363,0.396448,166.508,178.05,1720320,1.2508,1.3525,0,0.396671,0,1,0
box_detour_turn90,oi_face_rot_mppi,12847,256,16,0,0,0,1,0,420,0.382364,0.0875615,16.8869,0,0.632969,0.643217,0.406601,170.772,182.61,1720320,1.2559,1.381,0,0.406821,0,1,0
box_detour_turn90,oi_face_rot_mppi,12854,256,16,0,0,0,1,0,420,0.431456,0.0402663,19.5699,0,0.637883,0.58471,0.387053,162.562,173.589,1720320,1.2443,1.3639,0,0.387255,0,1,0
box_detour_turn90,oi_face_rot_mppi,12861,256,16,0,0,0,1,0,420,0.409579,0.0639305,18.4311,0,0.667324,0.687932,0.412461,173.234,185.286,1720320,1.2469,1.3774,0,0.412665,0,1,0
box_detour_turn90,oi_face_rot_mppi,12868,256,16,0,0,0,1,0,420,0.304898,0.105981,21.9187,0,0.610741,0.567694,0.347951,146.139,158.966,1720320,0.9451,2.4224,0,0.348142,0,1,0
box_detour_turn90,oi_face_rot_mppi,12875,256,16,0,0,0,1,0,420,0.419564,0.0503244,27.6001,0,0.621959,0.556404,0.346884,145.691,158.737,1720320,0.8768,1.3488,0,0.347109,0,1,0
box_detour_turn90,oi_face_rot_mppi,12882,256,16,0,0,1,1,1,99,0.24668,0.000123858,13.8549,0,0.955732,1.35777,0.500455,49.545,56.1657,405504,1.2207,1.319,0,0.500864,0,1,1
box_detour_turn90,oi_face_rot_mppi,12889,256,16,0,0,0,1,0,420,0.40913,0.00288427,30.7368,0,0.590694,0.526618,0.372415,156.414,167.526,1720320,1.0923,1.3647,0,0.372617,0,1,0
box_detour_turn90,oi_face_rot_mppi,12896,256,16,0,0,0,1,0,420,0.389021,0.113325,22.4449,0,0.609765,0.536366,0.326475,137.12,148.163,1720320,0.8792,1.341,0,0.326669,0,1,0
box_detour_turn90,oi_face_rot_mppi,12903,256,16,0,0,1,1,1,124,0.235777,0.0626162,17.589,0,0.747226,0.775947,0.397415,49.2794,53.8891,507904,0.9782,1.3295,0,0.397795,0,1,1
box_detour_turn90,oi_face_rot_mppi,12910,256,16,0,0,1,1,1,132,0.245351,0.0804683,17.045,0,0.706338,0.760408,0.356106,47.006,50.0402,540672,0.9947,1.327,0,0.356405,0,1,1
box_detour_turn90,oi_face_rot_mppi,12917,256,16,0,0,0,1,0,420,0.372972,0.0987842,25.7275,0,0.635077,0.625805,0.389632,163.645,175.884,1720320,1.2394,1.376,0,0.389835,0,1,0
box_detour_turn90,oi_face_rot_mppi,12924,256,16,0,0,0,1,0,420,0.335504,0.0611279,26.6168,0,0.629619,0.590267,0.420855,176.759,188.807,1720320,1.2427,1.3621,0,0.421071,0,1,0
box_detour_turn90,oi_face_rot_mppi,12931,256,16,0,0,0,1,0,420,0.290253,0.0904666,20.6723,0,0.591208,0.545951,0.412661,173.318,184.89,1720320,1.275,1.3738,0,0.412872,0,1,0
box_detour_turn90,oi_face_rot_mppi,12938,256,16,0,0,0,1,0,420,0.472354,0.0614473,21.6151,0,0.673589,0.682651,0.4288,180.096,191.606,1720320,1.308,1.3739,0,0.429006,0,1,0
box_detour_turn90,oi_face_rot_mppi,12945,256,16,0,0,0,1,0,420,0.34453,0.0766672,14.9441,0,0.603001,0.578279,0.442367,185.794,198.171,1720320,1.2887,1.3753,0,0.442589,0,1,0
box_detour_turn90,oi_face_rot_mppi,12952,256,16,0,0,1,1,1,199,0.248154,0.0135304,12.9285,0,0.702485,0.780422,0.445846,88.7233,94.6191,815104,1.3221,1.3836,0,0.446153,0,1,1
box_detour_turn90,oi_face_rot_mppi,12959,256,16,0,0,0,1,0,420,0.396812,0.0879381,16.161,0,0.610367,0.563694,0.428251,179.865,190.284,1720320,1.2543,1.3756,0,0.428443,0,1,0
box_detour_turn90,oi_face_rot_near_mppi,12756,256,16,0,0,1,1,1,267,0.230562,0.0396199,24.7046,0,1.04737,1.89731,0.384933,102.777,111.093,1093632,1.2316,1.3623,0,0.385222,0,1,1
box_detour_turn90,oi_face_rot_near_mppi,12763,256,16,0,0,1,1,1,276,0.240151,0.0860879,19.6836,0,1.14753,2.23456,0.375758,103.709,111.048,1130496,1.2476,1.3472,0,0.376017,0,1,1
box_detour_turn90,oi_face_rot_near_mppi,12770,256,16,0,0,1,1,1,87,0.243582,0.0609012,13.6344,0,0.803539,0.960211,0.440203,38.2977,41.3948,356352,1.2445,1.6991,0,0.440739,0,1,1
box_detour_turn90,oi_face_rot_near_mppi,12777,256,16,0,0,1,1,1,308,0.245861,0.0501206,26.211,0,0.96496,1.6829,0.390314,120.217,131.318,1261568,1.2525,1.3653,0,0.390561,0,1,1
box_detour_turn90,oi_face_rot_near_mppi,12784,256,16,0,0,1,1,1,228,0.236925,0.0491065,14.333,0,1.20253,2.49555,0.425554,97.0263,105.585,933888,1.2771,1.7569,0,0.425904,0,1,1
box_detour_turn90,oi_face_rot_near_mppi,12791,256,16,0,0,1,1,1,238,0.249496,0.0477805,16.5884,0,1.23915,2.4218,0.418446,99.5901,105.458,974848,1.2841,1.3693,0,0.418706,0,1,1
box_detour_turn90,oi_face_rot_near_mppi,12798,256,16,0,0,1,1,1,185,0.23998,0.0497175,14.1684,0,1.1681,2.20071,0.438175,81.0624,86.1029,757760,1.3308,1.3869,0,0.438455,0,1,1
box_detour_turn90,oi_face_rot_near_mppi,12805,256,16,0,0,1,1,1,289,0.229646,0.0811106,26.8081,0,1.15564,2.13225,0.43218,124.9,133.584,1183744,1.2942,1.4422,0,0.432431,0,1,1
box_detour_turn90,oi_face_rot_near_mppi,12812,256,16,0,0,1,1,1,214,0.247178,0.0476885,14.2749,0,1.23428,2.451,0.414303,88.6609,96.4968,876544,1.3141,1.4147,0,0.414658,0,1,1
box_detour_turn90,oi_face_rot_near_mppi,12819,256,16,0,0,1,1,1,227,0.23252,0.0604802,15.0215,0,1.18815,2.31476,0.393352,89.2908,96.7664,929792,1.2631,1.3834,0,0.393731,0,1,1
box_detour_turn90,oi_face_rot_near_mppi,12826,256,16,0,0,1,1,1,159,0.235677,0.0144426,16.6225,0,0.940068,1.59805,0.373572,59.398,64.149,651264,1.3104,1.4033,0,0.373927,0,1,1
box_detour_turn90,oi_face_rot_near_mppi,12833,256,16,0,0,1,1,1,135,0.235749,0.0686042,16.8649,0,0.723759,0.949274,0.350365,47.2993,52.0012,552960,1.2189,1.3512,0,0.350815,0,1,1
box_detour_turn90,oi_face_rot_near_mppi,12840,256,16,0,0,1,1,1,346,0.244743,0.0297719,22.7466,0,1.17604,2.35956,0.417695,144.522,156.078,1417216,1.2406,1.3657,0,0.41807,0,1,1
box_detour_turn90,oi_face_rot_near_mppi,12847,256,16,0,0,1,1,1,206,0.236168,0.0526311,14.6673,0,1.14075,2.25068,0.405983,83.6326,89.3111,843776,1.2641,1.3832,0,0.406276,0,1,1
box_detour_turn90,oi_face_rot_near_mppi,12854,256,16,0,0,1,1,1,195,0.238014,0.0505311,16.0141,0,1.09006,1.96719,0.422846,82.4549,87.9178,798720,1.2814,1.3821,0,0.423148,0,1,1
box_detour_turn90,oi_face_rot_near_mppi,12861,256,16,0,0,1,1,1,181,0.238453,0.0628256,14.8927,0,1.18202,2.22665,0.390639,70.7056,75.9913,741376,1.2545,1.3749,0,0.390966,0,1,1
box_detour_turn90,oi_face_rot_near_mppi,12868,256,16,0,0,1,1,1,323,0.234134,0.0682967,22.5807,0,1.1509,2.28411,0.381245,123.142,133.393,1323008,1.246,1.3823,0,0.381509,0,1,1
box_detour_turn90,oi_face_rot_near_mppi,12875,256,16,0,0,1,1,1,338,0.248069,0.0494425,26.653,0,1.13682,2.19321,0.401986,135.871,144.383,1384448,1.308,1.3517,0,0.402205,0,1,1
box_detour_turn90,oi_face_rot_near_mppi,12882,256,16,0,0,1,1,1,118,0.245685,0.0118982,14.1832,0,1.21543,2.56331,0.412129,48.6312,51.5919,483328,1.2885,1.3824,0,0.412445,0,1,1
box_detour_turn90,oi_face_rot_near_mppi,12889,256,16,0,0,1,1,1,284,0.244674,0.0601089,28.7161,0,0.918314,1.53885,0.414606,117.748,125.432,1163264,1.2748,1.3829,0,0.414852,0,1,1
box_detour_turn90,oi_face_rot_near_mppi,12896,256,16,0,0,1,1,1,314,0.237034,0.0549436,22.1094,0,1.12471,2.15065,0.392217,123.156,132.995,1286144,1.271,1.3621,0,0.392471,0,1,1
box_detour_turn90,oi_face_rot_near_mppi,12903,256,16,0,0,1,1,1,121,0.241765,0.0429599,17.5223,0,0.742616,0.797877,0.467497,56.5672,59.3958,495616,1.3311,1.3889,0,0.467848,0,1,1
box_detour_turn90,oi_face_rot_near_mppi,12910,256,16,0,0,1,1,1,307,0.239803,0.0456716,20.3728,0,1.14132,2.1238,0.391552,120.206,128.174,1257472,1.2834,1.3659,0,0.391768,0,1,1
box_detour_turn90,oi_face_rot_near_mppi,12917,256,16,0,0,1,1,1,312,0.244087,0.0303453,25.5277,0,1.14436,2.23024,0.416702,130.011,138.265,1277952,1.3029,1.3636,0,0.41691,0,1,1
box_detour_turn90,oi_face_rot_near_mppi,12924,256,16,0,0,1,1,1,350,0.228649,0.0626882,27.5008,0,1.09696,2.02004,0.411815,144.135,152.373,1433600,1.2731,1.3813,0,0.412021,0,1,1
box_detour_turn90,oi_face_rot_near_mppi,12931,256,16,0,0,1,1,1,295,0.232846,0.0630946,21.0378,0,1.17828,2.33249,0.378726,111.724,118.978,1208320,1.27,1.3739,0,0.378927,0,1,1
box_detour_turn90,oi_face_rot_near_mppi,12938,256,16,0,0,1,1,1,173,0.234466,0.0507951,16.7335,0,1.01017,1.82092,0.393682,68.107,72.0307,708608,1.3123,1.3674,0,0.393945,0,1,1
box_detour_turn90,oi_face_rot_near_mppi,12945,256,16,0,0,1,1,1,229,0.232464,0.0627085,13.4804,0,1.18695,2.44699,0.433476,99.266,105.603,937984,1.313,1.3971,0,0.433749,0,1,1
box_detour_turn90,oi_face_rot_near_mppi,12952,256,16,0,0,1,1,1,231,0.244332,0.0875212,13.886,0,1.15943,2.24015,0.389073,89.8758,95.9069,946176,1.2856,1.3735,0,0.389383,0,1,1
box_detour_turn90,oi_face_rot_near_mppi,12959,256,16,0,0,1,1,1,207,0.245896,0.049011,13.7246,0,1.13831,2.2292,0.400496,82.9027,87.532,847872,1.273,1.3656,0,0.400766,0,1,1
box_detour_turn90,oi_face_rot_stall_mppi,12756,256,16,0,0,1,1,1,311,0.242709,0.0435827,28.5138,0,1.1253,2.08029,0.412429,128.265,137.65,1273856,1.2588,1.3795,0,0.41268,0,1,1
box_detour_turn90,oi_face_rot_stall_mppi,12763,256,16,0,0,1,1,1,318,0.239432,0.0584215,22.3667,0,1.16249,2.1892,0.394451,125.435,132.774,1302528,1.2604,1.3507,0,0.394665,0,1,1
box_detour_turn90,oi_face_rot_stall_mppi,12770,256,16,0,0,1,1,1,237,0.239564,0.0417923,16.2108,0,1.20026,2.34042,0.42214,100.047,106.199,970752,1.2647,1.3324,0,0.422444,0,1,1
box_detour_turn90,oi_face_rot_stall_mppi,12777,256,16,0,0,1,1,1,340,0.233291,0.0503281,27.9694,0,1.10906,2.16628,0.406741,138.292,148.331,1392640,1.3212,1.3668,0,0.406981,0,1,1
box_detour_turn90,oi_face_rot_stall_mppi,12784,256,16,0,0,1,1,1,262,0.23863,0.0448358,15.3332,0,1.13683,2.21585,0.453812,118.899,125.677,1073152,1.2818,1.3608,0,0.454039,0,1,1
box_detour_turn90,oi_face_rot_stall_mppi,12791,256,16,0,0,1,1,1,333,0.230011,0.0474718,18.647,0,1.34172,2.90248,0.414837,138.141,146.411,1363968,1.3157,1.6995,0,0.41503,0,1,1
box_detour_turn90,oi_face_rot_stall_mppi,12798,256,16,0,0,1,1,1,237,0.248144,0.0633484,15.4983,0,1.27711,2.64594,0.438038,103.815,110.727,970752,1.2918,1.3847,0,0.438337,0,1,1
box_detour_turn90,oi_face_rot_stall_mppi,12805,256,16,0,0,1,1,1,354,0.229102,0.0774047,29.7528,0,1.21774,2.35591,0.394184,139.541,149.354,1449984,1.2808,1.3713,0,0.3944,0,1,1
box_detour_turn90,oi_face_rot_stall_mppi,12812,256,16,0,0,1,1,1,270,0.232337,0.0208043,15.5572,0,1.27192,2.53519,0.428293,115.639,123.343,1105920,1.3176,1.3912,0,0.428521,0,1,1
box_detour_turn90,oi_face_rot_stall_mppi,12819,256,16,0,0,1,1,1,242,0.225679,0.055987,16.308,0,1.28008,2.60186,0.384546,93.0601,99.9612,991232,1.2685,1.3555,0,0.38482,0,1,1
box_detour_turn90,oi_face_rot_stall_mppi,12826,256,16,0,0,1,1,1,267,0.2487,0.0390724,20.4882,0,1.16575,2.2076,0.407981,108.931,116.484,1093632,1.3102,1.3533,0,0.408229,0,1,1
box_detour_turn90,oi_face_rot_stall_mppi,12833,256,16,0,0,1,1,1,255,0.246623,0.0463001,21.8283,0,1.05102,1.91019,0.385953,98.4179,104.954,1044480,1.284,1.3869,0,0.386213,0,1,1
box_detour_turn90,oi_face_rot_stall_mppi,12840,256,16,0,0,1,1,1,318,0.238637,0.0599452,22.8304,0,1.23512,2.58399,0.413194,131.396,140.777,1302528,1.3218,1.5085,0,0.41344,0,1,1
box_detour_turn90,oi_face_rot_stall_mppi,12847,256,16,0,0,1,1,1,287,0.248181,0.0407319,19.2209,0,1.52167,4.01933,0.418359,120.069,129.45,1175552,1.2803,1.3818,0,0.418617,0,1,1
box_detour_turn90,oi_face_rot_stall_mppi,12854,256,16,0,0,1,1,1,236,0.236122,0.0516986,17.1762,0,1.14172,2.13608,0.384788,90.81,99.4723,966656,1.3226,1.3832,0,0.385164,0,1,1
box_detour_turn90,oi_face_rot_stall_mppi,12861,256,16,0,0,1,1,1,308,0.235023,0.0724891,19.2595,0,1.60835,4.3749,0.381784,117.589,127.526,1261568,1.2517,1.3915,0,0.382043,0,1,1
box_detour_turn90,oi_face_rot_stall_mppi,12868,256,16,0,0,1,1,1,332,0.236748,0.0514811,26.6903,0,1.23675,2.45824,0.398764,132.39,144.112,1359872,1.2602,1.3736,0,0.399036,0,1,1
box_detour_turn90,oi_face_rot_stall_mppi,12875,256,16,0,0,1,1,1,328,0.239925,0.0616504,27.6651,0,1.10029,2.04041,0.390123,127.96,140.23,1343488,1.277,1.3582,0,0.390389,0,1,1
box_detour_turn90,oi_face_rot_stall_mppi,12882,256,16,0,0,1,1,1,235,0.245383,0.0502989,16.4898,0,1.26051,2.59176,0.372984,87.6513,93.5081,962560,1.3297,1.3855,0,0.373255,0,1,1
box_detour_turn90,oi_face_rot_stall_mppi,12889,256,16,0,0,1,1,1,315,0.245792,0.0455743,32.0714,0,0.915667,1.51854,0.37944,119.524,130.018,1290240,1.2675,1.3622,0,0.379692,0,1,1
box_detour_turn90,oi_face_rot_stall_mppi,12896,256,16,0,0,1,1,1,303,0.24257,0.0605882,23.8121,0,1.18695,2.32885,0.416676,126.253,134.746,1241088,1.2937,1.3717,0,0.416924,0,1,1
box_detour_turn90,oi_face_rot_stall_mppi,12903,256,16,0,0,1,1,1,228,0.248633,0.0535926,19.1111,0,1.02984,1.85976,0.429315,97.8837,104.229,933888,1.2931,1.3955,0,0.429583,0,1,1
box_detour_turn90,oi_face_rot_stall_mppi,12910,256,16,0,0,1,1,1,358,0.245495,0.0256376,23.5046,0,1.22691,2.46207,0.403902,144.597,153.484,1466368,1.2802,1.3967,0,0.404122,0,1,1
box_detour_turn90,oi_face_rot_stall_mppi,12917,256,16,0,0,1,1,1,379,0.247062,0.0658668,35.2113,0,1.14182,2.24319,0.401441,152.146,162.69,1552384,1.3146,1.3878,0,0.401658,0,1,1
box_detour_turn90,oi_face_rot_stall_mppi,12924,256,16,0,0,1,1,1,179,0.229034,0.0388751,22.9608,0,0.895469,1.31136,0.397743,71.1959,77.3516,733184,1.2756,1.4047,0,0.398113,0,1,1
box_detour_turn90,oi_face_rot_stall_mppi,12931,256,16,0,0,1,1,1,301,0.23164,0.0500489,23.5254,0,1.21117,2.39191,0.387164,116.536,129.317,1232896,1.2249,1.42,0,0.38755,0,1,1
box_detour_turn90,oi_face_rot_stall_mppi,12938,256,16,0,0,1,1,1,272,0.249546,0.058974,20.0947,0,1.08256,2.02528,0.38488,104.687,116.03,1114112,1.2477,3.5817,0,0.385213,0,1,1
box_detour_turn90,oi_face_rot_stall_mppi,12945,256,16,0,0,1,1,1,298,0.225375,0.0630865,17.643,0,1.62548,4.39655,0.408607,121.765,134.677,1220608,1.2592,6.8122,0,0.408915,0,1,1
box_detour_turn90,oi_face_rot_stall_mppi,12952,256,16,0,0,1,1,1,235,0.241521,0.0490239,14.5017,0,1.25163,2.56913,0.380988,89.5322,99.2682,962560,1.2234,1.3317,0,0.381411,0,1,1
box_detour_turn90,oi_face_rot_stall_mppi,12959,256,16,0,0,1,1,1,241,0.226285,0.0401618,14.539,0,1.20619,2.41694,0.368697,88.856,98.3956,987136,1.2544,1.3589,0,0.36903,0,1,1
box_detour_turn_neg,oi_face_rot_mppi,12856,256,16,0,0,1,1,1,128,0.245747,0.0437669,10.8084,0,0.636796,0.643018,0.381311,48.8078,53.6534,524288,1.2541,1.3576,0,0.381821,0,1,1
box_detour_turn_neg,oi_face_rot_mppi,12863,256,16,0,0,1,1,1,120,0.244492,0.0330064,10.1817,0,0.650252,0.734285,0.407304,48.8765,53.3782,491520,1.2318,1.3368,0,0.407951,0,1,1
box_detour_turn_neg,oi_face_rot_mppi,12870,256,16,0,0,0,1,0,420,0.406898,0.0714866,14.313,0,0.62982,0.592146,0.385068,161.728,177.564,1720320,1.2541,1.3865,0,0.385339,0,1,0
box_detour_turn_neg,oi_face_rot_mppi,12877,256,16,0,0,0,1,0,420,0.844378,0.290835,28.8876,0,0.584092,0.518015,0.378547,158.99,173.335,1720320,1.2687,1.3637,0,0.378775,0,1,0
box_detour_turn_neg,oi_face_rot_mppi,12884,256,16,0,0,1,1,1,99,0.248784,0.000903606,9.75534,0,0.690526,0.757506,0.429734,42.5437,45.9991,405504,1.3061,1.3602,0,0.430214,0,1,1
box_detour_turn_neg,oi_face_rot_mppi,12891,256,16,0,0,0,1,0,420,0.674211,0.115602,22.5882,0,0.565499,0.467965,0.380305,159.728,176.354,1720320,1.238,1.3257,0,0.380545,0,1,0
box_detour_turn_neg,oi_face_rot_mppi,12898,256,16,0,0,0,1,0,420,1.37368,0.241437,62.1105,0,0.629493,0.59977,0.397694,167.032,185.784,1720320,1.2741,1.6581,0,0.397951,0,1,0
box_detour_turn_neg,oi_face_rot_mppi,12905,256,16,0,0,1,1,1,155,0.248189,0.0574111,9.74966,0,0.597794,0.536474,0.439661,68.1475,77.2326,634880,1.288,3.1955,0,0.440202,0,1,1
box_detour_turn_neg,oi_face_rot_mppi,12912,256,16,0,0,0,1,0,420,0.355005,0.0435969,19.0274,0,0.614481,0.571876,0.383829,161.208,176.729,1720320,1.2297,1.3599,0,0.38409,0,1,0
box_detour_turn_neg,oi_face_rot_mppi,12919,256,16,0,0,0,1,0,420,0.836244,0.289091,28.9838,0,0.592678,0.508782,0.389617,163.639,178.912,1720320,1.2319,1.3448,0,0.389866,0,1,0
box_detour_turn_neg,oi_face_rot_mppi,12926,256,16,0,0,1,1,1,124,0.233817,0.0112031,9.91331,0,0.656861,0.649122,0.402394,49.8968,55.1368,507904,1.2365,1.3608,0,0.402806,0,1,1
box_detour_turn_neg,oi_face_rot_mppi,12933,256,16,0,0,1,1,1,195,0.237696,0.00940645,11.0541,0,0.672634,0.701813,0.39819,77.647,85.1025,798720,1.3121,1.4285,0,0.3985,0,1,1
box_detour_turn_neg,oi_face_rot_mppi,12940,256,16,0,0,1,1,1,169,0.115942,0.23661,11.2937,0,0.578759,0.60539,0.405001,68.4451,75.0744,692224,1.2919,1.3688,0,0.405371,0,1,1
box_detour_turn_neg,oi_face_rot_mppi,12947,256,16,0,0,1,1,1,146,0.243028,0.0750445,10.4395,0,0.722238,0.833872,0.358927,52.4033,56.2228,598016,1.2482,1.4004,0,0.359316,0,1,1
box_detour_turn_neg,oi_face_rot_mppi,12954,256,16,0,0,0,1,0,420,0.828162,0.257268,28.4217,0,0.5835,0.531649,0.398713,167.459,180.602,1720320,1.2644,1.3755,0,0.398931,0,1,0
box_detour_turn_neg,oi_face_rot_mppi,12961,256,16,0,0,1,1,1,147,0.247944,0.115286,11.2056,0,0.692157,0.774934,0.374784,55.0933,59.2707,602112,1.2595,1.364,0,0.375161,0,1,1
box_detour_turn_neg,oi_face_rot_mppi,12968,256,16,0,0,1,1,1,162,0.245045,0.0871844,10.0954,0,0.808439,1.01513,0.363717,58.9222,63.7974,663552,1.3192,1.3703,0,0.364058,0,1,1
box_detour_turn_neg,oi_face_rot_mppi,12975,256,16,0,0,0,1,0,420,0.838261,0.240851,28.4436,0,0.563233,0.487176,0.398051,167.181,180.379,1720320,1.2539,1.4226,0,0.398267,0,1,0
box_detour_turn_neg,oi_face_rot_mppi,12982,256,16,0,0,1,1,1,388,0.245086,0.0578053,46.8078,0,0.650721,0.65084,0.493366,191.426,204.399,1589248,1.3476,1.4013,0,0.493581,0,1,1
box_detour_turn_neg,oi_face_rot_mppi,12989,256,16,0,0,0,1,0,420,0.814292,0.26033,26.9496,0,0.592487,0.541472,0.438204,184.046,196.074,1720320,1.3011,1.3676,0,0.438417,0,1,0
box_detour_turn_neg,oi_face_rot_mppi,12996,256,16,0,0,1,1,1,157,0.246391,0.108222,11.6785,0,0.743585,0.960092,0.458583,71.9975,76.2562,643072,1.3237,1.3576,0,0.458906,0,1,1
box_detour_turn_neg,oi_face_rot_mppi,13003,256,16,0,0,1,1,1,106,0.244197,0.0179348,10.278,0,0.547583,0.506885,0.444073,47.0717,49.9164,434176,1.275,1.3652,0,0.444466,0,1,1
box_detour_turn_neg,oi_face_rot_mppi,13010,256,16,0,0,0,1,0,420,1.35675,0.221177,60.3946,0,0.658672,0.652579,0.476685,200.208,211.899,1720320,1.3092,1.3919,0,0.476884,0,1,0
box_detour_turn_neg,oi_face_rot_mppi,13017,256,16,0,0,0,1,0,420,0.287534,0.0992297,13.8714,0,0.600629,0.542815,0.432883,181.811,193.517,1720320,1.2834,1.365,0,0.433096,0,1,0
box_detour_turn_neg,oi_face_rot_mppi,13024,256,16,0,0,1,1,1,125,0.233597,0.048784,10.3151,0,0.690072,0.756029,0.443518,55.4398,59.1629,512000,1.2904,1.3429,0,0.443874,0,1,1
box_detour_turn_neg,oi_face_rot_mppi,13031,256,16,0,0,1,1,1,318,0.0643217,0.239749,29.5842,0,0.614481,0.595799,0.468679,149.04,158.413,1302528,1.2909,1.4181,0,0.468945,0,1,1
box_detour_turn_neg,oi_face_rot_mppi,13038,256,16,0,0,0,1,0,420,0.670874,0.106988,27.198,0,0.602404,0.597394,0.417789,175.471,186.348,1720320,1.2754,1.389,0,0.417972,0,1,0
box_detour_turn_neg,oi_face_rot_mppi,13045,256,16,0,0,1,1,1,132,0.227947,0.0877087,10.6411,0,0.721977,0.845059,0.462651,61.0699,64.4212,540672,1.3198,1.3622,0,0.462965,0,1,1
box_detour_turn_neg,oi_face_rot_mppi,13052,256,16,0,0,0,1,0,420,1.36619,0.256893,61.2861,0,0.641766,0.621976,0.474916,199.465,209.808,1720320,1.3604,1.402,0,0.475104,0,1,0
box_detour_turn_neg,oi_face_rot_mppi,13059,256,16,0,0,1,1,1,139,0.242161,0.0183196,9.96363,0,0.694693,0.791443,0.448385,62.3255,66.0921,569344,1.2812,1.3528,0,0.448729,0,1,1
box_detour_turn_neg,oi_face_rot_near_mppi,12856,256,16,0,0,1,1,1,146,0.246071,0.0373728,10.8127,0,0.915121,1.6923,0.453379,66.1933,70.1873,598016,1.3334,1.3736,0,0.453732,0,1,1
box_detour_turn_neg,oi_face_rot_near_mppi,12863,256,16,0,0,1,1,1,155,0.234822,0.114736,10.7395,0,0.889222,1.43743,0.480512,74.4794,79.689,634880,1.3436,1.3957,0,0.480834,0,1,1
box_detour_turn_neg,oi_face_rot_near_mppi,12870,256,16,0,0,1,1,1,188,0.223155,0.110972,11.5647,0,1.45698,3.25369,0.387372,72.826,77.5935,770048,1.2729,1.4094,0,0.387685,0,1,1
box_detour_turn_neg,oi_face_rot_near_mppi,12877,256,16,0,0,0,1,0,420,0.844378,0.290835,28.8876,0,0.584092,0.518015,0.408968,171.767,184.592,1720320,1.2661,1.3534,0,0.409192,0,1,0
box_detour_turn_neg,oi_face_rot_near_mppi,12884,256,16,0,0,1,1,1,144,0.241769,0.0816722,10.099,0,1.00049,1.95986,0.426356,61.3952,64.879,589824,1.2879,1.3451,0,0.426713,0,1,1
box_detour_turn_neg,oi_face_rot_near_mppi,12891,256,16,0,0,1,1,1,176,0.235213,0.0922167,12.0798,0,0.881186,1.51911,0.394317,69.3998,73.1991,720896,1.2837,1.4156,0,0.394635,0,1,1
box_detour_turn_neg,oi_face_rot_near_mppi,12898,256,16,0,0,0,1,0,420,1.37368,0.241437,62.1105,0,0.629493,0.59977,0.457116,191.989,204.122,1720320,1.3051,1.4156,0,0.457316,0,1,0
box_detour_turn_neg,oi_face_rot_near_mppi,12905,256,16,0,0,1,1,1,173,0.22719,0.00697625,10.2019,0,0.957318,2.02725,0.408502,70.6709,75.6147,708608,1.284,1.3532,0,0.408804,0,1,1
box_detour_turn_neg,oi_face_rot_near_mppi,12912,256,16,0,0,1,1,1,195,0.248141,0.0996079,15.6934,0,0.865343,1.48438,0.441985,86.187,91.5852,798720,1.2784,1.3513,0,0.44227,0,1,1
box_detour_turn_neg,oi_face_rot_near_mppi,12919,256,16,0,0,0,1,0,420,0.836244,0.289091,28.9838,0,0.592678,0.508782,0.401647,168.692,179.49,1720320,1.3151,1.3724,0,0.401837,0,1,0
box_detour_turn_neg,oi_face_rot_near_mppi,12926,256,16,0,0,1,1,1,127,0.235588,0.0101069,9.55888,0,0.944795,1.73188,0.470241,59.7206,62.8387,520192,1.3405,1.3782,0,0.470591,0,1,1
box_detour_turn_neg,oi_face_rot_near_mppi,12933,256,16,0,0,1,1,1,185,0.235383,0.0711714,11.6392,0,1.38431,2.90996,0.398611,73.743,78.8304,757760,1.3144,1.387,0,0.398945,0,1,1
box_detour_turn_neg,oi_face_rot_near_mppi,12940,256,16,0,0,1,1,1,142,0.244755,0.0938265,9.83379,0,0.921349,1.73269,0.442312,62.8083,67.1264,581632,1.258,1.3504,0,0.442705,0,1,1
box_detour_turn_neg,oi_face_rot_near_mppi,12947,256,16,0,0,1,1,1,161,0.222886,0.0598221,10.652,0,0.94207,1.73329,0.413605,66.5904,71.4237,659456,1.2509,1.3928,0,0.414025,0,1,1
box_detour_turn_neg,oi_face_rot_near_mppi,12954,256,16,0,0,0,1,0,420,0.828162,0.257268,28.4217,0,0.5835,0.531649,0.404209,169.768,180.404,1720320,1.2695,1.3574,0,0.404399,0,1,0
box_detour_turn_neg,oi_face_rot_near_mppi,12961,256,16,0,0,1,1,1,191,0.225136,0.162285,11.0905,0,1.13374,2.55747,0.432544,82.6159,88.0025,782336,1.327,1.3682,0,0.432825,0,1,1
box_detour_turn_neg,oi_face_rot_near_mppi,12968,256,16,0,0,1,1,1,112,0.249643,0.00541115,9.84872,0,1.01025,1.87517,0.426466,47.7642,51.5796,458752,1.2767,1.3856,0,0.42689,0,1,1
box_detour_turn_neg,oi_face_rot_near_mppi,12975,256,16,0,0,0,1,0,420,0.838261,0.240851,28.4436,0,0.563233,0.487176,0.408573,171.601,181.973,1720320,1.2891,1.372,0,0.408763,0,1,0
box_detour_turn_neg,oi_face_rot_near_mppi,12982,256,16,0,0,0,1,0,420,0.277543,0.0604963,47.2284,0,0.745381,1.01547,0.469634,197.246,206.628,1720320,1.3376,1.4075,0,0.469826,0,1,0
box_detour_turn_neg,oi_face_rot_near_mppi,12989,256,16,0,0,0,1,0,420,0.814292,0.26033,26.9496,0,0.592487,0.541472,0.427683,179.627,188.337,1720320,1.281,1.3589,0,0.427841,0,1,0
box_detour_turn_neg,oi_face_rot_near_mppi,12996,256,16,0,0,1,1,1,151,0.227086,0.0152584,11.4073,0,0.84486,1.4533,0.47818,72.2051,76.4956,618496,1.2807,1.3621,0,0.478542,0,1,1
box_detour_turn_neg,oi_face_rot_near_mppi,13003,256,16,0,0,1,1,1,151,0.248208,0.112684,10.9213,0,1.07855,2.50259,0.440124,66.4588,70.1249,618496,1.3315,1.3778,0,0.440405,0,1,1
box_detour_turn_neg,oi_face_rot_near_mppi,13010,256,16,0,0,0,1,0,420,1.35675,0.221177,60.3946,0,0.658672,0.652579,0.510939,214.594,223.734,1720320,1.3569,1.4604,0,0.511089,0,1,0
box_detour_turn_neg,oi_face_rot_near_mppi,13017,256,16,0,0,1,1,1,167,0.223335,0.0869842,10.5153,0,0.949289,1.72125,0.491635,82.103,86.389,684032,1.2817,1.3845,0,0.491947,0,1,1
box_detour_turn_neg,oi_face_rot_near_mppi,13024,256,16,0,0,1,1,1,141,0.243708,0.173504,10.7033,0,0.955526,1.56743,0.466934,65.8377,69.3794,577536,1.3351,1.3738,0,0.467183,0,1,1
box_detour_turn_neg,oi_face_rot_near_mppi,13031,256,16,0,0,1,1,1,291,0.244756,0.0380642,28.3616,0,0.768673,1.10219,0.516467,150.292,158.481,1191936,1.3472,1.3988,0,0.516691,0,1,1
box_detour_turn_neg,oi_face_rot_near_mppi,13038,256,16,0,0,1,1,1,205,0.231467,0.0507004,18.2064,0,0.866777,1.46409,0.515544,105.687,110.739,839680,1.3214,1.3951,0,0.515798,0,1,1
box_detour_turn_neg,oi_face_rot_near_mppi,13045,256,16,0,0,1,1,1,152,0.245424,0.116632,10.9544,0,0.954288,1.88317,0.461818,70.1964,73.3966,622592,1.2656,1.362,0,0.462093,0,1,1
box_detour_turn_neg,oi_face_rot_near_mppi,13052,256,16,0,0,0,1,0,420,1.36619,0.256893,61.2861,0,0.641766,0.621976,0.539944,226.776,236.823,1720320,1.3211,1.4865,0,0.540182,0,1,0
box_detour_turn_neg,oi_face_rot_near_mppi,13059,256,16,0,0,1,1,1,169,0.249708,0.0917434,10.1529,0,0.944768,1.89452,0.423148,71.512,75.6367,692224,1.2937,1.3509,0,0.423441,0,1,1
box_detour_turn_neg,oi_face_rot_stall_mppi,12856,256,16,0,0,1,1,1,256,0.243629,0.168091,14.6216,0,0.997074,2.04445,0.411004,105.217,110.658,1048576,1.3195,1.3861,0,0.411242,0,1,1
box_detour_turn_neg,oi_face_rot_stall_mppi,12863,256,16,0,0,1,1,1,184,0.247462,0.0761385,11.7828,0,1.00551,1.92607,0.38814,71.4178,74.5278,753664,1.2815,1.3816,0,0.38834,0,1,1
box_detour_turn_neg,oi_face_rot_stall_mppi,12870,256,16,0,0,1,1,1,169,0.23945,0.122505,11.4836,0,1.42308,3.07974,0.413995,69.9652,73.0226,692224,1.2992,1.3861,0,0.414215,0,1,1
box_detour_turn_neg,oi_face_rot_stall_mppi,12877,256,16,0,0,1,1,1,220,0.247136,0.0670239,11.6125,0,1.06002,2.31715,0.433745,95.4238,98.9689,901120,1.2798,1.3872,0,0.433957,0,1,1
box_detour_turn_neg,oi_face_rot_stall_mppi,12884,256,16,0,0,1,1,1,202,0.244423,0.137972,11.5927,0,1.05336,2.1708,0.399776,80.7548,84.705,827392,1.2678,1.3566,0,0.400023,0,1,1
box_detour_turn_neg,oi_face_rot_stall_mppi,12891,256,16,0,0,1,1,1,216,0.247086,0.119165,14.6279,0,0.944543,1.73163,0.401635,86.7532,90.6864,884736,1.2763,1.3754,0,0.401947,0,1,1
box_detour_turn_neg,oi_face_rot_stall_mppi,12898,256,16,0,0,1,1,1,276,0.247823,0.0927817,23.4808,0,0.952482,1.90398,0.491952,135.779,143.169,1130496,1.286,1.3663,0,0.492191,0,1,1
box_detour_turn_neg,oi_face_rot_stall_mppi,12905,256,16,0,0,1,1,1,244,0.235258,0.0834213,13.6832,0,0.995675,1.99683,0.394513,96.2612,101.255,999424,1.2827,1.3745,0,0.394771,0,1,1
box_detour_turn_neg,oi_face_rot_stall_mppi,12912,256,16,0,0,1,1,1,298,0.239815,0.0844948,22.638,0,0.926685,1.76182,0.423122,126.09,130.943,1220608,1.3345,1.3935,0,0.423334,0,1,1
box_detour_turn_neg,oi_face_rot_stall_mppi,12919,256,16,0,0,1,1,1,176,0.246588,0.0576409,11.8918,0,1.28922,2.64066,0.467896,82.3498,85.9223,720896,1.3403,1.3871,0,0.468151,0,1,1
box_detour_turn_neg,oi_face_rot_stall_mppi,12926,256,16,0,0,1,1,1,215,0.246862,0.0628861,13.0001,0,1.0123,2.0267,0.480093,103.22,108.475,880640,1.3263,1.4564,0,0.480343,0,1,1
box_detour_turn_neg,oi_face_rot_stall_mppi,12933,256,16,0,0,1,1,1,180,0.238796,0.0613723,11.6346,0,1.42458,3.09097,0.452297,81.4134,87.5267,737280,1.2773,1.553,0,0.452604,0,1,1
box_detour_turn_neg,oi_face_rot_stall_mppi,12940,256,16,0,0,1,1,1,180,0.237482,0.0775214,11.0567,0,0.993693,1.96812,0.383954,69.1117,73.6,737280,1.2627,1.3899,0,0.384247,0,1,1
box_detour_turn_neg,oi_face_rot_stall_mppi,12947,256,16,0,0,1,1,1,230,0.24694,0.0451007,13.9001,0,0.972208,1.89929,0.432485,99.4716,105.865,942080,1.3256,1.3994,0,0.432798,0,1,1
box_detour_turn_neg,oi_face_rot_stall_mppi,12954,256,16,0,0,1,1,1,166,0.243563,0.112315,11.6576,0,1.3614,2.85594,0.389366,64.6348,67.7947,679936,1.2767,1.3547,0,0.389659,0,1,1
box_detour_turn_neg,oi_face_rot_stall_mppi,12961,256,16,0,0,1,1,1,175,0.248803,0.0385194,11.3155,0,1.02806,2.02144,0.431998,75.5997,78.8282,716800,1.3163,1.3557,0,0.432285,0,1,1
box_detour_turn_neg,oi_face_rot_stall_mppi,12968,256,16,0,0,1,1,1,171,0.24713,0.199629,10.4972,0,1.02031,1.97007,0.39991,68.3846,71.6008,700416,1.3166,1.3592,0,0.400157,0,1,1
box_detour_turn_neg,oi_face_rot_stall_mppi,12975,256,16,0,0,1,1,1,162,0.249913,0.128515,11.4266,0,1.20507,2.41864,0.462665,74.9517,78.4416,663552,1.2753,1.3639,0,0.46296,0,1,1
box_detour_turn_neg,oi_face_rot_stall_mppi,12982,256,16,0,0,1,1,1,213,0.240808,0.104213,16.511,0,1.30535,2.72631,0.463203,98.6622,104.842,872448,1.2955,1.3508,0,0.463566,0,1,1
box_detour_turn_neg,oi_face_rot_stall_mppi,12989,256,16,0,0,1,1,1,197,0.229782,0.0660998,10.9935,0,1.13507,2.48899,0.437094,86.1075,91.7416,806912,1.2756,1.3637,0,0.437375,0,1,1
box_detour_turn_neg,oi_face_rot_stall_mppi,12996,256,16,0,0,1,1,1,178,0.247472,0.0845877,11.564,0,0.994989,1.87176,0.463758,82.549,87.403,729088,1.3233,1.3747,0,0.464014,0,1,1
box_detour_turn_neg,oi_face_rot_stall_mppi,13003,256,16,0,0,1,1,1,217,0.246396,0.0353519,13.8932,0,0.928252,1.77737,0.429553,93.2129,97.4405,888832,1.3075,1.3783,0,0.429751,0,1,1
box_detour_turn_neg,oi_face_rot_stall_mppi,13010,256,16,0,0,1,1,1,261,0.24931,0.10567,19.5021,0,1.12091,2.49476,0.424545,110.806,115.502,1069056,1.3291,1.3876,0,0.424733,0,1,1
box_detour_turn_neg,oi_face_rot_stall_mppi,13017,256,16,0,0,1,1,1,179,0.224287,0.100467,11.5688,0,1.44653,3.2157,0.440892,78.9197,82.101,733184,1.2835,1.3874,0,0.441079,0,1,1
box_detour_turn_neg,oi_face_rot_stall_mppi,13024,256,16,0,0,1,1,1,232,0.224166,0.0831803,13.8323,0,0.969124,1.90805,0.415562,96.4104,101.435,950272,1.2964,1.3834,0,0.415789,0,1,1
box_detour_turn_neg,oi_face_rot_stall_mppi,13031,256,16,0,0,1,1,1,293,0.232634,0.132829,19.4483,0,1.00685,2.02327,0.417339,122.28,130.766,1200128,1.2754,1.3726,0,0.417586,0,1,1
box_detour_turn_neg,oi_face_rot_stall_mppi,13038,256,16,0,0,1,1,1,289,0.244849,0.068743,21.7463,0,0.938461,1.80648,0.405994,117.332,126.817,1183744,1.279,1.4058,0,0.406264,0,1,1
box_detour_turn_neg,oi_face_rot_stall_mppi,13045,256,16,0,0,1,1,1,172,0.248893,0.166667,11.3529,0,0.975619,1.89747,0.363269,62.4822,66.3914,704512,1.3287,1.3703,0,0.363613,0,1,1
box_detour_turn_neg,oi_face_rot_stall_mppi,13052,256,16,0,0,1,1,1,226,0.227648,0.0924568,16.3893,0,0.999629,1.96853,0.44431,100.414,107.006,925696,1.2863,1.3629,0,0.444597,0,1,1
box_detour_turn_neg,oi_face_rot_stall_mppi,13059,256,16,0,0,1,1,1,193,0.249895,0.0751592,11.2697,0,1.07788,2.2678,0.430466,83.08,88.4717,790528,1.3029,1.3897,0,0.430845,0,1,1
box_detour_wall,oi_face_rot_mppi,12156,256,16,0,0,1,1,1,126,0.233824,0.0291589,10.0366,0,0.557292,0.567317,0.462959,58.3328,62.1598,516096,1.3213,1.3797,0,0.463335,0,1,1
box_detour_wall,oi_face_rot_mppi,12163,256,16,0,0,1,1,1,117,0.248111,0.0263164,9.94524,0,0.678257,0.740721,0.440241,51.5082,54.4325,479232,1.3312,1.4074,0,0.440781,0,1,1
box_detour_wall,oi_face_rot_mppi,12170,256,16,0,0,1,1,1,108,0.239918,0.0568708,10.5945,0,0.580744,0.484367,0.449282,48.5225,51.32,442368,1.289,1.3519,0,0.449648,0,1,1
box_detour_wall,oi_face_rot_mppi,12177,256,16,0,0,1,1,1,126,0.230152,0.061762,10.5893,0,0.616132,0.587701,0.423703,53.3866,57.2474,516096,1.2587,1.3029,0,0.424099,0,1,1
box_detour_wall,oi_face_rot_mppi,12184,256,16,0,0,1,1,1,135,0.234091,0.0397441,12.1931,0,0.558623,0.467907,0.438354,59.1778,62.5342,552960,1.3347,1.3813,0,0.438701,0,1,1
box_detour_wall,oi_face_rot_mppi,12191,256,16,0,0,1,1,1,116,0.244275,0.0452864,10.2206,0,0.566953,0.478748,0.482476,55.9672,58.3036,475136,1.2875,1.3775,0,0.482771,0,1,1
box_detour_wall,oi_face_rot_mppi,12198,256,16,0,0,1,1,1,123,0.231124,0.0366878,11.0367,0,0.644356,0.730706,0.520789,64.0571,65.9089,503808,1.2985,1.3979,0,0.521025,0,1,1
box_detour_wall,oi_face_rot_mppi,12205,256,16,0,0,1,1,1,125,0.246193,0.0236997,10.1701,0,0.63876,0.666933,0.48157,60.1962,63.3874,512000,1.3146,1.3852,0,0.481942,0,1,1
box_detour_wall,oi_face_rot_mppi,12212,256,16,0,0,1,1,1,117,0.227318,0.0262131,10.0948,0,0.596084,0.631549,0.453589,53.0699,55.8279,479232,1.2965,1.385,0,0.453948,0,1,1
box_detour_wall,oi_face_rot_mppi,12219,256,16,0,0,1,1,1,152,0.245019,0.0025496,11.0932,0,0.618513,0.599419,0.417972,63.5317,65.92,622592,1.3164,1.3588,0,0.418245,0,1,1
box_detour_wall,oi_face_rot_mppi,12226,256,16,0,0,1,1,1,121,0.232472,0.0120278,10.6735,0,0.573404,0.499961,0.421537,51.006,53.8122,495616,1.2785,1.4285,0,0.421788,0,1,1
box_detour_wall,oi_face_rot_mppi,12233,256,16,0,0,1,1,1,117,0.237991,0.033241,10.5508,0,0.726411,0.850317,0.476998,55.8088,58.0391,479232,1.3524,1.3967,0,0.477301,0,1,1
box_detour_wall,oi_face_rot_mppi,12240,256,16,0,0,1,1,1,123,0.236438,0.0306352,10.7228,0,0.559009,0.512731,0.420175,51.6815,53.9402,503808,1.3211,1.4054,0,0.420476,0,1,1
box_detour_wall,oi_face_rot_mppi,12247,256,16,0,0,1,1,1,131,0.23705,0.0275079,13.2534,0,0.678665,0.737647,0.494043,64.7196,68.0676,536576,1.314,1.3815,0,0.494329,0,1,1
box_detour_wall,oi_face_rot_mppi,12254,256,16,0,0,1,1,1,163,0.23713,0.0177997,12.4554,0,0.651604,0.625376,0.484472,78.9689,82.8813,667648,1.3463,1.3872,0,0.484774,0,1,1
box_detour_wall,oi_face_rot_mppi,12261,256,16,0,0,1,1,1,116,0.22126,0.340345,10.4068,0,0.72036,0.843308,0.511282,59.3087,62.0622,475136,1.3257,1.381,0,0.511645,0,1,1
box_detour_wall,oi_face_rot_mppi,12268,256,16,0,0,1,1,1,134,0.236008,0.0381229,12.0146,0,0.672471,0.730385,0.543209,72.79,76.3291,548864,1.2912,1.4712,0,0.543566,0,1,1
box_detour_wall,oi_face_rot_mppi,12275,256,16,0,0,1,1,1,171,0.249444,0.0105527,11.1885,0,0.591796,0.536504,0.510476,87.2915,91.6803,700416,1.3196,1.3988,0,0.51075,0,1,1
box_detour_wall,oi_face_rot_mppi,12282,256,16,0,0,1,1,1,135,0.233656,0.0776547,12.2545,0,0.657191,0.758981,0.456438,61.6192,65.2101,552960,1.3001,1.4113,0,0.456727,0,1,1
box_detour_wall,oi_face_rot_mppi,12289,256,16,0,0,1,1,1,126,0.233596,0.023142,10.6263,0,0.645439,0.635615,0.445929,56.1871,58.7201,516096,1.33,1.3881,0,0.446254,0,1,1
box_detour_wall,oi_face_rot_mppi,12296,256,16,0,0,1,1,1,139,0.228728,0.0385654,11.9855,0,0.58886,0.514725,0.506671,70.4272,73.8254,569344,1.3239,1.3793,0,0.506963,0,1,1
box_detour_wall,oi_face_rot_mppi,12303,256,16,0,0,1,1,1,200,0.229593,0.00619307,18.9191,0,0.680382,0.704405,0.540189,108.038,112.038,819200,1.3577,1.4741,0,0.540415,0,1,1
box_detour_wall,oi_face_rot_mppi,12310,256,16,0,0,1,1,1,139,0.243871,0.03092,12.2686,0,0.654768,0.652408,0.577758,80.3084,83.9049,569344,1.287,1.4735,0,0.578086,0,1,1
box_detour_wall,oi_face_rot_mppi,12317,256,16,0,0,1,1,1,117,0.23813,0.00820733,10.1189,0,0.623413,0.643382,0.49845,58.3186,61.4353,479232,1.3003,1.3683,0,0.498982,0,1,1
box_detour_wall,oi_face_rot_mppi,12324,256,16,0,0,1,1,1,123,0.243887,0.00288269,11.0002,0,0.558288,0.513894,0.496246,61.0382,64.5431,503808,1.3386,1.3672,0,0.496611,0,1,1
box_detour_wall,oi_face_rot_mppi,12331,256,16,0,0,1,1,1,171,0.24846,0.0230862,11.0776,0,0.637345,0.606404,0.539786,92.3034,97.7574,700416,1.3322,1.4116,0,0.540091,0,1,1
box_detour_wall,oi_face_rot_mppi,12338,256,16,0,0,1,1,1,282,0.231715,0.0391237,27.8966,0,0.738858,0.786697,0.497238,140.221,146.823,1155072,1.3654,1.4715,0,0.497444,0,1,1
box_detour_wall,oi_face_rot_mppi,12345,256,16,0,0,1,1,1,142,0.232958,0.0502583,12.4453,0,0.592312,0.555431,0.467662,66.408,69.6376,581632,1.308,1.374,0,0.467989,0,1,1
box_detour_wall,oi_face_rot_mppi,12352,256,16,0,0,1,1,1,98,0.24027,0.052172,10.0339,0,0.610957,0.628372,0.462626,45.3373,47.712,401408,1.2691,1.3805,0,0.462957,0,1,1
box_detour_wall,oi_face_rot_mppi,12359,256,16,0,0,1,1,1,139,0.234695,0.0212538,11.8813,0,0.566237,0.507231,0.5317,73.9063,77.758,569344,1.348,1.3853,0,0.532044,0,1,1
box_detour_wall,oi_face_rot_near_mppi,12156,256,16,0,0,1,1,1,110,0.249792,0.0021667,10.2778,0,0.739138,1.11944,0.522608,57.4869,60.3345,450560,1.3445,1.3879,0,0.522973,0,1,1
box_detour_wall,oi_face_rot_near_mppi,12163,256,16,0,0,1,1,1,104,0.240578,0.101269,9.6212,0,0.780139,1.03833,0.530803,55.2035,57.8893,425984,1.3434,1.3984,0,0.531223,0,1,1
box_detour_wall,oi_face_rot_near_mppi,12170,256,16,0,0,1,1,1,116,0.241903,0.0180695,11.1081,0,0.700168,0.868499,0.479718,55.6473,57.9289,475136,1.3614,1.3897,0,0.48001,0,1,1
box_detour_wall,oi_face_rot_near_mppi,12177,256,16,0,0,1,1,1,113,0.232598,0.0277056,10.9123,0,0.75897,1.10336,0.540676,61.0964,63.9059,462848,1.3589,1.3818,0,0.540988,0,1,1
box_detour_wall,oi_face_rot_near_mppi,12184,256,16,0,0,1,1,1,123,0.225497,0.0135321,11.8802,0,0.691097,0.895524,0.422854,52.011,54.8201,503808,1.283,1.4091,0,0.423185,0,1,1
box_detour_wall,oi_face_rot_near_mppi,12191,256,16,0,0,1,1,1,104,0.24698,0.0739791,9.9482,0,0.727186,1.12587,0.581955,60.5233,63.2673,425984,1.341,1.4616,0,0.582322,0,1,1
box_detour_wall,oi_face_rot_near_mppi,12198,256,16,0,0,1,1,1,111,0.228925,0.117989,10.7338,0,0.800824,1.28276,0.548711,60.9069,63.6361,454656,1.3576,1.388,0,0.549042,0,1,1
box_detour_wall,oi_face_rot_near_mppi,12205,256,16,0,0,1,1,1,116,0.229765,0.0114014,10.1782,0,0.708008,0.942421,0.523907,60.7732,63.9291,475136,1.2805,1.3737,0,0.524289,0,1,1
box_detour_wall,oi_face_rot_near_mppi,12212,256,16,0,0,1,1,1,122,0.249647,0.00233343,9.98604,0,0.840907,1.57232,0.440643,53.7584,56.413,499712,1.3067,1.3842,0,0.441063,0,1,1
box_detour_wall,oi_face_rot_near_mppi,12219,256,16,0,0,1,1,1,111,0.240488,0.0359652,10.4916,0,0.763937,1.09283,0.506754,56.2497,58.7005,454656,1.3366,1.3819,0,0.507088,0,1,1
box_detour_wall,oi_face_rot_near_mppi,12226,256,16,0,0,1,1,1,110,0.229343,0.0290611,10.3873,0,0.803823,1.41872,0.530998,58.4098,61.5245,450560,1.2712,1.3359,0,0.531361,0,1,1
box_detour_wall,oi_face_rot_near_mppi,12233,256,16,0,0,1,1,1,113,0.235858,0.126542,10.4973,0,1.07952,2.09657,0.459478,51.921,54.9641,462848,1.3287,1.3894,0,0.459855,0,1,1
box_detour_wall,oi_face_rot_near_mppi,12240,256,16,0,0,1,1,1,108,0.243361,0.162331,10.651,0,0.674428,0.849313,0.497746,53.7566,56.3354,442368,1.3067,1.3984,0,0.498122,0,1,1
box_detour_wall,oi_face_rot_near_mppi,12247,256,16,0,0,1,1,1,142,0.246557,0.0640879,13.4521,0,0.75317,0.987679,0.473768,67.275,69.315,581632,1.3456,1.3935,0,0.47404,0,1,1
box_detour_wall,oi_face_rot_near_mppi,12254,256,16,0,0,1,1,1,110,0.241345,0.0174091,11.347,0,0.676029,0.784112,0.449392,49.4331,51.0689,450560,1.3045,1.3969,0,0.449618,0,1,1
box_detour_wall,oi_face_rot_near_mppi,12261,256,16,0,0,1,1,1,96,0.245906,0.0614469,10.038,0,0.73295,0.844689,0.434623,41.7238,43.2462,393216,1.3437,1.3569,0,0.434935,0,1,1
box_detour_wall,oi_face_rot_near_mppi,12268,256,16,0,0,1,1,1,111,0.241629,0.131088,11.473,0,0.743099,0.938474,0.435358,48.3247,50.463,454656,1.3417,1.3936,0,0.435614,0,1,1
box_detour_wall,oi_face_rot_near_mppi,12275,256,16,0,0,1,1,1,105,0.237045,0.0704883,10.123,0,0.709368,1.02421,0.373782,39.2471,41.0342,430080,1.3354,1.4071,0,0.374158,0,1,1
box_detour_wall,oi_face_rot_near_mppi,12282,256,16,0,0,1,1,1,132,0.235665,0.0231752,12.3157,0,0.873151,1.4558,0.451553,59.605,61.9936,540672,1.2792,1.3709,0,0.451789,0,1,1
box_detour_wall,oi_face_rot_near_mppi,12289,256,16,0,0,1,1,1,106,0.239547,0.119369,10.2573,0,0.73468,0.834807,0.398409,42.2313,44.0222,434176,1.3671,1.4068,0,0.39878,0,1,1
box_detour_wall,oi_face_rot_near_mppi,12296,256,16,0,0,1,1,1,124,0.229971,0.00406281,11.6288,0,0.718636,0.859556,0.404867,50.2035,51.964,507904,1.369,1.3963,0,0.405073,0,1,1
box_detour_wall,oi_face_rot_near_mppi,12303,256,16,0,0,1,1,1,199,0.245817,0.00431582,18.6663,0,0.838861,1.27023,0.440886,87.7362,93.2369,815104,1.3548,1.396,0,0.441152,0,1,1
box_detour_wall,oi_face_rot_near_mppi,12310,256,16,0,0,1,1,1,130,0.235544,0.0540638,12.1503,0,0.758029,0.934545,0.454855,59.1312,63.2754,532480,1.3065,1.3939,0,0.455229,0,1,1
box_detour_wall,oi_face_rot_near_mppi,12317,256,16,0,0,1,1,1,107,0.233968,0.092264,9.86688,0,0.774587,1.28432,0.385313,41.2285,43.8861,438272,1.2718,1.3958,0,0.38568,0,1,1
box_detour_wall,oi_face_rot_near_mppi,12324,256,16,0,0,1,1,1,109,0.227055,0.0193979,10.5934,0,0.655952,0.780837,0.369639,40.2907,43.2847,446464,1.2545,1.4212,0,0.370055,0,1,1
box_detour_wall,oi_face_rot_near_mppi,12331,256,16,0,0,1,1,1,94,0.240031,0.00365898,9.46582,0,0.71682,0.893668,0.389112,36.5765,39.3483,385024,1.3192,1.7903,0,0.389557,0,1,1
box_detour_wall,oi_face_rot_near_mppi,12338,256,16,0,0,1,1,1,268,0.248316,0.00427686,27.905,0,0.806426,0.950068,0.391345,104.881,113.004,1097728,1.3226,1.4066,0,0.391621,0,1,1
box_detour_wall,oi_face_rot_near_mppi,12345,256,16,0,0,1,1,1,127,0.238428,0.0560762,11.9472,0,0.756155,1.14184,0.438437,55.6815,58.7888,520192,1.2819,1.4012,0,0.438806,0,1,1
box_detour_wall,oi_face_rot_near_mppi,12352,256,16,0,0,1,1,1,99,0.231861,0.082029,10.1884,0,0.620715,0.7106,0.390124,38.6223,41.2963,405504,1.2878,1.3857,0,0.390505,0,1,1
box_detour_wall,oi_face_rot_near_mppi,12359,256,16,0,0,1,1,1,131,0.225695,0.0586581,11.7818,0,0.739539,1.17452,0.445389,58.346,61.6974,536576,1.2815,1.3603,0,0.445733,0,1,1
box_detour_wall,oi_face_rot_stall_mppi,12156,256,16,0,0,1,1,1,140,0.24881,0.0805398,11.8161,0,0.942842,1.90091,0.457911,64.1075,67.6487,573440,1.327,1.3951,0,0.458229,0,1,1
box_detour_wall,oi_face_rot_stall_mppi,12163,256,16,0,0,1,1,1,118,0.234547,0.0955955,10.8939,0,0.820955,1.28929,0.419635,49.5169,52.0602,483328,1.3141,1.374,0,0.419958,0,1,1
box_detour_wall,oi_face_rot_stall_mppi,12170,256,16,0,0,1,1,1,140,0.232042,0.0646326,12.2349,0,0.857702,1.53791,0.525901,73.6261,77.567,573440,1.2567,1.2973,0,0.526234,0,1,1
box_detour_wall,oi_face_rot_stall_mppi,12177,256,16,0,0,1,1,1,106,0.242695,0.0319821,10.4312,0,0.750931,0.993062,0.456242,48.3617,51.307,434176,1.3076,1.3888,0,0.456611,0,1,1
box_detour_wall,oi_face_rot_stall_mppi,12184,256,16,0,0,1,1,1,121,0.226333,0.034579,11.8671,0,0.685958,0.908068,0.481634,58.2777,61.5898,495616,1.3356,1.3958,0,0.48197,0,1,1
box_detour_wall,oi_face_rot_stall_mppi,12191,256,16,0,0,1,1,1,121,0.229045,0.0058948,10.2466,0,0.759646,1.06368,0.451482,54.6293,58.2121,495616,1.3173,1.3979,0,0.45184,0,1,1
box_detour_wall,oi_face_rot_stall_mppi,12198,256,16,0,0,1,1,1,133,0.226762,0.0476137,11.651,0,0.919718,1.69029,0.422586,56.204,59.9804,544768,1.3087,1.3754,0,0.422941,0,1,1
box_detour_wall,oi_face_rot_stall_mppi,12205,256,16,0,0,1,1,1,107,0.233739,0.119843,9.96696,0,0.839061,1.42132,0.422699,45.2288,47.2043,438272,1.3414,1.4077,0,0.423007,0,1,1
box_detour_wall,oi_face_rot_stall_mppi,12212,256,16,0,0,1,1,1,139,0.230166,0.0331023,12.0652,0,0.776203,1.27048,0.421104,58.5335,61.1556,569344,1.2877,1.4008,0,0.421333,0,1,1
box_detour_wall,oi_face_rot_stall_mppi,12219,256,16,0,0,1,1,1,128,0.240873,0.0441985,12.0275,0,0.875369,1.50402,0.401734,51.422,54.4571,524288,1.2915,1.3866,0,0.402044,0,1,1
box_detour_wall,oi_face_rot_stall_mppi,12226,256,16,0,0,1,1,1,128,0.246846,0.00772719,11.1204,0,0.833578,1.50288,0.45409,58.1235,60.9833,524288,1.3472,1.3836,0,0.454383,0,1,1
box_detour_wall,oi_face_rot_stall_mppi,12233,256,16,0,0,1,1,1,117,0.22533,0.114801,11.3261,0,0.893042,1.39756,0.527457,61.7125,64.7783,479232,1.2953,1.3564,0,0.527827,0,1,1
box_detour_wall,oi_face_rot_stall_mppi,12240,256,16,0,0,1,1,1,139,0.240595,0.0947261,11.714,0,0.941279,2.0684,0.5414,75.2546,78.8113,569344,1.28,1.3768,0,0.541726,0,1,1
box_detour_wall,oi_face_rot_stall_mppi,12247,256,16,0,0,1,1,1,145,0.239805,0.0238405,14.4635,0,0.851003,1.56439,0.436115,63.2367,66.1304,593920,1.3401,1.4009,0,0.436417,0,1,1
box_detour_wall,oi_face_rot_stall_mppi,12254,256,16,0,0,1,1,1,120,0.229211,0.00544298,11.6297,0,0.79183,1.2193,0.448927,53.8712,57.3838,491520,1.2853,1.3959,0,0.449269,0,1,1
box_detour_wall,oi_face_rot_stall_mppi,12261,256,16,0,0,1,1,1,111,0.241534,0.10654,10.5761,0,0.857605,1.41131,0.339357,37.6686,40.326,454656,1.2256,1.3477,0,0.339666,0,1,1
box_detour_wall,oi_face_rot_stall_mppi,12268,256,16,0,0,1,1,1,134,0.231195,0.119317,12.9137,0,0.790655,1.26544,0.445123,59.6465,63.0389,548864,1.3408,1.4029,0,0.445494,0,1,1
box_detour_wall,oi_face_rot_stall_mppi,12275,256,16,0,0,1,1,1,134,0.232359,0.0865944,12.5289,0,0.809507,1.38584,0.408716,54.7679,59.5667,548864,1.2704,1.3905,0,0.409052,0,1,1
box_detour_wall,oi_face_rot_stall_mppi,12282,256,16,0,0,1,1,1,142,0.249083,0.10066,13.8805,0,0.758254,1.08511,0.383535,54.462,57.909,581632,1.3261,1.4083,0,0.383858,0,1,1
box_detour_wall,oi_face_rot_stall_mppi,12289,256,16,0,0,1,1,1,117,0.242237,0.080154,10.8989,0,0.733084,1.10234,0.435013,50.8965,54.1428,479232,1.2751,2.0499,0,0.435409,0,1,1
box_detour_wall,oi_face_rot_stall_mppi,12296,256,16,0,0,1,1,1,138,0.236916,0.0372436,12.9991,0,0.778357,1.12847,0.391912,54.0839,57.5316,565248,1.3104,1.3621,0,0.392225,0,1,1
box_detour_wall,oi_face_rot_stall_mppi,12303,256,16,0,0,0,1,0,420,1.21086,0.0809849,48.8787,0,2.30684,6.73387,0.414095,173.92,184.153,1720320,1.3086,1.3767,0,0.414285,0,1,0
box_detour_wall,oi_face_rot_stall_mppi,12310,256,16,0,0,1,1,1,156,0.236924,0.00228153,14.1967,0,0.872201,1.50221,0.427232,66.6481,71.2968,638976,1.2909,1.4013,0,0.427582,0,1,1
box_detour_wall,oi_face_rot_stall_mppi,12317,256,16,0,0,1,1,1,104,0.245575,0.0765426,9.77788,0,0.769965,1.02726,0.454963,47.3161,50.32,425984,1.318,1.3812,0,0.455572,0,1,1
box_detour_wall,oi_face_rot_stall_mppi,12324,256,16,0,0,1,1,1,142,0.231723,0.112161,13.5623,0,0.696683,0.902588,0.476958,67.7281,72.1022,581632,1.3163,1.4104,0,0.477324,0,1,1
box_detour_wall,oi_face_rot_stall_mppi,12331,256,16,0,0,1,1,1,144,0.229422,0.00535741,11.7868,0,0.990035,2.03584,0.367086,52.8604,57.6779,589824,1.2484,1.3685,0,0.36764,0,1,1
box_detour_wall,oi_face_rot_stall_mppi,12338,256,16,0,0,0,1,0,420,1.19211,0.149164,48.1183,0,2.69765,9.10868,0.392515,164.856,179.731,1720320,1.2622,1.349,0,0.392776,0,1,0
box_detour_wall,oi_face_rot_stall_mppi,12345,256,16,0,0,1,1,1,132,0.242892,0.0380378,12.7725,0,0.753422,1.15673,0.416623,54.9942,59.4747,540672,1.2575,1.3546,0,0.417019,0,1,1
box_detour_wall,oi_face_rot_stall_mppi,12352,256,16,0,0,1,1,1,147,0.235238,0.0919792,12.7417,0,0.951258,2.05415,0.411065,60.4266,64.9176,602112,1.2782,1.331,0,0.411457,0,1,1
box_detour_wall,oi_face_rot_stall_mppi,12359,256,16,0,0,1,1,1,143,0.231004,0.0452128,13.1949,0,0.877131,1.76135,0.387792,55.4543,59.7567,585728,1.2814,1.3409,0,0.388176,0,1,1
box_detour_wall_far,oi_face_rot_mppi,12456,256,16,0,0,1,1,1,154,0.23693,0.00225169,15.9019,0,0.623863,0.66402,0.424894,65.4336,70.5674,630784,1.2853,1.3649,0,0.425245,0,1,1
box_detour_wall_far,oi_face_rot_mppi,12463,256,16,0,0,1,1,1,164,0.242275,0.0489689,16.7591,0,0.719611,0.815161,0.412515,67.6525,73.4528,671744,1.2726,1.3433,0,0.412917,0,1,1
box_detour_wall_far,oi_face_rot_mppi,12470,256,16,0,0,1,1,1,133,0.228675,0.0254436,15.3563,0,0.702468,0.821582,0.382579,50.883,55.6875,544768,1.225,1.3883,0,0.383011,0,1,1
box_detour_wall_far,oi_face_rot_mppi,12477,256,16,0,0,1,1,1,139,0.240076,0.00625879,15.9735,0,0.780416,1.04007,0.437888,60.8665,66.2278,569344,1.2752,1.3854,0,0.438322,0,1,1
box_detour_wall_far,oi_face_rot_mppi,12484,256,16,0,0,1,1,1,129,0.240373,0.0139643,15.0248,0,0.637982,0.670591,0.410877,53.0031,57.3863,528384,1.2731,1.5054,0,0.411246,0,1,1
box_detour_wall_far,oi_face_rot_mppi,12491,256,16,0,0,1,1,1,154,0.247465,0.0128559,14.6402,0,0.611573,0.582133,0.387694,59.7049,64.8676,630784,1.2734,1.3505,0,0.388098,0,1,1
box_detour_wall_far,oi_face_rot_mppi,12498,256,16,0,0,1,1,1,156,0.240617,0.027048,15.6546,0,0.658026,0.694002,0.435999,68.0159,73.6081,638976,1.294,1.3419,0,0.436406,0,1,1
box_detour_wall_far,oi_face_rot_mppi,12505,256,16,0,0,1,1,1,135,0.244355,0.0133407,15.4006,0,0.658322,0.657641,0.390755,52.7519,57.9082,552960,1.2755,1.3761,0,0.391126,0,1,1
box_detour_wall_far,oi_face_rot_mppi,12512,256,16,0,0,1,1,1,127,0.236153,0.112644,14.2925,0,0.620895,0.592029,0.407206,51.7152,56.2843,520192,1.2784,1.3775,0,0.407631,0,1,1
box_detour_wall_far,oi_face_rot_mppi,12519,256,16,0,0,1,1,1,147,0.233499,0.026066,15.6884,0,0.621072,0.642437,0.395758,58.1764,63.7562,602112,1.2414,1.3823,0,0.396189,0,1,1
box_detour_wall_far,oi_face_rot_mppi,12526,256,16,0,0,1,1,1,144,0.235831,0.0311519,15.7491,0,0.60495,0.605571,0.342633,49.3391,54.3005,589824,1.238,1.3684,0,0.343102,0,1,1
box_detour_wall_far,oi_face_rot_mppi,12533,256,16,0,0,1,1,1,138,0.239331,0.0681692,14.664,0,0.682503,0.773509,0.396504,54.7176,60.5601,565248,1.2602,1.3724,0,0.396986,0,1,1
box_detour_wall_far,oi_face_rot_mppi,12540,256,16,0,0,1,1,1,135,0.228094,0.00265926,14.61,0,0.616558,0.617745,0.378077,51.0404,56.3343,552960,1.2601,1.3736,0,0.378486,0,1,1
box_detour_wall_far,oi_face_rot_mppi,12547,256,16,0,0,1,1,1,162,0.2349,0.0375159,19.8921,0,0.706385,0.792099,0.399532,64.7241,70.4262,663552,1.2515,1.3657,0,0.399957,0,1,1
box_detour_wall_far,oi_face_rot_mppi,12554,256,16,0,0,1,1,1,126,0.2311,0.0433378,14.8113,0,0.695367,0.840167,0.41512,52.3051,56.6303,516096,1.2815,1.3802,0,0.415546,0,1,1
box_detour_wall_far,oi_face_rot_mppi,12561,256,16,0,0,1,1,1,132,0.232134,0.0166473,15.1229,0,0.768622,1.00105,0.469606,61.988,65.6491,540672,1.286,1.3719,0,0.469958,0,1,1
box_detour_wall_far,oi_face_rot_mppi,12568,256,16,0,0,1,1,1,125,0.239552,0.10646,15.0794,0,0.728075,0.896452,0.420401,52.5501,55.3429,512000,1.2671,1.4035,0,0.420706,0,1,1
box_detour_wall_far,oi_face_rot_mppi,12575,256,16,0,0,1,1,1,140,0.237737,0.0196019,15.2186,0,0.64198,0.680322,0.43531,60.9434,64.0299,573440,1.3296,1.4039,0,0.435634,0,1,1
box_detour_wall_far,oi_face_rot_mppi,12582,256,16,0,0,1,1,1,133,0.249755,0.0205488,15.4607,0,0.701147,0.828535,0.391329,52.0468,54.9445,544768,1.3257,1.3872,0,0.391602,0,1,1
box_detour_wall_far,oi_face_rot_mppi,12589,256,16,0,0,1,1,1,145,0.24835,0.0143075,15.2715,0,0.725352,0.959,0.444487,64.4506,67.8692,593920,1.2883,1.3663,0,0.444808,0,1,1
box_detour_wall_far,oi_face_rot_mppi,12596,256,16,0,0,1,1,1,186,0.228462,0.00908972,21.7777,0,0.794217,1.02713,0.454938,84.6185,89.5095,761856,1.2924,1.3903,0,0.455245,0,1,1
box_detour_wall_far,oi_face_rot_mppi,12603,256,16,0,0,1,1,1,137,0.245682,0.00359122,15.2598,0,0.658384,0.704501,0.41198,56.4413,60.0867,561152,1.2662,1.3679,0,0.412288,0,1,1
box_detour_wall_far,oi_face_rot_mppi,12610,256,16,0,0,1,1,1,134,0.239609,0.0181813,14.9653,0,0.689408,0.772062,0.441793,59.2003,62.8155,548864,1.3222,1.4038,0,0.442061,0,1,1
box_detour_wall_far,oi_face_rot_mppi,12617,256,16,0,0,1,1,1,156,0.236079,0.0430017,15.6918,0,0.762163,1.00514,0.439126,68.5037,73.2131,638976,1.307,1.3953,0,0.439472,0,1,1
box_detour_wall_far,oi_face_rot_mppi,12624,256,16,0,0,1,1,1,147,0.245357,0.0132858,15.4624,0,0.733732,0.909775,0.375982,55.2693,58.9315,602112,1.2932,1.3634,0,0.376347,0,1,1
box_detour_wall_far,oi_face_rot_mppi,12631,256,16,0,0,1,1,1,146,0.243929,0.121414,16.2878,0,0.667766,0.710377,0.46179,67.4213,71.4099,598016,1.3195,1.4095,0,0.462114,0,1,1
box_detour_wall_far,oi_face_rot_mppi,12638,256,16,0,0,1,1,1,145,0.2301,0.0283803,16.1243,0,0.743486,1.01929,0.521464,75.6122,80.2089,593920,1.2714,1.4076,0,0.521786,0,1,1
box_detour_wall_far,oi_face_rot_mppi,12645,256,16,0,0,1,1,1,147,0.244047,0.00248209,18.1305,0,0.663287,0.755143,0.545071,80.1254,83.3376,602112,1.3453,1.3936,0,0.545367,0,1,1
box_detour_wall_far,oi_face_rot_mppi,12652,256,16,0,0,1,1,1,130,0.237872,0.0290462,14.8722,0,0.695469,0.788226,0.412294,53.5983,56.0941,532480,1.2773,1.3623,0,0.412569,0,1,1
box_detour_wall_far,oi_face_rot_mppi,12659,256,16,0,0,1,1,1,137,0.232754,0.0326137,15.4499,0,0.719576,0.884319,0.435639,59.6826,62.7399,561152,1.3086,1.3695,0,0.435959,0,1,1
box_detour_wall_far,oi_face_rot_near_mppi,12456,256,16,0,0,1,1,1,149,0.226811,0.0369569,16.6653,0,0.720376,0.953988,0.413057,61.5455,64.173,610304,1.3452,1.3975,0,0.413325,0,1,1
box_detour_wall_far,oi_face_rot_near_mppi,12463,256,16,0,0,1,1,1,154,0.230967,0.0393976,16.7984,0,0.75083,0.958793,0.360116,55.4578,59.0691,630784,1.2566,1.3971,0,0.360422,0,1,1
box_detour_wall_far,oi_face_rot_near_mppi,12470,256,16,0,0,1,1,1,141,0.246072,0.0815531,15.8609,0,0.867011,1.25992,0.334387,47.1485,49.7077,577536,1.2737,1.4093,0,0.334628,0,1,1
box_detour_wall_far,oi_face_rot_near_mppi,12477,256,16,0,0,1,1,1,149,0.246003,0.0661798,16.6286,0,0.914666,1.44803,0.514164,76.6104,80.0612,610304,1.3325,1.4486,0,0.514471,0,1,1
box_detour_wall_far,oi_face_rot_near_mppi,12484,256,16,0,0,1,1,1,127,0.233131,0.0674444,14.9902,0,0.646643,0.687604,0.381878,48.4985,50.6331,520192,1.2976,1.4559,0,0.382092,0,1,1
box_detour_wall_far,oi_face_rot_near_mppi,12491,256,16,0,0,1,1,1,138,0.240409,0.052115,15.0368,0,0.829404,1.4251,0.401793,55.4474,58.8325,565248,1.3303,1.3971,0,0.402032,0,1,1
box_detour_wall_far,oi_face_rot_near_mppi,12498,256,16,0,0,1,1,1,141,0.240189,0.0339815,15.4826,0,0.764357,0.964679,0.40634,57.2939,59.7532,577536,1.2784,1.3935,0,0.406594,0,1,1
box_detour_wall_far,oi_face_rot_near_mppi,12505,256,16,0,0,1,1,1,142,0.243836,0.0355784,16.1235,0,0.836009,1.28049,0.375156,53.2722,55.4235,581632,1.2705,1.3471,0,0.375399,0,1,1
box_detour_wall_far,oi_face_rot_near_mppi,12512,256,16,0,0,1,1,1,118,0.232872,0.0555909,14.5015,0,0.817893,1.24691,0.439152,51.8199,54.6608,483328,1.2878,1.3764,0,0.439514,0,1,1
box_detour_wall_far,oi_face_rot_near_mppi,12519,256,16,0,0,1,1,1,167,0.238608,0.0283854,16.5308,0,0.784807,1.15538,0.397694,66.4149,68.6332,684032,1.3215,1.3726,0,0.397887,0,1,1
box_detour_wall_far,oi_face_rot_near_mppi,12526,256,16,0,0,1,1,1,136,0.225698,0.0194657,16.226,0,0.66274,0.8435,0.409396,55.6779,57.7963,557056,1.3403,1.4063,0,0.409623,0,1,1
box_detour_wall_far,oi_face_rot_near_mppi,12533,256,16,0,0,1,1,1,140,0.240601,0.0574215,15.5297,0,0.905019,1.61323,0.293044,41.0262,44.2213,573440,1.2278,1.3523,0,0.293324,0,1,1
box_detour_wall_far,oi_face_rot_near_mppi,12540,256,16,0,0,1,1,1,145,0.248938,0.035682,15.3439,0,0.826897,1.51798,0.379748,55.0635,59.2135,593920,1.2505,1.353,0,0.38011,0,1,1
box_detour_wall_far,oi_face_rot_near_mppi,12547,256,16,0,0,1,1,1,154,0.243772,0.0285696,20.2196,0,0.789596,1.1842,0.469299,72.2721,76.3433,630784,1.2825,1.3884,0,0.469612,0,1,1
box_detour_wall_far,oi_face_rot_near_mppi,12554,256,16,0,0,1,1,1,123,0.240232,0.0706975,14.7655,0,0.677116,0.84309,0.424546,52.2191,55.173,503808,1.2989,1.3813,0,0.424881,0,1,1
box_detour_wall_far,oi_face_rot_near_mppi,12561,256,16,0,0,1,1,1,127,0.248819,0.0607251,15.1253,0,0.959859,1.59794,0.45735,58.0835,60.0841,520192,1.3254,1.4051,0,0.457594,0,1,1
box_detour_wall_far,oi_face_rot_near_mppi,12568,256,16,0,0,1,1,1,138,0.235174,0.0174819,15.308,0,0.784081,1.11854,0.417721,57.6455,60.8322,565248,1.3493,1.3974,0,0.417978,0,1,1
box_detour_wall_far,oi_face_rot_near_mppi,12575,256,16,0,0,1,1,1,142,0.247842,0.0986075,15.865,0,0.86778,1.42217,0.444035,63.0529,66.5465,581632,1.3183,1.3697,0,0.444411,0,1,1
box_detour_wall_far,oi_face_rot_near_mppi,12582,256,16,0,0,1,1,1,141,0.227763,0.0347705,15.9452,0,0.882656,1.36712,0.531711,74.9712,78.4331,577536,1.2669,1.3769,0,0.532,0,1,1
box_detour_wall_far,oi_face_rot_near_mppi,12589,256,16,0,0,1,1,1,152,0.239694,0.111773,16.1931,0,0.94291,1.78816,0.450366,68.4556,71.7377,622592,1.2718,1.3709,0,0.450676,0,1,1
box_detour_wall_far,oi_face_rot_near_mppi,12596,256,16,0,0,1,1,1,175,0.245401,0.0902934,21.9374,0,0.877716,1.29294,0.444742,77.8299,82.0551,716800,1.2412,1.395,0,0.445055,0,1,1
box_detour_wall_far,oi_face_rot_near_mppi,12603,256,16,0,0,1,1,1,133,0.224923,0.0270837,15.4911,0,0.721173,0.915947,0.396477,52.7314,55.4161,544768,1.2518,1.3815,0,0.396723,0,1,1
box_detour_wall_far,oi_face_rot_near_mppi,12610,256,16,0,0,1,1,1,132,0.230571,0.0303038,15.4539,0,0.783446,1.06189,0.419117,55.3235,59.0003,540672,1.2168,1.3388,0,0.419425,0,1,1
box_detour_wall_far,oi_face_rot_near_mppi,12617,256,16,0,0,1,1,1,108,0.238261,0.144574,14.7758,0,0.898749,1.47316,0.468264,50.5725,53.2866,442368,1.2746,1.3503,0,0.468594,0,1,1
box_detour_wall_far,oi_face_rot_near_mppi,12624,256,16,0,0,1,1,1,157,0.226366,0.0381969,16.0582,0,0.979021,1.65895,0.407354,63.9546,66.4115,643072,1.2451,1.3708,0,0.407564,0,1,1
box_detour_wall_far,oi_face_rot_near_mppi,12631,256,16,0,0,1,1,1,136,0.230406,0.0481353,16.3132,0,0.721748,0.911913,0.474271,64.5009,67.7519,557056,1.3224,1.3894,0,0.474549,0,1,1
box_detour_wall_far,oi_face_rot_near_mppi,12638,256,16,0,0,1,1,1,160,0.246722,0.00325096,16.3765,0,0.932631,1.72845,0.495864,79.3383,82.5915,655360,1.284,1.3698,0,0.496139,0,1,1
box_detour_wall_far,oi_face_rot_near_mppi,12645,256,16,0,0,1,1,1,170,0.235264,0.0621578,18.9306,0,0.882031,1.59528,0.439735,74.7549,77.1901,696320,1.2814,1.3877,0,0.439967,0,1,1
box_detour_wall_far,oi_face_rot_near_mppi,12652,256,16,0,0,1,1,1,135,0.227458,0.0385586,15.1837,0,0.851211,1.19545,0.469499,63.3823,66.7214,552960,1.3124,1.3759,0,0.469817,0,1,1
box_detour_wall_far,oi_face_rot_near_mppi,12659,256,16,0,0,1,1,1,129,0.2239,0.0393406,15.5154,0,0.808267,1.13058,0.426833,55.0614,57.5679,528384,1.2907,1.4056,0,0.427148,0,1,1
box_detour_wall_far,oi_face_rot_stall_mppi,12456,256,16,0,0,1,1,1,109,0.225515,0.00844427,14.7146,0,0.747716,0.973723,0.490177,53.4293,55.6434,446464,1.2788,1.3501,0,0.490537,0,1,1
box_detour_wall_far,oi_face_rot_stall_mppi,12463,256,16,0,0,1,1,1,184,0.243006,0.00298071,19.0667,0,0.962807,1.63812,0.418875,77.0731,81.4331,753664,1.2741,1.3864,0,0.41911,0,1,1
box_detour_wall_far,oi_face_rot_stall_mppi,12470,256,16,0,0,1,1,1,122,0.240273,0.0206582,15.1463,0,0.845597,1.22396,0.404151,49.3064,52.3921,499712,1.3104,1.3998,0,0.404502,0,1,1
box_detour_wall_far,oi_face_rot_stall_mppi,12477,256,16,0,0,1,1,1,108,0.242595,0.122352,14.5145,0,0.877028,1.38109,0.31862,34.411,36.6308,442368,1.2803,1.3493,0,0.318905,0,1,1
box_detour_wall_far,oi_face_rot_stall_mppi,12484,256,16,0,0,1,1,1,132,0.233509,0.000678613,15.4165,0,0.790538,1.11961,0.380159,50.181,52.492,540672,1.2606,1.4024,0,0.380433,0,1,1
box_detour_wall_far,oi_face_rot_stall_mppi,12491,256,16,0,0,1,1,1,105,0.237614,0.140995,13.5648,0,0.696834,0.790975,0.426897,44.8242,47.3243,430080,1.2769,1.3978,0,0.427194,0,1,1
box_detour_wall_far,oi_face_rot_stall_mppi,12498,256,16,0,0,1,1,1,145,0.233587,0.0608975,16.126,0,0.959131,1.68112,0.468121,67.8775,71.397,593920,1.279,1.3751,0,0.468449,0,1,1
box_detour_wall_far,oi_face_rot_stall_mppi,12505,256,16,0,0,1,1,1,165,0.237502,0.00142136,16.9599,0,0.97624,1.7946,0.439604,72.5346,76.5625,675840,1.264,1.4133,0,0.4399,0,1,1
box_detour_wall_far,oi_face_rot_stall_mppi,12512,256,16,0,0,1,1,1,106,0.242164,0.0425606,14.0323,0,0.70063,0.77711,0.400202,42.4214,46.095,434176,1.288,1.3873,0,0.400629,0,1,1
box_detour_wall_far,oi_face_rot_stall_mppi,12519,256,16,0,0,1,1,1,108,0.234056,0.0428287,14.0124,0,0.672055,0.844525,0.435157,46.997,49.581,442368,1.2732,1.3208,0,0.43558,0,1,1
box_detour_wall_far,oi_face_rot_stall_mppi,12526,256,16,0,0,1,1,1,116,0.245485,0.078439,15.5407,0,0.676076,0.855263,0.469796,54.4963,57.6644,475136,1.2951,1.3766,0,0.470155,0,1,1
box_detour_wall_far,oi_face_rot_stall_mppi,12533,256,16,0,0,1,1,1,168,0.222649,0.0121441,17.2422,0,1.01513,1.91225,0.482349,81.0346,85.3259,688128,1.3,1.3653,0,0.482663,0,1,1
box_detour_wall_far,oi_face_rot_stall_mppi,12540,256,16,0,0,1,1,1,141,0.230757,0.0300226,15.8419,0,0.850076,1.31386,0.406284,57.286,59.9077,577536,1.2722,1.3141,0,0.406613,0,1,1
box_detour_wall_far,oi_face_rot_stall_mppi,12547,256,16,0,0,1,1,1,193,0.249615,0.0323994,21.919,0,0.893793,1.48658,0.389799,75.2313,77.8383,790528,1.3062,1.4104,0,0.38996,0,1,1
box_detour_wall_far,oi_face_rot_stall_mppi,12554,256,16,0,0,1,1,1,142,0.246807,0.00285569,15.9427,0,0.954544,1.68284,0.424037,60.2133,62.9029,581632,1.2681,1.3805,0,0.424358,0,1,1
box_detour_wall_far,oi_face_rot_stall_mppi,12561,256,16,0,0,1,1,1,106,0.238424,0.0102973,14.2336,0,0.876891,1.33275,0.422002,44.7322,47.5804,434176,1.2929,1.3912,0,0.422402,0,1,1
box_detour_wall_far,oi_face_rot_stall_mppi,12568,256,16,0,0,1,1,1,148,0.249848,0.0647489,17.047,0,0.90283,1.44231,0.369539,54.6918,56.9735,606208,1.2834,1.3653,0,0.369799,0,1,1
box_detour_wall_far,oi_face_rot_stall_mppi,12575,256,16,0,0,1,1,1,108,0.238769,0.0617264,14.4031,0,0.732891,0.940556,0.494059,53.3584,56.2845,442368,1.3384,1.3931,0,0.494422,0,1,1
box_detour_wall_far,oi_face_rot_stall_mppi,12582,256,16,0,0,1,1,1,108,0.231558,0.0302168,14.475,0,0.766369,1.03174,0.481065,51.955,54.8937,442368,1.2774,1.4013,0,0.481444,0,1,1
box_detour_wall_far,oi_face_rot_stall_mppi,12589,256,16,0,0,1,1,1,111,0.226819,0.0895436,14.7463,0,0.803703,1.2284,0.396412,44.0017,45.5842,454656,1.3058,1.3787,0,0.396682,0,1,1
box_detour_wall_far,oi_face_rot_stall_mppi,12596,256,16,0,0,1,1,1,171,0.239618,0.0722676,22.4082,0,0.926672,1.4109,0.41943,71.7226,77.2093,700416,1.2443,1.4689,0,0.419708,0,1,1
box_detour_wall_far,oi_face_rot_stall_mppi,12603,256,16,0,0,1,1,1,124,0.231641,0.1192,15.3526,0,0.814588,1.16561,0.351975,43.6449,45.7757,507904,1.2691,1.326,0,0.352197,0,1,1
box_detour_wall_far,oi_face_rot_stall_mppi,12610,256,16,0,0,1,1,1,140,0.23914,0.071329,16.136,0,0.845268,1.30473,0.473949,66.3528,70.1849,573440,1.2588,1.3843,0,0.474252,0,1,1
box_detour_wall_far,oi_face_rot_stall_mppi,12617,256,16,0,0,1,1,1,107,0.245488,0.157392,14.609,0,0.838332,1.34383,0.486208,52.0243,54.7802,438272,1.3079,1.3647,0,0.48657,0,1,1
box_detour_wall_far,oi_face_rot_stall_mppi,12624,256,16,0,0,1,1,1,103,0.234999,0.0507142,13.6867,0,0.813053,1.15182,0.457791,47.1525,49.6425,421888,1.2968,1.3692,0,0.458275,0,1,1
box_detour_wall_far,oi_face_rot_stall_mppi,12631,256,16,0,0,1,1,1,159,0.245861,0.0179638,18.4697,0,0.891139,1.3968,0.397799,63.25,66.5964,651264,1.2312,1.3462,0,0.39812,0,1,1
box_detour_wall_far,oi_face_rot_stall_mppi,12638,256,16,0,0,1,1,1,106,0.246893,0.0249057,14.3774,0,0.836027,1.29233,0.385309,40.8427,43.1177,434176,1.3237,1.391,0,0.385589,0,1,1
box_detour_wall_far,oi_face_rot_stall_mppi,12645,256,16,0,0,1,1,1,150,0.247619,0.0615566,19.1789,0,0.788504,1.12637,0.414907,62.236,64.8405,614400,1.2799,1.3551,0,0.415177,0,1,1
box_detour_wall_far,oi_face_rot_stall_mppi,12652,256,16,0,0,1,1,1,105,0.247394,0.087533,14.07,0,0.789901,1.04401,0.508509,53.3935,56.1932,430080,1.2619,1.3703,0,0.508882,0,1,1
box_detour_wall_far,oi_face_rot_stall_mppi,12659,256,16,0,0,1,1,1,147,0.236262,0.0628843,17.2501,0,0.91613,1.46279,0.433875,63.7796,66.9777,602112,1.2845,1.4293,0,0.434146,0,1,1
box_detour_wall_left,oi_face_rot_mppi,12356,256,16,0,0,1,1,1,135,0.230022,0.0241451,11.3016,0,0.583186,0.53747,0.404305,54.5812,56.7412,552960,1.2899,1.3528,0,0.404555,0,1,1
box_detour_wall_left,oi_face_rot_mppi,12363,256,16,0,0,1,1,1,121,0.236894,0.0354519,10.6208,0,0.586809,0.516335,0.393874,47.6587,49.5585,495616,1.2898,1.3641,0,0.394168,0,1,1
box_detour_wall_left,oi_face_rot_mppi,12370,256,16,0,0,1,1,1,129,0.239125,0.0657177,11.1506,0,0.745411,0.911283,0.437469,56.4335,58.5342,528384,1.2885,1.4066,0,0.437677,0,1,1
box_detour_wall_left,oi_face_rot_mppi,12377,256,16,0,0,1,1,1,132,0.240472,0.0348644,11.7389,0,0.66439,0.781129,0.433945,57.2807,59.6245,540672,1.276,1.3443,0,0.434173,0,1,1
box_detour_wall_left,oi_face_rot_mppi,12384,256,16,0,0,1,1,1,138,0.240973,0.036193,12.201,0,0.722804,0.777344,0.404798,55.8621,58.0397,565248,1.3575,1.3955,0,0.405021,0,1,1
box_detour_wall_left,oi_face_rot_mppi,12391,256,16,0,0,1,1,1,130,0.248026,0.00370545,11.9986,0,0.695562,0.823791,0.453673,58.9775,63.9889,532480,1.2952,1.344,0,0.454044,0,1,1
box_detour_wall_left,oi_face_rot_mppi,12398,256,16,0,0,1,1,1,168,0.24983,0.0316863,15.6194,0,0.758609,0.927528,0.425223,71.4374,74.5454,688128,1.2862,1.3949,0,0.425485,0,1,1
box_detour_wall_left,oi_face_rot_mppi,12405,256,16,0,0,1,1,1,117,0.245634,0.0335584,10.1389,0,0.690457,0.769243,0.482215,56.4191,59.4255,479232,1.3286,1.3724,0,0.482534,0,1,1
box_detour_wall_left,oi_face_rot_mppi,12412,256,16,0,0,1,1,1,166,0.23553,0.0394366,15.6235,0,0.773266,1.10356,0.419977,69.7162,73.1301,679936,1.29,1.4015,0,0.420257,0,1,1
box_detour_wall_left,oi_face_rot_mppi,12419,256,16,0,0,1,1,1,116,0.2464,0.00228289,9.9869,0,0.536162,0.472505,0.394147,45.721,47.9508,475136,1.2634,1.4018,0,0.394443,0,1,1
box_detour_wall_left,oi_face_rot_mppi,12426,256,16,0,0,1,1,1,118,0.239011,0.0556123,10.4331,0,0.577893,0.502995,0.387138,45.6823,47.2837,483328,1.2818,1.3992,0,0.38736,0,1,1
box_detour_wall_left,oi_face_rot_mppi,12433,256,16,0,0,1,1,1,103,0.243872,0.0940699,10.0072,0,0.730385,0.842526,0.512935,52.8323,54.8741,421888,1.2953,1.3898,0,0.513215,0,1,1
box_detour_wall_left,oi_face_rot_mppi,12440,256,16,0,0,1,1,1,117,0.246343,0.0258813,11.4974,0,0.60264,0.544007,0.482477,56.4498,59.1491,479232,1.2727,1.3698,0,0.482792,0,1,1
box_detour_wall_left,oi_face_rot_mppi,12447,256,16,0,0,1,1,1,161,0.233118,0.00573705,12.3548,0,0.703649,0.770329,0.262996,42.3423,45.4325,659456,0.5512,1.3708,0,0.263229,0,1,1
box_detour_wall_left,oi_face_rot_mppi,12454,256,16,0,0,1,1,1,121,0.243968,0.010873,10.852,0,0.597667,0.590129,0.469876,56.855,59.9299,495616,1.3139,1.4437,0,0.470232,0,1,1
box_detour_wall_left,oi_face_rot_mppi,12461,256,16,0,0,1,1,1,124,0.231131,0.0487464,11.1842,0,0.554713,0.505927,0.377603,46.8228,48.8413,507904,1.2791,1.3696,0,0.377856,0,1,1
box_detour_wall_left,oi_face_rot_mppi,12468,256,16,0,0,1,1,1,132,0.23547,0.0169313,11.9058,0,0.672443,0.671078,0.521994,68.9032,71.9027,540672,1.3079,1.3952,0,0.522256,0,1,1
box_detour_wall_left,oi_face_rot_mppi,12475,256,16,0,0,1,1,1,128,0.231822,0.0328244,11.5985,0,0.695003,0.814903,0.413487,52.9263,55.5188,524288,1.2694,1.3671,0,0.41378,0,1,1
box_detour_wall_left,oi_face_rot_mppi,12482,256,16,0,0,1,1,1,160,0.240602,0.0362608,13.0017,0,0.651357,0.637715,0.412099,65.9359,69.8897,655360,1.2501,1.4006,0,0.412459,0,1,1
box_detour_wall_left,oi_face_rot_mppi,12489,256,16,0,0,1,1,1,132,0.246672,0.0231662,11.2392,0,0.649236,0.635925,0.404911,53.4483,57.0845,540672,1.2623,1.3983,0,0.405237,0,1,1
box_detour_wall_left,oi_face_rot_mppi,12496,256,16,0,0,1,1,1,122,0.240756,0.0350668,10.6059,0,0.632274,0.688101,0.43827,53.4689,56.0029,499712,1.2763,1.425,0,0.438558,0,1,1
box_detour_wall_left,oi_face_rot_mppi,12503,256,16,0,0,1,1,1,109,0.24448,0.0070026,9.60449,0,0.626184,0.660316,0.399939,43.5934,46.3684,446464,1.2503,1.3349,0,0.400305,0,1,1
box_detour_wall_left,oi_face_rot_mppi,12510,256,16,0,0,1,1,1,158,0.243517,0.0143928,14.4486,0,0.66801,0.702442,0.322913,51.0202,54.7325,647168,1.2396,1.4148,0,0.323248,0,1,1
box_detour_wall_left,oi_face_rot_mppi,12517,256,16,0,0,1,1,1,116,0.247052,0.0131699,10.0372,0,0.716135,0.818703,0.431657,50.0722,53.0629,475136,1.2819,1.3932,0,0.432091,0,1,1
box_detour_wall_left,oi_face_rot_mppi,12524,256,16,0,0,1,1,1,132,0.23435,0.0280756,11.6625,0,0.681907,0.734296,0.405277,53.4966,56.6505,540672,1.2833,1.3546,0,0.405582,0,1,1
box_detour_wall_left,oi_face_rot_mppi,12531,256,16,0,0,1,1,1,120,0.234318,0.000433183,10.7714,0,0.60164,0.618815,0.407371,48.8845,50.9102,491520,1.2686,1.4015,0,0.407607,0,1,1
box_detour_wall_left,oi_face_rot_mppi,12538,256,16,0,0,1,1,1,113,0.221715,0.138538,11.8752,0,0.553842,0.48939,0.383556,43.3418,46.268,462848,1.2598,1.3857,0,0.383863,0,1,1
box_detour_wall_left,oi_face_rot_mppi,12545,256,16,0,0,1,1,1,117,0.235183,0.0369924,9.9336,0,0.673156,0.746959,0.46221,54.0786,56.9821,479232,1.2992,1.3309,0,0.462554,0,1,1
box_detour_wall_left,oi_face_rot_mppi,12552,256,16,0,0,1,1,1,117,0.230657,0.00476588,10.0152,0,0.60264,0.57655,0.406525,47.5634,50.3625,479232,1.2614,1.3541,0,0.406885,0,1,1
box_detour_wall_left,oi_face_rot_mppi,12559,256,16,0,0,1,1,1,125,0.246532,0.0216613,11.0907,0,0.652103,0.713661,0.382173,47.7716,50.4199,512000,1.2596,1.377,0,0.382477,0,1,1
box_detour_wall_left,oi_face_rot_near_mppi,12356,256,16,0,0,1,1,1,122,0.225878,0.0682844,11.0452,0,0.698642,0.906534,0.336556,41.0598,43.2114,499712,1.1709,1.3518,0,0.336791,0,1,1
box_detour_wall_left,oi_face_rot_near_mppi,12363,256,16,0,0,1,1,1,106,0.240567,0.048222,10.2052,0,0.700694,0.820961,0.358508,38.0019,39.9628,434176,1.2611,1.3537,0,0.3588,0,1,1
box_detour_wall_left,oi_face_rot_near_mppi,12370,256,16,0,0,1,1,1,116,0.228535,0.0467556,10.8497,0,0.888825,1.43289,0.341884,39.6586,42.2928,475136,1.206,1.3599,0,0.342278,0,1,1
box_detour_wall_left,oi_face_rot_near_mppi,12377,256,16,0,0,1,1,1,117,0.239362,0.0219578,11.34,0,0.736102,1.05246,0.349167,40.8525,42.8357,479232,1.2549,1.3638,0,0.349395,0,1,1
box_detour_wall_left,oi_face_rot_near_mppi,12384,256,16,0,0,1,1,1,116,0.236935,0.0926599,11.7883,0,0.847237,1.12189,0.388165,45.0271,48.2661,475136,1.2506,1.3957,0,0.3885,0,1,1
box_detour_wall_left,oi_face_rot_near_mppi,12391,256,16,0,0,1,1,1,120,0.227452,0.0547222,11.7769,0,0.827387,1.28986,0.396973,47.6368,51.1244,491520,1.2363,1.3553,0,0.397309,0,1,1
box_detour_wall_left,oi_face_rot_near_mppi,12398,256,16,0,0,1,1,1,148,0.249533,0.0958702,15.3461,0,0.852134,1.21915,0.364951,54.0128,57.4322,606208,1.2243,1.2924,0,0.365227,0,1,1
box_detour_wall_left,oi_face_rot_near_mppi,12405,256,16,0,0,1,1,1,102,0.233895,0.139567,9.86599,0,0.826477,1.17727,0.389025,39.6805,41.1492,417792,1.2684,1.3821,0,0.389284,0,1,1
box_detour_wall_left,oi_face_rot_near_mppi,12412,256,16,0,0,1,1,1,155,0.230356,0.0736171,15.3769,0,0.900545,1.58548,0.39333,60.9662,63.7743,634880,1.2605,1.3833,0,0.393577,0,1,1
box_detour_wall_left,oi_face_rot_near_mppi,12419,256,16,0,0,1,1,1,108,0.234494,0.0788025,9.88325,0,0.719986,1.30211,0.390865,42.2134,44.2028,442368,1.2768,1.3818,0,0.391178,0,1,1
box_detour_wall_left,oi_face_rot_near_mppi,12426,256,16,0,0,1,1,1,107,0.227746,0.105527,10.1695,0,0.745293,1.11443,0.398344,42.6228,45.8058,438272,1.2712,1.3573,0,0.398744,0,1,1
box_detour_wall_left,oi_face_rot_near_mppi,12433,256,16,0,0,1,1,1,97,0.238692,0.0270261,9.84383,0,0.785359,1.12671,0.44676,43.3357,45.7443,397312,1.3328,1.3961,0,0.447138,0,1,1
box_detour_wall_left,oi_face_rot_near_mppi,12440,256,16,0,0,1,1,1,118,0.246402,0.0247373,11.6182,0,0.757843,1.1361,0.368442,43.4761,46.0527,483328,1.2786,1.3952,0,0.36886,0,1,1
box_detour_wall_left,oi_face_rot_near_mppi,12447,256,16,0,0,1,1,1,110,0.241662,0.00211842,11.32,0,0.724639,0.920267,0.46474,51.1214,53.0233,450560,1.2897,1.3693,0,0.465024,0,1,1
box_detour_wall_left,oi_face_rot_near_mppi,12454,256,16,0,0,1,1,1,108,0.22663,0.0188108,10.4959,0,0.702919,0.87576,0.360456,38.9292,40.7013,442368,1.2744,1.3755,0,0.360725,0,1,1
box_detour_wall_left,oi_face_rot_near_mppi,12461,256,16,0,0,1,1,1,118,0.237904,0.0825343,11.0574,0,0.826277,1.35489,0.425411,50.1985,52.307,483328,1.275,1.3887,0,0.425692,0,1,1
box_detour_wall_left,oi_face_rot_near_mppi,12468,256,16,0,0,1,1,1,114,0.234098,0.0952409,11.672,0,0.789116,1.0004,0.402522,45.8875,47.832,466944,1.334,1.3973,0,0.402848,0,1,1
box_detour_wall_left,oi_face_rot_near_mppi,12475,256,16,0,0,1,1,1,123,0.235944,0.0940615,11.5824,0,0.875508,1.35396,0.438518,53.9377,55.7612,503808,1.2791,1.362,0,0.438716,0,1,1
box_detour_wall_left,oi_face_rot_near_mppi,12482,256,16,0,0,1,1,1,151,0.229011,0.0355318,12.802,0,0.777005,1.03834,0.453077,68.4147,71.4788,618496,1.322,1.3845,0,0.453318,0,1,1
box_detour_wall_left,oi_face_rot_near_mppi,12489,256,16,0,0,1,1,1,119,0.243482,0.0129786,10.897,0,0.836368,1.19111,0.418839,49.8418,52.7409,487424,1.2813,1.3709,0,0.419118,0,1,1
box_detour_wall_left,oi_face_rot_near_mppi,12496,256,16,0,0,1,1,1,112,0.232912,0.0190862,10.6901,0,0.752881,1.10063,0.445155,49.8574,52.2629,458752,1.2988,1.3469,0,0.445463,0,1,1
box_detour_wall_left,oi_face_rot_near_mppi,12503,256,16,0,0,1,1,1,105,0.239887,0.0872381,9.58432,0,0.962133,2.16418,0.511906,53.7501,56.3749,430080,1.2768,1.3822,0,0.512212,0,1,1
box_detour_wall_left,oi_face_rot_near_mppi,12510,256,16,0,0,1,1,1,148,0.226464,0.0508859,14.3054,0,0.823201,1.34786,0.45803,67.7885,72.4059,606208,1.333,1.3823,0,0.458303,0,1,1
box_detour_wall_left,oi_face_rot_near_mppi,12517,256,16,0,0,1,1,1,114,0.24881,0.123355,9.90032,0,0.830488,1.30045,0.452983,51.6401,54.4403,466944,1.3174,1.4456,0,0.453343,0,1,1
box_detour_wall_left,oi_face_rot_near_mppi,12524,256,16,0,0,1,1,1,133,0.232952,0.0617649,11.8595,0,0.926489,1.62491,0.453862,60.3637,63.6812,544768,1.2838,1.3626,0,0.454101,0,1,1
box_detour_wall_left,oi_face_rot_near_mppi,12531,256,16,0,0,1,1,1,107,0.228608,0.015191,10.381,0,0.743486,1.12604,0.467249,49.9956,51.6789,438272,1.3025,1.3866,0,0.467537,0,1,1
box_detour_wall_left,oi_face_rot_near_mppi,12538,256,16,0,0,1,1,1,127,0.23249,0.0441769,12.0618,0,0.640956,0.772201,0.45985,58.4009,61.053,520192,1.2811,1.3946,0,0.460099,0,1,1
box_detour_wall_left,oi_face_rot_near_mppi,12545,256,16,0,0,1,1,1,113,0.246459,0.0296609,10.0609,0,0.858363,1.37135,0.447241,50.5382,53.764,462848,1.2724,1.3801,0,0.447629,0,1,1
box_detour_wall_left,oi_face_rot_near_mppi,12552,256,16,0,0,1,1,1,94,0.228254,0.050765,9.41606,0,0.683873,0.887884,0.413756,38.8931,42.321,385024,1.278,1.4517,0,0.414138,0,1,1
box_detour_wall_left,oi_face_rot_near_mppi,12559,256,16,0,0,1,1,1,111,0.247273,0.093466,10.7531,0,0.775245,1.0603,0.401059,44.5176,47.7593,454656,1.3053,1.393,0,0.401458,0,1,1
box_detour_wall_left,oi_face_rot_stall_mppi,12356,256,16,0,0,1,1,1,125,0.229693,0.0613108,11.7294,0,0.856462,1.47168,0.435967,54.4959,58.3144,512000,1.2777,1.393,0,0.436389,0,1,1
box_detour_wall_left,oi_face_rot_stall_mppi,12363,256,16,0,0,1,1,1,123,0.24001,0.065077,11.7107,0,0.747868,1.18047,0.383315,47.1477,50.6382,503808,1.3138,1.3724,0,0.383715,0,1,1
box_detour_wall_left,oi_face_rot_stall_mppi,12370,256,16,0,0,1,1,1,133,0.24986,0.0950829,12.5052,0,0.948357,1.69967,0.463338,61.624,65.927,544768,1.2718,1.3669,0,0.463696,0,1,1
box_detour_wall_left,oi_face_rot_stall_mppi,12377,256,16,0,0,1,1,1,141,0.236911,0.0652545,12.5288,0,0.954008,1.89294,0.392449,55.3354,59.0839,577536,1.2917,1.3995,0,0.392902,0,1,1
box_detour_wall_left,oi_face_rot_stall_mppi,12384,256,16,0,0,1,1,1,123,0.239371,0.0733609,11.5982,0,0.908215,1.62369,0.422057,51.913,54.883,503808,1.2942,1.3256,0,0.422374,0,1,1
box_detour_wall_left,oi_face_rot_stall_mppi,12391,256,16,0,0,1,1,1,147,0.233013,0.117967,14.1894,0,0.796436,1.16307,0.424302,62.3724,66.9838,602112,1.2871,1.3975,0,0.424672,0,1,1
box_detour_wall_left,oi_face_rot_stall_mppi,12398,256,16,0,0,0,1,0,420,1.19,0.118936,47.7323,0,2.46502,7.64242,0.420918,176.786,192.092,1720320,1.2521,1.3762,0,0.421146,0,1,0
box_detour_wall_left,oi_face_rot_stall_mppi,12405,256,16,0,0,1,1,1,110,0.227395,0.0568327,10.3195,0,0.854546,1.35075,0.437226,48.0948,51.0058,450560,1.286,1.3629,0,0.437638,0,1,1
box_detour_wall_left,oi_face_rot_stall_mppi,12412,256,16,0,0,0,1,0,420,1.19557,0.139393,48.2762,0,2.75059,9.24767,0.424926,178.469,188.777,1720320,1.28,1.376,0,0.425124,0,1,0
box_detour_wall_left,oi_face_rot_stall_mppi,12419,256,16,0,0,1,1,1,120,0.237193,0.0949993,11.1826,0,0.716302,1.14044,0.495354,59.4425,62.7215,491520,1.2778,1.3953,0,0.495723,0,1,1
box_detour_wall_left,oi_face_rot_stall_mppi,12426,256,16,0,0,1,1,1,110,0.236654,0.0984392,10.4056,0,0.803271,1.35735,0.473814,52.1195,55.0968,450560,1.3213,1.3683,0,0.474146,0,1,1
box_detour_wall_left,oi_face_rot_stall_mppi,12433,256,16,0,0,1,1,1,130,0.238672,0.0939151,11.9785,0,0.871375,1.53068,0.503765,65.4895,68.3663,532480,1.3257,1.386,0,0.504032,0,1,1
box_detour_wall_left,oi_face_rot_stall_mppi,12440,256,16,0,0,1,1,1,158,0.226962,0.043501,14.1915,0,0.884801,1.58077,0.460306,72.7284,75.2349,647168,1.3131,1.3727,0,0.460538,0,1,1
box_detour_wall_left,oi_face_rot_stall_mppi,12447,256,16,0,0,1,1,1,122,0.23377,0.0401006,11.8744,0,0.777973,1.05715,0.427594,52.1664,55.041,499712,1.2807,1.3526,0,0.427812,0,1,1
box_detour_wall_left,oi_face_rot_stall_mppi,12454,256,16,0,0,1,1,1,142,0.247896,0.0737066,12.424,0,0.921017,1.68475,0.518951,73.691,76.9836,581632,1.3014,1.3796,0,0.519249,0,1,1
box_detour_wall_left,oi_face_rot_stall_mppi,12461,256,16,0,0,1,1,1,140,0.236836,0.082129,12.5675,0,0.871907,1.59734,0.48227,67.5178,70.8819,573440,1.2971,1.3883,0,0.482553,0,1,1
box_detour_wall_left,oi_face_rot_stall_mppi,12468,256,16,0,0,1,1,1,128,0.234529,0.131648,12.5356,0,0.826604,1.36182,0.454904,58.2277,60.5364,524288,1.2909,1.5578,0,0.455174,0,1,1
box_detour_wall_left,oi_face_rot_stall_mppi,12475,256,16,0,0,1,1,1,179,0.242279,0.0339135,15.8125,0,0.86922,1.51556,0.42079,75.3214,80.6065,733184,1.2722,1.3584,0,0.421064,0,1,1
box_detour_wall_left,oi_face_rot_stall_mppi,12482,256,16,0,0,1,1,1,130,0.228983,0.0940904,11.494,0,0.853797,1.43891,0.417612,54.2896,57.0926,532480,1.3165,1.3559,0,0.417972,0,1,1
box_detour_wall_left,oi_face_rot_stall_mppi,12489,256,16,0,0,1,1,1,105,0.225278,0.0784746,10.0206,0,0.772133,1.14101,0.510992,53.6542,55.5556,430080,1.2839,1.3787,0,0.511236,0,1,1
box_detour_wall_left,oi_face_rot_stall_mppi,12496,256,16,0,0,1,1,1,165,0.227577,0.0327349,14.1408,0,0.862076,1.48927,0.357799,59.0369,62.1469,675840,1.2788,1.3932,0,0.358077,0,1,1
box_detour_wall_left,oi_face_rot_stall_mppi,12503,256,16,0,0,1,1,1,102,0.232908,0.0337071,9.63787,0,0.748595,1.14027,0.507535,51.7686,53.7499,417792,1.3103,1.3996,0,0.50783,0,1,1
box_detour_wall_left,oi_face_rot_stall_mppi,12510,256,16,0,0,0,1,0,420,1.18765,0.124269,47.4603,0,2.50138,7.9529,0.461802,193.957,203.592,1720320,1.2787,1.4101,0,0.461979,0,1,0
box_detour_wall_left,oi_face_rot_stall_mppi,12517,256,16,0,0,1,1,1,140,0.227388,0.0317051,11.8349,0,0.915842,1.50809,0.475014,66.502,70.2011,573440,1.3075,1.3749,0,0.475294,0,1,1
box_detour_wall_left,oi_face_rot_stall_mppi,12524,256,16,0,0,1,1,1,148,0.248203,0.0328859,12.9648,0,0.959167,1.58162,0.420082,62.1722,65.2536,606208,1.2955,1.388,0,0.420325,0,1,1
box_detour_wall_left,oi_face_rot_stall_mppi,12531,256,16,0,0,1,1,1,111,0.231923,0.0221018,10.6207,0,0.805012,1.35836,0.447069,49.6247,52.8761,454656,1.2925,1.3835,0,0.447419,0,1,1
box_detour_wall_left,oi_face_rot_stall_mppi,12538,256,16,0,0,1,1,1,142,0.229769,0.0339003,12.9384,0,0.716705,0.921945,0.433022,61.4891,63.844,581632,1.2811,1.3711,0,0.433256,0,1,1
box_detour_wall_left,oi_face_rot_stall_mppi,12545,256,16,0,0,1,1,1,161,0.233598,0.103796,13.2257,0,0.832738,1.34133,0.428312,68.9583,72.884,659456,1.3489,1.3916,0,0.42859,0,1,1
box_detour_wall_left,oi_face_rot_stall_mppi,12552,256,16,0,0,1,1,1,119,0.237736,0.0277552,11.1937,0,0.694968,0.956846,0.490683,58.3913,61.5335,487424,1.2978,1.3964,0,0.49106,0,1,1
box_detour_wall_left,oi_face_rot_stall_mppi,12559,256,16,0,0,1,1,1,119,0.244371,0.037441,11.0736,0,0.913532,1.5564,0.505435,60.1468,63.3103,487424,1.3148,1.3636,0,0.505771,0,1,1
box_open_turn,oi_face_rot_mppi,12556,256,16,0,0,0,1,0,420,1.15898,0.276941,46.6612,0,0.603208,0.578841,0.353359,148.411,157.901,1720320,1.2433,1.3289,0,0.353536,0,1,0
box_open_turn,oi_face_rot_mppi,12563,256,16,0,0,0,1,0,420,1.09371,0.280454,42.9197,0,0.625615,0.64985,0.338677,142.244,149.926,1720320,1.2432,1.3491,0,0.338809,0,1,0
box_open_turn,oi_face_rot_mppi,12570,256,16,0,0,0,1,0,420,1.30129,0.272354,56.9384,0,0.618006,0.621634,0.36656,153.955,162.099,1720320,1.2585,1.3438,0,0.366712,0,1,0
box_open_turn,oi_face_rot_mppi,12577,256,16,0,0,0,1,0,420,1.19858,0.295372,49.7415,0,0.591599,0.538697,0.38535,161.847,172.151,1720320,1.2384,1.3821,0,0.385534,0,1,0
box_open_turn,oi_face_rot_mppi,12584,256,16,0,0,1,1,1,151,0.247474,0.0993136,13.8649,0,0.736676,0.878026,0.366754,55.3798,58.8983,618496,1.3217,1.3428,0,0.367107,0,1,1
box_open_turn,oi_face_rot_mppi,12591,256,16,0,0,1,1,1,147,0.241617,0.00249237,14.164,0,0.895767,1.21335,0.397101,58.3738,62.1246,602112,1.2451,1.3847,0,0.397428,0,1,1
box_open_turn,oi_face_rot_mppi,12598,256,16,0,0,1,1,1,129,0.237523,0.0687959,14.636,0,0.853937,1.11842,0.435174,56.1375,59.2365,528384,1.3026,1.3554,0,0.435453,0,1,1
box_open_turn,oi_face_rot_mppi,12605,256,16,0,0,1,1,1,169,0.23715,0.128573,16.3739,0,0.926019,1.47188,0.374556,63.3,66.1139,692224,1.2549,1.3409,0,0.374756,0,1,1
box_open_turn,oi_face_rot_mppi,12612,256,16,0,0,1,1,1,133,0.220463,0.0219513,15.6367,0,0.909624,1.30248,0.314771,41.8645,43.9115,544768,1.2448,1.335,0,0.314975,0,1,1
box_open_turn,oi_face_rot_mppi,12619,256,16,0,0,1,1,1,111,0.231913,0.0608443,12.4275,0,0.810473,0.952522,0.466714,51.8052,54.7457,454656,1.2655,1.3358,0,0.46703,0,1,1
box_open_turn,oi_face_rot_mppi,12626,256,16,0,0,1,1,1,121,0.232501,0.0290595,12.1656,0,0.881846,1.14669,0.382958,46.3379,49.0306,495616,1.2348,1.3246,0,0.383273,0,1,1
box_open_turn,oi_face_rot_mppi,12633,256,16,0,0,0,1,0,420,1.11073,0.290122,43.4974,0,0.642608,0.650418,0.347779,146.067,153.054,1720320,1.2472,1.352,0,0.347922,0,1,0
box_open_turn,oi_face_rot_mppi,12640,256,16,0,0,1,1,1,125,0.238004,0.0357338,14.0643,0,0.924408,1.43452,0.390959,48.8698,52.3861,512000,1.3122,1.3354,0,0.391307,0,1,1
box_open_turn,oi_face_rot_mppi,12647,256,16,0,0,1,1,1,108,0.236044,0.0775409,10.2645,0,0.787644,0.964912,0.383153,41.3805,42.9869,442368,1.2501,1.3359,0,0.383375,0,1,1
box_open_turn,oi_face_rot_mppi,12654,256,16,0,0,1,1,1,138,0.249542,0.00842237,15.7501,0,0.890264,1.23701,0.370405,51.1159,55.1368,565248,1.2293,1.3495,0,0.370704,0,1,1
box_open_turn,oi_face_rot_mppi,12661,256,16,0,0,1,1,1,137,0.248085,0.0988027,15.5792,0,0.843465,1.02205,0.358794,49.1548,52.4284,561152,1.2552,1.3537,0,0.359109,0,1,1
box_open_turn,oi_face_rot_mppi,12668,256,16,0,0,1,1,1,127,0.24315,0.12624,14.4571,0,0.979461,1.5324,0.318844,40.4932,44.7161,520192,1.2072,1.3343,0,0.319189,0,1,1
box_open_turn,oi_face_rot_mppi,12675,256,16,0,0,1,1,1,140,0.220568,0.125929,13.844,0,0.763185,0.933372,0.413807,57.933,61.7435,573440,1.2441,1.3352,0,0.414134,0,1,1
box_open_turn,oi_face_rot_mppi,12682,256,16,0,0,1,1,1,148,0.241793,0.13186,14.0767,0,0.833079,1.1792,0.345247,51.0965,55.3521,606208,1.2327,1.3434,0,0.345603,0,1,1
box_open_turn,oi_face_rot_mppi,12689,256,16,0,0,1,1,1,127,0.221808,0.153393,14.5055,0,0.780931,0.91287,0.384552,48.8381,51.8284,520192,1.2415,1.3298,0,0.38489,0,1,1
box_open_turn,oi_face_rot_mppi,12696,256,16,0,0,1,1,1,131,0.248594,0.0947565,15.3687,0,0.735818,0.803301,0.348115,45.603,48.9163,536576,1.2372,1.3495,0,0.348442,0,1,1
box_open_turn,oi_face_rot_mppi,12703,256,16,0,0,1,1,1,135,0.234736,0.0453004,16.3038,0,0.75174,0.861362,0.339061,45.7732,49.3031,552960,1.301,1.3301,0,0.339413,0,1,1
box_open_turn,oi_face_rot_mppi,12710,256,16,0,0,1,1,1,137,0.249166,0.0634244,14.4394,0,0.911193,1.29824,0.404332,55.3934,59.1355,561152,1.2614,1.3165,0,0.404652,0,1,1
box_open_turn,oi_face_rot_mppi,12717,256,16,0,0,0,1,0,420,1.15296,0.27529,46.4957,0,0.632549,0.65855,0.381959,160.423,171.189,1720320,1.2457,1.8626,0,0.382155,0,1,0
box_open_turn,oi_face_rot_mppi,12724,256,16,0,0,1,1,1,103,0.238343,0.0859427,11.7003,0,0.734619,0.838087,0.247574,25.5001,27.6111,421888,1.0334,1.3162,0,0.247852,0,1,1
box_open_turn,oi_face_rot_mppi,12731,256,16,0,0,1,1,1,131,0.231525,0.0340924,14.7538,0,0.837353,1.12147,0.340559,44.6132,47.2515,536576,1.2483,1.3391,0,0.340886,0,1,1
box_open_turn,oi_face_rot_mppi,12738,256,16,0,0,1,1,1,104,0.246551,0.130046,11.4456,0,0.645168,0.639817,0.346011,35.9852,38.068,425984,1.2453,1.3183,0,0.346336,0,1,1
box_open_turn,oi_face_rot_mppi,12745,256,16,0,0,1,1,1,156,0.246237,0.168686,15.9416,0,0.776387,0.914762,0.371715,57.9875,61.4831,638976,1.2959,1.3475,0,0.372017,0,1,1
box_open_turn,oi_face_rot_mppi,12752,256,16,0,0,1,1,1,130,0.246037,0.0105208,16.6245,0,0.904892,1.32502,0.443579,57.6653,60.5549,532480,1.2739,1.339,0,0.443872,0,1,1
box_open_turn,oi_face_rot_mppi,12759,256,16,0,0,0,1,0,420,0.989562,0.304181,37.071,0,0.639805,0.607006,0.365366,153.454,162.27,1720320,1.2455,1.3501,0,0.365541,0,1,0
box_open_turn,oi_face_rot_near_mppi,12556,256,16,0,0,0,1,0,420,1.15898,0.276941,46.6612,0,0.603208,0.578841,0.336148,141.182,151.668,1720320,1.2309,1.2777,0,0.336329,0,1,0
box_open_turn,oi_face_rot_near_mppi,12563,256,16,0,0,0,1,0,420,1.09371,0.280454,42.9197,0,0.625615,0.64985,0.377237,158.44,169.63,1720320,1.223,1.2705,0,0.377405,0,1,0
box_open_turn,oi_face_rot_near_mppi,12570,256,16,0,0,0,1,0,420,1.30129,0.272354,56.9384,0,0.618006,0.621634,0.368603,154.813,165.151,1720320,1.231,1.2674,0,0.368807,0,1,0
box_open_turn,oi_face_rot_near_mppi,12577,256,16,0,0,0,1,0,420,1.19858,0.295372,49.7415,0,0.591599,0.538697,0.336803,141.457,151.053,1720320,1.2298,1.2703,0,0.336988,0,1,0
box_open_turn,oi_face_rot_near_mppi,12584,256,16,0,0,1,1,1,202,0.229634,0.0983402,15.4042,0,0.912155,1.65086,0.31279,63.1836,68.1686,827392,1.1552,1.2732,0,0.313051,0,1,1
box_open_turn,oi_face_rot_near_mppi,12591,256,16,0,0,1,1,1,194,0.237315,0.104223,14.8922,0,1.01631,1.84457,0.268684,52.1248,57.3737,794624,1.0488,1.2767,0,0.269785,0,1,1
box_open_turn,oi_face_rot_near_mppi,12598,256,16,0,0,1,1,1,216,0.241289,0.0893212,16.7809,0,0.912373,1.59792,0.29151,62.9661,68.2072,884736,1.0814,1.294,0,0.291763,0,1,1
box_open_turn,oi_face_rot_near_mppi,12605,256,16,0,0,1,1,1,220,0.247153,0.0846493,17.9723,0,0.964152,1.79034,0.35926,79.0372,85.404,901120,1.2148,1.252,0,0.359561,0,1,1
box_open_turn,oi_face_rot_near_mppi,12612,256,16,0,0,1,1,1,178,0.249036,0.0233511,16.7444,0,0.97762,1.70932,0.369383,65.7501,72.1297,729088,1.2058,1.2554,0,0.369699,0,1,1
box_open_turn,oi_face_rot_near_mppi,12619,256,16,0,0,1,1,1,132,0.249796,0.0837058,12.859,0,1.00112,1.73201,0.356425,47.0481,50.714,540672,1.2171,1.2534,0,0.356777,0,1,1
box_open_turn,oi_face_rot_near_mppi,12626,256,16,0,0,1,1,1,191,0.24442,0.0466344,13.9522,0,0.901369,1.49538,0.381674,72.8998,78.1481,782336,1.2262,1.2618,0,0.381964,0,1,1
box_open_turn,oi_face_rot_near_mppi,12633,256,16,0,0,0,1,0,420,1.11073,0.290122,43.4974,0,0.642608,0.650418,0.365476,153.5,159.964,1720320,1.2351,1.2761,0,0.365604,0,1,0
box_open_turn,oi_face_rot_near_mppi,12640,256,16,0,0,1,1,1,200,0.238206,0.0957467,15.2799,0,0.972004,1.83346,0.368689,73.7378,78.7752,819200,1.2368,1.2639,0,0.368949,0,1,1
box_open_turn,oi_face_rot_near_mppi,12647,256,16,0,0,1,1,1,115,0.24985,0.090892,10.0637,0,0.977956,1.65861,0.42719,49.1269,51.3335,471040,1.2375,1.2755,0,0.427525,0,1,1
box_open_turn,oi_face_rot_near_mppi,12654,256,16,0,0,1,1,1,214,0.243624,0.0515945,17.7233,0,0.913544,1.56517,0.314044,67.2054,72.1897,876544,1.2389,1.2684,0,0.314309,0,1,1
box_open_turn,oi_face_rot_near_mppi,12661,256,16,0,0,1,1,1,208,0.248221,0.0633883,17.3443,0,0.872781,1.39634,0.253546,52.7376,56.6045,851968,1.1479,1.2945,0,0.253805,0,1,1
box_open_turn,oi_face_rot_near_mppi,12668,256,16,0,0,1,1,1,199,0.241479,0.068243,16.1607,0,0.964028,1.75892,0.195297,38.8641,43.1867,815104,0.4134,1.2318,0,0.195488,0,1,1
box_open_turn,oi_face_rot_near_mppi,12675,256,16,0,0,1,1,1,210,0.248342,0.0931008,15.3365,0,0.899709,1.61779,0.309129,64.9171,69.2512,860160,1.1457,1.262,0,0.309312,0,1,1
box_open_turn,oi_face_rot_near_mppi,12682,256,16,0,0,1,1,1,207,0.233906,0.100387,15.2132,0,1.08352,2.28397,0.280959,58.1585,62.6574,847872,0.8803,1.2475,0,0.281192,0,1,1
box_open_turn,oi_face_rot_near_mppi,12689,256,16,0,0,1,1,1,195,0.231275,0.0987545,15.5746,0,0.880845,1.48184,0.302091,58.9077,63.9654,798720,0.9657,1.2557,0,0.302316,0,1,1
box_open_turn,oi_face_rot_near_mppi,12696,256,16,0,0,1,1,1,231,0.248865,0.102148,17.7555,0,0.862683,1.45886,0.276385,63.8449,69.7654,946176,0.9735,1.245,0,0.276642,0,1,1
box_open_turn,oi_face_rot_near_mppi,12703,256,16,0,0,1,1,1,246,0.242431,0.100199,19.0298,0,0.866986,1.48158,0.32685,80.4051,88.5444,1007616,1.2041,1.2508,0,0.327146,0,1,1
box_open_turn,oi_face_rot_near_mppi,12710,256,16,0,0,1,1,1,224,0.244209,0.0835486,16.4271,0,0.924555,1.64181,0.345929,77.4881,86.0137,917504,1.2212,1.9783,0,0.346248,0,1,1
box_open_turn,oi_face_rot_near_mppi,12717,256,16,0,0,0,1,0,420,1.15296,0.27529,46.4957,0,0.632549,0.65855,0.302529,127.062,143.235,1720320,1.2234,2.3701,0,0.302771,0,1,0
box_open_turn,oi_face_rot_near_mppi,12724,256,16,0,0,1,1,1,184,0.249564,0.0699024,13.6166,0,0.82659,1.40264,0.298092,54.8489,60.4339,753664,1.1955,1.707,0,0.298426,0,1,1
box_open_turn,oi_face_rot_near_mppi,12731,256,16,0,0,1,1,1,217,0.248985,0.0938051,16.6328,0,0.892265,1.54355,0.284436,61.7227,68.3824,888832,1.2162,1.4327,0,0.284774,0,1,1
box_open_turn,oi_face_rot_near_mppi,12738,256,16,0,0,1,1,1,199,0.225137,0.00649339,13.964,0,0.955967,1.95478,0.330721,65.8134,71.8667,815104,1.2306,1.2715,0,0.331008,0,1,1
box_open_turn,oi_face_rot_near_mppi,12745,256,16,0,0,1,1,1,207,0.238045,0.0813318,17.491,0,0.881734,1.46127,0.303729,62.8718,69.1835,847872,1.2105,1.2702,0,0.304022,0,1,1
box_open_turn,oi_face_rot_near_mppi,12752,256,16,0,0,1,1,1,244,0.240398,0.100508,19.3887,0,0.931718,1.68246,0.328172,80.074,87.6231,999424,1.2223,1.3465,0,0.328425,0,1,1
box_open_turn,oi_face_rot_near_mppi,12759,256,16,0,0,0,1,0,420,0.989562,0.304181,37.071,0,0.639805,0.607006,0.313464,131.655,145.441,1720320,1.1301,1.2795,0,0.313748,0,1,0
box_open_turn,oi_face_rot_stall_mppi,12556,256,16,0,0,1,1,1,250,0.241817,0.0793688,19.076,0,0.914139,1.58443,0.307952,76.9881,84.8263,1024000,1.205,1.272,0,0.308264,0,1,1
box_open_turn,oi_face_rot_stall_mppi,12563,256,16,0,0,1,1,1,286,0.241895,0.0446606,21.8734,0,1.05236,2.10528,0.298698,85.4275,93.6288,1171456,1.2011,1.2843,0,0.298987,0,1,1
box_open_turn,oi_face_rot_stall_mppi,12570,256,16,0,0,1,1,1,191,0.24835,0.105646,18.2566,0,1.09727,2.12423,0.286591,54.7389,60.559,782336,1.2129,1.2691,0,0.286944,0,1,1
box_open_turn,oi_face_rot_stall_mppi,12577,256,16,0,0,1,1,1,164,0.232501,0.0979781,15.6601,0,1.01431,1.94578,0.322629,52.9111,57.6762,671744,1.2048,1.2639,0,0.322974,0,1,1
box_open_turn,oi_face_rot_stall_mppi,12584,256,16,0,0,1,1,1,224,0.243973,0.0756813,17.0966,0,0.916897,1.66629,0.315941,70.7708,77.6045,917504,1.2193,1.3012,0,0.316238,0,1,1
box_open_turn,oi_face_rot_stall_mppi,12591,256,16,0,0,1,1,1,182,0.243422,0.0915842,14.8634,0,1.11814,2.1951,0.354053,64.4377,71.2259,745472,1.2191,1.2727,0,0.354382,0,1,1
box_open_turn,oi_face_rot_stall_mppi,12598,256,16,0,0,1,1,1,155,0.242982,0.0885133,15.1659,0,1.03299,1.86417,0.318878,49.4261,54.3127,634880,1.213,1.2642,0,0.31925,0,1,1
box_open_turn,oi_face_rot_stall_mppi,12605,256,16,0,0,1,1,1,162,0.237384,0.0753025,15.1814,0,1.18771,2.47532,0.357683,57.9446,63.0201,663552,1.2376,1.275,0,0.358012,0,1,1
box_open_turn,oi_face_rot_stall_mppi,12612,256,16,0,0,1,1,1,221,0.245755,0.0667895,18.558,0,0.964304,1.75987,0.315017,69.6187,76.418,905216,1.2279,1.2936,0,0.31528,0,1,1
box_open_turn,oi_face_rot_stall_mppi,12619,256,16,0,0,1,1,1,134,0.245321,0.0795711,12.9054,0,1.10047,2.11062,0.385484,51.6549,55.3052,548864,1.2482,1.2793,0,0.385791,0,1,1
box_open_turn,oi_face_rot_stall_mppi,12626,256,16,0,0,1,1,1,222,0.227995,0.0904231,15.7353,0,0.991089,1.86725,0.359527,79.815,85.8867,909312,1.2274,1.2738,0,0.359787,0,1,1
box_open_turn,oi_face_rot_stall_mppi,12633,256,16,0,0,1,1,1,167,0.244829,0.117409,15.1974,0,1.19479,2.53196,0.404632,67.5736,71.632,684032,1.2408,1.2626,0,0.404896,0,1,1
box_open_turn,oi_face_rot_stall_mppi,12640,256,16,0,0,1,1,1,134,0.249771,0.00764871,14.3335,0,1.13673,2.18846,0.348722,46.7287,49.6505,548864,1.2444,1.2739,0,0.348986,0,1,1
box_open_turn,oi_face_rot_stall_mppi,12647,256,16,0,0,1,1,1,117,0.241294,0.0986658,9.88047,0,0.985605,1.75394,0.383882,44.9142,48.2641,479232,1.2327,1.2529,0,0.384327,0,1,1
box_open_turn,oi_face_rot_stall_mppi,12654,256,16,0,0,1,1,1,161,0.239041,0.0754498,16.1915,0,1.08091,2.02085,0.359213,57.8333,62.4604,659456,1.2145,1.272,0,0.359527,0,1,1
box_open_turn,oi_face_rot_stall_mppi,12661,256,16,0,0,1,1,1,166,0.240895,0.0804805,16.3193,0,1.07696,2.03337,0.333298,55.3274,60.0114,679936,1.1941,1.2596,0,0.33361,0,1,1
box_open_turn,oi_face_rot_stall_mppi,12668,256,16,0,0,1,1,1,219,0.234947,0.0802702,17.5523,0,0.973327,1.81067,0.340617,74.5951,78.8251,897024,1.2321,1.2639,0,0.340887,0,1,1
box_open_turn,oi_face_rot_stall_mppi,12675,256,16,0,0,1,1,1,211,0.249129,0.0768726,15.7647,0,0.958615,1.8055,0.313352,66.1172,70.945,864256,1.2375,1.2696,0,0.313587,0,1,1
box_open_turn,oi_face_rot_stall_mppi,12682,256,16,0,0,1,1,1,189,0.242982,0.0183948,15.2903,0,0.975492,1.85619,0.310806,58.7423,62.2355,774144,1.2335,1.2616,0,0.31104,0,1,1
box_open_turn,oi_face_rot_stall_mppi,12689,256,16,0,0,1,1,1,197,0.242242,0.106011,15.7564,0,0.92592,1.63603,0.347647,68.4865,72.9713,806912,1.2352,1.268,0,0.347902,0,1,1
box_open_turn,oi_face_rot_stall_mppi,12696,256,16,0,0,1,1,1,266,0.240715,0.0697178,30.0951,0,0.969873,1.76637,0.340168,90.4846,95.0636,1089536,1.2399,1.2719,0,0.340371,0,1,1
box_open_turn,oi_face_rot_stall_mppi,12703,256,16,0,0,1,1,1,200,0.241825,0.0844254,17.3684,0,0.98848,1.85694,0.28152,56.304,59.991,819200,1.2328,1.2769,0,0.281729,0,1,1
box_open_turn,oi_face_rot_stall_mppi,12710,256,16,0,0,1,1,1,200,0.243381,0.0903577,15.4688,0,1.02281,1.91408,0.357047,71.4093,75.0548,819200,1.2407,1.2617,0,0.357249,0,1,1
box_open_turn,oi_face_rot_stall_mppi,12717,256,16,0,0,1,1,1,211,0.233412,0.0756369,17.255,0,1.05763,2.07529,0.395771,83.5076,86.9527,864256,1.2538,1.2702,0,0.395962,0,1,1
box_open_turn,oi_face_rot_stall_mppi,12724,256,16,0,0,1,1,1,165,0.237461,0.0725862,12.756,0,0.940306,1.79678,0.362785,59.8595,64.0983,675840,1.2329,1.2657,0,0.363072,0,1,1
box_open_turn,oi_face_rot_stall_mppi,12731,256,16,0,0,1,1,1,176,0.235829,0.0951355,15.5107,0,1.03611,2.01567,0.470221,82.7589,87.9773,720896,1.2346,1.2767,0,0.47047,0,1,1
box_open_turn,oi_face_rot_stall_mppi,12738,256,16,0,0,1,1,1,196,0.249952,0.0524507,15.6166,0,0.883314,1.66277,0.34633,67.8807,72.0632,802816,1.2267,1.2691,0,0.346553,0,1,1
box_open_turn,oi_face_rot_stall_mppi,12745,256,16,0,0,1,1,1,204,0.243609,0.0836846,17.0305,0,1.04256,2.02584,0.38383,78.3013,83.8018,835584,1.224,1.2521,0,0.384075,0,1,1
box_open_turn,oi_face_rot_stall_mppi,12752,256,16,0,0,1,1,1,238,0.243933,0.0817412,19.701,0,0.943699,1.76972,0.339706,80.8501,84.832,974848,1.243,1.2642,0,0.339909,0,1,1
box_open_turn,oi_face_rot_stall_mppi,12759,256,16,0,0,1,1,1,117,0.236009,0.00334567,10.4,0,0.951097,1.68312,0.379256,44.3729,45.7526,479232,1.2594,1.2647,0,0.379426,0,1,1
