scenario,planner,seed,k_samples,t_horizon,grad_steps,alpha,reached_goal,collision_free,success,steps,final_distance,min_goal_distance,cumulative_cost,collisions,mean_control_delta,control_roughness,avg_control_ms,total_control_ms,episode_ms,sample_budget,p95_control_ms,max_control_ms,control_deadline_ms,avg_control_slot_ms,deadline_misses,deadline_feasible,real_time_success
box_detour_open,oi_face_axis_mppi,9356,256,16,0,0,0,1,0,420,0.422847,0.655961,14.5483,0,0.596825,0.52425,0.452843,190.194,200.138,1720320,0.546,0.6614,0,0.453039,0,1,0
box_detour_open,oi_face_axis_mppi,9363,256,16,0,0,0,1,0,420,3.71666,0.865484,317.069,0,0.699727,0.892331,0.396905,166.7,181.154,1720320,0.5041,1.5097,0,0.397123,0,1,0
box_detour_open,oi_face_axis_mppi,9370,256,16,0,0,0,1,0,420,1.21827,0.762951,54.2902,0,0.728324,0.950846,0.410447,172.388,184.597,1720320,0.4396,1.0454,0,0.410688,0,1,0
box_detour_open,oi_face_axis_mppi,9377,256,16,0,0,1,1,1,305,0.242408,0.346564,55.9633,0,1.01831,1.53431,0.421295,128.495,138.479,1249280,0.5168,1.1179,0,0.421533,0,1,1
box_detour_open,oi_face_axis_mppi,9384,256,16,0,0,1,1,1,98,0.246586,0.2666,9.86911,0,0.843197,0.920448,0.417203,40.8859,43.6075,401408,0.447,0.7772,0,0.417672,0,1,1
box_detour_open,oi_face_axis_mppi,9391,256,16,0,0,0,1,0,420,0.315797,0.252619,8.05145,0,1.21242,1.94954,0.406612,170.777,181.103,1720320,0.4469,0.9916,0,0.406813,0,1,0
box_detour_open,oi_face_axis_mppi,9398,256,16,0,0,0,1,0,420,0.185393,0.501101,14.1053,0,1.08509,1.72311,0.409819,172.124,183.472,1720320,0.4361,0.7181,0,0.41002,0,1,0
box_detour_open,oi_face_axis_mppi,9405,256,16,0,0,0,1,0,420,1.72402,1.30522,98.2542,0,0.707612,0.876542,0.41379,173.792,182.2,1720320,0.4374,0.8003,0,0.413978,0,1,0
box_detour_open,oi_face_axis_mppi,9412,256,16,0,0,0,1,0,420,0.687129,0.885425,25.8504,0,0.611976,0.585428,0.40936,171.931,180.069,1720320,0.4291,0.514,0,0.409517,0,1,0
box_detour_open,oi_face_axis_mppi,9419,256,16,0,0,1,1,1,243,0.232883,0.331334,31.3207,0,0.929633,1.24805,0.414661,100.763,106.571,995328,0.4418,0.636,0,0.414904,0,1,1
box_detour_open,oi_face_axis_mppi,9426,256,16,0,0,0,1,0,420,0.372309,0.466372,10.2618,0,0.662309,0.649745,0.409062,171.806,181.217,1720320,0.4312,0.6996,0,0.409256,0,1,0
box_detour_open,oi_face_axis_mppi,9433,256,16,0,0,1,1,1,210,0.190335,0.274499,21.749,0,0.86858,1.18187,0.418076,87.7959,92.8488,860160,0.4311,0.7135,0,0.418311,0,1,1
box_detour_open,oi_face_axis_mppi,9440,256,16,0,0,0,1,0,420,0.306941,0.0051617,7.81867,0,0.738761,0.824029,0.410451,172.389,181.474,1720320,0.4325,0.74,0,0.410636,0,1,0
box_detour_open,oi_face_axis_mppi,9447,256,16,0,0,1,1,1,268,0.24722,0.00176047,39.0663,0,0.75902,0.916759,0.41581,111.437,118.495,1097728,0.455,0.9797,0,0.416096,0,1,1
box_detour_open,oi_face_axis_mppi,9454,256,16,0,0,0,1,0,420,2.50036,2.70554,197.452,0,0.75806,0.958932,0.412338,173.182,182.537,1720320,0.4355,0.6825,0,0.412538,0,1,0
box_detour_open,oi_face_axis_mppi,9461,256,16,0,0,0,1,0,420,0.518749,0.488878,15.3275,0,0.809655,0.935026,0.384994,161.697,170.47,1720320,0.4299,0.6149,0,0.385161,0,1,0
box_detour_open,oi_face_axis_mppi,9468,256,16,0,0,0,1,0,420,0.668581,0.605623,22.2247,0,0.604225,0.598121,0.411824,172.966,183.501,1720320,0.4305,0.5984,0,0.41202,0,1,0
box_detour_open,oi_face_axis_mppi,9475,256,16,0,0,0,1,0,420,1.82896,0.299232,100.143,0,0.679693,0.768101,0.42166,177.097,187.833,1720320,0.6031,0.7081,0,0.421866,0,1,0
box_detour_open,oi_face_axis_mppi,9482,256,16,0,0,1,1,1,278,0.239287,0.117984,28.8981,0,0.849901,1.05293,0.409313,113.789,121.594,1138688,0.4397,0.7024,0,0.409596,0,1,1
box_detour_open,oi_face_axis_mppi,9489,256,16,0,0,0,1,0,420,1.85347,0.541583,87.7443,0,0.664529,0.854356,0.427353,179.488,192.683,1720320,0.676,1.6499,0,0.427589,0,1,0
box_detour_open,oi_face_axis_mppi,9496,256,16,0,0,0,1,0,420,0.838611,1.38303,45.8788,0,0.807197,1.02861,0.410224,172.294,183.138,1720320,0.431,0.7232,0,0.410449,0,1,0
box_detour_open,oi_face_axis_mppi,9503,256,16,0,0,0,1,0,420,1.29139,0.453353,43.6987,0,0.754189,0.913031,0.410572,172.44,183.431,1720320,0.4267,1.0747,0,0.410778,0,1,0
box_detour_open,oi_face_axis_mppi,9510,256,16,0,0,1,1,1,61,0.189277,0.312732,3.98761,0,0.775625,0.850879,0.41408,25.2589,26.8666,249856,0.4233,0.4468,0,0.41449,0,1,1
box_detour_open,oi_face_axis_mppi,9517,256,16,0,0,0,1,0,420,1.61213,1.41528,97.0169,0,0.675372,0.760412,0.414554,174.113,184.521,1720320,0.4347,1.1062,0,0.41475,0,1,0
box_detour_open,oi_face_axis_mppi,9524,256,16,0,0,0,1,0,420,1.81217,1.39423,93.7197,0,0.714649,0.833385,0.414992,174.297,185.866,1720320,0.4503,0.686,0,0.4152,0,1,0
box_detour_open,oi_face_axis_mppi,9531,256,16,0,0,1,1,1,87,0.15137,0.282519,8.08954,0,0.771937,0.847466,0.400755,34.8657,37.1018,356352,0.4536,0.5423,0,0.401179,0,1,1
box_detour_open,oi_face_axis_mppi,9538,256,16,0,0,0,1,0,420,1.50248,1.22476,51.9755,0,0.971699,1.37257,0.424384,178.241,194.822,1720320,0.531,9.2088,0,0.424622,0,1,0
box_detour_open,oi_face_axis_mppi,9545,256,16,0,0,0,1,0,420,0.324399,0.478093,11.1027,0,0.981391,1.31565,0.405228,170.196,181.458,1720320,0.4265,0.5048,0,0.40544,0,1,0
box_detour_open,oi_face_axis_mppi,9552,256,16,0,0,1,1,1,302,0.243504,0.0607238,28.4894,0,0.845075,1.16233,0.413069,124.747,133.264,1236992,0.4227,0.5839,0,0.4133,0,1,1
box_detour_open,oi_face_axis_mppi,9559,256,16,0,0,0,1,0,420,0.542566,0.999047,24.3063,0,0.641454,0.568768,0.409444,171.966,183.568,1720320,0.4266,0.6599,0,0.409636,0,1,0
box_detour_open,oi_face_axis_safe_mppi,9356,256,16,0,0,0,1,0,420,0.46409,0.330183,12.0676,0,0.625265,0.584878,0.410612,172.457,182.667,1720320,0.4287,0.6705,0,0.410811,0,1,0
box_detour_open,oi_face_axis_safe_mppi,9363,256,16,0,0,1,1,1,82,0.0627569,0.342421,5.44068,0,0.612818,0.546283,0.417561,34.24,36.2524,335872,0.4266,0.466,0,0.417949,0,1,1
box_detour_open,oi_face_axis_safe_mppi,9370,256,16,0,0,1,1,1,153,0.0462812,0.330578,7.47731,0,0.656331,0.700565,0.405955,62.1111,66.5371,626688,0.4288,0.5967,0,0.406295,0,1,1
box_detour_open,oi_face_axis_safe_mppi,9377,256,16,0,0,0,1,0,420,0.414214,0.463164,12.4868,0,0.622599,0.586146,0.41049,172.406,183.853,1720320,0.4354,1.094,0,0.410701,0,1,0
box_detour_open,oi_face_axis_safe_mppi,9384,256,16,0,0,1,1,1,161,0.219228,0.32754,15.9184,0,0.818157,1.03736,0.413901,66.6381,71.0746,659456,0.4353,0.6118,0,0.414222,0,1,1
box_detour_open,oi_face_axis_safe_mppi,9391,256,16,0,0,0,1,0,420,0.310551,0.477896,10.1397,0,0.622228,0.557803,0.410968,172.607,183.731,1720320,0.4298,0.6288,0,0.411172,0,1,0
box_detour_open,oi_face_axis_safe_mppi,9398,256,16,0,0,1,1,1,174,0.15981,0.283146,9.95162,0,0.680939,0.720443,0.412118,71.7086,76.9578,712704,0.4294,0.4565,0,0.41243,0,1,1
box_detour_open,oi_face_axis_safe_mppi,9405,256,16,0,0,0,1,0,420,0.189261,0.373928,8.06847,0,0.636478,0.665796,0.408171,171.432,183.23,1720320,0.4286,0.5451,0,0.408367,0,1,0
box_detour_open,oi_face_axis_safe_mppi,9412,256,16,0,0,1,1,1,78,0.24694,0.235342,4.67282,0,0.611437,0.541893,0.414872,32.36,34.7095,319488,0.4291,0.5392,0,0.41536,0,1,1
box_detour_open,oi_face_axis_safe_mppi,9419,256,16,0,0,0,1,0,420,1.53409,1.31581,84.1159,0,0.960901,1.31177,0.404571,169.92,181.145,1720320,0.4249,0.7074,0,0.404777,0,1,0
box_detour_open,oi_face_axis_safe_mppi,9426,256,16,0,0,1,1,1,263,0.0391435,0.337184,8.70646,0,0.603535,0.634634,0.414872,109.111,115.439,1077248,0.437,0.903,0,0.41513,0,1,1
box_detour_open,oi_face_axis_safe_mppi,9433,256,16,0,0,0,1,0,420,0.305988,0.393895,10.4088,0,0.626364,0.600633,0.404378,169.839,179.811,1720320,0.427,0.5136,0,0.404564,0,1,0
box_detour_open,oi_face_axis_safe_mppi,9440,256,16,0,0,1,1,1,116,0.13232,0.310406,5.94009,0,0.621885,0.681474,0.418822,48.5833,51.0984,475136,0.4272,0.6268,0,0.41914,0,1,1
box_detour_open,oi_face_axis_safe_mppi,9447,256,16,0,0,1,1,1,259,0.216653,0.317122,13.1756,0,0.625495,0.649756,0.410674,106.365,112.865,1060864,0.429,0.5074,0,0.410928,0,1,1
box_detour_open,oi_face_axis_safe_mppi,9454,256,16,0,0,1,1,1,165,0.223175,0.152675,12.5822,0,0.758572,0.940775,0.418086,68.9842,72.8362,675840,0.4278,0.5647,0,0.418425,0,1,1
box_detour_open,oi_face_axis_safe_mppi,9461,256,16,0,0,0,1,0,420,0.514979,0.48113,15.1668,0,0.598905,0.560281,0.411652,172.894,183.573,1720320,0.43,0.6322,0,0.41184,0,1,0
box_detour_open,oi_face_axis_safe_mppi,9468,256,16,0,0,0,1,0,420,0.525638,0.267951,15.1589,0,0.636232,0.596221,0.409593,172.029,181.933,1720320,0.4285,1.4151,0,0.409801,0,1,0
box_detour_open,oi_face_axis_safe_mppi,9475,256,16,0,0,1,1,1,148,0.0399937,0.329277,15.3612,0,0.758758,0.874208,0.409208,60.5627,63.7095,606208,0.4304,0.5087,0,0.409509,0,1,1
box_detour_open,oi_face_axis_safe_mppi,9482,256,16,0,0,0,1,0,420,0.282939,0.212905,11.8592,0,0.640165,0.619822,0.407984,171.353,180.429,1720320,0.4278,0.5277,0,0.408172,0,1,0
box_detour_open,oi_face_axis_safe_mppi,9489,256,16,0,0,1,1,1,121,0.195349,0.330283,6.37474,0,0.616331,0.625895,0.406902,49.2352,52.4108,495616,0.4363,0.6579,0,0.407281,0,1,1
box_detour_open,oi_face_axis_safe_mppi,9496,256,16,0,0,0,1,0,420,0.199988,0.492906,8.07681,0,0.603297,0.559444,0.410625,172.463,182.214,1720320,0.4271,0.4939,0,0.410815,0,1,0
box_detour_open,oi_face_axis_safe_mppi,9503,256,16,0,0,0,1,0,420,0.521201,0.535,17.8316,0,0.582975,0.524131,0.405005,170.102,179.534,1720320,0.4249,0.5551,0,0.405198,0,1,0
box_detour_open,oi_face_axis_safe_mppi,9510,256,16,0,0,1,1,1,203,0.112658,0.286299,8.38239,0,0.633362,0.601728,0.404579,82.1295,86.4609,831488,0.4298,0.5128,0,0.404843,0,1,1
box_detour_open,oi_face_axis_safe_mppi,9517,256,16,0,0,0,1,0,420,0.190309,0.412137,33.8856,0,0.862789,1.21189,0.409306,171.909,181.124,1720320,0.4308,0.7138,0,0.409502,0,1,0
box_detour_open,oi_face_axis_safe_mppi,9524,256,16,0,0,1,1,1,87,0.22784,0.305457,5.97008,0,0.635015,0.634508,0.402992,35.0603,36.7297,356352,0.4305,0.4744,0,0.403338,0,1,1
box_detour_open,oi_face_axis_safe_mppi,9531,256,16,0,0,1,1,1,127,0.103614,0.345995,9.70222,0,0.742499,0.847567,0.421241,53.4976,57.3356,520192,0.5291,0.729,0,0.4216,0,1,1
box_detour_open,oi_face_axis_safe_mppi,9538,256,16,0,0,0,1,0,420,0.219092,0.488281,10.2098,0,0.599698,0.566278,0.402063,168.866,179.112,1720320,0.426,0.6333,0,0.402277,0,1,0
box_detour_open,oi_face_axis_safe_mppi,9545,256,16,0,0,0,1,0,420,0.365514,0.527268,11.5927,0,0.593505,0.544629,0.405041,170.117,181.644,1720320,0.4268,0.6003,0,0.405223,0,1,0
box_detour_open,oi_face_axis_safe_mppi,9552,256,16,0,0,1,1,1,114,0.153265,0.300282,7.79381,0,0.753932,0.900507,0.398623,45.443,48.3488,466944,0.4287,0.5116,0,0.399018,0,1,1
box_detour_open,oi_face_axis_safe_mppi,9559,256,16,0,0,1,1,1,86,0.249719,0.0728988,6.88572,0,0.718405,0.706052,0.400878,34.4755,36.4536,352256,0.4249,0.4993,0,0.401255,0,1,1
box_detour_open,oi_face_track_mppi,9356,256,16,0,0,1,1,1,58,0.243843,0.233897,4.82897,0,0.725642,0.818641,0.419897,24.354,25.324,237568,0.4276,0.4415,0,0.42021,0,1,1
box_detour_open,oi_face_track_mppi,9363,256,16,0,0,1,1,1,46,0.241347,0.318205,4.62043,0,0.699271,0.73594,0.380493,17.5027,18.6622,188416,0.4217,0.501,0,0.380998,0,1,1
box_detour_open,oi_face_track_mppi,9370,256,16,0,0,1,1,1,352,0.210201,0.159577,40.8255,0,0.919194,1.24767,0.406183,142.976,151.733,1441792,0.439,0.8347,0,0.406423,0,1,1
box_detour_open,oi_face_track_mppi,9377,256,16,0,0,1,1,1,154,0.186461,0.324515,6.06898,0,0.552985,0.482635,0.405022,62.3733,65.8236,630784,0.4267,0.6243,0,0.405336,0,1,1
box_detour_open,oi_face_track_mppi,9384,256,16,0,0,1,1,1,217,0.242984,0.145551,19.2095,0,0.775124,0.901477,0.459985,99.8168,108.06,888832,0.6278,7.2828,0,0.460675,0,1,1
box_detour_open,oi_face_track_mppi,9391,256,16,0,0,1,1,1,47,0.226685,0.148908,4.92741,0,0.721666,0.69664,0.411738,19.3517,20.7285,192512,0.4396,0.6191,0,0.412389,0,1,1
box_detour_open,oi_face_track_mppi,9398,256,16,0,0,1,1,1,218,0.244377,0.30865,17.9664,0,0.856304,1.22452,0.407448,88.8237,95.1265,892928,0.4403,0.8735,0,0.407756,0,1,1
box_detour_open,oi_face_track_mppi,9405,256,16,0,0,1,1,1,104,0.227138,0.224813,5.5441,0,0.567735,0.493149,0.403877,42.0032,45.0488,425984,0.4431,0.9243,0,0.4043,0,1,1
box_detour_open,oi_face_track_mppi,9412,256,16,0,0,1,1,1,91,0.101415,0.333627,5.48122,0,0.609003,0.647869,0.393241,35.7849,38.3865,372736,0.4403,0.6548,0,0.39365,0,1,1
box_detour_open,oi_face_track_mppi,9419,256,16,0,0,1,1,1,123,0.0751395,0.329712,6.64688,0,0.589572,0.536324,0.385859,47.4607,50.8348,503808,0.4221,0.448,0,0.38625,0,1,1
box_detour_open,oi_face_track_mppi,9426,256,16,0,0,1,1,1,76,0.243923,0.252458,5.66699,0,0.671305,0.760999,0.39598,30.0945,32.52,311296,0.4894,1.0224,0,0.396593,0,1,1
box_detour_open,oi_face_track_mppi,9433,256,16,0,0,1,1,1,45,0.248936,0.0221635,3.54815,0,0.638514,0.717523,0.413553,18.6099,19.8404,184320,0.4254,0.4559,0,0.414211,0,1,1
box_detour_open,oi_face_track_mppi,9440,256,16,0,0,1,1,1,47,0.235641,0.196302,4.48203,0,0.719211,0.739082,0.400453,18.8213,19.9767,192512,0.4287,0.4401,0,0.400989,0,1,1
box_detour_open,oi_face_track_mppi,9447,256,16,0,0,1,1,1,129,0.166884,0.33632,6.54153,0,0.612194,0.578137,0.392792,50.6702,53.9651,528384,0.4233,0.4979,0,0.393134,0,1,1
box_detour_open,oi_face_track_mppi,9454,256,16,0,0,0,1,0,420,0.415219,0.227436,17.5293,0,0.671722,0.722429,0.405183,170.177,181.141,1720320,0.4279,0.8397,0,0.405396,0,1,0
box_detour_open,oi_face_track_mppi,9461,256,16,0,0,1,1,1,109,0.0964368,0.345384,5.83653,0,0.536756,0.431568,0.400905,43.6986,46.5994,446464,0.4224,0.4754,0,0.401338,0,1,1
box_detour_open,oi_face_track_mppi,9468,256,16,0,0,0,1,0,420,0.771278,1.05199,32.4316,0,0.715049,0.746837,0.377851,158.698,170.052,1720320,0.4307,0.7642,0,0.378085,0,1,0
box_detour_open,oi_face_track_mppi,9475,256,16,0,0,1,1,1,136,0.244146,0.346274,5.91281,0,0.652211,0.64023,0.409758,55.7271,59.2075,557056,0.4239,0.439,0,0.41011,0,1,1
box_detour_open,oi_face_track_mppi,9482,256,16,0,0,1,1,1,46,0.229874,0.149457,4.56032,0,0.599483,0.511471,0.409061,18.8168,20.2246,188416,0.422,0.4436,0,0.409765,0,1,1
box_detour_open,oi_face_track_mppi,9489,256,16,0,0,1,1,1,107,0.234992,0.312856,5.75141,0,0.598099,0.57867,0.413888,44.286,48.8909,438272,0.4224,1.4218,0,0.414331,0,1,1
box_detour_open,oi_face_track_mppi,9496,256,16,0,0,1,1,1,46,0.247664,0.298859,4.34864,0,0.684243,0.62639,0.365783,16.826,17.9115,188416,0.4286,0.4428,0,0.366313,0,1,1
box_detour_open,oi_face_track_mppi,9503,256,16,0,0,0,1,0,420,0.475296,0.00486369,11.5203,0,0.624077,0.564155,0.37162,156.08,168.038,1720320,0.4228,0.5028,0,0.371853,0,1,0
box_detour_open,oi_face_track_mppi,9510,256,16,0,0,0,1,0,420,0.930792,2.03841,36.3105,0,0.731439,0.821766,0.404597,169.931,180.733,1720320,0.4246,0.5027,0,0.404795,0,1,0
box_detour_open,oi_face_track_mppi,9517,256,16,0,0,1,1,1,45,0.241238,0.212653,4.59084,0,0.755278,0.870196,0.412304,18.5537,19.6896,184320,0.4245,0.4406,0,0.412893,0,1,1
box_detour_open,oi_face_track_mppi,9524,256,16,0,0,1,1,1,83,0.233977,0.263741,4.93569,0,0.595856,0.597659,0.406543,33.7431,36.601,339968,0.5338,0.8096,0,0.407024,0,1,1
box_detour_open,oi_face_track_mppi,9531,256,16,0,0,1,1,1,320,0.213059,0.0356857,38.0808,0,0.826478,1.13677,0.400683,128.219,137.013,1310720,0.4295,0.6991,0,0.400982,0,1,1
box_detour_open,oi_face_track_mppi,9538,256,16,0,0,0,1,0,420,0.341067,0.487109,11.8665,0,0.661256,0.657279,0.397636,167.007,178.563,1720320,0.4236,0.7486,0,0.397871,0,1,0
box_detour_open,oi_face_track_mppi,9545,256,16,0,0,1,1,1,85,0.151266,0.320009,5.25405,0,0.614811,0.558355,0.414062,35.1953,37.5481,348160,0.4454,0.6542,0,0.414534,0,1,1
box_detour_open,oi_face_track_mppi,9552,256,16,0,0,1,1,1,87,0.211511,0.316788,5.54219,0,0.644666,0.658598,0.399841,34.7862,36.6265,356352,0.4285,0.4936,0,0.400207,0,1,1
box_detour_open,oi_face_track_mppi,9559,256,16,0,0,1,1,1,115,0.123871,0.344241,6.99607,0,0.641006,0.6257,0.412469,47.4339,49.9697,471040,0.4265,0.4468,0,0.412818,0,1,1
box_detour_open,oi_face_track_safe_mppi,9356,256,16,0,0,1,1,1,58,0.247681,0.256453,4.83478,0,0.746107,0.887254,0.398481,23.1119,24.4273,237568,0.4233,0.4988,0,0.399257,0,1,1
box_detour_open,oi_face_track_safe_mppi,9363,256,16,0,0,1,1,1,46,0.241347,0.318205,4.62043,0,0.699271,0.73594,0.387639,17.8314,18.758,188416,0.4394,0.5088,0,0.38812,0,1,1
box_detour_open,oi_face_track_safe_mppi,9370,256,16,0,0,1,1,1,88,0.225977,0.000952074,5.33003,0,0.824185,0.960901,0.411422,36.2051,38.3893,360448,0.4239,0.4438,0,0.411821,0,1,1
box_detour_open,oi_face_track_safe_mppi,9377,256,16,0,0,1,1,1,64,0.209134,0.164181,4.69548,0,0.710884,0.712048,0.392508,25.1205,26.9368,262144,0.4385,0.4971,0,0.393067,0,1,1
box_detour_open,oi_face_track_safe_mppi,9384,256,16,0,0,1,1,1,123,0.207317,0.0615219,5.85078,0,0.621963,0.63655,0.411738,50.6438,53.7121,503808,0.4276,0.4951,0,0.412129,0,1,1
box_detour_open,oi_face_track_safe_mppi,9391,256,16,0,0,1,1,1,47,0.226685,0.148908,4.92741,0,0.721666,0.69664,0.383906,18.0436,19.3762,192512,0.4341,0.5061,0,0.384877,0,1,1
box_detour_open,oi_face_track_safe_mppi,9398,256,16,0,0,1,1,1,172,0.200873,0.321583,8.56637,0,0.664244,0.68598,0.400264,68.8455,73.1881,704512,0.4219,0.5702,0,0.400567,0,1,1
box_detour_open,oi_face_track_safe_mppi,9405,256,16,0,0,1,1,1,108,0.231317,0.166716,5.58584,0,0.575208,0.497607,0.400723,43.2781,46.5879,442368,0.4427,0.8522,0,0.401161,0,1,1
box_detour_open,oi_face_track_safe_mppi,9412,256,16,0,0,1,1,1,93,0.101375,0.33696,5.49747,0,0.611321,0.637811,0.425879,39.6068,42.3775,380928,0.6482,0.7047,0,0.426355,0,1,1
box_detour_open,oi_face_track_safe_mppi,9419,256,16,0,0,1,1,1,75,0.246493,0.186061,5.71115,0,0.684568,0.672051,0.422644,31.6983,33.9989,307200,0.5836,0.7376,0,0.423209,0,1,1
box_detour_open,oi_face_track_safe_mppi,9426,256,16,0,0,1,1,1,72,0.227332,0.227785,5.70926,0,0.679925,0.722343,0.412628,29.7092,31.5166,294912,0.4345,0.4447,0,0.413178,0,1,1
box_detour_open,oi_face_track_safe_mppi,9433,256,16,0,0,1,1,1,45,0.248936,0.0221635,3.54811,0,0.637744,0.717096,0.384922,17.3215,18.8117,184320,0.4258,0.4877,0,0.385576,0,1,1
box_detour_open,oi_face_track_safe_mppi,9440,256,16,0,0,1,1,1,47,0.235641,0.196302,4.48203,0,0.719211,0.739082,0.411855,19.3572,20.6055,192512,0.4249,0.4399,0,0.412404,0,1,1
box_detour_open,oi_face_track_safe_mppi,9447,256,16,0,0,1,1,1,90,0.165901,0.325331,6.36372,0,0.622814,0.603616,0.407808,36.7027,39.3019,368640,0.423,0.6176,0,0.408255,0,1,1
box_detour_open,oi_face_track_safe_mppi,9454,256,16,0,0,1,1,1,125,0.205082,0.0243233,5.43013,0,0.699622,0.804818,0.424441,53.0551,57.9604,512000,0.6173,0.7558,0,0.424834,0,1,1
box_detour_open,oi_face_track_safe_mppi,9461,256,16,0,0,1,1,1,91,0.192602,0.314061,5.53952,0,0.631586,0.721564,0.411371,37.4348,39.7644,372736,0.4376,0.4519,0,0.411754,0,1,1
box_detour_open,oi_face_track_safe_mppi,9468,256,16,0,0,1,1,1,94,0.114945,0.301292,6.49436,0,0.654058,0.644702,0.403145,37.8956,40.3382,385024,0.4285,0.7164,0,0.403555,0,1,1
box_detour_open,oi_face_track_safe_mppi,9475,256,16,0,0,1,1,1,61,0.210393,0.122983,5.07545,0,0.645393,0.652212,0.413144,25.2018,27.0042,249856,0.4333,0.619,0,0.413682,0,1,1
box_detour_open,oi_face_track_safe_mppi,9482,256,16,0,0,1,1,1,46,0.229874,0.149457,4.56032,0,0.599483,0.511471,0.410341,18.8757,20.0987,188416,0.4206,0.4394,0,0.410874,0,1,1
box_detour_open,oi_face_track_safe_mppi,9489,256,16,0,0,1,1,1,73,0.215816,0.0243638,5.41985,0,0.638654,0.635261,0.724155,52.8633,55.2084,299008,1.1525,1.1578,0,0.724682,0,1,1
box_detour_open,oi_face_track_safe_mppi,9496,256,16,0,0,1,1,1,46,0.247664,0.298859,4.34864,0,0.684243,0.62639,0.831633,38.2551,39.9072,188416,1.1566,1.1601,0,0.832243,0,1,1
box_detour_open,oi_face_track_safe_mppi,9503,256,16,0,0,1,1,1,118,0.235188,0.123423,5.6645,0,0.62505,0.628055,0.842781,99.4482,103.196,483328,1.1622,1.5591,0,0.843186,0,1,1
box_detour_open,oi_face_track_safe_mppi,9510,256,16,0,0,1,1,1,98,0.248342,0.219255,5.21346,0,0.689487,0.707009,0.835153,81.845,85.0527,401408,1.1559,1.1661,0,0.835587,0,1,1
box_detour_open,oi_face_track_safe_mppi,9517,256,16,0,0,1,1,1,50,0.244718,0.134849,4.59293,0,0.746243,0.883049,0.839018,41.9509,43.6115,204800,1.1609,1.1623,0,0.839658,0,1,1
box_detour_open,oi_face_track_safe_mppi,9524,256,16,0,0,1,1,1,83,0.235155,0.331736,4.93807,0,0.62594,0.704449,0.823201,68.3257,71.8376,339968,1.1529,1.1946,0,0.823773,0,1,1
box_detour_open,oi_face_track_safe_mppi,9531,256,16,0,0,1,1,1,63,0.184895,0.344744,4.31978,0,0.627811,0.542325,0.841013,52.9838,55.9059,258048,1.1718,1.1905,0,0.841627,0,1,1
box_detour_open,oi_face_track_safe_mppi,9538,256,16,0,0,1,1,1,110,0.244486,0.214347,5.50621,0,0.56204,0.48889,0.839762,92.3738,97.0958,450560,1.1546,1.4482,0,0.840284,0,1,1
box_detour_open,oi_face_track_safe_mppi,9545,256,16,0,0,1,1,1,66,0.212245,0.247541,4.796,0,0.660303,0.570669,0.845582,55.8084,59.2399,270336,1.1543,1.4287,0,0.846367,0,1,1
box_detour_open,oi_face_track_safe_mppi,9552,256,16,0,0,1,1,1,90,0.183086,0.289376,5.37402,0,0.66654,0.748194,0.779567,70.161,74.062,368640,1.1512,1.2397,0,0.780124,0,1,1
box_detour_open,oi_face_track_safe_mppi,9559,256,16,0,0,1,1,1,74,0.248093,0.242017,6.04481,0,0.690312,0.698976,0.903872,66.8865,71.8911,303104,1.7975,3.5252,0,0.904557,0,1,1
box_detour_open,soppi_fast,9356,256,16,1,0.01,0,1,0,420,0.492937,0.00260812,11.682,0,0.33121,0.208198,3.18658,1338.36,1365.99,1720320,3.2789,4.7138,0,3.18693,0,1,0
box_detour_open,soppi_fast,9363,256,16,1,0.01,0,1,0,420,0.635579,0.00983532,16.245,0,0.320482,0.188072,3.19969,1343.87,1372.76,1720320,3.2788,3.7023,0,3.19998,0,1,0
box_detour_open,soppi_fast,9370,256,16,1,0.01,0,1,0,420,0.45604,0.0444953,11.446,0,0.339934,0.214053,3.21596,1350.7,1375.86,1720320,3.2776,3.3764,0,3.21631,0,1,0
box_detour_open,soppi_fast,9377,256,16,1,0.01,0,1,0,420,0.575346,0.0155138,14.033,0,0.325936,0.19825,3.22251,1353.46,1381.54,1720320,3.2725,4.969,0,3.22284,0,1,0
box_detour_open,soppi_fast,9384,256,16,1,0.01,1,1,1,51,0.248591,0.0360074,3.73183,0,0.759855,0.955829,3.24844,165.671,167.817,208896,3.3,3.3435,0,3.24916,0,1,1
box_detour_open,soppi_fast,9391,256,16,1,0.01,0,1,0,420,0.718178,0.174746,19.8424,0,0.323341,0.187887,3.22847,1355.96,1378.32,1720320,3.3,3.4814,0,3.22876,0,1,0
box_detour_open,soppi_fast,9398,256,16,1,0.01,0,1,0,420,0.510009,0.0545655,12.7669,0,0.32813,0.22441,3.23054,1356.83,1381.12,1720320,3.2866,3.6336,0,3.23083,0,1,0
box_detour_open,soppi_fast,9405,256,16,1,0.01,0,1,0,420,0.273596,0.0408276,6.27594,0,0.34136,0.226063,3.22829,1355.88,1379.42,1720320,3.2862,3.4615,0,3.22857,0,1,0
box_detour_open,soppi_fast,9412,256,16,1,0.01,0,1,0,420,0.560926,0.0822293,13.8733,0,0.327758,0.189978,3.21776,1351.46,1377.3,1720320,3.28,4.0389,0,3.21807,0,1,0
box_detour_open,soppi_fast,9419,256,16,1,0.01,0,1,0,420,0.699005,0.032006,18.7904,0,0.330082,0.224144,3.21898,1351.97,1377.4,1720320,3.2803,3.8859,0,3.21932,0,1,0
box_detour_open,soppi_fast,9426,256,16,1,0.01,0,1,0,420,0.652578,0.0412417,16.9292,0,0.334891,0.200066,3.2252,1354.59,1378.98,1720320,3.2725,5.0904,0,3.22553,0,1,0
box_detour_open,soppi_fast,9433,256,16,1,0.01,0,1,0,420,0.300192,0.0304085,7.3161,0,0.339761,0.206803,3.22486,1354.44,1377.35,1720320,3.2894,3.4564,0,3.22515,0,1,0
box_detour_open,soppi_fast,9440,256,16,1,0.01,0,1,0,420,0.740298,0.104087,21.5775,0,0.338823,0.206874,3.21671,1351.02,1383.43,1720320,3.2992,7.5504,0,3.21713,0,1,0
box_detour_open,soppi_fast,9447,256,16,1,0.01,0,1,0,420,0.596728,0.0651232,14.7896,0,0.316197,0.163292,3.23581,1359.04,1376.97,1720320,3.2841,3.7737,0,3.23613,0,1,0
box_detour_open,soppi_fast,9454,256,16,1,0.01,0,1,0,420,0.804706,0.0368614,23.2371,0,0.329283,0.216153,3.22679,1355.25,1375.85,1720320,3.2855,3.4765,0,3.22707,0,1,0
box_detour_open,soppi_fast,9461,256,16,1,0.01,0,1,0,420,0.319946,0.0854034,7.03688,0,0.335257,0.21619,3.22713,1355.4,1380.58,1720320,3.3083,5.0474,0,3.22744,0,1,0
box_detour_open,soppi_fast,9468,256,16,1,0.01,0,1,0,420,0.403247,0.00330495,9.51606,0,0.311631,0.177893,3.23316,1357.93,1376.21,1720320,3.2909,3.5776,0,3.23346,0,1,0
box_detour_open,soppi_fast,9475,256,16,1,0.01,0,1,0,420,0.299044,0.00793177,6.72792,0,0.311358,0.18067,3.24063,1361.06,1380.76,1720320,3.2837,3.475,0,3.2409,0,1,0
box_detour_open,soppi_fast,9482,256,16,1,0.01,0,1,0,420,0.425776,0.0568654,9.95067,0,0.351225,0.248718,3.22766,1355.62,1378.26,1720320,3.3032,3.9605,0,3.22795,0,1,0
box_detour_open,soppi_fast,9489,256,16,1,0.01,0,1,0,420,0.530609,0.0828012,12.7201,0,0.31663,0.173665,3.21948,1352.18,1374.85,1720320,3.3056,3.9284,0,3.21975,0,1,0
box_detour_open,soppi_fast,9496,256,16,1,0.01,0,1,0,420,0.414725,0.0353518,9.09983,0,0.340119,0.234958,3.22153,1353.04,1375.12,1720320,3.3074,3.8248,0,3.22182,0,1,0
box_detour_open,soppi_fast,9503,256,16,1,0.01,0,1,0,420,0.490036,0.0668571,11.151,0,0.342282,0.227188,3.21313,1349.51,1378.73,1720320,3.2899,3.6562,0,3.21345,0,1,0
box_detour_open,soppi_fast,9510,256,16,1,0.01,1,1,1,45,0.236977,0.130041,4.01295,0,0.768035,0.896407,3.29108,148.099,150.759,184320,3.4407,3.5941,0,3.29206,0,1,1
box_detour_open,soppi_fast,9517,256,16,1,0.01,1,1,1,49,0.248122,0.0313084,4.20195,0,0.828426,0.947757,3.26145,159.811,162.639,200704,3.3137,3.4457,0,3.26228,0,1,1
box_detour_open,soppi_fast,9524,256,16,1,0.01,0,1,0,420,0.522023,0.034071,12.6763,0,0.348647,0.237728,3.23011,1356.65,1377.61,1720320,3.2883,3.4104,0,3.2304,0,1,0
box_detour_open,soppi_fast,9531,256,16,1,0.01,1,1,1,45,0.236028,0.0378357,4.12028,0,0.923611,1.4391,3.25093,146.292,149.461,184320,3.3373,3.385,0,3.25192,0,1,1
box_detour_open,soppi_fast,9538,256,16,1,0.01,1,1,1,43,0.227338,0.0538623,4.09179,0,0.901138,1.22434,3.24726,139.632,142.14,176128,3.3073,3.4369,0,3.2487,0,1,1
box_detour_open,soppi_fast,9545,256,16,1,0.01,0,1,0,420,0.456544,0.16731,10.9779,0,0.348941,0.270845,3.19273,1340.95,1372.3,1720320,3.3135,4.9801,0,3.19307,0,1,0
box_detour_open,soppi_fast,9552,256,16,1,0.01,0,1,0,420,0.686333,0.0532647,18.1742,0,0.305226,0.170614,3.21777,1351.47,1377.12,1720320,3.2681,3.8022,0,3.21808,0,1,0
box_detour_open,soppi_fast,9559,256,16,1,0.01,0,1,0,420,0.45997,0.0532056,10.8762,0,0.336527,0.213676,3.2158,1350.64,1375.65,1720320,3.269,3.3783,0,3.21611,0,1,0
box_detour_wall,oi_face_axis_mppi,9356,256,16,0,0,1,1,1,112,0.238773,0.252796,6.30246,0,0.567404,0.541702,0.652219,73.0486,77.0275,458752,1.2087,1.3813,0,0.65271,0,1,1
box_detour_wall,oi_face_axis_mppi,9363,256,16,0,0,1,1,1,69,0.249783,0.103683,7.68211,0,0.849214,0.960219,0.864333,59.639,63.1208,282624,1.2063,1.2331,0,0.864894,0,1,1
box_detour_wall,oi_face_axis_mppi,9370,256,16,0,0,1,1,1,122,0.239668,0.0973347,11.4299,0,0.609834,0.59656,0.817143,99.6914,103.363,499712,1.2083,1.2249,0,0.817604,0,1,1
box_detour_wall,oi_face_axis_mppi,9377,256,16,0,0,1,1,1,99,0.248889,0.098311,7.46521,0,0.650243,0.630355,0.874444,86.5699,90.5356,405504,1.2111,1.4085,0,0.874915,0,1,1
box_detour_wall,oi_face_axis_mppi,9384,256,16,0,0,0,1,0,420,0.15217,0.594487,13.8658,0,0.621524,0.547217,0.862467,362.236,376.185,1720320,1.182,1.3062,0,0.862714,0,1,0
box_detour_wall,oi_face_axis_mppi,9391,256,16,0,0,1,1,1,106,0.249014,0.160393,6.88933,0,0.568198,0.518668,0.868811,92.094,95.2322,434176,1.2032,1.2289,0,0.869282,0,1,1
box_detour_wall,oi_face_axis_mppi,9398,256,16,0,0,0,1,0,420,1.19787,0.0297918,47.1498,0,0.541267,0.396942,0.87736,368.491,384.507,1720320,1.1903,1.3793,0,0.877592,0,1,0
box_detour_wall,oi_face_axis_mppi,9405,256,16,0,0,1,1,1,107,0.239829,0.152396,7.21668,0,0.715904,0.881396,0.868013,92.8774,95.9811,438272,1.2133,1.2247,0,0.868412,0,1,1
box_detour_wall,oi_face_axis_mppi,9412,256,16,0,0,1,1,1,83,0.243184,0.221452,6.71639,0,0.660125,0.6332,0.869232,72.1463,74.7065,339968,1.2131,1.2833,0,0.869815,0,1,1
box_detour_wall,oi_face_axis_mppi,9419,256,16,0,0,1,1,1,105,0.249284,0.0525638,7.64318,0,0.609973,0.680517,0.841872,88.3965,91.6407,430080,1.208,1.2204,0,0.842355,0,1,1
box_detour_wall,oi_face_axis_mppi,9426,256,16,0,0,1,1,1,93,0.233114,0.0861362,6.99889,0,0.578906,0.527337,0.89086,82.85,85.2979,380928,1.2192,1.2226,0,0.891302,0,1,1
box_detour_wall,oi_face_axis_mppi,9433,256,16,0,0,0,1,0,420,1.18773,0.0187706,46.2098,0,0.509085,0.372148,0.854452,358.87,371.261,1720320,1.189,1.2213,0,0.854676,0,1,0
box_detour_wall,oi_face_axis_mppi,9440,256,16,0,0,1,1,1,126,0.212056,0.132371,12.3076,0,0.599279,0.535265,0.859498,108.297,112.094,516096,1.2007,1.2133,0,0.859856,0,1,1
box_detour_wall,oi_face_axis_mppi,9447,256,16,0,0,1,1,1,71,0.24477,0.221348,6.85642,0,0.683466,0.68207,0.855844,60.7649,62.9785,290816,1.2105,1.2184,0,0.856447,0,1,1
box_detour_wall,oi_face_axis_mppi,9454,256,16,0,0,1,1,1,141,0.231091,0.210071,8.24822,0,0.580417,0.561448,0.870196,122.698,126.445,577536,1.2059,1.2278,0,0.87054,0,1,1
box_detour_wall,oi_face_axis_mppi,9461,256,16,0,0,1,1,1,87,0.248842,0.092987,5.99807,0,0.715759,0.837345,0.873933,76.0322,78.0323,356352,1.2169,1.2231,0,0.874315,0,1,1
box_detour_wall,oi_face_axis_mppi,9468,256,16,0,0,1,1,1,104,0.23503,0.164172,10.2494,0,0.770935,0.993576,0.847599,88.1503,91.1254,425984,1.2183,1.2231,0,0.848112,0,1,1
box_detour_wall,oi_face_axis_mppi,9475,256,16,0,0,1,1,1,83,0.242732,0.21697,6.50766,0,0.665747,0.670039,0.883116,73.2986,75.6439,339968,1.2042,1.2288,0,0.883626,0,1,1
box_detour_wall,oi_face_axis_mppi,9482,256,16,0,0,1,1,1,98,0.244983,0.0734657,7.24792,0,0.592551,0.512739,0.88122,86.3596,88.414,401408,1.2088,1.2265,0,0.881609,0,1,1
box_detour_wall,oi_face_axis_mppi,9489,256,16,0,0,1,1,1,105,0.22359,0.190923,6.73822,0,0.693033,0.821815,0.870931,91.4477,94.7738,430080,1.2053,1.2257,0,0.871371,0,1,1
box_detour_wall,oi_face_axis_mppi,9496,256,16,0,0,0,1,0,420,1.35523,0.0951073,59.3921,0,0.539358,0.417169,0.863112,362.507,375.336,1720320,1.1943,1.254,0,0.863349,0,1,0
box_detour_wall,oi_face_axis_mppi,9503,256,16,0,0,1,1,1,79,0.230796,0.102496,7.5864,0,0.700932,0.709039,0.865485,68.3733,71.2861,323584,1.2051,1.2327,0,0.866043,0,1,1
box_detour_wall,oi_face_axis_mppi,9510,256,16,0,0,0,1,0,420,1.20351,0.0478623,47.5096,0,0.506622,0.347077,0.671023,281.83,294.448,1720320,1.1877,1.377,0,0.671246,0,1,0
box_detour_wall,oi_face_axis_mppi,9517,256,16,0,0,1,1,1,65,0.228599,0.0313673,6.68674,0,0.702947,0.615587,0.475012,30.8758,32.4196,266240,0.5133,0.5395,0,0.475598,0,1,1
box_detour_wall,oi_face_axis_mppi,9524,256,16,0,0,1,1,1,120,0.249377,0.0867768,9.4553,0,0.592711,0.586659,0.475336,57.0403,60.4453,491520,0.5091,1.0797,0,0.475657,0,1,1
box_detour_wall,oi_face_axis_mppi,9531,256,16,0,0,1,1,1,74,0.227843,0.0795394,7.92609,0,0.754818,0.880643,0.475396,35.1793,38.0617,303104,0.5374,0.6621,0,0.475976,0,1,1
box_detour_wall,oi_face_axis_mppi,9538,256,16,0,0,1,1,1,93,0.23159,0.209704,6.93811,0,0.623911,0.592425,0.498923,46.3998,48.8822,380928,0.5358,0.5453,0,0.499312,0,1,1
box_detour_wall,oi_face_axis_mppi,9545,256,16,0,0,1,1,1,95,0.0994338,0.32715,8.27558,0,0.660355,0.64006,0.504687,47.9453,50.6097,389120,0.5383,0.5515,0,0.505127,0,1,1
box_detour_wall,oi_face_axis_mppi,9552,256,16,0,0,1,1,1,92,0.245219,0.0857268,7.02492,0,0.553879,0.500601,0.501184,46.1089,49.0655,376832,0.5472,0.9654,0,0.501635,0,1,1
box_detour_wall,oi_face_axis_mppi,9559,256,16,0,0,0,1,0,420,1.26658,0.0426421,52.2013,0,0.551277,0.415813,0.499299,209.705,224.125,1720320,0.5427,1.0069,0,0.499538,0,1,0
box_detour_wall,oi_face_axis_safe_mppi,9356,256,16,0,0,1,1,1,91,0.232482,0.290129,6.29513,0,0.681851,0.709007,0.4671,42.5061,45.2965,372736,0.5322,0.5526,0,0.46752,0,1,1
box_detour_wall,oi_face_axis_safe_mppi,9363,256,16,0,0,1,1,1,75,0.222395,0.118181,8.43336,0,0.680596,0.640694,0.466263,34.9697,37.0394,307200,0.5377,0.5493,0,0.466792,0,1,1
box_detour_wall,oi_face_axis_safe_mppi,9370,256,16,0,0,1,1,1,90,0.245134,0.0621061,7.46094,0,0.639663,0.624696,0.500351,45.0316,47.5503,368640,0.5378,0.5473,0,0.500851,0,1,1
box_detour_wall,oi_face_axis_safe_mppi,9377,256,16,0,0,1,1,1,109,0.226533,0.198019,8.01343,0,0.675331,0.665525,0.500809,54.5882,57.6307,446464,0.5374,0.5391,0,0.501178,0,1,1
box_detour_wall,oi_face_axis_safe_mppi,9384,256,16,0,0,1,1,1,83,0.248732,0.0807117,8.86292,0,0.754117,0.851172,0.481836,39.9924,45.8119,339968,0.582,0.828,0,0.4822,0,1,1
box_detour_wall,oi_face_axis_safe_mppi,9391,256,16,0,0,1,1,1,114,0.134758,0.337047,6.69537,0,0.636649,0.625226,0.466539,53.1854,56.2815,466944,0.5143,0.5513,0,0.466917,0,1,1
box_detour_wall,oi_face_axis_safe_mppi,9398,256,16,0,0,1,1,1,174,0.24879,0.0528709,14.7154,0,0.726585,0.821073,0.463735,80.69,85.6195,712704,0.5056,0.5248,0,0.464096,0,1,1
box_detour_wall,oi_face_axis_safe_mppi,9405,256,16,0,0,1,1,1,113,0.24145,0.11351,7.51218,0,0.765224,0.915265,0.462617,52.2757,54.724,462848,0.508,0.5538,0,0.462966,0,1,1
box_detour_wall,oi_face_axis_safe_mppi,9412,256,16,0,0,1,1,1,139,0.230936,0.126658,8.20581,0,0.627407,0.616852,0.473865,65.8672,69.0106,569344,0.5197,0.565,0,0.474155,0,1,1
box_detour_wall,oi_face_axis_safe_mppi,9419,256,16,0,0,1,1,1,130,0.217616,0.344703,8.86128,0,0.664671,0.787589,0.445556,57.9223,61.3411,532480,0.5066,0.5278,0,0.445907,0,1,1
box_detour_wall,oi_face_axis_safe_mppi,9426,256,16,0,0,1,1,1,100,0.247108,0.209151,7.04144,0,0.592521,0.553125,0.423923,42.3923,45.0799,409600,0.4996,0.5364,0,0.424367,0,1,1
box_detour_wall,oi_face_axis_safe_mppi,9433,256,16,0,0,1,1,1,159,0.207012,0.347283,10.5688,0,0.58053,0.546478,0.477404,75.9072,80.3506,651264,0.5119,0.5927,0,0.477689,0,1,1
box_detour_wall,oi_face_axis_safe_mppi,9440,256,16,0,0,1,1,1,288,0.227978,0.33294,16.3723,0,0.628733,0.640754,0.464048,133.646,143.477,1179648,0.5327,0.851,0,0.464281,0,1,1
box_detour_wall,oi_face_axis_safe_mppi,9447,256,16,0,0,1,1,1,87,0.225228,0.110701,7.06985,0,0.634092,0.591181,0.466168,40.5566,42.7302,356352,0.5014,0.5259,0,0.46659,0,1,1
box_detour_wall,oi_face_axis_safe_mppi,9454,256,16,0,0,1,1,1,75,0.243275,0.0999786,6.68168,0,0.710401,0.749617,0.45406,34.0545,36.466,307200,0.5105,0.5576,0,0.454563,0,1,1
box_detour_wall,oi_face_axis_safe_mppi,9461,256,16,0,0,1,1,1,95,0.199783,0.309909,6.16062,0,0.722747,0.818546,0.470128,44.6622,47.392,389120,0.5124,0.7113,0,0.47059,0,1,1
box_detour_wall,oi_face_axis_safe_mppi,9468,256,16,0,0,1,1,1,108,0.23513,0.0236257,10.5873,0,0.7574,0.930436,0.472432,51.0227,53.6873,442368,0.5382,0.5479,0,0.472908,0,1,1
box_detour_wall,oi_face_axis_safe_mppi,9475,256,16,0,0,1,1,1,165,0.122499,0.27292,8.16993,0,0.632298,0.618062,0.475045,78.3825,83.2248,675840,0.5128,1.122,0,0.475403,0,1,1
box_detour_wall,oi_face_axis_safe_mppi,9482,256,16,0,0,1,1,1,195,0.207471,0.120235,9.30821,0,0.578978,0.535725,0.470588,91.7646,97.8139,798720,0.4903,0.7687,0,0.470883,0,1,1
box_detour_wall,oi_face_axis_safe_mppi,9489,256,16,0,0,1,1,1,108,0.103223,0.308655,7.60313,0,0.792208,0.960275,0.478127,51.6377,54.075,442368,0.5436,0.5517,0,0.478436,0,1,1
box_detour_wall,oi_face_axis_safe_mppi,9496,256,16,0,0,1,1,1,106,0.232417,0.199466,11.312,0,0.637047,0.607691,0.484513,51.3584,53.4296,434176,0.5227,0.5408,0,0.484815,0,1,1
box_detour_wall,oi_face_axis_safe_mppi,9503,256,16,0,0,0,1,0,420,0.404338,0.405935,35.2197,0,0.76032,0.936199,0.457655,192.215,207.047,1720320,0.4987,0.8841,0,0.457876,0,1,0
box_detour_wall,oi_face_axis_safe_mppi,9510,256,16,0,0,0,1,0,420,0.200341,0.430881,12.8553,0,0.62767,0.619935,0.444281,186.598,199.372,1720320,0.4956,3.1836,0,0.444515,0,1,0
box_detour_wall,oi_face_axis_safe_mppi,9517,256,16,0,0,1,1,1,105,0.238535,0.130067,7.31323,0,0.603091,0.524054,0.484271,50.8485,53.8936,430080,0.7131,1.0373,0,0.484752,0,1,1
box_detour_wall,oi_face_axis_safe_mppi,9524,256,16,0,0,1,1,1,112,0.198527,0.285544,8.47453,0,0.617009,0.623749,0.466979,52.3017,55.9152,458752,0.5818,0.7287,0,0.467464,0,1,1
box_detour_wall,oi_face_axis_safe_mppi,9531,256,16,0,0,1,1,1,82,0.234251,0.0260865,7.96762,0,0.705228,0.759095,0.504426,41.3629,46.1864,335872,0.6628,1.1216,0,0.505333,0,1,1
box_detour_wall,oi_face_axis_safe_mppi,9538,256,16,0,0,1,1,1,98,0.241196,0.0868093,6.94178,0,0.65937,0.632661,0.495775,48.5859,51.5189,401408,0.5387,0.5554,0,0.496319,0,1,1
box_detour_wall,oi_face_axis_safe_mppi,9545,256,16,0,0,1,1,1,98,0.197432,0.343134,8.92191,0,0.734443,0.76699,0.502375,49.2328,52.6983,401408,0.5448,0.8137,0,0.502909,0,1,1
box_detour_wall,oi_face_axis_safe_mppi,9552,256,16,0,0,1,1,1,111,0.218647,0.248619,7.62923,0,0.549131,0.469845,0.48096,53.3865,57.3611,454656,0.5551,0.9578,0,0.48147,0,1,1
box_detour_wall,oi_face_axis_safe_mppi,9559,256,16,0,0,1,1,1,128,0.122939,0.311154,10.3604,0,0.642434,0.612172,0.46988,60.1447,64.607,524288,0.5271,0.6304,0,0.470349,0,1,1
box_detour_wall,oi_face_track_mppi,9356,256,16,0,0,0,1,0,420,1.71505,0.12363,95.0475,0,0.585938,0.593412,0.463147,194.522,206.673,1720320,0.5031,0.7534,0,0.463394,0,1,0
box_detour_wall,oi_face_track_mppi,9363,256,16,0,0,1,1,1,244,0.223907,0.202465,22.7359,0,0.87143,1.26277,0.456927,111.49,118.095,999424,0.5,0.521,0,0.457209,0,1,1
box_detour_wall,oi_face_track_mppi,9370,256,16,0,0,0,1,0,420,2.12595,2.06954,60.8446,0,0.798075,1.00921,0.454455,190.871,203.178,1720320,0.5337,0.9231,0,0.454653,0,1,0
box_detour_wall,oi_face_track_mppi,9377,256,16,0,0,1,1,1,79,0.230633,0.123795,9.81409,0,0.783758,0.834734,0.494927,39.0992,41.4969,323584,0.5311,0.5559,0,0.495435,0,1,1
box_detour_wall,oi_face_track_mppi,9384,256,16,0,0,1,1,1,136,0.249857,0.0162438,21.04,0,0.611378,0.55799,0.513417,69.8247,73.6058,557056,0.5406,2.4389,0,0.513739,0,1,1
box_detour_wall,oi_face_track_mppi,9391,256,16,0,0,1,1,1,152,0.0679028,0.328166,11.4154,0,0.61985,0.57854,0.505205,76.7912,82.6151,622592,0.5916,0.9573,0,0.505543,0,1,1
box_detour_wall,oi_face_track_mppi,9398,256,16,0,0,1,1,1,98,0.236177,0.256601,9.03389,0,0.647041,0.698118,0.459493,45.0303,48.5478,401408,0.4993,0.5466,0,0.459879,0,1,1
box_detour_wall,oi_face_track_mppi,9405,256,16,0,0,0,1,0,420,2.28582,0.156445,165.836,0,0.547659,0.461585,0.454515,190.896,203.144,1720320,0.4762,8.2332,0,0.454722,0,1,0
box_detour_wall,oi_face_track_mppi,9412,256,16,0,0,0,1,0,420,0.567206,1.04629,30.6423,0,0.580673,0.511726,0.438093,183.999,196.347,1720320,0.4868,0.5959,0,0.438354,0,1,0
box_detour_wall,oi_face_track_mppi,9419,256,16,0,0,0,1,0,420,0.336176,0.0883998,61.5648,0,0.699408,0.792263,0.458284,192.479,203.615,1720320,0.4955,0.5351,0,0.458468,0,1,0
box_detour_wall,oi_face_track_mppi,9426,256,16,0,0,0,1,0,420,1.15581,1.90883,90.8897,0,0.57793,0.504175,0.457109,191.986,203.938,1720320,0.4971,0.6831,0,0.45732,0,1,0
box_detour_wall,oi_face_track_mppi,9433,256,16,0,0,0,1,0,420,0.405151,0.81841,33.2007,0,0.65609,0.641849,0.466609,195.976,209.46,1720320,0.4954,1.1139,0,0.466813,0,1,0
box_detour_wall,oi_face_track_mppi,9440,256,16,0,0,0,1,0,420,2.10059,2.33775,196.681,0,0.481403,0.45872,0.455376,191.258,202.959,1720320,0.4888,1.6367,0,0.455597,0,1,0
box_detour_wall,oi_face_track_mppi,9447,256,16,0,0,0,1,0,420,2.47072,1.0368,193.655,0,0.563649,0.510882,0.458356,192.51,206.6,1720320,0.5129,0.709,0,0.45858,0,1,0
box_detour_wall,oi_face_track_mppi,9454,256,16,0,0,0,1,0,420,1.71716,0.97738,105.09,0,0.48038,0.460644,0.468963,196.964,211.45,1720320,0.5357,0.8075,0,0.469218,0,1,0
box_detour_wall,oi_face_track_mppi,9461,256,16,0,0,0,1,0,420,0.55929,0.561949,33.2286,0,0.576957,0.532197,0.46329,194.582,210.01,1720320,0.6626,0.9429,0,0.463549,0,1,0
box_detour_wall,oi_face_track_mppi,9468,256,16,0,0,1,1,1,123,0.245666,0.225077,10.8548,0,0.619343,0.671212,0.434302,53.4191,58.1106,503808,0.7512,2.2756,0,0.435201,0,1,1
box_detour_wall,oi_face_track_mppi,9475,256,16,0,0,1,1,1,95,0.234749,0.0944251,10.5658,0,0.727467,0.834442,0.479604,45.5624,49.8053,389120,0.6279,1.8917,0,0.480308,0,1,1
box_detour_wall,oi_face_track_mppi,9482,256,16,0,0,0,1,0,420,1.68385,0.96465,102.259,0,0.420383,0.392093,0.455282,191.218,208.182,1720320,0.7542,3.2573,0,0.455546,0,1,0
box_detour_wall,oi_face_track_mppi,9489,256,16,0,0,1,1,1,166,0.247437,0.113277,29.3014,0,0.733436,0.80274,0.472686,78.4659,84.2933,679936,0.7578,0.8872,0,0.47306,0,1,1
box_detour_wall,oi_face_track_mppi,9496,256,16,0,0,1,1,1,105,0.234654,0.2388,8.99134,0,0.592055,0.590827,0.482751,50.6889,54.7783,430080,0.6591,0.9668,0,0.483317,0,1,1
box_detour_wall,oi_face_track_mppi,9503,256,16,0,0,0,1,0,420,1.68218,0.0537998,91.588,0,0.580466,0.570407,0.458551,192.591,208.413,1720320,0.7311,1.7547,0,0.458812,0,1,0
box_detour_wall,oi_face_track_mppi,9510,256,16,0,0,0,1,0,420,1.9141,0.925317,129.317,0,0.489372,0.528071,0.447585,187.986,201.68,1720320,0.5429,0.7908,0,0.447838,0,1,0
box_detour_wall,oi_face_track_mppi,9517,256,16,0,0,1,1,1,228,0.172247,0.296632,60.2534,0,0.9465,1.39878,0.479912,109.42,117.711,933888,0.7326,1.4703,0,0.480408,0,1,1
box_detour_wall,oi_face_track_mppi,9524,256,16,0,0,0,1,0,420,0.749774,0.628859,47.9336,0,0.691738,0.733335,0.462015,194.046,210.615,1720320,0.531,1.3222,0,0.462281,0,1,0
box_detour_wall,oi_face_track_mppi,9531,256,16,0,0,0,1,0,420,1.82803,0.896251,114.385,0,0.480873,0.473525,0.460184,193.277,207.509,1720320,0.5113,0.7234,0,0.46042,0,1,0
box_detour_wall,oi_face_track_mppi,9538,256,16,0,0,1,1,1,109,0.214205,0.317076,17.6198,0,0.692224,0.684483,0.46348,50.5193,53.9301,446464,0.5049,0.5943,0,0.463927,0,1,1
box_detour_wall,oi_face_track_mppi,9545,256,16,0,0,0,1,0,420,1.75675,0.094327,107.968,0,0.543993,0.480948,0.453518,190.478,203,1720320,0.5015,0.5372,0,0.453764,0,1,0
box_detour_wall,oi_face_track_mppi,9552,256,16,0,0,0,1,0,420,2.28407,0.0930782,101.97,0,0.91593,1.38272,0.470562,197.636,212.161,1720320,0.5295,0.9464,0,0.470807,0,1,0
box_detour_wall,oi_face_track_mppi,9559,256,16,0,0,1,1,1,80,0.235204,0.00855887,10.4122,0,0.80033,0.910457,0.475899,38.0719,40.7989,327680,0.5312,0.7585,0,0.476466,0,1,1
box_detour_wall,oi_face_track_safe_mppi,9356,256,16,0,0,0,1,0,420,0.460037,1.23526,117.452,0,0.824349,0.989752,0.452406,190.01,202.839,1720320,0.4955,1.2923,0,0.452643,0,1,0
box_detour_wall,oi_face_track_safe_mppi,9363,256,16,0,0,1,1,1,218,0.160711,0.301124,16.6551,0,0.75346,0.890803,0.445617,97.1445,104.629,892928,0.5112,0.9995,0,0.446001,0,1,1
box_detour_wall,oi_face_track_safe_mppi,9370,256,16,0,0,1,1,1,91,0.227769,0.135002,8.23193,0,0.725558,0.782799,0.456338,41.5268,44.0846,372736,0.5124,0.6174,0,0.456782,0,1,1
box_detour_wall,oi_face_track_safe_mppi,9377,256,16,0,0,1,1,1,84,0.241282,0.287412,10.3478,0,0.761376,0.83473,0.450176,37.8148,40.3922,344064,0.5013,0.719,0,0.45073,0,1,1
box_detour_wall,oi_face_track_safe_mppi,9384,256,16,0,0,0,1,0,420,1.87159,0.000356956,108.48,0,0.529681,0.456316,0.444099,186.522,200.591,1720320,0.5237,1.3531,0,0.444359,0,1,0
box_detour_wall,oi_face_track_safe_mppi,9391,256,16,0,0,1,1,1,164,0.2463,0.246385,28.7236,0,0.712772,0.835102,0.421295,69.0923,78.2961,671744,0.602,1.0856,0,0.421684,0,1,1
box_detour_wall,oi_face_track_safe_mppi,9398,256,16,0,0,1,1,1,92,0.235594,0.0981382,9.15414,0,0.681709,0.670053,0.484179,44.5445,47.3908,376832,0.5137,0.7248,0,0.484594,0,1,1
box_detour_wall,oi_face_track_safe_mppi,9405,256,16,0,0,1,1,1,114,0.231719,0.105677,30.9923,0,0.955631,1.31865,0.465016,53.0118,56.106,466944,0.5019,0.5089,0,0.465373,0,1,1
box_detour_wall,oi_face_track_safe_mppi,9412,256,16,0,0,1,1,1,104,0.236438,0.273723,11.9258,0,0.685513,0.736437,0.453194,47.1322,50.0895,425984,0.4967,0.5345,0,0.453648,0,1,1
box_detour_wall,oi_face_track_safe_mppi,9419,256,16,0,0,0,1,0,420,0.634186,0.242897,157.367,0,0.751763,0.850308,0.477223,200.434,212.194,1720320,0.5143,0.8173,0,0.477428,0,1,0
box_detour_wall,oi_face_track_safe_mppi,9426,256,16,0,0,1,1,1,224,0.245013,0.339666,24.1967,0,0.739692,0.858828,0.474262,106.235,113.2,917504,0.5366,0.7663,0,0.474608,0,1,1
box_detour_wall,oi_face_track_safe_mppi,9433,256,16,0,0,0,1,0,420,2.28662,2.54776,57.1196,0,0.818482,1.08315,0.477619,200.6,221.394,1720320,0.6342,1.3408,0,0.477851,0,1,0
box_detour_wall,oi_face_track_safe_mppi,9440,256,16,0,0,1,1,1,228,0.229325,0.161396,49.6783,0,0.891684,1.28838,0.4464,101.779,109.474,933888,0.5884,1.7466,0,0.44677,0,1,1
box_detour_wall,oi_face_track_safe_mppi,9447,256,16,0,0,1,1,1,202,0.210683,0.243805,34.4298,0,0.789765,0.933878,0.477732,96.5019,103.642,827392,0.5382,0.8126,0,0.478165,0,1,1
box_detour_wall,oi_face_track_safe_mppi,9454,256,16,0,0,1,1,1,223,0.235892,0.221203,36.6111,0,0.786489,0.921193,0.456845,101.877,111.213,913408,0.5806,1.3284,0,0.457171,0,1,1
box_detour_wall,oi_face_track_safe_mppi,9461,256,16,0,0,0,1,0,420,1.3315,1.60332,88.7971,0,0.58782,0.645417,0.489113,205.427,221.239,1720320,0.5315,1.7964,0,0.489348,0,1,0
box_detour_wall,oi_face_track_safe_mppi,9468,256,16,0,0,1,1,1,77,0.240325,0.162653,10.1341,0,0.827284,1.09915,0.482299,37.137,39.8477,315392,0.5264,0.6686,0,0.48284,0,1,1
box_detour_wall,oi_face_track_safe_mppi,9475,256,16,0,0,0,1,0,420,0.864288,0.228276,47.778,0,0.857882,1.18622,0.472326,198.377,212.353,1720320,0.5351,1.565,0,0.472577,0,1,0
box_detour_wall,oi_face_track_safe_mppi,9482,256,16,0,0,0,1,0,420,0.321473,0.247934,27.0304,0,0.624964,0.612671,0.474523,199.3,212.059,1720320,0.5181,6.8135,0,0.474764,0,1,0
box_detour_wall,oi_face_track_safe_mppi,9489,256,16,0,0,1,1,1,180,0.192696,0.324806,35.5584,0,0.795621,0.892778,0.491232,88.4218,95.5218,737280,0.5466,1.1479,0,0.491546,0,1,1
box_detour_wall,oi_face_track_safe_mppi,9496,256,16,0,0,0,1,0,420,0.166146,0.618719,14.6625,0,0.637994,0.630128,0.470314,197.532,209.176,1720320,0.503,0.7973,0,0.470515,0,1,0
box_detour_wall,oi_face_track_safe_mppi,9503,256,16,0,0,0,1,0,420,1.69309,0.619884,96.0269,0,0.609136,0.57899,0.467196,196.222,208.199,1720320,0.5073,0.5562,0,0.467409,0,1,0
box_detour_wall,oi_face_track_safe_mppi,9510,256,16,0,0,0,1,0,420,2.35272,0.127201,177.793,0,0.573159,0.548291,0.466585,195.966,208.677,1720320,0.5027,0.9485,0,0.46678,0,1,0
box_detour_wall,oi_face_track_safe_mppi,9517,256,16,0,0,1,1,1,295,0.0552596,0.326399,59.6419,0,0.75609,0.878988,0.43062,127.033,135.715,1208320,0.5044,0.7363,0,0.430864,0,1,1
box_detour_wall,oi_face_track_safe_mppi,9524,256,16,0,0,1,1,1,235,0.249702,0.124743,48.5388,0,0.825178,1.13998,0.465737,109.448,115.636,962560,0.5105,0.5543,0,0.466038,0,1,1
box_detour_wall,oi_face_track_safe_mppi,9531,256,16,0,0,1,1,1,102,0.232302,0.00793776,12.5835,0,0.564161,0.441561,0.469555,47.8946,51.0195,417792,0.5309,0.5368,0,0.470019,0,1,1
box_detour_wall,oi_face_track_safe_mppi,9538,256,16,0,0,0,1,0,420,0.643947,0.698878,33.2398,0,0.623449,0.570857,0.478698,201.053,211.622,1720320,0.5067,0.5378,0,0.478898,0,1,0
box_detour_wall,oi_face_track_safe_mppi,9545,256,16,0,0,0,1,0,420,1.79444,0.264936,103.882,0,0.581424,0.486908,0.475041,199.517,210.96,1720320,0.5083,0.5672,0,0.475246,0,1,0
box_detour_wall,oi_face_track_safe_mppi,9552,256,16,0,0,1,1,1,78,0.236581,0.294721,8.18303,0,0.573554,0.522518,0.463808,36.177,38.3313,319488,0.5013,0.5756,0,0.464265,0,1,1
box_detour_wall,oi_face_track_safe_mppi,9559,256,16,0,0,1,1,1,103,0.249144,0.0598415,10.0648,0,0.711524,0.736308,0.516734,53.2236,57.2692,421888,0.6754,1.1862,0,0.51715,0,1,1
box_detour_wall,soppi_fast,9356,256,16,1,0.01,0,1,0,420,0.566823,0.0523902,30.8078,0,0.503029,0.585688,2.92077,1226.72,1250.17,1720320,3.0427,4.0191,0,2.92112,0,1,0
box_detour_wall,soppi_fast,9363,256,16,1,0.01,0,1,0,420,1.93376,1.84932,155.491,0,0.313291,0.189175,2.90505,1220.12,1239.67,1720320,2.9997,3.5337,0,2.90535,0,1,0
box_detour_wall,soppi_fast,9370,256,16,1,0.01,0,1,0,420,2.00065,2.20851,180.106,0,0.320947,0.194974,2.70869,1137.65,1156.65,1720320,2.9607,3.5671,0,2.70898,0,1,0
box_detour_wall,soppi_fast,9377,256,16,1,0.01,0,1,0,420,1.20565,0.0795181,154.992,0,0.492087,0.589999,2.7707,1163.69,1182.39,1720320,3.0083,3.4776,0,2.77096,0,1,0
box_detour_wall,soppi_fast,9384,256,16,1,0.01,1,1,1,62,0.236893,0.0396597,5.55351,0,0.772866,0.910528,2.95403,183.15,185.975,253952,3.068,3.1653,0,2.95462,0,1,1
box_detour_wall,soppi_fast,9391,256,16,1,0.01,1,1,1,56,0.241644,0.067855,4.62486,0,0.699394,0.788338,2.95982,165.75,168.385,229376,3.0949,3.1282,0,2.96055,0,1,1
box_detour_wall,soppi_fast,9398,256,16,1,0.01,0,1,0,420,1.18768,0.0658113,78.8424,0,0.450905,0.453483,2.92469,1228.37,1247.14,1720320,3.0031,3.3597,0,2.92496,0,1,0
box_detour_wall,soppi_fast,9405,256,16,1,0.01,0,1,0,420,1.48173,0.0983548,75.7045,0,0.443904,0.441545,2.91013,1222.26,1240.95,1720320,3.0083,3.2727,0,2.91043,0,1,0
box_detour_wall,soppi_fast,9412,256,16,1,0.01,0,1,0,420,1.2462,2.35541,116.393,0,0.307981,0.161543,2.72893,1146.15,1164.24,1720320,2.9757,3.5509,0,2.72918,0,1,0
box_detour_wall,soppi_fast,9419,256,16,1,0.01,0,1,0,420,1.35629,0.0647577,108.666,0,0.439731,0.439792,2.92672,1229.22,1246.83,1720320,3.0115,3.5392,0,2.927,0,1,0
box_detour_wall,soppi_fast,9426,256,16,1,0.01,0,1,0,420,1.54435,0.259589,150.238,0,0.420263,0.381174,2.95719,1242.02,1270.19,1720320,3.2088,12.3852,0,2.95757,0,1,0
box_detour_wall,soppi_fast,9433,256,16,1,0.01,0,1,0,420,0.287258,1.14553,24.2806,0,0.313498,0.152973,2.80425,1177.79,1198.06,1720320,3.018,3.5766,0,2.80455,0,1,0
box_detour_wall,soppi_fast,9440,256,16,1,0.01,0,1,0,420,1.06018,0.13592,47.1839,0,0.376222,0.25212,2.96708,1246.17,1272.27,1720320,3.4643,3.9766,0,2.96743,0,1,0
box_detour_wall,soppi_fast,9447,256,16,1,0.01,0,1,0,420,1.26968,2.08671,104.3,0,0.306631,0.144393,3.79511,1593.95,1623,1720320,4.499,9.2661,0,3.79545,0,1,0
box_detour_wall,soppi_fast,9454,256,16,1,0.01,0,1,0,420,1.41675,0.0917595,111.149,0,0.477049,0.551169,4.31476,1812.2,1838.32,1720320,4.5166,5.1081,0,4.31509,0,1,0
box_detour_wall,soppi_fast,9461,256,16,1,0.01,0,1,0,420,1.03251,1.38221,79.1667,0,0.54123,0.693363,4.28196,1798.42,1823.72,1720320,4.5076,5.1895,0,4.28225,0,1,0
box_detour_wall,soppi_fast,9468,256,16,1,0.01,0,1,0,420,1.42739,0.192455,75.7138,0,0.736881,1.19581,4.26559,1791.55,1822.58,1720320,4.5314,6.3762,0,4.2659,0,1,0
box_detour_wall,soppi_fast,9475,256,16,1,0.01,0,1,0,420,0.72945,1.89565,63.1473,0,0.283899,0.129332,4.26554,1791.53,1819.25,1720320,4.542,5.403,0,4.26585,0,1,0
box_detour_wall,soppi_fast,9482,256,16,1,0.01,0,1,0,420,0.286431,0.0137788,31.7965,0,0.515394,0.603855,4.3011,1806.46,1832.23,1720320,4.5549,5.1075,0,4.30139,0,1,0
box_detour_wall,soppi_fast,9489,256,16,1,0.01,0,1,0,420,0.800971,2.29414,85.4334,0,0.307097,0.160466,4.18033,1755.74,1780.62,1720320,4.394,5.1263,0,4.18069,0,1,0
box_detour_wall,soppi_fast,9496,256,16,1,0.01,0,1,0,420,0.823738,0.0430441,26.2914,0,0.310509,0.167059,4.28645,1800.31,1829.46,1720320,4.4577,5.1356,0,4.28682,0,1,0
box_detour_wall,soppi_fast,9503,256,16,1,0.01,0,1,0,420,1.23822,0.0809109,96.7184,0,0.470245,0.52977,4.29285,1803,1836.1,1720320,4.5072,5.4051,0,4.2932,0,1,0
box_detour_wall,soppi_fast,9510,256,16,1,0.01,0,1,0,420,1.37726,0.150795,144.046,0,0.466539,0.491995,4.25513,1787.16,1815.33,1720320,4.5082,5.2524,0,4.25548,0,1,0
box_detour_wall,soppi_fast,9517,256,16,1,0.01,0,1,0,420,0.29137,0.110127,12.1902,0,0.369778,0.254904,4.2636,1790.71,1820.3,1720320,4.3754,5.0251,0,4.26392,0,1,0
box_detour_wall,soppi_fast,9524,256,16,1,0.01,0,1,0,420,2.38439,0.55567,176.52,0,0.308629,0.1473,4.38655,1842.35,1867.75,1720320,4.5165,5.1451,0,4.38685,0,1,0
box_detour_wall,soppi_fast,9531,256,16,1,0.01,0,1,0,420,2.00495,2.14745,178.118,0,0.310806,0.173264,4.21412,1769.93,1792.84,1720320,4.4544,5.3509,0,4.2144,0,1,0
box_detour_wall,soppi_fast,9538,256,16,1,0.01,0,1,0,420,1.16323,0.143112,58.8705,0,0.461103,0.494321,4.30838,1809.52,1833,1720320,4.5908,5.3655,0,4.30867,0,1,0
box_detour_wall,soppi_fast,9545,256,16,1,0.01,0,1,0,420,1.4935,0.281412,87.1222,0,0.471993,0.474047,4.36231,1832.17,1856.98,1720320,4.5877,5.2487,0,4.36264,0,1,0
box_detour_wall,soppi_fast,9552,256,16,1,0.01,0,1,0,420,0.857506,2.04592,75.9906,0,0.285657,0.131737,4.23411,1778.33,1804.55,1720320,4.4514,4.9871,0,4.23443,0,1,0
box_detour_wall,soppi_fast,9559,256,16,1,0.01,0,1,0,420,1.96921,2.15768,174.371,0,0.324409,0.183244,4.19202,1760.65,1794.61,1720320,4.6119,9.8449,0,4.19245,0,1,0
box_detour_wall_far,oi_face_axis_mppi,9656,256,16,0,0,1,1,1,108,0.243241,0.173118,11.5256,0,0.714871,0.79891,0.789143,85.2274,92.0562,442368,1.5949,6.3802,0,0.789693,0,1,1
box_detour_wall_far,oi_face_axis_mppi,9663,256,16,0,0,0,1,0,420,0.918477,0.751892,38.2285,0,0.623153,0.595224,1.00375,421.574,450.509,1720320,1.2865,15.9912,0,1.00403,0,1,0
box_detour_wall_far,oi_face_axis_mppi,9670,256,16,0,0,1,1,1,88,0.24962,0.170347,9.26099,0,0.671681,0.826508,0.948627,83.4792,87.676,360448,1.1801,1.3682,0,0.949216,0,1,1
box_detour_wall_far,oi_face_axis_mppi,9677,256,16,0,0,1,1,1,102,0.220755,0.0973129,11.0767,0,0.656474,0.715493,0.925503,94.4014,99.2115,417792,1.1866,1.391,0,0.926076,0,1,1
box_detour_wall_far,oi_face_axis_mppi,9684,256,16,0,0,1,1,1,121,0.0445572,0.319493,13.6231,0,0.721319,0.806917,0.893521,108.116,112.906,495616,1.2049,1.5943,0,0.893971,0,1,1
box_detour_wall_far,oi_face_axis_mppi,9691,256,16,0,0,1,1,1,63,0.246974,0.0176948,7.04994,0,0.727297,0.75542,0.947322,59.6813,61.8672,258048,1.1853,1.1948,0,0.94787,0,1,1
box_detour_wall_far,oi_face_axis_mppi,9698,256,16,0,0,1,1,1,83,0.244196,0.193521,9.11322,0,0.712745,0.78722,0.936411,77.7221,80.5546,339968,1.1971,1.2244,0,0.936861,0,1,1
box_detour_wall_far,oi_face_axis_mppi,9705,256,16,0,0,0,1,0,420,1.95964,1.42529,124.483,0,0.723208,0.896025,0.900372,378.156,395.647,1720320,1.1744,1.7568,0,0.900665,0,1,0
box_detour_wall_far,oi_face_axis_mppi,9712,256,16,0,0,1,1,1,88,0.242418,0.100494,8.6878,0,0.627292,0.625533,0.979474,86.1937,88.9892,360448,1.1774,1.1958,0,0.979966,0,1,1
box_detour_wall_far,oi_face_axis_mppi,9719,256,16,0,0,0,1,0,420,0.597571,2.55636,50.2923,0,0.828717,1.10617,0.937424,393.718,406.8,1720320,1.1792,1.417,0,0.93766,0,1,0
box_detour_wall_far,oi_face_axis_mppi,9726,256,16,0,0,1,1,1,97,0.23378,0.235651,7.43429,0,0.599649,0.572363,0.882529,85.6053,90.3998,397312,1.1861,1.9038,0,0.883049,0,1,1
box_detour_wall_far,oi_face_axis_mppi,9733,256,16,0,0,0,1,0,420,0.474612,0.143724,15.3915,0,0.617751,0.559739,0.899677,377.864,393.452,1720320,1.1789,1.4947,0,0.899926,0,1,0
box_detour_wall_far,oi_face_axis_mppi,9740,256,16,0,0,1,1,1,59,0.223505,0.0931735,7.96377,0,0.651286,0.596592,0.846549,49.9464,52.3332,241664,1.2141,1.3123,0,0.847102,0,1,1
box_detour_wall_far,oi_face_axis_mppi,9747,256,16,0,0,1,1,1,124,0.221016,0.0536374,11.6212,0,0.716154,0.803841,0.878148,108.89,113.981,507904,1.1986,1.2145,0,0.878607,0,1,1
box_detour_wall_far,oi_face_axis_mppi,9754,256,16,0,0,1,1,1,55,0.227952,0.029396,7.30656,0,0.706384,0.699481,0.938189,51.6004,53.5696,225280,1.189,1.2154,0,0.938858,0,1,1
box_detour_wall_far,oi_face_axis_mppi,9761,256,16,0,0,1,1,1,89,0.214219,0.143217,10.4529,0,0.678141,0.725972,1.01175,90.0456,93.8541,364544,1.1985,1.3042,0,1.01223,0,1,1
box_detour_wall_far,oi_face_axis_mppi,9768,256,16,0,0,1,1,1,127,0.228345,0.195067,9.50804,0,0.582353,0.580467,0.991452,125.914,131.301,520192,1.1704,1.3778,0,0.991932,0,1,1
box_detour_wall_far,oi_face_axis_mppi,9775,256,16,0,0,1,1,1,110,0.245443,0.1092,12.4135,0,0.727142,0.83554,1.00511,110.562,115.765,450560,1.1988,1.2154,0,1.00555,0,1,1
box_detour_wall_far,oi_face_axis_mppi,9782,256,16,0,0,1,1,1,56,0.213456,0.0849408,7.87065,0,0.96819,1.50079,0.983391,55.0699,57.9424,229376,1.2074,1.3575,0,0.984098,0,1,1
box_detour_wall_far,oi_face_axis_mppi,9789,256,16,0,0,1,1,1,98,0.227492,0.0856802,11.2833,0,0.699154,0.790887,1.00648,98.6353,104.338,401408,1.2234,1.322,0,1.00704,0,1,1
box_detour_wall_far,oi_face_axis_mppi,9796,256,16,0,0,1,1,1,128,0.236161,0.239205,9.18615,0,0.599241,0.602953,1.01667,130.134,136.117,524288,1.1773,2.8623,0,1.01746,0,1,1
box_detour_wall_far,oi_face_axis_mppi,9803,256,16,0,0,1,1,1,97,0.237243,0.151043,10.6418,0,0.786484,0.989673,1.00566,97.5492,101.44,397312,1.1912,1.2114,0,1.00619,0,1,1
box_detour_wall_far,oi_face_axis_mppi,9810,256,16,0,0,1,1,1,84,0.242861,0.222989,8.99169,0,0.652585,0.697064,0.992358,83.3581,87.0613,344064,1.1938,1.3188,0,0.992889,0,1,1
box_detour_wall_far,oi_face_axis_mppi,9817,256,16,0,0,1,1,1,86,0.239331,0.129915,7.78896,0,0.726955,0.903361,1.00827,86.711,89.7202,352256,1.1731,1.9197,0,1.0087,0,1,1
box_detour_wall_far,oi_face_axis_mppi,9824,256,16,0,0,1,1,1,73,0.247569,0.0358011,9.51977,0,0.63424,0.547166,1.01055,73.7701,76.9314,299008,1.1998,1.2037,0,1.01115,0,1,1
box_detour_wall_far,oi_face_axis_mppi,9831,256,16,0,0,1,1,1,101,0.231195,0.160148,11.077,0,0.744963,0.883418,1.01098,102.109,106.656,413696,1.2042,1.2358,0,1.01151,0,1,1
box_detour_wall_far,oi_face_axis_mppi,9838,256,16,0,0,1,1,1,111,0.239237,0.172188,9.16832,0,0.611906,0.731845,0.948152,105.245,108.299,454656,1.1943,1.3583,0,0.948552,0,1,1
box_detour_wall_far,oi_face_axis_mppi,9845,256,16,0,0,1,1,1,123,0.248746,0.0289566,12.6397,0,0.652572,0.66686,0.952215,117.122,121.424,503808,1.1982,1.2163,0,0.952598,0,1,1
box_detour_wall_far,oi_face_axis_mppi,9852,256,16,0,0,1,1,1,115,0.223155,0.313901,13.5489,0,0.760703,0.948536,0.94231,108.366,112.498,471040,1.1968,1.2109,0,0.942802,0,1,1
box_detour_wall_far,oi_face_axis_mppi,9859,256,16,0,0,1,1,1,60,0.226157,0.246582,8.20682,0,0.74851,0.88788,0.926317,55.579,57.8445,245760,1.204,1.2302,0,0.92689,0,1,1
box_detour_wall_far,oi_face_axis_safe_mppi,9656,256,16,0,0,1,1,1,58,0.232319,0.152075,8.28597,0,0.865618,1.08516,0.799952,46.3972,47.8495,237568,1.1967,1.2064,0,0.800355,0,1,1
box_detour_wall_far,oi_face_axis_safe_mppi,9663,256,16,0,0,1,1,1,91,0.245825,0.000632021,9.944,0,0.714874,0.725405,0.484626,44.101,45.861,372736,0.547,0.5617,0,0.484901,0,1,1
box_detour_wall_far,oi_face_axis_safe_mppi,9670,256,16,0,0,0,1,0,420,0.185385,0.392439,13.2045,0,0.646058,0.660565,0.446434,187.502,199.809,1720320,0.4974,0.7281,0,0.446625,0,1,0
box_detour_wall_far,oi_face_axis_safe_mppi,9677,256,16,0,0,1,1,1,116,0.171048,0.291433,11.8337,0,0.640854,0.611119,0.446162,51.7548,55.2526,475136,0.4952,0.536,0,0.446502,0,1,1
box_detour_wall_far,oi_face_axis_safe_mppi,9684,256,16,0,0,1,1,1,122,0.199678,0.345877,11.9677,0,0.688135,0.743205,0.461357,56.2856,59.1179,499712,0.5055,0.5299,0,0.461646,0,1,1
box_detour_wall_far,oi_face_axis_safe_mppi,9691,256,16,0,0,1,1,1,67,0.249047,0.135512,7.07755,0,0.730558,0.765818,0.472682,31.6697,35.2621,274432,0.7854,0.9608,0,0.473133,0,1,1
box_detour_wall_far,oi_face_axis_safe_mppi,9698,256,16,0,0,1,1,1,66,0.239355,0.0494804,8.68888,0,0.797682,0.953443,0.480138,31.6891,33.424,270336,0.5394,0.5454,0,0.480656,0,1,1
box_detour_wall_far,oi_face_axis_safe_mppi,9705,256,16,0,0,1,1,1,200,0.236268,0.343126,13.0356,0,0.635093,0.694762,0.44257,88.514,94.0662,819200,0.5019,0.7134,0,0.442837,0,1,1
box_detour_wall_far,oi_face_axis_safe_mppi,9712,256,16,0,0,1,1,1,99,0.217994,0.285057,8.67177,0,0.587161,0.567511,0.470836,46.6128,49.0657,405504,0.5306,0.5482,0,0.471188,0,1,1
box_detour_wall_far,oi_face_axis_safe_mppi,9719,256,16,0,0,1,1,1,129,0.233425,0.06667,13.1859,0,0.768124,0.887264,0.453237,58.4676,61.7011,528384,0.5028,0.5472,0,0.453528,0,1,1
box_detour_wall_far,oi_face_axis_safe_mppi,9726,256,16,0,0,1,1,1,221,0.227786,0.17694,12.6759,0,0.68409,0.764343,0.420556,92.943,99.7782,905216,0.4847,0.5616,0,0.420849,0,1,1
box_detour_wall_far,oi_face_axis_safe_mppi,9733,256,16,0,0,1,1,1,103,0.247541,0.225066,9.7643,0,0.622944,0.578719,0.469754,48.3847,50.9742,421888,0.5108,0.5307,0,0.47011,0,1,1
box_detour_wall_far,oi_face_axis_safe_mppi,9740,256,16,0,0,0,1,0,420,0.217071,0.51015,13.2187,0,0.60648,0.565706,0.444584,186.725,197.745,1720320,0.4966,0.5735,0,0.444792,0,1,0
box_detour_wall_far,oi_face_axis_safe_mppi,9747,256,16,0,0,1,1,1,154,0.235466,0.338899,11.9665,0,0.694081,0.760647,0.463718,71.4126,75.1854,630784,0.5297,0.5405,0,0.464103,0,1,1
box_detour_wall_far,oi_face_axis_safe_mppi,9754,256,16,0,0,1,1,1,102,0.22769,0.329976,8.27987,0,0.628196,0.612261,0.432819,44.1475,46.9709,417792,0.4969,0.5385,0,0.433211,0,1,1
box_detour_wall_far,oi_face_axis_safe_mppi,9761,256,16,0,0,1,1,1,120,0.204168,0.282693,11.5222,0,0.635425,0.619715,0.458413,55.0096,58.16,491520,0.5304,0.5418,0,0.45876,0,1,1
box_detour_wall_far,oi_face_axis_safe_mppi,9768,256,16,0,0,1,1,1,107,0.213544,0.327393,9.58742,0,0.728545,0.828404,0.467312,50.0024,52.6465,438272,0.5021,0.5079,0,0.467635,0,1,1
box_detour_wall_far,oi_face_axis_safe_mppi,9775,256,16,0,0,1,1,1,75,0.226344,0.345256,9.60257,0,0.680912,0.725717,0.444216,33.3162,35.123,307200,0.5022,0.5458,0,0.444537,0,1,1
box_detour_wall_far,oi_face_axis_safe_mppi,9782,256,16,0,0,1,1,1,100,0.212664,0.0843886,8.70977,0,0.754936,0.985815,0.472883,47.2883,49.218,409600,0.5043,0.516,0,0.473159,0,1,1
box_detour_wall_far,oi_face_axis_safe_mppi,9789,256,16,0,0,1,1,1,132,0.226795,0.125339,11.7633,0,0.72727,0.864473,0.454025,59.9313,63.4619,540672,0.5008,0.5732,0,0.454293,0,1,1
box_detour_wall_far,oi_face_axis_safe_mppi,9796,256,16,0,0,1,1,1,131,0.231194,0.1872,12.9866,0,0.694287,0.748264,0.462124,60.5382,62.812,536576,0.5075,0.5395,0,0.462365,0,1,1
box_detour_wall_far,oi_face_axis_safe_mppi,9803,256,16,0,0,1,1,1,101,0.218132,0.305363,11.2204,0,0.866194,1.13562,0.458493,46.3078,48.8002,413696,0.5043,0.5643,0,0.458816,0,1,1
box_detour_wall_far,oi_face_axis_safe_mppi,9810,256,16,0,0,1,1,1,109,0.177638,0.305178,9.34374,0,0.666666,0.712474,0.461507,50.3043,54.902,446464,0.4963,0.8611,0,0.463054,0,1,1
box_detour_wall_far,oi_face_axis_safe_mppi,9817,256,16,0,0,1,1,1,91,0.195707,0.0609229,8.01937,0,0.733271,0.91897,0.442531,40.2703,42.9027,372736,0.4879,0.5267,0,0.442925,0,1,1
box_detour_wall_far,oi_face_axis_safe_mppi,9824,256,16,0,0,1,1,1,136,0.247499,0.32358,12.638,0,0.594901,0.546866,0.473206,64.356,67.7047,557056,0.5288,0.5494,0,0.47351,0,1,1
box_detour_wall_far,oi_face_axis_safe_mppi,9831,256,16,0,0,0,1,0,420,0.46472,1.25978,33.4565,0,1.36097,2.66588,0.453523,190.479,201.864,1720320,0.4969,0.6332,0,0.453702,0,1,0
box_detour_wall_far,oi_face_axis_safe_mppi,9838,256,16,0,0,1,1,1,120,0.205951,0.0542417,9.34742,0,0.619961,0.680885,0.459162,55.0994,63.4876,491520,0.6927,1.0326,0,0.459449,0,1,1
box_detour_wall_far,oi_face_axis_safe_mppi,9845,256,16,0,0,1,1,1,116,0.240615,0.295634,10.8606,0,0.683316,0.681448,0.473076,54.8768,58.0928,475136,0.5326,0.54,0,0.473418,0,1,1
box_detour_wall_far,oi_face_axis_safe_mppi,9852,256,16,0,0,1,1,1,110,0.231291,0.0454532,12.8564,0,0.63487,0.671596,0.47001,51.7011,56.575,450560,0.7085,0.8393,0,0.470358,0,1,1
box_detour_wall_far,oi_face_axis_safe_mppi,9859,256,16,0,0,1,1,1,82,0.242366,0.0281262,8.3024,0,0.657835,0.699712,0.452133,37.0749,39.0407,335872,0.5,0.5197,0,0.452485,0,1,1
box_detour_wall_far,oi_face_track_mppi,9656,256,16,0,0,0,1,0,420,1.77012,0.266199,108.466,0,0.698713,0.872311,0.448359,188.311,200.814,1720320,0.5006,0.7438,0,0.448583,0,1,0
box_detour_wall_far,oi_face_track_mppi,9663,256,16,0,0,1,1,1,351,0.223118,0.222777,89.7264,0,0.818653,1.08505,0.460072,161.485,171.494,1437696,0.5014,0.527,0,0.460296,0,1,1
box_detour_wall_far,oi_face_track_mppi,9670,256,16,0,0,0,1,0,420,1.69716,0.0157149,91.3639,0,0.598648,0.57103,0.458403,192.529,204.033,1720320,0.5089,0.5959,0,0.458604,0,1,0
box_detour_wall_far,oi_face_track_mppi,9677,256,16,0,0,1,1,1,163,0.235753,0.203893,31.4438,0,0.775811,0.896573,0.464053,75.6406,80.3462,667648,0.5177,0.5436,0,0.46435,0,1,1
box_detour_wall_far,oi_face_track_mppi,9684,256,16,0,0,0,1,0,420,1.68825,0.369648,92.6106,0,0.786448,1.06135,0.455262,191.21,203.227,1720320,0.5198,0.5638,0,0.455465,0,1,0
box_detour_wall_far,oi_face_track_mppi,9691,256,16,0,0,1,1,1,410,0.241295,0.0188866,41.8031,0,0.844881,1.08712,0.45037,184.652,196.262,1679360,0.5003,0.5493,0,0.450562,0,1,1
box_detour_wall_far,oi_face_track_mppi,9698,256,16,0,0,0,1,0,420,2.03943,1.00902,140.479,0,0.473729,0.487207,0.438378,184.119,196.456,1720320,0.5017,0.6042,0,0.438585,0,1,0
box_detour_wall_far,oi_face_track_mppi,9705,256,16,0,0,0,1,0,420,1.98898,0.13746,126.962,0,0.593574,0.657217,0.454695,190.972,207.779,1720320,0.5725,1.1979,0,0.454903,0,1,0
box_detour_wall_far,oi_face_track_mppi,9712,256,16,0,0,0,1,0,420,1.91928,1.71331,155.992,0,0.606787,0.515404,0.452775,190.165,207.321,1720320,0.5066,1.0012,0,0.452966,0,1,0
box_detour_wall_far,oi_face_track_mppi,9719,256,16,0,0,0,1,0,420,2.75687,1.70442,248.677,0,0.673711,0.833162,0.443343,186.204,197.011,1720320,0.493,0.5106,0,0.443537,0,1,0
box_detour_wall_far,oi_face_track_mppi,9726,256,16,0,0,0,1,0,420,1.70829,0.241933,91.886,0,0.624072,0.734675,0.482301,202.567,213.721,1720320,0.5299,0.5885,0,0.482484,0,1,0
box_detour_wall_far,oi_face_track_mppi,9733,256,16,0,0,0,1,0,420,1.74924,0.879183,104.532,0,0.547363,0.49042,0.475289,199.621,212.294,1720320,0.5311,0.8197,0,0.475494,0,1,0
box_detour_wall_far,oi_face_track_mppi,9740,256,16,0,0,0,1,0,420,1.71834,0.721104,99.861,0,0.568548,0.555301,0.472834,198.59,211.775,1720320,0.5112,1.1848,0,0.473071,0,1,0
box_detour_wall_far,oi_face_track_mppi,9747,256,16,0,0,0,1,0,420,2.01395,0.00333474,129.079,0,0.60286,0.59918,0.430644,180.87,192.502,1720320,0.4992,1.0369,0,0.430855,0,1,0
box_detour_wall_far,oi_face_track_mppi,9754,256,16,0,0,0,1,0,420,1.85334,0.280097,107.655,0,0.713881,0.878109,0.503193,211.341,222.301,1720320,0.5407,0.6091,0,0.503391,0,1,0
box_detour_wall_far,oi_face_track_mppi,9761,256,16,0,0,0,1,0,420,2.02385,0.0160972,128.951,0,0.593038,0.61444,0.463777,194.786,206.443,1720320,0.5163,1.0026,0,0.463957,0,1,0
box_detour_wall_far,oi_face_track_mppi,9768,256,16,0,0,0,1,0,420,1.99722,2.09959,171.525,0,0.545057,0.469546,0.464012,194.885,208.693,1720320,0.5311,0.9957,0,0.464323,0,1,0
box_detour_wall_far,oi_face_track_mppi,9775,256,16,0,0,1,1,1,120,0.247602,0.196656,12.5815,0,0.728294,0.827784,0.445945,53.5134,56.8327,491520,0.5063,0.5311,0,0.446289,0,1,1
box_detour_wall_far,oi_face_track_mppi,9782,256,16,0,0,0,1,0,420,2.0149,0.762744,128.397,0,0.537216,0.495057,0.473479,198.861,209.696,1720320,0.5287,0.6048,0,0.47369,0,1,0
box_detour_wall_far,oi_face_track_mppi,9789,256,16,0,0,0,1,0,420,1.96581,0.816666,126.978,0,0.527937,0.48647,0.485561,203.936,220.014,1720320,0.5241,1.8815,0,0.485805,0,1,0
box_detour_wall_far,oi_face_track_mppi,9796,256,16,0,0,0,1,0,420,2.20141,0.111647,148.843,0,0.592443,0.629056,0.461048,193.64,208.376,1720320,0.505,0.8171,0,0.461322,0,1,0
box_detour_wall_far,oi_face_track_mppi,9803,256,16,0,0,0,1,0,420,2.05617,0.0225016,131.742,0,0.593896,0.592245,0.436224,183.214,195.14,1720320,0.5229,0.571,0,0.43643,0,1,0
box_detour_wall_far,oi_face_track_mppi,9810,256,16,0,0,0,1,0,420,2.01973,1.31351,145.288,0,0.534931,0.449229,0.462435,194.222,205.985,1720320,0.5159,0.8673,0,0.462645,0,1,0
box_detour_wall_far,oi_face_track_mppi,9817,256,16,0,0,0,1,0,420,2.04163,0.774754,138.25,0,0.487129,0.472529,0.458877,192.728,204.612,1720320,0.4964,1.4784,0,0.459084,0,1,0
box_detour_wall_far,oi_face_track_mppi,9824,256,16,0,0,0,1,0,420,1.82723,0.0754427,103.835,0,0.600837,0.646927,0.52563,220.764,238.828,1720320,0.6282,2.3868,0,0.526006,0,1,0
box_detour_wall_far,oi_face_track_mppi,9831,256,16,0,0,0,1,0,420,1.57493,0.141178,80.6893,0,0.631051,0.736725,0.506486,212.724,226.713,1720320,0.56,1.956,0,0.506736,0,1,0
box_detour_wall_far,oi_face_track_mppi,9838,256,16,0,0,0,1,0,420,1.80845,1.1843,122.758,0,0.550254,0.635958,0.44708,187.773,201.784,1720320,0.5144,0.9562,0,0.44739,0,1,0
box_detour_wall_far,oi_face_track_mppi,9845,256,16,0,0,0,1,0,420,2.03295,0.651518,132.63,0,0.524209,0.446246,0.475193,199.581,214.109,1720320,0.5185,0.9171,0,0.475414,0,1,0
box_detour_wall_far,oi_face_track_mppi,9852,256,16,0,0,0,1,0,420,1.73236,0.229036,93.4382,0,0.660404,0.782139,0.468051,196.582,208.051,1720320,0.5158,0.5733,0,0.46825,0,1,0
box_detour_wall_far,oi_face_track_mppi,9859,256,16,0,0,0,1,0,420,2.17915,1.31182,166.092,0,0.556717,0.52174,0.466718,196.022,206.502,1720320,0.5132,0.5428,0,0.466904,0,1,0
box_detour_wall_far,oi_face_track_safe_mppi,9656,256,16,0,0,1,1,1,377,0.140877,0.348477,84.1861,0,0.652735,0.677001,0.472028,177.955,187.538,1544192,0.5099,0.6255,0,0.47224,0,1,1
box_detour_wall_far,oi_face_track_safe_mppi,9663,256,16,0,0,0,1,0,420,1.65707,0.0555617,87.7265,0,0.560902,0.48788,0.470089,197.437,209.112,1720320,0.5227,0.7739,0,0.470298,0,1,0
box_detour_wall_far,oi_face_track_safe_mppi,9670,256,16,0,0,0,1,0,420,1.7508,0.228473,95.3985,0,0.683129,0.821799,0.504115,211.728,224.388,1720320,0.5441,0.8193,0,0.504344,0,1,0
box_detour_wall_far,oi_face_track_safe_mppi,9677,256,16,0,0,0,1,0,420,1.73463,0.089737,95.8454,0,0.566216,0.521679,0.480635,201.867,216.236,1720320,0.5385,1.0101,0,0.480871,0,1,0
box_detour_wall_far,oi_face_track_safe_mppi,9684,256,16,0,0,0,1,0,420,1.68598,0.0275575,90.9288,0,0.568866,0.491659,0.469682,197.267,209.596,1720320,0.5173,1.0664,0,0.46988,0,1,0
box_detour_wall_far,oi_face_track_safe_mppi,9691,256,16,0,0,0,1,0,420,1.256,1.59665,85.3813,0,0.555177,0.592561,0.437925,183.928,196.637,1720320,0.5022,1.0518,0,0.438161,0,1,0
box_detour_wall_far,oi_face_track_safe_mppi,9698,256,16,0,0,1,1,1,217,0.189552,0.341193,66.8891,0,1.15552,1.87136,0.483844,104.994,111.48,888832,0.5223,0.5844,0,0.484151,0,1,1
box_detour_wall_far,oi_face_track_safe_mppi,9705,256,16,0,0,0,1,0,420,1.90284,0.00556007,113.544,0,0.521556,0.436065,0.474374,199.237,210.5,1720320,0.5177,0.5507,0,0.474589,0,1,0
box_detour_wall_far,oi_face_track_safe_mppi,9712,256,16,0,0,0,1,0,420,2.24352,0.0788765,155.867,0,0.570933,0.48773,0.465354,195.449,206.405,1720320,0.5014,0.6069,0,0.465561,0,1,0
box_detour_wall_far,oi_face_track_safe_mppi,9719,256,16,0,0,0,1,0,420,1.86017,0.110303,111.38,0,0.551397,0.435456,0.466582,195.965,207.676,1720320,0.5182,0.6427,0,0.466794,0,1,0
box_detour_wall_far,oi_face_track_safe_mppi,9726,256,16,0,0,0,1,0,420,1.66219,0.120765,86.4206,0,0.566354,0.559774,0.497442,208.926,220.117,1720320,0.5438,0.83,0,0.49763,0,1,0
box_detour_wall_far,oi_face_track_safe_mppi,9733,256,16,0,0,0,1,0,420,1.70533,0.099288,93.1521,0,0.579412,0.574738,0.476502,200.131,209.81,1720320,0.5155,0.5569,0,0.476691,0,1,0
box_detour_wall_far,oi_face_track_safe_mppi,9740,256,16,0,0,0,1,0,420,1.66338,0.0316919,88.5394,0,0.577846,0.535666,0.508808,213.7,224.541,1720320,0.548,0.5822,0,0.509001,0,1,0
box_detour_wall_far,oi_face_track_safe_mppi,9747,256,16,0,0,0,1,0,420,2.00907,0.235473,129.623,0,0.690539,0.685134,0.474613,199.337,209.892,1720320,0.5011,0.5481,0,0.474804,0,1,0
box_detour_wall_far,oi_face_track_safe_mppi,9754,256,16,0,0,0,1,0,420,1.69125,0.402772,93.3573,0,0.765237,1.05656,0.487464,204.735,215.734,1720320,0.5354,0.5532,0,0.487643,0,1,0
box_detour_wall_far,oi_face_track_safe_mppi,9761,256,16,0,0,1,1,1,374,0.246,0.0840875,58.8613,0,0.907026,1.32673,0.480531,179.718,190.645,1531904,0.511,0.7374,0,0.480747,0,1,1
box_detour_wall_far,oi_face_track_safe_mppi,9768,256,16,0,0,0,1,0,420,2.19877,0.259514,149.243,0,0.61516,0.642114,0.482477,202.64,218.496,1720320,0.5181,2.6414,0,0.482693,0,1,0
box_detour_wall_far,oi_face_track_safe_mppi,9775,256,16,0,0,1,1,1,130,0.213264,0.308554,12.6061,0,0.79408,0.946542,0.507936,66.0317,71.72,532480,0.841,1.5156,0,0.508335,0,1,1
box_detour_wall_far,oi_face_track_safe_mppi,9782,256,16,0,0,0,1,0,420,1.68286,1.57135e-05,90.6478,0,0.562361,0.471961,0.492756,206.958,219.029,1720320,0.5463,0.9125,0,0.492972,0,1,0
box_detour_wall_far,oi_face_track_safe_mppi,9789,256,16,0,0,0,1,0,420,0.0478993,0.397772,26.2737,0,0.684496,0.670254,0.487537,204.766,220.393,1720320,0.5876,1.984,0,0.487893,0,1,0
box_detour_wall_far,oi_face_track_safe_mppi,9796,256,16,0,0,0,1,0,420,2.21327,0.00735235,156.832,0,0.586892,0.594501,0.466648,195.992,207.927,1720320,0.5201,1.3281,0,0.466863,0,1,0
box_detour_wall_far,oi_face_track_safe_mppi,9803,256,16,0,0,0,1,0,420,3.01776,2.59355,339.409,0,0.596672,0.610206,0.470073,197.431,209.211,1720320,0.5145,0.5572,0,0.470287,0,1,0
box_detour_wall_far,oi_face_track_safe_mppi,9810,256,16,0,0,0,1,0,420,1.79221,0.0157599,103.372,0,0.527946,0.435896,0.467406,196.31,207.394,1720320,0.5127,0.9073,0,0.467588,0,1,0
box_detour_wall_far,oi_face_track_safe_mppi,9817,256,16,0,0,1,1,1,164,0.235344,0.255731,35.6061,0,0.766607,0.888729,0.466834,76.5607,82.1857,671744,0.5158,0.6816,0,0.467179,0,1,1
box_detour_wall_far,oi_face_track_safe_mppi,9824,256,16,0,0,0,1,0,420,2.0756,0.218374,133.912,0,0.680345,0.72245,0.469285,197.1,213.512,1720320,0.5449,2.692,0,0.469523,0,1,0
box_detour_wall_far,oi_face_track_safe_mppi,9831,256,16,0,0,0,1,0,420,1.57492,0.141176,80.7726,0,0.602197,0.700624,0.514572,216.12,230.959,1720320,0.5741,0.9054,0,0.514819,0,1,0
box_detour_wall_far,oi_face_track_safe_mppi,9838,256,16,0,0,0,1,0,420,1.8581,0.0218217,113.037,0,0.545649,0.482434,0.469581,197.224,210.405,1720320,0.5188,0.7998,0,0.469801,0,1,0
box_detour_wall_far,oi_face_track_safe_mppi,9845,256,16,0,0,0,1,0,420,1.7638,0.0875699,101.883,0,0.483748,0.348812,0.476002,199.921,212.697,1720320,0.514,0.5489,0,0.476201,0,1,0
box_detour_wall_far,oi_face_track_safe_mppi,9852,256,16,0,0,0,1,0,420,1.68039,0.0808213,88.32,0,0.600759,0.605688,0.47935,201.327,217.96,1720320,0.5784,1.4957,0,0.479648,0,1,0
box_detour_wall_far,oi_face_track_safe_mppi,9859,256,16,0,0,0,1,0,420,2.24552,0.0905957,155.004,0,0.591635,0.56865,0.481495,202.228,216.405,1720320,0.7085,1.4763,0,0.48177,0,1,0
box_detour_wall_far,soppi_fast,9656,256,16,1,0.01,1,1,1,108,0.238058,0.120287,17.2164,0,1.04026,1.71845,2.98754,322.654,328.541,442368,3.397,5.8863,0,2.98822,0,1,1
box_detour_wall_far,soppi_fast,9663,256,16,1,0.01,1,1,1,95,0.249279,0.0233591,13.177,0,1.01037,1.61247,3.05805,290.515,297.359,389120,3.4516,5.3085,0,3.05879,0,1,1
box_detour_wall_far,soppi_fast,9670,256,16,1,0.01,0,1,0,420,2.02075,1.98688,171.244,0,0.343023,0.231682,2.84839,1196.32,1217.62,1720320,2.9806,3.2573,0,2.8487,0,1,0
box_detour_wall_far,soppi_fast,9677,256,16,1,0.01,1,1,1,104,0.243321,0.00977772,14.0183,0,1.13909,1.92413,2.98214,310.142,314.562,425984,3.1196,3.5374,0,2.98262,0,1,1
box_detour_wall_far,soppi_fast,9684,256,16,1,0.01,0,1,0,420,2.37617,0.908476,174.589,0,0.337932,0.253226,3.99573,1678.21,1701.59,1720320,4.2638,4.614,0,3.99605,0,1,0
box_detour_wall_far,soppi_fast,9691,256,16,1,0.01,1,1,1,99,0.22999,0.0281246,14.5945,0,0.942106,1.35349,4.39842,435.443,442.142,405504,5.0861,5.1589,0,4.39898,0,1,1
box_detour_wall_far,soppi_fast,9698,256,16,1,0.01,0,1,0,420,1.34521,0.0570676,59.5474,0,0.369612,0.252791,4.4627,1874.34,1899.83,1720320,4.6981,5.2102,0,4.463,0,1,0
box_detour_wall_far,soppi_fast,9705,256,16,1,0.01,1,1,1,58,0.246415,0.193952,7.73702,0,0.84374,1.19247,4.33729,251.563,254.949,237568,4.8021,5.1004,0,4.33804,0,1,1
box_detour_wall_far,soppi_fast,9712,256,16,1,0.01,0,1,0,420,1.01525,0.113873,51.8319,0,0.531917,0.652809,4.30715,1809,1833.97,1720320,4.5694,5.1342,0,4.30744,0,1,0
box_detour_wall_far,soppi_fast,9719,256,16,1,0.01,0,1,0,420,1.25887,0.14247,59.0415,0,0.422863,0.37819,4.37668,1838.21,1863.36,1720320,4.5541,5.8871,0,4.37698,0,1,0
box_detour_wall_far,soppi_fast,9726,256,16,1,0.01,0,1,0,420,1.89907,1.59496,140.352,0,0.347767,0.250031,4.39097,1844.21,1871.65,1720320,4.5444,5.1296,0,4.39135,0,1,0
box_detour_wall_far,soppi_fast,9733,256,16,1,0.01,0,1,0,420,1.77541,0.534113,99.0175,0,0.344747,0.285272,4.43524,1862.8,1891.47,1720320,4.9548,5.8165,0,4.43555,0,1,0
box_detour_wall_far,soppi_fast,9740,256,16,1,0.01,0,1,0,420,1.43046,0.173139,156.582,0,0.530244,0.676416,4.22558,1774.74,1802.36,1720320,4.5352,5.2919,0,4.22592,0,1,0
box_detour_wall_far,soppi_fast,9747,256,16,1,0.01,0,1,0,420,1.77211,0.865076,107.017,0,0.426078,0.40354,4.30718,1809.01,1846.14,1720320,4.6654,5.4428,0,4.30755,0,1,0
box_detour_wall_far,soppi_fast,9754,256,16,1,0.01,0,1,0,420,0.686484,0.797699,45.6825,0,0.579066,0.712198,4.33932,1822.51,1848.12,1720320,4.5461,5.1843,0,4.33964,0,1,0
box_detour_wall_far,soppi_fast,9761,256,16,1,0.01,1,1,1,55,0.239018,0.02266,7.33383,0,0.963038,1.90814,4.34225,238.824,242.343,225280,4.5377,5.127,0,4.34299,0,1,1
box_detour_wall_far,soppi_fast,9768,256,16,1,0.01,0,1,0,420,1.06141,0.178159,64.8568,0,0.478403,0.516304,4.30399,1807.68,1832.46,1720320,4.5581,5.3145,0,4.30431,0,1,0
box_detour_wall_far,soppi_fast,9775,256,16,1,0.01,0,1,0,420,0.835435,0.0270534,28.5488,0,0.327333,0.201472,4.30163,1806.69,1834.95,1720320,4.5809,5.2738,0,4.302,0,1,0
box_detour_wall_far,soppi_fast,9782,256,16,1,0.01,0,1,0,420,0.275049,0.0141785,63.7167,0,0.424233,0.371057,4.22027,1772.51,1795,1720320,4.4202,5.1527,0,4.22055,0,1,0
box_detour_wall_far,soppi_fast,9789,256,16,1,0.01,0,1,0,420,0.956863,0.277567,98.1178,0,0.726474,1.24179,4.34491,1824.86,1854.1,1720320,4.6181,5.3991,0,4.34523,0,1,0
box_detour_wall_far,soppi_fast,9796,256,16,1,0.01,0,1,0,420,2.63791,0.452891,201.306,0,0.370758,0.314461,4.27689,1796.29,1829.69,1720320,4.4779,5.491,0,4.2773,0,1,0
box_detour_wall_far,soppi_fast,9803,256,16,1,0.01,0,1,0,420,2.22728,2.44997,221.895,0,0.343441,0.244278,4.12274,1731.55,1768.04,1720320,4.4544,6.0542,0,4.12343,0,1,0
box_detour_wall_far,soppi_fast,9810,256,16,1,0.01,1,1,1,269,0.244991,0.00122512,22.7927,0,0.391797,0.298241,4.28178,1151.8,1171.53,1101824,4.4619,5.195,0,4.28217,0,1,1
box_detour_wall_far,soppi_fast,9817,256,16,1,0.01,0,1,0,420,2.07451,2.52319,206.734,0,0.338568,0.23361,4.15228,1743.96,1780.46,1720320,4.4569,5.8417,0,4.15268,0,1,0
box_detour_wall_far,soppi_fast,9824,256,16,1,0.01,0,1,0,420,0.634263,0.534369,23.4702,0,0.338523,0.208594,4.2633,1790.59,1820.4,1720320,4.5037,5.0816,0,4.26364,0,1,0
box_detour_wall_far,soppi_fast,9831,256,16,1,0.01,0,1,0,420,0.79819,1.69611,59.5825,0,0.363661,0.331486,2.95018,1239.08,1260.49,1720320,4.2743,5.0864,0,2.95048,0,1,0
box_detour_wall_far,soppi_fast,9838,256,16,1,0.01,0,1,0,420,1.82852,1.6648,136.164,0,0.328175,0.227016,2.89592,1216.29,1239.81,1720320,3.0787,3.5479,0,2.8963,0,1,0
box_detour_wall_far,soppi_fast,9845,256,16,1,0.01,0,1,0,420,1.97725,1.83654,160.077,0,0.348123,0.250271,2.87655,1208.15,1229.2,1720320,2.9594,3.3922,0,2.87687,0,1,0
box_detour_wall_far,soppi_fast,9852,256,16,1,0.01,0,1,0,420,2.54062,0.308167,196.909,0,0.321517,0.182134,2.63327,1105.97,1125.8,1720320,2.8915,3.4294,0,2.6336,0,1,0
box_detour_wall_far,soppi_fast,9859,256,16,1,0.01,0,1,0,420,2.31565,0.686702,168.201,0,0.350898,0.244841,2.92013,1226.46,1249.07,1720320,2.994,3.8082,0,2.92043,0,1,0
box_detour_wall_left,oi_face_axis_mppi,9556,256,16,0,0,0,1,0,420,1.25056,0.0928901,56.0548,0,0.554151,0.452756,0.502748,211.154,224.694,1720320,0.5419,0.5973,0,0.502978,0,1,0
box_detour_wall_left,oi_face_axis_mppi,9563,256,16,0,0,1,1,1,97,0.249706,0.21204,7.88388,0,0.617862,0.607235,0.471493,45.7348,49.0017,397312,0.5342,0.5563,0,0.471951,0,1,1
box_detour_wall_left,oi_face_axis_mppi,9570,256,16,0,0,1,1,1,54,0.225497,0.0386689,5.55513,0,0.824783,1.0711,0.496361,26.8035,30.0663,221184,0.7823,0.8846,0,0.497022,0,1,1
box_detour_wall_left,oi_face_axis_mppi,9577,256,16,0,0,1,1,1,106,0.245389,0.188815,9.14867,0,0.631686,0.631673,0.453971,48.1209,51.7804,434176,0.5331,0.6554,0,0.454493,0,1,1
box_detour_wall_left,oi_face_axis_mppi,9584,256,16,0,0,1,1,1,95,0.247691,0.0238968,5.9841,0,0.529535,0.495937,0.470736,44.7199,47.9211,389120,0.6372,0.9401,0,0.471257,0,1,1
box_detour_wall_left,oi_face_axis_mppi,9591,256,16,0,0,1,1,1,330,0.227624,0.178868,50.8599,0,0.870863,1.21527,0.489379,161.495,172.961,1351680,0.5326,0.8114,0,0.489648,0,1,1
box_detour_wall_left,oi_face_axis_mppi,9598,256,16,0,0,0,1,0,420,1.84405,2.21432,121.862,0,0.705687,0.744742,0.465247,195.404,209.881,1720320,0.5453,0.8252,0,0.465495,0,1,0
box_detour_wall_left,oi_face_axis_mppi,9605,256,16,0,0,0,1,0,420,0.284827,0.0666566,51.5995,0,0.814401,1.06669,0.458788,192.691,206.131,1720320,0.5169,0.8531,0,0.45902,0,1,0
box_detour_wall_left,oi_face_axis_mppi,9612,256,16,0,0,1,1,1,148,0.0933283,0.324898,15.0321,0,0.61755,0.589095,0.466711,69.0733,73.7646,606208,0.5381,0.5888,0,0.467106,0,1,1
box_detour_wall_left,oi_face_axis_mppi,9619,256,16,0,0,1,1,1,81,0.220416,0.182925,9.08022,0,0.708138,0.739535,0.458002,37.0982,39.8702,331776,0.5014,0.5275,0,0.458429,0,1,1
box_detour_wall_left,oi_face_axis_mppi,9626,256,16,0,0,1,1,1,93,0.236839,0.0584305,10.488,0,0.695146,0.682418,0.462713,43.0323,46.5645,380928,0.5124,0.6922,0,0.46311,0,1,1
box_detour_wall_left,oi_face_axis_mppi,9633,256,16,0,0,1,1,1,129,0.243103,0.169958,11.633,0,0.588243,0.521451,0.477999,61.6619,65.1033,528384,0.5294,0.6598,0,0.478332,0,1,1
box_detour_wall_left,oi_face_axis_mppi,9640,256,16,0,0,1,1,1,67,0.222498,0.211774,5.64943,0,0.564833,0.609023,0.45974,30.8026,32.7018,274432,0.5083,0.5164,0,0.460243,0,1,1
box_detour_wall_left,oi_face_axis_mppi,9647,256,16,0,0,1,1,1,96,0.241118,0.0630963,5.8258,0,0.648136,0.865479,0.478627,45.9482,48.6434,393216,0.5884,0.759,0,0.479026,0,1,1
box_detour_wall_left,oi_face_axis_mppi,9654,256,16,0,0,1,1,1,112,0.248847,0.0230855,8.08942,0,0.607809,0.599524,0.479204,53.6708,56.6241,458752,0.6085,0.8718,0,0.479572,0,1,1
box_detour_wall_left,oi_face_axis_mppi,9661,256,16,0,0,1,1,1,106,0.249161,0.174597,6.91377,0,0.765983,1.11947,0.462133,48.9861,52.3221,434176,0.5013,0.5241,0,0.462602,0,1,1
box_detour_wall_left,oi_face_axis_mppi,9668,256,16,0,0,1,1,1,77,0.246704,0.000340276,6.4712,0,0.610288,0.567217,0.463862,35.7174,37.9803,315392,0.5066,0.5133,0,0.464278,0,1,1
box_detour_wall_left,oi_face_axis_mppi,9675,256,16,0,0,1,1,1,84,0.240404,0.189379,6.99638,0,0.645773,0.595423,0.490193,41.1762,43.7598,344064,0.5299,0.5407,0,0.49061,0,1,1
box_detour_wall_left,oi_face_axis_mppi,9682,256,16,0,0,1,1,1,79,0.241729,0.0268977,6.11956,0,0.71579,0.760573,0.491558,38.8331,41.4343,323584,0.5244,0.5441,0,0.492011,0,1,1
box_detour_wall_left,oi_face_axis_mppi,9689,256,16,0,0,0,1,0,420,0.630961,0.892368,27.3461,0,0.693697,0.732907,0.493901,207.438,217.354,1720320,0.5248,0.77,0,0.494099,0,1,0
box_detour_wall_left,oi_face_axis_mppi,9696,256,16,0,0,0,1,0,420,1.20997,0.0557763,48.0688,0,0.505141,0.362747,0.485748,204.014,215.532,1720320,0.5251,0.5672,0,0.485961,0,1,0
box_detour_wall_left,oi_face_axis_mppi,9703,256,16,0,0,1,1,1,55,0.248078,0.285481,5.14064,0,0.683804,0.639077,0.469084,25.7996,27.3479,225280,0.5179,0.5241,0,0.469566,0,1,1
box_detour_wall_left,oi_face_axis_mppi,9710,256,16,0,0,1,1,1,120,0.235387,0.247165,6.84498,0,0.528064,0.437277,0.460233,55.228,58.7791,491520,0.5002,0.5149,0,0.460567,0,1,1
box_detour_wall_left,oi_face_axis_mppi,9717,256,16,0,0,1,1,1,117,0.234401,0.13989,6.16553,0,0.611468,0.630695,0.453794,53.0939,56.875,479232,0.5077,0.5452,0,0.454182,0,1,1
box_detour_wall_left,oi_face_axis_mppi,9724,256,16,0,0,1,1,1,113,0.245989,0.335345,10.4886,0,0.665639,0.738067,0.472514,53.3941,56.7144,462848,0.5128,0.521,0,0.472889,0,1,1
box_detour_wall_left,oi_face_axis_mppi,9731,256,16,0,0,1,1,1,118,0.232591,0.291809,10.471,0,0.592283,0.527827,0.472907,55.803,59.0552,483328,0.5109,0.5209,0,0.473281,0,1,1
box_detour_wall_left,oi_face_axis_mppi,9738,256,16,0,0,1,1,1,79,0.242756,0.0134687,9.81901,0,0.824445,0.967084,0.463475,36.6145,38.9458,323584,0.5065,0.5199,0,0.463921,0,1,1
box_detour_wall_left,oi_face_axis_mppi,9745,256,16,0,0,1,1,1,138,0.0703525,0.305597,9.9875,0,0.61998,0.616298,0.457515,63.1371,66.8237,565248,0.5116,0.5826,0,0.457828,0,1,1
box_detour_wall_left,oi_face_axis_mppi,9752,256,16,0,0,1,1,1,90,0.218155,0.150465,7.98908,0,0.607141,0.61036,0.477396,42.9656,45.064,368640,0.52,0.7014,0,0.477765,0,1,1
box_detour_wall_left,oi_face_axis_mppi,9759,256,16,0,0,1,1,1,84,0.24165,0.143104,9.19923,0,0.764386,0.935635,0.467894,39.3031,41.7083,344064,0.4969,0.7232,0,0.468308,0,1,1
box_detour_wall_left,oi_face_axis_safe_mppi,9556,256,16,0,0,1,1,1,98,0.118062,0.344782,10.4695,0,0.671271,0.651911,0.482746,47.3091,49.9113,401408,0.5377,0.6832,0,0.48318,0,1,1
box_detour_wall_left,oi_face_axis_safe_mppi,9563,256,16,0,0,1,1,1,131,0.181441,0.324793,9.15352,0,0.614089,0.566535,0.469725,61.5339,64.9127,536576,0.5257,0.5513,0,0.470018,0,1,1
box_detour_wall_left,oi_face_axis_safe_mppi,9570,256,16,0,0,1,1,1,122,0.233242,0.292763,8.56832,0,0.705646,0.804463,0.466403,56.9012,60.3856,499712,0.5041,0.5175,0,0.466736,0,1,1
box_detour_wall_left,oi_face_axis_safe_mppi,9577,256,16,0,0,1,1,1,132,0.241133,0.277025,10.7777,0,0.682536,0.74597,0.461585,60.9292,64.7325,540672,0.506,0.5711,0,0.461942,0,1,1
box_detour_wall_left,oi_face_axis_safe_mppi,9584,256,16,0,0,1,1,1,211,0.233144,0.246542,11.4983,0,0.589029,0.531426,0.454432,95.8852,102.192,864256,0.494,0.7248,0,0.454781,0,1,1
box_detour_wall_left,oi_face_axis_safe_mppi,9591,256,16,0,0,0,1,0,420,1.19761,0.289884,48.1978,0,0.693235,0.735109,0.470648,197.672,210.687,1720320,0.5193,0.7289,0,0.470892,0,1,0
box_detour_wall_left,oi_face_axis_safe_mppi,9598,256,16,0,0,0,1,0,420,0.139513,0.407488,11.9358,0,0.66538,0.669374,0.46645,195.909,212.482,1720320,0.6992,2.8183,0,0.466698,0,1,0
box_detour_wall_left,oi_face_axis_safe_mppi,9605,256,16,0,0,1,1,1,100,0.2368,0.308832,7.66911,0,0.701423,0.793793,0.477314,47.7314,51.9608,409600,0.7543,1.8217,0,0.477873,0,1,1
box_detour_wall_left,oi_face_axis_safe_mppi,9612,256,16,0,0,1,1,1,153,0.244696,0.328569,15.8506,0,0.706107,0.758332,0.479115,73.3046,78.981,626688,0.6683,1.1464,0,0.479524,0,1,1
box_detour_wall_left,oi_face_axis_safe_mppi,9619,256,16,0,0,1,1,1,74,0.247016,0.033433,8.68957,0,0.757471,0.814925,0.474193,35.0903,37.8254,303104,0.5293,0.692,0,0.474761,0,1,1
box_detour_wall_left,oi_face_axis_safe_mppi,9626,256,16,0,0,1,1,1,130,0.213316,0.278361,10.7692,0,0.662433,0.674704,0.520636,67.6827,73.3077,532480,0.7118,4.0021,0,0.521052,0,1,1
box_detour_wall_left,oi_face_axis_safe_mppi,9633,256,16,0,0,1,1,1,82,0.238695,0.013852,8.4436,0,0.769273,0.849219,0.486149,39.8642,43.1053,335872,0.5422,0.5585,0,0.486683,0,1,1
box_detour_wall_left,oi_face_axis_safe_mppi,9640,256,16,0,0,1,1,1,176,0.146949,0.283418,11.5031,0,0.680507,0.776935,0.63033,110.938,123.141,720896,2.6659,7.4702,0,0.630698,0,1,1
box_detour_wall_left,oi_face_axis_safe_mppi,9647,256,16,0,0,1,1,1,112,0.177193,0.349849,6.4359,0,0.659309,0.805472,0.381442,42.7215,46.2575,458752,0.5298,0.8949,0,0.381858,0,1,1
box_detour_wall_left,oi_face_axis_safe_mppi,9654,256,16,0,0,1,1,1,94,0.235478,0.123823,7.83966,0,0.657767,0.652798,0.427903,40.2229,44.8244,385024,0.6439,1.9905,0,0.428274,0,1,1
box_detour_wall_left,oi_face_axis_safe_mppi,9661,256,16,0,0,1,1,1,121,0.249522,0.0528865,8.00904,0,0.759312,1.01561,0.459554,55.606,59.3906,495616,0.5066,0.7127,0,0.459966,0,1,1
box_detour_wall_left,oi_face_axis_safe_mppi,9668,256,16,0,0,1,1,1,81,0.247055,0.240026,6.49515,0,0.631576,0.589772,0.484283,39.2269,42.5719,331776,0.6637,1.5489,0,0.484799,0,1,1
box_detour_wall_left,oi_face_axis_safe_mppi,9675,256,16,0,0,1,1,1,88,0.245797,0.169115,7.33387,0,0.687859,0.741249,0.445828,39.2329,41.8857,360448,0.5134,0.9066,0,0.446293,0,1,1
box_detour_wall_left,oi_face_axis_safe_mppi,9682,256,16,0,0,1,1,1,84,0.244968,0.165059,6.51633,0,0.745757,0.849197,0.455861,38.2923,40.978,344064,0.5029,0.524,0,0.456281,0,1,1
box_detour_wall_left,oi_face_axis_safe_mppi,9689,256,16,0,0,1,1,1,92,0.23521,0.0491662,8.25402,0,0.668463,0.681921,0.468076,43.063,45.7723,376832,0.5153,0.5888,0,0.468441,0,1,1
box_detour_wall_left,oi_face_axis_safe_mppi,9696,256,16,0,0,1,1,1,111,0.177723,0.319696,8.31332,0,0.546017,0.471346,0.467912,51.9382,55.6298,454656,0.5119,0.5622,0,0.468325,0,1,1
box_detour_wall_left,oi_face_axis_safe_mppi,9703,256,16,0,0,1,1,1,55,0.247816,0.286346,5.14046,0,0.682488,0.63838,0.440118,24.2065,26.0899,225280,0.4948,0.6769,0,0.44066,0,1,1
box_detour_wall_left,oi_face_axis_safe_mppi,9710,256,16,0,0,1,1,1,90,0.237559,0.0334099,6.65176,0,0.684177,0.686435,0.486097,43.7487,46.8206,368640,0.5577,1.1132,0,0.486538,0,1,1
box_detour_wall_left,oi_face_axis_safe_mppi,9717,256,16,0,0,1,1,1,89,0.240303,0.297503,6.25757,0,0.767115,0.88699,0.461764,41.097,44.0317,364544,0.5071,0.5372,0,0.462203,0,1,1
box_detour_wall_left,oi_face_axis_safe_mppi,9724,256,16,0,0,0,1,0,420,1.20044,0.232504,48.2036,0,0.732973,0.861189,0.497168,208.81,227.111,1720320,0.5749,1.5523,0,0.497398,0,1,0
box_detour_wall_left,oi_face_axis_safe_mppi,9731,256,16,0,0,1,1,1,149,0.249703,0.18403,10.3831,0,0.603835,0.55753,0.47324,70.5127,74.9394,610304,0.5334,0.5704,0,0.473612,0,1,1
box_detour_wall_left,oi_face_axis_safe_mppi,9738,256,16,0,0,1,1,1,116,0.229065,0.210357,10.1099,0,0.692497,0.709261,0.449768,52.1731,56.1591,475136,0.5211,0.682,0,0.450126,0,1,1
box_detour_wall_left,oi_face_axis_safe_mppi,9745,256,16,0,0,1,1,1,254,0.140378,0.34244,24.8367,0,0.747902,0.93303,0.427711,108.639,118.003,1040384,0.5154,0.8986,0,0.427996,0,1,1
box_detour_wall_left,oi_face_axis_safe_mppi,9752,256,16,0,0,1,1,1,102,0.185386,0.311886,7.76354,0,0.657248,0.601356,0.470983,48.0403,51.5792,417792,0.5295,0.5504,0,0.471436,0,1,1
box_detour_wall_left,oi_face_axis_safe_mppi,9759,256,16,0,0,1,1,1,97,0.229477,0.301125,9.08499,0,0.650906,0.711688,0.462683,44.8803,47.8146,397312,0.507,0.9112,0,0.463131,0,1,1
box_detour_wall_left,oi_face_track_mppi,9556,256,16,0,0,1,1,1,112,0.106709,0.32281,22.105,0,0.880035,1.1462,0.459455,51.459,54.9843,458752,0.5041,0.5917,0,0.459827,0,1,1
box_detour_wall_left,oi_face_track_mppi,9563,256,16,0,0,1,1,1,94,0.225881,0.17936,8.42986,0,0.635867,0.68839,0.506652,47.6253,52.2658,385024,0.7053,1.5396,0,0.507086,0,1,1
box_detour_wall_left,oi_face_track_mppi,9570,256,16,0,0,0,1,0,420,1.97997,0.75462,128.911,0,0.446668,0.461755,0.457077,191.972,205.902,1720320,0.5063,0.8856,0,0.457304,0,1,0
box_detour_wall_left,oi_face_track_mppi,9577,256,16,0,0,1,1,1,96,0.243471,0.14077,8.30762,0,0.648152,0.68719,0.447435,42.9538,45.9444,393216,0.4907,0.5408,0,0.447805,0,1,1
box_detour_wall_left,oi_face_track_mppi,9584,256,16,0,0,1,1,1,127,0.220647,0.210363,25.6302,0,0.8158,0.995211,0.465791,59.1555,64.7061,520192,0.5153,0.9445,0,0.466169,0,1,1
box_detour_wall_left,oi_face_track_mppi,9591,256,16,0,0,1,1,1,118,0.241306,0.225066,27.9128,0,0.79189,0.907226,0.453181,53.4754,57.6258,483328,0.5046,0.547,0,0.453629,0,1,1
box_detour_wall_left,oi_face_track_mppi,9598,256,16,0,0,1,1,1,125,0.249436,0.122727,9.41896,0,0.634897,0.643137,0.437898,54.7373,58.4034,512000,0.5047,0.5568,0,0.43824,0,1,1
box_detour_wall_left,oi_face_track_mppi,9605,256,16,0,0,1,1,1,105,0.235409,0.186016,18.176,0,0.844901,1.01222,0.491305,51.587,55.2582,430080,0.5327,1.2119,0,0.491777,0,1,1
box_detour_wall_left,oi_face_track_mppi,9612,256,16,0,0,0,1,0,420,1.82452,0.880389,114.211,0,0.478746,0.515328,0.46669,196.01,208.714,1720320,0.5099,0.6615,0,0.466899,0,1,0
box_detour_wall_left,oi_face_track_mppi,9619,256,16,0,0,0,1,0,420,2.05837,0.978033,148.408,0,0.44225,0.441175,0.453709,190.558,203.2,1720320,0.5155,0.6409,0,0.453913,0,1,0
box_detour_wall_left,oi_face_track_mppi,9626,256,16,0,0,0,1,0,420,1.67207,0.0942694,94.7427,0,0.579814,0.598044,0.503281,211.378,224.783,1720320,0.5388,0.5766,0,0.503486,0,1,0
box_detour_wall_left,oi_face_track_mppi,9633,256,16,0,0,0,1,0,420,0.341779,2.91071,99.9499,0,0.81068,1.00924,0.471311,197.951,212.349,1720320,0.5059,0.7091,0,0.471522,0,1,0
box_detour_wall_left,oi_face_track_mppi,9640,256,16,0,0,0,1,0,420,1.90627,1.0573,126.528,0,0.516757,0.651225,0.484512,203.495,218.589,1720320,0.7074,1.6295,0,0.484769,0,1,0
box_detour_wall_left,oi_face_track_mppi,9647,256,16,0,0,0,1,0,420,2.02793,0.429285,135.863,0,0.569755,0.502012,0.500886,210.372,227.051,1720320,0.7436,2.4118,0,0.501191,0,1,0
box_detour_wall_left,oi_face_track_mppi,9654,256,16,0,0,1,1,1,106,0.246213,0.000362359,9.23537,0,0.592275,0.573103,0.401717,42.582,46.8247,434176,0.5296,1.1732,0,0.402215,0,1,1
box_detour_wall_left,oi_face_track_mppi,9661,256,16,0,0,1,1,1,97,0.243906,0.0751231,8.13571,0,0.669448,0.712586,0.482954,46.8465,50.8669,397312,0.5267,0.7169,0,0.485458,0,1,1
box_detour_wall_left,oi_face_track_mppi,9668,256,16,0,0,0,1,0,420,1.83648,1.04381,118.304,0,0.477327,0.472558,0.47567,199.781,216.823,1720320,0.5668,1.3893,0,0.475915,0,1,0
box_detour_wall_left,oi_face_track_mppi,9675,256,16,0,0,1,1,1,80,0.238926,0.0821633,7.11999,0,0.592501,0.509735,0.494319,39.5455,42.3842,327680,0.5418,0.6706,0,0.494803,0,1,1
box_detour_wall_left,oi_face_track_mppi,9682,256,16,0,0,0,1,0,420,1.74514,0.406994,101.291,0,0.520185,0.485231,0.503797,211.595,226.731,1720320,0.5651,1.2468,0,0.504033,0,1,0
box_detour_wall_left,oi_face_track_mppi,9689,256,16,0,0,1,1,1,98,0.235917,0.1923,16.2835,0,0.697293,0.692167,0.451017,44.1997,48.1097,401408,0.5854,1.354,0,0.45187,0,1,1
box_detour_wall_left,oi_face_track_mppi,9696,256,16,0,0,1,1,1,74,0.220683,0.2006,8.2355,0,0.797218,0.90799,0.365472,27.0449,30.8835,303104,0.707,5.1289,0,0.367016,0,1,1
box_detour_wall_left,oi_face_track_mppi,9703,256,16,0,0,0,1,0,420,1.6616,0.0147066,107.318,0,0.609368,0.634166,0.494358,207.631,223.606,1720320,0.6221,1.9897,0,0.494622,0,1,0
box_detour_wall_left,oi_face_track_mppi,9710,256,16,0,0,0,1,0,420,1.91153,1.01532,124.22,0,0.418964,0.38012,0.445645,187.171,205.467,1720320,0.7666,2.3939,0,0.445909,0,1,0
box_detour_wall_left,oi_face_track_mppi,9717,256,16,0,0,0,1,0,420,1.8832,0.0952308,132.026,0,0.678464,0.823214,0.47166,198.097,214.719,1720320,0.6401,0.9241,0,0.471909,0,1,0
box_detour_wall_left,oi_face_track_mppi,9724,256,16,0,0,0,1,0,420,1.50014,0.0675742,71.8423,0,0.609312,0.628748,0.523083,219.695,238.368,1720320,0.6349,1.5977,0,0.523338,0,1,0
box_detour_wall_left,oi_face_track_mppi,9731,256,16,0,0,0,1,0,420,1.5105,0.00420064,72.7995,0,0.610762,0.636453,0.484601,203.532,217.014,1720320,0.5759,1.0384,0,0.484839,0,1,0
box_detour_wall_left,oi_face_track_mppi,9738,256,16,0,0,1,1,1,122,0.249422,0.0124691,10.699,0,0.68868,0.747895,0.476259,58.1036,62.8109,499712,0.7562,0.7996,0,0.476695,0,1,1
box_detour_wall_left,oi_face_track_mppi,9745,256,16,0,0,0,1,0,420,1.71841,0.912294,103.821,0,0.404924,0.347373,0.471647,198.092,211.766,1720320,0.7474,1.6397,0,0.471887,0,1,0
box_detour_wall_left,oi_face_track_mppi,9752,256,16,0,0,1,1,1,117,0.232874,0.185759,22.4112,0,0.797413,0.904106,0.499616,58.4551,61.8469,479232,0.7679,0.8338,0,0.500006,0,1,1
box_detour_wall_left,oi_face_track_mppi,9759,256,16,0,0,0,1,0,420,2.3489,0.209745,168.565,0,0.509309,0.471411,0.485406,203.871,221.851,1720320,0.7607,1.6498,0,0.485633,0,1,0
box_detour_wall_left,oi_face_track_safe_mppi,9556,256,16,0,0,1,1,1,126,0.203179,0.347729,22.4371,0,0.782904,0.94452,0.542503,68.3554,76.4515,516096,1.0669,2.0053,0,0.542872,0,1,1
box_detour_wall_left,oi_face_track_safe_mppi,9563,256,16,0,0,1,1,1,95,0.249731,0.0449445,8.30486,0,0.611677,0.602258,0.521263,49.52,54.8284,389120,0.7817,1.0954,0,0.521698,0,1,1
box_detour_wall_left,oi_face_track_safe_mppi,9570,256,16,0,0,1,1,1,160,0.217129,0.02666,22.3812,0,0.674708,0.684702,0.383821,61.4113,66.6195,655360,0.5311,0.5593,0,0.384179,0,1,1
box_detour_wall_left,oi_face_track_safe_mppi,9577,256,16,0,0,1,1,1,88,0.246895,0.0339221,8.01423,0,0.718291,0.782555,0.493756,43.4505,45.9265,360448,0.5305,0.8316,0,0.494224,0,1,1
box_detour_wall_left,oi_face_track_safe_mppi,9584,256,16,0,0,1,1,1,143,0.237276,0.11093,28.152,0,0.699958,0.71508,0.479571,68.5786,72.5549,585728,0.5291,0.7364,0,0.479926,0,1,1
box_detour_wall_left,oi_face_track_safe_mppi,9591,256,16,0,0,1,1,1,171,0.157,0.328382,28.8909,0,0.669801,0.634797,0.448576,76.7064,81.86,700416,0.4928,0.5375,0,0.448876,0,1,1
box_detour_wall_left,oi_face_track_safe_mppi,9598,256,16,0,0,1,1,1,57,0.236662,0.193518,7.06287,0,0.753362,0.790598,0.497114,28.3355,29.9516,233472,0.5372,0.5622,0,0.497612,0,1,1
box_detour_wall_left,oi_face_track_safe_mppi,9605,256,16,0,0,0,1,0,420,1.88171,0.385003,113.246,0,0.593588,0.5983,0.470522,197.619,212.178,1720320,0.5164,0.888,0,0.470782,0,1,0
box_detour_wall_left,oi_face_track_safe_mppi,9612,256,16,0,0,1,1,1,78,0.246937,0.0409436,8.26366,0,0.542032,0.495829,0.485246,37.8492,40.0438,319488,0.5161,0.5487,0,0.485636,0,1,1
box_detour_wall_left,oi_face_track_safe_mppi,9619,256,16,0,0,0,1,0,420,1.76471,0.0641619,100.384,0,0.585255,0.528508,0.472214,198.33,211.337,1720320,0.5149,0.5492,0,0.472439,0,1,0
box_detour_wall_left,oi_face_track_safe_mppi,9626,256,16,0,0,0,1,0,420,2.20284,0.0361733,154.096,0,0.546443,0.46842,0.466569,195.959,209.31,1720320,0.5026,0.5406,0,0.4668,0,1,0
box_detour_wall_left,oi_face_track_safe_mppi,9633,256,16,0,0,0,1,0,420,0.310623,0.602028,29.9764,0,0.640961,0.63836,0.42964,180.449,193.552,1720320,0.5001,0.5548,0,0.429859,0,1,0
box_detour_wall_left,oi_face_track_safe_mppi,9640,256,16,0,0,0,1,0,420,1.80605,0.159795,105.123,0,0.562108,0.520157,0.471107,197.865,210.206,1720320,0.5172,0.5835,0,0.471315,0,1,0
box_detour_wall_left,oi_face_track_safe_mppi,9647,256,16,0,0,1,1,1,124,0.205174,0.0981041,21.3377,0,0.815658,0.940793,0.492427,61.0609,65.2172,507904,0.5329,0.7886,0,0.492796,0,1,1
box_detour_wall_left,oi_face_track_safe_mppi,9654,256,16,0,0,1,1,1,125,0.186699,0.334405,8.9825,0,0.602668,0.533239,0.471406,58.9257,63.5457,512000,0.529,0.842,0,0.471782,0,1,1
box_detour_wall_left,oi_face_track_safe_mppi,9661,256,16,0,0,1,1,1,116,0.243511,0.0903414,8.60292,0,0.624426,0.619536,0.479253,55.5934,60.4822,475136,0.549,0.7865,0,0.47969,0,1,1
box_detour_wall_left,oi_face_track_safe_mppi,9668,256,16,0,0,1,1,1,137,0.225844,0.133989,21.0186,0,0.636742,0.650462,0.481126,65.9143,70.6909,561152,0.5214,0.5835,0,0.481511,0,1,1
box_detour_wall_left,oi_face_track_safe_mppi,9675,256,16,0,0,1,1,1,59,0.224538,0.0633252,6.55919,0,0.6584,0.637349,0.448958,26.4885,28.3806,241664,0.5462,0.5557,0,0.449437,0,1,1
box_detour_wall_left,oi_face_track_safe_mppi,9682,256,16,0,0,0,1,0,420,2.36342,0.0805467,173.229,0,0.563354,0.508732,0.469336,197.121,210.66,1720320,0.5133,0.7611,0,0.469567,0,1,0
box_detour_wall_left,oi_face_track_safe_mppi,9689,256,16,0,0,1,1,1,127,0.174151,0.27519,16.9718,0,0.80509,0.950612,0.479087,60.844,65.296,520192,0.5154,0.5459,0,0.479457,0,1,1
box_detour_wall_left,oi_face_track_safe_mppi,9696,256,16,0,0,1,1,1,99,0.2159,0.349198,9.10409,0,0.67232,0.691343,0.479171,47.4379,50.341,405504,0.5246,0.5888,0,0.479658,0,1,1
box_detour_wall_left,oi_face_track_safe_mppi,9703,256,16,0,0,1,1,1,172,0.227771,0.179599,34.3218,0,0.844366,1.14114,0.461798,79.4293,85.617,704512,0.5272,0.6389,0,0.462152,0,1,1
box_detour_wall_left,oi_face_track_safe_mppi,9710,256,16,0,0,1,1,1,176,0.22922,0.21082,27.7407,0,0.694181,0.721546,0.437824,77.0571,82.2837,720896,0.5274,0.5473,0,0.438144,0,1,1
box_detour_wall_left,oi_face_track_safe_mppi,9717,256,16,0,0,1,1,1,176,0.227744,0.0384529,34.1114,0,0.770316,0.998138,0.480723,84.6072,91.0767,720896,0.5257,0.5505,0,0.481269,0,1,1
box_detour_wall_left,oi_face_track_safe_mppi,9724,256,16,0,0,1,1,1,132,0.243129,0.132905,17.3084,0,0.699448,0.752075,0.466461,61.5729,65.9364,540672,0.5216,0.7418,0,0.466804,0,1,1
box_detour_wall_left,oi_face_track_safe_mppi,9731,256,16,0,0,0,1,0,420,1.73677,0.0849987,93.1916,0,0.568597,0.654074,0.510602,214.453,229.186,1720320,0.5476,0.853,0,0.510825,0,1,0
box_detour_wall_left,oi_face_track_safe_mppi,9738,256,16,0,0,1,1,1,78,0.24903,0.18605,9.32676,0,0.747903,0.855411,0.486723,37.9644,40.4513,319488,0.5235,0.555,0,0.487131,0,1,1
box_detour_wall_left,oi_face_track_safe_mppi,9745,256,16,0,0,0,1,0,420,1.79287,0.364886,71.576,0,0.757312,0.916984,0.479779,201.507,216.102,1720320,0.535,0.961,0,0.480006,0,1,0
box_detour_wall_left,oi_face_track_safe_mppi,9752,256,16,0,0,0,1,0,420,1.75251,0.060701,102.889,0,0.603568,0.644862,0.480317,201.733,216.051,1720320,0.5349,1.14,0,0.480552,0,1,0
box_detour_wall_left,oi_face_track_safe_mppi,9759,256,16,0,0,1,1,1,231,0.215326,0.0154106,34.2393,0,0.619819,0.594463,0.462555,106.85,114.46,946176,0.5176,0.7259,0,0.462869,0,1,1
box_detour_wall_left,soppi_fast,9556,256,16,1,0.01,0,1,0,420,0.322569,0.0355726,46.5862,0,0.440155,0.441029,2.87197,1206.23,1227.82,1720320,3.0057,3.3736,0,2.87228,0,1,0
box_detour_wall_left,soppi_fast,9563,256,16,1,0.01,0,1,0,420,0.925549,0.00371248,31.4537,0,0.308632,0.183363,2.92093,1226.79,1248.38,1720320,3.0173,3.3855,0,2.92122,0,1,0
box_detour_wall_left,soppi_fast,9570,256,16,1,0.01,0,1,0,420,0.87718,0.0760867,30.3306,0,0.3008,0.138161,2.9572,1242.02,1268.22,1720320,3.2875,3.7425,0,2.95752,0,1,0
box_detour_wall_left,soppi_fast,9577,256,16,1,0.01,0,1,0,420,1.604,0.426447,81.4027,0,0.27673,0.110971,2.79819,1175.24,1202.09,1720320,3.1209,3.9066,0,2.79854,0,1,0
box_detour_wall_left,soppi_fast,9584,256,16,1,0.01,0,1,0,420,2.69254,1.33676,227.826,0,0.370485,0.292271,2.89017,1213.87,1240.33,1720320,3.0792,4.3072,0,2.89054,0,1,0
box_detour_wall_left,soppi_fast,9591,256,16,1,0.01,0,1,0,420,0.932395,0.0818496,86.8057,0,0.473369,0.532595,2.91337,1223.62,1255.33,1720320,3.1312,5.0385,0,2.91376,0,1,0
box_detour_wall_left,soppi_fast,9598,256,16,1,0.01,0,1,0,420,2.20627,1.08168,148.416,0,0.30136,0.16531,3.88427,1631.4,1655.85,1720320,4.4354,4.4765,0,3.88464,0,1,0
box_detour_wall_left,soppi_fast,9605,256,16,1,0.01,0,1,0,420,0.660803,1.89818,60.2977,0,0.302816,0.142261,4.18142,1756.2,1784.31,1720320,4.4214,5.4387,0,4.18176,0,1,0
box_detour_wall_left,soppi_fast,9612,256,16,1,0.01,0,1,0,420,1.00589,0.218062,54.8389,0,0.460423,0.420716,4.421,1856.82,1886.05,1720320,4.5215,5.1022,0,4.42134,0,1,0
box_detour_wall_left,soppi_fast,9619,256,16,1,0.01,0,1,0,420,0.36651,0.0221071,49.2261,0,0.353116,0.207889,4.23282,1777.78,1809.95,1720320,4.5069,5.2664,0,4.23321,0,1,0
box_detour_wall_left,soppi_fast,9626,256,16,1,0.01,0,1,0,420,0.302869,0.306539,19.3013,0,0.410824,0.365918,4.2564,1787.69,1820.37,1720320,4.4233,5.1282,0,4.25679,0,1,0
box_detour_wall_left,soppi_fast,9633,256,16,1,0.01,1,1,1,77,0.248982,0.108599,9.56244,0,0.86465,1.09965,4.29667,330.843,336.574,315392,4.4467,5.1364,0,4.29742,0,1,1
box_detour_wall_left,soppi_fast,9640,256,16,1,0.01,0,1,0,420,0.556436,0.152336,15.8165,0,0.424147,0.388315,4.28968,1801.67,1830.09,1720320,4.5895,5.294,0,4.29002,0,1,0
box_detour_wall_left,soppi_fast,9647,256,16,1,0.01,0,1,0,420,1.72224,0.600986,95.7449,0,0.369149,0.249884,4.29114,1802.28,1833.04,1720320,4.475,5.0806,0,4.29148,0,1,0
box_detour_wall_left,soppi_fast,9654,256,16,1,0.01,0,1,0,420,0.724288,0.0687704,38.639,0,0.449176,0.464287,4.27552,1795.72,1825.28,1720320,4.5022,5.1031,0,4.2759,0,1,0
box_detour_wall_left,soppi_fast,9661,256,16,1,0.01,0,1,0,420,0.625062,0.519038,23.2487,0,0.337426,0.235384,4.28714,1800.6,1833.79,1720320,4.6055,6.6448,0,4.28751,0,1,0
box_detour_wall_left,soppi_fast,9668,256,16,1,0.01,0,1,0,420,1.87833,1.82237,147.405,0,0.338069,0.227297,4.37712,1838.39,1869.13,1720320,4.5425,5.2483,0,4.37749,0,1,0
box_detour_wall_left,soppi_fast,9675,256,16,1,0.01,0,1,0,420,1.36592,0.241569,71.4894,0,0.436829,0.401747,4.34736,1825.89,1857.98,1720320,4.5867,5.3505,0,4.34772,0,1,0
box_detour_wall_left,soppi_fast,9682,256,16,1,0.01,0,1,0,420,1.06573,0.178417,47.5144,0,0.41736,0.326869,4.29261,1802.9,1831.19,1720320,4.539,5.0184,0,4.29295,0,1,0
box_detour_wall_left,soppi_fast,9689,256,16,1,0.01,1,1,1,65,0.243307,0.0124988,5.93354,0,0.883142,1.21735,4.32711,281.262,286.084,266240,4.4938,4.5811,0,4.32783,0,1,1
box_detour_wall_left,soppi_fast,9696,256,16,1,0.01,0,1,0,420,1.79782,1.88397,142.149,0,0.31747,0.2187,4.25968,1789.07,1823.48,1720320,4.414,5.5362,0,4.26005,0,1,0
box_detour_wall_left,soppi_fast,9703,256,16,1,0.01,1,1,1,171,0.248947,0.023772,30.7016,0,0.646269,0.852638,4.3563,744.928,758.967,700416,4.5524,5.8554,0,4.35682,0,1,1
box_detour_wall_left,soppi_fast,9710,256,16,1,0.01,0,1,0,420,0.908909,0.151276,31.171,0,0.303124,0.137666,4.26524,1791.4,1816.94,1720320,4.4651,5.1246,0,4.26564,0,1,0
box_detour_wall_left,soppi_fast,9717,256,16,1,0.01,0,1,0,420,1.38243,0.207944,84.6349,0,0.451881,0.471185,4.30549,1808.31,1838.62,1720320,4.4971,5.5365,0,4.30583,0,1,0
box_detour_wall_left,soppi_fast,9724,256,16,1,0.01,0,1,0,420,2.5892,0.33123,202.222,0,0.302572,0.164056,4.22565,1774.77,1805.2,1720320,4.3934,5.1606,0,4.22601,0,1,0
box_detour_wall_left,soppi_fast,9731,256,16,1,0.01,0,1,0,420,0.648384,1.92898,61.0933,0,0.33322,0.20468,4.21054,1768.42,1801.23,1720320,4.398,4.8554,0,4.21093,0,1,0
box_detour_wall_left,soppi_fast,9738,256,16,1,0.01,1,1,1,67,0.244447,0.0889065,7.2234,0,1.02021,1.48637,4.30338,288.327,293.006,274432,4.488,5.0815,0,4.30416,0,1,1
box_detour_wall_left,soppi_fast,9745,256,16,1,0.01,0,1,0,420,0.679596,1.8996,61.2679,0,0.315201,0.156921,4.17828,1754.88,1784.34,1720320,4.4833,5.0432,0,4.17865,0,1,0
box_detour_wall_left,soppi_fast,9752,256,16,1,0.01,0,1,0,420,1.16324,0.152107,106.116,0,0.426272,0.392328,4.32306,1815.68,1843.74,1720320,4.6059,5.0117,0,4.32337,0,1,0
box_detour_wall_left,soppi_fast,9759,256,16,1,0.01,0,1,0,420,0.741592,2.0079,68.6548,0,0.318537,0.1922,3.55232,1491.98,1520.18,1720320,4.3379,5.1315,0,3.55264,0,1,0
