scenario,planner,seed,k_samples,t_horizon,grad_steps,alpha,reached_goal,collision_free,success,steps,final_distance,min_goal_distance,cumulative_cost,collisions,mean_control_delta,control_roughness,avg_control_ms,total_control_ms,episode_ms,sample_budget,p95_control_ms,max_control_ms,control_deadline_ms,avg_control_slot_ms,deadline_misses,deadline_feasible,real_time_success
box_detour_open,oi_face_rot_pstall_mppi,14256,256,16,0,0,1,1,1,53,0.229855,0.00815307,4.61267,0,0.875697,1.22897,0.132689,7.0325,7.8092,217088,0.1502,0.1725,0,0.132975,0,1,1
box_detour_open,oi_face_rot_pstall_mppi,14263,256,16,0,0,1,1,1,57,0.23925,0.264338,5.12593,0,0.831667,1.11806,0.133339,7.6003,8.3992,233472,0.1509,0.2028,0,0.133661,0,1,1
box_detour_open,oi_face_rot_pstall_mppi,14270,256,16,0,0,1,1,1,53,0.249426,0.0947738,4.6732,0,0.885779,1.16104,0.138892,7.3613,8.1927,217088,0.1626,0.1629,0,0.139206,0,1,1
box_detour_open,oi_face_rot_pstall_mppi,14277,256,16,0,0,1,1,1,62,0.249598,0.0808135,4.82856,0,1.02074,2.07224,0.155803,9.6598,11.1263,253952,0.1896,0.2071,0,0.156208,0,1,1
box_detour_open,oi_face_rot_pstall_mppi,14284,256,16,0,0,1,1,1,53,0.245184,0.0594548,4.83609,0,0.952738,1.40744,0.150994,8.0027,9.0992,217088,0.1676,0.1741,0,0.15144,0,1,1
box_detour_open,oi_face_rot_pstall_mppi,14291,256,16,0,0,1,1,1,67,0.116511,0.292264,5.20622,0,0.827392,1.17136,0.14204,9.5167,10.7887,274432,0.1744,0.2063,0,0.142393,0,1,1
box_detour_open,oi_face_rot_pstall_mppi,14298,256,16,0,0,1,1,1,61,0.23019,0.150255,4.33841,0,0.888442,1.41531,0.132234,8.0663,9.0329,249856,0.1525,0.1938,0,0.132497,0,1,1
box_detour_open,oi_face_rot_pstall_mppi,14305,256,16,0,0,1,1,1,48,0.236144,0.210701,4.37757,0,0.955029,1.37853,0.134848,6.4727,7.1585,196608,0.1551,0.1661,0,0.135177,0,1,1
box_detour_open,oi_face_rot_pstall_mppi,14312,256,16,0,0,1,1,1,62,0.236365,0.203415,4.58224,0,0.896395,1.33044,0.139939,8.6762,9.8793,253952,0.1648,0.2162,0,0.140365,0,1,1
box_detour_open,oi_face_rot_pstall_mppi,14319,256,16,0,0,1,1,1,57,0.236026,0.214761,4.75197,0,0.821951,1.14308,0.149495,8.5212,9.7354,233472,0.173,0.1869,0,0.149932,0,1,1
box_detour_open,oi_face_rot_pstall_mppi,14326,256,16,0,0,1,1,1,58,0.245056,0.0781017,5.02555,0,0.896824,1.28486,0.158753,9.2077,10.9793,237568,0.1825,0.1937,0,0.159143,0,1,1
box_detour_open,oi_face_rot_pstall_mppi,14333,256,16,0,0,1,1,1,91,0.179785,0.162984,6.5111,0,1.01407,1.89161,0.135965,12.3728,13.7857,372736,0.1702,0.2019,0,0.136208,0,1,1
box_detour_open,oi_face_rot_pstall_mppi,14340,256,16,0,0,1,1,1,49,0.221091,0.225987,4.43204,0,0.809406,1.16016,0.138906,6.8064,7.6829,200704,0.1709,0.29,0,0.13929,0,1,1
box_detour_open,oi_face_rot_pstall_mppi,14347,256,16,0,0,1,1,1,54,0.243334,0.15807,4.69694,0,1.0731,1.75751,0.146191,7.8943,9.1862,221184,0.1889,0.1982,0,0.146639,0,1,1
box_detour_open,oi_face_rot_pstall_mppi,14354,256,16,0,0,1,1,1,90,0.215145,0.0189751,6.13126,0,0.826181,1.29951,0.134132,12.0719,13.6073,368640,0.1633,0.1799,0,0.134403,0,1,1
box_detour_open,oi_face_rot_pstall_mppi,14361,256,16,0,0,1,1,1,55,0.235012,0.204009,4.26226,0,0.944868,1.57631,0.135525,7.4539,8.1686,225280,0.1447,0.1477,0,0.135782,0,1,1
box_detour_open,oi_face_rot_pstall_mppi,14368,256,16,0,0,1,1,1,56,0.210462,0.00230809,5.36541,0,0.875905,1.33085,0.160418,8.9834,10.5925,229376,0.1822,0.2361,0,0.16135,0,1,1
box_detour_open,oi_face_rot_pstall_mppi,14375,256,16,0,0,1,1,1,53,0.237395,0.136453,4.60537,0,0.993108,1.54771,0.146045,7.7404,8.9394,217088,0.172,0.2004,0,0.14693,0,1,1
box_detour_open,oi_face_rot_pstall_mppi,14382,256,16,0,0,1,1,1,50,0.235092,0.25758,4.59483,0,0.963518,1.56444,0.134854,6.7427,7.6963,204800,0.1546,0.1742,0,0.135202,0,1,1
box_detour_open,oi_face_rot_pstall_mppi,14389,256,16,0,0,1,1,1,58,0.242663,0.148257,5.0316,0,0.963296,1.52768,0.149622,8.6781,9.8639,237568,0.1753,0.3133,0,0.150003,0,1,1
box_detour_open,oi_face_rot_pstall_mppi,14396,256,16,0,0,1,1,1,63,0.227267,0.0575899,5.76232,0,1.1916,2.25368,0.156327,9.8486,11.3895,258048,0.1933,0.2089,0,0.156813,0,1,1
box_detour_open,oi_face_rot_pstall_mppi,14403,256,16,0,0,1,1,1,69,0.225306,0.0583334,5.68965,0,0.855792,1.19121,0.158736,10.9528,12.7994,282624,0.1757,0.1867,0,0.159152,0,1,1
box_detour_open,oi_face_rot_pstall_mppi,14410,256,16,0,0,1,1,1,60,0.200569,0.0857548,5.15618,0,0.922412,1.49564,0.152263,9.1358,10.6756,245760,0.185,0.2212,0,0.152662,0,1,1
box_detour_open,oi_face_rot_pstall_mppi,14417,256,16,0,0,1,1,1,48,0.246108,0.0372765,4.31193,0,0.963096,1.53425,0.131217,6.2984,6.9505,196608,0.1455,0.1555,0,0.131583,0,1,1
box_detour_open,oi_face_rot_pstall_mppi,14424,256,16,0,0,1,1,1,59,0.221293,0.314858,4.93231,0,0.991822,1.49803,0.137922,8.1374,9.3115,241664,0.1536,0.2078,0,0.138234,0,1,1
box_detour_open,oi_face_rot_pstall_mppi,14431,256,16,0,0,1,1,1,63,0.199547,0.192263,6.08883,0,0.889525,1.35465,0.133375,8.4026,9.3305,258048,0.1501,0.2038,0,0.133667,0,1,1
box_detour_open,oi_face_rot_pstall_mppi,14438,256,16,0,0,1,1,1,46,0.238253,0.0822692,4.04199,0,1.05865,1.74194,0.135798,6.2467,7.0573,188416,0.1826,0.1894,0,0.136193,0,1,1
box_detour_open,oi_face_rot_pstall_mppi,14445,256,16,0,0,1,1,1,65,0.244595,0.232002,4.79042,0,0.936838,1.56604,0.135625,8.8156,9.7353,266240,0.1502,0.1615,0,0.135938,0,1,1
box_detour_open,oi_face_rot_pstall_mppi,14452,256,16,0,0,1,1,1,53,0.226859,0.0892484,5.04168,0,0.853958,1.25636,0.135936,7.2046,7.9297,217088,0.1471,0.158,0,0.136243,0,1,1
box_detour_open,oi_face_rot_pstall_mppi,14459,256,16,0,0,1,1,1,53,0.23326,0.193989,4.39032,0,0.967963,1.31055,0.13834,7.332,8.1342,217088,0.1632,0.1714,0,0.138717,0,1,1
box_detour_open,oi_face_rot_pstall_mppi,14466,256,16,0,0,1,1,1,65,0.2027,0.171239,5.03929,0,1.62689,4.60573,0.135417,8.8021,9.6581,266240,0.1439,0.1755,0,0.13572,0,1,1
box_detour_open,oi_face_rot_pstall_mppi,14473,256,16,0,0,1,1,1,61,0.245098,0.261074,4.82035,0,0.923991,1.5114,0.136866,8.3488,9.1021,249856,0.1423,0.1598,0,0.137075,0,1,1
box_detour_open,oi_face_rot_pstall_mppi,14480,256,16,0,0,1,1,1,50,0.248691,0.183003,4.64702,0,0.932258,1.41032,0.151128,7.5564,8.2139,204800,0.1549,0.8752,0,0.151418,0,1,1
box_detour_open,oi_face_rot_pstall_mppi,14487,256,16,0,0,1,1,1,59,0.233472,0.273991,5.14346,0,1.23655,2.48242,0.138064,8.1458,8.9835,241664,0.1633,0.1887,0,0.138275,0,1,1
box_detour_open,oi_face_rot_pstall_mppi,14494,256,16,0,0,1,1,1,71,0.212511,0.105349,5.72757,0,0.978912,1.52369,0.155041,11.0079,12.6241,290816,0.1746,0.1861,0,0.155525,0,1,1
box_detour_open,oi_face_rot_pstall_mppi,14501,256,16,0,0,1,1,1,60,0.200989,0.176214,5.14633,0,1.13801,2.17454,0.137222,8.2333,9.0329,245760,0.1493,0.1558,0,0.137478,0,1,1
box_detour_open,oi_face_rot_pstall_mppi,14508,256,16,0,0,1,1,1,56,0.183633,0.205235,4.78017,0,0.762796,1.06194,0.15473,8.6649,9.908,229376,0.1833,0.2189,0,0.155039,0,1,1
box_detour_open,oi_face_rot_pstall_mppi,14515,256,16,0,0,1,1,1,58,0.212765,0.0171522,4.79062,0,0.946944,1.32065,0.140005,8.1203,9.0124,237568,0.168,0.1881,0,0.14026,0,1,1
box_detour_open,oi_face_rot_pstall_mppi,14522,256,16,0,0,1,1,1,57,0.203864,0.208346,5.22426,0,1.01047,1.56119,0.143567,8.1833,9.1825,233472,0.1754,0.1987,0,0.143946,0,1,1
box_detour_open,oi_face_rot_pstall_mppi,14529,256,16,0,0,1,1,1,72,0.219694,0.0416899,5.12156,0,0.874366,1.4664,0.142758,10.2786,11.4105,294912,0.1882,0.2058,0,0.143072,0,1,1
box_detour_open,oi_face_rot_pstall_mppi,14536,256,16,0,0,1,1,1,57,0.202368,0.123031,4.313,0,1.00392,1.58903,0.137453,7.8348,8.5413,233472,0.1489,0.1491,0,0.137702,0,1,1
box_detour_open,oi_face_rot_pstall_mppi,14543,256,16,0,0,1,1,1,93,0.167908,0.260258,7.31648,0,0.88181,1.43188,0.137629,12.7995,14.0615,380928,0.1708,0.2146,0,0.138035,0,1,1
box_detour_open,oi_face_rot_pstall_mppi,14550,256,16,0,0,1,1,1,48,0.243147,0.105062,4.32115,0,1.02464,1.52266,0.134729,6.467,7.0936,196608,0.1453,0.1465,0,0.13504,0,1,1
box_detour_open,oi_face_rot_pstall_mppi,14557,256,16,0,0,1,1,1,70,0.156855,0.315014,5.18248,0,0.847596,1.06894,0.135697,9.4988,10.39,286720,0.1453,0.1758,0,0.135951,0,1,1
box_detour_open,oi_face_rot_pstall_mppi,14564,256,16,0,0,1,1,1,56,0.245921,0.00264606,5.09667,0,0.986158,1.46514,0.134448,7.5291,8.2939,229376,0.1543,0.1683,0,0.134743,0,1,1
box_detour_open,oi_face_rot_pstall_mppi,14571,256,16,0,0,1,1,1,56,0.244339,0.0983994,4.61585,0,0.961823,1.51759,0.130943,7.3328,8.0486,229376,0.143,0.1472,0,0.131239,0,1,1
box_detour_open,oi_face_rot_pstall_mppi,14578,256,16,0,0,1,1,1,56,0.243082,0.0920965,4.91953,0,0.919211,1.41792,0.12922,7.2363,7.96,229376,0.1444,0.1577,0,0.129477,0,1,1
box_detour_open,oi_face_rot_pstall_mppi,14585,256,16,0,0,1,1,1,51,0.220697,0.0338177,4.37821,0,0.913942,1.35521,0.135912,6.9315,7.8023,208896,0.1577,0.1687,0,0.136257,0,1,1
box_detour_open,oi_face_rot_pstall_mppi,14592,256,16,0,0,1,1,1,67,0.228079,0.132587,5.56601,0,1.01368,1.62554,0.140303,9.4003,10.4767,274432,0.1643,0.213,0,0.140648,0,1,1
box_detour_open,oi_face_rot_pstall_mppi,14599,256,16,0,0,1,1,1,45,0.249979,0.101659,4.19485,0,0.93313,1.43493,0.133342,6.0004,6.6326,184320,0.1508,0.1679,0,0.133698,0,1,1
box_detour_open,oi_face_rot_pstall_mppi,14606,256,16,0,0,1,1,1,62,0.231028,0.30249,5.95783,0,0.946305,1.35574,0.132308,8.2031,9.0123,253952,0.1479,0.1934,0,0.132531,0,1,1
box_detour_open,oi_face_rot_pstall_mppi,14613,256,16,0,0,1,1,1,54,0.240581,0.0492606,4.38768,0,1.04746,1.71101,0.134517,7.2639,7.9585,221184,0.1571,0.1623,0,0.134735,0,1,1
box_detour_open,oi_face_rot_pstall_mppi,14620,256,16,0,0,1,1,1,54,0.24984,0.0964598,5.30168,0,0.963757,1.41741,0.138033,7.4538,8.4054,221184,0.1639,0.1665,0,0.138313,0,1,1
box_detour_open,oi_face_rot_pstall_mppi,14627,256,16,0,0,1,1,1,62,0.238921,0.261417,5.16949,0,1.06179,1.75894,0.139618,8.6563,9.6851,253952,0.1661,0.1754,0,0.139856,0,1,1
box_detour_open,oi_face_rot_pstall_mppi,14634,256,16,0,0,1,1,1,60,0.238545,0.222203,4.95221,0,0.959711,1.63263,0.142162,8.5297,9.5919,245760,0.183,0.2022,0,0.142525,0,1,1
box_detour_open,oi_face_rot_pstall_mppi,14641,256,16,0,0,1,1,1,55,0.236958,0.148619,4.52277,0,0.885462,1.31937,0.131167,7.2142,8.0041,225280,0.1458,0.1531,0,0.131482,0,1,1
box_detour_open,oi_face_rot_pstall_mppi,14648,256,16,0,0,1,1,1,57,0.243792,0.14594,4.75456,0,0.939171,1.38897,0.133798,7.6265,8.3774,233472,0.1469,0.1711,0,0.134042,0,1,1
box_detour_open,oi_face_rot_pstall_mppi,14655,256,16,0,0,1,1,1,67,0.0993938,0.287351,4.96518,0,0.911401,1.46851,0.135364,9.0694,9.94,274432,0.1482,0.1582,0,0.135636,0,1,1
box_detour_open,oi_face_rot_pstall_mppi,14662,256,16,0,0,1,1,1,56,0.230245,0.287974,4.48972,0,0.966732,1.53169,0.136405,7.6387,8.3971,229376,0.1629,0.1747,0,0.136652,0,1,1
box_detour_open,oi_face_rot_pstall_mppi,14669,256,16,0,0,1,1,1,61,0.236848,0.017796,5.05572,0,0.905925,1.30732,0.13408,8.1789,9.033,249856,0.1542,0.1677,0,0.134344,0,1,1
box_detour_open,oi_face_rot_pstall_mppi,14676,256,16,0,0,1,1,1,47,0.240367,0.118546,4.33997,0,0.886195,1.2484,0.1306,6.1382,6.8112,192512,0.1483,0.1612,0,0.130943,0,1,1
box_detour_open,oi_face_rot_pstall_mppi,14683,256,16,0,0,1,1,1,53,0.247232,0.0166541,4.63507,0,0.806584,1.06801,0.137145,7.2687,7.9782,217088,0.1535,0.1576,0,0.137443,0,1,1
box_detour_open,oi_face_rot_pstall_mppi,14690,256,16,0,0,1,1,1,52,0.228753,0.121307,4.75032,0,0.87008,1.17478,0.134546,6.9964,7.6724,212992,0.146,0.1521,0,0.134865,0,1,1
box_detour_open,oi_face_rot_pstall_mppi,14697,256,16,0,0,1,1,1,64,0.182744,0.274655,5.65009,0,0.906914,1.31318,0.139252,8.9121,9.9037,262144,0.1628,0.1795,0,0.13957,0,1,1
box_detour_open,oi_face_rot_pstall_mppi,14704,256,16,0,0,1,1,1,55,0.245187,0.0209401,4.45005,0,0.883052,1.29518,0.131789,7.2484,7.9592,225280,0.1476,0.1609,0,0.132056,0,1,1
box_detour_open,oi_face_rot_pstall_mppi,14711,256,16,0,0,1,1,1,64,0.214869,0.0143767,5.49033,0,0.954389,1.54738,0.132016,8.449,9.2737,262144,0.1446,0.1613,0,0.1323,0,1,1
box_detour_open,oi_face_rot_pstall_mppi,14718,256,16,0,0,1,1,1,58,0.213286,0.224611,4.91633,0,0.933556,1.46863,0.133495,7.7427,8.5349,237568,0.1561,0.1622,0,0.133805,0,1,1
box_detour_open,oi_face_rot_pstall_mppi,14725,256,16,0,0,1,1,1,67,0.148683,0.273325,5.00924,0,0.926626,1.41831,0.13607,9.1167,10.1595,274432,0.1534,0.1767,0,0.136328,0,1,1
box_detour_open,oi_face_rot_pstall_mppi,14732,256,16,0,0,1,1,1,63,0.183087,0.273351,5.04774,0,0.852643,1.21297,0.133783,8.4283,9.3074,258048,0.1572,0.1648,0,0.134057,0,1,1
box_detour_open,oi_face_rot_pstall_mppi,14739,256,16,0,0,1,1,1,85,0.21148,0.13227,7.23057,0,0.833132,1.1341,0.135174,11.4898,12.612,348160,0.1514,0.1726,0,0.135384,0,1,1
box_detour_open,oi_face_rot_pstall_mppi,14746,256,16,0,0,1,1,1,88,0.180685,0.0898097,6.34285,0,0.808996,1.20371,0.137486,12.0988,13.4654,360448,0.1598,0.2072,0,0.137734,0,1,1
box_detour_open,oi_face_rot_pstall_mppi,14753,256,16,0,0,1,1,1,60,0.23732,0.279761,5.07896,0,1.14072,1.81439,0.133317,7.999,8.8344,245760,0.1486,0.1552,0,0.133588,0,1,1
box_detour_open,oi_face_rot_pstall_mppi,14760,256,16,0,0,1,1,1,68,0.137675,0.246401,4.98731,0,0.864166,1.1805,0.136985,9.315,10.3599,278528,0.1643,0.1771,0,0.137284,0,1,1
box_detour_open,oi_face_rot_pstall_mppi,14767,256,16,0,0,1,1,1,51,0.244352,0.214792,4.87605,0,0.945558,1.3788,0.143643,7.3258,8.3471,208896,0.1689,0.2077,0,0.144047,0,1,1
box_detour_open,oi_face_rot_pstall_mppi,14774,256,16,0,0,1,1,1,65,0.181212,0.0773456,6.13157,0,0.976103,1.66785,0.16686,10.8459,12.7308,266240,0.1863,0.2146,0,0.167332,0,1,1
box_detour_open,oi_face_rot_pstall_mppi,14781,256,16,0,0,1,1,1,70,0.226818,0.28161,5.83827,0,1.0164,1.82749,0.137906,9.6534,10.5382,286720,0.153,0.1541,0,0.138149,0,1,1
box_detour_open,oi_face_rot_pstall_mppi,14788,256,16,0,0,1,1,1,67,0.24618,0.288698,5.24214,0,0.984564,1.56112,0.137106,9.1861,10.0559,274432,0.1433,0.1486,0,0.137367,0,1,1
box_detour_open,oi_face_rot_pstall_mppi,14795,256,16,0,0,1,1,1,52,0.231144,0.0240493,4.78338,0,1.00985,1.60978,0.137813,7.1663,7.9388,212992,0.1623,0.1655,0,0.138142,0,1,1
box_detour_open,oi_face_rot_pstall_mppi,14802,256,16,0,0,1,1,1,58,0.241947,0.101133,4.53806,0,1.40783,3.60324,0.137595,7.9805,8.7175,237568,0.1515,0.1769,0,0.137829,0,1,1
box_detour_open,oi_face_rot_pstall_mppi,14809,256,16,0,0,1,1,1,54,0.223485,0.182433,4.66153,0,0.874205,1.19111,0.137767,7.4394,8.1082,221184,0.1449,0.1724,0,0.137976,0,1,1
box_detour_open,oi_face_rot_pstall_mppi,14816,256,16,0,0,1,1,1,53,0.220317,0.0398857,4.37014,0,1.0393,1.73665,0.135589,7.1862,7.9369,217088,0.1518,0.1759,0,0.135842,0,1,1
box_detour_open,oi_face_rot_pstall_mppi,14823,256,16,0,0,1,1,1,55,0.231457,0.20747,4.85709,0,0.87967,1.25727,0.134155,7.3785,8.1662,225280,0.1496,0.159,0,0.134525,0,1,1
box_detour_open,oi_face_rot_pstall_mppi,14830,256,16,0,0,1,1,1,52,0.248562,0.191089,4.60575,0,1.03188,1.77053,0.142277,7.3984,8.1804,212992,0.1706,0.1861,0,0.142694,0,1,1
box_detour_open,oi_face_rot_pstall_mppi,14837,256,16,0,0,1,1,1,55,0.241364,0.296717,4.77297,0,0.995825,1.62975,0.134136,7.3775,8.1066,225280,0.1474,0.1603,0,0.134418,0,1,1
box_detour_open,oi_face_rot_pstall_mppi,14844,256,16,0,0,1,1,1,69,0.209944,0.00974345,6.44789,0,0.797396,1.07007,0.134725,9.296,10.1118,282624,0.1473,0.1542,0,0.134984,0,1,1
box_detour_open,oi_face_rot_pstall_mppi,14851,256,16,0,0,1,1,1,60,0.224857,0.188403,4.7383,0,0.918337,1.5398,0.132328,7.9397,8.8489,245760,0.155,0.1837,0,0.132627,0,1,1
box_detour_open,oi_face_rot_pstall_mppi,14858,256,16,0,0,1,1,1,63,0.160889,0.340248,4.84364,0,1.05585,2.00094,0.139471,8.7867,9.707,258048,0.1491,0.1585,0,0.139695,0,1,1
box_detour_open,oi_face_rot_pstall_mppi,14865,256,16,0,0,1,1,1,67,0.243228,0.22725,5.05274,0,0.824132,1.28661,0.139203,9.3266,10.2335,274432,0.1483,0.1591,0,0.139473,0,1,1
box_detour_open,oi_face_rot_pstall_mppi,14872,256,16,0,0,1,1,1,67,0.223329,0.333364,5.79825,0,1.07228,1.81005,0.137358,9.203,10.1255,274432,0.1537,0.1567,0,0.137696,0,1,1
box_detour_open,oi_face_rot_pstall_mppi,14879,256,16,0,0,1,1,1,57,0.223185,0.00859104,4.9213,0,1.059,2.01398,0.138225,7.8788,8.6575,233472,0.1463,0.1878,0,0.138486,0,1,1
box_detour_open,oi_face_rot_pstall_mppi,14886,256,16,0,0,1,1,1,59,0.248876,0.0239735,5.11617,0,0.811292,1.00501,0.136914,8.0779,8.87,241664,0.1443,0.1709,0,0.137195,0,1,1
box_detour_open,oi_face_rot_pstall_mppi,14893,256,16,0,0,1,1,1,68,0.249483,0.213176,6.37424,0,0.894366,1.32656,0.134128,9.1207,9.9902,278528,0.1503,0.1556,0,0.134431,0,1,1
box_detour_open,oi_face_rot_pstall_mppi,14900,256,16,0,0,1,1,1,62,0.212065,0.0151321,4.33527,0,0.835243,1.26571,0.143706,8.9098,10.0588,253952,0.1685,0.1924,0,0.144023,0,1,1
box_detour_open,oi_face_rot_pstall_mppi,14907,256,16,0,0,1,1,1,60,0.212653,0.13748,4.81112,0,0.859375,1.19595,0.136912,8.2147,8.9523,245760,0.1439,0.1547,0,0.137175,0,1,1
box_detour_open,oi_face_rot_pstall_mppi,14914,256,16,0,0,1,1,1,44,0.226352,0.0104901,4.40829,0,0.973194,1.87814,0.133734,5.8843,6.4309,180224,0.144,0.1648,0,0.134114,0,1,1
box_detour_open,oi_face_rot_pstall_mppi,14921,256,16,0,0,1,1,1,55,0.244782,0.300439,4.7638,0,0.928103,1.43476,0.136545,7.51,8.1957,225280,0.1463,0.176,0,0.136771,0,1,1
box_detour_open,oi_face_rot_pstall_mppi,14928,256,16,0,0,1,1,1,54,0.228405,0.164273,4.75707,0,0.940663,1.2696,0.137093,7.403,8.0551,221184,0.1491,0.1623,0,0.137341,0,1,1
box_detour_open,oi_face_rot_pstall_mppi,14935,256,16,0,0,1,1,1,56,0.238368,0.0262412,4.53324,0,1.02203,1.68139,0.134264,7.5188,8.2155,229376,0.151,0.1711,0,0.134493,0,1,1
box_detour_open,oi_face_rot_pstall_mppi,14942,256,16,0,0,1,1,1,54,0.219651,0.131941,4.7314,0,0.888719,1.21381,0.137161,7.4067,8.1417,221184,0.1466,0.1552,0,0.137396,0,1,1
box_detour_open,oi_face_rot_pstall_mppi,14949,256,16,0,0,1,1,1,59,0.223541,0.0308326,4.72735,0,1.0214,1.544,0.137537,8.1147,8.9078,241664,0.1565,0.1735,0,0.137781,0,1,1
box_detour_open,oi_face_rot_stall_mppi,14256,256,16,0,0,1,1,1,53,0.229855,0.00815307,4.61267,0,0.875697,1.22897,0.137353,7.2797,7.9023,217088,0.1446,0.153,0,0.137609,0,1,1
box_detour_open,oi_face_rot_stall_mppi,14263,256,16,0,0,1,1,1,57,0.23925,0.264338,5.12593,0,0.831667,1.11806,0.134626,7.6737,8.4263,233472,0.1423,0.1535,0,0.134893,0,1,1
box_detour_open,oi_face_rot_stall_mppi,14270,256,16,0,0,1,1,1,53,0.249426,0.0947738,4.6732,0,0.885779,1.16104,0.135506,7.1818,7.9046,217088,0.1496,0.1542,0,0.135808,0,1,1
box_detour_open,oi_face_rot_stall_mppi,14277,256,16,0,0,1,1,1,62,0.249598,0.0808135,4.82856,0,1.02074,2.07224,0.133524,8.2785,9.0329,253952,0.1436,0.1483,0,0.133755,0,1,1
box_detour_open,oi_face_rot_stall_mppi,14284,256,16,0,0,1,1,1,53,0.245184,0.0594548,4.83609,0,0.952738,1.40744,0.138117,7.3202,8.2111,217088,0.1719,0.1885,0,0.138487,0,1,1
box_detour_open,oi_face_rot_stall_mppi,14291,256,16,0,0,1,1,1,67,0.116511,0.292264,5.20622,0,0.827392,1.17136,0.136773,9.1638,9.9833,274432,0.1463,0.1723,0,0.137028,0,1,1
box_detour_open,oi_face_rot_stall_mppi,14298,256,16,0,0,1,1,1,61,0.23019,0.150255,4.33841,0,0.888442,1.41531,0.136777,8.3434,9.1,249856,0.1472,0.1754,0,0.137005,0,1,1
box_detour_open,oi_face_rot_stall_mppi,14305,256,16,0,0,1,1,1,48,0.236144,0.210701,4.37757,0,0.955029,1.37853,0.137362,6.5934,7.2814,196608,0.1461,0.155,0,0.137677,0,1,1
box_detour_open,oi_face_rot_stall_mppi,14312,256,16,0,0,1,1,1,62,0.236365,0.203415,4.58224,0,0.896395,1.33044,0.137624,8.5327,9.335,253952,0.1444,0.187,0,0.13785,0,1,1
box_detour_open,oi_face_rot_stall_mppi,14319,256,16,0,0,1,1,1,57,0.236026,0.214761,4.75197,0,0.821951,1.14308,0.1354,7.7178,8.41,233472,0.1437,0.1586,0,0.135642,0,1,1
box_detour_open,oi_face_rot_stall_mppi,14326,256,16,0,0,1,1,1,58,0.245056,0.0781017,5.02555,0,0.896824,1.28486,0.137483,7.974,8.6859,237568,0.1478,0.1539,0,0.137712,0,1,1
box_detour_open,oi_face_rot_stall_mppi,14333,256,16,0,0,1,1,1,91,0.179785,0.162984,6.5111,0,1.01407,1.89161,0.135227,12.3057,13.3735,372736,0.1448,0.1531,0,0.135408,0,1,1
box_detour_open,oi_face_rot_stall_mppi,14340,256,16,0,0,1,1,1,49,0.221091,0.225987,4.43204,0,0.809406,1.16016,0.133133,6.5235,7.0926,200704,0.1459,0.1551,0,0.133388,0,1,1
box_detour_open,oi_face_rot_stall_mppi,14347,256,16,0,0,1,1,1,54,0.243334,0.15807,4.69694,0,1.0731,1.75751,0.13695,7.3953,8.1288,221184,0.1528,0.1985,0,0.137235,0,1,1
box_detour_open,oi_face_rot_stall_mppi,14354,256,16,0,0,1,1,1,90,0.215145,0.0189751,6.13126,0,0.826181,1.29951,0.135314,12.1783,13.3304,368640,0.1532,0.1715,0,0.135521,0,1,1
box_detour_open,oi_face_rot_stall_mppi,14361,256,16,0,0,1,1,1,55,0.235012,0.204009,4.26226,0,0.944868,1.57631,0.136075,7.4841,8.2379,225280,0.1462,0.1506,0,0.136358,0,1,1
box_detour_open,oi_face_rot_stall_mppi,14368,256,16,0,0,1,1,1,56,0.210462,0.00230809,5.36541,0,0.875905,1.33085,0.136887,7.6657,8.3928,229376,0.1494,0.1614,0,0.137154,0,1,1
box_detour_open,oi_face_rot_stall_mppi,14375,256,16,0,0,1,1,1,53,0.237395,0.136453,4.60537,0,0.993108,1.54771,0.140313,7.4366,8.1901,217088,0.1598,0.1824,0,0.1406,0,1,1
box_detour_open,oi_face_rot_stall_mppi,14382,256,16,0,0,1,1,1,50,0.235092,0.25758,4.59483,0,0.963518,1.56444,0.134856,6.7428,7.3706,204800,0.159,0.1635,0,0.135144,0,1,1
box_detour_open,oi_face_rot_stall_mppi,14389,256,16,0,0,1,1,1,58,0.242663,0.148257,5.0316,0,0.963296,1.52768,0.138759,8.048,8.832,237568,0.1493,0.1527,0,0.138981,0,1,1
box_detour_open,oi_face_rot_stall_mppi,14396,256,16,0,0,1,1,1,63,0.227267,0.0575899,5.76232,0,1.1916,2.25368,0.137546,8.6654,9.4567,258048,0.148,0.1545,0,0.137749,0,1,1
box_detour_open,oi_face_rot_stall_mppi,14403,256,16,0,0,1,1,1,69,0.225306,0.0583334,5.68965,0,0.855792,1.19121,0.1354,9.3426,10.1501,282624,0.1425,0.1809,0,0.13562,0,1,1
box_detour_open,oi_face_rot_stall_mppi,14410,256,16,0,0,1,1,1,60,0.200569,0.0857548,5.15618,0,0.922412,1.49564,0.137822,8.2693,9.1386,245760,0.1507,0.1681,0,0.138088,0,1,1
box_detour_open,oi_face_rot_stall_mppi,14417,256,16,0,0,1,1,1,48,0.246108,0.0372765,4.31193,0,0.963096,1.53425,0.13694,6.5731,7.1947,196608,0.1475,0.1704,0,0.137221,0,1,1
box_detour_open,oi_face_rot_stall_mppi,14424,256,16,0,0,1,1,1,59,0.221293,0.314858,4.93231,0,0.991822,1.49803,0.138407,8.166,9.2534,241664,0.1536,0.1589,0,0.138775,0,1,1
box_detour_open,oi_face_rot_stall_mppi,14431,256,16,0,0,1,1,1,63,0.199547,0.192263,6.08883,0,0.889525,1.35465,0.136829,8.6202,9.4782,258048,0.1511,0.1604,0,0.137124,0,1,1
box_detour_open,oi_face_rot_stall_mppi,14438,256,16,0,0,1,1,1,46,0.238253,0.0822692,4.04199,0,1.05865,1.74194,0.138622,6.3766,7.1494,188416,0.1602,0.1652,0,0.13908,0,1,1
box_detour_open,oi_face_rot_stall_mppi,14445,256,16,0,0,1,1,1,65,0.244595,0.232002,4.79042,0,0.936838,1.56604,0.134774,8.7603,9.6486,266240,0.1507,0.1567,0,0.135085,0,1,1
box_detour_open,oi_face_rot_stall_mppi,14452,256,16,0,0,1,1,1,53,0.226859,0.0892484,5.04168,0,0.853958,1.25636,0.136796,7.2502,7.9684,217088,0.1495,0.1542,0,0.137057,0,1,1
box_detour_open,oi_face_rot_stall_mppi,14459,256,16,0,0,1,1,1,53,0.23326,0.193989,4.39032,0,0.967963,1.31055,0.137092,7.2659,7.9609,217088,0.1431,0.1502,0,0.137343,0,1,1
box_detour_open,oi_face_rot_stall_mppi,14466,256,16,0,0,1,1,1,65,0.2027,0.171239,5.03929,0,1.62689,4.60573,0.139183,9.0469,9.9486,266240,0.154,0.18,0,0.139431,0,1,1
box_detour_open,oi_face_rot_stall_mppi,14473,256,16,0,0,1,1,1,61,0.245098,0.261074,4.82035,0,0.923991,1.5114,0.13627,8.3125,9.085,249856,0.1463,0.1654,0,0.136487,0,1,1
box_detour_open,oi_face_rot_stall_mppi,14480,256,16,0,0,1,1,1,50,0.248691,0.183003,4.64702,0,0.932258,1.41032,0.129552,6.4776,7.1671,204800,0.1445,0.1675,0,0.129936,0,1,1
box_detour_open,oi_face_rot_stall_mppi,14487,256,16,0,0,1,1,1,59,0.233472,0.273991,5.14346,0,1.23655,2.48242,0.136242,8.0383,8.8036,241664,0.1474,0.1554,0,0.136475,0,1,1
box_detour_open,oi_face_rot_stall_mppi,14494,256,16,0,0,1,1,1,71,0.212511,0.105349,5.72757,0,0.978912,1.52369,0.136255,9.6741,10.5764,290816,0.1431,0.1551,0,0.136482,0,1,1
box_detour_open,oi_face_rot_stall_mppi,14501,256,16,0,0,1,1,1,60,0.200989,0.176214,5.14633,0,1.13801,2.17454,0.133545,8.0127,8.7433,245760,0.1435,0.1467,0,0.13378,0,1,1
box_detour_open,oi_face_rot_stall_mppi,14508,256,16,0,0,1,1,1,56,0.183633,0.205235,4.78017,0,0.762796,1.06194,0.134921,7.5556,8.3365,229376,0.1485,0.1706,0,0.1352,0,1,1
box_detour_open,oi_face_rot_stall_mppi,14515,256,16,0,0,1,1,1,58,0.212765,0.0171522,4.79062,0,0.946944,1.32065,0.137153,7.9549,8.6737,237568,0.1529,0.1738,0,0.137416,0,1,1
box_detour_open,oi_face_rot_stall_mppi,14522,256,16,0,0,1,1,1,57,0.203864,0.208346,5.22426,0,1.01047,1.56119,0.137425,7.8332,8.5506,233472,0.1542,0.1844,0,0.137733,0,1,1
box_detour_open,oi_face_rot_stall_mppi,14529,256,16,0,0,1,1,1,72,0.219694,0.0416899,5.12156,0,0.874366,1.4664,0.134821,9.7071,10.6124,294912,0.1478,0.1699,0,0.135147,0,1,1
box_detour_open,oi_face_rot_stall_mppi,14536,256,16,0,0,1,1,1,57,0.202368,0.123031,4.313,0,1.00392,1.58903,0.136496,7.7803,8.4778,233472,0.1451,0.1473,0,0.136751,0,1,1
box_detour_open,oi_face_rot_stall_mppi,14543,256,16,0,0,1,1,1,93,0.167908,0.260258,7.31648,0,0.88181,1.43188,0.138317,12.8635,14.1744,380928,0.1582,0.1882,0,0.138553,0,1,1
box_detour_open,oi_face_rot_stall_mppi,14550,256,16,0,0,1,1,1,48,0.243147,0.105062,4.32115,0,1.02464,1.52266,0.13809,6.6283,7.2653,196608,0.1435,0.1505,0,0.13835,0,1,1
box_detour_open,oi_face_rot_stall_mppi,14557,256,16,0,0,1,1,1,70,0.156855,0.315014,5.18248,0,0.847596,1.06894,0.136404,9.5483,10.4299,286720,0.1464,0.155,0,0.136636,0,1,1
box_detour_open,oi_face_rot_stall_mppi,14564,256,16,0,0,1,1,1,56,0.245921,0.00264606,5.09667,0,0.986158,1.46514,0.137202,7.6833,8.3591,229376,0.1478,0.155,0,0.137425,0,1,1
box_detour_open,oi_face_rot_stall_mppi,14571,256,16,0,0,1,1,1,56,0.244339,0.0983994,4.61585,0,0.961823,1.51759,0.137479,7.6988,8.5105,229376,0.1454,0.1699,0,0.137768,0,1,1
box_detour_open,oi_face_rot_stall_mppi,14578,256,16,0,0,1,1,1,56,0.243082,0.0920965,4.91953,0,0.919211,1.41792,0.137545,7.7025,8.5235,229376,0.1624,0.1714,0,0.137846,0,1,1
box_detour_open,oi_face_rot_stall_mppi,14585,256,16,0,0,1,1,1,51,0.220697,0.0338177,4.37821,0,0.913942,1.35521,0.132759,6.7707,7.3995,208896,0.146,0.1615,0,0.133076,0,1,1
box_detour_open,oi_face_rot_stall_mppi,14592,256,16,0,0,1,1,1,67,0.228079,0.132587,5.56601,0,1.01368,1.62554,0.143704,9.6282,10.7521,274432,0.169,0.1728,0,0.144039,0,1,1
box_detour_open,oi_face_rot_stall_mppi,14599,256,16,0,0,1,1,1,45,0.249979,0.101659,4.19485,0,0.93313,1.43493,0.137231,6.1754,6.7261,184320,0.1442,0.1535,0,0.137542,0,1,1
box_detour_open,oi_face_rot_stall_mppi,14606,256,16,0,0,1,1,1,62,0.231028,0.30249,5.95783,0,0.946305,1.35574,0.136677,8.474,9.2311,253952,0.1458,0.1587,0,0.136931,0,1,1
box_detour_open,oi_face_rot_stall_mppi,14613,256,16,0,0,1,1,1,54,0.240581,0.0492606,4.38768,0,1.04746,1.71101,0.137583,7.4295,8.1351,221184,0.1541,0.1847,0,0.137856,0,1,1
box_detour_open,oi_face_rot_stall_mppi,14620,256,16,0,0,1,1,1,54,0.24984,0.0964598,5.30168,0,0.963757,1.41741,0.131557,7.1041,7.9818,221184,0.1481,0.1511,0,0.131857,0,1,1
box_detour_open,oi_face_rot_stall_mppi,14627,256,16,0,0,1,1,1,62,0.238921,0.261417,5.16949,0,1.06179,1.75894,0.134044,8.3107,9.2321,253952,0.1499,0.1534,0,0.134285,0,1,1
box_detour_open,oi_face_rot_stall_mppi,14634,256,16,0,0,1,1,1,60,0.238545,0.222203,4.95221,0,0.959711,1.63263,0.136392,8.1835,8.9508,245760,0.1467,0.1518,0,0.136613,0,1,1
box_detour_open,oi_face_rot_stall_mppi,14641,256,16,0,0,1,1,1,55,0.236958,0.148619,4.52277,0,0.885462,1.31937,0.137578,7.5668,8.3026,225280,0.1561,0.1636,0,0.137822,0,1,1
box_detour_open,oi_face_rot_stall_mppi,14648,256,16,0,0,1,1,1,57,0.243792,0.14594,4.75456,0,0.939171,1.38897,0.137844,7.8571,8.6981,233472,0.1545,0.178,0,0.138079,0,1,1
box_detour_open,oi_face_rot_stall_mppi,14655,256,16,0,0,1,1,1,67,0.0993938,0.287351,4.96518,0,0.911401,1.46851,0.134907,9.0388,9.9534,274432,0.1483,0.1664,0,0.135221,0,1,1
box_detour_open,oi_face_rot_stall_mppi,14662,256,16,0,0,1,1,1,56,0.230245,0.287974,4.48972,0,0.966732,1.53169,0.136432,7.6402,8.2852,229376,0.1439,0.1741,0,0.136654,0,1,1
box_detour_open,oi_face_rot_stall_mppi,14669,256,16,0,0,1,1,1,61,0.236848,0.017796,5.05572,0,0.905925,1.30732,0.146705,8.949,9.9612,249856,0.174,0.177,0,0.146995,0,1,1
box_detour_open,oi_face_rot_stall_mppi,14676,256,16,0,0,1,1,1,47,0.240367,0.118546,4.33997,0,0.886195,1.2484,0.13546,6.3666,6.9893,192512,0.1442,0.1516,0,0.135811,0,1,1
box_detour_open,oi_face_rot_stall_mppi,14683,256,16,0,0,1,1,1,53,0.247232,0.0166541,4.63507,0,0.806584,1.06801,0.140034,7.4218,8.2145,217088,0.1604,0.1648,0,0.140368,0,1,1
box_detour_open,oi_face_rot_stall_mppi,14690,256,16,0,0,1,1,1,52,0.228753,0.121307,4.75032,0,0.87008,1.17478,0.137538,7.152,7.8364,212992,0.1484,0.1521,0,0.137835,0,1,1
box_detour_open,oi_face_rot_stall_mppi,14697,256,16,0,0,1,1,1,64,0.182744,0.274655,5.65009,0,0.906914,1.31318,0.141041,9.0266,9.9026,262144,0.1725,0.1814,0,0.141395,0,1,1
box_detour_open,oi_face_rot_stall_mppi,14704,256,16,0,0,1,1,1,55,0.245187,0.0209401,4.45005,0,0.883052,1.29518,0.171358,9.4247,10.8294,225280,0.1766,0.919,0,0.171782,0,1,1
box_detour_open,oi_face_rot_stall_mppi,14711,256,16,0,0,1,1,1,64,0.214869,0.0143767,5.49033,0,0.954389,1.54738,0.137839,8.8217,9.6115,262144,0.1463,0.1616,0,0.138114,0,1,1
box_detour_open,oi_face_rot_stall_mppi,14718,256,16,0,0,1,1,1,58,0.213286,0.224611,4.91633,0,0.933556,1.46863,0.136903,7.9404,8.682,237568,0.1443,0.1448,0,0.137109,0,1,1
box_detour_open,oi_face_rot_stall_mppi,14725,256,16,0,0,1,1,1,67,0.148683,0.273325,5.00924,0,0.926626,1.41831,0.136807,9.1661,10.1756,274432,0.1739,0.1904,0,0.137127,0,1,1
box_detour_open,oi_face_rot_stall_mppi,14732,256,16,0,0,1,1,1,63,0.183087,0.273351,5.04774,0,0.852643,1.21297,0.133462,8.4081,9.3916,258048,0.1479,0.1641,0,0.133759,0,1,1
box_detour_open,oi_face_rot_stall_mppi,14739,256,16,0,0,1,1,1,85,0.21148,0.13227,7.23057,0,0.833132,1.1341,0.13908,11.8218,13.4106,348160,0.1697,0.179,0,0.139367,0,1,1
box_detour_open,oi_face_rot_stall_mppi,14746,256,16,0,0,1,1,1,88,0.180685,0.0898097,6.34285,0,0.808996,1.20371,0.137018,12.0576,13.3297,360448,0.1545,0.1775,0,0.137267,0,1,1
box_detour_open,oi_face_rot_stall_mppi,14753,256,16,0,0,1,1,1,60,0.23732,0.279761,5.07896,0,1.14072,1.81439,0.136532,8.1919,9.2533,245760,0.1578,0.1654,0,0.136852,0,1,1
box_detour_open,oi_face_rot_stall_mppi,14760,256,16,0,0,1,1,1,68,0.137675,0.246401,4.98731,0,0.864166,1.1805,0.175147,11.91,14.0903,278528,0.1956,0.2101,0,0.175729,0,1,1
box_detour_open,oi_face_rot_stall_mppi,14767,256,16,0,0,1,1,1,51,0.244352,0.214792,4.87605,0,0.945558,1.3788,0.158557,8.0864,9.2404,208896,0.2362,0.2573,0,0.15908,0,1,1
box_detour_open,oi_face_rot_stall_mppi,14774,256,16,0,0,1,1,1,65,0.181212,0.0773456,6.13157,0,0.976103,1.66785,0.136286,8.8586,10.1002,266240,0.1681,0.18,0,0.136635,0,1,1
box_detour_open,oi_face_rot_stall_mppi,14781,256,16,0,0,1,1,1,70,0.226818,0.28161,5.83827,0,1.0164,1.82749,0.150997,10.5698,12.1211,286720,0.2064,0.2703,0,0.151466,0,1,1
box_detour_open,oi_face_rot_stall_mppi,14788,256,16,0,0,1,1,1,67,0.24618,0.288698,5.24214,0,0.984564,1.56112,0.175551,11.7619,14.0701,274432,0.2787,0.3286,0,0.176257,0,1,1
box_detour_open,oi_face_rot_stall_mppi,14795,256,16,0,0,1,1,1,52,0.231144,0.0240493,4.78338,0,1.00985,1.60978,0.163012,8.4766,9.9044,212992,0.2097,0.3429,0,0.164085,0,1,1
box_detour_open,oi_face_rot_stall_mppi,14802,256,16,0,0,1,1,1,58,0.241947,0.101133,4.53806,0,1.40783,3.60324,0.181653,10.5359,12.3072,237568,0.2437,0.6195,0,0.182324,0,1,1
box_detour_open,oi_face_rot_stall_mppi,14809,256,16,0,0,1,1,1,54,0.223485,0.182433,4.66153,0,0.874205,1.19111,0.189435,10.2295,12.0755,221184,0.3091,0.3661,0,0.19013,0,1,1
box_detour_open,oi_face_rot_stall_mppi,14816,256,16,0,0,1,1,1,53,0.220317,0.0398857,4.37014,0,1.0393,1.73665,0.167055,8.8539,10.3956,217088,0.2261,0.2595,0,0.16766,0,1,1
box_detour_open,oi_face_rot_stall_mppi,14823,256,16,0,0,1,1,1,55,0.231457,0.20747,4.85709,0,0.87967,1.25727,0.149487,8.2218,9.5004,225280,0.1942,0.2311,0,0.149989,0,1,1
box_detour_open,oi_face_rot_stall_mppi,14830,256,16,0,0,1,1,1,52,0.248562,0.191089,4.60575,0,1.03188,1.77053,0.161146,8.3796,10.0278,212992,0.1874,0.2425,0,0.161719,0,1,1
box_detour_open,oi_face_rot_stall_mppi,14837,256,16,0,0,1,1,1,55,0.241364,0.296717,4.77297,0,0.995825,1.62975,0.173756,9.5566,11.3115,225280,0.2032,0.2054,0,0.174304,0,1,1
box_detour_open,oi_face_rot_stall_mppi,14844,256,16,0,0,1,1,1,69,0.209944,0.00974345,6.44789,0,0.797396,1.07007,0.162359,11.2028,13.1643,282624,0.2029,0.245,0,0.16282,0,1,1
box_detour_open,oi_face_rot_stall_mppi,14851,256,16,0,0,1,1,1,60,0.224857,0.188403,4.7383,0,0.918337,1.5398,0.171788,10.3073,12.096,245760,0.2316,0.5544,0,0.17239,0,1,1
box_detour_open,oi_face_rot_stall_mppi,14858,256,16,0,0,1,1,1,63,0.160889,0.340248,4.84364,0,1.05585,2.00094,0.149884,9.4427,10.9016,258048,0.192,0.2109,0,0.150352,0,1,1
box_detour_open,oi_face_rot_stall_mppi,14865,256,16,0,0,1,1,1,67,0.243228,0.22725,5.05274,0,0.824132,1.28661,0.174609,11.6988,14.5354,274432,0.2102,0.2279,0,0.175184,0,1,1
box_detour_open,oi_face_rot_stall_mppi,14872,256,16,0,0,1,1,1,67,0.223329,0.333364,5.79825,0,1.07228,1.81005,0.145733,9.7641,11.1253,274432,0.1789,0.1975,0,0.14616,0,1,1
box_detour_open,oi_face_rot_stall_mppi,14879,256,16,0,0,1,1,1,57,0.223185,0.00859104,4.9213,0,1.059,2.01398,0.165512,9.4342,11.034,233472,0.2161,0.2642,0,0.166091,0,1,1
box_detour_open,oi_face_rot_stall_mppi,14886,256,16,0,0,1,1,1,59,0.248876,0.0239735,5.11617,0,0.811292,1.00501,0.146754,8.6585,9.7082,241664,0.1864,0.6912,0,0.147132,0,1,1
box_detour_open,oi_face_rot_stall_mppi,14893,256,16,0,0,1,1,1,68,0.249483,0.213176,6.37424,0,0.894366,1.32656,0.16595,11.2846,13.5062,278528,0.1956,0.226,0,0.166501,0,1,1
box_detour_open,oi_face_rot_stall_mppi,14900,256,16,0,0,1,1,1,62,0.212065,0.0151321,4.33527,0,0.835243,1.26571,0.147616,9.1522,10.3908,253952,0.1786,0.2013,0,0.148039,0,1,1
box_detour_open,oi_face_rot_stall_mppi,14907,256,16,0,0,1,1,1,60,0.212653,0.13748,4.81112,0,0.859375,1.19595,0.166937,10.0162,11.6683,245760,0.1963,0.2053,0,0.167393,0,1,1
box_detour_open,oi_face_rot_stall_mppi,14914,256,16,0,0,1,1,1,44,0.226352,0.0104901,4.40829,0,0.973194,1.87814,0.157018,6.9088,8.1096,180224,0.1938,0.2085,0,0.157545,0,1,1
box_detour_open,oi_face_rot_stall_mppi,14921,256,16,0,0,1,1,1,55,0.244782,0.300439,4.7638,0,0.928103,1.43476,0.163809,9.0095,10.3877,225280,0.2172,0.3047,0,0.164418,0,1,1
box_detour_open,oi_face_rot_stall_mppi,14928,256,16,0,0,1,1,1,54,0.228405,0.164273,4.75707,0,0.940663,1.2696,0.144848,7.8218,8.8875,221184,0.1901,0.1998,0,0.145248,0,1,1
box_detour_open,oi_face_rot_stall_mppi,14935,256,16,0,0,1,1,1,56,0.238368,0.0262412,4.53324,0,1.02203,1.68139,0.149902,8.3945,9.6522,229376,0.1855,0.1956,0,0.150339,0,1,1
box_detour_open,oi_face_rot_stall_mppi,14942,256,16,0,0,1,1,1,54,0.219651,0.131941,4.7314,0,0.888719,1.21381,0.140981,7.613,8.5948,221184,0.1858,0.193,0,0.141385,0,1,1
box_detour_open,oi_face_rot_stall_mppi,14949,256,16,0,0,1,1,1,59,0.223541,0.0308326,4.72735,0,1.0214,1.544,0.162281,9.5746,11.2148,241664,0.204,0.2071,0,0.162758,0,1,1
box_detour_open,oi_face_rot_wide_mppi,14256,256,16,0,0,1,1,1,53,0.229855,0.00815307,4.61267,0,0.875697,1.22897,0.178694,9.4708,11.3169,217088,0.2077,0.2277,0,0.179319,0,1,1
box_detour_open,oi_face_rot_wide_mppi,14263,256,16,0,0,1,1,1,57,0.23925,0.264338,5.12593,0,0.831667,1.11806,0.178381,10.1677,11.736,233472,0.2047,0.2576,0,0.178898,0,1,1
box_detour_open,oi_face_rot_wide_mppi,14270,256,16,0,0,1,1,1,53,0.249426,0.0947738,4.6732,0,0.885779,1.16104,0.147008,7.7914,8.9423,217088,0.2121,0.3461,0,0.147398,0,1,1
box_detour_open,oi_face_rot_wide_mppi,14277,256,16,0,0,1,1,1,62,0.249598,0.0808135,4.82856,0,1.02074,2.07224,0.182137,11.2925,13.1507,253952,0.232,0.5273,0,0.183026,0,1,1
box_detour_open,oi_face_rot_wide_mppi,14284,256,16,0,0,1,1,1,53,0.245184,0.0594548,4.83609,0,0.952738,1.40744,0.161632,8.5665,10.0221,217088,0.205,0.2175,0,0.162208,0,1,1
box_detour_open,oi_face_rot_wide_mppi,14291,256,16,0,0,1,1,1,67,0.116511,0.292264,5.20622,0,0.827392,1.17136,0.209846,14.0597,16.754,274432,0.2081,2.527,0,0.210428,0,1,1
box_detour_open,oi_face_rot_wide_mppi,14298,256,16,0,0,1,1,1,61,0.23019,0.150255,4.33841,0,0.888442,1.41531,0.15201,9.2726,10.6212,249856,0.1897,0.2609,0,0.152505,0,1,1
box_detour_open,oi_face_rot_wide_mppi,14305,256,16,0,0,1,1,1,48,0.236144,0.210701,4.37757,0,0.955029,1.37853,0.139381,6.6903,7.6296,196608,0.1603,0.1756,0,0.139819,0,1,1
box_detour_open,oi_face_rot_wide_mppi,14312,256,16,0,0,1,1,1,62,0.236365,0.203415,4.58224,0,0.896395,1.33044,0.143134,8.8743,10.0769,253952,0.1781,0.1931,0,0.143429,0,1,1
box_detour_open,oi_face_rot_wide_mppi,14319,256,16,0,0,1,1,1,57,0.236026,0.214761,4.75197,0,0.821951,1.14308,0.162963,9.2889,10.9332,233472,0.1932,0.2055,0,0.163525,0,1,1
box_detour_open,oi_face_rot_wide_mppi,14326,256,16,0,0,1,1,1,58,0.245056,0.0781017,5.02555,0,0.896824,1.28486,0.151114,8.7646,10.1047,237568,0.2247,0.2534,0,0.151628,0,1,1
box_detour_open,oi_face_rot_wide_mppi,14333,256,16,0,0,1,1,1,91,0.179785,0.162984,6.5111,0,1.01407,1.89161,0.166975,15.1947,17.3782,372736,0.2015,0.2439,0,0.167355,0,1,1
box_detour_open,oi_face_rot_wide_mppi,14340,256,16,0,0,1,1,1,49,0.221091,0.225987,4.43204,0,0.809406,1.16016,0.146565,7.1817,8.3186,200704,0.1707,0.1783,0,0.147149,0,1,1
box_detour_open,oi_face_rot_wide_mppi,14347,256,16,0,0,1,1,1,54,0.243334,0.15807,4.69694,0,1.0731,1.75751,0.170748,9.2204,10.8603,221184,0.198,0.2303,0,0.171307,0,1,1
box_detour_open,oi_face_rot_wide_mppi,14354,256,16,0,0,1,1,1,90,0.215145,0.0189751,6.13126,0,0.826181,1.29951,0.184727,16.6254,19.6196,368640,0.2411,0.4896,0,0.185198,0,1,1
box_detour_open,oi_face_rot_wide_mppi,14361,256,16,0,0,1,1,1,55,0.235012,0.204009,4.26226,0,0.944868,1.57631,0.146998,8.0849,9.3136,225280,0.1807,0.2006,0,0.147465,0,1,1
box_detour_open,oi_face_rot_wide_mppi,14368,256,16,0,0,1,1,1,56,0.210462,0.00230809,5.36541,0,0.875905,1.33085,0.1537,8.6072,9.8929,229376,0.1858,0.2389,0,0.154179,0,1,1
box_detour_open,oi_face_rot_wide_mppi,14375,256,16,0,0,1,1,1,53,0.237395,0.136453,4.60537,0,0.993108,1.54771,0.176228,9.3401,11.2313,217088,0.1971,0.21,0,0.176898,0,1,1
box_detour_open,oi_face_rot_wide_mppi,14382,256,16,0,0,1,1,1,50,0.235092,0.25758,4.59483,0,0.963518,1.56444,0.141486,7.0743,7.9429,204800,0.189,0.2034,0,0.141916,0,1,1
box_detour_open,oi_face_rot_wide_mppi,14389,256,16,0,0,1,1,1,58,0.242663,0.148257,5.0316,0,0.963296,1.52768,0.169367,9.8233,10.9979,237568,0.2234,1.4134,0,0.169736,0,1,1
box_detour_open,oi_face_rot_wide_mppi,14396,256,16,0,0,1,1,1,63,0.227267,0.0575899,5.76232,0,1.1916,2.25368,0.152578,9.6124,11.1688,258048,0.1876,0.2077,0,0.153052,0,1,1
box_detour_open,oi_face_rot_wide_mppi,14403,256,16,0,0,1,1,1,69,0.225306,0.0583334,5.68965,0,0.855792,1.19121,0.178701,12.3304,14.6534,282624,0.2155,0.2294,0,0.179391,0,1,1
box_detour_open,oi_face_rot_wide_mppi,14410,256,16,0,0,1,1,1,60,0.200569,0.0857548,5.15618,0,0.922412,1.49564,0.17924,10.7544,12.9362,245760,0.202,0.2061,0,0.179793,0,1,1
box_detour_open,oi_face_rot_wide_mppi,14417,256,16,0,0,1,1,1,48,0.246108,0.0372765,4.31193,0,0.963096,1.53425,0.144771,6.949,7.8106,196608,0.1667,0.1992,0,0.145283,0,1,1
box_detour_open,oi_face_rot_wide_mppi,14424,256,16,0,0,1,1,1,59,0.221293,0.314858,4.93231,0,0.991822,1.49803,0.170903,10.0833,11.9496,241664,0.2464,0.3399,0,0.171476,0,1,1
box_detour_open,oi_face_rot_wide_mppi,14431,256,16,0,0,1,1,1,63,0.199547,0.192263,6.08883,0,0.889525,1.35465,0.156657,9.8694,11.4945,258048,0.1913,0.2124,0,0.157173,0,1,1
box_detour_open,oi_face_rot_wide_mppi,14438,256,16,0,0,1,1,1,46,0.238253,0.0822692,4.04199,0,1.05865,1.74194,0.145072,6.6733,7.5705,188416,0.172,0.1888,0,0.145515,0,1,1
box_detour_open,oi_face_rot_wide_mppi,14445,256,16,0,0,1,1,1,65,0.244595,0.232002,4.79042,0,0.936838,1.56604,0.154837,10.0644,11.5781,266240,0.1856,0.189,0,0.155308,0,1,1
box_detour_open,oi_face_rot_wide_mppi,14452,256,16,0,0,1,1,1,53,0.226859,0.0892484,5.04168,0,0.853958,1.25636,0.134364,7.1213,7.9834,217088,0.1509,0.1987,0,0.134762,0,1,1
box_detour_open,oi_face_rot_wide_mppi,14459,256,16,0,0,1,1,1,53,0.23326,0.193989,4.39032,0,0.967963,1.31055,0.143964,7.6301,8.5783,217088,0.1919,0.207,0,0.144379,0,1,1
box_detour_open,oi_face_rot_wide_mppi,14466,256,16,0,0,1,1,1,65,0.2027,0.171239,5.03929,0,1.62689,4.60573,0.135048,8.7781,9.6369,266240,0.1432,0.145,0,0.135358,0,1,1
box_detour_open,oi_face_rot_wide_mppi,14473,256,16,0,0,1,1,1,61,0.245098,0.261074,4.82035,0,0.923991,1.5114,0.133744,8.1584,9.1074,249856,0.151,0.1808,0,0.134069,0,1,1
box_detour_open,oi_face_rot_wide_mppi,14480,256,16,0,0,1,1,1,50,0.248691,0.183003,4.64702,0,0.932258,1.41032,0.134882,6.7441,7.6159,204800,0.1526,0.1618,0,0.135202,0,1,1
box_detour_open,oi_face_rot_wide_mppi,14487,256,16,0,0,1,1,1,59,0.233472,0.273991,5.14346,0,1.23655,2.48242,0.133285,7.8638,8.7399,241664,0.1517,0.2272,0,0.133586,0,1,1
box_detour_open,oi_face_rot_wide_mppi,14494,256,16,0,0,1,1,1,71,0.212511,0.105349,5.72757,0,0.978912,1.52369,0.130652,9.2763,10.3565,290816,0.1475,0.1933,0,0.13098,0,1,1
box_detour_open,oi_face_rot_wide_mppi,14501,256,16,0,0,1,1,1,60,0.200989,0.176214,5.14633,0,1.13801,2.17454,0.134032,8.0419,8.869,245760,0.1522,0.1647,0,0.134302,0,1,1
box_detour_open,oi_face_rot_wide_mppi,14508,256,16,0,0,1,1,1,56,0.183633,0.205235,4.78017,0,0.762796,1.06194,0.159036,8.906,10.1442,229376,0.1699,0.1756,0,0.159457,0,1,1
box_detour_open,oi_face_rot_wide_mppi,14515,256,16,0,0,1,1,1,58,0.212765,0.0171522,4.79062,0,0.946944,1.32065,0.141788,8.2237,9.3807,237568,0.1885,0.2146,0,0.142157,0,1,1
box_detour_open,oi_face_rot_wide_mppi,14522,256,16,0,0,1,1,1,57,0.203864,0.208346,5.22426,0,1.01047,1.56119,0.135246,7.709,8.5785,233472,0.1494,0.1736,0,0.13554,0,1,1
box_detour_open,oi_face_rot_wide_mppi,14529,256,16,0,0,1,1,1,72,0.219694,0.0416899,5.12156,0,0.874366,1.4664,0.13436,9.6739,10.6169,294912,0.1472,0.1534,0,0.134585,0,1,1
box_detour_open,oi_face_rot_wide_mppi,14536,256,16,0,0,1,1,1,57,0.202368,0.123031,4.313,0,1.00392,1.58903,0.143714,8.1917,9.3899,233472,0.2034,0.267,0,0.144112,0,1,1
box_detour_open,oi_face_rot_wide_mppi,14543,256,16,0,0,1,1,1,93,0.167908,0.260258,7.31648,0,0.88181,1.43188,0.135242,12.5775,13.9147,380928,0.1586,0.1999,0,0.135501,0,1,1
box_detour_open,oi_face_rot_wide_mppi,14550,256,16,0,0,1,1,1,48,0.243147,0.105062,4.32115,0,1.02464,1.52266,0.134052,6.4345,7.1692,196608,0.161,0.1813,0,0.134321,0,1,1
box_detour_open,oi_face_rot_wide_mppi,14557,256,16,0,0,1,1,1,70,0.156855,0.315014,5.18248,0,0.847596,1.06894,0.139083,9.7358,10.8738,286720,0.1623,0.1905,0,0.139549,0,1,1
box_detour_open,oi_face_rot_wide_mppi,14564,256,16,0,0,1,1,1,56,0.245921,0.00264606,5.09667,0,0.986158,1.46514,0.142268,7.967,9.0298,229376,0.1652,0.1887,0,0.142566,0,1,1
box_detour_open,oi_face_rot_wide_mppi,14571,256,16,0,0,1,1,1,56,0.244339,0.0983994,4.61585,0,0.961823,1.51759,0.146609,8.2101,9.1369,229376,0.1678,0.1897,0,0.1469,0,1,1
box_detour_open,oi_face_rot_wide_mppi,14578,256,16,0,0,1,1,1,56,0.243082,0.0920965,4.91953,0,0.919211,1.41792,0.142955,8.0055,8.9566,229376,0.1667,0.1672,0,0.143318,0,1,1
box_detour_open,oi_face_rot_wide_mppi,14585,256,16,0,0,1,1,1,51,0.220697,0.0338177,4.37821,0,0.913942,1.35521,0.14198,7.241,8.1303,208896,0.1687,0.1834,0,0.142322,0,1,1
box_detour_open,oi_face_rot_wide_mppi,14592,256,16,0,0,1,1,1,67,0.228079,0.132587,5.56601,0,1.01368,1.62554,0.139499,9.3464,10.3163,274432,0.1617,0.1775,0,0.139769,0,1,1
box_detour_open,oi_face_rot_wide_mppi,14599,256,16,0,0,1,1,1,45,0.249979,0.101659,4.19485,0,0.93313,1.43493,0.135589,6.1015,6.7941,184320,0.1491,0.1653,0,0.135927,0,1,1
box_detour_open,oi_face_rot_wide_mppi,14606,256,16,0,0,1,1,1,62,0.231028,0.30249,5.95783,0,0.946305,1.35574,0.143948,8.9248,9.9926,253952,0.1795,0.1926,0,0.14426,0,1,1
box_detour_open,oi_face_rot_wide_mppi,14613,256,16,0,0,1,1,1,54,0.240581,0.0492606,4.38768,0,1.04746,1.71101,0.134693,7.2734,8.1265,221184,0.1518,0.1869,0,0.134978,0,1,1
box_detour_open,oi_face_rot_wide_mppi,14620,256,16,0,0,1,1,1,54,0.24984,0.0964598,5.30168,0,0.963757,1.41741,0.134237,7.2488,7.9992,221184,0.144,0.1464,0,0.134604,0,1,1
box_detour_open,oi_face_rot_wide_mppi,14627,256,16,0,0,1,1,1,62,0.238921,0.261417,5.16949,0,1.06179,1.75894,0.132252,8.1996,9.0392,253952,0.1507,0.1624,0,0.132497,0,1,1
box_detour_open,oi_face_rot_wide_mppi,14634,256,16,0,0,1,1,1,60,0.238545,0.222203,4.95221,0,0.959711,1.63263,0.136117,8.167,8.9765,245760,0.1525,0.1593,0,0.136385,0,1,1
box_detour_open,oi_face_rot_wide_mppi,14641,256,16,0,0,1,1,1,55,0.236958,0.148619,4.52277,0,0.885462,1.31937,0.139249,7.6587,8.4503,225280,0.1624,0.1906,0,0.139558,0,1,1
box_detour_open,oi_face_rot_wide_mppi,14648,256,16,0,0,1,1,1,57,0.243792,0.14594,4.75456,0,0.939171,1.38897,0.133696,7.6207,8.4533,233472,0.1645,0.1782,0,0.13394,0,1,1
box_detour_open,oi_face_rot_wide_mppi,14655,256,16,0,0,1,1,1,67,0.0993938,0.287351,4.96518,0,0.911401,1.46851,0.136054,9.1156,10.0197,274432,0.1473,0.1568,0,0.136385,0,1,1
box_detour_open,oi_face_rot_wide_mppi,14662,256,16,0,0,1,1,1,56,0.230245,0.287974,4.48972,0,0.966732,1.53169,0.135032,7.5618,8.3251,229376,0.1534,0.18,0,0.135323,0,1,1
box_detour_open,oi_face_rot_wide_mppi,14669,256,16,0,0,1,1,1,61,0.236848,0.017796,5.05572,0,0.905925,1.30732,0.132743,8.0973,8.9395,249856,0.1429,0.1563,0,0.132966,0,1,1
box_detour_open,oi_face_rot_wide_mppi,14676,256,16,0,0,1,1,1,47,0.240367,0.118546,4.33997,0,0.886195,1.2484,0.135228,6.3557,7.1615,192512,0.1521,0.1606,0,0.135853,0,1,1
box_detour_open,oi_face_rot_wide_mppi,14683,256,16,0,0,1,1,1,53,0.247232,0.0166541,4.63507,0,0.806584,1.06801,0.135428,7.1777,7.9689,217088,0.1764,0.1855,0,0.135719,0,1,1
box_detour_open,oi_face_rot_wide_mppi,14690,256,16,0,0,1,1,1,52,0.228753,0.121307,4.75032,0,0.87008,1.17478,0.129956,6.7577,7.3913,212992,0.1397,0.1412,0,0.130185,0,1,1
box_detour_open,oi_face_rot_wide_mppi,14697,256,16,0,0,1,1,1,64,0.182744,0.274655,5.65009,0,0.906914,1.31318,0.139664,8.9385,10.034,262144,0.167,0.1736,0,0.140034,0,1,1
box_detour_open,oi_face_rot_wide_mppi,14704,256,16,0,0,1,1,1,55,0.245187,0.0209401,4.45005,0,0.883052,1.29518,0.149433,8.2188,9.3187,225280,0.1758,0.198,0,0.149915,0,1,1
box_detour_open,oi_face_rot_wide_mppi,14711,256,16,0,0,1,1,1,64,0.214869,0.0143767,5.49033,0,0.954389,1.54738,0.13843,8.8595,9.7956,262144,0.1585,0.1683,0,0.138708,0,1,1
box_detour_open,oi_face_rot_wide_mppi,14718,256,16,0,0,1,1,1,58,0.213286,0.224611,4.91633,0,0.933556,1.46863,0.139481,8.0899,8.9916,237568,0.1634,0.1914,0,0.139757,0,1,1
box_detour_open,oi_face_rot_wide_mppi,14725,256,16,0,0,1,1,1,67,0.148683,0.273325,5.00924,0,0.926626,1.41831,0.14077,9.4316,10.4474,274432,0.1652,0.194,0,0.141085,0,1,1
box_detour_open,oi_face_rot_wide_mppi,14732,256,16,0,0,1,1,1,63,0.183087,0.273351,5.04774,0,0.852643,1.21297,0.131617,8.2919,9.1671,258048,0.1446,0.1595,0,0.131876,0,1,1
box_detour_open,oi_face_rot_wide_mppi,14739,256,16,0,0,1,1,1,85,0.21148,0.13227,7.23057,0,0.833132,1.1341,0.141415,12.0203,13.6705,348160,0.1631,0.1802,0,0.141697,0,1,1
box_detour_open,oi_face_rot_wide_mppi,14746,256,16,0,0,1,1,1,88,0.180685,0.0898097,6.34285,0,0.808996,1.20371,0.137242,12.0773,13.5368,360448,0.1609,0.2012,0,0.137506,0,1,1
box_detour_open,oi_face_rot_wide_mppi,14753,256,16,0,0,1,1,1,60,0.23732,0.279761,5.07896,0,1.14072,1.81439,0.148702,8.9221,10.2275,245760,0.1785,0.2125,0,0.149192,0,1,1
box_detour_open,oi_face_rot_wide_mppi,14760,256,16,0,0,1,1,1,68,0.137675,0.246401,4.98731,0,0.864166,1.1805,0.149816,10.1875,11.9689,278528,0.1717,0.1913,0,0.150366,0,1,1
box_detour_open,oi_face_rot_wide_mppi,14767,256,16,0,0,1,1,1,51,0.244352,0.214792,4.87605,0,0.945558,1.3788,0.135049,6.8875,7.6604,208896,0.1589,0.1625,0,0.135402,0,1,1
box_detour_open,oi_face_rot_wide_mppi,14774,256,16,0,0,1,1,1,65,0.181212,0.0773456,6.13157,0,0.976103,1.66785,0.136165,8.8507,9.9403,266240,0.1743,0.183,0,0.136535,0,1,1
box_detour_open,oi_face_rot_wide_mppi,14781,256,16,0,0,1,1,1,70,0.226818,0.28161,5.83827,0,1.0164,1.82749,0.131694,9.2186,10.1569,286720,0.1484,0.1962,0,0.131946,0,1,1
box_detour_open,oi_face_rot_wide_mppi,14788,256,16,0,0,1,1,1,67,0.24618,0.288698,5.24214,0,0.984564,1.56112,0.13833,9.2681,10.272,274432,0.1489,0.1741,0,0.138651,0,1,1
box_detour_open,oi_face_rot_wide_mppi,14795,256,16,0,0,1,1,1,52,0.231144,0.0240493,4.78338,0,1.00985,1.60978,0.136583,7.1023,7.9026,212992,0.1607,0.1623,0,0.136848,0,1,1
box_detour_open,oi_face_rot_wide_mppi,14802,256,16,0,0,1,1,1,58,0.241947,0.101133,4.53806,0,1.40783,3.60324,0.142098,8.2417,9.2073,237568,0.1674,0.186,0,0.142357,0,1,1
box_detour_open,oi_face_rot_wide_mppi,14809,256,16,0,0,1,1,1,54,0.223485,0.182433,4.66153,0,0.874205,1.19111,0.139768,7.5475,8.4129,221184,0.1665,0.253,0,0.140037,0,1,1
box_detour_open,oi_face_rot_wide_mppi,14816,256,16,0,0,1,1,1,53,0.220317,0.0398857,4.37014,0,1.0393,1.73665,0.157106,8.3266,9.7311,217088,0.1983,0.2187,0,0.157636,0,1,1
box_detour_open,oi_face_rot_wide_mppi,14823,256,16,0,0,1,1,1,55,0.231457,0.20747,4.85709,0,0.87967,1.25727,0.154818,8.515,9.7874,225280,0.1836,0.2201,0,0.155318,0,1,1
box_detour_open,oi_face_rot_wide_mppi,14830,256,16,0,0,1,1,1,52,0.248562,0.191089,4.60575,0,1.03188,1.77053,0.133873,6.9614,7.829,212992,0.1505,0.1947,0,0.13419,0,1,1
box_detour_open,oi_face_rot_wide_mppi,14837,256,16,0,0,1,1,1,55,0.241364,0.296717,4.77297,0,0.995825,1.62975,0.136295,7.4962,8.2671,225280,0.1545,0.1551,0,0.136629,0,1,1
box_detour_open,oi_face_rot_wide_mppi,14844,256,16,0,0,1,1,1,69,0.209944,0.00974345,6.44789,0,0.797396,1.07007,0.135904,9.3774,10.2943,282624,0.1462,0.1562,0,0.136167,0,1,1
box_detour_open,oi_face_rot_wide_mppi,14851,256,16,0,0,1,1,1,60,0.224857,0.188403,4.7383,0,0.918337,1.5398,0.13622,8.1732,9.0197,245760,0.1577,0.1637,0,0.136462,0,1,1
box_detour_open,oi_face_rot_wide_mppi,14858,256,16,0,0,1,1,1,63,0.160889,0.340248,4.84364,0,1.05585,2.00094,0.134525,8.4751,9.3536,258048,0.1513,0.1882,0,0.134794,0,1,1
box_detour_open,oi_face_rot_wide_mppi,14865,256,16,0,0,1,1,1,67,0.243228,0.22725,5.05274,0,0.824132,1.28661,0.137824,9.2342,10.3111,274432,0.159,0.2188,0,0.138131,0,1,1
box_detour_open,oi_face_rot_wide_mppi,14872,256,16,0,0,1,1,1,67,0.223329,0.333364,5.79825,0,1.07228,1.81005,0.133245,8.9274,9.8118,274432,0.1487,0.1512,0,0.133487,0,1,1
box_detour_open,oi_face_rot_wide_mppi,14879,256,16,0,0,1,1,1,57,0.223185,0.00859104,4.9213,0,1.059,2.01398,0.133528,7.6111,8.4112,233472,0.1459,0.1614,0,0.13377,0,1,1
box_detour_open,oi_face_rot_wide_mppi,14886,256,16,0,0,1,1,1,59,0.248876,0.0239735,5.11617,0,0.811292,1.00501,0.138578,8.1761,9.1507,241664,0.1632,0.1718,0,0.138868,0,1,1
box_detour_open,oi_face_rot_wide_mppi,14893,256,16,0,0,1,1,1,68,0.249483,0.213176,6.37424,0,0.894366,1.32656,0.144241,9.8084,11.1254,278528,0.1962,0.201,0,0.1446,0,1,1
box_detour_open,oi_face_rot_wide_mppi,14900,256,16,0,0,1,1,1,62,0.212065,0.0151321,4.33527,0,0.835243,1.26571,0.154632,9.5872,11.0808,253952,0.1846,0.2169,0,0.155039,0,1,1
box_detour_open,oi_face_rot_wide_mppi,14907,256,16,0,0,1,1,1,60,0.212653,0.13748,4.81112,0,0.859375,1.19595,0.149798,8.9879,10.3262,245760,0.1682,0.1716,0,0.150273,0,1,1
box_detour_open,oi_face_rot_wide_mppi,14914,256,16,0,0,1,1,1,44,0.226352,0.0104901,4.40829,0,0.973194,1.87814,0.15612,6.8693,8.1402,180224,0.1724,0.1857,0,0.15667,0,1,1
box_detour_open,oi_face_rot_wide_mppi,14921,256,16,0,0,1,1,1,55,0.244782,0.300439,4.7638,0,0.928103,1.43476,0.134758,7.4117,8.2148,225280,0.1507,0.183,0,0.135067,0,1,1
box_detour_open,oi_face_rot_wide_mppi,14928,256,16,0,0,1,1,1,54,0.228405,0.164273,4.75707,0,0.940663,1.2696,0.133206,7.1931,7.9472,221184,0.1434,0.1479,0,0.133504,0,1,1
box_detour_open,oi_face_rot_wide_mppi,14935,256,16,0,0,1,1,1,56,0.238368,0.0262412,4.53324,0,1.02203,1.68139,0.140721,7.8804,8.8065,229376,0.1742,0.1809,0,0.14098,0,1,1
box_detour_open,oi_face_rot_wide_mppi,14942,256,16,0,0,1,1,1,54,0.219651,0.131941,4.7314,0,0.888719,1.21381,0.136281,7.3592,8.105,221184,0.1496,0.1533,0,0.136515,0,1,1
box_detour_open,oi_face_rot_wide_mppi,14949,256,16,0,0,1,1,1,59,0.223541,0.0308326,4.72735,0,1.0214,1.544,0.133622,7.8837,8.6711,241664,0.153,0.1642,0,0.133902,0,1,1
box_detour_wall,oi_face_rot_pstall_mppi,14256,256,16,0,0,1,1,1,97,0.232153,0.0325661,8.43252,0,0.843113,1.38101,0.17259,16.7412,18.2061,397312,0.2089,0.2424,0,0.172846,0,1,1
box_detour_wall,oi_face_rot_pstall_mppi,14263,256,16,0,0,1,1,1,87,0.2412,0.235407,7.75854,0,0.902998,1.32996,0.194205,16.8958,19.3488,356352,0.252,0.284,0,0.194654,0,1,1
box_detour_wall,oi_face_rot_pstall_mppi,14270,256,16,0,0,1,1,1,144,0.241327,0.0868177,9.62369,0,0.94658,1.87362,0.177942,25.6236,28.3566,589824,0.2154,0.246,0,0.178253,0,1,1
box_detour_wall,oi_face_rot_pstall_mppi,14277,256,16,0,0,1,1,1,84,0.233584,0.0239822,6.91715,0,0.709889,0.925048,0.170256,14.3015,15.4576,344064,0.2087,0.2525,0,0.170446,0,1,1
box_detour_wall,oi_face_rot_pstall_mppi,14284,256,16,0,0,1,1,1,55,0.23552,0.02428,5.27926,0,0.891394,1.21689,0.176524,9.7088,10.5021,225280,0.2155,0.2247,0,0.176804,0,1,1
box_detour_wall,oi_face_rot_pstall_mppi,14291,256,16,0,0,1,1,1,114,0.192143,0.237725,7.38541,0,1.06391,2.16674,0.169666,19.3419,20.9948,466944,0.2139,0.246,0,0.169859,0,1,1
box_detour_wall,oi_face_rot_pstall_mppi,14298,256,16,0,0,1,1,1,94,0.249025,0.179138,6.9806,0,0.845275,1.18911,0.17636,16.5778,18.6264,385024,0.2092,0.2372,0,0.176636,0,1,1
box_detour_wall,oi_face_rot_pstall_mppi,14305,256,16,0,0,1,1,1,106,0.248243,0.241398,9.54014,0,1.04957,1.95381,0.164107,17.3953,19.104,434176,0.1959,0.2004,0,0.164377,0,1,1
box_detour_wall,oi_face_rot_pstall_mppi,14312,256,16,0,0,1,1,1,129,0.248208,0.27168,9.27296,0,1.00362,1.78741,0.181584,23.4244,25.9149,528384,0.2098,0.9208,0,0.181859,0,1,1
box_detour_wall,oi_face_rot_pstall_mppi,14319,256,16,0,0,1,1,1,97,0.22432,0.0996919,8.24576,0,0.948528,1.43629,0.172054,16.6892,18.2477,397312,0.2066,0.223,0,0.172362,0,1,1
box_detour_wall,oi_face_rot_pstall_mppi,14326,256,16,0,0,1,1,1,89,0.199904,0.0205438,7.5262,0,0.863631,1.27001,0.168848,15.0275,16.1822,364544,0.1973,0.2459,0,0.169076,0,1,1
box_detour_wall,oi_face_rot_pstall_mppi,14333,256,16,0,0,1,1,1,88,0.20717,0.100225,7.05053,0,0.92797,1.63415,0.1708,15.0304,16.5121,360448,0.2108,0.2476,0,0.171105,0,1,1
box_detour_wall,oi_face_rot_pstall_mppi,14340,256,16,0,0,1,1,1,113,0.210554,0.191113,9.5451,0,0.690715,0.946045,0.175671,19.8508,21.871,462848,0.215,0.2455,0,0.175939,0,1,1
box_detour_wall,oi_face_rot_pstall_mppi,14347,256,16,0,0,1,1,1,43,0.217372,0.037899,4.51185,0,0.582512,0.52565,0.19237,8.2719,9.4864,176128,0.2338,0.2419,0,0.192909,0,1,1
box_detour_wall,oi_face_rot_pstall_mppi,14354,256,16,0,0,1,1,1,71,0.223023,0.174438,7.05136,0,0.827509,1.20116,0.17267,12.2596,13.311,290816,0.1992,0.2067,0,0.172997,0,1,1
box_detour_wall,oi_face_rot_pstall_mppi,14361,256,16,0,0,1,1,1,93,0.214606,0.0232507,6.85693,0,1.21338,2.75237,0.169377,15.7521,16.9857,380928,0.2012,0.2135,0,0.169568,0,1,1
box_detour_wall,oi_face_rot_pstall_mppi,14368,256,16,0,0,1,1,1,55,0.204571,0.0137452,6.21067,0,0.654412,0.732527,0.175927,9.676,10.6035,225280,0.227,0.2351,0,0.176189,0,1,1
box_detour_wall,oi_face_rot_pstall_mppi,14375,256,16,0,0,1,1,1,99,0.183064,0.00652931,8.39337,0,0.718496,0.890466,0.175835,17.4077,18.8265,405504,0.2132,0.2439,0,0.176098,0,1,1
box_detour_wall,oi_face_rot_pstall_mppi,14382,256,16,0,0,1,1,1,122,0.196921,0.0879695,11.3702,0,0.83959,1.2476,0.185238,22.599,25.5746,499712,0.2205,0.2562,0,0.185585,0,1,1
box_detour_wall,oi_face_rot_pstall_mppi,14389,256,16,0,0,1,1,1,77,0.202375,0.184793,6.36165,0,0.888047,1.24022,0.171853,13.2327,14.4713,315392,0.2071,0.2195,0,0.172181,0,1,1
box_detour_wall,oi_face_rot_pstall_mppi,14396,256,16,0,0,1,1,1,117,0.204743,0.147084,10.1931,0,0.82108,1.10379,0.186086,21.772,24.1273,479232,0.2291,0.2518,0,0.186395,0,1,1
box_detour_wall,oi_face_rot_pstall_mppi,14403,256,16,0,0,1,1,1,70,0.230882,0.0250064,5.79042,0,0.845474,1.28488,0.178751,12.5126,13.8726,286720,0.2196,0.2479,0,0.179137,0,1,1
box_detour_wall,oi_face_rot_pstall_mppi,14410,256,16,0,0,1,1,1,104,0.191932,0.036376,8.98325,0,0.842889,1.1991,0.179688,18.6875,20.8117,425984,0.2237,0.2543,0,0.180014,0,1,1
box_detour_wall,oi_face_rot_pstall_mppi,14417,256,16,0,0,1,1,1,87,0.238785,0.0685917,7.43496,0,0.880515,1.37105,0.180303,15.6864,16.9775,356352,0.2292,0.2564,0,0.180536,0,1,1
box_detour_wall,oi_face_rot_pstall_mppi,14424,256,16,0,0,1,1,1,151,0.202145,0.0785877,10.3664,0,0.753974,1.23962,0.173848,26.251,28.8078,618496,0.2095,0.2527,0,0.174089,0,1,1
box_detour_wall,oi_face_rot_pstall_mppi,14431,256,16,0,0,1,1,1,70,0.232421,0.000711137,5.54046,0,0.807397,1.23192,0.171941,12.0359,13.1713,286720,0.2085,0.2161,0,0.172329,0,1,1
box_detour_wall,oi_face_rot_pstall_mppi,14438,256,16,0,0,1,1,1,50,0.231309,0.140907,5.8848,0,0.707549,0.808455,0.206428,10.3214,11.6988,204800,0.2922,0.3722,0,0.206826,0,1,1
box_detour_wall,oi_face_rot_pstall_mppi,14445,256,16,0,0,1,1,1,97,0.229308,0.0348669,7.08176,0,1.03135,1.83552,0.169452,16.4368,17.6854,397312,0.2005,0.2417,0,0.169665,0,1,1
box_detour_wall,oi_face_rot_pstall_mppi,14452,256,16,0,0,1,1,1,161,0.18961,0.265359,9.71148,0,1.01796,2.1235,0.165257,26.6063,29.0742,659456,0.1864,0.2487,0,0.165459,0,1,1
box_detour_wall,oi_face_rot_pstall_mppi,14459,256,16,0,0,1,1,1,87,0.247729,0.144563,6.97562,0,0.846948,1.35115,0.183407,15.9564,17.8699,356352,0.2127,0.2541,0,0.183686,0,1,1
box_detour_wall,oi_face_rot_pstall_mppi,14466,256,16,0,0,1,1,1,47,0.229197,0.104112,5.18966,0,0.601332,0.527416,0.202664,9.5252,11.0579,192512,0.2499,0.2674,0,0.20344,0,1,1
box_detour_wall,oi_face_rot_pstall_mppi,14473,256,16,0,0,1,1,1,106,0.249216,0.138771,9.39511,0,0.850669,1.10623,0.17082,18.1069,19.5629,434176,0.2038,0.2082,0,0.171088,0,1,1
box_detour_wall,oi_face_rot_pstall_mppi,14480,256,16,0,0,1,1,1,126,0.176896,0.0199137,10.5843,0,0.989175,1.69989,0.181451,22.8628,25.7267,516096,0.2103,0.8617,0,0.181735,0,1,1
box_detour_wall,oi_face_rot_pstall_mppi,14487,256,16,0,0,1,1,1,102,0.218067,0.148279,8.99892,0,0.809448,1.26751,0.198389,20.2357,23.0809,417792,0.2469,0.3928,0,0.198794,0,1,1
box_detour_wall,oi_face_rot_pstall_mppi,14494,256,16,0,0,1,1,1,107,0.225382,0.104887,9.01924,0,1.04213,1.96272,0.185915,19.8929,22.355,438272,0.2219,0.239,0,0.186304,0,1,1
box_detour_wall,oi_face_rot_pstall_mppi,14501,256,16,0,0,1,1,1,105,0.207947,0.0179325,9.06262,0,0.886713,1.36039,0.178296,18.7211,21.2386,430080,0.2127,0.2373,0,0.178669,0,1,1
box_detour_wall,oi_face_rot_pstall_mppi,14508,256,16,0,0,1,1,1,104,0.245866,0.0515266,7.8131,0,0.838301,1.30358,0.173988,18.0948,19.9163,425984,0.2091,0.223,0,0.174293,0,1,1
box_detour_wall,oi_face_rot_pstall_mppi,14515,256,16,0,0,1,1,1,116,0.241722,0.17288,8.50564,0,0.856513,1.37336,0.175812,20.3942,22.2088,475136,0.2123,0.2294,0,0.176032,0,1,1
box_detour_wall,oi_face_rot_pstall_mppi,14522,256,16,0,0,1,1,1,106,0.187977,0.00176646,7.62275,0,0.698357,0.908841,0.172897,18.3271,20.0816,434176,0.2072,0.2112,0,0.173133,0,1,1
box_detour_wall,oi_face_rot_pstall_mppi,14529,256,16,0,0,1,1,1,94,0.235811,0.0604393,9.92395,0,1.00234,1.56876,0.185859,17.4707,19.6241,385024,0.2338,0.2491,0,0.186181,0,1,1
box_detour_wall,oi_face_rot_pstall_mppi,14536,256,16,0,0,0,1,0,420,1.19698,0.270369,48.5232,0,2.91387,10.9062,0.171589,72.0674,79.3462,1720320,0.2021,0.2238,0,0.171744,0,1,0
box_detour_wall,oi_face_rot_pstall_mppi,14543,256,16,0,0,1,1,1,101,0.242713,0.0725208,10.0004,0,0.877608,1.21039,0.163929,16.5568,18.0243,413696,0.1941,0.2066,0,0.164184,0,1,1
box_detour_wall,oi_face_rot_pstall_mppi,14550,256,16,0,0,1,1,1,86,0.241783,0.0239667,8.2386,0,1.06639,1.91544,0.173819,14.9484,16.4364,352256,0.2113,0.2181,0,0.17412,0,1,1
box_detour_wall,oi_face_rot_pstall_mppi,14557,256,16,0,0,1,1,1,115,0.206001,0.000969196,7.72768,0,0.83638,1.48513,0.173938,20.0029,22.2272,471040,0.2108,0.2263,0,0.174186,0,1,1
box_detour_wall,oi_face_rot_pstall_mppi,14564,256,16,0,0,1,1,1,191,0.205164,0.345383,14.3663,0,0.933636,1.58425,0.169204,32.318,35.5476,782336,0.2083,0.2449,0,0.169375,0,1,1
box_detour_wall,oi_face_rot_pstall_mppi,14571,256,16,0,0,1,1,1,110,0.244465,0.127516,7.81148,0,0.998531,1.84417,0.169182,18.61,20.1787,450560,0.2052,0.2338,0,0.169441,0,1,1
box_detour_wall,oi_face_rot_pstall_mppi,14578,256,16,0,0,1,1,1,113,0.191282,0.162472,8.07516,0,0.695505,0.880756,0.179788,20.316,22.5113,462848,0.2219,0.2406,0,0.180083,0,1,1
box_detour_wall,oi_face_rot_pstall_mppi,14585,256,16,0,0,1,1,1,133,0.192688,0.137327,12.5621,0,1.02828,1.80119,0.177431,23.5983,26.4515,544768,0.2226,0.2563,0,0.177685,0,1,1
box_detour_wall,oi_face_rot_pstall_mppi,14592,256,16,0,0,1,1,1,146,0.217643,0.151897,12.6082,0,0.812957,1.29894,0.178284,26.0294,28.4352,598016,0.2163,0.3092,0,0.178576,0,1,1
box_detour_wall,oi_face_rot_pstall_mppi,14599,256,16,0,0,1,1,1,89,0.207245,0.153087,7.03754,0,0.78106,1.04652,0.174245,15.5078,16.9251,364544,0.2027,0.2123,0,0.174489,0,1,1
box_detour_wall,oi_face_rot_pstall_mppi,14606,256,16,0,0,1,1,1,105,0.21895,0.110339,8.2854,0,0.805016,1.23966,0.177761,18.6649,20.1269,430080,0.2113,0.2665,0,0.178019,0,1,1
box_detour_wall,oi_face_rot_pstall_mppi,14613,256,16,0,0,1,1,1,109,0.236405,0.0125375,10.284,0,0.961741,1.56101,0.183616,20.0141,21.8777,446464,0.2179,0.5945,0,0.183939,0,1,1
box_detour_wall,oi_face_rot_pstall_mppi,14620,256,16,0,0,1,1,1,85,0.245526,0.0716404,6.40397,0,0.857243,1.36054,0.175839,14.9463,16.7401,348160,0.2097,0.2359,0,0.176448,0,1,1
box_detour_wall,oi_face_rot_pstall_mppi,14627,256,16,0,0,1,1,1,112,0.227716,0.143288,8.54698,0,0.837261,1.17864,0.168545,18.877,20.6961,458752,0.2013,0.209,0,0.168799,0,1,1
box_detour_wall,oi_face_rot_pstall_mppi,14634,256,16,0,0,1,1,1,113,0.236871,0.127381,10.041,0,0.756126,1.02289,0.170622,19.2803,21.1342,462848,0.2062,0.3139,0,0.170891,0,1,1
box_detour_wall,oi_face_rot_pstall_mppi,14641,256,16,0,0,1,1,1,109,0.223223,0.150317,7.73196,0,0.877697,1.49355,0.169284,18.4519,20.1218,446464,0.212,0.2282,0,0.169491,0,1,1
box_detour_wall,oi_face_rot_pstall_mppi,14648,256,16,0,0,1,1,1,114,0.205774,0.0430382,8.0737,0,0.821302,1.18285,0.177112,20.1908,22.3698,466944,0.2117,0.2457,0,0.177375,0,1,1
box_detour_wall,oi_face_rot_pstall_mppi,14655,256,16,0,0,1,1,1,111,0.199214,0.171861,9.05733,0,0.869892,1.4325,0.179524,19.9272,21.8766,454656,0.21,0.2338,0,0.179793,0,1,1
box_detour_wall,oi_face_rot_pstall_mppi,14662,256,16,0,0,1,1,1,94,0.243359,0.137842,8.25243,0,0.786393,1.01085,0.175526,16.4994,18.1697,385024,0.2243,0.2457,0,0.175831,0,1,1
box_detour_wall,oi_face_rot_pstall_mppi,14669,256,16,0,0,1,1,1,106,0.227619,0.0124224,8.61998,0,0.811439,1.14505,0.170322,18.0541,19.5982,434176,0.2015,0.2246,0,0.170564,0,1,1
box_detour_wall,oi_face_rot_pstall_mppi,14676,256,16,0,0,1,1,1,72,0.21983,0.146822,6.1346,0,0.8658,1.3118,0.169151,12.1789,13.1993,294912,0.2054,0.2201,0,0.169417,0,1,1
box_detour_wall,oi_face_rot_pstall_mppi,14683,256,16,0,0,1,1,1,93,0.226588,0.0666891,8.08173,0,1.11211,2.19148,0.177889,16.5437,17.9576,380928,0.2214,0.2288,0,0.178098,0,1,1
box_detour_wall,oi_face_rot_pstall_mppi,14690,256,16,0,0,1,1,1,60,0.247797,0.0646308,5.72097,0,0.994853,1.48109,0.178227,10.6936,11.6666,245760,0.2113,0.219,0,0.178457,0,1,1
box_detour_wall,oi_face_rot_pstall_mppi,14697,256,16,0,0,1,1,1,105,0.195012,0.0133523,6.88122,0,0.903439,1.7957,0.174594,18.3324,20.339,430080,0.2213,0.253,0,0.174931,0,1,1
box_detour_wall,oi_face_rot_pstall_mppi,14704,256,16,0,0,1,1,1,105,0.246041,0.15005,8.40903,0,0.890468,1.43565,0.175295,18.406,19.9239,430080,0.2093,0.2334,0,0.17554,0,1,1
box_detour_wall,oi_face_rot_pstall_mppi,14711,256,16,0,0,1,1,1,63,0.233448,0.0417248,6.24163,0,0.824809,1.08086,0.184884,11.6477,12.5687,258048,0.225,0.229,0,0.185164,0,1,1
box_detour_wall,oi_face_rot_pstall_mppi,14718,256,16,0,0,1,1,1,102,0.225592,0.122374,6.80852,0,0.760507,1.18958,0.172407,17.5855,19.1965,417792,0.2102,0.2324,0,0.172643,0,1,1
box_detour_wall,oi_face_rot_pstall_mppi,14725,256,16,0,0,1,1,1,135,0.227656,0.122864,10.179,0,0.897742,1.52834,0.181598,24.5157,27.5301,552960,0.2275,0.303,0,0.181832,0,1,1
box_detour_wall,oi_face_rot_pstall_mppi,14732,256,16,0,0,1,1,1,95,0.241581,0.160129,8.03264,0,0.97428,1.82578,0.175807,16.7017,18.1142,389120,0.2079,0.211,0,0.176095,0,1,1
box_detour_wall,oi_face_rot_pstall_mppi,14739,256,16,0,0,1,1,1,107,0.194125,0.168431,7.79595,0,0.95608,1.60822,0.175849,18.8159,20.4727,438272,0.208,0.2386,0,0.176094,0,1,1
box_detour_wall,oi_face_rot_pstall_mppi,14746,256,16,0,0,1,1,1,113,0.229228,0.146485,8.18355,0,0.94747,1.79518,0.17685,19.9841,22.109,462848,0.2124,0.2744,0,0.177104,0,1,1
box_detour_wall,oi_face_rot_pstall_mppi,14753,256,16,0,0,1,1,1,84,0.219466,0.0621753,5.8831,0,0.952841,1.65335,0.173864,14.6046,15.9736,344064,0.2024,0.2787,0,0.174089,0,1,1
box_detour_wall,oi_face_rot_pstall_mppi,14760,256,16,0,0,1,1,1,108,0.210459,0.159026,8.18939,0,0.835514,1.51226,0.172559,18.6364,20.5962,442368,0.2029,0.2113,0,0.172818,0,1,1
box_detour_wall,oi_face_rot_pstall_mppi,14767,256,16,0,0,1,1,1,97,0.216562,0.0897122,6.7824,0,0.91742,1.76051,0.176687,17.1386,19.1312,397312,0.2153,0.2329,0,0.177059,0,1,1
box_detour_wall,oi_face_rot_pstall_mppi,14774,256,16,0,0,1,1,1,102,0.249581,0.0601302,8.9868,0,0.770375,0.997299,0.170472,17.3881,19.2455,417792,0.1998,0.2169,0,0.170781,0,1,1
box_detour_wall,oi_face_rot_pstall_mppi,14781,256,16,0,0,1,1,1,126,0.233298,0.182147,8.92938,0,0.864712,1.46621,0.176888,22.2879,25.216,516096,0.2151,0.2413,0,0.177254,0,1,1
box_detour_wall,oi_face_rot_pstall_mppi,14788,256,16,0,0,1,1,1,114,0.23732,0.00529776,9.34215,0,0.954454,1.70928,0.168582,19.2184,21.028,466944,0.2008,0.2282,0,0.168845,0,1,1
box_detour_wall,oi_face_rot_pstall_mppi,14795,256,16,0,0,1,1,1,118,0.186358,0.000705526,11.8688,0,0.786278,1.07482,0.180818,21.3365,23.1423,483328,0.2134,0.2242,0,0.181052,0,1,1
box_detour_wall,oi_face_rot_pstall_mppi,14802,256,16,0,0,1,1,1,104,0.205268,0.243135,6.86696,0,0.885636,1.51823,0.17508,18.2083,19.8133,425984,0.2174,0.227,0,0.175403,0,1,1
box_detour_wall,oi_face_rot_pstall_mppi,14809,256,16,0,0,1,1,1,76,0.248973,0.115716,7.58595,0,0.767727,1.00132,0.179601,13.6497,14.822,311296,0.2117,0.2183,0,0.179847,0,1,1
box_detour_wall,oi_face_rot_pstall_mppi,14816,256,16,0,0,1,1,1,112,0.195564,0.0226778,8.79063,0,0.865135,1.25338,0.174355,19.5278,21.0562,458752,0.2131,0.2256,0,0.174543,0,1,1
box_detour_wall,oi_face_rot_pstall_mppi,14823,256,16,0,0,1,1,1,113,0.24421,0.120686,8.66541,0,0.814262,1.20028,0.167783,18.9595,20.802,462848,0.2101,0.2233,0,0.16801,0,1,1
box_detour_wall,oi_face_rot_pstall_mppi,14830,256,16,0,0,1,1,1,126,0.241754,0.179967,8.91473,0,0.870305,1.46425,0.176804,22.2773,24.7422,516096,0.2076,0.2356,0,0.17708,0,1,1
box_detour_wall,oi_face_rot_pstall_mppi,14837,256,16,0,0,1,1,1,84,0.234628,0.111604,8.70077,0,0.877195,1.21472,0.171112,14.3734,15.6782,344064,0.2056,0.2316,0,0.171411,0,1,1
box_detour_wall,oi_face_rot_pstall_mppi,14844,256,16,0,0,1,1,1,114,0.228471,0.116195,9.472,0,0.890844,1.48611,0.168533,19.2128,20.8243,466944,0.2066,0.2264,0,0.168723,0,1,1
box_detour_wall,oi_face_rot_pstall_mppi,14851,256,16,0,0,1,1,1,93,0.235777,0.270004,8.25009,0,0.876641,1.379,0.177093,16.4696,17.9375,380928,0.21,0.231,0,0.177373,0,1,1
box_detour_wall,oi_face_rot_pstall_mppi,14858,256,16,0,0,1,1,1,102,0.226791,0.159974,8.11195,0,0.890375,1.47532,0.167973,17.1332,18.6256,417792,0.2004,0.2379,0,0.168186,0,1,1
box_detour_wall,oi_face_rot_pstall_mppi,14865,256,16,0,0,1,1,1,115,0.248968,0.0228416,9.16039,0,0.862139,1.25339,0.175621,20.1964,22.1651,471040,0.2137,0.2709,0,0.175917,0,1,1
box_detour_wall,oi_face_rot_pstall_mppi,14872,256,16,0,0,1,1,1,104,0.20558,0.207155,8.36028,0,0.777929,1.05668,0.176551,18.3613,20.6948,425984,0.203,0.2426,0,0.176902,0,1,1
box_detour_wall,oi_face_rot_pstall_mppi,14879,256,16,0,0,1,1,1,103,0.242791,0.0286707,8.41778,0,0.846332,1.26549,0.181088,18.6521,20.8696,421888,0.2214,0.2596,0,0.181479,0,1,1
box_detour_wall,oi_face_rot_pstall_mppi,14886,256,16,0,0,1,1,1,86,0.207885,0.087716,8.35349,0,0.919522,1.39075,0.187099,16.0905,18.1189,352256,0.2313,0.2644,0,0.187485,0,1,1
box_detour_wall,oi_face_rot_pstall_mppi,14893,256,16,0,0,1,1,1,89,0.224607,0.0434197,8.22649,0,0.902246,1.34256,0.184901,16.4562,18.2116,364544,0.2226,0.8351,0,0.185192,0,1,1
box_detour_wall,oi_face_rot_pstall_mppi,14900,256,16,0,0,1,1,1,85,0.24741,0.0334947,6.9543,0,0.909134,1.57363,0.172068,14.6258,16.0728,348160,0.2098,0.246,0,0.172372,0,1,1
box_detour_wall,oi_face_rot_pstall_mppi,14907,256,16,0,0,1,1,1,102,0.218271,0.155032,9.67219,0,0.839058,1.19492,0.174509,17.7999,19.6439,417792,0.1983,0.209,0,0.174787,0,1,1
box_detour_wall,oi_face_rot_pstall_mppi,14914,256,16,0,0,1,1,1,103,0.232411,0.0626019,8.16428,0,0.842003,1.38622,0.186742,19.2344,21.5851,421888,0.2204,0.2409,0,0.187108,0,1,1
box_detour_wall,oi_face_rot_pstall_mppi,14921,256,16,0,0,1,1,1,86,0.211349,0.0739669,7.15069,0,0.868828,1.4081,0.213234,18.3381,20.4706,352256,0.2352,2.3922,0,0.213645,0,1,1
box_detour_wall,oi_face_rot_pstall_mppi,14928,256,16,0,0,1,1,1,134,0.195393,0.16214,12.6066,0,0.803442,1.1788,0.18737,25.1076,28.5343,548864,0.231,0.2793,0,0.187642,0,1,1
box_detour_wall,oi_face_rot_pstall_mppi,14935,256,16,0,0,1,1,1,109,0.220918,0.113676,8.25465,0,0.930672,1.61072,0.186026,20.2768,22.9291,446464,0.2337,0.2426,0,0.18638,0,1,1
box_detour_wall,oi_face_rot_pstall_mppi,14942,256,16,0,0,1,1,1,56,0.249201,0.0269775,5.49407,0,0.785376,1.13277,0.185029,10.3616,11.6891,229376,0.2339,0.26,0,0.185538,0,1,1
box_detour_wall,oi_face_rot_pstall_mppi,14949,256,16,0,0,1,1,1,106,0.24184,0.082213,7.05584,0,1.00839,1.81603,0.182852,19.3823,21.7455,434176,0.2136,0.2488,0,0.18328,0,1,1
box_detour_wall,oi_face_rot_stall_mppi,14256,256,16,0,0,1,1,1,97,0.232153,0.0325661,8.43252,0,0.843113,1.38101,0.172926,16.7738,18.3178,397312,0.2073,0.245,0,0.173261,0,1,1
box_detour_wall,oi_face_rot_stall_mppi,14263,256,16,0,0,1,1,1,87,0.2412,0.235407,7.75854,0,0.902998,1.32996,0.177926,15.4796,17.0093,356352,0.2189,0.2508,0,0.17823,0,1,1
box_detour_wall,oi_face_rot_stall_mppi,14270,256,16,0,0,1,1,1,144,0.241327,0.0868177,9.62369,0,0.94658,1.87362,0.168893,24.3206,26.626,589824,0.2015,0.2346,0,0.169133,0,1,1
box_detour_wall,oi_face_rot_stall_mppi,14277,256,16,0,0,1,1,1,84,0.233584,0.0239822,6.91715,0,0.709889,0.925048,0.171192,14.3801,15.985,344064,0.2097,0.223,0,0.171469,0,1,1
box_detour_wall,oi_face_rot_stall_mppi,14284,256,16,0,0,1,1,1,55,0.23552,0.02428,5.27926,0,0.891394,1.21689,0.184482,10.1465,11.447,225280,0.2296,0.2321,0,0.184907,0,1,1
box_detour_wall,oi_face_rot_stall_mppi,14291,256,16,0,0,1,1,1,114,0.192143,0.237725,7.38541,0,1.06391,2.16674,0.17026,19.4097,21.3226,466944,0.2023,0.2209,0,0.170632,0,1,1
box_detour_wall,oi_face_rot_stall_mppi,14298,256,16,0,0,1,1,1,94,0.249025,0.179138,6.9806,0,0.845275,1.18911,0.165772,15.5826,17.0708,385024,0.2085,0.2232,0,0.166035,0,1,1
box_detour_wall,oi_face_rot_stall_mppi,14305,256,16,0,0,1,1,1,106,0.248243,0.241398,9.54014,0,1.04957,1.95381,0.164791,17.4678,18.8446,434176,0.1946,0.203,0,0.164957,0,1,1
box_detour_wall,oi_face_rot_stall_mppi,14312,256,16,0,0,1,1,1,129,0.248208,0.27168,9.27296,0,1.00362,1.78741,0.168406,21.7244,23.3969,528384,0.2041,0.2182,0,0.168566,0,1,1
box_detour_wall,oi_face_rot_stall_mppi,14319,256,16,0,0,1,1,1,97,0.22432,0.0996919,8.24576,0,0.948528,1.43629,0.173781,16.8568,18.1969,397312,0.2062,0.2165,0,0.174051,0,1,1
box_detour_wall,oi_face_rot_stall_mppi,14326,256,16,0,0,1,1,1,89,0.199904,0.0205438,7.5262,0,0.863631,1.27001,0.181388,16.1435,17.8145,364544,0.2052,0.2211,0,0.181605,0,1,1
box_detour_wall,oi_face_rot_stall_mppi,14333,256,16,0,0,1,1,1,88,0.20717,0.100225,7.05053,0,0.92797,1.63415,0.173384,15.2578,16.4655,360448,0.2078,0.2274,0,0.173622,0,1,1
box_detour_wall,oi_face_rot_stall_mppi,14340,256,16,0,0,1,1,1,113,0.210554,0.191113,9.5451,0,0.690715,0.946045,0.175074,19.7834,21.7359,462848,0.2124,0.246,0,0.175327,0,1,1
box_detour_wall,oi_face_rot_stall_mppi,14347,256,16,0,0,1,1,1,43,0.217372,0.037899,4.51185,0,0.582512,0.52565,0.184267,7.9235,8.835,176128,0.2132,0.2351,0,0.184793,0,1,1
box_detour_wall,oi_face_rot_stall_mppi,14354,256,16,0,0,1,1,1,71,0.223023,0.174438,7.05136,0,0.827509,1.20116,0.180701,12.8298,14.1211,290816,0.2169,0.2309,0,0.181052,0,1,1
box_detour_wall,oi_face_rot_stall_mppi,14361,256,16,0,0,1,1,1,93,0.214606,0.0232507,6.85693,0,1.21338,2.75237,0.180627,16.7983,18.7883,380928,0.2167,0.2595,0,0.181,0,1,1
box_detour_wall,oi_face_rot_stall_mppi,14368,256,16,0,0,1,1,1,55,0.204571,0.0137452,6.21067,0,0.654412,0.732527,0.182109,10.016,11.2581,225280,0.2193,0.2283,0,0.182629,0,1,1
box_detour_wall,oi_face_rot_stall_mppi,14375,256,16,0,0,1,1,1,99,0.183064,0.00652931,8.39337,0,0.718496,0.890466,0.189596,18.77,20.7608,405504,0.2367,0.7181,0,0.189995,0,1,1
box_detour_wall,oi_face_rot_stall_mppi,14382,256,16,0,0,1,1,1,122,0.196921,0.0879695,11.3702,0,0.83959,1.2476,0.176273,21.5053,23.9464,499712,0.2142,0.2399,0,0.176557,0,1,1
box_detour_wall,oi_face_rot_stall_mppi,14389,256,16,0,0,1,1,1,77,0.202375,0.184793,6.36165,0,0.888047,1.24022,0.207935,16.011,18.7258,315392,0.2627,0.3552,0,0.208409,0,1,1
box_detour_wall,oi_face_rot_stall_mppi,14396,256,16,0,0,1,1,1,117,0.204743,0.147084,10.1931,0,0.82108,1.10379,0.198738,23.2524,26.3447,479232,0.2509,0.2731,0,0.199114,0,1,1
box_detour_wall,oi_face_rot_stall_mppi,14403,256,16,0,0,1,1,1,70,0.230882,0.0250064,5.79042,0,0.845474,1.28488,0.202524,14.1767,16.3644,286720,0.2562,0.265,0,0.203079,0,1,1
box_detour_wall,oi_face_rot_stall_mppi,14410,256,16,0,0,1,1,1,104,0.191932,0.036376,8.98325,0,0.842889,1.1991,0.19686,20.4734,23.3636,425984,0.2291,0.2444,0,0.197354,0,1,1
box_detour_wall,oi_face_rot_stall_mppi,14417,256,16,0,0,1,1,1,87,0.238785,0.0685917,7.43496,0,0.880515,1.37105,0.182776,15.9015,17.6908,356352,0.2193,0.2762,0,0.183147,0,1,1
box_detour_wall,oi_face_rot_stall_mppi,14424,256,16,0,0,1,1,1,151,0.202145,0.0785877,10.3664,0,0.753974,1.23962,0.194997,29.4445,33.3656,618496,0.2359,0.2626,0,0.195344,0,1,1
box_detour_wall,oi_face_rot_stall_mppi,14431,256,16,0,0,1,1,1,70,0.232421,0.000711137,5.54046,0,0.807397,1.23192,0.198457,13.892,15.8856,286720,0.2323,0.2711,0,0.19889,0,1,1
box_detour_wall,oi_face_rot_stall_mppi,14438,256,16,0,0,1,1,1,50,0.231309,0.140907,5.8848,0,0.707549,0.808455,0.191982,9.5991,10.8995,204800,0.227,0.247,0,0.192368,0,1,1
box_detour_wall,oi_face_rot_stall_mppi,14445,256,16,0,0,1,1,1,97,0.229308,0.0348669,7.08176,0,1.03135,1.83552,0.191959,18.62,21.2709,397312,0.2347,0.2609,0,0.192389,0,1,1
box_detour_wall,oi_face_rot_stall_mppi,14452,256,16,0,0,1,1,1,161,0.18961,0.265359,9.71148,0,1.01796,2.1235,0.191155,30.776,35.3535,659456,0.2302,0.2627,0,0.191452,0,1,1
box_detour_wall,oi_face_rot_stall_mppi,14459,256,16,0,0,1,1,1,87,0.247729,0.144563,6.97562,0,0.846948,1.35115,0.179244,15.5942,17.4204,356352,0.2125,0.2257,0,0.179522,0,1,1
box_detour_wall,oi_face_rot_stall_mppi,14466,256,16,0,0,1,1,1,47,0.229197,0.104112,5.18966,0,0.601332,0.527416,0.178989,8.4125,9.379,192512,0.2179,0.2215,0,0.179496,0,1,1
box_detour_wall,oi_face_rot_stall_mppi,14473,256,16,0,0,1,1,1,106,0.249216,0.138771,9.39511,0,0.850669,1.10623,0.175979,18.6538,20.7721,434176,0.2097,0.2383,0,0.176249,0,1,1
box_detour_wall,oi_face_rot_stall_mppi,14480,256,16,0,0,1,1,1,126,0.176896,0.0199137,10.5843,0,0.989175,1.69989,0.179892,22.6664,25.3048,516096,0.2176,0.2483,0,0.180139,0,1,1
box_detour_wall,oi_face_rot_stall_mppi,14487,256,16,0,0,1,1,1,102,0.218067,0.148279,8.99892,0,0.809448,1.26751,0.185329,18.9036,21.2089,417792,0.2395,0.2576,0,0.185657,0,1,1
box_detour_wall,oi_face_rot_stall_mppi,14494,256,16,0,0,1,1,1,107,0.225382,0.104887,9.01924,0,1.04213,1.96272,0.176835,18.9213,20.9985,438272,0.2212,0.2553,0,0.177103,0,1,1
box_detour_wall,oi_face_rot_stall_mppi,14501,256,16,0,0,1,1,1,105,0.207947,0.0179325,9.06262,0,0.886713,1.36039,0.171844,18.0436,20.1446,430080,0.2077,0.2217,0,0.172163,0,1,1
box_detour_wall,oi_face_rot_stall_mppi,14508,256,16,0,0,1,1,1,104,0.245866,0.0515266,7.8131,0,0.838301,1.30358,0.17525,18.226,20.0796,425984,0.214,0.2367,0,0.175537,0,1,1
box_detour_wall,oi_face_rot_stall_mppi,14515,256,16,0,0,1,1,1,116,0.241722,0.17288,8.50564,0,0.856513,1.37336,0.178603,20.7179,22.8306,475136,0.2136,0.2349,0,0.178905,0,1,1
box_detour_wall,oi_face_rot_stall_mppi,14522,256,16,0,0,1,1,1,106,0.187977,0.00176646,7.62275,0,0.698357,0.908841,0.168796,17.8924,19.4797,434176,0.2032,0.2189,0,0.169024,0,1,1
box_detour_wall,oi_face_rot_stall_mppi,14529,256,16,0,0,1,1,1,148,0.22546,0.0811296,12.853,0,0.884965,1.41387,0.184239,27.2674,29.9815,606208,0.2391,0.2651,0,0.184591,0,1,1
box_detour_wall,oi_face_rot_stall_mppi,14536,256,16,0,0,0,1,0,420,1.22364,0.118832,49.5553,0,2.50311,7.78883,0.207565,87.1773,96.6489,1720320,0.235,0.2628,0,0.207738,0,1,0
box_detour_wall,oi_face_rot_stall_mppi,14543,256,16,0,0,1,1,1,101,0.242713,0.0725208,10.0004,0,0.877608,1.21039,0.1945,19.6445,22.4758,413696,0.2315,0.2638,0,0.194874,0,1,1
box_detour_wall,oi_face_rot_stall_mppi,14550,256,16,0,0,1,1,1,86,0.241783,0.0239667,8.2386,0,1.06639,1.91544,0.185452,15.9489,18.1304,352256,0.2189,0.2262,0,0.185858,0,1,1
box_detour_wall,oi_face_rot_stall_mppi,14557,256,16,0,0,1,1,1,115,0.206001,0.000969196,7.72768,0,0.83638,1.48513,0.176117,20.2534,22.4867,471040,0.217,0.228,0,0.176398,0,1,1
box_detour_wall,oi_face_rot_stall_mppi,14564,256,16,0,0,1,1,1,191,0.205164,0.345383,14.3663,0,0.933636,1.58425,0.170167,32.5019,35.6112,782336,0.21,0.3545,0,0.17034,0,1,1
box_detour_wall,oi_face_rot_stall_mppi,14571,256,16,0,0,1,1,1,110,0.244465,0.127516,7.81148,0,0.998531,1.84417,0.182909,20.12,22.7111,450560,0.2283,0.2578,0,0.18324,0,1,1
box_detour_wall,oi_face_rot_stall_mppi,14578,256,16,0,0,1,1,1,113,0.191282,0.162472,8.07516,0,0.695505,0.880756,0.185013,20.9065,23.9035,462848,0.2359,0.2561,0,0.185356,0,1,1
box_detour_wall,oi_face_rot_stall_mppi,14585,256,16,0,0,1,1,1,133,0.192688,0.137327,12.5621,0,1.02828,1.80119,0.181382,24.1238,27.193,544768,0.2256,0.2456,0,0.181743,0,1,1
box_detour_wall,oi_face_rot_stall_mppi,14592,256,16,0,0,0,1,0,420,1.23168,0.217992,50.7985,0,3.53795,13.8265,0.18381,77.2001,86.7864,1720320,0.2236,0.2735,0,0.183973,0,1,0
box_detour_wall,oi_face_rot_stall_mppi,14599,256,16,0,0,1,1,1,89,0.207245,0.153087,7.03754,0,0.78106,1.04652,0.175049,15.5794,17.0031,364544,0.2119,0.243,0,0.175333,0,1,1
box_detour_wall,oi_face_rot_stall_mppi,14606,256,16,0,0,1,1,1,105,0.21895,0.110339,8.2854,0,0.805016,1.23966,0.180608,18.9638,20.6977,430080,0.2144,0.2222,0,0.180856,0,1,1
box_detour_wall,oi_face_rot_stall_mppi,14613,256,16,0,0,1,1,1,109,0.236405,0.0125375,10.284,0,0.961741,1.56101,0.173845,18.9491,20.5943,446464,0.2004,0.2108,0,0.174097,0,1,1
box_detour_wall,oi_face_rot_stall_mppi,14620,256,16,0,0,1,1,1,85,0.245526,0.0716404,6.40397,0,0.857243,1.36054,0.170733,14.5123,16.1065,348160,0.2063,0.2217,0,0.171033,0,1,1
box_detour_wall,oi_face_rot_stall_mppi,14627,256,16,0,0,1,1,1,112,0.227716,0.143288,8.54698,0,0.837261,1.17864,0.174246,19.5155,21.5461,458752,0.2116,0.2329,0,0.174517,0,1,1
box_detour_wall,oi_face_rot_stall_mppi,14634,256,16,0,0,1,1,1,113,0.236871,0.127381,10.041,0,0.756126,1.02289,0.178354,20.154,22.2495,462848,0.2056,0.4122,0,0.17863,0,1,1
box_detour_wall,oi_face_rot_stall_mppi,14641,256,16,0,0,1,1,1,109,0.223223,0.150317,7.73196,0,0.877697,1.49355,0.173341,18.8942,20.7833,446464,0.2089,0.2327,0,0.173577,0,1,1
box_detour_wall,oi_face_rot_stall_mppi,14648,256,16,0,0,1,1,1,114,0.205774,0.0430382,8.0737,0,0.821302,1.18285,0.172785,19.6975,21.7321,466944,0.2158,0.237,0,0.173052,0,1,1
box_detour_wall,oi_face_rot_stall_mppi,14655,256,16,0,0,1,1,1,111,0.199214,0.171861,9.05733,0,0.869892,1.4325,0.186199,20.6681,22.9017,454656,0.2245,0.2508,0,0.186493,0,1,1
box_detour_wall,oi_face_rot_stall_mppi,14662,256,16,0,0,1,1,1,94,0.243359,0.137842,8.25243,0,0.786393,1.01085,0.175445,16.4918,18.1552,385024,0.2103,0.2189,0,0.175753,0,1,1
box_detour_wall,oi_face_rot_stall_mppi,14669,256,16,0,0,1,1,1,106,0.227619,0.0124224,8.61998,0,0.811439,1.14505,0.179619,19.0396,21.4761,434176,0.2166,0.2298,0,0.179997,0,1,1
box_detour_wall,oi_face_rot_stall_mppi,14676,256,16,0,0,1,1,1,72,0.21983,0.146822,6.1346,0,0.8658,1.3118,0.179933,12.9552,14.4574,294912,0.235,0.2429,0,0.180431,0,1,1
box_detour_wall,oi_face_rot_stall_mppi,14683,256,16,0,0,1,1,1,93,0.226588,0.0666891,8.08173,0,1.11211,2.19148,0.179629,16.7055,18.3985,380928,0.2205,0.2431,0,0.179879,0,1,1
box_detour_wall,oi_face_rot_stall_mppi,14690,256,16,0,0,1,1,1,60,0.247797,0.0646308,5.72097,0,0.994853,1.48109,0.177552,10.6531,11.5803,245760,0.2083,0.2133,0,0.177852,0,1,1
box_detour_wall,oi_face_rot_stall_mppi,14697,256,16,0,0,1,1,1,105,0.195012,0.0133523,6.88122,0,0.903439,1.7957,0.181384,19.0453,21.6858,430080,0.2231,0.245,0,0.181809,0,1,1
box_detour_wall,oi_face_rot_stall_mppi,14704,256,16,0,0,1,1,1,105,0.246041,0.15005,8.40903,0,0.890468,1.43565,0.18067,18.9704,20.6891,430080,0.2165,0.231,0,0.180973,0,1,1
box_detour_wall,oi_face_rot_stall_mppi,14711,256,16,0,0,1,1,1,63,0.233448,0.0417248,6.24163,0,0.824809,1.08086,0.183119,11.5365,12.7277,258048,0.2343,0.2623,0,0.18347,0,1,1
box_detour_wall,oi_face_rot_stall_mppi,14718,256,16,0,0,1,1,1,102,0.225592,0.122374,6.80852,0,0.760507,1.18958,0.17028,17.3686,18.9699,417792,0.197,0.233,0,0.170484,0,1,1
box_detour_wall,oi_face_rot_stall_mppi,14725,256,16,0,0,1,1,1,135,0.227656,0.122864,10.179,0,0.897742,1.52834,0.172615,23.303,25.4332,552960,0.2109,0.2266,0,0.172825,0,1,1
box_detour_wall,oi_face_rot_stall_mppi,14732,256,16,0,0,1,1,1,95,0.241581,0.160129,8.03264,0,0.97428,1.82578,0.175494,16.6719,18.2947,389120,0.2112,0.2297,0,0.175751,0,1,1
box_detour_wall,oi_face_rot_stall_mppi,14739,256,16,0,0,1,1,1,107,0.194125,0.168431,7.79595,0,0.95608,1.60822,0.191282,20.4672,22.991,438272,0.2528,0.2716,0,0.191756,0,1,1
box_detour_wall,oi_face_rot_stall_mppi,14746,256,16,0,0,1,1,1,113,0.229228,0.146485,8.18355,0,0.94747,1.79518,0.165718,18.7261,20.5842,462848,0.1963,0.2108,0,0.16598,0,1,1
box_detour_wall,oi_face_rot_stall_mppi,14753,256,16,0,0,1,1,1,84,0.219466,0.0621753,5.8831,0,0.952841,1.65335,0.169788,14.2622,15.5753,344064,0.2062,0.2181,0,0.170023,0,1,1
box_detour_wall,oi_face_rot_stall_mppi,14760,256,16,0,0,1,1,1,108,0.210459,0.159026,8.18939,0,0.835514,1.51226,0.172769,18.6591,20.5906,442368,0.2118,0.2217,0,0.173023,0,1,1
box_detour_wall,oi_face_rot_stall_mppi,14767,256,16,0,0,1,1,1,97,0.216562,0.0897122,6.7824,0,0.91742,1.76051,0.17427,16.9042,18.783,397312,0.2104,0.2275,0,0.174598,0,1,1
box_detour_wall,oi_face_rot_stall_mppi,14774,256,16,0,0,1,1,1,102,0.249581,0.0601302,8.9868,0,0.770375,0.997299,0.174443,17.7932,19.8277,417792,0.2153,0.2263,0,0.174827,0,1,1
box_detour_wall,oi_face_rot_stall_mppi,14781,256,16,0,0,1,1,1,126,0.233298,0.182147,8.92938,0,0.864712,1.46621,0.163313,20.5775,22.4112,516096,0.1963,0.2054,0,0.163532,0,1,1
box_detour_wall,oi_face_rot_stall_mppi,14788,256,16,0,0,1,1,1,114,0.23732,0.00529776,9.34215,0,0.954454,1.70928,0.168204,19.1752,20.778,466944,0.2015,0.2252,0,0.168437,0,1,1
box_detour_wall,oi_face_rot_stall_mppi,14795,256,16,0,0,1,1,1,118,0.186358,0.000705526,11.8688,0,0.786278,1.07482,0.245814,29.0061,33.5545,483328,0.3735,0.5842,0,0.246147,0,1,1
box_detour_wall,oi_face_rot_stall_mppi,14802,256,16,0,0,1,1,1,104,0.205268,0.243135,6.86696,0,0.885636,1.51823,0.172652,17.9558,19.8949,425984,0.2058,0.2259,0,0.172996,0,1,1
box_detour_wall,oi_face_rot_stall_mppi,14809,256,16,0,0,1,1,1,76,0.248973,0.115716,7.58595,0,0.767727,1.00132,0.180876,13.7466,15.0541,311296,0.2212,0.2389,0,0.181217,0,1,1
box_detour_wall,oi_face_rot_stall_mppi,14816,256,16,0,0,1,1,1,112,0.195564,0.0226778,8.79063,0,0.865135,1.25338,0.173509,19.433,21.1625,458752,0.202,0.2217,0,0.173785,0,1,1
box_detour_wall,oi_face_rot_stall_mppi,14823,256,16,0,0,1,1,1,113,0.24421,0.120686,8.66541,0,0.814262,1.20028,0.164419,18.5793,20.0818,462848,0.2041,0.2145,0,0.164607,0,1,1
box_detour_wall,oi_face_rot_stall_mppi,14830,256,16,0,0,1,1,1,126,0.241754,0.179967,8.91473,0,0.870305,1.46425,0.177228,22.3307,24.4748,516096,0.2106,0.2499,0,0.177449,0,1,1
box_detour_wall,oi_face_rot_stall_mppi,14837,256,16,0,0,1,1,1,84,0.234628,0.111604,8.70077,0,0.877195,1.21472,0.188814,15.8604,18.0636,344064,0.2292,0.2484,0,0.189269,0,1,1
box_detour_wall,oi_face_rot_stall_mppi,14844,256,16,0,0,1,1,1,114,0.228471,0.116195,9.472,0,0.890844,1.48611,0.172321,19.6446,21.4714,466944,0.2021,0.222,0,0.172569,0,1,1
box_detour_wall,oi_face_rot_stall_mppi,14851,256,16,0,0,1,1,1,93,0.235777,0.270004,8.25009,0,0.876641,1.379,0.174199,16.2005,18.05,380928,0.2243,0.2345,0,0.174518,0,1,1
box_detour_wall,oi_face_rot_stall_mppi,14858,256,16,0,0,1,1,1,102,0.226791,0.159974,8.11195,0,0.890375,1.47532,0.171752,17.5187,18.9813,417792,0.2037,0.2091,0,0.172006,0,1,1
box_detour_wall,oi_face_rot_stall_mppi,14865,256,16,0,0,1,1,1,115,0.248968,0.0228416,9.16039,0,0.862139,1.25339,0.171742,19.7503,21.5012,471040,0.2095,0.2862,0,0.172066,0,1,1
box_detour_wall,oi_face_rot_stall_mppi,14872,256,16,0,0,1,1,1,104,0.20558,0.207155,8.36028,0,0.777929,1.05668,0.167461,17.4159,19.1435,425984,0.2014,0.2129,0,0.167726,0,1,1
box_detour_wall,oi_face_rot_stall_mppi,14879,256,16,0,0,1,1,1,103,0.242791,0.0286707,8.41778,0,0.846332,1.26549,0.172883,17.807,19.3781,421888,0.2069,0.2402,0,0.173147,0,1,1
box_detour_wall,oi_face_rot_stall_mppi,14886,256,16,0,0,1,1,1,86,0.207885,0.087716,8.35349,0,0.919522,1.39075,0.176127,15.1469,16.6538,352256,0.2234,0.2863,0,0.176442,0,1,1
box_detour_wall,oi_face_rot_stall_mppi,14893,256,16,0,0,1,1,1,89,0.224607,0.0434197,8.22649,0,0.902246,1.34256,0.178517,15.888,17.5334,364544,0.2354,0.2794,0,0.178836,0,1,1
box_detour_wall,oi_face_rot_stall_mppi,14900,256,16,0,0,1,1,1,85,0.24741,0.0334947,6.9543,0,0.909134,1.57363,0.169963,14.4469,15.5482,348160,0.2029,0.2136,0,0.170191,0,1,1
box_detour_wall,oi_face_rot_stall_mppi,14907,256,16,0,0,1,1,1,102,0.218271,0.155032,9.67219,0,0.839058,1.19492,0.176402,17.993,19.5871,417792,0.2061,0.2332,0,0.176621,0,1,1
box_detour_wall,oi_face_rot_stall_mppi,14914,256,16,0,0,1,1,1,103,0.232411,0.0626019,8.16428,0,0.842003,1.38622,0.176742,18.2044,19.7599,421888,0.2076,0.2417,0,0.177005,0,1,1
box_detour_wall,oi_face_rot_stall_mppi,14921,256,16,0,0,1,1,1,86,0.211349,0.0739669,7.15069,0,0.868828,1.4081,0.180304,15.5061,17.1887,352256,0.2259,0.2386,0,0.180744,0,1,1
box_detour_wall,oi_face_rot_stall_mppi,14928,256,16,0,0,1,1,1,134,0.195393,0.16214,12.6066,0,0.803442,1.1788,0.176931,23.7088,26.2064,548864,0.2187,0.2302,0,0.177212,0,1,1
box_detour_wall,oi_face_rot_stall_mppi,14935,256,16,0,0,1,1,1,109,0.220918,0.113676,8.25465,0,0.930672,1.61072,0.17505,19.0804,21.375,446464,0.2117,0.2432,0,0.175462,0,1,1
box_detour_wall,oi_face_rot_stall_mppi,14942,256,16,0,0,1,1,1,56,0.249201,0.0269775,5.49407,0,0.785376,1.13277,0.205402,11.5025,13.2695,229376,0.2424,0.269,0,0.205936,0,1,1
box_detour_wall,oi_face_rot_stall_mppi,14949,256,16,0,0,1,1,1,106,0.24184,0.082213,7.05584,0,1.00839,1.81603,0.204939,21.7235,24.5188,434176,0.2444,0.9381,0,0.205374,0,1,1
box_detour_wall,oi_face_rot_wide_mppi,14256,256,16,0,0,1,1,1,97,0.232153,0.0325661,8.43252,0,0.843113,1.38101,0.186834,18.1229,20.3865,397312,0.2362,0.3596,0,0.187281,0,1,1
box_detour_wall,oi_face_rot_wide_mppi,14263,256,16,0,0,1,1,1,87,0.2412,0.235407,7.75854,0,0.902998,1.32996,0.194631,16.9329,19.1674,356352,0.2467,0.2807,0,0.195097,0,1,1
box_detour_wall,oi_face_rot_wide_mppi,14270,256,16,0,0,1,1,1,144,0.241327,0.0868177,9.62369,0,0.94658,1.87362,0.18337,26.4053,30.0196,589824,0.2271,0.288,0,0.183715,0,1,1
box_detour_wall,oi_face_rot_wide_mppi,14277,256,16,0,0,1,1,1,84,0.233584,0.0239822,6.91715,0,0.709889,0.925048,0.224356,18.8459,22.136,344064,0.2692,0.6701,0,0.224949,0,1,1
box_detour_wall,oi_face_rot_wide_mppi,14284,256,16,0,0,1,1,1,55,0.23552,0.02428,5.27926,0,0.891394,1.21689,0.179318,9.8625,10.9417,225280,0.2307,0.2356,0,0.179725,0,1,1
box_detour_wall,oi_face_rot_wide_mppi,14291,256,16,0,0,1,1,1,114,0.192143,0.237725,7.38541,0,1.06391,2.16674,0.184421,21.024,23.702,466944,0.226,0.2601,0,0.184766,0,1,1
box_detour_wall,oi_face_rot_wide_mppi,14298,256,16,0,0,1,1,1,94,0.249025,0.179138,6.9806,0,0.845275,1.18911,0.183933,17.2897,19.5902,385024,0.2205,0.2368,0,0.184588,0,1,1
box_detour_wall,oi_face_rot_wide_mppi,14305,256,16,0,0,1,1,1,106,0.248243,0.241398,9.54014,0,1.04957,1.95381,0.176887,18.75,21.2755,434176,0.2157,0.2305,0,0.177374,0,1,1
box_detour_wall,oi_face_rot_wide_mppi,14312,256,16,0,0,1,1,1,129,0.248208,0.27168,9.27296,0,1.00362,1.78741,0.175796,22.6777,25.4262,528384,0.234,0.2643,0,0.176125,0,1,1
box_detour_wall,oi_face_rot_wide_mppi,14319,256,16,0,0,1,1,1,97,0.22432,0.0996919,8.24576,0,0.948528,1.43629,0.179321,17.3941,19.3517,397312,0.208,0.2431,0,0.179619,0,1,1
box_detour_wall,oi_face_rot_wide_mppi,14326,256,16,0,0,1,1,1,89,0.199904,0.0205438,7.5262,0,0.863631,1.27001,0.191667,17.0584,19.3172,364544,0.2295,0.2743,0,0.192101,0,1,1
box_detour_wall,oi_face_rot_wide_mppi,14333,256,16,0,0,1,1,1,88,0.20717,0.100225,7.05053,0,0.92797,1.63415,0.184008,16.1927,18.1637,360448,0.2224,0.243,0,0.184324,0,1,1
box_detour_wall,oi_face_rot_wide_mppi,14340,256,16,0,0,1,1,1,113,0.210554,0.191113,9.5451,0,0.690715,0.946045,0.18598,21.0157,23.522,462848,0.2336,0.3302,0,0.186284,0,1,1
box_detour_wall,oi_face_rot_wide_mppi,14347,256,16,0,0,1,1,1,43,0.217372,0.037899,4.51185,0,0.582512,0.52565,0.190888,8.2082,9.2936,176128,0.2129,0.2265,0,0.191449,0,1,1
box_detour_wall,oi_face_rot_wide_mppi,14354,256,16,0,0,1,1,1,71,0.223023,0.174438,7.05136,0,0.827509,1.20116,0.205076,14.5604,16.9401,290816,0.2426,0.2483,0,0.205532,0,1,1
box_detour_wall,oi_face_rot_wide_mppi,14361,256,16,0,0,1,1,1,93,0.214606,0.0232507,6.85693,0,1.21338,2.75237,0.181402,16.8704,18.7598,380928,0.2126,0.2452,0,0.1817,0,1,1
box_detour_wall,oi_face_rot_wide_mppi,14368,256,16,0,0,1,1,1,55,0.204571,0.0137452,6.21067,0,0.654412,0.732527,0.170471,9.3759,10.1918,225280,0.2003,0.2026,0,0.170778,0,1,1
box_detour_wall,oi_face_rot_wide_mppi,14375,256,16,0,0,1,1,1,99,0.183064,0.00652931,8.39337,0,0.718496,0.890466,0.177153,17.5381,19.0542,405504,0.2164,0.2288,0,0.177422,0,1,1
box_detour_wall,oi_face_rot_wide_mppi,14382,256,16,0,0,1,1,1,122,0.196921,0.0879695,11.3702,0,0.83959,1.2476,0.171948,20.9777,23.0323,499712,0.2048,0.217,0,0.172146,0,1,1
box_detour_wall,oi_face_rot_wide_mppi,14389,256,16,0,0,1,1,1,77,0.202375,0.184793,6.36165,0,0.888047,1.24022,0.177171,13.6422,15.0819,315392,0.226,0.2459,0,0.177521,0,1,1
box_detour_wall,oi_face_rot_wide_mppi,14396,256,16,0,0,1,1,1,117,0.204743,0.147084,10.1931,0,0.82108,1.10379,0.177267,20.7402,22.4029,479232,0.2111,0.2249,0,0.177503,0,1,1
box_detour_wall,oi_face_rot_wide_mppi,14403,256,16,0,0,1,1,1,70,0.230882,0.0250064,5.79042,0,0.845474,1.28488,0.176913,12.3839,13.7014,286720,0.2101,0.2247,0,0.177227,0,1,1
box_detour_wall,oi_face_rot_wide_mppi,14410,256,16,0,0,1,1,1,104,0.191932,0.036376,8.98325,0,0.842889,1.1991,0.181228,18.8477,20.8899,425984,0.2118,0.2375,0,0.181546,0,1,1
box_detour_wall,oi_face_rot_wide_mppi,14417,256,16,0,0,1,1,1,87,0.238785,0.0685917,7.43496,0,0.880515,1.37105,0.176557,15.3605,16.7846,356352,0.2137,0.2327,0,0.176831,0,1,1
box_detour_wall,oi_face_rot_wide_mppi,14424,256,16,0,0,1,1,1,151,0.202145,0.0785877,10.3664,0,0.753974,1.23962,0.178183,26.9057,29.6424,618496,0.2332,0.2664,0,0.178413,0,1,1
box_detour_wall,oi_face_rot_wide_mppi,14431,256,16,0,0,1,1,1,70,0.232421,0.000711137,5.54046,0,0.807397,1.23192,0.168893,11.8225,12.7536,286720,0.2029,0.2237,0,0.169147,0,1,1
box_detour_wall,oi_face_rot_wide_mppi,14438,256,16,0,0,1,1,1,50,0.231309,0.140907,5.8848,0,0.707549,0.808455,0.17567,8.7835,9.4378,204800,0.2039,0.2218,0,0.17597,0,1,1
box_detour_wall,oi_face_rot_wide_mppi,14445,256,16,0,0,1,1,1,97,0.229308,0.0348669,7.08176,0,1.03135,1.83552,0.171801,16.6647,18.2355,397312,0.2098,0.2408,0,0.172192,0,1,1
box_detour_wall,oi_face_rot_wide_mppi,14452,256,16,0,0,1,1,1,161,0.18961,0.265359,9.71148,0,1.01796,2.1235,0.16818,27.077,29.4145,659456,0.1857,0.228,0,0.168362,0,1,1
box_detour_wall,oi_face_rot_wide_mppi,14459,256,16,0,0,1,1,1,87,0.247729,0.144563,6.97562,0,0.846948,1.35115,0.173803,15.1209,16.5556,356352,0.2083,0.2314,0,0.174022,0,1,1
box_detour_wall,oi_face_rot_wide_mppi,14466,256,16,0,0,1,1,1,47,0.229197,0.104112,5.18966,0,0.601332,0.527416,0.178153,8.3732,9.0624,192512,0.2107,0.2129,0,0.17847,0,1,1
box_detour_wall,oi_face_rot_wide_mppi,14473,256,16,0,0,1,1,1,106,0.249216,0.138771,9.39511,0,0.850669,1.10623,0.177667,18.8327,20.6461,434176,0.2105,0.2187,0,0.177942,0,1,1
box_detour_wall,oi_face_rot_wide_mppi,14480,256,16,0,0,1,1,1,126,0.176896,0.0199137,10.5843,0,0.989175,1.69989,0.177183,22.325,24.8866,516096,0.2073,0.2207,0,0.177522,0,1,1
box_detour_wall,oi_face_rot_wide_mppi,14487,256,16,0,0,1,1,1,102,0.218067,0.148279,8.99892,0,0.809448,1.26751,0.187037,19.0778,21.4803,417792,0.2288,0.2541,0,0.187439,0,1,1
box_detour_wall,oi_face_rot_wide_mppi,14494,256,16,0,0,1,1,1,107,0.225382,0.104887,9.01924,0,1.04213,1.96272,0.180404,19.3032,21.5215,438272,0.2372,0.2561,0,0.180741,0,1,1
box_detour_wall,oi_face_rot_wide_mppi,14501,256,16,0,0,1,1,1,105,0.207947,0.0179325,9.06262,0,0.886713,1.36039,0.173412,18.2083,20.0998,430080,0.2108,0.2312,0,0.17367,0,1,1
box_detour_wall,oi_face_rot_wide_mppi,14508,256,16,0,0,1,1,1,104,0.245866,0.0515266,7.8131,0,0.838301,1.30358,0.171644,17.851,19.6926,425984,0.2108,0.2259,0,0.17194,0,1,1
box_detour_wall,oi_face_rot_wide_mppi,14515,256,16,0,0,1,1,1,116,0.241722,0.17288,8.50564,0,0.856513,1.37336,0.190067,22.0478,25.1953,475136,0.2393,0.4155,0,0.190416,0,1,1
box_detour_wall,oi_face_rot_wide_mppi,14522,256,16,0,0,1,1,1,106,0.187977,0.00176646,7.62275,0,0.698357,0.908841,0.184691,19.5772,22.135,434176,0.2303,0.2462,0,0.185093,0,1,1
box_detour_wall,oi_face_rot_wide_mppi,14529,256,16,0,0,1,1,1,94,0.235811,0.0604393,9.92395,0,1.00234,1.56876,0.198247,18.6352,21.4357,385024,0.2495,0.292,0,0.198618,0,1,1
box_detour_wall,oi_face_rot_wide_mppi,14536,256,16,0,0,0,1,0,420,0.438448,0.27527,42.6777,0,0.884593,1.39694,0.188326,79.097,89.0933,1720320,0.2351,0.3309,0,0.188536,0,1,0
box_detour_wall,oi_face_rot_wide_mppi,14543,256,16,0,0,1,1,1,101,0.242713,0.0725208,10.0004,0,0.877608,1.21039,0.185522,18.7377,21.0997,413696,0.2265,0.2818,0,0.185948,0,1,1
box_detour_wall,oi_face_rot_wide_mppi,14550,256,16,0,0,1,1,1,86,0.241783,0.0239667,8.2386,0,1.06639,1.91544,0.24422,21.0029,24.1025,352256,0.3343,2.2018,0,0.244758,0,1,1
box_detour_wall,oi_face_rot_wide_mppi,14557,256,16,0,0,1,1,1,115,0.206001,0.000969196,7.72768,0,0.83638,1.48513,0.217011,24.9563,28.8187,471040,0.3164,0.6773,0,0.217501,0,1,1
box_detour_wall,oi_face_rot_wide_mppi,14564,256,16,0,0,1,1,1,191,0.205164,0.345383,14.3663,0,0.933636,1.58425,0.193051,36.8727,42.3959,782336,0.247,0.2922,0,0.193347,0,1,1
box_detour_wall,oi_face_rot_wide_mppi,14571,256,16,0,0,1,1,1,110,0.244465,0.127516,7.81148,0,0.998531,1.84417,0.200434,22.0477,25.2786,450560,0.2375,0.3605,0,0.200881,0,1,1
box_detour_wall,oi_face_rot_wide_mppi,14578,256,16,0,0,1,1,1,113,0.191282,0.162472,8.07516,0,0.695505,0.880756,0.196547,22.2098,25.7965,462848,0.2293,0.2709,0,0.196981,0,1,1
box_detour_wall,oi_face_rot_wide_mppi,14585,256,16,0,0,1,1,1,133,0.192688,0.137327,12.5621,0,1.02828,1.80119,0.19779,26.3061,30.0835,544768,0.2539,0.2674,0,0.198143,0,1,1
box_detour_wall,oi_face_rot_wide_mppi,14592,256,16,0,0,1,1,1,146,0.217643,0.151897,12.6082,0,0.812957,1.29894,0.200392,29.2572,33.1621,598016,0.2392,0.2955,0,0.200778,0,1,1
box_detour_wall,oi_face_rot_wide_mppi,14599,256,16,0,0,1,1,1,89,0.207245,0.153087,7.03754,0,0.78106,1.04652,0.196912,17.5252,20.1966,364544,0.2557,0.2941,0,0.197335,0,1,1
box_detour_wall,oi_face_rot_wide_mppi,14606,256,16,0,0,1,1,1,105,0.21895,0.110339,8.2854,0,0.805016,1.23966,0.204057,21.426,24.5689,430080,0.2586,0.312,0,0.204594,0,1,1
box_detour_wall,oi_face_rot_wide_mppi,14613,256,16,0,0,1,1,1,109,0.236405,0.0125375,10.284,0,0.961741,1.56101,0.182952,19.9418,22.2974,446464,0.2132,0.2437,0,0.183271,0,1,1
box_detour_wall,oi_face_rot_wide_mppi,14620,256,16,0,0,1,1,1,85,0.245526,0.0716404,6.40397,0,0.857243,1.36054,0.173668,14.7618,16.3928,348160,0.2147,0.249,0,0.173976,0,1,1
box_detour_wall,oi_face_rot_wide_mppi,14627,256,16,0,0,1,1,1,112,0.227716,0.143288,8.54698,0,0.837261,1.17864,0.195357,21.88,24.9537,458752,0.2516,0.2709,0,0.195695,0,1,1
box_detour_wall,oi_face_rot_wide_mppi,14634,256,16,0,0,1,1,1,113,0.236871,0.127381,10.041,0,0.756126,1.02289,0.197207,22.2844,25.5952,462848,0.2585,0.2747,0,0.19754,0,1,1
box_detour_wall,oi_face_rot_wide_mppi,14641,256,16,0,0,1,1,1,109,0.223223,0.150317,7.73196,0,0.877697,1.49355,0.198953,21.6859,25.0378,446464,0.2561,0.2675,0,0.199391,0,1,1
box_detour_wall,oi_face_rot_wide_mppi,14648,256,16,0,0,1,1,1,114,0.205774,0.0430382,8.0737,0,0.821302,1.18285,0.22571,25.7309,30.5496,466944,0.3446,0.3814,0,0.226075,0,1,1
box_detour_wall,oi_face_rot_wide_mppi,14655,256,16,0,0,1,1,1,111,0.199214,0.171861,9.05733,0,0.869892,1.4325,0.198156,21.9953,25.0851,454656,0.2548,0.3006,0,0.198515,0,1,1
box_detour_wall,oi_face_rot_wide_mppi,14662,256,16,0,0,1,1,1,94,0.243359,0.137842,8.25243,0,0.786393,1.01085,0.202568,19.0414,21.9596,385024,0.2624,0.298,0,0.202966,0,1,1
box_detour_wall,oi_face_rot_wide_mppi,14669,256,16,0,0,1,1,1,106,0.227619,0.0124224,8.61998,0,0.811439,1.14505,0.180042,19.0844,21.2016,434176,0.2195,0.235,0,0.180318,0,1,1
box_detour_wall,oi_face_rot_wide_mppi,14676,256,16,0,0,1,1,1,72,0.21983,0.146822,6.1346,0,0.8658,1.3118,0.202576,14.5855,16.7547,294912,0.2715,0.3618,0,0.203067,0,1,1
box_detour_wall,oi_face_rot_wide_mppi,14683,256,16,0,0,1,1,1,93,0.226588,0.0666891,8.08173,0,1.11211,2.19148,0.212304,19.7443,22.9318,380928,0.2551,0.2907,0,0.212705,0,1,1
box_detour_wall,oi_face_rot_wide_mppi,14690,256,16,0,0,1,1,1,60,0.247797,0.0646308,5.72097,0,0.994853,1.48109,0.219617,13.177,15.5414,245760,0.2875,0.289,0,0.220148,0,1,1
box_detour_wall,oi_face_rot_wide_mppi,14697,256,16,0,0,1,1,1,105,0.195012,0.0133523,6.88122,0,0.903439,1.7957,0.196846,20.6688,23.6226,430080,0.2435,0.2786,0,0.197323,0,1,1
box_detour_wall,oi_face_rot_wide_mppi,14704,256,16,0,0,1,1,1,105,0.246041,0.15005,8.40903,0,0.890468,1.43565,0.196286,20.61,23.273,430080,0.2481,0.2739,0,0.19671,0,1,1
box_detour_wall,oi_face_rot_wide_mppi,14711,256,16,0,0,1,1,1,63,0.233448,0.0417248,6.24163,0,0.824809,1.08086,0.193994,12.2216,13.8267,258048,0.2397,0.2638,0,0.194465,0,1,1
box_detour_wall,oi_face_rot_wide_mppi,14718,256,16,0,0,1,1,1,102,0.225592,0.122374,6.80852,0,0.760507,1.18958,0.189911,19.3709,22.4615,417792,0.2484,0.2605,0,0.19032,0,1,1
box_detour_wall,oi_face_rot_wide_mppi,14725,256,16,0,0,1,1,1,135,0.227656,0.122864,10.179,0,0.897742,1.52834,0.20367,27.4955,32.2897,552960,0.2484,0.2746,0,0.204028,0,1,1
box_detour_wall,oi_face_rot_wide_mppi,14732,256,16,0,0,1,1,1,95,0.241581,0.160129,8.03264,0,0.97428,1.82578,0.206636,19.6304,22.6982,389120,0.2613,0.3661,0,0.207182,0,1,1
box_detour_wall,oi_face_rot_wide_mppi,14739,256,16,0,0,1,1,1,107,0.194125,0.168431,7.79595,0,0.95608,1.60822,0.206584,22.1045,25.6395,438272,0.2496,0.27,0,0.207024,0,1,1
box_detour_wall,oi_face_rot_wide_mppi,14746,256,16,0,0,1,1,1,113,0.229228,0.146485,8.18355,0,0.94747,1.79518,0.212313,23.9914,27.7547,462848,0.2612,0.2672,0,0.212774,0,1,1
box_detour_wall,oi_face_rot_wide_mppi,14753,256,16,0,0,1,1,1,84,0.219466,0.0621753,5.8831,0,0.952841,1.65335,0.203915,17.1289,19.5507,344064,0.2446,0.2619,0,0.204446,0,1,1
box_detour_wall,oi_face_rot_wide_mppi,14760,256,16,0,0,1,1,1,108,0.210459,0.159026,8.18939,0,0.835514,1.51226,0.213164,23.0217,27.0341,442368,0.2709,0.4995,0,0.213631,0,1,1
box_detour_wall,oi_face_rot_wide_mppi,14767,256,16,0,0,1,1,1,97,0.216562,0.0897122,6.7824,0,0.91742,1.76051,0.194779,18.8936,21.5625,397312,0.2508,0.269,0,0.195231,0,1,1
box_detour_wall,oi_face_rot_wide_mppi,14774,256,16,0,0,1,1,1,102,0.249581,0.0601302,8.9868,0,0.770375,0.997299,0.200017,20.4017,23.1546,417792,0.2474,0.2918,0,0.200441,0,1,1
box_detour_wall,oi_face_rot_wide_mppi,14781,256,16,0,0,1,1,1,126,0.233298,0.182147,8.92938,0,0.864712,1.46621,0.201226,25.3545,29.2886,516096,0.2332,0.2962,0,0.201698,0,1,1
box_detour_wall,oi_face_rot_wide_mppi,14788,256,16,0,0,1,1,1,114,0.23732,0.00529776,9.34215,0,0.954454,1.70928,0.202905,23.1312,26.6699,466944,0.2778,0.3653,0,0.203377,0,1,1
box_detour_wall,oi_face_rot_wide_mppi,14795,256,16,0,0,1,1,1,118,0.186358,0.000705526,11.8688,0,0.786278,1.07482,0.210064,24.7875,28.2011,483328,0.2566,0.391,0,0.210519,0,1,1
box_detour_wall,oi_face_rot_wide_mppi,14802,256,16,0,0,1,1,1,104,0.205268,0.243135,6.86696,0,0.885636,1.51823,0.20914,21.7506,25.348,425984,0.2526,0.3919,0,0.209645,0,1,1
box_detour_wall,oi_face_rot_wide_mppi,14809,256,16,0,0,1,1,1,76,0.248973,0.115716,7.58595,0,0.767727,1.00132,0.199829,15.187,17.2833,311296,0.2398,0.2647,0,0.200353,0,1,1
box_detour_wall,oi_face_rot_wide_mppi,14816,256,16,0,0,1,1,1,112,0.195564,0.0226778,8.79063,0,0.865135,1.25338,0.210928,23.6239,27.2589,458752,0.2563,0.3415,0,0.211363,0,1,1
box_detour_wall,oi_face_rot_wide_mppi,14823,256,16,0,0,1,1,1,113,0.24421,0.120686,8.66541,0,0.814262,1.20028,0.20207,22.8339,26.4738,462848,0.2548,0.3594,0,0.202493,0,1,1
box_detour_wall,oi_face_rot_wide_mppi,14830,256,16,0,0,1,1,1,126,0.241754,0.179967,8.91473,0,0.870305,1.46425,0.245576,30.9426,36.6558,516096,0.32,2.9277,0,0.246103,0,1,1
box_detour_wall,oi_face_rot_wide_mppi,14837,256,16,0,0,1,1,1,84,0.234628,0.111604,8.70077,0,0.877195,1.21472,0.201944,16.9633,19.4798,344064,0.2527,0.3986,0,0.202454,0,1,1
box_detour_wall,oi_face_rot_wide_mppi,14844,256,16,0,0,1,1,1,114,0.228471,0.116195,9.472,0,0.890844,1.48611,0.211325,24.091,28.096,466944,0.2574,0.5916,0,0.211805,0,1,1
box_detour_wall,oi_face_rot_wide_mppi,14851,256,16,0,0,1,1,1,93,0.235777,0.270004,8.25009,0,0.876641,1.379,0.197048,18.3255,21.0017,380928,0.2296,0.2413,0,0.197494,0,1,1
box_detour_wall,oi_face_rot_wide_mppi,14858,256,16,0,0,1,1,1,102,0.226791,0.159974,8.11195,0,0.890375,1.47532,0.186155,18.9878,21.6961,417792,0.238,0.253,0,0.186627,0,1,1
box_detour_wall,oi_face_rot_wide_mppi,14865,256,16,0,0,1,1,1,115,0.248968,0.0228416,9.16039,0,0.862139,1.25339,0.176991,20.354,22.5651,471040,0.2124,0.2499,0,0.177463,0,1,1
box_detour_wall,oi_face_rot_wide_mppi,14872,256,16,0,0,1,1,1,104,0.20558,0.207155,8.36028,0,0.777929,1.05668,0.170906,17.7742,19.6626,425984,0.2291,0.2485,0,0.171237,0,1,1
box_detour_wall,oi_face_rot_wide_mppi,14879,256,16,0,0,1,1,1,103,0.242791,0.0286707,8.41778,0,0.846332,1.26549,0.179356,18.4737,20.2852,421888,0.2111,0.2316,0,0.179638,0,1,1
box_detour_wall,oi_face_rot_wide_mppi,14886,256,16,0,0,1,1,1,86,0.207885,0.087716,8.35349,0,0.919522,1.39075,0.173057,14.8829,16.5936,352256,0.2023,0.211,0,0.173309,0,1,1
box_detour_wall,oi_face_rot_wide_mppi,14893,256,16,0,0,1,1,1,89,0.224607,0.0434197,8.22649,0,0.902246,1.34256,0.186852,16.6298,18.7455,364544,0.2333,0.3052,0,0.187252,0,1,1
box_detour_wall,oi_face_rot_wide_mppi,14900,256,16,0,0,1,1,1,85,0.24741,0.0334947,6.9543,0,0.909134,1.57363,0.181626,15.4382,17.4313,348160,0.2226,0.2507,0,0.182067,0,1,1
box_detour_wall,oi_face_rot_wide_mppi,14907,256,16,0,0,1,1,1,102,0.218271,0.155032,9.67219,0,0.839058,1.19492,0.202846,20.6903,23.5305,417792,0.2341,0.3716,0,0.203258,0,1,1
box_detour_wall,oi_face_rot_wide_mppi,14914,256,16,0,0,1,1,1,103,0.232411,0.0626019,8.16428,0,0.842003,1.38622,0.182091,18.7554,20.9868,421888,0.232,0.2586,0,0.182437,0,1,1
box_detour_wall,oi_face_rot_wide_mppi,14921,256,16,0,0,1,1,1,86,0.211349,0.0739669,7.15069,0,0.868828,1.4081,0.179079,15.4008,17.2164,352256,0.2268,0.2423,0,0.179466,0,1,1
box_detour_wall,oi_face_rot_wide_mppi,14928,256,16,0,0,1,1,1,134,0.195393,0.16214,12.6066,0,0.803442,1.1788,0.176731,23.682,25.7429,548864,0.2063,0.2186,0,0.176973,0,1,1
box_detour_wall,oi_face_rot_wide_mppi,14935,256,16,0,0,1,1,1,109,0.220918,0.113676,8.25465,0,0.930672,1.61072,0.170638,18.5995,20.403,446464,0.2086,0.2263,0,0.170923,0,1,1
box_detour_wall,oi_face_rot_wide_mppi,14942,256,16,0,0,1,1,1,56,0.249201,0.0269775,5.49407,0,0.785376,1.13277,0.187073,10.4761,11.7904,229376,0.212,0.2344,0,0.187455,0,1,1
box_detour_wall,oi_face_rot_wide_mppi,14949,256,16,0,0,1,1,1,106,0.24184,0.082213,7.05584,0,1.00839,1.81603,0.173282,18.3679,20.0195,434176,0.2037,0.2292,0,0.173506,0,1,1
box_detour_wall_far,oi_face_rot_pstall_mppi,14556,256,16,0,0,1,1,1,71,0.243665,0.0733095,8.60408,0,0.992238,1.60774,0.17989,12.7722,14.4317,290816,0.222,0.246,0,0.180348,0,1,1
box_detour_wall_far,oi_face_rot_pstall_mppi,14563,256,16,0,0,1,1,1,137,0.228152,0.310253,12.731,0,0.74797,1.1026,0.173158,23.7226,26.2285,561152,0.2136,0.2324,0,0.173463,0,1,1
box_detour_wall_far,oi_face_rot_pstall_mppi,14570,256,16,0,0,1,1,1,99,0.211868,0.0619141,10.4124,0,0.915627,1.53144,0.164825,16.3177,17.7012,405504,0.2,0.226,0,0.165072,0,1,1
box_detour_wall_far,oi_face_rot_pstall_mppi,14577,256,16,0,0,1,1,1,72,0.216733,0.0615651,9.08018,0,1.03221,1.95442,0.175043,12.6031,13.7675,294912,0.2118,0.2198,0,0.175271,0,1,1
box_detour_wall_far,oi_face_rot_pstall_mppi,14584,256,16,0,0,1,1,1,88,0.241602,0.0360422,8.67689,0,0.973416,1.59516,0.182064,16.0216,18.0404,360448,0.226,0.2611,0,0.182393,0,1,1
box_detour_wall_far,oi_face_rot_pstall_mppi,14591,256,16,0,0,1,1,1,194,0.147035,0.250426,17.0309,0,0.889634,1.30826,0.170025,32.9848,36.3391,794624,0.2013,0.2178,0,0.170232,0,1,1
box_detour_wall_far,oi_face_rot_pstall_mppi,14598,256,16,0,0,1,1,1,162,0.242,0.0176085,17.9364,0,0.760387,1.11702,0.173998,28.1876,31.1655,663552,0.2218,0.2538,0,0.174283,0,1,1
box_detour_wall_far,oi_face_rot_pstall_mppi,14605,256,16,0,0,1,1,1,127,0.171883,0.0914599,14.1773,0,0.994707,1.55676,0.173091,21.9825,24.0944,520192,0.2088,0.257,0,0.173313,0,1,1
box_detour_wall_far,oi_face_rot_pstall_mppi,14612,256,16,0,0,1,1,1,104,0.207341,0.0594001,10.0087,0,1.01193,1.68411,0.179008,18.6168,20.4143,425984,0.2197,0.2366,0,0.179302,0,1,1
box_detour_wall_far,oi_face_rot_pstall_mppi,14619,256,16,0,0,1,1,1,114,0.237239,0.176498,12.2783,0,0.832158,1.33803,0.187445,21.3687,24.0621,466944,0.2285,0.6118,0,0.187789,0,1,1
box_detour_wall_far,oi_face_rot_pstall_mppi,14626,256,16,0,0,1,1,1,102,0.203219,0.0675467,10.1713,0,0.897529,1.42594,0.176165,17.9688,20.0651,417792,0.2154,0.3104,0,0.176539,0,1,1
box_detour_wall_far,oi_face_rot_pstall_mppi,14633,256,16,0,0,1,1,1,103,0.244906,0.105286,10.2685,0,1.17261,2.44257,0.171037,17.6168,19.3318,421888,0.2075,0.2435,0,0.17135,0,1,1
box_detour_wall_far,oi_face_rot_pstall_mppi,14640,256,16,0,0,1,1,1,112,0.214526,0.0994326,9.13501,0,0.993695,1.89265,0.167624,18.7739,20.2984,458752,0.1912,0.2704,0,0.167885,0,1,1
box_detour_wall_far,oi_face_rot_pstall_mppi,14647,256,16,0,0,1,1,1,109,0.209763,0.1577,11.7597,0,0.807655,1.12713,0.173651,18.928,20.5945,446464,0.2086,0.2285,0,0.173901,0,1,1
box_detour_wall_far,oi_face_rot_pstall_mppi,14654,256,16,0,0,1,1,1,59,0.226139,0.153802,8.27559,0,1.06938,1.64794,0.174736,10.3094,11.3683,241664,0.2205,0.2283,0,0.175054,0,1,1
box_detour_wall_far,oi_face_rot_pstall_mppi,14661,256,16,0,0,1,1,1,116,0.246858,0.229908,11.5601,0,0.899177,1.25345,0.172063,19.9593,21.9243,475136,0.2255,0.2326,0,0.172279,0,1,1
box_detour_wall_far,oi_face_rot_pstall_mppi,14668,256,16,0,0,1,1,1,130,0.219539,0.0506671,12.458,0,0.741785,1.08076,0.181859,23.6417,26.6274,532480,0.2182,0.281,0,0.182188,0,1,1
box_detour_wall_far,oi_face_rot_pstall_mppi,14675,256,16,0,0,1,1,1,116,0.240953,0.00174642,10.9067,0,0.908024,1.64877,0.171391,19.8814,21.9681,475136,0.2054,0.2405,0,0.171641,0,1,1
box_detour_wall_far,oi_face_rot_pstall_mppi,14682,256,16,0,0,1,1,1,115,0.235812,0.0265199,10.8714,0,0.901787,1.52573,0.170532,19.6112,21.4906,471040,0.2053,0.2215,0,0.17073,0,1,1
box_detour_wall_far,oi_face_rot_pstall_mppi,14689,256,16,0,0,1,1,1,154,0.218949,0.000789857,13.1166,0,0.878388,1.56785,0.174684,26.9014,29.982,630784,0.2064,0.2555,0,0.175035,0,1,1
box_detour_wall_far,oi_face_rot_pstall_mppi,14696,256,16,0,0,1,1,1,125,0.241908,0.178732,12.0004,0,0.712127,0.957043,0.172073,21.5091,23.8332,512000,0.2052,0.2554,0,0.172346,0,1,1
box_detour_wall_far,oi_face_rot_pstall_mppi,14703,256,16,0,0,1,1,1,112,0.24689,0.013489,10.6549,0,1.11242,2.20856,0.166986,18.7024,20.4334,458752,0.193,0.2461,0,0.167209,0,1,1
box_detour_wall_far,oi_face_rot_pstall_mppi,14710,256,16,0,0,1,1,1,118,0.249817,0.095724,11.0543,0,0.949859,1.65978,0.17314,20.4305,22.1601,483328,0.205,0.2354,0,0.173415,0,1,1
box_detour_wall_far,oi_face_rot_pstall_mppi,14717,256,16,0,0,1,1,1,134,0.185765,0.0623457,12.8837,0,0.916542,1.46354,0.171912,23.0362,25.0252,548864,0.2074,0.2204,0,0.172094,0,1,1
box_detour_wall_far,oi_face_rot_pstall_mppi,14724,256,16,0,0,1,1,1,119,0.211222,0.0911154,11.0734,0,0.904574,1.54342,0.163359,19.4397,21.1237,487424,0.1939,0.2032,0,0.163598,0,1,1
box_detour_wall_far,oi_face_rot_pstall_mppi,14731,256,16,0,0,1,1,1,138,0.200054,0.116653,12.6492,0,0.805913,1.2295,0.163833,22.609,24.6437,565248,0.1986,0.2461,0,0.164017,0,1,1
box_detour_wall_far,oi_face_rot_pstall_mppi,14738,256,16,0,0,1,1,1,93,0.245454,0.100749,11.8231,0,0.849815,1.11204,0.173667,16.151,17.9142,380928,0.2203,0.2587,0,0.173929,0,1,1
box_detour_wall_far,oi_face_rot_pstall_mppi,14745,256,16,0,0,1,1,1,137,0.180338,0.0659604,11.824,0,0.800296,1.14643,0.170772,23.3957,25.8425,561152,0.2098,0.2231,0,0.170975,0,1,1
box_detour_wall_far,oi_face_rot_pstall_mppi,14752,256,16,0,0,1,1,1,115,0.22581,0.1262,11.4994,0,0.792722,1.10915,0.170479,19.6051,21.3132,471040,0.1982,0.2105,0,0.170639,0,1,1
box_detour_wall_far,oi_face_rot_pstall_mppi,14759,256,16,0,0,1,1,1,95,0.233756,0.144497,9.01165,0,0.835269,1.26645,0.170631,16.2099,17.808,389120,0.2108,0.2548,0,0.170935,0,1,1
box_detour_wall_far,oi_face_rot_pstall_mppi,14766,256,16,0,0,1,1,1,101,0.240269,0.185944,8.87041,0,0.985913,1.64533,0.177219,17.8991,20.1941,413696,0.2139,0.2421,0,0.1776,0,1,1
box_detour_wall_far,oi_face_rot_pstall_mppi,14773,256,16,0,0,1,1,1,96,0.247774,0.0995711,9.59608,0,1.06157,1.98875,0.176321,16.9268,18.5985,393216,0.2047,0.2207,0,0.17659,0,1,1
box_detour_wall_far,oi_face_rot_pstall_mppi,14780,256,16,0,0,1,1,1,146,0.198443,0.205488,14.6476,0,0.722207,1.05485,0.175843,25.6731,28.3218,598016,0.2307,0.2644,0,0.176104,0,1,1
box_detour_wall_far,oi_face_rot_pstall_mppi,14787,256,16,0,0,1,1,1,212,0.20353,0.228252,18.104,0,1.15514,2.19063,0.167601,35.5315,38.7715,868352,0.1919,0.2391,0,0.167796,0,1,1
box_detour_wall_far,oi_face_rot_pstall_mppi,14794,256,16,0,0,1,1,1,106,0.218243,0.0253314,9.08995,0,0.907013,1.66571,0.158623,16.814,18.2883,434176,0.1785,0.2038,0,0.15887,0,1,1
box_detour_wall_far,oi_face_rot_pstall_mppi,14801,256,16,0,0,1,1,1,100,0.244805,0.0990647,10.3478,0,0.837564,1.25822,0.170783,17.0783,18.6196,409600,0.2093,0.2215,0,0.171032,0,1,1
box_detour_wall_far,oi_face_rot_pstall_mppi,14808,256,16,0,0,1,1,1,110,0.15746,0.0826327,11.6982,0,0.880627,1.33225,0.180158,19.8174,22.308,450560,0.2424,0.2612,0,0.180454,0,1,1
box_detour_wall_far,oi_face_rot_pstall_mppi,14815,256,16,0,0,1,1,1,97,0.234408,0.111584,8.81207,0,1.10682,2.26175,0.178999,17.3629,19.3409,397312,0.2082,0.2187,0,0.179326,0,1,1
box_detour_wall_far,oi_face_rot_pstall_mppi,14822,256,16,0,0,1,1,1,95,0.24692,0.0377894,10.0731,0,0.854135,1.3735,0.171117,16.2561,17.7587,389120,0.2114,0.2234,0,0.171416,0,1,1
box_detour_wall_far,oi_face_rot_pstall_mppi,14829,256,16,0,0,1,1,1,92,0.230926,0.0553175,9.5857,0,0.985388,1.66267,0.178235,16.3976,18.1371,376832,0.2124,0.2333,0,0.178603,0,1,1
box_detour_wall_far,oi_face_rot_pstall_mppi,14836,256,16,0,0,1,1,1,188,0.239703,0.169341,13.449,0,0.934261,1.81105,0.170771,32.105,35.1279,770048,0.2045,0.2184,0,0.170932,0,1,1
box_detour_wall_far,oi_face_rot_pstall_mppi,14843,256,16,0,0,1,1,1,74,0.219412,0.0394199,8.13523,0,0.801059,0.976067,0.174143,12.8866,13.9134,303104,0.214,0.2165,0,0.17437,0,1,1
box_detour_wall_far,oi_face_rot_pstall_mppi,14850,256,16,0,0,1,1,1,119,0.205841,0.015724,10.6637,0,0.930886,1.61293,0.173245,20.6162,22.4106,487424,0.2089,0.5389,0,0.173507,0,1,1
box_detour_wall_far,oi_face_rot_pstall_mppi,14857,256,16,0,0,1,1,1,106,0.200289,0.00224308,11.1971,0,0.751647,1.0014,0.177107,18.7733,20.9418,434176,0.2067,0.2264,0,0.177391,0,1,1
box_detour_wall_far,oi_face_rot_pstall_mppi,14864,256,16,0,0,1,1,1,147,0.203306,0.0110502,15.1071,0,0.865365,1.39134,0.173738,25.5395,27.9721,602112,0.2093,0.2204,0,0.173983,0,1,1
box_detour_wall_far,oi_face_rot_pstall_mppi,14871,256,16,0,0,1,1,1,89,0.21705,0.0808313,8.55683,0,0.849951,1.20721,0.175502,15.6197,17.1574,364544,0.2042,0.27,0,0.17573,0,1,1
box_detour_wall_far,oi_face_rot_pstall_mppi,14878,256,16,0,0,1,1,1,110,0.213743,0.0151147,11.7316,0,0.916802,1.3716,0.172844,19.0128,20.5149,450560,0.2081,0.2376,0,0.173134,0,1,1
box_detour_wall_far,oi_face_rot_pstall_mppi,14885,256,16,0,0,1,1,1,97,0.238349,0.115468,11.1202,0,0.930533,1.44233,0.173385,16.8183,18.3436,397312,0.2006,0.2228,0,0.173625,0,1,1
box_detour_wall_far,oi_face_rot_pstall_mppi,14892,256,16,0,0,1,1,1,128,0.246013,0.196274,11.788,0,0.905741,1.34905,0.168969,21.628,23.8932,524288,0.2066,0.2251,0,0.16933,0,1,1
box_detour_wall_far,oi_face_rot_pstall_mppi,14899,256,16,0,0,1,1,1,160,0.187271,0.0589994,12.1742,0,0.788555,1.19731,0.16568,26.5088,28.9457,655360,0.1972,0.3004,0,0.165887,0,1,1
box_detour_wall_far,oi_face_rot_pstall_mppi,14906,256,16,0,0,1,1,1,94,0.241771,0.147613,9.23529,0,0.914074,1.58378,0.166871,15.6859,17.1749,385024,0.1936,0.2153,0,0.167114,0,1,1
box_detour_wall_far,oi_face_rot_pstall_mppi,14913,256,16,0,0,1,1,1,88,0.247384,0.0623462,8.82363,0,0.871302,1.41361,0.178843,15.7382,17.7159,360448,0.2226,0.2356,0,0.179258,0,1,1
box_detour_wall_far,oi_face_rot_pstall_mppi,14920,256,16,0,0,1,1,1,64,0.246217,0.0689551,8.27651,0,1.09944,2.03882,0.178345,11.4141,12.6629,262144,0.2112,0.2296,0,0.178705,0,1,1
box_detour_wall_far,oi_face_rot_pstall_mppi,14927,256,16,0,0,1,1,1,127,0.246643,0.0914395,11.2185,0,0.970372,1.71939,0.169432,21.5179,23.5922,520192,0.2071,0.2248,0,0.169651,0,1,1
box_detour_wall_far,oi_face_rot_pstall_mppi,14934,256,16,0,0,1,1,1,115,0.179995,0.0372937,10.2081,0,0.764078,1.24807,0.17809,20.4803,22.9313,471040,0.2315,0.2685,0,0.17845,0,1,1
box_detour_wall_far,oi_face_rot_pstall_mppi,14941,256,16,0,0,1,1,1,99,0.21003,0.174505,10.4343,0,0.890048,1.6445,0.165738,16.4081,17.9127,405504,0.1996,0.2145,0,0.16596,0,1,1
box_detour_wall_far,oi_face_rot_pstall_mppi,14948,256,16,0,0,1,1,1,109,0.226791,0.000873643,11.3745,0,0.835674,1.31667,0.166104,18.1053,19.7412,446464,0.2077,0.2491,0,0.166335,0,1,1
box_detour_wall_far,oi_face_rot_pstall_mppi,14955,256,16,0,0,1,1,1,83,0.242214,0.0559912,8.93832,0,1.00952,1.60444,0.160624,13.3318,14.552,339968,0.1878,0.2234,0,0.160831,0,1,1
box_detour_wall_far,oi_face_rot_pstall_mppi,14962,256,16,0,0,1,1,1,76,0.245511,0.0169814,8.20756,0,0.983644,1.49069,0.176713,13.4302,14.9972,311296,0.221,0.2426,0,0.177036,0,1,1
box_detour_wall_far,oi_face_rot_pstall_mppi,14969,256,16,0,0,1,1,1,196,0.246134,0.176518,23.5854,0,0.976805,1.563,0.168772,33.0793,36.5545,802816,0.2102,0.2441,0,0.168982,0,1,1
box_detour_wall_far,oi_face_rot_pstall_mppi,14976,256,16,0,0,1,1,1,117,0.231997,0.0299609,11.9505,0,0.947468,1.44989,0.171055,20.0135,21.997,479232,0.2052,0.2324,0,0.171256,0,1,1
box_detour_wall_far,oi_face_rot_pstall_mppi,14983,256,16,0,0,1,1,1,128,0.212496,0.164798,10.59,0,0.938953,1.69027,0.171759,21.9852,24.0058,524288,0.2088,0.2475,0,0.172016,0,1,1
box_detour_wall_far,oi_face_rot_pstall_mppi,14990,256,16,0,0,1,1,1,129,0.223541,0.0620158,12.9575,0,0.769975,1.09392,0.172844,22.2969,24.7892,528384,0.2142,0.2668,0,0.173098,0,1,1
box_detour_wall_far,oi_face_rot_pstall_mppi,14997,256,16,0,0,1,1,1,91,0.223184,0.0444525,8.83657,0,0.784949,1.18212,0.167556,15.2476,16.7028,372736,0.2108,0.2265,0,0.16781,0,1,1
box_detour_wall_far,oi_face_rot_pstall_mppi,15004,256,16,0,0,1,1,1,131,0.237677,0.0350576,12.2962,0,0.75194,1.0705,0.176188,23.0806,25.4638,536576,0.2141,0.2357,0,0.176444,0,1,1
box_detour_wall_far,oi_face_rot_pstall_mppi,15011,256,16,0,0,1,1,1,127,0.166347,0.0208914,9.56747,0,0.837644,1.43922,0.167409,21.261,23.305,520192,0.1939,0.2186,0,0.167629,0,1,1
box_detour_wall_far,oi_face_rot_pstall_mppi,15018,256,16,0,0,1,1,1,101,0.175071,0.135457,9.68946,0,0.854008,1.34884,0.168384,17.0068,18.5604,413696,0.1938,0.2093,0,0.168602,0,1,1
box_detour_wall_far,oi_face_rot_pstall_mppi,15025,256,16,0,0,1,1,1,86,0.204138,0.0324189,9.62797,0,0.807607,1.16228,0.174346,14.9938,16.4978,352256,0.2284,0.2802,0,0.174593,0,1,1
box_detour_wall_far,oi_face_rot_pstall_mppi,15032,256,16,0,0,1,1,1,79,0.208218,0.012148,7.67836,0,0.791122,1.21243,0.175596,13.8721,15.3142,323584,0.2209,0.2258,0,0.175928,0,1,1
box_detour_wall_far,oi_face_rot_pstall_mppi,15039,256,16,0,0,1,1,1,104,0.171215,0.034409,11.9882,0,0.694923,0.857027,0.17357,18.0513,19.9174,425984,0.2087,0.2267,0,0.173799,0,1,1
box_detour_wall_far,oi_face_rot_pstall_mppi,15046,256,16,0,0,1,1,1,102,0.205472,0.126895,8.36871,0,1.09858,2.32607,0.168907,17.2285,19.2846,417792,0.2067,0.2156,0,0.169227,0,1,1
box_detour_wall_far,oi_face_rot_pstall_mppi,15053,256,16,0,0,1,1,1,113,0.249987,0.117432,12.1922,0,0.86389,1.30117,0.170581,19.2756,21.1692,462848,0.204,0.2468,0,0.170808,0,1,1
box_detour_wall_far,oi_face_rot_pstall_mppi,15060,256,16,0,0,1,1,1,156,0.23733,0.0541323,12.789,0,0.775287,1.25338,0.169602,26.4579,29.6255,638976,0.1932,0.2356,0,0.16984,0,1,1
box_detour_wall_far,oi_face_rot_pstall_mppi,15067,256,16,0,0,1,1,1,86,0.221619,0.0383928,10.597,0,0.866756,1.16919,0.171813,14.7759,16.116,352256,0.2051,0.2643,0,0.172052,0,1,1
box_detour_wall_far,oi_face_rot_pstall_mppi,15074,256,16,0,0,1,1,1,125,0.237682,0.0514996,13.5914,0,0.760349,1.09647,0.167354,20.9193,22.737,512000,0.1989,0.2374,0,0.167598,0,1,1
box_detour_wall_far,oi_face_rot_pstall_mppi,15081,256,16,0,0,1,1,1,134,0.221739,0.111782,12.7666,0,0.920721,1.62109,0.169401,22.6997,24.674,548864,0.2105,0.2201,0,0.169614,0,1,1
box_detour_wall_far,oi_face_rot_pstall_mppi,15088,256,16,0,0,1,1,1,105,0.235777,0.201328,11.0769,0,0.877826,1.28736,0.16995,17.8447,19.4596,430080,0.2111,0.2595,0,0.17021,0,1,1
box_detour_wall_far,oi_face_rot_pstall_mppi,15095,256,16,0,0,1,1,1,121,0.227129,0.0263447,11.678,0,0.964335,1.66091,0.173737,21.0222,23.3322,495616,0.1959,0.2016,0,0.174016,0,1,1
box_detour_wall_far,oi_face_rot_pstall_mppi,15102,256,16,0,0,1,1,1,94,0.248927,0.202304,9.77087,0,0.888549,1.42512,0.180294,16.9476,18.889,385024,0.2206,0.2326,0,0.180639,0,1,1
box_detour_wall_far,oi_face_rot_pstall_mppi,15109,256,16,0,0,1,1,1,134,0.248101,0.247082,15.7809,0,0.801979,1.01513,0.173873,23.299,25.7366,548864,0.2081,0.2899,0,0.174082,0,1,1
box_detour_wall_far,oi_face_rot_pstall_mppi,15116,256,16,0,0,1,1,1,104,0.222759,0.113285,9.70811,0,1.24496,2.93449,0.168207,17.4935,18.9268,425984,0.1992,0.2127,0,0.168408,0,1,1
box_detour_wall_far,oi_face_rot_pstall_mppi,15123,256,16,0,0,1,1,1,88,0.240041,0.105321,10.1742,0,0.898079,1.18525,0.173972,15.3095,16.816,360448,0.2144,0.2213,0,0.174195,0,1,1
box_detour_wall_far,oi_face_rot_pstall_mppi,15130,256,16,0,0,1,1,1,100,0.220802,0.14176,10.8945,0,0.905406,1.45135,0.172914,17.2914,18.9186,409600,0.2019,0.2634,0,0.173176,0,1,1
box_detour_wall_far,oi_face_rot_pstall_mppi,15137,256,16,0,0,1,1,1,79,0.234766,0.199452,8.27499,0,0.768314,1.04073,0.178525,14.1035,15.7494,323584,0.2071,0.2297,0,0.178876,0,1,1
box_detour_wall_far,oi_face_rot_pstall_mppi,15144,256,16,0,0,1,1,1,119,0.247931,0.21208,11.8659,0,0.803111,1.13689,0.174877,20.8104,22.8541,487424,0.209,0.2383,0,0.175168,0,1,1
box_detour_wall_far,oi_face_rot_pstall_mppi,15151,256,16,0,0,1,1,1,118,0.232354,0.0296814,11.7611,0,0.781676,1.13287,0.168276,19.8566,21.6681,483328,0.2038,0.2185,0,0.168538,0,1,1
box_detour_wall_far,oi_face_rot_pstall_mppi,15158,256,16,0,0,1,1,1,92,0.248973,0.126581,9.12012,0,0.854031,1.40357,0.168302,15.4838,17.0009,376832,0.2134,0.2296,0,0.1685,0,1,1
box_detour_wall_far,oi_face_rot_pstall_mppi,15165,256,16,0,0,1,1,1,104,0.19135,0.172616,12.7769,0,0.850709,1.15982,0.172297,17.9189,19.7887,425984,0.2046,0.2086,0,0.172621,0,1,1
box_detour_wall_far,oi_face_rot_pstall_mppi,15172,256,16,0,0,1,1,1,73,0.243417,0.0731663,9.54522,0,0.9475,1.40402,0.15651,11.4252,12.3427,299008,0.1899,0.2024,0,0.156722,0,1,1
box_detour_wall_far,oi_face_rot_pstall_mppi,15179,256,16,0,0,1,1,1,132,0.236695,0.0925552,12.1543,0,0.771409,1.1164,0.173927,22.9584,25.4269,540672,0.2191,0.2569,0,0.174211,0,1,1
box_detour_wall_far,oi_face_rot_pstall_mppi,15186,256,16,0,0,1,1,1,125,0.247387,0.0118329,10.6899,0,0.8909,1.44884,0.166863,20.8579,22.7662,512000,0.2014,0.2181,0,0.167068,0,1,1
box_detour_wall_far,oi_face_rot_pstall_mppi,15193,256,16,0,0,1,1,1,82,0.229123,0.0895714,8.79313,0,0.846956,1.18946,0.166121,13.6219,14.7702,335872,0.1931,0.2277,0,0.166346,0,1,1
box_detour_wall_far,oi_face_rot_pstall_mppi,15200,256,16,0,0,1,1,1,93,0.200849,0.216207,9.16035,0,0.917003,1.41228,0.170285,15.8365,17.2161,380928,0.2031,0.2073,0,0.170477,0,1,1
box_detour_wall_far,oi_face_rot_pstall_mppi,15207,256,16,0,0,1,1,1,73,0.224869,0.16661,9.61378,0,0.690613,0.854392,0.179871,13.1306,14.3136,299008,0.2235,0.2247,0,0.180138,0,1,1
box_detour_wall_far,oi_face_rot_pstall_mppi,15214,256,16,0,0,1,1,1,119,0.222537,0.115308,11.9065,0,0.95769,1.61557,0.170929,20.3406,22.386,487424,0.218,0.2522,0,0.171252,0,1,1
box_detour_wall_far,oi_face_rot_pstall_mppi,15221,256,16,0,0,1,1,1,102,0.239203,0.191712,13.3627,0,0.880723,1.32179,0.177503,18.1053,19.7174,417792,0.2058,0.2109,0,0.177753,0,1,1
box_detour_wall_far,oi_face_rot_pstall_mppi,15228,256,16,0,0,1,1,1,136,0.242313,0.105829,13.9366,0,0.8582,1.30425,0.170127,23.1372,25.0807,557056,0.2061,0.2311,0,0.170318,0,1,1
box_detour_wall_far,oi_face_rot_pstall_mppi,15235,256,16,0,0,1,1,1,105,0.192815,0.158724,9.47897,0,1.04373,1.75303,0.177183,18.6042,20.5734,430080,0.2101,0.2342,0,0.177437,0,1,1
box_detour_wall_far,oi_face_rot_pstall_mppi,15242,256,16,0,0,1,1,1,100,0.238883,0.130062,9.6192,0,0.984857,1.57196,0.174754,17.4754,19.1302,409600,0.2089,0.2152,0,0.175015,0,1,1
box_detour_wall_far,oi_face_rot_pstall_mppi,15249,256,16,0,0,1,1,1,99,0.249775,0.0242306,9.79358,0,0.841038,1.17069,0.173037,17.1307,19.051,405504,0.2119,0.2309,0,0.173356,0,1,1
box_detour_wall_far,oi_face_rot_stall_mppi,14556,256,16,0,0,1,1,1,71,0.243665,0.0733095,8.60408,0,0.992238,1.60774,0.172155,12.223,13.63,290816,0.2105,0.2195,0,0.172477,0,1,1
box_detour_wall_far,oi_face_rot_stall_mppi,14563,256,16,0,0,1,1,1,137,0.228152,0.310253,12.731,0,0.74797,1.1026,0.176387,24.165,26.7315,561152,0.2231,0.3267,0,0.176676,0,1,1
box_detour_wall_far,oi_face_rot_stall_mppi,14570,256,16,0,0,1,1,1,99,0.211868,0.0619141,10.4124,0,0.915627,1.53144,0.167805,16.6127,18.1196,405504,0.1943,0.4034,0,0.168069,0,1,1
box_detour_wall_far,oi_face_rot_stall_mppi,14577,256,16,0,0,1,1,1,72,0.216733,0.0615651,9.08018,0,1.03221,1.95442,0.173886,12.5198,13.5555,294912,0.2078,0.2143,0,0.174122,0,1,1
box_detour_wall_far,oi_face_rot_stall_mppi,14584,256,16,0,0,1,1,1,88,0.241602,0.0360422,8.67689,0,0.973416,1.59516,0.172948,15.2194,17.0467,360448,0.2308,0.2686,0,0.173275,0,1,1
box_detour_wall_far,oi_face_rot_stall_mppi,14591,256,16,0,0,1,1,1,194,0.147035,0.250426,17.0309,0,0.889634,1.30826,0.17265,33.4941,36.943,794624,0.2165,0.2272,0,0.172912,0,1,1
box_detour_wall_far,oi_face_rot_stall_mppi,14598,256,16,0,0,1,1,1,162,0.242,0.0176085,17.9364,0,0.760387,1.11702,0.164218,26.6033,28.6773,663552,0.1982,0.2023,0,0.164376,0,1,1
box_detour_wall_far,oi_face_rot_stall_mppi,14605,256,16,0,0,1,1,1,127,0.171883,0.0914599,14.1773,0,0.994707,1.55676,0.174587,22.1725,24.1519,520192,0.2195,0.252,0,0.174789,0,1,1
box_detour_wall_far,oi_face_rot_stall_mppi,14612,256,16,0,0,1,1,1,104,0.207341,0.0594001,10.0087,0,1.01193,1.68411,0.177322,18.4415,20.3418,425984,0.2125,0.2316,0,0.177659,0,1,1
box_detour_wall_far,oi_face_rot_stall_mppi,14619,256,16,0,0,1,1,1,114,0.237239,0.176498,12.2783,0,0.832158,1.33803,0.162687,18.5463,20.281,466944,0.195,0.2188,0,0.162914,0,1,1
box_detour_wall_far,oi_face_rot_stall_mppi,14626,256,16,0,0,1,1,1,102,0.203219,0.0675467,10.1713,0,0.897529,1.42594,0.176005,17.9525,19.5668,417792,0.2169,0.229,0,0.176256,0,1,1
box_detour_wall_far,oi_face_rot_stall_mppi,14633,256,16,0,0,1,1,1,103,0.244906,0.105286,10.2685,0,1.17261,2.44257,0.172711,17.7892,19.2632,421888,0.1992,0.2156,0,0.172904,0,1,1
box_detour_wall_far,oi_face_rot_stall_mppi,14640,256,16,0,0,1,1,1,112,0.214526,0.0994326,9.13501,0,0.993695,1.89265,0.172526,19.3229,21.6273,458752,0.2009,0.2534,0,0.172786,0,1,1
box_detour_wall_far,oi_face_rot_stall_mppi,14647,256,16,0,0,1,1,1,109,0.209763,0.1577,11.7597,0,0.807655,1.12713,0.174145,18.9818,20.9156,446464,0.2164,0.2381,0,0.174409,0,1,1
box_detour_wall_far,oi_face_rot_stall_mppi,14654,256,16,0,0,1,1,1,59,0.226139,0.153802,8.27559,0,1.06938,1.64794,0.170586,10.0646,11.0079,241664,0.206,0.2229,0,0.170941,0,1,1
box_detour_wall_far,oi_face_rot_stall_mppi,14661,256,16,0,0,1,1,1,116,0.246858,0.229908,11.5601,0,0.899177,1.25345,0.170653,19.7958,21.5302,475136,0.2046,0.2202,0,0.170879,0,1,1
box_detour_wall_far,oi_face_rot_stall_mppi,14668,256,16,0,0,1,1,1,130,0.219539,0.0506671,12.458,0,0.741785,1.08076,0.177798,23.1138,25.6937,532480,0.2165,0.2409,0,0.178121,0,1,1
box_detour_wall_far,oi_face_rot_stall_mppi,14675,256,16,0,0,1,1,1,116,0.240953,0.00174642,10.9067,0,0.908024,1.64877,0.166714,19.3388,20.9979,475136,0.1985,0.2077,0,0.166919,0,1,1
box_detour_wall_far,oi_face_rot_stall_mppi,14682,256,16,0,0,1,1,1,115,0.235812,0.0265199,10.8714,0,0.901787,1.52573,0.181222,20.8405,24.0087,471040,0.2177,0.2308,0,0.181661,0,1,1
box_detour_wall_far,oi_face_rot_stall_mppi,14689,256,16,0,0,1,1,1,154,0.218949,0.000789857,13.1166,0,0.878388,1.56785,0.169384,26.0852,28.8078,630784,0.21,0.2313,0,0.169606,0,1,1
box_detour_wall_far,oi_face_rot_stall_mppi,14696,256,16,0,0,1,1,1,125,0.241908,0.178732,12.0004,0,0.712127,0.957043,0.172537,21.5671,23.8726,512000,0.2118,0.2418,0,0.172755,0,1,1
box_detour_wall_far,oi_face_rot_stall_mppi,14703,256,16,0,0,1,1,1,112,0.24689,0.013489,10.6549,0,1.11242,2.20856,0.169806,19.0183,20.9882,458752,0.2075,0.2218,0,0.1701,0,1,1
box_detour_wall_far,oi_face_rot_stall_mppi,14710,256,16,0,0,1,1,1,118,0.249817,0.095724,11.0543,0,0.949859,1.65978,0.171513,20.2385,22.2552,483328,0.2046,0.2203,0,0.171766,0,1,1
box_detour_wall_far,oi_face_rot_stall_mppi,14717,256,16,0,0,1,1,1,134,0.185765,0.0623457,12.8837,0,0.916542,1.46354,0.177076,23.7282,26.4014,548864,0.2117,0.2465,0,0.177369,0,1,1
box_detour_wall_far,oi_face_rot_stall_mppi,14724,256,16,0,0,1,1,1,119,0.211222,0.0911154,11.0734,0,0.904574,1.54342,0.170696,20.3128,22.23,487424,0.2103,0.2253,0,0.17095,0,1,1
box_detour_wall_far,oi_face_rot_stall_mppi,14731,256,16,0,0,1,1,1,138,0.200054,0.116653,12.6492,0,0.805913,1.2295,0.163814,22.6064,24.5538,565248,0.1974,0.2164,0,0.163999,0,1,1
box_detour_wall_far,oi_face_rot_stall_mppi,14738,256,16,0,0,1,1,1,93,0.245454,0.100749,11.8231,0,0.849815,1.11204,0.176655,16.4289,18.0469,380928,0.21,0.2556,0,0.176915,0,1,1
box_detour_wall_far,oi_face_rot_stall_mppi,14745,256,16,0,0,1,1,1,137,0.180338,0.0659604,11.824,0,0.800296,1.14643,0.171972,23.5602,26.2598,561152,0.1962,0.2207,0,0.172165,0,1,1
box_detour_wall_far,oi_face_rot_stall_mppi,14752,256,16,0,0,1,1,1,115,0.22581,0.1262,11.4994,0,0.792722,1.10915,0.172688,19.8591,21.6697,471040,0.2129,0.3298,0,0.172981,0,1,1
box_detour_wall_far,oi_face_rot_stall_mppi,14759,256,16,0,0,1,1,1,95,0.233756,0.144497,9.01165,0,0.835269,1.26645,0.172009,16.3409,17.6343,389120,0.2047,0.2174,0,0.172223,0,1,1
box_detour_wall_far,oi_face_rot_stall_mppi,14766,256,16,0,0,1,1,1,101,0.240269,0.185944,8.87041,0,0.985913,1.64533,0.165842,16.75,18.1003,413696,0.1937,0.2051,0,0.166021,0,1,1
box_detour_wall_far,oi_face_rot_stall_mppi,14773,256,16,0,0,1,1,1,96,0.247774,0.0995711,9.59608,0,1.06157,1.98875,0.170049,16.3247,17.5922,393216,0.2043,0.2168,0,0.170257,0,1,1
box_detour_wall_far,oi_face_rot_stall_mppi,14780,256,16,0,0,1,1,1,146,0.198443,0.205488,14.6476,0,0.722207,1.05485,0.168667,24.6254,27.0052,598016,0.2015,0.2138,0,0.168903,0,1,1
box_detour_wall_far,oi_face_rot_stall_mppi,14787,256,16,0,0,1,1,1,212,0.20353,0.228252,18.104,0,1.15514,2.19063,0.165546,35.0958,38.3649,868352,0.195,0.2103,0,0.16572,0,1,1
box_detour_wall_far,oi_face_rot_stall_mppi,14794,256,16,0,0,1,1,1,106,0.218243,0.0253314,9.08995,0,0.907013,1.66571,0.160427,17.0053,18.4342,434176,0.1688,0.1881,0,0.160611,0,1,1
box_detour_wall_far,oi_face_rot_stall_mppi,14801,256,16,0,0,1,1,1,100,0.244805,0.0990647,10.3478,0,0.837564,1.25822,0.170541,17.0541,18.3587,409600,0.2049,0.2192,0,0.170762,0,1,1
box_detour_wall_far,oi_face_rot_stall_mppi,14808,256,16,0,0,1,1,1,110,0.15746,0.0826327,11.6982,0,0.880627,1.33225,0.172734,19.0008,20.6572,450560,0.2046,0.2179,0,0.172946,0,1,1
box_detour_wall_far,oi_face_rot_stall_mppi,14815,256,16,0,0,1,1,1,97,0.234408,0.111584,8.81207,0,1.10682,2.26175,0.167124,16.211,17.9384,397312,0.1922,0.2044,0,0.167414,0,1,1
box_detour_wall_far,oi_face_rot_stall_mppi,14822,256,16,0,0,1,1,1,95,0.24692,0.0377894,10.0731,0,0.854135,1.3735,0.17142,16.2849,17.6138,389120,0.2028,0.2341,0,0.171657,0,1,1
box_detour_wall_far,oi_face_rot_stall_mppi,14829,256,16,0,0,1,1,1,92,0.230926,0.0553175,9.5857,0,0.985388,1.66267,0.164524,15.1362,16.4525,376832,0.2053,0.2207,0,0.164871,0,1,1
box_detour_wall_far,oi_face_rot_stall_mppi,14836,256,16,0,0,1,1,1,188,0.239703,0.169341,13.449,0,0.934261,1.81105,0.170892,32.1277,35.3164,770048,0.2055,0.2217,0,0.171085,0,1,1
box_detour_wall_far,oi_face_rot_stall_mppi,14843,256,16,0,0,1,1,1,74,0.219412,0.0394199,8.13523,0,0.801059,0.976067,0.174345,12.9015,14.0847,303104,0.2187,0.3709,0,0.174619,0,1,1
box_detour_wall_far,oi_face_rot_stall_mppi,14850,256,16,0,0,1,1,1,119,0.205841,0.015724,10.6637,0,0.930886,1.61293,0.174137,20.7223,22.8552,487424,0.2061,0.2124,0,0.174353,0,1,1
box_detour_wall_far,oi_face_rot_stall_mppi,14857,256,16,0,0,1,1,1,106,0.200289,0.00224308,11.1971,0,0.751647,1.0014,0.169401,17.9565,19.433,434176,0.1969,0.2079,0,0.169609,0,1,1
box_detour_wall_far,oi_face_rot_stall_mppi,14864,256,16,0,0,1,1,1,147,0.203306,0.0110502,15.1071,0,0.865365,1.39134,0.178001,26.1662,28.5211,602112,0.2182,0.2305,0,0.178245,0,1,1
box_detour_wall_far,oi_face_rot_stall_mppi,14871,256,16,0,0,1,1,1,89,0.21705,0.0808313,8.55683,0,0.849951,1.20721,0.172728,15.3728,16.6398,364544,0.2119,0.2619,0,0.172921,0,1,1
box_detour_wall_far,oi_face_rot_stall_mppi,14878,256,16,0,0,1,1,1,110,0.213743,0.0151147,11.7316,0,0.916802,1.3716,0.172554,18.9809,20.6025,450560,0.2033,0.2245,0,0.172765,0,1,1
box_detour_wall_far,oi_face_rot_stall_mppi,14885,256,16,0,0,1,1,1,97,0.238349,0.115468,11.1202,0,0.930533,1.44233,0.171266,16.6128,18.2841,397312,0.2036,0.2245,0,0.171535,0,1,1
box_detour_wall_far,oi_face_rot_stall_mppi,14892,256,16,0,0,1,1,1,128,0.246013,0.196274,11.788,0,0.905741,1.34905,0.164321,21.0331,23.0525,524288,0.2037,0.2081,0,0.164491,0,1,1
box_detour_wall_far,oi_face_rot_stall_mppi,14899,256,16,0,0,1,1,1,160,0.187271,0.0589994,12.1742,0,0.788555,1.19731,0.163831,26.213,28.2725,655360,0.1922,0.2122,0,0.163986,0,1,1
box_detour_wall_far,oi_face_rot_stall_mppi,14906,256,16,0,0,1,1,1,94,0.241771,0.147613,9.23529,0,0.914074,1.58378,0.168016,15.7935,17.1076,385024,0.2024,0.2179,0,0.168223,0,1,1
box_detour_wall_far,oi_face_rot_stall_mppi,14913,256,16,0,0,1,1,1,88,0.247384,0.0623462,8.82363,0,0.871302,1.41361,0.168158,14.7979,15.9735,360448,0.203,0.2201,0,0.168357,0,1,1
box_detour_wall_far,oi_face_rot_stall_mppi,14920,256,16,0,0,1,1,1,64,0.246217,0.0689551,8.27651,0,1.09944,2.03882,0.176139,11.2729,12.5186,262144,0.2181,0.2281,0,0.176556,0,1,1
box_detour_wall_far,oi_face_rot_stall_mppi,14927,256,16,0,0,1,1,1,127,0.246643,0.0914395,11.2185,0,0.970372,1.71939,0.170825,21.6948,23.8587,520192,0.205,0.2223,0,0.171039,0,1,1
box_detour_wall_far,oi_face_rot_stall_mppi,14934,256,16,0,0,1,1,1,115,0.179995,0.0372937,10.2081,0,0.764078,1.24807,0.166689,19.1692,20.879,471040,0.1921,0.2138,0,0.166893,0,1,1
box_detour_wall_far,oi_face_rot_stall_mppi,14941,256,16,0,0,1,1,1,99,0.21003,0.174505,10.4343,0,0.890048,1.6445,0.174912,17.3163,19.0138,405504,0.2146,0.2558,0,0.175152,0,1,1
box_detour_wall_far,oi_face_rot_stall_mppi,14948,256,16,0,0,1,1,1,109,0.226791,0.000873643,11.3745,0,0.835674,1.31667,0.171958,18.7434,21.0854,446464,0.2057,0.2128,0,0.172203,0,1,1
box_detour_wall_far,oi_face_rot_stall_mppi,14955,256,16,0,0,1,1,1,83,0.242214,0.0559912,8.93832,0,1.00952,1.60444,0.175613,14.5759,16.3439,339968,0.2039,0.2116,0,0.176122,0,1,1
box_detour_wall_far,oi_face_rot_stall_mppi,14962,256,16,0,0,1,1,1,76,0.245511,0.0169814,8.20756,0,0.983644,1.49069,0.199364,15.1517,17.4345,311296,0.3086,0.3614,0,0.199862,0,1,1
box_detour_wall_far,oi_face_rot_stall_mppi,14969,256,16,0,0,1,1,1,196,0.246134,0.176518,23.5854,0,0.976805,1.563,0.169078,33.1393,35.9812,802816,0.2078,0.2271,0,0.169225,0,1,1
box_detour_wall_far,oi_face_rot_stall_mppi,14976,256,16,0,0,1,1,1,117,0.231997,0.0299609,11.9505,0,0.947468,1.44989,0.170974,20.004,21.823,479232,0.2069,0.2149,0,0.171168,0,1,1
box_detour_wall_far,oi_face_rot_stall_mppi,14983,256,16,0,0,1,1,1,128,0.212496,0.164798,10.59,0,0.938953,1.69027,0.183854,23.5333,26.5664,524288,0.2241,0.2403,0,0.184141,0,1,1
box_detour_wall_far,oi_face_rot_stall_mppi,14990,256,16,0,0,1,1,1,129,0.223541,0.0620158,12.9575,0,0.769975,1.09392,0.179443,23.1481,25.512,528384,0.2103,1.0457,0,0.179664,0,1,1
box_detour_wall_far,oi_face_rot_stall_mppi,14997,256,16,0,0,1,1,1,91,0.223184,0.0444525,8.83657,0,0.784949,1.18212,0.167453,15.2382,16.7082,372736,0.211,0.2543,0,0.167701,0,1,1
box_detour_wall_far,oi_face_rot_stall_mppi,15004,256,16,0,0,1,1,1,131,0.237677,0.0350576,12.2962,0,0.75194,1.0705,0.170176,22.2931,24.1713,536576,0.2107,0.2229,0,0.170361,0,1,1
box_detour_wall_far,oi_face_rot_stall_mppi,15011,256,16,0,0,1,1,1,127,0.166347,0.0208914,9.56747,0,0.837644,1.43922,0.167908,21.3243,23.4694,520192,0.1935,0.2436,0,0.168144,0,1,1
box_detour_wall_far,oi_face_rot_stall_mppi,15018,256,16,0,0,1,1,1,101,0.175071,0.135457,9.68946,0,0.854008,1.34884,0.177422,17.9196,19.8271,413696,0.2101,0.2417,0,0.17769,0,1,1
box_detour_wall_far,oi_face_rot_stall_mppi,15025,256,16,0,0,1,1,1,86,0.204138,0.0324189,9.62797,0,0.807607,1.16228,0.168495,14.4906,15.7319,352256,0.2003,0.2136,0,0.168744,0,1,1
box_detour_wall_far,oi_face_rot_stall_mppi,15032,256,16,0,0,1,1,1,79,0.208218,0.012148,7.67836,0,0.791122,1.21243,0.161042,12.7223,13.9487,323584,0.202,0.2114,0,0.161239,0,1,1
box_detour_wall_far,oi_face_rot_stall_mppi,15039,256,16,0,0,1,1,1,104,0.171215,0.034409,11.9882,0,0.694923,0.857027,0.167836,17.4549,18.8859,425984,0.1967,0.213,0,0.168051,0,1,1
box_detour_wall_far,oi_face_rot_stall_mppi,15046,256,16,0,0,1,1,1,102,0.205472,0.126895,8.36871,0,1.09858,2.32607,0.167151,17.0494,18.5301,417792,0.1895,0.2427,0,0.167394,0,1,1
box_detour_wall_far,oi_face_rot_stall_mppi,15053,256,16,0,0,1,1,1,113,0.249987,0.117432,12.1922,0,0.86389,1.30117,0.174838,19.7567,21.6728,462848,0.2055,0.2193,0,0.175046,0,1,1
box_detour_wall_far,oi_face_rot_stall_mppi,15060,256,16,0,0,1,1,1,156,0.23733,0.0541323,12.789,0,0.775287,1.25338,0.170374,26.5783,29.5313,638976,0.2037,0.2358,0,0.170612,0,1,1
box_detour_wall_far,oi_face_rot_stall_mppi,15067,256,16,0,0,1,1,1,86,0.221619,0.0383928,10.597,0,0.866756,1.16919,0.173843,14.9505,16.7143,352256,0.2003,0.2252,0,0.174079,0,1,1
box_detour_wall_far,oi_face_rot_stall_mppi,15074,256,16,0,0,1,1,1,125,0.237682,0.0514996,13.5914,0,0.760349,1.09647,0.167962,20.9952,22.7952,512000,0.2022,0.214,0,0.16812,0,1,1
box_detour_wall_far,oi_face_rot_stall_mppi,15081,256,16,0,0,1,1,1,134,0.221739,0.111782,12.7666,0,0.920721,1.62109,0.174737,23.4147,25.5796,548864,0.2155,0.2345,0,0.174913,0,1,1
box_detour_wall_far,oi_face_rot_stall_mppi,15088,256,16,0,0,1,1,1,105,0.235777,0.201328,11.0769,0,0.877826,1.28736,0.172082,18.0686,20.1018,430080,0.2154,0.2331,0,0.17237,0,1,1
box_detour_wall_far,oi_face_rot_stall_mppi,15095,256,16,0,0,1,1,1,121,0.227129,0.0263447,11.678,0,0.964335,1.66091,0.166531,20.1503,21.9121,495616,0.2021,0.2198,0,0.166755,0,1,1
box_detour_wall_far,oi_face_rot_stall_mppi,15102,256,16,0,0,1,1,1,94,0.248927,0.202304,9.77087,0,0.888549,1.42512,0.170076,15.9871,17.3018,385024,0.2083,0.2117,0,0.170269,0,1,1
box_detour_wall_far,oi_face_rot_stall_mppi,15109,256,16,0,0,1,1,1,134,0.248101,0.247082,15.7809,0,0.801979,1.01513,0.166465,22.3063,24.3499,548864,0.207,0.2482,0,0.166675,0,1,1
box_detour_wall_far,oi_face_rot_stall_mppi,15116,256,16,0,0,1,1,1,104,0.222759,0.113285,9.70811,0,1.24496,2.93449,0.168815,17.5568,19.0009,425984,0.2064,0.2111,0,0.169009,0,1,1
box_detour_wall_far,oi_face_rot_stall_mppi,15123,256,16,0,0,1,1,1,88,0.240041,0.105321,10.1742,0,0.898079,1.18525,0.170798,15.0302,16.3608,360448,0.2024,0.2215,0,0.170982,0,1,1
box_detour_wall_far,oi_face_rot_stall_mppi,15130,256,16,0,0,1,1,1,100,0.220802,0.14176,10.8945,0,0.905406,1.45135,0.174603,17.4603,19.3673,409600,0.206,0.2264,0,0.174934,0,1,1
box_detour_wall_far,oi_face_rot_stall_mppi,15137,256,16,0,0,1,1,1,79,0.234766,0.199452,8.27499,0,0.768314,1.04073,0.166824,13.1791,14.2033,323584,0.2036,0.2059,0,0.167052,0,1,1
box_detour_wall_far,oi_face_rot_stall_mppi,15144,256,16,0,0,1,1,1,119,0.247931,0.21208,11.8659,0,0.803111,1.13689,0.176514,21.0052,23.3343,487424,0.2182,0.2285,0,0.176787,0,1,1
box_detour_wall_far,oi_face_rot_stall_mppi,15151,256,16,0,0,1,1,1,118,0.232354,0.0296814,11.7611,0,0.781676,1.13287,0.165462,19.5245,21.1155,483328,0.2027,0.2112,0,0.165648,0,1,1
box_detour_wall_far,oi_face_rot_stall_mppi,15158,256,16,0,0,1,1,1,92,0.248973,0.126581,9.12012,0,0.854031,1.40357,0.169533,15.597,17.2035,376832,0.2031,0.2305,0,0.169774,0,1,1
box_detour_wall_far,oi_face_rot_stall_mppi,15165,256,16,0,0,1,1,1,104,0.19135,0.172616,12.7769,0,0.850709,1.15982,0.168489,17.5229,19.1352,425984,0.2088,0.2356,0,0.168719,0,1,1
box_detour_wall_far,oi_face_rot_stall_mppi,15172,256,16,0,0,1,1,1,73,0.243417,0.0731663,9.54522,0,0.9475,1.40402,0.168245,12.2819,13.5027,299008,0.2,0.2113,0,0.168474,0,1,1
box_detour_wall_far,oi_face_rot_stall_mppi,15179,256,16,0,0,1,1,1,132,0.236695,0.0925552,12.1543,0,0.771409,1.1164,0.168136,22.1939,24.4166,540672,0.2082,0.2298,0,0.16833,0,1,1
box_detour_wall_far,oi_face_rot_stall_mppi,15186,256,16,0,0,1,1,1,125,0.247387,0.0118329,10.6899,0,0.8909,1.44884,0.168981,21.1226,23.0544,512000,0.2067,0.2249,0,0.169214,0,1,1
box_detour_wall_far,oi_face_rot_stall_mppi,15193,256,16,0,0,1,1,1,82,0.229123,0.0895714,8.79313,0,0.846956,1.18946,0.174568,14.3146,15.9914,335872,0.2131,0.2402,0,0.174904,0,1,1
box_detour_wall_far,oi_face_rot_stall_mppi,15200,256,16,0,0,1,1,1,93,0.200849,0.216207,9.16035,0,0.917003,1.41228,0.181151,16.847,19.0435,380928,0.2258,0.2556,0,0.181463,0,1,1
box_detour_wall_far,oi_face_rot_stall_mppi,15207,256,16,0,0,1,1,1,73,0.224869,0.16661,9.61378,0,0.690613,0.854392,0.177966,12.9915,14.2629,299008,0.2152,0.2221,0,0.178258,0,1,1
box_detour_wall_far,oi_face_rot_stall_mppi,15214,256,16,0,0,1,1,1,119,0.222537,0.115308,11.9065,0,0.95769,1.61557,0.164134,19.532,21.4419,487424,0.2017,0.2247,0,0.164346,0,1,1
box_detour_wall_far,oi_face_rot_stall_mppi,15221,256,16,0,0,1,1,1,102,0.239203,0.191712,13.3627,0,0.880723,1.32179,0.178235,18.18,20.1096,417792,0.2062,0.219,0,0.178507,0,1,1
box_detour_wall_far,oi_face_rot_stall_mppi,15228,256,16,0,0,1,1,1,136,0.242313,0.105829,13.9366,0,0.8582,1.30425,0.169111,22.9991,24.901,557056,0.2026,0.2392,0,0.169286,0,1,1
box_detour_wall_far,oi_face_rot_stall_mppi,15235,256,16,0,0,1,1,1,105,0.192815,0.158724,9.47897,0,1.04373,1.75303,0.167943,17.634,19.4307,430080,0.209,0.217,0,0.168216,0,1,1
box_detour_wall_far,oi_face_rot_stall_mppi,15242,256,16,0,0,1,1,1,100,0.238883,0.130062,9.6192,0,0.984857,1.57196,0.180489,18.0489,20.0605,409600,0.2215,0.2832,0,0.180777,0,1,1
box_detour_wall_far,oi_face_rot_stall_mppi,15249,256,16,0,0,1,1,1,99,0.249775,0.0242306,9.79358,0,0.841038,1.17069,0.165531,16.3876,17.9756,405504,0.2043,0.2254,0,0.165763,0,1,1
box_detour_wall_far,oi_face_rot_wide_mppi,14556,256,16,0,0,1,1,1,71,0.243665,0.0733095,8.60408,0,0.992238,1.60774,0.170899,12.1338,13.2079,290816,0.2072,0.2289,0,0.171125,0,1,1
box_detour_wall_far,oi_face_rot_wide_mppi,14563,256,16,0,0,1,1,1,137,0.228152,0.310253,12.731,0,0.74797,1.1026,0.16756,22.9557,25.0693,561152,0.1977,0.2189,0,0.167734,0,1,1
box_detour_wall_far,oi_face_rot_wide_mppi,14570,256,16,0,0,1,1,1,99,0.211868,0.0619141,10.4124,0,0.915627,1.53144,0.170278,16.8575,18.5905,405504,0.2081,0.2218,0,0.170546,0,1,1
box_detour_wall_far,oi_face_rot_wide_mppi,14577,256,16,0,0,1,1,1,72,0.216733,0.0615651,9.08018,0,1.03221,1.95442,0.18549,13.3553,14.9903,294912,0.2247,0.2292,0,0.185883,0,1,1
box_detour_wall_far,oi_face_rot_wide_mppi,14584,256,16,0,0,1,1,1,88,0.241602,0.0360422,8.67689,0,0.973416,1.59516,0.180245,15.8616,17.7906,360448,0.22,0.2457,0,0.180552,0,1,1
box_detour_wall_far,oi_face_rot_wide_mppi,14591,256,16,0,0,1,1,1,194,0.147035,0.250426,17.0309,0,0.889634,1.30826,0.169387,32.8611,36.0255,794624,0.203,0.2548,0,0.169557,0,1,1
box_detour_wall_far,oi_face_rot_wide_mppi,14598,256,16,0,0,1,1,1,162,0.242,0.0176085,17.9364,0,0.760387,1.11702,0.177075,28.6861,32.4923,663552,0.2181,0.2278,0,0.177351,0,1,1
box_detour_wall_far,oi_face_rot_wide_mppi,14605,256,16,0,0,1,1,1,127,0.171883,0.0914599,14.1773,0,0.994707,1.55676,0.173798,22.0723,24.3963,520192,0.2058,0.2131,0,0.174037,0,1,1
box_detour_wall_far,oi_face_rot_wide_mppi,14612,256,16,0,0,1,1,1,104,0.207341,0.0594001,10.0087,0,1.01193,1.68411,0.170594,17.7418,19.2843,425984,0.2001,0.2231,0,0.170847,0,1,1
box_detour_wall_far,oi_face_rot_wide_mppi,14619,256,16,0,0,1,1,1,114,0.237239,0.176498,12.2783,0,0.832158,1.33803,0.168527,19.2121,20.8985,466944,0.1981,0.2256,0,0.168711,0,1,1
box_detour_wall_far,oi_face_rot_wide_mppi,14626,256,16,0,0,1,1,1,102,0.203219,0.0675467,10.1713,0,0.897529,1.42594,0.168966,17.2345,18.6013,417792,0.2014,0.2107,0,0.169161,0,1,1
box_detour_wall_far,oi_face_rot_wide_mppi,14633,256,16,0,0,1,1,1,103,0.244906,0.105286,10.2685,0,1.17261,2.44257,0.178295,18.3644,20.3009,421888,0.2103,0.2253,0,0.178557,0,1,1
box_detour_wall_far,oi_face_rot_wide_mppi,14640,256,16,0,0,1,1,1,112,0.214526,0.0994326,9.13501,0,0.993695,1.89265,0.173212,19.3998,21.7343,458752,0.2071,0.2345,0,0.173531,0,1,1
box_detour_wall_far,oi_face_rot_wide_mppi,14647,256,16,0,0,1,1,1,109,0.209763,0.1577,11.7597,0,0.807655,1.12713,0.171246,18.6658,20.3418,446464,0.2055,0.2161,0,0.171467,0,1,1
box_detour_wall_far,oi_face_rot_wide_mppi,14654,256,16,0,0,1,1,1,59,0.226139,0.153802,8.27559,0,1.06938,1.64794,0.167397,9.8764,10.6542,241664,0.2032,0.2046,0,0.167612,0,1,1
box_detour_wall_far,oi_face_rot_wide_mppi,14661,256,16,0,0,1,1,1,116,0.246858,0.229908,11.5601,0,0.899177,1.25345,0.168702,19.5694,21.1592,475136,0.2028,0.2173,0,0.168874,0,1,1
box_detour_wall_far,oi_face_rot_wide_mppi,14668,256,16,0,0,1,1,1,130,0.219539,0.0506671,12.458,0,0.741785,1.08076,0.171453,22.2889,24.1076,532480,0.2046,0.2456,0,0.171656,0,1,1
box_detour_wall_far,oi_face_rot_wide_mppi,14675,256,16,0,0,1,1,1,116,0.240953,0.00174642,10.9067,0,0.908024,1.64877,0.169427,19.6535,21.6491,475136,0.2071,0.2195,0,0.169757,0,1,1
box_detour_wall_far,oi_face_rot_wide_mppi,14682,256,16,0,0,1,1,1,115,0.235812,0.0265199,10.8714,0,0.901787,1.52573,0.17627,20.271,22.5819,471040,0.231,0.31,0,0.176521,0,1,1
box_detour_wall_far,oi_face_rot_wide_mppi,14689,256,16,0,0,1,1,1,154,0.218949,0.000789857,13.1166,0,0.878388,1.56785,0.165968,25.559,27.9847,630784,0.2002,0.25,0,0.166186,0,1,1
box_detour_wall_far,oi_face_rot_wide_mppi,14696,256,16,0,0,1,1,1,125,0.241908,0.178732,12.0004,0,0.712127,0.957043,0.176914,22.1143,25.4467,512000,0.2183,0.7883,0,0.177196,0,1,1
box_detour_wall_far,oi_face_rot_wide_mppi,14703,256,16,0,0,1,1,1,112,0.24689,0.013489,10.6549,0,1.11242,2.20856,0.199278,22.3191,25.5544,458752,0.2375,0.6749,0,0.199647,0,1,1
box_detour_wall_far,oi_face_rot_wide_mppi,14710,256,16,0,0,1,1,1,118,0.249817,0.095724,11.0543,0,0.949859,1.65978,0.185238,21.8581,24.659,483328,0.2274,0.3202,0,0.185574,0,1,1
box_detour_wall_far,oi_face_rot_wide_mppi,14717,256,16,0,0,1,1,1,134,0.185765,0.0623457,12.8837,0,0.916542,1.46354,0.201709,27.029,30.8855,548864,0.2441,0.2765,0,0.202022,0,1,1
box_detour_wall_far,oi_face_rot_wide_mppi,14724,256,16,0,0,1,1,1,119,0.211222,0.0911154,11.0734,0,0.904574,1.54342,0.202374,24.0825,28.2349,487424,0.252,0.3744,0,0.202747,0,1,1
box_detour_wall_far,oi_face_rot_wide_mppi,14731,256,16,0,0,1,1,1,138,0.200054,0.116653,12.6492,0,0.805913,1.2295,0.180778,24.9473,28.441,565248,0.2229,0.2749,0,0.181142,0,1,1
box_detour_wall_far,oi_face_rot_wide_mppi,14738,256,16,0,0,1,1,1,93,0.245454,0.100749,11.8231,0,0.849815,1.11204,0.178595,16.6093,18.5894,380928,0.2144,0.2222,0,0.178917,0,1,1
box_detour_wall_far,oi_face_rot_wide_mppi,14745,256,16,0,0,1,1,1,137,0.180338,0.0659604,11.824,0,0.800296,1.14643,0.193561,26.5179,30.3276,561152,0.2334,0.6799,0,0.193931,0,1,1
box_detour_wall_far,oi_face_rot_wide_mppi,14752,256,16,0,0,1,1,1,115,0.22581,0.1262,11.4994,0,0.792722,1.10915,0.21078,24.2397,28.1558,471040,0.2971,0.6711,0,0.211208,0,1,1
box_detour_wall_far,oi_face_rot_wide_mppi,14759,256,16,0,0,1,1,1,95,0.233756,0.144497,9.01165,0,0.835269,1.26645,0.198147,18.824,21.5884,389120,0.2359,0.3744,0,0.198622,0,1,1
box_detour_wall_far,oi_face_rot_wide_mppi,14766,256,16,0,0,1,1,1,101,0.240269,0.185944,8.87041,0,0.985913,1.64533,0.186164,18.8026,21.4735,413696,0.2433,0.27,0,0.186612,0,1,1
box_detour_wall_far,oi_face_rot_wide_mppi,14773,256,16,0,0,1,1,1,96,0.247774,0.0995711,9.59608,0,1.06157,1.98875,0.195171,18.7364,21.5918,393216,0.2511,0.2783,0,0.195599,0,1,1
box_detour_wall_far,oi_face_rot_wide_mppi,14780,256,16,0,0,1,1,1,146,0.198443,0.205488,14.6476,0,0.722207,1.05485,0.198697,29.0098,33.3462,598016,0.2468,0.2807,0,0.199084,0,1,1
box_detour_wall_far,oi_face_rot_wide_mppi,14787,256,16,0,0,1,1,1,212,0.20353,0.228252,18.104,0,1.15514,2.19063,0.192271,40.7614,46.9273,868352,0.2997,0.4895,0,0.192588,0,1,1
box_detour_wall_far,oi_face_rot_wide_mppi,14794,256,16,0,0,1,1,1,106,0.218243,0.0253314,9.08995,0,0.907013,1.66571,0.169231,17.9385,20.1748,434176,0.2067,0.2574,0,0.16954,0,1,1
box_detour_wall_far,oi_face_rot_wide_mppi,14801,256,16,0,0,1,1,1,100,0.244805,0.0990647,10.3478,0,0.837564,1.25822,0.198873,19.8873,23.1345,409600,0.2422,0.3303,0,0.199296,0,1,1
box_detour_wall_far,oi_face_rot_wide_mppi,14808,256,16,0,0,1,1,1,110,0.15746,0.0826327,11.6982,0,0.880627,1.33225,0.183275,20.1603,22.6287,450560,0.229,0.2457,0,0.183655,0,1,1
box_detour_wall_far,oi_face_rot_wide_mppi,14815,256,16,0,0,1,1,1,97,0.234408,0.111584,8.81207,0,1.10682,2.26175,0.178775,17.3412,19.5349,397312,0.2311,0.3128,0,0.179179,0,1,1
box_detour_wall_far,oi_face_rot_wide_mppi,14822,256,16,0,0,1,1,1,95,0.24692,0.0377894,10.0731,0,0.854135,1.3735,0.206659,19.6326,22.4345,389120,0.2843,0.6953,0,0.207153,0,1,1
box_detour_wall_far,oi_face_rot_wide_mppi,14829,256,16,0,0,1,1,1,92,0.230926,0.0553175,9.5857,0,0.985388,1.66267,0.199251,18.3311,20.4951,376832,0.2579,0.2644,0,0.199567,0,1,1
box_detour_wall_far,oi_face_rot_wide_mppi,14836,256,16,0,0,1,1,1,188,0.239703,0.169341,13.449,0,0.934261,1.81105,0.203738,38.3028,44.4681,770048,0.2646,0.6331,0,0.204048,0,1,1
box_detour_wall_far,oi_face_rot_wide_mppi,14843,256,16,0,0,1,1,1,74,0.219412,0.0394199,8.13523,0,0.801059,0.976067,0.188859,13.9756,15.8152,303104,0.2218,0.2603,0,0.189276,0,1,1
box_detour_wall_far,oi_face_rot_wide_mppi,14850,256,16,0,0,1,1,1,119,0.205841,0.015724,10.6637,0,0.930886,1.61293,0.186601,22.2055,25.1804,487424,0.2512,0.3656,0,0.18696,0,1,1
box_detour_wall_far,oi_face_rot_wide_mppi,14857,256,16,0,0,1,1,1,106,0.200289,0.00224308,11.1971,0,0.751647,1.0014,0.171944,18.2261,20.3519,434176,0.2107,0.2811,0,0.17227,0,1,1
box_detour_wall_far,oi_face_rot_wide_mppi,14864,256,16,0,0,1,1,1,147,0.203306,0.0110502,15.1071,0,0.865365,1.39134,0.189708,27.8871,31.2048,602112,0.2332,0.8376,0,0.190061,0,1,1
box_detour_wall_far,oi_face_rot_wide_mppi,14871,256,16,0,0,1,1,1,89,0.21705,0.0808313,8.55683,0,0.849951,1.20721,0.195255,17.3777,19.9667,364544,0.2745,0.3831,0,0.19576,0,1,1
box_detour_wall_far,oi_face_rot_wide_mppi,14878,256,16,0,0,1,1,1,110,0.213743,0.0151147,11.7316,0,0.916802,1.3716,0.174464,19.191,21.4382,450560,0.222,0.244,0,0.174783,0,1,1
box_detour_wall_far,oi_face_rot_wide_mppi,14885,256,16,0,0,1,1,1,97,0.238349,0.115468,11.1202,0,0.930533,1.44233,0.17731,17.1991,19.3417,397312,0.2239,0.2737,0,0.177682,0,1,1
box_detour_wall_far,oi_face_rot_wide_mppi,14892,256,16,0,0,1,1,1,128,0.246013,0.196274,11.788,0,0.905741,1.34905,0.168,21.504,24.0857,524288,0.2058,0.2254,0,0.168239,0,1,1
box_detour_wall_far,oi_face_rot_wide_mppi,14899,256,16,0,0,1,1,1,160,0.187271,0.0589994,12.1742,0,0.788555,1.19731,0.163531,26.1649,28.749,655360,0.2023,0.2826,0,0.163751,0,1,1
box_detour_wall_far,oi_face_rot_wide_mppi,14906,256,16,0,0,1,1,1,94,0.241771,0.147613,9.23529,0,0.914074,1.58378,0.191202,17.973,20.4568,385024,0.242,0.3209,0,0.191655,0,1,1
box_detour_wall_far,oi_face_rot_wide_mppi,14913,256,16,0,0,1,1,1,88,0.247384,0.0623462,8.82363,0,0.871302,1.41361,0.173524,15.2701,17.0065,360448,0.2272,0.2806,0,0.173868,0,1,1
box_detour_wall_far,oi_face_rot_wide_mppi,14920,256,16,0,0,1,1,1,64,0.246217,0.0689551,8.27651,0,1.09944,2.03882,0.184517,11.8091,13.362,262144,0.2147,0.2298,0,0.184959,0,1,1
box_detour_wall_far,oi_face_rot_wide_mppi,14927,256,16,0,0,1,1,1,127,0.246643,0.0914395,11.2185,0,0.970372,1.71939,0.175764,22.322,24.9581,520192,0.2344,0.2776,0,0.176091,0,1,1
box_detour_wall_far,oi_face_rot_wide_mppi,14934,256,16,0,0,1,1,1,115,0.179995,0.0372937,10.2081,0,0.764078,1.24807,0.183553,21.1086,23.993,471040,0.2437,0.2801,0,0.183902,0,1,1
box_detour_wall_far,oi_face_rot_wide_mppi,14941,256,16,0,0,1,1,1,99,0.21003,0.174505,10.4343,0,0.890048,1.6445,0.188933,18.7044,21.3058,405504,0.2368,0.3174,0,0.189299,0,1,1
box_detour_wall_far,oi_face_rot_wide_mppi,14948,256,16,0,0,1,1,1,109,0.226791,0.000873643,11.3745,0,0.835674,1.31667,0.178242,19.4284,21.9991,446464,0.2088,0.2664,0,0.178571,0,1,1
box_detour_wall_far,oi_face_rot_wide_mppi,14955,256,16,0,0,1,1,1,83,0.242214,0.0559912,8.93832,0,1.00952,1.60444,0.176889,14.6818,16.5945,339968,0.235,0.2904,0,0.177224,0,1,1
box_detour_wall_far,oi_face_rot_wide_mppi,14962,256,16,0,0,1,1,1,76,0.245511,0.0169814,8.20756,0,0.983644,1.49069,0.184729,14.0394,15.9879,311296,0.2368,0.2451,0,0.185157,0,1,1
box_detour_wall_far,oi_face_rot_wide_mppi,14969,256,16,0,0,1,1,1,196,0.246134,0.176518,23.5854,0,0.976805,1.563,0.182698,35.8088,40.0788,802816,0.2286,0.254,0,0.182964,0,1,1
box_detour_wall_far,oi_face_rot_wide_mppi,14976,256,16,0,0,1,1,1,117,0.231997,0.0299609,11.9505,0,0.947468,1.44989,0.16881,19.7508,21.9064,479232,0.2049,0.2473,0,0.169075,0,1,1
box_detour_wall_far,oi_face_rot_wide_mppi,14983,256,16,0,0,1,1,1,128,0.212496,0.164798,10.59,0,0.938953,1.69027,0.177491,22.7189,25.0504,524288,0.2256,0.241,0,0.177767,0,1,1
box_detour_wall_far,oi_face_rot_wide_mppi,14990,256,16,0,0,1,1,1,129,0.223541,0.0620158,12.9575,0,0.769975,1.09392,0.173033,22.3213,24.9282,528384,0.2266,0.2689,0,0.173297,0,1,1
box_detour_wall_far,oi_face_rot_wide_mppi,14997,256,16,0,0,1,1,1,91,0.223184,0.0444525,8.83657,0,0.784949,1.18212,0.165992,15.1053,16.4789,372736,0.2083,0.2144,0,0.166221,0,1,1
box_detour_wall_far,oi_face_rot_wide_mppi,15004,256,16,0,0,1,1,1,131,0.237677,0.0350576,12.2962,0,0.75194,1.0705,0.17542,22.98,25.3114,536576,0.2331,0.2788,0,0.175704,0,1,1
box_detour_wall_far,oi_face_rot_wide_mppi,15011,256,16,0,0,1,1,1,127,0.166347,0.0208914,9.56747,0,0.837644,1.43922,0.174914,22.2141,24.9238,520192,0.2206,0.2453,0,0.175197,0,1,1
box_detour_wall_far,oi_face_rot_wide_mppi,15018,256,16,0,0,1,1,1,101,0.175071,0.135457,9.68946,0,0.854008,1.34884,0.177223,17.8995,20.266,413696,0.2047,0.2487,0,0.177629,0,1,1
box_detour_wall_far,oi_face_rot_wide_mppi,15025,256,16,0,0,1,1,1,86,0.204138,0.0324189,9.62797,0,0.807607,1.16228,0.177229,15.2417,17.1215,352256,0.2429,0.291,0,0.177588,0,1,1
box_detour_wall_far,oi_face_rot_wide_mppi,15032,256,16,0,0,1,1,1,79,0.208218,0.012148,7.67836,0,0.791122,1.21243,0.168108,13.2805,14.8451,323584,0.2094,0.2463,0,0.168406,0,1,1
box_detour_wall_far,oi_face_rot_wide_mppi,15039,256,16,0,0,1,1,1,104,0.171215,0.034409,11.9882,0,0.694923,0.857027,0.171316,17.8169,19.565,425984,0.2052,0.2234,0,0.171586,0,1,1
box_detour_wall_far,oi_face_rot_wide_mppi,15046,256,16,0,0,1,1,1,102,0.205472,0.126895,8.36871,0,1.09858,2.32607,0.177589,18.1141,20.286,417792,0.21,0.2382,0,0.177935,0,1,1
box_detour_wall_far,oi_face_rot_wide_mppi,15053,256,16,0,0,1,1,1,113,0.249987,0.117432,12.1922,0,0.86389,1.30117,0.17092,19.314,21.1617,462848,0.1993,0.3718,0,0.171141,0,1,1
box_detour_wall_far,oi_face_rot_wide_mppi,15060,256,16,0,0,1,1,1,156,0.23733,0.0541323,12.789,0,0.775287,1.25338,0.164697,25.6927,27.8324,638976,0.1896,0.2247,0,0.164913,0,1,1
box_detour_wall_far,oi_face_rot_wide_mppi,15067,256,16,0,0,1,1,1,86,0.221619,0.0383928,10.597,0,0.866756,1.16919,0.179728,15.4566,17.1466,352256,0.2337,0.2475,0,0.180028,0,1,1
box_detour_wall_far,oi_face_rot_wide_mppi,15074,256,16,0,0,1,1,1,125,0.237682,0.0514996,13.5914,0,0.760349,1.09647,0.172985,21.6231,23.6929,512000,0.2091,0.2348,0,0.173201,0,1,1
box_detour_wall_far,oi_face_rot_wide_mppi,15081,256,16,0,0,1,1,1,134,0.221739,0.111782,12.7666,0,0.920721,1.62109,0.16936,22.6943,24.8106,548864,0.2035,0.2227,0,0.169538,0,1,1
box_detour_wall_far,oi_face_rot_wide_mppi,15088,256,16,0,0,1,1,1,105,0.235777,0.201328,11.0769,0,0.877826,1.28736,0.171894,18.0489,19.6674,430080,0.2078,0.5074,0,0.172114,0,1,1
box_detour_wall_far,oi_face_rot_wide_mppi,15095,256,16,0,0,1,1,1,121,0.227129,0.0263447,11.678,0,0.964335,1.66091,0.177474,21.4744,23.6273,495616,0.2083,0.2251,0,0.177719,0,1,1
box_detour_wall_far,oi_face_rot_wide_mppi,15102,256,16,0,0,1,1,1,94,0.248927,0.202304,9.77087,0,0.888549,1.42512,0.16857,15.8456,17.4549,385024,0.2103,0.242,0,0.168793,0,1,1
box_detour_wall_far,oi_face_rot_wide_mppi,15109,256,16,0,0,1,1,1,134,0.248101,0.247082,15.7809,0,0.801979,1.01513,0.165765,22.2125,24.1411,548864,0.2038,0.2157,0,0.165959,0,1,1
box_detour_wall_far,oi_face_rot_wide_mppi,15116,256,16,0,0,1,1,1,104,0.222759,0.113285,9.70811,0,1.24496,2.93449,0.172454,17.9352,19.5159,425984,0.208,0.2134,0,0.172677,0,1,1
box_detour_wall_far,oi_face_rot_wide_mppi,15123,256,16,0,0,1,1,1,88,0.240041,0.105321,10.1742,0,0.898079,1.18525,0.174727,15.376,17.0686,360448,0.2153,0.222,0,0.17498,0,1,1
box_detour_wall_far,oi_face_rot_wide_mppi,15130,256,16,0,0,1,1,1,100,0.220802,0.14176,10.8945,0,0.905406,1.45135,0.170837,17.0837,18.5392,409600,0.2045,0.2339,0,0.171082,0,1,1
box_detour_wall_far,oi_face_rot_wide_mppi,15137,256,16,0,0,1,1,1,79,0.234766,0.199452,8.27499,0,0.768314,1.04073,0.165735,13.0931,14.1515,323584,0.1983,0.2097,0,0.165938,0,1,1
box_detour_wall_far,oi_face_rot_wide_mppi,15144,256,16,0,0,1,1,1,119,0.247931,0.21208,11.8659,0,0.803111,1.13689,0.172773,20.56,22.6334,487424,0.2059,0.2147,0,0.173021,0,1,1
box_detour_wall_far,oi_face_rot_wide_mppi,15151,256,16,0,0,1,1,1,118,0.232354,0.0296814,11.7611,0,0.781676,1.13287,0.170276,20.0926,21.9501,483328,0.2061,0.2555,0,0.170499,0,1,1
box_detour_wall_far,oi_face_rot_wide_mppi,15158,256,16,0,0,1,1,1,92,0.248973,0.126581,9.12012,0,0.854031,1.40357,0.16875,15.525,16.8973,376832,0.2003,0.2244,0,0.169011,0,1,1
box_detour_wall_far,oi_face_rot_wide_mppi,15165,256,16,0,0,1,1,1,104,0.19135,0.172616,12.7769,0,0.850709,1.15982,0.166576,17.3239,18.7976,425984,0.193,0.2083,0,0.166782,0,1,1
box_detour_wall_far,oi_face_rot_wide_mppi,15172,256,16,0,0,1,1,1,73,0.243417,0.0731663,9.54522,0,0.9475,1.40402,0.172449,12.5888,14.249,299008,0.207,0.2098,0,0.172832,0,1,1
box_detour_wall_far,oi_face_rot_wide_mppi,15179,256,16,0,0,1,1,1,132,0.236695,0.0925552,12.1543,0,0.771409,1.1164,0.173317,22.8778,25.6047,540672,0.2091,0.2274,0,0.173599,0,1,1
box_detour_wall_far,oi_face_rot_wide_mppi,15186,256,16,0,0,1,1,1,125,0.247387,0.0118329,10.6899,0,0.8909,1.44884,0.166803,20.8504,22.6243,512000,0.2027,0.208,0,0.167051,0,1,1
box_detour_wall_far,oi_face_rot_wide_mppi,15193,256,16,0,0,1,1,1,82,0.229123,0.0895714,8.79313,0,0.846956,1.18946,0.175884,14.4225,16.0442,335872,0.2054,0.2373,0,0.176221,0,1,1
box_detour_wall_far,oi_face_rot_wide_mppi,15200,256,16,0,0,1,1,1,93,0.200849,0.216207,9.16035,0,0.917003,1.41228,0.173212,16.1087,17.7057,380928,0.2078,0.2172,0,0.173461,0,1,1
box_detour_wall_far,oi_face_rot_wide_mppi,15207,256,16,0,0,1,1,1,73,0.224869,0.16661,9.61378,0,0.690613,0.854392,0.174851,12.7641,13.9038,299008,0.2125,0.2436,0,0.175121,0,1,1
box_detour_wall_far,oi_face_rot_wide_mppi,15214,256,16,0,0,1,1,1,119,0.222537,0.115308,11.9065,0,0.95769,1.61557,0.170158,20.2488,21.8892,487424,0.2044,0.2102,0,0.170329,0,1,1
box_detour_wall_far,oi_face_rot_wide_mppi,15221,256,16,0,0,1,1,1,102,0.239203,0.191712,13.3627,0,0.880723,1.32179,0.172867,17.6324,19.2965,417792,0.2056,0.2149,0,0.17315,0,1,1
box_detour_wall_far,oi_face_rot_wide_mppi,15228,256,16,0,0,1,1,1,136,0.242313,0.105829,13.9366,0,0.8582,1.30425,0.171096,23.2691,25.4138,557056,0.2119,0.2337,0,0.171318,0,1,1
box_detour_wall_far,oi_face_rot_wide_mppi,15235,256,16,0,0,1,1,1,105,0.192815,0.158724,9.47897,0,1.04373,1.75303,0.165194,17.3454,18.8164,430080,0.1983,0.2103,0,0.165423,0,1,1
box_detour_wall_far,oi_face_rot_wide_mppi,15242,256,16,0,0,1,1,1,100,0.238883,0.130062,9.6192,0,0.984857,1.57196,0.169297,16.9297,18.3797,409600,0.2009,0.2085,0,0.169549,0,1,1
box_detour_wall_far,oi_face_rot_wide_mppi,15249,256,16,0,0,1,1,1,99,0.249775,0.0242306,9.79358,0,0.841038,1.17069,0.167639,16.5963,18.0214,405504,0.1951,0.224,0,0.167882,0,1,1
box_detour_wall_left,oi_face_rot_pstall_mppi,14456,256,16,0,0,1,1,1,71,0.233611,0.0980491,5.72586,0,0.846332,1.39602,0.173617,12.3268,13.5333,290816,0.2087,0.217,0,0.173904,0,1,1
box_detour_wall_left,oi_face_rot_pstall_mppi,14463,256,16,0,0,1,1,1,90,0.20791,0.0328985,8.37539,0,0.757775,1.06983,0.177052,15.9347,17.4096,368640,0.2215,0.2443,0,0.17729,0,1,1
box_detour_wall_left,oi_face_rot_pstall_mppi,14470,256,16,0,0,1,1,1,237,0.245398,0.0595209,19.2414,0,0.868942,1.3868,0.168929,40.0361,43.1843,970752,0.2041,0.2107,0,0.169076,0,1,1
box_detour_wall_left,oi_face_rot_pstall_mppi,14477,256,16,0,0,1,1,1,107,0.239111,0.0147475,7.76323,0,0.984196,1.94841,0.168365,18.0151,19.4256,438272,0.1976,0.2055,0,0.168564,0,1,1
box_detour_wall_left,oi_face_rot_pstall_mppi,14484,256,16,0,0,1,1,1,109,0.202437,0.0586718,9.88336,0,0.819036,1.07516,0.179354,19.5496,21.2236,446464,0.2081,0.2452,0,0.179605,0,1,1
box_detour_wall_left,oi_face_rot_pstall_mppi,14491,256,16,0,0,1,1,1,104,0.248367,0.00594446,9.11628,0,0.818175,1.06408,0.179567,18.675,20.4267,425984,0.2086,0.2231,0,0.179845,0,1,1
box_detour_wall_left,oi_face_rot_pstall_mppi,14498,256,16,0,0,1,1,1,113,0.243992,0.100107,9.29124,0,0.885645,1.53612,0.172348,19.4753,21.3815,462848,0.2138,0.2228,0,0.172573,0,1,1
box_detour_wall_left,oi_face_rot_pstall_mppi,14505,256,16,0,0,1,1,1,82,0.244381,0.0646115,6.97989,0,0.885594,1.34823,0.175639,14.4024,15.6214,335872,0.2085,0.2197,0,0.17584,0,1,1
box_detour_wall_left,oi_face_rot_pstall_mppi,14512,256,16,0,0,1,1,1,97,0.214861,0.091648,6.36351,0,0.844411,1.54246,0.170066,16.4964,17.9703,397312,0.2061,0.2167,0,0.17028,0,1,1
box_detour_wall_left,oi_face_rot_pstall_mppi,14519,256,16,0,0,1,1,1,81,0.20155,0.00520529,5.95661,0,0.998399,1.80721,0.169162,13.7021,14.8957,331776,0.2064,0.2341,0,0.169412,0,1,1
box_detour_wall_left,oi_face_rot_pstall_mppi,14526,256,16,0,0,1,1,1,108,0.231638,0.0584711,8.14791,0,1.10006,2.09565,0.175844,18.9912,21.0157,442368,0.2249,0.2419,0,0.176149,0,1,1
box_detour_wall_left,oi_face_rot_pstall_mppi,14533,256,16,0,0,1,1,1,100,0.231679,0.0399591,8.93119,0,0.921927,1.46806,0.17333,17.333,19.031,409600,0.2181,0.2293,0,0.173684,0,1,1
box_detour_wall_left,oi_face_rot_pstall_mppi,14540,256,16,0,0,1,1,1,108,0.210326,0.183735,7.87071,0,0.911714,1.71753,0.173856,18.7765,20.63,442368,0.2096,0.2215,0,0.174154,0,1,1
box_detour_wall_left,oi_face_rot_pstall_mppi,14547,256,16,0,0,1,1,1,135,0.241308,0.0453619,10.7619,0,0.726168,1.04981,0.178291,24.0693,26.5475,552960,0.2079,0.217,0,0.178521,0,1,1
box_detour_wall_left,oi_face_rot_pstall_mppi,14554,256,16,0,0,1,1,1,109,0.184777,0.0437546,6.73861,0,0.751022,1.2522,0.17234,18.7851,20.9529,446464,0.2107,0.2266,0,0.172639,0,1,1
box_detour_wall_left,oi_face_rot_pstall_mppi,14561,256,16,0,0,1,1,1,69,0.218979,0.251744,5.81614,0,0.938351,1.43471,0.180867,12.4798,14.0239,282624,0.2179,0.2467,0,0.181264,0,1,1
box_detour_wall_left,oi_face_rot_pstall_mppi,14568,256,16,0,0,1,1,1,122,0.243693,0.0799482,10.3988,0,0.906116,1.42825,0.171993,20.9831,23.1801,499712,0.2052,0.2538,0,0.172229,0,1,1
box_detour_wall_left,oi_face_rot_pstall_mppi,14575,256,16,0,0,1,1,1,109,0.243188,0.082586,7.80894,0,1.00262,1.77639,0.191674,20.8925,23.6054,446464,0.2378,0.4724,0,0.192131,0,1,1
box_detour_wall_left,oi_face_rot_pstall_mppi,14582,256,16,0,0,1,1,1,69,0.144017,0.0313708,5.32945,0,0.759696,1.05569,0.179803,12.4064,13.8582,282624,0.2196,0.2214,0,0.180184,0,1,1
box_detour_wall_left,oi_face_rot_pstall_mppi,14589,256,16,0,0,1,1,1,99,0.195503,0.100629,8.49505,0,0.770923,1.02757,0.182903,18.1074,20.2582,405504,0.2226,0.2465,0,0.183273,0,1,1
box_detour_wall_left,oi_face_rot_pstall_mppi,14596,256,16,0,0,1,1,1,108,0.215452,0.0057376,9.07045,0,0.758989,1.18187,0.189572,20.4738,23.3187,442368,0.2207,0.5924,0,0.189927,0,1,1
box_detour_wall_left,oi_face_rot_pstall_mppi,14603,256,16,0,0,1,1,1,108,0.220259,0.0543273,8.64228,0,0.759544,1.02934,0.180591,19.5038,21.9065,442368,0.2362,0.2496,0,0.180919,0,1,1
box_detour_wall_left,oi_face_rot_pstall_mppi,14610,256,16,0,0,1,1,1,75,0.217428,3.05399e-05,5.88654,0,0.805414,1.30255,0.186909,14.0182,15.79,307200,0.2235,0.2374,0,0.187279,0,1,1
box_detour_wall_left,oi_face_rot_pstall_mppi,14617,256,16,0,0,1,1,1,58,0.239024,0.300462,5.79212,0,0.845263,1.05562,0.194033,11.2539,13.0423,237568,0.2596,0.2958,0,0.194541,0,1,1
box_detour_wall_left,oi_face_rot_pstall_mppi,14624,256,16,0,0,1,1,1,82,0.246194,0.123446,7.04348,0,0.910614,1.27966,0.186352,15.2809,17.1495,335872,0.215,0.2234,0,0.186738,0,1,1
box_detour_wall_left,oi_face_rot_pstall_mppi,14631,256,16,0,0,1,1,1,65,0.21413,0.118277,7.70034,0,0.710201,0.77592,0.208414,13.5469,15.5085,266240,0.2689,0.3369,0,0.209178,0,1,1
box_detour_wall_left,oi_face_rot_pstall_mppi,14638,256,16,0,0,1,1,1,89,0.238376,0.0790901,6.55946,0,0.995086,1.89418,0.191066,17.0049,19.3859,364544,0.2314,0.2713,0,0.191479,0,1,1
box_detour_wall_left,oi_face_rot_pstall_mppi,14645,256,16,0,0,1,1,1,101,0.221456,0.254449,7.5102,0,1.13921,2.54216,0.207711,20.9788,24.326,413696,0.2586,0.2839,0,0.208191,0,1,1
box_detour_wall_left,oi_face_rot_pstall_mppi,14652,256,16,0,0,1,1,1,101,0.227837,0.188696,6.29345,0,0.751952,1.23623,0.203617,20.5653,23.3701,413696,0.2548,0.2965,0,0.20408,0,1,1
box_detour_wall_left,oi_face_rot_pstall_mppi,14659,256,16,0,0,1,1,1,95,0.239622,0.147905,8.77191,0,0.871466,1.35496,0.196856,18.7013,21.2453,389120,0.2399,0.2484,0,0.197289,0,1,1
box_detour_wall_left,oi_face_rot_pstall_mppi,14666,256,16,0,0,1,1,1,99,0.238132,0.221203,9.21268,0,0.854067,1.19658,0.204395,20.2351,23.3724,405504,0.2702,0.3309,0,0.204885,0,1,1
box_detour_wall_left,oi_face_rot_pstall_mppi,14673,256,16,0,0,1,1,1,90,0.230096,0.030728,6.35269,0,0.742036,1.05712,0.212431,19.1188,21.9952,368640,0.3209,0.7284,0,0.212921,0,1,1
box_detour_wall_left,oi_face_rot_pstall_mppi,14680,256,16,0,0,1,1,1,101,0.214351,0.195222,7.33432,0,0.758676,1.18303,0.201982,20.4002,23.4306,413696,0.2452,0.3241,0,0.202459,0,1,1
box_detour_wall_left,oi_face_rot_pstall_mppi,14687,256,16,0,0,1,1,1,113,0.247516,0.00562548,9.80087,0,0.803023,1.17028,0.201273,22.7439,26.4437,462848,0.2459,0.2769,0,0.201682,0,1,1
box_detour_wall_left,oi_face_rot_pstall_mppi,14694,256,16,0,0,1,1,1,133,0.178498,0.0735824,9.14956,0,0.702111,0.981252,0.223071,29.6684,33.8764,544768,0.2711,2.0442,0,0.223421,0,1,1
box_detour_wall_left,oi_face_rot_pstall_mppi,14701,256,16,0,0,1,1,1,108,0.194299,0.016608,9.61186,0,0.851216,1.18211,0.189983,20.5182,23.1111,442368,0.2329,0.2499,0,0.190345,0,1,1
box_detour_wall_left,oi_face_rot_pstall_mppi,14708,256,16,0,0,1,1,1,107,0.230486,0.174769,8.933,0,0.862093,1.38172,0.224502,24.0217,27.6945,438272,0.3003,0.6918,0,0.224891,0,1,1
box_detour_wall_left,oi_face_rot_pstall_mppi,14715,256,16,0,0,1,1,1,98,0.211776,0.0915963,6.39552,0,0.770151,1.29026,0.179056,17.5475,19.7631,401408,0.2457,0.3808,0,0.179404,0,1,1
box_detour_wall_left,oi_face_rot_pstall_mppi,14722,256,16,0,0,1,1,1,80,0.23751,0.0748526,5.88137,0,0.955648,1.6416,0.23783,19.0264,22.7386,327680,0.345,0.6612,0,0.238171,0,1,1
box_detour_wall_left,oi_face_rot_pstall_mppi,14729,256,16,0,0,1,1,1,117,0.240641,0.223113,9.4082,0,0.82006,1.2637,0.200876,23.5025,26.8219,479232,0.2519,0.3379,0,0.201295,0,1,1
box_detour_wall_left,oi_face_rot_pstall_mppi,14736,256,16,0,0,1,1,1,107,0.185666,0.0273542,8.24037,0,0.930575,1.5361,0.180955,19.3622,21.6784,438272,0.2202,0.2428,0,0.18126,0,1,1
box_detour_wall_left,oi_face_rot_pstall_mppi,14743,256,16,0,0,1,1,1,93,0.246615,0.184462,7.12965,0,1.24537,2.65499,0.256521,23.8565,28.6667,380928,0.2783,4.6076,0,0.256954,0,1,1
box_detour_wall_left,oi_face_rot_pstall_mppi,14750,256,16,0,0,1,1,1,102,0.248856,0.0834962,8.41349,0,0.775544,1.09812,0.230223,23.4828,27.0534,417792,0.2811,1.1634,0,0.230697,0,1,1
box_detour_wall_left,oi_face_rot_pstall_mppi,14757,256,16,0,0,1,1,1,108,0.226637,0.00724808,7.43692,0,1.04708,2.16073,0.20535,22.1778,25.6846,442368,0.257,0.3191,0,0.205844,0,1,1
box_detour_wall_left,oi_face_rot_pstall_mppi,14764,256,16,0,0,1,1,1,133,0.245472,0.166293,9.9936,0,0.839806,1.42095,0.185886,24.7228,27.3805,544768,0.2151,0.2423,0,0.18622,0,1,1
box_detour_wall_left,oi_face_rot_pstall_mppi,14771,256,16,0,0,1,1,1,93,0.236612,0.172465,6.11736,0,0.818761,1.5062,0.201844,18.7715,21.6293,380928,0.2787,0.2918,0,0.202169,0,1,1
box_detour_wall_left,oi_face_rot_pstall_mppi,14778,256,16,0,0,1,1,1,115,0.176272,0.00569343,8.7317,0,0.773564,1.08656,0.182058,20.9367,23.1362,471040,0.2115,0.2199,0,0.182334,0,1,1
box_detour_wall_left,oi_face_rot_pstall_mppi,14785,256,16,0,0,1,1,1,78,0.246129,0.0191058,9.1054,0,0.955971,1.47756,0.180732,14.0971,15.5576,319488,0.2101,0.2562,0,0.181045,0,1,1
box_detour_wall_left,oi_face_rot_pstall_mppi,14792,256,16,0,0,1,1,1,112,0.22048,0.153979,7.82998,0,0.762629,1.05743,0.186158,20.8497,23.3285,458752,0.2174,0.3223,0,0.186481,0,1,1
box_detour_wall_left,oi_face_rot_pstall_mppi,14799,256,16,0,0,1,1,1,94,0.244944,0.0653196,10.1007,0,0.903714,1.25406,0.186896,17.5682,19.7258,385024,0.2237,0.3379,0,0.187199,0,1,1
box_detour_wall_left,oi_face_rot_pstall_mppi,14806,256,16,0,0,1,1,1,119,0.171415,0.108906,9.16004,0,0.935009,1.76945,0.194984,23.2031,26.537,487424,0.2374,0.2703,0,0.195309,0,1,1
box_detour_wall_left,oi_face_rot_pstall_mppi,14813,256,16,0,0,1,1,1,108,0.239226,0.1718,8.65412,0,1.05206,1.97563,0.214469,23.1626,26.6812,442368,0.361,0.4149,0,0.214861,0,1,1
box_detour_wall_left,oi_face_rot_pstall_mppi,14820,256,16,0,0,1,1,1,112,0.247099,0.0638298,9.03424,0,0.958495,1.48438,0.215952,24.1866,27.9752,458752,0.3374,0.3914,0,0.216328,0,1,1
box_detour_wall_left,oi_face_rot_pstall_mppi,14827,256,16,0,0,1,1,1,54,0.248088,0.153437,5.8134,0,0.75836,0.887779,0.19277,10.4096,11.8126,221184,0.2227,0.2287,0,0.193165,0,1,1
box_detour_wall_left,oi_face_rot_pstall_mppi,14834,256,16,0,0,1,1,1,102,0.194943,0.0468766,8.74537,0,0.882218,1.46195,0.194966,19.8865,22.5386,417792,0.2342,0.2913,0,0.195341,0,1,1
box_detour_wall_left,oi_face_rot_pstall_mppi,14841,256,16,0,0,1,1,1,127,0.191622,0.104269,8.22014,0,0.855516,1.45094,0.205971,26.1583,29.8267,520192,0.2423,0.2668,0,0.206287,0,1,1
box_detour_wall_left,oi_face_rot_pstall_mppi,14848,256,16,0,0,1,1,1,79,0.222588,0.193092,6.58348,0,0.893854,1.43072,0.207847,16.4199,18.4517,323584,0.2581,0.2662,0,0.208248,0,1,1
box_detour_wall_left,oi_face_rot_pstall_mppi,14855,256,16,0,0,1,1,1,63,0.234427,0.125694,5.77059,0,0.916076,1.26402,0.201462,12.6921,14.2607,258048,0.2359,0.2689,0,0.201768,0,1,1
box_detour_wall_left,oi_face_rot_pstall_mppi,14862,256,16,0,0,1,1,1,113,0.195631,0.0820168,10.3049,0,0.762776,0.95113,0.192519,21.7547,24.2896,462848,0.225,0.3156,0,0.192815,0,1,1
box_detour_wall_left,oi_face_rot_pstall_mppi,14869,256,16,0,0,1,1,1,124,0.208788,0.169366,11.0463,0,0.897948,1.50097,0.167874,20.8164,22.8677,507904,0.1994,0.2433,0,0.168098,0,1,1
box_detour_wall_left,oi_face_rot_pstall_mppi,14876,256,16,0,0,1,1,1,112,0.213514,0.182645,7.45661,0,0.938794,1.63473,0.195558,21.9025,25.0776,458752,0.2348,0.2521,0,0.195921,0,1,1
box_detour_wall_left,oi_face_rot_pstall_mppi,14883,256,16,0,0,1,1,1,153,0.24174,0.0599784,7.82351,0,0.835624,1.44484,0.178413,27.2972,30.6429,626688,0.2094,0.2424,0,0.178659,0,1,1
box_detour_wall_left,oi_face_rot_pstall_mppi,14890,256,16,0,0,1,1,1,109,0.197631,0.120184,7.66115,0,0.87613,1.55424,0.165003,17.9853,19.6022,446464,0.1926,0.2249,0,0.16521,0,1,1
box_detour_wall_left,oi_face_rot_pstall_mppi,14897,256,16,0,0,1,1,1,104,0.236839,0.148732,9.50363,0,0.904559,1.47662,0.178425,18.5562,20.2654,425984,0.2124,0.223,0,0.178659,0,1,1
box_detour_wall_left,oi_face_rot_pstall_mppi,14904,256,16,0,0,1,1,1,129,0.21519,0.0800886,9.4212,0,0.773649,1.26085,0.20792,26.8217,30.2225,528384,0.3643,0.5516,0,0.208211,0,1,1
box_detour_wall_left,oi_face_rot_pstall_mppi,14911,256,16,0,0,1,1,1,96,0.21941,0.0250415,7.16269,0,1.07189,2.20797,0.174609,16.7625,18.365,393216,0.207,0.2124,0,0.174995,0,1,1
box_detour_wall_left,oi_face_rot_pstall_mppi,14918,256,16,0,0,1,1,1,142,0.217655,0.075643,10.4476,0,0.867622,1.35039,0.168166,23.8795,25.981,581632,0.1985,0.2277,0,0.168383,0,1,1
box_detour_wall_left,oi_face_rot_pstall_mppi,14925,256,16,0,0,1,1,1,113,0.220244,0.0881821,8.06225,0,0.893436,1.60289,0.172793,19.5256,21.2807,462848,0.2164,0.2461,0,0.173,0,1,1
box_detour_wall_left,oi_face_rot_pstall_mppi,14932,256,16,0,0,1,1,1,86,0.239438,0.271116,6.75809,0,1.01725,1.66863,0.173091,14.8858,16.2973,352256,0.2096,0.2874,0,0.17334,0,1,1
box_detour_wall_left,oi_face_rot_pstall_mppi,14939,256,16,0,0,1,1,1,96,0.247283,0.332068,8.29313,0,0.978238,1.58637,0.179372,17.2197,18.6773,393216,0.214,0.229,0,0.179585,0,1,1
box_detour_wall_left,oi_face_rot_pstall_mppi,14946,256,16,0,0,1,1,1,85,0.221121,0.198036,8.81949,0,0.921865,1.39217,0.176413,14.9951,16.6647,348160,0.2141,0.2379,0,0.176668,0,1,1
box_detour_wall_left,oi_face_rot_pstall_mppi,14953,256,16,0,0,1,1,1,112,0.187676,0.193349,8.92523,0,0.878707,1.28831,0.178271,19.9663,22.341,458752,0.2109,0.2582,0,0.178558,0,1,1
box_detour_wall_left,oi_face_rot_pstall_mppi,14960,256,16,0,0,1,1,1,104,0.206985,0.165897,8.1587,0,1.06636,1.91864,0.175084,18.2087,20.148,425984,0.2398,0.3622,0,0.175364,0,1,1
box_detour_wall_left,oi_face_rot_pstall_mppi,14967,256,16,0,0,0,1,0,420,1.19355,0.202356,48.2672,0,2.9997,11.2162,0.167039,70.1566,76.8621,1720320,0.1994,0.2538,0,0.16717,0,1,0
box_detour_wall_left,oi_face_rot_pstall_mppi,14974,256,16,0,0,1,1,1,120,0.241197,0.077361,12.0896,0,0.667899,0.933437,0.181627,21.7952,23.8297,491520,0.2091,0.2238,0,0.181874,0,1,1
box_detour_wall_left,oi_face_rot_pstall_mppi,14981,256,16,0,0,1,1,1,148,0.230811,0.0157787,11.3658,0,0.721426,1.06543,0.172221,25.4887,27.4906,606208,0.2065,0.2115,0,0.172462,0,1,1
box_detour_wall_left,oi_face_rot_pstall_mppi,14988,256,16,0,0,1,1,1,64,0.245327,0.0246677,6.02908,0,0.769485,0.933172,0.1807,11.5648,12.5329,262144,0.2401,0.245,0,0.180961,0,1,1
box_detour_wall_left,oi_face_rot_pstall_mppi,14995,256,16,0,0,1,1,1,93,0.247439,0.0487897,7.40617,0,0.856426,1.34296,0.17773,16.5289,17.8949,380928,0.2091,0.2353,0,0.177917,0,1,1
box_detour_wall_left,oi_face_rot_pstall_mppi,15002,256,16,0,0,1,1,1,114,0.233976,0.185833,8.70834,0,0.771892,1.17695,0.174736,19.9199,21.6365,466944,0.2139,0.2564,0,0.174981,0,1,1
box_detour_wall_left,oi_face_rot_pstall_mppi,15009,256,16,0,0,1,1,1,120,0.191016,0.0912418,11.2499,0,0.910431,1.35248,0.163661,19.6393,21.2831,491520,0.1908,0.2081,0,0.163856,0,1,1
box_detour_wall_left,oi_face_rot_pstall_mppi,15016,256,16,0,0,1,1,1,112,0.228124,0.0274269,9.90398,0,0.796216,1.30728,0.176315,19.7473,21.3998,458752,0.224,0.2739,0,0.176541,0,1,1
box_detour_wall_left,oi_face_rot_pstall_mppi,15023,256,16,0,0,1,1,1,77,0.238356,0.130556,8.46,0,0.84871,1.02598,0.166031,12.7844,13.8859,315392,0.2002,0.2025,0,0.166266,0,1,1
box_detour_wall_left,oi_face_rot_pstall_mppi,15030,256,16,0,0,1,1,1,106,0.245685,0.047279,7.27388,0,0.962084,1.70356,0.169508,17.9678,19.5763,434176,0.2003,0.2657,0,0.169758,0,1,1
box_detour_wall_left,oi_face_rot_pstall_mppi,15037,256,16,0,0,1,1,1,76,0.249568,0.0931306,6.86709,0,0.886238,1.36832,0.17017,12.9329,14.0942,311296,0.2078,0.2207,0,0.170417,0,1,1
box_detour_wall_left,oi_face_rot_pstall_mppi,15044,256,16,0,0,1,1,1,350,0.20807,0.0507654,37.879,0,1.55048,4.25129,0.173192,60.6172,66.883,1433600,0.2097,0.4508,0,0.17337,0,1,1
box_detour_wall_left,oi_face_rot_pstall_mppi,15051,256,16,0,0,1,1,1,107,0.216756,0.29031,11.0493,0,0.693743,0.767959,0.17668,18.9047,21.0594,438272,0.2385,0.2406,0,0.176968,0,1,1
box_detour_wall_left,oi_face_rot_pstall_mppi,15058,256,16,0,0,1,1,1,115,0.214657,0.0877556,10.1653,0,0.896221,1.39225,0.183123,21.0591,23.1668,471040,0.2148,0.2704,0,0.183366,0,1,1
box_detour_wall_left,oi_face_rot_pstall_mppi,15065,256,16,0,0,1,1,1,57,0.22852,0.111339,5.33865,0,0.876823,1.28843,0.178537,10.1766,11.2252,233472,0.2159,0.2494,0,0.178893,0,1,1
box_detour_wall_left,oi_face_rot_pstall_mppi,15072,256,16,0,0,1,1,1,137,0.236578,0.203255,12.825,0,0.936055,1.42846,0.166636,22.8292,25.1231,561152,0.1965,0.2583,0,0.16683,0,1,1
box_detour_wall_left,oi_face_rot_pstall_mppi,15079,256,16,0,0,1,1,1,100,0.216732,0.0290154,7.28088,0,0.824314,1.17392,0.166705,16.6705,18.0635,409600,0.1977,0.2186,0,0.166902,0,1,1
box_detour_wall_left,oi_face_rot_pstall_mppi,15086,256,16,0,0,1,1,1,77,0.206019,0.0511419,6.24214,0,0.853066,1.37919,0.172391,13.2741,14.424,315392,0.2132,0.231,0,0.172632,0,1,1
box_detour_wall_left,oi_face_rot_pstall_mppi,15093,256,16,0,0,1,1,1,82,0.198213,0.0208253,6.41763,0,0.873883,1.44845,0.168756,13.838,15.0077,335872,0.217,0.2288,0,0.168983,0,1,1
box_detour_wall_left,oi_face_rot_pstall_mppi,15100,256,16,0,0,1,1,1,113,0.228893,0.0269554,8.40715,0,0.87781,1.43266,0.16985,19.1931,21.1654,462848,0.2008,0.2305,0,0.170104,0,1,1
box_detour_wall_left,oi_face_rot_pstall_mppi,15107,256,16,0,0,1,1,1,100,0.222131,0.109697,7.74584,0,0.986851,1.79765,0.177284,17.7284,20.1528,409600,0.206,0.2261,0,0.1776,0,1,1
box_detour_wall_left,oi_face_rot_pstall_mppi,15114,256,16,0,0,1,1,1,98,0.197221,0.182674,8.07341,0,0.782832,1.20752,0.190274,18.6469,21.2459,401408,0.23,0.2417,0,0.190651,0,1,1
box_detour_wall_left,oi_face_rot_pstall_mppi,15121,256,16,0,0,1,1,1,88,0.243067,0.0441327,6.93319,0,0.95867,1.57613,0.171503,15.0923,16.5297,360448,0.2051,0.2369,0,0.171774,0,1,1
box_detour_wall_left,oi_face_rot_pstall_mppi,15128,256,16,0,0,1,1,1,90,0.235054,0.0156271,9.07557,0,0.815739,1.03469,0.176736,15.9062,17.2429,368640,0.2085,0.2287,0,0.176936,0,1,1
box_detour_wall_left,oi_face_rot_pstall_mppi,15135,256,16,0,0,1,1,1,111,0.167937,0.102236,9.58049,0,1.03094,2.06346,0.170382,18.9124,20.6189,454656,0.2056,0.2245,0,0.170611,0,1,1
box_detour_wall_left,oi_face_rot_pstall_mppi,15142,256,16,0,0,1,1,1,74,0.200661,0.0629782,5.76617,0,0.892902,1.51943,0.177924,13.1664,14.255,303104,0.2096,0.2318,0,0.178139,0,1,1
box_detour_wall_left,oi_face_rot_pstall_mppi,15149,256,16,0,0,1,1,1,146,0.229704,0.119435,9.52494,0,0.898934,1.79315,0.182307,26.6168,30.1333,598016,0.2425,0.2906,0,0.182627,0,1,1
box_detour_wall_left,oi_face_rot_stall_mppi,14456,256,16,0,0,1,1,1,71,0.233611,0.0980491,5.72586,0,0.846332,1.39602,0.178897,12.7017,14.0082,290816,0.2253,0.2523,0,0.17922,0,1,1
box_detour_wall_left,oi_face_rot_stall_mppi,14463,256,16,0,0,1,1,1,90,0.20791,0.0328985,8.37539,0,0.757775,1.06983,0.171474,15.4327,16.7299,368640,0.2044,0.2501,0,0.171658,0,1,1
box_detour_wall_left,oi_face_rot_stall_mppi,14470,256,16,0,0,1,1,1,237,0.245398,0.0595209,19.2414,0,0.868942,1.3868,0.171868,40.7328,44.3696,970752,0.2069,0.2613,0,0.172018,0,1,1
box_detour_wall_left,oi_face_rot_stall_mppi,14477,256,16,0,0,1,1,1,107,0.239111,0.0147475,7.76323,0,0.984196,1.94841,0.174603,18.6825,20.5019,438272,0.2246,0.2357,0,0.174898,0,1,1
box_detour_wall_left,oi_face_rot_stall_mppi,14484,256,16,0,0,1,1,1,109,0.202437,0.0586718,9.88336,0,0.819036,1.07516,0.174741,19.0468,20.9008,446464,0.2096,0.2336,0,0.174982,0,1,1
box_detour_wall_left,oi_face_rot_stall_mppi,14491,256,16,0,0,1,1,1,104,0.248367,0.00594446,9.11628,0,0.818175,1.06408,0.176887,18.3963,20.0205,425984,0.2043,0.2294,0,0.177137,0,1,1
box_detour_wall_left,oi_face_rot_stall_mppi,14498,256,16,0,0,1,1,1,113,0.243992,0.100107,9.29124,0,0.885645,1.53612,0.16433,18.5693,20.0505,462848,0.1921,0.2123,0,0.164508,0,1,1
box_detour_wall_left,oi_face_rot_stall_mppi,14505,256,16,0,0,1,1,1,82,0.244381,0.0646115,6.97989,0,0.885594,1.34823,0.175834,14.4184,15.9356,335872,0.2124,0.2285,0,0.176102,0,1,1
box_detour_wall_left,oi_face_rot_stall_mppi,14512,256,16,0,0,1,1,1,97,0.214861,0.091648,6.36351,0,0.844411,1.54246,0.1759,17.0623,18.9608,397312,0.2057,0.2216,0,0.176199,0,1,1
box_detour_wall_left,oi_face_rot_stall_mppi,14519,256,16,0,0,1,1,1,81,0.20155,0.00520529,5.95661,0,0.998399,1.80721,0.184736,14.9636,16.9651,331776,0.2535,0.2745,0,0.185104,0,1,1
box_detour_wall_left,oi_face_rot_stall_mppi,14526,256,16,0,0,1,1,1,108,0.231638,0.0584711,8.14791,0,1.10006,2.09565,0.175631,18.9681,21.0602,442368,0.2145,0.2177,0,0.175894,0,1,1
box_detour_wall_left,oi_face_rot_stall_mppi,14533,256,16,0,0,1,1,1,100,0.231679,0.0399591,8.93119,0,0.921927,1.46806,0.16881,16.881,18.3646,409600,0.1957,0.2212,0,0.169039,0,1,1
box_detour_wall_left,oi_face_rot_stall_mppi,14540,256,16,0,0,1,1,1,108,0.210326,0.183735,7.87071,0,0.911714,1.71753,0.168974,18.2492,19.7636,442368,0.2073,0.2388,0,0.169171,0,1,1
box_detour_wall_left,oi_face_rot_stall_mppi,14547,256,16,0,0,1,1,1,135,0.241308,0.0453619,10.7619,0,0.726168,1.04981,0.171563,23.161,25.4447,552960,0.2098,0.2194,0,0.171807,0,1,1
box_detour_wall_left,oi_face_rot_stall_mppi,14554,256,16,0,0,1,1,1,109,0.184777,0.0437546,6.73861,0,0.751022,1.2522,0.174579,19.0291,20.9379,446464,0.2144,0.2493,0,0.17486,0,1,1
box_detour_wall_left,oi_face_rot_stall_mppi,14561,256,16,0,0,1,1,1,69,0.218979,0.251744,5.81614,0,0.938351,1.43471,0.174971,12.073,13.2272,282624,0.2115,0.2268,0,0.175261,0,1,1
box_detour_wall_left,oi_face_rot_stall_mppi,14568,256,16,0,0,1,1,1,122,0.243693,0.0799482,10.3988,0,0.906116,1.42825,0.177409,21.6439,24.6154,499712,0.2182,0.2517,0,0.177727,0,1,1
box_detour_wall_left,oi_face_rot_stall_mppi,14575,256,16,0,0,1,1,1,109,0.243188,0.082586,7.80894,0,1.00262,1.77639,0.174876,19.0615,21.0884,446464,0.2121,0.2344,0,0.175136,0,1,1
box_detour_wall_left,oi_face_rot_stall_mppi,14582,256,16,0,0,1,1,1,69,0.144017,0.0313708,5.32945,0,0.759696,1.05569,0.182744,12.6093,14.2199,282624,0.2291,0.276,0,0.183188,0,1,1
box_detour_wall_left,oi_face_rot_stall_mppi,14589,256,16,0,0,1,1,1,99,0.195503,0.100629,8.49505,0,0.770923,1.02757,0.173321,17.1588,18.653,405504,0.1973,0.2088,0,0.173586,0,1,1
box_detour_wall_left,oi_face_rot_stall_mppi,14596,256,16,0,0,1,1,1,108,0.215452,0.0057376,9.07045,0,0.758989,1.18187,0.167783,18.1206,19.8109,442368,0.204,0.2185,0,0.167978,0,1,1
box_detour_wall_left,oi_face_rot_stall_mppi,14603,256,16,0,0,1,1,1,108,0.220259,0.0543273,8.64228,0,0.759544,1.02934,0.166174,17.9468,19.577,442368,0.2079,0.2309,0,0.166545,0,1,1
box_detour_wall_left,oi_face_rot_stall_mppi,14610,256,16,0,0,1,1,1,75,0.217428,3.05399e-05,5.88654,0,0.805414,1.30255,0.168713,12.6535,13.7106,307200,0.2021,0.2056,0,0.168915,0,1,1
box_detour_wall_left,oi_face_rot_stall_mppi,14617,256,16,0,0,1,1,1,58,0.239024,0.300462,5.79212,0,0.845263,1.05562,0.181926,10.5517,11.7282,237568,0.217,0.2378,0,0.182305,0,1,1
box_detour_wall_left,oi_face_rot_stall_mppi,14624,256,16,0,0,1,1,1,82,0.246194,0.123446,7.04348,0,0.910614,1.27966,0.175637,14.4022,15.6744,335872,0.2036,0.2066,0,0.175878,0,1,1
box_detour_wall_left,oi_face_rot_stall_mppi,14631,256,16,0,0,1,1,1,65,0.21413,0.118277,7.70034,0,0.710201,0.77592,0.171429,11.1429,12.2103,266240,0.21,0.2391,0,0.171694,0,1,1
box_detour_wall_left,oi_face_rot_stall_mppi,14638,256,16,0,0,1,1,1,89,0.238376,0.0790901,6.55946,0,0.995086,1.89418,0.173612,15.4515,17.0178,364544,0.2005,0.2188,0,0.173826,0,1,1
box_detour_wall_left,oi_face_rot_stall_mppi,14645,256,16,0,0,1,1,1,101,0.221456,0.254449,7.5102,0,1.13921,2.54216,0.173993,17.5733,19.203,413696,0.2081,0.224,0,0.174202,0,1,1
box_detour_wall_left,oi_face_rot_stall_mppi,14652,256,16,0,0,1,1,1,101,0.227837,0.188696,6.29345,0,0.751952,1.23623,0.168819,17.0507,18.7426,413696,0.2101,0.2435,0,0.169049,0,1,1
box_detour_wall_left,oi_face_rot_stall_mppi,14659,256,16,0,0,1,1,1,95,0.239622,0.147905,8.77191,0,0.871466,1.35496,0.169905,16.141,17.41,389120,0.2059,0.2256,0,0.170106,0,1,1
box_detour_wall_left,oi_face_rot_stall_mppi,14666,256,16,0,0,1,1,1,99,0.238132,0.221203,9.21268,0,0.854067,1.19658,0.171586,16.987,18.543,405504,0.215,0.2296,0,0.171816,0,1,1
box_detour_wall_left,oi_face_rot_stall_mppi,14673,256,16,0,0,1,1,1,90,0.230096,0.030728,6.35269,0,0.742036,1.05712,0.185709,16.7138,18.5598,368640,0.2259,0.5955,0,0.18597,0,1,1
box_detour_wall_left,oi_face_rot_stall_mppi,14680,256,16,0,0,1,1,1,101,0.214351,0.195222,7.33432,0,0.758676,1.18303,0.174004,17.5744,19.8842,413696,0.2052,0.2392,0,0.174362,0,1,1
box_detour_wall_left,oi_face_rot_stall_mppi,14687,256,16,0,0,1,1,1,113,0.247516,0.00562548,9.80087,0,0.803023,1.17028,0.176195,19.91,22.109,462848,0.2156,0.2405,0,0.176503,0,1,1
box_detour_wall_left,oi_face_rot_stall_mppi,14694,256,16,0,0,1,1,1,133,0.178498,0.0735824,9.14956,0,0.702111,0.981252,0.180887,24.0579,26.8761,544768,0.2131,0.2256,0,0.181119,0,1,1
box_detour_wall_left,oi_face_rot_stall_mppi,14701,256,16,0,0,1,1,1,108,0.194299,0.016608,9.61186,0,0.851216,1.18211,0.174594,18.8561,20.6925,442368,0.2087,0.2587,0,0.174828,0,1,1
box_detour_wall_left,oi_face_rot_stall_mppi,14708,256,16,0,0,1,1,1,107,0.230486,0.174769,8.933,0,0.862093,1.38172,0.186686,19.9754,22.1103,438272,0.2231,0.2285,0,0.18693,0,1,1
box_detour_wall_left,oi_face_rot_stall_mppi,14715,256,16,0,0,1,1,1,98,0.211776,0.0915963,6.39552,0,0.770151,1.29026,0.1813,17.7674,19.9504,401408,0.2208,0.2367,0,0.18158,0,1,1
box_detour_wall_left,oi_face_rot_stall_mppi,14722,256,16,0,0,1,1,1,80,0.23751,0.0748526,5.88137,0,0.955648,1.6416,0.173942,13.9154,15.3616,327680,0.2046,0.2293,0,0.174152,0,1,1
box_detour_wall_left,oi_face_rot_stall_mppi,14729,256,16,0,0,1,1,1,117,0.240641,0.223113,9.4082,0,0.82006,1.2637,0.177262,20.7396,22.6866,479232,0.2082,0.2234,0,0.177467,0,1,1
box_detour_wall_left,oi_face_rot_stall_mppi,14736,256,16,0,0,1,1,1,107,0.185666,0.0273542,8.24037,0,0.930575,1.5361,0.175558,18.7847,20.7119,438272,0.2112,0.2314,0,0.175789,0,1,1
box_detour_wall_left,oi_face_rot_stall_mppi,14743,256,16,0,0,1,1,1,93,0.246615,0.184462,7.12965,0,1.24537,2.65499,0.185923,17.2908,19.7545,380928,0.2296,0.2349,0,0.186284,0,1,1
box_detour_wall_left,oi_face_rot_stall_mppi,14750,256,16,0,0,1,1,1,102,0.248856,0.0834962,8.41349,0,0.775544,1.09812,0.173898,17.7376,19.5492,417792,0.2221,0.2402,0,0.174234,0,1,1
box_detour_wall_left,oi_face_rot_stall_mppi,14757,256,16,0,0,1,1,1,108,0.226637,0.00724808,7.43692,0,1.04708,2.16073,0.169181,18.2715,19.7208,442368,0.2017,0.2035,0,0.169369,0,1,1
box_detour_wall_left,oi_face_rot_stall_mppi,14764,256,16,0,0,1,1,1,133,0.245472,0.166293,9.9936,0,0.839806,1.42095,0.1703,22.6499,24.4156,544768,0.2052,0.2214,0,0.170453,0,1,1
box_detour_wall_left,oi_face_rot_stall_mppi,14771,256,16,0,0,1,1,1,93,0.236612,0.172465,6.11736,0,0.818761,1.5062,0.168788,15.6973,17.242,380928,0.2062,0.2192,0,0.169012,0,1,1
box_detour_wall_left,oi_face_rot_stall_mppi,14778,256,16,0,0,1,1,1,115,0.176272,0.00569343,8.7317,0,0.773564,1.08656,0.175113,20.138,22.0148,471040,0.207,0.2227,0,0.175356,0,1,1
box_detour_wall_left,oi_face_rot_stall_mppi,14785,256,16,0,0,1,1,1,78,0.246129,0.0191058,9.1054,0,0.955971,1.47756,0.171355,13.3657,14.6843,319488,0.2011,0.2362,0,0.171574,0,1,1
box_detour_wall_left,oi_face_rot_stall_mppi,14792,256,16,0,0,1,1,1,112,0.22048,0.153979,7.82998,0,0.762629,1.05743,0.168673,18.8914,20.5242,458752,0.1977,0.2097,0,0.168878,0,1,1
box_detour_wall_left,oi_face_rot_stall_mppi,14799,256,16,0,0,1,1,1,94,0.244944,0.0653196,10.1007,0,0.903714,1.25406,0.169185,15.9034,17.1792,385024,0.2035,0.2179,0,0.16938,0,1,1
box_detour_wall_left,oi_face_rot_stall_mppi,14806,256,16,0,0,1,1,1,119,0.171415,0.108906,9.16004,0,0.935009,1.76945,0.170421,20.2801,22.1489,487424,0.2036,0.2133,0,0.170601,0,1,1
box_detour_wall_left,oi_face_rot_stall_mppi,14813,256,16,0,0,1,1,1,108,0.239226,0.1718,8.65412,0,1.05206,1.97563,0.174207,18.8143,20.6218,442368,0.2149,0.2577,0,0.174476,0,1,1
box_detour_wall_left,oi_face_rot_stall_mppi,14820,256,16,0,0,1,1,1,112,0.247099,0.0638298,9.03424,0,0.958495,1.48438,0.169893,19.028,20.6623,458752,0.2166,0.2511,0,0.170129,0,1,1
box_detour_wall_left,oi_face_rot_stall_mppi,14827,256,16,0,0,1,1,1,54,0.248088,0.153437,5.8134,0,0.75836,0.887779,0.17278,9.3301,10.1221,221184,0.21,0.2137,0,0.173024,0,1,1
box_detour_wall_left,oi_face_rot_stall_mppi,14834,256,16,0,0,1,1,1,102,0.194943,0.0468766,8.74537,0,0.882218,1.46195,0.177401,18.0949,19.6524,417792,0.2049,0.2109,0,0.177613,0,1,1
box_detour_wall_left,oi_face_rot_stall_mppi,14841,256,16,0,0,1,1,1,127,0.191622,0.104269,8.22014,0,0.855516,1.45094,0.166165,21.1029,22.7639,520192,0.2059,0.2231,0,0.166339,0,1,1
box_detour_wall_left,oi_face_rot_stall_mppi,14848,256,16,0,0,1,1,1,79,0.222588,0.193092,6.58348,0,0.893854,1.43072,0.174062,13.7509,15.0856,323584,0.2033,0.2225,0,0.174318,0,1,1
box_detour_wall_left,oi_face_rot_stall_mppi,14855,256,16,0,0,1,1,1,63,0.234427,0.125694,5.77059,0,0.916076,1.26402,0.185029,11.6568,13.0272,258048,0.2209,0.2443,0,0.18541,0,1,1
box_detour_wall_left,oi_face_rot_stall_mppi,14862,256,16,0,0,1,1,1,113,0.195631,0.0820168,10.3049,0,0.762776,0.95113,0.172492,19.4916,21.2918,462848,0.2074,0.2145,0,0.172753,0,1,1
box_detour_wall_left,oi_face_rot_stall_mppi,14869,256,16,0,0,1,1,1,124,0.208788,0.169366,11.0463,0,0.897948,1.50097,0.167792,20.8062,22.5482,507904,0.1903,0.2188,0,0.167963,0,1,1
box_detour_wall_left,oi_face_rot_stall_mppi,14876,256,16,0,0,1,1,1,112,0.213514,0.182645,7.45661,0,0.938794,1.63473,0.168863,18.9127,20.4997,458752,0.2041,0.2224,0,0.169069,0,1,1
box_detour_wall_left,oi_face_rot_stall_mppi,14883,256,16,0,0,1,1,1,153,0.24174,0.0599784,7.82351,0,0.835624,1.44484,0.178363,27.2896,30.1978,626688,0.2097,0.3941,0,0.178608,0,1,1
box_detour_wall_left,oi_face_rot_stall_mppi,14890,256,16,0,0,1,1,1,109,0.197631,0.120184,7.66115,0,0.87613,1.55424,0.16905,18.4264,20.1815,446464,0.2066,0.2139,0,0.169288,0,1,1
box_detour_wall_left,oi_face_rot_stall_mppi,14897,256,16,0,0,1,1,1,104,0.236839,0.148732,9.50363,0,0.904559,1.47662,0.173848,18.0802,19.5576,425984,0.2077,0.2194,0,0.174117,0,1,1
box_detour_wall_left,oi_face_rot_stall_mppi,14904,256,16,0,0,1,1,1,129,0.21519,0.0800886,9.4212,0,0.773649,1.26085,0.177516,22.8995,25.4952,528384,0.2238,0.2487,0,0.177784,0,1,1
box_detour_wall_left,oi_face_rot_stall_mppi,14911,256,16,0,0,1,1,1,96,0.21941,0.0250415,7.16269,0,1.07189,2.20797,0.169131,16.2366,17.599,393216,0.1971,0.2195,0,0.169358,0,1,1
box_detour_wall_left,oi_face_rot_stall_mppi,14918,256,16,0,0,1,1,1,142,0.217655,0.075643,10.4476,0,0.867622,1.35039,0.169393,24.0538,26.0653,581632,0.1994,0.2093,0,0.169613,0,1,1
box_detour_wall_left,oi_face_rot_stall_mppi,14925,256,16,0,0,1,1,1,113,0.220244,0.0881821,8.06225,0,0.893436,1.60289,0.171871,19.4214,21.1162,462848,0.2096,0.2289,0,0.172119,0,1,1
box_detour_wall_left,oi_face_rot_stall_mppi,14932,256,16,0,0,1,1,1,86,0.239438,0.271116,6.75809,0,1.01725,1.66863,0.17476,15.0294,16.4587,352256,0.2097,0.2212,0,0.174978,0,1,1
box_detour_wall_left,oi_face_rot_stall_mppi,14939,256,16,0,0,1,1,1,96,0.247283,0.332068,8.29313,0,0.978238,1.58637,0.173487,16.6548,18.2168,393216,0.2091,0.2163,0,0.173772,0,1,1
box_detour_wall_left,oi_face_rot_stall_mppi,14946,256,16,0,0,1,1,1,85,0.221121,0.198036,8.81949,0,0.921865,1.39217,0.175068,14.8808,16.1419,348160,0.2114,0.2438,0,0.175284,0,1,1
box_detour_wall_left,oi_face_rot_stall_mppi,14953,256,16,0,0,1,1,1,112,0.187676,0.193349,8.92523,0,0.878707,1.28831,0.174741,19.571,21.3952,458752,0.205,0.2116,0,0.174951,0,1,1
box_detour_wall_left,oi_face_rot_stall_mppi,14960,256,16,0,0,1,1,1,104,0.206985,0.165897,8.1587,0,1.06636,1.91864,0.169839,17.6633,19.2791,425984,0.2029,0.2115,0,0.170091,0,1,1
box_detour_wall_left,oi_face_rot_stall_mppi,14967,256,16,0,0,0,1,0,420,1.19355,0.202356,48.3249,0,3.28309,12.618,0.165195,69.3819,75.3804,1720320,0.1907,0.2152,0,0.165309,0,1,0
box_detour_wall_left,oi_face_rot_stall_mppi,14974,256,16,0,0,1,1,1,120,0.241197,0.077361,12.0896,0,0.667899,0.933437,0.176167,21.14,22.9073,491520,0.2094,0.236,0,0.176445,0,1,1
box_detour_wall_left,oi_face_rot_stall_mppi,14981,256,16,0,0,1,1,1,148,0.230811,0.0157787,11.3658,0,0.721426,1.06543,0.176843,26.1728,28.512,606208,0.207,0.2179,0,0.177059,0,1,1
box_detour_wall_left,oi_face_rot_stall_mppi,14988,256,16,0,0,1,1,1,64,0.245327,0.0246677,6.02908,0,0.769485,0.933172,0.175722,11.2462,12.3006,262144,0.2066,0.2191,0,0.176042,0,1,1
box_detour_wall_left,oi_face_rot_stall_mppi,14995,256,16,0,0,1,1,1,93,0.247439,0.0487897,7.40617,0,0.856426,1.34296,0.17558,16.3289,17.5641,380928,0.2065,0.2172,0,0.175763,0,1,1
box_detour_wall_left,oi_face_rot_stall_mppi,15002,256,16,0,0,1,1,1,114,0.233976,0.185833,8.70834,0,0.771892,1.17695,0.174858,19.9338,21.5447,466944,0.204,0.2198,0,0.175087,0,1,1
box_detour_wall_left,oi_face_rot_stall_mppi,15009,256,16,0,0,1,1,1,120,0.191016,0.0912418,11.2499,0,0.910431,1.35248,0.16895,20.274,22.1874,491520,0.1987,0.2174,0,0.169147,0,1,1
box_detour_wall_left,oi_face_rot_stall_mppi,15016,256,16,0,0,1,1,1,112,0.228124,0.0274269,9.90398,0,0.796216,1.30728,0.180399,20.2047,22.1438,458752,0.2215,0.236,0,0.180714,0,1,1
box_detour_wall_left,oi_face_rot_stall_mppi,15023,256,16,0,0,1,1,1,77,0.238356,0.130556,8.46,0,0.84871,1.02598,0.166448,12.8165,13.8875,315392,0.1893,0.205,0,0.166674,0,1,1
box_detour_wall_left,oi_face_rot_stall_mppi,15030,256,16,0,0,1,1,1,106,0.245685,0.047279,7.27388,0,0.962084,1.70356,0.167103,17.7129,19.2546,434176,0.1929,0.2218,0,0.167294,0,1,1
box_detour_wall_left,oi_face_rot_stall_mppi,15037,256,16,0,0,1,1,1,76,0.249568,0.0931306,6.86709,0,0.886238,1.36832,0.168967,12.8415,13.8464,311296,0.2079,0.2101,0,0.169176,0,1,1
box_detour_wall_left,oi_face_rot_stall_mppi,15044,256,16,0,0,0,1,0,420,1.21053,0.448019,51.0905,0,2.67525,9.02975,0.167009,70.1439,78.3908,1720320,0.193,0.2693,0,0.167168,0,1,0
box_detour_wall_left,oi_face_rot_stall_mppi,15051,256,16,0,0,1,1,1,107,0.216756,0.29031,11.0493,0,0.693743,0.767959,0.17169,18.3708,19.8403,438272,0.2065,0.2114,0,0.17189,0,1,1
box_detour_wall_left,oi_face_rot_stall_mppi,15058,256,16,0,0,1,1,1,115,0.214657,0.0877556,10.1653,0,0.896221,1.39225,0.175823,20.2196,21.7505,471040,0.2049,0.2242,0,0.17601,0,1,1
box_detour_wall_left,oi_face_rot_stall_mppi,15065,256,16,0,0,1,1,1,57,0.22852,0.111339,5.33865,0,0.876823,1.28843,0.17153,9.7772,10.5339,233472,0.2048,0.2122,0,0.171735,0,1,1
box_detour_wall_left,oi_face_rot_stall_mppi,15072,256,16,0,0,1,1,1,137,0.236578,0.203255,12.825,0,0.936055,1.42846,0.168272,23.0533,25.7893,561152,0.1952,0.2098,0,0.168487,0,1,1
box_detour_wall_left,oi_face_rot_stall_mppi,15079,256,16,0,0,1,1,1,100,0.216732,0.0290154,7.28088,0,0.824314,1.17392,0.176174,17.6174,19.4385,409600,0.2068,0.2205,0,0.176477,0,1,1
box_detour_wall_left,oi_face_rot_stall_mppi,15086,256,16,0,0,1,1,1,77,0.206019,0.0511419,6.24214,0,0.853066,1.37919,0.173314,13.3452,14.4269,315392,0.2161,0.2363,0,0.173531,0,1,1
box_detour_wall_left,oi_face_rot_stall_mppi,15093,256,16,0,0,1,1,1,82,0.198213,0.0208253,6.41763,0,0.873883,1.44845,0.172326,14.1307,15.2627,335872,0.2027,0.2081,0,0.172531,0,1,1
box_detour_wall_left,oi_face_rot_stall_mppi,15100,256,16,0,0,1,1,1,113,0.228893,0.0269554,8.40715,0,0.87781,1.43266,0.168735,19.067,20.6379,462848,0.2059,0.2239,0,0.16893,0,1,1
box_detour_wall_left,oi_face_rot_stall_mppi,15107,256,16,0,0,1,1,1,100,0.222131,0.109697,7.74584,0,0.986851,1.79765,0.171833,17.1833,18.9375,409600,0.2051,0.246,0,0.172094,0,1,1
box_detour_wall_left,oi_face_rot_stall_mppi,15114,256,16,0,0,1,1,1,98,0.197221,0.182674,8.07341,0,0.782832,1.20752,0.175566,17.2055,18.7188,401408,0.2057,0.2173,0,0.175832,0,1,1
box_detour_wall_left,oi_face_rot_stall_mppi,15121,256,16,0,0,1,1,1,88,0.243067,0.0441327,6.93319,0,0.95867,1.57613,0.181503,15.9723,17.868,360448,0.2149,0.2892,0,0.181823,0,1,1
box_detour_wall_left,oi_face_rot_stall_mppi,15128,256,16,0,0,1,1,1,90,0.235054,0.0156271,9.07557,0,0.815739,1.03469,0.182101,16.3891,18.2803,368640,0.2195,0.2315,0,0.18241,0,1,1
box_detour_wall_left,oi_face_rot_stall_mppi,15135,256,16,0,0,1,1,1,111,0.167937,0.102236,9.58049,0,1.03094,2.06346,0.180928,20.083,22.5427,454656,0.2218,0.2469,0,0.181204,0,1,1
box_detour_wall_left,oi_face_rot_stall_mppi,15142,256,16,0,0,1,1,1,74,0.200661,0.0629782,5.76617,0,0.892902,1.51943,0.186437,13.7963,15.6204,303104,0.2321,0.2394,0,0.18692,0,1,1
box_detour_wall_left,oi_face_rot_stall_mppi,15149,256,16,0,0,1,1,1,146,0.229704,0.119435,9.52494,0,0.898934,1.79315,0.171945,25.104,27.8778,598016,0.2091,0.2301,0,0.172219,0,1,1
box_detour_wall_left,oi_face_rot_wide_mppi,14456,256,16,0,0,1,1,1,71,0.233611,0.0980491,5.72586,0,0.846332,1.39602,0.189493,13.454,15.3587,290816,0.2568,0.2675,0,0.18997,0,1,1
box_detour_wall_left,oi_face_rot_wide_mppi,14463,256,16,0,0,1,1,1,90,0.20791,0.0328985,8.37539,0,0.757775,1.06983,0.20173,18.1557,20.9002,368640,0.2485,0.3657,0,0.202098,0,1,1
box_detour_wall_left,oi_face_rot_wide_mppi,14470,256,16,0,0,1,1,1,237,0.245398,0.0595209,19.2414,0,0.868942,1.3868,0.199811,47.3553,54.0174,970752,0.2606,0.5762,0,0.200079,0,1,1
box_detour_wall_left,oi_face_rot_wide_mppi,14477,256,16,0,0,1,1,1,107,0.239111,0.0147475,7.76323,0,0.984196,1.94841,0.17492,18.7164,20.8939,438272,0.2206,0.2677,0,0.175289,0,1,1
box_detour_wall_left,oi_face_rot_wide_mppi,14484,256,16,0,0,1,1,1,109,0.202437,0.0586718,9.88336,0,0.819036,1.07516,0.188437,20.5396,23.4772,446464,0.2322,0.247,0,0.18885,0,1,1
box_detour_wall_left,oi_face_rot_wide_mppi,14491,256,16,0,0,1,1,1,104,0.248367,0.00594446,9.11628,0,0.818175,1.06408,0.205175,21.3382,24.3819,425984,0.237,0.2517,0,0.20554,0,1,1
box_detour_wall_left,oi_face_rot_wide_mppi,14498,256,16,0,0,1,1,1,113,0.243992,0.100107,9.29124,0,0.885645,1.53612,0.189242,21.3843,24.2926,462848,0.23,0.2629,0,0.189587,0,1,1
box_detour_wall_left,oi_face_rot_wide_mppi,14505,256,16,0,0,1,1,1,82,0.244381,0.0646115,6.97989,0,0.885594,1.34823,0.196374,16.1027,18.4138,335872,0.2491,0.258,0,0.196709,0,1,1
box_detour_wall_left,oi_face_rot_wide_mppi,14512,256,16,0,0,1,1,1,97,0.214861,0.091648,6.36351,0,0.844411,1.54246,0.18734,18.172,20.4981,397312,0.2476,0.3058,0,0.187658,0,1,1
box_detour_wall_left,oi_face_rot_wide_mppi,14519,256,16,0,0,1,1,1,81,0.20155,0.00520529,5.95661,0,0.998399,1.80721,0.182662,14.7956,16.6989,331776,0.2378,0.2587,0,0.183253,0,1,1
box_detour_wall_left,oi_face_rot_wide_mppi,14526,256,16,0,0,1,1,1,108,0.231638,0.0584711,8.14791,0,1.10006,2.09565,0.175613,18.9662,20.9182,442368,0.2082,0.2106,0,0.175852,0,1,1
box_detour_wall_left,oi_face_rot_wide_mppi,14533,256,16,0,0,1,1,1,100,0.231679,0.0399591,8.93119,0,0.921927,1.46806,0.178472,17.8472,19.8868,409600,0.2284,0.282,0,0.178787,0,1,1
box_detour_wall_left,oi_face_rot_wide_mppi,14540,256,16,0,0,1,1,1,108,0.210326,0.183735,7.87071,0,0.911714,1.71753,0.179077,19.3403,21.5389,442368,0.2061,0.2343,0,0.17938,0,1,1
box_detour_wall_left,oi_face_rot_wide_mppi,14547,256,16,0,0,1,1,1,135,0.241308,0.0453619,10.7619,0,0.726168,1.04981,0.181547,24.5089,27.2268,552960,0.2325,0.2856,0,0.181803,0,1,1
box_detour_wall_left,oi_face_rot_wide_mppi,14554,256,16,0,0,1,1,1,109,0.184777,0.0437546,6.73861,0,0.751022,1.2522,0.169995,18.5295,20.5847,446464,0.2118,0.2233,0,0.170386,0,1,1
box_detour_wall_left,oi_face_rot_wide_mppi,14561,256,16,0,0,1,1,1,69,0.218979,0.251744,5.81614,0,0.938351,1.43471,0.176181,12.1565,13.3954,282624,0.243,0.2517,0,0.176497,0,1,1
box_detour_wall_left,oi_face_rot_wide_mppi,14568,256,16,0,0,1,1,1,122,0.243693,0.0799482,10.3988,0,0.906116,1.42825,0.178051,21.7222,24.2915,499712,0.2353,0.2559,0,0.178325,0,1,1
box_detour_wall_left,oi_face_rot_wide_mppi,14575,256,16,0,0,1,1,1,109,0.243188,0.082586,7.80894,0,1.00262,1.77639,0.18844,20.54,23.493,446464,0.2517,0.2572,0,0.188719,0,1,1
box_detour_wall_left,oi_face_rot_wide_mppi,14582,256,16,0,0,1,1,1,69,0.144017,0.0313708,5.32945,0,0.759696,1.05569,0.166188,11.467,12.8074,282624,0.2105,0.2299,0,0.166514,0,1,1
box_detour_wall_left,oi_face_rot_wide_mppi,14589,256,16,0,0,1,1,1,99,0.195503,0.100629,8.49505,0,0.770923,1.02757,0.176341,17.4578,19.1605,405504,0.2137,0.2257,0,0.176607,0,1,1
box_detour_wall_left,oi_face_rot_wide_mppi,14596,256,16,0,0,1,1,1,108,0.215452,0.0057376,9.07045,0,0.758989,1.18187,0.167327,18.0713,19.8704,442368,0.2039,0.2181,0,0.167544,0,1,1
box_detour_wall_left,oi_face_rot_wide_mppi,14603,256,16,0,0,1,1,1,108,0.220259,0.0543273,8.64228,0,0.759544,1.02934,0.171804,18.5548,20.3123,442368,0.2091,0.2524,0,0.172018,0,1,1
box_detour_wall_left,oi_face_rot_wide_mppi,14610,256,16,0,0,1,1,1,75,0.217428,3.05399e-05,5.88654,0,0.805414,1.30255,0.178529,13.3897,14.9552,307200,0.2513,0.2598,0,0.178851,0,1,1
box_detour_wall_left,oi_face_rot_wide_mppi,14617,256,16,0,0,1,1,1,58,0.239024,0.300462,5.79212,0,0.845263,1.05562,0.176902,10.2603,11.428,237568,0.2073,0.2149,0,0.177219,0,1,1
box_detour_wall_left,oi_face_rot_wide_mppi,14624,256,16,0,0,1,1,1,82,0.246194,0.123446,7.04348,0,0.910614,1.27966,0.203779,16.7099,19.2979,335872,0.2584,0.3111,0,0.204311,0,1,1
box_detour_wall_left,oi_face_rot_wide_mppi,14631,256,16,0,0,1,1,1,65,0.21413,0.118277,7.70034,0,0.710201,0.77592,0.182729,11.8774,13.3148,266240,0.2151,0.2287,0,0.183115,0,1,1
box_detour_wall_left,oi_face_rot_wide_mppi,14638,256,16,0,0,1,1,1,89,0.238376,0.0790901,6.55946,0,0.995086,1.89418,0.17118,15.235,16.577,364544,0.2024,0.2171,0,0.171401,0,1,1
box_detour_wall_left,oi_face_rot_wide_mppi,14645,256,16,0,0,1,1,1,101,0.221456,0.254449,7.5102,0,1.13921,2.54216,0.178756,18.0544,20.2948,413696,0.219,0.2618,0,0.179049,0,1,1
box_detour_wall_left,oi_face_rot_wide_mppi,14652,256,16,0,0,1,1,1,101,0.227837,0.188696,6.29345,0,0.751952,1.23623,0.170069,17.177,19.0711,413696,0.2068,0.2199,0,0.17032,0,1,1
box_detour_wall_left,oi_face_rot_wide_mppi,14659,256,16,0,0,1,1,1,95,0.239622,0.147905,8.77191,0,0.871466,1.35496,0.187843,17.8451,20.1238,389120,0.2249,0.2516,0,0.188298,0,1,1
box_detour_wall_left,oi_face_rot_wide_mppi,14666,256,16,0,0,1,1,1,99,0.238132,0.221203,9.21268,0,0.854067,1.19658,0.173281,17.1548,19.0349,405504,0.2064,0.2195,0,0.173587,0,1,1
box_detour_wall_left,oi_face_rot_wide_mppi,14673,256,16,0,0,1,1,1,90,0.230096,0.030728,6.35269,0,0.742036,1.05712,0.168348,15.1513,16.6454,368640,0.202,0.2223,0,0.168576,0,1,1
box_detour_wall_left,oi_face_rot_wide_mppi,14680,256,16,0,0,1,1,1,101,0.214351,0.195222,7.33432,0,0.758676,1.18303,0.163214,16.4846,18.1474,413696,0.2071,0.223,0,0.163466,0,1,1
box_detour_wall_left,oi_face_rot_wide_mppi,14687,256,16,0,0,1,1,1,113,0.247516,0.00562548,9.80087,0,0.803023,1.17028,0.174495,19.7179,21.6737,462848,0.2277,0.2693,0,0.174757,0,1,1
box_detour_wall_left,oi_face_rot_wide_mppi,14694,256,16,0,0,1,1,1,133,0.178498,0.0735824,9.14956,0,0.702111,0.981252,0.173162,23.0306,25.4022,544768,0.229,0.2704,0,0.173415,0,1,1
box_detour_wall_left,oi_face_rot_wide_mppi,14701,256,16,0,0,1,1,1,108,0.194299,0.016608,9.61186,0,0.851216,1.18211,0.184286,19.9029,22.6704,442368,0.2309,0.2829,0,0.184611,0,1,1
box_detour_wall_left,oi_face_rot_wide_mppi,14708,256,16,0,0,1,1,1,107,0.230486,0.174769,8.933,0,0.862093,1.38172,0.18068,19.3328,21.5416,438272,0.2117,0.2233,0,0.180986,0,1,1
box_detour_wall_left,oi_face_rot_wide_mppi,14715,256,16,0,0,1,1,1,98,0.211776,0.0915963,6.39552,0,0.770151,1.29026,0.172562,16.9111,18.8873,401408,0.2279,0.3174,0,0.172882,0,1,1
box_detour_wall_left,oi_face_rot_wide_mppi,14722,256,16,0,0,1,1,1,80,0.23751,0.0748526,5.88137,0,0.955648,1.6416,0.174136,13.9309,15.4396,327680,0.2066,0.2717,0,0.174445,0,1,1
box_detour_wall_left,oi_face_rot_wide_mppi,14729,256,16,0,0,1,1,1,117,0.240641,0.223113,9.4082,0,0.82006,1.2637,0.177914,20.8159,23.2081,479232,0.2133,0.2404,0,0.178224,0,1,1
box_detour_wall_left,oi_face_rot_wide_mppi,14736,256,16,0,0,1,1,1,107,0.185666,0.0273542,8.24037,0,0.930575,1.5361,0.172383,18.445,20.0158,438272,0.207,0.2346,0,0.17263,0,1,1
box_detour_wall_left,oi_face_rot_wide_mppi,14743,256,16,0,0,1,1,1,93,0.246615,0.184462,7.12965,0,1.24537,2.65499,0.173072,16.0957,17.8639,380928,0.2402,0.2453,0,0.173344,0,1,1
box_detour_wall_left,oi_face_rot_wide_mppi,14750,256,16,0,0,1,1,1,102,0.248856,0.0834962,8.41349,0,0.775544,1.09812,0.173921,17.7399,19.2955,417792,0.206,0.2104,0,0.174145,0,1,1
box_detour_wall_left,oi_face_rot_wide_mppi,14757,256,16,0,0,1,1,1,108,0.226637,0.00724808,7.43692,0,1.04708,2.16073,0.169689,18.3264,19.8257,442368,0.2019,0.22,0,0.17002,0,1,1
box_detour_wall_left,oi_face_rot_wide_mppi,14764,256,16,0,0,1,1,1,133,0.245472,0.166293,9.9936,0,0.839806,1.42095,0.171833,22.8538,25.0294,544768,0.2099,0.232,0,0.172065,0,1,1
box_detour_wall_left,oi_face_rot_wide_mppi,14771,256,16,0,0,1,1,1,93,0.236612,0.172465,6.11736,0,0.818761,1.5062,0.168425,15.6635,16.8793,380928,0.2018,0.2088,0,0.168604,0,1,1
box_detour_wall_left,oi_face_rot_wide_mppi,14778,256,16,0,0,1,1,1,115,0.176272,0.00569343,8.7317,0,0.773564,1.08656,0.172291,19.8135,21.4778,471040,0.2015,0.2157,0,0.172493,0,1,1
box_detour_wall_left,oi_face_rot_wide_mppi,14785,256,16,0,0,1,1,1,78,0.246129,0.0191058,9.1054,0,0.955971,1.47756,0.16661,12.9956,14.0853,319488,0.2044,0.2181,0,0.166805,0,1,1
box_detour_wall_left,oi_face_rot_wide_mppi,14792,256,16,0,0,1,1,1,112,0.22048,0.153979,7.82998,0,0.762629,1.05743,0.170279,19.0712,20.8519,458752,0.201,0.211,0,0.170479,0,1,1
box_detour_wall_left,oi_face_rot_wide_mppi,14799,256,16,0,0,1,1,1,94,0.244944,0.0653196,10.1007,0,0.903714,1.25406,0.175741,16.5197,18.3968,385024,0.2288,0.2714,0,0.176088,0,1,1
box_detour_wall_left,oi_face_rot_wide_mppi,14806,256,16,0,0,1,1,1,119,0.171415,0.108906,9.16004,0,0.935009,1.76945,0.179816,21.3981,23.8185,487424,0.228,0.28,0,0.180109,0,1,1
box_detour_wall_left,oi_face_rot_wide_mppi,14813,256,16,0,0,1,1,1,108,0.239226,0.1718,8.65412,0,1.05206,1.97563,0.178521,19.2803,21.1429,442368,0.2089,0.2491,0,0.178834,0,1,1
box_detour_wall_left,oi_face_rot_wide_mppi,14820,256,16,0,0,1,1,1,112,0.247099,0.0638298,9.03424,0,0.958495,1.48438,0.170185,19.0607,20.7309,458752,0.2107,0.222,0,0.170401,0,1,1
box_detour_wall_left,oi_face_rot_wide_mppi,14827,256,16,0,0,1,1,1,54,0.248088,0.153437,5.8134,0,0.75836,0.887779,0.171918,9.2836,10.0747,221184,0.2083,0.2215,0,0.172178,0,1,1
box_detour_wall_left,oi_face_rot_wide_mppi,14834,256,16,0,0,1,1,1,102,0.194943,0.0468766,8.74537,0,0.882218,1.46195,0.179576,18.3168,20.1058,417792,0.2333,0.2393,0,0.179867,0,1,1
box_detour_wall_left,oi_face_rot_wide_mppi,14841,256,16,0,0,1,1,1,127,0.191622,0.104269,8.22014,0,0.855516,1.45094,0.168142,21.354,23.2994,520192,0.2052,0.2181,0,0.168362,0,1,1
box_detour_wall_left,oi_face_rot_wide_mppi,14848,256,16,0,0,1,1,1,79,0.222588,0.193092,6.58348,0,0.893854,1.43072,0.190291,15.033,17.0121,323584,0.2342,0.2545,0,0.190705,0,1,1
box_detour_wall_left,oi_face_rot_wide_mppi,14855,256,16,0,0,1,1,1,63,0.234427,0.125694,5.77059,0,0.916076,1.26402,0.188795,11.8941,13.3698,258048,0.217,0.2264,0,0.189125,0,1,1
box_detour_wall_left,oi_face_rot_wide_mppi,14862,256,16,0,0,1,1,1,113,0.195631,0.0820168,10.3049,0,0.762776,0.95113,0.18942,21.4045,24.34,462848,0.22,0.242,0,0.189756,0,1,1
box_detour_wall_left,oi_face_rot_wide_mppi,14869,256,16,0,0,1,1,1,124,0.208788,0.169366,11.0463,0,0.897948,1.50097,0.190417,23.6117,26.7387,507904,0.2169,0.231,0,0.190782,0,1,1
box_detour_wall_left,oi_face_rot_wide_mppi,14876,256,16,0,0,1,1,1,112,0.213514,0.182645,7.45661,0,0.938794,1.63473,0.190851,21.3753,24.2246,458752,0.2246,0.2296,0,0.191218,0,1,1
box_detour_wall_left,oi_face_rot_wide_mppi,14883,256,16,0,0,1,1,1,153,0.24174,0.0599784,7.82351,0,0.835624,1.44484,0.177871,27.2143,30.6432,626688,0.1998,0.2585,0,0.178171,0,1,1
box_detour_wall_left,oi_face_rot_wide_mppi,14890,256,16,0,0,1,1,1,109,0.197631,0.120184,7.66115,0,0.87613,1.55424,0.165692,18.0604,19.6798,446464,0.1921,0.2095,0,0.165961,0,1,1
box_detour_wall_left,oi_face_rot_wide_mppi,14897,256,16,0,0,1,1,1,104,0.236839,0.148732,9.50363,0,0.904559,1.47662,0.179578,18.6761,20.5477,425984,0.2075,0.2215,0,0.179839,0,1,1
box_detour_wall_left,oi_face_rot_wide_mppi,14904,256,16,0,0,1,1,1,129,0.21519,0.0800886,9.4212,0,0.773649,1.26085,0.175969,22.7,24.7088,528384,0.2082,0.2218,0,0.176174,0,1,1
box_detour_wall_left,oi_face_rot_wide_mppi,14911,256,16,0,0,1,1,1,96,0.21941,0.0250415,7.16269,0,1.07189,2.20797,0.177765,17.0654,18.9399,393216,0.2205,0.2339,0,0.178122,0,1,1
box_detour_wall_left,oi_face_rot_wide_mppi,14918,256,16,0,0,1,1,1,142,0.217655,0.075643,10.4476,0,0.867622,1.35039,0.180096,25.5737,28.0628,581632,0.2085,0.2709,0,0.180324,0,1,1
box_detour_wall_left,oi_face_rot_wide_mppi,14925,256,16,0,0,1,1,1,113,0.220244,0.0881821,8.06225,0,0.893436,1.60289,0.170463,19.2623,20.8746,462848,0.2046,0.2091,0,0.170672,0,1,1
box_detour_wall_left,oi_face_rot_wide_mppi,14932,256,16,0,0,1,1,1,86,0.239438,0.271116,6.75809,0,1.01725,1.66863,0.172693,14.8516,15.9539,352256,0.2098,0.2296,0,0.172869,0,1,1
box_detour_wall_left,oi_face_rot_wide_mppi,14939,256,16,0,0,1,1,1,96,0.247283,0.332068,8.29313,0,0.978238,1.58637,0.1854,17.7984,20.0207,393216,0.2174,0.2259,0,0.185715,0,1,1
box_detour_wall_left,oi_face_rot_wide_mppi,14946,256,16,0,0,1,1,1,85,0.221121,0.198036,8.81949,0,0.921865,1.39217,0.176506,15.003,16.5488,348160,0.2073,0.2223,0,0.176816,0,1,1
box_detour_wall_left,oi_face_rot_wide_mppi,14953,256,16,0,0,1,1,1,112,0.187676,0.193349,8.92523,0,0.878707,1.28831,0.176488,19.7667,21.7888,458752,0.2056,0.2227,0,0.176734,0,1,1
box_detour_wall_left,oi_face_rot_wide_mppi,14960,256,16,0,0,1,1,1,104,0.206985,0.165897,8.1587,0,1.06636,1.91864,0.16933,17.6103,19.0746,425984,0.2002,0.2045,0,0.169629,0,1,1
box_detour_wall_left,oi_face_rot_wide_mppi,14967,256,16,0,0,1,1,1,193,0.208956,0.00606468,16.2893,0,0.811316,1.19074,0.173963,33.5749,36.3925,790528,0.2064,0.2707,0,0.174133,0,1,1
box_detour_wall_left,oi_face_rot_wide_mppi,14974,256,16,0,0,1,1,1,120,0.241197,0.077361,12.0896,0,0.667899,0.933437,0.180525,21.663,23.754,491520,0.2184,0.2404,0,0.180798,0,1,1
box_detour_wall_left,oi_face_rot_wide_mppi,14981,256,16,0,0,1,1,1,148,0.230811,0.0157787,11.3658,0,0.721426,1.06543,0.178849,26.4697,28.9092,606208,0.2118,0.5165,0,0.179074,0,1,1
box_detour_wall_left,oi_face_rot_wide_mppi,14988,256,16,0,0,1,1,1,64,0.245327,0.0246677,6.02908,0,0.769485,0.933172,0.1794,11.4816,12.4348,262144,0.2109,0.2302,0,0.17968,0,1,1
box_detour_wall_left,oi_face_rot_wide_mppi,14995,256,16,0,0,1,1,1,93,0.247439,0.0487897,7.40617,0,0.856426,1.34296,0.174869,16.2628,17.5792,380928,0.209,0.2318,0,0.175071,0,1,1
box_detour_wall_left,oi_face_rot_wide_mppi,15002,256,16,0,0,1,1,1,114,0.233976,0.185833,8.70834,0,0.771892,1.17695,0.174225,19.8617,21.5787,466944,0.2052,0.2458,0,0.174418,0,1,1
box_detour_wall_left,oi_face_rot_wide_mppi,15009,256,16,0,0,1,1,1,120,0.191016,0.0912418,11.2499,0,0.910431,1.35248,0.167843,20.1411,21.8733,491520,0.1964,0.2158,0,0.16804,0,1,1
box_detour_wall_left,oi_face_rot_wide_mppi,15016,256,16,0,0,1,1,1,112,0.228124,0.0274269,9.90398,0,0.796216,1.30728,0.17568,19.6761,21.4467,458752,0.2154,0.272,0,0.175944,0,1,1
box_detour_wall_left,oi_face_rot_wide_mppi,15023,256,16,0,0,1,1,1,77,0.238356,0.130556,8.46,0,0.84871,1.02598,0.164866,12.6947,13.8277,315392,0.194,0.2049,0,0.165116,0,1,1
box_detour_wall_left,oi_face_rot_wide_mppi,15030,256,16,0,0,1,1,1,106,0.245685,0.047279,7.27388,0,0.962084,1.70356,0.165858,17.5809,19.0163,434176,0.1968,0.229,0,0.166048,0,1,1
box_detour_wall_left,oi_face_rot_wide_mppi,15037,256,16,0,0,1,1,1,76,0.249568,0.0931306,6.86709,0,0.886238,1.36832,0.169737,12.9,13.9611,311296,0.2074,0.2518,0,0.169968,0,1,1
box_detour_wall_left,oi_face_rot_wide_mppi,15044,256,16,0,0,0,1,0,420,1.21053,0.448019,50.5816,0,0.633681,0.542163,0.171811,72.1606,78.8694,1720320,0.2,0.2478,0,0.171947,0,1,0
box_detour_wall_left,oi_face_rot_wide_mppi,15051,256,16,0,0,1,1,1,107,0.216756,0.29031,11.0493,0,0.693743,0.767959,0.169755,18.1638,19.8674,438272,0.2066,0.2403,0,0.169978,0,1,1
box_detour_wall_left,oi_face_rot_wide_mppi,15058,256,16,0,0,1,1,1,115,0.214657,0.0877556,10.1653,0,0.896221,1.39225,0.186199,21.4129,23.4197,471040,0.2143,0.2578,0,0.186457,0,1,1
box_detour_wall_left,oi_face_rot_wide_mppi,15065,256,16,0,0,1,1,1,57,0.22852,0.111339,5.33865,0,0.876823,1.28843,0.17516,9.9841,11.1122,233472,0.2086,0.2185,0,0.175428,0,1,1
box_detour_wall_left,oi_face_rot_wide_mppi,15072,256,16,0,0,1,1,1,137,0.236578,0.203255,12.825,0,0.936055,1.42846,0.166116,22.7579,25.0125,561152,0.2003,0.2217,0,0.16634,0,1,1
box_detour_wall_left,oi_face_rot_wide_mppi,15079,256,16,0,0,1,1,1,100,0.216732,0.0290154,7.28088,0,0.824314,1.17392,0.167809,16.7809,18.2011,409600,0.1935,0.2179,0,0.168034,0,1,1
box_detour_wall_left,oi_face_rot_wide_mppi,15086,256,16,0,0,1,1,1,77,0.206019,0.0511419,6.24214,0,0.853066,1.37919,0.174509,13.4372,14.5362,315392,0.2072,0.2183,0,0.174717,0,1,1
box_detour_wall_left,oi_face_rot_wide_mppi,15093,256,16,0,0,1,1,1,82,0.198213,0.0208253,6.41763,0,0.873883,1.44845,0.173027,14.1882,15.3643,335872,0.2052,0.2131,0,0.173266,0,1,1
box_detour_wall_left,oi_face_rot_wide_mppi,15100,256,16,0,0,1,1,1,113,0.228893,0.0269554,8.40715,0,0.87781,1.43266,0.170766,19.2966,20.9362,462848,0.2045,0.2342,0,0.17098,0,1,1
box_detour_wall_left,oi_face_rot_wide_mppi,15107,256,16,0,0,1,1,1,100,0.222131,0.109697,7.74584,0,0.986851,1.79765,0.168097,16.8097,18.4713,409600,0.2022,0.2076,0,0.168423,0,1,1
box_detour_wall_left,oi_face_rot_wide_mppi,15114,256,16,0,0,1,1,1,98,0.197221,0.182674,8.07341,0,0.782832,1.20752,0.172507,16.9057,18.3205,401408,0.2064,0.2346,0,0.172766,0,1,1
box_detour_wall_left,oi_face_rot_wide_mppi,15121,256,16,0,0,1,1,1,88,0.243067,0.0441327,6.93319,0,0.95867,1.57613,0.172998,15.2238,16.6525,360448,0.2028,0.2058,0,0.173251,0,1,1
box_detour_wall_left,oi_face_rot_wide_mppi,15128,256,16,0,0,1,1,1,90,0.235054,0.0156271,9.07557,0,0.815739,1.03469,0.172067,15.486,16.8022,368640,0.204,0.2409,0,0.172309,0,1,1
box_detour_wall_left,oi_face_rot_wide_mppi,15135,256,16,0,0,1,1,1,111,0.167937,0.102236,9.58049,0,1.03094,2.06346,0.170723,18.9503,20.3774,454656,0.2049,0.2233,0,0.170906,0,1,1
box_detour_wall_left,oi_face_rot_wide_mppi,15142,256,16,0,0,1,1,1,74,0.200661,0.0629782,5.76617,0,0.892902,1.51943,0.176255,13.0429,14.3639,303104,0.2086,0.2472,0,0.17657,0,1,1
box_detour_wall_left,oi_face_rot_wide_mppi,15149,256,16,0,0,1,1,1,146,0.229704,0.119435,9.52494,0,0.898934,1.79315,0.167637,24.475,26.8715,598016,0.1984,0.2181,0,0.167862,0,1,1
