scenario,planner,seed,k_samples,t_horizon,grad_steps,alpha,reached_goal,collision_free,success,steps,final_distance,min_goal_distance,cumulative_cost,collisions,mean_control_delta,control_roughness,avg_control_ms,total_control_ms,episode_ms,sample_budget,p95_control_ms,max_control_ms,control_deadline_ms,avg_control_slot_ms,deadline_misses,deadline_feasible,real_time_success
box_detour_open,oi_face_rot_pstall_mppi,14256,256,16,0,0,1,1,1,187,0.249152,0.145876,10.2496,0,1.12757,2.59042,0.165941,31.0309,33.9073,765952,0.1893,0.212,0,0.16612,0,1,1
box_detour_open,oi_face_rot_pstall_mppi,14263,256,16,0,0,1,1,1,185,0.233169,0.13513,10.7484,0,1.09603,2.41112,0.16669,30.8377,33.6857,757760,0.1904,0.2387,0,0.166942,0,1,1
box_detour_open,oi_face_rot_pstall_mppi,14270,256,16,0,0,1,1,1,179,0.244505,0.0908083,9.79612,0,1.05803,2.26878,0.162477,29.0833,31.597,733184,0.1865,0.2058,0,0.162638,0,1,1
box_detour_open,oi_face_rot_pstall_mppi,14277,256,16,0,0,1,1,1,184,0.243802,0.129992,10.8734,0,1.09608,2.29927,0.163289,30.0452,32.635,753664,0.1763,0.2011,0,0.163445,0,1,1
box_detour_open,oi_face_rot_pstall_mppi,14284,256,16,0,0,1,1,1,181,0.245715,0.15089,9.96779,0,1.1679,2.76534,0.160413,29.0348,31.4292,741376,0.1823,0.2152,0,0.160571,0,1,1
box_detour_open,oi_face_rot_pstall_mppi,14291,256,16,0,0,1,1,1,181,0.247896,0.148183,10.5682,0,1.11389,2.52745,0.158371,28.6651,31.1104,741376,0.1731,0.1912,0,0.158522,0,1,1
box_detour_open,oi_face_rot_pstall_mppi,14298,256,16,0,0,1,1,1,171,0.236149,0.156292,9.47561,0,1.11103,2.47351,0.161317,27.5852,30.2108,700416,0.1916,0.2059,0,0.161521,0,1,1
box_detour_open,oi_face_rot_pstall_mppi,14305,256,16,0,0,1,1,1,190,0.24161,0.105601,10.6775,0,1.08391,2.34801,0.158539,30.1224,32.5106,778240,0.1723,0.1848,0,0.158696,0,1,1
box_detour_open,oi_face_rot_pstall_mppi,14312,256,16,0,0,1,1,1,181,0.247857,0.159941,9.8836,0,1.04237,2.32441,0.137788,24.9396,27.4224,741376,0.1706,0.2002,0,0.138006,0,1,1
box_detour_open,oi_face_rot_pstall_mppi,14319,256,16,0,0,1,1,1,182,0.246925,0.133954,10.8805,0,1.19149,2.75952,0.135893,24.7325,27.2967,745472,0.1623,0.2358,0,0.13606,0,1,1
box_detour_open,oi_face_rot_pstall_mppi,14326,256,16,0,0,1,1,1,187,0.241437,0.146237,10.7459,0,1.06161,2.30796,0.140776,26.3251,29.2192,765952,0.1635,0.3974,0,0.140968,0,1,1
box_detour_open,oi_face_rot_pstall_mppi,14333,256,16,0,0,1,1,1,187,0.242205,0.15761,10.7275,0,1.12177,2.72913,0.133643,24.9912,27.2444,765952,0.148,0.1711,0,0.133803,0,1,1
box_detour_open,oi_face_rot_pstall_mppi,14340,256,16,0,0,1,1,1,189,0.24125,0.137086,11.1925,0,1.10308,2.41801,0.138,26.082,28.6858,774144,0.1615,0.1802,0,0.138132,0,1,1
box_detour_open,oi_face_rot_pstall_mppi,14347,256,16,0,0,1,1,1,214,0.247999,0.148908,11.5872,0,1.16346,2.69121,0.135765,29.0537,31.9671,876544,0.1587,0.1661,0,0.135926,0,1,1
box_detour_open,oi_face_rot_pstall_mppi,14354,256,16,0,0,1,1,1,183,0.244068,0.141979,10.719,0,0.995415,1.98283,0.136087,24.904,27.5044,749568,0.1585,0.1831,0,0.136258,0,1,1
box_detour_open,oi_face_rot_pstall_mppi,14361,256,16,0,0,1,1,1,190,0.247889,0.138556,10.9535,0,1.08692,2.38127,0.132237,25.1251,27.3478,778240,0.1454,0.1576,0,0.132383,0,1,1
box_detour_open,oi_face_rot_pstall_mppi,14368,256,16,0,0,1,1,1,186,0.232192,0.14132,11.1548,0,1.1468,2.42014,0.131377,24.4362,26.6959,761856,0.1447,0.1587,0,0.131521,0,1,1
box_detour_open,oi_face_rot_pstall_mppi,14375,256,16,0,0,1,1,1,188,0.247452,0.161501,10.6914,0,1.05261,2.44501,0.136969,25.7502,28.2882,770048,0.163,0.1995,0,0.137152,0,1,1
box_detour_open,oi_face_rot_pstall_mppi,14382,256,16,0,0,1,1,1,187,0.229905,0.129426,10.6916,0,1.13652,2.57432,0.130573,24.4172,26.6197,765952,0.1453,0.1572,0,0.130698,0,1,1
box_detour_open,oi_face_rot_pstall_mppi,14389,256,16,0,0,1,1,1,183,0.248934,0.136938,10.5377,0,1.00191,2.15332,0.134995,24.7041,27.2786,749568,0.154,0.201,0,0.135155,0,1,1
box_detour_open,oi_face_rot_pstall_mppi,14396,256,16,0,0,1,1,1,168,0.231855,0.129013,10.0645,0,1.06585,2.21053,0.134396,22.5786,24.5539,688128,0.1447,0.1551,0,0.134561,0,1,1
box_detour_open,oi_face_rot_pstall_mppi,14403,256,16,0,0,1,1,1,187,0.243573,0.160496,10.6404,0,1.10398,2.58377,0.134109,25.0784,27.6954,765952,0.1479,0.1773,0,0.134339,0,1,1
box_detour_open,oi_face_rot_pstall_mppi,14410,256,16,0,0,1,1,1,203,0.235169,0.150556,11.4424,0,1.18518,2.65872,0.135182,27.4419,30.3856,831488,0.1533,0.2268,0,0.13535,0,1,1
box_detour_open,oi_face_rot_pstall_mppi,14417,256,16,0,0,1,1,1,179,0.244728,0.144789,10.2945,0,1.01949,2.13398,0.130733,23.4012,25.5851,733184,0.1463,0.1881,0,0.130886,0,1,1
box_detour_open,oi_face_rot_pstall_mppi,14424,256,16,0,0,1,1,1,224,0.244668,0.110717,12.3161,0,1.03389,2.01748,0.13346,29.8951,32.9361,917504,0.1506,0.1923,0,0.13361,0,1,1
box_detour_open,oi_face_rot_pstall_mppi,14431,256,16,0,0,1,1,1,184,0.245089,0.133424,10.7153,0,1.06675,2.31573,0.132846,24.4437,27.0117,753664,0.146,0.1808,0,0.132996,0,1,1
box_detour_open,oi_face_rot_pstall_mppi,14438,256,16,0,0,1,1,1,186,0.24102,0.145204,10.777,0,1.03433,2.20005,0.131245,24.4116,26.9117,761856,0.147,0.1701,0,0.131394,0,1,1
box_detour_open,oi_face_rot_pstall_mppi,14445,256,16,0,0,1,1,1,194,0.233685,0.15386,10.316,0,1.07448,2.31066,0.130178,25.2546,27.5779,794624,0.1469,0.1727,0,0.130318,0,1,1
box_detour_open,oi_face_rot_pstall_mppi,14452,256,16,0,0,1,1,1,174,0.24741,0.152206,10.2899,0,1.04127,2.14483,0.133494,23.2279,25.3962,712704,0.1595,0.1763,0,0.133626,0,1,1
box_detour_open,oi_face_rot_pstall_mppi,14459,256,16,0,0,1,1,1,185,0.248037,0.154287,10.8505,0,1.08575,2.51947,0.141811,26.2351,29.5397,757760,0.1689,0.1887,0,0.142016,0,1,1
box_detour_open,oi_face_rot_pstall_mppi,14466,256,16,0,0,1,1,1,183,0.237933,0.137827,11.1457,0,1.06165,2.42355,0.198454,36.317,42.9912,749568,0.342,0.4917,0,0.198685,0,1,1
box_detour_open,oi_face_rot_pstall_mppi,14473,256,16,0,0,1,1,1,180,0.245654,0.139573,10.2355,0,1.08306,2.36901,0.141262,25.4271,28.387,737280,0.173,0.2319,0,0.141471,0,1,1
box_detour_open,oi_face_rot_pstall_mppi,14480,256,16,0,0,1,1,1,174,0.249137,0.11781,10.0277,0,1.00241,2.03861,0.135083,23.5044,25.9379,712704,0.161,0.1846,0,0.135227,0,1,1
box_detour_open,oi_face_rot_pstall_mppi,14487,256,16,0,0,1,1,1,195,0.240488,0.141059,10.8342,0,1.07617,2.40475,0.134189,26.1669,29.6538,798720,0.1584,0.1909,0,0.134371,0,1,1
box_detour_open,oi_face_rot_pstall_mppi,14494,256,16,0,0,1,1,1,190,0.233428,0.168769,10.5136,0,0.986516,1.92234,0.132749,25.2223,28.0403,778240,0.1668,0.1995,0,0.132904,0,1,1
box_detour_open,oi_face_rot_pstall_mppi,14501,256,16,0,0,1,1,1,188,0.244855,0.114466,10.8119,0,1.12497,2.59586,0.138295,25.9995,28.671,770048,0.1614,0.2011,0,0.138446,0,1,1
box_detour_open,oi_face_rot_pstall_mppi,14508,256,16,0,0,1,1,1,178,0.242477,0.151226,11.0215,0,1.00441,2.06306,0.132178,23.5276,25.7692,729088,0.142,0.186,0,0.13236,0,1,1
box_detour_open,oi_face_rot_pstall_mppi,14515,256,16,0,0,1,1,1,201,0.240497,0.114536,11.3097,0,1.15062,2.65778,0.134294,26.9932,29.3156,823296,0.1428,0.1737,0,0.13443,0,1,1
box_detour_open,oi_face_rot_pstall_mppi,14522,256,16,0,0,1,1,1,183,0.237788,0.148684,10.8497,0,1.10401,2.51473,0.133692,24.4657,26.7215,749568,0.1519,0.1647,0,0.133839,0,1,1
box_detour_open,oi_face_rot_pstall_mppi,14529,256,16,0,0,1,1,1,189,0.235219,0.162331,10.7663,0,1.05053,2.14048,0.132043,24.9562,27.3772,774144,0.1549,0.1795,0,0.132187,0,1,1
box_detour_open,oi_face_rot_pstall_mppi,14536,256,16,0,0,1,1,1,205,0.240363,0.163588,11.4648,0,1.1511,2.74941,0.131176,26.8911,29.4481,839680,0.1458,0.1739,0,0.131305,0,1,1
box_detour_open,oi_face_rot_pstall_mppi,14543,256,16,0,0,1,1,1,196,0.247737,0.106651,11.029,0,1.1523,2.68452,0.133888,26.242,28.8695,802816,0.1573,0.2252,0,0.134069,0,1,1
box_detour_open,oi_face_rot_pstall_mppi,14550,256,16,0,0,1,1,1,200,0.24988,0.155451,10.7027,0,1.14226,2.67799,0.137624,27.5248,30.6645,819200,0.1642,0.2047,0,0.137813,0,1,1
box_detour_open,oi_face_rot_pstall_mppi,14557,256,16,0,0,1,1,1,170,0.243831,0.141889,10.1197,0,1.06901,2.29777,0.135481,23.0318,25.7102,696320,0.1617,0.1974,0,0.135706,0,1,1
box_detour_open,oi_face_rot_pstall_mppi,14564,256,16,0,0,1,1,1,175,0.24462,0.133176,10.4626,0,1.15359,2.5146,0.14251,24.9393,27.8168,716800,0.1737,0.3011,0,0.142744,0,1,1
box_detour_open,oi_face_rot_pstall_mppi,14571,256,16,0,0,1,1,1,197,0.239157,0.158462,11.2842,0,1.0826,2.32319,0.130736,25.7549,28.2266,806912,0.1444,0.1723,0,0.130886,0,1,1
box_detour_open,oi_face_rot_pstall_mppi,14578,256,16,0,0,1,1,1,180,0.247408,0.16828,10.1875,0,1.05922,2.22125,0.131819,23.7274,26.1118,737280,0.1486,0.1792,0,0.13199,0,1,1
box_detour_open,oi_face_rot_pstall_mppi,14585,256,16,0,0,1,1,1,186,0.248935,0.15521,10.4379,0,1.0815,2.40979,0.137582,25.5902,28.5589,761856,0.1626,0.215,0,0.137745,0,1,1
box_detour_open,oi_face_rot_pstall_mppi,14592,256,16,0,0,1,1,1,185,0.231471,0.155886,10.5551,0,1.15893,2.71726,0.13697,25.3395,28.4546,757760,0.1647,0.2051,0,0.137125,0,1,1
box_detour_open,oi_face_rot_pstall_mppi,14599,256,16,0,0,1,1,1,181,0.249672,0.169799,10.408,0,1.01784,2.1668,0.132032,23.8978,26.2097,741376,0.1462,0.1654,0,0.132188,0,1,1
box_detour_open,oi_face_rot_pstall_mppi,14606,256,16,0,0,1,1,1,182,0.249001,0.142365,10.8358,0,1.18431,2.81217,0.137722,25.0654,27.9345,745472,0.1632,0.2083,0,0.137877,0,1,1
box_detour_open,oi_face_rot_pstall_mppi,14613,256,16,0,0,1,1,1,187,0.24954,0.14039,11.2953,0,1.08492,2.38223,0.135683,25.3728,27.8696,765952,0.1591,0.1728,0,0.135835,0,1,1
box_detour_open,oi_face_rot_pstall_mppi,14620,256,16,0,0,1,1,1,185,0.249824,0.155291,10.921,0,1.06614,2.25794,0.130188,24.0848,26.3327,757760,0.145,0.1574,0,0.130332,0,1,1
box_detour_open,oi_face_rot_pstall_mppi,14627,256,16,0,0,1,1,1,184,0.233481,0.140178,10.6673,0,1.11948,2.52094,0.135596,24.9497,27.226,753664,0.1541,0.1811,0,0.135766,0,1,1
box_detour_open,oi_face_rot_pstall_mppi,14634,256,16,0,0,1,1,1,183,0.240671,0.146243,10.6197,0,1.01775,2.2096,0.135128,24.7285,27.3944,749568,0.1645,0.1783,0,0.13532,0,1,1
box_detour_open,oi_face_rot_pstall_mppi,14641,256,16,0,0,1,1,1,183,0.232081,0.125255,9.72225,0,1.1007,2.52753,0.141966,25.9798,28.6257,749568,0.1618,0.81,0,0.142116,0,1,1
box_detour_open,oi_face_rot_pstall_mppi,14648,256,16,0,0,1,1,1,184,0.238199,0.162325,10.1217,0,1.10876,2.4387,0.144932,26.6675,30.4322,753664,0.1715,0.2293,0,0.14517,0,1,1
box_detour_open,oi_face_rot_pstall_mppi,14655,256,16,0,0,1,1,1,192,0.232618,0.161613,10.6906,0,1.07647,2.3733,0.191477,36.7636,43.6186,786432,0.2969,0.3809,0,0.191729,0,1,1
box_detour_open,oi_face_rot_pstall_mppi,14662,256,16,0,0,1,1,1,180,0.249097,0.134237,9.79065,0,1.05129,2.373,0.163708,29.4675,34.0204,737280,0.2372,0.2957,0,0.163867,0,1,1
box_detour_open,oi_face_rot_pstall_mppi,14669,256,16,0,0,1,1,1,183,0.248025,0.166532,10.6175,0,1.04015,2.32689,0.141639,25.92,29.3407,749568,0.1706,0.2192,0,0.141856,0,1,1
box_detour_open,oi_face_rot_pstall_mppi,14676,256,16,0,0,1,1,1,190,0.239305,0.138071,10.194,0,1.05199,2.31947,0.145572,27.6587,31.7418,778240,0.1766,0.2109,0,0.145782,0,1,1
box_detour_open,oi_face_rot_pstall_mppi,14683,256,16,0,0,1,1,1,185,0.23614,0.129026,11.1998,0,1.04845,2.25097,0.135392,25.0476,27.8102,757760,0.1572,0.1711,0,0.135555,0,1,1
box_detour_open,oi_face_rot_pstall_mppi,14690,256,16,0,0,1,1,1,196,0.244808,0.153239,11.1311,0,1.16503,2.74431,0.139756,27.3921,30.8751,802816,0.1622,0.2091,0,0.139946,0,1,1
box_detour_open,oi_face_rot_pstall_mppi,14697,256,16,0,0,1,1,1,206,0.249672,0.0963321,11.5909,0,0.952656,1.75987,0.135481,27.909,31.1405,843776,0.1621,0.2089,0,0.135648,0,1,1
box_detour_open,oi_face_rot_pstall_mppi,14704,256,16,0,0,1,1,1,191,0.236189,0.152958,10.1298,0,1.09422,2.44826,0.143524,27.413,31.057,782336,0.161,0.2092,0,0.143757,0,1,1
box_detour_open,oi_face_rot_pstall_mppi,14711,256,16,0,0,1,1,1,193,0.236181,0.150263,10.7795,0,1.11203,2.46909,0.13071,25.2271,27.8015,790528,0.1481,0.1738,0,0.130853,0,1,1
box_detour_open,oi_face_rot_pstall_mppi,14718,256,16,0,0,1,1,1,186,0.239896,0.136024,10.4443,0,1.0843,2.35853,0.143561,26.7024,30.7027,761856,0.1689,0.2215,0,0.143783,0,1,1
box_detour_open,oi_face_rot_pstall_mppi,14725,256,16,0,0,1,1,1,185,0.240835,0.153713,10.6708,0,1.0716,2.23882,0.139949,25.8905,29.0293,757760,0.1683,0.2045,0,0.140161,0,1,1
box_detour_open,oi_face_rot_pstall_mppi,14732,256,16,0,0,1,1,1,190,0.248551,0.149297,10.9652,0,1.032,2.20368,0.135246,25.6967,28.1773,778240,0.1523,0.1695,0,0.135392,0,1,1
box_detour_open,oi_face_rot_pstall_mppi,14739,256,16,0,0,1,1,1,204,0.245721,0.141735,11.4181,0,1.11837,2.59582,0.1392,28.3968,31.6252,835584,0.1646,0.1737,0,0.139351,0,1,1
box_detour_open,oi_face_rot_pstall_mppi,14746,256,16,0,0,1,1,1,187,0.244314,0.104784,10.4458,0,1.07789,2.37818,0.137262,25.6679,28.5306,765952,0.1561,0.1835,0,0.137441,0,1,1
box_detour_open,oi_face_rot_pstall_mppi,14753,256,16,0,0,1,1,1,180,0.239373,0.149051,10.1866,0,1.1331,2.55158,0.139371,25.0867,28.043,737280,0.1651,0.19,0,0.139563,0,1,1
box_detour_open,oi_face_rot_pstall_mppi,14760,256,16,0,0,1,1,1,185,0.238993,0.13974,11.2099,0,1.01397,2.15186,0.166409,30.7857,35.6978,757760,0.2453,0.3177,0,0.166586,0,1,1
box_detour_open,oi_face_rot_pstall_mppi,14767,256,16,0,0,1,1,1,172,0.241152,0.14708,10.4503,0,1.15634,2.64322,0.14016,24.1075,27.1164,704512,0.1721,0.2052,0,0.140365,0,1,1
box_detour_open,oi_face_rot_pstall_mppi,14774,256,16,0,0,1,1,1,194,0.24087,0.155269,11.323,0,1.05941,2.29416,0.136627,26.5056,29.0909,794624,0.1583,0.1989,0,0.136773,0,1,1
box_detour_open,oi_face_rot_pstall_mppi,14781,256,16,0,0,1,1,1,201,0.248365,0.137104,11.687,0,1.08148,2.42848,0.131587,26.4489,29.3579,823296,0.15,0.1646,0,0.131824,0,1,1
box_detour_open,oi_face_rot_pstall_mppi,14788,256,16,0,0,1,1,1,184,0.230211,0.157576,10.4258,0,1.06543,2.38817,0.131258,24.1514,26.3689,753664,0.1468,0.2665,0,0.131384,0,1,1
box_detour_open,oi_face_rot_pstall_mppi,14795,256,16,0,0,1,1,1,182,0.248907,0.14271,10.289,0,1.03631,2.17889,0.133411,24.2809,27.0189,745472,0.1497,0.1654,0,0.133579,0,1,1
box_detour_open,oi_face_rot_pstall_mppi,14802,256,16,0,0,1,1,1,190,0.239035,0.149882,11.0516,0,1.07037,2.26306,0.133831,25.4279,27.7,778240,0.1514,0.5713,0,0.133976,0,1,1
box_detour_open,oi_face_rot_pstall_mppi,14809,256,16,0,0,1,1,1,168,0.245148,0.131873,9.66746,0,1.1001,2.52415,0.130932,21.9966,23.9355,688128,0.1472,0.1611,0,0.131072,0,1,1
box_detour_open,oi_face_rot_pstall_mppi,14816,256,16,0,0,1,1,1,192,0.243407,0.130783,10.8305,0,1.03218,2.28799,0.129316,24.8286,27.0906,786432,0.1479,0.1671,0,0.12945,0,1,1
box_detour_open,oi_face_rot_pstall_mppi,14823,256,16,0,0,1,1,1,173,0.248424,0.157954,10.2889,0,1.14206,2.54462,0.134975,23.3506,25.7693,708608,0.1572,0.1769,0,0.135153,0,1,1
box_detour_open,oi_face_rot_pstall_mppi,14830,256,16,0,0,1,1,1,178,0.230001,0.155769,10.1278,0,0.992403,2.10272,0.132884,23.6534,25.9915,729088,0.1505,0.1969,0,0.133033,0,1,1
box_detour_open,oi_face_rot_pstall_mppi,14837,256,16,0,0,1,1,1,198,0.242034,0.133192,11.0814,0,1.11593,2.55075,0.129446,25.6304,27.9032,811008,0.148,0.1572,0,0.129575,0,1,1
box_detour_open,oi_face_rot_pstall_mppi,14844,256,16,0,0,1,1,1,187,0.233222,0.152209,10.5813,0,1.06873,2.4209,0.130244,24.3556,26.5213,765952,0.1479,0.1685,0,0.130371,0,1,1
box_detour_open,oi_face_rot_pstall_mppi,14851,256,16,0,0,1,1,1,171,0.236401,0.155185,9.99204,0,0.997808,2.08476,0.133711,22.8646,25.0302,700416,0.1511,0.1651,0,0.133837,0,1,1
box_detour_open,oi_face_rot_pstall_mppi,14858,256,16,0,0,1,1,1,194,0.241106,0.143076,10.6608,0,1.07983,2.19643,0.133148,25.8308,28.589,794624,0.162,0.201,0,0.133327,0,1,1
box_detour_open,oi_face_rot_pstall_mppi,14865,256,16,0,0,1,1,1,182,0.240105,0.166604,10.3455,0,1.04582,2.25981,0.132116,24.0451,26.4076,745472,0.1526,0.1755,0,0.132259,0,1,1
box_detour_open,oi_face_rot_pstall_mppi,14872,256,16,0,0,1,1,1,195,0.24215,0.136825,11.6455,0,1.09605,2.40773,0.132004,25.7408,28.0213,798720,0.1482,0.1809,0,0.13213,0,1,1
box_detour_open,oi_face_rot_pstall_mppi,14879,256,16,0,0,1,1,1,184,0.231479,0.153462,10.7026,0,1.03193,2.30125,0.136896,25.1889,28.0841,753664,0.1606,0.177,0,0.137054,0,1,1
box_detour_open,oi_face_rot_pstall_mppi,14886,256,16,0,0,1,1,1,193,0.233088,0.126693,11.1747,0,1.06177,2.22965,0.130982,25.2796,27.6934,790528,0.1481,0.1771,0,0.131121,0,1,1
box_detour_open,oi_face_rot_pstall_mppi,14893,256,16,0,0,1,1,1,190,0.242863,0.15128,11.3188,0,1.09184,2.49325,0.129456,24.5967,26.7509,778240,0.1449,0.1701,0,0.129593,0,1,1
box_detour_open,oi_face_rot_pstall_mppi,14900,256,16,0,0,1,1,1,183,0.249396,0.129755,10.2237,0,1.0471,2.25574,0.131564,24.0763,26.5297,749568,0.1494,0.1906,0,0.131716,0,1,1
box_detour_open,oi_face_rot_pstall_mppi,14907,256,16,0,0,1,1,1,180,0.238329,0.140774,10.2262,0,1.13885,2.58326,0.133273,23.9891,26.5638,737280,0.1487,0.1738,0,0.133479,0,1,1
box_detour_open,oi_face_rot_pstall_mppi,14914,256,16,0,0,1,1,1,188,0.245641,0.13678,10.258,0,1.0543,2.28577,0.129174,24.2847,26.5979,770048,0.1465,0.1627,0,0.129315,0,1,1
box_detour_open,oi_face_rot_pstall_mppi,14921,256,16,0,0,1,1,1,175,0.24127,0.10923,9.85682,0,1.06286,2.48192,0.128532,22.4931,24.4436,716800,0.1418,0.1605,0,0.128685,0,1,1
box_detour_open,oi_face_rot_pstall_mppi,14928,256,16,0,0,1,1,1,183,0.24724,0.151357,10.7534,0,1.04887,2.19528,0.131891,24.1361,26.6509,749568,0.1448,0.1907,0,0.132032,0,1,1
box_detour_open,oi_face_rot_pstall_mppi,14935,256,16,0,0,1,1,1,176,0.241795,0.141855,10.6434,0,1.05682,2.288,0.132557,23.33,25.8252,720896,0.1532,0.1644,0,0.132696,0,1,1
box_detour_open,oi_face_rot_pstall_mppi,14942,256,16,0,0,1,1,1,184,0.244027,0.167274,10.4304,0,1.00454,2.02223,0.134733,24.7909,27.3335,753664,0.1549,0.1937,0,0.134911,0,1,1
box_detour_open,oi_face_rot_pstall_mppi,14949,256,16,0,0,1,1,1,203,0.238878,0.141149,11.3139,0,1.16876,2.69854,0.12938,26.2641,29.2828,831488,0.1469,0.1702,0,0.129493,0,1,1
box_detour_open,oi_face_rot_stall_mppi,14256,256,16,0,0,1,1,1,187,0.249152,0.145876,10.2496,0,1.12757,2.59042,0.130911,24.4804,26.6795,765952,0.1466,0.171,0,0.131042,0,1,1
box_detour_open,oi_face_rot_stall_mppi,14263,256,16,0,0,1,1,1,185,0.233169,0.13513,10.7484,0,1.09603,2.41112,0.133408,24.6805,27.4643,757760,0.1523,0.2487,0,0.133589,0,1,1
box_detour_open,oi_face_rot_stall_mppi,14270,256,16,0,0,1,1,1,179,0.244505,0.0908083,9.79612,0,1.05803,2.26878,0.146242,26.1773,29.0945,733184,0.1647,0.1786,0,0.146444,0,1,1
box_detour_open,oi_face_rot_stall_mppi,14277,256,16,0,0,1,1,1,184,0.243802,0.129992,10.8734,0,1.09608,2.29927,0.136111,25.0445,27.5276,753664,0.1528,0.2353,0,0.136279,0,1,1
box_detour_open,oi_face_rot_stall_mppi,14284,256,16,0,0,1,1,1,181,0.245715,0.15089,9.96779,0,1.1679,2.76534,0.133191,24.1075,26.6033,741376,0.1624,0.1942,0,0.133363,0,1,1
box_detour_open,oi_face_rot_stall_mppi,14291,256,16,0,0,1,1,1,181,0.247896,0.148183,10.5682,0,1.11389,2.52745,0.133743,24.2075,26.7829,741376,0.1495,0.1754,0,0.133914,0,1,1
box_detour_open,oi_face_rot_stall_mppi,14298,256,16,0,0,1,1,1,171,0.236149,0.156292,9.47561,0,1.11103,2.47351,0.133825,22.8841,25.2219,700416,0.1511,0.165,0,0.134009,0,1,1
box_detour_open,oi_face_rot_stall_mppi,14305,256,16,0,0,1,1,1,190,0.24161,0.105601,10.6775,0,1.08391,2.34801,0.137034,26.0364,28.6578,778240,0.1495,0.1829,0,0.137205,0,1,1
box_detour_open,oi_face_rot_stall_mppi,14312,256,16,0,0,1,1,1,181,0.247857,0.159941,9.8836,0,1.04237,2.32441,0.138328,25.0374,27.9854,741376,0.1762,0.2078,0,0.138508,0,1,1
box_detour_open,oi_face_rot_stall_mppi,14319,256,16,0,0,1,1,1,182,0.246925,0.133954,10.8805,0,1.19149,2.75952,0.14334,26.0878,29.4676,745472,0.1663,0.22,0,0.143569,0,1,1
box_detour_open,oi_face_rot_stall_mppi,14326,256,16,0,0,1,1,1,187,0.241437,0.146237,10.7459,0,1.06161,2.30796,0.134955,25.2366,28.0983,765952,0.1613,0.1948,0,0.135136,0,1,1
box_detour_open,oi_face_rot_stall_mppi,14333,256,16,0,0,1,1,1,187,0.242205,0.15761,10.7275,0,1.12177,2.72913,0.143231,26.7842,29.7995,765952,0.2349,0.3707,0,0.143409,0,1,1
box_detour_open,oi_face_rot_stall_mppi,14340,256,16,0,0,1,1,1,189,0.24125,0.137086,11.1925,0,1.10308,2.41801,0.137837,26.0511,28.954,774144,0.1601,0.1846,0,0.138021,0,1,1
box_detour_open,oi_face_rot_stall_mppi,14347,256,16,0,0,1,1,1,214,0.247999,0.148908,11.5872,0,1.16346,2.69121,0.129183,27.6452,30.1907,876544,0.1474,0.1627,0,0.129325,0,1,1
box_detour_open,oi_face_rot_stall_mppi,14354,256,16,0,0,1,1,1,183,0.244068,0.141979,10.719,0,0.995415,1.98283,0.128804,23.5712,25.6583,749568,0.1482,0.1674,0,0.128951,0,1,1
box_detour_open,oi_face_rot_stall_mppi,14361,256,16,0,0,1,1,1,190,0.247889,0.138556,10.9535,0,1.08692,2.38127,0.127661,24.2556,26.5266,778240,0.146,0.1502,0,0.127795,0,1,1
box_detour_open,oi_face_rot_stall_mppi,14368,256,16,0,0,1,1,1,186,0.232192,0.14132,11.1548,0,1.1468,2.42014,0.131566,24.4712,26.6172,761856,0.1488,0.1811,0,0.131695,0,1,1
box_detour_open,oi_face_rot_stall_mppi,14375,256,16,0,0,1,1,1,188,0.247452,0.161501,10.6914,0,1.05261,2.44501,0.136741,25.7073,28.5454,770048,0.1619,0.1849,0,0.136937,0,1,1
box_detour_open,oi_face_rot_stall_mppi,14382,256,16,0,0,1,1,1,187,0.229905,0.129426,10.6916,0,1.13652,2.57432,0.148913,27.8467,31.573,765952,0.2232,0.2992,0,0.149079,0,1,1
box_detour_open,oi_face_rot_stall_mppi,14389,256,16,0,0,1,1,1,183,0.248934,0.136938,10.5377,0,1.00191,2.15332,0.131317,24.031,26.1218,749568,0.1486,0.1631,0,0.131457,0,1,1
box_detour_open,oi_face_rot_stall_mppi,14396,256,16,0,0,1,1,1,168,0.231855,0.129013,10.0645,0,1.06585,2.21053,0.135207,22.7148,25.2076,688128,0.165,0.1846,0,0.135417,0,1,1
box_detour_open,oi_face_rot_stall_mppi,14403,256,16,0,0,1,1,1,187,0.243573,0.160496,10.6404,0,1.10398,2.58377,0.135572,25.3519,28.1102,765952,0.1643,0.1801,0,0.135767,0,1,1
box_detour_open,oi_face_rot_stall_mppi,14410,256,16,0,0,1,1,1,203,0.235169,0.150556,11.4424,0,1.18518,2.65872,0.131235,26.6407,29.1986,831488,0.1473,0.172,0,0.131393,0,1,1
box_detour_open,oi_face_rot_stall_mppi,14417,256,16,0,0,1,1,1,179,0.244728,0.144789,10.2945,0,1.01949,2.13398,0.131418,23.5239,25.5307,733184,0.1473,0.1602,0,0.13155,0,1,1
box_detour_open,oi_face_rot_stall_mppi,14424,256,16,0,0,1,1,1,224,0.244668,0.110717,12.3161,0,1.03389,2.01748,0.132044,29.5779,32.6188,917504,0.1495,0.2137,0,0.132205,0,1,1
box_detour_open,oi_face_rot_stall_mppi,14431,256,16,0,0,1,1,1,184,0.245089,0.133424,10.7153,0,1.06675,2.31573,0.138437,25.4724,28.3152,753664,0.1716,0.2721,0,0.138713,0,1,1
box_detour_open,oi_face_rot_stall_mppi,14438,256,16,0,0,1,1,1,186,0.24102,0.145204,10.777,0,1.03433,2.20005,0.135087,25.1261,28.5075,761856,0.1626,0.1834,0,0.135296,0,1,1
box_detour_open,oi_face_rot_stall_mppi,14445,256,16,0,0,1,1,1,194,0.233685,0.15386,10.316,0,1.07448,2.31066,0.134083,26.0122,29.3291,794624,0.1616,0.181,0,0.134293,0,1,1
box_detour_open,oi_face_rot_stall_mppi,14452,256,16,0,0,1,1,1,174,0.24741,0.152206,10.2899,0,1.04127,2.14483,0.149461,26.0062,29.5814,712704,0.1921,0.2522,0,0.149733,0,1,1
box_detour_open,oi_face_rot_stall_mppi,14459,256,16,0,0,1,1,1,185,0.248037,0.154287,10.8505,0,1.08575,2.51947,0.132192,24.4555,27.3875,757760,0.159,0.1733,0,0.132383,0,1,1
box_detour_open,oi_face_rot_stall_mppi,14466,256,16,0,0,1,1,1,183,0.237933,0.137827,11.1457,0,1.06165,2.42355,0.142013,25.9884,29.4491,749568,0.1927,0.2614,0,0.142214,0,1,1
box_detour_open,oi_face_rot_stall_mppi,14473,256,16,0,0,1,1,1,180,0.245654,0.139573,10.2355,0,1.08306,2.36901,0.160268,28.8483,33.5719,737280,0.232,0.3194,0,0.160535,0,1,1
box_detour_open,oi_face_rot_stall_mppi,14480,256,16,0,0,1,1,1,174,0.249137,0.11781,10.0277,0,1.00241,2.03861,0.145988,25.4019,29.0541,712704,0.1808,0.2641,0,0.146239,0,1,1
box_detour_open,oi_face_rot_stall_mppi,14487,256,16,0,0,1,1,1,195,0.240488,0.141059,10.8342,0,1.07617,2.40475,0.138319,26.9722,30.3083,798720,0.1671,0.1836,0,0.138518,0,1,1
box_detour_open,oi_face_rot_stall_mppi,14494,256,16,0,0,1,1,1,190,0.233428,0.168769,10.5136,0,0.986516,1.92234,0.156254,29.6883,34.1787,778240,0.1989,0.3795,0,0.156482,0,1,1
box_detour_open,oi_face_rot_stall_mppi,14501,256,16,0,0,1,1,1,188,0.244855,0.114466,10.8119,0,1.12497,2.59586,0.148382,27.8959,31.8759,770048,0.179,0.2179,0,0.148697,0,1,1
box_detour_open,oi_face_rot_stall_mppi,14508,256,16,0,0,1,1,1,178,0.242477,0.151226,11.0215,0,1.00441,2.06306,0.141926,25.2629,28.924,729088,0.163,0.1882,0,0.142155,0,1,1
box_detour_open,oi_face_rot_stall_mppi,14515,256,16,0,0,1,1,1,201,0.240497,0.114536,11.3097,0,1.15062,2.65778,0.152422,30.6369,35.2939,823296,0.1823,0.2457,0,0.152681,0,1,1
box_detour_open,oi_face_rot_stall_mppi,14522,256,16,0,0,1,1,1,183,0.237788,0.148684,10.8497,0,1.10401,2.51473,0.158468,28.9996,33.2888,749568,0.2018,0.8525,0,0.158728,0,1,1
box_detour_open,oi_face_rot_stall_mppi,14529,256,16,0,0,1,1,1,189,0.235219,0.162331,10.7663,0,1.05053,2.14048,0.151099,28.5577,32.7146,774144,0.1991,0.2222,0,0.151352,0,1,1
box_detour_open,oi_face_rot_stall_mppi,14536,256,16,0,0,1,1,1,205,0.240363,0.163588,11.4648,0,1.1511,2.74941,0.143941,29.5079,33.4723,839680,0.1854,0.256,0,0.144136,0,1,1
box_detour_open,oi_face_rot_stall_mppi,14543,256,16,0,0,1,1,1,196,0.247737,0.106651,11.029,0,1.1523,2.68452,0.149847,29.37,33.7528,802816,0.1907,0.2568,0,0.150155,0,1,1
box_detour_open,oi_face_rot_stall_mppi,14550,256,16,0,0,1,1,1,200,0.24988,0.155451,10.7027,0,1.14226,2.67799,0.164245,32.849,38.5732,819200,0.2081,0.5972,0,0.164546,0,1,1
box_detour_open,oi_face_rot_stall_mppi,14557,256,16,0,0,1,1,1,170,0.243831,0.141889,10.1197,0,1.06901,2.29777,0.158206,26.8951,30.8155,696320,0.1948,0.7643,0,0.158502,0,1,1
box_detour_open,oi_face_rot_stall_mppi,14564,256,16,0,0,1,1,1,175,0.24462,0.133176,10.4626,0,1.15359,2.5146,0.168274,29.4479,34.7748,716800,0.2855,0.5834,0,0.168561,0,1,1
box_detour_open,oi_face_rot_stall_mppi,14571,256,16,0,0,1,1,1,197,0.239157,0.158462,11.2842,0,1.0826,2.32319,0.158516,31.2277,36.2602,806912,0.2069,0.5506,0,0.158823,0,1,1
box_detour_open,oi_face_rot_stall_mppi,14578,256,16,0,0,1,1,1,180,0.247408,0.16828,10.1875,0,1.05922,2.22125,0.158986,28.6174,33.419,737280,0.2001,0.2493,0,0.159292,0,1,1
box_detour_open,oi_face_rot_stall_mppi,14585,256,16,0,0,1,1,1,186,0.248935,0.15521,10.4379,0,1.0815,2.40979,0.156465,29.1025,33.9896,761856,0.2009,0.6732,0,0.156761,0,1,1
box_detour_open,oi_face_rot_stall_mppi,14592,256,16,0,0,1,1,1,185,0.231471,0.155886,10.5551,0,1.15893,2.71726,0.183919,34.025,40.1947,757760,0.3173,0.3873,0,0.184236,0,1,1
box_detour_open,oi_face_rot_stall_mppi,14599,256,16,0,0,1,1,1,181,0.249672,0.169799,10.408,0,1.01784,2.1668,0.159152,28.8065,34.2923,741376,0.1973,0.3157,0,0.159509,0,1,1
box_detour_open,oi_face_rot_stall_mppi,14606,256,16,0,0,1,1,1,182,0.249001,0.142365,10.8358,0,1.18431,2.81217,0.145983,26.5689,30.302,745472,0.1722,0.2816,0,0.14627,0,1,1
box_detour_open,oi_face_rot_stall_mppi,14613,256,16,0,0,1,1,1,187,0.24954,0.14039,11.2953,0,1.08492,2.38223,0.156799,29.3215,34.0462,765952,0.1896,0.2001,0,0.157108,0,1,1
box_detour_open,oi_face_rot_stall_mppi,14620,256,16,0,0,1,1,1,185,0.249824,0.155291,10.921,0,1.06614,2.25794,0.193754,35.8445,43.7169,757760,0.3449,1.5953,0,0.194069,0,1,1
box_detour_open,oi_face_rot_stall_mppi,14627,256,16,0,0,1,1,1,184,0.233481,0.140178,10.6673,0,1.11948,2.52094,0.188832,34.745,51.8868,753664,0.2819,1.2896,0,0.189172,0,1,1
box_detour_open,oi_face_rot_stall_mppi,14634,256,16,0,0,1,1,1,183,0.240671,0.146243,10.6197,0,1.01775,2.2096,0.165441,30.2757,36.0716,749568,0.2135,0.3161,0,0.165787,0,1,1
box_detour_open,oi_face_rot_stall_mppi,14641,256,16,0,0,1,1,1,183,0.232081,0.125255,9.72225,0,1.1007,2.52753,0.154608,28.2933,33.0175,749568,0.1836,0.2077,0,0.154907,0,1,1
box_detour_open,oi_face_rot_stall_mppi,14648,256,16,0,0,1,1,1,184,0.238199,0.162325,10.1217,0,1.10876,2.4387,0.16212,29.8301,35.2654,753664,0.1848,0.2822,0,0.162431,0,1,1
box_detour_open,oi_face_rot_stall_mppi,14655,256,16,0,0,1,1,1,192,0.232618,0.161613,10.6906,0,1.07647,2.3733,0.142202,27.3027,30.8765,786432,0.1644,0.1822,0,0.142436,0,1,1
box_detour_open,oi_face_rot_stall_mppi,14662,256,16,0,0,1,1,1,180,0.249097,0.134237,9.79065,0,1.05129,2.373,0.144212,25.9582,29.4292,737280,0.1672,0.2009,0,0.144478,0,1,1
box_detour_open,oi_face_rot_stall_mppi,14669,256,16,0,0,1,1,1,183,0.248025,0.166532,10.6175,0,1.04015,2.32689,0.15164,27.7501,31.94,749568,0.189,0.2645,0,0.151933,0,1,1
box_detour_open,oi_face_rot_stall_mppi,14676,256,16,0,0,1,1,1,190,0.239305,0.138071,10.194,0,1.05199,2.31947,0.135039,25.6575,28.3315,778240,0.1598,0.1963,0,0.135183,0,1,1
box_detour_open,oi_face_rot_stall_mppi,14683,256,16,0,0,1,1,1,185,0.23614,0.129026,11.1998,0,1.04845,2.25097,0.138953,25.7063,28.9893,757760,0.1582,0.2702,0,0.139153,0,1,1
box_detour_open,oi_face_rot_stall_mppi,14690,256,16,0,0,1,1,1,196,0.244808,0.153239,11.1311,0,1.16503,2.74431,0.145921,28.6005,32.5833,802816,0.1637,0.1822,0,0.146168,0,1,1
box_detour_open,oi_face_rot_stall_mppi,14697,256,16,0,0,1,1,1,206,0.249672,0.0963321,11.5909,0,0.952656,1.75987,0.142596,29.3747,33.2884,843776,0.1644,0.1922,0,0.142783,0,1,1
box_detour_open,oi_face_rot_stall_mppi,14704,256,16,0,0,1,1,1,191,0.236189,0.152958,10.1298,0,1.09422,2.44826,0.13656,26.0829,29.2327,782336,0.1547,0.2493,0,0.13674,0,1,1
box_detour_open,oi_face_rot_stall_mppi,14711,256,16,0,0,1,1,1,193,0.236181,0.150263,10.7795,0,1.11203,2.46909,0.144556,27.8993,31.712,790528,0.1786,0.1967,0,0.144776,0,1,1
box_detour_open,oi_face_rot_stall_mppi,14718,256,16,0,0,1,1,1,186,0.239896,0.136024,10.4443,0,1.0843,2.35853,0.145269,27.0201,30.5406,761856,0.169,0.1807,0,0.14548,0,1,1
box_detour_open,oi_face_rot_stall_mppi,14725,256,16,0,0,1,1,1,185,0.240835,0.153713,10.6708,0,1.0716,2.23882,0.135904,25.1423,27.7647,757760,0.1531,0.1804,0,0.136095,0,1,1
box_detour_open,oi_face_rot_stall_mppi,14732,256,16,0,0,1,1,1,190,0.248551,0.149297,10.9652,0,1.032,2.20368,0.134497,25.5545,28.38,778240,0.1654,0.1949,0,0.13472,0,1,1
box_detour_open,oi_face_rot_stall_mppi,14739,256,16,0,0,1,1,1,204,0.245721,0.141735,11.4181,0,1.11837,2.59582,0.137292,28.0076,31.442,835584,0.1614,0.1836,0,0.137475,0,1,1
box_detour_open,oi_face_rot_stall_mppi,14746,256,16,0,0,1,1,1,187,0.244314,0.104784,10.4458,0,1.07789,2.37818,0.132612,24.7985,27.2949,765952,0.1428,0.1735,0,0.132772,0,1,1
box_detour_open,oi_face_rot_stall_mppi,14753,256,16,0,0,1,1,1,180,0.239373,0.149051,10.1866,0,1.1331,2.55158,0.135706,24.427,27.0272,737280,0.1588,0.1888,0,0.135865,0,1,1
box_detour_open,oi_face_rot_stall_mppi,14760,256,16,0,0,1,1,1,185,0.238993,0.13974,11.2099,0,1.01397,2.15186,0.133944,24.7797,27.4115,757760,0.1496,0.2426,0,0.134135,0,1,1
box_detour_open,oi_face_rot_stall_mppi,14767,256,16,0,0,1,1,1,172,0.241152,0.14708,10.4503,0,1.15634,2.64322,0.141963,24.4176,27.4539,704512,0.1654,0.2282,0,0.142158,0,1,1
box_detour_open,oi_face_rot_stall_mppi,14774,256,16,0,0,1,1,1,194,0.24087,0.155269,11.323,0,1.05941,2.29416,0.136163,26.4156,29.3361,794624,0.1558,0.1749,0,0.136366,0,1,1
box_detour_open,oi_face_rot_stall_mppi,14781,256,16,0,0,1,1,1,201,0.248365,0.137104,11.687,0,1.08148,2.42848,0.136657,27.4681,30.0315,823296,0.1457,0.1787,0,0.1368,0,1,1
box_detour_open,oi_face_rot_stall_mppi,14788,256,16,0,0,1,1,1,184,0.230211,0.157576,10.4258,0,1.06543,2.38817,0.134318,24.7145,27.1348,753664,0.1545,0.2035,0,0.134495,0,1,1
box_detour_open,oi_face_rot_stall_mppi,14795,256,16,0,0,1,1,1,182,0.248907,0.14271,10.289,0,1.03631,2.17889,0.137166,24.9642,27.7222,745472,0.1713,0.1946,0,0.137324,0,1,1
box_detour_open,oi_face_rot_stall_mppi,14802,256,16,0,0,1,1,1,190,0.239035,0.149882,11.0516,0,1.07037,2.26306,0.135112,25.6712,28.1778,778240,0.1456,0.1768,0,0.135277,0,1,1
box_detour_open,oi_face_rot_stall_mppi,14809,256,16,0,0,1,1,1,168,0.245148,0.131873,9.66746,0,1.1001,2.52415,0.13539,22.7455,24.8609,688128,0.141,0.1692,0,0.135554,0,1,1
box_detour_open,oi_face_rot_stall_mppi,14816,256,16,0,0,1,1,1,192,0.243407,0.130783,10.8305,0,1.03218,2.28799,0.139986,26.8774,30.0141,786432,0.1568,0.1842,0,0.140185,0,1,1
box_detour_open,oi_face_rot_stall_mppi,14823,256,16,0,0,1,1,1,173,0.248424,0.157954,10.2889,0,1.14206,2.54462,0.136068,23.5397,26.0333,708608,0.1527,0.1741,0,0.136296,0,1,1
box_detour_open,oi_face_rot_stall_mppi,14830,256,16,0,0,1,1,1,178,0.230001,0.155769,10.1278,0,0.992403,2.10272,0.137558,24.4854,27.4509,729088,0.152,0.1837,0,0.137821,0,1,1
box_detour_open,oi_face_rot_stall_mppi,14837,256,16,0,0,1,1,1,198,0.242034,0.133192,11.0814,0,1.11593,2.55075,0.136529,27.0327,29.7939,811008,0.1564,0.1962,0,0.136686,0,1,1
box_detour_open,oi_face_rot_stall_mppi,14844,256,16,0,0,1,1,1,187,0.233222,0.152209,10.5813,0,1.06873,2.4209,0.139936,26.1681,29.6088,765952,0.1678,0.2635,0,0.140183,0,1,1
box_detour_open,oi_face_rot_stall_mppi,14851,256,16,0,0,1,1,1,171,0.236401,0.155185,9.99204,0,0.997808,2.08476,0.141998,24.2817,27.4515,700416,0.1761,0.2321,0,0.14224,0,1,1
box_detour_open,oi_face_rot_stall_mppi,14858,256,16,0,0,1,1,1,194,0.241106,0.143076,10.6608,0,1.07983,2.19643,0.139061,26.9779,29.7638,794624,0.1677,0.2095,0,0.139236,0,1,1
box_detour_open,oi_face_rot_stall_mppi,14865,256,16,0,0,1,1,1,182,0.240105,0.166604,10.3455,0,1.04582,2.25981,0.141481,25.7496,28.9067,745472,0.1656,0.2194,0,0.141688,0,1,1
box_detour_open,oi_face_rot_stall_mppi,14872,256,16,0,0,1,1,1,195,0.24215,0.136825,11.6455,0,1.09605,2.40773,0.138289,26.9663,30.0034,798720,0.1656,0.1731,0,0.138472,0,1,1
box_detour_open,oi_face_rot_stall_mppi,14879,256,16,0,0,1,1,1,184,0.231479,0.153462,10.7026,0,1.03193,2.30125,0.147455,27.1318,31.5629,753664,0.1652,0.1835,0,0.14775,0,1,1
box_detour_open,oi_face_rot_stall_mppi,14886,256,16,0,0,1,1,1,193,0.233088,0.126693,11.1747,0,1.06177,2.22965,0.142839,27.5679,31.1913,790528,0.1717,0.2565,0,0.143063,0,1,1
box_detour_open,oi_face_rot_stall_mppi,14893,256,16,0,0,1,1,1,190,0.242863,0.15128,11.3188,0,1.09184,2.49325,0.187806,35.6831,41.9512,778240,0.2822,1.963,0,0.188086,0,1,1
box_detour_open,oi_face_rot_stall_mppi,14900,256,16,0,0,1,1,1,183,0.249396,0.129755,10.2237,0,1.0471,2.25574,0.151627,27.7477,31.4382,749568,0.2102,0.4874,0,0.151907,0,1,1
box_detour_open,oi_face_rot_stall_mppi,14907,256,16,0,0,1,1,1,180,0.238329,0.140774,10.2262,0,1.13885,2.58326,0.143838,25.8909,29.0767,737280,0.1723,0.6434,0,0.144071,0,1,1
box_detour_open,oi_face_rot_stall_mppi,14914,256,16,0,0,1,1,1,188,0.245641,0.13678,10.258,0,1.0543,2.28577,0.144711,27.2057,30.8734,770048,0.1818,0.2788,0,0.144925,0,1,1
box_detour_open,oi_face_rot_stall_mppi,14921,256,16,0,0,1,1,1,175,0.24127,0.10923,9.85682,0,1.06286,2.48192,0.154021,26.9537,30.9064,716800,0.169,0.2305,0,0.154346,0,1,1
box_detour_open,oi_face_rot_stall_mppi,14928,256,16,0,0,1,1,1,183,0.24724,0.151357,10.7534,0,1.04887,2.19528,0.139004,25.4377,28.4621,749568,0.1628,0.2003,0,0.139284,0,1,1
box_detour_open,oi_face_rot_stall_mppi,14935,256,16,0,0,1,1,1,176,0.241795,0.141855,10.6434,0,1.05682,2.288,0.139463,24.5455,27.5729,720896,0.166,0.1907,0,0.139652,0,1,1
box_detour_open,oi_face_rot_stall_mppi,14942,256,16,0,0,1,1,1,184,0.244027,0.167274,10.4304,0,1.00454,2.02223,0.135452,24.9231,27.5955,753664,0.1517,0.1695,0,0.135632,0,1,1
box_detour_open,oi_face_rot_stall_mppi,14949,256,16,0,0,1,1,1,203,0.238878,0.141149,11.3139,0,1.16876,2.69854,0.132122,26.8207,29.5305,831488,0.1528,0.1867,0,0.13228,0,1,1
box_detour_open,oi_face_rot_wide_mppi,14256,256,16,0,0,1,1,1,187,0.249152,0.145876,10.2496,0,1.12757,2.59042,0.135194,25.2813,27.9862,765952,0.1562,0.196,0,0.135381,0,1,1
box_detour_open,oi_face_rot_wide_mppi,14263,256,16,0,0,1,1,1,185,0.233169,0.13513,10.7484,0,1.09603,2.41112,0.141098,26.1031,29.0772,757760,0.1726,0.205,0,0.141267,0,1,1
box_detour_open,oi_face_rot_wide_mppi,14270,256,16,0,0,1,1,1,179,0.244505,0.0908083,9.79612,0,1.05803,2.26878,0.137172,24.5537,27.3725,733184,0.1638,0.1848,0,0.137383,0,1,1
box_detour_open,oi_face_rot_wide_mppi,14277,256,16,0,0,1,1,1,184,0.243802,0.129992,10.8734,0,1.09608,2.29927,0.156768,28.8454,33.1048,753664,0.1951,0.8528,0,0.157045,0,1,1
box_detour_open,oi_face_rot_wide_mppi,14284,256,16,0,0,1,1,1,181,0.245715,0.15089,9.96779,0,1.1679,2.76534,0.142809,25.8485,29.3786,741376,0.1722,0.2266,0,0.143014,0,1,1
box_detour_open,oi_face_rot_wide_mppi,14291,256,16,0,0,1,1,1,181,0.247896,0.148183,10.5682,0,1.11389,2.52745,0.142893,25.8637,29.0378,741376,0.1691,0.3843,0,0.143112,0,1,1
box_detour_open,oi_face_rot_wide_mppi,14298,256,16,0,0,1,1,1,171,0.236149,0.156292,9.47561,0,1.11103,2.47351,0.141589,24.2117,27.2542,700416,0.1682,0.2495,0,0.141841,0,1,1
box_detour_open,oi_face_rot_wide_mppi,14305,256,16,0,0,1,1,1,190,0.24161,0.105601,10.6775,0,1.08391,2.34801,0.152505,28.976,32.7451,778240,0.2452,0.2988,0,0.15273,0,1,1
box_detour_open,oi_face_rot_wide_mppi,14312,256,16,0,0,1,1,1,181,0.247857,0.159941,9.8836,0,1.04237,2.32441,0.145121,26.2669,30.1672,741376,0.1836,0.2356,0,0.14534,0,1,1
box_detour_open,oi_face_rot_wide_mppi,14319,256,16,0,0,1,1,1,182,0.246925,0.133954,10.8805,0,1.19149,2.75952,0.156851,28.5469,32.8501,745472,0.1995,0.2599,0,0.157152,0,1,1
box_detour_open,oi_face_rot_wide_mppi,14326,256,16,0,0,1,1,1,187,0.241437,0.146237,10.7459,0,1.06161,2.30796,0.154134,28.823,33.279,765952,0.1945,0.2841,0,0.15449,0,1,1
box_detour_open,oi_face_rot_wide_mppi,14333,256,16,0,0,1,1,1,187,0.242205,0.15761,10.7275,0,1.12177,2.72913,0.149477,27.9522,31.9739,765952,0.1818,0.2859,0,0.149749,0,1,1
box_detour_open,oi_face_rot_wide_mppi,14340,256,16,0,0,1,1,1,189,0.24125,0.137086,11.1925,0,1.10308,2.41801,0.170792,32.2796,38.0941,774144,0.2297,0.4342,0,0.171091,0,1,1
box_detour_open,oi_face_rot_wide_mppi,14347,256,16,0,0,1,1,1,214,0.247999,0.148908,11.5872,0,1.16346,2.69121,0.160085,34.2581,39.7653,876544,0.1956,0.3607,0,0.160449,0,1,1
box_detour_open,oi_face_rot_wide_mppi,14354,256,16,0,0,1,1,1,183,0.244068,0.141979,10.719,0,0.995415,1.98283,0.176736,32.3427,37.8435,749568,0.2049,0.9054,0,0.177052,0,1,1
box_detour_open,oi_face_rot_wide_mppi,14361,256,16,0,0,1,1,1,190,0.247889,0.138556,10.9535,0,1.08692,2.38127,0.156553,29.7451,34.5528,778240,0.1992,0.2599,0,0.156788,0,1,1
box_detour_open,oi_face_rot_wide_mppi,14368,256,16,0,0,1,1,1,186,0.232192,0.14132,11.1548,0,1.1468,2.42014,0.179348,33.3587,38.7775,761856,0.2291,0.2905,0,0.179674,0,1,1
box_detour_open,oi_face_rot_wide_mppi,14375,256,16,0,0,1,1,1,188,0.247452,0.161501,10.6914,0,1.05261,2.44501,0.168902,31.7535,37.2878,770048,0.202,0.646,0,0.169195,0,1,1
box_detour_open,oi_face_rot_wide_mppi,14382,256,16,0,0,1,1,1,187,0.229905,0.129426,10.6916,0,1.13652,2.57432,0.156288,29.2259,33.3839,765952,0.1959,0.4352,0,0.156555,0,1,1
box_detour_open,oi_face_rot_wide_mppi,14389,256,16,0,0,1,1,1,183,0.248934,0.136938,10.5377,0,1.00191,2.15332,0.192568,35.24,40.2181,749568,0.2175,3.0901,0,0.192867,0,1,1
box_detour_open,oi_face_rot_wide_mppi,14396,256,16,0,0,1,1,1,168,0.231855,0.129013,10.0645,0,1.06585,2.21053,0.150899,25.3511,29.4642,688128,0.1888,0.3714,0,0.151152,0,1,1
box_detour_open,oi_face_rot_wide_mppi,14403,256,16,0,0,1,1,1,187,0.243573,0.160496,10.6404,0,1.10398,2.58377,0.154019,28.8015,32.9739,765952,0.1959,0.2461,0,0.154246,0,1,1
box_detour_open,oi_face_rot_wide_mppi,14410,256,16,0,0,1,1,1,203,0.235169,0.150556,11.4424,0,1.18518,2.65872,0.175294,35.5846,41.7346,831488,0.2833,0.4421,0,0.175579,0,1,1
box_detour_open,oi_face_rot_wide_mppi,14417,256,16,0,0,1,1,1,179,0.244728,0.144789,10.2945,0,1.01949,2.13398,0.153164,27.4163,31.4943,733184,0.1878,0.2762,0,0.153436,0,1,1
box_detour_open,oi_face_rot_wide_mppi,14424,256,16,0,0,1,1,1,224,0.244668,0.110717,12.3161,0,1.03389,2.01748,0.184881,41.4133,48.6231,917504,0.2977,0.3965,0,0.185195,0,1,1
box_detour_open,oi_face_rot_wide_mppi,14431,256,16,0,0,1,1,1,184,0.245089,0.133424,10.7153,0,1.06675,2.31573,0.137838,25.3621,28.0704,753664,0.1662,0.1929,0,0.138021,0,1,1
box_detour_open,oi_face_rot_wide_mppi,14438,256,16,0,0,1,1,1,186,0.24102,0.145204,10.777,0,1.03433,2.20005,0.13774,25.6197,28.4938,761856,0.1652,0.2506,0,0.13796,0,1,1
box_detour_open,oi_face_rot_wide_mppi,14445,256,16,0,0,1,1,1,194,0.233685,0.15386,10.316,0,1.07448,2.31066,0.138796,26.9264,30.026,794624,0.1709,0.2033,0,0.139054,0,1,1
box_detour_open,oi_face_rot_wide_mppi,14452,256,16,0,0,1,1,1,174,0.24741,0.152206,10.2899,0,1.04127,2.14483,0.138543,24.1064,27.1063,712704,0.1675,0.1951,0,0.138797,0,1,1
box_detour_open,oi_face_rot_wide_mppi,14459,256,16,0,0,1,1,1,185,0.248037,0.154287,10.8505,0,1.08575,2.51947,0.139083,25.7303,28.699,757760,0.1637,0.1902,0,0.139253,0,1,1
box_detour_open,oi_face_rot_wide_mppi,14466,256,16,0,0,1,1,1,183,0.237933,0.137827,11.1457,0,1.06165,2.42355,0.136054,24.8978,27.4875,749568,0.1483,0.1718,0,0.136196,0,1,1
box_detour_open,oi_face_rot_wide_mppi,14473,256,16,0,0,1,1,1,180,0.245654,0.139573,10.2355,0,1.08306,2.36901,0.144399,25.9919,29.6267,737280,0.1713,0.1819,0,0.144624,0,1,1
box_detour_open,oi_face_rot_wide_mppi,14480,256,16,0,0,1,1,1,174,0.249137,0.11781,10.0277,0,1.00241,2.03861,0.13821,24.0486,26.5471,712704,0.1607,0.215,0,0.138418,0,1,1
box_detour_open,oi_face_rot_wide_mppi,14487,256,16,0,0,1,1,1,195,0.240488,0.141059,10.8342,0,1.07617,2.40475,0.136722,26.6607,29.2563,798720,0.1559,0.3315,0,0.136881,0,1,1
box_detour_open,oi_face_rot_wide_mppi,14494,256,16,0,0,1,1,1,190,0.233428,0.168769,10.5136,0,0.986516,1.92234,0.139452,26.4959,29.5342,778240,0.1636,0.1792,0,0.139654,0,1,1
box_detour_open,oi_face_rot_wide_mppi,14501,256,16,0,0,1,1,1,188,0.244855,0.114466,10.8119,0,1.12497,2.59586,0.237576,44.6643,54.2665,770048,0.3022,0.3887,0,0.237832,0,1,1
box_detour_open,oi_face_rot_wide_mppi,14508,256,16,0,0,1,1,1,178,0.242477,0.151226,11.0215,0,1.00441,2.06306,0.132216,23.5344,25.8951,729088,0.1483,0.1651,0,0.132366,0,1,1
box_detour_open,oi_face_rot_wide_mppi,14515,256,16,0,0,1,1,1,201,0.240497,0.114536,11.3097,0,1.15062,2.65778,0.138247,27.7877,30.9028,823296,0.1557,0.1848,0,0.138416,0,1,1
box_detour_open,oi_face_rot_wide_mppi,14522,256,16,0,0,1,1,1,183,0.237788,0.148684,10.8497,0,1.10401,2.51473,0.135819,24.8549,27.436,749568,0.1602,0.1782,0,0.135987,0,1,1
box_detour_open,oi_face_rot_wide_mppi,14529,256,16,0,0,1,1,1,189,0.235219,0.162331,10.7663,0,1.05053,2.14048,0.137137,25.9189,28.6383,774144,0.1565,0.1884,0,0.137303,0,1,1
box_detour_open,oi_face_rot_wide_mppi,14536,256,16,0,0,1,1,1,205,0.240363,0.163588,11.4648,0,1.1511,2.74941,0.134109,27.4923,30.3562,839680,0.1633,0.1987,0,0.134256,0,1,1
box_detour_open,oi_face_rot_wide_mppi,14543,256,16,0,0,1,1,1,196,0.247737,0.106651,11.029,0,1.1523,2.68452,0.142241,27.8793,31.2502,802816,0.1689,0.1815,0,0.14244,0,1,1
box_detour_open,oi_face_rot_wide_mppi,14550,256,16,0,0,1,1,1,200,0.24988,0.155451,10.7027,0,1.14226,2.67799,0.135772,27.1544,30.1204,819200,0.1618,0.1891,0,0.135937,0,1,1
box_detour_open,oi_face_rot_wide_mppi,14557,256,16,0,0,1,1,1,170,0.243831,0.141889,10.1197,0,1.06901,2.29777,0.13932,23.6844,26.4434,696320,0.1726,0.2229,0,0.139538,0,1,1
box_detour_open,oi_face_rot_wide_mppi,14564,256,16,0,0,1,1,1,175,0.24462,0.133176,10.4626,0,1.15359,2.5146,0.13699,23.9732,26.2106,716800,0.1515,0.1601,0,0.137167,0,1,1
box_detour_open,oi_face_rot_wide_mppi,14571,256,16,0,0,1,1,1,197,0.239157,0.158462,11.2842,0,1.0826,2.32319,0.135522,26.6979,29.4627,806912,0.156,0.1716,0,0.135864,0,1,1
box_detour_open,oi_face_rot_wide_mppi,14578,256,16,0,0,1,1,1,180,0.247408,0.16828,10.1875,0,1.05922,2.22125,0.137223,24.7002,27.4728,737280,0.161,0.2003,0,0.137396,0,1,1
box_detour_open,oi_face_rot_wide_mppi,14585,256,16,0,0,1,1,1,186,0.248935,0.15521,10.4379,0,1.0815,2.40979,0.135785,25.2561,27.829,761856,0.162,0.1922,0,0.135947,0,1,1
box_detour_open,oi_face_rot_wide_mppi,14592,256,16,0,0,1,1,1,185,0.231471,0.155886,10.5551,0,1.15893,2.71726,0.13684,25.3154,27.9739,757760,0.1602,0.352,0,0.137031,0,1,1
box_detour_open,oi_face_rot_wide_mppi,14599,256,16,0,0,1,1,1,181,0.249672,0.169799,10.408,0,1.01784,2.1668,0.14318,25.9156,29.1783,741376,0.1769,0.1974,0,0.143357,0,1,1
box_detour_open,oi_face_rot_wide_mppi,14606,256,16,0,0,1,1,1,182,0.249001,0.142365,10.8358,0,1.18431,2.81217,0.141235,25.7048,29.0182,745472,0.1694,0.2521,0,0.14151,0,1,1
box_detour_open,oi_face_rot_wide_mppi,14613,256,16,0,0,1,1,1,187,0.24954,0.14039,11.2953,0,1.08492,2.38223,0.137984,25.8031,28.8044,765952,0.1624,0.2066,0,0.138181,0,1,1
box_detour_open,oi_face_rot_wide_mppi,14620,256,16,0,0,1,1,1,185,0.249824,0.155291,10.921,0,1.06614,2.25794,0.146295,27.0646,30.6239,757760,0.185,0.2294,0,0.146539,0,1,1
box_detour_open,oi_face_rot_wide_mppi,14627,256,16,0,0,1,1,1,184,0.233481,0.140178,10.6673,0,1.11948,2.52094,0.141081,25.9589,29.1596,753664,0.1649,0.1982,0,0.141311,0,1,1
box_detour_open,oi_face_rot_wide_mppi,14634,256,16,0,0,1,1,1,183,0.240671,0.146243,10.6197,0,1.01775,2.2096,0.137108,25.0908,27.7697,749568,0.1618,0.1755,0,0.137254,0,1,1
box_detour_open,oi_face_rot_wide_mppi,14641,256,16,0,0,1,1,1,183,0.232081,0.125255,9.72225,0,1.1007,2.52753,0.145828,26.6865,30.4117,749568,0.1707,0.217,0,0.146108,0,1,1
box_detour_open,oi_face_rot_wide_mppi,14648,256,16,0,0,1,1,1,184,0.238199,0.162325,10.1217,0,1.10876,2.4387,0.14328,26.3636,29.5574,753664,0.1719,0.2161,0,0.143462,0,1,1
box_detour_open,oi_face_rot_wide_mppi,14655,256,16,0,0,1,1,1,192,0.232618,0.161613,10.6906,0,1.07647,2.3733,0.141254,27.1208,30.5847,786432,0.1676,0.2105,0,0.141465,0,1,1
box_detour_open,oi_face_rot_wide_mppi,14662,256,16,0,0,1,1,1,180,0.249097,0.134237,9.79065,0,1.05129,2.373,0.137984,24.8371,27.5278,737280,0.1621,0.1863,0,0.138178,0,1,1
box_detour_open,oi_face_rot_wide_mppi,14669,256,16,0,0,1,1,1,183,0.248025,0.166532,10.6175,0,1.04015,2.32689,0.137595,25.1799,28.1923,749568,0.158,0.1812,0,0.137755,0,1,1
box_detour_open,oi_face_rot_wide_mppi,14676,256,16,0,0,1,1,1,190,0.239305,0.138071,10.194,0,1.05199,2.31947,0.145717,27.6862,31.4089,778240,0.1816,0.1939,0,0.145945,0,1,1
box_detour_open,oi_face_rot_wide_mppi,14683,256,16,0,0,1,1,1,185,0.23614,0.129026,11.1998,0,1.04845,2.25097,0.142375,26.3394,29.4467,757760,0.1668,0.2597,0,0.142569,0,1,1
box_detour_open,oi_face_rot_wide_mppi,14690,256,16,0,0,1,1,1,196,0.244808,0.153239,11.1311,0,1.16503,2.74431,0.141195,27.6743,30.756,802816,0.1658,0.2064,0,0.141333,0,1,1
box_detour_open,oi_face_rot_wide_mppi,14697,256,16,0,0,1,1,1,206,0.249672,0.0963321,11.5909,0,0.952656,1.75987,0.143184,29.4958,33.1925,843776,0.1705,0.2137,0,0.14337,0,1,1
box_detour_open,oi_face_rot_wide_mppi,14704,256,16,0,0,1,1,1,191,0.236189,0.152958,10.1298,0,1.09422,2.44826,0.140949,26.9212,30.119,782336,0.1616,0.1858,0,0.14116,0,1,1
box_detour_open,oi_face_rot_wide_mppi,14711,256,16,0,0,1,1,1,193,0.236181,0.150263,10.7795,0,1.11203,2.46909,0.135741,26.198,29.1128,790528,0.1641,0.2037,0,0.135902,0,1,1
box_detour_open,oi_face_rot_wide_mppi,14718,256,16,0,0,1,1,1,186,0.239896,0.136024,10.4443,0,1.0843,2.35853,0.13688,25.4596,28.1515,761856,0.1688,0.1925,0,0.137015,0,1,1
box_detour_open,oi_face_rot_wide_mppi,14725,256,16,0,0,1,1,1,185,0.240835,0.153713,10.6708,0,1.0716,2.23882,0.138006,25.5311,28.3037,757760,0.1602,0.1852,0,0.138205,0,1,1
box_detour_open,oi_face_rot_wide_mppi,14732,256,16,0,0,1,1,1,190,0.248551,0.149297,10.9652,0,1.032,2.20368,0.132535,25.1816,27.6615,778240,0.1488,0.158,0,0.132678,0,1,1
box_detour_open,oi_face_rot_wide_mppi,14739,256,16,0,0,1,1,1,204,0.245721,0.141735,11.4181,0,1.11837,2.59582,0.138853,28.3261,31.6286,835584,0.163,0.1819,0,0.139006,0,1,1
box_detour_open,oi_face_rot_wide_mppi,14746,256,16,0,0,1,1,1,187,0.244314,0.104784,10.4458,0,1.07789,2.37818,0.136044,25.4402,28.2013,765952,0.1629,0.1829,0,0.136211,0,1,1
box_detour_open,oi_face_rot_wide_mppi,14753,256,16,0,0,1,1,1,180,0.239373,0.149051,10.1866,0,1.1331,2.55158,0.135567,24.4021,27.0859,737280,0.1578,0.1695,0,0.135779,0,1,1
box_detour_open,oi_face_rot_wide_mppi,14760,256,16,0,0,1,1,1,185,0.238993,0.13974,11.2099,0,1.01397,2.15186,0.141358,26.1512,29.2381,757760,0.157,0.1717,0,0.141673,0,1,1
box_detour_open,oi_face_rot_wide_mppi,14767,256,16,0,0,1,1,1,172,0.241152,0.14708,10.4503,0,1.15634,2.64322,0.13729,23.6138,26.2221,704512,0.1619,0.1919,0,0.137465,0,1,1
box_detour_open,oi_face_rot_wide_mppi,14774,256,16,0,0,1,1,1,194,0.24087,0.155269,11.323,0,1.05941,2.29416,0.14662,28.4442,32.8259,794624,0.1678,0.1957,0,0.146827,0,1,1
box_detour_open,oi_face_rot_wide_mppi,14781,256,16,0,0,1,1,1,201,0.248365,0.137104,11.687,0,1.08148,2.42848,0.154177,30.9896,35.8712,823296,0.1898,0.2472,0,0.15449,0,1,1
box_detour_open,oi_face_rot_wide_mppi,14788,256,16,0,0,1,1,1,184,0.230211,0.157576,10.4258,0,1.06543,2.38817,0.151118,27.8057,31.6133,753664,0.1958,0.8647,0,0.151368,0,1,1
box_detour_open,oi_face_rot_wide_mppi,14795,256,16,0,0,1,1,1,182,0.248907,0.14271,10.289,0,1.03631,2.17889,0.146817,26.7207,30.6384,745472,0.178,0.2193,0,0.147089,0,1,1
box_detour_open,oi_face_rot_wide_mppi,14802,256,16,0,0,1,1,1,190,0.239035,0.149882,11.0516,0,1.07037,2.26306,0.142982,27.1665,30.8728,778240,0.1631,0.2214,0,0.143201,0,1,1
box_detour_open,oi_face_rot_wide_mppi,14809,256,16,0,0,1,1,1,168,0.245148,0.131873,9.66746,0,1.1001,2.52415,0.14436,24.2525,27.7544,688128,0.1748,0.2064,0,0.144605,0,1,1
box_detour_open,oi_face_rot_wide_mppi,14816,256,16,0,0,1,1,1,192,0.243407,0.130783,10.8305,0,1.03218,2.28799,0.141109,27.093,30.7665,786432,0.1672,0.1957,0,0.141314,0,1,1
box_detour_open,oi_face_rot_wide_mppi,14823,256,16,0,0,1,1,1,173,0.248424,0.157954,10.2889,0,1.14206,2.54462,0.138405,23.9441,26.8045,708608,0.1554,0.1661,0,0.138612,0,1,1
box_detour_open,oi_face_rot_wide_mppi,14830,256,16,0,0,1,1,1,178,0.230001,0.155769,10.1278,0,0.992403,2.10272,0.148984,26.5191,29.8276,729088,0.184,0.2748,0,0.149247,0,1,1
box_detour_open,oi_face_rot_wide_mppi,14837,256,16,0,0,1,1,1,198,0.242034,0.133192,11.0814,0,1.11593,2.55075,0.140423,27.8038,31.0621,811008,0.1718,0.1963,0,0.140584,0,1,1
box_detour_open,oi_face_rot_wide_mppi,14844,256,16,0,0,1,1,1,187,0.233222,0.152209,10.5813,0,1.06873,2.4209,0.139638,26.1124,29.2073,765952,0.1609,0.2148,0,0.139797,0,1,1
box_detour_open,oi_face_rot_wide_mppi,14851,256,16,0,0,1,1,1,171,0.236401,0.155185,9.99204,0,0.997808,2.08476,0.142465,24.3616,27.2743,700416,0.1713,0.1983,0,0.142709,0,1,1
box_detour_open,oi_face_rot_wide_mppi,14858,256,16,0,0,1,1,1,194,0.241106,0.143076,10.6608,0,1.07983,2.19643,0.138299,26.83,29.702,794624,0.1538,0.1832,0,0.138476,0,1,1
box_detour_open,oi_face_rot_wide_mppi,14865,256,16,0,0,1,1,1,182,0.240105,0.166604,10.3455,0,1.04582,2.25981,0.137416,25.0097,27.4724,745472,0.1555,0.1996,0,0.137575,0,1,1
box_detour_open,oi_face_rot_wide_mppi,14872,256,16,0,0,1,1,1,195,0.24215,0.136825,11.6455,0,1.09605,2.40773,0.137955,26.9012,29.7314,798720,0.1523,0.1873,0,0.138143,0,1,1
box_detour_open,oi_face_rot_wide_mppi,14879,256,16,0,0,1,1,1,184,0.231479,0.153462,10.7026,0,1.03193,2.30125,0.140855,25.9174,29.0369,753664,0.164,0.1865,0,0.141049,0,1,1
box_detour_open,oi_face_rot_wide_mppi,14886,256,16,0,0,1,1,1,193,0.233088,0.126693,11.1747,0,1.06177,2.22965,0.136507,26.3459,28.9745,790528,0.1533,0.1682,0,0.136694,0,1,1
box_detour_open,oi_face_rot_wide_mppi,14893,256,16,0,0,1,1,1,190,0.242863,0.15128,11.3188,0,1.09184,2.49325,0.138251,26.2676,28.67,778240,0.1475,0.1838,0,0.138383,0,1,1
box_detour_open,oi_face_rot_wide_mppi,14900,256,16,0,0,1,1,1,183,0.249396,0.129755,10.2237,0,1.0471,2.25574,0.136996,25.0703,27.3251,749568,0.1494,0.1637,0,0.13716,0,1,1
box_detour_open,oi_face_rot_wide_mppi,14907,256,16,0,0,1,1,1,180,0.238329,0.140774,10.2262,0,1.13885,2.58326,0.142431,25.6376,28.5583,737280,0.1702,0.2359,0,0.14264,0,1,1
box_detour_open,oi_face_rot_wide_mppi,14914,256,16,0,0,1,1,1,188,0.245641,0.13678,10.258,0,1.0543,2.28577,0.137714,25.8903,28.1721,770048,0.1523,0.1981,0,0.137853,0,1,1
box_detour_open,oi_face_rot_wide_mppi,14921,256,16,0,0,1,1,1,175,0.24127,0.10923,9.85682,0,1.06286,2.48192,0.138587,24.2527,26.433,716800,0.1493,0.1703,0,0.13874,0,1,1
box_detour_open,oi_face_rot_wide_mppi,14928,256,16,0,0,1,1,1,183,0.24724,0.151357,10.7534,0,1.04887,2.19528,0.138289,25.3069,27.8772,749568,0.1612,0.1882,0,0.138493,0,1,1
box_detour_open,oi_face_rot_wide_mppi,14935,256,16,0,0,1,1,1,176,0.241795,0.141855,10.6434,0,1.05682,2.288,0.15663,27.5669,32.159,720896,0.1794,0.2241,0,0.156962,0,1,1
box_detour_open,oi_face_rot_wide_mppi,14942,256,16,0,0,1,1,1,184,0.244027,0.167274,10.4304,0,1.00454,2.02223,0.147598,27.158,31.3673,753664,0.1718,0.2593,0,0.147853,0,1,1
box_detour_open,oi_face_rot_wide_mppi,14949,256,16,0,0,1,1,1,203,0.238878,0.141149,11.3139,0,1.16876,2.69854,0.140065,28.4332,32.0523,831488,0.1708,0.1872,0,0.140265,0,1,1
box_detour_wall,oi_face_rot_pstall_mppi,14256,256,16,0,0,1,1,1,136,0.238944,0.0784582,12.5288,0,0.651038,0.809163,0.194151,26.4046,29.4742,557056,0.2328,0.2608,0,0.194463,0,1,1
box_detour_wall,oi_face_rot_pstall_mppi,14263,256,16,0,0,1,1,1,122,0.232336,0.11749,11.591,0,0.821564,1.22442,0.173525,21.17,23.1018,499712,0.2099,0.2422,0,0.173768,0,1,1
box_detour_wall,oi_face_rot_pstall_mppi,14270,256,16,0,0,1,1,1,103,0.230042,0.0580926,9.90164,0,0.65357,0.87452,0.17575,18.1022,19.8653,421888,0.2114,0.2339,0,0.17598,0,1,1
box_detour_wall,oi_face_rot_pstall_mppi,14277,256,16,0,0,1,1,1,111,0.242239,0.0130936,10.5,0,0.727743,1.0419,0.183536,20.3725,22.4187,454656,0.2086,0.2244,0,0.183779,0,1,1
box_detour_wall,oi_face_rot_pstall_mppi,14284,256,16,0,0,1,1,1,122,0.249294,0.0584728,11.8556,0,0.793225,1.09668,0.181284,22.1166,24.6201,499712,0.2185,0.2355,0,0.181546,0,1,1
box_detour_wall,oi_face_rot_pstall_mppi,14291,256,16,0,0,1,1,1,104,0.238408,0.0660788,9.84204,0,0.709035,0.874123,0.190408,19.8024,22.2621,425984,0.2263,0.2427,0,0.190797,0,1,1
box_detour_wall,oi_face_rot_pstall_mppi,14298,256,16,0,0,1,1,1,111,0.246841,0.0416311,10.6799,0,0.881771,1.57133,0.179027,19.872,21.8914,454656,0.2107,0.2442,0,0.179353,0,1,1
box_detour_wall,oi_face_rot_pstall_mppi,14305,256,16,0,0,1,1,1,131,0.230986,0.0426696,12.3934,0,0.829144,1.38201,0.179671,23.5369,25.9203,536576,0.2227,0.2762,0,0.179924,0,1,1
box_detour_wall,oi_face_rot_pstall_mppi,14312,256,16,0,0,1,1,1,134,0.236837,0.0127002,11.6337,0,0.969566,1.9816,0.176008,23.5851,25.6352,548864,0.2077,0.2218,0,0.17621,0,1,1
box_detour_wall,oi_face_rot_pstall_mppi,14319,256,16,0,0,1,1,1,126,0.235693,0.075406,12.0555,0,0.823485,1.28206,0.180169,22.7013,25.0057,516096,0.2141,0.2279,0,0.180471,0,1,1
box_detour_wall,oi_face_rot_pstall_mppi,14326,256,16,0,0,1,1,1,122,0.249204,0.136504,11.7209,0,0.720225,1.07456,0.187461,22.8703,25.3738,499712,0.2371,0.2867,0,0.187807,0,1,1
box_detour_wall,oi_face_rot_pstall_mppi,14333,256,16,0,0,1,1,1,108,0.242013,0.0342324,10.2143,0,0.784818,1.25823,0.178312,19.2577,21.3396,442368,0.2268,0.257,0,0.178593,0,1,1
box_detour_wall,oi_face_rot_pstall_mppi,14340,256,16,0,0,1,1,1,128,0.224811,0.0839559,10.7945,0,0.893684,1.57571,0.183775,23.5232,26.4072,524288,0.217,0.2633,0,0.184046,0,1,1
box_detour_wall,oi_face_rot_pstall_mppi,14347,256,16,0,0,1,1,1,124,0.23792,0.126366,11.6858,0,0.744005,1.11381,0.1801,22.3324,24.3161,507904,0.2103,0.2413,0,0.180319,0,1,1
box_detour_wall,oi_face_rot_pstall_mppi,14354,256,16,0,0,1,1,1,120,0.243818,0.0397963,11.4347,0,0.778424,1.38509,0.175978,21.1174,23.7993,491520,0.2147,0.2322,0,0.176274,0,1,1
box_detour_wall,oi_face_rot_pstall_mppi,14361,256,16,0,0,1,1,1,97,0.235573,0.0709832,9.85079,0,0.699552,0.929346,0.168149,16.3105,17.7539,397312,0.1943,0.2027,0,0.168384,0,1,1
box_detour_wall,oi_face_rot_pstall_mppi,14368,256,16,0,0,1,1,1,117,0.247911,0.00473613,11.6935,0,0.832677,1.32019,0.182576,21.3614,23.6502,479232,0.2149,0.2836,0,0.182835,0,1,1
box_detour_wall,oi_face_rot_pstall_mppi,14375,256,16,0,0,1,1,1,138,0.230195,0.0568396,11.9771,0,0.880027,1.45973,0.182138,25.135,27.978,565248,0.226,0.2472,0,0.182385,0,1,1
box_detour_wall,oi_face_rot_pstall_mppi,14382,256,16,0,0,1,1,1,143,0.242243,0.0675364,13.4368,0,0.912347,1.62988,0.215334,30.7927,35.4877,585728,0.2668,0.6624,0,0.215736,0,1,1
box_detour_wall,oi_face_rot_pstall_mppi,14389,256,16,0,0,0,1,0,420,1.19326,0.108104,48.1298,0,2.20036,6.4294,0.181942,76.4156,84.9624,1720320,0.219,0.4233,0,0.182123,0,1,0
box_detour_wall,oi_face_rot_pstall_mppi,14396,256,16,0,0,1,1,1,107,0.244087,0.0947614,9.7967,0,0.836079,1.38355,0.194594,20.8216,23.9703,438272,0.2502,0.4746,0,0.195007,0,1,1
box_detour_wall,oi_face_rot_pstall_mppi,14403,256,16,0,0,0,1,0,420,1.18798,0.173952,47.8231,0,2.58508,8.82719,0.181448,76.2084,85.1207,1720320,0.224,0.2635,0,0.181627,0,1,0
box_detour_wall,oi_face_rot_pstall_mppi,14410,256,16,0,0,1,1,1,101,0.24894,0.0304407,9.42198,0,0.731075,0.947821,0.209187,21.1279,24.0978,413696,0.2546,0.3014,0,0.209615,0,1,1
box_detour_wall,oi_face_rot_pstall_mppi,14417,256,16,0,0,1,1,1,130,0.245935,0.0200161,11.3499,0,0.78364,1.24313,0.18158,23.6054,26.2407,532480,0.2171,0.2608,0,0.18186,0,1,1
box_detour_wall,oi_face_rot_pstall_mppi,14424,256,16,0,0,1,1,1,140,0.228572,0.0695045,13.2587,0,0.892752,1.77809,0.18609,26.0526,29.0177,573440,0.2237,0.2427,0,0.186429,0,1,1
box_detour_wall,oi_face_rot_pstall_mppi,14431,256,16,0,0,1,1,1,106,0.2361,0.0967417,10.1093,0,0.749366,1.03452,0.187023,19.8244,22.1632,434176,0.2259,0.2593,0,0.187383,0,1,1
box_detour_wall,oi_face_rot_pstall_mppi,14438,256,16,0,0,1,1,1,120,0.235056,0.0978224,11.6314,0,0.901319,1.66744,0.19679,23.6148,26.4844,491520,0.2412,0.2809,0,0.197099,0,1,1
box_detour_wall,oi_face_rot_pstall_mppi,14445,256,16,0,0,1,1,1,109,0.234292,0.00945743,10.3798,0,0.844144,1.22447,0.193797,21.1239,23.8112,446464,0.2322,0.2511,0,0.194078,0,1,1
box_detour_wall,oi_face_rot_pstall_mppi,14452,256,16,0,0,1,1,1,140,0.227391,0.0934812,11.6843,0,0.957773,1.9598,0.194438,27.2213,30.1524,573440,0.228,0.3583,0,0.194705,0,1,1
box_detour_wall,oi_face_rot_pstall_mppi,14459,256,16,0,0,1,1,1,121,0.230782,0.0924741,11.5231,0,0.728931,1.1119,0.183053,22.1494,24.6689,495616,0.2229,0.2461,0,0.183373,0,1,1
box_detour_wall,oi_face_rot_pstall_mppi,14466,256,16,0,0,1,1,1,125,0.24681,0.0809781,11.765,0,0.765025,1.20415,0.18591,23.2387,25.9313,512000,0.2248,0.2489,0,0.186146,0,1,1
box_detour_wall,oi_face_rot_pstall_mppi,14473,256,16,0,0,1,1,1,156,0.241195,0.0357793,14.7066,0,0.973951,1.90518,0.199181,31.0722,35.4045,638976,0.2481,0.2821,0,0.1995,0,1,1
box_detour_wall,oi_face_rot_pstall_mppi,14480,256,16,0,0,1,1,1,131,0.245278,0.0574052,12.3844,0,0.822244,1.32951,0.18918,24.7826,27.852,536576,0.2514,0.288,0,0.189468,0,1,1
box_detour_wall,oi_face_rot_pstall_mppi,14487,256,16,0,0,1,1,1,108,0.229262,0.037477,10.4054,0,0.702536,0.912756,0.197429,21.3223,24.3288,442368,0.2371,0.2478,0,0.197832,0,1,1
box_detour_wall,oi_face_rot_pstall_mppi,14494,256,16,0,0,1,1,1,120,0.235681,0.0402947,11.563,0,0.787319,1.20613,0.177424,21.2909,23.3987,491520,0.2094,0.256,0,0.177656,0,1,1
box_detour_wall,oi_face_rot_pstall_mppi,14501,256,16,0,0,1,1,1,114,0.244945,0.113353,11.1493,0,0.70513,1.11996,0.180056,20.5264,22.8146,466944,0.2268,0.253,0,0.180335,0,1,1
box_detour_wall,oi_face_rot_pstall_mppi,14508,256,16,0,0,1,1,1,106,0.231351,0.108521,9.74644,0,0.796332,1.25589,0.199401,21.1365,24.3074,434176,0.2367,0.3095,0,0.199757,0,1,1
box_detour_wall,oi_face_rot_pstall_mppi,14515,256,16,0,0,1,1,1,104,0.240184,0.0601653,9.92408,0,0.731013,0.983627,0.187823,19.5336,21.7815,425984,0.2255,0.2433,0,0.18814,0,1,1
box_detour_wall,oi_face_rot_pstall_mppi,14522,256,16,0,0,1,1,1,124,0.242653,0.0365706,11.9443,0,0.778185,1.16558,0.257873,31.9763,37.5667,507904,0.3997,0.5107,0,0.258198,0,1,1
box_detour_wall,oi_face_rot_pstall_mppi,14529,256,16,0,0,1,1,1,140,0.247977,0.00707268,12.3696,0,0.957003,2.00018,0.174686,24.4561,26.511,573440,0.2073,0.2389,0,0.174902,0,1,1
box_detour_wall,oi_face_rot_pstall_mppi,14536,256,16,0,0,1,1,1,120,0.247655,0.0773981,11.4301,0,0.774507,1.16152,0.210964,25.3157,29.2649,491520,0.2992,0.3826,0,0.211276,0,1,1
box_detour_wall,oi_face_rot_pstall_mppi,14543,256,16,0,0,1,1,1,144,0.247752,0.0150194,14.8391,0,0.767016,1.14785,0.191611,27.592,31.0965,589824,0.2307,0.2538,0,0.191886,0,1,1
box_detour_wall,oi_face_rot_pstall_mppi,14550,256,16,0,0,1,1,1,158,0.246573,0.12938,15.4572,0,0.693146,0.893569,0.183031,28.9189,31.622,647168,0.2193,0.2291,0,0.183267,0,1,1
box_detour_wall,oi_face_rot_pstall_mppi,14557,256,16,0,0,1,1,1,108,0.228213,0.0676894,9.91019,0,0.781079,1.40301,0.18163,19.616,21.8377,442368,0.2078,0.2481,0,0.181947,0,1,1
box_detour_wall,oi_face_rot_pstall_mppi,14564,256,16,0,0,1,1,1,125,0.246218,0.0118881,11.9674,0,0.763395,1.14282,0.19505,24.3813,27.3957,512000,0.239,0.4748,0,0.195378,0,1,1
box_detour_wall,oi_face_rot_pstall_mppi,14571,256,16,0,0,1,1,1,144,0.248941,0.102125,12.3438,0,1.03018,2.03527,0.23332,33.5981,38.8916,589824,0.3172,0.3575,0,0.233665,0,1,1
box_detour_wall,oi_face_rot_pstall_mppi,14578,256,16,0,0,1,1,1,154,0.228948,0.0567896,14.5302,0,0.914496,1.60759,0.181292,27.919,29.9834,630784,0.2075,0.219,0,0.181504,0,1,1
box_detour_wall,oi_face_rot_pstall_mppi,14585,256,16,0,0,1,1,1,121,0.249687,0.0992443,10.5682,0,0.919185,1.54995,0.173158,20.9521,22.5966,495616,0.2013,0.2101,0,0.17334,0,1,1
box_detour_wall,oi_face_rot_pstall_mppi,14592,256,16,0,0,1,1,1,120,0.230782,0.0456717,11.4063,0,0.812774,1.32981,0.187847,22.5416,25.2317,491520,0.2289,0.2516,0,0.188172,0,1,1
box_detour_wall,oi_face_rot_pstall_mppi,14599,256,16,0,0,1,1,1,188,0.245862,0.116543,18.1138,0,0.88248,1.40942,0.182217,34.2567,38.1716,770048,0.2231,0.2565,0,0.182472,0,1,1
box_detour_wall,oi_face_rot_pstall_mppi,14606,256,16,0,0,1,1,1,157,0.228166,0.0784984,13.462,0,0.893565,1.63076,0.18123,28.4531,30.8232,643072,0.2104,0.3247,0,0.18144,0,1,1
box_detour_wall,oi_face_rot_pstall_mppi,14613,256,16,0,0,1,1,1,220,0.217875,0.0818299,20.8691,0,0.905752,1.45325,0.175275,38.5604,41.6843,901120,0.21,0.2354,0,0.17544,0,1,1
box_detour_wall,oi_face_rot_pstall_mppi,14620,256,16,0,0,1,1,1,124,0.232926,0.0768955,12.7192,0,0.851577,1.39435,0.179783,22.2931,24.4302,507904,0.2055,0.2222,0,0.180048,0,1,1
box_detour_wall,oi_face_rot_pstall_mppi,14627,256,16,0,0,1,1,1,141,0.248996,0.0193328,12.7471,0,0.805288,1.21872,0.179059,25.2473,27.5783,577536,0.2121,0.2217,0,0.179287,0,1,1
box_detour_wall,oi_face_rot_pstall_mppi,14634,256,16,0,0,0,1,0,420,1.2024,0.181741,49.2247,0,2.51779,8.62667,0.175393,73.6649,80.7895,1720320,0.2083,0.3168,0,0.175531,0,1,0
box_detour_wall,oi_face_rot_pstall_mppi,14641,256,16,0,0,1,1,1,130,0.237218,0.0561231,11.8636,0,0.94111,1.64809,0.182952,23.7837,26.4123,532480,0.2235,0.2377,0,0.183231,0,1,1
box_detour_wall,oi_face_rot_pstall_mppi,14648,256,16,0,0,1,1,1,143,0.238514,0.0675245,13.6328,0,0.791031,1.18199,0.175771,25.1353,27.2411,585728,0.208,0.2462,0,0.175969,0,1,1
box_detour_wall,oi_face_rot_pstall_mppi,14655,256,16,0,0,1,1,1,125,0.233945,0.0643209,11.5671,0,0.799258,1.27554,0.18157,22.6962,24.9499,512000,0.2172,0.2722,0,0.181884,0,1,1
box_detour_wall,oi_face_rot_pstall_mppi,14662,256,16,0,0,1,1,1,129,0.249199,0.0366937,11.9778,0,0.735904,1.09941,0.182657,23.5628,25.4634,528384,0.2136,0.2256,0,0.182929,0,1,1
box_detour_wall,oi_face_rot_pstall_mppi,14669,256,16,0,0,1,1,1,138,0.244929,0.0171237,11.9684,0,0.962542,1.85064,0.190078,26.2308,29.5674,565248,0.2321,0.2641,0,0.190332,0,1,1
box_detour_wall,oi_face_rot_pstall_mppi,14676,256,16,0,0,1,1,1,133,0.231342,0.110954,12.4277,0,0.898953,1.50595,0.218304,29.0345,32.544,544768,0.2514,0.9503,0,0.218637,0,1,1
box_detour_wall,oi_face_rot_pstall_mppi,14683,256,16,0,0,1,1,1,131,0.230075,0.113331,12.5881,0,0.717417,0.989559,0.181458,23.771,26.2918,536576,0.2126,0.228,0,0.18176,0,1,1
box_detour_wall,oi_face_rot_pstall_mppi,14690,256,16,0,0,1,1,1,154,0.246838,0.0471679,13.2482,0,0.882917,1.54238,0.177899,27.3964,29.7979,630784,0.2078,0.23,0,0.178127,0,1,1
box_detour_wall,oi_face_rot_pstall_mppi,14697,256,16,0,0,1,1,1,118,0.230709,0.0946355,10.9869,0,0.935039,1.79664,0.183786,21.6867,23.8702,483328,0.2217,0.2347,0,0.184046,0,1,1
box_detour_wall,oi_face_rot_pstall_mppi,14704,256,16,0,0,1,1,1,134,0.240385,0.0555481,12.435,0,0.873169,1.47019,0.192451,25.7884,28.7568,548864,0.3002,0.4379,0,0.192675,0,1,1
box_detour_wall,oi_face_rot_pstall_mppi,14711,256,16,0,0,1,1,1,135,0.232061,0.00659939,12.9151,0,0.806854,1.45934,0.175831,23.7372,26.0889,552960,0.2091,0.2411,0,0.176046,0,1,1
box_detour_wall,oi_face_rot_pstall_mppi,14718,256,16,0,0,1,1,1,175,0.243115,0.01867,16.0799,0,0.841139,1.33051,0.177012,30.9771,33.473,716800,0.2062,0.2339,0,0.177183,0,1,1
box_detour_wall,oi_face_rot_pstall_mppi,14725,256,16,0,0,1,1,1,121,0.231681,0.0495735,11.756,0,0.872469,1.49292,0.178537,21.603,24.1055,495616,0.2232,0.251,0,0.178798,0,1,1
box_detour_wall,oi_face_rot_pstall_mppi,14732,256,16,0,0,1,1,1,134,0.242556,0.0322489,11.7831,0,0.905796,1.62656,0.179619,24.0689,26.5008,548864,0.2127,0.2349,0,0.179884,0,1,1
box_detour_wall,oi_face_rot_pstall_mppi,14739,256,16,0,0,1,1,1,124,0.234694,0.104569,10.6488,0,0.867785,1.47259,0.179028,22.1995,24.3141,507904,0.2129,0.2511,0,0.179267,0,1,1
box_detour_wall,oi_face_rot_pstall_mppi,14746,256,16,0,0,1,1,1,110,0.238848,0.0528134,10.3109,0,0.844571,1.48726,0.172829,19.0112,20.6261,450560,0.2022,0.2186,0,0.173032,0,1,1
box_detour_wall,oi_face_rot_pstall_mppi,14753,256,16,0,0,1,1,1,111,0.242115,0.114031,10.6013,0,0.707113,0.977902,0.178392,19.8015,21.638,454656,0.2153,0.2293,0,0.178713,0,1,1
box_detour_wall,oi_face_rot_pstall_mppi,14760,256,16,0,0,1,1,1,153,0.237117,0.0553589,14.6025,0,0.864835,1.46678,0.179079,27.3991,29.7114,626688,0.2133,0.2421,0,0.179316,0,1,1
box_detour_wall,oi_face_rot_pstall_mppi,14767,256,16,0,0,1,1,1,117,0.229447,0.0619064,11.0123,0,0.867787,1.66788,0.18214,21.3104,23.3846,479232,0.2235,0.2308,0,0.182381,0,1,1
box_detour_wall,oi_face_rot_pstall_mppi,14774,256,16,0,0,1,1,1,161,0.229698,0.0857794,14.6514,0,0.980122,1.84585,0.172714,27.807,30.0572,659456,0.206,0.2374,0,0.172891,0,1,1
box_detour_wall,oi_face_rot_pstall_mppi,14781,256,16,0,0,1,1,1,124,0.222207,0.0812587,10.6975,0,0.841444,1.44082,0.172304,21.3657,23.2468,507904,0.2011,0.2194,0,0.172457,0,1,1
box_detour_wall,oi_face_rot_pstall_mppi,14788,256,16,0,0,1,1,1,171,0.249694,0.0651167,17.0324,0,0.767712,1.07438,0.183812,31.4318,34.5589,700416,0.2265,0.2547,0,0.18403,0,1,1
box_detour_wall,oi_face_rot_pstall_mppi,14795,256,16,0,0,1,1,1,144,0.248024,0.0118683,12.7235,0,1.00208,1.94158,0.177751,25.5962,27.8755,589824,0.2133,0.2418,0,0.178008,0,1,1
box_detour_wall,oi_face_rot_pstall_mppi,14802,256,16,0,0,1,1,1,115,0.23384,0.0170336,10.9021,0,0.733348,1.06964,0.173679,19.9731,21.4985,471040,0.2079,0.2139,0,0.173891,0,1,1
box_detour_wall,oi_face_rot_pstall_mppi,14809,256,16,0,0,1,1,1,108,0.228497,0.0755654,10.279,0,0.720604,0.958155,0.169086,18.2613,19.7364,442368,0.1983,0.2145,0,0.169289,0,1,1
box_detour_wall,oi_face_rot_pstall_mppi,14816,256,16,0,0,1,1,1,122,0.23114,0.011879,11.8517,0,0.715461,1.08029,0.185409,22.6199,24.5508,499712,0.2176,0.2469,0,0.18565,0,1,1
box_detour_wall,oi_face_rot_pstall_mppi,14823,256,16,0,0,1,1,1,133,0.227984,0.117259,11.4682,0,0.799225,1.29404,0.176341,23.4534,25.5015,544768,0.2093,0.2459,0,0.176547,0,1,1
box_detour_wall,oi_face_rot_pstall_mppi,14830,256,16,0,0,1,1,1,166,0.226257,0.0326102,14.7574,0,0.839513,1.44038,0.180287,29.9277,32.7349,679936,0.2188,0.4769,0,0.180522,0,1,1
box_detour_wall,oi_face_rot_pstall_mppi,14837,256,16,0,0,1,1,1,115,0.236291,0.0471041,10.9031,0,0.726506,0.909791,0.175424,20.1738,21.9846,471040,0.2097,0.2315,0,0.175652,0,1,1
box_detour_wall,oi_face_rot_pstall_mppi,14844,256,16,0,0,1,1,1,106,0.238235,0.0907869,10.2502,0,0.735824,1.01439,0.182809,19.3777,21.2693,434176,0.2123,0.2622,0,0.183066,0,1,1
box_detour_wall,oi_face_rot_pstall_mppi,14851,256,16,0,0,1,1,1,106,0.239103,0.0698398,10.2656,0,0.898411,1.55193,0.183516,19.4527,21.8613,434176,0.2184,0.2527,0,0.183886,0,1,1
box_detour_wall,oi_face_rot_pstall_mppi,14858,256,16,0,0,1,1,1,161,0.23353,0.0153414,13.8763,0,0.865505,1.44664,0.185918,29.9328,33.0892,659456,0.223,0.2657,0,0.186183,0,1,1
box_detour_wall,oi_face_rot_pstall_mppi,14865,256,16,0,0,1,1,1,117,0.247914,0.0542112,11.3428,0,0.714735,1.00133,0.185156,21.6632,24.0159,479232,0.2202,0.2927,0,0.185491,0,1,1
box_detour_wall,oi_face_rot_pstall_mppi,14872,256,16,0,0,1,1,1,152,0.234407,0.110202,14.3946,0,0.890235,1.59742,0.186022,28.2753,31.1257,622592,0.2234,0.2462,0,0.186278,0,1,1
box_detour_wall,oi_face_rot_pstall_mppi,14879,256,16,0,0,1,1,1,127,0.235553,0.0613493,11.9435,0,0.719578,1.06538,0.199284,25.3091,28.6906,520192,0.2399,0.3145,0,0.199613,0,1,1
box_detour_wall,oi_face_rot_pstall_mppi,14886,256,16,0,0,1,1,1,127,0.231,0.02514,11.7887,0,0.826312,1.26282,0.179466,22.7922,25.1176,520192,0.2216,0.251,0,0.179711,0,1,1
box_detour_wall,oi_face_rot_pstall_mppi,14893,256,16,0,0,1,1,1,108,0.228249,0.0422039,10.5012,0,0.816463,1.21328,0.176479,19.0597,20.5807,442368,0.2091,0.2564,0,0.176707,0,1,1
box_detour_wall,oi_face_rot_pstall_mppi,14900,256,16,0,0,1,1,1,153,0.225626,0.0731683,13.3347,0,0.978977,1.90243,0.19871,30.4027,34.3925,626688,0.2496,0.2762,0,0.198999,0,1,1
box_detour_wall,oi_face_rot_pstall_mppi,14907,256,16,0,0,1,1,1,104,0.240571,0.0250367,9.78557,0,0.847127,1.41248,0.177951,18.5069,20.0436,425984,0.2041,0.2484,0,0.178251,0,1,1
box_detour_wall,oi_face_rot_pstall_mppi,14914,256,16,0,0,1,1,1,116,0.227782,0.0514827,10.9351,0,0.767662,1.18349,0.196778,22.8263,25.6089,475136,0.2257,0.2391,0,0.197172,0,1,1
box_detour_wall,oi_face_rot_pstall_mppi,14921,256,16,0,0,1,1,1,105,0.241987,0.0869321,10.2015,0,0.777445,1.04556,0.195142,20.4899,23.1591,430080,0.2272,0.2619,0,0.195534,0,1,1
box_detour_wall,oi_face_rot_pstall_mppi,14928,256,16,0,0,1,1,1,112,0.23241,0.11452,10.4736,0,0.74497,1.08752,0.206289,23.1044,26.587,458752,0.2619,0.2924,0,0.20667,0,1,1
box_detour_wall,oi_face_rot_pstall_mppi,14935,256,16,0,0,1,1,1,129,0.218411,0.0165131,10.7877,0,0.901706,1.73454,0.200497,25.8641,29.5041,528384,0.2381,0.2686,0,0.200891,0,1,1
box_detour_wall,oi_face_rot_pstall_mppi,14942,256,16,0,0,1,1,1,121,0.229438,0.0723758,11.2438,0,0.716536,1.01613,0.216763,26.2283,30.2211,495616,0.3118,0.3845,0,0.217159,0,1,1
box_detour_wall,oi_face_rot_pstall_mppi,14949,256,16,0,0,1,1,1,142,0.243575,0.0287506,12.4416,0,0.890602,1.51344,0.197785,28.0855,32.5515,581632,0.2332,0.295,0,0.19813,0,1,1
box_detour_wall,oi_face_rot_stall_mppi,14256,256,16,0,0,1,1,1,136,0.238944,0.0784582,12.5288,0,0.651038,0.809163,0.221904,30.179,34.5117,557056,0.3034,0.4985,0,0.222248,0,1,1
box_detour_wall,oi_face_rot_stall_mppi,14263,256,16,0,0,1,1,1,122,0.232336,0.11749,11.591,0,0.821564,1.22442,0.205232,25.0383,28.3844,499712,0.251,0.295,0,0.205641,0,1,1
box_detour_wall,oi_face_rot_stall_mppi,14270,256,16,0,0,1,1,1,103,0.230042,0.0580926,9.90164,0,0.65357,0.87452,0.196651,20.2551,22.8542,421888,0.2501,0.3881,0,0.197052,0,1,1
box_detour_wall,oi_face_rot_stall_mppi,14277,256,16,0,0,1,1,1,111,0.242239,0.0130936,10.5,0,0.727743,1.0419,0.211098,23.4319,26.7901,454656,0.2518,0.2992,0,0.211451,0,1,1
box_detour_wall,oi_face_rot_stall_mppi,14284,256,16,0,0,1,1,1,122,0.249294,0.0584728,11.8556,0,0.793225,1.09668,0.194051,23.6742,26.4208,499712,0.2432,0.2814,0,0.194435,0,1,1
box_detour_wall,oi_face_rot_stall_mppi,14291,256,16,0,0,1,1,1,104,0.238408,0.0660788,9.84204,0,0.709035,0.874123,0.199481,20.746,23.5816,425984,0.2372,0.2488,0,0.199967,0,1,1
box_detour_wall,oi_face_rot_stall_mppi,14298,256,16,0,0,1,1,1,111,0.246841,0.0416311,10.6799,0,0.881771,1.57133,0.1961,21.7671,24.8562,454656,0.2381,0.2504,0,0.196528,0,1,1
box_detour_wall,oi_face_rot_stall_mppi,14305,256,16,0,0,1,1,1,131,0.230986,0.0426696,12.3934,0,0.829144,1.38201,0.205205,26.8819,30.1796,536576,0.2891,0.3569,0,0.205528,0,1,1
box_detour_wall,oi_face_rot_stall_mppi,14312,256,16,0,0,1,1,1,134,0.236837,0.0127002,11.6337,0,0.969566,1.9816,0.204595,27.4157,31.2262,548864,0.2475,0.2752,0,0.204905,0,1,1
box_detour_wall,oi_face_rot_stall_mppi,14319,256,16,0,0,1,1,1,126,0.235693,0.075406,12.0555,0,0.823485,1.28206,0.206446,26.0122,29.4595,516096,0.2487,0.2622,0,0.206882,0,1,1
box_detour_wall,oi_face_rot_stall_mppi,14326,256,16,0,0,1,1,1,122,0.249204,0.136504,11.7209,0,0.720225,1.07456,0.205223,25.0372,28.0544,499712,0.2528,0.8946,0,0.205557,0,1,1
box_detour_wall,oi_face_rot_stall_mppi,14333,256,16,0,0,1,1,1,108,0.242013,0.0342324,10.2143,0,0.784818,1.25823,0.178535,19.2818,21.3866,442368,0.2099,0.2382,0,0.178857,0,1,1
box_detour_wall,oi_face_rot_stall_mppi,14340,256,16,0,0,1,1,1,128,0.224811,0.0839559,10.7945,0,0.893684,1.57571,0.186068,23.8167,26.6141,524288,0.2437,0.2748,0,0.186385,0,1,1
box_detour_wall,oi_face_rot_stall_mppi,14347,256,16,0,0,1,1,1,124,0.23792,0.126366,11.6858,0,0.744005,1.11381,0.192672,23.8913,26.7994,507904,0.2412,0.3083,0,0.192935,0,1,1
box_detour_wall,oi_face_rot_stall_mppi,14354,256,16,0,0,1,1,1,120,0.243818,0.0397963,11.4347,0,0.778424,1.38509,0.201928,24.2314,27.9429,491520,0.2448,0.254,0,0.202292,0,1,1
box_detour_wall,oi_face_rot_stall_mppi,14361,256,16,0,0,1,1,1,97,0.235573,0.0709832,9.85079,0,0.699552,0.929346,0.202248,19.6181,22.0393,397312,0.2483,0.2562,0,0.202656,0,1,1
box_detour_wall,oi_face_rot_stall_mppi,14368,256,16,0,0,1,1,1,117,0.247911,0.00473613,11.6935,0,0.832677,1.32019,0.208114,24.3493,28.0394,479232,0.2516,0.2591,0,0.208428,0,1,1
box_detour_wall,oi_face_rot_stall_mppi,14375,256,16,0,0,1,1,1,138,0.230195,0.0568396,11.9771,0,0.880027,1.45973,0.21776,30.0509,34.7665,565248,0.3027,0.3426,0,0.218115,0,1,1
box_detour_wall,oi_face_rot_stall_mppi,14382,256,16,0,0,1,1,1,143,0.242243,0.0675364,13.4368,0,0.912347,1.62988,0.20731,29.6453,33.8929,585728,0.2459,0.3048,0,0.207722,0,1,1
box_detour_wall,oi_face_rot_stall_mppi,14389,256,16,0,0,0,1,0,420,1.19326,0.108104,48.225,0,2.41584,7.65689,0.196982,82.7324,94.3847,1720320,0.2406,0.2795,0,0.197197,0,1,0
box_detour_wall,oi_face_rot_stall_mppi,14396,256,16,0,0,1,1,1,107,0.244087,0.0947614,9.7967,0,0.836079,1.38355,0.196627,21.0391,23.8491,438272,0.2425,0.2743,0,0.197022,0,1,1
box_detour_wall,oi_face_rot_stall_mppi,14403,256,16,0,0,0,1,0,420,1.18798,0.173952,47.8951,0,2.83874,10.0849,0.20608,86.5534,100.114,1720320,0.2426,0.3354,0,0.206332,0,1,0
box_detour_wall,oi_face_rot_stall_mppi,14410,256,16,0,0,1,1,1,101,0.24894,0.0304407,9.42198,0,0.731075,0.947821,0.184178,18.602,20.7661,413696,0.2316,0.277,0,0.184506,0,1,1
box_detour_wall,oi_face_rot_stall_mppi,14417,256,16,0,0,1,1,1,130,0.245935,0.0200161,11.3499,0,0.78364,1.24313,0.192443,25.0176,28.1043,532480,0.2285,0.3579,0,0.192739,0,1,1
box_detour_wall,oi_face_rot_stall_mppi,14424,256,16,0,0,1,1,1,140,0.228572,0.0695045,13.2587,0,0.892752,1.77809,0.201536,28.2151,31.9119,573440,0.2431,0.5158,0,0.201965,0,1,1
box_detour_wall,oi_face_rot_stall_mppi,14431,256,16,0,0,1,1,1,106,0.2361,0.0967417,10.1093,0,0.749366,1.03452,0.205931,21.8287,25.0218,434176,0.2488,0.2717,0,0.206311,0,1,1
box_detour_wall,oi_face_rot_stall_mppi,14438,256,16,0,0,1,1,1,120,0.235056,0.0978224,11.6314,0,0.901319,1.66744,0.195319,23.4383,26.6545,491520,0.242,0.2644,0,0.195612,0,1,1
box_detour_wall,oi_face_rot_stall_mppi,14445,256,16,0,0,1,1,1,109,0.234292,0.00945743,10.3798,0,0.844144,1.22447,0.187453,20.4324,23.0449,446464,0.2282,0.2402,0,0.187723,0,1,1
box_detour_wall,oi_face_rot_stall_mppi,14452,256,16,0,0,1,1,1,140,0.227391,0.0934812,11.6843,0,0.957773,1.9598,0.232648,32.5707,37.8273,573440,0.3315,0.7124,0,0.232905,0,1,1
box_detour_wall,oi_face_rot_stall_mppi,14459,256,16,0,0,1,1,1,121,0.230782,0.0924741,11.5231,0,0.728931,1.1119,0.207349,25.0892,28.8116,495616,0.2495,0.3072,0,0.207678,0,1,1
box_detour_wall,oi_face_rot_stall_mppi,14466,256,16,0,0,1,1,1,125,0.24681,0.0809781,11.765,0,0.765025,1.20415,0.188592,23.574,26.1989,512000,0.2255,0.2734,0,0.188847,0,1,1
box_detour_wall,oi_face_rot_stall_mppi,14473,256,16,0,0,1,1,1,156,0.241195,0.0357793,14.7066,0,0.973951,1.90518,0.188751,29.4451,32.7402,638976,0.2325,0.2645,0,0.189072,0,1,1
box_detour_wall,oi_face_rot_stall_mppi,14480,256,16,0,0,1,1,1,131,0.245278,0.0574052,12.3844,0,0.822244,1.32951,0.182956,23.9672,26.5686,536576,0.2197,0.2377,0,0.183265,0,1,1
box_detour_wall,oi_face_rot_stall_mppi,14487,256,16,0,0,1,1,1,108,0.229262,0.037477,10.4054,0,0.702536,0.912756,0.189989,20.5188,23.0932,442368,0.2232,0.2395,0,0.190357,0,1,1
box_detour_wall,oi_face_rot_stall_mppi,14494,256,16,0,0,1,1,1,120,0.235681,0.0402947,11.563,0,0.787319,1.20613,0.180903,21.7084,24.201,491520,0.2089,0.2251,0,0.181182,0,1,1
box_detour_wall,oi_face_rot_stall_mppi,14501,256,16,0,0,1,1,1,114,0.244945,0.113353,11.1493,0,0.70513,1.11996,0.175177,19.9702,21.9696,466944,0.2125,0.2301,0,0.175427,0,1,1
box_detour_wall,oi_face_rot_stall_mppi,14508,256,16,0,0,1,1,1,106,0.231351,0.108521,9.74644,0,0.796332,1.25589,0.173448,18.3855,19.9161,434176,0.2071,0.2382,0,0.173697,0,1,1
box_detour_wall,oi_face_rot_stall_mppi,14515,256,16,0,0,1,1,1,104,0.240184,0.0601653,9.92408,0,0.731013,0.983627,0.183044,19.0366,20.7723,425984,0.2155,0.2321,0,0.183363,0,1,1
box_detour_wall,oi_face_rot_stall_mppi,14522,256,16,0,0,1,1,1,124,0.242653,0.0365706,11.9443,0,0.778185,1.16558,0.181573,22.5151,24.7337,507904,0.2156,0.2262,0,0.181795,0,1,1
box_detour_wall,oi_face_rot_stall_mppi,14529,256,16,0,0,1,1,1,140,0.247977,0.00707268,12.3696,0,0.957003,2.00018,0.176446,24.7025,26.8479,573440,0.2063,0.219,0,0.176654,0,1,1
box_detour_wall,oi_face_rot_stall_mppi,14536,256,16,0,0,1,1,1,120,0.247655,0.0773981,11.4301,0,0.774507,1.16152,0.175998,21.1198,22.9848,491520,0.2073,0.2676,0,0.176296,0,1,1
box_detour_wall,oi_face_rot_stall_mppi,14543,256,16,0,0,1,1,1,147,0.240052,0.0796973,15.0043,0,0.902997,1.61406,0.175354,25.7771,27.9014,602112,0.2001,0.2165,0,0.175598,0,1,1
box_detour_wall,oi_face_rot_stall_mppi,14550,256,16,0,0,1,1,1,158,0.246573,0.12938,15.4572,0,0.693146,0.893569,0.18671,29.5002,32.6296,647168,0.2274,0.2501,0,0.186983,0,1,1
box_detour_wall,oi_face_rot_stall_mppi,14557,256,16,0,0,1,1,1,108,0.228213,0.0676894,9.91019,0,0.781079,1.40301,0.1861,20.0988,22.3345,442368,0.2427,0.2664,0,0.186419,0,1,1
box_detour_wall,oi_face_rot_stall_mppi,14564,256,16,0,0,1,1,1,125,0.246218,0.0118881,11.9674,0,0.763395,1.14282,0.180823,22.6029,24.2547,512000,0.2082,0.2253,0,0.181002,0,1,1
box_detour_wall,oi_face_rot_stall_mppi,14571,256,16,0,0,1,1,1,144,0.248941,0.102125,12.3438,0,1.03018,2.03527,0.178922,25.7648,27.8275,589824,0.2104,0.2259,0,0.179128,0,1,1
box_detour_wall,oi_face_rot_stall_mppi,14578,256,16,0,0,1,1,1,154,0.228948,0.0567896,14.5302,0,0.914496,1.60759,0.182368,28.0846,30.5929,630784,0.2091,0.2196,0,0.182575,0,1,1
box_detour_wall,oi_face_rot_stall_mppi,14585,256,16,0,0,1,1,1,121,0.249687,0.0992443,10.5682,0,0.919185,1.54995,0.179668,21.7398,24.0092,495616,0.2204,0.2454,0,0.180028,0,1,1
box_detour_wall,oi_face_rot_stall_mppi,14592,256,16,0,0,1,1,1,120,0.230782,0.0456717,11.4063,0,0.812774,1.32981,0.192305,23.0766,25.3991,491520,0.2465,0.4552,0,0.192572,0,1,1
box_detour_wall,oi_face_rot_stall_mppi,14599,256,16,0,0,0,1,0,420,1.1848,0.131715,47.9292,0,2.3474,7.24547,0.175398,73.6673,80.7567,1720320,0.2042,0.2306,0,0.175539,0,1,0
box_detour_wall,oi_face_rot_stall_mppi,14606,256,16,0,0,1,1,1,157,0.228166,0.0784984,13.462,0,0.893565,1.63076,0.180837,28.3914,30.9043,643072,0.2094,0.2311,0,0.181168,0,1,1
box_detour_wall,oi_face_rot_stall_mppi,14613,256,16,0,0,0,1,0,420,1.20276,0.115173,48.6445,0,2.44547,7.45893,0.173165,72.7293,80.4355,1720320,0.2033,0.2378,0,0.173303,0,1,0
box_detour_wall,oi_face_rot_stall_mppi,14620,256,16,0,0,1,1,1,124,0.232926,0.0768955,12.7192,0,0.851577,1.39435,0.183699,22.7787,25.0908,507904,0.2214,0.2382,0,0.183947,0,1,1
box_detour_wall,oi_face_rot_stall_mppi,14627,256,16,0,0,1,1,1,141,0.248996,0.0193328,12.7471,0,0.805288,1.21872,0.225953,31.8594,37.1048,577536,0.3298,0.3746,0,0.226238,0,1,1
box_detour_wall,oi_face_rot_stall_mppi,14634,256,16,0,0,0,1,0,420,1.20858,0.185646,49.4511,0,2.92046,10.4589,0.185204,77.7855,87.4523,1720320,0.2239,0.4592,0,0.185392,0,1,0
box_detour_wall,oi_face_rot_stall_mppi,14641,256,16,0,0,1,1,1,130,0.237218,0.0561231,11.8636,0,0.94111,1.64809,0.189477,24.632,27.6768,532480,0.2374,0.295,0,0.189788,0,1,1
box_detour_wall,oi_face_rot_stall_mppi,14648,256,16,0,0,1,1,1,143,0.238514,0.0675245,13.6328,0,0.791031,1.18199,0.194192,27.7695,31.0715,585728,0.2413,0.2705,0,0.194495,0,1,1
box_detour_wall,oi_face_rot_stall_mppi,14655,256,16,0,0,1,1,1,125,0.233945,0.0643209,11.5671,0,0.799258,1.27554,0.191622,23.9528,26.6259,512000,0.2341,0.6312,0,0.191958,0,1,1
box_detour_wall,oi_face_rot_stall_mppi,14662,256,16,0,0,1,1,1,129,0.249199,0.0366937,11.9778,0,0.735904,1.09941,0.186147,24.013,26.7995,528384,0.2383,0.2502,0,0.186419,0,1,1
box_detour_wall,oi_face_rot_stall_mppi,14669,256,16,0,0,1,1,1,138,0.244929,0.0171237,11.9684,0,0.962542,1.85064,0.168088,23.1961,25.2196,565248,0.1936,0.2276,0,0.168282,0,1,1
box_detour_wall,oi_face_rot_stall_mppi,14676,256,16,0,0,1,1,1,133,0.231342,0.110954,12.4277,0,0.898953,1.50595,0.197598,26.2805,29.7044,544768,0.2583,0.5054,0,0.19789,0,1,1
box_detour_wall,oi_face_rot_stall_mppi,14683,256,16,0,0,1,1,1,131,0.230075,0.113331,12.5881,0,0.717417,0.989559,0.179015,23.4509,25.681,536576,0.2223,0.2634,0,0.179274,0,1,1
box_detour_wall,oi_face_rot_stall_mppi,14690,256,16,0,0,1,1,1,154,0.246838,0.0471679,13.2482,0,0.882917,1.54238,0.185684,28.5953,32.0735,630784,0.2233,0.2783,0,0.18597,0,1,1
box_detour_wall,oi_face_rot_stall_mppi,14697,256,16,0,0,1,1,1,118,0.230709,0.0946355,10.9869,0,0.935039,1.79664,0.178501,21.0631,23.0664,483328,0.2201,0.2316,0,0.178798,0,1,1
box_detour_wall,oi_face_rot_stall_mppi,14704,256,16,0,0,1,1,1,134,0.240385,0.0555481,12.435,0,0.873169,1.47019,0.181889,24.3731,26.4917,548864,0.2203,0.2767,0,0.182116,0,1,1
box_detour_wall,oi_face_rot_stall_mppi,14711,256,16,0,0,1,1,1,135,0.232061,0.00659939,12.9151,0,0.806854,1.45934,0.174465,23.5528,25.528,552960,0.2006,0.2389,0,0.174656,0,1,1
box_detour_wall,oi_face_rot_stall_mppi,14718,256,16,0,0,0,1,0,420,1.19547,0.0946751,47.8967,0,2.33348,6.92246,0.175824,73.8461,81.5016,1720320,0.2048,0.2473,0,0.175977,0,1,0
box_detour_wall,oi_face_rot_stall_mppi,14725,256,16,0,0,1,1,1,121,0.231681,0.0495735,11.756,0,0.872469,1.49292,0.179772,21.7524,24.0089,495616,0.2143,0.2338,0,0.180027,0,1,1
box_detour_wall,oi_face_rot_stall_mppi,14732,256,16,0,0,1,1,1,134,0.242556,0.0322489,11.7831,0,0.905796,1.62656,0.173782,23.2868,25.132,548864,0.2062,0.2197,0,0.17399,0,1,1
box_detour_wall,oi_face_rot_stall_mppi,14739,256,16,0,0,1,1,1,124,0.234694,0.104569,10.6488,0,0.867785,1.47259,0.175204,21.7253,23.6838,507904,0.2069,0.2297,0,0.17541,0,1,1
box_detour_wall,oi_face_rot_stall_mppi,14746,256,16,0,0,1,1,1,110,0.238848,0.0528134,10.3109,0,0.844571,1.48726,0.182071,20.0278,22.2506,450560,0.2319,0.2509,0,0.182395,0,1,1
box_detour_wall,oi_face_rot_stall_mppi,14753,256,16,0,0,1,1,1,111,0.242115,0.114031,10.6013,0,0.707113,0.977902,0.182733,20.2834,22.526,454656,0.2207,0.2573,0,0.182992,0,1,1
box_detour_wall,oi_face_rot_stall_mppi,14760,256,16,0,0,1,1,1,153,0.237117,0.0553589,14.6025,0,0.864835,1.46678,0.192248,29.4139,32.8402,626688,0.2834,0.3296,0,0.192472,0,1,1
box_detour_wall,oi_face_rot_stall_mppi,14767,256,16,0,0,1,1,1,117,0.229447,0.0619064,11.0123,0,0.867787,1.66788,0.179546,21.0069,23.0642,479232,0.2147,0.2236,0,0.179763,0,1,1
box_detour_wall,oi_face_rot_stall_mppi,14774,256,16,0,0,0,1,0,420,1.1969,0.131866,48.3635,0,2.63429,8.51806,0.175643,73.7701,82.38,1720320,0.2144,0.6563,0,0.175843,0,1,0
box_detour_wall,oi_face_rot_stall_mppi,14781,256,16,0,0,1,1,1,124,0.222207,0.0812587,10.6975,0,0.841444,1.44082,0.174306,21.614,24.1245,507904,0.2118,0.2241,0,0.174554,0,1,1
box_detour_wall,oi_face_rot_stall_mppi,14788,256,16,0,0,1,1,1,171,0.249694,0.0651167,17.0324,0,0.767712,1.07438,0.18639,31.8726,35.0339,700416,0.2154,0.2579,0,0.186635,0,1,1
box_detour_wall,oi_face_rot_stall_mppi,14795,256,16,0,0,1,1,1,144,0.248024,0.0118683,12.7235,0,1.00208,1.94158,0.177883,25.6152,27.8622,589824,0.2081,0.2212,0,0.178132,0,1,1
box_detour_wall,oi_face_rot_stall_mppi,14802,256,16,0,0,1,1,1,115,0.23384,0.0170336,10.9021,0,0.733348,1.06964,0.192208,22.1039,24.678,471040,0.2441,0.27,0,0.192481,0,1,1
box_detour_wall,oi_face_rot_stall_mppi,14809,256,16,0,0,1,1,1,108,0.228497,0.0755654,10.279,0,0.720604,0.958155,0.175893,18.9964,20.6909,442368,0.2156,0.236,0,0.176106,0,1,1
box_detour_wall,oi_face_rot_stall_mppi,14816,256,16,0,0,1,1,1,122,0.23114,0.011879,11.8517,0,0.715461,1.08029,0.180454,22.0154,24.0967,499712,0.2228,0.2403,0,0.180668,0,1,1
box_detour_wall,oi_face_rot_stall_mppi,14823,256,16,0,0,1,1,1,133,0.227984,0.117259,11.4682,0,0.799225,1.29404,0.180237,23.9715,26.1702,544768,0.2103,0.2373,0,0.180417,0,1,1
box_detour_wall,oi_face_rot_stall_mppi,14830,256,16,0,0,1,1,1,166,0.226257,0.0326102,14.7574,0,0.839513,1.44038,0.176062,29.2263,31.7433,679936,0.2121,0.2314,0,0.176217,0,1,1
box_detour_wall,oi_face_rot_stall_mppi,14837,256,16,0,0,1,1,1,115,0.236291,0.0471041,10.9031,0,0.726506,0.909791,0.174184,20.0312,21.6764,471040,0.209,0.2391,0,0.174416,0,1,1
box_detour_wall,oi_face_rot_stall_mppi,14844,256,16,0,0,1,1,1,106,0.238235,0.0907869,10.2502,0,0.735824,1.01439,0.186496,19.7686,21.8926,434176,0.2136,0.2263,0,0.186771,0,1,1
box_detour_wall,oi_face_rot_stall_mppi,14851,256,16,0,0,1,1,1,106,0.239103,0.0698398,10.2656,0,0.898411,1.55193,0.175014,18.5515,20.4885,434176,0.2005,0.2237,0,0.175262,0,1,1
box_detour_wall,oi_face_rot_stall_mppi,14858,256,16,0,0,1,1,1,161,0.23353,0.0153414,13.8763,0,0.865505,1.44664,0.17624,28.3746,30.7353,659456,0.2051,0.2228,0,0.176436,0,1,1
box_detour_wall,oi_face_rot_stall_mppi,14865,256,16,0,0,1,1,1,117,0.247914,0.0542112,11.3428,0,0.714735,1.00133,0.186068,21.7699,23.9441,479232,0.2301,0.2526,0,0.186323,0,1,1
box_detour_wall,oi_face_rot_stall_mppi,14872,256,16,0,0,1,1,1,152,0.234407,0.110202,14.3946,0,0.890235,1.59742,0.179466,27.2789,29.5335,622592,0.2114,0.2412,0,0.179761,0,1,1
box_detour_wall,oi_face_rot_stall_mppi,14879,256,16,0,0,1,1,1,127,0.235553,0.0613493,11.9435,0,0.719578,1.06538,0.176576,22.4251,24.3853,520192,0.2041,0.2218,0,0.176805,0,1,1
box_detour_wall,oi_face_rot_stall_mppi,14886,256,16,0,0,1,1,1,127,0.231,0.02514,11.7887,0,0.826312,1.26282,0.182445,23.1705,25.2052,520192,0.2256,0.4016,0,0.182629,0,1,1
box_detour_wall,oi_face_rot_stall_mppi,14893,256,16,0,0,1,1,1,108,0.228249,0.0422039,10.5012,0,0.816463,1.21328,0.177567,19.1772,20.9533,442368,0.208,0.2352,0,0.177785,0,1,1
box_detour_wall,oi_face_rot_stall_mppi,14900,256,16,0,0,1,1,1,153,0.225626,0.0731683,13.3347,0,0.978977,1.90243,0.17937,27.4436,30.0487,626688,0.2181,0.2772,0,0.179586,0,1,1
box_detour_wall,oi_face_rot_stall_mppi,14907,256,16,0,0,1,1,1,104,0.240571,0.0250367,9.78557,0,0.847127,1.41248,0.18805,19.5572,21.8052,425984,0.2333,0.3099,0,0.188351,0,1,1
box_detour_wall,oi_face_rot_stall_mppi,14914,256,16,0,0,1,1,1,116,0.227782,0.0514827,10.9351,0,0.767662,1.18349,0.176172,20.436,22.1863,475136,0.2113,0.2214,0,0.176391,0,1,1
box_detour_wall,oi_face_rot_stall_mppi,14921,256,16,0,0,1,1,1,105,0.241987,0.0869321,10.2015,0,0.777445,1.04556,0.171375,17.9944,19.4384,430080,0.198,0.217,0,0.171624,0,1,1
box_detour_wall,oi_face_rot_stall_mppi,14928,256,16,0,0,1,1,1,112,0.23241,0.11452,10.4736,0,0.74497,1.08752,0.176459,19.7634,21.5717,458752,0.2044,0.2244,0,0.176722,0,1,1
box_detour_wall,oi_face_rot_stall_mppi,14935,256,16,0,0,1,1,1,129,0.218411,0.0165131,10.7877,0,0.901706,1.73454,0.174913,22.5638,24.7387,528384,0.2045,0.231,0,0.175133,0,1,1
box_detour_wall,oi_face_rot_stall_mppi,14942,256,16,0,0,1,1,1,121,0.229438,0.0723758,11.2438,0,0.716536,1.01613,0.180339,21.821,23.8862,495616,0.2109,0.2977,0,0.18059,0,1,1
box_detour_wall,oi_face_rot_stall_mppi,14949,256,16,0,0,1,1,1,142,0.243575,0.0287506,12.4416,0,0.890602,1.51344,0.17713,25.1525,27.428,581632,0.2075,0.2253,0,0.17734,0,1,1
box_detour_wall,oi_face_rot_wide_mppi,14256,256,16,0,0,1,1,1,136,0.238944,0.0784582,12.5288,0,0.651038,0.809163,0.181048,24.6225,26.833,557056,0.217,0.238,0,0.181292,0,1,1
box_detour_wall,oi_face_rot_wide_mppi,14263,256,16,0,0,1,1,1,122,0.232336,0.11749,11.591,0,0.821564,1.22442,0.185966,22.6878,25.0066,499712,0.2133,0.2356,0,0.186253,0,1,1
box_detour_wall,oi_face_rot_wide_mppi,14270,256,16,0,0,1,1,1,103,0.230042,0.0580926,9.90164,0,0.65357,0.87452,0.180347,18.5757,20.3124,421888,0.2118,0.2282,0,0.180599,0,1,1
box_detour_wall,oi_face_rot_wide_mppi,14277,256,16,0,0,1,1,1,111,0.242239,0.0130936,10.5,0,0.727743,1.0419,0.178445,19.8074,21.511,454656,0.2108,0.2347,0,0.178655,0,1,1
box_detour_wall,oi_face_rot_wide_mppi,14284,256,16,0,0,1,1,1,122,0.249294,0.0584728,11.8556,0,0.793225,1.09668,0.175308,21.3876,23.1263,499712,0.208,0.2163,0,0.175522,0,1,1
box_detour_wall,oi_face_rot_wide_mppi,14291,256,16,0,0,1,1,1,104,0.238408,0.0660788,9.84204,0,0.709035,0.874123,0.173991,18.0951,19.4556,425984,0.2122,0.2312,0,0.174168,0,1,1
box_detour_wall,oi_face_rot_wide_mppi,14298,256,16,0,0,1,1,1,111,0.246841,0.0416311,10.6799,0,0.881771,1.57133,0.178976,19.8663,21.989,454656,0.2065,0.2233,0,0.179258,0,1,1
box_detour_wall,oi_face_rot_wide_mppi,14305,256,16,0,0,1,1,1,131,0.230986,0.0426696,12.3934,0,0.829144,1.38201,0.176919,23.1764,25.0803,536576,0.2073,0.2201,0,0.177127,0,1,1
box_detour_wall,oi_face_rot_wide_mppi,14312,256,16,0,0,1,1,1,134,0.236837,0.0127002,11.6337,0,0.969566,1.9816,0.175272,23.4865,25.4534,548864,0.2046,0.2747,0,0.175471,0,1,1
box_detour_wall,oi_face_rot_wide_mppi,14319,256,16,0,0,1,1,1,126,0.235693,0.075406,12.0555,0,0.823485,1.28206,0.176429,22.23,24.0719,516096,0.2053,0.219,0,0.176621,0,1,1
box_detour_wall,oi_face_rot_wide_mppi,14326,256,16,0,0,1,1,1,122,0.249204,0.136504,11.7209,0,0.720225,1.07456,0.184442,22.5019,24.9156,499712,0.2208,0.2496,0,0.184684,0,1,1
box_detour_wall,oi_face_rot_wide_mppi,14333,256,16,0,0,1,1,1,108,0.242013,0.0342324,10.2143,0,0.784818,1.25823,0.169934,18.3529,19.9271,442368,0.2026,0.2231,0,0.170135,0,1,1
box_detour_wall,oi_face_rot_wide_mppi,14340,256,16,0,0,1,1,1,128,0.224811,0.0839559,10.7945,0,0.893684,1.57571,0.170794,21.8616,23.7211,524288,0.1995,0.2115,0,0.170989,0,1,1
box_detour_wall,oi_face_rot_wide_mppi,14347,256,16,0,0,1,1,1,124,0.23792,0.126366,11.6858,0,0.744005,1.11381,0.184889,22.9262,25.1277,507904,0.223,0.2338,0,0.185115,0,1,1
box_detour_wall,oi_face_rot_wide_mppi,14354,256,16,0,0,1,1,1,120,0.243818,0.0397963,11.4347,0,0.778424,1.38509,0.178408,21.409,23.4059,491520,0.2114,0.4283,0,0.178662,0,1,1
box_detour_wall,oi_face_rot_wide_mppi,14361,256,16,0,0,1,1,1,97,0.235573,0.0709832,9.85079,0,0.699552,0.929346,0.174799,16.9555,18.5519,397312,0.2182,0.2331,0,0.175124,0,1,1
box_detour_wall,oi_face_rot_wide_mppi,14368,256,16,0,0,1,1,1,117,0.247911,0.00473613,11.6935,0,0.832677,1.32019,0.181476,21.2327,23.6049,479232,0.2154,0.2374,0,0.181801,0,1,1
box_detour_wall,oi_face_rot_wide_mppi,14375,256,16,0,0,1,1,1,138,0.230195,0.0568396,11.9771,0,0.880027,1.45973,0.176262,24.3242,26.7988,565248,0.2085,0.2181,0,0.176468,0,1,1
box_detour_wall,oi_face_rot_wide_mppi,14382,256,16,0,0,1,1,1,143,0.242243,0.0675364,13.4368,0,0.912347,1.62988,0.18992,27.1585,29.9803,585728,0.2382,0.3208,0,0.190159,0,1,1
box_detour_wall,oi_face_rot_wide_mppi,14389,256,16,0,0,1,1,1,287,0.246899,0.0463011,27.4637,0,0.980414,1.68057,0.184312,52.8975,57.6165,1175552,0.2188,0.2868,0,0.184494,0,1,1
box_detour_wall,oi_face_rot_wide_mppi,14396,256,16,0,0,1,1,1,107,0.244087,0.0947614,9.7967,0,0.836079,1.38355,0.173664,18.582,20.112,438272,0.2026,0.2619,0,0.173864,0,1,1
box_detour_wall,oi_face_rot_wide_mppi,14403,256,16,0,0,1,1,1,205,0.244081,0.0589861,20.7315,0,0.876792,1.36496,0.184253,37.7718,41.7114,839680,0.2146,0.2421,0,0.18442,0,1,1
box_detour_wall,oi_face_rot_wide_mppi,14410,256,16,0,0,1,1,1,101,0.24894,0.0304407,9.42198,0,0.731075,0.947821,0.178941,18.073,19.756,413696,0.2053,0.2381,0,0.179196,0,1,1
box_detour_wall,oi_face_rot_wide_mppi,14417,256,16,0,0,1,1,1,130,0.245935,0.0200161,11.3499,0,0.78364,1.24313,0.174969,22.746,24.4854,532480,0.2024,0.3052,0,0.175154,0,1,1
box_detour_wall,oi_face_rot_wide_mppi,14424,256,16,0,0,1,1,1,140,0.228572,0.0695045,13.2587,0,0.892752,1.77809,0.176141,24.6598,26.6209,573440,0.2125,0.4217,0,0.176306,0,1,1
box_detour_wall,oi_face_rot_wide_mppi,14431,256,16,0,0,1,1,1,106,0.2361,0.0967417,10.1093,0,0.749366,1.03452,0.177548,18.8201,20.5266,434176,0.2105,0.2353,0,0.177794,0,1,1
box_detour_wall,oi_face_rot_wide_mppi,14438,256,16,0,0,1,1,1,120,0.235056,0.0978224,11.6314,0,0.901319,1.66744,0.174437,20.9325,22.7533,491520,0.2101,0.2448,0,0.17466,0,1,1
box_detour_wall,oi_face_rot_wide_mppi,14445,256,16,0,0,1,1,1,109,0.234292,0.00945743,10.3798,0,0.844144,1.22447,0.175195,19.0963,20.761,446464,0.2085,0.2164,0,0.175451,0,1,1
box_detour_wall,oi_face_rot_wide_mppi,14452,256,16,0,0,1,1,1,140,0.227391,0.0934812,11.6843,0,0.957773,1.9598,0.174928,24.4899,26.552,573440,0.2069,0.2389,0,0.175139,0,1,1
box_detour_wall,oi_face_rot_wide_mppi,14459,256,16,0,0,1,1,1,121,0.230782,0.0924741,11.5231,0,0.728931,1.1119,0.179369,21.7036,23.9725,495616,0.2148,0.2457,0,0.179612,0,1,1
box_detour_wall,oi_face_rot_wide_mppi,14466,256,16,0,0,1,1,1,125,0.24681,0.0809781,11.765,0,0.765025,1.20415,0.184822,23.1027,25.4676,512000,0.2192,0.2575,0,0.185006,0,1,1
box_detour_wall,oi_face_rot_wide_mppi,14473,256,16,0,0,1,1,1,156,0.241195,0.0357793,14.7066,0,0.973951,1.90518,0.181222,28.2707,31.0081,638976,0.2092,0.2281,0,0.181456,0,1,1
box_detour_wall,oi_face_rot_wide_mppi,14480,256,16,0,0,1,1,1,131,0.245278,0.0574052,12.3844,0,0.822244,1.32951,0.183685,24.0628,26.4996,536576,0.2284,0.2508,0,0.183889,0,1,1
box_detour_wall,oi_face_rot_wide_mppi,14487,256,16,0,0,1,1,1,108,0.229262,0.037477,10.4054,0,0.702536,0.912756,0.186949,20.1905,22.8701,442368,0.2186,0.2279,0,0.187362,0,1,1
box_detour_wall,oi_face_rot_wide_mppi,14494,256,16,0,0,1,1,1,120,0.235681,0.0402947,11.563,0,0.787319,1.20613,0.185288,22.2346,24.9487,491520,0.2116,0.2313,0,0.185564,0,1,1
box_detour_wall,oi_face_rot_wide_mppi,14501,256,16,0,0,1,1,1,114,0.244945,0.113353,11.1493,0,0.70513,1.11996,0.176795,20.1546,21.9755,466944,0.2055,0.223,0,0.177018,0,1,1
box_detour_wall,oi_face_rot_wide_mppi,14508,256,16,0,0,1,1,1,106,0.231351,0.108521,9.74644,0,0.796332,1.25589,0.173641,18.406,20.0627,434176,0.201,0.2235,0,0.173872,0,1,1
box_detour_wall,oi_face_rot_wide_mppi,14515,256,16,0,0,1,1,1,104,0.240184,0.0601653,9.92408,0,0.731013,0.983627,0.177175,18.4262,20.074,425984,0.2119,0.2195,0,0.17742,0,1,1
box_detour_wall,oi_face_rot_wide_mppi,14522,256,16,0,0,1,1,1,124,0.242653,0.0365706,11.9443,0,0.778185,1.16558,0.174293,21.6123,23.2163,507904,0.2051,0.2206,0,0.17449,0,1,1
box_detour_wall,oi_face_rot_wide_mppi,14529,256,16,0,0,1,1,1,140,0.247977,0.00707268,12.3696,0,0.957003,2.00018,0.175529,24.5741,26.6505,573440,0.2049,0.2281,0,0.175702,0,1,1
box_detour_wall,oi_face_rot_wide_mppi,14536,256,16,0,0,1,1,1,120,0.247655,0.0773981,11.4301,0,0.774507,1.16152,0.171357,20.5628,22.2649,491520,0.1982,0.2226,0,0.171567,0,1,1
box_detour_wall,oi_face_rot_wide_mppi,14543,256,16,0,0,1,1,1,144,0.247752,0.0150194,14.8391,0,0.767016,1.14785,0.182267,26.2465,28.8697,589824,0.2169,0.2472,0,0.182481,0,1,1
box_detour_wall,oi_face_rot_wide_mppi,14550,256,16,0,0,1,1,1,158,0.246573,0.12938,15.4572,0,0.693146,0.893569,0.181977,28.7523,31.2813,647168,0.2224,0.2319,0,0.182153,0,1,1
box_detour_wall,oi_face_rot_wide_mppi,14557,256,16,0,0,1,1,1,108,0.228213,0.0676894,9.91019,0,0.781079,1.40301,0.182586,19.7193,21.7293,442368,0.2221,0.2623,0,0.182854,0,1,1
box_detour_wall,oi_face_rot_wide_mppi,14564,256,16,0,0,1,1,1,125,0.246218,0.0118881,11.9674,0,0.763395,1.14282,0.226573,28.3216,32.4144,512000,0.3399,0.3822,0,0.226858,0,1,1
box_detour_wall,oi_face_rot_wide_mppi,14571,256,16,0,0,1,1,1,144,0.248941,0.102125,12.3438,0,1.03018,2.03527,0.17607,25.354,27.4939,589824,0.2065,0.22,0,0.176256,0,1,1
box_detour_wall,oi_face_rot_wide_mppi,14578,256,16,0,0,1,1,1,154,0.228948,0.0567896,14.5302,0,0.914496,1.60759,0.207097,31.893,36.1143,630784,0.2309,0.9247,0,0.207428,0,1,1
box_detour_wall,oi_face_rot_wide_mppi,14585,256,16,0,0,1,1,1,121,0.249687,0.0992443,10.5682,0,0.919185,1.54995,0.176533,21.3605,23.4037,495616,0.2132,0.2417,0,0.176783,0,1,1
box_detour_wall,oi_face_rot_wide_mppi,14592,256,16,0,0,1,1,1,120,0.230782,0.0456717,11.4063,0,0.812774,1.32981,0.175506,21.0607,22.7645,491520,0.2064,0.2288,0,0.175744,0,1,1
box_detour_wall,oi_face_rot_wide_mppi,14599,256,16,0,0,1,1,1,188,0.245862,0.116543,18.1138,0,0.88248,1.40942,0.179858,33.8133,36.7215,770048,0.2136,0.2519,0,0.180023,0,1,1
box_detour_wall,oi_face_rot_wide_mppi,14606,256,16,0,0,1,1,1,157,0.228166,0.0784984,13.462,0,0.893565,1.63076,0.190879,29.968,33.6448,643072,0.2257,0.245,0,0.191157,0,1,1
box_detour_wall,oi_face_rot_wide_mppi,14613,256,16,0,0,1,1,1,220,0.217875,0.0818299,20.8691,0,0.905752,1.45325,0.184312,40.5487,45.1681,901120,0.2247,0.2332,0,0.18456,0,1,1
box_detour_wall,oi_face_rot_wide_mppi,14620,256,16,0,0,1,1,1,124,0.232926,0.0768955,12.7192,0,0.851577,1.39435,0.183057,22.6991,24.8448,507904,0.2301,0.2604,0,0.183273,0,1,1
box_detour_wall,oi_face_rot_wide_mppi,14627,256,16,0,0,1,1,1,141,0.248996,0.0193328,12.7471,0,0.805288,1.21872,0.190437,26.8516,29.9573,577536,0.2412,0.3894,0,0.190707,0,1,1
box_detour_wall,oi_face_rot_wide_mppi,14634,256,16,0,0,1,1,1,359,0.248126,0.0169798,37.7718,0,0.892007,1.38287,0.178519,64.0882,69.8066,1470464,0.2109,0.2442,0,0.17866,0,1,1
box_detour_wall,oi_face_rot_wide_mppi,14641,256,16,0,0,1,1,1,130,0.237218,0.0561231,11.8636,0,0.94111,1.64809,0.17477,22.7201,24.5309,532480,0.2072,0.2247,0,0.174955,0,1,1
box_detour_wall,oi_face_rot_wide_mppi,14648,256,16,0,0,1,1,1,143,0.238514,0.0675245,13.6328,0,0.791031,1.18199,0.175048,25.0319,27.0247,585728,0.2104,0.223,0,0.175286,0,1,1
box_detour_wall,oi_face_rot_wide_mppi,14655,256,16,0,0,1,1,1,125,0.233945,0.0643209,11.5671,0,0.799258,1.27554,0.181051,22.6314,24.7498,512000,0.212,0.2234,0,0.181243,0,1,1
box_detour_wall,oi_face_rot_wide_mppi,14662,256,16,0,0,1,1,1,129,0.249199,0.0366937,11.9778,0,0.735904,1.09941,0.179415,23.1446,25.1284,528384,0.2088,0.3328,0,0.179585,0,1,1
box_detour_wall,oi_face_rot_wide_mppi,14669,256,16,0,0,1,1,1,138,0.244929,0.0171237,11.9684,0,0.962542,1.85064,0.171558,23.675,25.6523,565248,0.2059,0.2383,0,0.171754,0,1,1
box_detour_wall,oi_face_rot_wide_mppi,14676,256,16,0,0,1,1,1,133,0.231342,0.110954,12.4277,0,0.898953,1.50595,0.189305,25.1776,27.628,544768,0.2145,0.487,0,0.189517,0,1,1
box_detour_wall,oi_face_rot_wide_mppi,14683,256,16,0,0,1,1,1,131,0.230075,0.113331,12.5881,0,0.717417,0.989559,0.180659,23.6663,25.9182,536576,0.2139,0.2593,0,0.180852,0,1,1
box_detour_wall,oi_face_rot_wide_mppi,14690,256,16,0,0,1,1,1,154,0.246838,0.0471679,13.2482,0,0.882917,1.54238,0.181497,27.9505,30.6377,630784,0.2113,0.2655,0,0.18176,0,1,1
box_detour_wall,oi_face_rot_wide_mppi,14697,256,16,0,0,1,1,1,118,0.230709,0.0946355,10.9869,0,0.935039,1.79664,0.186364,21.991,24.2541,483328,0.2179,0.2363,0,0.186627,0,1,1
box_detour_wall,oi_face_rot_wide_mppi,14704,256,16,0,0,1,1,1,134,0.240385,0.0555481,12.435,0,0.873169,1.47019,0.182063,24.3964,26.5808,548864,0.2102,0.2198,0,0.182261,0,1,1
box_detour_wall,oi_face_rot_wide_mppi,14711,256,16,0,0,1,1,1,135,0.232061,0.00659939,12.9151,0,0.806854,1.45934,0.177272,23.9317,26.0355,552960,0.2172,0.2438,0,0.177528,0,1,1
box_detour_wall,oi_face_rot_wide_mppi,14718,256,16,0,0,1,1,1,175,0.243115,0.01867,16.0799,0,0.841139,1.33051,0.177183,31.0071,34.0105,716800,0.2198,0.2634,0,0.177391,0,1,1
box_detour_wall,oi_face_rot_wide_mppi,14725,256,16,0,0,1,1,1,121,0.231681,0.0495735,11.756,0,0.872469,1.49292,0.174627,21.1299,22.9434,495616,0.2059,0.2446,0,0.174843,0,1,1
box_detour_wall,oi_face_rot_wide_mppi,14732,256,16,0,0,1,1,1,134,0.242556,0.0322489,11.7831,0,0.905796,1.62656,0.176351,23.631,25.7918,548864,0.2057,0.2251,0,0.176533,0,1,1
box_detour_wall,oi_face_rot_wide_mppi,14739,256,16,0,0,1,1,1,124,0.234694,0.104569,10.6488,0,0.867785,1.47259,0.177286,21.9835,24.11,507904,0.2158,0.2258,0,0.177556,0,1,1
box_detour_wall,oi_face_rot_wide_mppi,14746,256,16,0,0,1,1,1,110,0.238848,0.0528134,10.3109,0,0.844571,1.48726,0.188444,20.7288,23.0402,450560,0.2644,0.302,0,0.188695,0,1,1
box_detour_wall,oi_face_rot_wide_mppi,14753,256,16,0,0,1,1,1,111,0.242115,0.114031,10.6013,0,0.707113,0.977902,0.178555,19.8196,21.4737,454656,0.206,0.2167,0,0.178726,0,1,1
box_detour_wall,oi_face_rot_wide_mppi,14760,256,16,0,0,1,1,1,153,0.237117,0.0553589,14.6025,0,0.864835,1.46678,0.178924,27.3753,30.24,626688,0.219,0.2396,0,0.179167,0,1,1
box_detour_wall,oi_face_rot_wide_mppi,14767,256,16,0,0,1,1,1,117,0.229447,0.0619064,11.0123,0,0.867787,1.66788,0.175567,20.5413,22.3127,479232,0.2085,0.2207,0,0.175803,0,1,1
box_detour_wall,oi_face_rot_wide_mppi,14774,256,16,0,0,1,1,1,161,0.229698,0.0857794,14.6514,0,0.980122,1.84585,0.176586,28.4303,30.5587,659456,0.2053,0.2216,0,0.176736,0,1,1
box_detour_wall,oi_face_rot_wide_mppi,14781,256,16,0,0,1,1,1,124,0.222207,0.0812587,10.6975,0,0.841444,1.44082,0.165622,20.5371,22.2129,507904,0.187,0.2255,0,0.165803,0,1,1
box_detour_wall,oi_face_rot_wide_mppi,14788,256,16,0,0,1,1,1,171,0.249694,0.0651167,17.0324,0,0.767712,1.07438,0.183152,31.319,33.8199,700416,0.2131,0.2577,0,0.183347,0,1,1
box_detour_wall,oi_face_rot_wide_mppi,14795,256,16,0,0,1,1,1,144,0.248024,0.0118683,12.7235,0,1.00208,1.94158,0.179085,25.7882,27.8759,589824,0.2103,0.2833,0,0.179292,0,1,1
box_detour_wall,oi_face_rot_wide_mppi,14802,256,16,0,0,1,1,1,115,0.23384,0.0170336,10.9021,0,0.733348,1.06964,0.175423,20.1737,21.6689,471040,0.2008,0.2089,0,0.175601,0,1,1
box_detour_wall,oi_face_rot_wide_mppi,14809,256,16,0,0,1,1,1,108,0.228497,0.0755654,10.279,0,0.720604,0.958155,0.176242,19.0341,20.4994,442368,0.2051,0.2147,0,0.176418,0,1,1
box_detour_wall,oi_face_rot_wide_mppi,14816,256,16,0,0,1,1,1,122,0.23114,0.011879,11.8517,0,0.715461,1.08029,0.180058,21.9671,23.5734,499712,0.2075,0.2206,0,0.18025,0,1,1
box_detour_wall,oi_face_rot_wide_mppi,14823,256,16,0,0,1,1,1,133,0.227984,0.117259,11.4682,0,0.799225,1.29404,0.177259,23.5754,25.6231,544768,0.2052,0.23,0,0.177454,0,1,1
box_detour_wall,oi_face_rot_wide_mppi,14830,256,16,0,0,1,1,1,166,0.226257,0.0326102,14.7574,0,0.839513,1.44038,0.176794,29.3478,31.9316,679936,0.2072,0.2898,0,0.177003,0,1,1
box_detour_wall,oi_face_rot_wide_mppi,14837,256,16,0,0,1,1,1,115,0.236291,0.0471041,10.9031,0,0.726506,0.909791,0.172973,19.8919,21.4096,471040,0.2031,0.2154,0,0.173158,0,1,1
box_detour_wall,oi_face_rot_wide_mppi,14844,256,16,0,0,1,1,1,106,0.238235,0.0907869,10.2502,0,0.735824,1.01439,0.180735,19.1579,20.9584,434176,0.2196,0.2338,0,0.181016,0,1,1
box_detour_wall,oi_face_rot_wide_mppi,14851,256,16,0,0,1,1,1,106,0.239103,0.0698398,10.2656,0,0.898411,1.55193,0.178927,18.9663,20.9172,434176,0.2112,0.2452,0,0.179242,0,1,1
box_detour_wall,oi_face_rot_wide_mppi,14858,256,16,0,0,1,1,1,161,0.23353,0.0153414,13.8763,0,0.865505,1.44664,0.176286,28.3821,30.4718,659456,0.2038,0.2149,0,0.176462,0,1,1
box_detour_wall,oi_face_rot_wide_mppi,14865,256,16,0,0,1,1,1,117,0.247914,0.0542112,11.3428,0,0.714735,1.00133,0.178421,20.8753,22.4411,479232,0.2081,0.2309,0,0.178592,0,1,1
box_detour_wall,oi_face_rot_wide_mppi,14872,256,16,0,0,1,1,1,152,0.234407,0.110202,14.3946,0,0.890235,1.59742,0.183463,27.8863,29.9003,622592,0.2108,0.2551,0,0.183649,0,1,1
box_detour_wall,oi_face_rot_wide_mppi,14879,256,16,0,0,1,1,1,127,0.235553,0.0613493,11.9435,0,0.719578,1.06538,0.180021,22.8626,24.9127,520192,0.2086,0.2414,0,0.180227,0,1,1
box_detour_wall,oi_face_rot_wide_mppi,14886,256,16,0,0,1,1,1,127,0.231,0.02514,11.7887,0,0.826312,1.26282,0.176047,22.358,24.0364,520192,0.2028,0.2188,0,0.176221,0,1,1
box_detour_wall,oi_face_rot_wide_mppi,14893,256,16,0,0,1,1,1,108,0.228249,0.0422039,10.5012,0,0.816463,1.21328,0.171201,18.4897,19.9748,442368,0.201,0.2047,0,0.171394,0,1,1
box_detour_wall,oi_face_rot_wide_mppi,14900,256,16,0,0,1,1,1,153,0.225626,0.0731683,13.3347,0,0.978977,1.90243,0.176195,26.9578,29.2665,626688,0.2027,0.2169,0,0.1764,0,1,1
box_detour_wall,oi_face_rot_wide_mppi,14907,256,16,0,0,1,1,1,104,0.240571,0.0250367,9.78557,0,0.847127,1.41248,0.182646,18.9952,20.9859,425984,0.2124,0.2385,0,0.182944,0,1,1
box_detour_wall,oi_face_rot_wide_mppi,14914,256,16,0,0,1,1,1,116,0.227782,0.0514827,10.9351,0,0.767662,1.18349,0.18113,21.0111,23.1009,475136,0.2113,0.2181,0,0.181371,0,1,1
box_detour_wall,oi_face_rot_wide_mppi,14921,256,16,0,0,1,1,1,105,0.241987,0.0869321,10.2015,0,0.777445,1.04556,0.173506,18.2181,19.9613,430080,0.2218,0.2394,0,0.17377,0,1,1
box_detour_wall,oi_face_rot_wide_mppi,14928,256,16,0,0,1,1,1,112,0.23241,0.11452,10.4736,0,0.74497,1.08752,0.180685,20.2367,22.2882,458752,0.2318,0.2591,0,0.180916,0,1,1
box_detour_wall,oi_face_rot_wide_mppi,14935,256,16,0,0,1,1,1,129,0.218411,0.0165131,10.7877,0,0.901706,1.73454,0.178094,22.9741,25.0549,528384,0.21,0.2327,0,0.178277,0,1,1
box_detour_wall,oi_face_rot_wide_mppi,14942,256,16,0,0,1,1,1,121,0.229438,0.0723758,11.2438,0,0.716536,1.01613,0.177788,21.5124,23.362,495616,0.2088,0.2223,0,0.17797,0,1,1
box_detour_wall,oi_face_rot_wide_mppi,14949,256,16,0,0,1,1,1,142,0.243575,0.0287506,12.4416,0,0.890602,1.51344,0.178736,25.3805,27.6773,581632,0.2136,0.2361,0,0.178958,0,1,1
box_detour_wall_far,oi_face_rot_pstall_mppi,14556,256,16,0,0,1,1,1,111,0.240197,0.00435263,14.9375,0,0.902428,1.41885,0.174714,19.3933,21.0867,454656,0.2125,0.2258,0,0.174887,0,1,1
box_detour_wall_far,oi_face_rot_pstall_mppi,14563,256,16,0,0,1,1,1,155,0.233304,0.0291037,19.977,0,0.883665,1.57955,0.170052,26.358,28.8404,634880,0.2029,0.2491,0,0.17023,0,1,1
box_detour_wall_far,oi_face_rot_pstall_mppi,14570,256,16,0,0,1,1,1,162,0.246428,0.114194,19.7266,0,0.83875,1.36179,0.179462,29.0728,32.6411,663552,0.2225,0.241,0,0.179715,0,1,1
box_detour_wall_far,oi_face_rot_pstall_mppi,14577,256,16,0,0,1,1,1,150,0.228185,0.0622831,17.242,0,0.960496,1.64581,0.169219,25.3829,27.5785,614400,0.201,0.2502,0,0.169462,0,1,1
box_detour_wall_far,oi_face_rot_pstall_mppi,14584,256,16,0,0,1,1,1,106,0.231014,0.0987088,14.1673,0,0.688231,0.853809,0.182265,19.3201,21.5307,434176,0.2182,0.2366,0,0.182578,0,1,1
box_detour_wall_far,oi_face_rot_pstall_mppi,14591,256,16,0,0,1,1,1,121,0.249337,0.091701,17.8024,0,0.80577,1.15038,0.165913,20.0755,22.0122,495616,0.1998,0.2334,0,0.166144,0,1,1
box_detour_wall_far,oi_face_rot_pstall_mppi,14598,256,16,0,0,1,1,1,103,0.226593,0.079926,13.81,0,0.769137,1.04608,0.173192,17.8388,19.6502,421888,0.2103,0.2358,0,0.173472,0,1,1
box_detour_wall_far,oi_face_rot_pstall_mppi,14605,256,16,0,0,1,1,1,148,0.22985,0.0282676,15.419,0,0.943769,1.60943,0.169742,25.1218,27.2295,606208,0.2027,0.2361,0,0.16994,0,1,1
box_detour_wall_far,oi_face_rot_pstall_mppi,14612,256,16,0,0,1,1,1,173,0.238122,0.000841459,22.1957,0,0.830367,1.2743,0.169414,29.3087,31.5415,708608,0.2048,0.2088,0,0.169554,0,1,1
box_detour_wall_far,oi_face_rot_pstall_mppi,14619,256,16,0,0,1,1,1,160,0.248968,0.082556,16.6198,0,1.01994,1.86183,0.174328,27.8924,29.9949,655360,0.2088,0.2294,0,0.174499,0,1,1
box_detour_wall_far,oi_face_rot_pstall_mppi,14626,256,16,0,0,1,1,1,103,0.239475,0.0390234,13.4767,0,0.63523,0.779729,0.173454,17.8658,19.527,421888,0.2007,0.2054,0,0.173709,0,1,1
box_detour_wall_far,oi_face_rot_pstall_mppi,14633,256,16,0,0,1,1,1,140,0.235924,0.0353641,15.9469,0,0.828784,1.22439,0.175789,24.6105,26.4249,573440,0.207,0.5514,0,0.175967,0,1,1
box_detour_wall_far,oi_face_rot_pstall_mppi,14640,256,16,0,0,1,1,1,109,0.223969,0.052364,14.7054,0,0.73391,0.902068,0.172441,18.7961,20.2365,446464,0.2025,0.2133,0,0.172631,0,1,1
box_detour_wall_far,oi_face_rot_pstall_mppi,14647,256,16,0,0,1,1,1,125,0.240237,0.00570989,14.6818,0,0.924637,1.65216,0.175994,21.9993,23.8472,512000,0.2071,0.2126,0,0.17621,0,1,1
box_detour_wall_far,oi_face_rot_pstall_mppi,14654,256,16,0,0,1,1,1,136,0.244865,0.0582801,18.2116,0,0.842799,1.26193,0.168859,22.9648,25.1959,557056,0.2027,0.2828,0,0.16906,0,1,1
box_detour_wall_far,oi_face_rot_pstall_mppi,14661,256,16,0,0,1,1,1,171,0.242826,0.0271614,20.9836,0,0.828904,1.22272,0.173639,29.6922,32.8582,700416,0.2028,0.284,0,0.173871,0,1,1
box_detour_wall_far,oi_face_rot_pstall_mppi,14668,256,16,0,0,1,1,1,105,0.240576,0.0131026,14.5592,0,0.803645,1.02243,0.177481,18.6355,20.1416,430080,0.2105,0.2236,0,0.177686,0,1,1
box_detour_wall_far,oi_face_rot_pstall_mppi,14675,256,16,0,0,1,1,1,103,0.2445,0.162735,13.1912,0,0.756437,1.05564,0.167971,17.301,18.8031,421888,0.1961,0.2201,0,0.168192,0,1,1
box_detour_wall_far,oi_face_rot_pstall_mppi,14682,256,16,0,0,1,1,1,159,0.233028,0.0715122,19.2259,0,0.812375,1.15278,0.173382,27.5678,30.4419,651264,0.2032,0.2173,0,0.173589,0,1,1
box_detour_wall_far,oi_face_rot_pstall_mppi,14689,256,16,0,0,1,1,1,148,0.244716,0.11924,17.9612,0,0.893777,1.52371,0.173785,25.7202,28.2659,606208,0.214,0.2357,0,0.174027,0,1,1
box_detour_wall_far,oi_face_rot_pstall_mppi,14696,256,16,0,0,1,1,1,108,0.235727,0.0401192,14.3399,0,0.74354,0.986206,0.179034,19.3357,20.8373,442368,0.2074,0.8244,0,0.179256,0,1,1
box_detour_wall_far,oi_face_rot_pstall_mppi,14703,256,16,0,0,1,1,1,144,0.247386,0.0425966,16.4389,0,0.800121,1.15603,0.171824,24.7426,26.8534,589824,0.2035,0.2634,0,0.172002,0,1,1
box_detour_wall_far,oi_face_rot_pstall_mppi,14710,256,16,0,0,1,1,1,137,0.24824,0.021527,16.3396,0,0.769199,1.01506,0.170313,23.3329,25.5919,561152,0.2086,0.2284,0,0.170496,0,1,1
box_detour_wall_far,oi_face_rot_pstall_mppi,14717,256,16,0,0,1,1,1,134,0.242495,0.0831849,15.6913,0,0.857139,1.42874,0.174219,23.3453,25.5266,548864,0.2041,0.2142,0,0.174457,0,1,1
box_detour_wall_far,oi_face_rot_pstall_mppi,14724,256,16,0,0,1,1,1,138,0.242984,0.122679,15.684,0,0.782465,1.06686,0.172983,23.8716,26.2205,565248,0.2118,0.2351,0,0.17316,0,1,1
box_detour_wall_far,oi_face_rot_pstall_mppi,14731,256,16,0,0,1,1,1,117,0.248728,0.0522458,16.5611,0,0.761574,1.00454,0.166254,19.4517,21.0994,479232,0.1958,0.2181,0,0.166506,0,1,1
box_detour_wall_far,oi_face_rot_pstall_mppi,14738,256,16,0,0,1,1,1,147,0.227506,0.115488,16.785,0,0.919422,1.5274,0.171117,25.1542,27.167,602112,0.2009,0.2052,0,0.171312,0,1,1
box_detour_wall_far,oi_face_rot_pstall_mppi,14745,256,16,0,0,1,1,1,117,0.229579,0.0857048,14.9037,0,0.82706,1.18947,0.169716,19.8568,21.4689,479232,0.2047,0.2166,0,0.169927,0,1,1
box_detour_wall_far,oi_face_rot_pstall_mppi,14752,256,16,0,0,1,1,1,158,0.235799,0.0786263,16.157,0,0.904378,1.62601,0.174663,27.5967,29.85,647168,0.2144,0.2354,0,0.174856,0,1,1
box_detour_wall_far,oi_face_rot_pstall_mppi,14759,256,16,0,0,1,1,1,139,0.248954,0.0937691,16.1488,0,0.837293,1.27697,0.175155,24.3465,26.1881,569344,0.2111,0.2445,0,0.175309,0,1,1
box_detour_wall_far,oi_face_rot_pstall_mppi,14766,256,16,0,0,1,1,1,138,0.249291,0.0442924,16.0194,0,0.904465,1.4647,0.168275,23.2219,24.9411,565248,0.204,0.2224,0,0.168436,0,1,1
box_detour_wall_far,oi_face_rot_pstall_mppi,14773,256,16,0,0,1,1,1,150,0.241455,0.130556,19.2754,0,0.809247,1.24421,0.164801,24.7202,26.6126,614400,0.1993,0.2085,0,0.164971,0,1,1
box_detour_wall_far,oi_face_rot_pstall_mppi,14780,256,16,0,0,1,1,1,109,0.240022,0.089131,14.9341,0,0.775723,1.07799,0.174821,19.0555,20.9624,446464,0.2108,0.2521,0,0.175076,0,1,1
box_detour_wall_far,oi_face_rot_pstall_mppi,14787,256,16,0,0,1,1,1,113,0.232889,0.0189176,15.5269,0,0.857974,1.33007,0.180712,20.4205,22.5249,462848,0.2168,0.2262,0,0.181003,0,1,1
box_detour_wall_far,oi_face_rot_pstall_mppi,14794,256,16,0,0,1,1,1,166,0.249404,0.0577212,20.7746,0,0.808106,1.14404,0.168763,28.0147,30.4216,679936,0.2058,0.2432,0,0.168934,0,1,1
box_detour_wall_far,oi_face_rot_pstall_mppi,14801,256,16,0,0,1,1,1,122,0.231543,0.115066,17.1601,0,0.79069,1.15157,0.178651,21.7954,24.192,499712,0.229,0.2528,0,0.178889,0,1,1
box_detour_wall_far,oi_face_rot_pstall_mppi,14808,256,16,0,0,1,1,1,155,0.241233,0.0732181,18.0822,0,0.864546,1.2632,0.171608,26.5993,28.9771,634880,0.2139,0.2408,0,0.171858,0,1,1
box_detour_wall_far,oi_face_rot_pstall_mppi,14815,256,16,0,0,1,1,1,121,0.233267,0.063024,17.047,0,0.634953,0.766673,0.170061,20.5774,22.341,495616,0.2122,0.2558,0,0.170243,0,1,1
box_detour_wall_far,oi_face_rot_pstall_mppi,14822,256,16,0,0,1,1,1,140,0.233272,0.0917656,16.8305,0,0.910484,1.56233,0.174683,24.4556,26.6134,573440,0.2077,0.2354,0,0.174859,0,1,1
box_detour_wall_far,oi_face_rot_pstall_mppi,14829,256,16,0,0,1,1,1,112,0.234143,0.018652,15.2125,0,0.741904,1.02455,0.185558,20.7825,23.0406,458752,0.2162,0.2495,0,0.185805,0,1,1
box_detour_wall_far,oi_face_rot_pstall_mppi,14836,256,16,0,0,1,1,1,130,0.226313,0.0281709,15.7949,0,0.862155,1.26954,0.174942,22.7425,24.7865,532480,0.2071,0.2226,0,0.175147,0,1,1
box_detour_wall_far,oi_face_rot_pstall_mppi,14843,256,16,0,0,1,1,1,115,0.227268,0.0313522,14.2262,0,0.796694,1.23835,0.175166,20.1441,22.171,471040,0.2164,0.2294,0,0.175417,0,1,1
box_detour_wall_far,oi_face_rot_pstall_mppi,14850,256,16,0,0,1,1,1,107,0.230794,0.0305826,14.1098,0,0.72853,0.995142,0.175969,18.8287,20.628,438272,0.2128,0.2337,0,0.176246,0,1,1
box_detour_wall_far,oi_face_rot_pstall_mppi,14857,256,16,0,0,1,1,1,165,0.236556,0.0316968,17.5103,0,1.00014,1.88636,0.180901,29.8486,33.063,675840,0.2401,0.2785,0,0.181162,0,1,1
box_detour_wall_far,oi_face_rot_pstall_mppi,14864,256,16,0,0,1,1,1,106,0.241442,0.066079,14.396,0,0.711311,0.867775,0.18325,19.4245,21.8733,434176,0.2253,0.2482,0,0.183629,0,1,1
box_detour_wall_far,oi_face_rot_pstall_mppi,14871,256,16,0,0,1,1,1,169,0.232899,0.0671086,17.2097,0,0.926035,1.57494,0.175288,29.6236,32.5468,692224,0.2141,0.2482,0,0.175491,0,1,1
box_detour_wall_far,oi_face_rot_pstall_mppi,14878,256,16,0,0,1,1,1,141,0.248816,0.0350487,15.9455,0,0.863964,1.35978,0.171606,24.1964,26.2282,577536,0.212,0.2364,0,0.171764,0,1,1
box_detour_wall_far,oi_face_rot_pstall_mppi,14885,256,16,0,0,1,1,1,105,0.226967,0.0295589,14.5552,0,0.73672,0.929175,0.17677,18.5609,20.4739,430080,0.2088,0.2448,0,0.177004,0,1,1
box_detour_wall_far,oi_face_rot_pstall_mppi,14892,256,16,0,0,1,1,1,167,0.232818,0.0743914,18.0117,0,1.0115,1.82047,0.170051,28.3986,31.0763,684032,0.2123,0.2493,0,0.170259,0,1,1
box_detour_wall_far,oi_face_rot_pstall_mppi,14899,256,16,0,0,1,1,1,132,0.232508,0.10745,15.519,0,0.925482,1.49162,0.168926,22.2982,24.2046,540672,0.2066,0.2249,0,0.169087,0,1,1
box_detour_wall_far,oi_face_rot_pstall_mppi,14906,256,16,0,0,1,1,1,140,0.240115,0.144313,16.3426,0,0.762221,1.09768,0.177591,24.8628,27.2663,573440,0.2225,0.2358,0,0.177734,0,1,1
box_detour_wall_far,oi_face_rot_pstall_mppi,14913,256,16,0,0,1,1,1,158,0.235142,0.0775975,18.7555,0,0.865888,1.33921,0.181422,28.6647,32.689,647168,0.2394,0.3058,0,0.181684,0,1,1
box_detour_wall_far,oi_face_rot_pstall_mppi,14920,256,16,0,0,1,1,1,137,0.242092,0.0341562,18.4646,0,0.782048,1.13876,0.177753,24.3522,27.4057,561152,0.2144,0.2979,0,0.178046,0,1,1
box_detour_wall_far,oi_face_rot_pstall_mppi,14927,256,16,0,0,1,1,1,156,0.230001,0.0675837,16.2609,0,1.0122,1.93544,0.176619,27.5525,30.6764,638976,0.2242,0.4604,0,0.176876,0,1,1
box_detour_wall_far,oi_face_rot_pstall_mppi,14934,256,16,0,0,1,1,1,123,0.240767,0.0401851,18.3956,0,0.792628,1.15577,0.189029,23.2506,26.448,503808,0.3092,0.4881,0,0.189369,0,1,1
box_detour_wall_far,oi_face_rot_pstall_mppi,14941,256,16,0,0,1,1,1,119,0.226468,0.0717116,13.7949,0,0.783111,1.24266,0.184501,21.9556,24.8036,487424,0.2344,0.3,0,0.184833,0,1,1
box_detour_wall_far,oi_face_rot_pstall_mppi,14948,256,16,0,0,1,1,1,110,0.226684,0.0288061,14.6276,0,0.897383,1.4005,0.197404,21.7144,24.6462,450560,0.2524,0.4475,0,0.197829,0,1,1
box_detour_wall_far,oi_face_rot_pstall_mppi,14955,256,16,0,0,1,1,1,121,0.246988,0.0463089,14.9711,0,0.90456,1.55269,0.221123,26.7559,31.6346,495616,0.3071,0.318,0,0.221465,0,1,1
box_detour_wall_far,oi_face_rot_pstall_mppi,14962,256,16,0,0,1,1,1,148,0.235229,0.0075323,15.7822,0,0.932588,1.62116,0.230325,34.0881,40.1006,606208,0.3609,0.4412,0,0.230718,0,1,1
box_detour_wall_far,oi_face_rot_pstall_mppi,14969,256,16,0,0,1,1,1,142,0.249894,0.110322,16.5986,0,0.865421,1.31683,0.183096,25.9997,29.3097,581632,0.2174,0.2647,0,0.183465,0,1,1
box_detour_wall_far,oi_face_rot_pstall_mppi,14976,256,16,0,0,1,1,1,132,0.247064,0.000307172,15.3004,0,0.840059,1.30541,0.177799,23.4695,25.9405,540672,0.2437,0.3215,0,0.17807,0,1,1
box_detour_wall_far,oi_face_rot_pstall_mppi,14983,256,16,0,0,1,1,1,144,0.22904,0.0604376,18.1635,0,0.809762,1.36717,0.195747,28.1876,32.3265,589824,0.2299,0.2792,0,0.196083,0,1,1
box_detour_wall_far,oi_face_rot_pstall_mppi,14990,256,16,0,0,1,1,1,133,0.227135,0.090814,17.4598,0,0.855235,1.36711,0.168813,22.4521,24.9538,544768,0.192,0.2132,0,0.169052,0,1,1
box_detour_wall_far,oi_face_rot_pstall_mppi,14997,256,16,0,0,1,1,1,103,0.224347,0.031988,13.6665,0,0.698855,0.902373,0.194229,20.0056,22.5308,421888,0.2297,0.436,0,0.19462,0,1,1
box_detour_wall_far,oi_face_rot_pstall_mppi,15004,256,16,0,0,1,1,1,122,0.238754,0.108651,14.5702,0,0.903617,1.67519,0.179689,21.9221,24.3054,499712,0.2268,0.2677,0,0.179976,0,1,1
box_detour_wall_far,oi_face_rot_pstall_mppi,15011,256,16,0,0,1,1,1,105,0.237914,0.0141357,14.0778,0,0.768574,1.07559,0.174776,18.3515,20.2539,430080,0.2096,0.2331,0,0.175028,0,1,1
box_detour_wall_far,oi_face_rot_pstall_mppi,15018,256,16,0,0,1,1,1,161,0.239773,0.115954,18.2532,0,1.08391,2.20434,0.17633,28.3891,31.3049,659456,0.2254,0.3195,0,0.176597,0,1,1
box_detour_wall_far,oi_face_rot_pstall_mppi,15025,256,16,0,0,1,1,1,108,0.225726,0.0784307,14.4599,0,0.760404,1.04272,0.179999,19.4399,21.4877,442368,0.215,0.2286,0,0.180268,0,1,1
box_detour_wall_far,oi_face_rot_pstall_mppi,15032,256,16,0,0,1,1,1,187,0.235214,0.0297992,21.8663,0,0.949431,1.66339,0.175375,32.7952,35.624,765952,0.2093,0.3788,0,0.175597,0,1,1
box_detour_wall_far,oi_face_rot_pstall_mppi,15039,256,16,0,0,1,1,1,134,0.245554,0.0216258,15.7811,0,0.808646,1.10272,0.180686,24.2119,26.9705,548864,0.2181,0.2278,0,0.180981,0,1,1
box_detour_wall_far,oi_face_rot_pstall_mppi,15046,256,16,0,0,1,1,1,156,0.242739,0.0449505,16.6789,0,0.93143,1.65788,0.18061,28.1751,31.4256,638976,0.2319,0.2685,0,0.180876,0,1,1
box_detour_wall_far,oi_face_rot_pstall_mppi,15053,256,16,0,0,1,1,1,124,0.233274,0.116865,17.422,0,0.675921,0.841385,0.176661,21.906,24.2017,507904,0.2198,0.8996,0,0.176927,0,1,1
box_detour_wall_far,oi_face_rot_pstall_mppi,15060,256,16,0,0,1,1,1,106,0.24408,0.120027,13.8994,0,0.686226,0.925735,0.168292,17.839,19.2815,434176,0.1988,0.2337,0,0.168496,0,1,1
box_detour_wall_far,oi_face_rot_pstall_mppi,15067,256,16,0,0,1,1,1,127,0.232915,0.116377,15.1801,0,0.786971,1.14854,0.173728,22.0635,24.0933,520192,0.209,0.2317,0,0.173945,0,1,1
box_detour_wall_far,oi_face_rot_pstall_mppi,15074,256,16,0,0,1,1,1,151,0.228822,0.0752587,17.8737,0,0.842862,1.33419,0.172763,26.0872,28.5823,618496,0.2066,0.2533,0,0.173013,0,1,1
box_detour_wall_far,oi_face_rot_pstall_mppi,15081,256,16,0,0,1,1,1,123,0.242195,0.074649,14.2398,0,0.779176,1.10273,0.180933,22.2547,24.716,503808,0.2256,0.2522,0,0.181267,0,1,1
box_detour_wall_far,oi_face_rot_pstall_mppi,15088,256,16,0,0,1,1,1,140,0.241515,0.077812,17.1394,0,0.824571,1.17754,0.179371,25.112,27.8251,573440,0.2166,0.3078,0,0.179671,0,1,1
box_detour_wall_far,oi_face_rot_pstall_mppi,15095,256,16,0,0,1,1,1,109,0.226298,0.0552202,14.61,0,0.733275,0.935217,0.176207,19.2066,21.216,446464,0.2104,0.2255,0,0.176463,0,1,1
box_detour_wall_far,oi_face_rot_pstall_mppi,15102,256,16,0,0,1,1,1,120,0.248611,0.0397061,14.1531,0,0.837645,1.24267,0.176799,21.2159,23.511,491520,0.2147,0.2349,0,0.177042,0,1,1
box_detour_wall_far,oi_face_rot_pstall_mppi,15109,256,16,0,0,1,1,1,123,0.242908,0.113417,14.4614,0,1.05936,2.11413,0.172646,21.2354,23.266,503808,0.2033,0.2261,0,0.172908,0,1,1
box_detour_wall_far,oi_face_rot_pstall_mppi,15116,256,16,0,0,1,1,1,172,0.243969,0.0474506,20.6584,0,0.858724,1.40798,0.170374,29.3043,31.8026,704512,0.2086,0.2191,0,0.170557,0,1,1
box_detour_wall_far,oi_face_rot_pstall_mppi,15123,256,16,0,0,1,1,1,151,0.228029,0.018149,17.645,0,0.940483,1.68405,0.172435,26.0377,28.3188,618496,0.1997,0.2237,0,0.172625,0,1,1
box_detour_wall_far,oi_face_rot_pstall_mppi,15130,256,16,0,0,1,1,1,120,0.244736,0.117105,17.3634,0,0.65398,0.794317,0.165792,19.895,21.481,491520,0.1925,0.2204,0,0.165977,0,1,1
box_detour_wall_far,oi_face_rot_pstall_mppi,15137,256,16,0,0,1,1,1,137,0.23289,0.155578,15.2502,0,0.904085,1.38098,0.176073,24.122,26.7159,561152,0.2057,0.2433,0,0.176277,0,1,1
box_detour_wall_far,oi_face_rot_pstall_mppi,15144,256,16,0,0,1,1,1,138,0.239604,0.0248648,16.3346,0,0.874222,1.29457,0.174309,24.0546,26.1955,565248,0.2121,0.2258,0,0.174507,0,1,1
box_detour_wall_far,oi_face_rot_pstall_mppi,15151,256,16,0,0,1,1,1,145,0.246954,0.055441,16.6722,0,0.9867,1.64431,0.168023,24.3633,26.37,593920,0.2008,0.2247,0,0.168206,0,1,1
box_detour_wall_far,oi_face_rot_pstall_mppi,15158,256,16,0,0,1,1,1,163,0.228361,0.0502344,18.6178,0,1.00926,1.85169,0.176369,28.7482,31.6657,667648,0.2099,0.2229,0,0.176543,0,1,1
box_detour_wall_far,oi_face_rot_pstall_mppi,15165,256,16,0,0,1,1,1,160,0.228321,0.0678255,17.6455,0,1.01069,1.8348,0.170969,27.3551,29.9362,655360,0.2092,0.2341,0,0.17119,0,1,1
box_detour_wall_far,oi_face_rot_pstall_mppi,15172,256,16,0,0,1,1,1,159,0.234153,0.0909096,20.248,0,0.83468,1.29943,0.169976,27.0262,29.2898,651264,0.2068,0.2219,0,0.170146,0,1,1
box_detour_wall_far,oi_face_rot_pstall_mppi,15179,256,16,0,0,1,1,1,120,0.233665,0.053531,14.5695,0,0.749909,1.01613,0.173167,20.78,22.5546,491520,0.2096,0.2211,0,0.173358,0,1,1
box_detour_wall_far,oi_face_rot_pstall_mppi,15186,256,16,0,0,1,1,1,106,0.248068,0.0829795,13.8001,0,0.786946,1.03857,0.28117,29.804,35.7358,434176,0.3416,0.4048,0,0.281539,0,1,1
box_detour_wall_far,oi_face_rot_pstall_mppi,15193,256,16,0,0,1,1,1,156,0.226643,0.00552505,19.1363,0,0.873526,1.34654,0.179617,28.0202,31.2856,638976,0.2304,0.2793,0,0.179867,0,1,1
box_detour_wall_far,oi_face_rot_pstall_mppi,15200,256,16,0,0,1,1,1,119,0.22578,0.000576638,14.1632,0,0.864789,1.34405,0.174457,20.7604,22.4485,487424,0.2111,0.2189,0,0.174638,0,1,1
box_detour_wall_far,oi_face_rot_pstall_mppi,15207,256,16,0,0,1,1,1,145,0.246236,0.0760576,16.9159,0,0.81584,1.17884,0.180781,26.2132,29.4368,593920,0.2083,0.2573,0,0.181095,0,1,1
box_detour_wall_far,oi_face_rot_pstall_mppi,15214,256,16,0,0,1,1,1,111,0.248039,0.0163975,15.4859,0,0.822139,1.16283,0.179876,19.9662,22.31,454656,0.2236,0.2565,0,0.180206,0,1,1
box_detour_wall_far,oi_face_rot_pstall_mppi,15221,256,16,0,0,1,1,1,104,0.236925,0.12773,13.8288,0,0.743557,0.971829,0.17403,18.0991,19.6815,425984,0.2005,0.2224,0,0.174248,0,1,1
box_detour_wall_far,oi_face_rot_pstall_mppi,15228,256,16,0,0,1,1,1,119,0.248566,0.0549336,14.8271,0,0.861844,1.34016,0.168382,20.0375,21.6684,487424,0.1989,0.2167,0,0.168549,0,1,1
box_detour_wall_far,oi_face_rot_pstall_mppi,15235,256,16,0,0,1,1,1,187,0.216766,0.00302116,20.6492,0,1.0045,1.89007,0.166144,31.0689,33.6589,765952,0.1907,0.2246,0,0.16628,0,1,1
box_detour_wall_far,oi_face_rot_pstall_mppi,15242,256,16,0,0,1,1,1,159,0.228171,0.00745814,17.1623,0,0.865214,1.40521,0.173348,27.5623,30.3853,651264,0.2136,0.2324,0,0.173554,0,1,1
box_detour_wall_far,oi_face_rot_pstall_mppi,15249,256,16,0,0,1,1,1,159,0.230143,0.109692,19.9424,0,0.86265,1.26586,0.165876,26.3743,28.7167,651264,0.1982,0.2341,0,0.166086,0,1,1
box_detour_wall_far,oi_face_rot_stall_mppi,14556,256,16,0,0,1,1,1,111,0.240197,0.00435263,14.9375,0,0.902428,1.41885,0.176283,19.5674,21.0438,454656,0.2059,0.538,0,0.176471,0,1,1
box_detour_wall_far,oi_face_rot_stall_mppi,14563,256,16,0,0,1,1,1,155,0.233304,0.0291037,19.977,0,0.883665,1.57955,0.166785,25.8517,27.9249,634880,0.2032,0.2222,0,0.166977,0,1,1
box_detour_wall_far,oi_face_rot_stall_mppi,14570,256,16,0,0,1,1,1,193,0.244656,0.00382342,23.223,0,0.924572,1.75672,0.176234,34.0131,37.1122,790528,0.2074,0.2786,0,0.176417,0,1,1
box_detour_wall_far,oi_face_rot_stall_mppi,14577,256,16,0,0,1,1,1,150,0.228185,0.0622831,17.242,0,0.960496,1.64581,0.167475,25.1212,27.3084,614400,0.2051,0.2192,0,0.167679,0,1,1
box_detour_wall_far,oi_face_rot_stall_mppi,14584,256,16,0,0,1,1,1,106,0.231014,0.0987088,14.1673,0,0.688231,0.853809,0.168299,17.8397,19.3122,434176,0.2055,0.2492,0,0.168495,0,1,1
box_detour_wall_far,oi_face_rot_stall_mppi,14591,256,16,0,0,1,1,1,121,0.249337,0.091701,17.8024,0,0.80577,1.15038,0.166545,20.152,22.0829,495616,0.1921,0.2175,0,0.166721,0,1,1
box_detour_wall_far,oi_face_rot_stall_mppi,14598,256,16,0,0,1,1,1,103,0.226593,0.079926,13.81,0,0.769137,1.04608,0.165992,17.0972,18.461,421888,0.2002,0.2071,0,0.166179,0,1,1
box_detour_wall_far,oi_face_rot_stall_mppi,14605,256,16,0,0,1,1,1,148,0.22985,0.0282676,15.419,0,0.943769,1.60943,0.174849,25.8777,28.3859,606208,0.2126,0.2401,0,0.175102,0,1,1
box_detour_wall_far,oi_face_rot_stall_mppi,14612,256,16,0,0,1,1,1,173,0.238122,0.000841459,22.1957,0,0.830367,1.2743,0.169761,29.3686,31.9724,708608,0.2002,0.2233,0,0.169938,0,1,1
box_detour_wall_far,oi_face_rot_stall_mppi,14619,256,16,0,0,1,1,1,160,0.248968,0.082556,16.6198,0,1.01994,1.86183,0.174111,27.8578,30.4185,655360,0.2216,0.2386,0,0.174283,0,1,1
box_detour_wall_far,oi_face_rot_stall_mppi,14626,256,16,0,0,1,1,1,103,0.239475,0.0390234,13.4767,0,0.63523,0.779729,0.176449,18.1742,20.0025,421888,0.2052,0.2168,0,0.176788,0,1,1
box_detour_wall_far,oi_face_rot_stall_mppi,14633,256,16,0,0,1,1,1,140,0.235924,0.0353641,15.9469,0,0.828784,1.22439,0.171329,23.9861,25.8501,573440,0.2072,0.2266,0,0.171524,0,1,1
box_detour_wall_far,oi_face_rot_stall_mppi,14640,256,16,0,0,1,1,1,109,0.223969,0.052364,14.7054,0,0.73391,0.902068,0.176027,19.1869,21.1793,446464,0.2094,0.2852,0,0.176299,0,1,1
box_detour_wall_far,oi_face_rot_stall_mppi,14647,256,16,0,0,1,1,1,125,0.240237,0.00570989,14.6818,0,0.924637,1.65216,0.170195,21.2744,22.9643,512000,0.2055,0.2317,0,0.170361,0,1,1
box_detour_wall_far,oi_face_rot_stall_mppi,14654,256,16,0,0,1,1,1,165,0.242677,0.0408918,21.1202,0,0.800116,1.1672,0.168439,27.7925,30.1454,675840,0.1991,0.2344,0,0.168608,0,1,1
box_detour_wall_far,oi_face_rot_stall_mppi,14661,256,16,0,0,1,1,1,189,0.228708,0.0422936,22.4363,0,0.859605,1.52225,0.172855,32.6696,35.4883,774144,0.2083,0.235,0,0.173033,0,1,1
box_detour_wall_far,oi_face_rot_stall_mppi,14668,256,16,0,0,1,1,1,105,0.240576,0.0131026,14.5592,0,0.803645,1.02243,0.175214,18.3975,20.1045,430080,0.2121,0.2267,0,0.175426,0,1,1
box_detour_wall_far,oi_face_rot_stall_mppi,14675,256,16,0,0,1,1,1,103,0.2445,0.162735,13.1912,0,0.756437,1.05564,0.175503,18.0768,19.7951,421888,0.2161,0.2482,0,0.17573,0,1,1
box_detour_wall_far,oi_face_rot_stall_mppi,14682,256,16,0,0,1,1,1,159,0.233028,0.0715122,19.2259,0,0.812375,1.15278,0.170526,27.1136,29.7659,651264,0.2131,0.2287,0,0.170737,0,1,1
box_detour_wall_far,oi_face_rot_stall_mppi,14689,256,16,0,0,1,1,1,148,0.244716,0.11924,17.9612,0,0.893777,1.52371,0.176243,26.084,28.7631,606208,0.2189,0.2346,0,0.176474,0,1,1
box_detour_wall_far,oi_face_rot_stall_mppi,14696,256,16,0,0,1,1,1,108,0.235727,0.0401192,14.3399,0,0.74354,0.986206,0.176194,19.0289,20.8445,442368,0.2093,0.214,0,0.17645,0,1,1
box_detour_wall_far,oi_face_rot_stall_mppi,14703,256,16,0,0,1,1,1,144,0.247386,0.0425966,16.4389,0,0.800121,1.15603,0.175508,25.2731,27.8545,589824,0.2323,0.246,0,0.17572,0,1,1
box_detour_wall_far,oi_face_rot_stall_mppi,14710,256,16,0,0,1,1,1,137,0.24824,0.021527,16.3396,0,0.769199,1.01506,0.18455,25.2833,27.9641,561152,0.2175,0.2966,0,0.18477,0,1,1
box_detour_wall_far,oi_face_rot_stall_mppi,14717,256,16,0,0,1,1,1,134,0.242495,0.0831849,15.6913,0,0.857139,1.42874,0.178819,23.9618,26.3693,548864,0.2318,0.2841,0,0.179008,0,1,1
box_detour_wall_far,oi_face_rot_stall_mppi,14724,256,16,0,0,1,1,1,138,0.242984,0.122679,15.684,0,0.782465,1.06686,0.175835,24.2652,26.436,565248,0.2116,0.243,0,0.175991,0,1,1
box_detour_wall_far,oi_face_rot_stall_mppi,14731,256,16,0,0,1,1,1,155,0.237638,0.0236629,19.3926,0,0.843872,1.36498,0.172617,26.7556,29.2868,634880,0.2079,0.2211,0,0.172807,0,1,1
box_detour_wall_far,oi_face_rot_stall_mppi,14738,256,16,0,0,1,1,1,147,0.227506,0.115488,16.785,0,0.919422,1.5274,0.172126,25.3025,27.5286,602112,0.2088,0.2964,0,0.172301,0,1,1
box_detour_wall_far,oi_face_rot_stall_mppi,14745,256,16,0,0,1,1,1,117,0.229579,0.0857048,14.9037,0,0.82706,1.18947,0.224315,26.2448,30.8123,479232,0.3606,0.3747,0,0.224657,0,1,1
box_detour_wall_far,oi_face_rot_stall_mppi,14752,256,16,0,0,1,1,1,158,0.235799,0.0786263,16.157,0,0.904378,1.62601,0.172806,27.3033,29.7206,647168,0.2187,0.2632,0,0.17303,0,1,1
box_detour_wall_far,oi_face_rot_stall_mppi,14759,256,16,0,0,1,1,1,139,0.248954,0.0937691,16.1488,0,0.837293,1.27697,0.184386,25.6296,29.1072,569344,0.2203,0.2364,0,0.184699,0,1,1
box_detour_wall_far,oi_face_rot_stall_mppi,14766,256,16,0,0,1,1,1,138,0.249291,0.0442924,16.0194,0,0.904465,1.4647,0.177365,24.4764,27.0738,565248,0.2187,0.2788,0,0.177563,0,1,1
box_detour_wall_far,oi_face_rot_stall_mppi,14773,256,16,0,0,1,1,1,150,0.241455,0.130556,19.2754,0,0.809247,1.24421,0.182331,27.3497,30.7703,614400,0.2305,0.2554,0,0.182597,0,1,1
box_detour_wall_far,oi_face_rot_stall_mppi,14780,256,16,0,0,1,1,1,109,0.240022,0.089131,14.9341,0,0.775723,1.07799,0.183108,19.9588,22.2611,446464,0.223,0.2511,0,0.183376,0,1,1
box_detour_wall_far,oi_face_rot_stall_mppi,14787,256,16,0,0,1,1,1,113,0.232889,0.0189176,15.5269,0,0.857974,1.33007,0.17788,20.1004,22.2056,462848,0.2096,0.2405,0,0.178112,0,1,1
box_detour_wall_far,oi_face_rot_stall_mppi,14794,256,16,0,0,1,1,1,166,0.249404,0.0577212,20.7746,0,0.808106,1.14404,0.170681,28.333,31.9063,679936,0.2092,0.2409,0,0.170925,0,1,1
box_detour_wall_far,oi_face_rot_stall_mppi,14801,256,16,0,0,1,1,1,198,0.228204,0.018936,21.4785,0,0.859475,1.54153,0.18601,36.8299,41.5133,811008,0.2271,0.3716,0,0.186241,0,1,1
box_detour_wall_far,oi_face_rot_stall_mppi,14808,256,16,0,0,1,1,1,155,0.241233,0.0732181,18.0822,0,0.864546,1.2632,0.207605,32.1787,37.0234,634880,0.2824,0.4412,0,0.207943,0,1,1
box_detour_wall_far,oi_face_rot_stall_mppi,14815,256,16,0,0,1,1,1,172,0.231169,0.0261204,21.0872,0,0.727161,0.91735,0.195542,33.6333,38.3987,704512,0.2371,0.2992,0,0.196266,0,1,1
box_detour_wall_far,oi_face_rot_stall_mppi,14822,256,16,0,0,1,1,1,140,0.233272,0.0917656,16.8305,0,0.910484,1.56233,0.183539,25.6954,28.777,573440,0.2343,0.2553,0,0.183825,0,1,1
box_detour_wall_far,oi_face_rot_stall_mppi,14829,256,16,0,0,1,1,1,112,0.234143,0.018652,15.2125,0,0.741904,1.02455,0.184556,20.6703,23.2383,458752,0.2274,0.5772,0,0.184906,0,1,1
box_detour_wall_far,oi_face_rot_stall_mppi,14836,256,16,0,0,1,1,1,130,0.226313,0.0281709,15.7949,0,0.862155,1.26954,0.229189,29.7945,34.1151,532480,0.3637,1.4067,0,0.229571,0,1,1
box_detour_wall_far,oi_face_rot_stall_mppi,14843,256,16,0,0,1,1,1,115,0.227268,0.0313522,14.2262,0,0.796694,1.23835,0.193971,22.3067,25.0922,471040,0.2491,0.4272,0,0.194355,0,1,1
box_detour_wall_far,oi_face_rot_stall_mppi,14850,256,16,0,0,1,1,1,107,0.230794,0.0305826,14.1098,0,0.72853,0.995142,0.190829,20.4187,23.0705,438272,0.2359,0.2802,0,0.1912,0,1,1
box_detour_wall_far,oi_face_rot_stall_mppi,14857,256,16,0,0,1,1,1,165,0.236556,0.0316968,17.5103,0,1.00014,1.88636,0.250406,41.317,52.7672,675840,0.2634,3.6327,0,0.250693,0,1,1
box_detour_wall_far,oi_face_rot_stall_mppi,14864,256,16,0,0,1,1,1,106,0.241442,0.066079,14.396,0,0.711311,0.867775,0.204007,21.6247,24.6848,434176,0.2643,0.3109,0,0.2044,0,1,1
box_detour_wall_far,oi_face_rot_stall_mppi,14871,256,16,0,0,1,1,1,169,0.232899,0.0671086,17.2097,0,0.926035,1.57494,0.198081,33.4757,38.3797,692224,0.2429,0.2964,0,0.19842,0,1,1
box_detour_wall_far,oi_face_rot_stall_mppi,14878,256,16,0,0,1,1,1,141,0.248816,0.0350487,15.9455,0,0.863964,1.35978,0.186543,26.3026,29.4027,577536,0.2193,0.9068,0,0.186811,0,1,1
box_detour_wall_far,oi_face_rot_stall_mppi,14885,256,16,0,0,1,1,1,105,0.226967,0.0295589,14.5552,0,0.73672,0.929175,0.182963,19.2111,21.2862,430080,0.2158,0.2556,0,0.18329,0,1,1
box_detour_wall_far,oi_face_rot_stall_mppi,14892,256,16,0,0,1,1,1,167,0.232818,0.0743914,18.0117,0,1.0115,1.82047,0.201359,33.627,38.0242,684032,0.2905,0.7388,0,0.201664,0,1,1
box_detour_wall_far,oi_face_rot_stall_mppi,14899,256,16,0,0,1,1,1,132,0.232508,0.10745,15.519,0,0.925482,1.49162,0.17343,22.8927,25.4253,540672,0.2093,0.2331,0,0.173657,0,1,1
box_detour_wall_far,oi_face_rot_stall_mppi,14906,256,16,0,0,1,1,1,140,0.240115,0.144313,16.3426,0,0.762221,1.09768,0.219526,30.7336,34.3337,573440,0.252,3.9339,0,0.219859,0,1,1
box_detour_wall_far,oi_face_rot_stall_mppi,14913,256,16,0,0,1,1,1,151,0.231431,0.0254641,19.8112,0,0.820816,1.15558,0.196023,29.5995,33.4395,618496,0.2427,0.5228,0,0.196342,0,1,1
box_detour_wall_far,oi_face_rot_stall_mppi,14920,256,16,0,0,1,1,1,202,0.226948,0.0555818,23.8965,0,0.943743,1.51721,0.183057,36.9776,41.7821,827392,0.236,0.4607,0,0.183294,0,1,1
box_detour_wall_far,oi_face_rot_stall_mppi,14927,256,16,0,0,1,1,1,156,0.230001,0.0675837,16.2609,0,1.0122,1.93544,0.182817,28.5194,32.4978,638976,0.2288,0.2866,0,0.183156,0,1,1
box_detour_wall_far,oi_face_rot_stall_mppi,14934,256,16,0,0,1,1,1,140,0.230257,0.0500809,20.671,0,0.772217,1.05429,0.178825,25.0355,28.2875,573440,0.2309,0.2505,0,0.179126,0,1,1
box_detour_wall_far,oi_face_rot_stall_mppi,14941,256,16,0,0,1,1,1,119,0.226468,0.0717116,13.7949,0,0.783111,1.24266,0.17652,21.0059,23.1272,487424,0.2143,0.2327,0,0.176852,0,1,1
box_detour_wall_far,oi_face_rot_stall_mppi,14948,256,16,0,0,1,1,1,110,0.226684,0.0288061,14.6276,0,0.897383,1.4005,0.17595,19.3545,21.3284,450560,0.2116,0.2451,0,0.176234,0,1,1
box_detour_wall_far,oi_face_rot_stall_mppi,14955,256,16,0,0,1,1,1,121,0.246988,0.0463089,14.9711,0,0.90456,1.55269,0.184607,22.3375,25.0987,495616,0.2187,0.3287,0,0.184897,0,1,1
box_detour_wall_far,oi_face_rot_stall_mppi,14962,256,16,0,0,1,1,1,148,0.235229,0.0075323,15.7822,0,0.932588,1.62116,0.18168,26.8886,30.0769,606208,0.2107,0.3717,0,0.18212,0,1,1
box_detour_wall_far,oi_face_rot_stall_mppi,14969,256,16,0,0,1,1,1,142,0.249894,0.110322,16.5986,0,0.865421,1.31683,0.180675,25.6558,28.7979,581632,0.2099,0.2269,0,0.180941,0,1,1
box_detour_wall_far,oi_face_rot_stall_mppi,14976,256,16,0,0,1,1,1,132,0.247064,0.000307172,15.3004,0,0.840059,1.30541,0.192122,25.3601,29.2313,540672,0.2311,0.2551,0,0.192523,0,1,1
box_detour_wall_far,oi_face_rot_stall_mppi,14983,256,16,0,0,1,1,1,176,0.225321,0.0936015,20.5548,0,0.877345,1.50905,0.173435,30.5246,33.7348,720896,0.2043,0.2477,0,0.173669,0,1,1
box_detour_wall_far,oi_face_rot_stall_mppi,14990,256,16,0,0,1,1,1,133,0.227135,0.090814,17.4598,0,0.855235,1.36711,0.181496,24.139,27.4202,544768,0.21,0.2223,0,0.181893,0,1,1
box_detour_wall_far,oi_face_rot_stall_mppi,14997,256,16,0,0,1,1,1,103,0.224347,0.031988,13.6665,0,0.698855,0.902373,0.175713,18.0984,19.5972,421888,0.2129,0.2385,0,0.175912,0,1,1
box_detour_wall_far,oi_face_rot_stall_mppi,15004,256,16,0,0,1,1,1,122,0.238754,0.108651,14.5702,0,0.903617,1.67519,0.168683,20.5793,22.3841,499712,0.201,0.2196,0,0.168855,0,1,1
box_detour_wall_far,oi_face_rot_stall_mppi,15011,256,16,0,0,1,1,1,105,0.237914,0.0141357,14.0778,0,0.768574,1.07559,0.179806,18.8796,20.9618,430080,0.223,0.241,0,0.180076,0,1,1
box_detour_wall_far,oi_face_rot_stall_mppi,15018,256,16,0,0,1,1,1,161,0.239773,0.115954,18.2532,0,1.08391,2.20434,0.171996,27.6914,30.5921,659456,0.2131,0.2772,0,0.17222,0,1,1
box_detour_wall_far,oi_face_rot_stall_mppi,15025,256,16,0,0,1,1,1,108,0.225726,0.0784307,14.4599,0,0.760404,1.04272,0.173712,18.7609,20.3291,442368,0.2025,0.2103,0,0.174053,0,1,1
box_detour_wall_far,oi_face_rot_stall_mppi,15032,256,16,0,0,1,1,1,187,0.235214,0.0297992,21.8663,0,0.949431,1.66339,0.172752,32.3047,35.1913,765952,0.2105,0.248,0,0.1729,0,1,1
box_detour_wall_far,oi_face_rot_stall_mppi,15039,256,16,0,0,1,1,1,134,0.245554,0.0216258,15.7811,0,0.808646,1.10272,0.172848,23.1616,25.0635,548864,0.2083,0.2219,0,0.17304,0,1,1
box_detour_wall_far,oi_face_rot_stall_mppi,15046,256,16,0,0,1,1,1,156,0.242739,0.0449505,16.6789,0,0.93143,1.65788,0.167761,26.1707,28.4146,638976,0.2033,0.228,0,0.167938,0,1,1
box_detour_wall_far,oi_face_rot_stall_mppi,15053,256,16,0,0,0,1,0,420,1.5147,0.567658,79.4294,0,0.213696,0.168952,0.161474,67.8191,74.8042,1720320,0.1894,0.2338,0,0.161598,0,1,0
box_detour_wall_far,oi_face_rot_stall_mppi,15060,256,16,0,0,1,1,1,106,0.24408,0.120027,13.8994,0,0.686226,0.925735,0.17315,18.3539,19.9229,434176,0.2057,0.2212,0,0.173413,0,1,1
box_detour_wall_far,oi_face_rot_stall_mppi,15067,256,16,0,0,1,1,1,127,0.232915,0.116377,15.1801,0,0.786971,1.14854,0.166306,21.1208,22.7344,520192,0.2076,0.2273,0,0.16646,0,1,1
box_detour_wall_far,oi_face_rot_stall_mppi,15074,256,16,0,0,1,1,1,151,0.228822,0.0752587,17.8737,0,0.842862,1.33419,0.170935,25.8112,27.9805,618496,0.2027,0.2572,0,0.171096,0,1,1
box_detour_wall_far,oi_face_rot_stall_mppi,15081,256,16,0,0,1,1,1,123,0.242195,0.074649,14.2398,0,0.779176,1.10273,0.179569,22.087,24.6557,503808,0.2273,0.2522,0,0.179831,0,1,1
box_detour_wall_far,oi_face_rot_stall_mppi,15088,256,16,0,0,1,1,1,140,0.241515,0.077812,17.1394,0,0.824571,1.17754,0.171849,24.0588,25.9624,573440,0.2008,0.2308,0,0.172034,0,1,1
box_detour_wall_far,oi_face_rot_stall_mppi,15095,256,16,0,0,1,1,1,109,0.226298,0.0552202,14.61,0,0.733275,0.935217,0.176697,19.26,21.0759,446464,0.2069,0.2405,0,0.176945,0,1,1
box_detour_wall_far,oi_face_rot_stall_mppi,15102,256,16,0,0,1,1,1,120,0.248611,0.0397061,14.1531,0,0.837645,1.24267,0.173472,20.8166,22.5569,491520,0.2071,0.2167,0,0.173646,0,1,1
box_detour_wall_far,oi_face_rot_stall_mppi,15109,256,16,0,0,1,1,1,123,0.242908,0.113417,14.4614,0,1.05936,2.11413,0.168562,20.7331,22.4653,503808,0.1992,0.224,0,0.16878,0,1,1
box_detour_wall_far,oi_face_rot_stall_mppi,15116,256,16,0,0,1,1,1,172,0.243969,0.0474506,20.6584,0,0.858724,1.40798,0.176451,30.3496,32.9394,704512,0.2142,0.2439,0,0.176628,0,1,1
box_detour_wall_far,oi_face_rot_stall_mppi,15123,256,16,0,0,1,1,1,151,0.228029,0.018149,17.645,0,0.940483,1.68405,0.170683,25.7732,27.7266,618496,0.1989,0.214,0,0.170866,0,1,1
box_detour_wall_far,oi_face_rot_stall_mppi,15130,256,16,0,0,1,1,1,149,0.242761,0.109997,19.6187,0,0.76024,1.11498,0.169996,25.3294,27.3556,610304,0.2049,0.2201,0,0.170174,0,1,1
box_detour_wall_far,oi_face_rot_stall_mppi,15137,256,16,0,0,1,1,1,137,0.23289,0.155578,15.2502,0,0.904085,1.38098,0.173574,23.7797,25.892,561152,0.2049,0.236,0,0.173726,0,1,1
box_detour_wall_far,oi_face_rot_stall_mppi,15144,256,16,0,0,1,1,1,138,0.239604,0.0248648,16.3346,0,0.874222,1.29457,0.173033,23.8786,25.7722,565248,0.2047,0.2482,0,0.173201,0,1,1
box_detour_wall_far,oi_face_rot_stall_mppi,15151,256,16,0,0,1,1,1,145,0.246954,0.055441,16.6722,0,0.9867,1.64431,0.172386,24.996,27.032,593920,0.2092,0.2603,0,0.172574,0,1,1
box_detour_wall_far,oi_face_rot_stall_mppi,15158,256,16,0,0,1,1,1,163,0.228361,0.0502344,18.6178,0,1.00926,1.85169,0.171963,28.03,30.1391,667648,0.2017,0.2201,0,0.172117,0,1,1
box_detour_wall_far,oi_face_rot_stall_mppi,15165,256,16,0,0,1,1,1,160,0.228321,0.0678255,17.6455,0,1.01069,1.8348,0.17069,27.3104,29.4967,655360,0.2041,0.2197,0,0.170871,0,1,1
box_detour_wall_far,oi_face_rot_stall_mppi,15172,256,16,0,0,1,1,1,159,0.234153,0.0909096,20.248,0,0.83468,1.29943,0.174992,27.8238,31.0441,651264,0.2264,0.259,0,0.175289,0,1,1
box_detour_wall_far,oi_face_rot_stall_mppi,15179,256,16,0,0,1,1,1,120,0.233665,0.053531,14.5695,0,0.749909,1.01613,0.175451,21.0541,23.063,491520,0.2079,0.2212,0,0.175666,0,1,1
box_detour_wall_far,oi_face_rot_stall_mppi,15186,256,16,0,0,1,1,1,106,0.248068,0.0829795,13.8001,0,0.786946,1.03857,0.18548,19.6609,21.7074,434176,0.2451,0.2852,0,0.185764,0,1,1
box_detour_wall_far,oi_face_rot_stall_mppi,15193,256,16,0,0,1,1,1,156,0.226643,0.00552505,19.1363,0,0.873526,1.34654,0.176142,27.4782,30.5512,638976,0.212,0.2639,0,0.176347,0,1,1
box_detour_wall_far,oi_face_rot_stall_mppi,15200,256,16,0,0,1,1,1,119,0.22578,0.000576638,14.1632,0,0.864789,1.34405,0.1728,20.5632,22.4482,487424,0.2105,0.2222,0,0.173011,0,1,1
box_detour_wall_far,oi_face_rot_stall_mppi,15207,256,16,0,0,1,1,1,145,0.246236,0.0760576,16.9159,0,0.81584,1.17884,0.180034,26.1049,29.4312,593920,0.2374,0.2644,0,0.180339,0,1,1
box_detour_wall_far,oi_face_rot_stall_mppi,15214,256,16,0,0,1,1,1,111,0.248039,0.0163975,15.4859,0,0.822139,1.16283,0.178247,19.7854,21.8277,454656,0.2124,0.22,0,0.178527,0,1,1
box_detour_wall_far,oi_face_rot_stall_mppi,15221,256,16,0,0,1,1,1,104,0.236925,0.12773,13.8288,0,0.743557,0.971829,0.182195,18.9483,21.0868,425984,0.217,0.2513,0,0.182464,0,1,1
box_detour_wall_far,oi_face_rot_stall_mppi,15228,256,16,0,0,1,1,1,119,0.248566,0.0549336,14.8271,0,0.861844,1.34016,0.176116,20.9578,23.1873,487424,0.2155,0.232,0,0.176306,0,1,1
box_detour_wall_far,oi_face_rot_stall_mppi,15235,256,16,0,0,1,1,1,187,0.216766,0.00302116,20.6492,0,1.0045,1.89007,0.169058,31.6139,34.5467,765952,0.2019,0.2629,0,0.169257,0,1,1
box_detour_wall_far,oi_face_rot_stall_mppi,15242,256,16,0,0,1,1,1,159,0.228171,0.00745814,17.1623,0,0.865214,1.40521,0.172694,27.4583,29.7509,651264,0.2188,0.2355,0,0.172862,0,1,1
box_detour_wall_far,oi_face_rot_stall_mppi,15249,256,16,0,0,1,1,1,159,0.230143,0.109692,19.9424,0,0.86265,1.26586,0.167571,26.6438,28.9918,651264,0.1929,0.5348,0,0.167742,0,1,1
box_detour_wall_far,oi_face_rot_wide_mppi,14556,256,16,0,0,1,1,1,111,0.240197,0.00435263,14.9375,0,0.902428,1.41885,0.186987,20.7555,23.1615,454656,0.2416,0.2605,0,0.187288,0,1,1
box_detour_wall_far,oi_face_rot_wide_mppi,14563,256,16,0,0,1,1,1,155,0.233304,0.0291037,19.977,0,0.883665,1.57955,0.18034,27.9527,31.0959,634880,0.2357,0.2571,0,0.180563,0,1,1
box_detour_wall_far,oi_face_rot_wide_mppi,14570,256,16,0,0,1,1,1,162,0.246428,0.114194,19.7266,0,0.83875,1.36179,0.16933,27.4314,29.4876,663552,0.204,0.209,0,0.169481,0,1,1
box_detour_wall_far,oi_face_rot_wide_mppi,14577,256,16,0,0,1,1,1,150,0.228185,0.0622831,17.242,0,0.960496,1.64581,0.171091,25.6636,28.0884,614400,0.2068,0.2548,0,0.171286,0,1,1
box_detour_wall_far,oi_face_rot_wide_mppi,14584,256,16,0,0,1,1,1,106,0.231014,0.0987088,14.1673,0,0.688231,0.853809,0.189416,20.0781,22.6379,434176,0.2236,0.2353,0,0.189685,0,1,1
box_detour_wall_far,oi_face_rot_wide_mppi,14591,256,16,0,0,1,1,1,121,0.249337,0.091701,17.8024,0,0.80577,1.15038,0.165197,19.9888,21.8488,495616,0.1913,0.2069,0,0.165369,0,1,1
box_detour_wall_far,oi_face_rot_wide_mppi,14598,256,16,0,0,1,1,1,103,0.226593,0.079926,13.81,0,0.769137,1.04608,0.171457,17.6601,19.2266,421888,0.2072,0.2443,0,0.171697,0,1,1
box_detour_wall_far,oi_face_rot_wide_mppi,14605,256,16,0,0,1,1,1,148,0.22985,0.0282676,15.419,0,0.943769,1.60943,0.174731,25.8602,28.2114,606208,0.216,0.2323,0,0.174945,0,1,1
box_detour_wall_far,oi_face_rot_wide_mppi,14612,256,16,0,0,1,1,1,173,0.238122,0.000841459,22.1957,0,0.830367,1.2743,0.169957,29.4025,31.853,708608,0.2105,0.2334,0,0.170135,0,1,1
box_detour_wall_far,oi_face_rot_wide_mppi,14619,256,16,0,0,1,1,1,160,0.248968,0.082556,16.6198,0,1.01994,1.86183,0.174346,27.8954,30.3776,655360,0.22,0.2813,0,0.174526,0,1,1
box_detour_wall_far,oi_face_rot_wide_mppi,14626,256,16,0,0,1,1,1,103,0.239475,0.0390234,13.4767,0,0.63523,0.779729,0.178852,18.4218,19.9716,421888,0.2106,0.5445,0,0.179092,0,1,1
box_detour_wall_far,oi_face_rot_wide_mppi,14633,256,16,0,0,1,1,1,140,0.235924,0.0353641,15.9469,0,0.828784,1.22439,0.179557,25.138,27.7549,573440,0.2149,0.2761,0,0.179749,0,1,1
box_detour_wall_far,oi_face_rot_wide_mppi,14640,256,16,0,0,1,1,1,109,0.223969,0.052364,14.7054,0,0.73391,0.902068,0.182434,19.8853,22.4245,446464,0.216,0.2301,0,0.182773,0,1,1
box_detour_wall_far,oi_face_rot_wide_mppi,14647,256,16,0,0,1,1,1,125,0.240237,0.00570989,14.6818,0,0.924637,1.65216,0.173558,21.6948,23.4993,512000,0.2091,0.2185,0,0.173753,0,1,1
box_detour_wall_far,oi_face_rot_wide_mppi,14654,256,16,0,0,1,1,1,136,0.244865,0.0582801,18.2116,0,0.842799,1.26193,0.162587,22.1118,23.9096,557056,0.1839,0.2123,0,0.162754,0,1,1
box_detour_wall_far,oi_face_rot_wide_mppi,14661,256,16,0,0,1,1,1,171,0.242826,0.0271614,20.9836,0,0.828904,1.22272,0.169648,29.0098,31.3765,700416,0.2037,0.2482,0,0.16984,0,1,1
box_detour_wall_far,oi_face_rot_wide_mppi,14668,256,16,0,0,1,1,1,105,0.240576,0.0131026,14.5592,0,0.803645,1.02243,0.177787,18.6676,20.68,430080,0.2133,0.2404,0,0.178078,0,1,1
box_detour_wall_far,oi_face_rot_wide_mppi,14675,256,16,0,0,1,1,1,103,0.2445,0.162735,13.1912,0,0.756437,1.05564,0.174102,17.9325,19.6157,421888,0.205,0.221,0,0.174299,0,1,1
box_detour_wall_far,oi_face_rot_wide_mppi,14682,256,16,0,0,1,1,1,159,0.233028,0.0715122,19.2259,0,0.812375,1.15278,0.17736,28.2002,31.5005,651264,0.2189,0.2663,0,0.177588,0,1,1
box_detour_wall_far,oi_face_rot_wide_mppi,14689,256,16,0,0,1,1,1,148,0.244716,0.11924,17.9612,0,0.893777,1.52371,0.1758,26.0184,28.5432,606208,0.2164,0.2388,0,0.176045,0,1,1
box_detour_wall_far,oi_face_rot_wide_mppi,14696,256,16,0,0,1,1,1,108,0.235727,0.0401192,14.3399,0,0.74354,0.986206,0.179346,19.3694,21.2804,442368,0.2098,0.2179,0,0.179641,0,1,1
box_detour_wall_far,oi_face_rot_wide_mppi,14703,256,16,0,0,1,1,1,144,0.247386,0.0425966,16.4389,0,0.800121,1.15603,0.176485,25.4139,27.9738,589824,0.2257,0.2741,0,0.176709,0,1,1
box_detour_wall_far,oi_face_rot_wide_mppi,14710,256,16,0,0,1,1,1,137,0.24824,0.021527,16.3396,0,0.769199,1.01506,0.171215,23.4564,25.5461,561152,0.2032,0.235,0,0.171377,0,1,1
box_detour_wall_far,oi_face_rot_wide_mppi,14717,256,16,0,0,1,1,1,134,0.242495,0.0831849,15.6913,0,0.857139,1.42874,0.17312,23.1981,25.2653,548864,0.2068,0.2263,0,0.173334,0,1,1
box_detour_wall_far,oi_face_rot_wide_mppi,14724,256,16,0,0,1,1,1,138,0.242984,0.122679,15.684,0,0.782465,1.06686,0.176557,24.3648,26.678,565248,0.2217,0.245,0,0.176865,0,1,1
box_detour_wall_far,oi_face_rot_wide_mppi,14731,256,16,0,0,1,1,1,117,0.248728,0.0522458,16.5611,0,0.761574,1.00454,0.176026,20.595,22.8451,479232,0.2247,0.2428,0,0.176257,0,1,1
box_detour_wall_far,oi_face_rot_wide_mppi,14738,256,16,0,0,1,1,1,147,0.227506,0.115488,16.785,0,0.919422,1.5274,0.173217,25.4629,27.8148,602112,0.2063,0.2177,0,0.17347,0,1,1
box_detour_wall_far,oi_face_rot_wide_mppi,14745,256,16,0,0,1,1,1,117,0.229579,0.0857048,14.9037,0,0.82706,1.18947,0.170288,19.9237,21.4873,479232,0.1998,0.2129,0,0.170466,0,1,1
box_detour_wall_far,oi_face_rot_wide_mppi,14752,256,16,0,0,1,1,1,158,0.235799,0.0786263,16.157,0,0.904378,1.62601,0.181846,28.7317,32.1641,647168,0.2167,0.2449,0,0.18207,0,1,1
box_detour_wall_far,oi_face_rot_wide_mppi,14759,256,16,0,0,1,1,1,139,0.248954,0.0937691,16.1488,0,0.837293,1.27697,0.171709,23.8675,26.1599,569344,0.2177,0.2639,0,0.172011,0,1,1
box_detour_wall_far,oi_face_rot_wide_mppi,14766,256,16,0,0,1,1,1,138,0.249291,0.0442924,16.0194,0,0.904465,1.4647,0.182466,25.1803,28.6306,565248,0.2215,0.2699,0,0.182778,0,1,1
box_detour_wall_far,oi_face_rot_wide_mppi,14773,256,16,0,0,1,1,1,150,0.241455,0.130556,19.2754,0,0.809247,1.24421,0.165747,24.862,27.1219,614400,0.1908,0.2331,0,0.165964,0,1,1
box_detour_wall_far,oi_face_rot_wide_mppi,14780,256,16,0,0,1,1,1,109,0.240022,0.089131,14.9341,0,0.775723,1.07799,0.182449,19.8869,22.1425,446464,0.2159,0.2257,0,0.182737,0,1,1
box_detour_wall_far,oi_face_rot_wide_mppi,14787,256,16,0,0,1,1,1,113,0.232889,0.0189176,15.5269,0,0.857974,1.33007,0.177031,20.0045,21.7696,462848,0.216,0.235,0,0.177226,0,1,1
box_detour_wall_far,oi_face_rot_wide_mppi,14794,256,16,0,0,1,1,1,166,0.249404,0.0577212,20.7746,0,0.808106,1.14404,0.170366,28.2808,31.1378,679936,0.2129,0.2472,0,0.170536,0,1,1
box_detour_wall_far,oi_face_rot_wide_mppi,14801,256,16,0,0,1,1,1,122,0.231543,0.115066,17.1601,0,0.79069,1.15157,0.170635,20.8175,22.514,499712,0.207,0.2148,0,0.170813,0,1,1
box_detour_wall_far,oi_face_rot_wide_mppi,14808,256,16,0,0,1,1,1,155,0.241233,0.0732181,18.0822,0,0.864546,1.2632,0.170083,26.3628,28.7925,634880,0.1991,0.2216,0,0.170289,0,1,1
box_detour_wall_far,oi_face_rot_wide_mppi,14815,256,16,0,0,1,1,1,121,0.233267,0.063024,17.047,0,0.634953,0.766673,0.175877,21.2811,23.5938,495616,0.214,0.2542,0,0.17618,0,1,1
box_detour_wall_far,oi_face_rot_wide_mppi,14822,256,16,0,0,1,1,1,140,0.233272,0.0917656,16.8305,0,0.910484,1.56233,0.172357,24.13,26.4358,573440,0.2049,0.2609,0,0.172566,0,1,1
box_detour_wall_far,oi_face_rot_wide_mppi,14829,256,16,0,0,1,1,1,112,0.234143,0.018652,15.2125,0,0.741904,1.02455,0.171587,19.2178,20.6748,458752,0.207,0.2432,0,0.171767,0,1,1
box_detour_wall_far,oi_face_rot_wide_mppi,14836,256,16,0,0,1,1,1,130,0.226313,0.0281709,15.7949,0,0.862155,1.26954,0.218866,28.4526,32.5792,532480,0.3742,0.6009,0,0.219116,0,1,1
box_detour_wall_far,oi_face_rot_wide_mppi,14843,256,16,0,0,1,1,1,115,0.227268,0.0313522,14.2262,0,0.796694,1.23835,0.172454,19.8322,21.5323,471040,0.2079,0.2585,0,0.172662,0,1,1
box_detour_wall_far,oi_face_rot_wide_mppi,14850,256,16,0,0,1,1,1,107,0.230794,0.0305826,14.1098,0,0.72853,0.995142,0.179526,19.2093,20.969,438272,0.2112,0.2347,0,0.179754,0,1,1
box_detour_wall_far,oi_face_rot_wide_mppi,14857,256,16,0,0,1,1,1,165,0.236556,0.0316968,17.5103,0,1.00014,1.88636,0.171388,28.279,30.55,675840,0.2055,0.2176,0,0.171537,0,1,1
box_detour_wall_far,oi_face_rot_wide_mppi,14864,256,16,0,0,1,1,1,106,0.241442,0.066079,14.396,0,0.711311,0.867775,0.173006,18.3386,19.8764,434176,0.2067,0.2613,0,0.173176,0,1,1
box_detour_wall_far,oi_face_rot_wide_mppi,14871,256,16,0,0,1,1,1,169,0.232899,0.0671086,17.2097,0,0.926035,1.57494,0.175931,29.7323,32.6871,692224,0.2074,0.2941,0,0.176132,0,1,1
box_detour_wall_far,oi_face_rot_wide_mppi,14878,256,16,0,0,1,1,1,141,0.248816,0.0350487,15.9455,0,0.863964,1.35978,0.175632,24.7641,27.0739,577536,0.2078,0.7954,0,0.175838,0,1,1
box_detour_wall_far,oi_face_rot_wide_mppi,14885,256,16,0,0,1,1,1,105,0.226967,0.0295589,14.5552,0,0.73672,0.929175,0.166604,17.4934,18.957,430080,0.2001,0.2036,0,0.166822,0,1,1
box_detour_wall_far,oi_face_rot_wide_mppi,14892,256,16,0,0,1,1,1,167,0.232818,0.0743914,18.0117,0,1.0115,1.82047,0.175851,29.3671,31.9427,684032,0.2005,0.4743,0,0.176024,0,1,1
box_detour_wall_far,oi_face_rot_wide_mppi,14899,256,16,0,0,1,1,1,132,0.232508,0.10745,15.519,0,0.925482,1.49162,0.182423,24.0798,26.8319,540672,0.2195,0.2568,0,0.182706,0,1,1
box_detour_wall_far,oi_face_rot_wide_mppi,14906,256,16,0,0,1,1,1,140,0.240115,0.144313,16.3426,0,0.762221,1.09768,0.181617,25.4264,28.1246,573440,0.2281,0.2491,0,0.181799,0,1,1
box_detour_wall_far,oi_face_rot_wide_mppi,14913,256,16,0,0,1,1,1,158,0.235142,0.0775975,18.7555,0,0.865888,1.33921,0.169287,26.7474,28.9609,647168,0.1996,0.2057,0,0.169463,0,1,1
box_detour_wall_far,oi_face_rot_wide_mppi,14920,256,16,0,0,1,1,1,137,0.242092,0.0341562,18.4646,0,0.782048,1.13876,0.168139,23.0351,25.2871,561152,0.2028,0.2321,0,0.168345,0,1,1
box_detour_wall_far,oi_face_rot_wide_mppi,14927,256,16,0,0,1,1,1,156,0.230001,0.0675837,16.2609,0,1.0122,1.93544,0.16953,26.4467,28.5597,638976,0.2038,0.24,0,0.169713,0,1,1
box_detour_wall_far,oi_face_rot_wide_mppi,14934,256,16,0,0,1,1,1,123,0.240767,0.0401851,18.3956,0,0.792628,1.15577,0.164102,20.1846,21.6634,503808,0.1879,0.2118,0,0.164259,0,1,1
box_detour_wall_far,oi_face_rot_wide_mppi,14941,256,16,0,0,1,1,1,119,0.226468,0.0717116,13.7949,0,0.783111,1.24266,0.16888,20.0967,21.5436,487424,0.204,0.2173,0,0.169064,0,1,1
box_detour_wall_far,oi_face_rot_wide_mppi,14948,256,16,0,0,1,1,1,110,0.226684,0.0288061,14.6276,0,0.897383,1.4005,0.173193,19.0512,20.4934,450560,0.2038,0.2144,0,0.173344,0,1,1
box_detour_wall_far,oi_face_rot_wide_mppi,14955,256,16,0,0,1,1,1,121,0.246988,0.0463089,14.9711,0,0.90456,1.55269,0.17593,21.2875,23.7361,495616,0.2031,0.2172,0,0.176184,0,1,1
box_detour_wall_far,oi_face_rot_wide_mppi,14962,256,16,0,0,1,1,1,148,0.235229,0.0075323,15.7822,0,0.932588,1.62116,0.174912,25.887,28.3997,606208,0.2086,0.2671,0,0.175131,0,1,1
box_detour_wall_far,oi_face_rot_wide_mppi,14969,256,16,0,0,1,1,1,142,0.249894,0.110322,16.5986,0,0.865421,1.31683,0.177207,25.1634,27.8244,581632,0.231,0.2444,0,0.177479,0,1,1
box_detour_wall_far,oi_face_rot_wide_mppi,14976,256,16,0,0,1,1,1,132,0.247064,0.000307172,15.3004,0,0.840059,1.30541,0.17826,23.5303,26.111,540672,0.217,0.2545,0,0.178495,0,1,1
box_detour_wall_far,oi_face_rot_wide_mppi,14983,256,16,0,0,1,1,1,144,0.22904,0.0604376,18.1635,0,0.809762,1.36717,0.180471,25.9878,29.1397,589824,0.2124,0.2761,0,0.180798,0,1,1
box_detour_wall_far,oi_face_rot_wide_mppi,14990,256,16,0,0,1,1,1,133,0.227135,0.090814,17.4598,0,0.855235,1.36711,0.169141,22.4958,24.8288,544768,0.2071,0.2385,0,0.16935,0,1,1
box_detour_wall_far,oi_face_rot_wide_mppi,14997,256,16,0,0,1,1,1,103,0.224347,0.031988,13.6665,0,0.698855,0.902373,0.182791,18.8275,21.0727,421888,0.2247,0.2725,0,0.183097,0,1,1
box_detour_wall_far,oi_face_rot_wide_mppi,15004,256,16,0,0,1,1,1,122,0.238754,0.108651,14.5702,0,0.903617,1.67519,0.191794,23.3989,26.5873,499712,0.2525,0.3366,0,0.192148,0,1,1
box_detour_wall_far,oi_face_rot_wide_mppi,15011,256,16,0,0,1,1,1,105,0.237914,0.0141357,14.0778,0,0.768574,1.07559,0.197767,20.7655,23.8846,430080,0.2563,0.3669,0,0.198188,0,1,1
box_detour_wall_far,oi_face_rot_wide_mppi,15018,256,16,0,0,1,1,1,161,0.239773,0.115954,18.2532,0,1.08391,2.20434,0.19262,31.0118,35.0257,659456,0.2311,0.2628,0,0.192958,0,1,1
box_detour_wall_far,oi_face_rot_wide_mppi,15025,256,16,0,0,1,1,1,108,0.225726,0.0784307,14.4599,0,0.760404,1.04272,0.196021,21.1703,23.6714,442368,0.2312,0.2461,0,0.196384,0,1,1
box_detour_wall_far,oi_face_rot_wide_mppi,15032,256,16,0,0,1,1,1,187,0.235214,0.0297992,21.8663,0,0.949431,1.66339,0.198168,37.0575,42.0382,765952,0.2338,0.257,0,0.198422,0,1,1
box_detour_wall_far,oi_face_rot_wide_mppi,15039,256,16,0,0,1,1,1,134,0.245554,0.0216258,15.7811,0,0.808646,1.10272,0.18675,25.0245,27.8548,548864,0.2297,0.3255,0,0.187013,0,1,1
box_detour_wall_far,oi_face_rot_wide_mppi,15046,256,16,0,0,1,1,1,156,0.242739,0.0449505,16.6789,0,0.93143,1.65788,0.197688,30.8394,35.0316,638976,0.2598,0.2804,0,0.197971,0,1,1
box_detour_wall_far,oi_face_rot_wide_mppi,15053,256,16,0,0,1,1,1,124,0.233274,0.116865,17.422,0,0.675921,0.841385,0.181603,22.5188,25.4389,507904,0.2236,0.249,0,0.181902,0,1,1
box_detour_wall_far,oi_face_rot_wide_mppi,15060,256,16,0,0,1,1,1,106,0.24408,0.120027,13.8994,0,0.686226,0.925735,0.173918,18.4353,20.1462,434176,0.2104,0.2319,0,0.174161,0,1,1
box_detour_wall_far,oi_face_rot_wide_mppi,15067,256,16,0,0,1,1,1,127,0.232915,0.116377,15.1801,0,0.786971,1.14854,0.171198,21.7422,23.7908,520192,0.2073,0.2334,0,0.171438,0,1,1
box_detour_wall_far,oi_face_rot_wide_mppi,15074,256,16,0,0,1,1,1,151,0.228822,0.0752587,17.8737,0,0.842862,1.33419,0.172662,26.0719,28.6367,618496,0.2057,0.2336,0,0.172865,0,1,1
box_detour_wall_far,oi_face_rot_wide_mppi,15081,256,16,0,0,1,1,1,123,0.242195,0.074649,14.2398,0,0.779176,1.10273,0.172359,21.2002,23.5068,503808,0.2116,0.2243,0,0.172563,0,1,1
box_detour_wall_far,oi_face_rot_wide_mppi,15088,256,16,0,0,1,1,1,140,0.241515,0.077812,17.1394,0,0.824571,1.17754,0.173857,24.34,26.8866,573440,0.221,0.2532,0,0.174056,0,1,1
box_detour_wall_far,oi_face_rot_wide_mppi,15095,256,16,0,0,1,1,1,109,0.226298,0.0552202,14.61,0,0.733275,0.935217,0.175828,19.1652,21.0552,446464,0.2108,0.2344,0,0.17612,0,1,1
box_detour_wall_far,oi_face_rot_wide_mppi,15102,256,16,0,0,1,1,1,120,0.248611,0.0397061,14.1531,0,0.837645,1.24267,0.177861,21.3433,23.547,491520,0.2162,0.2638,0,0.178066,0,1,1
box_detour_wall_far,oi_face_rot_wide_mppi,15109,256,16,0,0,1,1,1,123,0.242908,0.113417,14.4614,0,1.05936,2.11413,0.176935,21.763,24.2966,503808,0.2099,0.2357,0,0.177274,0,1,1
box_detour_wall_far,oi_face_rot_wide_mppi,15116,256,16,0,0,1,1,1,172,0.243969,0.0474506,20.6584,0,0.858724,1.40798,0.172199,29.6182,32.5709,704512,0.2088,0.2339,0,0.172414,0,1,1
box_detour_wall_far,oi_face_rot_wide_mppi,15123,256,16,0,0,1,1,1,151,0.228029,0.018149,17.645,0,0.940483,1.68405,0.178486,26.9514,30.0856,618496,0.2248,0.246,0,0.178758,0,1,1
box_detour_wall_far,oi_face_rot_wide_mppi,15130,256,16,0,0,1,1,1,120,0.244736,0.117105,17.3634,0,0.65398,0.794317,0.177997,21.3596,23.495,491520,0.2214,0.757,0,0.178253,0,1,1
box_detour_wall_far,oi_face_rot_wide_mppi,15137,256,16,0,0,1,1,1,137,0.23289,0.155578,15.2502,0,0.904085,1.38098,0.16719,22.905,24.8999,561152,0.1961,0.2203,0,0.167351,0,1,1
box_detour_wall_far,oi_face_rot_wide_mppi,15144,256,16,0,0,1,1,1,138,0.239604,0.0248648,16.3346,0,0.874222,1.29457,0.173659,23.965,26.1525,565248,0.2108,0.2208,0,0.173845,0,1,1
box_detour_wall_far,oi_face_rot_wide_mppi,15151,256,16,0,0,1,1,1,145,0.246954,0.055441,16.6722,0,0.9867,1.64431,0.173767,25.1962,27.529,593920,0.2068,0.2398,0,0.173999,0,1,1
box_detour_wall_far,oi_face_rot_wide_mppi,15158,256,16,0,0,1,1,1,163,0.228361,0.0502344,18.6178,0,1.00926,1.85169,0.172651,28.1422,30.7746,667648,0.2108,0.2358,0,0.172829,0,1,1
box_detour_wall_far,oi_face_rot_wide_mppi,15165,256,16,0,0,1,1,1,160,0.228321,0.0678255,17.6455,0,1.01069,1.8348,0.169423,27.1077,29.5528,655360,0.2024,0.2338,0,0.169627,0,1,1
box_detour_wall_far,oi_face_rot_wide_mppi,15172,256,16,0,0,1,1,1,159,0.234153,0.0909096,20.248,0,0.83468,1.29943,0.170811,27.159,30.215,651264,0.2369,0.2679,0,0.171033,0,1,1
box_detour_wall_far,oi_face_rot_wide_mppi,15179,256,16,0,0,1,1,1,120,0.233665,0.053531,14.5695,0,0.749909,1.01613,0.175448,21.0537,23.5428,491520,0.2123,0.2307,0,0.175683,0,1,1
box_detour_wall_far,oi_face_rot_wide_mppi,15186,256,16,0,0,1,1,1,106,0.248068,0.0829795,13.8001,0,0.786946,1.03857,0.1725,18.285,20.1004,434176,0.1955,0.2027,0,0.172724,0,1,1
box_detour_wall_far,oi_face_rot_wide_mppi,15193,256,16,0,0,1,1,1,156,0.226643,0.00552505,19.1363,0,0.873526,1.34654,0.168081,26.2207,28.7552,638976,0.2067,0.2172,0,0.168291,0,1,1
box_detour_wall_far,oi_face_rot_wide_mppi,15200,256,16,0,0,1,1,1,119,0.22578,0.000576638,14.1632,0,0.864789,1.34405,0.186564,22.2011,24.9321,487424,0.2326,0.2644,0,0.186903,0,1,1
box_detour_wall_far,oi_face_rot_wide_mppi,15207,256,16,0,0,1,1,1,145,0.246236,0.0760576,16.9159,0,0.81584,1.17884,0.180957,26.2387,28.9675,593920,0.2156,0.2528,0,0.18121,0,1,1
box_detour_wall_far,oi_face_rot_wide_mppi,15214,256,16,0,0,1,1,1,111,0.248039,0.0163975,15.4859,0,0.822139,1.16283,0.171414,19.027,20.7039,454656,0.2071,0.2286,0,0.171635,0,1,1
box_detour_wall_far,oi_face_rot_wide_mppi,15221,256,16,0,0,1,1,1,104,0.236925,0.12773,13.8288,0,0.743557,0.971829,0.174555,18.1537,19.8168,425984,0.213,0.2307,0,0.174762,0,1,1
box_detour_wall_far,oi_face_rot_wide_mppi,15228,256,16,0,0,1,1,1,119,0.248566,0.0549336,14.8271,0,0.861844,1.34016,0.183766,21.8681,24.3167,487424,0.2181,0.2655,0,0.184027,0,1,1
box_detour_wall_far,oi_face_rot_wide_mppi,15235,256,16,0,0,1,1,1,187,0.216766,0.00302116,20.6492,0,1.0045,1.89007,0.166932,31.2162,33.8942,765952,0.1935,0.4671,0,0.167127,0,1,1
box_detour_wall_far,oi_face_rot_wide_mppi,15242,256,16,0,0,1,1,1,159,0.228171,0.00745814,17.1623,0,0.865214,1.40521,0.16784,26.6866,28.8187,651264,0.2038,0.2186,0,0.168001,0,1,1
box_detour_wall_far,oi_face_rot_wide_mppi,15249,256,16,0,0,1,1,1,159,0.230143,0.109692,19.9424,0,0.86265,1.26586,0.168038,26.7181,29.3663,651264,0.1995,0.2084,0,0.168222,0,1,1
box_detour_wall_left,oi_face_rot_pstall_mppi,14456,256,16,0,0,1,1,1,116,0.24256,0.132113,11.0851,0,0.72929,1.21451,0.176797,20.5084,22.4276,475136,0.2104,0.2538,0,0.177045,0,1,1
box_detour_wall_left,oi_face_rot_pstall_mppi,14463,256,16,0,0,1,1,1,110,0.247696,0.0357264,10.4865,0,0.766771,1.20887,0.172441,18.9685,20.7175,450560,0.2073,0.2153,0,0.172715,0,1,1
box_detour_wall_left,oi_face_rot_pstall_mppi,14470,256,16,0,0,1,1,1,107,0.246976,0.0486129,10.051,0,0.827349,1.3477,0.182205,19.4959,21.8289,438272,0.2263,0.2355,0,0.182505,0,1,1
box_detour_wall_left,oi_face_rot_pstall_mppi,14477,256,16,0,0,1,1,1,141,0.217027,0.016364,11.6408,0,1.02765,2.3289,0.172545,24.3288,26.3711,577536,0.207,0.2207,0,0.172695,0,1,1
box_detour_wall_left,oi_face_rot_pstall_mppi,14484,256,16,0,0,1,1,1,125,0.234219,0.0273724,12.0647,0,0.826203,1.39268,0.178278,22.2847,24.2059,512000,0.2034,0.2453,0,0.178455,0,1,1
box_detour_wall_left,oi_face_rot_pstall_mppi,14491,256,16,0,0,1,1,1,156,0.242395,0.0614965,14.6064,0,0.850639,1.63096,0.181479,28.3107,31.016,638976,0.2169,0.2302,0,0.181703,0,1,1
box_detour_wall_left,oi_face_rot_pstall_mppi,14498,256,16,0,0,1,1,1,130,0.237296,0.00889725,11.1257,0,0.781184,1.22115,0.178617,23.2202,25.2785,532480,0.2133,0.2257,0,0.17879,0,1,1
box_detour_wall_left,oi_face_rot_pstall_mppi,14505,256,16,0,0,1,1,1,122,0.236219,0.0782514,11.7139,0,0.797976,1.24545,0.17927,21.8709,23.7604,499712,0.2171,0.2248,0,0.179459,0,1,1
box_detour_wall_left,oi_face_rot_pstall_mppi,14512,256,16,0,0,1,1,1,108,0.242764,0.068573,10.0556,0,0.772873,1.28187,0.179169,19.3503,21.2762,442368,0.2103,0.2167,0,0.179401,0,1,1
box_detour_wall_left,oi_face_rot_pstall_mppi,14519,256,16,0,0,1,1,1,117,0.23749,0.0879807,11.0905,0,0.819193,1.37003,0.173888,20.3449,21.9926,479232,0.2016,0.2223,0,0.174097,0,1,1
box_detour_wall_left,oi_face_rot_pstall_mppi,14526,256,16,0,0,1,1,1,134,0.230223,0.0940384,11.407,0,0.816719,1.43477,0.178272,23.8884,25.9719,548864,0.2112,0.3015,0,0.17846,0,1,1
box_detour_wall_left,oi_face_rot_pstall_mppi,14533,256,16,0,0,1,1,1,131,0.226394,0.0395908,12.3308,0,0.930417,1.79828,0.177668,23.2745,25.2834,536576,0.2107,0.2348,0,0.177888,0,1,1
box_detour_wall_left,oi_face_rot_pstall_mppi,14540,256,16,0,0,1,1,1,110,0.234815,0.0964486,10.3227,0,0.834218,1.44311,0.181995,20.0195,22.1939,450560,0.2124,0.2298,0,0.182274,0,1,1
box_detour_wall_left,oi_face_rot_pstall_mppi,14547,256,16,0,0,1,1,1,110,0.243166,0.122665,10.8707,0,0.78691,1.0896,0.180912,19.9003,21.894,450560,0.2098,0.2335,0,0.181136,0,1,1
box_detour_wall_left,oi_face_rot_pstall_mppi,14554,256,16,0,0,1,1,1,136,0.247262,0.0150883,12.6323,0,0.870238,1.41513,0.182678,24.8442,27.3287,557056,0.2369,0.2829,0,0.182896,0,1,1
box_detour_wall_left,oi_face_rot_pstall_mppi,14561,256,16,0,0,1,1,1,114,0.23491,0.0738196,10.9141,0,0.796153,1.31372,0.17542,19.9979,21.9605,466944,0.2062,0.2384,0,0.175632,0,1,1
box_detour_wall_left,oi_face_rot_pstall_mppi,14568,256,16,0,0,1,1,1,151,0.239326,0.0601738,16.011,0,0.824295,1.3249,0.180217,27.2127,29.6621,618496,0.2105,0.225,0,0.180409,0,1,1
box_detour_wall_left,oi_face_rot_pstall_mppi,14575,256,16,0,0,1,1,1,119,0.231488,0.0194459,11.2197,0,0.78331,1.25839,0.181759,21.6293,23.9309,487424,0.2266,0.2455,0,0.182012,0,1,1
box_detour_wall_left,oi_face_rot_pstall_mppi,14582,256,16,0,0,1,1,1,111,0.230446,0.0582756,10.5143,0,0.74882,1.17771,0.176538,19.5957,21.3563,454656,0.2109,0.2145,0,0.176743,0,1,1
box_detour_wall_left,oi_face_rot_pstall_mppi,14589,256,16,0,0,1,1,1,146,0.227931,0.0634151,13.6062,0,0.863118,1.40393,0.185225,27.0428,29.6926,598016,0.2134,0.242,0,0.185418,0,1,1
box_detour_wall_left,oi_face_rot_pstall_mppi,14596,256,16,0,0,1,1,1,123,0.227748,0.000252327,11.5492,0,0.819347,1.29569,0.197141,24.2484,27.6378,503808,0.2298,0.2576,0,0.19745,0,1,1
box_detour_wall_left,oi_face_rot_pstall_mppi,14603,256,16,0,0,1,1,1,126,0.237902,0.0879895,11.9664,0,0.825197,1.2031,0.180367,22.7263,25.1987,516096,0.2091,0.2209,0,0.180671,0,1,1
box_detour_wall_left,oi_face_rot_pstall_mppi,14610,256,16,0,0,1,1,1,125,0.24332,0.124945,12.3816,0,0.698684,1.01842,0.185132,23.1415,25.4014,512000,0.2212,0.2673,0,0.185373,0,1,1
box_detour_wall_left,oi_face_rot_pstall_mppi,14617,256,16,0,0,1,1,1,122,0.246128,0.0183832,11.7849,0,0.723874,1.02628,0.174563,21.2967,23.0657,499712,0.2053,0.2358,0,0.174746,0,1,1
box_detour_wall_left,oi_face_rot_pstall_mppi,14624,256,16,0,0,1,1,1,122,0.247998,0.00105238,11.5434,0,0.849813,1.51349,0.175171,21.3708,22.9571,499712,0.2073,0.2472,0,0.175325,0,1,1
box_detour_wall_left,oi_face_rot_pstall_mppi,14631,256,16,0,0,1,1,1,158,0.245125,0.0691789,14.0525,0,0.954436,1.90076,0.172389,27.2374,29.6498,647168,0.2085,0.2594,0,0.172556,0,1,1
box_detour_wall_left,oi_face_rot_pstall_mppi,14638,256,16,0,0,1,1,1,114,0.241064,0.0943006,10.8362,0,0.802784,1.25977,0.188047,21.4374,23.9845,466944,0.2305,0.263,0,0.188361,0,1,1
box_detour_wall_left,oi_face_rot_pstall_mppi,14645,256,16,0,0,1,1,1,109,0.236693,0.0184049,10.2436,0,0.761528,1.15644,0.175496,19.1291,20.8479,446464,0.2149,0.2451,0,0.175861,0,1,1
box_detour_wall_left,oi_face_rot_pstall_mppi,14652,256,16,0,0,1,1,1,129,0.245373,0.00412142,11.6869,0,0.851263,1.48966,0.172219,22.2162,24.0199,528384,0.211,0.2387,0,0.172382,0,1,1
box_detour_wall_left,oi_face_rot_pstall_mppi,14659,256,16,0,0,1,1,1,143,0.239313,0.0819706,12.6914,0,0.855458,1.37756,0.176831,25.2869,27.5492,585728,0.2063,0.2188,0,0.177023,0,1,1
box_detour_wall_left,oi_face_rot_pstall_mppi,14666,256,16,0,0,1,1,1,126,0.246985,0.157601,12.1293,0,0.726807,1.03191,0.253608,31.9546,37.9819,516096,0.3146,0.3747,0,0.253884,0,1,1
box_detour_wall_left,oi_face_rot_pstall_mppi,14673,256,16,0,0,1,1,1,222,0.240109,0.0156563,20.8088,0,0.881534,1.36856,0.177026,39.2998,42.4506,909312,0.209,0.2561,0,0.177176,0,1,1
box_detour_wall_left,oi_face_rot_pstall_mppi,14680,256,16,0,0,1,1,1,145,0.223847,0.0235777,13.3448,0,0.895417,1.65998,0.180164,26.1237,28.3963,593920,0.2182,0.2414,0,0.180363,0,1,1
box_detour_wall_left,oi_face_rot_pstall_mppi,14687,256,16,0,0,1,1,1,146,0.21858,0.0684851,12.6135,0,0.82789,1.36447,0.178943,26.1257,28.5798,598016,0.2155,0.2263,0,0.179151,0,1,1
box_detour_wall_left,oi_face_rot_pstall_mppi,14694,256,16,0,0,1,1,1,127,0.232198,0.0177545,11.9853,0,0.850194,1.59043,0.186037,23.6267,25.8963,520192,0.224,0.2559,0,0.186265,0,1,1
box_detour_wall_left,oi_face_rot_pstall_mppi,14701,256,16,0,0,1,1,1,153,0.231369,0.0374774,14.0091,0,0.920252,1.7939,0.178464,27.305,29.8154,626688,0.2126,0.2906,0,0.178674,0,1,1
box_detour_wall_left,oi_face_rot_pstall_mppi,14708,256,16,0,0,1,1,1,107,0.230231,0.0384561,10.2216,0,0.787053,1.07903,0.196479,21.0233,24.3537,438272,0.2286,0.238,0,0.196841,0,1,1
box_detour_wall_left,oi_face_rot_pstall_mppi,14715,256,16,0,0,1,1,1,139,0.236605,0.0617175,12.7714,0,0.987679,1.84062,0.179563,24.9593,27.3114,569344,0.2171,0.2299,0,0.17978,0,1,1
box_detour_wall_left,oi_face_rot_pstall_mppi,14722,256,16,0,0,1,1,1,116,0.245092,0.0978446,11.1324,0,0.768161,1.01646,0.181569,21.062,23.5345,475136,0.2131,0.2456,0,0.181925,0,1,1
box_detour_wall_left,oi_face_rot_pstall_mppi,14729,256,16,0,0,1,1,1,160,0.246921,0.0428104,14.055,0,0.978149,1.85572,0.174528,27.9244,30.1099,655360,0.2069,0.2279,0,0.174714,0,1,1
box_detour_wall_left,oi_face_rot_pstall_mppi,14736,256,16,0,0,1,1,1,126,0.243946,0.0669026,11.089,0,0.840621,1.34206,0.177194,22.3264,24.3042,516096,0.2062,0.2136,0,0.17738,0,1,1
box_detour_wall_left,oi_face_rot_pstall_mppi,14743,256,16,0,0,1,1,1,139,0.238042,0.0316974,12.102,0,0.880554,1.62247,0.175476,24.3912,26.6351,569344,0.2037,0.227,0,0.175678,0,1,1
box_detour_wall_left,oi_face_rot_pstall_mppi,14750,256,16,0,0,1,1,1,148,0.22535,0.080735,12.4364,0,0.992721,2.09135,0.173539,25.6837,27.6729,606208,0.2063,0.2308,0,0.173729,0,1,1
box_detour_wall_left,oi_face_rot_pstall_mppi,14757,256,16,0,0,1,1,1,134,0.236281,0.0658309,11.6458,0,0.863081,1.46438,0.17514,23.4687,25.4459,548864,0.2114,0.2384,0,0.175299,0,1,1
box_detour_wall_left,oi_face_rot_pstall_mppi,14764,256,16,0,0,1,1,1,130,0.241527,0.0629791,12.518,0,0.78023,1.20223,0.178781,23.2416,25.2109,532480,0.209,0.2397,0,0.17898,0,1,1
box_detour_wall_left,oi_face_rot_pstall_mppi,14771,256,16,0,0,1,1,1,133,0.231738,0.0572522,12.469,0,0.985532,2.03799,0.175433,23.3326,25.1361,544768,0.2072,0.2118,0,0.175612,0,1,1
box_detour_wall_left,oi_face_rot_pstall_mppi,14778,256,16,0,0,1,1,1,117,0.244597,0.0564589,11.625,0,0.725266,0.96989,0.172996,20.2406,21.9388,479232,0.2052,0.4535,0,0.173199,0,1,1
box_detour_wall_left,oi_face_rot_pstall_mppi,14785,256,16,0,0,1,1,1,131,0.240802,0.0447219,11.3913,0,0.88509,1.66999,0.171966,22.5276,24.4257,536576,0.2074,0.2329,0,0.172148,0,1,1
box_detour_wall_left,oi_face_rot_pstall_mppi,14792,256,16,0,0,1,1,1,110,0.243653,0.112552,10.4014,0,0.767183,1.28254,0.179436,19.738,21.7626,450560,0.2104,0.2356,0,0.179729,0,1,1
box_detour_wall_left,oi_face_rot_pstall_mppi,14799,256,16,0,0,1,1,1,134,0.243379,0.048819,12.4686,0,1.00214,2.06894,0.183891,24.6414,27.2811,548864,0.2217,0.2635,0,0.184178,0,1,1
box_detour_wall_left,oi_face_rot_pstall_mppi,14806,256,16,0,0,1,1,1,111,0.244911,0.023231,10.389,0,0.82811,1.37026,0.178086,19.7676,21.7754,454656,0.2359,0.2562,0,0.178371,0,1,1
box_detour_wall_left,oi_face_rot_pstall_mppi,14813,256,16,0,0,1,1,1,154,0.244661,0.0895124,13.6615,0,0.877415,1.55333,0.180321,27.7694,30.6939,630784,0.2284,0.25,0,0.18058,0,1,1
box_detour_wall_left,oi_face_rot_pstall_mppi,14820,256,16,0,0,1,1,1,131,0.240125,0.14941,12.5746,0,0.823708,1.34629,0.186911,24.4853,27.1657,536576,0.2318,0.2582,0,0.187179,0,1,1
box_detour_wall_left,oi_face_rot_pstall_mppi,14827,256,16,0,0,1,1,1,159,0.246275,0.0826219,15.4977,0,0.843116,1.34175,0.200293,31.8466,35.9408,651264,0.244,0.2815,0,0.200601,0,1,1
box_detour_wall_left,oi_face_rot_pstall_mppi,14834,256,16,0,0,1,1,1,122,0.244562,0.0100225,11.7419,0,0.782684,1.04673,0.184733,22.5374,25.0526,499712,0.2322,0.3605,0,0.185034,0,1,1
box_detour_wall_left,oi_face_rot_pstall_mppi,14841,256,16,0,0,1,1,1,128,0.23321,0.0357483,11.5914,0,0.9112,1.78008,0.188581,24.1384,27.0401,524288,0.2328,0.3068,0,0.188913,0,1,1
box_detour_wall_left,oi_face_rot_pstall_mppi,14848,256,16,0,0,1,1,1,114,0.231355,0.125094,10.9878,0,0.7882,1.22679,0.195026,22.233,25.1291,466944,0.2539,0.2899,0,0.195543,0,1,1
box_detour_wall_left,oi_face_rot_pstall_mppi,14855,256,16,0,0,1,1,1,129,0.229069,0.104519,12.0471,0,0.863194,1.62036,0.213612,27.5559,31.213,528384,0.2671,0.3413,0,0.213984,0,1,1
box_detour_wall_left,oi_face_rot_pstall_mppi,14862,256,16,0,0,1,1,1,148,0.230304,0.0241967,12.8801,0,0.875965,1.53772,0.197916,29.2916,33.401,606208,0.2679,0.294,0,0.19825,0,1,1
box_detour_wall_left,oi_face_rot_pstall_mppi,14869,256,16,0,0,1,1,1,121,0.24989,0.110975,11.4426,0,0.788859,1.25784,0.212663,25.7322,29.4424,495616,0.3399,0.3943,0,0.21301,0,1,1
box_detour_wall_left,oi_face_rot_pstall_mppi,14876,256,16,0,0,1,1,1,152,0.241718,0.0113542,12.8127,0,0.962195,1.93165,0.212442,32.2912,37.8073,622592,0.2741,0.5886,0,0.212791,0,1,1
box_detour_wall_left,oi_face_rot_pstall_mppi,14883,256,16,0,0,1,1,1,175,0.228827,0.0259236,17.7164,0,0.796325,1.09181,0.216485,37.8848,43.3519,716800,0.2677,0.3042,0,0.216829,0,1,1
box_detour_wall_left,oi_face_rot_pstall_mppi,14890,256,16,0,0,1,1,1,129,0.246519,0.0911408,11.2178,0,0.863515,1.61642,0.217017,27.9952,32.581,528384,0.3397,0.4766,0,0.21734,0,1,1
box_detour_wall_left,oi_face_rot_pstall_mppi,14897,256,16,0,0,1,1,1,127,0.230919,0.0267332,12.3286,0,0.771388,1.11588,0.191416,24.3098,27.7173,520192,0.2318,0.2567,0,0.19173,0,1,1
box_detour_wall_left,oi_face_rot_pstall_mppi,14904,256,16,0,0,1,1,1,136,0.237303,0.0924561,11.7178,0,0.78489,1.20244,0.199863,27.1814,30.6944,557056,0.2302,0.2405,0,0.200154,0,1,1
box_detour_wall_left,oi_face_rot_pstall_mppi,14911,256,16,0,0,1,1,1,142,0.22947,0.0867527,12.2819,0,0.8789,1.6034,0.197665,28.0684,31.6242,581632,0.2372,0.2569,0,0.19804,0,1,1
box_detour_wall_left,oi_face_rot_pstall_mppi,14918,256,16,0,0,1,1,1,163,0.243313,0.0698693,15.6352,0,0.913462,1.68096,0.204035,33.2577,37.9512,667648,0.2505,0.2931,0,0.204356,0,1,1
box_detour_wall_left,oi_face_rot_pstall_mppi,14925,256,16,0,0,1,1,1,129,0.228992,0.0678908,12.1608,0,0.760356,1.10254,0.209568,27.0343,31.3986,528384,0.2537,0.299,0,0.209912,0,1,1
box_detour_wall_left,oi_face_rot_pstall_mppi,14932,256,16,0,0,1,1,1,131,0.238847,0.0482265,12.4429,0,0.638084,0.825674,0.199287,26.1066,29.6636,536576,0.2478,0.2863,0,0.199534,0,1,1
box_detour_wall_left,oi_face_rot_pstall_mppi,14939,256,16,0,0,1,1,1,143,0.2343,0.00329151,12.4666,0,0.855772,1.66188,0.183774,26.2797,29.4122,585728,0.2238,0.3301,0,0.184052,0,1,1
box_detour_wall_left,oi_face_rot_pstall_mppi,14946,256,16,0,0,1,1,1,109,0.22826,0.0807931,10.2013,0,0.87745,1.46197,0.182479,19.8902,22.1142,446464,0.2243,0.3513,0,0.182794,0,1,1
box_detour_wall_left,oi_face_rot_pstall_mppi,14953,256,16,0,0,1,1,1,145,0.236055,0.103946,12.2327,0,0.992068,1.96528,0.186576,27.0536,30.1417,593920,0.2298,0.2567,0,0.186899,0,1,1
box_detour_wall_left,oi_face_rot_pstall_mppi,14960,256,16,0,0,1,1,1,128,0.244277,0.0740288,11.8075,0,0.832184,1.47625,0.189181,24.2152,27.2194,524288,0.2401,0.2602,0,0.189419,0,1,1
box_detour_wall_left,oi_face_rot_pstall_mppi,14967,256,16,0,0,1,1,1,144,0.234665,0.0437842,12.8445,0,0.7691,1.1001,0.201772,29.0552,32.9108,589824,0.2595,0.2758,0,0.202087,0,1,1
box_detour_wall_left,oi_face_rot_pstall_mppi,14974,256,16,0,0,1,1,1,116,0.242624,0.0902538,11.1005,0,0.737122,1.05366,0.199024,23.0868,26.5207,475136,0.2332,0.2565,0,0.199328,0,1,1
box_detour_wall_left,oi_face_rot_pstall_mppi,14981,256,16,0,0,1,1,1,130,0.227646,0.0744505,10.4364,0,1.03579,2.01351,0.177221,23.0387,25.3509,532480,0.2319,0.3033,0,0.177457,0,1,1
box_detour_wall_left,oi_face_rot_pstall_mppi,14988,256,16,0,0,1,1,1,124,0.231592,0.0141161,11.4553,0,0.932372,1.7762,0.178803,22.1716,24.2292,507904,0.212,0.235,0,0.179022,0,1,1
box_detour_wall_left,oi_face_rot_pstall_mppi,14995,256,16,0,0,1,1,1,165,0.232821,0.0977701,14.3358,0,0.899225,1.64388,0.181129,29.8863,33.2358,675840,0.2157,0.2369,0,0.181331,0,1,1
box_detour_wall_left,oi_face_rot_pstall_mppi,15002,256,16,0,0,1,1,1,131,0.22696,0.064414,11.1182,0,0.741223,1.13178,0.199299,26.1082,29.7928,536576,0.2491,0.2701,0,0.199592,0,1,1
box_detour_wall_left,oi_face_rot_pstall_mppi,15009,256,16,0,0,1,1,1,121,0.231852,0.0544202,11.3006,0,0.850675,1.428,0.200781,24.2945,27.9087,495616,0.237,0.28,0,0.201058,0,1,1
box_detour_wall_left,oi_face_rot_pstall_mppi,15016,256,16,0,0,1,1,1,143,0.246262,0.0782286,13.6524,0,0.759399,1.144,0.201408,28.8014,32.9472,585728,0.2444,0.315,0,0.201734,0,1,1
box_detour_wall_left,oi_face_rot_pstall_mppi,15023,256,16,0,0,1,1,1,148,0.24605,0.10439,13.072,0,0.832798,1.40056,0.191327,28.3164,31.5133,606208,0.246,0.3056,0,0.191615,0,1,1
box_detour_wall_left,oi_face_rot_pstall_mppi,15030,256,16,0,0,1,1,1,133,0.247927,0.0153594,12.6366,0,0.858774,1.46908,0.188368,25.053,28.0015,544768,0.2214,0.25,0,0.188564,0,1,1
box_detour_wall_left,oi_face_rot_pstall_mppi,15037,256,16,0,0,1,1,1,106,0.228015,0.113922,10.0717,0,0.726522,1.00258,0.180553,19.1386,21.1966,434176,0.2292,0.2589,0,0.180875,0,1,1
box_detour_wall_left,oi_face_rot_pstall_mppi,15044,256,16,0,0,1,1,1,112,0.246073,0.0176546,10.1681,0,0.840555,1.42693,0.196304,21.9861,25.1751,458752,0.2329,0.278,0,0.196654,0,1,1
box_detour_wall_left,oi_face_rot_pstall_mppi,15051,256,16,0,0,1,1,1,159,0.237501,0.0270663,13.9522,0,0.850736,1.45382,0.194338,30.8997,35.4336,651264,0.2579,0.2883,0,0.194621,0,1,1
box_detour_wall_left,oi_face_rot_pstall_mppi,15058,256,16,0,0,1,1,1,124,0.237678,0.0853435,11.588,0,0.874618,1.48683,0.187444,23.2431,26.0868,507904,0.2309,0.3165,0,0.187693,0,1,1
box_detour_wall_left,oi_face_rot_pstall_mppi,15065,256,16,0,0,1,1,1,122,0.23291,0.0804162,11.6193,0,0.873326,1.35215,0.198073,24.1649,27.8454,499712,0.2318,0.3006,0,0.198443,0,1,1
box_detour_wall_left,oi_face_rot_pstall_mppi,15072,256,16,0,0,1,1,1,120,0.248053,0.0040201,10.2561,0,0.772075,1.16658,0.190017,22.802,25.9548,491520,0.221,0.2323,0,0.190337,0,1,1
box_detour_wall_left,oi_face_rot_pstall_mppi,15079,256,16,0,0,1,1,1,158,0.229353,0.0415772,15.2754,0,0.832491,1.31119,0.182411,28.821,31.5929,647168,0.2142,0.2613,0,0.182651,0,1,1
box_detour_wall_left,oi_face_rot_pstall_mppi,15086,256,16,0,0,1,1,1,127,0.245532,0.0117598,11.913,0,0.802945,1.26448,0.183372,23.2882,26.0215,520192,0.221,0.2376,0,0.183584,0,1,1
box_detour_wall_left,oi_face_rot_pstall_mppi,15093,256,16,0,0,1,1,1,107,0.24949,0.0558619,9.94796,0,0.791634,1.23558,0.184083,19.6969,21.9516,438272,0.2356,0.252,0,0.184463,0,1,1
box_detour_wall_left,oi_face_rot_pstall_mppi,15100,256,16,0,0,1,1,1,120,0.234581,0.0591587,11.4154,0,0.728942,1.16189,0.176063,21.1276,23.2479,491520,0.2072,0.2257,0,0.176281,0,1,1
box_detour_wall_left,oi_face_rot_pstall_mppi,15107,256,16,0,0,1,1,1,124,0.23633,0.0119936,10.457,0,0.939099,1.73318,0.175776,21.7962,23.6232,507904,0.2057,0.2199,0,0.175988,0,1,1
box_detour_wall_left,oi_face_rot_pstall_mppi,15114,256,16,0,0,1,1,1,109,0.246455,0.0919279,10.3842,0,0.822052,1.38894,0.180183,19.64,21.5398,446464,0.2048,0.2271,0,0.180468,0,1,1
box_detour_wall_left,oi_face_rot_pstall_mppi,15121,256,16,0,0,0,1,0,420,1.20166,0.212179,49.3376,0,2.93843,10.858,0.165864,69.663,77.377,1720320,0.1946,0.2596,0,0.166005,0,1,0
box_detour_wall_left,oi_face_rot_pstall_mppi,15128,256,16,0,0,1,1,1,106,0.239245,0.0016992,10.1175,0,0.783263,1.24741,0.182882,19.3855,21.594,434176,0.2281,0.2786,0,0.183185,0,1,1
box_detour_wall_left,oi_face_rot_pstall_mppi,15135,256,16,0,0,1,1,1,146,0.239769,0.0461929,12.8381,0,0.813718,1.37765,0.177318,25.8884,28.5381,598016,0.2101,0.3074,0,0.177544,0,1,1
box_detour_wall_left,oi_face_rot_pstall_mppi,15142,256,16,0,0,1,1,1,140,0.2337,0.0737062,13.5373,0,0.794244,1.31104,0.195602,27.3843,30.8937,573440,0.2409,0.3777,0,0.195894,0,1,1
box_detour_wall_left,oi_face_rot_pstall_mppi,15149,256,16,0,0,1,1,1,159,0.240043,0.0914511,14.041,0,0.900675,1.5229,0.197357,31.3797,34.994,651264,0.2418,0.6431,0,0.19771,0,1,1
box_detour_wall_left,oi_face_rot_stall_mppi,14456,256,16,0,0,1,1,1,116,0.24256,0.132113,11.0851,0,0.72929,1.21451,0.180552,20.944,22.9562,475136,0.2222,0.2631,0,0.180772,0,1,1
box_detour_wall_left,oi_face_rot_stall_mppi,14463,256,16,0,0,1,1,1,110,0.247696,0.0357264,10.4865,0,0.766771,1.20887,0.192117,21.1329,23.8234,450560,0.2304,0.2616,0,0.192465,0,1,1
box_detour_wall_left,oi_face_rot_stall_mppi,14470,256,16,0,0,1,1,1,107,0.246976,0.0486129,10.051,0,0.827349,1.3477,0.199311,21.3263,24.2192,438272,0.241,0.2758,0,0.199734,0,1,1
box_detour_wall_left,oi_face_rot_stall_mppi,14477,256,16,0,0,1,1,1,141,0.217027,0.016364,11.6408,0,1.02765,2.3289,0.201806,28.4546,32.2044,577536,0.252,0.3125,0,0.202111,0,1,1
box_detour_wall_left,oi_face_rot_stall_mppi,14484,256,16,0,0,1,1,1,125,0.234219,0.0273724,12.0647,0,0.826203,1.39268,0.182013,22.7516,25.1435,512000,0.2168,0.2581,0,0.182285,0,1,1
box_detour_wall_left,oi_face_rot_stall_mppi,14491,256,16,0,0,1,1,1,177,0.230727,0.0997981,18.2081,0,0.819059,1.40297,0.188582,33.379,37.2455,724992,0.2409,0.3502,0,0.188831,0,1,1
box_detour_wall_left,oi_face_rot_stall_mppi,14498,256,16,0,0,1,1,1,130,0.237296,0.00889725,11.1257,0,0.781184,1.22115,0.185498,24.1148,26.84,532480,0.2134,0.2615,0,0.185788,0,1,1
box_detour_wall_left,oi_face_rot_stall_mppi,14505,256,16,0,0,1,1,1,122,0.236219,0.0782514,11.7139,0,0.797976,1.24545,0.189943,23.173,25.8116,499712,0.2217,0.2371,0,0.190232,0,1,1
box_detour_wall_left,oi_face_rot_stall_mppi,14512,256,16,0,0,1,1,1,108,0.242764,0.068573,10.0556,0,0.772873,1.28187,0.192824,20.825,22.9601,442368,0.2484,0.3244,0,0.193156,0,1,1
box_detour_wall_left,oi_face_rot_stall_mppi,14519,256,16,0,0,1,1,1,117,0.23749,0.0879807,11.0905,0,0.819193,1.37003,0.175979,20.5896,22.4786,479232,0.2183,0.2256,0,0.176237,0,1,1
box_detour_wall_left,oi_face_rot_stall_mppi,14526,256,16,0,0,1,1,1,134,0.230223,0.0940384,11.407,0,0.816719,1.43477,0.217054,29.0853,33.1385,548864,0.3203,0.6054,0,0.217286,0,1,1
box_detour_wall_left,oi_face_rot_stall_mppi,14533,256,16,0,0,1,1,1,131,0.226394,0.0395908,12.3308,0,0.930417,1.79828,0.184306,24.1441,26.4252,536576,0.2158,0.2425,0,0.184538,0,1,1
box_detour_wall_left,oi_face_rot_stall_mppi,14540,256,16,0,0,1,1,1,110,0.234815,0.0964486,10.3227,0,0.834218,1.44311,0.179147,19.7062,21.8023,450560,0.2284,0.2541,0,0.179408,0,1,1
box_detour_wall_left,oi_face_rot_stall_mppi,14547,256,16,0,0,1,1,1,110,0.243166,0.122665,10.8707,0,0.78691,1.0896,0.181706,19.9877,22.0296,450560,0.2159,0.2601,0,0.181986,0,1,1
box_detour_wall_left,oi_face_rot_stall_mppi,14554,256,16,0,0,1,1,1,136,0.247262,0.0150883,12.6323,0,0.870238,1.41513,0.218143,29.6674,33.7534,557056,0.3674,0.547,0,0.218453,0,1,1
box_detour_wall_left,oi_face_rot_stall_mppi,14561,256,16,0,0,1,1,1,114,0.23491,0.0738196,10.9141,0,0.796153,1.31372,0.176212,20.0882,22.1158,466944,0.2179,0.2817,0,0.176497,0,1,1
box_detour_wall_left,oi_face_rot_stall_mppi,14568,256,16,0,0,1,1,1,151,0.239326,0.0601738,16.011,0,0.824295,1.3249,0.180267,27.2203,30.0195,618496,0.2186,0.2315,0,0.180507,0,1,1
box_detour_wall_left,oi_face_rot_stall_mppi,14575,256,16,0,0,1,1,1,119,0.231488,0.0194459,11.2197,0,0.78331,1.25839,0.176551,21.0096,22.7927,487424,0.2017,0.2225,0,0.176764,0,1,1
box_detour_wall_left,oi_face_rot_stall_mppi,14582,256,16,0,0,1,1,1,111,0.230446,0.0582756,10.5143,0,0.74882,1.17771,0.180743,20.0625,22.2038,454656,0.2115,0.245,0,0.181036,0,1,1
box_detour_wall_left,oi_face_rot_stall_mppi,14589,256,16,0,0,1,1,1,146,0.227931,0.0634151,13.6062,0,0.863118,1.40393,0.183355,26.7699,29.4939,598016,0.2191,0.2793,0,0.18361,0,1,1
box_detour_wall_left,oi_face_rot_stall_mppi,14596,256,16,0,0,1,1,1,123,0.227748,0.000252327,11.5492,0,0.819347,1.29569,0.17946,22.0736,24.0294,503808,0.2267,0.2515,0,0.179664,0,1,1
box_detour_wall_left,oi_face_rot_stall_mppi,14603,256,16,0,0,1,1,1,126,0.237902,0.0879895,11.9664,0,0.825197,1.2031,0.179308,22.5928,24.6677,516096,0.2155,0.2285,0,0.179508,0,1,1
box_detour_wall_left,oi_face_rot_stall_mppi,14610,256,16,0,0,1,1,1,125,0.24332,0.124945,12.3816,0,0.698684,1.01842,0.17963,22.4537,24.7025,512000,0.2122,0.2249,0,0.17985,0,1,1
box_detour_wall_left,oi_face_rot_stall_mppi,14617,256,16,0,0,1,1,1,122,0.246128,0.0183832,11.7849,0,0.723874,1.02628,0.180215,21.9862,24.0182,499712,0.216,0.2438,0,0.180451,0,1,1
box_detour_wall_left,oi_face_rot_stall_mppi,14624,256,16,0,0,1,1,1,122,0.247998,0.00105238,11.5434,0,0.849813,1.51349,0.177575,21.6641,23.6344,499712,0.2049,0.2177,0,0.177834,0,1,1
box_detour_wall_left,oi_face_rot_stall_mppi,14631,256,16,0,0,1,1,1,158,0.245125,0.0691789,14.0525,0,0.954436,1.90076,0.17702,27.9691,30.4546,647168,0.2079,0.2322,0,0.177216,0,1,1
box_detour_wall_left,oi_face_rot_stall_mppi,14638,256,16,0,0,1,1,1,114,0.241064,0.0943006,10.8362,0,0.802784,1.25977,0.186031,21.2075,23.2843,466944,0.2257,0.2478,0,0.186282,0,1,1
box_detour_wall_left,oi_face_rot_stall_mppi,14645,256,16,0,0,1,1,1,109,0.236693,0.0184049,10.2436,0,0.761528,1.15644,0.17882,19.4914,21.4138,446464,0.2149,0.2384,0,0.179124,0,1,1
box_detour_wall_left,oi_face_rot_stall_mppi,14652,256,16,0,0,1,1,1,129,0.245373,0.00412142,11.6869,0,0.851263,1.48966,0.181176,23.3717,25.633,528384,0.2137,0.2506,0,0.181358,0,1,1
box_detour_wall_left,oi_face_rot_stall_mppi,14659,256,16,0,0,1,1,1,143,0.239313,0.0819706,12.6914,0,0.855458,1.37756,0.181095,25.8966,28.3403,585728,0.2167,0.235,0,0.181359,0,1,1
box_detour_wall_left,oi_face_rot_stall_mppi,14666,256,16,0,0,1,1,1,126,0.246985,0.157601,12.1293,0,0.726807,1.03191,0.177059,22.3095,23.9902,516096,0.2077,0.2182,0,0.177224,0,1,1
box_detour_wall_left,oi_face_rot_stall_mppi,14673,256,16,0,0,0,1,0,420,1.1955,0.0996841,48.2644,0,2.30648,6.9191,0.171018,71.8277,77.65,1720320,0.2018,0.268,0,0.171135,0,1,0
box_detour_wall_left,oi_face_rot_stall_mppi,14680,256,16,0,0,1,1,1,145,0.223847,0.0235777,13.3448,0,0.895417,1.65998,0.178302,25.8538,27.8772,593920,0.2077,0.2626,0,0.178517,0,1,1
box_detour_wall_left,oi_face_rot_stall_mppi,14687,256,16,0,0,1,1,1,146,0.21858,0.0684851,12.6135,0,0.82789,1.36447,0.172848,25.2358,27.353,598016,0.2006,0.2469,0,0.173077,0,1,1
box_detour_wall_left,oi_face_rot_stall_mppi,14694,256,16,0,0,1,1,1,127,0.232198,0.0177545,11.9853,0,0.850194,1.59043,0.179315,22.773,24.7101,520192,0.2088,0.2214,0,0.179517,0,1,1
box_detour_wall_left,oi_face_rot_stall_mppi,14701,256,16,0,0,1,1,1,153,0.231369,0.0374774,14.0091,0,0.920252,1.7939,0.179542,27.47,29.7464,626688,0.2101,0.2259,0,0.179724,0,1,1
box_detour_wall_left,oi_face_rot_stall_mppi,14708,256,16,0,0,1,1,1,107,0.230231,0.0384561,10.2216,0,0.787053,1.07903,0.175405,18.7683,20.3159,438272,0.2092,0.3909,0,0.175633,0,1,1
box_detour_wall_left,oi_face_rot_stall_mppi,14715,256,16,0,0,1,1,1,139,0.236605,0.0617175,12.7714,0,0.987679,1.84062,0.187438,26.0539,29.037,569344,0.2303,0.2448,0,0.187697,0,1,1
box_detour_wall_left,oi_face_rot_stall_mppi,14722,256,16,0,0,1,1,1,116,0.245092,0.0978446,11.1324,0,0.768161,1.01646,0.184949,21.4541,23.9073,475136,0.2194,0.2273,0,0.1853,0,1,1
box_detour_wall_left,oi_face_rot_stall_mppi,14729,256,16,0,0,0,1,0,420,1.19061,0.170414,48.1864,0,2.90339,10.2676,0.167359,70.2908,76.0053,1720320,0.1953,0.2227,0,0.167476,0,1,0
box_detour_wall_left,oi_face_rot_stall_mppi,14736,256,16,0,0,1,1,1,126,0.243946,0.0669026,11.089,0,0.840621,1.34206,0.183065,23.0662,25.3256,516096,0.2137,0.232,0,0.183299,0,1,1
box_detour_wall_left,oi_face_rot_stall_mppi,14743,256,16,0,0,1,1,1,139,0.238042,0.0316974,12.102,0,0.880554,1.62247,0.176915,24.5912,26.7082,569344,0.2124,0.2996,0,0.177109,0,1,1
box_detour_wall_left,oi_face_rot_stall_mppi,14750,256,16,0,0,1,1,1,148,0.22535,0.080735,12.4364,0,0.992721,2.09135,0.177938,26.3349,28.3121,606208,0.2048,0.2121,0,0.178137,0,1,1
box_detour_wall_left,oi_face_rot_stall_mppi,14757,256,16,0,0,1,1,1,134,0.236281,0.0658309,11.6458,0,0.863081,1.46438,0.177038,23.7231,26.0243,548864,0.2191,0.2398,0,0.177256,0,1,1
box_detour_wall_left,oi_face_rot_stall_mppi,14764,256,16,0,0,1,1,1,130,0.241527,0.0629791,12.518,0,0.78023,1.20223,0.181539,23.6001,25.7672,532480,0.2187,0.2455,0,0.181872,0,1,1
box_detour_wall_left,oi_face_rot_stall_mppi,14771,256,16,0,0,1,1,1,133,0.231738,0.0572522,12.469,0,0.985532,2.03799,0.179383,23.8579,25.6409,544768,0.2074,0.2405,0,0.179535,0,1,1
box_detour_wall_left,oi_face_rot_stall_mppi,14778,256,16,0,0,1,1,1,117,0.244597,0.0564589,11.625,0,0.725266,0.96989,0.174245,20.3867,22.0928,479232,0.2031,0.2147,0,0.174417,0,1,1
box_detour_wall_left,oi_face_rot_stall_mppi,14785,256,16,0,0,1,1,1,131,0.240802,0.0447219,11.3913,0,0.88509,1.66999,0.170621,22.3513,24.1919,536576,0.1931,0.2018,0,0.170766,0,1,1
box_detour_wall_left,oi_face_rot_stall_mppi,14792,256,16,0,0,1,1,1,110,0.243653,0.112552,10.4014,0,0.767183,1.28254,0.170995,18.8095,20.3377,450560,0.1963,0.2102,0,0.171206,0,1,1
box_detour_wall_left,oi_face_rot_stall_mppi,14799,256,16,0,0,1,1,1,134,0.243379,0.048819,12.4686,0,1.00214,2.06894,0.177032,23.7223,26.0086,548864,0.2217,0.2474,0,0.177271,0,1,1
box_detour_wall_left,oi_face_rot_stall_mppi,14806,256,16,0,0,1,1,1,111,0.244911,0.023231,10.389,0,0.82811,1.37026,0.174526,19.3724,21.0346,454656,0.2058,0.2082,0,0.174758,0,1,1
box_detour_wall_left,oi_face_rot_stall_mppi,14813,256,16,0,0,1,1,1,154,0.244661,0.0895124,13.6615,0,0.877415,1.55333,0.177298,27.3039,29.2815,630784,0.2057,0.2093,0,0.177462,0,1,1
box_detour_wall_left,oi_face_rot_stall_mppi,14820,256,16,0,0,1,1,1,131,0.240125,0.14941,12.5746,0,0.823708,1.34629,0.180821,23.6875,25.7833,536576,0.2077,0.2428,0,0.181021,0,1,1
box_detour_wall_left,oi_face_rot_stall_mppi,14827,256,16,0,0,1,1,1,395,0.247339,0.00930498,40.5529,0,1.89181,5.19917,0.173613,68.5773,74.5621,1617920,0.2033,0.2566,0,0.173746,0,1,1
box_detour_wall_left,oi_face_rot_stall_mppi,14834,256,16,0,0,1,1,1,122,0.244562,0.0100225,11.7419,0,0.782684,1.04673,0.178905,21.8264,24.2659,499712,0.2111,0.2252,0,0.179165,0,1,1
box_detour_wall_left,oi_face_rot_stall_mppi,14841,256,16,0,0,1,1,1,128,0.23321,0.0357483,11.5914,0,0.9112,1.78008,0.174528,22.3396,24.3175,524288,0.2072,0.2116,0,0.174739,0,1,1
box_detour_wall_left,oi_face_rot_stall_mppi,14848,256,16,0,0,1,1,1,114,0.231355,0.125094,10.9878,0,0.7882,1.22679,0.174661,19.9113,21.6728,466944,0.2045,0.2324,0,0.17484,0,1,1
box_detour_wall_left,oi_face_rot_stall_mppi,14855,256,16,0,0,1,1,1,129,0.229069,0.104519,12.0471,0,0.863194,1.62036,0.174999,22.5749,24.2731,528384,0.206,0.2159,0,0.17517,0,1,1
box_detour_wall_left,oi_face_rot_stall_mppi,14862,256,16,0,0,1,1,1,148,0.230304,0.0241967,12.8801,0,0.875965,1.53772,0.186146,27.5496,30.3116,606208,0.2176,0.252,0,0.186385,0,1,1
box_detour_wall_left,oi_face_rot_stall_mppi,14869,256,16,0,0,1,1,1,121,0.24989,0.110975,11.4426,0,0.788859,1.25784,0.174522,21.1171,22.9042,495616,0.2111,0.231,0,0.174759,0,1,1
box_detour_wall_left,oi_face_rot_stall_mppi,14876,256,16,0,0,1,1,1,152,0.241718,0.0113542,12.8127,0,0.962195,1.93165,0.172295,26.1888,28.2884,622592,0.2026,0.2274,0,0.172495,0,1,1
box_detour_wall_left,oi_face_rot_stall_mppi,14883,256,16,0,0,0,1,0,420,1.19092,0.0997852,47.8098,0,2.35736,7.22279,0.171534,72.0443,79.0105,1720320,0.2033,0.2347,0,0.171663,0,1,0
box_detour_wall_left,oi_face_rot_stall_mppi,14890,256,16,0,0,1,1,1,129,0.246519,0.0911408,11.2178,0,0.863515,1.61642,0.17154,22.1287,24.0302,528384,0.1997,0.2228,0,0.17173,0,1,1
box_detour_wall_left,oi_face_rot_stall_mppi,14897,256,16,0,0,1,1,1,127,0.230919,0.0267332,12.3286,0,0.771388,1.11588,0.170507,21.6544,23.2727,520192,0.2025,0.2134,0,0.170675,0,1,1
box_detour_wall_left,oi_face_rot_stall_mppi,14904,256,16,0,0,1,1,1,136,0.237303,0.0924561,11.7178,0,0.78489,1.20244,0.172303,23.4332,25.2882,557056,0.2044,0.2294,0,0.172445,0,1,1
box_detour_wall_left,oi_face_rot_stall_mppi,14911,256,16,0,0,1,1,1,142,0.22947,0.0867527,12.2819,0,0.8789,1.6034,0.189856,26.9595,30.0177,581632,0.2394,0.2747,0,0.190161,0,1,1
box_detour_wall_left,oi_face_rot_stall_mppi,14918,256,16,0,0,0,1,0,420,1.2079,0.148044,48.9887,0,2.74003,9.14167,0.172868,72.6045,79.4358,1720320,0.2057,0.8615,0,0.173009,0,1,0
box_detour_wall_left,oi_face_rot_stall_mppi,14925,256,16,0,0,1,1,1,129,0.228992,0.0678908,12.1608,0,0.760356,1.10254,0.178244,22.9935,25.4425,528384,0.2129,0.2784,0,0.178488,0,1,1
box_detour_wall_left,oi_face_rot_stall_mppi,14932,256,16,0,0,1,1,1,131,0.238847,0.0482265,12.4429,0,0.638084,0.825674,0.177883,23.3027,25.1301,536576,0.2064,0.2178,0,0.17809,0,1,1
box_detour_wall_left,oi_face_rot_stall_mppi,14939,256,16,0,0,1,1,1,143,0.2343,0.00329151,12.4666,0,0.855772,1.66188,0.173898,24.8674,27.0176,585728,0.2006,0.2149,0,0.174084,0,1,1
box_detour_wall_left,oi_face_rot_stall_mppi,14946,256,16,0,0,1,1,1,109,0.22826,0.0807931,10.2013,0,0.87745,1.46197,0.174811,19.0544,20.804,446464,0.2079,0.2247,0,0.174994,0,1,1
box_detour_wall_left,oi_face_rot_stall_mppi,14953,256,16,0,0,1,1,1,145,0.236055,0.103946,12.2327,0,0.992068,1.96528,0.177169,25.6895,28.3246,593920,0.209,0.2354,0,0.177435,0,1,1
box_detour_wall_left,oi_face_rot_stall_mppi,14960,256,16,0,0,1,1,1,128,0.244277,0.0740288,11.8075,0,0.832184,1.47625,0.178416,22.8372,24.771,524288,0.2117,0.232,0,0.178611,0,1,1
box_detour_wall_left,oi_face_rot_stall_mppi,14967,256,16,0,0,1,1,1,144,0.234665,0.0437842,12.8445,0,0.7691,1.1001,0.177327,25.5351,27.3281,589824,0.2035,0.2362,0,0.177471,0,1,1
box_detour_wall_left,oi_face_rot_stall_mppi,14974,256,16,0,0,1,1,1,116,0.242624,0.0902538,11.1005,0,0.737122,1.05366,0.175173,20.3201,22.0867,475136,0.2101,0.2358,0,0.175404,0,1,1
box_detour_wall_left,oi_face_rot_stall_mppi,14981,256,16,0,0,1,1,1,130,0.227646,0.0744505,10.4364,0,1.03579,2.01351,0.170425,22.1553,23.9608,532480,0.2045,0.2269,0,0.170594,0,1,1
box_detour_wall_left,oi_face_rot_stall_mppi,14988,256,16,0,0,1,1,1,124,0.231592,0.0141161,11.4553,0,0.932372,1.7762,0.189615,23.5123,26.5323,507904,0.2277,0.4571,0,0.189911,0,1,1
box_detour_wall_left,oi_face_rot_stall_mppi,14995,256,16,0,0,1,1,1,165,0.232821,0.0977701,14.3358,0,0.899225,1.64388,0.186124,30.7104,34.3603,675840,0.2177,0.2228,0,0.186407,0,1,1
box_detour_wall_left,oi_face_rot_stall_mppi,15002,256,16,0,0,1,1,1,131,0.22696,0.064414,11.1182,0,0.741223,1.13178,0.181358,23.7579,26.1969,536576,0.2107,0.236,0,0.181628,0,1,1
box_detour_wall_left,oi_face_rot_stall_mppi,15009,256,16,0,0,1,1,1,121,0.231852,0.0544202,11.3006,0,0.850675,1.428,0.18092,21.8913,24.1257,495616,0.2235,0.2572,0,0.181166,0,1,1
box_detour_wall_left,oi_face_rot_stall_mppi,15016,256,16,0,0,1,1,1,143,0.246262,0.0782286,13.6524,0,0.759399,1.144,0.192953,27.5923,30.7116,585728,0.2352,0.2697,0,0.193279,0,1,1
box_detour_wall_left,oi_face_rot_stall_mppi,15023,256,16,0,0,1,1,1,148,0.24605,0.10439,13.072,0,0.832798,1.40056,0.179755,26.6037,28.947,606208,0.2115,0.2319,0,0.179972,0,1,1
box_detour_wall_left,oi_face_rot_stall_mppi,15030,256,16,0,0,1,1,1,133,0.247927,0.0153594,12.6366,0,0.858774,1.46908,0.184495,24.5378,27.116,544768,0.2217,0.2458,0,0.184768,0,1,1
box_detour_wall_left,oi_face_rot_stall_mppi,15037,256,16,0,0,1,1,1,106,0.228015,0.113922,10.0717,0,0.726522,1.00258,0.186136,19.7304,22.3784,434176,0.2211,0.3112,0,0.186504,0,1,1
box_detour_wall_left,oi_face_rot_stall_mppi,15044,256,16,0,0,1,1,1,112,0.246073,0.0176546,10.1681,0,0.840555,1.42693,0.179079,20.0568,22.2759,458752,0.22,0.2288,0,0.179352,0,1,1
box_detour_wall_left,oi_face_rot_stall_mppi,15051,256,16,0,0,1,1,1,159,0.237501,0.0270663,13.9522,0,0.850736,1.45382,0.184864,29.3933,33.0698,651264,0.227,0.2734,0,0.185129,0,1,1
box_detour_wall_left,oi_face_rot_stall_mppi,15058,256,16,0,0,1,1,1,124,0.237678,0.0853435,11.588,0,0.874618,1.48683,0.195544,24.2475,27.2041,507904,0.2385,0.2654,0,0.195911,0,1,1
box_detour_wall_left,oi_face_rot_stall_mppi,15065,256,16,0,0,1,1,1,122,0.23291,0.0804162,11.6193,0,0.873326,1.35215,0.190568,23.2493,26.1364,499712,0.2356,0.2519,0,0.190866,0,1,1
box_detour_wall_left,oi_face_rot_stall_mppi,15072,256,16,0,0,1,1,1,120,0.248053,0.0040201,10.2561,0,0.772075,1.16658,0.189508,22.741,25.9184,491520,0.2326,0.2729,0,0.189818,0,1,1
box_detour_wall_left,oi_face_rot_stall_mppi,15079,256,16,0,0,0,1,0,420,1.18829,0.117539,47.8325,0,2.49063,8.0397,0.182843,76.794,85.507,1720320,0.2197,0.259,0,0.183016,0,1,0
box_detour_wall_left,oi_face_rot_stall_mppi,15086,256,16,0,0,1,1,1,127,0.245532,0.0117598,11.913,0,0.802945,1.26448,0.1971,25.0317,28.9146,520192,0.2276,0.2343,0,0.197414,0,1,1
box_detour_wall_left,oi_face_rot_stall_mppi,15093,256,16,0,0,1,1,1,107,0.24949,0.0558619,9.94796,0,0.791634,1.23558,0.186298,19.9339,22.4584,438272,0.2567,0.2732,0,0.186629,0,1,1
box_detour_wall_left,oi_face_rot_stall_mppi,15100,256,16,0,0,1,1,1,120,0.234581,0.0591587,11.4154,0,0.728942,1.16189,0.181428,21.7714,24.2755,491520,0.2163,0.2265,0,0.181688,0,1,1
box_detour_wall_left,oi_face_rot_stall_mppi,15107,256,16,0,0,1,1,1,124,0.23633,0.0119936,10.457,0,0.939099,1.73318,0.188914,23.4253,26.6215,507904,0.2234,0.2338,0,0.189226,0,1,1
box_detour_wall_left,oi_face_rot_stall_mppi,15114,256,16,0,0,1,1,1,109,0.246455,0.0919279,10.3842,0,0.822052,1.38894,0.183035,19.9508,22.0852,446464,0.2242,0.278,0,0.183395,0,1,1
box_detour_wall_left,oi_face_rot_stall_mppi,15121,256,16,0,0,0,1,0,420,1.20166,0.212179,49.399,0,3.3223,12.7188,0.167627,70.4034,78.1381,1720320,0.202,0.2783,0,0.16778,0,1,0
box_detour_wall_left,oi_face_rot_stall_mppi,15128,256,16,0,0,1,1,1,106,0.239245,0.0016992,10.1175,0,0.783263,1.24741,0.178138,18.8826,20.9895,434176,0.212,0.2279,0,0.178426,0,1,1
box_detour_wall_left,oi_face_rot_stall_mppi,15135,256,16,0,0,1,1,1,146,0.239769,0.0461929,12.8381,0,0.813718,1.37765,0.181079,26.4375,29.5104,598016,0.2199,0.2556,0,0.181378,0,1,1
box_detour_wall_left,oi_face_rot_stall_mppi,15142,256,16,0,0,1,1,1,140,0.2337,0.0737062,13.5373,0,0.794244,1.31104,0.189229,26.4921,29.5046,573440,0.2357,0.2613,0,0.189467,0,1,1
box_detour_wall_left,oi_face_rot_stall_mppi,15149,256,16,0,0,1,1,1,159,0.240043,0.0914511,14.041,0,0.900675,1.5229,0.196802,31.2915,36.2079,651264,0.2361,0.3028,0,0.197146,0,1,1
box_detour_wall_left,oi_face_rot_wide_mppi,14456,256,16,0,0,1,1,1,116,0.24256,0.132113,11.0851,0,0.72929,1.21451,0.18719,21.714,24.423,475136,0.2229,0.2903,0,0.187549,0,1,1
box_detour_wall_left,oi_face_rot_wide_mppi,14463,256,16,0,0,1,1,1,110,0.247696,0.0357264,10.4865,0,0.766771,1.20887,0.178829,19.6712,21.9439,450560,0.2129,0.2253,0,0.179174,0,1,1
box_detour_wall_left,oi_face_rot_wide_mppi,14470,256,16,0,0,1,1,1,107,0.246976,0.0486129,10.051,0,0.827349,1.3477,0.188613,20.1816,22.8955,438272,0.223,0.2503,0,0.189052,0,1,1
box_detour_wall_left,oi_face_rot_wide_mppi,14477,256,16,0,0,1,1,1,141,0.217027,0.016364,11.6408,0,1.02765,2.3289,0.182188,25.6885,28.4942,577536,0.2091,0.2327,0,0.18245,0,1,1
box_detour_wall_left,oi_face_rot_wide_mppi,14484,256,16,0,0,1,1,1,125,0.234219,0.0273724,12.0647,0,0.826203,1.39268,0.18877,23.5963,26.2061,512000,0.2264,0.2436,0,0.18905,0,1,1
box_detour_wall_left,oi_face_rot_wide_mppi,14491,256,16,0,0,1,1,1,156,0.242395,0.0614965,14.6064,0,0.850639,1.63096,0.176531,27.5388,30.2357,638976,0.2192,0.2398,0,0.17676,0,1,1
box_detour_wall_left,oi_face_rot_wide_mppi,14498,256,16,0,0,1,1,1,130,0.237296,0.00889725,11.1257,0,0.781184,1.22115,0.176155,22.9001,25.1025,532480,0.215,0.2315,0,0.176363,0,1,1
box_detour_wall_left,oi_face_rot_wide_mppi,14505,256,16,0,0,1,1,1,122,0.236219,0.0782514,11.7139,0,0.797976,1.24545,0.191506,23.3638,26.0468,499712,0.2308,0.3621,0,0.191792,0,1,1
box_detour_wall_left,oi_face_rot_wide_mppi,14512,256,16,0,0,1,1,1,108,0.242764,0.068573,10.0556,0,0.772873,1.28187,0.181093,19.5581,21.6754,442368,0.2208,0.2369,0,0.18143,0,1,1
box_detour_wall_left,oi_face_rot_wide_mppi,14519,256,16,0,0,1,1,1,117,0.23749,0.0879807,11.0905,0,0.819193,1.37003,0.188124,22.0105,24.7017,479232,0.232,0.2582,0,0.188427,0,1,1
box_detour_wall_left,oi_face_rot_wide_mppi,14526,256,16,0,0,1,1,1,134,0.230223,0.0940384,11.407,0,0.816719,1.43477,0.179853,24.1003,26.7059,548864,0.2176,0.2355,0,0.180142,0,1,1
box_detour_wall_left,oi_face_rot_wide_mppi,14533,256,16,0,0,1,1,1,131,0.226394,0.0395908,12.3308,0,0.930417,1.79828,0.18787,24.6109,27.6178,536576,0.2258,0.2811,0,0.188253,0,1,1
box_detour_wall_left,oi_face_rot_wide_mppi,14540,256,16,0,0,1,1,1,110,0.234815,0.0964486,10.3227,0,0.834218,1.44311,0.173692,19.1061,21.0596,450560,0.2027,0.2263,0,0.173992,0,1,1
box_detour_wall_left,oi_face_rot_wide_mppi,14547,256,16,0,0,1,1,1,110,0.243166,0.122665,10.8707,0,0.78691,1.0896,0.186753,20.5428,22.8924,450560,0.2277,0.2502,0,0.187115,0,1,1
box_detour_wall_left,oi_face_rot_wide_mppi,14554,256,16,0,0,1,1,1,136,0.247262,0.0150883,12.6323,0,0.870238,1.41513,0.193871,26.3665,29.4132,557056,0.2282,0.243,0,0.19414,0,1,1
box_detour_wall_left,oi_face_rot_wide_mppi,14561,256,16,0,0,1,1,1,114,0.23491,0.0738196,10.9141,0,0.796153,1.31372,0.180392,20.5647,22.6908,466944,0.207,0.231,0,0.180653,0,1,1
box_detour_wall_left,oi_face_rot_wide_mppi,14568,256,16,0,0,1,1,1,151,0.239326,0.0601738,16.011,0,0.824295,1.3249,0.183558,27.7172,30.6621,618496,0.2294,0.2521,0,0.183817,0,1,1
box_detour_wall_left,oi_face_rot_wide_mppi,14575,256,16,0,0,1,1,1,119,0.231488,0.0194459,11.2197,0,0.78331,1.25839,0.182165,21.6776,23.9819,487424,0.2189,0.2672,0,0.182429,0,1,1
box_detour_wall_left,oi_face_rot_wide_mppi,14582,256,16,0,0,1,1,1,111,0.230446,0.0582756,10.5143,0,0.74882,1.17771,0.18689,20.7448,23.6037,454656,0.2174,0.2293,0,0.18724,0,1,1
box_detour_wall_left,oi_face_rot_wide_mppi,14589,256,16,0,0,1,1,1,146,0.227931,0.0634151,13.6062,0,0.863118,1.40393,0.187235,27.3363,30.3885,598016,0.2196,0.2477,0,0.187514,0,1,1
box_detour_wall_left,oi_face_rot_wide_mppi,14596,256,16,0,0,1,1,1,123,0.227748,0.000252327,11.5492,0,0.819347,1.29569,0.192323,23.6557,26.832,503808,0.2311,0.2498,0,0.192634,0,1,1
box_detour_wall_left,oi_face_rot_wide_mppi,14603,256,16,0,0,1,1,1,126,0.237902,0.0879895,11.9664,0,0.825197,1.2031,0.182656,23.0146,25.4581,516096,0.2297,0.2824,0,0.18293,0,1,1
box_detour_wall_left,oi_face_rot_wide_mppi,14610,256,16,0,0,1,1,1,125,0.24332,0.124945,12.3816,0,0.698684,1.01842,0.190478,23.8097,26.5268,512000,0.2182,0.2455,0,0.190745,0,1,1
box_detour_wall_left,oi_face_rot_wide_mppi,14617,256,16,0,0,1,1,1,122,0.246128,0.0183832,11.7849,0,0.723874,1.02628,0.185293,22.6057,25.2336,499712,0.2242,0.2432,0,0.18563,0,1,1
box_detour_wall_left,oi_face_rot_wide_mppi,14624,256,16,0,0,1,1,1,122,0.247998,0.00105238,11.5434,0,0.849813,1.51349,0.189098,23.07,25.7115,499712,0.221,0.2942,0,0.189391,0,1,1
box_detour_wall_left,oi_face_rot_wide_mppi,14631,256,16,0,0,1,1,1,158,0.245125,0.0691789,14.0525,0,0.954436,1.90076,0.175624,27.7486,30.0397,647168,0.2022,0.2188,0,0.175823,0,1,1
box_detour_wall_left,oi_face_rot_wide_mppi,14638,256,16,0,0,1,1,1,114,0.241064,0.0943006,10.8362,0,0.802784,1.25977,0.177232,20.2045,21.6489,466944,0.2063,0.2164,0,0.177407,0,1,1
box_detour_wall_left,oi_face_rot_wide_mppi,14645,256,16,0,0,1,1,1,109,0.236693,0.0184049,10.2436,0,0.761528,1.15644,0.177609,19.3594,21.1216,446464,0.2067,0.257,0,0.17784,0,1,1
box_detour_wall_left,oi_face_rot_wide_mppi,14652,256,16,0,0,1,1,1,129,0.245373,0.00412142,11.6869,0,0.851263,1.48966,0.175228,22.6044,24.6005,528384,0.206,0.219,0,0.175439,0,1,1
box_detour_wall_left,oi_face_rot_wide_mppi,14659,256,16,0,0,1,1,1,143,0.239313,0.0819706,12.6914,0,0.855458,1.37756,0.172706,24.697,26.4926,585728,0.2008,0.2157,0,0.17289,0,1,1
box_detour_wall_left,oi_face_rot_wide_mppi,14666,256,16,0,0,1,1,1,126,0.246985,0.157601,12.1293,0,0.726807,1.03191,0.175343,22.0932,23.8617,516096,0.2036,0.2158,0,0.175548,0,1,1
box_detour_wall_left,oi_face_rot_wide_mppi,14673,256,16,0,0,1,1,1,222,0.240109,0.0156563,20.8088,0,0.881534,1.36856,0.178327,39.5885,42.711,909312,0.2084,0.231,0,0.178491,0,1,1
box_detour_wall_left,oi_face_rot_wide_mppi,14680,256,16,0,0,1,1,1,145,0.223847,0.0235777,13.3448,0,0.895417,1.65998,0.182394,26.4471,29.0414,593920,0.2125,0.2461,0,0.182666,0,1,1
box_detour_wall_left,oi_face_rot_wide_mppi,14687,256,16,0,0,1,1,1,146,0.21858,0.0684851,12.6135,0,0.82789,1.36447,0.175106,25.5655,27.6402,598016,0.2003,0.2127,0,0.175303,0,1,1
box_detour_wall_left,oi_face_rot_wide_mppi,14694,256,16,0,0,1,1,1,127,0.232198,0.0177545,11.9853,0,0.850194,1.59043,0.183598,23.317,25.2489,520192,0.2098,0.2526,0,0.183813,0,1,1
box_detour_wall_left,oi_face_rot_wide_mppi,14701,256,16,0,0,1,1,1,153,0.231369,0.0374774,14.0091,0,0.920252,1.7939,0.181864,27.8252,30.9464,626688,0.2135,0.2247,0,0.182153,0,1,1
box_detour_wall_left,oi_face_rot_wide_mppi,14708,256,16,0,0,1,1,1,107,0.230231,0.0384561,10.2216,0,0.787053,1.07903,0.173182,18.5305,20.173,438272,0.2138,0.24,0,0.173413,0,1,1
box_detour_wall_left,oi_face_rot_wide_mppi,14715,256,16,0,0,1,1,1,139,0.236605,0.0617175,12.7714,0,0.987679,1.84062,0.176557,24.5414,26.3549,569344,0.2039,0.2152,0,0.176704,0,1,1
box_detour_wall_left,oi_face_rot_wide_mppi,14722,256,16,0,0,1,1,1,116,0.245092,0.0978446,11.1324,0,0.768161,1.01646,0.170038,19.7244,21.2194,475136,0.2032,0.2135,0,0.170218,0,1,1
box_detour_wall_left,oi_face_rot_wide_mppi,14729,256,16,0,0,1,1,1,160,0.246921,0.0428104,14.055,0,0.978149,1.85572,0.173928,27.8285,30.2621,655360,0.2007,0.2115,0,0.174111,0,1,1
box_detour_wall_left,oi_face_rot_wide_mppi,14736,256,16,0,0,1,1,1,126,0.243946,0.0669026,11.089,0,0.840621,1.34206,0.17382,21.9013,23.6858,516096,0.2045,0.2227,0,0.174004,0,1,1
box_detour_wall_left,oi_face_rot_wide_mppi,14743,256,16,0,0,1,1,1,139,0.238042,0.0316974,12.102,0,0.880554,1.62247,0.175444,24.3867,26.6324,569344,0.2165,0.3463,0,0.175619,0,1,1
box_detour_wall_left,oi_face_rot_wide_mppi,14750,256,16,0,0,1,1,1,148,0.22535,0.080735,12.4364,0,0.992721,2.09135,0.172265,25.4953,27.5771,606208,0.203,0.2272,0,0.172459,0,1,1
box_detour_wall_left,oi_face_rot_wide_mppi,14757,256,16,0,0,1,1,1,134,0.236281,0.0658309,11.6458,0,0.863081,1.46438,0.171532,22.9853,25.0132,548864,0.2006,0.2567,0,0.171727,0,1,1
box_detour_wall_left,oi_face_rot_wide_mppi,14764,256,16,0,0,1,1,1,130,0.241527,0.0629791,12.518,0,0.78023,1.20223,0.179393,23.3211,25.5541,532480,0.2123,0.238,0,0.179638,0,1,1
box_detour_wall_left,oi_face_rot_wide_mppi,14771,256,16,0,0,1,1,1,133,0.231738,0.0572522,12.469,0,0.985532,2.03799,0.205105,27.2789,30.6501,544768,0.289,0.3614,0,0.205332,0,1,1
box_detour_wall_left,oi_face_rot_wide_mppi,14778,256,16,0,0,1,1,1,117,0.244597,0.0564589,11.625,0,0.725266,0.96989,0.172953,20.2355,21.8701,479232,0.1995,0.5604,0,0.173123,0,1,1
box_detour_wall_left,oi_face_rot_wide_mppi,14785,256,16,0,0,1,1,1,131,0.240802,0.0447219,11.3913,0,0.88509,1.66999,0.175069,22.934,24.9848,536576,0.2109,0.2707,0,0.17524,0,1,1
box_detour_wall_left,oi_face_rot_wide_mppi,14792,256,16,0,0,1,1,1,110,0.243653,0.112552,10.4014,0,0.767183,1.28254,0.174758,19.2234,21.0536,450560,0.2148,0.2535,0,0.174985,0,1,1
box_detour_wall_left,oi_face_rot_wide_mppi,14799,256,16,0,0,1,1,1,134,0.243379,0.048819,12.4686,0,1.00214,2.06894,0.184786,24.7613,27.2755,548864,0.2265,0.2663,0,0.184998,0,1,1
box_detour_wall_left,oi_face_rot_wide_mppi,14806,256,16,0,0,1,1,1,111,0.244911,0.023231,10.389,0,0.82811,1.37026,0.206378,22.908,26.2017,454656,0.2542,0.2893,0,0.206708,0,1,1
box_detour_wall_left,oi_face_rot_wide_mppi,14813,256,16,0,0,1,1,1,154,0.244661,0.0895124,13.6615,0,0.877415,1.55333,0.190906,29.3995,32.6947,630784,0.2376,0.2723,0,0.191182,0,1,1
box_detour_wall_left,oi_face_rot_wide_mppi,14820,256,16,0,0,1,1,1,131,0.240125,0.14941,12.5746,0,0.823708,1.34629,0.183002,23.9732,26.5917,536576,0.2081,0.2236,0,0.183228,0,1,1
box_detour_wall_left,oi_face_rot_wide_mppi,14827,256,16,0,0,1,1,1,159,0.246275,0.0826219,15.4977,0,0.843116,1.34175,0.191063,30.379,33.9886,651264,0.2241,0.2372,0,0.191335,0,1,1
box_detour_wall_left,oi_face_rot_wide_mppi,14834,256,16,0,0,1,1,1,122,0.244562,0.0100225,11.7419,0,0.782684,1.04673,0.177014,21.5957,23.5689,499712,0.205,0.2653,0,0.177224,0,1,1
box_detour_wall_left,oi_face_rot_wide_mppi,14841,256,16,0,0,1,1,1,128,0.23321,0.0357483,11.5914,0,0.9112,1.78008,0.179329,22.9541,25.4364,524288,0.2114,0.2377,0,0.179554,0,1,1
box_detour_wall_left,oi_face_rot_wide_mppi,14848,256,16,0,0,1,1,1,114,0.231355,0.125094,10.9878,0,0.7882,1.22679,0.185882,21.1906,23.6426,466944,0.225,0.2734,0,0.186142,0,1,1
box_detour_wall_left,oi_face_rot_wide_mppi,14855,256,16,0,0,1,1,1,129,0.229069,0.104519,12.0471,0,0.863194,1.62036,0.180372,23.268,25.2493,528384,0.2163,0.2398,0,0.180546,0,1,1
box_detour_wall_left,oi_face_rot_wide_mppi,14862,256,16,0,0,1,1,1,148,0.230304,0.0241967,12.8801,0,0.875965,1.53772,0.17885,26.4698,28.8373,606208,0.2111,0.2678,0,0.179031,0,1,1
box_detour_wall_left,oi_face_rot_wide_mppi,14869,256,16,0,0,1,1,1,121,0.24989,0.110975,11.4426,0,0.788859,1.25784,0.175872,21.2805,23.3046,495616,0.2116,0.2478,0,0.176143,0,1,1
box_detour_wall_left,oi_face_rot_wide_mppi,14876,256,16,0,0,1,1,1,152,0.241718,0.0113542,12.8127,0,0.962195,1.93165,0.180018,27.3627,30.0082,622592,0.2102,0.2219,0,0.180291,0,1,1
box_detour_wall_left,oi_face_rot_wide_mppi,14883,256,16,0,0,1,1,1,175,0.228827,0.0259236,17.7164,0,0.796325,1.09181,0.180915,31.6602,34.1973,716800,0.2239,0.2852,0,0.181074,0,1,1
box_detour_wall_left,oi_face_rot_wide_mppi,14890,256,16,0,0,1,1,1,129,0.246519,0.0911408,11.2178,0,0.863515,1.61642,0.171544,22.1292,23.9426,528384,0.2025,0.2146,0,0.171723,0,1,1
box_detour_wall_left,oi_face_rot_wide_mppi,14897,256,16,0,0,1,1,1,127,0.230919,0.0267332,12.3286,0,0.771388,1.11588,0.187806,23.8513,27.1043,520192,0.2271,0.2423,0,0.188115,0,1,1
box_detour_wall_left,oi_face_rot_wide_mppi,14904,256,16,0,0,1,1,1,136,0.237303,0.0924561,11.7178,0,0.78489,1.20244,0.17777,24.1767,26.2731,557056,0.2065,0.2223,0,0.177976,0,1,1
box_detour_wall_left,oi_face_rot_wide_mppi,14911,256,16,0,0,1,1,1,142,0.22947,0.0867527,12.2819,0,0.8789,1.6034,0.180798,25.6733,28.2751,581632,0.2202,0.2502,0,0.180986,0,1,1
box_detour_wall_left,oi_face_rot_wide_mppi,14918,256,16,0,0,1,1,1,163,0.243313,0.0698693,15.6352,0,0.913462,1.68096,0.174615,28.4623,31.1073,667648,0.211,0.2584,0,0.174793,0,1,1
box_detour_wall_left,oi_face_rot_wide_mppi,14925,256,16,0,0,1,1,1,129,0.228992,0.0678908,12.1608,0,0.760356,1.10254,0.181986,23.4762,25.99,528384,0.2316,0.2476,0,0.182246,0,1,1
box_detour_wall_left,oi_face_rot_wide_mppi,14932,256,16,0,0,1,1,1,131,0.238847,0.0482265,12.4429,0,0.638084,0.825674,0.19348,25.3459,27.9012,536576,0.2231,0.5723,0,0.193734,0,1,1
box_detour_wall_left,oi_face_rot_wide_mppi,14939,256,16,0,0,1,1,1,143,0.2343,0.00329151,12.4666,0,0.855772,1.66188,0.170433,24.3719,26.6508,585728,0.1992,0.2115,0,0.170619,0,1,1
box_detour_wall_left,oi_face_rot_wide_mppi,14946,256,16,0,0,1,1,1,109,0.22826,0.0807931,10.2013,0,0.87745,1.46197,0.172921,18.8484,20.4218,446464,0.2041,0.223,0,0.173111,0,1,1
box_detour_wall_left,oi_face_rot_wide_mppi,14953,256,16,0,0,1,1,1,145,0.236055,0.103946,12.2327,0,0.992068,1.96528,0.181948,26.3824,28.8646,593920,0.2175,0.2307,0,0.182219,0,1,1
box_detour_wall_left,oi_face_rot_wide_mppi,14960,256,16,0,0,1,1,1,128,0.244277,0.0740288,11.8075,0,0.832184,1.47625,0.180938,23.1601,25.1783,524288,0.2082,0.5204,0,0.181138,0,1,1
box_detour_wall_left,oi_face_rot_wide_mppi,14967,256,16,0,0,1,1,1,144,0.234665,0.0437842,12.8445,0,0.7691,1.1001,0.180303,25.9636,28.2775,589824,0.2128,0.2717,0,0.180525,0,1,1
box_detour_wall_left,oi_face_rot_wide_mppi,14974,256,16,0,0,1,1,1,116,0.242624,0.0902538,11.1005,0,0.737122,1.05366,0.178528,20.7093,22.3943,475136,0.2125,0.2601,0,0.17872,0,1,1
box_detour_wall_left,oi_face_rot_wide_mppi,14981,256,16,0,0,1,1,1,130,0.227646,0.0744505,10.4364,0,1.03579,2.01351,0.17534,22.7942,24.6177,532480,0.2049,0.2543,0,0.175603,0,1,1
box_detour_wall_left,oi_face_rot_wide_mppi,14988,256,16,0,0,1,1,1,124,0.231592,0.0141161,11.4553,0,0.932372,1.7762,0.178767,22.1671,24.1243,507904,0.2077,0.2193,0,0.17896,0,1,1
box_detour_wall_left,oi_face_rot_wide_mppi,14995,256,16,0,0,1,1,1,165,0.232821,0.0977701,14.3358,0,0.899225,1.64388,0.184379,30.4225,33.7405,675840,0.2334,0.2487,0,0.1846,0,1,1
box_detour_wall_left,oi_face_rot_wide_mppi,15002,256,16,0,0,1,1,1,131,0.22696,0.064414,11.1182,0,0.741223,1.13178,0.181331,23.7544,25.8104,536576,0.2201,0.2755,0,0.181537,0,1,1
box_detour_wall_left,oi_face_rot_wide_mppi,15009,256,16,0,0,1,1,1,121,0.231852,0.0544202,11.3006,0,0.850675,1.428,0.178799,21.6347,23.6118,495616,0.2018,0.2114,0,0.178997,0,1,1
box_detour_wall_left,oi_face_rot_wide_mppi,15016,256,16,0,0,1,1,1,143,0.246262,0.0782286,13.6524,0,0.759399,1.144,0.17808,25.4654,27.6423,585728,0.206,0.2516,0,0.178322,0,1,1
box_detour_wall_left,oi_face_rot_wide_mppi,15023,256,16,0,0,1,1,1,148,0.24605,0.10439,13.072,0,0.832798,1.40056,0.179102,26.5071,28.6753,606208,0.2075,0.2339,0,0.179311,0,1,1
box_detour_wall_left,oi_face_rot_wide_mppi,15030,256,16,0,0,1,1,1,133,0.247927,0.0153594,12.6366,0,0.858774,1.46908,0.174026,23.1454,25.008,544768,0.2003,0.2375,0,0.174199,0,1,1
box_detour_wall_left,oi_face_rot_wide_mppi,15037,256,16,0,0,1,1,1,106,0.228015,0.113922,10.0717,0,0.726522,1.00258,0.183322,19.4321,21.6613,434176,0.2099,0.2204,0,0.183604,0,1,1
box_detour_wall_left,oi_face_rot_wide_mppi,15044,256,16,0,0,1,1,1,112,0.246073,0.0176546,10.1681,0,0.840555,1.42693,0.173608,19.4441,21.018,458752,0.2051,0.2206,0,0.173799,0,1,1
box_detour_wall_left,oi_face_rot_wide_mppi,15051,256,16,0,0,1,1,1,159,0.237501,0.0270663,13.9522,0,0.850736,1.45382,0.18262,29.0366,31.6545,651264,0.2098,0.2487,0,0.182826,0,1,1
box_detour_wall_left,oi_face_rot_wide_mppi,15058,256,16,0,0,1,1,1,124,0.237678,0.0853435,11.588,0,0.874618,1.48683,0.179256,22.2277,23.9007,507904,0.2063,0.2129,0,0.179439,0,1,1
box_detour_wall_left,oi_face_rot_wide_mppi,15065,256,16,0,0,1,1,1,122,0.23291,0.0804162,11.6193,0,0.873326,1.35215,0.179388,21.8853,23.9096,499712,0.2135,0.2276,0,0.179625,0,1,1
box_detour_wall_left,oi_face_rot_wide_mppi,15072,256,16,0,0,1,1,1,120,0.248053,0.0040201,10.2561,0,0.772075,1.16658,0.16921,20.3052,21.9106,491520,0.1993,0.2103,0,0.169395,0,1,1
box_detour_wall_left,oi_face_rot_wide_mppi,15079,256,16,0,0,1,1,1,158,0.229353,0.0415772,15.2754,0,0.832491,1.31119,0.184146,29.095,32.1662,647168,0.2309,0.2878,0,0.184371,0,1,1
box_detour_wall_left,oi_face_rot_wide_mppi,15086,256,16,0,0,1,1,1,127,0.245532,0.0117598,11.913,0,0.802945,1.26448,0.178576,22.6791,24.6512,520192,0.2104,0.2375,0,0.178776,0,1,1
box_detour_wall_left,oi_face_rot_wide_mppi,15093,256,16,0,0,1,1,1,107,0.24949,0.0558619,9.94796,0,0.791634,1.23558,0.173004,18.5114,20.1357,438272,0.2022,0.2304,0,0.17328,0,1,1
box_detour_wall_left,oi_face_rot_wide_mppi,15100,256,16,0,0,1,1,1,120,0.234581,0.0591587,11.4154,0,0.728942,1.16189,0.180872,21.7047,24.2532,491520,0.2173,0.2801,0,0.181163,0,1,1
box_detour_wall_left,oi_face_rot_wide_mppi,15107,256,16,0,0,1,1,1,124,0.23633,0.0119936,10.457,0,0.939099,1.73318,0.179363,22.241,24.4066,507904,0.2091,0.8129,0,0.179614,0,1,1
box_detour_wall_left,oi_face_rot_wide_mppi,15114,256,16,0,0,1,1,1,109,0.246455,0.0919279,10.3842,0,0.822052,1.38894,0.18738,20.4244,22.741,446464,0.2468,0.3038,0,0.187725,0,1,1
box_detour_wall_left,oi_face_rot_wide_mppi,15121,256,16,0,0,1,1,1,204,0.234577,0.0434089,19.3388,0,0.929183,1.60855,0.175924,35.8884,39.8932,835584,0.2245,0.2534,0,0.176115,0,1,1
box_detour_wall_left,oi_face_rot_wide_mppi,15128,256,16,0,0,1,1,1,106,0.239245,0.0016992,10.1175,0,0.783263,1.24741,0.176034,18.6596,20.5559,434176,0.213,0.2379,0,0.176396,0,1,1
box_detour_wall_left,oi_face_rot_wide_mppi,15135,256,16,0,0,1,1,1,146,0.239769,0.0461929,12.8381,0,0.813718,1.37765,0.183558,26.7994,29.9194,598016,0.2204,0.2764,0,0.183862,0,1,1
box_detour_wall_left,oi_face_rot_wide_mppi,15142,256,16,0,0,1,1,1,140,0.2337,0.0737062,13.5373,0,0.794244,1.31104,0.187149,26.2008,29.1978,573440,0.2224,0.3401,0,0.187395,0,1,1
box_detour_wall_left,oi_face_rot_wide_mppi,15149,256,16,0,0,1,1,1,159,0.240043,0.0914511,14.041,0,0.900675,1.5229,0.183311,29.1464,32.3962,651264,0.2348,0.2656,0,0.183572,0,1,1
