seed,scan,box,faces,cls,cls_mlp,track,mtrack,speed,verr_static,verr_motion,iou_lshape,centre_lshape,yaw_lshape,iou_aabb,centre_aabb,yaw_aabb,iou_prior,centre_prior,yaw_prior,iou_prior_x0.9,centre_prior_x0.9,yaw_prior_x0.9,iou_prior_x1.1,centre_prior_x1.1,yaw_prior_x1.1,iou_prior_noend,centre_prior_noend,yaw_prior_noend,iou_prior_mlp,centre_prior_mlp,yaw_prior_mlp,iou_trk_lshape,centre_trk_lshape,yaw_trk_lshape,iou_trk_prior,centre_trk_prior,yaw_trk_prior,iou_mtrk_lshape,centre_mtrk_lshape,yaw_mtrk_lshape,iou_mtrk_prior,centre_mtrk_prior,yaw_mtrk_prior
0,0,0,2,0,0,1,1,0.000,0.0000,0.0000,0.37745,1.36044,0.0000,0.28992,1.62006,20.0000,0.95277,0.04612,0.0000,0.82731,0.26754,0.0000,0.82645,0.19904,0.0000,0.95277,0.04612,0.0000,0.95277,0.04612,0.0000,0.37745,1.36045,0.0000,0.95276,0.04612,0.0000,0.37745,1.36045,0.0000,0.95276,0.04612,0.0000
0,0,1,2,0,0,2,2,0.000,0.0000,0.0000,0.50150,1.07460,0.0000,0.40729,1.27724,15.0000,0.96382,0.05230,0.0000,0.83230,0.27999,0.0000,0.82645,0.19058,0.0000,0.96382,0.05230,0.0000,0.96382,0.05230,0.0000,0.50150,1.07460,0.0000,0.96382,0.05229,0.0000,0.50150,1.07460,0.0000,0.96382,0.05229,0.0000
0,0,2,1,0,0,0,0,0.000,0.0000,0.0000,0.20183,0.74279,0.0000,0.40092,0.81578,35.0000,0.92640,0.06591,0.0000,0.82616,0.15555,0.0000,0.82645,0.02630,0.0000,0.92640,0.06591,0.0000,0.92640,0.06591,0.0000,0.19815,0.74492,0.0000,0.92913,0.06301,0.0000,0.19815,0.74492,0.0000,0.92913,0.06301,0.0000
0,0,4,2,0,1,3,3,0.000,0.0000,0.0000,0.10414,2.70993,1.0000,0.07632,2.85030,10.0000,0.71738,0.80159,1.0000,0.64770,1.02636,1.0000,0.78619,0.57698,1.0000,0.21063,2.50202,1.0000,0.94300,0.06460,1.0000,0.10414,2.70993,1.0000,0.94300,0.06460,1.0000,0.10414,2.70993,1.0000,0.94300,0.06460,1.0000
0,1,0,2,0,0,1,1,0.000,0.0000,0.1626,0.40473,1.34301,1.0000,0.29089,1.62806,20.0000,0.93330,0.06530,1.0000,0.84487,0.27751,1.0000,0.82645,0.17889,1.0000,0.93330,0.06530,1.0000,0.93330,0.06530,1.0000,0.34691,1.36267,0.0000,0.96122,0.03834,0.0000,0.34691,1.36267,0.0000,0.96122,0.03834,0.0000
0,1,1,2,0,0,2,2,0.000,0.0000,0.0990,0.53462,0.99699,0.0000,0.43102,1.19127,15.0000,0.95473,0.06391,0.0000,0.82721,0.29093,0.0000,0.82645,0.17891,0.0000,0.95473,0.06391,0.0000,0.95473,0.06391,0.0000,0.00616,2.25279,1.0000,0.84981,0.13766,1.0000,0.00616,2.25279,1.0000,0.84981,0.13766,1.0000
0,1,2,1,0,0,0,0,0.000,0.0000,1.2756,0.41519,0.58445,3.0000,0.44499,0.70407,35.0000,0.78088,0.21120,3.0000,0.69456,0.29924,3.0000,0.79159,0.12597,3.0000,0.78088,0.21120,3.0000,0.78088,0.21120,3.0000,0.04903,0.88362,0.0000,0.93226,0.06001,0.0000,0.04903,0.88362,0.0000,0.93226,0.06001,0.0000
0,1,4,2,0,1,3,3,0.000,0.0000,0.4942,0.27012,2.15073,0.0000,0.24400,2.29493,10.0000,0.69192,0.78849,0.0000,0.62257,1.01285,0.0000,0.79382,0.56125,0.0000,0.21295,2.46606,0.0000,0.97177,0.03939,0.0000,0.03654,2.90208,39.0000,0.30646,0.95746,39.0000,0.03654,2.90208,39.0000,0.30646,0.95746,39.0000
0,2,0,2,0,0,1,1,0.000,0.0000,0.9294,0.37866,1.32917,1.0000,0.30902,1.57645,20.0000,0.78097,0.22794,1.0000,0.71710,0.34787,1.0000,0.72387,0.29007,1.0000,0.25665,1.63420,1.0000,0.78097,0.22794,1.0000,0.20006,1.74131,0.0000,0.98117,0.02408,0.0000,0.20006,1.74131,0.0000,0.98117,0.02408,0.0000
0,2,1,2,0,0,2,2,0.000,0.0000,0.0340,0.78209,0.38582,0.0000,0.56107,0.58569,15.0000,0.95764,0.05924,0.0000,0.82287,0.28759,0.0000,0.82645,0.18349,0.0000,0.95764,0.05924,0.0000,0.95764,0.05924,0.0000,0.00468,2.25528,2.0000,0.88945,0.09895,2.0000,0.00468,2.25528,2.0000,0.88945,0.09895,2.0000
0,2,2,1,0,0,0,0,0.000,0.0000,1.8328,0.10834,0.99867,5.0000,0.36758,0.88629,35.0000,0.59164,0.44878,5.0000,0.51416,0.53738,5.0000,0.63302,0.36087,5.0000,0.59164,0.44878,5.0000,0.59164,0.44878,5.0000,0.04903,0.88362,0.0000,0.93226,0.06001,0.0000,0.04903,0.88362,0.0000,0.93226,0.06001,0.0000
0,2,4,2,0,1,3,3,0.000,0.0000,0.2726,0.55423,1.32666,0.0000,0.45360,1.49129,10.0000,0.73054,0.78494,0.0000,0.65740,1.00991,0.0000,0.80358,0.56000,0.0000,0.73054,0.78494,0.0000,0.97360,0.03800,0.0000,0.55602,1.33332,0.0000,0.97456,0.04921,0.0000,0.55602,1.33332,0.0000,0.97456,0.04921,0.0000
0,3,0,2,0,0,1,1,0.000,0.0000,0.0740,0.32962,1.51503,1.0000,0.23837,1.78204,20.0000,0.94639,0.04679,1.0000,0.85456,0.27133,1.0000,0.82512,0.19079,1.0000,0.24201,1.92600,1.0000,0.94639,0.04679,1.0000,0.26402,1.62766,0.0000,0.95269,0.04626,0.0000,0.26402,1.62766,0.0000,0.95269,0.04626,0.0000
0,3,1,2,0,0,2,2,0.000,0.0000,0.0408,0.91117,0.07748,0.0000,0.60610,0.25872,15.0000,0.96362,0.04307,0.0000,0.91117,0.07749,0.0000,0.82645,0.19060,0.0000,0.96362,0.04307,0.0000,0.96362,0.04307,0.0000,0.00832,2.25465,1.0000,0.95150,0.05306,1.0000,0.00832,2.25465,1.0000,0.95150,0.05306,1.0000
0,3,2,1,0,0,0,0,0.000,0.0000,0.7823,0.75123,0.25420,2.0000,0.44052,0.64448,35.0000,0.75129,0.25420,2.0000,0.75123,0.25420,2.0000,0.72060,0.22822,2.0000,0.75129,0.25420,2.0000,0.75129,0.25420,2.0000,0.06803,0.89138,2.0000,0.87055,0.11759,2.0000,0.06803,0.89138,2.0000,0.87055,0.11759,2.0000
0,3,4,2,0,0,3,3,0.000,0.0000,0.1900,0.52302,1.30677,0.0000,0.46820,1.45040,10.0000,0.68311,0.78132,0.0000,0.61486,1.00532,0.0000,0.79336,0.55274,0.0000,0.68311,0.78132,0.0000,0.68311,0.78132,0.0000,0.56185,1.31484,0.0000,0.97390,0.04935,0.0000,0.56185,1.31484,0.0000,0.97390,0.04935,0.0000
0,4,0,2,0,0,1,1,0.000,0.0000,0.2376,0.30756,1.57362,3.0000,0.22893,1.81058,20.0000,0.89222,0.09460,3.0000,0.81398,0.30397,3.0000,0.78849,0.19428,3.0000,0.23732,1.98285,3.0000,0.89222,0.09460,3.0000,0.28647,1.59236,0.0000,0.95200,0.04755,0.0000,0.28647,1.59236,0.0000,0.95200,0.04755,0.0000
0,4,1,2,0,0,2,2,0.000,0.0000,0.0388,0.89101,0.22366,0.0000,0.57228,0.42802,15.0000,0.96902,0.04392,0.0000,0.89101,0.22366,0.0000,0.82645,0.19659,0.0000,0.96902,0.04392,0.0000,0.96902,0.04392,0.0000,0.27552,1.61538,0.0000,0.96408,0.06209,0.0000,0.27552,1.61538,0.0000,0.96408,0.06209,0.0000
0,4,2,1,-1,0,0,0,0.000,0.0000,0.1759,0.81891,0.13670,2.0000,0.41011,0.80449,35.0000,0.81891,0.13670,2.0000,0.81891,0.13670,2.0000,0.81891,0.13670,2.0000,0.81891,0.13670,2.0000,0.81891,0.13670,2.0000,0.13695,0.89513,6.0000,0.71980,0.28195,6.0000,0.13695,0.89513,6.0000,0.71980,0.28195,6.0000
0,4,4,2,0,1,3,3,0.000,0.0000,0.1231,0.78939,0.49743,0.0000,0.60775,0.64980,10.0000,0.78939,0.49743,0.0000,0.78939,0.49743,0.0000,0.81412,0.49482,0.0000,0.78939,0.49743,0.0000,0.97011,0.04079,0.0000,0.09385,2.72364,3.0000,0.86274,0.14025,3.0000,0.09385,2.72364,3.0000,0.86274,0.14025,3.0000
0,5,0,2,0,-1,-1,-1,0.000,-1.0000,-1.0000,0.25969,1.64713,0.0000,0.18700,1.91156,20.0000,0.94659,0.05484,0.0000,0.82143,0.27721,0.0000,0.82645,0.18950,0.0000,0.24230,1.91900,0.0000,0.25969,1.64713,0.0000,0.25969,1.64713,0.0000,0.25969,1.64713,0.0000,0.25969,1.64713,0.0000,0.25969,1.64713,0.0000
0,5,1,2,0,0,2,2,0.000,0.0000,0.0207,0.89512,0.16118,0.0000,0.58682,0.36529,15.0000,0.96167,0.05308,0.0000,0.89512,0.16118,0.0000,0.82645,0.18956,0.0000,0.96167,0.05308,0.0000,0.96167,0.05308,0.0000,0.31640,1.51642,0.0000,0.96408,0.06209,0.0000,0.31640,1.51642,0.0000,0.96408,0.06209,0.0000
0,5,2,2,0,0,0,0,0.000,0.0000,0.3475,0.72183,0.31199,3.0000,0.43433,0.52769,35.0000,0.72183,0.31199,3.0000,0.72183,0.31199,3.0000,0.72183,0.31199,3.0000,0.72183,0.31199,3.0000,0.72183,0.31199,3.0000,0.68547,0.32569,0.0000,0.71943,0.29001,0.0000,0.68547,0.32569,0.0000,0.71943,0.29001,0.0000
0,5,4,2,0,1,3,3,0.000,0.0000,0.0961,0.80594,0.48003,0.0000,0.60582,0.63379,10.0000,0.80594,0.48003,0.0000,0.80594,0.48003,0.0000,0.81428,0.47920,0.0000,0.80594,0.48003,0.0000,0.96497,0.04132,0.0000,0.10118,2.71715,2.0000,0.89892,0.10285,2.0000,0.10118,2.71715,2.0000,0.89892,0.10285,2.0000
0,6,0,2,0,0,1,1,0.000,0.0000,0.3110,0.21889,1.78829,5.0000,0.15894,1.99767,20.0000,0.81746,0.14934,5.0000,0.75138,0.35737,5.0000,0.77956,0.13470,5.0000,0.22885,1.97947,5.0000,0.81746,0.14934,5.0000,0.29242,1.58604,2.0000,0.88478,0.10470,2.0000,0.29242,1.58604,2.0000,0.88478,0.10470,2.0000
0,6,1,2,0,0,2,2,0.000,0.0000,0.0243,0.95231,0.07413,0.0000,0.58599,0.28286,15.0000,0.96554,0.04323,0.0000,0.95231,0.07413,0.0000,0.82645,0.19521,0.0000,0.96554,0.04323,0.0000,0.96554,0.04323,0.0000,0.52652,1.00755,0.0000,0.96407,0.06210,0.0000,0.52652,1.00755,0.0000,0.96407,0.06210,0.0000
0,6,2,2,-1,0,0,0,0.000,0.0000,0.0485,0.57680,0.19405,16.0000,0.44226,0.33532,35.0000,0.57680,0.19405,16.0000,0.57680,0.19405,16.0000,0.57680,0.19405,16.0000,0.57680,0.19405,16.0000,0.57680,0.19405,16.0000,0.78451,0.22163,0.0000,0.78451,0.22163,0.0000,0.78451,0.22163,0.0000,0.78451,0.22163,0.0000
0,6,4,2,-1,1,3,3,0.000,0.0000,0.4949,0.67522,0.43988,0.0000,0.60556,0.35025,10.0000,0.67522,0.43988,0.0000,0.67522,0.43988,0.0000,0.67522,0.43988,0.0000,0.67522,0.43988,0.0000,0.70104,0.39971,0.0000,0.76930,0.52905,2.0000,0.90321,0.05262,2.0000,0.76930,0.52905,2.0000,0.90321,0.05262,2.0000
0,7,0,2,0,0,1,1,0.000,0.0000,0.1630,0.20570,1.79204,0.0000,0.13051,2.05310,20.0000,0.94993,0.05130,0.0000,0.85089,0.26900,0.0000,0.82645,0.19287,0.0000,0.24279,1.91833,0.0000,0.94993,0.05130,0.0000,0.29242,1.58604,2.0000,0.88478,0.10470,2.0000,0.29242,1.58604,2.0000,0.88478,0.10470,2.0000
0,7,1,2,0,0,2,2,0.000,0.0000,0.0376,0.92859,0.06076,0.0000,0.60204,0.24768,15.0000,0.97001,0.02898,0.0000,0.92859,0.06077,0.0000,0.82645,0.19210,0.0000,0.97001,0.02898,0.0000,0.97001,0.02898,0.0000,0.66862,0.66316,0.0000,0.96407,0.06210,0.0000,0.66862,0.66316,0.0000,0.96407,0.06210,0.0000
0,7,2,2,-1,0,0,0,0.000,0.0000,0.1927,0.49576,0.41470,21.0000,0.41753,0.51568,35.0000,0.49576,0.41470,21.0000,0.49576,0.41470,21.0000,0.49576,0.41470,21.0000,0.49576,0.41470,21.0000,0.49576,0.41470,21.0000,0.78451,0.22163,0.0000,0.78451,0.22163,0.0000,0.78451,0.22163,0.0000,0.78451,0.22163,0.0000
0,7,4,2,-1,1,3,3,0.000,0.0000,0.2724,0.89717,0.17107,0.0000,0.64458,0.31619,10.0000,0.89717,0.17107,0.0000,0.89717,0.17107,0.0000,0.89717,0.17107,0.0000,0.89717,0.17107,0.0000,0.96509,0.06002,0.0000,0.82604,0.50958,0.0000,0.97650,0.04886,0.0000,0.82604,0.50958,0.0000,0.97650,0.04886,0.0000
0,8,0,2,-1,0,1,1,0.000,0.0000,2.5626,0.09561,3.27467,21.0000,0.03827,3.64834,20.0000,0.09561,3.27467,21.0000,0.09561,3.27467,21.0000,0.09561,3.27467,21.0000,0.09561,3.27467,21.0000,0.09561,3.27467,21.0000,0.29961,1.58517,2.0000,0.89618,0.09514,2.0000,0.29961,1.58517,2.0000,0.89618,0.09514,2.0000
0,8,1,2,0,0,2,2,0.000,0.0000,0.0198,0.88390,0.16427,0.0000,0.58840,0.36455,15.0000,0.95496,0.05611,0.0000,0.88390,0.16427,0.0000,0.82645,0.18622,0.0000,0.95496,0.05611,0.0000,0.95496,0.05611,0.0000,0.77357,0.40183,0.0000,0.95416,0.06406,0.0000,0.77357,0.40183,0.0000,0.95416,0.06406,0.0000
0,8,2,2,-1,0,0,0,0.000,0.0000,0.7102,0.25478,0.82263,44.0000,0.27020,0.88478,35.0000,0.25478,0.82263,44.0000,0.25478,0.82263,44.0000,0.25478,0.82263,44.0000,0.25478,0.82263,44.0000,0.25478,0.82263,44.0000,0.74207,0.26321,3.0000,0.74207,0.26321,3.0000,0.74207,0.26321,3.0000,0.74207,0.26321,3.0000
0,8,4,2,-1,1,3,3,0.000,0.0000,0.4390,0.63755,0.52064,1.0000,0.60351,0.51131,10.0000,0.63755,0.52064,1.0000,0.63755,0.52064,1.0000,0.63755,0.52064,1.0000,0.63755,0.52064,1.0000,0.68936,0.39786,1.0000,0.82604,0.50958,0.0000,0.97650,0.04885,0.0000,0.82604,0.50958,0.0000,0.97650,0.04885,0.0000
0,9,0,2,0,0,1,1,0.000,0.0000,1.8385,0.12552,2.14831,38.0000,0.07308,2.24296,20.0000,0.24319,1.20698,38.0000,0.25471,1.24897,38.0000,0.23721,1.20619,38.0000,0.20496,1.89589,38.0000,0.24319,1.20698,38.0000,0.29961,1.58517,2.0000,0.89618,0.09514,2.0000,0.29961,1.58517,2.0000,0.89618,0.09514,2.0000
0,9,1,2,0,0,2,2,0.000,0.0000,0.1542,0.75838,0.24797,1.0000,0.59300,0.30990,15.0000,0.76744,0.23958,1.0000,0.75838,0.24797,1.0000,0.71407,0.29548,1.0000,0.76744,0.23958,1.0000,0.76744,0.23958,1.0000,0.91216,0.09273,0.0000,0.95416,0.06406,0.0000,0.91216,0.09273,0.0000,0.95416,0.06406,0.0000
0,9,2,2,-1,0,0,0,0.000,0.0000,1.2226,0.21497,1.14516,40.0000,0.17900,1.51687,35.0000,0.21497,1.14516,40.0000,0.21497,1.14516,40.0000,0.21497,1.14516,40.0000,0.21497,1.14516,40.0000,0.21497,1.14515,40.0000,0.82681,0.16948,0.0000,0.82681,0.16948,0.0000,0.82681,0.16948,0.0000,0.82681,0.16948,0.0000
0,9,4,2,-1,1,3,3,0.000,0.0000,0.2448,0.94969,0.06094,0.0000,0.64619,0.21588,10.0000,0.94969,0.06094,0.0000,0.94969,0.06094,0.0000,0.94969,0.06094,0.0000,0.94969,0.06094,0.0000,0.95831,0.04891,0.0000,0.82781,0.50417,0.0000,0.97650,0.04885,0.0000,0.82781,0.50417,0.0000,0.97650,0.04885,0.0000
0,10,0,2,0,0,1,1,0.000,0.0000,1.8015,0.20003,2.00534,41.0000,0.19099,2.10120,20.0000,0.16830,1.53619,41.0000,0.17753,1.57852,41.0000,0.16845,1.52619,41.0000,0.16830,1.53619,41.0000,0.16830,1.53619,41.0000,0.29807,1.59370,1.0000,0.92881,0.07150,1.0000,0.29807,1.59370,1.0000,0.92881,0.07150,1.0000
0,10,1,2,0,0,2,2,0.000,0.0000,0.0939,0.90049,0.19078,0.0000,0.57191,0.40476,15.0000,0.96019,0.05259,0.0000,0.90049,0.19078,0.0000,0.82645,0.18627,0.0000,0.96019,0.05259,0.0000,0.96019,0.05259,0.0000,0.95385,0.07798,0.0000,0.96052,0.06265,0.0000,0.95385,0.07798,0.0000,0.96052,0.06265,0.0000
0,10,2,2,-1,0,0,0,0.000,0.0000,1.2864,0.33784,1.11318,8.0000,0.27220,0.82027,35.0000,0.33784,1.11318,8.0000,0.33784,1.11318,8.0000,0.33784,1.11318,8.0000,0.33784,1.11318,8.0000,0.33784,1.11318,8.0000,0.82040,0.17775,0.0000,0.82040,0.17775,0.0000,0.82040,0.17775,0.0000,0.82040,0.17775,0.0000
0,10,4,2,0,1,3,3,0.000,0.0000,0.1431,0.77544,0.41433,0.0000,0.62616,0.55730,10.0000,0.77544,0.41433,0.0000,0.77544,0.41433,0.0000,0.80313,0.40642,0.0000,0.77544,0.41433,0.0000,0.92312,0.07616,0.0000,0.82768,0.50418,0.0000,0.97632,0.04888,0.0000,0.82768,0.50418,0.0000,0.97632,0.04888,0.0000
0,11,1,2,0,0,2,2,0.000,0.0000,0.0521,0.90483,0.11844,0.0000,0.58889,0.33207,15.0000,0.96017,0.04998,0.0000,0.90483,0.11844,0.0000,0.82645,0.19236,0.0000,0.96017,0.04998,0.0000,0.96017,0.04998,0.0000,0.95385,0.07798,0.0000,0.96052,0.06265,0.0000,0.95385,0.07798,0.0000,0.96052,0.06265,0.0000
0,11,2,2,0,0,0,0,0.000,0.0000,0.7614,0.22015,1.87391,1.0000,0.20989,1.90364,35.0000,0.83650,0.32548,1.0000,0.74359,0.55031,1.0000,0.82639,0.11237,1.0000,0.19621,2.12777,1.0000,0.83650,0.32548,1.0000,0.79227,0.23035,0.0000,0.79227,0.23035,0.0000,0.79227,0.23035,0.0000,0.79227,0.23035,0.0000
0,11,4,2,0,1,3,3,0.000,0.0000,0.0446,0.72770,0.65762,0.0000,0.58715,0.81714,10.0000,0.72770,0.65762,0.0000,0.72770,0.65762,0.0000,0.78555,0.56748,0.0000,0.72770,0.65762,0.0000,0.96113,0.04885,0.0000,0.82705,0.50419,0.0000,0.97544,0.04904,0.0000,0.82705,0.50419,0.0000,0.97544,0.04904,0.0000
0,12,0,2,0,0,1,1,0.000,0.0000,0.4463,0.49844,0.61791,2.0000,0.40216,0.72569,20.0000,0.57608,1.04700,2.0000,0.56520,0.83976,2.0000,0.53332,1.26675,2.0000,0.57608,1.04700,2.0000,0.57608,1.04700,2.0000,0.39181,1.37702,0.0000,0.24540,1.90734,0.0000,0.39181,1.37702,0.0000,0.24540,1.90734,0.0000
0,12,1,2,0,0,2,2,0.000,0.0000,0.1279,0.79639,0.19952,1.0000,0.59991,0.23672,15.0000,0.79638,0.19952,1.0000,0.79638,0.19952,1.0000,0.73963,0.26356,1.0000,0.79638,0.19952,1.0000,0.79638,0.19952,1.0000,0.96412,0.05442,0.0000,0.96412,0.05442,0.0000,0.96412,0.05442,0.0000,0.96412,0.05442,0.0000
0,12,2,1,0,0,0,0,0.000,0.0000,0.5460,0.01509,2.39780,2.0000,0.09334,2.24496,35.0000,0.79058,0.37568,2.0000,0.71088,0.59807,2.0000,0.82643,0.14383,2.0000,0.18912,2.13933,2.0000,0.79058,0.37568,2.0000,0.79967,0.22257,0.0000,0.79967,0.22257,0.0000,0.79967,0.22257,0.0000,0.79967,0.22257,0.0000
0,12,4,2,0,1,3,3,0.000,0.0000,0.0235,0.65061,0.88832,0.0000,0.55402,1.02642,10.0000,0.67870,0.79581,0.0000,0.65061,0.88832,0.0000,0.78835,0.56724,0.0000,0.67870,0.79581,0.0000,0.96485,0.04690,0.0000,0.82428,0.50428,0.0000,0.97160,0.04993,0.0000,0.82428,0.50428,0.0000,0.97160,0.04993,0.0000
0,13,0,2,0,0,1,1,0.000,0.0000,0.9397,0.29952,0.91848,26.0000,0.55239,0.47544,20.0000,0.26770,1.15972,26.0000,0.28630,1.00320,26.0000,0.27351,1.31066,26.0000,0.26770,1.15972,26.0000,0.26770,1.15972,26.0000,0.39513,1.36891,0.0000,0.24680,1.90012,0.0000,0.39513,1.36891,0.0000,0.24680,1.90012,0.0000
0,13,1,2,0,0,2,2,0.000,0.0000,0.0662,0.95028,0.07699,0.0000,0.58609,0.29356,15.0000,0.96224,0.04999,0.0000,0.95028,0.07699,0.0000,0.82645,0.19167,0.0000,0.96224,0.04999,0.0000,0.96224,0.04999,0.0000,0.96412,0.05442,0.0000,0.96412,0.05442,0.0000,0.96412,0.05442,0.0000,0.96412,0.05442,0.0000
0,13,2,1,0,0,0,0,0.000,0.0000,0.4915,0.01331,2.27291,1.0000,0.08781,2.26105,35.0000,0.92096,0.11266,1.0000,0.82715,0.33459,1.0000,0.82645,0.12119,1.0000,0.23150,1.45841,1.0000,0.92096,0.11266,1.0000,0.79967,0.22257,0.0000,0.79967,0.22257,0.0000,0.79967,0.22257,0.0000,0.79967,0.22257,0.0000
0,13,4,2,0,1,3,3,0.000,0.0000,0.0470,0.62487,1.04870,1.0000,0.50853,1.22428,10.0000,0.70136,0.79531,1.0000,0.63370,1.01964,1.0000,0.76856,0.57145,1.0000,0.70136,0.79531,1.0000,0.93022,0.07256,1.0000,0.82428,0.50428,0.0000,0.97160,0.04993,0.0000,0.82428,0.50428,0.0000,0.97160,0.04993,0.0000
0,14,0,2,-1,0,1,1,0.000,0.0000,2.0564,0.39631,2.05559,5.0000,0.26901,2.06750,20.0000,0.39631,2.05559,5.0000,0.39631,2.05559,5.0000,0.39631,2.05559,5.0000,0.39631,2.05559,5.0000,0.39631,2.05559,5.0000,0.83459,0.13693,3.0000,0.84688,0.10113,3.0000,0.83459,0.13693,3.0000,0.84688,0.10113,3.0000
0,14,1,2,0,0,2,2,0.000,0.0000,0.0526,0.88743,0.18242,1.0000,0.58198,0.34206,15.0000,0.90355,0.14247,1.0000,0.88743,0.18242,1.0000,0.82645,0.09286,1.0000,0.90355,0.14247,1.0000,0.90355,0.14247,1.0000,0.96412,0.05442,0.0000,0.96412,0.05442,0.0000,0.96412,0.05442,0.0000,0.96412,0.05442,0.0000
0,14,2,1,0,0,0,0,0.000,0.0000,0.4309,0.02335,2.22153,0.0000,0.08759,2.24461,35.0000,0.97524,0.05459,0.0000,0.83657,0.27959,0.0000,0.82645,0.17042,0.0000,0.24059,1.40459,0.0000,0.97524,0.05459,0.0000,0.79967,0.22257,0.0000,0.79967,0.22257,0.0000,0.79967,0.22257,0.0000,0.79967,0.22257,0.0000
0,14,4,2,0,1,3,3,0.000,0.0000,0.0802,0.53077,1.29915,0.0000,0.46949,1.44576,10.0000,0.68774,0.78768,0.0000,0.61895,1.01190,0.0000,0.79029,0.56008,0.0000,0.68774,0.78768,0.0000,0.96698,0.04080,0.0000,0.82428,0.50428,0.0000,0.97160,0.04993,0.0000,0.82428,0.50428,0.0000,0.97160,0.04993,0.0000
0,15,0,2,-1,0,1,1,0.000,0.0000,1.4187,0.56120,0.29265,12.0000,0.47635,0.39529,20.0000,0.56120,0.29265,12.0000,0.56120,0.29265,12.0000,0.56120,0.29265,12.0000,0.56120,0.29265,12.0000,0.56120,0.29265,12.0000,0.80938,0.11145,4.0000,0.80938,0.11145,4.0000,0.80938,0.11145,4.0000,0.80938,0.11145,4.0000
0,15,1,2,0,0,2,2,0.000,0.0000,0.0749,0.80610,0.16846,4.0000,0.58759,0.24717,15.0000,0.80814,0.16636,4.0000,0.80610,0.16847,4.0000,0.80047,0.15210,4.0000,0.80814,0.16636,4.0000,0.80814,0.16636,4.0000,0.97144,0.03621,0.0000,0.97144,0.03621,0.0000,0.97144,0.03621,0.0000,0.97144,0.03621,0.0000
0,15,2,2,0,0,0,0,0.000,0.0000,0.3931,0.01217,2.25665,0.0000,0.08629,2.25182,35.0000,0.93311,0.07887,0.0000,0.84002,0.29596,0.0000,0.79801,0.19804,0.0000,0.23220,1.98388,0.0000,0.93311,0.07887,0.0000,0.79967,0.22257,0.0000,0.79967,0.22257,0.0000,0.79967,0.22257,0.0000,0.79967,0.22257,0.0000
0,15,4,2,0,1,3,3,0.000,0.0000,0.0963,0.50882,1.39524,1.0000,0.44833,1.53526,10.0000,0.69894,0.79704,1.0000,0.62717,1.02177,1.0000,0.77777,0.57192,1.0000,0.69894,0.79704,1.0000,0.95384,0.05245,1.0000,0.82428,0.50428,0.0000,0.97160,0.04993,0.0000,0.82428,0.50428,0.0000,0.97160,0.04993,0.0000
0,16,0,2,0,0,1,1,0.000,0.0000,1.0062,0.71556,0.21502,8.0000,0.49962,0.32788,20.0000,0.71556,0.21502,8.0000,0.71556,0.21502,8.0000,0.70464,0.21502,8.0000,0.71556,0.21502,8.0000,0.71556,0.21502,8.0000,0.80938,0.11145,4.0000,0.80938,0.11145,4.0000,0.80938,0.11145,4.0000,0.80938,0.11145,4.0000
0,16,1,2,0,0,2,2,0.000,0.0000,0.0529,0.83106,0.11363,4.0000,0.59080,0.27632,15.0000,0.83372,0.10591,4.0000,0.83106,0.11363,4.0000,0.78942,0.12526,4.0000,0.83372,0.10591,4.0000,0.83372,0.10591,4.0000,0.97144,0.03621,0.0000,0.97144,0.03621,0.0000,0.97144,0.03621,0.0000,0.97144,0.03621,0.0000
0,16,2,2,0,0,0,0,0.000,0.0000,0.5144,0.11968,2.08944,11.0000,0.17891,2.01124,35.0000,0.64171,0.40654,11.0000,0.60824,0.56725,11.0000,0.63570,0.33171,11.0000,0.20836,1.61956,11.0000,0.64171,0.40654,11.0000,0.79967,0.22257,0.0000,0.79967,0.22257,0.0000,0.79967,0.22257,0.0000,0.79967,0.22257,0.0000
0,16,4,2,0,1,3,3,0.000,0.0000,0.1128,0.45748,1.62795,0.0000,0.38477,1.78388,10.0000,0.73048,0.78825,0.0000,0.65756,1.01325,0.0000,0.80323,0.56326,0.0000,0.73048,0.78825,0.0000,0.97235,0.03887,0.0000,0.82428,0.50428,0.0000,0.97160,0.04992,0.0000,0.82428,0.50428,0.0000,0.97160,0.04992,0.0000
0,17,0,1,0,0,1,1,0.000,0.0000,0.7779,0.79318,0.15967,5.0000,0.52379,0.34525,20.0000,0.79318,0.15967,5.0000,0.79318,0.15967,5.0000,0.76161,0.15967,5.0000,0.79318,0.15967,5.0000,0.79318,0.15967,5.0000,0.83797,0.09539,3.0000,0.83797,0.09539,3.0000,0.83797,0.09539,3.0000,0.83797,0.09539,3.0000
0,17,1,2,-1,0,2,2,0.000,0.0000,0.7554,0.37191,1.32481,3.0000,0.36208,0.95422,15.0000,0.37191,1.32481,3.0000,0.37191,1.32481,3.0000,0.37191,1.32481,3.0000,0.37191,1.32481,3.0000,0.37191,1.32481,3.0000,0.97144,0.03621,0.0000,0.97144,0.03621,0.0000,0.97144,0.03621,0.0000,0.97144,0.03621,0.0000
0,17,2,2,0,0,0,0,0.000,0.0000,0.4179,0.67012,0.58639,1.0000,0.43908,0.82434,35.0000,0.84518,0.12291,1.0000,0.76930,0.30946,1.0000,0.78987,0.18893,1.0000,0.84518,0.12291,1.0000,0.84518,0.12291,1.0000,0.79967,0.22257,0.0000,0.79967,0.22257,0.0000,0.79967,0.22257,0.0000,0.79967,0.22257,0.0000
0,17,4,2,0,1,3,3,0.000,0.0000,0.0602,0.36755,1.82059,2.0000,0.33465,1.98465,10.0000,0.65415,0.80253,2.0000,0.59399,1.02417,2.0000,0.73940,0.57533,2.0000,0.65415,0.80253,2.0000,0.88377,0.11830,2.0000,0.82428,0.50428,0.0000,0.97160,0.04993,0.0000,0.82428,0.50428,0.0000,0.97160,0.04993,0.0000
0,18,0,1,-1,0,1,1,0.000,0.0000,2.2324,0.14978,3.19883,3.0000,0.22027,3.21230,20.0000,0.14978,3.19883,3.0000,0.14978,3.19883,3.0000,0.14978,3.19883,3.0000,0.14978,3.19883,3.0000,0.14978,3.19883,3.0000,0.84023,0.08582,3.0000,0.84023,0.08582,3.0000,0.84023,0.08582,3.0000,0.84023,0.08582,3.0000
0,18,1,2,-1,0,2,2,0.000,0.0000,0.4856,0.48100,0.40320,25.0000,0.56087,0.33729,15.0000,0.48100,0.40320,25.0000,0.48100,0.40320,25.0000,0.48100,0.40320,25.0000,0.48100,0.40320,25.0000,0.49419,0.19895,25.0000,0.95988,0.06153,0.0000,0.95988,0.06153,0.0000,0.95988,0.06153,0.0000,0.95988,0.06153,0.0000
0,18,2,2,0,-1,-1,-1,0.000,-1.0000,-1.0000,0.16125,1.96793,16.0000,0.11965,2.12216,35.0000,0.52152,0.56427,16.0000,0.45934,0.72626,16.0000,0.55927,0.44970,16.0000,0.21596,1.72736,16.0000,0.16125,1.96793,16.0000,0.16125,1.96793,16.0000,0.16125,1.96793,16.0000,0.16125,1.96793,16.0000,0.16125,1.96793,16.0000
0,18,4,2,0,1,3,3,0.000,0.0000,0.1120,0.29687,2.11873,0.0000,0.27820,2.18304,10.0000,0.64590,0.95341,0.0000,0.57889,1.17784,0.0000,0.73954,0.72648,0.0000,0.64590,0.95341,0.0000,0.90982,0.20248,0.0000,0.82428,0.50428,0.0000,0.97160,0.04993,0.0000,0.82428,0.50428,0.0000,0.97160,0.04993,0.0000
0,19,0,1,0,0,1,1,0.000,0.0000,1.4247,0.94891,0.03499,0.0000,0.54994,0.12123,20.0000,0.94891,0.03499,0.0000,0.94891,0.03499,0.0000,0.82645,0.01717,0.0000,0.94891,0.03499,0.0000,0.94891,0.03499,0.0000,0.83707,0.08623,3.0000,0.83707,0.08623,3.0000,0.83707,0.08623,3.0000,0.83707,0.08623,3.0000
0,19,1,2,-1,1,2,2,0.000,0.0000,0.3972,0.31000,0.49049,38.0000,0.42276,0.70613,15.0000,0.31000,0.49049,38.0000,0.31000,0.49049,38.0000,0.31000,0.49049,38.0000,0.31000,0.49049,38.0000,0.28178,0.72285,38.0000,0.95106,0.06381,0.0000,0.95106,0.06381,0.0000,0.95106,0.06381,0.0000,0.95106,0.06381,0.0000
0,19,4,2,0,1,3,3,0.000,0.0000,0.0598,0.24149,2.25284,1.0000,0.21237,2.41542,10.0000,0.67247,0.79654,1.0000,0.60896,1.01952,1.0000,0.73484,0.57516,1.0000,0.21266,2.41813,1.0000,0.87741,0.12475,1.0000,0.82428,0.50428,0.0000,0.97160,0.04993,0.0000,0.82428,0.50428,0.0000,0.97160,0.04993,0.0000
0,20,0,1,0,0,1,1,0.000,0.0000,0.6751,0.82411,0.21150,2.0000,0.48675,0.23312,20.0000,0.82411,0.21150,2.0000,0.82411,0.21150,2.0000,0.82302,0.21150,2.0000,0.82411,0.21150,2.0000,0.82411,0.21150,2.0000,0.81881,0.13770,3.0000,0.81881,0.13770,3.0000,0.81881,0.13770,3.0000,0.81881,0.13770,3.0000
0,20,1,2,0,0,2,2,0.000,0.0000,0.2683,0.35735,0.83052,25.0000,0.54046,0.28440,15.0000,0.35735,0.83052,25.0000,0.35735,0.83052,25.0000,0.36786,0.81186,25.0000,0.35735,0.83052,25.0000,0.35735,0.83052,25.0000,0.94030,0.08928,0.0000,0.94030,0.08928,0.0000,0.94030,0.08928,0.0000,0.94030,0.08928,0.0000
0,20,2,2,0,0,0,0,0.000,0.0000,0.2943,0.20640,0.90767,0.0000,0.38780,0.87719,35.0000,0.64444,0.37969,0.0000,0.51536,0.53555,0.0000,0.67421,0.34492,0.0000,0.64444,0.37969,0.0000,0.64444,0.37969,0.0000,0.79967,0.22257,0.0000,0.79967,0.22257,0.0000,0.79967,0.22257,0.0000,0.79967,0.22257,0.0000
0,20,4,2,0,1,3,3,0.000,0.0000,1.5529,0.16891,2.47640,1.0000,0.14077,2.63626,10.0000,0.21277,2.38266,1.0000,0.20568,2.37610,1.0000,0.21695,2.41366,1.0000,0.21277,2.38266,1.0000,0.19560,2.72104,1.0000,0.82428,0.50428,0.0000,0.97160,0.04993,0.0000,0.82428,0.50428,0.0000,0.97160,0.04993,0.0000
0,21,0,1,0,0,1,1,0.000,0.0000,0.2252,0.90223,0.04972,2.0000,0.55530,0.16507,20.0000,0.90223,0.04972,2.0000,0.90223,0.04972,2.0000,0.82408,0.04182,2.0000,0.90223,0.04972,2.0000,0.90223,0.04972,2.0000,0.81881,0.13770,3.0000,0.81881,0.13770,3.0000,0.81881,0.13770,3.0000,0.81881,0.13770,3.0000
0,21,1,2,0,0,2,2,0.000,0.0000,0.6576,0.36346,0.83416,25.0000,0.56807,0.32750,15.0000,0.36346,0.83416,25.0000,0.36346,0.83416,25.0000,0.35999,0.83136,25.0000,0.36346,0.83416,25.0000,0.36346,0.83416,25.0000,0.84180,0.12121,3.0000,0.84180,0.12121,3.0000,0.84180,0.12121,3.0000,0.84180,0.12121,3.0000
0,21,2,2,0,0,0,0,0.000,0.0000,0.1530,0.79790,0.43340,0.0000,0.49724,0.57220,35.0000,0.96499,0.05138,0.0000,0.86606,0.27526,0.0000,0.82645,0.19159,0.0000,0.96499,0.05138,0.0000,0.96499,0.05138,0.0000,0.79967,0.22257,0.0000,0.79967,0.22257,0.0000,0.79967,0.22257,0.0000,0.79967,0.22257,0.0000
0,22,0,2,0,0,1,1,0.000,0.0000,0.1764,0.80526,0.18597,0.0000,0.53308,0.20243,20.0000,0.80526,0.18597,0.0000,0.80526,0.18597,0.0000,0.76454,0.26808,0.0000,0.80526,0.18597,0.0000,0.80526,0.18597,0.0000,0.81842,0.11259,3.0000,0.81842,0.11259,3.0000,0.81842,0.11259,3.0000,0.81842,0.11259,3.0000
0,22,1,2,-1,0,2,2,0.000,0.0000,0.8301,0.38903,0.75055,37.0000,0.50170,0.43864,15.0000,0.38903,0.75055,37.0000,0.38903,0.75055,37.0000,0.38903,0.75055,37.0000,0.38903,0.75055,37.0000,0.38903,0.75055,37.0000,0.77390,0.16224,5.0000,0.77390,0.16224,5.0000,0.77390,0.16224,5.0000,0.77390,0.16224,5.0000
0,22,2,2,0,0,0,0,0.000,0.0000,0.0648,0.82730,0.30774,0.0000,0.44000,0.76439,35.0000,0.96945,0.03874,0.0000,0.84559,0.26453,0.0000,0.82645,0.20360,0.0000,0.96945,0.03874,0.0000,0.96945,0.03874,0.0000,0.79967,0.22257,0.0000,0.79967,0.22257,0.0000,0.79967,0.22257,0.0000,0.79967,0.22257,0.0000
0,23,0,2,-1,0,1,1,0.000,0.0000,1.8037,0.40792,2.58757,1.0000,0.20327,2.33419,20.0000,0.40792,2.58757,1.0000,0.40792,2.58757,1.0000,0.40792,2.58757,1.0000,0.40792,2.58757,1.0000,0.40792,2.58757,1.0000,0.81842,0.11259,3.0000,0.81842,0.11259,3.0000,0.81842,0.11259,3.0000,0.81842,0.11259,3.0000
0,23,1,2,0,0,2,2,0.000,0.0000,0.6657,0.69523,0.27072,8.0000,0.55398,0.26380,15.0000,0.69523,0.27072,8.0000,0.69523,0.27072,8.0000,0.68666,0.26243,8.0000,0.69523,0.27072,8.0000,0.69523,0.27072,8.0000,0.79388,0.16708,4.0000,0.79388,0.16708,4.0000,0.79388,0.16708,4.0000,0.79388,0.16708,4.0000
0,23,2,2,0,0,0,0,0.000,0.0000,0.0322,0.76388,0.30471,0.0000,0.43582,0.73114,35.0000,0.96528,0.04631,0.0000,0.78168,0.28855,0.0000,0.82645,0.19615,0.0000,0.96528,0.04631,0.0000,0.96528,0.04631,0.0000,0.79967,0.22257,0.0000,0.79967,0.22257,0.0000,0.79967,0.22257,0.0000,0.79967,0.22257,0.0000
0,23,4,2,0,1,3,3,0.000,0.0000,0.5606,0.01448,1.21471,0.0000,0.16302,1.03482,10.0000,0.51058,0.57783,0.0000,0.44517,0.65655,0.0000,0.57598,0.50291,0.0000,0.51058,0.57783,0.0000,0.54065,0.85035,0.0000,0.93130,0.16858,0.0000,0.96979,0.05045,0.0000,0.93130,0.16858,0.0000,0.96979,0.05045,0.0000
0,24,0,2,0,0,1,1,0.000,0.0000,1.4571,0.83060,0.14544,1.0000,0.53596,0.33176,20.0000,0.83060,0.14544,1.0000,0.83060,0.14544,1.0000,0.80671,0.20316,1.0000,0.83060,0.14544,1.0000,0.83060,0.14544,1.0000,0.81583,0.10273,3.0000,0.81583,0.10273,3.0000,0.81583,0.10273,3.0000,0.81583,0.10273,3.0000
0,24,1,2,-1,0,2,2,0.000,0.0000,1.3227,0.27504,2.61041,3.0000,0.27827,2.62853,15.0000,0.27504,2.61041,3.0000,0.27504,2.61041,3.0000,0.27504,2.61041,3.0000,0.27504,2.61041,3.0000,0.27504,2.61041,3.0000,0.69927,0.19412,8.0000,0.69927,0.19412,8.0000,0.69927,0.19412,8.0000,0.69927,0.19412,8.0000
0,24,2,2,0,0,0,0,0.000,0.0000,0.1249,0.81249,0.43259,0.0000,0.41446,0.78493,35.0000,0.88415,0.25964,0.0000,0.81249,0.43259,0.0000,0.82645,0.08462,0.0000,0.88415,0.25964,0.0000,0.88415,0.25964,0.0000,0.79890,0.22193,0.0000,0.79890,0.22193,0.0000,0.79890,0.22193,0.0000,0.79890,0.22193,0.0000
0,24,4,2,-1,1,3,3,0.000,0.0000,0.4724,0.01814,1.19130,0.0000,0.20245,1.03247,10.0000,0.01814,1.19130,0.0000,0.01814,1.19130,0.0000,0.01814,1.19130,0.0000,0.01814,1.19130,0.0000,0.63507,0.43246,0.0000,0.93225,0.16564,0.0000,0.96979,0.05046,0.0000,0.93225,0.16564,0.0000,0.96979,0.05046,0.0000
0,25,0,2,0,0,1,1,0.000,0.0000,1.0406,0.80891,0.42867,0.0000,0.51755,0.66742,20.0000,0.97056,0.05740,0.0000,0.87263,0.28237,0.0000,0.82645,0.18757,0.0000,0.97056,0.05740,0.0000,0.97056,0.05740,0.0000,0.81332,0.09537,3.0000,0.81332,0.09537,3.0000,0.81332,0.09537,3.0000,0.81332,0.09537,3.0000
0,25,1,1,0,0,2,2,0.000,0.0000,1.0288,0.05105,1.01633,1.0000,0.24551,0.95786,15.0000,0.65496,0.36144,1.0000,0.58062,0.44003,1.0000,0.72747,0.28958,1.0000,0.65496,0.36144,1.0000,0.65496,0.36144,1.0000,0.79007,0.09556,1.0000,0.79007,0.09556,1.0000,0.12032,1.27245,9.0000,0.46042,0.95229,9.0000
0,25,2,2,0,0,0,0,0.000,0.0000,0.0890,0.87586,0.17853,0.0000,0.43371,0.64051,35.0000,0.95762,0.05955,0.0000,0.87586,0.17852,0.0000,0.82645,0.18321,0.0000,0.95762,0.05955,0.0000,0.95762,0.05955,0.0000,0.79890,0.22193,0.0000,0.79890,0.22192,0.0000,0.79890,0.22193,0.0000,0.79890,0.22192,0.0000
0,25,4,2,-1,1,3,3,0.000,0.0000,0.7943,0.39945,0.83758,34.0000,0.65499,0.40936,10.0000,0.39945,0.83758,34.0000,0.39945,0.83758,34.0000,0.39945,0.83758,34.0000,0.39945,0.83758,34.0000,0.38934,0.83758,34.0000,0.94600,0.12313,0.0000,0.96979,0.05046,0.0000,0.94600,0.12313,0.0000,0.96979,0.05046,0.0000
0,26,0,2,-1,0,1,1,0.000,0.0000,1.5932,0.54719,1.57481,0.0000,0.35156,1.51272,20.0000,0.54719,1.57481,0.0000,0.54719,1.57481,0.0000,0.54719,1.57481,0.0000,0.54719,1.57481,0.0000,0.54719,1.57481,0.0000,0.81332,0.09537,3.0000,0.81332,0.09537,3.0000,0.81332,0.09537,3.0000,0.81332,0.09537,3.0000
0,26,1,1,0,0,2,2,0.000,0.0000,0.7030,0.78864,0.20283,2.0000,0.61401,0.33774,15.0000,0.82733,0.17046,2.0000,0.78864,0.20283,2.0000,0.82488,0.12013,2.0000,0.82733,0.17046,2.0000,0.82733,0.17046,2.0000,0.79007,0.09556,1.0000,0.79007,0.09556,1.0000,0.79007,0.09556,1.0000,0.79007,0.09556,1.0000
0,26,2,2,0,0,0,0,0.000,0.0000,0.0756,0.94048,0.07898,0.0000,0.43540,0.55099,35.0000,0.95720,0.06132,0.0000,0.94048,0.07898,0.0000,0.82645,0.18159,0.0000,0.95720,0.06132,0.0000,0.95720,0.06132,0.0000,0.79620,0.21966,0.0000,0.79620,0.21966,0.0000,0.79620,0.21966,0.0000,0.79620,0.21966,0.0000
0,26,4,2,-1,1,3,3,0.000,0.0000,0.8189,0.85457,0.16005,0.0000,0.63912,0.20903,10.0000,0.85457,0.16005,0.0000,0.85457,0.16005,0.0000,0.85457,0.16005,0.0000,0.85457,0.16005,0.0000,0.86004,0.15609,0.0000,0.93012,0.04865,1.0000,0.93012,0.04865,1.0000,0.93012,0.04865,1.0000,0.93012,0.04865,1.0000
0,27,0,1,0,0,1,1,0.000,0.0000,0.8286,0.45060,1.27364,5.0000,0.42261,1.18124,20.0000,0.75630,0.34568,5.0000,0.69123,0.56366,5.0000,0.77950,0.15011,5.0000,0.75630,0.34568,5.0000,0.75630,0.34568,5.0000,0.79956,0.11805,2.0000,0.79956,0.11805,2.0000,0.79956,0.11805,2.0000,0.79956,0.11805,2.0000
0,27,1,1,0,0,2,2,0.000,0.0000,0.3833,0.93897,0.02331,1.0000,0.62777,0.17656,15.0000,0.93898,0.02331,1.0000,0.93898,0.02331,1.0000,0.82645,0.02675,1.0000,0.93898,0.02331,1.0000,0.93898,0.02331,1.0000,0.79007,0.09556,1.0000,0.79007,0.09556,1.0000,0.79007,0.09556,1.0000,0.79007,0.09556,1.0000
0,27,2,2,0,0,0,0,0.000,0.0000,0.1570,0.75850,0.41828,1.0000,0.42751,0.71878,35.0000,0.82431,0.34314,1.0000,0.75850,0.41828,1.0000,0.82645,0.12455,1.0000,0.82431,0.34314,1.0000,0.82431,0.34314,1.0000,0.79620,0.21966,0.0000,0.79620,0.21966,0.0000,0.79620,0.21966,0.0000,0.79620,0.21966,0.0000
0,27,4,2,-1,1,3,3,0.000,0.0000,0.8505,0.77832,0.26391,0.0000,0.65498,0.18539,10.0000,0.77832,0.26391,0.0000,0.77832,0.26391,0.0000,0.77832,0.26391,0.0000,0.77832,0.26391,0.0000,0.77832,0.26391,0.0000,0.93282,0.02921,1.0000,0.93282,0.02921,1.0000,0.93282,0.02921,1.0000,0.93282,0.02921,1.0000
0,28,0,1,0,0,1,1,0.000,0.0000,0.4120,0.53253,1.06254,0.0000,0.46309,1.06146,20.0000,0.97516,0.05569,0.0000,0.87513,0.28069,0.0000,0.82645,0.16931,0.0000,0.97516,0.05569,0.0000,0.97516,0.05569,0.0000,0.79956,0.11805,2.0000,0.79956,0.11805,2.0000,0.79956,0.11805,2.0000,0.79956,0.11805,2.0000
0,28,1,1,0,0,2,2,0.000,0.0000,0.1860,0.92859,0.00760,1.0000,0.59163,0.04410,15.0000,0.92859,0.00760,1.0000,0.92859,0.00760,1.0000,0.82645,0.03743,1.0000,0.92859,0.00760,1.0000,0.92859,0.00760,1.0000,0.79007,0.09556,1.0000,0.79007,0.09556,1.0000,0.79007,0.09556,1.0000,0.79007,0.09556,1.0000
0,28,2,2,0,0,0,0,0.000,0.0000,0.0783,0.97346,0.01728,0.0000,0.43864,0.48804,35.0000,0.97346,0.01728,0.0000,0.97346,0.01728,0.0000,0.82645,0.18956,0.0000,0.97346,0.01728,0.0000,0.97346,0.01728,0.0000,0.79620,0.21966,0.0000,0.79620,0.21966,0.0000,0.79620,0.21966,0.0000,0.79620,0.21966,0.0000
0,28,4,2,-1,1,3,3,0.000,0.0000,0.7842,0.80031,0.21181,0.0000,0.67298,0.23179,10.0000,0.80031,0.21181,0.0000,0.80031,0.21181,0.0000,0.80031,0.21181,0.0000,0.80031,0.21181,0.0000,0.82707,0.18601,0.0000,0.93282,0.02921,1.0000,0.93282,0.02921,1.0000,0.93282,0.02921,1.0000,0.93282,0.02921,1.0000
0,29,0,1,0,0,1,1,0.000,0.0000,0.1001,0.41937,1.31385,1.0000,0.39735,1.33235,20.0000,0.95130,0.06336,1.0000,0.85800,0.28789,1.0000,0.82645,0.16247,1.0000,0.95130,0.06336,1.0000,0.95130,0.06336,1.0000,0.82439,0.11799,1.0000,0.82439,0.11799,1.0000,0.82439,0.11799,1.0000,0.82439,0.11799,1.0000
0,29,1,2,0,0,2,2,0.000,0.0000,0.1944,0.92882,0.01992,1.0000,0.58878,0.06507,15.0000,0.92882,0.01992,1.0000,0.92882,0.01992,1.0000,0.82645,0.21269,1.0000,0.92882,0.01992,1.0000,0.92882,0.01992,1.0000,0.79007,0.09556,1.0000,0.79007,0.09556,1.0000,0.79007,0.09556,1.0000,0.79007,0.09556,1.0000
0,29,2,2,0,0,0,0,0.000,0.0000,0.0648,0.96248,0.04996,0.0000,0.46169,0.29255,35.0000,0.96941,0.04204,0.0000,0.96248,0.04996,0.0000,0.82645,0.20051,0.0000,0.96941,0.04204,0.0000,0.96941,0.04204,0.0000,0.79620,0.21966,0.0000,0.79620,0.21966,0.0000,0.79620,0.21966,0.0000,0.79620,0.21966,0.0000
0,29,4,2,-1,1,3,3,0.000,0.0000,0.7294,0.78687,0.25293,0.0000,0.65356,0.19700,10.0000,0.78687,0.25293,0.0000,0.78687,0.25293,0.0000,0.78687,0.25293,0.0000,0.78687,0.25293,0.0000,0.78842,0.25259,0.0000,0.93282,0.02921,1.0000,0.93282,0.02921,1.0000,0.93282,0.02921,1.0000,0.93282,0.02921,1.0000
0,30,0,1,0,0,1,1,0.000,0.0000,0.1528,0.29770,1.60240,2.0000,0.30929,1.61192,20.0000,0.91014,0.09189,2.0000,0.82649,0.30499,2.0000,0.82209,0.15850,2.0000,0.23698,1.42641,2.0000,0.91014,0.09189,2.0000,0.82439,0.11799,1.0000,0.82439,0.11799,1.0000,0.82439,0.11799,1.0000,0.82439,0.11799,1.0000
0,30,1,2,0,0,2,2,0.000,0.0000,0.2373,0.85249,0.06057,4.0000,0.62103,0.16313,15.0000,0.85249,0.06057,4.0000,0.85249,0.06057,4.0000,0.79203,0.16785,4.0000,0.85249,0.06057,4.0000,0.85249,0.06057,4.0000,0.79007,0.09556,1.0000,0.79007,0.09556,1.0000,0.79007,0.09556,1.0000,0.79007,0.09556,1.0000
0,30,2,2,0,0,0,0,0.000,0.0000,0.0610,0.91360,0.13956,0.0000,0.43198,0.60043,35.0000,0.94283,0.09720,0.0000,0.91360,0.13956,0.0000,0.82645,0.14924,0.0000,0.94283,0.09720,0.0000,0.94283,0.09720,0.0000,0.79620,0.21966,0.0000,0.79620,0.21966,0.0000,0.79620,0.21966,0.0000,0.79620,0.21966,0.0000
0,30,4,2,-1,-1,-1,-1,0.000,-1.0000,-1.0000,0.07417,1.15555,3.0000,0.30510,0.92668,10.0000,0.07417,1.15555,3.0000,0.07417,1.15555,3.0000,0.07417,1.15555,3.0000,0.07417,1.15555,3.0000,0.07417,1.15555,3.0000,0.07417,1.15555,3.0000,0.07417,1.15555,3.0000,0.07417,1.15555,3.0000,0.07417,1.15555,3.0000
0,31,0,1,0,0,1,1,0.000,0.0000,0.2852,0.17343,1.87952,0.0000,0.18721,1.95370,20.0000,0.97109,0.05430,0.0000,0.87165,0.27913,0.0000,0.82645,0.17098,0.0000,0.24068,1.40409,0.0000,0.97109,0.05430,0.0000,0.82439,0.11799,1.0000,0.82439,0.11799,1.0000,0.82439,0.11799,1.0000,0.82439,0.11799,1.0000
0,31,1,2,0,0,2,2,0.000,0.0000,0.2919,0.96490,0.04306,0.0000,0.62893,0.25770,15.0000,0.96490,0.04306,0.0000,0.96490,0.04306,0.0000,0.82645,0.19032,0.0000,0.96490,0.04306,0.0000,0.96490,0.04306,0.0000,0.79007,0.09556,1.0000,0.79007,0.09556,1.0000,0.79007,0.09556,1.0000,0.79007,0.09556,1.0000
0,31,2,2,0,0,0,0,0.000,0.0000,0.0786,0.88008,0.20935,0.0000,0.43263,0.66328,35.0000,0.96828,0.03948,0.0000,0.88008,0.20935,0.0000,0.82645,0.20285,0.0000,0.96828,0.03948,0.0000,0.96828,0.03948,0.0000,0.78765,0.21262,0.0000,0.78765,0.21262,0.0000,0.78765,0.21262,0.0000,0.78765,0.21262,0.0000
0,31,4,1,-1,1,3,3,0.000,0.0000,0.5906,0.03147,1.09284,0.0000,0.22408,0.97914,10.0000,0.03147,1.09284,0.0000,0.03147,1.09284,0.0000,0.03147,1.09284,0.0000,0.03147,1.09284,0.0000,0.77164,0.25710,0.0000,0.95444,0.04067,0.0000,0.95444,0.04067,0.0000,0.95444,0.04067,0.0000,0.95444,0.04067,0.0000
0,32,0,2,0,0,1,1,0.000,0.0000,0.5220,0.02188,2.34915,5.0000,0.06265,2.25238,20.0000,0.73181,0.35203,5.0000,0.66543,0.55686,5.0000,0.74330,0.19752,5.0000,0.19935,1.66122,5.0000,0.73181,0.35203,5.0000,0.82439,0.11799,1.0000,0.82439,0.11799,1.0000,0.82439,0.11799,1.0000,0.82439,0.11799,1.0000
0,32,1,2,0,0,2,2,0.000,0.0000,0.2900,0.88677,0.08477,0.0000,0.58426,0.43726,15.0000,0.88677,0.08477,0.0000,0.88677,0.08477,0.0000,0.81787,0.18856,0.0000,0.88677,0.08477,0.0000,0.88677,0.08477,0.0000,0.65468,0.10504,8.0000,0.65468,0.10504,8.0000,0.65468,0.10504,8.0000,0.65468,0.10504,8.0000
0,32,2,2,0,0,0,0,0.000,0.0000,0.0903,0.94816,0.08096,0.0000,0.43328,0.56980,35.0000,0.96586,0.04628,0.0000,0.94816,0.08096,0.0000,0.82645,0.19623,0.0000,0.96586,0.04628,0.0000,0.96586,0.04628,0.0000,0.78765,0.21262,0.0000,0.78765,0.21262,0.0000,0.78765,0.21262,0.0000,0.78765,0.21262,0.0000
0,32,4,1,-1,1,3,3,0.000,0.0000,0.5401,0.02793,1.15161,0.0000,0.20553,1.07080,10.0000,0.02793,1.15161,0.0000,0.02793,1.15161,0.0000,0.02793,1.15161,0.0000,0.02793,1.15161,0.0000,0.68790,0.36978,0.0000,0.95444,0.04067,0.0000,0.95444,0.04067,0.0000,0.95444,0.04067,0.0000,0.95444,0.04067,0.0000
0,33,0,2,0,0,1,1,0.000,0.0000,0.5025,0.14205,1.95615,0.0000,0.14530,2.04385,20.0000,0.96860,0.06069,0.0000,0.87085,0.28566,0.0000,0.82645,0.18616,0.0000,0.23956,1.95079,0.0000,0.96860,0.06069,0.0000,0.82439,0.11799,1.0000,0.82439,0.11799,1.0000,0.82439,0.11799,1.0000,0.82439,0.11799,1.0000
0,33,1,1,0,0,2,2,0.000,0.0000,0.2898,0.14414,1.95206,0.0000,0.13620,2.05019,15.0000,0.96569,0.06438,0.0000,0.86806,0.28917,0.0000,0.82645,0.16100,0.0000,0.23897,1.41412,0.0000,0.96569,0.06438,0.0000,0.65468,0.10504,8.0000,0.65468,0.10503,8.0000,0.65468,0.10504,8.0000,0.65468,0.10503,8.0000
0,33,2,2,0,0,0,0,0.000,0.0000,0.0671,0.88073,0.24920,0.0000,0.42611,0.69144,35.0000,0.94415,0.10060,0.0000,0.88073,0.24919,0.0000,0.82645,0.14489,0.0000,0.94415,0.10060,0.0000,0.94415,0.10060,0.0000,0.78765,0.21262,0.0000,0.78765,0.21262,0.0000,0.78765,0.21262,0.0000,0.78765,0.21262,0.0000
0,33,4,1,-1,1,3,3,0.000,0.0000,0.3280,0.03050,1.00435,0.0000,0.21531,0.99536,10.0000,0.03050,1.00435,0.0000,0.03050,1.00435,0.0000,0.03050,1.00435,0.0000,0.03050,1.00435,0.0000,0.92909,0.07253,0.0000,0.95444,0.04067,0.0000,0.95444,0.04067,0.0000,0.95444,0.04067,0.0000,0.95444,0.04067,0.0000
0,34,0,2,0,0,1,1,0.000,0.0000,0.4638,0.11747,2.01096,2.0000,0.10965,2.13174,20.0000,0.90462,0.09113,2.0000,0.81353,0.29752,2.0000,0.82607,0.16410,2.0000,0.23898,1.90886,2.0000,0.90462,0.09113,2.0000,0.82439,0.11799,1.0000,0.82439,0.11799,1.0000,0.82439,0.11799,1.0000,0.82439,0.11799,1.0000
0,34,1,1,0,0,2,2,0.000,0.0000,0.2723,0.70791,0.56680,3.0000,0.49276,0.76585,15.0000,0.87435,0.10612,3.0000,0.79655,0.32418,3.0000,0.81732,0.13668,3.0000,0.87435,0.10612,3.0000,0.87435,0.10612,3.0000,0.65468,0.10504,8.0000,0.65468,0.10503,8.0000,0.65468,0.10504,8.0000,0.65468,0.10503,8.0000
0,34,2,2,0,0,0,0,0.000,0.0000,0.0363,0.83882,0.19738,0.0000,0.44861,0.57922,35.0000,0.92882,0.12187,0.0000,0.83882,0.19738,0.0000,0.82645,0.12654,0.0000,0.92882,0.12187,0.0000,0.92882,0.12187,0.0000,0.78765,0.21262,0.0000,0.78765,0.21262,0.0000,0.78765,0.21262,0.0000,0.78765,0.21262,0.0000
0,34,4,1,-1,1,3,3,0.000,0.0000,0.3449,0.02597,1.18483,0.0000,0.20286,1.07451,10.0000,0.02597,1.18483,0.0000,0.02597,1.18483,0.0000,0.02597,1.18483,0.0000,0.02597,1.18483,0.0000,0.64156,0.43313,0.0000,0.95444,0.04067,0.0000,0.95444,0.04067,0.0000,0.95444,0.04067,0.0000,0.95444,0.04067,0.0000
0,35,0,2,0,0,1,1,0.000,0.0000,0.4095,0.26328,1.66738,1.0000,0.23790,1.81332,20.0000,0.93931,0.06382,1.0000,0.83973,0.28150,1.0000,0.82639,0.18057,1.0000,0.24088,1.92201,1.0000,0.93931,0.06382,1.0000,0.82439,0.11799,1.0000,0.82439,0.11799,1.0000,0.82439,0.11799,1.0000,0.82439,0.11799,1.0000
0,35,1,1,0,0,2,2,0.000,0.0000,0.2449,0.63238,0.83590,0.0000,0.52856,0.83772,15.0000,0.97222,0.06255,0.0000,0.87229,0.28755,0.0000,0.82645,0.16245,0.0000,0.97222,0.06255,0.0000,0.97222,0.06255,0.0000,0.65403,0.10350,8.0000,0.65403,0.10350,8.0000,0.65403,0.10350,8.0000,0.65403,0.10350,8.0000
0,35,2,2,0,0,0,0,0.000,0.0000,0.0533,0.80644,0.34461,0.0000,0.45996,0.63216,35.0000,0.96817,0.04150,0.0000,0.83848,0.26844,0.0000,0.82645,0.20089,0.0000,0.96817,0.04150,0.0000,0.96817,0.04150,0.0000,0.78765,0.21262,0.0000,0.78765,0.21262,0.0000,0.78765,0.21262,0.0000,0.78765,0.21262,0.0000
0,35,4,1,-1,1,3,3,0.000,0.0000,0.3071,0.02666,1.14941,0.0000,0.20062,1.08309,10.0000,0.02666,1.14941,0.0000,0.02666,1.14941,0.0000,0.02666,1.14941,0.0000,0.02666,1.14941,0.0000,0.69208,0.36210,0.0000,0.78462,0.22146,4.0000,0.78462,0.22146,4.0000,0.78462,0.22146,4.0000,0.78462,0.22146,4.0000
0,36,0,2,0,0,1,1,0.000,0.0000,0.3649,0.59539,0.80045,1.0000,0.43023,1.07135,20.0000,0.84745,0.14598,1.0000,0.77328,0.31000,1.0000,0.78904,0.21857,1.0000,0.84745,0.14598,1.0000,0.84745,0.14598,1.0000,0.82396,0.11710,1.0000,0.82396,0.11710,1.0000,0.82396,0.11710,1.0000,0.82396,0.11710,1.0000
0,36,1,1,0,0,2,2,0.000,0.0000,0.2277,0.59239,0.90358,1.0000,0.50843,0.93585,15.0000,0.93832,0.06681,1.0000,0.84810,0.28390,1.0000,0.82645,0.17198,1.0000,0.93832,0.06681,1.0000,0.93832,0.06681,1.0000,0.65403,0.10350,8.0000,0.65403,0.10350,8.0000,0.65403,0.10350,8.0000,0.65403,0.10350,8.0000
0,36,2,2,0,0,0,0,0.000,0.0000,0.0697,0.72822,0.55778,0.0000,0.40499,0.97572,35.0000,0.96689,0.03426,0.0000,0.85635,0.25571,0.0000,0.82645,0.20893,0.0000,0.96689,0.03426,0.0000,0.96689,0.03426,0.0000,0.78765,0.21262,0.0000,0.78765,0.21262,0.0000,0.78765,0.21262,0.0000,0.78765,0.21262,0.0000
0,36,4,1,-1,1,3,3,0.000,0.0000,0.2567,0.03121,1.13724,0.0000,0.21336,1.00302,10.0000,0.03121,1.13724,0.0000,0.03121,1.13724,0.0000,0.03121,1.13724,0.0000,0.03121,1.13724,0.0000,0.70101,0.34812,0.0000,0.78462,0.22146,4.0000,0.78462,0.22146,4.0000,0.78462,0.22146,4.0000,0.78462,0.22146,4.0000
1,0,0,2,-1,-1,-1,-1,0.000,-1.0000,-1.0000,0.01197,2.12908,5.9389,0.03291,2.11382,21.9389,0.01197,2.12908,5.9389,0.01197,2.12908,5.9389,0.01197,2.12908,5.9389,0.01197,2.12908,5.9389,0.01197,2.12908,5.9389,0.01197,2.12908,5.9389,0.01197,2.12908,5.9389,0.01197,2.12908,5.9389,0.01197,2.12908,5.9389
1,0,1,2,0,0,1,1,0.000,0.0000,0.0000,0.72954,0.29913,1.3417,0.43446,0.58119,35.6583,0.72954,0.29913,1.3417,0.72954,0.29913,1.3417,0.71963,0.29785,1.3417,0.72954,0.29913,1.3417,0.72954,0.29913,1.3417,0.72955,0.29913,1.3417,0.72955,0.29913,1.3417,0.72955,0.29913,1.3417,0.72955,0.29913,1.3417
1,0,2,1,0,0,0,0,0.000,0.0000,0.0000,0.07563,0.92653,3.4164,0.33952,0.95324,33.5836,0.74995,0.19345,3.4164,0.71087,0.28059,3.4164,0.73683,0.11099,3.4164,0.74995,0.19345,3.4164,0.74995,0.19345,3.4164,0.07368,0.92851,3.4164,0.74995,0.19620,3.4164,0.07368,0.92851,3.4164,0.74995,0.19620,3.4164
1,0,4,2,0,-1,-1,-1,0.000,-1.0000,-1.0000,0.00579,3.15917,0.9708,0.03484,3.16787,18.9708,0.61922,0.95613,0.9708,0.54689,1.17265,0.9708,0.63250,0.75702,0.9708,0.18105,2.73795,0.9708,0.00579,3.15917,0.9708,0.00579,3.15917,0.9708,0.00579,3.15917,0.9708,0.00579,3.15917,0.9708,0.00579,3.15917,0.9708
1,1,0,2,-1,-1,-1,-1,0.000,-1.0000,-1.0000,0.03766,2.04252,1.9389,0.03804,2.11400,21.9389,0.03766,2.04252,1.9389,0.03766,2.04252,1.9389,0.03766,2.04252,1.9389,0.03766,2.04252,1.9389,0.03766,2.04252,1.9389,0.03766,2.04252,1.9389,0.03766,2.04252,1.9389,0.03766,2.04252,1.9389,0.03766,2.04252,1.9389
1,1,1,2,0,0,1,1,0.000,0.0000,2.0821,0.90383,0.12002,0.3417,0.43123,0.60079,35.6583,0.90383,0.12002,0.3417,0.90383,0.12002,0.3417,0.90690,0.04456,0.3417,0.90383,0.12002,0.3417,0.90383,0.12002,0.3417,0.73372,0.32654,0.3417,0.87517,0.19008,0.3417,0.73372,0.32654,0.3417,0.87517,0.19008,0.3417
1,1,2,1,0,0,0,0,0.000,0.0000,0.9479,0.34471,0.69110,6.4164,0.46292,0.68608,33.5836,0.66919,0.29827,6.4164,0.62671,0.38695,6.4164,0.67111,0.21071,6.4164,0.66919,0.29827,6.4164,0.66919,0.29827,6.4164,0.06166,0.89583,0.5836,0.82716,0.09109,0.5836,0.06166,0.89583,0.5836,0.82716,0.09109,0.5836
1,1,4,2,0,1,3,3,0.000,0.0000,0.0000,0.04211,3.04228,0.0292,0.04558,3.13241,18.9708,0.65648,0.95839,0.0292,0.58555,1.18343,0.0292,0.75119,0.73209,0.0292,0.19986,2.64258,0.0292,0.89854,0.21027,0.0292,0.04211,3.04228,0.0292,0.89855,0.21027,0.0292,0.04211,3.04228,0.0292,0.89855,0.21027,0.0292
1,2,0,2,-1,-1,-1,-1,0.000,-1.0000,-1.0000,0.03989,2.02935,0.0611,0.03239,2.13317,21.9389,0.03989,2.02935,0.0611,0.03989,2.02935,0.0611,0.03989,2.02935,0.0611,0.03989,2.02935,0.0611,0.03989,2.02935,0.0611,0.03989,2.02935,0.0611,0.03989,2.02935,0.0611,0.03989,2.02935,0.0611,0.03989,2.02935,0.0611
1,2,1,2,0,0,1,1,0.000,0.0000,1.3686,0.91909,0.14906,0.3417,0.42190,0.65468,35.6583,0.91909,0.14906,0.3417,0.91909,0.14906,0.3417,0.90690,0.04523,0.3417,0.91909,0.14906,0.3417,0.91909,0.14906,0.3417,0.51245,0.58755,0.3417,0.88074,0.17552,0.3417,0.51245,0.58755,0.3417,0.88074,0.17552,0.3417
1,2,2,1,-1,0,0,0,0.000,0.0000,7.8817,0.24817,1.56556,8.4164,0.26736,1.66611,33.5836,0.24817,1.56556,8.4164,0.24817,1.56556,8.4164,0.24817,1.56556,8.4164,0.24817,1.56556,8.4164,0.24817,1.56556,8.4164,0.06166,0.89583,0.5836,0.82716,0.09109,0.5836,0.06166,0.89583,0.5836,0.82716,0.09109,0.5836
1,2,4,2,0,-1,-1,-1,0.000,-1.0000,-1.0000,0.00684,3.16587,0.0292,0.04348,3.15861,18.9708,0.65558,0.96444,0.0292,0.57607,1.19016,0.0292,0.73838,0.73999,0.0292,0.19681,2.65728,0.0292,0.00684,3.16587,0.0292,0.00684,3.16587,0.0292,0.00684,3.16587,0.0292,0.00684,3.16587,0.0292,0.00684,3.16587,0.0292
1,3,0,2,-1,-1,-1,-1,0.000,-1.0000,-1.0000,0.01885,2.10014,0.0611,0.03016,2.13036,21.9389,0.01885,2.10014,0.0611,0.01885,2.10014,0.0611,0.01885,2.10014,0.0611,0.01885,2.10014,0.0611,0.01885,2.10014,0.0611,0.01885,2.10014,0.0611,0.01885,2.10014,0.0611,0.01885,2.10014,0.0611,0.01885,2.10014,0.0611
1,3,1,2,0,0,1,1,0.000,0.0000,0.7716,0.84850,0.21102,0.6583,0.42945,0.68273,35.6583,0.85387,0.19779,0.6583,0.84850,0.21102,0.6583,0.90690,0.04939,0.6583,0.85387,0.19779,0.6583,0.85387,0.19779,0.6583,0.74353,0.48206,0.3417,0.88074,0.17552,0.3417,0.74353,0.48206,0.3417,0.88074,0.17552,0.3417
1,3,2,2,0,0,0,0,0.000,0.0000,1.9342,0.64190,0.32514,7.4164,0.44988,0.15595,33.5836,0.64190,0.32514,7.4164,0.64190,0.32514,7.4164,0.64190,0.32514,7.4164,0.64190,0.32514,7.4164,0.64190,0.32514,7.4164,0.05047,0.92329,1.4164,0.78634,0.26813,1.4164,0.05047,0.92329,1.4164,0.78634,0.26813,1.4164
1,3,4,2,0,1,3,3,0.000,0.0000,0.3503,0.00578,3.16910,0.0292,0.03840,3.17635,18.9708,0.65529,0.96480,0.0292,0.55744,1.19027,0.0292,0.70159,0.74678,0.0292,0.18985,2.68592,0.0292,0.83525,0.24237,0.0292,0.00300,3.16959,0.0292,0.61667,0.45995,0.0292,0.00300,3.16959,0.0292,0.61667,0.45995,0.0292
1,4,0,2,-1,-1,-1,-1,0.000,-1.0000,-1.0000,0.04672,2.00559,1.9389,0.03380,2.11956,21.9389,0.04672,2.00559,1.9389,0.04672,2.00559,1.9389,0.04672,2.00559,1.9389,0.04672,2.00559,1.9389,0.04672,2.00559,1.9389,0.04672,2.00559,1.9389,0.04672,2.00559,1.9389,0.04672,2.00559,1.9389,0.04672,2.00559,1.9389
1,4,1,2,0,0,1,1,0.000,0.0000,0.4996,0.92543,0.10116,0.3417,0.42735,0.60363,35.6583,0.92543,0.10116,0.3417,0.92543,0.10116,0.3417,0.90690,0.04801,0.3417,0.92543,0.10116,0.3417,0.92543,0.10116,0.3417,0.84107,0.28972,0.3417,0.87908,0.19312,0.3417,0.84107,0.28972,0.3417,0.87908,0.19312,0.3417
1,4,2,2,-1,0,0,0,0.000,0.0000,0.0527,0.69447,0.22537,11.4164,0.46642,0.51949,33.5836,0.69447,0.22537,11.4164,0.69447,0.22537,11.4164,0.69447,0.22537,11.4164,0.69447,0.22537,11.4164,0.67089,0.22537,11.4164,0.33011,0.68062,4.4164,0.69962,0.36170,4.4164,0.33011,0.68062,4.4164,0.69962,0.36170,4.4164
1,4,4,2,0,1,3,3,0.000,0.0000,0.4505,0.00706,3.16427,0.0292,0.03957,3.15903,18.9708,0.64084,0.96965,0.0292,0.54000,1.19123,0.0292,0.65766,0.76082,0.0292,0.18126,2.72293,0.0292,0.77919,0.28237,0.0292,0.04213,3.04637,0.0292,0.89619,0.21836,0.0292,0.04213,3.04637,0.0292,0.89619,0.21836,0.0292
1,5,0,2,-1,-1,-1,-1,0.000,-1.0000,-1.0000,0.04740,2.01361,5.9389,0.02952,2.12040,21.9389,0.04740,2.01361,5.9389,0.04740,2.01361,5.9389,0.04740,2.01361,5.9389,0.04740,2.01361,5.9389,0.04740,2.01361,5.9389,0.04740,2.01361,5.9389,0.04740,2.01361,5.9389,0.04740,2.01361,5.9389,0.04740,2.01361,5.9389
1,5,1,2,0,0,1,1,0.000,0.0000,0.3139,0.81966,0.20975,1.3417,0.43187,0.66545,35.6583,0.83877,0.19927,1.3417,0.81966,0.20975,1.3417,0.90683,0.03332,1.3417,0.83877,0.19927,1.3417,0.83877,0.19927,1.3417,0.84107,0.28972,0.3417,0.87908,0.19312,0.3417,0.84107,0.28972,0.3417,0.87908,0.19312,0.3417
1,5,2,2,-1,0,0,0,0.000,0.0000,0.6259,0.70530,0.12472,7.4164,0.41660,0.56309,33.5836,0.70530,0.12472,7.4164,0.70530,0.12472,7.4164,0.70530,0.12472,7.4164,0.70530,0.12472,7.4164,0.70331,0.11792,7.4164,0.74042,0.26935,0.4164,0.68561,0.33258,0.4164,0.74042,0.26935,0.4164,0.68561,0.33258,0.4164
1,5,4,2,0,1,3,3,0.000,0.0000,0.1934,0.00794,3.15826,0.0292,0.04287,3.15738,18.9708,0.65728,0.95662,0.0292,0.57996,1.18189,0.0292,0.71933,0.73574,0.0292,0.19387,2.66674,0.0292,0.85760,0.22468,0.0292,0.00164,3.17143,0.0292,0.83907,0.22214,0.0292,0.00164,3.17143,0.0292,0.83907,0.22214,0.0292
1,6,0,2,-1,-1,-1,-1,0.000,-1.0000,-1.0000,0.01197,2.15381,8.9389,0.02117,2.14609,21.9389,0.01197,2.15381,8.9389,0.01197,2.15381,8.9389,0.01197,2.15381,8.9389,0.01197,2.15381,8.9389,0.01197,2.15381,8.9389,0.01197,2.15381,8.9389,0.01197,2.15381,8.9389,0.01197,2.15381,8.9389,0.01197,2.15381,8.9389
1,6,1,2,0,0,1,1,0.000,0.0000,0.2340,0.91953,0.10710,0.3417,0.43146,0.59728,35.6583,0.91953,0.10710,0.3417,0.91953,0.10710,0.3417,0.90690,0.05115,0.3417,0.91953,0.10710,0.3417,0.91953,0.10710,0.3417,0.85925,0.28729,0.3417,0.89800,0.18947,0.3417,0.85925,0.28729,0.3417,0.89800,0.18947,0.3417
1,6,2,2,-1,0,0,0,0.000,0.0000,0.6356,0.61392,0.21660,7.5836,0.42124,0.59245,33.5836,0.61392,0.21660,7.5836,0.61392,0.21660,7.5836,0.61392,0.21660,7.5836,0.61392,0.21660,7.5836,0.59830,0.11213,7.5836,0.72009,0.17643,8.5836,0.68756,0.14896,8.5836,0.72009,0.17643,8.5836,0.68756,0.14896,8.5836
1,6,4,2,0,1,3,3,0.000,0.0000,0.0165,0.06831,2.96495,0.0292,0.04563,3.13341,18.9708,0.67105,0.96776,0.0292,0.60325,1.19262,0.0292,0.74836,0.74263,0.0292,0.19842,2.65148,0.0292,0.89552,0.22054,0.0292,0.00511,3.15924,0.9708,0.79589,0.25584,0.9708,0.00511,3.15924,0.9708,0.79589,0.25584,0.9708
1,7,0,2,-1,-1,-1,-1,0.000,-1.0000,-1.0000,0.00758,2.14871,1.9389,0.01992,2.14534,21.9389,0.00758,2.14871,1.9389,0.00758,2.14871,1.9389,0.00758,2.14871,1.9389,0.00758,2.14871,1.9389,0.00758,2.14871,1.9389,0.00758,2.14871,1.9389,0.00758,2.14871,1.9389,0.00758,2.14871,1.9389,0.00758,2.14871,1.9389
1,7,1,2,0,0,1,1,0.000,0.0000,0.1662,0.90619,0.08812,0.3417,0.43260,0.58257,35.6583,0.91453,0.08183,0.3417,0.90619,0.08812,0.3417,0.90690,0.05292,0.3417,0.91453,0.08183,0.3417,0.91453,0.08183,0.3417,0.90290,0.09300,1.3417,0.90290,0.09300,1.3417,0.90290,0.09300,1.3417,0.90290,0.09300,1.3417
1,7,2,2,-1,0,0,0,0.000,0.0000,0.5326,0.64354,0.05110,5.5836,0.41332,0.41409,33.5836,0.64354,0.05110,5.5836,0.64354,0.05110,5.5836,0.64354,0.05110,5.5836,0.64354,0.05110,5.5836,0.63307,0.08242,5.5836,0.74769,0.17841,7.4164,0.73507,0.16739,7.4164,0.74769,0.17841,7.4164,0.73507,0.16739,7.4164
1,7,4,2,0,-1,-1,-1,0.000,-1.0000,-1.0000,0.00799,3.15778,0.0292,0.04432,3.15818,18.9708,0.66072,0.95517,0.0292,0.59406,1.18004,0.0292,0.69087,0.73975,0.0292,0.18865,2.68757,0.0292,0.00799,3.15778,0.0292,0.00799,3.15778,0.0292,0.00799,3.15778,0.0292,0.00799,3.15778,0.0292,0.00799,3.15778,0.0292
1,8,1,2,0,0,1,1,0.000,0.0000,0.0997,0.86323,0.13074,2.3417,0.42801,0.58359,35.6583,0.86323,0.13074,2.3417,0.86323,0.13074,2.3417,0.88975,0.05243,2.3417,0.86323,0.13074,2.3417,0.86323,0.13074,2.3417,0.90419,0.09197,1.3417,0.90419,0.09197,1.3417,0.90419,0.09197,1.3417,0.90419,0.09197,1.3417
1,8,2,2,-1,0,0,0,0.000,0.0000,0.4234,0.54505,0.79723,0.5836,0.41938,0.98765,33.5836,0.54505,0.79723,0.5836,0.54505,0.79723,0.5836,0.54505,0.79723,0.5836,0.54505,0.79723,0.5836,0.74351,0.18359,0.5836,0.74866,0.16982,7.4164,0.73597,0.15821,7.4164,0.74866,0.16982,7.4164,0.73597,0.15821,7.4164
1,8,4,2,0,-1,-1,-1,0.000,-1.0000,-1.0000,0.00507,3.16549,0.0292,0.04027,3.16743,18.9708,0.65846,0.95173,0.0292,0.57241,1.17704,0.0292,0.71100,0.73263,0.0292,0.19271,2.66988,0.0292,0.00507,3.16549,0.0292,0.00507,3.16549,0.0292,0.00507,3.16549,0.0292,0.00507,3.16549,0.0292,0.00507,3.16549,0.0292
1,9,0,2,-1,-1,-1,-1,0.000,-1.0000,-1.0000,0.00499,2.17075,0.9389,0.01196,2.16723,21.9389,0.00499,2.17075,0.9389,0.00499,2.17075,0.9389,0.00499,2.17075,0.9389,0.00499,2.17075,0.9389,0.00499,2.17075,0.9389,0.00499,2.17075,0.9389,0.00499,2.17075,0.9389,0.00499,2.17075,0.9389,0.00499,2.17075,0.9389
1,9,1,2,0,0,1,1,0.000,0.0000,0.0893,0.90938,0.11028,0.3417,0.42897,0.60831,35.6583,0.90938,0.11028,0.3417,0.90938,0.11028,0.3417,0.90690,0.04388,0.3417,0.90938,0.11028,0.3417,0.90938,0.11028,0.3417,0.94728,0.07085,0.3417,0.94728,0.07085,0.3417,0.94728,0.07085,0.3417,0.94728,0.07085,0.3417
1,9,2,1,0,0,0,0,0.000,0.0000,1.2337,0.12699,1.80891,2.5836,0.17855,1.89776,33.5836,0.25374,1.22796,2.5836,0.25153,1.31783,2.5836,0.25256,1.13811,2.5836,0.25374,1.22796,2.5836,0.25374,1.22796,2.5836,0.74866,0.16982,7.4164,0.73597,0.15821,7.4164,0.74866,0.16982,7.4164,0.73597,0.15821,7.4164
1,9,4,2,0,-1,-1,-1,0.000,-1.0000,-1.0000,0.00623,3.16546,0.0292,0.04080,3.18116,18.9708,0.66544,0.95808,0.0292,0.59825,1.18307,0.0292,0.71347,0.73815,0.0292,0.19265,2.67221,0.0292,0.00623,3.16546,0.0292,0.00623,3.16546,0.0292,0.00623,3.16546,0.0292,0.00623,3.16546,0.0292,0.00623,3.16546,0.0292
1,10,0,1,-1,-1,-1,-1,0.000,-1.0000,-1.0000,0.00351,2.19045,1.0611,0.00770,2.19259,21.9389,0.00351,2.19045,1.0611,0.00351,2.19045,1.0611,0.00351,2.19045,1.0611,0.00351,2.19045,1.0611,0.00351,2.19045,1.0611,0.00351,2.19045,1.0611,0.00351,2.19045,1.0611,0.00351,2.19045,1.0611,0.00351,2.19045,1.0611
1,10,1,2,0,0,1,1,0.000,0.0000,0.1003,0.83848,0.28740,0.3417,0.42863,0.66076,35.6583,0.84010,0.28704,0.3417,0.83848,0.28740,0.3417,0.86262,0.21390,0.3417,0.84010,0.28704,0.3417,0.84010,0.28704,0.3417,0.94728,0.07085,0.3417,0.94728,0.07085,0.3417,0.94728,0.07085,0.3417,0.94728,0.07085,0.3417
1,10,2,1,0,0,0,0,0.000,0.0000,0.9588,0.05444,2.07992,10.4164,0.16032,1.97153,33.5836,0.68089,0.28646,10.4164,0.66026,0.42297,10.4164,0.62407,0.29405,10.4164,0.21163,1.47712,10.4164,0.68089,0.28646,10.4164,0.74866,0.16982,7.4164,0.73597,0.15821,7.4164,0.74866,0.16982,7.4164,0.73597,0.15821,7.4164
1,10,4,2,0,-1,-1,-1,0.000,-1.0000,-1.0000,0.00618,3.16501,0.0292,0.03052,3.18196,18.9708,0.65637,0.96040,0.0292,0.53140,1.18771,0.0292,0.70154,0.74264,0.0292,0.19021,2.68299,0.0292,0.00618,3.16501,0.0292,0.00618,3.16501,0.0292,0.00618,3.16501,0.0292,0.00618,3.16501,0.0292,0.00618,3.16501,0.0292
1,11,0,1,-1,-1,-1,-1,0.000,-1.0000,-1.0000,0.00329,2.62085,4.9389,0.00602,2.55109,21.9389,0.00329,2.62085,4.9389,0.00329,2.62085,4.9389,0.00329,2.62085,4.9389,0.00329,2.62085,4.9389,0.00329,2.62085,4.9389,0.00329,2.62085,4.9389,0.00329,2.62085,4.9389,0.00329,2.62085,4.9389,0.00329,2.62085,4.9389
1,11,1,2,0,0,1,1,0.000,0.0000,0.0428,0.81759,0.18586,0.3417,0.43147,0.61000,35.6583,0.81759,0.18586,0.3417,0.81759,0.18586,0.3417,0.82680,0.15398,0.3417,0.81759,0.18586,0.3417,0.81759,0.18586,0.3417,0.94728,0.07085,0.3417,0.94728,0.07085,0.3417,0.94728,0.07085,0.3417,0.94728,0.07085,0.3417
1,11,2,2,-1,0,0,0,0.000,0.0000,0.6093,0.59258,0.09888,11.4164,0.41704,0.55391,33.5836,0.59258,0.09888,11.4164,0.59258,0.09888,11.4164,0.59258,0.09888,11.4164,0.59258,0.09888,11.4164,0.59258,0.09888,11.4164,0.74866,0.16982,7.4164,0.73597,0.15821,7.4164,0.74866,0.16982,7.4164,0.73597,0.15821,7.4164
1,11,4,1,0,-1,-1,-1,0.000,-1.0000,-1.0000,0.00529,3.16662,1.0292,0.03000,3.14553,18.9708,0.65774,0.95516,1.0292,0.53222,1.18363,1.0292,0.70453,0.73561,1.0292,0.18786,2.67110,1.0292,0.00529,3.16662,1.0292,0.00529,3.16662,1.0292,0.00529,3.16662,1.0292,0.00529,3.16662,1.0292,0.00529,3.16662,1.0292
1,12,0,1,-1,-1,-1,-1,0.000,-1.0000,-1.0000,0.00413,2.52443,1.9389,0.01098,2.46021,21.9389,0.00413,2.52443,1.9389,0.00413,2.52443,1.9389,0.00413,2.52443,1.9389,0.00413,2.52443,1.9389,0.00413,2.52443,1.9389,0.00413,2.52443,1.9389,0.00413,2.52443,1.9389,0.00413,2.52443,1.9389,0.00413,2.52443,1.9389
1,12,1,2,-1,0,1,1,0.000,0.0000,0.1310,0.59259,0.30387,13.6583,0.42319,0.61141,35.6583,0.59259,0.30387,13.6583,0.59259,0.30387,13.6583,0.59259,0.30387,13.6583,0.59259,0.30387,13.6583,0.59259,0.30387,13.6583,0.94728,0.07085,0.3417,0.94728,0.07085,0.3417,0.94728,0.07085,0.3417,0.94728,0.07085,0.3417
1,12,2,2,-1,0,0,0,0.000,0.0000,0.3775,0.55368,0.30613,17.4164,0.45677,0.58939,33.5836,0.55368,0.30613,17.4164,0.55368,0.30613,17.4164,0.55368,0.30613,17.4164,0.55368,0.30613,17.4164,0.54668,0.03586,17.4164,0.74866,0.16982,7.4164,0.73597,0.15821,7.4164,0.74866,0.16982,7.4164,0.73597,0.15821,7.4164
1,12,4,1,0,-1,-1,-1,0.000,-1.0000,-1.0000,0.00561,3.16897,1.0292,0.02506,3.17335,18.9708,0.53157,0.99711,1.0292,0.46896,1.21351,1.0292,0.59176,0.78556,1.0292,0.20064,2.32017,1.0292,0.00561,3.16897,1.0292,0.00561,3.16897,1.0292,0.00561,3.16897,1.0292,0.00561,3.16897,1.0292,0.00561,3.16897,1.0292
1,13,0,1,-1,-1,-1,-1,0.000,-1.0000,-1.0000,0.00856,2.14208,0.9389,0.03325,2.13471,21.9389,0.00856,2.14208,0.9389,0.00856,2.14208,0.9389,0.00856,2.14208,0.9389,0.00856,2.14208,0.9389,0.00856,2.14208,0.9389,0.00856,2.14208,0.9389,0.00856,2.14208,0.9389,0.00856,2.14208,0.9389,0.00856,2.14208,0.9389
1,13,1,2,0,0,1,1,0.000,0.0000,0.0971,0.82084,0.19242,2.3417,0.42674,0.65595,35.6583,0.82084,0.19242,2.3417,0.82084,0.19242,2.3417,0.89000,0.05395,2.3417,0.82084,0.19242,2.3417,0.82084,0.19242,2.3417,0.94728,0.07085,0.3417,0.94728,0.07085,0.3417,0.94728,0.07085,0.3417,0.94728,0.07085,0.3417
1,13,2,2,-1,0,0,0,0.000,0.0000,0.2126,0.58368,0.31227,16.4164,0.40634,0.77042,33.5836,0.58368,0.31227,16.4164,0.58368,0.31227,16.4164,0.58368,0.31227,16.4164,0.58368,0.31227,16.4164,0.58219,0.01442,16.4164,0.73145,0.09093,7.4164,0.71871,0.06678,7.4164,0.73145,0.09093,7.4164,0.71871,0.06678,7.4164
1,13,4,1,0,-1,-1,-1,0.000,-1.0000,-1.0000,0.00614,3.17397,2.0292,0.02381,3.16638,18.9708,0.47939,1.03783,2.0292,0.42370,1.24682,2.0292,0.53271,0.83717,2.0292,0.20083,2.33681,2.0292,0.00614,3.17397,2.0292,0.00614,3.17397,2.0292,0.00614,3.17397,2.0292,0.00614,3.17397,2.0292,0.00614,3.17397,2.0292
1,14,0,2,0,0,4,4,0.000,0.0000,4.4566,0.04226,2.21904,11.0611,0.13259,1.99767,21.9389,0.63969,0.39581,11.0611,0.60416,0.57410,11.0611,0.60871,0.29153,11.0611,0.18150,1.64711,11.0611,0.63969,0.39581,11.0611,0.00417,2.17227,1.0611,0.23452,1.06839,1.0611,0.00417,2.17227,1.0611,0.23452,1.06839,1.0611
1,14,1,2,0,0,1,1,0.000,0.0000,0.0497,0.87361,0.13821,0.3417,0.42534,0.62159,35.6583,0.87361,0.13821,0.3417,0.87361,0.13821,0.3417,0.88654,0.08885,0.3417,0.87361,0.13821,0.3417,0.87361,0.13821,0.3417,0.94615,0.07357,0.3417,0.94615,0.07357,0.3417,0.94615,0.07357,0.3417,0.94615,0.07357,0.3417
1,14,2,2,0,0,0,0,0.000,0.0000,0.0745,0.83801,0.19346,2.4164,0.38323,0.82227,33.5836,0.83389,0.01782,2.4164,0.83801,0.19346,2.4164,0.75811,0.23701,2.4164,0.83389,0.01782,2.4164,0.83389,0.01782,2.4164,0.71952,0.07670,7.4164,0.70697,0.04556,7.4164,0.71952,0.07670,7.4164,0.70697,0.04556,7.4164
1,14,4,1,-1,-1,-1,-1,0.000,-1.0000,-1.0000,0.00424,3.18736,0.0292,0.01931,3.18669,18.9708,0.00424,3.18736,0.0292,0.00424,3.18736,0.0292,0.00424,3.18736,0.0292,0.00424,3.18736,0.0292,0.00424,3.18736,0.0292,0.00424,3.18736,0.0292,0.00424,3.18736,0.0292,0.00424,3.18736,0.0292,0.00424,3.18736,0.0292
1,15,0,2,0,0,4,4,0.000,0.0000,4.3908,0.65330,0.58534,3.0611,0.52124,0.61802,21.9389,0.80713,0.07628,3.0611,0.79340,0.20021,3.0611,0.73296,0.27014,3.0611,0.80713,0.07628,3.0611,0.80713,0.07628,3.0611,0.00417,2.17227,1.0611,0.23452,1.06839,1.0611,0.00417,2.17227,1.0611,0.23452,1.06839,1.0611
1,15,1,2,0,0,1,1,0.000,0.0000,0.0882,0.85956,0.25962,0.3417,0.42437,0.66880,35.6583,0.85956,0.25962,0.3417,0.85956,0.25962,0.3417,0.88132,0.16083,0.3417,0.85956,0.25962,0.3417,0.85956,0.25962,0.3417,0.94615,0.07357,0.3417,0.94615,0.07357,0.3417,0.94615,0.07357,0.3417,0.94615,0.07357,0.3417
1,15,2,2,0,0,0,0,0.000,0.0000,0.0251,0.84053,0.14713,3.5836,0.49547,0.31140,33.5836,0.81842,0.07866,3.5836,0.84053,0.14713,3.5836,0.74453,0.17428,3.5836,0.81842,0.07866,3.5836,0.81842,0.07866,3.5836,0.71952,0.07670,7.4164,0.70697,0.04556,7.4164,0.71952,0.07670,7.4164,0.70697,0.04556,7.4164
1,15,4,1,-1,-1,-1,-1,0.000,-1.0000,-1.0000,0.00417,3.18737,0.9708,0.01508,3.19166,18.9708,0.00417,3.18737,0.9708,0.00417,3.18737,0.9708,0.00417,3.18737,0.9708,0.00417,3.18737,0.9708,0.00417,3.18737,0.9708,0.00417,3.18737,0.9708,0.00417,3.18737,0.9708,0.00417,3.18737,0.9708,0.00417,3.18737,0.9708
1,16,0,2,0,0,4,4,0.000,0.0000,4.0754,0.87409,0.10258,0.0611,0.53459,0.14734,21.9389,0.83858,0.12102,0.0611,0.87409,0.10258,0.0611,0.73599,0.30903,0.0611,0.83858,0.12102,0.0611,0.83858,0.12102,0.0611,0.06459,2.00378,0.0611,0.88604,0.09335,0.0611,0.06459,2.00378,0.0611,0.88604,0.09335,0.0611
1,16,1,2,0,0,1,1,0.000,0.0000,0.0400,0.91287,0.11853,0.3417,0.42942,0.61101,35.6583,0.91287,0.11853,0.3417,0.91287,0.11853,0.3417,0.90690,0.04284,0.3417,0.91287,0.11853,0.3417,0.91287,0.11853,0.3417,0.94615,0.07357,0.3417,0.94615,0.07357,0.3417,0.94615,0.07357,0.3417,0.94615,0.07357,0.3417
1,16,2,2,-1,0,0,0,0.000,0.0000,0.2008,0.78130,0.23715,0.5836,0.47031,0.56379,33.5836,0.78130,0.23715,0.5836,0.78130,0.23715,0.5836,0.78130,0.23715,0.5836,0.78130,0.23715,0.5836,0.72451,0.28442,0.5836,0.71447,0.07294,7.4164,0.70200,0.03889,7.4164,0.71447,0.07294,7.4164,0.70200,0.03889,7.4164
1,16,4,1,-1,-1,-1,-1,0.000,-1.0000,-1.0000,0.00239,3.20402,2.0292,0.01045,3.19541,18.9708,0.00239,3.20402,2.0292,0.00239,3.20402,2.0292,0.00239,3.20402,2.0292,0.00239,3.20402,2.0292,0.00239,3.20402,2.0292,0.00239,3.20402,2.0292,0.00239,3.20402,2.0292,0.00239,3.20402,2.0292,0.00239,3.20402,2.0292
1,17,0,2,0,0,4,4,0.000,0.0000,3.6348,0.85471,0.10956,0.9389,0.53439,0.21514,21.9389,0.82136,0.14529,0.9389,0.85471,0.10956,0.9389,0.73599,0.33316,0.9389,0.82136,0.14529,0.9389,0.82136,0.14529,0.9389,0.72864,0.53605,0.9389,0.89055,0.07005,0.9389,0.72864,0.53605,0.9389,0.89055,0.07005,0.9389
1,17,1,2,0,0,1,1,0.000,0.0000,0.0572,0.86053,0.12980,1.3417,0.42800,0.54629,35.6583,0.86053,0.12980,1.3417,0.86053,0.12980,1.3417,0.84540,0.13151,1.3417,0.86053,0.12980,1.3417,0.86053,0.12980,1.3417,0.94968,0.06510,0.3417,0.94968,0.06510,0.3417,0.94968,0.06510,0.3417,0.94968,0.06510,0.3417
1,17,2,2,-1,0,0,0,0.000,0.0000,0.3208,0.78185,0.23149,0.5836,0.39254,0.78672,33.5836,0.78185,0.23149,0.5836,0.78185,0.23149,0.5836,0.78185,0.23149,0.5836,0.78185,0.23149,0.5836,0.72937,0.27047,0.5836,0.71434,0.07286,7.4164,0.70187,0.03874,7.4164,0.71434,0.07286,7.4164,0.70187,0.03874,7.4164
1,17,4,2,-1,-1,-1,-1,0.000,-1.0000,-1.0000,0.00308,3.21086,2.0292,0.00654,3.22918,18.9708,0.00308,3.21086,2.0292,0.00308,3.21086,2.0292,0.00308,3.21086,2.0292,0.00308,3.21086,2.0292,0.00308,3.21086,2.0292,0.00308,3.21086,2.0292,0.00308,3.21086,2.0292,0.00308,3.21086,2.0292,0.00308,3.21086,2.0292
1,18,0,2,0,0,4,4,0.000,0.0000,3.1451,0.83489,0.12149,0.0611,0.54175,0.27784,21.9389,0.79094,0.16702,0.0611,0.83489,0.12149,0.0611,0.71903,0.36156,0.0611,0.79094,0.16702,0.0611,0.79094,0.16702,0.0611,0.93529,0.06754,0.9389,0.89055,0.06959,0.9389,0.93529,0.06754,0.9389,0.89055,0.06959,0.9389
1,18,1,2,0,0,1,1,0.000,0.0000,0.0435,0.91524,0.15691,0.3417,0.41999,0.67039,35.6583,0.91524,0.15691,0.3417,0.91524,0.15691,0.3417,0.90690,0.04430,0.3417,0.91524,0.15691,0.3417,0.91524,0.15691,0.3417,0.94968,0.06510,0.3417,0.94968,0.06510,0.3417,0.94968,0.06510,0.3417,0.94968,0.06510,0.3417
1,18,2,2,-1,0,0,0,0.000,0.0000,0.7269,0.27977,1.22273,27.5837,0.30491,1.19582,33.5836,0.27977,1.22273,27.5837,0.27977,1.22273,27.5837,0.27977,1.22273,27.5837,0.27977,1.22273,27.5837,0.27853,1.22275,27.5837,0.71393,0.07404,7.4164,0.70187,0.04065,7.4164,0.71393,0.07404,7.4164,0.70187,0.04065,7.4164
1,19,0,1,0,0,4,4,0.000,0.0000,2.6656,0.77093,0.18727,3.9389,0.49849,0.26781,21.9389,0.77093,0.18727,3.9389,0.77093,0.18727,3.9389,0.73088,0.18724,3.9389,0.77093,0.18727,3.9389,0.77093,0.18727,3.9389,0.93317,0.01908,1.0611,0.89055,0.02009,1.0611,0.93317,0.01908,1.0611,0.89055,0.02009,1.0611
1,19,1,2,-1,1,1,1,0.000,0.0000,0.7880,0.29426,1.33059,19.3417,0.32993,0.95818,35.6583,0.29426,1.33059,19.3417,0.29426,1.33059,19.3417,0.29426,1.33059,19.3417,0.29426,1.33059,19.3417,0.28081,1.46322,19.3417,0.92558,0.07818,0.3417,0.92558,0.07818,0.3417,0.92558,0.07818,0.3417,0.92558,0.07818,0.3417
1,20,0,1,0,0,4,4,0.000,0.0000,2.1970,0.86074,0.19350,0.9389,0.50977,0.31075,21.9389,0.86074,0.19350,0.9389,0.86074,0.19350,0.9389,0.73599,0.19656,0.9389,0.86074,0.19350,0.9389,0.86074,0.19350,0.9389,0.93162,0.01906,1.0611,0.89055,0.01959,1.0611,0.93162,0.01906,1.0611,0.89055,0.01959,1.0611
1,20,1,2,-1,1,1,1,0.000,0.0000,0.5611,0.51005,0.93214,10.6583,0.35559,1.24219,35.6583,0.51005,0.93214,10.6583,0.51005,0.93214,10.6583,0.51005,0.93214,10.6583,0.51005,0.93214,10.6583,0.57698,0.33233,10.6583,0.86835,0.15401,1.6583,0.86835,0.15401,1.6583,0.86835,0.15401,1.6583,0.86835,0.15401,1.6583
1,20,2,2,0,0,0,0,0.000,0.0000,0.8200,0.73076,0.40016,1.5836,0.37613,0.86540,33.5836,0.57179,1.07202,1.5836,0.62330,0.84728,1.5836,0.52045,1.29620,1.5836,0.57179,1.07202,1.5836,0.57179,1.07202,1.5836,0.71393,0.07404,7.4164,0.70187,0.04065,7.4164,0.71393,0.07404,7.4164,0.70187,0.04065,7.4164
1,20,4,2,-1,-1,-1,-1,0.000,-1.0000,-1.0000,0.03170,3.00772,0.9708,0.03483,3.02573,18.9708,0.03170,3.00772,0.9708,0.03170,3.00772,0.9708,0.03170,3.00772,0.9708,0.03170,3.00772,0.9708,0.03170,3.00772,0.9708,0.03170,3.00772,0.9708,0.03170,3.00772,0.9708,0.03170,3.00772,0.9708,0.03170,3.00772,0.9708
1,21,0,1,0,0,4,4,0.000,0.0000,1.6442,0.92824,0.05750,0.0611,0.56222,0.29001,21.9389,0.89055,0.02034,0.0611,0.92824,0.05750,0.0611,0.73599,0.07062,0.0611,0.89055,0.02034,0.0611,0.89055,0.02034,0.0611,0.94195,0.00891,0.0611,0.89055,0.01529,0.0611,0.94195,0.00891,0.0611,0.89055,0.01529,0.0611
1,21,1,1,-1,0,1,1,0.000,0.0000,1.1963,0.27653,1.63824,3.6583,0.17219,2.00150,35.6583,0.27653,1.63824,3.6583,0.27653,1.63824,3.6583,0.27653,1.63824,3.6583,0.27653,1.63824,3.6583,0.27653,1.63824,3.6583,0.86835,0.15401,1.6583,0.86835,0.15401,1.6583,0.86835,0.15401,1.6583,0.86835,0.15401,1.6583
1,21,2,2,0,0,0,0,0.000,0.0000,0.7348,0.39936,0.55286,0.5836,0.31946,0.92297,33.5836,0.78785,0.37809,0.5836,0.78180,0.21325,0.5836,0.71342,0.59824,0.5836,0.78785,0.37809,0.5836,0.78785,0.37809,0.5836,0.71393,0.07404,7.4164,0.70187,0.04064,7.4164,0.71393,0.07404,7.4164,0.70187,0.04064,7.4164
1,21,4,2,-1,-1,-1,-1,0.000,-1.0000,-1.0000,0.02795,3.06915,0.0292,0.03997,3.06926,18.9708,0.02795,3.06915,0.0292,0.02795,3.06915,0.0292,0.02795,3.06915,0.0292,0.02795,3.06915,0.0292,0.02795,3.06915,0.0292,0.02795,3.06915,0.0292,0.02795,3.06915,0.0292,0.02795,3.06915,0.0292,0.02795,3.06915,0.0292
1,22,0,1,0,0,4,4,0.000,0.0000,1.0843,0.51731,0.47206,3.0611,0.51585,0.50755,21.9389,0.78602,0.24335,3.0611,0.70726,0.30106,3.0611,0.73566,0.20975,3.0611,0.78602,0.24335,3.0611,0.78602,0.24335,3.0611,0.93909,0.01001,0.0611,0.89055,0.01123,0.0611,0.93909,0.01001,0.0611,0.89055,0.01123,0.0611
1,22,1,1,0,0,1,1,0.000,0.0000,0.7212,0.02219,2.37868,2.6583,0.10923,2.34526,35.6583,0.83057,0.22962,2.6583,0.75264,0.45435,2.6583,0.87673,0.01627,2.6583,0.23027,1.57916,2.6583,0.83057,0.22962,2.6583,0.85901,0.15416,1.6583,0.85901,0.15416,1.6583,0.85901,0.15416,1.6583,0.85901,0.15416,1.6583
1,22,2,2,0,0,0,0,0.000,0.0000,0.5638,0.08985,0.85626,0.5836,0.35727,0.88363,33.5836,0.85176,0.19688,0.5836,0.82785,0.15510,0.5836,0.76772,0.41229,0.5836,0.85176,0.19688,0.5836,0.85176,0.19688,0.5836,0.71393,0.07404,7.4164,0.70187,0.04064,7.4164,0.71393,0.07404,7.4164,0.70187,0.04064,7.4164
1,22,4,2,0,1,3,3,0.000,0.0000,0.1873,0.06415,2.96345,4.0292,0.08619,2.94905,18.9708,0.61889,1.02805,4.0292,0.51883,1.24595,4.0292,0.64981,0.82390,4.0292,0.18738,2.79169,4.0292,0.74449,0.35156,4.0292,0.00708,3.15586,0.0292,0.78737,0.26514,0.0292,0.00708,3.15586,0.0292,0.78737,0.26514,0.0292
1,23,0,1,0,0,4,4,0.000,0.0000,0.9208,0.48425,0.58226,22.0611,0.38440,0.85496,21.9389,0.48425,0.58226,22.0611,0.48425,0.58226,22.0611,0.45629,0.58226,22.0611,0.48425,0.58226,22.0611,0.48425,0.58226,22.0611,0.88814,0.03448,2.0611,0.85312,0.03448,2.0611,0.88814,0.03448,2.0611,0.85312,0.03448,2.0611
1,23,1,1,0,0,1,1,0.000,0.0000,0.3636,0.01571,2.38471,0.6583,0.09285,2.37899,35.6583,0.89681,0.20743,0.6583,0.80863,0.43193,0.6583,0.90690,0.02723,0.6583,0.23414,1.55659,0.6583,0.89681,0.20743,0.6583,0.85901,0.15416,1.6583,0.85901,0.15416,1.6583,0.85901,0.15416,1.6583,0.85901,0.15416,1.6583
1,23,2,2,0,0,0,0,0.000,0.0000,0.4332,0.24154,0.71341,0.5836,0.36741,0.86872,33.5836,0.84470,0.19075,0.5836,0.81111,0.16820,0.5836,0.76772,0.40241,0.5836,0.84470,0.19075,0.5836,0.84470,0.19075,0.5836,0.71393,0.07404,7.4164,0.70187,0.04065,7.4164,0.71393,0.07404,7.4164,0.70187,0.04065,7.4164
1,23,4,2,0,1,3,3,0.000,0.0000,0.1050,0.38173,1.92913,0.0292,0.27459,2.08085,18.9708,0.67113,0.96993,0.0292,0.60330,1.19481,0.0292,0.74777,0.74467,0.0292,0.67113,0.96993,0.0292,0.89489,0.22193,0.0292,0.00721,3.15999,1.0292,0.74577,0.30951,1.0292,0.00721,3.15999,1.0292,0.74577,0.30951,1.0292
1,24,0,2,-1,0,4,4,0.000,0.0000,0.6336,0.20212,2.01700,10.0611,0.24649,2.14179,21.9389,0.20212,2.01700,10.0611,0.20212,2.01700,10.0611,0.20212,2.01700,10.0611,0.20212,2.01700,10.0611,0.20212,2.01700,10.0611,0.86099,0.09991,2.0611,0.85107,0.12579,2.0611,0.86099,0.09991,2.0611,0.85107,0.12579,2.0611
1,24,1,2,0,0,1,1,0.000,0.0000,0.0942,0.68486,0.73760,0.6583,0.30455,1.31282,35.6583,0.89348,0.20763,0.6583,0.80560,0.43233,0.6583,0.90690,0.03039,0.6583,0.89348,0.20763,0.6583,0.89348,0.20763,0.6583,0.85901,0.15416,1.6583,0.85901,0.15416,1.6583,0.85901,0.15416,1.6583,0.85901,0.15416,1.6583
1,24,2,2,0,0,0,0,0.000,0.0000,0.3171,0.82935,0.14080,1.4164,0.39523,0.81447,33.5836,0.78678,0.17881,1.4164,0.83473,0.13136,1.4164,0.71527,0.38463,1.4164,0.78678,0.17881,1.4164,0.78678,0.17881,1.4164,0.71393,0.07404,7.4164,0.70187,0.04065,7.4164,0.71393,0.07404,7.4164,0.70187,0.04065,7.4164
1,24,4,2,0,1,3,3,0.000,0.0000,0.0375,0.56407,1.28807,0.9708,0.31482,1.59560,18.9708,0.65350,0.97156,0.9708,0.59027,1.19589,0.9708,0.74501,0.74359,0.9708,0.65350,0.97156,0.9708,0.89250,0.21889,0.9708,0.08568,2.90645,0.0292,0.89578,0.21915,0.0292,0.08568,2.90645,0.0292,0.89578,0.21915,0.0292
1,25,0,2,-1,0,4,4,0.000,0.0000,0.4021,0.60898,0.18404,16.0611,0.51476,0.31112,21.9389,0.60898,0.18404,16.0611,0.60898,0.18404,16.0611,0.60898,0.18404,16.0611,0.60898,0.18404,16.0611,0.60751,0.18404,16.0611,0.85005,0.10158,2.0611,0.84026,0.12711,2.0611,0.85005,0.10158,2.0611,0.84026,0.12711,2.0611
1,25,1,2,0,0,1,1,0.000,0.0000,0.0610,0.85672,0.12140,0.6583,0.42917,0.61119,35.6583,0.85672,0.12140,0.6583,0.85672,0.12140,0.6583,0.84046,0.13442,0.6583,0.85672,0.12140,0.6583,0.85672,0.12140,0.6583,0.85901,0.15416,1.6583,0.85901,0.15416,1.6583,0.85901,0.15416,1.6583,0.85901,0.15416,1.6583
1,25,2,2,0,0,0,0,0.000,0.0000,0.1544,0.81597,0.29549,1.4164,0.38659,0.82207,33.5836,0.83574,0.24968,1.4164,0.81597,0.29549,1.4164,0.76772,0.01610,1.4164,0.83574,0.24968,1.4164,0.83574,0.24968,1.4164,0.71194,0.07986,7.4164,0.70187,0.05078,7.4164,0.71194,0.07986,7.4164,0.70187,0.05078,7.4164
1,25,4,2,-1,1,3,3,0.000,0.0000,0.0880,0.77170,0.25364,1.0292,0.33580,0.97749,18.9708,0.77170,0.25364,1.0292,0.77170,0.25364,1.0292,0.77170,0.25364,1.0292,0.77170,0.25364,1.0292,0.77170,0.25364,1.0292,0.29863,2.20131,0.0292,0.89578,0.21886,0.0292,0.29863,2.20131,0.0292,0.89578,0.21886,0.0292
1,26,0,2,-1,0,4,4,0.000,0.0000,0.2405,0.57105,0.28982,19.0611,0.49548,0.39243,21.9389,0.57105,0.28982,19.0611,0.57105,0.28982,19.0611,0.57105,0.28982,19.0611,0.57105,0.28982,19.0611,0.57105,0.28982,19.0611,0.80770,0.11099,2.0611,0.80223,0.12354,2.0611,0.80770,0.11099,2.0611,0.80223,0.12354,2.0611
1,26,1,1,-1,0,1,1,0.000,0.0000,0.1308,0.82651,0.08850,4.6583,0.47072,0.42627,35.6583,0.82651,0.08850,4.6583,0.82651,0.08850,4.6583,0.82651,0.08850,4.6583,0.82651,0.08850,4.6583,0.82651,0.08850,4.6583,0.89511,0.14502,0.3417,0.89511,0.14502,0.3417,0.89511,0.14502,0.3417,0.89511,0.14502,0.3417
1,26,2,2,0,0,0,0,0.000,0.0000,0.1721,0.87215,0.13004,0.5836,0.39003,0.81481,33.5836,0.84672,0.18357,0.5836,0.89253,0.09656,0.5836,0.76772,0.39570,0.5836,0.84672,0.18357,0.5836,0.84672,0.18357,0.5836,0.71194,0.07986,7.4164,0.70187,0.05078,7.4164,0.71194,0.07986,7.4164,0.70187,0.05078,7.4164
1,26,4,2,-1,1,3,3,0.000,0.0000,0.1034,0.70727,0.35071,0.0292,0.49688,0.58474,18.9708,0.70727,0.35071,0.0292,0.70727,0.35071,0.0292,0.70727,0.35071,0.0292,0.70727,0.35071,0.0292,0.70727,0.35071,0.0292,0.30910,2.17219,0.0292,0.89578,0.21886,0.0292,0.30910,2.17219,0.0292,0.89578,0.21886,0.0292
1,27,0,2,-1,0,4,4,0.000,0.0000,0.9007,0.45701,1.41590,0.9389,0.30047,1.13698,21.9389,0.45701,1.41590,0.9389,0.45701,1.41590,0.9389,0.45701,1.41590,0.9389,0.45701,1.41590,0.9389,0.45701,1.41590,0.9389,0.80770,0.11099,2.0611,0.80223,0.12354,2.0611,0.80770,0.11099,2.0611,0.80223,0.12354,2.0611
1,27,1,1,0,0,1,1,0.000,0.0000,0.1879,0.85211,0.09932,3.6583,0.43904,0.65449,35.6583,0.85211,0.09932,3.6583,0.85211,0.09932,3.6583,0.83942,0.09932,3.6583,0.85211,0.09932,3.6583,0.85211,0.09932,3.6583,0.88286,0.11510,0.6583,0.88286,0.11510,0.6583,0.88286,0.11510,0.6583,0.88286,0.11510,0.6583
1,27,2,2,0,0,0,0,0.000,0.0000,0.1795,0.83845,0.14345,0.5836,0.39793,0.78632,33.5836,0.85268,0.16905,0.5836,0.83844,0.14346,0.5836,0.76772,0.38317,0.5836,0.85268,0.16905,0.5836,0.85268,0.16905,0.5836,0.71194,0.07986,7.4164,0.70187,0.05078,7.4164,0.71194,0.07986,7.4164,0.70187,0.05078,7.4164
1,27,4,2,-1,1,3,3,0.000,0.0000,0.2833,0.61478,0.52006,1.0292,0.51419,0.48600,18.9708,0.61478,0.52006,1.0292,0.61478,0.52006,1.0292,0.61478,0.52006,1.0292,0.61478,0.52006,1.0292,0.61478,0.52006,1.0292,0.58939,1.29417,0.0292,0.89578,0.21780,0.0292,0.58939,1.29417,0.0292,0.89578,0.21780,0.0292
1,28,0,2,-1,0,4,4,0.000,0.0000,0.3704,0.42868,0.53146,37.9389,0.50014,0.38245,21.9389,0.42868,0.53146,37.9389,0.42868,0.53146,37.9389,0.42868,0.53146,37.9389,0.42868,0.53146,37.9389,0.37527,0.53146,37.9389,0.74521,0.13921,3.0611,0.74443,0.14072,3.0611,0.74521,0.13921,3.0611,0.74443,0.14072,3.0611
1,28,1,1,-1,0,1,1,0.000,0.0000,1.5524,0.22401,2.46514,2.6583,0.16394,2.30763,35.6583,0.22401,2.46514,2.6583,0.22401,2.46514,2.6583,0.22401,2.46514,2.6583,0.22401,2.46514,2.6583,0.22401,2.46514,2.6583,0.87695,0.08106,0.6583,0.87695,0.08106,0.6583,0.87695,0.08106,0.6583,0.87695,0.08106,0.6583
1,28,2,2,0,0,0,0,0.000,0.0000,0.1840,0.93792,0.05414,0.4164,0.40624,0.76573,33.5836,0.86644,0.17880,0.4164,0.93792,0.05414,0.4164,0.76772,0.39886,0.4164,0.86644,0.17880,0.4164,0.86644,0.17880,0.4164,0.71194,0.07986,7.4164,0.70187,0.05078,7.4164,0.71194,0.07986,7.4164,0.70187,0.05078,7.4164
1,28,4,2,-1,1,3,3,0.000,0.0000,0.1424,0.59067,0.31662,11.0292,0.33828,0.96845,18.9708,0.59067,0.31662,11.0292,0.59067,0.31662,11.0292,0.59067,0.31662,11.0292,0.59067,0.31662,11.0292,0.59067,0.31662,11.0292,0.89177,0.30574,0.0292,0.89578,0.21712,0.0292,0.89177,0.30574,0.0292,0.89578,0.21712,0.0292
1,29,0,2,0,0,4,4,0.000,0.0000,0.2440,0.67418,0.26358,12.0611,0.51389,0.37180,21.9389,0.66342,0.25831,12.0611,0.67418,0.26358,12.0611,0.60634,0.34307,12.0611,0.66342,0.25831,12.0611,0.66342,0.25831,12.0611,0.58603,0.08754,13.0611,0.58603,0.08754,13.0611,0.58603,0.08754,13.0611,0.58603,0.08754,13.0611
1,29,1,1,0,0,1,1,0.000,0.0000,1.0730,0.95878,0.03312,0.3417,0.44213,0.09980,35.6583,0.95878,0.03312,0.3417,0.95878,0.03312,0.3417,0.90690,0.00718,0.3417,0.95878,0.03312,0.3417,0.95878,0.03312,0.3417,0.87695,0.08106,0.6583,0.87695,0.08106,0.6583,0.87695,0.08106,0.6583,0.87695,0.08106,0.6583
1,29,2,2,0,0,0,0,0.000,0.0000,0.1735,0.85512,0.12819,0.5836,0.40718,0.75198,33.5836,0.85551,0.12700,0.5836,0.85512,0.12819,0.5836,0.76772,0.33879,0.5836,0.85551,0.12700,0.5836,0.85551,0.12700,0.5836,0.71194,0.07986,7.4164,0.70187,0.05078,7.4164,0.71194,0.07986,7.4164,0.70187,0.05078,7.4164
1,29,4,2,-1,1,3,3,0.000,0.0000,0.3463,0.54610,0.59756,6.9708,0.32435,1.05960,18.9708,0.54610,0.59756,6.9708,0.54610,0.59756,6.9708,0.54610,0.59756,6.9708,0.54610,0.59756,6.9708,0.54610,0.59756,6.9708,0.88619,0.20531,0.9708,0.89517,0.19892,0.9708,0.88619,0.20531,0.9708,0.89517,0.19892,0.9708
1,30,0,2,0,0,4,4,0.000,0.0000,0.1544,0.84354,0.14184,1.0611,0.50418,0.37644,21.9389,0.81272,0.16259,1.0611,0.84354,0.14184,1.0611,0.73585,0.33904,1.0611,0.81272,0.16259,1.0611,0.81272,0.16259,1.0611,0.58603,0.08754,13.0611,0.58603,0.08754,13.0611,0.58603,0.08754,13.0611,0.58603,0.08754,13.0611
1,30,1,1,-1,0,1,1,0.000,0.0000,0.6545,0.81620,0.09020,0.6583,0.41782,0.48390,35.6583,0.81620,0.09020,0.6583,0.81620,0.09020,0.6583,0.81620,0.09020,0.6583,0.81620,0.09020,0.6583,0.81620,0.09020,0.6583,0.87695,0.08106,0.6583,0.87695,0.08106,0.6583,0.87695,0.08106,0.6583,0.87695,0.08106,0.6583
1,30,2,2,0,0,0,0,0.000,0.0000,0.1558,0.87404,0.11108,0.5836,0.39957,0.77870,33.5836,0.85566,0.14574,0.5836,0.87404,0.11108,0.5836,0.76772,0.35961,0.5836,0.85566,0.14574,0.5836,0.85566,0.14574,0.5836,0.71194,0.07986,7.4164,0.70187,0.05078,7.4164,0.71194,0.07986,7.4164,0.70187,0.05078,7.4164
1,30,4,2,-1,1,3,3,0.000,0.0000,0.6260,0.49605,0.62041,10.9708,0.35896,0.91614,18.9708,0.49605,0.62041,10.9708,0.49605,0.62041,10.9708,0.49605,0.62041,10.9708,0.49605,0.62041,10.9708,0.52595,0.57938,10.9708,0.90324,0.12896,0.9708,0.91299,0.11934,0.9708,0.90324,0.12896,0.9708,0.91299,0.11934,0.9708
1,31,0,2,0,0,4,4,0.000,0.0000,0.1362,0.79619,0.19709,0.0611,0.51724,0.35652,21.9389,0.76542,0.21255,0.0611,0.79619,0.19709,0.0611,0.69584,0.37287,0.0611,0.76542,0.21255,0.0611,0.76542,0.21255,0.0611,0.58603,0.08754,13.0611,0.58603,0.08754,13.0611,0.58603,0.08754,13.0611,0.58603,0.08754,13.0611
1,31,1,1,0,0,1,1,0.000,0.0000,0.3364,0.74005,0.24161,1.3417,0.44785,0.29317,35.6583,0.78573,0.19372,1.3417,0.74005,0.24162,1.3417,0.86731,0.10934,1.3417,0.78573,0.19372,1.3417,0.78573,0.19372,1.3417,0.87695,0.08106,0.6583,0.87695,0.08106,0.6583,0.87695,0.08106,0.6583,0.87695,0.08106,0.6583
1,31,2,2,0,0,0,0,0.000,0.0000,0.1438,0.89261,0.11216,0.4164,0.39468,0.79242,33.5836,0.86224,0.12592,0.4164,0.89261,0.11216,0.4164,0.76772,0.34197,0.4164,0.86224,0.12592,0.4164,0.86224,0.12592,0.4164,0.71194,0.07986,7.4164,0.70187,0.05078,7.4164,0.71194,0.07986,7.4164,0.70187,0.05078,7.4164
1,31,4,2,-1,1,3,3,0.000,0.0000,0.3362,0.68718,0.29772,3.0292,0.36815,0.92962,18.9708,0.68718,0.29772,3.0292,0.68718,0.29772,3.0292,0.68718,0.29772,3.0292,0.68718,0.29772,3.0292,0.68718,0.29772,3.0292,0.89728,0.14957,1.0292,0.89728,0.14957,1.0292,0.89728,0.14957,1.0292,0.89728,0.14957,1.0292
1,32,0,2,0,0,4,4,0.000,0.0000,0.0923,0.92502,0.05770,0.0611,0.52330,0.27929,21.9389,0.88579,0.11467,0.0611,0.92502,0.05770,0.0611,0.73599,0.32935,0.0611,0.88579,0.11467,0.0611,0.88579,0.11467,0.0611,0.58603,0.08754,13.0611,0.58603,0.08754,13.0611,0.58603,0.08754,13.0611,0.58603,0.08754,13.0611
1,32,1,2,-1,0,1,1,0.000,0.0000,0.0786,0.81521,0.20127,0.3417,0.45857,0.36459,35.6583,0.81521,0.20127,0.3417,0.81521,0.20127,0.3417,0.81521,0.20127,0.3417,0.81521,0.20127,0.3417,0.81521,0.20127,0.3417,0.77339,0.14555,1.6583,0.77339,0.14555,1.6583,0.77339,0.14555,1.6583,0.77339,0.14555,1.6583
1,32,2,2,0,0,0,0,0.000,0.0000,0.1416,0.90151,0.14898,0.4164,0.38686,0.81312,33.5836,0.88217,0.11094,0.4164,0.91449,0.12158,0.4164,0.76772,0.33429,0.4164,0.88217,0.11094,0.4164,0.88217,0.11094,0.4164,0.71194,0.07986,7.4164,0.70187,0.05078,7.4164,0.71194,0.07986,7.4164,0.70187,0.05078,7.4164
1,32,4,2,1,1,3,3,0.000,0.0000,0.6286,0.40418,0.79206,13.9708,0.35747,0.92477,18.9708,0.44821,0.73098,13.9708,0.40418,0.79206,13.9708,0.50422,0.63012,13.9708,0.44821,0.73098,13.9708,0.44821,0.73098,13.9708,0.90162,0.12883,1.0292,0.90162,0.12883,1.0292,0.90162,0.12883,1.0292,0.90162,0.12883,1.0292
1,33,0,2,0,0,4,4,0.000,0.0000,0.1201,0.85577,0.12123,2.0611,0.51001,0.34897,21.9389,0.81745,0.14518,2.0611,0.85577,0.12123,2.0611,0.73568,0.31718,2.0611,0.81745,0.14518,2.0611,0.81745,0.14518,2.0611,0.58603,0.08754,13.0611,0.58603,0.08754,13.0611,0.58603,0.08754,13.0611,0.58603,0.08754,13.0611
1,33,1,2,-1,0,1,1,0.000,0.0000,0.1224,0.80942,0.17327,2.3417,0.44323,0.38847,35.6583,0.80942,0.17327,2.3417,0.80942,0.17327,2.3417,0.80942,0.17327,2.3417,0.80942,0.17327,2.3417,0.80942,0.17327,2.3417,0.77339,0.14555,1.6583,0.77338,0.14555,1.6583,0.77339,0.14555,1.6583,0.77338,0.14555,1.6583
1,33,2,2,0,0,0,0,0.000,0.0000,0.1002,0.85990,0.12340,0.4164,0.40802,0.75891,33.5836,0.85328,0.19034,0.4164,0.85990,0.12340,0.4164,0.76772,0.40609,0.4164,0.85328,0.19034,0.4164,0.85328,0.19034,0.4164,0.71194,0.07986,7.4164,0.70187,0.05078,7.4164,0.71194,0.07986,7.4164,0.70187,0.05078,7.4164
1,33,4,2,-1,1,3,3,0.000,0.0000,0.2735,0.59328,0.25806,7.0292,0.39545,0.84783,18.9708,0.59328,0.25806,7.0292,0.59328,0.25806,7.0292,0.59328,0.25806,7.0292,0.59328,0.25806,7.0292,0.59328,0.25806,7.0292,0.89591,0.14943,1.0292,0.89591,0.14943,1.0292,0.89591,0.14943,1.0292,0.89591,0.14943,1.0292
1,34,0,2,0,0,4,4,0.000,0.0000,0.1644,0.93639,0.06300,0.0611,0.51800,0.35107,21.9389,0.89055,0.09621,0.0611,0.93639,0.06300,0.0611,0.73599,0.33288,0.0611,0.89055,0.09621,0.0611,0.89055,0.09621,0.0611,0.58603,0.08754,13.0611,0.58603,0.08754,13.0611,0.58603,0.08754,13.0611,0.58603,0.08754,13.0611
1,34,1,2,-1,0,1,1,0.000,0.0000,0.2283,0.79354,0.13778,0.3417,0.42078,0.54077,35.6583,0.79354,0.13778,0.3417,0.79354,0.13778,0.3417,0.79354,0.13778,0.3417,0.79354,0.13778,0.3417,0.79354,0.13778,0.3417,0.77339,0.14555,1.6583,0.77339,0.14555,1.6583,0.77339,0.14555,1.6583,0.77339,0.14555,1.6583
1,34,2,2,0,0,0,0,0.000,0.0000,0.0795,0.89687,0.12615,0.4164,0.41797,0.75166,33.5836,0.86688,0.18120,0.4164,0.92790,0.06808,0.4164,0.76772,0.40161,0.4164,0.86688,0.18120,0.4164,0.86688,0.18120,0.4164,0.71194,0.07986,7.4164,0.70187,0.05078,7.4164,0.71194,0.07986,7.4164,0.70187,0.05078,7.4164
1,34,4,2,1,1,3,3,0.000,0.0000,0.3084,0.75357,0.27277,0.0292,0.35589,0.92990,18.9708,0.75357,0.27277,0.0292,0.75357,0.27277,0.0292,0.78395,0.23881,0.0292,0.75357,0.27277,0.0292,0.75357,0.27277,0.0292,0.89195,0.14953,1.0292,0.89195,0.14953,1.0292,0.89195,0.14953,1.0292,0.89195,0.14953,1.0292
1,35,0,2,0,0,4,4,0.000,0.0000,0.1979,0.88926,0.13988,0.0611,0.52899,0.15957,21.9389,0.87040,0.13727,0.0611,0.88926,0.13988,0.0611,0.73599,0.32554,0.0611,0.87040,0.13727,0.0611,0.87040,0.13727,0.0611,0.58603,0.08754,13.0611,0.58603,0.08754,13.0611,0.58603,0.08754,13.0611,0.58603,0.08754,13.0611
1,35,1,2,-1,0,1,1,0.000,0.0000,0.3012,0.81444,0.20380,0.3417,0.43303,0.55298,35.6583,0.81444,0.20380,0.3417,0.81444,0.20380,0.3417,0.81444,0.20380,0.3417,0.81444,0.20380,0.3417,0.81444,0.20380,0.3417,0.77339,0.14555,1.6583,0.77339,0.14555,1.6583,0.77339,0.14555,1.6583,0.77339,0.14555,1.6583
1,35,2,2,0,0,0,0,0.000,0.0000,0.0860,0.94210,0.06647,0.4164,0.39226,0.79733,33.5836,0.88452,0.17988,0.4164,0.95155,0.04621,0.4164,0.76772,0.40625,0.4164,0.88452,0.17988,0.4164,0.88452,0.17988,0.4164,0.71194,0.07986,7.4164,0.70187,0.05078,7.4164,0.71194,0.07986,7.4164,0.70187,0.05078,7.4164
1,35,4,2,-1,1,3,3,0.000,0.0000,0.3978,0.02625,1.14435,0.0292,0.34769,0.95612,18.9708,0.02625,1.14435,0.0292,0.02625,1.14435,0.0292,0.02625,1.14435,0.0292,0.02625,1.14435,0.0292,0.66507,0.39196,0.0292,0.78105,0.12344,4.0292,0.78105,0.12344,4.0292,0.78105,0.12344,4.0292,0.78105,0.12344,4.0292
1,36,0,2,0,0,4,4,0.000,0.0000,0.1336,0.80098,0.19404,0.0611,0.50281,0.34608,21.9389,0.76811,0.21293,0.0611,0.80098,0.19404,0.0611,0.69904,0.37477,0.0611,0.76811,0.21293,0.0611,0.76811,0.21293,0.0611,0.58603,0.08754,13.0611,0.58603,0.08754,13.0611,0.58603,0.08754,13.0611,0.58603,0.08754,13.0611
1,36,1,2,-1,0,1,1,0.000,0.0000,0.2335,0.68253,0.15304,9.6583,0.42061,0.54077,35.6583,0.68253,0.15304,9.6583,0.68253,0.15304,9.6583,0.68253,0.15304,9.6583,0.68253,0.15304,9.6583,0.68253,0.15304,9.6583,0.77190,0.14069,1.3417,0.77190,0.14069,1.3417,0.77190,0.14069,1.3417,0.77190,0.14069,1.3417
1,36,2,2,0,0,0,0,0.000,0.0000,0.0658,0.87278,0.11253,0.5836,0.40137,0.77905,33.5836,0.86033,0.19427,0.5836,0.87278,0.11253,0.5836,0.76772,0.41325,0.5836,0.86033,0.19427,0.5836,0.86033,0.19427,0.5836,0.71194,0.07986,7.4164,0.70187,0.05078,7.4164,0.71194,0.07986,7.4164,0.70187,0.05078,7.4164
1,36,4,1,-1,1,3,3,0.000,0.0000,0.4209,0.02833,1.11761,0.0292,0.33486,0.99729,18.9708,0.02833,1.11761,0.0292,0.02833,1.11761,0.0292,0.02833,1.11761,0.0292,0.02833,1.11761,0.0292,0.69881,0.34241,0.0292,0.78105,0.12344,4.0292,0.78105,0.12344,4.0292,0.78105,0.12344,4.0292,0.78105,0.12344,4.0292
2,0,0,2,0,0,1,1,0.000,0.0000,0.0000,0.36163,1.56411,0.3333,0.34261,1.62910,4.6667,0.87389,0.25994,0.3333,0.77753,0.48510,0.3333,0.90210,0.07335,0.3333,0.87389,0.25994,0.3333,0.87389,0.25994,0.3333,0.36163,1.56411,0.3333,0.87389,0.25994,0.3333,0.36163,1.56411,0.3333,0.87389,0.25994,0.3333
2,0,1,2,0,0,2,2,0.000,0.0000,0.0000,0.03309,0.86291,0.4008,0.23639,0.84521,14.4008,0.85467,0.25757,0.4008,0.86400,0.11389,0.4008,0.70806,0.48722,0.4008,0.85467,0.25757,0.4008,0.85467,0.25757,0.4008,0.03309,0.86291,0.4008,0.85467,0.25757,0.4008,0.03309,0.86291,0.4008,0.85467,0.25757,0.4008
2,0,2,2,-1,0,0,0,0.000,0.0000,0.0000,0.50318,0.33437,16.6192,0.67657,0.13279,6.3808,0.50318,0.33437,16.6192,0.50318,0.33437,16.6192,0.50318,0.33437,16.6192,0.50318,0.33437,16.6192,0.51038,0.27498,16.6192,0.50318,0.33437,16.6192,0.51038,0.27498,16.6192,0.50318,0.33437,16.6192,0.51038,0.27498,16.6192
2,0,4,2,-1,1,3,3,0.000,0.0000,0.0000,0.02761,1.00419,0.4905,0.34047,1.02857,28.5095,0.02761,1.00419,0.4905,0.02761,1.00419,0.4905,0.02761,1.00419,0.4905,0.02761,1.00419,0.4905,0.89688,0.17316,0.4905,0.02761,1.00419,0.4905,0.89688,0.17316,0.4905,0.02761,1.00419,0.4905,0.89688,0.17316,0.4905
2,1,0,2,0,0,1,1,0.000,0.0000,2.3616,0.45551,1.38107,0.6667,0.44396,1.39628,4.6667,0.78100,0.53779,0.6667,0.68386,0.76321,0.6667,0.80685,0.32227,0.6667,0.78100,0.53779,0.6667,0.78100,0.53779,0.6667,0.00907,2.46554,1.3333,0.85933,0.26436,1.3333,0.00907,2.46554,1.3333,0.85933,0.26436,1.3333
2,1,1,2,0,0,2,2,0.000,0.0000,0.2907,0.02622,0.87658,0.4008,0.21286,0.86003,14.4008,0.83873,0.28837,0.4008,0.83565,0.14038,0.4008,0.69941,0.51387,0.4008,0.83873,0.28837,0.4008,0.83873,0.28837,0.4008,0.03645,0.85747,1.4008,0.78109,0.43881,1.4008,0.03645,0.85747,1.4008,0.78109,0.43881,1.4008
2,1,2,2,-1,0,0,0,0.000,0.0000,3.4649,0.57514,0.29572,19.3808,0.69752,0.25448,6.3808,0.57514,0.29572,19.3808,0.57514,0.29572,19.3808,0.57514,0.29572,19.3808,0.57514,0.29572,19.3808,0.57514,0.29572,19.3808,0.50242,0.56308,14.3808,0.51246,0.55049,14.3808,0.50242,0.56308,14.3808,0.51246,0.55049,14.3808
2,1,4,2,-1,1,3,3,0.000,0.0000,0.6184,0.11802,0.91132,0.5095,0.38109,0.94094,28.5095,0.11802,0.91132,0.5095,0.11802,0.91132,0.5095,0.11802,0.91132,0.5095,0.11802,0.91132,0.5095,0.91182,0.11126,0.5095,0.02602,1.02010,0.4905,0.89563,0.17720,0.4905,0.02602,1.02010,0.4905,0.89563,0.17720,0.4905
2,2,0,2,0,0,1,1,0.000,0.0000,0.0590,0.70688,0.65561,0.3333,0.64790,0.72119,4.6667,0.86294,0.27047,0.3333,0.76727,0.49549,0.3333,0.89872,0.07166,0.3333,0.86294,0.27047,0.3333,0.86294,0.27047,0.3333,0.00725,2.46665,1.6667,0.81622,0.27184,1.6667,0.00725,2.46665,1.6667,0.81622,0.27184,1.6667
2,2,1,2,0,0,2,2,0.000,0.0000,0.3445,0.02808,0.87362,0.4008,0.21289,0.86420,14.4008,0.82454,0.32903,0.4008,0.82300,0.16016,0.4008,0.68730,0.55526,0.4008,0.82454,0.32903,0.4008,0.82454,0.32903,0.4008,0.01375,0.87713,0.4008,0.62700,0.92046,0.4008,0.01375,0.87713,0.4008,0.62700,0.92046,0.4008
2,2,2,2,-1,0,0,0,0.000,0.0000,8.0124,0.47579,1.43115,3.6192,0.39837,1.39231,6.3808,0.47579,1.43115,3.6192,0.47579,1.43115,3.6192,0.47579,1.43115,3.6192,0.47579,1.43115,3.6192,0.47579,1.43115,3.6192,0.77126,0.12503,5.6192,0.77126,0.12503,5.6192,0.77126,0.12503,5.6192,0.77126,0.12503,5.6192
2,2,4,2,-1,1,3,3,0.000,0.0000,0.1949,0.02838,1.00938,0.5095,0.35626,1.00077,28.5095,0.02838,1.00938,0.5095,0.02838,1.00938,0.5095,0.02838,1.00938,0.5095,0.02838,1.00938,0.5095,0.89628,0.14444,0.5095,0.11676,0.92257,0.5095,0.89186,0.12514,0.5095,0.11676,0.92257,0.5095,0.89186,0.12514,0.5095
2,3,0,2,0,0,1,1,0.000,0.0000,0.2059,0.63546,0.83896,0.3333,0.59523,0.89852,4.6667,0.86131,0.28161,0.3333,0.76013,0.50730,0.3333,0.89471,0.08120,0.3333,0.86131,0.28161,0.3333,0.86131,0.28161,0.3333,0.03604,2.39448,0.3333,0.88030,0.25665,0.3333,0.03604,2.39448,0.3333,0.88030,0.25665,0.3333
2,3,1,2,0,0,2,2,0.000,0.0000,0.0321,0.03631,0.86271,0.4008,0.21898,0.85821,14.4008,0.86293,0.23581,0.4008,0.85704,0.11567,0.4008,0.71479,0.46399,0.4008,0.86293,0.23581,0.4008,0.86293,0.23581,0.4008,0.02405,0.87889,0.4008,0.78767,0.42426,0.4008,0.02405,0.87889,0.4008,0.78767,0.42426,0.4008
2,3,2,2,-1,0,0,0,0.000,0.0000,7.6206,0.22955,1.83693,12.3808,0.26426,1.89224,6.3808,0.22955,1.83693,12.3808,0.22955,1.83693,12.3808,0.22955,1.83693,12.3808,0.22955,1.83693,12.3808,0.22955,1.83693,12.3808,0.76674,0.12709,5.6192,0.76674,0.12709,5.6192,0.76674,0.12709,5.6192,0.76674,0.12709,5.6192
2,3,4,2,-1,1,3,3,0.000,0.0000,0.1752,0.18507,0.84379,0.5095,0.38879,0.93046,28.5095,0.18507,0.84379,0.5095,0.18507,0.84379,0.5095,0.18507,0.84379,0.5095,0.18507,0.84379,0.5095,0.90690,0.11684,0.5095,0.00976,1.02775,0.4905,0.91462,0.17171,0.4905,0.00976,1.02775,0.4905,0.91462,0.17171,0.4905
2,4,0,2,-1,0,1,1,0.000,0.0000,0.3671,0.53140,0.94732,0.3333,0.50571,1.00394,4.6667,0.53140,0.94732,0.3333,0.53140,0.94732,0.3333,0.53140,0.94732,0.3333,0.53140,0.94732,0.3333,0.71674,0.30129,0.3333,0.16734,2.06038,0.3333,0.87650,0.25698,0.3333,0.16734,2.06038,0.3333,0.87650,0.25698,0.3333
2,4,1,2,0,0,2,2,0.000,0.0000,0.0152,0.02830,0.87257,0.5992,0.21579,0.86213,14.4008,0.83813,0.29114,0.5992,0.83848,0.13841,0.5992,0.69847,0.51751,0.5992,0.83813,0.29114,0.5992,0.83813,0.29114,0.5992,0.02427,0.88078,0.4008,0.78767,0.42426,0.4008,0.02427,0.88078,0.4008,0.78767,0.42426,0.4008
2,4,2,1,0,0,0,0,0.000,0.0000,2.6265,0.59199,0.42833,8.3808,0.62622,0.38026,6.3808,0.60935,0.40883,8.3808,0.59199,0.42833,8.3808,0.66721,0.33199,8.3808,0.60935,0.40883,8.3808,0.60935,0.40883,8.3808,0.67435,0.00994,8.6192,0.67435,0.00994,8.6192,0.67435,0.00994,8.6192,0.67435,0.00994,8.6192
2,4,4,2,-1,1,3,3,0.000,0.0000,0.0566,0.03052,1.00215,0.5095,0.35364,1.01364,28.5095,0.03052,1.00215,0.5095,0.03052,1.00215,0.5095,0.03052,1.00215,0.5095,0.03052,1.00215,0.5095,0.89971,0.14924,0.5095,0.02052,0.99865,0.4905,0.91461,0.17171,0.4905,0.02052,0.99865,0.4905,0.91461,0.17171,0.4905
2,5,0,2,0,0,1,1,0.000,0.0000,0.3226,0.48847,1.20131,0.3333,0.45227,1.26131,4.6667,0.79925,0.29434,0.3333,0.72640,0.50924,0.3333,0.87037,0.12331,0.3333,0.79925,0.29434,0.3333,0.79925,0.29434,0.3333,0.50847,1.18547,0.3333,0.87628,0.25701,0.3333,0.50847,1.18547,0.3333,0.87628,0.25701,0.3333
2,5,1,2,0,0,2,2,0.000,0.0000,0.0544,0.03081,0.86305,0.5992,0.22400,0.84688,14.4008,0.86164,0.23941,0.5992,0.86645,0.10723,0.5992,0.71349,0.46967,0.5992,0.86164,0.23941,0.5992,0.86164,0.23941,0.5992,0.02579,0.87762,0.4008,0.84938,0.26107,0.4008,0.02579,0.87762,0.4008,0.84938,0.26107,0.4008
2,5,2,1,0,0,0,0,0.000,0.0000,0.8468,0.60959,0.40574,2.3808,0.55073,0.50261,6.3808,0.64138,0.36985,2.3808,0.60959,0.40574,2.3808,0.68727,0.28232,2.3808,0.64138,0.36985,2.3808,0.64138,0.36985,2.3808,0.59384,0.41550,9.3808,0.59384,0.41550,9.3808,0.59384,0.41550,9.3808,0.59384,0.41550,9.3808
2,5,4,2,-1,1,3,3,0.000,0.0000,0.0909,0.07306,0.95860,0.4905,0.37199,0.95740,28.5095,0.07306,0.95860,0.4905,0.07306,0.95860,0.4905,0.07306,0.95860,0.4905,0.07306,0.95860,0.4905,0.91577,0.09891,0.4905,0.02074,0.99841,0.4905,0.91462,0.17171,0.4905,0.02074,0.99841,0.4905,0.91462,0.17171,0.4905
2,6,0,2,0,0,1,1,0.000,0.0000,0.3646,0.40757,1.36578,0.3333,0.39675,1.41477,4.6667,0.73064,0.34230,0.3333,0.66789,0.53674,0.3333,0.79122,0.21795,0.3333,0.73064,0.34230,0.3333,0.73064,0.34230,0.3333,0.50676,1.18703,0.3333,0.86642,0.26085,0.3333,0.50676,1.18703,0.3333,0.86642,0.26085,0.3333
2,6,1,2,0,0,2,2,0.000,0.0000,0.3238,0.03329,0.86274,0.4008,0.23041,0.85805,14.4008,0.88109,0.02376,0.4008,0.86903,0.11003,0.4008,0.72818,0.07226,0.4008,0.88109,0.02376,0.4008,0.88109,0.02376,0.4008,0.02579,0.87762,0.4008,0.84938,0.26107,0.4008,0.02579,0.87762,0.4008,0.84938,0.26107,0.4008
2,6,2,1,0,0,0,0,0.000,0.0000,0.8744,0.53349,0.49819,0.6192,0.48989,0.60787,6.3808,0.63949,0.37935,0.6192,0.56062,0.46777,0.6192,0.68048,0.29191,0.6192,0.63949,0.37935,0.6192,0.63949,0.37935,0.6192,0.75505,0.10532,2.6192,0.75505,0.10532,2.6192,0.75505,0.10532,2.6192,0.75505,0.10532,2.6192
2,6,4,2,-1,1,3,3,0.000,0.0000,0.0914,0.20234,0.82337,0.4905,0.38924,0.93770,28.5095,0.20234,0.82337,0.4905,0.20234,0.82337,0.4905,0.20234,0.82337,0.4905,0.20234,0.82337,0.4905,0.91586,0.10134,0.4905,0.02089,1.00711,0.4905,0.89866,0.17615,0.4905,0.02089,1.00711,0.4905,0.89866,0.17615,0.4905
2,7,0,2,0,0,1,1,0.000,0.0000,1.3269,0.26873,1.84786,21.6667,0.33563,1.71685,4.6667,0.19453,1.84786,21.6667,0.20631,1.84786,21.6667,0.19865,1.76956,21.6667,0.19453,1.84786,21.6667,0.19453,1.84786,21.6667,0.50676,1.18703,0.3333,0.86642,0.26085,0.3333,0.50676,1.18703,0.3333,0.86642,0.26085,0.3333
2,7,1,1,0,0,2,2,0.000,0.0000,0.4455,0.03085,0.86760,0.4008,0.23104,0.85116,14.4008,0.88060,0.03388,0.4008,0.85772,0.11713,0.4008,0.72818,0.06912,0.4008,0.88060,0.03388,0.4008,0.88060,0.03388,0.4008,0.02660,0.87687,0.4008,0.87630,0.04024,0.4008,0.02660,0.87687,0.4008,0.87630,0.04024,0.4008
2,7,2,1,0,0,0,0,0.000,0.0000,0.8995,0.44781,0.58099,1.6192,0.47736,0.58916,6.3808,0.65333,0.34978,1.6192,0.57514,0.43787,1.6192,0.70272,0.26299,1.6192,0.65333,0.34978,1.6192,0.65333,0.34978,1.6192,0.75037,0.11003,2.6192,0.75037,0.11003,2.6192,0.75037,0.11003,2.6192,0.75037,0.11003,2.6192
2,7,4,2,-1,1,3,3,0.000,0.0000,0.0075,0.03123,1.00699,0.4905,0.34939,1.03130,28.5095,0.03123,1.00699,0.4905,0.03123,1.00699,0.4905,0.03123,1.00699,0.4905,0.03123,1.00699,0.4905,0.87877,0.18707,0.4905,0.02473,1.01044,0.5095,0.88070,0.19783,0.5095,0.02473,1.01044,0.5095,0.88070,0.19783,0.5095
2,8,0,2,-1,0,1,1,0.000,0.0000,3.1323,0.10985,3.39477,36.3333,0.11436,3.33379,4.6667,0.10985,3.39477,36.3333,0.10985,3.39477,36.3333,0.10985,3.39477,36.3333,0.10985,3.39477,36.3333,0.10985,3.39477,36.3333,0.51816,1.18652,0.3333,0.87884,0.25954,0.3333,0.51816,1.18652,0.3333,0.87884,0.25954,0.3333
2,8,1,1,0,0,2,2,0.000,0.0000,0.4401,0.03439,0.86171,0.4008,0.22558,0.86386,14.4008,0.88108,0.02486,0.4008,0.86360,0.11050,0.4008,0.72818,0.07229,0.4008,0.88108,0.02486,0.4008,0.88108,0.02486,0.4008,0.05835,0.85649,2.4008,0.85046,0.06257,2.4008,0.05835,0.85649,2.4008,0.85046,0.06257,2.4008
2,8,2,1,0,0,0,0,0.000,0.0000,0.8531,0.76102,0.24975,1.3808,0.72343,0.24814,6.3808,0.76167,0.24974,1.3808,0.76102,0.24974,1.3808,0.70749,0.24446,1.3808,0.76167,0.24974,1.3808,0.76167,0.24974,1.3808,0.70621,0.09593,4.6192,0.70621,0.09593,4.6192,0.70621,0.09593,4.6192,0.70621,0.09593,4.6192
2,8,4,2,-1,1,3,3,0.000,0.0000,0.0269,0.26125,0.76457,0.4905,0.38994,0.92870,28.5095,0.26125,0.76457,0.4905,0.26125,0.76457,0.4905,0.26125,0.76457,0.4905,0.26125,0.76457,0.4905,0.90562,0.10973,0.4905,0.02796,1.00056,0.4905,0.89788,0.17642,0.4905,0.02796,1.00056,0.4905,0.89788,0.17642,0.4905
2,9,0,2,0,0,1,1,0.000,0.0000,1.7689,0.22478,1.92179,1.3333,0.20468,1.98393,4.6667,0.78124,0.30659,1.3333,0.71280,0.51701,1.3333,0.84720,0.14812,1.3333,0.22742,1.96948,1.3333,0.78124,0.30659,1.3333,0.51798,1.18737,0.3333,0.87822,0.26122,0.3333,0.51798,1.18737,0.3333,0.87822,0.26122,0.3333
2,9,1,1,0,0,2,2,0.000,0.0000,0.4105,0.03263,0.86562,0.4008,0.21875,0.86217,14.4008,0.88042,0.02756,0.4008,0.85656,0.11616,0.4008,0.72818,0.06501,0.4008,0.88042,0.02756,0.4008,0.88042,0.02756,0.4008,0.03031,0.87356,0.4008,0.87630,0.03641,0.4008,0.03031,0.87356,0.4008,0.87630,0.03641,0.4008
2,9,2,2,-1,0,0,0,0.000,0.0000,0.7139,0.78454,0.20654,0.6192,0.68643,0.21392,6.3808,0.78454,0.20654,0.6192,0.78454,0.20654,0.6192,0.78454,0.20654,0.6192,0.78454,0.20654,0.6192,0.78454,0.20654,0.6192,0.56663,0.46409,9.3808,0.56663,0.46409,9.3808,0.56663,0.46409,9.3808,0.56663,0.46409,9.3808
2,9,4,2,-1,1,3,3,0.000,0.0000,0.0389,0.15673,0.87149,0.4905,0.37814,0.95362,28.5095,0.15673,0.87149,0.4905,0.15673,0.87149,0.4905,0.15673,0.87149,0.4905,0.15673,0.87149,0.4905,0.91141,0.10333,0.4905,0.02768,1.01101,0.4905,0.87980,0.18374,0.4905,0.02768,1.01101,0.4905,0.87980,0.18374,0.4905
2,10,0,2,0,0,1,1,0.000,0.0000,0.7815,0.78571,0.21296,3.3333,0.79181,0.13144,4.6667,0.78571,0.21296,3.3333,0.78571,0.21296,3.3333,0.78571,0.21296,3.3333,0.78571,0.21296,3.3333,0.78571,0.21296,3.3333,0.51755,1.18942,0.3333,0.87671,0.26532,0.3333,0.51755,1.18942,0.3333,0.87671,0.26532,0.3333
2,10,1,1,0,0,2,2,0.000,0.0000,0.3919,0.02949,0.99409,0.4008,0.22979,0.86251,14.4008,0.66983,0.28364,0.4008,0.62933,0.37338,0.4008,0.67963,0.19415,0.4008,0.66983,0.28364,0.4008,0.66983,0.28364,0.4008,0.03046,0.87369,0.4008,0.87629,0.03944,0.4008,0.03046,0.87369,0.4008,0.87629,0.03944,0.4008
2,10,2,2,-1,0,0,0,0.000,0.0000,1.1085,0.28302,1.43852,13.6192,0.27277,1.86588,6.3808,0.28302,1.43852,13.6192,0.28302,1.43852,13.6192,0.28302,1.43852,13.6192,0.28302,1.43852,13.6192,0.28302,1.43852,13.6192,0.58080,0.44485,9.3808,0.58080,0.44485,9.3808,0.58080,0.44485,9.3808,0.58080,0.44485,9.3808
2,10,4,2,-1,1,3,3,0.000,0.0000,0.0224,0.01447,1.57392,0.5095,0.16503,1.59335,28.5095,0.01447,1.57392,0.5095,0.01447,1.57392,0.5095,0.01447,1.57392,0.5095,0.01447,1.57392,0.5095,0.90549,0.13207,0.5095,0.03072,1.00411,0.5095,0.89700,0.14704,0.5095,0.03072,1.00411,0.5095,0.89700,0.14704,0.5095
2,11,0,2,0,0,1,1,0.000,0.0000,0.3241,0.00925,2.63006,0.6667,0.02030,2.61143,4.6667,0.76485,0.59388,0.6667,0.68339,0.81882,0.6667,0.78339,0.38054,0.6667,0.17809,2.36899,0.6667,0.76485,0.59388,0.6667,0.51755,1.18942,0.3333,0.87671,0.26532,0.3333,0.51755,1.18942,0.3333,0.87671,0.26532,0.3333
2,11,1,1,0,0,2,2,0.000,0.0000,0.3408,0.03565,0.86907,0.5992,0.22076,0.88075,14.4008,0.87407,0.03854,0.5992,0.84469,0.12779,0.5992,0.72818,0.05330,0.5992,0.87407,0.03854,0.5992,0.87407,0.03854,0.5992,0.03100,0.87320,0.4008,0.87630,0.03944,0.4008,0.03100,0.87320,0.4008,0.87630,0.03944,0.4008
2,11,2,2,-1,0,0,0,0.000,0.0000,0.9336,0.48714,0.46871,19.6192,0.58480,0.28789,6.3808,0.48714,0.46871,19.6192,0.48714,0.46871,19.6192,0.48714,0.46871,19.6192,0.48714,0.46871,19.6192,0.48714,0.46871,19.6192,0.64001,0.27940,9.3808,0.64001,0.27940,9.3808,0.64001,0.27940,9.3808,0.64001,0.27940,9.3808
2,11,4,2,-1,-1,-1,-1,0.000,-1.0000,-1.0000,0.01255,1.62382,0.4905,0.15431,1.61195,28.5095,0.01255,1.62382,0.4905,0.01255,1.62382,0.4905,0.01255,1.62382,0.4905,0.01255,1.62382,0.4905,0.01255,1.62382,0.4905,0.01255,1.62382,0.4905,0.01255,1.62382,0.4905,0.01255,1.62382,0.4905,0.01255,1.62382,0.4905
2,12,0,2,-1,0,1,1,0.000,0.0000,0.2436,0.75483,0.08999,4.6667,0.75483,0.08999,4.6667,0.75483,0.08999,4.6667,0.75483,0.08999,4.6667,0.75483,0.08999,4.6667,0.75483,0.08999,4.6667,0.75483,0.08999,4.6667,0.60069,0.92002,0.3333,0.83109,0.27521,0.3333,0.60069,0.92002,0.3333,0.83109,0.27521,0.3333
2,12,1,1,0,0,2,2,0.000,0.0000,0.2787,0.03560,0.86449,0.4008,0.22837,0.85791,14.4008,0.87967,0.03074,0.4008,0.85361,0.11916,0.4008,0.72818,0.06237,0.4008,0.87967,0.03074,0.4008,0.87967,0.03074,0.4008,0.03100,0.87320,0.4008,0.87630,0.03944,0.4008,0.03100,0.87320,0.4008,0.87630,0.03944,0.4008
2,12,2,2,-1,0,0,0,0.000,0.0000,0.5382,0.47419,0.54363,28.6192,0.67881,0.28018,6.3808,0.47419,0.54363,28.6192,0.47419,0.54363,28.6192,0.47419,0.54363,28.6192,0.47419,0.54363,28.6192,0.47419,0.54363,28.6192,0.75220,0.20031,1.3808,0.75220,0.20031,1.3808,0.75220,0.20031,1.3808,0.75220,0.20031,1.3808
2,12,4,2,0,-1,-1,-1,0.000,-1.0000,-1.0000,0.01687,1.70341,0.5095,0.13875,1.70837,28.5095,0.66127,0.62044,0.5095,0.53602,0.86152,0.5095,0.79919,0.38095,0.5095,0.66127,0.62044,0.5095,0.01687,1.70341,0.5095,0.01687,1.70341,0.5095,0.01687,1.70341,0.5095,0.01687,1.70341,0.5095,0.01687,1.70341,0.5095
2,13,0,2,-1,0,1,1,0.000,0.0000,1.3732,0.48868,1.32209,4.6667,0.48868,1.32209,4.6667,0.48868,1.32209,4.6667,0.48868,1.32209,4.6667,0.48868,1.32209,4.6667,0.48868,1.32209,4.6667,0.48868,1.32209,4.6667,0.90675,0.08730,0.3333,0.90675,0.08730,0.3333,0.90675,0.08730,0.3333,0.90675,0.08730,0.3333
2,13,1,1,0,0,2,2,0.000,0.0000,0.2416,0.03571,0.86222,0.5992,0.23055,0.85885,14.4008,0.87967,0.03174,0.5992,0.85862,0.11556,0.5992,0.72818,0.06971,0.5992,0.87967,0.03174,0.5992,0.87967,0.03174,0.5992,0.03100,0.87320,0.4008,0.87630,0.03944,0.4008,0.03100,0.87320,0.4008,0.87630,0.03944,0.4008
2,13,2,2,-1,0,0,0,0.000,0.0000,0.4158,0.77638,0.23268,0.6192,0.67964,0.16506,6.3808,0.77638,0.23268,0.6192,0.77638,0.23268,0.6192,0.77638,0.23268,0.6192,0.77638,0.23268,0.6192,0.77638,0.23268,0.6192,0.61097,0.18121,9.3808,0.61097,0.18122,9.3808,0.61097,0.18121,9.3808,0.61097,0.18122,9.3808
2,13,4,2,0,1,3,3,0.000,0.0000,0.0228,0.01300,1.77547,0.5095,0.12700,1.77908,28.5095,0.64582,0.63868,0.5095,0.52312,0.88036,0.5095,0.78085,0.39782,0.5095,0.64582,0.63868,0.5095,0.87840,0.16257,0.5095,0.03075,1.00410,0.5095,0.89821,0.14342,0.5095,0.03075,1.00410,0.5095,0.89821,0.14342,0.5095
2,14,0,2,-1,0,1,1,0.000,0.0000,1.0450,0.39925,0.65687,44.3333,0.70863,0.26570,4.6667,0.39925,0.65687,44.3333,0.39925,0.65687,44.3333,0.39925,0.65687,44.3333,0.39925,0.65687,44.3333,0.39925,0.65687,44.3333,0.83327,0.16367,2.6667,0.83327,0.16367,2.6667,0.83327,0.16367,2.6667,0.83327,0.16367,2.6667
2,14,1,1,0,0,2,2,0.000,0.0000,0.1902,0.03259,0.86784,0.4008,0.22532,0.86188,14.4008,0.87924,0.03073,0.4008,0.85229,0.12016,0.4008,0.72818,0.06042,0.4008,0.87924,0.03073,0.4008,0.87924,0.03073,0.4008,0.03100,0.87320,0.4008,0.87630,0.03944,0.4008,0.03100,0.87320,0.4008,0.87630,0.03944,0.4008
2,14,2,2,-1,0,0,0,0.000,0.0000,0.2082,0.69903,0.31094,0.3808,0.58663,0.37017,6.3808,0.69903,0.31094,0.3808,0.69903,0.31094,0.3808,0.69903,0.31094,0.3808,0.69903,0.31094,0.3808,0.69903,0.31094,0.3808,0.61097,0.18121,9.3808,0.61097,0.18122,9.3808,0.61097,0.18121,9.3808,0.61097,0.18122,9.3808
2,14,4,2,-1,-1,-1,-1,0.000,-1.0000,-1.0000,0.01257,1.85447,0.5095,0.11359,1.84695,28.5095,0.01257,1.85447,0.5095,0.01257,1.85447,0.5095,0.01257,1.85447,0.5095,0.01257,1.85447,0.5095,0.01257,1.85447,0.5095,0.01257,1.85447,0.5095,0.01257,1.85447,0.5095,0.01257,1.85447,0.5095,0.01257,1.85447,0.5095
2,15,0,2,0,0,1,1,0.000,0.0000,0.9502,0.80785,0.18174,1.6667,0.73354,0.20156,4.6667,0.80785,0.18174,1.6667,0.80785,0.18174,1.6667,0.80785,0.18174,1.6667,0.80785,0.18174,1.6667,0.80785,0.18174,1.6667,0.79990,0.17063,3.6667,0.79990,0.17063,3.6667,0.79990,0.17063,3.6667,0.79990,0.17063,3.6667
2,15,1,1,0,0,2,2,0.000,0.0000,0.1351,0.05231,0.86206,1.5992,0.25975,0.83066,14.4008,0.85694,0.05813,1.5992,0.83298,0.14517,1.5992,0.72818,0.04343,1.5992,0.85694,0.05813,1.5992,0.85694,0.05813,1.5992,0.03100,0.87320,0.4008,0.87630,0.03944,0.4008,0.03100,0.87320,0.4008,0.87630,0.03944,0.4008
2,15,2,2,0,0,0,0,0.000,0.0000,0.1077,0.87347,0.15798,1.6192,0.72902,0.24393,6.3808,0.87347,0.15798,1.6192,0.87347,0.15798,1.6192,0.82820,0.03324,1.6192,0.87347,0.15798,1.6192,0.87347,0.15798,1.6192,0.61093,0.18116,9.3808,0.61093,0.18116,9.3808,0.61093,0.18116,9.3808,0.61093,0.18116,9.3808
2,16,0,2,0,0,1,1,0.000,0.0000,0.8465,0.69133,0.27442,8.3333,0.68911,0.25936,4.6667,0.69133,0.27442,8.3333,0.69133,0.27442,8.3333,0.69133,0.27442,8.3333,0.69133,0.27442,8.3333,0.69133,0.27442,8.3333,0.80069,0.16751,3.6667,0.80069,0.16751,3.6667,0.80069,0.16751,3.6667,0.80069,0.16751,3.6667
2,16,1,1,0,0,2,2,0.000,0.0000,0.1737,0.02721,1.01183,0.4008,0.23290,0.85991,14.4008,0.64595,0.31474,0.4008,0.60402,0.40473,0.4008,0.65787,0.22476,0.4008,0.64595,0.31474,0.4008,0.64595,0.31474,0.4008,0.03100,0.87320,0.4008,0.87630,0.03944,0.4008,0.03100,0.87320,0.4008,0.87630,0.03944,0.4008
2,16,2,2,0,0,0,0,0.000,0.0000,0.0331,0.81602,0.16089,4.6192,0.74080,0.16438,6.3808,0.81602,0.16089,4.6192,0.81602,0.16089,4.6192,0.78762,0.10037,4.6192,0.81602,0.16089,4.6192,0.81602,0.16089,4.6192,0.75495,0.17206,1.3808,0.75495,0.17206,1.3808,0.75495,0.17206,1.3808,0.75495,0.17206,1.3808
2,16,4,1,0,1,3,3,0.000,0.0000,2.1236,0.00798,1.99149,0.4905,0.08732,1.98712,28.5095,0.66862,0.60166,0.4905,0.54008,0.84207,0.4905,0.81088,0.36381,0.4905,0.66862,0.60166,0.4905,0.21740,2.61315,0.4905,0.03075,1.00410,0.5095,0.90865,0.06605,0.5095,0.03075,1.00410,0.5095,0.90865,0.06605,0.5095
2,17,0,2,-1,-1,-1,-1,0.000,-1.0000,-1.0000,0.20798,2.56022,6.3333,0.29787,2.53675,4.6667,0.20798,2.56022,6.3333,0.20798,2.56022,6.3333,0.20798,2.56022,6.3333,0.20798,2.56022,6.3333,0.20798,2.56022,6.3333,0.20798,2.56022,6.3333,0.20798,2.56022,6.3333,0.20798,2.56022,6.3333,0.20798,2.56022,6.3333
2,17,1,1,0,0,2,2,0.000,0.0000,0.1116,0.03486,0.86540,0.4008,0.23050,0.86230,14.4008,0.87999,0.03275,0.4008,0.85631,0.11886,0.4008,0.72818,0.06494,0.4008,0.87999,0.03275,0.4008,0.87999,0.03275,0.4008,0.03100,0.87320,0.4008,0.87630,0.03944,0.4008,0.03100,0.87320,0.4008,0.87630,0.03944,0.4008
2,17,2,2,0,0,0,0,0.000,0.0000,0.0158,0.80917,0.16653,1.3808,0.76230,0.19045,6.3808,0.82406,0.13930,1.3808,0.80917,0.16653,1.3808,0.77081,0.20171,1.3808,0.82406,0.13930,1.3808,0.82406,0.13930,1.3808,0.75495,0.17206,1.3808,0.75495,0.17206,1.3808,0.75495,0.17206,1.3808,0.75495,0.17206,1.3808
2,17,4,1,0,-1,-1,-1,0.000,-1.0000,-1.0000,0.01135,1.82927,0.4905,0.11098,1.82315,28.5095,0.30809,2.48338,0.4905,0.29685,2.26793,0.4905,0.31474,2.70339,0.4905,0.30809,2.48338,0.4905,0.01135,1.82927,0.4905,0.01135,1.82927,0.4905,0.01135,1.82927,0.4905,0.01135,1.82927,0.4905,0.01135,1.82927,0.4905
2,18,0,1,-1,0,1,1,0.000,0.0000,2.8042,0.16769,3.07468,5.3333,0.21035,3.05130,4.6667,0.16769,3.07468,5.3333,0.16769,3.07468,5.3333,0.16769,3.07468,5.3333,0.16769,3.07468,5.3333,0.16769,3.07468,5.3333,0.66724,0.22194,8.6667,0.66724,0.22194,8.6667,0.66724,0.22194,8.6667,0.66724,0.22194,8.6667
2,18,1,1,0,0,2,2,0.000,0.0000,0.1746,0.03918,0.98419,0.4008,0.21918,0.94742,14.4008,0.66986,0.28252,0.4008,0.63405,0.37252,0.4008,0.67966,0.19252,0.4008,0.66986,0.28252,0.4008,0.66986,0.28252,0.4008,0.03100,0.87406,0.4008,0.87536,0.04218,0.4008,0.03100,0.87406,0.4008,0.87536,0.04218,0.4008
2,18,2,2,0,0,0,0,0.000,0.0000,0.2452,0.79794,0.20787,3.3808,0.72476,0.26125,6.3808,0.74781,0.41697,3.3808,0.80010,0.21214,3.3808,0.69710,0.62545,3.3808,0.74781,0.41697,3.3808,0.74781,0.41697,3.3808,0.75495,0.17206,1.3808,0.75495,0.17206,1.3808,0.75495,0.17206,1.3808,0.75495,0.17206,1.3808
2,19,0,1,0,0,1,1,0.000,0.0000,1.9342,0.54271,0.46666,3.3333,0.52556,0.51975,4.6667,0.76186,0.25889,3.3333,0.68193,0.33011,3.3333,0.81620,0.20316,3.3333,0.76186,0.25889,3.3333,0.76186,0.25889,3.3333,0.84298,0.16264,0.3333,0.84298,0.16263,0.3333,0.84298,0.16264,0.3333,0.84298,0.16263,0.3333
2,19,1,1,0,0,2,2,0.000,0.0000,0.2107,0.03610,0.97617,0.5992,0.24025,0.85145,14.4008,0.68728,0.26045,0.5992,0.64872,0.35025,0.5992,0.69551,0.17087,0.5992,0.68728,0.26045,0.5992,0.68728,0.26045,0.5992,0.03057,0.95595,0.4008,0.72947,0.20697,0.4008,0.03057,0.95595,0.4008,0.72947,0.20697,0.4008
2,19,2,2,-1,-1,-1,-1,0.000,-1.0000,-1.0000,0.00512,2.36569,2.3808,0.00902,2.36350,6.3808,0.00512,2.36569,2.3808,0.00512,2.36569,2.3808,0.00512,2.36569,2.3808,0.00512,2.36569,2.3808,0.00512,2.36569,2.3808,0.00512,2.36569,2.3808,0.00512,2.36569,2.3808,0.00512,2.36569,2.3808,0.00512,2.36569,2.3808
2,20,0,1,0,0,1,1,0.000,0.0000,1.2528,0.49091,0.45960,0.6667,0.45822,0.52729,4.6667,0.84425,0.09438,0.6667,0.76218,0.17672,0.6667,0.83927,0.05276,0.6667,0.84425,0.09438,0.6667,0.84425,0.09438,0.6667,0.80324,0.11056,0.3333,0.80324,0.11056,0.3333,0.80324,0.11056,0.3333,0.80324,0.11056,0.3333
2,20,1,1,0,0,2,2,0.000,0.0000,0.3417,0.20702,0.87405,12.4008,0.22977,0.86777,14.4008,0.54924,0.47445,12.4008,0.48110,0.55584,12.4008,0.57602,0.45311,12.4008,0.54924,0.47445,12.4008,0.54924,0.47445,12.4008,0.03057,0.95595,0.4008,0.72947,0.20697,0.4008,0.03057,0.95595,0.4008,0.72947,0.20697,0.4008
2,20,2,2,0,0,0,0,0.000,0.0000,0.1896,0.00928,2.46560,0.3808,0.01990,2.44521,6.3808,0.73909,0.48499,0.3808,0.66313,0.70161,0.3808,0.74593,0.30958,0.3808,0.16394,2.32620,0.3808,0.73909,0.48499,0.3808,0.75495,0.17206,1.3808,0.75495,0.17206,1.3808,0.75495,0.17206,1.3808,0.75495,0.17206,1.3808
2,20,4,1,-1,1,3,4,0.000,0.0000,3.1093,0.01498,1.51826,0.4905,0.18571,1.51042,28.5095,0.01498,1.51826,0.4905,0.01498,1.51826,0.4905,0.01498,1.51826,0.4905,0.01498,1.51826,0.4905,0.40802,2.37489,0.4905,0.03075,1.00410,0.5095,0.90865,0.06605,0.5095,0.00704,1.29644,0.4905,0.40537,2.40342,0.4905
2,21,0,1,0,0,1,1,0.000,0.0000,0.6488,0.77796,0.20920,4.6667,0.77796,0.20920,4.6667,0.77796,0.20920,4.6667,0.77796,0.20920,4.6667,0.79070,0.18552,4.6667,0.77796,0.20920,4.6667,0.77796,0.20920,4.6667,0.54217,0.16139,16.6667,0.54217,0.16139,16.6667,0.54217,0.16139,16.6667,0.54217,0.16139,16.6667
2,21,1,1,-1,1,2,2,0.000,0.0000,0.7103,0.29595,1.53124,11.4008,0.28489,1.53017,14.4008,0.29595,1.53124,11.4008,0.29595,1.53124,11.4008,0.29595,1.53124,11.4008,0.29595,1.53124,11.4008,0.27598,1.73448,11.4008,0.03031,0.96440,0.4008,0.71592,0.22380,0.4008,0.03031,0.96440,0.4008,0.71592,0.22380,0.4008
2,21,2,2,0,0,0,0,0.000,0.0000,0.2090,0.16314,1.90196,0.3808,0.14080,1.99166,6.3808,0.85818,0.13047,0.3808,0.78139,0.30298,0.3808,0.79938,0.20857,0.3808,0.24125,1.94397,0.3808,0.85818,0.13047,0.3808,0.75495,0.17206,1.3808,0.75495,0.17206,1.3808,0.75495,0.17206,1.3808,0.75495,0.17206,1.3808
2,21,4,1,-1,1,3,4,0.000,0.0000,6.5904,0.01804,1.36750,0.5095,0.21498,1.36661,28.5095,0.01804,1.36750,0.5095,0.01804,1.36750,0.5095,0.01804,1.36750,0.5095,0.01804,1.36750,0.5095,0.68707,0.93147,0.5095,0.03075,1.00410,0.5095,0.90865,0.06605,0.5095,0.01355,1.64121,0.4905,0.35162,2.76622,0.4905
2,22,0,1,0,0,1,1,0.000,0.0000,0.2419,0.61739,0.38745,4.6667,0.61739,0.38745,4.6667,0.74794,0.24988,4.6667,0.66304,0.33950,4.6667,0.81510,0.16068,4.6667,0.74794,0.24988,4.6667,0.74794,0.24988,4.6667,0.54217,0.16139,16.6667,0.54217,0.16139,16.6667,0.54217,0.16139,16.6667,0.54217,0.16139,16.6667
2,22,1,1,0,0,2,2,0.000,0.0000,0.2325,0.17367,1.08011,12.4008,0.19358,1.06503,14.4008,0.33824,0.85259,12.4008,0.27942,0.93467,12.4008,0.39559,0.77228,12.4008,0.33824,0.85259,12.4008,0.33824,0.85259,12.4008,0.02926,1.00154,0.4008,0.65869,0.29786,0.4008,0.02926,1.00154,0.4008,0.65869,0.29786,0.4008
2,22,2,2,0,0,0,0,0.000,0.0000,1.0118,0.23195,1.80649,21.3808,0.28324,1.61380,6.3808,0.20706,1.64610,21.3808,0.19879,1.73166,21.3808,0.21164,1.56105,21.3808,0.20706,1.64610,21.3808,0.20706,1.64610,21.3808,0.75495,0.17206,1.3808,0.75495,0.17206,1.3808,0.75495,0.17206,1.3808,0.75495,0.17206,1.3808
2,22,4,1,-1,1,3,4,0.000,0.0000,6.4950,0.02066,1.29357,0.5095,0.26222,1.20384,28.5095,0.02066,1.29357,0.5095,0.02066,1.29357,0.5095,0.02066,1.29357,0.5095,0.02066,1.29357,0.5095,0.62910,0.73238,0.5095,0.03075,1.00410,0.5095,0.90865,0.06605,0.5095,0.01474,1.49400,0.4905,0.65408,1.09927,0.4905
2,23,0,2,0,0,1,1,0.000,0.0000,0.0298,0.87228,0.10859,0.3333,0.81255,0.06439,4.6667,0.87228,0.10859,0.3333,0.87228,0.10859,0.3333,0.87758,0.10536,0.3333,0.87228,0.10859,0.3333,0.87228,0.10859,0.3333,0.63555,0.08645,9.6667,0.63555,0.08645,9.6667,0.63555,0.08645,9.6667,0.63555,0.08645,9.6667
2,23,1,2,0,0,2,2,0.000,0.0000,0.2248,0.03461,1.02125,0.4008,0.24540,0.84373,14.4008,0.61793,0.40317,0.4008,0.58218,0.43975,0.4008,0.63209,0.49863,0.4008,0.61793,0.40317,0.4008,0.61793,0.40317,0.4008,0.02919,1.01005,0.4008,0.64579,0.36648,0.4008,0.02919,1.01005,0.4008,0.64579,0.36648,0.4008
2,23,2,2,0,0,0,0,0.000,0.0000,0.6396,0.49146,1.10756,0.6192,0.45536,1.19655,6.3808,0.94625,0.05728,0.6192,0.83009,0.27885,0.6192,0.82820,0.18644,0.6192,0.94625,0.05728,0.6192,0.94625,0.05728,0.6192,0.75495,0.17206,1.3808,0.75495,0.17206,1.3808,0.75495,0.17206,1.3808,0.75495,0.17206,1.3808
2,23,4,1,-1,1,3,4,0.000,0.0000,5.9403,0.02753,1.07433,0.5095,0.32184,1.06743,28.5095,0.02753,1.07433,0.5095,0.02753,1.07433,0.5095,0.02753,1.07433,0.5095,0.02753,1.07433,0.5095,0.82352,0.39345,0.5095,0.03067,1.00693,0.5095,0.90360,0.07169,0.5095,0.01586,1.35437,0.4905,0.69963,0.90039,0.4905
2,24,0,2,-1,0,1,1,0.000,0.0000,0.0769,0.64466,0.33508,8.6667,0.68680,0.34505,4.6667,0.64466,0.33508,8.6667,0.64466,0.33508,8.6667,0.64466,0.33508,8.6667,0.64466,0.33508,8.6667,0.64466,0.33508,8.6667,0.68478,0.06204,6.6667,0.68478,0.06204,6.6667,0.68478,0.06204,6.6667,0.68478,0.06204,6.6667
2,24,1,2,0,0,2,2,0.000,0.0000,0.2929,0.48774,0.53406,0.4008,0.59261,0.40578,14.4008,0.62911,0.38425,0.4008,0.55923,0.45531,0.4008,0.64248,0.47736,0.4008,0.62911,0.38425,0.4008,0.62911,0.38425,0.4008,0.06163,0.97933,2.4008,0.65027,0.34713,2.4008,0.06163,0.97933,2.4008,0.65027,0.34713,2.4008
2,24,2,2,0,0,0,0,0.000,0.0000,0.3566,0.66524,0.74497,0.3808,0.57472,0.82660,6.3808,0.96168,0.05073,0.3808,0.86594,0.27571,0.3808,0.82820,0.18905,0.3808,0.96168,0.05073,0.3808,0.96168,0.05073,0.3808,0.59549,0.16474,9.3808,0.59549,0.16474,9.3808,0.59549,0.16474,9.3808,0.59549,0.16474,9.3808
2,24,4,1,-1,1,3,4,0.000,0.0000,5.4982,0.02916,1.14769,0.4905,0.34106,1.11168,28.5095,0.02916,1.14769,0.4905,0.02916,1.14769,0.4905,0.02916,1.14769,0.4905,0.02916,1.14769,0.4905,0.67921,0.35805,0.4905,0.03055,1.01259,0.5095,0.89372,0.08366,0.5095,0.01879,1.22122,0.4905,0.74632,0.68039,0.4905
2,25,0,2,-1,0,1,1,0.000,0.0000,0.1159,0.66865,0.19497,9.3333,0.72171,0.28842,4.6667,0.66865,0.19497,9.3333,0.66865,0.19497,9.3333,0.66865,0.19497,9.3333,0.66865,0.19497,9.3333,0.66865,0.19497,9.3333,0.63318,0.08731,9.6667,0.63318,0.08731,9.6667,0.63318,0.08731,9.6667,0.63318,0.08731,9.6667
2,25,1,2,0,0,2,2,0.000,0.0000,0.3798,0.55085,0.45176,11.5992,0.47552,0.12512,14.4008,0.55085,0.45176,11.5992,0.55085,0.45176,11.5992,0.56389,0.42622,11.5992,0.55085,0.45176,11.5992,0.55085,0.45176,11.5992,0.06085,0.99168,2.4008,0.63215,0.36946,2.4008,0.06085,0.99168,2.4008,0.63215,0.36946,2.4008
2,25,2,2,0,0,0,0,0.000,0.0000,0.1481,0.88243,0.22355,0.3808,0.70849,0.31679,6.3808,0.95361,0.05396,0.3808,0.88243,0.22355,0.3808,0.82820,0.18612,0.3808,0.95361,0.05396,0.3808,0.95361,0.05396,0.3808,0.59549,0.16474,9.3808,0.59549,0.16474,9.3808,0.59549,0.16474,9.3808,0.59549,0.16474,9.3808
2,25,4,1,-1,1,3,4,0.000,0.0000,4.8002,0.03131,1.00474,0.4905,0.36531,0.99549,28.5095,0.03131,1.00474,0.4905,0.03131,1.00474,0.4905,0.03131,1.00474,0.4905,0.03131,1.00474,0.4905,0.90628,0.06856,0.4905,0.03058,1.01269,0.5095,0.89372,0.08483,0.5095,0.02646,1.07348,0.5095,0.82506,0.38792,0.5095
2,26,0,2,-1,0,1,1,0.000,0.0000,0.0945,0.53591,0.34106,17.3333,0.67205,0.37551,4.6667,0.53591,0.34106,17.3333,0.53591,0.34106,17.3333,0.53591,0.34106,17.3333,0.53591,0.34106,17.3333,0.53591,0.34106,17.3333,0.59729,0.08355,11.6667,0.59729,0.08355,11.6667,0.59729,0.08355,11.6667,0.59729,0.08355,11.6667
2,26,1,2,-1,0,2,2,0.000,0.0000,1.1337,0.36603,1.83219,6.5992,0.26481,1.87428,14.4008,0.36603,1.83219,6.5992,0.36603,1.83219,6.5992,0.36603,1.83219,6.5992,0.36603,1.83219,6.5992,0.36603,1.83219,6.5992,0.65634,0.10967,4.4008,0.64447,0.14522,4.4008,0.03015,1.81212,3.4008,0.22938,1.56118,3.4008
2,26,2,2,0,0,0,0,0.000,0.0000,0.0405,0.95592,0.04227,0.6192,0.75571,0.12052,6.3808,0.95592,0.04227,0.6192,0.95592,0.04227,0.6192,0.82820,0.17799,0.6192,0.95592,0.04227,0.6192,0.95592,0.04227,0.6192,0.59549,0.16474,9.3808,0.59549,0.16474,9.3808,0.59549,0.16474,9.3808,0.59549,0.16474,9.3808
2,26,4,1,-1,1,3,4,0.000,0.0000,4.0815,0.03062,1.11564,0.4905,0.36474,0.99697,28.5095,0.03062,1.11564,0.4905,0.03062,1.11564,0.4905,0.03062,1.11564,0.4905,0.03062,1.11564,0.4905,0.72357,0.29565,0.4905,0.03058,1.01343,0.5095,0.89255,0.08700,0.5095,0.03310,1.00570,0.4905,0.90172,0.07576,0.4905
2,27,0,2,-1,0,1,1,0.000,0.0000,0.1288,0.61504,0.20648,12.3333,0.70583,0.20424,4.6667,0.61504,0.20648,12.3333,0.61504,0.20648,12.3333,0.61504,0.20648,12.3333,0.61504,0.20648,12.3333,0.61504,0.20648,12.3333,0.60917,0.09044,10.6667,0.60917,0.09044,10.6667,0.60917,0.09044,10.6667,0.60917,0.09044,10.6667
2,27,1,2,0,0,2,2,0.000,0.0000,0.7447,0.90984,0.04628,1.5992,0.59381,0.23222,14.4008,0.84704,0.15851,1.5992,0.90984,0.04628,1.5992,0.72818,0.37695,1.5992,0.84704,0.15851,1.5992,0.84704,0.15851,1.5992,0.65634,0.10967,4.4008,0.64447,0.14522,4.4008,0.65634,0.10967,4.4008,0.64447,0.14522,4.4008
2,27,2,2,0,0,0,0,0.000,0.0000,0.1320,0.92708,0.07233,0.6192,0.76371,0.16352,6.3808,0.94555,0.06190,0.6192,0.92708,0.07233,0.6192,0.82820,0.18095,0.6192,0.94555,0.06190,0.6192,0.94555,0.06190,0.6192,0.59549,0.16474,9.3808,0.59549,0.16474,9.3808,0.59549,0.16474,9.3808,0.59549,0.16474,9.3808
2,27,4,1,-1,1,3,4,0.000,0.0000,3.4199,0.03339,1.10492,0.5095,0.36146,1.00833,28.5095,0.03339,1.10492,0.5095,0.03339,1.10492,0.5095,0.03339,1.10492,0.5095,0.03339,1.10492,0.5095,0.73432,0.28073,0.5095,0.03161,1.01235,0.5095,0.89255,0.08700,0.5095,0.03218,1.01191,0.5095,0.89255,0.09105,0.5095
2,28,0,2,-1,0,1,1,0.000,0.0000,0.8367,0.29336,1.30147,19.6667,0.31856,1.41648,4.6667,0.29336,1.30147,19.6667,0.29336,1.30147,19.6667,0.29336,1.30147,19.6667,0.29336,1.30147,19.6667,0.29336,1.30147,19.6667,0.60917,0.09044,10.6667,0.60917,0.09044,10.6667,0.60917,0.09044,10.6667,0.60917,0.09044,10.6667
2,28,1,1,-1,0,2,2,0.000,0.0000,0.4251,0.93768,0.06614,0.5992,0.60861,0.18237,14.4008,0.93768,0.06614,0.5992,0.93768,0.06614,0.5992,0.93768,0.06614,0.5992,0.93768,0.06614,0.5992,0.88109,0.13111,0.5992,0.65634,0.10967,4.4008,0.64447,0.14522,4.4008,0.65634,0.10967,4.4008,0.64447,0.14522,4.4008
2,28,2,2,0,0,0,0,0.000,0.0000,0.1945,0.70773,0.63676,0.3808,0.61346,0.71937,6.3808,0.96364,0.05832,0.3808,0.86113,0.28294,0.3808,0.82776,0.18584,0.3808,0.96364,0.05832,0.3808,0.96364,0.05832,0.3808,0.59549,0.16474,9.3808,0.59549,0.16475,9.3808,0.59549,0.16474,9.3808,0.59549,0.16475,9.3808
2,28,4,1,-1,1,3,4,0.000,0.0000,2.8886,0.03257,1.12405,0.5095,0.36726,0.99844,28.5095,0.03257,1.12405,0.5095,0.03257,1.12405,0.5095,0.03257,1.12405,0.5095,0.03257,1.12405,0.5095,0.70659,0.33144,0.5095,0.03161,1.01235,0.5095,0.89255,0.11753,0.5095,0.03529,1.00340,0.4905,0.90173,0.07576,0.4905
2,29,0,2,-1,0,1,1,0.000,0.0000,0.5256,0.58639,0.34734,13.3333,0.71351,0.34043,4.6667,0.58639,0.34734,13.3333,0.58639,0.34734,13.3333,0.58639,0.34734,13.3333,0.58639,0.34734,13.3333,0.58639,0.34734,13.3333,0.59745,0.10043,10.6667,0.59745,0.10043,10.6667,0.59745,0.10043,10.6667,0.59745,0.10043,10.6667
2,29,1,1,-1,0,2,2,0.000,0.0000,0.2090,0.96401,0.02704,0.4008,0.60840,0.19278,14.4008,0.96401,0.02704,0.4008,0.96401,0.02704,0.4008,0.96401,0.02704,0.4008,0.96401,0.02704,0.4008,0.88109,0.13342,0.4008,0.66980,0.11139,3.4008,0.66214,0.13306,3.4008,0.66980,0.11139,3.4008,0.66214,0.13306,3.4008
2,29,2,2,0,0,0,0,0.000,0.0000,0.2400,0.54905,0.94380,0.3808,0.51184,1.02784,6.3808,0.88517,0.10420,0.3808,0.80327,0.28333,0.3808,0.82083,0.20662,0.3808,0.88517,0.10420,0.3808,0.88517,0.10420,0.3808,0.59549,0.16474,9.3808,0.59549,0.16475,9.3808,0.59549,0.16474,9.3808,0.59549,0.16475,9.3808
2,29,4,2,-1,1,3,4,0.000,0.0000,2.3976,0.02825,1.16444,0.4905,0.36668,0.99821,28.5095,0.02825,1.16444,0.4905,0.02825,1.16444,0.4905,0.02825,1.16444,0.4905,0.02825,1.16444,0.4905,0.65467,0.40444,0.4905,0.03350,1.08473,0.5095,0.76634,0.25173,0.5095,0.00066,1.35447,0.4905,0.55989,0.78181,0.4905
2,30,0,2,-1,0,1,1,0.000,0.0000,0.3158,0.73916,0.27890,5.3333,0.73783,0.26687,4.6667,0.73916,0.27890,5.3333,0.73916,0.27890,5.3333,0.73916,0.27890,5.3333,0.73916,0.27890,5.3333,0.73916,0.27890,5.3333,0.59745,0.10043,10.6667,0.59745,0.10043,10.6667,0.59745,0.10043,10.6667,0.59745,0.10043,10.6667
2,30,1,2,0,0,2,2,0.000,0.0000,0.1389,0.94378,0.07773,0.4008,0.64889,0.15584,14.4008,0.88109,0.14235,0.4008,0.94378,0.07773,0.4008,0.72818,0.38061,0.4008,0.88109,0.14235,0.4008,0.88109,0.14235,0.4008,0.66980,0.11139,3.4008,0.66214,0.13306,3.4008,0.66980,0.11139,3.4008,0.66214,0.13306,3.4008
2,30,2,2,0,0,0,0,0.000,0.0000,0.2536,0.33021,1.49835,0.6192,0.30439,1.58877,6.3808,0.94445,0.05586,0.6192,0.83594,0.27400,0.6192,0.82820,0.18933,0.6192,0.24290,1.91678,0.6192,0.94445,0.05586,0.6192,0.59549,0.16474,9.3808,0.59549,0.16475,9.3808,0.59549,0.16474,9.3808,0.59549,0.16475,9.3808
2,30,4,2,-1,1,3,4,0.000,0.0000,2.0144,0.68519,0.38604,4.4905,0.42232,0.16030,28.5095,0.68519,0.38604,4.4905,0.68519,0.38604,4.4905,0.68519,0.38604,4.4905,0.68519,0.38604,4.4905,0.70148,0.37023,4.4905,0.03350,1.08473,0.5095,0.76634,0.25173,0.5095,0.00395,1.31918,0.4905,0.59705,0.70224,0.4905
2,31,0,2,0,0,1,1,0.000,0.0000,0.1320,0.73738,0.52661,0.3333,0.68266,0.52198,4.6667,0.82478,0.28009,0.3333,0.74664,0.50045,0.3333,0.89827,0.08262,0.3333,0.82478,0.28009,0.3333,0.82478,0.28009,0.3333,0.59745,0.10043,10.6667,0.59745,0.10043,10.6667,0.59745,0.10043,10.6667,0.59745,0.10043,10.6667
2,31,1,2,0,0,2,2,0.000,0.0000,0.2258,0.90236,0.07747,0.4008,0.62556,0.34333,14.4008,0.84285,0.16499,0.4008,0.90236,0.07747,0.4008,0.72818,0.37729,0.4008,0.84285,0.16499,0.4008,0.84285,0.16499,0.4008,0.66980,0.11139,3.4008,0.66214,0.13306,3.4008,0.66980,0.11139,3.4008,0.66214,0.13306,3.4008
2,31,2,2,0,0,0,0,0.000,0.0000,0.2500,0.19698,1.80599,0.6192,0.17469,1.89737,6.3808,0.95592,0.04757,0.6192,0.82897,0.27247,0.6192,0.82820,0.19550,0.6192,0.24344,1.92136,0.6192,0.95592,0.04757,0.6192,0.59549,0.16474,9.3808,0.59549,0.16475,9.3808,0.59549,0.16474,9.3808,0.59549,0.16475,9.3808
2,31,4,2,-1,1,3,4,0.000,0.0000,1.5667,0.67191,0.41696,0.4905,0.45555,0.49163,28.5095,0.67191,0.41696,0.4905,0.67191,0.41696,0.4905,0.67191,0.41696,0.4905,0.67191,0.41696,0.4905,0.65531,0.42449,0.4905,0.03611,1.08178,0.5095,0.76634,0.25173,0.5095,0.00527,1.29257,0.4905,0.58784,0.63723,0.4905
2,32,0,2,0,0,1,1,0.000,0.0000,0.0314,0.69734,0.73819,0.3333,0.65016,0.72263,4.6667,0.87533,0.28286,0.3333,0.78750,0.50785,0.3333,0.89352,0.09424,0.3333,0.87533,0.28286,0.3333,0.87533,0.28286,0.3333,0.59745,0.10043,10.6667,0.59745,0.10043,10.6667,0.59745,0.10043,10.6667,0.59745,0.10043,10.6667
2,32,1,2,-1,0,2,2,0.000,0.0000,0.3397,0.78897,0.16914,0.5992,0.51775,0.51440,14.4008,0.78897,0.16914,0.5992,0.78897,0.16914,0.5992,0.78897,0.16914,0.5992,0.78897,0.16914,0.5992,0.73358,0.22935,0.5992,0.66980,0.11139,3.4008,0.66214,0.13306,3.4008,0.66980,0.11139,3.4008,0.66214,0.13306,3.4008
2,32,4,2,-1,1,3,4,0.000,0.0000,1.1467,0.72831,0.32198,2.4905,0.44230,0.50964,28.5095,0.72831,0.32198,2.4905,0.72831,0.32198,2.4905,0.72831,0.32198,2.4905,0.72831,0.32198,2.4905,0.71502,0.32519,2.4905,0.69149,0.33062,2.5095,0.81335,0.18574,2.5095,0.00460,1.26024,0.4905,0.61569,0.57742,0.4905
2,33,0,2,0,0,1,1,0.000,0.0000,0.0513,0.50257,1.23460,0.3333,0.48946,1.22336,4.6667,0.88206,0.27670,0.3333,0.79334,0.50170,0.3333,0.89489,0.09403,0.3333,0.88206,0.27670,0.3333,0.88206,0.27670,0.3333,0.59745,0.10043,10.6667,0.59745,0.10043,10.6667,0.59745,0.10043,10.6667,0.59745,0.10043,10.6667
2,33,1,2,0,0,2,2,0.000,0.0000,0.3549,0.67533,0.14660,4.4008,0.51021,0.15882,14.4008,0.67533,0.14660,4.4008,0.67533,0.14660,4.4008,0.67533,0.14660,4.4008,0.67533,0.14660,4.4008,0.67533,0.14660,4.4008,0.70511,0.15613,2.5992,0.70511,0.15613,2.5992,0.70511,0.15613,2.5992,0.70511,0.15613,2.5992
2,33,4,2,1,1,3,4,0.000,0.0000,0.7869,0.47201,0.73141,10.4905,0.42188,0.63897,28.5095,0.47201,0.73141,10.4905,0.47201,0.73141,10.4905,0.44562,0.77469,10.4905,0.47201,0.73141,10.4905,0.47201,0.73141,10.4905,0.85210,0.16238,0.5095,0.83294,0.17888,0.5095,0.85527,0.16104,0.5095,0.83294,0.17888,0.5095
2,34,0,2,0,0,1,1,0.000,0.0000,0.1243,0.30849,1.72146,1.6667,0.31154,1.71896,4.6667,0.83934,0.28586,1.6667,0.76130,0.50801,1.6667,0.89522,0.05670,1.6667,0.22631,2.06953,1.6667,0.83934,0.28586,1.6667,0.59745,0.10043,10.6667,0.59745,0.10043,10.6667,0.59745,0.10043,10.6667,0.59745,0.10043,10.6667
2,34,1,2,-1,0,2,2,0.000,0.0000,0.8886,0.28235,1.73989,6.5992,0.26814,1.35349,14.4008,0.28235,1.73989,6.5992,0.28235,1.73989,6.5992,0.28235,1.73989,6.5992,0.28235,1.73989,6.5992,0.28235,1.73989,6.5992,0.66750,0.13509,4.5992,0.66750,0.13509,4.5992,0.66750,0.13509,4.5992,0.66750,0.13509,4.5992
2,34,4,2,1,1,3,4,0.000,0.0000,0.6372,0.33915,0.96424,19.4905,0.43537,0.50345,28.5095,0.33915,0.96424,19.4905,0.33915,0.96424,19.4905,0.37861,0.89460,19.4905,0.33915,0.96424,19.4905,0.33915,0.96424,19.4905,0.85161,0.16265,0.5095,0.83294,0.17740,0.5095,0.85479,0.16118,0.5095,0.83294,0.17740,0.5095
2,35,0,2,0,0,1,1,0.000,0.0000,0.1555,0.10796,2.22651,0.6667,0.11761,2.21905,4.6667,0.86225,0.28099,0.6667,0.77772,0.50523,0.6667,0.89496,0.07968,0.6667,0.22637,2.09585,0.6667,0.86225,0.28099,0.6667,0.59745,0.10043,10.6667,0.59745,0.10043,10.6667,0.59745,0.10043,10.6667,0.59745,0.10043,10.6667
2,35,1,2,-1,0,2,2,0.000,0.0000,0.5897,0.60766,0.25852,17.4008,0.62807,0.24393,14.4008,0.60766,0.25852,17.4008,0.60766,0.25852,17.4008,0.60766,0.25852,17.4008,0.60766,0.25852,17.4008,0.59298,0.26244,17.4008,0.66750,0.13509,4.5992,0.66750,0.13509,4.5992,0.66750,0.13509,4.5992,0.66750,0.13509,4.5992
2,35,2,2,0,0,0,0,0.000,0.0000,0.1687,0.21397,1.78285,0.6192,0.18553,1.86870,6.3808,0.95906,0.04227,0.6192,0.86592,0.26083,0.6192,0.82820,0.20077,0.6192,0.24450,1.91584,0.6192,0.95906,0.04227,0.6192,0.59549,0.16474,9.3808,0.59549,0.16475,9.3808,0.59549,0.16474,9.3808,0.59549,0.16475,9.3808
2,35,4,2,-1,1,3,4,0.000,0.0000,0.4386,0.53711,0.51328,5.4905,0.35272,0.06353,28.5095,0.53711,0.51328,5.4905,0.53711,0.51328,5.4905,0.53711,0.51328,5.4905,0.53711,0.51328,5.4905,0.53711,0.51328,5.4905,0.80359,0.22621,0.4905,0.78443,0.23630,0.4905,0.80442,0.22566,0.4905,0.78443,0.23630,0.4905
2,36,0,2,0,0,1,1,0.000,0.0000,0.1677,0.06892,2.31987,0.6667,0.07935,2.31719,4.6667,0.86366,0.27268,0.6667,0.77632,0.49702,0.6667,0.89796,0.07327,0.6667,0.22775,2.08851,0.6667,0.86366,0.27268,0.6667,0.59745,0.10043,10.6667,0.59745,0.10043,10.6667,0.59745,0.10043,10.6667,0.59745,0.10043,10.6667
2,36,1,2,-1,0,2,2,0.000,0.0000,0.4433,0.70234,0.17335,10.4008,0.63835,0.23393,14.4008,0.70234,0.17335,10.4008,0.70234,0.17335,10.4008,0.70234,0.17335,10.4008,0.70234,0.17335,10.4008,0.68335,0.18797,10.4008,0.66750,0.13509,4.5992,0.66750,0.13509,4.5992,0.66750,0.13509,4.5992,0.66750,0.13509,4.5992
2,36,4,2,1,1,3,4,0.000,0.0000,0.4380,0.42167,0.77982,13.4905,0.40747,0.16226,28.5095,0.42766,0.77106,13.4905,0.42167,0.77982,13.4905,0.48030,0.68329,13.4905,0.42766,0.77106,13.4905,0.42766,0.77106,13.4905,0.63387,0.19855,10.5095,0.63786,0.05490,10.5095,0.63446,0.19037,10.5095,0.63710,0.05554,10.5095
3,0,0,2,0,0,1,1,0.000,0.0000,0.0000,0.27874,0.64767,0.5334,0.39855,0.79339,37.4666,0.96360,0.02231,0.5334,0.87265,0.10910,0.5334,0.86823,0.07476,0.5334,0.96360,0.02231,0.5334,0.96360,0.02231,0.5334,0.27874,0.64767,0.5334,0.96360,0.02232,0.5334,0.27874,0.64767,0.5334,0.96360,0.02232,0.5334
3,0,1,1,0,0,2,2,0.000,0.0000,0.0000,0.01066,2.07578,1.3777,0.02030,2.07562,5.3777,0.82229,0.15983,1.3777,0.86056,0.10644,1.3777,0.68544,0.39650,1.3777,0.22935,1.90606,1.3777,0.82229,0.15983,1.3777,0.01066,2.07578,1.3777,0.82229,0.15983,1.3777,0.01066,2.07578,1.3777,0.82229,0.15983,1.3777
3,0,2,1,-1,0,0,0,0.000,0.0000,0.0000,0.46523,0.68832,6.1277,0.32682,0.97430,39.8723,0.46523,0.68832,6.1277,0.46523,0.68832,6.1277,0.46523,0.68832,6.1277,0.46523,0.68832,6.1277,0.46523,0.68832,6.1277,0.46494,0.68992,6.1277,0.46494,0.68992,6.1277,0.46494,0.68992,6.1277,0.46494,0.68992,6.1277
3,0,4,2,0,1,3,3,0.000,0.0000,0.0000,0.07575,2.91550,1.3167,0.06700,2.96520,4.3167,0.68244,0.92861,1.3167,0.61696,1.15322,1.3167,0.74689,0.70423,1.3167,0.20465,2.62254,1.3167,0.89296,0.18660,1.3167,0.07575,2.91550,1.3167,0.89296,0.18660,1.3167,0.07575,2.91550,1.3167,0.89296,0.18660,1.3167
3,1,0,2,0,0,1,1,0.000,0.0000,0.3330,0.29345,0.63324,0.5334,0.39750,0.79430,37.4666,0.95232,0.05456,0.5334,0.86370,0.11866,0.5334,0.86823,0.07331,0.5334,0.95232,0.05456,0.5334,0.95232,0.05456,0.5334,0.23547,0.70089,0.4666,0.90161,0.18932,0.4666,0.23547,0.70089,0.4666,0.90161,0.18932,0.4666
3,1,1,1,0,0,2,2,0.000,0.0000,0.6715,0.01004,2.07859,0.6223,0.02145,2.09369,5.3777,0.89895,0.12157,0.6223,0.86835,0.10790,0.6223,0.75767,0.34521,0.6223,0.25158,1.23073,0.6223,0.89895,0.12157,0.6223,0.00442,2.06807,0.6223,0.87166,0.16885,0.6223,0.00442,2.06807,0.6223,0.87166,0.16885,0.6223
3,1,2,1,0,0,0,0,0.000,0.0000,8.7437,0.12593,1.01560,7.1277,0.41069,0.80871,39.8723,0.54908,0.51187,7.1277,0.47913,0.60118,7.1277,0.57683,0.42286,7.1277,0.54908,0.51187,7.1277,0.54908,0.51187,7.1277,0.03947,0.90851,0.1277,0.89224,0.07524,0.1277,0.03947,0.90851,0.1277,0.89224,0.07524,0.1277
3,1,4,2,0,1,3,3,0.000,0.0000,0.8173,0.08510,2.87351,0.6833,0.07231,2.94600,4.3167,0.66187,0.92732,0.6833,0.59694,1.15165,0.6833,0.74686,0.70088,0.6833,0.20612,2.57467,0.6833,0.90823,0.17901,0.6833,0.07428,2.91112,0.3167,0.93974,0.16027,0.3167,0.07428,2.91112,0.3167,0.93974,0.16027,0.3167
3,2,0,2,0,0,1,1,0.000,0.0000,0.3199,0.20232,0.72025,0.4666,0.38773,0.82133,37.4666,0.93639,0.08353,0.4666,0.84212,0.14227,0.4666,0.86823,0.06664,0.4666,0.93639,0.08353,0.4666,0.93639,0.08353,0.4666,0.13458,0.86917,0.4666,0.90794,0.17413,0.4666,0.13458,0.86917,0.4666,0.90794,0.17413,0.4666
3,2,1,1,0,0,2,2,0.000,0.0000,0.2251,0.01240,2.08355,2.6223,0.02637,2.06531,5.3777,0.86000,0.11693,2.6223,0.87117,0.13570,2.6223,0.75135,0.33194,2.6223,0.24836,1.24935,2.6223,0.86000,0.11693,2.6223,0.01191,2.07558,0.6223,0.90565,0.12024,0.6223,0.01191,2.07558,0.6223,0.90565,0.12024,0.6223
3,2,2,2,0,0,0,0,0.000,0.0000,3.7346,0.57538,0.47737,3.8723,0.45519,0.35050,39.8723,0.57538,0.47737,3.8723,0.57538,0.47737,3.8723,0.63211,0.41462,3.8723,0.57538,0.47737,3.8723,0.57538,0.47737,3.8723,0.03947,0.90851,0.1277,0.87915,0.13072,0.1277,0.03947,0.90851,0.1277,0.87915,0.13072,0.1277
3,2,4,2,0,-1,-1,-1,0.000,-1.0000,-1.0000,0.00777,3.13032,0.6833,0.01260,3.14027,4.3167,0.63310,0.93571,0.6833,0.57056,1.15935,0.6833,0.75462,0.70466,0.6833,0.20465,2.58631,0.6833,0.00777,3.13032,0.6833,0.00777,3.13032,0.6833,0.00777,3.13032,0.6833,0.00777,3.13032,0.6833,0.00777,3.13032,0.6833
3,3,0,2,0,0,1,1,0.000,0.0000,0.6116,0.12063,0.87789,5.4666,0.38810,0.81914,37.4666,0.76933,0.22147,5.4666,0.68225,0.31110,5.4666,0.79667,0.16351,5.4666,0.76933,0.22147,5.4666,0.76933,0.22147,5.4666,0.15801,0.77497,0.4666,0.90418,0.17996,0.4666,0.15801,0.77497,0.4666,0.90418,0.17996,0.4666
3,3,1,1,0,0,2,2,0.000,0.0000,0.2293,0.00842,2.08446,0.6223,0.02270,2.07772,5.3777,0.90631,0.11582,0.6223,0.86809,0.11054,0.6223,0.75767,0.34038,0.6223,0.25080,1.23491,0.6223,0.90631,0.11582,0.6223,0.00756,2.06871,0.3777,0.90751,0.15137,0.3777,0.00756,2.06871,0.3777,0.90751,0.15137,0.3777
3,3,2,2,0,0,0,0,0.000,0.0000,2.0182,0.77219,0.23743,0.1277,0.43989,0.59634,39.8723,0.75379,0.24574,0.1277,0.77220,0.23743,0.1277,0.70607,0.36192,0.1277,0.75379,0.24574,0.1277,0.75379,0.24574,0.1277,0.03637,0.92891,1.1277,0.84008,0.16569,1.1277,0.03637,0.92891,1.1277,0.84008,0.16569,1.1277
3,3,4,2,0,1,3,3,0.000,0.0000,0.4301,0.01016,3.14051,3.3167,0.01272,3.13898,4.3167,0.63869,0.97183,3.3167,0.58053,1.19498,3.3167,0.69057,0.75280,3.3167,0.19569,2.70983,3.3167,0.80351,0.26769,3.3167,0.08846,2.87425,0.6833,0.90383,0.18292,0.6833,0.08846,2.87425,0.6833,0.90383,0.18292,0.6833
3,4,0,2,0,0,1,1,0.000,0.0000,0.2399,0.15699,0.76578,0.4666,0.38446,0.83174,37.4666,0.94130,0.05690,0.4666,0.84426,0.13558,0.4666,0.86823,0.05595,0.4666,0.94130,0.05690,0.4666,0.94130,0.05690,0.4666,0.16984,0.74411,0.4666,0.95770,0.04406,0.4666,0.16984,0.74411,0.4666,0.95770,0.04406,0.4666
3,4,1,1,0,0,2,2,0.000,0.0000,0.1582,0.00975,2.07764,0.6223,0.02521,2.06030,5.3777,0.89530,0.12365,0.6223,0.86052,0.10754,0.6223,0.75767,0.34679,0.6223,0.25181,1.22951,0.6223,0.89530,0.12365,0.6223,0.01035,2.06236,0.3777,0.90751,0.15138,0.3777,0.01035,2.06236,0.3777,0.90751,0.15138,0.3777
3,4,2,2,0,0,0,0,0.000,0.0000,1.9189,0.44276,0.67328,16.1277,0.43058,0.22241,39.8723,0.44276,0.67328,16.1277,0.44276,0.67328,16.1277,0.48292,0.61242,16.1277,0.44276,0.67328,16.1277,0.44276,0.67328,16.1277,0.69190,0.30555,4.8723,0.75298,0.23330,4.8723,0.69190,0.30555,4.8723,0.75298,0.23330,4.8723
3,4,4,2,0,1,3,3,0.000,0.0000,0.0954,0.04140,3.01214,0.3167,0.03224,3.06483,4.3167,0.64186,0.93037,0.3167,0.57702,1.15469,0.3167,0.76487,0.70188,0.3167,0.20564,2.59994,0.3167,0.93485,0.17694,0.3167,0.08846,2.87425,0.6833,0.90383,0.18292,0.6833,0.08846,2.87425,0.6833,0.90383,0.18292,0.6833
3,5,0,2,0,0,1,1,0.000,0.0000,0.1057,0.24062,0.68306,0.5334,0.37351,0.85211,37.4666,0.93534,0.09024,0.5334,0.84422,0.14273,0.5334,0.86823,0.06992,0.5334,0.93534,0.09024,0.5334,0.93534,0.09024,0.5334,0.19250,0.72376,0.5334,0.95118,0.05789,0.5334,0.19250,0.72376,0.5334,0.95118,0.05789,0.5334
3,5,1,1,0,0,2,2,0.000,0.0000,0.1128,0.01465,2.06473,0.6223,0.02724,2.07179,5.3777,0.89300,0.13347,0.6223,0.92133,0.09901,0.6223,0.75767,0.35647,0.6223,0.25354,1.22004,0.6223,0.89300,0.13347,0.6223,0.00916,2.07636,0.6223,0.89900,0.13001,0.6223,0.00916,2.07636,0.6223,0.89900,0.13001,0.6223
3,5,2,2,-1,0,0,0,0.000,0.0000,1.8034,0.39876,0.58361,35.8723,0.39729,0.59087,39.8723,0.39876,0.58361,35.8723,0.39876,0.58361,35.8723,0.39876,0.58361,35.8723,0.39876,0.58361,35.8723,0.39483,0.58361,35.8723,0.77494,0.23165,0.1277,0.75684,0.24012,0.1277,0.77494,0.23165,0.1277,0.75684,0.24012,0.1277
3,5,4,2,0,1,3,3,0.000,0.0000,0.1403,0.15535,2.63319,1.6833,0.14293,2.69923,4.3167,0.62569,0.94380,1.6833,0.56677,1.16646,1.6833,0.71891,0.71423,1.6833,0.20494,2.55798,1.6833,0.86432,0.20437,1.6833,0.06864,2.93248,2.3167,0.85711,0.19795,2.3167,0.06864,2.93248,2.3167,0.85711,0.19795,2.3167
3,6,0,2,0,0,1,1,0.000,0.0000,0.2977,0.47831,0.52779,6.5334,0.37087,0.87089,37.4666,0.71855,0.28295,6.5334,0.63739,0.36437,6.5334,0.78069,0.17036,6.5334,0.71855,0.28295,6.5334,0.71855,0.28295,6.5334,0.19280,0.72554,0.5334,0.95262,0.05050,0.5334,0.19280,0.72554,0.5334,0.95262,0.05050,0.5334
3,6,1,1,0,0,2,2,0.000,0.0000,0.0591,0.01291,2.06936,0.3777,0.02550,2.07197,5.3777,0.86902,0.13678,0.3777,0.88245,0.10085,0.3777,0.72131,0.37908,0.3777,0.24257,1.86312,0.3777,0.86902,0.13678,0.3777,0.01173,2.06743,1.3777,0.88681,0.13851,1.3777,0.01173,2.06743,1.3777,0.88681,0.13851,1.3777
3,6,2,2,-1,0,0,0,0.000,0.0000,0.7650,0.35851,1.47431,12.1277,0.22041,1.15386,39.8723,0.35851,1.47431,12.1277,0.35851,1.47431,12.1277,0.35851,1.47431,12.1277,0.35851,1.47431,12.1277,0.35851,1.47431,12.1277,0.83478,0.15379,0.8723,0.81542,0.15716,0.8723,0.83478,0.15379,0.8723,0.81542,0.15716,0.8723
3,6,4,2,-1,1,3,3,0.000,0.0000,0.3699,0.33573,1.97806,0.3167,0.32890,2.02097,4.3167,0.33573,1.97806,0.3167,0.33573,1.97806,0.3167,0.33573,1.97806,0.3167,0.33573,1.97806,0.3167,0.76475,0.29577,0.3167,0.07682,2.90407,0.6833,0.91292,0.16806,0.6833,0.07682,2.90407,0.6833,0.91292,0.16806,0.6833
3,7,0,2,-1,0,1,1,0.000,0.0000,0.9765,0.32720,1.06820,39.5334,0.32685,1.09740,37.4666,0.32720,1.06820,39.5334,0.32720,1.06820,39.5334,0.32720,1.06820,39.5334,0.32720,1.06820,39.5334,0.35886,0.95616,39.5334,0.19268,0.72604,0.5334,0.94973,0.05734,0.5334,0.19268,0.72604,0.5334,0.94973,0.05734,0.5334
3,7,1,1,0,0,2,2,0.000,0.0000,0.0220,0.00846,2.07938,0.3777,0.02432,2.06865,5.3777,0.85065,0.14670,0.3777,0.89830,0.09999,0.3777,0.70725,0.38802,0.3777,0.23931,1.87749,0.3777,0.85065,0.14670,0.3777,0.01102,2.07771,0.6223,0.90474,0.12135,0.6223,0.01102,2.07771,0.6223,0.90474,0.12135,0.6223
3,7,2,2,-1,0,0,0,0.000,0.0000,0.4204,0.58685,0.37266,14.1277,0.41032,0.67237,39.8723,0.58685,0.37266,14.1277,0.58685,0.37266,14.1277,0.58685,0.37266,14.1277,0.58685,0.37266,14.1277,0.58685,0.37266,14.1277,0.67016,0.25882,8.8723,0.67016,0.25882,8.8723,0.67016,0.25882,8.8723,0.67016,0.25882,8.8723
3,7,4,2,-1,1,3,3,0.000,0.0000,0.4463,0.35610,1.90318,0.3167,0.34714,1.95034,4.3167,0.35610,1.90318,0.3167,0.35610,1.90318,0.3167,0.35610,1.90318,0.3167,0.35610,1.90318,0.3167,0.75836,0.30711,0.3167,0.07682,2.90407,0.6833,0.91292,0.16806,0.6833,0.07682,2.90407,0.6833,0.91292,0.16806,0.6833
3,8,0,2,-1,0,1,1,0.000,0.0000,2.3100,0.22422,2.42687,41.5334,0.18264,2.45763,37.4666,0.22422,2.42687,41.5334,0.22422,2.42687,41.5334,0.22422,2.42687,41.5334,0.22422,2.42687,41.5334,0.22422,2.42687,41.5334,0.19318,0.72563,0.5334,0.95203,0.05190,0.5334,0.19318,0.72563,0.5334,0.95203,0.05190,0.5334
3,8,1,2,0,0,2,2,0.000,0.0000,0.0242,0.01337,2.06804,0.6223,0.02455,2.08615,5.3777,0.85544,0.14645,0.6223,0.88340,0.11804,0.6223,0.75767,0.36085,0.6223,0.25334,1.22275,0.6223,0.85544,0.14645,0.6223,0.01125,2.07768,0.6223,0.90474,0.12042,0.6223,0.01125,2.07768,0.6223,0.90474,0.12042,0.6223
3,8,2,2,-1,0,0,0,0.000,0.0000,0.6998,0.41709,0.67427,35.8723,0.40508,0.72060,39.8723,0.41709,0.67427,35.8723,0.41709,0.67427,35.8723,0.41709,0.67427,35.8723,0.41709,0.67427,35.8723,0.37055,0.72022,35.8723,0.66107,0.25826,8.8723,0.66107,0.25826,8.8723,0.66107,0.25826,8.8723,0.66107,0.25826,8.8723
3,8,4,2,0,1,3,3,0.000,0.0000,0.2634,0.34069,2.02398,0.3167,0.33352,2.08251,4.3167,0.67157,0.92986,0.3167,0.60335,1.15464,0.3167,0.75801,0.70407,0.3167,0.67157,0.92986,0.3167,0.93038,0.17913,0.3167,0.07682,2.90407,0.6833,0.91292,0.16806,0.6833,0.07682,2.90407,0.6833,0.91292,0.16806,0.6833
3,9,0,2,-1,0,1,1,0.000,0.0000,1.6337,0.35314,0.89921,35.5334,0.40174,0.75099,37.4666,0.35314,0.89921,35.5334,0.35314,0.89921,35.5334,0.35314,0.89921,35.5334,0.35314,0.89921,35.5334,0.38064,0.82322,35.5334,0.19318,0.72563,0.5334,0.95203,0.05190,0.5334,0.19318,0.72563,0.5334,0.95203,0.05190,0.5334
3,9,1,2,0,0,2,2,0.000,0.0000,0.0110,0.01108,2.07878,1.3777,0.02359,2.07695,5.3777,0.88170,0.12327,1.3777,0.90614,0.10842,1.3777,0.73111,0.36549,1.3777,0.24000,1.85809,1.3777,0.88170,0.12327,1.3777,0.01125,2.07768,0.6223,0.89085,0.12347,0.6223,0.01125,2.07768,0.6223,0.89085,0.12347,0.6223
3,9,2,2,0,0,0,0,0.000,0.0000,0.6370,0.28738,1.67598,0.1277,0.24548,1.75917,39.8723,0.87656,0.27908,0.1277,0.78211,0.50406,0.1277,0.81528,0.08489,0.1277,0.19782,2.10015,0.1277,0.87656,0.27908,0.1277,0.66107,0.25826,8.8723,0.66107,0.25826,8.8723,0.66107,0.25826,8.8723,0.66107,0.25826,8.8723
3,9,4,2,0,1,3,3,0.000,0.0000,0.1489,0.44720,1.63919,0.3167,0.44477,1.68256,4.3167,0.65236,0.94374,0.3167,0.58597,1.16824,0.3167,0.75183,0.71663,0.3167,0.65236,0.94374,0.3167,0.92356,0.19184,0.3167,0.07418,2.91541,0.3167,0.93714,0.16884,0.3167,0.07418,2.91541,0.3167,0.93714,0.16884,0.3167
3,10,0,2,-1,0,1,1,0.000,0.0000,1.1885,0.30929,0.94533,32.5334,0.32103,0.94533,37.4666,0.30929,0.94533,32.5334,0.30929,0.94533,32.5334,0.30929,0.94533,32.5334,0.30929,0.94533,32.5334,0.35500,0.97241,32.5334,0.10175,0.88077,4.4666,0.80297,0.18544,4.4666,0.10175,0.88077,4.4666,0.80297,0.18544,4.4666
3,10,1,2,0,0,2,2,0.000,0.0000,0.0126,0.01337,2.06949,0.3777,0.02792,2.06621,5.3777,0.86351,0.13855,0.3777,0.90471,0.10076,0.3777,0.71710,0.38067,0.3777,0.24142,1.86809,0.3777,0.86351,0.13855,0.3777,0.01125,2.07768,0.6223,0.89085,0.12347,0.6223,0.01125,2.07768,0.6223,0.89085,0.12347,0.6223
3,10,2,1,0,0,0,0,0.000,0.0000,0.5434,0.14223,1.90536,3.8723,0.19525,1.92902,39.8723,0.86058,0.05119,3.8723,0.79985,0.26122,3.8723,0.78315,0.19558,3.8723,0.23923,1.38386,3.8723,0.86058,0.05119,3.8723,0.65902,0.25830,8.8723,0.65902,0.25830,8.8723,0.65902,0.25830,8.8723,0.65902,0.25830,8.8723
3,10,4,2,0,1,3,3,0.000,0.0000,0.0947,0.50035,1.50931,0.6833,0.47694,1.58394,4.3167,0.67312,0.92333,0.6833,0.60734,1.14787,0.6833,0.74095,0.69877,0.6833,0.67312,0.92333,0.6833,0.90027,0.17883,0.6833,0.10802,2.80804,0.3167,0.93785,0.16880,0.3167,0.10802,2.80804,0.3167,0.93785,0.16880,0.3167
3,11,1,2,0,0,2,2,0.000,0.0000,0.0196,0.01458,2.06575,0.6223,0.02859,2.06409,5.3777,0.85640,0.14321,0.6223,0.89468,0.09926,0.6223,0.71166,0.38496,0.6223,0.24384,1.87309,0.6223,0.85640,0.14321,0.6223,0.01125,2.07768,0.6223,0.89085,0.12347,0.6223,0.01125,2.07768,0.6223,0.89085,0.12347,0.6223
3,11,2,1,0,0,0,0,0.000,0.0000,0.4972,0.03246,2.13770,0.1277,0.10262,2.16305,39.8723,0.95342,0.01294,0.1277,0.88745,0.21951,0.1277,0.81528,0.23108,0.1277,0.24631,1.34425,0.1277,0.95342,0.01294,0.1277,0.65902,0.25830,8.8723,0.65902,0.25830,8.8723,0.65902,0.25830,8.8723,0.65902,0.25830,8.8723
3,11,4,2,0,1,3,3,0.000,0.0000,0.0218,0.42982,1.79495,0.3167,0.40083,1.85358,4.3167,0.69822,0.93615,0.3167,0.62809,1.16115,0.3167,0.76808,0.71116,0.3167,0.69822,0.93615,0.3167,0.92995,0.18623,0.3167,0.35094,2.03884,0.3167,0.93834,0.17054,0.3167,0.35094,2.03884,0.3167,0.93834,0.17054,0.3167
3,12,0,2,0,-1,-1,-1,0.000,-1.0000,-1.0000,0.06971,2.60556,31.5334,0.10716,2.44181,37.4666,0.19671,1.52880,31.5334,0.19209,1.64551,31.5334,0.19850,1.43805,31.5334,0.19671,1.52880,31.5334,0.06971,2.60556,31.5334,0.06971,2.60556,31.5334,0.06971,2.60556,31.5334,0.06971,2.60556,31.5334,0.06971,2.60556,31.5334
3,12,1,2,0,0,2,2,0.000,0.0000,0.0233,0.01087,2.08071,0.3777,0.02655,2.07396,5.3777,0.91007,0.11508,0.3777,0.90339,0.11854,0.3777,0.75767,0.34892,0.3777,0.25070,1.82253,0.3777,0.91007,0.11508,0.3777,0.01221,2.07597,0.6223,0.89085,0.12347,0.6223,0.01221,2.07597,0.6223,0.89085,0.12347,0.6223
3,12,2,2,0,0,0,0,0.000,0.0000,0.4645,0.92103,0.06486,0.1277,0.40782,0.66891,39.8723,0.92103,0.06486,0.1277,0.92103,0.06486,0.1277,0.81528,0.23912,0.1277,0.92103,0.06486,0.1277,0.92103,0.06486,0.1277,0.65902,0.25830,8.8723,0.65902,0.25830,8.8723,0.65902,0.25830,8.8723,0.65902,0.25830,8.8723
3,12,4,2,0,1,3,3,0.000,0.0000,0.0463,0.32754,2.03279,0.3167,0.32331,2.09065,4.3167,0.63614,0.93674,0.3167,0.57379,1.16031,0.3167,0.69814,0.71408,0.3167,0.63614,0.93674,0.3167,0.84154,0.21440,0.3167,0.34946,2.03369,0.6833,0.90417,0.18274,0.6833,0.34946,2.03369,0.6833,0.90417,0.18274,0.6833
3,13,0,2,0,0,1,1,0.000,0.0000,0.2801,0.19513,1.99631,7.5334,0.17844,2.10572,37.4666,0.70136,0.37929,7.5334,0.65430,0.57708,7.5334,0.72833,0.25257,7.5334,0.21206,2.23479,7.5334,0.70136,0.37929,7.5334,0.31122,0.64615,2.5334,0.87891,0.10726,2.5334,0.31122,0.64615,2.5334,0.87891,0.10726,2.5334
3,13,1,2,0,0,2,2,0.000,0.0000,0.0372,0.01422,2.06773,0.3777,0.02801,2.06547,5.3777,0.90904,0.12722,0.3777,0.93894,0.09846,0.3777,0.75180,0.36605,0.3777,0.25024,1.83032,0.3777,0.90904,0.12722,0.3777,0.01221,2.07597,0.6223,0.89085,0.12347,0.6223,0.01221,2.07597,0.6223,0.89085,0.12347,0.6223
3,13,2,2,0,0,0,0,0.000,0.0000,0.5602,0.32496,1.57190,1.8723,0.26847,1.65384,39.8723,0.81902,0.28658,1.8723,0.73821,0.50706,1.8723,0.81526,0.05155,1.8723,0.81902,0.28658,1.8723,0.81902,0.28658,1.8723,0.65902,0.25830,8.8723,0.65902,0.25830,8.8723,0.65902,0.25830,8.8723,0.65902,0.25830,8.8723
3,13,4,2,0,1,3,3,0.000,0.0000,0.2348,0.28014,2.40643,2.3167,0.27332,2.41267,4.3167,0.57486,1.34314,2.3167,0.51517,1.56772,2.3167,0.63299,1.11874,2.3167,0.57486,1.34314,2.3167,0.76215,0.59687,2.3167,0.35041,2.04275,0.3167,0.93602,0.17836,0.3167,0.35041,2.04275,0.3167,0.93602,0.17836,0.3167
3,14,0,2,-1,0,1,1,0.000,0.0000,0.3444,0.49291,0.32462,20.5334,0.38905,0.33316,37.4666,0.49291,0.32462,20.5334,0.49291,0.32462,20.5334,0.49291,0.32462,20.5334,0.49291,0.32462,20.5334,0.49291,0.32462,20.5334,0.35873,0.62768,4.5334,0.79639,0.19314,4.5334,0.35873,0.62768,4.5334,0.79639,0.19314,4.5334
3,14,1,2,0,0,2,2,0.000,0.0000,0.0729,0.01415,2.13510,1.6223,0.02795,2.10831,5.3777,0.84306,0.08322,1.6223,0.83295,0.24320,1.6223,0.70143,0.27706,1.6223,0.22209,1.97439,1.6223,0.84306,0.08322,1.6223,0.01590,2.07016,1.6223,0.85684,0.13453,1.6223,0.01590,2.07016,1.6223,0.85684,0.13453,1.6223
3,14,2,2,-1,0,0,0,0.000,0.0000,0.4967,0.76542,0.19209,6.1277,0.44735,0.58957,39.8723,0.76542,0.19209,6.1277,0.76542,0.19209,6.1277,0.76542,0.19209,6.1277,0.76542,0.19209,6.1277,0.79448,0.05047,6.1277,0.65902,0.25830,8.8723,0.65902,0.25830,8.8723,0.65902,0.25830,8.8723,0.65902,0.25830,8.8723
3,14,4,2,0,1,3,3,0.000,0.0000,0.1524,0.22259,2.43283,0.3167,0.21232,2.49553,4.3167,0.69135,0.92294,0.3167,0.62130,1.14790,0.3167,0.76141,0.69800,0.3167,0.20630,2.58946,0.3167,0.93394,0.17298,0.3167,0.35041,2.04275,0.3167,0.93602,0.17836,0.3167,0.35041,2.04275,0.3167,0.93602,0.17836,0.3167
3,15,0,2,-1,0,1,1,0.000,0.0000,0.5870,0.51354,0.44944,18.5334,0.44659,0.37487,37.4666,0.51354,0.44944,18.5334,0.51354,0.44944,18.5334,0.51354,0.44944,18.5334,0.51354,0.44944,18.5334,0.52742,0.36245,18.5334,0.82939,0.06679,3.5334,0.82939,0.06679,3.5334,0.82939,0.06679,3.5334,0.82939,0.06679,3.5334
3,15,1,2,0,0,2,2,0.000,0.0000,0.0720,0.02253,2.06770,2.6223,0.04539,2.03644,5.3777,0.83233,0.13180,2.6223,0.86486,0.15218,2.6223,0.69318,0.36642,2.6223,0.24025,1.91651,2.6223,0.83233,0.13180,2.6223,0.01393,2.07235,0.6223,0.89085,0.12347,0.6223,0.01393,2.07235,0.6223,0.89085,0.12347,0.6223
3,15,2,2,0,0,0,0,0.000,0.0000,0.4989,0.76655,0.28488,0.8723,0.40797,0.79867,39.8723,0.81427,0.17060,0.8723,0.77071,0.27470,0.8723,0.74102,0.28982,0.8723,0.81427,0.17060,0.8723,0.81427,0.17060,0.8723,0.65902,0.25830,8.8723,0.65902,0.25830,8.8723,0.65902,0.25830,8.8723,0.65902,0.25830,8.8723
3,15,4,2,0,1,3,3,0.000,0.0000,0.0857,0.21385,2.47812,1.6833,0.19700,2.54948,4.3167,0.66220,0.94742,1.6833,0.59974,1.17150,1.6833,0.72333,0.72392,1.6833,0.20342,2.56382,1.6833,0.86043,0.21494,1.6833,0.35041,2.04275,0.3167,0.93602,0.17836,0.3167,0.35041,2.04275,0.3167,0.93602,0.17836,0.3167
3,16,0,2,0,0,1,1,0.000,0.0000,0.8002,0.43056,1.33421,0.5334,0.37487,1.43675,37.4666,0.79317,0.27392,0.5334,0.72220,0.48412,0.5334,0.84964,0.13018,0.5334,0.79317,0.27392,0.5334,0.79317,0.27392,0.5334,0.88150,0.08939,0.5334,0.88150,0.08939,0.5334,0.88150,0.08939,0.5334,0.88150,0.08939,0.5334
3,16,1,2,0,0,2,2,0.000,0.0000,0.0568,0.17026,1.73960,1.3777,0.17881,1.73846,5.3777,0.86727,0.13208,1.3777,0.89002,0.12210,1.3777,0.75767,0.34608,1.3777,0.25156,1.78543,1.3777,0.86727,0.13208,1.3777,0.01590,2.07016,1.6223,0.85684,0.13453,1.6223,0.01590,2.07016,1.6223,0.85684,0.13453,1.6223
3,16,2,2,-1,0,0,0,0.000,0.0000,0.7610,0.43298,0.62974,37.1277,0.40332,0.76524,39.8723,0.43298,0.62974,37.1277,0.43298,0.62974,37.1277,0.43298,0.62974,37.1277,0.43298,0.62974,37.1277,0.38387,0.67822,37.1277,0.65902,0.25830,8.8723,0.65902,0.25830,8.8723,0.65902,0.25830,8.8723,0.65902,0.25830,8.8723
3,16,4,2,0,1,3,3,0.000,0.0000,0.0556,0.13710,2.71871,0.3167,0.12507,2.78549,4.3167,0.70294,0.92430,0.3167,0.63227,1.14930,0.3167,0.77340,0.69930,0.3167,0.20608,2.59114,0.3167,0.93687,0.17431,0.3167,0.35041,2.04275,0.3167,0.93602,0.17836,0.3167,0.35041,2.04275,0.3167,0.93602,0.17836,0.3167
3,17,0,1,-1,0,1,1,0.000,0.0000,0.8289,0.58645,1.00557,0.4666,0.43318,1.03677,37.4666,0.58645,1.00557,0.4666,0.58645,1.00557,0.4666,0.58645,1.00557,0.4666,0.58645,1.00557,0.4666,0.88540,0.23313,0.4666,0.88150,0.08939,0.5334,0.88150,0.08939,0.5334,0.88150,0.08939,0.5334,0.88150,0.08939,0.5334
3,17,1,2,0,0,2,2,0.000,0.0000,0.0420,0.18030,1.73450,3.6223,0.20634,1.68725,5.3777,0.81963,0.13863,3.6223,0.83728,0.17171,3.6223,0.69665,0.36055,3.6223,0.24319,1.91061,3.6223,0.81963,0.13863,3.6223,0.01393,2.07235,0.6223,0.89085,0.12347,0.6223,0.01393,2.07235,0.6223,0.89085,0.12347,0.6223
3,17,2,2,-1,0,0,0,0.000,0.0000,0.5447,0.63688,0.32011,11.1277,0.38796,0.81029,39.8723,0.63688,0.32011,11.1277,0.63688,0.32011,11.1277,0.63688,0.32011,11.1277,0.63688,0.32011,11.1277,0.67598,0.09597,11.1277,0.78487,0.20635,0.1277,0.78487,0.20635,0.1277,0.78487,0.20635,0.1277,0.78487,0.20635,0.1277
3,17,4,2,0,1,3,3,0.000,0.0000,0.2034,0.06426,2.99507,6.3167,0.06915,2.98797,4.3167,0.58513,1.05683,6.3167,0.53774,1.27573,6.3167,0.62873,0.84115,6.3167,0.18672,2.81789,6.3167,0.71446,0.38406,6.3167,0.35041,2.04275,0.3167,0.93602,0.17836,0.3167,0.35041,2.04275,0.3167,0.93602,0.17836,0.3167
3,18,0,1,-1,0,1,1,0.000,0.0000,0.8079,0.69985,0.71889,0.5334,0.44804,0.77797,37.4666,0.69985,0.71889,0.5334,0.69985,0.71889,0.5334,0.69985,0.71889,0.5334,0.69985,0.71889,0.5334,0.88770,0.22706,0.5334,0.88150,0.08939,0.5334,0.88150,0.08939,0.5334,0.88150,0.08939,0.5334,0.88150,0.08939,0.5334
3,18,1,2,-1,-1,-1,-1,0.000,-1.0000,-1.0000,0.56481,0.60661,5.3777,0.56481,0.60661,5.3777,0.56481,0.60661,5.3777,0.56481,0.60661,5.3777,0.56481,0.60661,5.3777,0.56481,0.60661,5.3777,0.56481,0.60661,5.3777,0.56481,0.60661,5.3777,0.56481,0.60661,5.3777,0.56481,0.60661,5.3777,0.56481,0.60661,5.3777
3,18,2,2,0,-1,-1,-1,0.000,-1.0000,-1.0000,0.00727,2.18995,0.1277,0.06771,2.17706,39.8723,0.73254,0.25544,0.1277,0.75019,0.26790,0.1277,0.61914,0.41974,0.1277,0.20388,2.08833,0.1277,0.00727,2.18995,0.1277,0.00727,2.18995,0.1277,0.00727,2.18995,0.1277,0.00727,2.18995,0.1277,0.00727,2.18995,0.1277
3,18,4,2,0,-1,-1,-1,0.000,-1.0000,-1.0000,0.02678,3.06897,0.3167,0.01760,3.12750,4.3167,0.68809,0.92899,0.3167,0.61833,1.15394,0.3167,0.76058,0.70397,0.3167,0.20545,2.59572,0.3167,0.02678,3.06897,0.3167,0.02678,3.06897,0.3167,0.02678,3.06897,0.3167,0.02678,3.06897,0.3167,0.02678,3.06897,0.3167
3,19,0,2,0,0,1,1,0.000,0.0000,0.7970,0.82735,0.17006,0.5334,0.41812,0.26953,37.4666,0.82735,0.17006,0.5334,0.82735,0.17006,0.5334,0.84195,0.13165,0.5334,0.82735,0.17006,0.5334,0.82735,0.17006,0.5334,0.88150,0.08939,0.5334,0.88150,0.08939,0.5334,0.88150,0.08939,0.5334,0.88150,0.08939,0.5334
3,19,1,2,0,0,2,2,0.000,0.0000,0.1893,0.87734,0.22469,0.6223,0.71142,0.29973,5.3777,0.89794,0.14378,0.6223,0.87734,0.22469,0.6223,0.75767,0.10179,0.6223,0.89794,0.14378,0.6223,0.89794,0.14378,0.6223,0.01393,2.07261,0.6223,0.89085,0.12295,0.6223,0.01393,2.07261,0.6223,0.89085,0.12295,0.6223
3,19,2,2,-1,0,0,0,0.000,0.0000,0.7469,0.31350,0.91794,33.1277,0.43548,0.71900,39.8723,0.31350,0.91794,33.1277,0.31350,0.91794,33.1277,0.31350,0.91794,33.1277,0.31350,0.91794,33.1277,0.39012,0.79352,33.1277,0.66473,0.22144,8.8723,0.66473,0.22144,8.8723,0.66473,0.22144,8.8723,0.66473,0.22144,8.8723
3,19,4,2,0,-1,-1,-1,0.000,-1.0000,-1.0000,0.00630,3.23194,0.3167,0.01277,3.23054,4.3167,0.63194,1.12373,0.3167,0.56530,1.34865,0.3167,0.69258,0.89982,0.3167,0.17272,2.80035,0.3167,0.00630,3.23194,0.3167,0.00630,3.23194,0.3167,0.00630,3.23194,0.3167,0.00630,3.23194,0.3167,0.00630,3.23194,0.3167
3,20,0,2,0,0,1,1,0.000,0.0000,0.7202,0.87527,0.08803,0.5334,0.42552,0.24520,37.4666,0.87527,0.08803,0.5334,0.87527,0.08803,0.5334,0.86617,0.09248,0.5334,0.87527,0.08803,0.5334,0.87527,0.08803,0.5334,0.87379,0.08089,0.5334,0.87379,0.08089,0.5334,0.87379,0.08089,0.5334,0.87379,0.08089,0.5334
3,20,1,2,-1,0,2,2,0.000,0.0000,0.1989,0.55846,0.43443,16.6223,0.62858,0.45021,5.3777,0.55846,0.43443,16.6223,0.55846,0.43443,16.6223,0.55846,0.43443,16.6223,0.55846,0.43443,16.6223,0.58854,0.05672,16.6223,0.14582,1.84947,11.6223,0.64290,0.33597,11.6223,0.14582,1.84947,11.6223,0.64290,0.33597,11.6223
3,20,2,2,0,0,0,0,0.000,0.0000,0.4837,0.77938,0.20082,0.1277,0.40588,0.80845,39.8723,0.92154,0.05983,0.1277,0.81393,0.17310,0.1277,0.81527,0.26791,0.1277,0.92154,0.05983,0.1277,0.92154,0.05983,0.1277,0.77238,0.20125,0.8723,0.77238,0.20125,0.8723,0.77238,0.20125,0.8723,0.77238,0.20125,0.8723
3,21,0,2,0,0,1,1,0.000,0.0000,0.6108,0.81498,0.08201,2.5334,0.38578,0.56393,37.4666,0.81498,0.08201,2.5334,0.81498,0.08201,2.5334,0.81498,0.08201,2.5334,0.81498,0.08201,2.5334,0.81498,0.08201,2.5334,0.81004,0.09298,3.5334,0.81004,0.09298,3.5334,0.81004,0.09298,3.5334,0.81004,0.09298,3.5334
3,21,1,2,-1,0,2,2,0.000,0.0000,0.1884,0.57614,0.34656,15.6223,0.70850,0.33760,5.3777,0.57614,0.34656,15.6223,0.57614,0.34656,15.6223,0.57614,0.34656,15.6223,0.57614,0.34656,15.6223,0.58932,0.04241,15.6223,0.55980,0.94482,0.3777,0.90585,0.01921,0.3777,0.55980,0.94482,0.3777,0.90585,0.01921,0.3777
3,21,2,2,0,0,0,0,0.000,0.0000,0.3073,0.63026,0.33418,0.1277,0.42282,0.74876,39.8723,0.92513,0.04953,0.1277,0.83183,0.14983,0.1277,0.81528,0.25639,0.1277,0.92513,0.04953,0.1277,0.92513,0.04953,0.1277,0.77735,0.19873,0.1277,0.77735,0.19873,0.1277,0.77735,0.19873,0.1277,0.77735,0.19873,0.1277
3,21,4,2,-1,1,3,3,0.000,0.0000,0.9788,0.01432,1.15772,0.3167,0.08385,1.04496,4.3167,0.01432,1.15772,0.3167,0.01432,1.15772,0.3167,0.01432,1.15772,0.3167,0.01432,1.15772,0.3167,0.64431,0.54696,0.3167,0.39413,1.90210,0.3167,0.93509,0.17839,0.3167,0.39413,1.90210,0.3167,0.93509,0.17839,0.3167
3,22,0,1,0,0,1,1,0.000,0.0000,0.5452,0.81731,0.10843,4.5334,0.41402,0.54401,37.4666,0.81731,0.10843,4.5334,0.81731,0.10843,4.5334,0.81416,0.10843,4.5334,0.81731,0.10843,4.5334,0.81731,0.10843,4.5334,0.81004,0.09298,3.5334,0.81004,0.09298,3.5334,0.81004,0.09298,3.5334,0.81004,0.09298,3.5334
3,22,1,2,-1,0,2,2,0.000,0.0000,0.1816,0.44469,0.24520,28.6223,0.61946,0.27040,5.3777,0.44469,0.24520,28.6223,0.44469,0.24520,28.6223,0.44469,0.24520,28.6223,0.44469,0.24520,28.6223,0.42633,0.12188,28.6223,0.63549,0.38810,9.3777,0.62219,0.37144,9.3777,0.63549,0.38810,9.3777,0.62219,0.37144,9.3777
3,22,2,2,0,0,0,0,0.000,0.0000,0.1985,0.78297,0.21098,6.1277,0.41653,0.72760,39.8723,0.80870,0.14151,6.1277,0.78297,0.21098,6.1277,0.74028,0.22550,6.1277,0.80870,0.14151,6.1277,0.80870,0.14151,6.1277,0.77714,0.19852,0.1277,0.77714,0.19852,0.1277,0.77714,0.19852,0.1277,0.77714,0.19852,0.1277
3,22,4,2,-1,1,3,3,0.000,0.0000,0.6925,0.02075,1.09801,0.3167,0.10812,1.01163,4.3167,0.02075,1.09801,0.3167,0.02075,1.09801,0.3167,0.02075,1.09801,0.3167,0.02075,1.09801,0.3167,0.77116,0.23843,0.3167,0.75914,0.66846,0.6833,0.89920,0.18833,0.6833,0.75914,0.66846,0.6833,0.89920,0.18833,0.6833
3,23,0,1,-1,0,1,1,0.000,0.0000,0.5454,0.58364,0.59638,4.5334,0.34743,0.91491,37.4666,0.58364,0.59638,4.5334,0.58364,0.59638,4.5334,0.58364,0.59638,4.5334,0.58364,0.59638,4.5334,0.58364,0.59638,4.5334,0.81004,0.09298,3.5334,0.81004,0.09298,3.5334,0.81004,0.09298,3.5334,0.81004,0.09298,3.5334
3,23,1,2,-1,0,2,2,0.000,0.0000,0.1353,0.70693,0.17307,7.6223,0.69614,0.30845,5.3777,0.70693,0.17307,7.6223,0.70693,0.17307,7.6223,0.70693,0.17307,7.6223,0.70693,0.17307,7.6223,0.69475,0.04014,7.6223,0.77079,0.22285,4.6223,0.78253,0.07226,4.6223,0.77079,0.22285,4.6223,0.78253,0.07226,4.6223
3,23,2,2,0,0,0,0,0.000,0.0000,0.1396,0.90188,0.12616,0.1277,0.47484,0.40433,39.8723,0.92245,0.05505,0.1277,0.90188,0.12616,0.1277,0.81527,0.26148,0.1277,0.92245,0.05505,0.1277,0.92245,0.05505,0.1277,0.77714,0.19852,0.1277,0.77714,0.19852,0.1277,0.77714,0.19852,0.1277,0.77714,0.19852,0.1277
3,23,4,2,-1,1,3,3,0.000,0.0000,0.4865,0.11790,1.00523,4.6833,0.31442,0.79016,4.3167,0.11790,1.00523,4.6833,0.11790,1.00523,4.6833,0.11790,1.00523,4.6833,0.11790,1.00523,4.6833,0.74710,0.27613,4.6833,0.94257,0.13536,0.3167,0.94258,0.13536,0.3167,0.94257,0.13536,0.3167,0.94258,0.13536,0.3167
3,24,0,1,-1,0,1,1,0.000,0.0000,1.0010,0.22263,2.13810,5.4666,0.22484,2.32238,37.4666,0.22263,2.13810,5.4666,0.22263,2.13810,5.4666,0.22263,2.13810,5.4666,0.22263,2.13810,5.4666,0.22263,2.13810,5.4666,0.80502,0.04154,3.5334,0.80502,0.04154,3.5334,0.80502,0.04154,3.5334,0.80502,0.04154,3.5334
3,24,1,2,-1,0,2,2,0.000,0.0000,0.0715,0.66827,0.24252,0.3777,0.68979,0.24040,5.3777,0.66827,0.24252,0.3777,0.66827,0.24252,0.3777,0.66827,0.24252,0.3777,0.66827,0.24252,0.3777,0.66827,0.24252,0.3777,0.75137,0.21015,5.6223,0.75690,0.07325,5.6223,0.75137,0.21015,5.6223,0.75690,0.07325,5.6223
3,24,2,2,0,0,0,0,0.000,0.0000,0.1356,0.90376,0.11360,1.1277,0.40693,0.75374,39.8723,0.91777,0.05342,1.1277,0.90376,0.11360,1.1277,0.81528,0.24583,1.1277,0.91777,0.05342,1.1277,0.91777,0.05342,1.1277,0.77647,0.19785,0.1277,0.77647,0.19785,0.1277,0.77647,0.19785,0.1277,0.77647,0.19785,0.1277
3,24,4,2,-1,1,3,3,0.000,0.0000,0.5389,0.39279,0.83500,40.6833,0.59794,0.53119,4.3167,0.39279,0.83500,40.6833,0.39279,0.83500,40.6833,0.39279,0.83500,40.6833,0.39279,0.83500,40.6833,0.37134,0.83500,40.6833,0.94195,0.12798,0.3167,0.94195,0.12798,0.3167,0.94195,0.12798,0.3167,0.94195,0.12798,0.3167
3,25,0,1,0,0,1,1,0.000,0.0000,0.6522,0.78595,0.15516,2.5334,0.41610,0.26405,37.4666,0.78595,0.15516,2.5334,0.78595,0.15516,2.5334,0.78595,0.15516,2.5334,0.78595,0.15516,2.5334,0.78595,0.15516,2.5334,0.77773,0.05756,3.5334,0.77773,0.05756,3.5334,0.77773,0.05756,3.5334,0.77773,0.05756,3.5334
3,25,1,2,0,0,2,2,0.000,0.0000,0.2344,0.70590,0.34485,0.3777,0.63488,0.39572,5.3777,0.70590,0.34485,0.3777,0.70590,0.34485,0.3777,0.69504,0.43330,0.3777,0.70590,0.34485,0.3777,0.70590,0.34485,0.3777,0.76595,0.14346,0.3777,0.76595,0.14346,0.3777,0.76595,0.14346,0.3777,0.76595,0.14346,0.3777
3,25,2,2,0,0,0,0,0.000,0.0000,0.1580,0.93763,0.05878,0.1277,0.47712,0.27266,39.8723,0.92504,0.04894,0.1277,0.93763,0.05878,0.1277,0.81528,0.25413,0.1277,0.92504,0.04894,0.1277,0.92504,0.04894,0.1277,0.77647,0.19785,0.1277,0.77647,0.19785,0.1277,0.77647,0.19785,0.1277,0.77647,0.19785,0.1277
3,25,4,2,-1,1,3,3,0.000,0.0000,0.3691,0.82290,0.18400,0.3167,0.77791,0.10153,4.3167,0.82290,0.18400,0.3167,0.82290,0.18400,0.3167,0.82290,0.18400,0.3167,0.82290,0.18400,0.3167,0.82290,0.18400,0.3167,0.94739,0.11011,0.3167,0.94739,0.11011,0.3167,0.94739,0.11011,0.3167,0.94739,0.11011,0.3167
3,26,0,1,0,0,1,1,0.000,0.0000,0.4313,0.82597,0.16043,2.4666,0.45542,0.31322,37.4666,0.86654,0.12144,2.4666,0.82597,0.16043,2.4666,0.86715,0.03646,2.4666,0.86654,0.12144,2.4666,0.86654,0.12144,2.4666,0.76646,0.06869,3.5334,0.76646,0.06869,3.5334,0.76646,0.06869,3.5334,0.76646,0.06869,3.5334
3,26,1,1,0,0,2,2,0.000,0.0000,0.2175,0.81870,0.13485,3.3777,0.77086,0.15164,5.3777,0.80358,0.13485,3.3777,0.81870,0.13485,3.3777,0.73076,0.13485,3.3777,0.80358,0.13485,3.3777,0.80358,0.13485,3.3777,0.73842,0.16789,1.3777,0.73842,0.16789,1.3777,0.73842,0.16789,1.3777,0.73842,0.16789,1.3777
3,26,2,2,0,0,0,0,0.000,0.0000,0.1870,0.92527,0.13023,0.1277,0.39991,0.78406,39.8723,0.95046,0.02621,0.1277,0.92527,0.13023,0.1277,0.81528,0.24920,0.1277,0.95046,0.02621,0.1277,0.95046,0.02621,0.1277,0.77647,0.19785,0.1277,0.77647,0.19785,0.1277,0.77647,0.19785,0.1277,0.77647,0.19785,0.1277
3,26,4,2,-1,1,3,3,0.000,0.0000,0.2925,0.72617,0.31289,3.6833,0.77160,0.25268,4.3167,0.72617,0.31289,3.6833,0.72617,0.31289,3.6833,0.72617,0.31289,3.6833,0.72617,0.31289,3.6833,0.73798,0.30093,3.6833,0.91860,0.11240,0.6833,0.91860,0.11240,0.6833,0.91860,0.11240,0.6833,0.91860,0.11240,0.6833
3,27,0,1,0,0,1,1,0.000,0.0000,0.2725,0.67690,0.29967,1.4666,0.44925,0.52695,37.4666,0.89752,0.09145,1.4666,0.80289,0.18063,1.4666,0.86823,0.01732,1.4666,0.89752,0.09145,1.4666,0.89752,0.09145,1.4666,0.75483,0.08228,3.5334,0.75483,0.08228,3.5334,0.75483,0.08228,3.5334,0.75483,0.08228,3.5334
3,27,1,1,0,0,2,2,0.000,0.0000,0.2212,0.86281,0.20585,0.6223,0.74067,0.23660,5.3777,0.86281,0.20585,0.6223,0.86281,0.20585,0.6223,0.75767,0.20558,0.6223,0.86281,0.20585,0.6223,0.86281,0.20585,0.6223,0.73842,0.16789,1.3777,0.73842,0.16789,1.3777,0.73842,0.16789,1.3777,0.73842,0.16789,1.3777
3,27,2,2,0,0,0,0,0.000,0.0000,0.1917,0.93909,0.06227,0.1277,0.46650,0.43707,39.8723,0.93028,0.04689,0.1277,0.93909,0.06227,0.1277,0.81528,0.25815,0.1277,0.93028,0.04689,0.1277,0.93028,0.04689,0.1277,0.77647,0.19785,0.1277,0.77647,0.19785,0.1277,0.77647,0.19785,0.1277,0.77647,0.19785,0.1277
3,27,4,2,-1,1,3,3,0.000,0.0000,0.2433,0.70130,0.20542,7.3167,0.76200,0.18029,4.3167,0.70130,0.20542,7.3167,0.70130,0.20542,7.3167,0.70130,0.20542,7.3167,0.70130,0.20542,7.3167,0.70130,0.20542,7.3167,0.96117,0.04538,0.3167,0.96117,0.04538,0.3167,0.96117,0.04538,0.3167,0.96117,0.04538,0.3167
3,28,0,1,0,0,1,1,0.000,0.0000,0.1729,0.50184,0.46017,0.4666,0.40970,0.74206,37.4666,0.92234,0.07001,0.4666,0.82554,0.15992,0.4666,0.86823,0.02069,0.4666,0.92234,0.07001,0.4666,0.92234,0.07001,0.4666,0.75483,0.08228,3.5334,0.75483,0.08228,3.5334,0.75483,0.08228,3.5334,0.75483,0.08228,3.5334
3,28,1,1,0,0,2,2,0.000,0.0000,0.1081,0.93521,0.00952,0.3777,0.80015,0.03411,5.3777,0.86937,0.00952,0.3777,0.93521,0.00952,0.3777,0.75767,0.03292,0.3777,0.86937,0.00952,0.3777,0.86937,0.00952,0.3777,0.73842,0.16789,1.3777,0.73842,0.16789,1.3777,0.73842,0.16789,1.3777,0.73842,0.16789,1.3777
3,28,2,2,0,0,0,0,0.000,0.0000,0.2047,0.90663,0.14867,0.1277,0.39925,0.78982,39.8723,0.93924,0.03233,0.1277,0.90663,0.14867,0.1277,0.81528,0.26084,0.1277,0.93924,0.03233,0.1277,0.93924,0.03233,0.1277,0.77647,0.19785,0.1277,0.77647,0.19785,0.1277,0.77647,0.19785,0.1277,0.77647,0.19785,0.1277
3,28,4,2,-1,1,3,3,0.000,0.0000,0.5493,0.34778,0.96085,18.6833,0.71438,0.28958,4.3167,0.34778,0.96085,18.6833,0.34778,0.96085,18.6833,0.34778,0.96085,18.6833,0.34778,0.96085,18.6833,0.34778,0.96085,18.6833,0.94910,0.08280,0.3167,0.94910,0.08280,0.3167,0.94910,0.08280,0.3167,0.94910,0.08280,0.3167
3,29,0,1,0,0,1,1,0.000,0.0000,0.2784,0.43821,0.59359,7.4666,0.41379,0.71686,37.4666,0.66455,0.34729,7.4666,0.58359,0.43597,7.4666,0.72429,0.25950,7.4666,0.66455,0.34729,7.4666,0.66455,0.34729,7.4666,0.75483,0.08228,3.5334,0.75483,0.08228,3.5334,0.75483,0.08228,3.5334,0.75483,0.08228,3.5334
3,29,1,1,0,0,2,2,0.000,0.0000,0.0226,0.93842,0.00721,0.3777,0.79481,0.02320,5.3777,0.86975,0.00721,0.3777,0.93842,0.00721,0.3777,0.75767,0.04078,0.3777,0.86975,0.00721,0.3777,0.86975,0.00721,0.3777,0.73842,0.16789,1.3777,0.73842,0.16789,1.3777,0.73842,0.16789,1.3777,0.73842,0.16789,1.3777
3,29,2,2,0,0,0,0,0.000,0.0000,0.1184,0.83165,0.16689,0.1277,0.41172,0.67181,39.8723,0.82432,0.16204,0.1277,0.83165,0.16689,0.1277,0.75044,0.30801,0.1277,0.82432,0.16204,0.1277,0.82432,0.16204,0.1277,0.77647,0.19785,0.1277,0.77647,0.19785,0.1277,0.77647,0.19785,0.1277,0.77647,0.19785,0.1277
3,29,4,2,-1,1,3,3,0.000,0.0000,0.4482,0.60402,0.46253,6.6833,0.73054,0.25987,4.3167,0.60402,0.46253,6.6833,0.60402,0.46253,6.6833,0.60402,0.46253,6.6833,0.60402,0.46253,6.6833,0.66096,0.39298,6.6833,0.94160,0.08974,0.3167,0.94160,0.08974,0.3167,0.94160,0.08974,0.3167,0.94160,0.08974,0.3167
3,30,0,2,0,0,1,1,0.000,0.0000,0.3311,0.55885,0.44541,5.4666,0.40836,0.71951,37.4666,0.73985,0.25701,5.4666,0.65416,0.34652,5.4666,0.79003,0.16802,5.4666,0.73985,0.25701,5.4666,0.73985,0.25701,5.4666,0.75483,0.08228,3.5334,0.75483,0.08228,3.5334,0.75483,0.08228,3.5334,0.75483,0.08228,3.5334
3,30,1,2,0,0,2,2,0.000,0.0000,0.0448,0.88172,0.10725,0.3777,0.75729,0.11162,5.3777,0.85321,0.02185,0.3777,0.88172,0.10725,0.3777,0.75767,0.23039,0.3777,0.85321,0.02185,0.3777,0.85321,0.02185,0.3777,0.74410,0.14753,1.3777,0.74410,0.14753,1.3777,0.74410,0.14753,1.3777,0.74410,0.14753,1.3777
3,30,2,2,0,0,0,0,0.000,0.0000,0.1152,0.90487,0.12622,0.1277,0.40910,0.75326,39.8723,0.92611,0.05598,0.1277,0.90487,0.12622,0.1277,0.81527,0.26710,0.1277,0.92611,0.05598,0.1277,0.92611,0.05598,0.1277,0.77647,0.19785,0.1277,0.77647,0.19785,0.1277,0.77647,0.19785,0.1277,0.77647,0.19785,0.1277
3,30,4,2,-1,-1,-1,-1,0.000,-1.0000,-1.0000,0.31485,0.97013,15.6833,0.73925,0.26760,4.3167,0.31485,0.97013,15.6833,0.31485,0.97013,15.6833,0.31485,0.97013,15.6833,0.31485,0.97013,15.6833,0.31485,0.97013,15.6833,0.31485,0.97013,15.6833,0.31485,0.97013,15.6833,0.31485,0.97013,15.6833,0.31485,0.97013,15.6833
3,31,0,2,0,0,1,1,0.000,0.0000,0.2344,0.84197,0.13868,0.5334,0.40930,0.69340,37.4666,0.94883,0.04453,0.5334,0.85143,0.13010,0.5334,0.86823,0.06929,0.5334,0.94883,0.04453,0.5334,0.94883,0.04453,0.5334,0.75483,0.08228,3.5334,0.75483,0.08228,3.5334,0.75483,0.08228,3.5334,0.75483,0.08228,3.5334
3,31,1,2,-1,0,2,2,0.000,0.0000,0.1549,0.70309,0.02719,0.3777,0.62709,0.05932,5.3777,0.70309,0.02719,0.3777,0.70309,0.02719,0.3777,0.70309,0.02719,0.3777,0.70309,0.02719,0.3777,0.66831,0.13703,0.3777,0.74253,0.16374,0.3777,0.74253,0.16374,0.3777,0.74253,0.16374,0.3777,0.74253,0.16374,0.3777
3,31,2,2,0,0,0,0,0.000,0.0000,0.1126,0.90826,0.13744,0.1277,0.40295,0.78699,39.8723,0.93601,0.05332,0.1277,0.90826,0.13744,0.1277,0.81527,0.27264,0.1277,0.93601,0.05332,0.1277,0.93601,0.05332,0.1277,0.77647,0.19785,0.1277,0.77647,0.19785,0.1277,0.77647,0.19785,0.1277,0.77647,0.19785,0.1277
3,31,4,2,-1,1,3,3,0.000,0.0000,0.3134,0.02932,1.19750,0.6833,0.12212,1.06384,4.3167,0.02932,1.19750,0.6833,0.02932,1.19750,0.6833,0.02932,1.19750,0.6833,0.02932,1.19750,0.6833,0.62448,0.46160,0.6833,0.94344,0.08385,0.3167,0.94344,0.08385,0.3167,0.94344,0.08385,0.3167,0.94344,0.08385,0.3167
3,32,0,2,0,0,1,1,0.000,0.0000,0.1672,0.84546,0.08746,3.5334,0.40275,0.69895,37.4666,0.84546,0.08746,3.5334,0.84546,0.08746,3.5334,0.84528,0.06211,3.5334,0.84546,0.08746,3.5334,0.84546,0.08746,3.5334,0.75483,0.08228,3.5334,0.75483,0.08228,3.5334,0.75483,0.08228,3.5334,0.75483,0.08228,3.5334
3,32,1,2,-1,0,2,2,0.000,0.0000,0.1289,0.69873,0.14579,4.6223,0.62491,0.25707,5.3777,0.69873,0.14579,4.6223,0.69873,0.14579,4.6223,0.69873,0.14579,4.6223,0.69873,0.14579,4.6223,0.69873,0.14579,4.6223,0.74353,0.16019,0.3777,0.74353,0.16019,0.3777,0.74353,0.16019,0.3777,0.74353,0.16019,0.3777
3,32,2,2,0,0,0,0,0.000,0.0000,0.0961,0.94184,0.04704,0.1277,0.46392,0.46316,39.8723,0.92164,0.05821,0.1277,0.94184,0.04704,0.1277,0.81527,0.26501,0.1277,0.92164,0.05821,0.1277,0.92164,0.05821,0.1277,0.77647,0.19785,0.1277,0.77647,0.19785,0.1277,0.77647,0.19785,0.1277,0.77647,0.19785,0.1277
3,32,4,1,-1,1,3,3,0.000,0.0000,0.1527,0.03262,1.12741,0.6833,0.12078,1.04410,4.3167,0.03262,1.12741,0.6833,0.03262,1.12741,0.6833,0.03262,1.12741,0.6833,0.03262,1.12741,0.6833,0.71803,0.32546,0.6833,0.94589,0.07599,0.3167,0.94589,0.07599,0.3167,0.94589,0.07599,0.3167,0.94589,0.07599,0.3167
3,33,0,2,0,0,1,1,0.000,0.0000,0.1100,0.93647,0.05820,0.4666,0.40734,0.69413,37.4666,0.93647,0.05820,0.4666,0.93647,0.05820,0.4666,0.86823,0.06089,0.4666,0.93647,0.05820,0.4666,0.93647,0.05820,0.4666,0.75483,0.08228,3.5334,0.75483,0.08228,3.5334,0.75483,0.08228,3.5334,0.75483,0.08228,3.5334
3,33,1,2,-1,0,2,2,0.000,0.0000,1.0170,0.25776,1.65703,12.6223,0.28626,1.67519,5.3777,0.25776,1.65703,12.6223,0.25776,1.65703,12.6223,0.25776,1.65703,12.6223,0.25776,1.65703,12.6223,0.25776,1.65703,12.6223,0.71429,0.14910,1.6223,0.71429,0.14910,1.6223,0.71429,0.14910,1.6223,0.71429,0.14910,1.6223
3,33,2,2,0,0,0,0,0.000,0.0000,0.0794,0.91616,0.09269,0.1277,0.41184,0.72884,39.8723,0.92154,0.05802,0.1277,0.91616,0.09269,0.1277,0.81527,0.26512,0.1277,0.92154,0.05802,0.1277,0.92154,0.05802,0.1277,0.77647,0.19785,0.1277,0.77647,0.19785,0.1277,0.77647,0.19785,0.1277,0.77647,0.19785,0.1277
3,33,4,1,1,1,3,3,0.000,0.0000,0.2201,0.39735,0.72473,1.6833,0.21412,0.95243,4.3167,0.76742,0.39597,1.6833,0.69077,0.44663,1.6833,0.81266,0.36621,1.6833,0.76742,0.39597,1.6833,0.76742,0.39597,1.6833,0.87173,0.12591,1.6833,0.87173,0.12591,1.6833,0.87173,0.12591,1.6833,0.87173,0.12591,1.6833
3,34,0,2,0,0,1,1,0.000,0.0000,0.0935,0.94456,0.04706,0.4666,0.39713,0.70823,37.4666,0.94456,0.04706,0.4666,0.94456,0.04706,0.4666,0.86823,0.05874,0.4666,0.94456,0.04706,0.4666,0.94456,0.04706,0.4666,0.75483,0.08228,3.5334,0.75483,0.08228,3.5334,0.75483,0.08228,3.5334,0.75483,0.08228,3.5334
3,34,1,2,-1,0,2,2,0.000,0.0000,0.4639,0.42135,0.43208,35.3777,0.63915,0.10072,5.3777,0.42135,0.43208,35.3777,0.42135,0.43208,35.3777,0.42135,0.43208,35.3777,0.42135,0.43208,35.3777,0.38405,0.43208,35.3777,0.69860,0.12330,0.3777,0.69860,0.12330,0.3777,0.69860,0.12330,0.3777,0.69860,0.12330,0.3777
3,34,2,2,0,0,0,0,0.000,0.0000,0.0345,0.79585,0.20438,2.1277,0.40076,0.79316,39.8723,0.82950,0.10289,2.1277,0.79585,0.20438,2.1277,0.75417,0.27312,2.1277,0.82950,0.10289,2.1277,0.82950,0.10289,2.1277,0.77647,0.19785,0.1277,0.77647,0.19785,0.1277,0.77647,0.19785,0.1277,0.77647,0.19785,0.1277
3,34,4,1,-1,1,3,3,0.000,0.0000,0.2218,0.03305,1.05229,0.3167,0.11592,1.03470,4.3167,0.03305,1.05229,0.3167,0.03305,1.05229,0.3167,0.03305,1.05229,0.3167,0.03305,1.05229,0.3167,0.83909,0.17147,0.3167,0.87173,0.12591,1.6833,0.87173,0.12591,1.6833,0.87173,0.12591,1.6833,0.87173,0.12591,1.6833
3,35,0,2,0,0,1,1,0.000,0.0000,0.0634,0.93414,0.07004,0.5334,0.39910,0.70352,37.4666,0.93437,0.06990,0.5334,0.93415,0.07004,0.5334,0.86823,0.06426,0.5334,0.93437,0.06990,0.5334,0.93437,0.06990,0.5334,0.75483,0.08228,3.5334,0.75483,0.08228,3.5334,0.75483,0.08228,3.5334,0.75483,0.08228,3.5334
3,35,1,2,-1,0,2,2,0.000,0.0000,0.2416,0.51263,0.32637,24.3777,0.68715,0.24276,5.3777,0.51263,0.32637,24.3777,0.51263,0.32637,24.3777,0.51263,0.32637,24.3777,0.51263,0.32637,24.3777,0.49822,0.02726,24.3777,0.69860,0.12330,0.3777,0.69860,0.12330,0.3777,0.69860,0.12330,0.3777,0.69860,0.12330,0.3777
3,35,2,2,0,0,0,0,0.000,0.0000,0.0280,0.90228,0.09877,0.1277,0.41270,0.74994,39.8723,0.91679,0.06468,0.1277,0.90228,0.09877,0.1277,0.81527,0.26900,0.1277,0.91679,0.06468,0.1277,0.91679,0.06468,0.1277,0.77647,0.19785,0.1277,0.77647,0.19785,0.1277,0.77647,0.19785,0.1277,0.77647,0.19785,0.1277
3,35,4,1,-1,1,3,3,0.000,0.0000,0.2844,0.03094,1.01583,0.3167,0.11717,1.00888,4.3167,0.03094,1.01583,0.3167,0.03094,1.01583,0.3167,0.03094,1.01583,0.3167,0.03094,1.01583,0.3167,0.90733,0.09331,0.3167,0.87173,0.12591,1.6833,0.87173,0.12591,1.6833,0.87173,0.12591,1.6833,0.87173,0.12591,1.6833
3,36,0,2,0,0,1,1,0.000,0.0000,0.0713,0.89468,0.09798,0.4666,0.40060,0.69476,37.4666,0.89468,0.09798,0.4666,0.89468,0.09798,0.4666,0.86823,0.05942,0.4666,0.89468,0.09798,0.4666,0.89468,0.09798,0.4666,0.75483,0.08228,3.5334,0.75483,0.08228,3.5334,0.75483,0.08228,3.5334,0.75483,0.08228,3.5334
3,36,1,2,0,0,2,2,0.000,0.0000,0.0737,0.86302,0.20146,1.6223,0.74970,0.24944,5.3777,0.87082,0.12471,1.6223,0.86302,0.20146,1.6223,0.75767,0.10866,1.6223,0.87082,0.12471,1.6223,0.87082,0.12471,1.6223,0.69860,0.12330,0.3777,0.69860,0.12330,0.3777,0.69860,0.12330,0.3777,0.69860,0.12330,0.3777
3,36,2,2,0,0,0,0,0.000,0.0000,0.0208,0.91748,0.07192,0.1277,0.46547,0.46884,39.8723,0.91387,0.07148,0.1277,0.91748,0.07192,0.1277,0.81527,0.27551,0.1277,0.91387,0.07148,0.1277,0.91387,0.07148,0.1277,0.77647,0.19785,0.1277,0.77647,0.19785,0.1277,0.77647,0.19785,0.1277,0.77647,0.19785,0.1277
3,36,4,1,-1,1,3,3,0.000,0.0000,0.1520,0.02978,1.19871,0.3167,0.10710,1.17631,4.3167,0.02978,1.19871,0.3167,0.02978,1.19871,0.3167,0.02978,1.19871,0.3167,0.02978,1.19871,0.3167,0.62114,0.46537,0.3167,0.72594,0.12158,6.3167,0.72594,0.12158,6.3167,0.72594,0.12158,6.3167,0.72594,0.12158,6.3167
4,0,0,2,0,0,1,1,0.000,0.0000,0.0000,0.03824,2.27954,0.8786,0.03240,2.30018,1.1214,0.90747,0.15010,0.8786,0.77236,0.38284,0.8786,0.83920,0.10352,0.8786,0.23107,2.00382,0.8786,0.90747,0.15010,0.8786,0.03824,2.27954,0.8786,0.90747,0.15010,0.8786,0.03824,2.27954,0.8786,0.90747,0.15010,0.8786
4,0,1,2,0,0,2,2,0.000,0.0000,0.0000,0.01014,2.30346,0.0121,0.01545,2.29592,2.9879,0.88316,0.12697,0.0121,0.80283,0.33109,0.0121,0.78299,0.20019,0.0121,0.22576,2.03389,0.0121,0.88316,0.12697,0.0121,0.01014,2.30346,0.0121,0.88317,0.12697,0.0121,0.01014,2.30346,0.0121,0.88317,0.12697,0.0121
4,0,2,2,-1,0,0,0,0.000,0.0000,0.0000,0.54986,0.48223,17.3825,0.69762,0.29465,1.6175,0.54986,0.48223,17.3825,0.54986,0.48223,17.3825,0.54986,0.48223,17.3825,0.54986,0.48223,17.3825,0.54986,0.48223,17.3825,0.55008,0.48229,17.3825,0.55008,0.48229,17.3825,0.55008,0.48229,17.3825,0.55008,0.48229,17.3825
4,0,4,2,0,1,3,3,0.000,0.0000,0.0000,0.02828,3.08705,2.1975,0.05234,3.07152,7.8025,0.65962,0.95466,2.1975,0.59826,1.17863,2.1975,0.71614,0.73251,2.1975,0.20006,2.67616,2.1975,0.83994,0.23229,2.1975,0.02828,3.08705,2.1975,0.83994,0.23229,2.1975,0.02828,3.08705,2.1975,0.83994,0.23229,2.1975
4,1,0,2,0,0,1,1,0.000,0.0000,0.6111,0.07930,2.18232,1.1214,0.07930,2.18232,1.1214,0.87836,0.17149,1.1214,0.80073,0.38707,1.1214,0.81097,0.15921,1.1214,0.22800,2.06486,1.1214,0.87836,0.17149,1.1214,0.00739,2.34955,0.1214,0.82898,0.18133,0.1214,0.00739,2.34955,0.1214,0.82898,0.18133,0.1214
4,1,1,2,0,0,2,2,0.000,0.0000,0.3303,0.04161,2.22864,0.0121,0.03237,2.26490,2.9879,0.92036,0.10975,0.0121,0.82950,0.33141,0.0121,0.81399,0.17081,0.0121,0.23195,2.00655,0.0121,0.92036,0.10975,0.0121,0.00496,2.30520,0.0121,0.74599,0.24386,0.0121,0.00496,2.30520,0.0121,0.74599,0.24386,0.0121
4,1,2,2,-1,0,0,0,0.000,0.0000,14.7472,0.27806,1.25796,18.3825,0.26401,1.66206,1.6175,0.27806,1.25796,18.3825,0.27806,1.25796,18.3825,0.27806,1.25796,18.3825,0.27806,1.25796,18.3825,0.27806,1.25796,18.3825,0.65376,0.20062,10.6175,0.65454,0.19709,10.6175,0.65376,0.20062,10.6175,0.65454,0.19709,10.6175
4,1,4,2,0,1,3,3,0.000,0.0000,0.8511,0.07203,2.93162,0.1975,0.08668,2.91939,7.8025,0.66558,0.94191,0.1975,0.59847,1.16669,0.1975,0.77068,0.71573,0.1975,0.20465,2.61568,0.1975,0.92860,0.19115,0.1975,0.00157,3.18067,0.8025,0.81785,0.23547,0.8025,0.00157,3.18067,0.8025,0.81785,0.23547,0.8025
4,2,0,2,0,0,1,1,0.000,0.0000,0.1848,0.01111,2.34866,0.1214,0.01390,2.34588,1.1214,0.91190,0.15270,0.1214,0.83671,0.37624,0.1214,0.83910,0.13352,0.1214,0.23069,2.03323,0.1214,0.91190,0.15270,0.1214,0.00738,2.34789,0.1214,0.82860,0.17987,0.1214,0.00738,2.34789,0.1214,0.82860,0.17987,0.1214
4,2,1,2,0,0,2,2,0.000,0.0000,0.1725,0.00941,2.30900,0.0121,0.01484,2.29851,2.9879,0.84676,0.15441,0.0121,0.80532,0.33799,0.0121,0.75439,0.22601,0.0121,0.21898,2.06354,0.0121,0.84676,0.15441,0.0121,0.00485,2.30362,0.0121,0.74710,0.24257,0.0121,0.00485,2.30362,0.0121,0.74710,0.24257,0.0121
4,2,2,2,-1,0,0,0,0.000,0.0000,1.4672,0.69970,0.19419,0.3825,0.67143,0.18922,1.6175,0.69970,0.19419,0.3825,0.69970,0.19419,0.3825,0.69970,0.19419,0.3825,0.69970,0.19419,0.3825,0.69970,0.19419,0.3825,0.85711,0.12348,2.6175,0.85711,0.12348,2.6175,0.85711,0.12348,2.6175,0.85711,0.12348,2.6175
4,2,4,2,0,-1,-1,-1,0.000,-1.0000,-1.0000,0.00896,3.14473,0.1975,0.02358,3.14681,7.8025,0.65810,0.94547,0.1975,0.59172,1.17017,0.1975,0.69919,0.72791,0.1975,0.19076,2.67400,0.1975,0.00896,3.14473,0.1975,0.00896,3.14473,0.1975,0.00896,3.14473,0.1975,0.00896,3.14473,0.1975,0.00896,3.14473,0.1975
4,3,0,2,0,0,1,1,0.000,0.0000,0.1498,0.19055,1.90923,1.1214,0.19055,1.90923,1.1214,0.88727,0.16386,1.1214,0.81546,0.38203,1.1214,0.81734,0.15277,1.1214,0.22947,2.05481,1.1214,0.88727,0.16386,1.1214,0.00761,2.34962,0.1214,0.86901,0.15723,0.1214,0.00761,2.34962,0.1214,0.86901,0.15723,0.1214
4,3,1,2,0,0,2,2,0.000,0.0000,0.1145,0.01094,2.30631,0.9879,0.01518,2.30362,2.9879,0.86788,0.14084,0.9879,0.82388,0.33914,0.9879,0.77115,0.20843,0.9879,0.22635,2.04883,0.9879,0.86788,0.14084,0.9879,0.00722,2.29565,1.0121,0.83642,0.15041,1.0121,0.00722,2.29565,1.0121,0.83642,0.15041,1.0121
4,3,2,1,-1,0,0,0,0.000,0.0000,5.6448,0.20704,1.93572,11.3825,0.26093,1.92123,1.6175,0.20704,1.93572,11.3825,0.20704,1.93572,11.3825,0.20704,1.93572,11.3825,0.20704,1.93572,11.3825,0.20704,1.93572,11.3825,0.74876,0.12051,6.6175,0.74876,0.12051,6.6175,0.74876,0.12051,6.6175,0.74876,0.12051,6.6175
4,3,4,2,0,-1,-1,-1,0.000,-1.0000,-1.0000,0.00603,3.15611,0.8025,0.02118,3.14838,7.8025,0.63704,0.95120,0.8025,0.57320,1.17548,0.8025,0.75899,0.72240,0.8025,0.19912,2.62132,0.8025,0.00603,3.15611,0.8025,0.00603,3.15611,0.8025,0.00603,3.15611,0.8025,0.00603,3.15611,0.8025,0.00603,3.15611,0.8025
4,4,0,2,0,0,1,1,0.000,0.0000,0.0418,0.26332,1.72289,0.1214,0.26160,1.73408,1.1214,0.90785,0.14789,0.1214,0.79853,0.37325,0.1214,0.83920,0.09964,0.1214,0.23177,1.99324,0.1214,0.90785,0.14789,0.1214,0.06881,2.20714,1.1214,0.88203,0.15512,1.1214,0.06881,2.20714,1.1214,0.88203,0.15512,1.1214
4,4,1,2,0,0,2,2,0.000,0.0000,0.0328,0.09801,2.09648,0.0121,0.08808,2.13904,2.9879,0.92169,0.10586,0.0121,0.84876,0.32696,0.0121,0.81399,0.17142,0.0121,0.23249,2.00242,0.0121,0.92169,0.10586,0.0121,0.00751,2.30666,0.0121,0.88347,0.12212,0.0121,0.00751,2.30666,0.0121,0.88347,0.12212,0.0121
4,4,2,1,0,0,0,0,0.000,0.0000,2.1213,0.66573,0.37538,7.3825,0.68952,0.35329,1.6175,0.66573,0.37538,7.3825,0.66573,0.37538,7.3825,0.66573,0.37538,7.3825,0.66573,0.37538,7.3825,0.66573,0.37538,7.3825,0.69905,0.26821,8.3825,0.69905,0.26821,8.3825,0.69905,0.26821,8.3825,0.69905,0.26821,8.3825
4,4,4,2,0,-1,-1,-1,0.000,-1.0000,-1.0000,0.02135,3.10529,0.8025,0.03752,3.10546,7.8025,0.65387,0.94918,0.8025,0.59015,1.17341,0.8025,0.74585,0.72186,0.8025,0.20404,2.59481,0.8025,0.02135,3.10529,0.8025,0.02135,3.10529,0.8025,0.02135,3.10529,0.8025,0.02135,3.10529,0.8025,0.02135,3.10529,0.8025
4,5,0,2,0,0,1,1,0.000,0.0000,0.2459,0.24205,1.76497,0.8786,0.23862,1.78391,1.1214,0.80393,0.20891,0.8786,0.73140,0.40440,0.8786,0.83920,0.09287,0.8786,0.23023,1.92415,0.8786,0.80393,0.20891,0.8786,0.07194,2.19824,0.1214,0.91609,0.14218,0.1214,0.07194,2.19824,0.1214,0.91609,0.14218,0.1214
4,5,1,2,0,0,2,2,0.000,0.0000,0.0495,0.00974,2.30176,0.0121,0.01466,2.31166,2.9879,0.91208,0.10752,0.0121,0.83963,0.32303,0.0121,0.80470,0.18514,0.0121,0.23127,2.01024,0.0121,0.91208,0.10752,0.0121,0.01576,2.29190,2.9879,0.77264,0.22064,2.9879,0.01576,2.29190,2.9879,0.77264,0.22064,2.9879
4,5,2,1,0,0,0,0,0.000,0.0000,1.1160,0.42757,0.60661,1.3825,0.42609,0.61466,1.6175,0.66035,0.35598,1.3825,0.58320,0.43781,1.3825,0.73423,0.27924,1.3825,0.66035,0.35598,1.3825,0.66035,0.35598,1.3825,0.78996,0.09795,2.6175,0.78996,0.09795,2.6175,0.78996,0.09795,2.6175,0.78996,0.09795,2.6175
4,5,4,2,0,-1,-1,-1,0.000,-1.0000,-1.0000,0.00629,3.16465,1.1975,0.02258,3.15218,7.8025,0.64623,0.96878,1.1975,0.58228,1.19320,1.1975,0.68565,0.75376,1.1975,0.18954,2.70580,1.1975,0.00629,3.16465,1.1975,0.00629,3.16465,1.1975,0.00629,3.16465,1.1975,0.00629,3.16465,1.1975,0.00629,3.16465,1.1975
4,6,0,2,0,0,1,1,0.000,0.0000,0.1525,0.17268,1.95354,0.8786,0.16746,1.97436,1.1214,0.90685,0.15480,0.8786,0.78992,0.38397,0.8786,0.83920,0.10239,0.8786,0.23023,2.01013,0.8786,0.90685,0.15480,0.8786,0.16249,1.98232,0.1214,0.91609,0.14218,0.1214,0.16249,1.98232,0.1214,0.91609,0.14218,0.1214
4,6,1,2,0,0,2,2,0.000,0.0000,0.0990,0.10083,2.08511,1.0121,0.08905,2.12488,2.9879,0.92070,0.10353,1.0121,0.80145,0.33512,1.0121,0.81387,0.14989,1.0121,0.23213,1.98221,1.0121,0.92070,0.10353,1.0121,0.01059,2.29983,0.0121,0.88314,0.12281,0.0121,0.01059,2.29983,0.0121,0.88314,0.12281,0.0121
4,6,2,1,-1,0,0,0,0.000,0.0000,1.9213,0.19947,1.98498,2.6175,0.20141,1.97584,1.6175,0.19947,1.98498,2.6175,0.19947,1.98498,2.6175,0.19947,1.98498,2.6175,0.19947,1.98498,2.6175,0.19947,1.98498,2.6175,0.78315,0.13139,1.6175,0.78315,0.13139,1.6175,0.78315,0.13139,1.6175,0.78315,0.13139,1.6175
4,6,4,2,-1,-1,-1,-1,0.000,-1.0000,-1.0000,0.02248,3.10188,1.1975,0.04414,3.08350,7.8025,0.02248,3.10188,1.1975,0.02248,3.10188,1.1975,0.02248,3.10188,1.1975,0.02248,3.10188,1.1975,0.02248,3.10188,1.1975,0.02248,3.10188,1.1975,0.02248,3.10188,1.1975,0.02248,3.10188,1.1975,0.02248,3.10188,1.1975
4,7,0,2,0,0,1,1,0.000,0.0000,0.0714,0.07574,2.18707,0.1214,0.07287,2.19571,1.1214,0.91281,0.14986,0.1214,0.80692,0.37591,0.1214,0.83920,0.13017,0.1214,0.23104,2.02787,0.1214,0.91281,0.14986,0.1214,0.16249,1.98232,0.1214,0.91609,0.14218,0.1214,0.16249,1.98232,0.1214,0.91609,0.14218,0.1214
4,7,1,2,0,0,2,2,0.000,0.0000,0.0505,0.00903,2.30439,0.9879,0.01350,2.30143,2.9879,0.88818,0.12173,0.9879,0.81681,0.32568,0.9879,0.78463,0.20160,0.9879,0.23088,2.02893,0.9879,0.88818,0.12173,0.9879,0.01076,2.29981,0.0121,0.91162,0.10822,0.0121,0.01076,2.29981,0.0121,0.91162,0.10822,0.0121
4,7,2,1,-1,0,0,0,0.000,0.0000,1.1563,0.71625,0.21829,9.3825,0.67887,0.34228,1.6175,0.71625,0.21829,9.3825,0.71625,0.21829,9.3825,0.71625,0.21829,9.3825,0.71625,0.21829,9.3825,0.71625,0.21829,9.3825,0.78315,0.13139,1.6175,0.78315,0.13139,1.6175,0.78315,0.13139,1.6175,0.78315,0.13139,1.6175
4,7,4,2,-1,-1,-1,-1,0.000,-1.0000,-1.0000,0.00818,3.15534,1.1975,0.02097,3.16810,7.8025,0.00818,3.15534,1.1975,0.00818,3.15534,1.1975,0.00818,3.15534,1.1975,0.00818,3.15534,1.1975,0.00818,3.15534,1.1975,0.00818,3.15534,1.1975,0.00818,3.15534,1.1975,0.00818,3.15534,1.1975,0.00818,3.15534,1.1975
4,8,0,2,0,0,1,1,0.000,0.0000,0.1387,0.01195,2.43351,0.1214,0.01274,2.43881,1.1214,0.84511,0.32792,0.1214,0.74508,0.55418,0.1214,0.83920,0.13684,0.1214,0.20264,2.15369,0.1214,0.84511,0.32792,0.1214,0.16249,1.98232,0.1214,0.91609,0.14218,0.1214,0.16249,1.98232,0.1214,0.91609,0.14218,0.1214
4,8,1,2,0,0,2,2,0.000,0.0000,0.0570,0.01089,2.30289,1.0121,0.01830,2.30373,2.9879,0.91551,0.10752,1.0121,0.82162,0.33280,1.0121,0.81012,0.16254,1.0121,0.22988,1.99910,1.0121,0.91551,0.10752,1.0121,0.01077,2.29981,0.0121,0.91162,0.10821,0.0121,0.01077,2.29981,0.0121,0.91162,0.10821,0.0121
4,8,2,2,-1,0,0,0,0.000,0.0000,2.0579,0.37098,1.54726,2.3825,0.32433,1.54751,1.6175,0.37098,1.54726,2.3825,0.37098,1.54726,2.3825,0.37098,1.54726,2.3825,0.37098,1.54726,2.3825,0.37098,1.54726,2.3825,0.79151,0.15203,0.6175,0.79151,0.15203,0.6175,0.79151,0.15203,0.6175,0.79151,0.15203,0.6175
4,8,4,2,-1,-1,-1,-1,0.000,-1.0000,-1.0000,0.00489,3.16407,0.1975,0.01954,3.15743,7.8025,0.00489,3.16407,0.1975,0.00489,3.16407,0.1975,0.00489,3.16407,0.1975,0.00489,3.16407,0.1975,0.00489,3.16407,0.1975,0.00489,3.16407,0.1975,0.00489,3.16407,0.1975,0.00489,3.16407,0.1975,0.00489,3.16407,0.1975
4,9,0,2,0,0,1,1,0.000,0.0000,0.1356,0.10543,2.10623,0.1214,0.10314,2.11520,1.1214,0.76502,0.24141,0.1214,0.72924,0.40450,0.1214,0.71014,0.28016,0.1214,0.20511,2.15008,0.1214,0.76502,0.24141,0.1214,0.16249,1.98232,0.1214,0.91609,0.14218,0.1214,0.16249,1.98232,0.1214,0.91609,0.14218,0.1214
4,9,1,2,0,0,2,2,0.000,0.0000,0.0432,0.07218,2.16477,3.9879,0.07495,2.16050,2.9879,0.78921,0.21254,3.9879,0.76326,0.36873,3.9879,0.70684,0.27460,3.9879,0.22144,2.12025,3.9879,0.78921,0.21254,3.9879,0.09475,2.10427,0.9879,0.89225,0.11979,0.9879,0.09475,2.10427,0.9879,0.89225,0.11979,0.9879
4,9,2,2,-1,0,0,0,0.000,0.0000,2.2197,0.39286,1.30470,8.3825,0.43551,1.26300,1.6175,0.39286,1.30470,8.3825,0.39286,1.30470,8.3825,0.39286,1.30470,8.3825,0.39286,1.30470,8.3825,0.39286,1.30470,8.3825,0.77905,0.16927,0.3825,0.77905,0.16927,0.3825,0.77905,0.16927,0.3825,0.77905,0.16927,0.3825
4,9,4,2,-1,-1,-1,-1,0.000,-1.0000,-1.0000,0.00516,3.16126,0.1975,0.01854,3.16611,7.8025,0.00516,3.16126,0.1975,0.00516,3.16126,0.1975,0.00516,3.16126,0.1975,0.00516,3.16126,0.1975,0.00516,3.16126,0.1975,0.00516,3.16126,0.1975,0.00516,3.16126,0.1975,0.00516,3.16126,0.1975,0.00516,3.16126,0.1975
4,10,0,2,0,-1,-1,-1,0.000,-1.0000,-1.0000,0.00813,2.35917,1.1214,0.00813,2.35917,1.1214,0.55984,0.48363,1.1214,0.55598,0.52760,1.1214,0.52225,0.55397,1.1214,0.16771,2.35135,1.1214,0.00813,2.35917,1.1214,0.00813,2.35917,1.1214,0.00813,2.35917,1.1214,0.00813,2.35917,1.1214,0.00813,2.35917,1.1214
4,10,1,2,0,0,2,2,0.000,0.0000,0.0304,0.04705,2.21286,0.9879,0.04096,2.23713,2.9879,0.89301,0.11975,0.9879,0.82625,0.32716,0.9879,0.78916,0.19587,0.9879,0.23137,2.02582,0.9879,0.89301,0.11975,0.9879,0.09475,2.10427,0.9879,0.89225,0.11980,0.9879,0.09475,2.10427,0.9879,0.89225,0.11980,0.9879
4,10,2,2,-1,0,0,0,0.000,0.0000,1.2957,0.46163,0.40877,28.6175,0.69890,0.26580,1.6175,0.46163,0.40877,28.6175,0.46163,0.40877,28.6175,0.46163,0.40877,28.6175,0.46163,0.40877,28.6175,0.46163,0.40877,28.6175,0.75832,0.19056,2.3825,0.75832,0.19056,2.3825,0.49796,0.90415,3.6175,0.49796,0.90415,3.6175
4,10,4,2,-1,-1,-1,-1,0.000,-1.0000,-1.0000,0.00631,3.15347,0.8025,0.02067,3.15298,7.8025,0.00631,3.15347,0.8025,0.00631,3.15347,0.8025,0.00631,3.15347,0.8025,0.00631,3.15347,0.8025,0.00631,3.15347,0.8025,0.00631,3.15347,0.8025,0.00631,3.15347,0.8025,0.00631,3.15347,0.8025,0.00631,3.15347,0.8025
4,11,0,2,-1,-1,-1,-1,0.000,-1.0000,-1.0000,0.00584,2.49341,1.8786,0.00598,2.50539,1.1214,0.00584,2.49341,1.8786,0.00584,2.49341,1.8786,0.00584,2.49341,1.8786,0.00584,2.49341,1.8786,0.00584,2.49341,1.8786,0.00584,2.49341,1.8786,0.00584,2.49341,1.8786,0.00584,2.49341,1.8786,0.00584,2.49341,1.8786
4,11,1,2,0,0,2,2,0.000,0.0000,0.1904,0.02467,2.36061,6.9879,0.03562,2.33139,2.9879,0.65847,0.40644,6.9879,0.64666,0.55636,6.9879,0.62130,0.38499,6.9879,0.19154,2.31561,6.9879,0.65847,0.40644,6.9879,0.09462,2.10755,0.9879,0.88982,0.12540,0.9879,0.09462,2.10755,0.9879,0.88982,0.12540,0.9879
4,11,2,2,-1,0,0,0,0.000,0.0000,0.8393,0.70949,0.24027,6.6175,0.75954,0.22597,1.6175,0.70949,0.24027,6.6175,0.70949,0.24027,6.6175,0.70949,0.24027,6.6175,0.70949,0.24027,6.6175,0.70949,0.24027,6.6175,0.60530,0.14611,9.6175,0.60530,0.14611,9.6175,0.60530,0.14611,9.6175,0.60530,0.14611,9.6175
4,11,4,2,-1,-1,-1,-1,0.000,-1.0000,-1.0000,0.02020,3.11156,0.1975,0.03819,3.10932,7.8025,0.02020,3.11156,0.1975,0.02020,3.11156,0.1975,0.02020,3.11156,0.1975,0.02020,3.11156,0.1975,0.02020,3.11156,0.1975,0.02020,3.11156,0.1975,0.02020,3.11156,0.1975,0.02020,3.11156,0.1975,0.02020,3.11156,0.1975
4,12,0,2,0,0,1,1,0.000,0.0000,0.7217,0.83724,0.16032,0.1214,0.83399,0.12363,1.1214,0.83724,0.16032,0.1214,0.83724,0.16032,0.1214,0.80198,0.18084,0.1214,0.83724,0.16032,0.1214,0.83724,0.16032,0.1214,0.16596,1.97403,0.1214,0.91610,0.14213,0.1214,0.16596,1.97403,0.1214,0.91610,0.14213,0.1214
4,12,1,2,0,0,2,2,0.000,0.0000,0.1081,0.05462,2.20291,0.0121,0.04487,2.24089,2.9879,0.91800,0.11455,0.0121,0.84473,0.33626,0.0121,0.81399,0.16413,0.0121,0.23097,2.00845,0.0121,0.91800,0.11455,0.0121,0.09461,2.10754,0.9879,0.89083,0.12480,0.9879,0.09461,2.10754,0.9879,0.89083,0.12480,0.9879
4,12,2,2,-1,0,0,0,0.000,0.0000,0.7355,0.48710,0.58755,22.6175,0.72984,0.29041,1.6175,0.48710,0.58755,22.6175,0.48710,0.58755,22.6175,0.48710,0.58755,22.6175,0.48710,0.58755,22.6175,0.48710,0.58755,22.6175,0.60530,0.14611,9.6175,0.60530,0.14611,9.6175,0.60530,0.14611,9.6175,0.60530,0.14611,9.6175
4,12,4,2,-1,1,3,3,0.000,0.0000,0.0496,0.07572,2.93716,0.1975,0.09284,2.93844,7.8025,0.07572,2.93716,0.1975,0.07572,2.93716,0.1975,0.07572,2.93716,0.1975,0.07572,2.93716,0.1975,0.92890,0.20046,0.1975,0.07601,2.93853,0.1975,0.92742,0.20540,0.1975,0.07601,2.93853,0.1975,0.92742,0.20540,0.1975
4,13,0,2,-1,0,1,1,0.000,0.0000,0.2725,0.58431,0.39632,12.1214,0.77414,0.28173,1.1214,0.58431,0.39632,12.1214,0.58431,0.39632,12.1214,0.58431,0.39632,12.1214,0.58431,0.39632,12.1214,0.58431,0.39632,12.1214,0.91056,0.19115,0.1214,0.91610,0.14132,0.1214,0.91056,0.19115,0.1214,0.91610,0.14132,0.1214
4,13,1,2,0,0,2,2,0.000,0.0000,0.0555,0.07837,2.14368,0.9879,0.07151,2.17067,2.9879,0.89411,0.11766,0.9879,0.83062,0.32703,0.9879,0.78936,0.19709,0.9879,0.23177,2.02398,0.9879,0.89411,0.11766,0.9879,0.09461,2.10754,0.9879,0.89083,0.12481,0.9879,0.09461,2.10754,0.9879,0.89083,0.12481,0.9879
4,13,2,2,-1,0,0,0,0.000,0.0000,0.5751,0.75253,0.11603,6.3825,0.76546,0.21709,1.6175,0.75253,0.11603,6.3825,0.75253,0.11603,6.3825,0.75253,0.11603,6.3825,0.75253,0.11603,6.3825,0.75253,0.11603,6.3825,0.60530,0.14611,9.6175,0.60530,0.14611,9.6175,0.60530,0.14611,9.6175,0.60530,0.14611,9.6175
4,13,4,2,-1,-1,-1,-1,0.000,-1.0000,-1.0000,0.05319,3.01037,1.8025,0.06609,3.01035,7.8025,0.05319,3.01037,1.8025,0.05319,3.01037,1.8025,0.05319,3.01037,1.8025,0.05319,3.01037,1.8025,0.05319,3.01037,1.8025,0.05319,3.01037,1.8025,0.05319,3.01037,1.8025,0.05319,3.01037,1.8025,0.05319,3.01037,1.8025
4,14,0,2,-1,0,1,1,0.000,0.0000,0.4710,0.49864,0.56257,14.8786,0.64589,0.31412,1.1214,0.49864,0.56257,14.8786,0.49864,0.56257,14.8786,0.49864,0.56257,14.8786,0.49864,0.56257,14.8786,0.49864,0.56257,14.8786,0.92969,0.13453,0.1214,0.91999,0.13366,0.1214,0.92969,0.13453,0.1214,0.91999,0.13366,0.1214
4,14,1,2,0,0,2,2,0.000,0.0000,0.0505,0.43821,1.26286,0.9879,0.42628,1.28969,2.9879,0.87269,0.11744,0.9879,0.79108,0.33525,0.9879,0.81399,0.11876,0.9879,0.87269,0.11744,0.9879,0.87269,0.11744,0.9879,0.09461,2.10754,0.9879,0.89083,0.12481,0.9879,0.09461,2.10754,0.9879,0.89083,0.12481,0.9879
4,14,2,2,-1,0,0,0,0.000,0.0000,0.3671,0.63000,0.22318,2.6175,0.61476,0.22135,1.6175,0.63000,0.22318,2.6175,0.63000,0.22318,2.6175,0.63000,0.22318,2.6175,0.63000,0.22318,2.6175,0.63000,0.22318,2.6175,0.75983,0.17935,0.3825,0.75983,0.17935,0.3825,0.75983,0.17935,0.3825,0.75983,0.17935,0.3825
4,14,4,2,-1,-1,-1,-1,0.000,-1.0000,-1.0000,0.12731,2.76620,0.1975,0.13970,2.75826,7.8025,0.12731,2.76620,0.1975,0.12731,2.76620,0.1975,0.12731,2.76620,0.1975,0.12731,2.76620,0.1975,0.12731,2.76620,0.1975,0.12731,2.76620,0.1975,0.12731,2.76620,0.1975,0.12731,2.76620,0.1975,0.12731,2.76620,0.1975
4,15,0,2,-1,0,1,1,0.000,0.0000,1.0962,0.20646,2.33265,9.1214,0.21647,2.49446,1.1214,0.20646,2.33265,9.1214,0.20646,2.33265,9.1214,0.20646,2.33265,9.1214,0.20646,2.33265,9.1214,0.20646,2.33265,9.1214,0.85348,0.16487,2.1214,0.85348,0.16487,2.1214,0.85348,0.16487,2.1214,0.85348,0.16487,2.1214
4,15,1,2,0,0,2,2,0.000,0.0000,0.1021,0.55533,0.96270,1.9879,0.54888,0.97466,2.9879,0.87727,0.13368,1.9879,0.79188,0.35434,1.9879,0.81399,0.10135,1.9879,0.87727,0.13368,1.9879,0.87727,0.13368,1.9879,0.09461,2.10754,0.9879,0.89083,0.12481,0.9879,0.09461,2.10754,0.9879,0.89083,0.12481,0.9879
4,15,2,2,0,0,0,0,0.000,0.0000,0.5143,0.73341,0.25002,6.6175,0.74705,0.29898,1.6175,0.73341,0.25002,6.6175,0.73341,0.25002,6.6175,0.73406,0.24812,6.6175,0.73341,0.25002,6.6175,0.73341,0.25002,6.6175,0.75983,0.17935,0.3825,0.75983,0.17935,0.3825,0.75983,0.17935,0.3825,0.75983,0.17935,0.3825
4,15,4,2,-1,1,3,3,0.000,0.0000,0.0385,0.29115,2.23332,0.1975,0.27695,2.24492,7.8025,0.29115,2.23332,0.1975,0.29115,2.23332,0.1975,0.29115,2.23332,0.1975,0.29115,2.23332,0.1975,0.92688,0.20924,0.1975,0.06637,2.96180,2.1975,0.84887,0.22233,2.1975,0.06637,2.96180,2.1975,0.84887,0.22233,2.1975
4,16,0,2,-1,0,1,1,0.000,0.0000,0.4866,0.58658,0.42430,11.8786,0.74948,0.24457,1.1214,0.58658,0.42430,11.8786,0.58658,0.42430,11.8786,0.58658,0.42430,11.8786,0.58658,0.42430,11.8786,0.58658,0.42430,11.8786,0.81244,0.18579,3.1214,0.81244,0.18579,3.1214,0.81244,0.18579,3.1214,0.81244,0.18579,3.1214
4,16,1,2,-1,0,2,2,0.000,0.0000,0.6198,0.41284,0.98392,28.9879,0.58527,0.85201,2.9879,0.41284,0.98392,28.9879,0.41284,0.98392,28.9879,0.41284,0.98392,28.9879,0.41284,0.98392,28.9879,0.31066,1.02319,28.9879,0.09461,2.10754,0.9879,0.89083,0.12481,0.9879,0.09461,2.10754,0.9879,0.89083,0.12481,0.9879
4,16,2,2,-1,0,0,0,0.000,0.0000,0.5703,0.65229,0.18869,10.3825,0.77642,0.23377,1.6175,0.65229,0.18869,10.3825,0.65229,0.18869,10.3825,0.65229,0.18869,10.3825,0.65229,0.18869,10.3825,0.65229,0.18869,10.3825,0.75719,0.18814,0.6175,0.75719,0.18814,0.6175,0.75719,0.18814,0.6175,0.75719,0.18814,0.6175
4,16,4,2,-1,1,3,3,0.000,0.0000,0.0336,0.39010,1.93305,0.1975,0.35423,1.96141,7.8025,0.39010,1.93305,0.1975,0.39010,1.93305,0.1975,0.39010,1.93305,0.1975,0.39010,1.93305,0.1975,0.92896,0.19860,0.1975,0.07742,2.92996,1.8025,0.87139,0.21352,1.8025,0.07742,2.92996,1.8025,0.87139,0.21352,1.8025
4,17,0,2,-1,0,1,1,0.000,0.0000,0.2175,0.63273,0.24421,11.8786,0.62024,0.14073,1.1214,0.63273,0.24421,11.8786,0.63273,0.24421,11.8786,0.63273,0.24421,11.8786,0.63273,0.24421,11.8786,0.63273,0.24421,11.8786,0.74824,0.21194,5.1214,0.74824,0.21194,5.1214,0.74824,0.21194,5.1214,0.74824,0.21194,5.1214
4,17,1,2,-1,0,2,2,0.000,0.0000,0.2081,0.50619,0.57413,0.9879,0.50419,0.57615,2.9879,0.50619,0.57413,0.9879,0.50619,0.57413,0.9879,0.50619,0.57413,0.9879,0.50619,0.57413,0.9879,0.53359,0.49871,0.9879,0.44581,1.27858,0.0121,0.91749,0.11514,0.0121,0.44581,1.27858,0.0121,0.91749,0.11514,0.0121
4,17,2,2,0,0,0,0,0.000,0.0000,0.5233,0.84599,0.13399,0.6175,0.82460,0.12790,1.6175,0.84599,0.13399,0.6175,0.84599,0.13399,0.6175,0.79872,0.17445,0.6175,0.84599,0.13399,0.6175,0.84599,0.13399,0.6175,0.75719,0.18814,0.6175,0.75719,0.18814,0.6175,0.75719,0.18814,0.6175,0.75719,0.18814,0.6175
4,17,4,2,-1,1,3,3,0.000,0.0000,0.0531,0.28557,2.26172,0.8025,0.27563,2.26544,7.8025,0.28557,2.26172,0.8025,0.28557,2.26172,0.8025,0.28557,2.26172,0.8025,0.28557,2.26172,0.8025,0.89821,0.20975,0.8025,0.07507,2.93720,0.8025,0.90969,0.19956,0.8025,0.07507,2.93720,0.8025,0.90969,0.19956,0.8025
4,18,0,2,-1,0,1,1,0.000,0.0000,0.1492,0.69868,0.11320,8.8786,0.76266,0.19955,1.1214,0.69868,0.11320,8.8786,0.69868,0.11320,8.8786,0.69868,0.11320,8.8786,0.69868,0.11320,8.8786,0.69868,0.11320,8.8786,0.67097,0.25070,8.1214,0.67097,0.25070,8.1214,0.67097,0.25070,8.1214,0.67097,0.25070,8.1214
4,18,1,2,0,1,2,2,0.000,0.0000,0.1336,0.83546,0.12525,3.0121,0.80995,0.06986,2.9879,0.85979,0.09321,3.0121,0.83546,0.12525,3.0121,0.81399,0.09752,3.0121,0.85979,0.09321,3.0121,0.66482,0.62258,3.0121,0.46838,1.22512,0.0121,0.91749,0.11514,0.0121,0.46838,1.22512,0.0121,0.91749,0.11514,0.0121
4,18,2,2,0,0,0,0,0.000,0.0000,0.4841,0.82331,0.18196,0.3825,0.80840,0.18684,1.6175,0.83872,0.15592,0.3825,0.82331,0.18196,0.3825,0.80574,0.20457,0.3825,0.83872,0.15592,0.3825,0.83872,0.15592,0.3825,0.75719,0.18814,0.6175,0.75719,0.18814,0.6175,0.75719,0.18814,0.6175,0.75719,0.18814,0.6175
4,18,4,2,0,-1,-1,-1,0.000,-1.0000,-1.0000,0.18375,2.57573,0.1975,0.18844,2.57837,7.8025,0.68062,0.95010,0.1975,0.61170,1.17503,0.1975,0.76310,0.72477,0.1975,0.20343,2.61745,0.1975,0.18375,2.57573,0.1975,0.18375,2.57573,0.1975,0.18375,2.57573,0.1975,0.18375,2.57573,0.1975,0.18375,2.57573,0.1975
4,19,0,1,0,0,1,1,0.000,0.0000,0.2045,0.78917,0.18673,4.8786,0.78697,0.18662,1.1214,0.78917,0.18673,4.8786,0.78917,0.18673,4.8786,0.79031,0.15727,4.8786,0.78917,0.18673,4.8786,0.78917,0.18673,4.8786,0.64887,0.26349,9.1214,0.64887,0.26349,9.1214,0.64887,0.26349,9.1214,0.64887,0.26349,9.1214
4,19,1,2,-1,1,2,2,0.000,0.0000,0.4782,0.35687,0.91819,4.9879,0.35399,0.98466,2.9879,0.35687,0.91819,4.9879,0.35687,0.91819,4.9879,0.35687,0.91819,4.9879,0.35687,0.91819,4.9879,0.33258,1.02007,4.9879,0.60990,0.88915,0.0121,0.91749,0.11497,0.0121,0.60990,0.88915,0.0121,0.91749,0.11497,0.0121
4,19,2,2,-1,-1,-1,-1,0.000,-1.0000,-1.0000,0.00358,2.49377,2.6175,0.00365,2.49594,1.6175,0.00358,2.49377,2.6175,0.00358,2.49377,2.6175,0.00358,2.49377,2.6175,0.00358,2.49377,2.6175,0.00358,2.49377,2.6175,0.00358,2.49377,2.6175,0.00358,2.49377,2.6175,0.00358,2.49377,2.6175,0.00358,2.49377,2.6175
4,19,4,2,0,1,3,3,0.000,0.0000,0.0304,0.09433,2.86879,0.1975,0.10835,2.86147,7.8025,0.67108,0.95869,0.1975,0.60302,1.18355,0.1975,0.76401,0.73299,0.1975,0.20227,2.62731,0.1975,0.92737,0.20805,0.1975,0.07515,2.93727,0.8025,0.90281,0.20132,0.8025,0.07515,2.93727,0.8025,0.90281,0.20132,0.8025
4,20,0,1,0,0,1,1,0.000,0.0000,0.3033,0.79266,0.19217,3.8786,0.79355,0.21339,1.1214,0.80592,0.17881,3.8786,0.79266,0.19217,3.8786,0.81661,0.09156,3.8786,0.80592,0.17881,3.8786,0.80592,0.17881,3.8786,0.53618,0.35159,16.1214,0.53618,0.35159,16.1214,0.53618,0.35159,16.1214,0.53618,0.35159,16.1214
4,20,1,2,-1,0,2,2,0.000,0.0000,0.3908,0.60718,0.35315,6.9879,0.65623,0.34012,2.9879,0.60718,0.35315,6.9879,0.60718,0.35315,6.9879,0.60718,0.35315,6.9879,0.60718,0.35315,6.9879,0.62668,0.27825,6.9879,0.74788,0.58473,0.0121,0.90387,0.14897,0.0121,0.74788,0.58473,0.0121,0.90387,0.14897,0.0121
4,20,2,2,0,-1,-1,-1,0.000,-1.0000,-1.0000,0.11568,1.98299,1.3825,0.11945,1.97808,1.6175,0.53980,0.51680,1.3825,0.53719,0.52790,1.3825,0.48894,0.61068,1.3825,0.16477,2.35525,1.3825,0.11568,1.98299,1.3825,0.11568,1.98299,1.3825,0.11568,1.98299,1.3825,0.11568,1.98299,1.3825,0.11568,1.98299,1.3825
4,20,4,2,0,1,3,3,0.000,0.0000,0.1845,0.01304,3.27495,3.1975,0.03884,3.16914,7.8025,0.59929,1.23790,3.1975,0.53899,1.46255,3.1975,0.65767,1.01341,3.1975,0.16450,2.89957,3.1975,0.78576,0.49142,3.1975,0.07515,2.93727,0.8025,0.90281,0.20132,0.8025,0.07515,2.93727,0.8025,0.90281,0.20132,0.8025
4,21,0,1,0,0,1,1,0.000,0.0000,0.3171,0.64525,0.26628,1.8786,0.60876,0.32681,1.1214,0.79200,0.09817,1.8786,0.71618,0.18527,1.8786,0.77331,0.03388,1.8786,0.79200,0.09817,1.8786,0.79200,0.09817,1.8786,0.78148,0.17746,1.1214,0.78148,0.17746,1.1214,0.78148,0.17746,1.1214,0.78148,0.17746,1.1214
4,21,1,2,-1,0,2,2,0.000,0.0000,0.3109,0.66472,0.25974,3.9879,0.67780,0.24391,2.9879,0.66472,0.25974,3.9879,0.66472,0.25974,3.9879,0.66472,0.25974,3.9879,0.66472,0.25974,3.9879,0.66472,0.25974,3.9879,0.73880,0.28530,5.0121,0.76646,0.26170,5.0121,0.73880,0.28530,5.0121,0.76646,0.26170,5.0121
4,21,2,2,0,0,0,0,0.000,0.0000,0.3446,0.01054,2.30619,0.3825,0.01255,2.31305,1.6175,0.93034,0.10855,0.3825,0.84821,0.33085,0.3825,0.82539,0.16498,0.3825,0.23534,2.00191,0.3825,0.93034,0.10855,0.3825,0.75719,0.18814,0.6175,0.75719,0.18814,0.6175,0.75719,0.18814,0.6175,0.75719,0.18814,0.6175
4,21,4,2,0,1,3,3,0.000,0.0000,0.2202,0.00686,3.18520,1.1975,0.01943,3.16189,7.8025,0.59213,1.02473,1.1975,0.53697,1.24385,1.1975,0.60717,0.82678,1.1975,0.17037,2.80588,1.1975,0.71201,0.37265,1.1975,0.07515,2.93727,0.8025,0.90281,0.20132,0.8025,0.07515,2.93727,0.8025,0.90281,0.20132,0.8025
4,22,0,1,-1,0,1,1,0.000,0.0000,0.3123,0.49019,0.42923,2.1214,0.49509,0.42596,1.1214,0.49019,0.42923,2.1214,0.49019,0.42923,2.1214,0.49019,0.42923,2.1214,0.49019,0.42923,2.1214,0.75340,0.11099,2.1214,0.78148,0.17746,1.1214,0.78148,0.17746,1.1214,0.78148,0.17746,1.1214,0.78148,0.17746,1.1214
4,22,1,2,-1,0,2,2,0.000,0.0000,0.1308,0.52901,0.35607,17.9879,0.72706,0.27335,2.9879,0.52901,0.35607,17.9879,0.52901,0.35607,17.9879,0.52901,0.35607,17.9879,0.52901,0.35607,17.9879,0.54479,0.25504,17.9879,0.73937,0.28487,5.0121,0.76646,0.26170,5.0121,0.73937,0.28487,5.0121,0.76646,0.26170,5.0121
4,22,2,2,0,0,0,0,0.000,0.0000,0.2712,0.23488,1.76622,0.3825,0.23877,1.76401,1.6175,0.84194,0.14477,0.3825,0.76595,0.34387,0.3825,0.81761,0.15787,0.3825,0.23628,1.84502,0.3825,0.84194,0.14477,0.3825,0.75719,0.18814,0.6175,0.75719,0.18814,0.6175,0.75719,0.18814,0.6175,0.75719,0.18814,0.6175
4,23,0,1,0,0,1,1,0.000,0.0000,0.2743,0.89809,0.07226,2.1214,0.90118,0.07563,1.1214,0.89809,0.07226,2.1214,0.89809,0.07226,2.1214,0.83920,0.02734,2.1214,0.89809,0.07226,2.1214,0.89809,0.07226,2.1214,0.78148,0.17746,1.1214,0.78148,0.17746,1.1214,0.78148,0.17746,1.1214,0.78148,0.17746,1.1214
4,23,1,2,-1,0,2,2,0.000,0.0000,0.1413,0.48629,0.37173,16.9879,0.60610,0.30535,2.9879,0.48629,0.37173,16.9879,0.48629,0.37173,16.9879,0.48629,0.37173,16.9879,0.48629,0.37173,16.9879,0.49461,0.31928,16.9879,0.65559,0.29941,4.9879,0.65559,0.29941,4.9879,0.65559,0.29941,4.9879,0.65559,0.29941,4.9879
4,23,2,2,0,0,0,0,0.000,0.0000,0.2181,0.51134,1.09946,0.3825,0.51244,1.09999,1.6175,0.91515,0.10918,0.3825,0.82487,0.32900,0.3825,0.83644,0.12706,0.3825,0.91515,0.10918,0.3825,0.91515,0.10918,0.3825,0.75719,0.18814,0.6175,0.75719,0.18814,0.6175,0.75719,0.18814,0.6175,0.75719,0.18814,0.6175
4,23,4,2,-1,1,3,3,0.000,0.0000,0.5231,0.01396,1.01865,0.1975,0.16851,1.00796,7.8025,0.01396,1.01865,0.1975,0.01396,1.01865,0.1975,0.01396,1.01865,0.1975,0.01396,1.01865,0.1975,0.90830,0.10413,0.1975,0.38659,1.93251,0.8025,0.90281,0.20132,0.8025,0.38659,1.93251,0.8025,0.90281,0.20132,0.8025
4,24,0,2,-1,0,1,1,0.000,0.0000,1.3884,0.21405,2.82101,5.1214,0.21175,2.86826,1.1214,0.21405,2.82101,5.1214,0.21405,2.82101,5.1214,0.21405,2.82101,5.1214,0.21405,2.82101,5.1214,0.21405,2.82101,5.1214,0.78148,0.17746,1.1214,0.78148,0.17746,1.1214,0.78148,0.17746,1.1214,0.78148,0.17746,1.1214
4,24,1,2,-1,0,2,2,0.000,0.0000,1.2667,0.36587,2.26079,4.9879,0.38628,2.24695,2.9879,0.36587,2.26079,4.9879,0.36587,2.26079,4.9879,0.36587,2.26079,4.9879,0.36587,2.26079,4.9879,0.36587,2.26079,4.9879,0.65559,0.29941,4.9879,0.65559,0.29941,4.9879,0.65559,0.29941,4.9879,0.65559,0.29941,4.9879
4,24,2,2,0,-1,-1,-1,0.000,-1.0000,-1.0000,0.26959,1.66357,0.6175,0.26973,1.66221,1.6175,0.93636,0.10319,0.6175,0.79440,0.33509,0.6175,0.83644,0.14363,0.6175,0.23656,1.97180,0.6175,0.26959,1.66357,0.6175,0.26959,1.66357,0.6175,0.26959,1.66357,0.6175,0.26959,1.66357,0.6175,0.26959,1.66357,0.6175
4,25,0,2,0,0,1,1,0.000,0.0000,0.7886,0.81153,0.17541,0.1214,0.80668,0.17894,1.1214,0.81153,0.17541,0.1214,0.81153,0.17541,0.1214,0.77971,0.20187,0.1214,0.81153,0.17541,0.1214,0.81153,0.17541,0.1214,0.78148,0.17746,1.1214,0.78148,0.17746,1.1214,0.78148,0.17746,1.1214,0.78148,0.17746,1.1214
4,25,1,2,0,0,2,2,0.000,0.0000,0.8962,0.81956,0.17585,0.0121,0.76102,0.16759,2.9879,0.81956,0.17585,0.0121,0.81956,0.17585,0.0121,0.77170,0.23252,0.0121,0.81956,0.17585,0.0121,0.81956,0.17585,0.0121,0.71772,0.14357,0.9879,0.71772,0.14357,0.9879,0.71772,0.14357,0.9879,0.71772,0.14357,0.9879
4,25,2,2,0,0,0,0,0.000,0.0000,0.1776,0.03907,2.23519,0.3825,0.04466,2.23096,1.6175,0.93260,0.10823,0.3825,0.81210,0.33321,0.3825,0.82738,0.16297,0.3825,0.23559,2.00026,0.3825,0.93260,0.10823,0.3825,0.75719,0.18814,0.6175,0.75719,0.18814,0.6175,0.75719,0.18814,0.6175,0.75719,0.18814,0.6175
4,25,4,2,-1,1,3,3,0.000,0.0000,0.2973,0.48026,0.54936,1.8025,0.28793,0.85829,7.8025,0.48026,0.54936,1.8025,0.48026,0.54936,1.8025,0.48026,0.54936,1.8025,0.48026,0.54936,1.8025,0.85698,0.17654,1.8025,0.81055,0.57374,0.1975,0.92598,0.19842,0.1975,0.81055,0.57374,0.1975,0.92598,0.19842,0.1975
4,26,0,2,-1,0,1,1,0.000,0.0000,0.1946,0.53489,0.47350,11.1214,0.70386,0.23418,1.1214,0.53489,0.47350,11.1214,0.53489,0.47350,11.1214,0.53489,0.47350,11.1214,0.53489,0.47350,11.1214,0.53489,0.47350,11.1214,0.72631,0.18662,4.1214,0.72631,0.18662,4.1214,0.72631,0.18662,4.1214,0.72631,0.18662,4.1214
4,26,1,1,0,0,2,2,0.000,0.0000,0.6213,0.86095,0.10481,3.0121,0.79816,0.17813,2.9879,0.86095,0.10481,3.0121,0.86095,0.10481,3.0121,0.80902,0.06340,3.0121,0.86095,0.10481,3.0121,0.86095,0.10481,3.0121,0.71212,0.12653,0.9879,0.71212,0.12653,0.9879,0.71212,0.12653,0.9879,0.71212,0.12653,0.9879
4,26,2,2,0,0,0,0,0.000,0.0000,0.1333,0.05122,2.21302,1.6175,0.05122,2.21302,1.6175,0.89597,0.12438,1.6175,0.79694,0.34400,1.6175,0.83644,0.11916,1.6175,0.23512,1.95044,1.6175,0.89597,0.12438,1.6175,0.75719,0.18814,0.6175,0.75719,0.18814,0.6175,0.75719,0.18814,0.6175,0.75719,0.18814,0.6175
4,26,4,2,-1,1,3,3,0.000,0.0000,0.2606,0.86126,0.14809,0.1975,0.59610,0.47677,7.8025,0.86126,0.14809,0.1975,0.86126,0.14809,0.1975,0.86126,0.14809,0.1975,0.86126,0.14809,0.1975,0.86126,0.14809,0.1975,0.96853,0.05279,0.1975,0.96853,0.05279,0.1975,0.96853,0.05279,0.1975,0.96853,0.05279,0.1975
4,27,0,2,-1,0,1,1,0.000,0.0000,0.1632,0.51538,0.30223,24.1214,0.75651,0.28027,1.1214,0.51538,0.30223,24.1214,0.51538,0.30223,24.1214,0.51538,0.30223,24.1214,0.51538,0.30223,24.1214,0.51538,0.30223,24.1214,0.65688,0.19475,6.1214,0.65688,0.19475,6.1214,0.65688,0.19475,6.1214,0.65688,0.19475,6.1214
4,27,1,1,0,0,2,2,0.000,0.0000,0.3839,0.93558,0.02546,0.0121,0.84712,0.06342,2.9879,0.93558,0.02547,0.0121,0.93558,0.02547,0.0121,0.81399,0.05577,0.0121,0.93558,0.02547,0.0121,0.93558,0.02547,0.0121,0.71212,0.12653,0.9879,0.71212,0.12653,0.9879,0.71212,0.12653,0.9879,0.71212,0.12653,0.9879
4,27,2,2,0,0,0,0,0.000,0.0000,0.1307,0.08303,2.13008,0.3825,0.08822,2.12335,1.6175,0.93030,0.11272,0.3825,0.81588,0.33700,0.3825,0.82694,0.16017,0.3825,0.23479,2.00392,0.3825,0.93030,0.11272,0.3825,0.75719,0.18814,0.6175,0.75719,0.18814,0.6175,0.75719,0.18814,0.6175,0.75719,0.18814,0.6175
4,27,4,2,-1,1,3,3,0.000,0.0000,0.3125,0.64259,0.40194,5.8025,0.57448,0.49915,7.8025,0.64259,0.40194,5.8025,0.64259,0.40194,5.8025,0.64259,0.40194,5.8025,0.64259,0.40194,5.8025,0.65711,0.38439,5.8025,0.97201,0.03279,0.1975,0.97201,0.03279,0.1975,0.97201,0.03279,0.1975,0.97201,0.03279,0.1975
4,28,0,2,-1,0,1,1,0.000,0.0000,0.3013,0.58614,0.19934,14.8786,0.74636,0.25568,1.1214,0.58614,0.19934,14.8786,0.58614,0.19934,14.8786,0.58614,0.19934,14.8786,0.58614,0.19934,14.8786,0.58614,0.19934,14.8786,0.65688,0.19475,6.1214,0.65688,0.19475,6.1214,0.65688,0.19475,6.1214,0.65688,0.19475,6.1214
4,28,1,1,0,0,2,2,0.000,0.0000,0.2381,0.93332,0.02364,1.0121,0.86018,0.03591,2.9879,0.93332,0.02364,1.0121,0.93332,0.02364,1.0121,0.81399,0.05919,1.0121,0.93332,0.02364,1.0121,0.93332,0.02364,1.0121,0.71212,0.12653,0.9879,0.71212,0.12653,0.9879,0.71212,0.12653,0.9879,0.71212,0.12653,0.9879
4,28,2,2,0,0,0,0,0.000,0.0000,0.1138,0.01106,2.31014,0.6175,0.01331,2.30849,1.6175,0.93219,0.11739,0.6175,0.80680,0.34601,0.6175,0.83643,0.13303,0.6175,0.23411,1.98480,0.6175,0.93219,0.11739,0.6175,0.75719,0.18814,0.6175,0.75719,0.18814,0.6175,0.75719,0.18814,0.6175,0.75719,0.18814,0.6175
4,28,4,2,-1,1,3,3,0.000,0.0000,0.3480,0.77847,0.27017,0.8025,0.62827,0.43719,7.8025,0.77847,0.27017,0.8025,0.77847,0.27017,0.8025,0.77847,0.27017,0.8025,0.77847,0.27017,0.8025,0.77846,0.27017,0.8025,0.96456,0.03444,0.1975,0.96456,0.03444,0.1975,0.96456,0.03444,0.1975,0.96456,0.03444,0.1975
4,29,0,2,-1,0,1,1,0.000,0.0000,0.6385,0.23542,1.70510,17.1214,0.26528,1.67375,1.1214,0.23542,1.70510,17.1214,0.23542,1.70510,17.1214,0.23542,1.70510,17.1214,0.23542,1.70510,17.1214,0.23542,1.70510,17.1214,0.55704,0.17105,12.1214,0.55704,0.17105,12.1214,0.55704,0.17105,12.1214,0.55704,0.17105,12.1214
4,29,1,1,0,0,2,2,0.000,0.0000,0.1638,0.93725,0.01219,1.0121,0.86030,0.02507,2.9879,0.93725,0.01219,1.0121,0.93725,0.01219,1.0121,0.81399,0.06947,1.0121,0.93725,0.01219,1.0121,0.93725,0.01219,1.0121,0.71212,0.12653,0.9879,0.71212,0.12653,0.9879,0.71212,0.12653,0.9879,0.71212,0.12653,0.9879
4,29,2,2,0,0,0,0,0.000,0.0000,0.0942,0.27667,1.65897,0.6175,0.27948,1.65714,1.6175,0.86523,0.09110,0.6175,0.78588,0.31564,0.6175,0.83614,0.13497,0.6175,0.23848,1.90647,0.6175,0.86523,0.09110,0.6175,0.75719,0.18814,0.6175,0.75719,0.18814,0.6175,0.75719,0.18814,0.6175,0.75719,0.18814,0.6175
4,29,4,2,-1,1,3,3,0.000,0.0000,0.2283,0.78310,0.15655,4.1975,0.54578,0.59253,7.8025,0.78310,0.15655,4.1975,0.78310,0.15655,4.1975,0.78310,0.15655,4.1975,0.78310,0.15655,4.1975,0.78310,0.15655,4.1975,0.96518,0.02379,0.1975,0.96518,0.02379,0.1975,0.96518,0.02379,0.1975,0.96518,0.02379,0.1975
4,30,0,2,-1,0,1,1,0.000,0.0000,0.2688,0.66622,0.16277,9.8786,0.81563,0.13936,1.1214,0.66622,0.16277,9.8786,0.66622,0.16277,9.8786,0.66622,0.16277,9.8786,0.66622,0.16277,9.8786,0.66622,0.16277,9.8786,0.54807,0.18160,12.1214,0.54807,0.18160,12.1214,0.54807,0.18160,12.1214,0.54807,0.18160,12.1214
4,30,1,1,0,0,2,2,0.000,0.0000,0.1611,0.94299,0.00961,1.0121,0.85166,0.03733,2.9879,0.94299,0.00961,1.0121,0.94299,0.00961,1.0121,0.81399,0.07537,1.0121,0.94299,0.00961,1.0121,0.94299,0.00961,1.0121,0.71212,0.12653,0.9879,0.71212,0.12653,0.9879,0.71212,0.12653,0.9879,0.71212,0.12653,0.9879
4,30,2,2,0,0,0,0,0.000,0.0000,0.0957,0.02843,2.25905,0.3825,0.03437,2.25093,1.6175,0.93776,0.10120,0.3825,0.82681,0.32568,0.3825,0.82951,0.16569,0.3825,0.23689,1.99330,0.3825,0.93776,0.10120,0.3825,0.75719,0.18814,0.6175,0.75719,0.18814,0.6175,0.75719,0.18814,0.6175,0.75719,0.18814,0.6175
4,30,4,2,-1,1,3,3,0.000,0.0000,0.3932,0.43040,0.90150,4.8025,0.43155,0.74212,7.8025,0.43040,0.90150,4.8025,0.43040,0.90150,4.8025,0.43040,0.90150,4.8025,0.43040,0.90150,4.8025,0.43040,0.90150,4.8025,0.96518,0.02379,0.1975,0.96518,0.02379,0.1975,0.96518,0.02379,0.1975,0.96518,0.02379,0.1975
4,31,0,2,0,0,1,1,0.000,0.0000,0.0937,0.75445,0.23906,4.8786,0.79696,0.24787,1.1214,0.76320,0.20926,4.8786,0.75445,0.23906,4.8786,0.78216,0.01634,4.8786,0.76320,0.20926,4.8786,0.76320,0.20926,4.8786,0.54807,0.18160,12.1214,0.54807,0.18160,12.1214,0.54807,0.18160,12.1214,0.54807,0.18160,12.1214
4,31,1,2,0,0,2,2,0.000,0.0000,0.1876,0.95354,0.00947,0.0121,0.86139,0.05272,2.9879,0.95185,0.00832,0.0121,0.95354,0.00947,0.0121,0.81399,0.16403,0.0121,0.95185,0.00832,0.0121,0.95185,0.00832,0.0121,0.71212,0.12653,0.9879,0.71212,0.12653,0.9879,0.71212,0.12653,0.9879,0.71212,0.12653,0.9879
4,31,2,2,0,0,0,0,0.000,0.0000,0.1049,0.00897,2.30325,0.3825,0.00933,2.30714,1.6175,0.92075,0.10175,0.3825,0.79598,0.32213,0.3825,0.81355,0.18306,0.3825,0.23497,2.00327,0.3825,0.92075,0.10175,0.3825,0.75719,0.18814,0.6175,0.75719,0.18814,0.6175,0.75719,0.18814,0.6175,0.75719,0.18814,0.6175
4,31,4,2,1,1,3,3,0.000,0.0000,0.1580,0.58751,0.53144,6.8025,0.55542,0.57204,7.8025,0.60418,0.51285,6.8025,0.58751,0.53144,6.8025,0.65931,0.43951,6.8025,0.60418,0.51285,6.8025,0.60418,0.51285,6.8025,0.96518,0.02379,0.1975,0.96518,0.02379,0.1975,0.96518,0.02379,0.1975,0.96518,0.02379,0.1975
4,32,0,2,0,0,1,1,0.000,0.0000,0.2699,0.82451,0.18839,0.1214,0.80965,0.19858,1.1214,0.82451,0.18839,0.1214,0.82451,0.18839,0.1214,0.82511,0.15356,0.1214,0.82451,0.18839,0.1214,0.82451,0.18839,0.1214,0.54807,0.18160,12.1214,0.54807,0.18160,12.1214,0.54807,0.18160,12.1214,0.54807,0.18160,12.1214
4,32,1,2,0,0,2,2,0.000,0.0000,0.1921,0.96342,0.02907,0.0121,0.87713,0.08549,2.9879,0.95079,0.03028,0.0121,0.96342,0.02907,0.0121,0.81399,0.16475,0.0121,0.95079,0.03028,0.0121,0.95079,0.03028,0.0121,0.71212,0.12653,0.9879,0.71212,0.12653,0.9879,0.71212,0.12653,0.9879,0.71212,0.12653,0.9879
4,32,2,2,0,0,0,0,0.000,0.0000,0.0945,0.01200,2.29911,0.6175,0.01333,2.30313,1.6175,0.93665,0.10097,0.6175,0.82617,0.32614,0.6175,0.82927,0.16359,0.6175,0.23376,1.99147,0.6175,0.93665,0.10097,0.6175,0.75719,0.18814,0.6175,0.75719,0.18814,0.6175,0.75719,0.18814,0.6175,0.75719,0.18814,0.6175
4,32,4,2,-1,1,3,3,0.000,0.0000,0.2082,0.03250,1.16654,0.1975,0.18542,0.99904,7.8025,0.03250,1.16654,0.1975,0.03250,1.16654,0.1975,0.03250,1.16654,0.1975,0.03250,1.16654,0.1975,0.65157,0.41804,0.1975,0.91610,0.03368,1.1975,0.91610,0.03368,1.1975,0.91610,0.03368,1.1975,0.91610,0.03368,1.1975
4,33,0,2,0,0,1,1,0.000,0.0000,0.3349,0.95452,0.08281,0.1214,0.92754,0.08096,1.1214,0.93945,0.08266,0.1214,0.95452,0.08281,0.1214,0.83920,0.11685,0.1214,0.93945,0.08266,0.1214,0.93945,0.08266,0.1214,0.54807,0.18160,12.1214,0.54807,0.18160,12.1214,0.54807,0.18160,12.1214,0.54807,0.18160,12.1214
4,33,1,2,0,0,2,2,0.000,0.0000,0.3694,0.73141,0.30147,0.0121,0.68587,0.34081,2.9879,0.73141,0.30147,0.0121,0.73141,0.30147,0.0121,0.73141,0.30147,0.0121,0.73141,0.30147,0.0121,0.73141,0.30147,0.0121,0.69670,0.13366,1.9879,0.69670,0.13366,1.9879,0.69670,0.13366,1.9879,0.69670,0.13366,1.9879
4,33,2,2,0,0,0,0,0.000,0.0000,0.0878,0.00929,2.30645,0.6175,0.01013,2.31114,1.6175,0.92779,0.10611,0.6175,0.78354,0.33415,0.6175,0.82314,0.16826,0.6175,0.23154,2.00095,0.6175,0.92779,0.10611,0.6175,0.75719,0.18814,0.6175,0.75719,0.18814,0.6175,0.75719,0.18814,0.6175,0.75719,0.18814,0.6175
4,33,4,1,-1,1,3,3,0.000,0.0000,0.4827,0.63935,0.64627,5.8025,0.62489,0.64468,7.8025,0.63935,0.64627,5.8025,0.63935,0.64627,5.8025,0.63935,0.64627,5.8025,0.63935,0.64627,5.8025,0.63935,0.64627,5.8025,0.91610,0.03368,1.1975,0.91610,0.03368,1.1975,0.91610,0.03368,1.1975,0.91610,0.03368,1.1975
4,34,0,2,0,0,1,1,0.000,0.0000,0.3855,0.87750,0.09527,0.1214,0.87962,0.08927,1.1214,0.87750,0.09527,0.1214,0.87750,0.09527,0.1214,0.83920,0.09100,0.1214,0.87750,0.09527,0.1214,0.87750,0.09527,0.1214,0.54807,0.18160,12.1214,0.54807,0.18160,12.1214,0.54807,0.18160,12.1214,0.54807,0.18160,12.1214
4,34,1,2,0,0,2,2,0.000,0.0000,0.3241,0.81024,0.18470,0.9879,0.76014,0.23962,2.9879,0.81024,0.18470,0.9879,0.81024,0.18470,0.9879,0.77199,0.20960,0.9879,0.81024,0.18470,0.9879,0.81024,0.18470,0.9879,0.69630,0.13253,1.9879,0.69630,0.13253,1.9879,0.69630,0.13253,1.9879,0.69630,0.13253,1.9879
4,34,2,2,0,0,0,0,0.000,0.0000,0.0933,0.00818,2.31835,0.3825,0.01047,2.31052,1.6175,0.88950,0.13483,0.3825,0.79984,0.34616,0.3825,0.79591,0.18191,0.3825,0.22718,2.03722,0.3825,0.88950,0.13483,0.3825,0.75719,0.18814,0.6175,0.75719,0.18814,0.6175,0.75719,0.18814,0.6175,0.75719,0.18814,0.6175
4,34,4,1,1,1,3,3,0.000,0.0000,0.5400,0.45372,0.68472,2.8025,0.51736,0.68131,7.8025,0.73242,0.43822,2.8025,0.65734,0.49267,2.8025,0.77835,0.40169,2.8025,0.73242,0.43822,2.8025,0.73242,0.43822,2.8025,0.90571,0.01603,1.1975,0.90571,0.01603,1.1975,0.90571,0.01603,1.1975,0.90571,0.01603,1.1975
4,35,0,2,0,0,1,1,0.000,0.0000,0.4334,0.81495,0.26881,3.1214,0.81415,0.27943,1.1214,0.84327,0.18508,3.1214,0.81495,0.26881,3.1214,0.83792,0.05927,3.1214,0.84327,0.18508,3.1214,0.84327,0.18508,3.1214,0.54807,0.18160,12.1214,0.54807,0.18160,12.1214,0.54807,0.18160,12.1214,0.54807,0.18160,12.1214
4,35,1,2,-1,0,2,2,0.000,0.0000,0.1446,0.58023,0.52502,12.0121,0.67906,0.47010,2.9879,0.58023,0.52502,12.0121,0.58023,0.52502,12.0121,0.58023,0.52502,12.0121,0.58023,0.52502,12.0121,0.64354,0.23099,12.0121,0.70193,0.11518,0.9879,0.70193,0.11518,0.9879,0.70193,0.11518,0.9879,0.70193,0.11518,0.9879
4,35,2,2,0,0,0,0,0.000,0.0000,0.0666,0.07719,2.14049,0.6175,0.08018,2.13682,1.6175,0.94552,0.09021,0.6175,0.84128,0.31603,0.6175,0.83376,0.16447,0.6175,0.23719,1.97675,0.6175,0.94552,0.09021,0.6175,0.75719,0.18814,0.6175,0.75719,0.18814,0.6175,0.75719,0.18814,0.6175,0.75719,0.18814,0.6175
4,35,4,1,-1,1,3,3,0.000,0.0000,0.5019,0.31949,1.23482,26.8025,0.47376,0.74259,7.8025,0.31949,1.23482,26.8025,0.31949,1.23482,26.8025,0.31949,1.23482,26.8025,0.31949,1.23482,26.8025,0.31949,1.23482,26.8025,0.89518,0.09400,0.8025,0.89518,0.09400,0.8025,0.89518,0.09400,0.8025,0.89518,0.09400,0.8025
4,36,0,2,0,0,1,1,0.000,0.0000,0.4385,0.61692,0.83851,0.1214,0.61851,0.83702,1.1214,0.87525,0.16009,0.1214,0.79231,0.37647,0.1214,0.83920,0.08050,0.1214,0.87525,0.16009,0.1214,0.87525,0.16009,0.1214,0.76702,0.15629,0.1214,0.76702,0.15629,0.1214,0.76702,0.15629,0.1214,0.76702,0.15629,0.1214
4,36,1,2,0,0,2,2,0.000,0.0000,0.0617,0.77213,0.46680,1.0121,0.74575,0.45406,2.9879,0.91056,0.11579,1.0121,0.82244,0.34022,1.0121,0.81263,0.14816,1.0121,0.91056,0.11579,1.0121,0.91056,0.11579,1.0121,0.70193,0.11518,0.9879,0.70193,0.11518,0.9879,0.70193,0.11518,0.9879,0.70193,0.11518,0.9879
4,36,2,2,0,0,0,0,0.000,0.0000,0.0734,0.00851,2.30885,1.3825,0.01832,2.29822,1.6175,0.89379,0.11935,1.3825,0.82075,0.32971,1.3825,0.79205,0.19809,1.3825,0.23369,2.02588,1.3825,0.89379,0.11935,1.3825,0.75719,0.18814,0.6175,0.75719,0.18814,0.6175,0.75719,0.18814,0.6175,0.75719,0.18814,0.6175
4,36,4,1,-1,1,3,3,0.000,0.0000,0.4443,0.03020,1.13861,0.1975,0.19269,0.97944,7.8025,0.03020,1.13861,0.1975,0.03020,1.13861,0.1975,0.03020,1.13861,0.1975,0.03020,1.13861,0.1975,0.69389,0.35490,0.1975,0.81515,0.17969,2.8025,0.81515,0.17969,2.8025,0.81515,0.17969,2.8025,0.81515,0.17969,2.8025
5,0,0,2,0,0,1,1,0.000,0.0000,0.0000,0.13870,2.09821,1.2682,0.10231,2.28190,23.2682,0.85359,0.22643,1.2682,0.79580,0.44325,1.2682,0.82614,0.15377,1.2682,0.22522,2.11061,1.2682,0.85359,0.22643,1.2682,0.13870,2.09821,1.2682,0.85359,0.22643,1.2682,0.13870,2.09821,1.2682,0.85359,0.22643,1.2682
5,0,1,2,0,0,2,2,0.000,0.0000,0.0000,0.14856,0.79784,0.9140,0.08995,0.87298,2.0860,0.85009,0.20308,0.9140,0.82870,0.15522,0.9140,0.76042,0.41858,0.9140,0.85009,0.20308,0.9140,0.85009,0.20308,0.9140,0.14856,0.79784,0.9140,0.85009,0.20308,0.9140,0.14856,0.79784,0.9140,0.85009,0.20308,0.9140
5,0,2,2,0,0,0,0,0.000,0.0000,0.0000,0.77048,0.23018,1.3152,0.71936,0.28709,3.3152,0.77048,0.23018,1.3152,0.77048,0.23018,1.3152,0.71490,0.29873,1.3152,0.77048,0.23018,1.3152,0.77048,0.23018,1.3152,0.77136,0.23028,1.3152,0.77136,0.23028,1.3152,0.77136,0.23028,1.3152,0.77136,0.23028,1.3152
5,0,4,2,0,1,3,3,0.000,0.0000,0.0000,0.75948,0.66449,0.4666,0.51947,0.89327,14.5334,0.75948,0.66449,0.4666,0.75948,0.66449,0.4666,0.76410,0.64927,0.4666,0.75948,0.66449,0.4666,0.92186,0.13019,0.4666,0.75948,0.66449,0.4666,0.92186,0.13019,0.4666,0.75948,0.66449,0.4666,0.92186,0.13019,0.4666
5,1,0,2,0,0,1,1,0.000,0.0000,0.2067,0.00955,2.42460,0.2682,0.06275,2.41843,23.2682,0.86993,0.23463,0.2682,0.79427,0.45648,0.2682,0.84943,0.12927,0.2682,0.22340,2.10482,0.2682,0.86993,0.23463,0.2682,0.00893,2.42521,2.2682,0.80593,0.25773,2.2682,0.00893,2.42521,2.2682,0.80593,0.25773,2.2682
5,1,1,2,0,0,2,2,0.000,0.0000,0.9087,0.02981,0.91512,0.0860,0.04611,0.92213,2.0860,0.80363,0.30948,0.0860,0.79595,0.18258,0.0860,0.72996,0.52504,0.0860,0.80363,0.30948,0.0860,0.80363,0.30948,0.0860,0.03501,0.89943,0.9140,0.80511,0.34499,0.9140,0.03501,0.89943,0.9140,0.80511,0.34499,0.9140
5,1,2,2,0,0,0,0,0.000,0.0000,1.4387,0.67761,0.32400,4.3152,0.69580,0.29693,3.3152,0.67761,0.32400,4.3152,0.67761,0.32400,4.3152,0.67761,0.32400,4.3152,0.67761,0.32400,4.3152,0.67761,0.32400,4.3152,0.91756,0.05200,1.6848,0.91756,0.05200,1.6848,0.91756,0.05200,1.6848,0.91756,0.05200,1.6848
5,1,4,2,0,1,3,3,0.000,0.0000,0.2107,0.79197,0.46071,0.5334,0.55144,0.67423,14.5334,0.79197,0.46071,0.5334,0.79197,0.46071,0.5334,0.79485,0.46016,0.5334,0.79197,0.46071,0.5334,0.90959,0.12327,0.5334,0.58981,1.18856,0.4666,0.92685,0.11753,0.4666,0.58981,1.18856,0.4666,0.92685,0.11753,0.4666
5,2,0,2,0,0,1,1,0.000,0.0000,0.1239,0.07361,2.26074,0.2682,0.07261,2.38813,23.2682,0.87933,0.21902,0.2682,0.81483,0.44140,0.2682,0.85325,0.12427,0.2682,0.22617,2.09019,0.2682,0.87933,0.21902,0.2682,0.00564,2.41981,0.2682,0.79498,0.24332,0.2682,0.00564,2.41981,0.2682,0.79498,0.24332,0.2682
5,2,1,2,0,0,2,2,0.000,0.0000,0.2400,0.02525,0.91776,0.0860,0.04597,0.91895,2.0860,0.82800,0.25328,0.0860,0.81946,0.16364,0.0860,0.74824,0.46795,0.0860,0.82800,0.25328,0.0860,0.82800,0.25328,0.0860,0.03202,0.89622,0.9140,0.75092,0.51156,0.9140,0.03202,0.89622,0.9140,0.75092,0.51156,0.9140
5,2,2,2,-1,0,0,0,0.000,0.0000,4.8184,0.43883,1.09362,14.3152,0.50494,1.07291,3.3152,0.43883,1.09362,14.3152,0.43883,1.09362,14.3152,0.43883,1.09362,14.3152,0.43883,1.09362,14.3152,0.43883,1.09362,14.3152,0.95456,0.04027,0.6848,0.95753,0.03508,0.6848,0.95456,0.04027,0.6848,0.95753,0.03508,0.6848
5,2,4,2,-1,1,3,3,0.000,0.0000,0.0818,0.88644,0.22312,0.4666,0.55671,0.46367,14.5334,0.88644,0.22312,0.4666,0.88644,0.22312,0.4666,0.88644,0.22312,0.4666,0.88644,0.22312,0.4666,0.91868,0.11966,0.4666,0.88826,0.22942,0.4666,0.91838,0.13160,0.4666,0.88826,0.22942,0.4666,0.91838,0.13160,0.4666
5,3,0,2,0,0,1,1,0.000,0.0000,0.8249,0.08293,2.29339,10.2682,0.07378,2.37468,23.2682,0.61791,0.47764,10.2682,0.58376,0.64992,10.2682,0.64377,0.36761,10.2682,0.20818,1.70658,10.2682,0.61791,0.47764,10.2682,0.01638,2.39781,0.7318,0.88570,0.21123,0.7318,0.01638,2.39781,0.7318,0.88570,0.21123,0.7318
5,3,1,2,0,0,2,2,0.000,0.0000,0.0293,0.09626,0.84822,0.0860,0.05929,0.90703,2.0860,0.84779,0.21502,0.0860,0.82533,0.15766,0.0860,0.76040,0.43019,0.0860,0.84779,0.21502,0.0860,0.84779,0.21502,0.0860,0.05400,0.88731,2.0860,0.77172,0.39730,2.0860,0.05400,0.88731,2.0860,0.77172,0.39730,2.0860
5,3,2,2,-1,0,0,0,0.000,0.0000,4.2745,0.26807,1.14573,41.6848,0.27727,1.79516,3.3152,0.26807,1.14573,41.6848,0.26807,1.14573,41.6848,0.26807,1.14573,41.6848,0.26807,1.14573,41.6848,0.26807,1.14573,41.6848,0.74270,0.23744,5.3152,0.75576,0.22364,5.3152,0.74270,0.23744,5.3152,0.75576,0.22364,5.3152
5,3,4,2,-1,1,3,3,0.000,0.0000,0.2970,0.87152,0.12976,0.4666,0.58497,0.27725,14.5334,0.87152,0.12976,0.4666,0.87152,0.12976,0.4666,0.87152,0.12976,0.4666,0.87152,0.12976,0.4666,0.92825,0.07182,0.4666,0.58587,1.20160,0.4666,0.92793,0.11703,0.4666,0.58587,1.20160,0.4666,0.92793,0.11703,0.4666
5,4,0,2,0,0,1,1,0.000,0.0000,0.3014,0.10102,2.18780,1.2682,0.07586,2.35730,23.2682,0.84757,0.23147,1.2682,0.79017,0.44591,1.2682,0.82144,0.15993,1.2682,0.22411,2.11732,1.2682,0.84757,0.23147,1.2682,0.01041,2.42619,1.2682,0.83734,0.25031,1.2682,0.01041,2.42619,1.2682,0.83734,0.25031,1.2682
5,4,1,2,0,0,2,2,0.000,0.0000,0.0646,0.02410,0.91425,0.0860,0.05004,0.91964,2.0860,0.82387,0.28138,0.0860,0.81716,0.16150,0.0860,0.73816,0.49972,0.0860,0.82387,0.28138,0.0860,0.82387,0.28138,0.0860,0.05442,0.89559,2.0860,0.76517,0.39897,2.0860,0.05442,0.89559,2.0860,0.76517,0.39897,2.0860
5,4,2,2,-1,0,0,0,0.000,0.0000,1.6339,0.58740,0.65083,9.6848,0.66104,0.62550,3.3152,0.58740,0.65083,9.6848,0.58740,0.65083,9.6848,0.58740,0.65083,9.6848,0.58740,0.65083,9.6848,0.71039,0.17217,9.6848,0.89211,0.07983,1.6848,0.89211,0.07983,1.6848,0.89211,0.07983,1.6848,0.89211,0.07983,1.6848
5,4,4,2,-1,1,3,3,0.000,0.0000,0.2271,0.89122,0.11102,0.4666,0.57423,0.31782,14.5334,0.89122,0.11102,0.4666,0.89122,0.11102,0.4666,0.89122,0.11102,0.4666,0.89122,0.11102,0.4666,0.92528,0.08073,0.4666,0.74373,0.74391,0.5334,0.94857,0.10427,0.5334,0.74373,0.74391,0.5334,0.94857,0.10427,0.5334
5,5,0,2,0,0,1,1,0.000,0.0000,0.2226,0.01231,2.44779,2.2682,0.05990,2.39718,23.2682,0.78251,0.31904,2.2682,0.73454,0.52111,2.2682,0.77433,0.22241,2.2682,0.20929,2.20695,2.2682,0.78251,0.31904,2.2682,0.01041,2.42619,1.2682,0.83734,0.25030,1.2682,0.01041,2.42619,1.2682,0.83734,0.25030,1.2682
5,5,1,2,0,0,2,2,0.000,0.0000,0.0089,0.02511,0.91456,0.0860,0.04741,0.92279,2.0860,0.84550,0.22366,0.0860,0.83264,0.15520,0.0860,0.75754,0.43967,0.0860,0.84550,0.22366,0.0860,0.84550,0.22366,0.0860,0.04057,0.90311,1.0860,0.78632,0.36432,1.0860,0.04057,0.90311,1.0860,0.78632,0.36432,1.0860
5,5,2,1,0,0,0,0,0.000,0.0000,1.1193,0.06807,2.12232,0.6848,0.08119,2.12143,3.3152,0.82538,0.07894,0.6848,0.75280,0.29391,0.6848,0.76873,0.16533,0.6848,0.23465,1.41629,0.6848,0.82538,0.07894,0.6848,0.88322,0.07845,1.6848,0.88322,0.07845,1.6848,0.88322,0.07845,1.6848,0.88322,0.07845,1.6848
5,5,4,2,-1,1,3,3,0.000,0.0000,0.1305,0.89398,0.12162,0.4666,0.56817,0.33918,14.5334,0.89398,0.12162,0.4666,0.89398,0.12162,0.4666,0.89398,0.12162,0.4666,0.89398,0.12162,0.4666,0.90229,0.11547,0.4666,0.73903,0.75186,0.5334,0.94037,0.12061,0.5334,0.73903,0.75186,0.5334,0.94037,0.12061,0.5334
5,6,0,2,0,0,1,1,0.000,0.0000,0.1135,0.07309,2.24913,0.2682,0.05960,2.38444,23.2682,0.83664,0.23827,0.2682,0.69722,0.47255,0.2682,0.85838,0.01453,0.2682,0.22467,2.02684,0.2682,0.83664,0.23827,0.2682,0.01041,2.42619,1.2682,0.83734,0.25030,1.2682,0.01041,2.42619,1.2682,0.83734,0.25030,1.2682
5,6,1,2,0,0,2,2,0.000,0.0000,0.0441,0.29131,0.66024,0.0860,0.24973,0.71694,2.0860,0.84818,0.21356,0.0860,0.82521,0.15746,0.0860,0.76044,0.42881,0.0860,0.84818,0.21356,0.0860,0.84818,0.21356,0.0860,0.04060,0.90304,1.0860,0.78708,0.36228,1.0860,0.04060,0.90304,1.0860,0.78708,0.36228,1.0860
5,6,2,1,0,0,0,0,0.000,0.0000,0.9089,0.08247,2.09036,1.3152,0.07488,2.12100,3.3152,0.84333,0.08556,1.3152,0.76757,0.29804,1.3152,0.78650,0.16450,1.3152,0.23412,1.41955,1.3152,0.84333,0.08556,1.3152,0.88322,0.07845,1.6848,0.88322,0.07845,1.6848,0.88322,0.07845,1.6848,0.88322,0.07845,1.6848
5,6,4,2,-1,1,3,3,0.000,0.0000,0.0798,0.90330,0.11088,0.4666,0.57395,0.31330,14.5334,0.90330,0.11088,0.4666,0.90330,0.11088,0.4666,0.90330,0.11088,0.4666,0.90330,0.11088,0.4666,0.92174,0.09829,0.4666,0.73903,0.75186,0.5334,0.94037,0.12061,0.5334,0.73903,0.75186,0.5334,0.94037,0.12061,0.5334
5,7,0,2,0,0,1,1,0.000,0.0000,0.1014,0.01105,2.41409,0.2682,0.05089,2.41098,23.2682,0.87465,0.22276,0.2682,0.76165,0.44733,0.2682,0.84976,0.12883,0.2682,0.22534,2.09558,0.2682,0.87465,0.22276,0.2682,0.01041,2.42619,1.2682,0.83734,0.25031,1.2682,0.01041,2.42619,1.2682,0.83734,0.25031,1.2682
5,7,1,2,0,0,2,2,0.000,0.0000,0.0468,0.03374,0.90528,0.0860,0.06307,0.90382,2.0860,0.84815,0.22278,0.0860,0.82958,0.15262,0.0860,0.75756,0.43979,0.0860,0.84815,0.22278,0.0860,0.84815,0.22278,0.0860,0.04108,0.90444,1.0860,0.79719,0.32550,1.0860,0.04108,0.90444,1.0860,0.79719,0.32550,1.0860
5,7,2,2,-1,0,0,0,0.000,0.0000,0.8524,0.67414,0.09617,7.3152,0.75232,0.07542,3.3152,0.67414,0.09617,7.3152,0.67414,0.09617,7.3152,0.67414,0.09617,7.3152,0.67414,0.09617,7.3152,0.67414,0.09617,7.3152,0.86092,0.13811,1.6848,0.86092,0.13811,1.6848,0.86092,0.13811,1.6848,0.86092,0.13811,1.6848
5,7,4,2,-1,1,3,3,0.000,0.0000,0.3192,0.68390,0.39606,2.4666,0.57344,0.33056,14.5334,0.68390,0.39606,2.4666,0.68390,0.39606,2.4666,0.68390,0.39606,2.4666,0.68390,0.39606,2.4666,0.68390,0.39606,2.4666,0.73903,0.75186,0.5334,0.94037,0.12061,0.5334,0.73903,0.75186,0.5334,0.94037,0.12061,0.5334
5,8,0,2,0,0,1,1,0.000,0.0000,2.4526,0.05326,3.79675,1.2682,0.05894,3.63254,23.2682,0.15648,3.38206,1.2682,0.09915,3.60706,1.2682,0.19865,3.15706,1.2682,0.15648,3.38206,1.2682,0.15648,3.38206,1.2682,0.01041,2.42619,1.2682,0.86692,0.24043,1.2682,0.01041,2.42619,1.2682,0.86692,0.24043,1.2682
5,8,1,2,0,0,2,2,0.000,0.0000,0.0549,0.31242,0.64286,0.9140,0.25195,0.72196,2.0860,0.84068,0.21151,0.9140,0.81579,0.16619,0.9140,0.76014,0.42344,0.9140,0.84068,0.21151,0.9140,0.84068,0.21151,0.9140,0.04143,0.90398,1.0860,0.80561,0.30339,1.0860,0.04143,0.90398,1.0860,0.80561,0.30339,1.0860
5,8,2,2,-1,0,0,0,0.000,0.0000,0.8470,0.46743,0.40144,29.3152,0.74642,0.27009,3.3152,0.46743,0.40144,29.3152,0.46743,0.40144,29.3152,0.46743,0.40144,29.3152,0.46743,0.40144,29.3152,0.47126,0.19016,29.3152,0.85465,0.13798,1.6848,0.85465,0.13798,1.6848,0.85465,0.13798,1.6848,0.85465,0.13798,1.6848
5,8,4,2,-1,1,3,3,0.000,0.0000,0.1541,0.95456,0.07132,0.4666,0.55656,0.30156,14.5334,0.95456,0.07132,0.4666,0.95456,0.07132,0.4666,0.95456,0.07132,0.4666,0.95456,0.07132,0.4666,0.95456,0.07132,0.4666,0.92700,0.09991,0.4666,0.92700,0.09991,0.4666,0.92700,0.09991,0.4666,0.92700,0.09991,0.4666
5,9,0,1,0,0,1,1,0.000,0.0000,1.4411,0.00933,2.42302,0.7318,0.03877,2.42495,23.2682,0.71874,0.31332,0.7318,0.64242,0.50022,0.7318,0.77254,0.21764,0.7318,0.22476,1.59035,0.7318,0.71874,0.31332,0.7318,0.01041,2.42619,1.2682,0.86692,0.24043,1.2682,0.01041,2.42619,1.2682,0.86692,0.24043,1.2682
5,9,1,2,0,0,2,2,0.000,0.0000,0.0644,0.10496,0.84356,0.9140,0.16130,0.81730,2.0860,0.84677,0.19794,0.9140,0.80019,0.17503,0.9140,0.76044,0.41165,0.9140,0.84677,0.19794,0.9140,0.84677,0.19794,0.9140,0.07853,0.86956,1.0860,0.83396,0.23120,1.0860,0.07853,0.86956,1.0860,0.83396,0.23120,1.0860
5,9,2,2,-1,0,0,0,0.000,0.0000,0.5304,0.40946,1.09062,10.6848,0.38441,0.98305,3.3152,0.40946,1.09062,10.6848,0.40946,1.09062,10.6848,0.40946,1.09062,10.6848,0.40946,1.09062,10.6848,0.40946,1.09062,10.6848,0.85619,0.11828,1.3152,0.85619,0.11828,1.3152,0.85619,0.11828,1.3152,0.85619,0.11828,1.3152
5,9,4,2,-1,1,3,3,0.000,0.0000,0.1136,0.90651,0.09193,0.4666,0.57331,0.26529,14.5334,0.90651,0.09193,0.4666,0.90651,0.09193,0.4666,0.90651,0.09193,0.4666,0.90651,0.09193,0.4666,0.91622,0.08167,0.4666,0.94059,0.06399,0.4666,0.94059,0.06399,0.4666,0.94059,0.06399,0.4666,0.94059,0.06399,0.4666
5,10,0,1,-1,-1,-1,-1,0.000,-1.0000,-1.0000,0.03195,2.34360,0.7318,0.05658,2.34696,23.2682,0.03195,2.34360,0.7318,0.03195,2.34360,0.7318,0.03195,2.34360,0.7318,0.03195,2.34360,0.7318,0.03195,2.34360,0.7318,0.03195,2.34360,0.7318,0.03195,2.34360,0.7318,0.03195,2.34360,0.7318,0.03195,2.34360,0.7318
5,10,1,2,0,0,2,2,0.000,0.0000,0.2482,0.02376,1.10602,0.0860,0.05018,1.08338,2.0860,0.55056,0.50678,0.0860,0.51495,0.54499,0.0860,0.56871,0.57799,0.0860,0.55056,0.50678,0.0860,0.55056,0.50678,0.0860,0.07833,0.87201,1.0860,0.82966,0.23287,1.0860,0.07833,0.87201,1.0860,0.82966,0.23287,1.0860
5,10,2,2,-1,0,0,0,0.000,0.0000,0.7803,0.30178,1.67388,6.3152,0.30335,1.70019,3.3152,0.30178,1.67388,6.3152,0.30178,1.67388,6.3152,0.30178,1.67388,6.3152,0.30178,1.67388,6.3152,0.30178,1.67388,6.3152,0.80843,0.14917,1.6848,0.80843,0.14917,1.6848,0.80843,0.14917,1.6848,0.80843,0.14917,1.6848
5,10,4,2,0,1,3,3,0.000,0.0000,0.0410,0.64312,1.02700,0.4666,0.47387,1.26949,14.5334,0.69495,0.85629,0.4666,0.64312,1.02700,0.4666,0.76273,0.63186,0.4666,0.69495,0.85629,0.4666,0.91892,0.11707,0.4666,0.93924,0.06515,0.4666,0.93924,0.06515,0.4666,0.93924,0.06515,0.4666,0.93924,0.06515,0.4666
5,11,0,1,-1,-1,-1,-1,0.000,-1.0000,-1.0000,0.00625,2.88185,0.7318,0.02210,2.71467,23.2682,0.00625,2.88185,0.7318,0.00625,2.88185,0.7318,0.00625,2.88185,0.7318,0.00625,2.88185,0.7318,0.00625,2.88185,0.7318,0.00625,2.88185,0.7318,0.00625,2.88185,0.7318,0.00625,2.88185,0.7318,0.00625,2.88185,0.7318
5,11,1,2,0,0,2,2,0.000,0.0000,0.1552,0.29508,0.65848,0.0860,0.24951,0.72800,2.0860,0.84722,0.21230,0.0860,0.82355,0.15876,0.0860,0.76044,0.42706,0.0860,0.84722,0.21230,0.0860,0.84722,0.21230,0.0860,0.27409,0.68631,1.0860,0.83163,0.22651,1.0860,0.27409,0.68631,1.0860,0.83163,0.22651,1.0860
5,11,2,2,-1,0,0,0,0.000,0.0000,0.6985,0.59570,0.26420,0.3152,0.57874,0.34696,3.3152,0.59570,0.26420,0.3152,0.59570,0.26420,0.3152,0.59570,0.26420,0.3152,0.59570,0.26420,0.3152,0.59877,0.26156,0.3152,0.80843,0.14917,1.6848,0.80843,0.14917,1.6848,0.80843,0.14917,1.6848,0.80843,0.14917,1.6848
5,11,4,2,0,1,3,3,0.000,0.0000,0.0375,0.59970,1.21801,0.5334,0.44798,1.44173,14.5334,0.70901,0.87249,0.5334,0.63787,1.09749,0.5334,0.78001,0.64749,0.5334,0.70901,0.87249,0.5334,0.94443,0.12253,0.5334,0.94450,0.06092,0.4666,0.94449,0.06092,0.4666,0.94450,0.06092,0.4666,0.94449,0.06092,0.4666
5,12,0,1,-1,-1,-1,-1,0.000,-1.0000,-1.0000,0.00395,2.50261,3.7318,0.00834,2.48109,23.2682,0.00395,2.50261,3.7318,0.00395,2.50261,3.7318,0.00395,2.50261,3.7318,0.00395,2.50261,3.7318,0.00395,2.50261,3.7318,0.00395,2.50261,3.7318,0.00395,2.50261,3.7318,0.00395,2.50261,3.7318,0.00395,2.50261,3.7318
5,12,1,2,0,0,2,2,0.000,0.0000,0.0915,0.23437,0.71829,0.9140,0.17517,0.79704,2.0860,0.84231,0.20510,0.9140,0.81518,0.16593,0.9140,0.76044,0.41719,0.9140,0.84231,0.20510,0.9140,0.84231,0.20510,0.9140,0.27409,0.68631,1.0860,0.83163,0.22651,1.0860,0.27409,0.68631,1.0860,0.83163,0.22651,1.0860
5,12,2,2,0,0,0,0,0.000,0.0000,0.3818,0.76159,0.25263,0.3152,0.73282,0.23353,3.3152,0.76578,0.25090,0.3152,0.76159,0.25263,0.3152,0.70206,0.32222,0.3152,0.76578,0.25090,0.3152,0.76578,0.25090,0.3152,0.80925,0.13063,1.6848,0.80925,0.13063,1.6848,0.80925,0.13063,1.6848,0.80925,0.13063,1.6848
5,12,4,2,-1,1,3,3,0.000,0.0000,0.0476,0.49522,1.39028,0.4666,0.40520,1.59701,14.5334,0.49522,1.39028,0.4666,0.49522,1.39028,0.4666,0.49522,1.39028,0.4666,0.49522,1.39028,0.4666,0.80481,0.23021,0.4666,0.94404,0.06130,0.4666,0.94404,0.06130,0.4666,0.94404,0.06130,0.4666,0.94404,0.06130,0.4666
5,13,0,2,-1,-1,-1,-1,0.000,-1.0000,-1.0000,0.00664,2.47060,3.2682,0.00967,2.47823,23.2682,0.00664,2.47060,3.2682,0.00664,2.47060,3.2682,0.00664,2.47060,3.2682,0.00664,2.47060,3.2682,0.00664,2.47060,3.2682,0.00664,2.47060,3.2682,0.00664,2.47060,3.2682,0.00664,2.47060,3.2682,0.00664,2.47060,3.2682
5,13,1,2,0,0,2,2,0.000,0.0000,0.0448,0.22033,0.72982,0.0860,0.17780,0.79189,2.0860,0.85032,0.21140,0.0860,0.83148,0.15401,0.0860,0.76044,0.42744,0.0860,0.85032,0.21140,0.0860,0.85032,0.21140,0.0860,0.29333,0.66606,0.0860,0.83872,0.21462,0.0860,0.29333,0.66606,0.0860,0.83872,0.21462,0.0860
5,13,2,2,0,0,0,0,0.000,0.0000,0.3079,0.65742,0.33594,8.6848,0.76399,0.09298,3.3152,0.65742,0.33594,8.6848,0.65742,0.33594,8.6848,0.67536,0.28461,8.6848,0.65742,0.33594,8.6848,0.65742,0.33594,8.6848,0.80925,0.13063,1.6848,0.80925,0.13063,1.6848,0.80925,0.13063,1.6848,0.80925,0.13063,1.6848
5,13,4,2,0,1,3,3,0.000,0.0000,0.0432,0.48315,1.49709,0.4666,0.39947,1.72757,14.5334,0.66849,0.86823,0.4666,0.60277,1.09232,0.4666,0.74031,0.64366,0.4666,0.66849,0.86823,0.4666,0.90113,0.13309,0.4666,0.94404,0.06130,0.4666,0.94404,0.06130,0.4666,0.94404,0.06130,0.4666,0.94404,0.06130,0.4666
5,14,0,2,0,0,1,1,0.000,0.0000,0.2615,0.48548,1.32834,0.7318,0.42018,1.21915,23.2682,0.76490,0.55308,0.7318,0.69187,0.77774,0.7318,0.77173,0.34555,0.7318,0.76490,0.55308,0.7318,0.76490,0.55308,0.7318,0.07185,2.27193,0.2682,0.87735,0.23265,0.2682,0.07185,2.27193,0.2682,0.87735,0.23265,0.2682
5,14,1,2,0,0,2,2,0.000,0.0000,0.0284,0.24094,0.71132,0.0860,0.19680,0.78022,2.0860,0.84668,0.21284,0.0860,0.82477,0.15874,0.0860,0.76044,0.42740,0.0860,0.84668,0.21284,0.0860,0.84668,0.21284,0.0860,0.29333,0.66606,0.0860,0.83872,0.21462,0.0860,0.29333,0.66606,0.0860,0.83872,0.21462,0.0860
5,14,2,2,0,0,0,0,0.000,0.0000,0.3961,0.69967,0.32729,1.6848,0.71649,0.27854,3.3152,0.69967,0.32729,1.6848,0.69967,0.32729,1.6848,0.64624,0.38160,1.6848,0.69967,0.32729,1.6848,0.69967,0.32729,1.6848,0.80925,0.13063,1.6848,0.80925,0.13063,1.6848,0.80925,0.13063,1.6848,0.80925,0.13063,1.6848
5,14,4,2,0,1,3,3,0.000,0.0000,0.0464,0.43754,1.67420,0.4666,0.36087,1.90421,14.5334,0.68157,0.86237,0.4666,0.61464,1.08677,0.4666,0.74802,0.63839,0.4666,0.68157,0.86237,0.4666,0.90192,0.12969,0.4666,0.94404,0.06130,0.4666,0.94404,0.06130,0.4666,0.94404,0.06130,0.4666,0.94404,0.06130,0.4666
5,15,0,2,-1,0,1,1,0.000,0.0000,0.2798,0.71256,0.20279,6.7318,0.50344,0.47510,23.2682,0.71256,0.20279,6.7318,0.71256,0.20279,6.7318,0.71256,0.20279,6.7318,0.71256,0.20279,6.7318,0.71256,0.20279,6.7318,0.09672,2.21666,1.7318,0.80730,0.26781,1.7318,0.09672,2.21666,1.7318,0.80730,0.26781,1.7318
5,15,1,2,0,0,2,2,0.000,0.0000,0.1136,0.89922,0.08689,1.0860,0.87125,0.10188,2.0860,0.85496,0.07465,1.0860,0.89923,0.08689,1.0860,0.76044,0.27249,1.0860,0.85496,0.07465,1.0860,0.85496,0.07465,1.0860,0.29643,0.66341,0.0860,0.83872,0.21462,0.0860,0.29643,0.66341,0.0860,0.83872,0.21462,0.0860
5,15,2,2,0,0,0,0,0.000,0.0000,0.6472,0.42865,0.66690,16.6848,0.70897,0.26091,3.3152,0.47623,0.60759,16.6848,0.42865,0.66690,16.6848,0.51595,0.52672,16.6848,0.47623,0.60759,16.6848,0.47623,0.60759,16.6848,0.80925,0.13063,1.6848,0.80925,0.13063,1.6848,0.80925,0.13063,1.6848,0.80925,0.13063,1.6848
5,15,4,2,-1,1,3,3,0.000,0.0000,0.0476,0.40725,1.73814,0.5334,0.34252,1.94012,14.5334,0.40725,1.73814,0.5334,0.40725,1.73814,0.5334,0.40725,1.73814,0.5334,0.40725,1.73814,0.5334,0.85917,0.16939,0.5334,0.94037,0.06440,0.4666,0.94037,0.06440,0.4666,0.94037,0.06440,0.4666,0.94037,0.06440,0.4666
5,16,0,2,-1,0,1,1,0.000,0.0000,0.5494,0.73019,0.15001,2.7318,0.50988,0.31071,23.2682,0.73019,0.15001,2.7318,0.73019,0.15001,2.7318,0.73019,0.15001,2.7318,0.73019,0.15001,2.7318,0.73019,0.15001,2.7318,0.41434,1.43944,0.2682,0.86755,0.26089,0.2682,0.41434,1.43944,0.2682,0.86755,0.26089,0.2682
5,16,1,2,0,0,2,2,0.000,0.0000,0.0866,0.71592,0.26375,0.0860,0.66052,0.32360,2.0860,0.84272,0.21011,0.0860,0.82283,0.16257,0.0860,0.76044,0.42276,0.0860,0.84272,0.21011,0.0860,0.84272,0.21011,0.0860,0.29643,0.66341,0.0860,0.83872,0.21462,0.0860,0.29643,0.66341,0.0860,0.83872,0.21462,0.0860
5,16,2,2,0,0,0,0,0.000,0.0000,0.5364,0.83438,0.15274,0.3152,0.77098,0.12340,3.3152,0.83819,0.15141,0.3152,0.83438,0.15274,0.3152,0.76322,0.26226,0.3152,0.83819,0.15141,0.3152,0.83819,0.15141,0.3152,0.80925,0.13063,1.6848,0.80925,0.13063,1.6848,0.80925,0.13063,1.6848,0.80925,0.13063,1.6848
5,16,4,2,0,1,3,3,0.000,0.0000,0.0506,0.35552,1.91460,0.5334,0.30668,2.12652,14.5334,0.67667,0.85960,0.5334,0.60791,1.08415,0.5334,0.75621,0.63419,0.5334,0.67667,0.85960,0.5334,0.92855,0.11370,0.5334,0.94037,0.06440,0.4666,0.94037,0.06440,0.4666,0.94037,0.06440,0.4666,0.94037,0.06440,0.4666
5,17,0,2,-1,0,1,1,0.000,0.0000,0.7201,0.69224,0.05752,2.7318,0.48381,0.19462,23.2682,0.69224,0.05752,2.7318,0.69224,0.05752,2.7318,0.69224,0.05752,2.7318,0.69224,0.05752,2.7318,0.69224,0.05752,2.7318,0.77766,0.21436,5.2682,0.78130,0.20997,5.2682,0.77766,0.21436,5.2682,0.78130,0.20997,5.2682
5,17,1,2,0,0,2,2,0.000,0.0000,0.0678,0.83393,0.15437,0.0860,0.77060,0.21440,2.0860,0.84288,0.21077,0.0860,0.83393,0.15437,0.0860,0.76044,0.42354,0.0860,0.84288,0.21077,0.0860,0.84288,0.21077,0.0860,0.29680,0.66339,0.0860,0.83872,0.21462,0.0860,0.29680,0.66339,0.0860,0.83872,0.21462,0.0860
5,17,2,2,-1,0,0,0,0.000,0.0000,0.4536,0.78357,0.19694,0.3152,0.75337,0.12074,3.3152,0.78357,0.19694,0.3152,0.78357,0.19694,0.3152,0.78357,0.19694,0.3152,0.78357,0.19694,0.3152,0.78391,0.19684,0.3152,0.79574,0.14677,0.6848,0.79574,0.14677,0.6848,0.79574,0.14677,0.6848,0.79574,0.14677,0.6848
5,17,4,2,0,1,3,3,0.000,0.0000,0.0373,0.31325,2.04844,1.4666,0.26653,2.28461,14.5334,0.64504,0.86976,1.4666,0.58440,1.09227,1.4666,0.71354,0.64641,1.4666,0.64504,0.86976,1.4666,0.85803,0.16322,1.4666,0.94037,0.06440,0.4666,0.94037,0.06440,0.4666,0.94037,0.06440,0.4666,0.94037,0.06440,0.4666
5,18,0,2,0,0,1,1,0.000,0.0000,0.7931,0.74154,0.11229,6.2682,0.49016,0.29304,23.2682,0.74154,0.11229,6.2682,0.74154,0.11229,6.2682,0.74154,0.11229,6.2682,0.74154,0.11229,6.2682,0.74154,0.11229,6.2682,0.80208,0.17566,5.2682,0.80208,0.17566,5.2682,0.80208,0.17566,5.2682,0.80208,0.17566,5.2682
5,18,1,2,0,0,2,2,0.000,0.0000,0.1289,0.64293,0.39170,0.0860,0.61719,0.41584,2.0860,0.59806,0.43827,0.0860,0.64293,0.39170,0.0860,0.59947,0.52995,0.0860,0.59806,0.43827,0.0860,0.59806,0.43827,0.0860,0.31972,0.64170,0.0860,0.83872,0.21462,0.0860,0.31972,0.64170,0.0860,0.83872,0.21462,0.0860
5,18,2,2,0,0,0,0,0.000,0.0000,0.3439,0.84178,0.21101,0.3152,0.81107,0.23014,3.3152,0.88199,0.19897,0.3152,0.84178,0.21101,0.3152,0.80539,0.10256,0.3152,0.88199,0.19897,0.3152,0.88199,0.19897,0.3152,0.79085,0.15920,0.6848,0.79085,0.15920,0.6848,0.79085,0.15920,0.6848,0.79085,0.15920,0.6848
5,18,4,2,0,1,3,3,0.000,0.0000,1.6051,0.28187,2.21062,0.4666,0.22402,2.44814,14.5334,0.21157,2.50263,0.4666,0.22210,2.40531,0.4666,0.21619,2.54056,0.4666,0.21157,2.50263,0.4666,0.19550,2.85598,0.4666,0.94037,0.06440,0.4666,0.94037,0.06440,0.4666,0.94037,0.06440,0.4666,0.94037,0.06440,0.4666
5,19,0,1,0,0,1,1,0.000,0.0000,0.8893,0.77594,0.15887,5.2682,0.49359,0.47810,23.2682,0.77594,0.15887,5.2682,0.77594,0.15887,5.2682,0.77594,0.15887,5.2682,0.77594,0.15887,5.2682,0.77594,0.15887,5.2682,0.82593,0.12713,4.2682,0.82593,0.12713,4.2682,0.82593,0.12713,4.2682,0.82593,0.12713,4.2682
5,19,1,2,-1,0,2,2,0.000,0.0000,0.1217,0.82810,0.17529,0.0860,0.79036,0.22080,2.0860,0.82810,0.17529,0.0860,0.82810,0.17529,0.0860,0.82810,0.17529,0.0860,0.82810,0.17529,0.0860,0.76122,0.25997,0.0860,0.61195,0.36492,0.0860,0.83872,0.21462,0.0860,0.61195,0.36492,0.0860,0.83872,0.21462,0.0860
5,19,2,2,0,0,0,0,0.000,0.0000,0.3178,0.76122,0.25390,5.3152,0.77689,0.24651,3.3152,0.76122,0.25390,5.3152,0.76122,0.25390,5.3152,0.75878,0.16049,5.3152,0.76122,0.25390,5.3152,0.76122,0.25390,5.3152,0.79085,0.15920,0.6848,0.79085,0.15920,0.6848,0.79085,0.15920,0.6848,0.79085,0.15920,0.6848
5,19,4,2,0,1,3,3,0.000,0.0000,2.6091,0.22851,2.38035,0.4666,0.17615,2.61957,14.5334,0.21131,2.50320,0.4666,0.20369,2.48907,0.4666,0.21604,2.54048,0.4666,0.21131,2.50320,0.4666,0.19537,2.85556,0.4666,0.94590,0.05997,0.4666,0.94590,0.05997,0.4666,0.94590,0.05997,0.4666,0.94590,0.05997,0.4666
5,20,0,1,-1,0,1,1,0.000,0.0000,1.0209,0.76670,0.31898,3.2682,0.46319,0.54017,23.2682,0.76670,0.31898,3.2682,0.76670,0.31898,3.2682,0.76670,0.31898,3.2682,0.76670,0.31898,3.2682,0.76670,0.31898,3.2682,0.82386,0.12558,4.2682,0.82386,0.12558,4.2682,0.82386,0.12558,4.2682,0.82386,0.12558,4.2682
5,20,1,2,0,0,2,2,0.000,0.0000,0.2095,0.68305,0.34027,3.0860,0.70333,0.31509,2.0860,0.63693,0.37878,3.0860,0.68305,0.34027,3.0860,0.61097,0.49511,3.0860,0.63693,0.37878,3.0860,0.63693,0.37878,3.0860,0.61194,0.36492,0.0860,0.83872,0.21449,0.0860,0.61194,0.36492,0.0860,0.83872,0.21449,0.0860
5,20,2,2,0,0,0,0,0.000,0.0000,0.2420,0.43218,0.56621,6.6848,0.55162,0.49949,3.3152,0.75561,0.23183,6.6848,0.67129,0.32173,6.6848,0.73930,0.25224,6.6848,0.75561,0.23183,6.6848,0.75561,0.23183,6.6848,0.79085,0.15920,0.6848,0.79085,0.15920,0.6848,0.79085,0.15920,0.6848,0.79085,0.15920,0.6848
5,20,4,2,0,1,3,3,0.000,0.0000,3.1776,0.17142,2.56043,0.5334,0.12546,2.78920,14.5334,0.21095,2.52542,0.5334,0.20331,2.50771,0.5334,0.21570,2.56599,0.5334,0.21095,2.52542,0.5334,0.19507,2.88597,0.5334,0.94509,0.06063,0.4666,0.94509,0.06063,0.4666,0.94509,0.06063,0.4666,0.94509,0.06063,0.4666
5,21,0,1,0,0,1,1,0.000,0.0000,0.9168,0.67042,0.30979,3.2682,0.48154,0.60957,23.2682,0.83747,0.14703,3.2682,0.74836,0.23390,3.2682,0.84920,0.06873,3.2682,0.83747,0.14703,3.2682,0.83747,0.14703,3.2682,0.82386,0.12558,4.2682,0.82386,0.12558,4.2682,0.82386,0.12558,4.2682,0.82386,0.12558,4.2682
5,21,1,2,0,0,2,2,0.000,0.0000,0.5333,0.31506,0.86269,22.0860,0.63080,0.41185,2.0860,0.38297,0.76774,22.0860,0.31901,0.85771,22.0860,0.41097,0.67779,22.0860,0.38297,0.76774,22.0860,0.38297,0.76774,22.0860,0.84438,0.14332,1.9140,0.80504,0.20736,1.9140,0.84438,0.14332,1.9140,0.80504,0.20736,1.9140
5,21,2,2,0,0,0,0,0.000,0.0000,0.2952,0.10796,0.98444,5.6848,0.25148,0.77871,3.3152,0.60097,0.43324,5.6848,0.52426,0.52086,5.6848,0.62298,0.44750,5.6848,0.60097,0.43324,5.6848,0.60097,0.43324,5.6848,0.76455,0.18014,0.6848,0.76455,0.18014,0.6848,0.76455,0.18014,0.6848,0.76455,0.18014,0.6848
5,22,0,1,0,0,1,1,0.000,0.0000,0.8638,0.62325,0.36953,4.7318,0.48594,0.54797,23.2682,0.69654,0.29279,4.7318,0.62325,0.36953,4.7318,0.75503,0.21347,4.7318,0.69654,0.29279,4.7318,0.69654,0.29279,4.7318,0.80654,0.12646,4.2682,0.80654,0.12646,4.2682,0.80654,0.12646,4.2682,0.80654,0.12646,4.2682
5,22,1,2,-1,1,2,2,0.000,0.0000,0.5526,0.30630,1.37735,12.0860,0.30056,1.59111,2.0860,0.30630,1.37735,12.0860,0.30630,1.37735,12.0860,0.30630,1.37735,12.0860,0.30630,1.37735,12.0860,0.28260,1.60943,12.0860,0.85521,0.14499,0.0860,0.78063,0.24494,0.0860,0.85521,0.14499,0.0860,0.78063,0.24494,0.0860
5,22,2,2,0,0,0,0,0.000,0.0000,0.3068,0.02613,0.93080,0.3152,0.06793,0.91465,3.3152,0.74154,0.45651,0.3152,0.72613,0.29019,0.3152,0.67348,0.67085,0.3152,0.74154,0.45651,0.3152,0.74154,0.45651,0.3152,0.76455,0.18014,0.6848,0.76455,0.18014,0.6848,0.76455,0.18014,0.6848,0.76455,0.18014,0.6848
5,22,4,2,-1,1,3,3,0.000,0.0000,1.2761,0.01487,1.28469,0.4666,0.17474,1.25615,14.5334,0.01487,1.28469,0.4666,0.01487,1.28469,0.4666,0.01487,1.28469,0.4666,0.01487,1.28469,0.4666,0.55628,1.44633,0.4666,0.94509,0.06063,0.4666,0.94509,0.06063,0.4666,0.94509,0.06063,0.4666,0.94509,0.06063,0.4666
5,23,0,1,0,0,1,1,0.000,0.0000,0.6904,0.74900,0.19791,6.7318,0.52716,0.38954,23.2682,0.74900,0.19791,6.7318,0.74900,0.19791,6.7318,0.74508,0.19791,6.7318,0.74900,0.19791,6.7318,0.74900,0.19791,6.7318,0.79125,0.03679,1.7318,0.79125,0.03678,1.7318,0.79125,0.03679,1.7318,0.79125,0.03678,1.7318
5,23,1,2,-1,0,2,2,0.000,0.0000,0.4933,0.68954,0.22618,3.9140,0.71820,0.27865,2.0860,0.68954,0.22618,3.9140,0.68954,0.22618,3.9140,0.68954,0.22618,3.9140,0.68954,0.22618,3.9140,0.69210,0.14813,3.9140,0.74218,0.12081,6.9140,0.70672,0.07869,6.9140,0.74218,0.12081,6.9140,0.70672,0.07869,6.9140
5,23,2,2,0,0,0,0,0.000,0.0000,0.2164,0.03328,0.88527,0.3152,0.08864,0.87474,3.3152,0.94062,0.05187,0.3152,0.83924,0.14286,0.3152,0.80539,0.22815,0.3152,0.94062,0.05187,0.3152,0.94062,0.05187,0.3152,0.76455,0.18014,0.6848,0.76455,0.18014,0.6848,0.76455,0.18014,0.6848,0.76455,0.18014,0.6848
5,23,4,2,0,1,3,3,0.000,0.0000,0.7508,0.01631,1.24875,0.4666,0.21447,1.10908,14.5334,0.53930,0.64177,0.4666,0.47358,0.70690,0.4666,0.60501,0.58330,0.4666,0.53930,0.64177,0.4666,0.55238,0.92459,0.4666,0.94905,0.04909,0.4666,0.94905,0.04909,0.4666,0.94905,0.04909,0.4666,0.94905,0.04909,0.4666
5,24,0,1,0,0,1,1,0.000,0.0000,0.5361,0.79956,0.20810,0.7318,0.49142,0.32850,23.2682,0.79956,0.20810,0.7318,0.79956,0.20810,0.7318,0.78565,0.20810,0.7318,0.79956,0.20810,0.7318,0.79956,0.20810,0.7318,0.73769,0.11366,1.7318,0.73769,0.11366,1.7318,0.73769,0.11366,1.7318,0.73769,0.11366,1.7318
5,24,1,2,-1,0,2,2,0.000,0.0000,0.3610,0.64235,0.15485,5.9140,0.61781,0.37217,2.0860,0.64235,0.15485,5.9140,0.64235,0.15485,5.9140,0.64235,0.15485,5.9140,0.64235,0.15485,5.9140,0.64235,0.15485,5.9140,0.70849,0.21987,6.9140,0.70663,0.12216,6.9140,0.70849,0.21987,6.9140,0.70663,0.12216,6.9140
5,24,2,2,0,0,0,0,0.000,0.0000,0.1831,0.04485,0.87383,0.6848,0.12126,0.84574,3.3152,0.94069,0.05111,0.6848,0.83624,0.14242,0.6848,0.80395,0.23836,0.6848,0.94069,0.05111,0.6848,0.94069,0.05111,0.6848,0.76455,0.18014,0.6848,0.76455,0.18014,0.6848,0.76455,0.18014,0.6848,0.76455,0.18014,0.6848
5,24,4,2,-1,-1,-1,-1,0.000,-1.0000,-1.0000,0.00760,3.48527,0.5334,0.09344,2.99989,14.5334,0.00760,3.48527,0.5334,0.00760,3.48527,0.5334,0.00760,3.48527,0.5334,0.00760,3.48527,0.5334,0.00760,3.48527,0.5334,0.00760,3.48527,0.5334,0.00760,3.48527,0.5334,0.00760,3.48527,0.5334,0.00760,3.48527,0.5334
5,25,0,2,-1,0,1,1,0.000,0.0000,0.4733,0.59204,0.28892,6.2682,0.42540,0.42814,23.2682,0.59204,0.28892,6.2682,0.59204,0.28892,6.2682,0.59204,0.28892,6.2682,0.59204,0.28892,6.2682,0.59204,0.28892,6.2682,0.73769,0.11366,1.7318,0.73769,0.11366,1.7318,0.73769,0.11366,1.7318,0.73769,0.11366,1.7318
5,25,1,2,0,0,2,2,0.000,0.0000,0.2515,0.38448,0.74642,20.0860,0.60717,0.40567,2.0860,0.39314,0.73460,20.0860,0.38448,0.74642,20.0860,0.43688,0.67486,20.0860,0.39314,0.73460,20.0860,0.39314,0.73460,20.0860,0.70849,0.21987,6.9140,0.70663,0.12216,6.9140,0.70849,0.21987,6.9140,0.70663,0.12216,6.9140
5,25,2,2,0,0,0,0,0.000,0.0000,0.1802,0.21474,0.71420,0.3152,0.26543,0.69781,3.3152,0.95321,0.04003,0.3152,0.85436,0.13028,0.3152,0.80539,0.23103,0.3152,0.95321,0.04003,0.3152,0.95321,0.04003,0.3152,0.76455,0.18014,0.6848,0.76455,0.18014,0.6848,0.76455,0.18014,0.6848,0.76455,0.18014,0.6848
5,25,4,2,-1,1,3,3,0.000,0.0000,1.2121,0.18428,1.02520,8.4666,0.52196,0.65704,14.5334,0.18428,1.02520,8.4666,0.18428,1.02520,8.4666,0.18428,1.02520,8.4666,0.18428,1.02520,8.4666,0.59969,0.49820,8.4666,0.94905,0.04909,0.4666,0.94905,0.04909,0.4666,0.94905,0.04909,0.4666,0.94905,0.04909,0.4666
5,26,0,2,-1,0,1,1,0.000,0.0000,0.3323,0.52798,1.16722,0.2682,0.33238,1.05910,23.2682,0.52798,1.16722,0.2682,0.52798,1.16722,0.2682,0.52798,1.16722,0.2682,0.52798,1.16722,0.2682,0.52798,1.16722,0.2682,0.73769,0.11366,1.7318,0.73769,0.11366,1.7318,0.73769,0.11366,1.7318,0.73769,0.11366,1.7318
5,26,1,2,-1,0,2,2,0.000,0.0000,0.1454,0.67928,0.17207,4.9140,0.73512,0.08767,2.0860,0.67928,0.17207,4.9140,0.67928,0.17207,4.9140,0.67928,0.17207,4.9140,0.67928,0.17207,4.9140,0.63943,0.17693,4.9140,0.47532,0.63800,15.0860,0.46884,0.63920,15.0860,0.47532,0.63800,15.0860,0.46884,0.63920,15.0860
5,26,2,2,0,0,0,0,0.000,0.0000,0.1863,0.45202,0.49224,0.3152,0.48176,0.49084,3.3152,0.95032,0.04273,0.3152,0.83078,0.14736,0.3152,0.80539,0.23014,0.3152,0.95032,0.04273,0.3152,0.95032,0.04273,0.3152,0.76455,0.18014,0.6848,0.76455,0.18014,0.6848,0.76455,0.18014,0.6848,0.76455,0.18014,0.6848
5,26,4,2,-1,1,3,3,0.000,0.0000,1.5650,0.53255,0.59678,10.4666,0.53707,0.40167,14.5334,0.53255,0.59678,10.4666,0.53255,0.59678,10.4666,0.53255,0.59678,10.4666,0.53255,0.59678,10.4666,0.53255,0.59678,10.4666,0.94905,0.04909,0.4666,0.94905,0.04909,0.4666,0.94905,0.04909,0.4666,0.94905,0.04909,0.4666
5,27,0,2,-1,0,1,1,0.000,0.0000,0.2317,0.49495,0.43331,23.7318,0.44409,0.47205,23.2682,0.49495,0.43331,23.7318,0.49495,0.43331,23.7318,0.49495,0.43331,23.7318,0.49495,0.43331,23.7318,0.49495,0.43331,23.7318,0.72609,0.12204,1.7318,0.72609,0.12204,1.7318,0.72609,0.12204,1.7318,0.72609,0.12204,1.7318
5,27,1,2,0,0,2,2,0.000,0.0000,0.0622,0.45160,1.12410,2.0860,0.45160,1.12410,2.0860,0.85298,0.15560,2.0860,0.90333,0.09702,2.0860,0.76044,0.37040,2.0860,0.85298,0.15560,2.0860,0.85298,0.15560,2.0860,0.47532,0.63800,15.0860,0.46884,0.63920,15.0860,0.47532,0.63800,15.0860,0.46884,0.63920,15.0860
5,27,2,2,0,0,0,0,0.000,0.0000,0.1924,0.25281,0.67483,0.3152,0.29663,0.66702,3.3152,0.95813,0.03546,0.3152,0.83611,0.14306,0.3152,0.80539,0.23244,0.3152,0.95813,0.03546,0.3152,0.95813,0.03546,0.3152,0.76455,0.18014,0.6848,0.76455,0.18014,0.6848,0.76455,0.18014,0.6848,0.76455,0.18014,0.6848
5,27,4,2,-1,1,3,3,0.000,0.0000,1.5574,0.83923,0.16531,2.4666,0.54721,0.25281,14.5334,0.83923,0.16531,2.4666,0.83923,0.16531,2.4666,0.83923,0.16531,2.4666,0.83923,0.16531,2.4666,0.83923,0.16531,2.4666,0.94905,0.04909,0.4666,0.94905,0.04909,0.4666,0.94905,0.04909,0.4666,0.94905,0.04909,0.4666
5,28,0,2,-1,0,1,1,0.000,0.0000,0.1580,0.58230,0.18827,16.7318,0.48923,0.31859,23.2682,0.58230,0.18827,16.7318,0.58230,0.18827,16.7318,0.58230,0.18827,16.7318,0.58230,0.18827,16.7318,0.58230,0.18827,16.7318,0.72609,0.12204,1.7318,0.72609,0.12203,1.7318,0.72609,0.12204,1.7318,0.72609,0.12203,1.7318
5,28,1,1,-1,0,2,2,0.000,0.0000,0.0600,0.70547,0.59783,0.0860,0.68183,0.61176,2.0860,0.70547,0.59783,0.0860,0.70547,0.59783,0.0860,0.70547,0.59783,0.0860,0.70547,0.59783,0.0860,0.89672,0.13725,0.0860,0.47532,0.63800,15.0860,0.46884,0.63920,15.0860,0.47532,0.63800,15.0860,0.46884,0.63920,15.0860
5,28,2,2,0,0,0,0,0.000,0.0000,0.1853,0.38813,0.55523,0.3152,0.42184,0.55408,3.3152,0.94905,0.04392,0.3152,0.84444,0.13609,0.3152,0.80539,0.23006,0.3152,0.94905,0.04392,0.3152,0.94905,0.04392,0.3152,0.76455,0.18014,0.6848,0.76455,0.18014,0.6848,0.76455,0.18014,0.6848,0.76455,0.18014,0.6848
5,28,4,2,-1,1,3,3,0.000,0.0000,1.2539,0.49521,0.36607,13.5334,0.48430,0.37858,14.5334,0.49521,0.36607,13.5334,0.49521,0.36607,13.5334,0.49521,0.36607,13.5334,0.49521,0.36607,13.5334,0.49701,0.35306,13.5334,0.94905,0.04909,0.4666,0.94905,0.04909,0.4666,0.94905,0.04909,0.4666,0.94905,0.04909,0.4666
5,29,0,2,-1,0,1,1,0.000,0.0000,0.3178,0.63347,0.54026,5.7318,0.39679,0.27630,23.2682,0.63347,0.54026,5.7318,0.63347,0.54026,5.7318,0.63347,0.54026,5.7318,0.63347,0.54026,5.7318,0.63347,0.54026,5.7318,0.72609,0.12204,1.7318,0.72609,0.12203,1.7318,0.72609,0.12204,1.7318,0.72609,0.12203,1.7318
5,29,1,2,0,0,2,2,0.000,0.0000,0.0885,0.96479,0.02462,0.0860,0.89566,0.03922,2.0860,0.89156,0.15145,0.0860,0.96479,0.02462,0.0860,0.76044,0.38328,0.0860,0.89156,0.15145,0.0860,0.89156,0.15145,0.0860,0.58457,0.40753,15.0860,0.57522,0.40941,15.0860,0.58457,0.40753,15.0860,0.57522,0.40941,15.0860
5,29,2,2,0,0,0,0,0.000,0.0000,0.1773,0.03085,0.88096,0.3152,0.08612,0.88071,3.3152,0.95500,0.03819,0.3152,0.83548,0.14041,0.3152,0.80335,0.24407,0.3152,0.95500,0.03819,0.3152,0.95500,0.03819,0.3152,0.76455,0.18014,0.6848,0.76455,0.18014,0.6848,0.76455,0.18014,0.6848,0.76455,0.18014,0.6848
5,29,4,2,-1,1,3,3,0.000,0.0000,1.3657,0.03325,1.18695,0.5334,0.28146,1.00882,14.5334,0.03325,1.18695,0.5334,0.03325,1.18695,0.5334,0.03325,1.18695,0.5334,0.03325,1.18695,0.5334,0.64602,0.43193,0.5334,0.84806,0.15375,2.4666,0.84806,0.15375,2.4666,0.84806,0.15375,2.4666,0.84806,0.15375,2.4666
5,30,0,2,0,0,1,1,0.000,0.0000,0.2563,0.78675,0.20877,0.7318,0.49138,0.19449,23.2682,0.78675,0.20877,0.7318,0.78675,0.20877,0.7318,0.78675,0.20877,0.7318,0.78675,0.20877,0.7318,0.78675,0.20877,0.7318,0.48403,0.03922,20.2682,0.48403,0.03922,20.2682,0.48403,0.03922,20.2682,0.48403,0.03922,20.2682
5,30,1,2,0,0,2,2,0.000,0.0000,0.1717,0.84575,0.10697,0.9140,0.80530,0.09521,2.0860,0.78263,0.20320,0.9140,0.84575,0.10697,0.9140,0.71148,0.41193,0.9140,0.78263,0.20320,0.9140,0.78263,0.20320,0.9140,0.59248,0.28749,15.0860,0.58261,0.29014,15.0860,0.59248,0.28749,15.0860,0.58261,0.29014,15.0860
5,30,2,2,0,0,0,0,0.000,0.0000,0.1645,0.15722,0.76120,0.3152,0.20543,0.75923,3.3152,0.95241,0.04217,0.3152,0.84156,0.12974,0.3152,0.79924,0.25707,0.3152,0.95241,0.04217,0.3152,0.95241,0.04217,0.3152,0.76455,0.18014,0.6848,0.76455,0.18014,0.6848,0.76455,0.18014,0.6848,0.76455,0.18014,0.6848
5,30,4,1,-1,1,3,3,0.000,0.0000,1.2681,0.03703,1.08320,0.5334,0.27717,1.00700,14.5334,0.03703,1.08320,0.5334,0.03703,1.08320,0.5334,0.03703,1.08320,0.5334,0.03703,1.08320,0.5334,0.78879,0.22714,0.5334,0.84379,0.15930,2.4666,0.84379,0.15930,2.4666,0.84379,0.15930,2.4666,0.84379,0.15930,2.4666
5,31,0,2,0,0,1,1,0.000,0.0000,0.1176,0.83740,0.15766,0.7318,0.48648,0.29651,23.2682,0.83740,0.15766,0.7318,0.83740,0.15766,0.7318,0.82567,0.15736,0.7318,0.83740,0.15766,0.7318,0.83740,0.15766,0.7318,0.48064,0.03333,20.2682,0.48064,0.03333,20.2682,0.48064,0.03333,20.2682,0.48064,0.03333,20.2682
5,31,1,2,-1,0,2,2,0.000,0.0000,0.2464,0.83650,0.15960,0.0860,0.79015,0.15437,2.0860,0.83650,0.15960,0.0860,0.83650,0.15960,0.0860,0.83650,0.15960,0.0860,0.83650,0.15960,0.0860,0.76510,0.24125,0.0860,0.79100,0.17225,1.0860,0.76265,0.14197,1.0860,0.79100,0.17225,1.0860,0.76265,0.14197,1.0860
5,31,2,2,0,0,0,0,0.000,0.0000,0.1396,0.02895,0.88722,0.6848,0.08669,0.87385,3.3152,0.92903,0.06541,0.6848,0.83007,0.13912,0.6848,0.79343,0.27219,0.6848,0.92903,0.06541,0.6848,0.92903,0.06541,0.6848,0.76455,0.18014,0.6848,0.76455,0.18013,0.6848,0.76455,0.18014,0.6848,0.76455,0.18013,0.6848
5,31,4,1,-1,1,3,3,0.000,0.0000,1.2063,0.03376,1.16154,0.5334,0.25916,1.11619,14.5334,0.03376,1.16154,0.5334,0.03376,1.16154,0.5334,0.03376,1.16154,0.5334,0.03376,1.16154,0.5334,0.67817,0.38099,0.5334,0.90430,0.08825,0.5334,0.90430,0.08825,0.5334,0.90430,0.08825,0.5334,0.90430,0.08825,0.5334
5,32,0,2,0,0,1,1,0.000,0.0000,0.0509,0.92940,0.05642,0.2682,0.47500,0.38216,23.2682,0.92940,0.05642,0.2682,0.92940,0.05642,0.2682,0.85838,0.05841,0.2682,0.92940,0.05642,0.2682,0.92940,0.05642,0.2682,0.47766,0.03145,20.2682,0.47766,0.03145,20.2682,0.47766,0.03145,20.2682,0.47766,0.03145,20.2682
5,32,1,2,-1,0,2,2,0.000,0.0000,2.1259,0.16810,4.11355,0.0860,0.16704,4.10517,2.0860,0.16810,4.11355,0.0860,0.16810,4.11355,0.0860,0.16810,4.11355,0.0860,0.16810,4.11355,0.0860,0.16810,4.11355,0.0860,0.55327,0.11125,15.0860,0.54386,0.11794,15.0860,0.55327,0.11125,15.0860,0.54386,0.11794,15.0860
5,32,2,2,0,0,0,0,0.000,0.0000,0.1233,0.03681,0.87080,0.3152,0.09333,0.86613,3.3152,0.96080,0.03334,0.3152,0.85018,0.12458,0.3152,0.80193,0.25011,0.3152,0.96080,0.03334,0.3152,0.96080,0.03334,0.3152,0.76455,0.18014,0.6848,0.76455,0.18014,0.6848,0.76455,0.18014,0.6848,0.76455,0.18014,0.6848
5,32,4,1,-1,1,3,3,0.000,0.0000,1.1195,0.03334,1.18342,0.4666,0.27180,1.05522,14.5334,0.03334,1.18342,0.4666,0.03334,1.18342,0.4666,0.03334,1.18342,0.4666,0.03334,1.18342,0.4666,0.65091,0.42477,0.4666,0.90430,0.08825,0.5334,0.90430,0.08825,0.5334,0.90430,0.08825,0.5334,0.90430,0.08825,0.5334
5,33,0,2,0,0,1,1,0.000,0.0000,0.1554,0.94257,0.02743,0.2682,0.47753,0.36340,23.2682,0.94257,0.02743,0.2682,0.94257,0.02743,0.2682,0.85838,0.08631,0.2682,0.94257,0.02743,0.2682,0.94257,0.02743,0.2682,0.47766,0.03145,20.2682,0.47766,0.03145,20.2682,0.47766,0.03145,20.2682,0.47766,0.03145,20.2682
5,33,1,2,-1,0,2,2,0.000,0.0000,1.1564,0.66525,0.37930,0.0860,0.65580,0.35709,2.0860,0.66525,0.37930,0.0860,0.66525,0.37930,0.0860,0.66525,0.37930,0.0860,0.66525,0.37930,0.0860,0.65517,0.39468,0.0860,0.55327,0.11125,15.0860,0.54386,0.11794,15.0860,0.55327,0.11125,15.0860,0.54386,0.11794,15.0860
5,33,2,2,0,0,0,0,0.000,0.0000,0.1024,0.41925,0.52010,0.6848,0.47145,0.49692,3.3152,0.95456,0.03709,0.6848,0.84487,0.13092,0.6848,0.80263,0.24676,0.6848,0.95456,0.03709,0.6848,0.95456,0.03709,0.6848,0.76455,0.18014,0.6848,0.76455,0.18014,0.6848,0.76455,0.18014,0.6848,0.76455,0.18014,0.6848
5,33,4,1,-1,1,3,3,0.000,0.0000,0.9607,0.03175,1.14740,0.4666,0.28154,1.01120,14.5334,0.03175,1.14740,0.4666,0.03175,1.14740,0.4666,0.03175,1.14740,0.4666,0.03175,1.14740,0.4666,0.70455,0.34666,0.4666,0.82609,0.08206,3.5334,0.82609,0.08206,3.5334,0.82609,0.08206,3.5334,0.82609,0.08206,3.5334
5,34,0,2,0,0,1,1,0.000,0.0000,0.1790,0.87621,0.11358,0.7318,0.48507,0.37945,23.2682,0.87621,0.11358,0.7318,0.87621,0.11358,0.7318,0.85838,0.07263,0.7318,0.87621,0.11358,0.7318,0.87621,0.11358,0.7318,0.55176,0.17949,9.7318,0.55176,0.17949,9.7318,0.55176,0.17949,9.7318,0.55176,0.17949,9.7318
5,34,1,2,-1,0,2,2,0.000,0.0000,0.6210,0.64542,0.07147,12.0860,0.78159,0.15063,2.0860,0.64542,0.07147,12.0860,0.64542,0.07147,12.0860,0.64542,0.07147,12.0860,0.64542,0.07147,12.0860,0.61453,0.06194,12.0860,0.55327,0.11125,15.0860,0.54386,0.11794,15.0860,0.55327,0.11125,15.0860,0.54386,0.11794,15.0860
5,34,2,2,0,0,0,0,0.000,0.0000,0.1079,0.03092,0.87571,0.3152,0.08455,0.87087,3.3152,0.91774,0.13139,0.3152,0.84794,0.12844,0.3152,0.76662,0.35986,0.3152,0.91774,0.13139,0.3152,0.91774,0.13139,0.3152,0.76455,0.18014,0.6848,0.76455,0.18014,0.6848,0.76455,0.18014,0.6848,0.76455,0.18014,0.6848
5,34,4,1,-1,1,3,3,0.000,0.0000,0.7614,0.03161,1.12122,0.5334,0.27860,1.02055,14.5334,0.03161,1.12122,0.5334,0.03161,1.12122,0.5334,0.03161,1.12122,0.5334,0.03161,1.12122,0.5334,0.74436,0.29222,0.5334,0.82609,0.08206,3.5334,0.82609,0.08206,3.5334,0.82609,0.08206,3.5334,0.82609,0.08206,3.5334
5,35,0,2,0,0,1,1,0.000,0.0000,0.2511,0.90849,0.11503,0.2682,0.48713,0.41780,23.2682,0.92646,0.10600,0.2682,0.90849,0.11503,0.2682,0.85838,0.08554,0.2682,0.92646,0.10600,0.2682,0.92646,0.10600,0.2682,0.55176,0.17949,9.7318,0.55176,0.17949,9.7318,0.55176,0.17949,9.7318,0.55176,0.17949,9.7318
5,35,1,2,-1,0,2,2,0.000,0.0000,0.1170,0.78582,0.19212,2.0860,0.78582,0.19212,2.0860,0.78582,0.19212,2.0860,0.78582,0.19212,2.0860,0.78582,0.19212,2.0860,0.78582,0.19212,2.0860,0.72386,0.25296,2.0860,0.75627,0.12319,2.9140,0.74574,0.09723,2.9140,0.75627,0.12319,2.9140,0.74574,0.09723,2.9140
5,35,2,2,0,0,0,0,0.000,0.0000,0.1031,0.02794,0.88597,0.6848,0.06734,0.88935,3.3152,0.90840,0.11271,0.6848,0.82111,0.13564,0.6848,0.77465,0.33138,0.6848,0.90840,0.11271,0.6848,0.90840,0.11271,0.6848,0.76455,0.18014,0.6848,0.76455,0.18014,0.6848,0.76455,0.18014,0.6848,0.76455,0.18014,0.6848
5,35,4,1,-1,1,3,3,0.000,0.0000,0.6553,0.02625,1.20498,0.5334,0.27394,1.03529,14.5334,0.02625,1.20498,0.5334,0.02625,1.20498,0.5334,0.02625,1.20498,0.5334,0.02625,1.20498,0.5334,0.63015,0.45187,0.5334,0.84433,0.07887,2.5334,0.84433,0.07887,2.5334,0.84433,0.07887,2.5334,0.84433,0.07887,2.5334
5,36,0,2,0,0,1,1,0.000,0.0000,0.2524,0.95601,0.01053,0.2682,0.48234,0.34023,23.2682,0.95601,0.01053,0.2682,0.95601,0.01053,0.2682,0.85838,0.09067,0.2682,0.95601,0.01053,0.2682,0.95601,0.01053,0.2682,0.55176,0.17949,9.7318,0.55176,0.17949,9.7318,0.55176,0.17949,9.7318,0.55176,0.17949,9.7318
5,36,1,2,0,0,2,2,0.000,0.0000,0.2236,0.92022,0.06887,0.0860,0.88578,0.08595,2.0860,0.84105,0.20748,0.0860,0.92022,0.06887,0.0860,0.76044,0.42569,0.0860,0.84105,0.20748,0.0860,0.84105,0.20748,0.0860,0.75627,0.12319,2.9140,0.74574,0.09723,2.9140,0.75627,0.12319,2.9140,0.74574,0.09723,2.9140
5,36,2,2,0,0,0,0,0.000,0.0000,0.0787,0.03454,0.87532,0.6848,0.07826,0.88239,3.3152,0.94240,0.05841,0.6848,0.82730,0.13651,0.6848,0.79169,0.28067,0.6848,0.94240,0.05841,0.6848,0.94240,0.05841,0.6848,0.76455,0.18014,0.6848,0.76455,0.18014,0.6848,0.76455,0.18014,0.6848,0.76455,0.18014,0.6848
5,36,4,2,-1,1,3,3,0.000,0.0000,0.5003,0.03701,1.14366,0.5334,0.27851,1.01882,14.5334,0.03701,1.14366,0.5334,0.03701,1.14366,0.5334,0.03701,1.14366,0.5334,0.03701,1.14366,0.5334,0.70069,0.35171,0.5334,0.86285,0.13991,0.5334,0.86285,0.13991,0.5334,0.86285,0.13991,0.5334,0.86285,0.13991,0.5334
6,0,0,2,0,0,1,1,0.000,0.0000,0.0000,0.55685,1.08101,0.6218,0.39934,1.34785,19.3782,0.85628,0.28349,0.6218,0.77306,0.50736,0.6218,0.89935,0.07088,0.6218,0.85628,0.28349,0.6218,0.85628,0.28349,0.6218,0.55685,1.08101,0.6218,0.85628,0.28349,0.6218,0.55685,1.08101,0.6218,0.85628,0.28349,0.6218
6,0,1,2,0,0,2,2,0.000,0.0000,0.0000,0.90601,0.16280,0.4255,0.43853,0.60772,32.4255,0.96746,0.01900,0.4255,0.90601,0.16280,0.4255,0.81357,0.21867,0.4255,0.96746,0.01900,0.4255,0.96746,0.01900,0.4255,0.90601,0.16280,0.4255,0.96746,0.01901,0.4255,0.90601,0.16280,0.4255,0.96746,0.01901,0.4255
6,0,2,2,0,0,0,0,0.000,0.0000,0.0000,0.07574,2.15668,8.2767,0.13233,2.13433,31.7233,0.67598,0.33616,8.2767,0.63387,0.49004,8.2767,0.64921,0.29514,8.2767,0.21114,1.54745,8.2767,0.67598,0.33616,8.2767,0.07574,2.15668,8.2767,0.67598,0.33616,8.2767,0.07574,2.15668,8.2767,0.67598,0.33616,8.2767
6,0,4,2,0,-1,-1,-1,0.000,-1.0000,-1.0000,0.01194,2.91136,0.3907,0.08041,2.91562,35.6093,0.73757,0.71568,0.3907,0.66478,0.94047,0.3907,0.80992,0.49108,0.3907,0.21910,2.38418,0.3907,0.01194,2.91136,0.3907,0.01194,2.91136,0.3907,0.01194,2.91136,0.3907,0.01194,2.91136,0.3907,0.01194,2.91136,0.3907
6,1,0,2,0,0,1,1,0.000,0.0000,0.0953,0.53259,1.07775,0.3782,0.40524,1.34456,19.3782,0.84671,0.29325,0.3782,0.73911,0.51971,0.3782,0.89599,0.08258,0.3782,0.84671,0.29325,0.3782,0.84671,0.29325,0.3782,0.54033,1.08805,0.6218,0.85126,0.28419,0.6218,0.54033,1.08805,0.6218,0.85126,0.28419,0.6218
6,1,1,2,0,0,2,2,0.000,0.0000,0.1994,0.89811,0.13484,0.4255,0.44413,0.56948,32.4255,0.95562,0.03955,0.4255,0.89811,0.13484,0.4255,0.81357,0.20896,0.4255,0.95562,0.03955,0.4255,0.95562,0.03955,0.4255,0.66771,0.47894,0.5745,0.96415,0.02898,0.5745,0.66771,0.47894,0.5745,0.96415,0.02898,0.5745
6,1,2,2,-1,0,0,0,0.000,0.0000,10.4499,0.26508,1.12410,34.2767,0.23284,1.39388,31.7233,0.26508,1.12410,34.2767,0.26508,1.12410,34.2767,0.26508,1.12410,34.2767,0.26508,1.12410,34.2767,0.26508,1.12410,34.2767,0.04857,2.22903,10.2767,0.62539,0.40118,10.2767,0.04857,2.22903,10.2767,0.62539,0.40118,10.2767
6,1,4,2,0,1,4,4,0.000,0.0000,0.0000,0.08146,2.70387,0.3907,0.09699,2.84413,35.6093,0.73460,0.71788,0.3907,0.66182,0.94265,0.3907,0.80700,0.49333,0.3907,0.21878,2.39119,0.3907,0.94154,0.04991,0.3907,0.08146,2.70387,0.3907,0.94154,0.04991,0.3907,0.08146,2.70387,0.3907,0.94154,0.04991,0.3907
6,2,0,2,0,0,1,1,0.000,0.0000,0.6582,0.47166,1.18295,0.3782,0.37816,1.42127,19.3782,0.75173,0.32932,0.3782,0.68290,0.53467,0.3782,0.81929,0.17964,0.3782,0.75173,0.32932,0.3782,0.75173,0.32932,0.3782,0.49628,1.22442,0.3782,0.87379,0.27694,0.3782,0.49628,1.22442,0.3782,0.87379,0.27694,0.3782
6,2,1,2,0,0,2,2,0.000,0.0000,0.1348,0.89120,0.10953,0.4255,0.44866,0.53730,32.4255,0.95068,0.04545,0.4255,0.89120,0.10953,0.4255,0.81357,0.20197,0.4255,0.95068,0.04545,0.4255,0.95068,0.04545,0.4255,0.34562,1.34180,0.5745,0.96648,0.02671,0.5745,0.34562,1.34180,0.5745,0.96648,0.02671,0.5745
6,2,2,2,-1,0,0,0,0.000,0.0000,3.9015,0.40215,0.61371,38.2767,0.42370,0.65040,31.7233,0.40215,0.61371,38.2767,0.40215,0.61371,38.2767,0.40215,0.61371,38.2767,0.40215,0.61371,38.2767,0.36808,0.64576,38.2767,0.11735,2.06633,15.7233,0.52361,0.53870,15.7233,0.11735,2.06633,15.7233,0.52361,0.53870,15.7233
6,2,4,2,0,-1,-1,-1,0.000,-1.0000,-1.0000,0.04124,2.89569,3.6093,0.12111,2.97083,35.6093,0.20692,2.52907,3.6093,0.19987,2.49188,3.6093,0.21098,2.58850,3.6093,0.20692,2.52907,3.6093,0.04124,2.89569,3.6093,0.04124,2.89569,3.6093,0.04124,2.89569,3.6093,0.04124,2.89569,3.6093,0.04124,2.89569,3.6093
6,3,0,2,0,0,1,1,0.000,0.0000,1.0752,0.46621,1.40333,0.6218,0.36595,1.50599,19.3782,0.73065,0.64597,0.6218,0.65307,0.87054,0.6218,0.78086,0.42083,0.6218,0.73065,0.64597,0.6218,0.73065,0.64597,0.6218,0.48987,1.22017,0.6218,0.84307,0.28573,0.6218,0.48987,1.22017,0.6218,0.84307,0.28573,0.6218
6,3,1,2,0,0,2,2,0.000,0.0000,0.0898,0.85784,0.12331,0.5745,0.45170,0.52129,32.4255,0.94985,0.04293,0.5745,0.85784,0.12331,0.5745,0.81357,0.21252,0.5745,0.94985,0.04293,0.5745,0.94985,0.04293,0.5745,0.68507,0.47814,0.4255,0.98117,0.01515,0.4255,0.68507,0.47814,0.4255,0.98117,0.01515,0.4255
6,3,2,2,-1,0,0,0,0.000,0.0000,3.7010,0.40965,1.39730,8.2767,0.24417,1.15043,31.7233,0.40965,1.39730,8.2767,0.40965,1.39730,8.2767,0.40965,1.39730,8.2767,0.40965,1.39730,8.2767,0.40965,1.39730,8.2767,0.86689,0.14693,1.7233,0.89028,0.12847,1.7233,0.86689,0.14693,1.7233,0.89028,0.12847,1.7233
6,3,4,2,0,-1,-1,-1,0.000,-1.0000,-1.0000,0.01781,2.89766,1.3907,0.08252,2.89979,35.6093,0.71656,0.72536,1.3907,0.64857,0.94935,1.3907,0.78329,0.50227,1.3907,0.21810,2.36781,1.3907,0.01781,2.89766,1.3907,0.01781,2.89766,1.3907,0.01781,2.89766,1.3907,0.01781,2.89766,1.3907,0.01781,2.89766,1.3907
6,4,0,2,0,0,1,1,0.000,0.0000,0.3659,0.47864,1.25295,0.6218,0.35966,1.53047,19.3782,0.81045,0.29775,0.6218,0.73610,0.51561,0.6218,0.88613,0.10861,0.6218,0.81045,0.29775,0.6218,0.81045,0.29775,0.6218,0.49486,1.22953,0.3782,0.85769,0.28807,0.3782,0.49486,1.22953,0.3782,0.85769,0.28807,0.3782
6,4,1,2,0,0,2,2,0.000,0.0000,0.0674,0.86661,0.14405,0.5745,0.44688,0.56776,32.4255,0.94664,0.04674,0.5745,0.86661,0.14405,0.5745,0.81357,0.20583,0.5745,0.94664,0.04674,0.5745,0.94664,0.04674,0.5745,0.73289,0.31058,0.5745,0.96125,0.03168,0.5745,0.73289,0.31058,0.5745,0.96125,0.03168,0.5745
6,4,2,2,-1,0,0,0,0.000,0.0000,1.2588,0.61479,0.10033,8.2767,0.42681,0.53775,31.7233,0.61479,0.10033,8.2767,0.61479,0.10033,8.2767,0.61479,0.10033,8.2767,0.61479,0.10033,8.2767,0.61479,0.10033,8.2767,0.79977,0.18971,3.7233,0.83765,0.15210,3.7233,0.79977,0.18971,3.7233,0.83765,0.15210,3.7233
6,4,4,2,0,1,4,4,0.000,0.0000,0.1156,0.05232,2.78304,0.6093,0.08021,2.86099,35.6093,0.68949,0.72758,0.6093,0.61980,0.95183,0.6093,0.80297,0.49959,0.6093,0.21742,2.42025,0.6093,0.95326,0.02579,0.6093,0.00370,2.91199,1.3907,0.83236,0.17647,1.3907,0.00370,2.91199,1.3907,0.83236,0.17647,1.3907
6,5,0,2,0,0,1,1,0.000,0.0000,0.1002,0.44613,1.37075,0.3782,0.33321,1.63649,19.3782,0.86605,0.29169,0.3782,0.77834,0.51643,0.3782,0.89580,0.08689,0.3782,0.86605,0.29169,0.3782,0.86605,0.29169,0.3782,0.49665,1.22946,0.3782,0.86079,0.28775,0.3782,0.49665,1.22946,0.3782,0.86079,0.28775,0.3782
6,5,1,2,0,0,2,2,0.000,0.0000,0.0484,0.83487,0.14703,0.5745,0.45889,0.51985,32.4255,0.94965,0.04349,0.5745,0.83487,0.14703,0.5745,0.81357,0.21034,0.5745,0.94965,0.04349,0.5745,0.94965,0.04349,0.5745,0.87605,0.11222,0.5745,0.96125,0.03168,0.5745,0.87605,0.11222,0.5745,0.96125,0.03168,0.5745
6,5,2,2,0,0,0,0,0.000,0.0000,0.9546,0.72786,0.17609,8.7233,0.45324,0.54573,31.7233,0.72786,0.17609,8.7233,0.72786,0.17609,8.7233,0.68018,0.22862,8.7233,0.72786,0.17609,8.7233,0.72786,0.17609,8.7233,0.77067,0.15811,6.7233,0.77067,0.15811,6.7233,0.77067,0.15811,6.7233,0.77067,0.15811,6.7233
6,5,4,2,0,-1,-1,-1,0.000,-1.0000,-1.0000,0.00747,2.93029,0.3907,0.06946,2.93254,35.6093,0.69185,0.73279,0.3907,0.62326,0.95640,0.3907,0.78481,0.50568,0.3907,0.21727,2.39769,0.3907,0.00747,2.93029,0.3907,0.00747,2.93029,0.3907,0.00747,2.93029,0.3907,0.00747,2.93029,0.3907,0.00747,2.93029,0.3907
6,6,0,2,0,0,1,1,0.000,0.0000,0.0171,0.41306,1.42482,1.6218,0.31591,1.68708,19.3782,0.80026,0.31381,1.6218,0.72515,0.53227,1.6218,0.89392,0.07313,1.6218,0.80026,0.31381,1.6218,0.80026,0.31381,1.6218,0.50304,1.22927,0.3782,0.87079,0.28694,0.3782,0.50304,1.22927,0.3782,0.87079,0.28694,0.3782
6,6,1,2,0,0,2,2,0.000,0.0000,0.0227,0.91677,0.07170,0.4255,0.45284,0.49450,32.4255,0.96454,0.03076,0.4255,0.91677,0.07170,0.4255,0.81357,0.21744,0.4255,0.96454,0.03076,0.4255,0.96454,0.03076,0.4255,0.87605,0.11222,0.5745,0.96125,0.03168,0.5745,0.87605,0.11222,0.5745,0.96125,0.03168,0.5745
6,6,2,2,0,0,0,0,0.000,0.0000,0.9192,0.68655,0.20098,7.7233,0.41870,0.63706,31.7233,0.68655,0.20098,7.7233,0.68655,0.20098,7.7233,0.68655,0.20098,7.7233,0.68655,0.20098,7.7233,0.68655,0.20098,7.7233,0.76104,0.13795,6.7233,0.76104,0.13795,6.7233,0.76104,0.13795,6.7233,0.76104,0.13795,6.7233
6,6,4,2,0,1,4,4,0.000,0.0000,0.1636,0.02487,2.87406,1.6093,0.08521,2.86082,35.6093,0.72692,0.72189,1.6093,0.65616,0.94660,1.6093,0.79657,0.49744,1.6093,0.21639,2.44251,1.6093,0.92392,0.05409,1.6093,0.07858,2.71621,0.6093,0.95890,0.02738,0.6093,0.07858,2.71621,0.6093,0.95890,0.02738,0.6093
6,7,0,2,0,0,1,1,0.000,0.0000,1.4607,0.34126,1.56949,4.3782,0.28273,1.75987,19.3782,0.24039,1.84461,4.3782,0.25637,1.73640,4.3782,0.22627,1.97265,4.3782,0.24039,1.84461,4.3782,0.24039,1.84461,4.3782,0.50264,1.23125,0.3782,0.86934,0.29090,0.3782,0.50264,1.23125,0.3782,0.86934,0.29090,0.3782
6,7,1,2,0,0,2,2,0.000,0.0000,0.0108,0.89643,0.12952,0.4255,0.44879,0.55418,32.4255,0.96103,0.03491,0.4255,0.89643,0.12952,0.4255,0.81357,0.21224,0.4255,0.96103,0.03491,0.4255,0.96103,0.03491,0.4255,0.87768,0.11306,0.5745,0.95807,0.03705,0.5745,0.87768,0.11306,0.5745,0.95807,0.03705,0.5745
6,7,2,1,0,0,0,0,0.000,0.0000,0.7888,0.69716,0.32225,4.7233,0.43294,0.51775,31.7233,0.69716,0.32225,4.7233,0.69716,0.32225,4.7233,0.72640,0.27800,4.7233,0.69716,0.32225,4.7233,0.69716,0.32225,4.7233,0.71134,0.15963,7.7233,0.71134,0.15963,7.7233,0.71134,0.15963,7.7233,0.71134,0.15963,7.7233
6,7,4,2,0,1,4,4,0.000,0.0000,0.0645,0.04995,2.80018,0.3907,0.09552,2.86023,35.6093,0.74514,0.71670,0.3907,0.67156,0.94161,0.3907,0.81828,0.49187,0.3907,0.21887,2.38473,0.3907,0.95338,0.04110,0.3907,0.00452,2.92163,0.3907,0.94330,0.06597,0.3907,0.00452,2.92163,0.3907,0.94330,0.06597,0.3907
6,8,0,2,-1,0,1,1,0.000,0.0000,2.1656,0.18549,2.62786,17.6218,0.13229,2.81201,19.3782,0.18549,2.62786,17.6218,0.18549,2.62786,17.6218,0.18549,2.62786,17.6218,0.18549,2.62786,17.6218,0.18549,2.62786,17.6218,0.50264,1.23125,0.3782,0.86934,0.29090,0.3782,0.50264,1.23125,0.3782,0.86934,0.29090,0.3782
6,8,1,2,0,0,2,2,0.000,0.0000,0.0129,0.87818,0.10602,0.5745,0.45204,0.51164,32.4255,0.95187,0.04095,0.5745,0.87818,0.10602,0.5745,0.81357,0.21445,0.5745,0.95187,0.04095,0.5745,0.95187,0.04095,0.5745,0.87544,0.11492,0.5745,0.95206,0.04173,0.5745,0.87544,0.11492,0.5745,0.95206,0.04173,0.5745
6,8,2,1,0,0,0,0,0.000,0.0000,0.7467,0.48929,0.56934,0.7233,0.46908,0.47913,31.7233,0.58960,0.46425,0.7233,0.51805,0.53861,0.7233,0.65974,0.39643,0.7233,0.58960,0.46425,0.7233,0.58960,0.46425,0.7233,0.79423,0.13927,0.2767,0.79423,0.13927,0.2767,0.79423,0.13927,0.2767,0.79423,0.13927,0.2767
6,8,4,2,0,1,4,4,0.000,0.0000,0.0104,0.04891,2.79763,0.3907,0.08615,2.86242,35.6093,0.71079,0.72046,0.3907,0.64059,0.94462,0.3907,0.78398,0.49647,0.3907,0.21878,2.38655,0.3907,0.92362,0.06585,0.3907,0.02843,2.84529,0.3907,0.94253,0.06654,0.3907,0.02843,2.84529,0.3907,0.94253,0.06654,0.3907
6,9,0,2,0,0,1,1,0.000,0.0000,2.0458,0.31162,1.69790,2.6218,0.23226,2.00814,19.3782,0.22522,1.91570,2.6218,0.23421,1.83567,2.6218,0.22642,1.96549,2.6218,0.22522,1.91570,2.6218,0.22522,1.91570,2.6218,0.50515,1.23117,0.3782,0.86807,0.29058,0.3782,0.50515,1.23117,0.3782,0.86807,0.29058,0.3782
6,9,1,2,0,0,2,2,0.000,0.0000,0.0179,0.91093,0.10938,0.4255,0.43711,0.56818,32.4255,0.94789,0.01859,0.4255,0.91093,0.10938,0.4255,0.81357,0.21564,0.4255,0.94789,0.01859,0.4255,0.94789,0.01859,0.4255,0.87707,0.11374,0.5745,0.95206,0.04173,0.5745,0.87707,0.11374,0.5745,0.95206,0.04173,0.5745
6,9,2,1,0,0,0,0,0.000,0.0000,0.7486,0.36611,0.69110,11.2767,0.45715,0.62002,31.7233,0.54226,0.48329,11.2767,0.46733,0.57218,11.2767,0.58799,0.39489,11.2767,0.54226,0.48329,11.2767,0.54226,0.48329,11.2767,0.66752,0.19808,9.7233,0.66752,0.19808,9.7233,0.66752,0.19808,9.7233,0.66752,0.19808,9.7233
6,9,4,2,0,1,4,4,0.000,0.0000,0.0194,0.03675,2.84463,0.6093,0.07676,2.88770,35.6093,0.69475,0.74655,0.6093,0.62420,0.97110,0.6093,0.79690,0.51980,0.6093,0.21443,2.43719,0.6093,0.95317,0.00672,0.6093,0.03770,2.82765,0.6093,0.95298,0.03069,0.6093,0.03770,2.82765,0.6093,0.95298,0.03069,0.6093
6,10,0,2,0,0,1,1,0.000,0.0000,2.2782,0.23248,1.95423,3.6218,0.22816,2.06411,19.3782,0.18645,2.23809,3.6218,0.19780,2.13074,3.6218,0.18363,2.32502,3.6218,0.18645,2.23809,3.6218,0.18645,2.23809,3.6218,0.50297,1.23117,0.3782,0.86160,0.29055,0.3782,0.50297,1.23117,0.3782,0.86160,0.29055,0.3782
6,10,1,2,0,0,2,2,0.000,0.0000,0.0079,0.91016,0.08556,1.4255,0.44974,0.50954,32.4255,0.92405,0.06491,1.4255,0.91016,0.08556,1.4255,0.81357,0.19767,1.4255,0.92405,0.06491,1.4255,0.92405,0.06491,1.4255,0.89409,0.10779,0.4255,0.95279,0.04402,0.4255,0.89409,0.10779,0.4255,0.95279,0.04402,0.4255
6,10,2,1,0,0,0,0,0.000,0.0000,0.7616,0.15839,0.96444,8.2767,0.42544,0.74224,31.7233,0.49967,0.55409,8.2767,0.42608,0.64370,8.2767,0.55154,0.46463,8.2767,0.49967,0.55409,8.2767,0.49967,0.55409,8.2767,0.70789,0.13759,3.2767,0.70789,0.13759,3.2767,0.70789,0.13759,3.2767,0.70789,0.13759,3.2767
6,10,4,2,0,-1,-1,-1,0.000,-1.0000,-1.0000,0.01498,2.90445,0.6093,0.08104,2.89640,35.6093,0.74524,0.72003,0.6093,0.67085,0.94500,0.6093,0.81922,0.49508,0.6093,0.21786,2.41820,0.6093,0.01498,2.90445,0.6093,0.01498,2.90445,0.6093,0.01498,2.90445,0.6093,0.01498,2.90445,0.6093,0.01498,2.90445,0.6093
6,11,0,2,0,0,1,1,0.000,0.0000,2.2822,0.22055,1.95235,0.6218,0.15436,2.22167,19.3782,0.23042,2.06729,0.6218,0.22663,2.01243,0.6218,0.23113,2.14824,0.6218,0.23042,2.06729,0.6218,0.23042,2.06729,0.6218,0.50297,1.23117,0.3782,0.86160,0.29055,0.3782,0.50297,1.23117,0.3782,0.86160,0.29055,0.3782
6,11,1,2,0,0,2,2,0.000,0.0000,0.0149,0.89126,0.11011,0.5745,0.44744,0.53798,32.4255,0.94079,0.05094,0.5745,0.89126,0.11011,0.5745,0.81357,0.20906,0.5745,0.94079,0.05094,0.5745,0.94079,0.05094,0.5745,0.92782,0.07148,0.4255,0.94992,0.04911,0.4255,0.92782,0.07148,0.4255,0.94992,0.04911,0.4255
6,11,2,1,0,0,0,0,0.000,0.0000,0.6274,0.06006,0.97650,2.2767,0.37817,0.82096,31.7233,0.68342,0.32320,2.2767,0.59843,0.41315,2.2767,0.70250,0.23330,2.2767,0.68342,0.32320,2.2767,0.68342,0.32320,2.2767,0.70789,0.13759,3.2767,0.70789,0.13760,3.2767,0.70789,0.13759,3.2767,0.70789,0.13760,3.2767
6,11,4,2,0,1,4,4,0.000,0.0000,0.0690,0.07058,2.74195,1.3907,0.09551,2.85673,35.6093,0.70510,0.73571,1.3907,0.63782,0.95943,1.3907,0.77119,0.51310,1.3907,0.21670,2.38112,1.3907,0.89503,0.09151,1.3907,0.03962,2.82785,0.6093,0.95298,0.02880,0.6093,0.03962,2.82785,0.6093,0.95298,0.02880,0.6093
6,12,0,2,0,0,1,1,0.000,0.0000,2.1184,0.17435,2.34749,38.6218,0.14403,2.38181,19.3782,0.13989,1.97455,38.6218,0.14791,2.02246,38.6218,0.13880,1.95156,38.6218,0.13989,1.97455,38.6218,0.13989,1.97455,38.6218,0.50297,1.23117,0.3782,0.86160,0.29055,0.3782,0.50297,1.23117,0.3782,0.86160,0.29055,0.3782
6,12,1,2,0,0,2,2,0.000,0.0000,0.0211,0.89531,0.09212,0.5745,0.45326,0.48160,32.4255,0.94000,0.05100,0.5745,0.89531,0.09212,0.5745,0.81357,0.21699,0.5745,0.94000,0.05100,0.5745,0.94000,0.05100,0.5745,0.92782,0.07148,0.4255,0.94992,0.04911,0.4255,0.92782,0.07148,0.4255,0.94992,0.04911,0.4255
6,12,2,2,0,0,0,0,0.000,0.0000,0.4147,0.81473,0.10379,3.7233,0.48349,0.52083,31.7233,0.81682,0.09592,3.7233,0.81473,0.10379,3.7233,0.74495,0.23613,3.7233,0.81682,0.09592,3.7233,0.81682,0.09592,3.7233,0.70789,0.13759,3.2767,0.70789,0.13759,3.2767,0.70789,0.13759,3.2767,0.70789,0.13759,3.2767
6,12,4,2,0,1,4,4,0.000,0.0000,0.2658,0.00731,3.09788,1.3907,0.07850,2.91973,35.6093,0.62276,1.06596,1.3907,0.55806,1.29031,1.3907,0.68640,0.84194,1.3907,0.16860,2.67380,1.3907,0.83040,0.32461,1.3907,0.03781,2.83910,1.6093,0.91723,0.06468,1.6093,0.03781,2.83910,1.6093,0.91723,0.06468,1.6093
6,13,0,2,0,0,5,5,0.000,0.0000,7.1228,0.38239,1.30682,16.6218,0.45161,1.01711,19.3782,0.36527,1.45340,16.6218,0.38239,1.30682,16.6218,0.34216,1.67568,16.6218,0.36527,1.45340,16.6218,0.36527,1.45340,16.6218,0.09038,1.32874,1.3782,0.41069,1.89834,1.3782,0.09038,1.32874,1.3782,0.41069,1.89834,1.3782
6,13,1,2,0,0,2,2,0.000,0.0000,0.0130,0.93115,0.07152,0.4255,0.44751,0.50741,32.4255,0.95791,0.03658,0.4255,0.93115,0.07152,0.4255,0.81357,0.21356,0.4255,0.95791,0.03658,0.4255,0.95791,0.03658,0.4255,0.92839,0.07115,0.4255,0.94991,0.04911,0.4255,0.92839,0.07115,0.4255,0.94991,0.04911,0.4255
6,13,2,2,-1,0,0,0,0.000,0.0000,0.5285,0.51396,0.41858,13.2767,0.36710,0.40982,31.7233,0.51396,0.41858,13.2767,0.51396,0.41858,13.2767,0.51396,0.41858,13.2767,0.51396,0.41858,13.2767,0.51396,0.41858,13.2767,0.70789,0.13759,3.2767,0.70789,0.13759,3.2767,0.70789,0.13759,3.2767,0.70789,0.13759,3.2767
6,13,4,2,0,1,4,4,0.000,0.0000,0.1510,0.01086,2.92280,1.6093,0.08342,2.91044,35.6093,0.71876,0.73429,1.6093,0.65070,0.95843,1.6093,0.78545,0.51090,1.6093,0.21479,2.45161,1.6093,0.90947,0.07567,1.6093,0.04070,2.83082,0.6093,0.95514,0.02497,0.6093,0.04070,2.83082,0.6093,0.95514,0.02497,0.6093
6,14,0,2,-1,0,1,5,0.000,0.0000,8.1813,0.42082,0.80515,23.6218,0.56586,0.38752,19.3782,0.42082,0.80515,23.6218,0.42082,0.80515,23.6218,0.42082,0.80515,23.6218,0.42082,0.80515,23.6218,0.39677,0.91734,23.6218,0.53462,1.09184,0.6218,0.80541,0.30038,0.6218,0.01525,1.36602,1.3782,0.41069,1.89834,1.3782
6,14,1,2,0,0,2,2,0.000,0.0000,0.1551,0.66749,0.33452,7.5745,0.44716,0.51737,32.4255,0.69675,0.30332,7.5745,0.66749,0.33451,7.5745,0.70751,0.25244,7.5745,0.69675,0.30332,7.5745,0.69675,0.30332,7.5745,0.94334,0.06334,0.4255,0.95081,0.04861,0.4255,0.94334,0.06334,0.4255,0.95081,0.04861,0.4255
6,14,2,2,0,0,0,0,0.000,0.0000,0.4233,0.85705,0.13680,0.2767,0.43704,0.46910,31.7233,0.85288,0.13666,0.2767,0.85705,0.13680,0.2767,0.77824,0.25960,0.2767,0.85288,0.13666,0.2767,0.85288,0.13666,0.2767,0.70789,0.13759,3.2767,0.70789,0.13759,3.2767,0.70789,0.13759,3.2767,0.70789,0.13759,3.2767
6,14,4,2,0,1,4,4,0.000,0.0000,0.0727,0.00723,2.92644,0.3907,0.06712,2.92216,35.6093,0.67025,0.72809,0.3907,0.60366,0.95060,0.3907,0.79688,0.49496,0.3907,0.21854,2.39639,0.3907,0.94015,0.05031,0.3907,0.04070,2.83082,0.6093,0.95514,0.02497,0.6093,0.04070,2.83082,0.6093,0.95514,0.02497,0.6093
6,15,0,2,-1,0,1,5,0.000,0.0000,6.5807,0.69071,0.25144,9.6218,0.51866,0.29751,19.3782,0.69071,0.25144,9.6218,0.69071,0.25144,9.6218,0.69071,0.25144,9.6218,0.69071,0.25144,9.6218,0.69071,0.25144,9.6218,0.54191,1.07251,0.6218,0.80297,0.30753,0.6218,0.61840,0.65855,2.3782,0.57710,1.08381,2.3782
6,15,1,2,0,0,2,2,0.000,0.0000,0.1722,0.81795,0.18011,0.5745,0.44112,0.53079,32.4255,0.83030,0.17059,0.5745,0.81795,0.18011,0.5745,0.75847,0.26428,0.5745,0.83030,0.17059,0.5745,0.83030,0.17059,0.5745,0.92924,0.05567,0.4255,0.93630,0.03808,0.4255,0.92924,0.05567,0.4255,0.93630,0.03808,0.4255
6,15,2,2,0,0,0,0,0.000,0.0000,0.3683,0.89664,0.08705,0.2767,0.44749,0.44586,31.7233,0.94167,0.02342,0.2767,0.89664,0.08705,0.2767,0.77824,0.24329,0.2767,0.94167,0.02342,0.2767,0.94167,0.02342,0.2767,0.70789,0.13760,3.2767,0.70789,0.13760,3.2767,0.70789,0.13760,3.2767,0.70789,0.13760,3.2767
6,15,4,2,0,1,4,4,0.000,0.0000,0.0359,0.04906,2.79774,0.3907,0.07405,2.87741,35.6093,0.64773,0.75623,0.3907,0.58205,0.97814,0.3907,0.78334,0.51984,0.3907,0.21506,2.41232,0.3907,0.93164,0.04883,0.3907,0.04070,2.83082,0.6093,0.95514,0.02497,0.6093,0.04070,2.83082,0.6093,0.95514,0.02497,0.6093
6,16,0,1,-1,0,1,5,0.000,0.0000,4.4966,0.73659,0.31228,4.6218,0.49004,0.19153,19.3782,0.73659,0.31228,4.6218,0.73659,0.31228,4.6218,0.73659,0.31228,4.6218,0.73659,0.31228,4.6218,0.73659,0.31228,4.6218,0.88603,0.08303,0.3782,0.88603,0.08303,0.3782,0.77686,0.21708,2.3782,0.80523,0.19579,2.3782
6,16,1,2,0,0,2,2,0.000,0.0000,0.1928,0.78918,0.28502,3.4255,0.44769,0.51992,32.4255,0.78918,0.28502,3.4255,0.78918,0.28502,3.4255,0.80234,0.19372,3.4255,0.78918,0.28502,3.4255,0.78918,0.28502,3.4255,0.92924,0.05567,0.4255,0.93630,0.03808,0.4255,0.92924,0.05567,0.4255,0.93630,0.03808,0.4255
6,16,2,2,0,0,0,0,0.000,0.0000,0.3780,0.89527,0.08556,0.7233,0.46376,0.34555,31.7233,0.91324,0.06116,0.7233,0.89527,0.08556,0.7233,0.77824,0.22722,0.7233,0.91324,0.06116,0.7233,0.91324,0.06116,0.7233,0.54256,0.15423,16.7233,0.54256,0.15423,16.7233,0.54256,0.15423,16.7233,0.54256,0.15423,16.7233
6,16,4,2,0,1,4,4,0.000,0.0000,0.0073,0.06614,2.70634,0.6093,0.06701,2.85115,35.6093,0.66396,0.73085,0.6093,0.53770,0.96792,0.6093,0.80337,0.49886,0.6093,0.21744,2.42041,0.6093,0.95337,0.02634,0.6093,0.04070,2.83082,0.6093,0.95514,0.02497,0.6093,0.04070,2.83082,0.6093,0.95514,0.02497,0.6093
6,17,0,1,-1,0,1,5,0.000,0.0000,3.2847,0.73046,0.28740,4.6218,0.50482,0.32878,19.3782,0.73046,0.28740,4.6218,0.73046,0.28740,4.6218,0.73046,0.28740,4.6218,0.73046,0.28740,4.6218,0.73046,0.28740,4.6218,0.88694,0.08150,0.3782,0.88694,0.08150,0.3782,0.79992,0.20842,0.6218,0.83412,0.18319,0.6218
6,17,1,2,-1,1,2,2,0.000,0.0000,0.1521,0.70390,0.36494,0.4255,0.43018,0.08772,32.4255,0.70390,0.36494,0.4255,0.70390,0.36494,0.4255,0.70390,0.36494,0.4255,0.70390,0.36494,0.4255,0.61062,0.74790,0.4255,0.92924,0.05567,0.4255,0.93630,0.03808,0.4255,0.92924,0.05567,0.4255,0.93630,0.03808,0.4255
6,17,2,2,0,0,0,0,0.000,0.0000,0.5539,0.02556,0.88919,0.2767,0.32651,0.87398,31.7233,0.77280,0.47206,0.2767,0.78902,0.26747,0.2767,0.64847,0.70113,0.2767,0.77280,0.47206,0.2767,0.77280,0.47206,0.2767,0.54256,0.15423,16.7233,0.54256,0.15423,16.7233,0.54256,0.15423,16.7233,0.54256,0.15423,16.7233
6,17,4,2,0,-1,-1,-1,0.000,-1.0000,-1.0000,0.04129,2.80608,4.6093,0.05060,2.87847,35.6093,0.64803,0.77378,4.6093,0.52965,0.99438,4.6093,0.71418,0.57109,4.6093,0.20472,2.55819,4.6093,0.04129,2.80608,4.6093,0.04129,2.80608,4.6093,0.04129,2.80608,4.6093,0.04129,2.80608,4.6093,0.04129,2.80608,4.6093
6,18,0,1,-1,0,1,5,0.000,0.0000,2.9245,0.83969,0.10322,0.3782,0.48303,0.22397,19.3782,0.83969,0.10322,0.3782,0.83969,0.10322,0.3782,0.83969,0.10322,0.3782,0.83969,0.10322,0.3782,0.83969,0.10322,0.3782,0.84727,0.13187,0.3782,0.84727,0.13187,0.3782,0.82317,0.19365,0.6218,0.83259,0.18717,0.6218
6,18,1,2,-1,0,2,2,0.000,0.0000,0.0595,0.67242,0.16732,10.4255,0.44752,0.47893,32.4255,0.67242,0.16732,10.4255,0.67242,0.16732,10.4255,0.67242,0.16732,10.4255,0.67242,0.16732,10.4255,0.67783,0.13326,10.4255,0.92924,0.05567,0.4255,0.93630,0.03808,0.4255,0.92924,0.05567,0.4255,0.93630,0.03808,0.4255
6,18,2,2,0,0,0,0,0.000,0.0000,0.3699,0.79461,0.20913,0.2767,0.44645,0.43054,31.7233,0.79265,0.20914,0.2767,0.79461,0.20913,0.2767,0.72179,0.30952,0.2767,0.79265,0.20914,0.2767,0.79265,0.20914,0.2767,0.70789,0.13760,3.2767,0.70789,0.13760,3.2767,0.70789,0.13760,3.2767,0.70789,0.13760,3.2767
6,18,4,2,-1,-1,-1,-1,0.000,-1.0000,-1.0000,0.00447,2.96055,0.6093,0.02917,2.95363,35.6093,0.00447,2.96055,0.6093,0.00447,2.96055,0.6093,0.00447,2.96055,0.6093,0.00447,2.96055,0.6093,0.00447,2.96055,0.6093,0.00447,2.96055,0.6093,0.00447,2.96055,0.6093,0.00447,2.96055,0.6093,0.00447,2.96055,0.6093
6,19,0,1,0,0,1,5,0.000,0.0000,2.4204,0.91032,0.03798,1.3782,0.53128,0.12569,19.3782,0.91032,0.03798,1.3782,0.91032,0.03798,1.3782,0.90490,0.03072,1.3782,0.91032,0.03798,1.3782,0.91032,0.03798,1.3782,0.84727,0.13187,0.3782,0.84727,0.13187,0.3782,0.85911,0.17005,0.6218,0.85911,0.17005,0.6218
6,19,1,2,0,0,2,2,0.000,0.0000,0.0809,0.74805,0.20212,6.5745,0.40850,0.53381,32.4255,0.74805,0.20212,6.5745,0.74805,0.20212,6.5745,0.73030,0.16965,6.5745,0.74805,0.20212,6.5745,0.74805,0.20212,6.5745,0.93233,0.04798,0.4255,0.93630,0.03808,0.4255,0.93233,0.04798,0.4255,0.93630,0.03808,0.4255
6,19,2,2,0,0,0,0,0.000,0.0000,0.2711,0.87594,0.09822,2.7233,0.44612,0.48224,31.7233,0.89148,0.06606,2.7233,0.87594,0.09822,2.7233,0.77824,0.19255,2.7233,0.89148,0.06606,2.7233,0.89148,0.06606,2.7233,0.70789,0.13760,3.2767,0.70789,0.13760,3.2767,0.70789,0.13760,3.2767,0.70789,0.13760,3.2767
6,19,4,2,-1,-1,-1,-1,0.000,-1.0000,-1.0000,0.00405,2.97662,1.6093,0.01772,2.97429,35.6093,0.00405,2.97662,1.6093,0.00405,2.97662,1.6093,0.00405,2.97662,1.6093,0.00405,2.97662,1.6093,0.00405,2.97662,1.6093,0.00405,2.97662,1.6093,0.00405,2.97662,1.6093,0.00405,2.97662,1.6093,0.00405,2.97662,1.6093
6,20,0,1,-1,0,1,1,0.000,0.0000,1.3488,0.23451,2.98972,3.3782,0.14296,2.80199,19.3782,0.23451,2.98972,3.3782,0.23451,2.98972,3.3782,0.23451,2.98972,3.3782,0.23451,2.98972,3.3782,0.23451,2.98972,3.3782,0.84727,0.13187,0.3782,0.84727,0.13187,0.3782,0.53462,1.09184,0.6218,0.40116,1.89464,0.6218
6,20,1,2,0,0,2,2,0.000,0.0000,0.3778,0.36963,0.76657,18.5745,0.44832,0.49977,32.4255,0.42966,0.69137,18.5745,0.36963,0.76657,18.5745,0.47323,0.61130,18.5745,0.42966,0.69137,18.5745,0.42966,0.69137,18.5745,0.93707,0.03615,0.4255,0.93707,0.03615,0.4255,0.93707,0.03615,0.4255,0.93707,0.03615,0.4255
6,20,2,2,0,0,0,0,0.000,0.0000,1.2283,0.29884,1.52998,0.7233,0.18164,1.87885,31.7233,0.23804,1.93575,0.7233,0.23674,1.85250,0.7233,0.23637,2.04449,0.7233,0.23804,1.93575,0.7233,0.23804,1.93575,0.7233,0.70789,0.13760,3.2767,0.70789,0.13759,3.2767,0.70789,0.13760,3.2767,0.70789,0.13759,3.2767
6,20,4,2,-1,-1,-1,-1,0.000,-1.0000,-1.0000,0.00229,3.06142,0.3907,0.00948,3.02299,35.6093,0.00229,3.06142,0.3907,0.00229,3.06142,0.3907,0.00229,3.06142,0.3907,0.00229,3.06142,0.3907,0.00229,3.06142,0.3907,0.00229,3.06142,0.3907,0.00229,3.06142,0.3907,0.00229,3.06142,0.3907,0.00229,3.06142,0.3907
6,21,0,2,-1,0,1,5,0.000,0.0000,1.6502,0.82946,0.17056,0.3782,0.55331,0.25379,19.3782,0.82946,0.17056,0.3782,0.82946,0.17056,0.3782,0.82946,0.17056,0.3782,0.82946,0.17056,0.3782,0.82945,0.17056,0.3782,0.79329,0.20166,0.6218,0.79329,0.20166,0.6218,0.79497,0.14691,3.3782,0.79497,0.14691,3.3782
6,21,1,2,0,0,2,2,0.000,0.0000,0.5507,0.40177,0.71554,17.5745,0.44706,0.47293,32.4255,0.44100,0.66594,17.5745,0.40177,0.71554,17.5745,0.48821,0.57598,17.5745,0.44100,0.66594,17.5745,0.44100,0.66594,17.5745,0.88163,0.10245,0.5745,0.88163,0.10245,0.5745,0.88163,0.10245,0.5745,0.88163,0.10245,0.5745
6,21,2,2,0,0,0,0,0.000,0.0000,1.8681,0.42266,1.21058,1.2767,0.28140,1.57322,31.7233,0.26229,1.76572,1.2767,0.28206,1.60851,1.2767,0.24511,1.93637,1.2767,0.91965,0.05995,1.2767,0.26229,1.76572,1.2767,0.70789,0.13760,3.2767,0.70789,0.13760,3.2767,0.70789,0.13760,3.2767,0.70789,0.13760,3.2767
6,21,4,1,-1,-1,-1,-1,0.000,-1.0000,-1.0000,0.00259,2.99337,3.3907,0.00811,3.00551,35.6093,0.00259,2.99337,3.3907,0.00259,2.99337,3.3907,0.00259,2.99337,3.3907,0.00259,2.99337,3.3907,0.00259,2.99337,3.3907,0.00259,2.99337,3.3907,0.00259,2.99337,3.3907,0.00259,2.99337,3.3907,0.00259,2.99337,3.3907
6,22,0,2,0,0,1,5,0.000,0.0000,1.1983,0.82380,0.17036,0.3782,0.55862,0.27088,19.3782,0.82380,0.17036,0.3782,0.82380,0.17036,0.3782,0.82986,0.16327,0.3782,0.82380,0.17036,0.3782,0.82380,0.17036,0.3782,0.79329,0.20166,0.6218,0.79329,0.20166,0.6218,0.79497,0.14691,3.3782,0.79497,0.14691,3.3782
6,22,1,2,0,0,2,2,0.000,0.0000,0.4494,0.68378,0.33094,2.5745,0.45558,0.47800,32.4255,0.68378,0.33094,2.5745,0.68378,0.33094,2.5745,0.66378,0.35943,2.5745,0.68378,0.33094,2.5745,0.68378,0.33094,2.5745,0.82004,0.17281,0.5745,0.82004,0.17281,0.5745,0.82004,0.17281,0.5745,0.82004,0.17281,0.5745
6,22,2,2,0,0,0,0,0.000,0.0000,1.1707,0.49466,1.02166,0.7233,0.32430,1.37704,31.7233,0.82566,0.14468,0.7233,0.75740,0.27879,0.7233,0.75068,0.25571,0.7233,0.82566,0.14468,0.7233,0.82566,0.14468,0.7233,0.55087,0.09014,14.2767,0.55087,0.09014,14.2767,0.55087,0.09014,14.2767,0.55087,0.09014,14.2767
6,22,4,1,-1,-1,-1,-1,0.000,-1.0000,-1.0000,0.00596,2.95181,0.3907,0.02456,2.96045,35.6093,0.00596,2.95181,0.3907,0.00596,2.95181,0.3907,0.00596,2.95181,0.3907,0.00596,2.95181,0.3907,0.00596,2.95181,0.3907,0.00596,2.95181,0.3907,0.00596,2.95181,0.3907,0.00596,2.95181,0.3907,0.00596,2.95181,0.3907
6,23,0,2,-1,0,1,5,0.000,0.0000,0.8691,0.45788,1.01548,0.3782,0.39120,0.98680,19.3782,0.45788,1.01548,0.3782,0.45788,1.01548,0.3782,0.45788,1.01548,0.3782,0.45788,1.01548,0.3782,0.45788,1.01548,0.3782,0.79284,0.18936,0.6218,0.79284,0.18936,0.6218,0.79497,0.14691,3.3782,0.79497,0.14691,3.3782
6,23,1,2,-1,0,2,2,0.000,0.0000,0.2014,0.61950,0.04411,9.5745,0.36548,0.50129,32.4255,0.61950,0.04411,9.5745,0.61950,0.04411,9.5745,0.61950,0.04411,9.5745,0.61950,0.04411,9.5745,0.61950,0.04411,9.5745,0.60455,0.20966,13.4255,0.60968,0.16556,13.4255,0.60455,0.20966,13.4255,0.60968,0.16556,13.4255
6,23,2,2,0,0,0,0,0.000,0.0000,0.6855,0.93396,0.09527,0.2767,0.43322,0.53168,31.7233,0.94167,0.01280,0.2767,0.93396,0.09527,0.2767,0.77824,0.23235,0.2767,0.94167,0.01280,0.2767,0.94167,0.01280,0.2767,0.55087,0.09014,14.2767,0.55087,0.09014,14.2767,0.55087,0.09014,14.2767,0.55087,0.09014,14.2767
6,23,4,1,-1,1,4,4,0.000,0.0000,0.1263,0.00726,2.93765,1.3907,0.04863,2.93162,35.6093,0.00726,2.93765,1.3907,0.00726,2.93765,1.3907,0.00726,2.93765,1.3907,0.00726,2.93765,1.3907,0.87214,0.11583,1.3907,0.04070,2.83082,0.6093,0.95514,0.02497,0.6093,0.04070,2.83082,0.6093,0.95514,0.02497,0.6093
6,24,0,2,0,0,1,5,0.000,0.0000,0.5976,0.82544,0.18633,0.3782,0.49232,0.61946,19.3782,0.82544,0.18633,0.3782,0.82544,0.18633,0.3782,0.83829,0.16276,0.3782,0.82544,0.18633,0.3782,0.82544,0.18633,0.3782,0.79284,0.18936,0.6218,0.79284,0.18936,0.6218,0.64887,0.15168,10.3782,0.64887,0.15168,10.3782
6,24,1,1,0,0,2,2,0.000,0.0000,0.1847,0.15036,0.90077,7.5745,0.43903,0.72680,32.4255,0.66184,0.34063,7.5745,0.58075,0.43062,7.5745,0.68670,0.25065,7.5745,0.66184,0.34063,7.5745,0.66184,0.34063,7.5745,0.52651,0.52271,13.5745,0.52651,0.52271,13.5745,0.52651,0.52271,13.5745,0.52651,0.52271,13.5745
6,24,2,2,0,0,0,0,0.000,0.0000,0.3003,0.93336,0.06158,0.7233,0.44138,0.47496,31.7233,0.94137,0.02501,0.7233,0.93336,0.06158,0.7233,0.77824,0.22263,0.7233,0.94137,0.02501,0.7233,0.94137,0.02501,0.7233,0.55087,0.09014,14.2767,0.55087,0.09015,14.2767,0.55087,0.09014,14.2767,0.55087,0.09015,14.2767
6,24,4,1,0,1,4,4,0.000,0.0000,0.0399,0.00952,2.92475,0.3907,0.08368,2.94666,35.6093,0.21776,2.07699,0.3907,0.21034,2.16686,0.3907,0.22215,1.98714,0.3907,0.21776,2.07699,0.3907,0.87379,0.12033,0.3907,0.04070,2.83082,0.6093,0.95514,0.02497,0.6093,0.04070,2.83082,0.6093,0.95514,0.02497,0.6093
6,25,0,2,-1,0,1,5,0.000,0.0000,0.2835,0.51781,1.00510,1.6218,0.38558,1.26225,19.3782,0.51781,1.00510,1.6218,0.51781,1.00510,1.6218,0.51781,1.00510,1.6218,0.51781,1.00510,1.6218,0.70672,0.32067,1.6218,0.79284,0.18936,0.6218,0.79284,0.18936,0.6218,0.64884,0.15168,10.3782,0.64884,0.15168,10.3782
6,25,1,1,-1,0,2,2,0.000,0.0000,1.1501,0.21320,1.98328,2.5745,0.23903,2.12814,32.4255,0.21320,1.98328,2.5745,0.21320,1.98328,2.5745,0.21320,1.98328,2.5745,0.21320,1.98328,2.5745,0.21320,1.98328,2.5745,0.52651,0.52271,13.5745,0.52651,0.52271,13.5745,0.52651,0.52271,13.5745,0.52651,0.52271,13.5745
6,25,2,2,0,0,0,0,0.000,0.0000,0.0116,0.90970,0.08340,1.2767,0.43817,0.48334,31.7233,0.92431,0.05377,1.2767,0.90970,0.08340,1.2767,0.77824,0.20324,1.2767,0.92431,0.05377,1.2767,0.92431,0.05377,1.2767,0.55087,0.09014,14.2767,0.55087,0.09014,14.2767,0.55087,0.09014,14.2767,0.55087,0.09014,14.2767
6,25,4,2,0,1,4,4,0.000,0.0000,0.0296,0.00899,2.93834,0.3907,0.07687,2.92735,35.6093,0.72423,0.75296,0.3907,0.65059,0.97794,0.3907,0.79787,0.52799,0.3907,0.21269,2.44414,0.3907,0.95420,0.00518,0.3907,0.04690,2.81979,1.3907,0.90887,0.07454,1.3907,0.04690,2.81979,1.3907,0.90887,0.07454,1.3907
6,26,0,2,0,0,1,5,0.000,0.0000,0.2433,0.25818,2.03866,0.6218,0.18718,2.26789,19.3782,0.70209,0.77309,0.6218,0.62450,0.99795,0.6218,0.71959,0.55963,0.6218,0.70209,0.77309,0.6218,0.70209,0.77309,0.6218,0.79284,0.18936,0.6218,0.79284,0.18936,0.6218,0.64884,0.15168,10.3782,0.64884,0.15168,10.3782
6,26,1,1,0,0,2,2,0.000,0.0000,0.7417,0.10855,0.89096,4.5745,0.41158,0.81440,32.4255,0.74249,0.22420,4.5745,0.66262,0.30818,4.5745,0.77241,0.14749,4.5745,0.74249,0.22420,4.5745,0.74249,0.22420,4.5745,0.50338,0.55733,14.5745,0.50687,0.55282,14.5745,0.50338,0.55733,14.5745,0.50687,0.55282,14.5745
6,26,2,2,0,0,0,0,0.000,0.0000,0.1745,0.90880,0.08897,0.7233,0.43520,0.50863,31.7233,0.93553,0.01530,0.7233,0.90880,0.08897,0.7233,0.77824,0.22788,0.7233,0.93553,0.01530,0.7233,0.93553,0.01530,0.7233,0.55087,0.09014,14.2767,0.55087,0.09014,14.2767,0.55087,0.09014,14.2767,0.55087,0.09014,14.2767
6,26,4,2,0,1,4,4,0.000,0.0000,0.0191,0.00915,2.93982,0.3907,0.07628,2.93400,35.6093,0.73171,0.75643,0.3907,0.65730,0.98141,0.3907,0.80590,0.53146,0.3907,0.21091,2.45227,0.3907,0.95717,0.01254,0.3907,0.04729,2.81954,1.3907,0.91775,0.06457,1.3907,0.04729,2.81954,1.3907,0.91775,0.06457,1.3907
6,27,0,1,0,0,1,5,0.000,0.0000,0.3381,0.43577,1.42010,0.6218,0.40383,1.42599,19.3782,0.86524,0.30806,0.6218,0.77961,0.53294,0.6218,0.89007,0.08386,0.6218,0.86524,0.30806,0.6218,0.86524,0.30806,0.6218,0.79284,0.18936,0.6218,0.79284,0.18936,0.6218,0.64884,0.15168,10.3782,0.64884,0.15168,10.3782
6,27,1,1,0,0,2,2,0.000,0.0000,0.5832,0.29634,0.66299,0.5745,0.41263,0.76831,32.4255,0.87309,0.16728,0.5745,0.78760,0.21635,0.5745,0.81357,0.15925,0.5745,0.87309,0.16728,0.5745,0.87309,0.16728,0.5745,0.50338,0.55733,14.5745,0.50687,0.55282,14.5745,0.50338,0.55733,14.5745,0.50687,0.55282,14.5745
6,27,2,2,0,0,0,0,0.000,0.0000,0.2934,0.93668,0.08850,0.2767,0.44170,0.50818,31.7233,0.94167,0.01356,0.2767,0.93668,0.08850,0.2767,0.77824,0.23363,0.2767,0.94167,0.01356,0.2767,0.94167,0.01356,0.2767,0.55087,0.09014,14.2767,0.55087,0.09014,14.2767,0.55087,0.09014,14.2767,0.55087,0.09014,14.2767
6,27,4,2,0,1,4,4,0.000,0.0000,0.0214,0.37545,1.86328,0.3907,0.20123,2.23793,35.6093,0.72263,0.81642,0.3907,0.64831,1.04142,0.3907,0.79670,0.59142,0.3907,0.72263,0.81642,0.3907,0.96672,0.06642,0.3907,0.04730,2.81955,1.3907,0.91759,0.06477,1.3907,0.04730,2.81955,1.3907,0.91759,0.06477,1.3907
6,28,0,1,0,0,1,5,0.000,0.0000,0.3715,0.34148,1.65418,0.3782,0.33807,1.67267,19.3782,0.86821,0.29720,0.3782,0.78193,0.52199,0.3782,0.89385,0.07369,0.3782,0.22695,1.64680,0.3782,0.86821,0.29720,0.3782,0.79284,0.18936,0.6218,0.79284,0.18936,0.6218,0.64884,0.15168,10.3782,0.64884,0.15168,10.3782
6,28,1,1,0,0,2,2,0.000,0.0000,0.3947,0.95203,0.04069,0.5745,0.47241,0.52420,32.4255,0.95100,0.04069,0.5745,0.95203,0.04069,0.5745,0.81357,0.03835,0.5745,0.95100,0.04069,0.5745,0.95100,0.04069,0.5745,0.50338,0.55733,14.5745,0.50687,0.55282,14.5745,0.50338,0.55733,14.5745,0.50687,0.55282,14.5745
6,28,2,2,0,0,0,0,0.000,0.0000,0.4760,0.73588,0.26173,0.2767,0.44671,0.51702,31.7233,0.74982,0.25171,0.2767,0.73588,0.26173,0.2767,0.71144,0.31205,0.2767,0.74982,0.25171,0.2767,0.74982,0.25171,0.2767,0.55087,0.09014,14.2767,0.55087,0.09014,14.2767,0.55087,0.09014,14.2767,0.55087,0.09014,14.2767
6,28,4,2,-1,1,4,4,0.000,0.0000,0.0845,0.74500,0.50902,0.6093,0.36414,1.16104,35.6093,0.74500,0.50902,0.6093,0.74500,0.50902,0.6093,0.74500,0.50902,0.6093,0.74500,0.50902,0.6093,0.85565,0.14054,0.6093,0.04730,2.81955,1.3907,0.91759,0.06477,1.3907,0.04730,2.81955,1.3907,0.91759,0.06477,1.3907
6,29,0,1,0,0,1,5,0.000,0.0000,0.3921,0.23817,1.92010,0.6218,0.25659,1.93859,19.3782,0.85996,0.30646,0.6218,0.77521,0.53109,0.6218,0.89082,0.08388,0.6218,0.22554,1.65574,0.6218,0.85996,0.30646,0.6218,0.79284,0.18936,0.6218,0.79284,0.18936,0.6218,0.64884,0.15168,10.3782,0.64884,0.15168,10.3782
6,29,1,2,0,0,2,2,0.000,0.0000,0.2768,0.94751,0.01270,0.5745,0.47304,0.41562,32.4255,0.94751,0.01270,0.5745,0.94751,0.01270,0.5745,0.81357,0.23130,0.5745,0.94751,0.01270,0.5745,0.94751,0.01270,0.5745,0.50338,0.55733,14.5745,0.50687,0.55282,14.5745,0.50338,0.55733,14.5745,0.50687,0.55282,14.5745
6,29,2,2,0,0,0,0,0.000,0.0000,0.4557,0.94160,0.06534,0.2767,0.44475,0.49844,31.7233,0.94167,0.01595,0.2767,0.94160,0.06534,0.2767,0.77824,0.24165,0.2767,0.94167,0.01595,0.2767,0.94167,0.01595,0.2767,0.55087,0.09014,14.2767,0.55087,0.09014,14.2767,0.55087,0.09014,14.2767,0.55087,0.09014,14.2767
6,29,4,2,-1,1,4,4,0.000,0.0000,0.3218,0.60776,0.48306,8.6093,0.38465,0.90115,35.6093,0.60776,0.48306,8.6093,0.60776,0.48306,8.6093,0.60776,0.48306,8.6093,0.60776,0.48306,8.6093,0.60776,0.48306,8.6093,0.29657,2.08173,0.3907,0.96272,0.01299,0.3907,0.29657,2.08173,0.3907,0.96272,0.01299,0.3907
6,30,0,1,0,0,1,5,0.000,0.0000,0.3636,0.12293,2.21054,1.3782,0.14840,2.24658,19.3782,0.83767,0.31781,1.3782,0.75379,0.54140,1.3782,0.88579,0.10073,1.3782,0.22411,1.66505,1.3782,0.83767,0.31781,1.3782,0.79207,0.18820,0.6218,0.79207,0.18820,0.6218,0.79994,0.16798,2.3782,0.79994,0.16798,2.3782
6,30,1,2,0,0,2,2,0.000,0.0000,0.1745,0.86010,0.10914,1.4255,0.46986,0.31142,32.4255,0.86849,0.09986,1.4255,0.86010,0.10914,1.4255,0.79278,0.22653,1.4255,0.86849,0.09986,1.4255,0.86849,0.09986,1.4255,0.61984,0.16000,14.5745,0.61984,0.16000,14.5745,0.61984,0.16000,14.5745,0.61984,0.16000,14.5745
6,30,2,2,0,0,0,0,0.000,0.0000,0.4216,0.92402,0.06379,0.2767,0.44492,0.47041,31.7233,0.94167,0.00958,0.2767,0.92402,0.06379,0.2767,0.77824,0.23890,0.2767,0.94167,0.00958,0.2767,0.94167,0.00958,0.2767,0.55087,0.09014,14.2767,0.55087,0.09015,14.2767,0.55087,0.09014,14.2767,0.55087,0.09015,14.2767
6,30,4,2,-1,1,4,4,0.000,0.0000,0.2083,0.93210,0.07456,0.3907,0.38740,0.86538,35.6093,0.93210,0.07456,0.3907,0.93210,0.07456,0.3907,0.93210,0.07456,0.3907,0.93210,0.07456,0.3907,0.93150,0.03159,0.3907,0.80877,0.50623,0.6093,0.94465,0.03462,0.6093,0.80877,0.50623,0.6093,0.94465,0.03462,0.6093
6,31,0,1,0,0,1,5,0.000,0.0000,0.3294,0.10959,2.22967,0.3782,0.13198,2.27772,19.3782,0.87389,0.29145,0.3782,0.76310,0.51643,0.3782,0.89569,0.06660,0.3782,0.22780,1.64141,0.3782,0.87389,0.29145,0.3782,0.79207,0.18820,0.6218,0.79207,0.18820,0.6218,0.79994,0.16798,2.3782,0.79994,0.16798,2.3782
6,31,1,2,0,0,2,2,0.000,0.0000,0.1510,0.88340,0.11307,2.4255,0.47584,0.45943,32.4255,0.89962,0.07241,2.4255,0.88340,0.11307,2.4255,0.81357,0.16548,2.4255,0.89962,0.07241,2.4255,0.89962,0.07241,2.4255,0.77155,0.16453,1.4255,0.77155,0.16453,1.4255,0.77155,0.16453,1.4255,0.77155,0.16453,1.4255
6,31,2,2,0,0,0,0,0.000,0.0000,0.4699,0.79542,0.20411,0.2767,0.44520,0.42421,31.7233,0.79542,0.20411,0.2767,0.79542,0.20411,0.2767,0.72514,0.30161,0.2767,0.79542,0.20411,0.2767,0.79542,0.20411,0.2767,0.55087,0.09014,14.2767,0.55087,0.09015,14.2767,0.55087,0.09014,14.2767,0.55087,0.09015,14.2767
6,31,4,2,-1,1,4,4,0.000,0.0000,0.1243,0.41729,0.60426,33.3907,0.37909,0.91183,35.6093,0.41729,0.60426,33.3907,0.41729,0.60426,33.3907,0.41729,0.60426,33.3907,0.41729,0.60426,33.3907,0.41181,0.03647,33.3907,0.81092,0.49925,0.6093,0.94457,0.03471,0.6093,0.81092,0.49925,0.6093,0.94457,0.03471,0.6093
6,32,0,2,0,0,1,5,0.000,0.0000,0.2878,0.09555,2.27930,0.3782,0.11450,2.33570,19.3782,0.85954,0.31072,0.3782,0.77030,0.53512,0.3782,0.86223,0.13942,0.3782,0.22192,2.15266,0.3782,0.85954,0.31072,0.3782,0.78690,0.18252,0.6218,0.78690,0.18252,0.6218,0.79994,0.16798,2.3782,0.79994,0.16798,2.3782
6,32,1,1,-1,0,2,2,0.000,0.0000,0.1666,0.53626,1.04483,0.5745,0.43894,1.06895,32.4255,0.53626,1.04483,0.5745,0.53626,1.04483,0.5745,0.53626,1.04483,0.5745,0.53626,1.04483,0.5745,0.96138,0.05020,0.5745,0.77955,0.17733,0.4255,0.77955,0.17733,0.4255,0.77955,0.17733,0.4255,0.77955,0.17733,0.4255
6,32,2,2,0,0,0,0,0.000,0.0000,0.4551,0.79687,0.18723,0.2767,0.45126,0.50765,31.7233,0.83241,0.15293,0.2767,0.79687,0.18723,0.2767,0.77824,0.23024,0.2767,0.83241,0.15293,0.2767,0.83241,0.15293,0.2767,0.55087,0.09014,14.2767,0.55087,0.09014,14.2767,0.55087,0.09014,14.2767,0.55087,0.09014,14.2767
6,32,4,2,-1,1,4,4,0.000,0.0000,0.5772,0.38175,0.93005,25.6093,0.39003,0.84063,35.6093,0.38175,0.93005,25.6093,0.38175,0.93005,25.6093,0.38175,0.93005,25.6093,0.38175,0.93005,25.6093,0.38175,0.93005,25.6093,0.92317,0.14462,0.6093,0.92424,0.14120,0.6093,0.92317,0.14462,0.6093,0.92424,0.14120,0.6093
6,33,0,2,0,0,1,5,0.000,0.0000,0.2579,0.12861,2.19450,0.6218,0.09691,2.36615,19.3782,0.85752,0.30052,0.6218,0.77328,0.52493,0.6218,0.89290,0.09388,0.6218,0.22650,2.11086,0.6218,0.85752,0.30052,0.6218,0.78690,0.18252,0.6218,0.78690,0.18252,0.6218,0.79994,0.16798,2.3782,0.79994,0.16798,2.3782
6,33,1,1,-1,0,2,2,0.000,0.0000,0.1701,0.38731,1.38868,0.5745,0.34259,1.48969,32.4255,0.38731,1.38868,0.5745,0.38731,1.38868,0.5745,0.38731,1.38868,0.5745,0.38731,1.38868,0.5745,0.95761,0.05724,0.5745,0.77821,0.17503,0.4255,0.77821,0.17503,0.4255,0.77821,0.17503,0.4255,0.77821,0.17503,0.4255
6,33,2,2,0,0,0,0,0.000,0.0000,0.3419,0.83651,0.13648,0.2767,0.46114,0.46209,31.7233,0.94167,0.01493,0.2767,0.88767,0.09476,0.2767,0.77824,0.23365,0.2767,0.94167,0.01493,0.2767,0.94167,0.01493,0.2767,0.55087,0.09014,14.2767,0.55087,0.09015,14.2767,0.55087,0.09014,14.2767,0.55087,0.09015,14.2767
6,33,4,2,-1,1,4,4,0.000,0.0000,0.2426,0.50987,0.47959,9.3907,0.37436,0.85808,35.6093,0.50987,0.47959,9.3907,0.50987,0.47959,9.3907,0.50987,0.47959,9.3907,0.50987,0.47959,9.3907,0.51283,0.44962,9.3907,0.88769,0.15335,1.3907,0.89151,0.14014,1.3907,0.88769,0.15335,1.3907,0.89151,0.14014,1.3907
6,34,0,2,0,0,1,5,0.000,0.0000,0.2631,0.06387,2.36059,2.6218,0.06227,2.47338,19.3782,0.78793,0.32653,2.6218,0.71019,0.54485,2.6218,0.88510,0.08430,2.6218,0.22549,2.06387,2.6218,0.78793,0.32653,2.6218,0.78690,0.18252,0.6218,0.78690,0.18252,0.6218,0.79994,0.16798,2.3782,0.79994,0.16798,2.3782
6,34,1,1,0,0,2,2,0.000,0.0000,0.1598,0.65842,0.76300,0.4255,0.39365,1.13485,32.4255,0.96301,0.04937,0.4255,0.86852,0.27306,0.4255,0.81357,0.17766,0.4255,0.96301,0.04937,0.4255,0.96301,0.04937,0.4255,0.76775,0.15613,1.4255,0.76775,0.15613,1.4255,0.76775,0.15613,1.4255,0.76775,0.15613,1.4255
6,34,2,2,0,0,0,0,0.000,0.0000,0.2504,0.89390,0.14620,0.7233,0.44506,0.55281,31.7233,0.94167,0.00770,0.7233,0.89390,0.14620,0.7233,0.77824,0.23853,0.7233,0.94167,0.00770,0.7233,0.94167,0.00770,0.7233,0.55087,0.09014,14.2767,0.55087,0.09015,14.2767,0.55087,0.09014,14.2767,0.55087,0.09015,14.2767
6,34,4,2,1,1,4,4,0.000,0.0000,0.2499,0.71396,0.31970,4.6093,0.39352,0.83338,35.6093,0.71396,0.31970,4.6093,0.71396,0.31970,4.6093,0.73511,0.19369,4.6093,0.71396,0.31970,4.6093,0.71396,0.31970,4.6093,0.88890,0.14918,1.3907,0.89151,0.14014,1.3907,0.88890,0.14918,1.3907,0.89151,0.14014,1.3907
6,35,0,2,0,0,1,5,0.000,0.0000,0.2272,0.20433,2.00115,1.6218,0.18743,2.13842,19.3782,0.83329,0.30196,1.6218,0.75555,0.52418,1.6218,0.89423,0.07348,1.6218,0.22694,2.08522,1.6218,0.83329,0.30196,1.6218,0.78690,0.18252,0.6218,0.78690,0.18252,0.6218,0.79994,0.16798,2.3782,0.79994,0.16798,2.3782
6,35,1,2,0,0,2,2,0.000,0.0000,0.0482,0.52203,1.12432,0.4255,0.42859,1.08262,32.4255,0.82015,0.33092,0.4255,0.75173,0.55252,0.4255,0.77905,0.17417,0.4255,0.82015,0.33092,0.4255,0.82015,0.33092,0.4255,0.77602,0.17136,0.4255,0.77602,0.17136,0.4255,0.77602,0.17136,0.4255,0.77602,0.17136,0.4255
6,35,2,2,0,0,0,0,0.000,0.0000,0.1772,0.88325,0.10417,0.2767,0.45924,0.49391,31.7233,0.94167,0.01375,0.2767,0.88487,0.10308,0.2767,0.77824,0.25012,0.2767,0.94167,0.01375,0.2767,0.94167,0.01375,0.2767,0.55087,0.09014,14.2767,0.55087,0.09015,14.2767,0.55087,0.09014,14.2767,0.55087,0.09015,14.2767
6,35,4,2,1,1,4,4,0.000,0.0000,0.2950,0.61405,0.46459,8.6093,0.39361,0.82094,35.6093,0.61405,0.46459,8.6093,0.61405,0.46459,8.6093,0.61425,0.47230,8.6093,0.61405,0.46459,8.6093,0.61405,0.46459,8.6093,0.87824,0.14674,1.3907,0.88003,0.14041,1.3907,0.87824,0.14674,1.3907,0.88003,0.14041,1.3907
6,36,0,2,0,0,1,5,0.000,0.0000,0.1985,0.06283,2.35987,1.6218,0.06224,2.46379,19.3782,0.81990,0.30829,1.6218,0.73735,0.53032,1.6218,0.89346,0.07486,1.6218,0.22659,2.08321,1.6218,0.81990,0.30829,1.6218,0.78690,0.18252,0.6218,0.78690,0.18252,0.6218,0.79994,0.16798,2.3782,0.79994,0.16798,2.3782
6,36,1,2,0,0,2,2,0.000,0.0000,0.0511,0.68550,0.69714,0.5745,0.46067,0.81145,32.4255,0.96175,0.04734,0.5745,0.86697,0.27069,0.5745,0.81357,0.19520,0.5745,0.96175,0.04734,0.5745,0.96175,0.04734,0.5745,0.78016,0.18439,0.5745,0.78016,0.18439,0.5745,0.78016,0.18439,0.5745,0.78016,0.18439,0.5745
6,36,2,2,0,0,0,0,0.000,0.0000,0.1174,0.93067,0.05342,0.7233,0.45773,0.42285,31.7233,0.93945,0.01479,0.7233,0.93067,0.05342,0.7233,0.77824,0.22620,0.7233,0.93945,0.01479,0.7233,0.93945,0.01479,0.7233,0.55087,0.09014,14.2767,0.55087,0.09014,14.2767,0.55087,0.09014,14.2767,0.55087,0.09014,14.2767
6,36,4,2,1,1,4,4,0.000,0.0000,0.1838,0.85496,0.16300,0.3907,0.39103,0.84932,35.6093,0.83957,0.17122,0.3907,0.85496,0.16300,0.3907,0.76513,0.39028,0.3907,0.83957,0.17122,0.3907,0.83957,0.17122,0.3907,0.87775,0.14649,1.3907,0.87947,0.14037,1.3907,0.87775,0.14649,1.3907,0.87947,0.14037,1.3907
7,0,0,2,0,0,1,1,0.000,0.0000,0.0000,0.36819,0.63742,6.3854,0.45041,0.64725,39.6146,0.73648,0.24947,6.3854,0.66717,0.32996,6.3854,0.71856,0.32940,6.3854,0.73648,0.24947,6.3854,0.73648,0.24947,6.3854,0.36819,0.63742,6.3854,0.73648,0.24947,6.3854,0.36819,0.63742,6.3854,0.73648,0.24947,6.3854
7,0,1,2,0,0,2,2,0.000,0.0000,0.0000,0.01229,2.15400,0.9619,0.02025,2.15329,3.9619,0.91921,0.05574,0.9619,0.88784,0.18480,0.9619,0.76255,0.29516,0.9619,0.24432,1.90750,0.9619,0.91921,0.05574,0.9619,0.01229,2.15401,0.9619,0.91921,0.05574,0.9619,0.01229,2.15401,0.9619,0.91921,0.05574,0.9619
7,0,2,2,0,0,0,0,0.000,0.0000,0.0000,0.81592,0.18962,0.0308,0.58592,0.28892,12.9692,0.80734,0.19201,0.0308,0.81592,0.18962,0.0308,0.73395,0.31856,0.0308,0.80734,0.19201,0.0308,0.80734,0.19201,0.0308,0.81631,0.18958,0.0308,0.80734,0.19201,0.0308,0.81631,0.18958,0.0308,0.80734,0.19201,0.0308
7,0,4,2,-1,1,3,3,0.000,0.0000,0.0000,0.89787,0.11146,0.2614,0.39114,0.87557,32.2614,0.89787,0.11146,0.2614,0.89787,0.11146,0.2614,0.89787,0.11146,0.2614,0.89787,0.11146,0.2614,0.91839,0.09537,0.2614,0.89787,0.11146,0.2614,0.91839,0.09537,0.2614,0.89787,0.11146,0.2614,0.91839,0.09537,0.2614
7,1,0,2,0,0,1,1,0.000,0.0000,1.8285,0.53639,0.41610,0.3854,0.44866,0.65491,39.6146,0.92647,0.03447,0.3854,0.83211,0.15296,0.3854,0.78777,0.24424,0.3854,0.92647,0.03447,0.3854,0.92647,0.03447,0.3854,0.53292,0.41800,0.3854,0.93883,0.07425,0.3854,0.53292,0.41800,0.3854,0.93883,0.07425,0.3854
7,1,1,2,0,0,2,2,0.000,0.0000,0.4032,0.10294,1.95372,0.0381,0.08802,2.01262,3.9619,0.94795,0.04446,0.0381,0.90533,0.18187,0.0381,0.79457,0.28041,0.0381,0.24818,1.87210,0.0381,0.94795,0.04446,0.0381,0.00684,2.16650,0.0381,0.67735,0.31750,0.0381,0.00684,2.16650,0.0381,0.67735,0.31750,0.0381
7,1,2,2,-1,0,0,0,0.000,0.0000,2.6887,0.65061,0.18962,7.9692,0.57290,0.22605,12.9692,0.65061,0.18962,7.9692,0.65061,0.18962,7.9692,0.65061,0.18962,7.9692,0.65061,0.18962,7.9692,0.65275,0.17983,7.9692,0.86966,0.11296,0.0308,0.94880,0.04369,0.0308,0.86966,0.11296,0.0308,0.94880,0.04369,0.0308
7,1,4,2,-1,1,3,3,0.000,0.0000,0.5451,0.84059,0.18692,0.2614,0.39125,0.90764,32.2614,0.84059,0.18692,0.2614,0.84059,0.18692,0.2614,0.84059,0.18692,0.2614,0.84059,0.18692,0.2614,0.89817,0.15012,0.2614,0.58332,0.81806,0.2614,0.88112,0.21054,0.2614,0.58332,0.81806,0.2614,0.88112,0.21054,0.2614
7,2,0,2,0,0,1,1,0.000,0.0000,0.2791,0.42204,0.59752,0.3854,0.43843,0.70897,39.6146,0.68608,0.30733,0.3854,0.59449,0.41296,0.3854,0.70003,0.34772,0.3854,0.68608,0.30733,0.3854,0.68608,0.30733,0.3854,0.32969,0.81418,0.3854,0.93883,0.07656,0.3854,0.32969,0.81418,0.3854,0.93883,0.07656,0.3854
7,2,1,2,0,0,2,2,0.000,0.0000,0.0907,0.01047,2.16080,0.0381,0.01618,2.16409,3.9619,0.93702,0.04106,0.0381,0.89814,0.18923,0.0381,0.77607,0.28313,0.0381,0.24268,1.89821,0.0381,0.93702,0.04106,0.0381,0.10322,1.95748,0.0381,0.94954,0.03674,0.0381,0.10322,1.95748,0.0381,0.94954,0.03674,0.0381
7,2,2,1,0,0,0,0,0.000,0.0000,0.3042,0.61142,0.38564,6.0308,0.66533,0.26764,12.9692,0.73876,0.25176,6.0308,0.65426,0.34076,6.0308,0.72827,0.16386,6.0308,0.73876,0.25176,6.0308,0.73876,0.25176,6.0308,0.02602,0.87844,0.0308,0.95293,0.03034,0.0308,0.02602,0.87844,0.0308,0.95293,0.03034,0.0308
7,2,4,2,-1,1,3,3,0.000,0.0000,0.1555,0.84595,0.15654,0.2614,0.39589,0.85696,32.2614,0.84595,0.15654,0.2614,0.84595,0.15654,0.2614,0.84595,0.15654,0.2614,0.84595,0.15654,0.2614,0.91851,0.08389,0.2614,0.90180,0.10030,0.2614,0.91793,0.08490,0.2614,0.90180,0.10030,0.2614,0.91793,0.08490,0.2614
7,3,0,2,0,0,1,1,0.000,0.0000,0.3754,0.47107,0.47549,0.3854,0.44404,0.68033,39.6146,0.93016,0.04075,0.3854,0.83922,0.14397,0.3854,0.78777,0.26139,0.3854,0.93016,0.04075,0.3854,0.93016,0.04075,0.3854,0.47616,0.47211,0.3854,0.93084,0.07125,0.3854,0.47616,0.47211,0.3854,0.93084,0.07125,0.3854
7,3,1,2,0,0,2,2,0.000,0.0000,0.0940,0.07901,2.00755,0.0381,0.06407,2.06189,3.9619,0.95394,0.04385,0.0381,0.91369,0.18131,0.0381,0.79457,0.28165,0.0381,0.24822,1.87447,0.0381,0.95394,0.04385,0.0381,0.00815,2.15724,1.9619,0.61681,0.40225,1.9619,0.00815,2.15724,1.9619,0.61681,0.40225,1.9619
7,3,2,1,-1,0,0,0,0.000,0.0000,4.1671,0.31743,1.32268,2.0308,0.33736,1.14311,12.9692,0.31743,1.32268,2.0308,0.31743,1.32268,2.0308,0.31743,1.32268,2.0308,0.31743,1.32268,2.0308,0.31743,1.32268,2.0308,0.18520,0.73455,0.0308,0.95293,0.03034,0.0308,0.18520,0.73455,0.0308,0.95293,0.03034,0.0308
7,3,4,2,-1,1,3,3,0.000,0.0000,0.2049,0.91369,0.13600,0.7386,0.38997,0.88938,32.2614,0.91369,0.13600,0.7386,0.91369,0.13600,0.7386,0.91369,0.13600,0.7386,0.91369,0.13600,0.7386,0.91369,0.13600,0.7386,0.05437,2.75387,0.7386,0.90866,0.19655,0.7386,0.05437,2.75387,0.7386,0.90866,0.19655,0.7386
7,4,0,2,0,0,1,1,0.000,0.0000,0.0382,0.31469,0.69537,6.3854,0.44029,0.69464,39.6146,0.72750,0.26134,6.3854,0.65975,0.33982,6.3854,0.71329,0.34145,6.3854,0.72750,0.26134,6.3854,0.72750,0.26134,6.3854,0.51118,0.43869,0.6146,0.93486,0.04022,0.6146,0.51118,0.43869,0.6146,0.93486,0.04022,0.6146
7,4,1,2,0,0,2,2,0.000,0.0000,0.0397,0.01100,2.15391,0.0381,0.02037,2.15689,3.9619,0.94073,0.05003,0.0381,0.90076,0.17768,0.0381,0.77889,0.29231,0.0381,0.24528,1.88771,0.0381,0.94073,0.05003,0.0381,0.00934,2.15450,0.9619,0.91921,0.06587,0.9619,0.00934,2.15450,0.9619,0.91921,0.06587,0.9619
7,4,2,1,0,0,0,0,0.000,0.0000,1.0951,0.37569,0.75219,18.0308,0.28936,0.85044,12.9692,0.44047,0.68227,18.0308,0.37569,0.75219,18.0308,0.48762,0.59906,18.0308,0.44047,0.68227,18.0308,0.44047,0.68227,18.0308,0.29703,0.65125,1.9692,0.89979,0.07896,1.9692,0.29703,0.65125,1.9692,0.89979,0.07896,1.9692
7,4,4,2,-1,1,3,3,0.000,0.0000,0.1043,0.93867,0.07970,0.2614,0.38753,0.88020,32.2614,0.93867,0.07970,0.2614,0.93867,0.07970,0.2614,0.93867,0.07970,0.2614,0.93867,0.07970,0.2614,0.93867,0.07970,0.2614,0.31635,1.54070,0.2614,0.88747,0.20046,0.2614,0.31635,1.54070,0.2614,0.88747,0.20046,0.2614
7,5,0,2,0,0,1,1,0.000,0.0000,0.1436,0.43977,0.51607,1.6146,0.43723,0.70946,39.6146,0.89198,0.07065,1.6146,0.78981,0.19446,1.6146,0.78777,0.24791,1.6146,0.89198,0.07065,1.6146,0.89198,0.07065,1.6146,0.48992,0.46029,0.3854,0.92647,0.05163,0.3854,0.48992,0.46029,0.3854,0.92647,0.05163,0.3854
7,5,1,2,0,0,2,2,0.000,0.0000,0.0226,0.07775,2.00303,0.9619,0.06695,2.04314,3.9619,0.93147,0.05714,0.9619,0.89929,0.17294,0.9619,0.77342,0.29945,0.9619,0.24857,1.88898,0.9619,0.93147,0.05714,0.9619,0.01040,2.15239,0.9619,0.91921,0.06587,0.9619,0.01040,2.15239,0.9619,0.91921,0.06587,0.9619
7,5,2,1,0,0,0,0,0.000,0.0000,0.7055,0.28585,0.74069,3.9692,0.22850,0.91595,12.9692,0.66614,0.32118,3.9692,0.58723,0.40889,3.9692,0.70654,0.23521,3.9692,0.66614,0.32118,3.9692,0.66614,0.32118,3.9692,0.28418,0.73526,4.9692,0.71320,0.28377,4.9692,0.28418,0.73526,4.9692,0.71320,0.28377,4.9692
7,5,4,2,-1,1,3,3,0.000,0.0000,0.1440,0.94312,0.05231,0.2614,0.39122,0.84488,32.2614,0.94312,0.05231,0.2614,0.94312,0.05231,0.2614,0.94312,0.05231,0.2614,0.94312,0.05231,0.2614,0.94312,0.05231,0.2614,0.73447,0.81952,0.2614,0.92373,0.19488,0.2614,0.73447,0.81952,0.2614,0.92373,0.19488,0.2614
7,6,0,2,0,0,1,1,0.000,0.0000,0.1402,0.49150,0.54293,9.6146,0.44103,0.69567,39.6146,0.65818,0.34717,9.6146,0.56496,0.46254,9.6146,0.65852,0.29265,9.6146,0.65818,0.34717,9.6146,0.65818,0.34717,9.6146,0.48992,0.46029,0.3854,0.92647,0.05163,0.3854,0.48992,0.46029,0.3854,0.92647,0.05163,0.3854
7,6,1,2,0,0,2,2,0.000,0.0000,0.0741,0.01134,2.15264,1.0381,0.02346,2.14346,3.9619,0.91059,0.06742,1.0381,0.84597,0.19247,1.0381,0.79457,0.27745,1.0381,0.24914,1.84180,1.0381,0.91059,0.06742,1.0381,0.01037,2.15751,0.9619,0.91921,0.05776,0.9619,0.01037,2.15751,0.9619,0.91921,0.05776,0.9619
7,6,2,1,0,0,0,0,0.000,0.0000,0.5751,0.66311,0.33873,6.9692,0.55803,0.48592,12.9692,0.70144,0.29747,6.9692,0.66311,0.33873,6.9692,0.69965,0.20756,6.9692,0.70144,0.29747,6.9692,0.70144,0.29747,6.9692,0.29403,0.72507,4.9692,0.71320,0.28377,4.9692,0.29403,0.72507,4.9692,0.71320,0.28377,4.9692
7,6,4,2,-1,1,3,3,0.000,0.0000,0.0342,0.91060,0.15315,0.2614,0.38429,0.93116,32.2614,0.91060,0.15315,0.2614,0.91060,0.15315,0.2614,0.91060,0.15315,0.2614,0.91060,0.15315,0.2614,0.91060,0.15315,0.2614,0.82139,0.49172,0.7386,0.90695,0.19861,0.7386,0.82139,0.49172,0.7386,0.90695,0.19861,0.7386
7,7,0,2,0,0,1,1,0.000,0.0000,0.2967,0.32750,0.73912,1.6146,0.43335,0.72290,39.6146,0.60411,0.41600,1.6146,0.53218,0.50829,1.6146,0.62450,0.41599,1.6146,0.60411,0.41600,1.6146,0.60411,0.41600,1.6146,0.48992,0.46029,0.3854,0.92647,0.05163,0.3854,0.48992,0.46029,0.3854,0.92647,0.05163,0.3854
7,7,1,2,0,0,2,2,0.000,0.0000,0.0600,0.13086,1.89218,0.0381,0.11582,1.94345,3.9619,0.94873,0.04674,0.0381,0.90969,0.17922,0.0381,0.79457,0.28281,0.0381,0.24862,1.87047,0.0381,0.94873,0.04674,0.0381,0.01094,2.15626,0.9619,0.91921,0.05775,0.9619,0.01094,2.15626,0.9619,0.91921,0.05775,0.9619
7,7,2,2,0,0,0,0,0.000,0.0000,0.6865,0.54227,0.49992,9.9692,0.48723,0.57524,12.9692,0.57091,0.46794,9.9692,0.54227,0.49992,9.9692,0.61890,0.39746,9.9692,0.57091,0.46794,9.9692,0.57091,0.46794,9.9692,0.31143,0.70707,4.9692,0.70471,0.29466,4.9692,0.31143,0.70707,4.9692,0.70471,0.29466,4.9692
7,7,4,2,-1,1,3,3,0.000,0.0000,0.0471,0.92503,0.13059,0.2614,0.38622,0.91321,32.2614,0.92503,0.13059,0.2614,0.92503,0.13059,0.2614,0.92503,0.13059,0.2614,0.92503,0.13059,0.2614,0.92503,0.13059,0.2614,0.93965,0.13436,0.2614,0.93965,0.13436,0.2614,0.93965,0.13436,0.2614,0.93965,0.13436,0.2614
7,8,0,2,-1,0,1,1,0.000,0.0000,1.4616,0.07132,1.89366,8.3854,0.22415,1.85953,39.6146,0.07132,1.89366,8.3854,0.07132,1.89366,8.3854,0.07132,1.89366,8.3854,0.07132,1.89366,8.3854,0.12528,1.80902,8.3854,0.48992,0.46029,0.3854,0.92647,0.05163,0.3854,0.48992,0.46029,0.3854,0.92647,0.05163,0.3854
7,8,1,2,0,0,2,2,0.000,0.0000,0.3656,0.04199,2.25700,11.9619,0.06240,2.21854,3.9619,0.60051,0.47033,11.9619,0.56689,0.63445,11.9619,0.59227,0.37568,11.9619,0.18901,1.68163,11.9619,0.60051,0.47033,11.9619,0.08417,1.99647,0.9619,0.92695,0.05257,0.9619,0.08417,1.99647,0.9619,0.92695,0.05257,0.9619
7,8,2,2,0,0,0,0,0.000,0.0000,0.4899,0.73014,0.18172,8.9692,0.65744,0.24914,12.9692,0.73014,0.18172,8.9692,0.73014,0.18172,8.9692,0.67925,0.24152,8.9692,0.73014,0.18172,8.9692,0.73014,0.18172,8.9692,0.30915,0.70432,4.9692,0.71313,0.27684,4.9692,0.30915,0.70432,4.9692,0.71313,0.27684,4.9692
7,8,4,2,-1,1,3,3,0.000,0.0000,0.0801,0.93680,0.14636,0.2614,0.37814,0.94970,32.2614,0.93680,0.14636,0.2614,0.93680,0.14636,0.2614,0.93680,0.14636,0.2614,0.93680,0.14636,0.2614,0.93680,0.14636,0.2614,0.93912,0.13612,0.2614,0.93912,0.13612,0.2614,0.93912,0.13612,0.2614,0.93912,0.13612,0.2614
7,9,0,2,0,-1,-1,-1,0.000,-1.0000,-1.0000,0.21542,0.75799,2.3854,0.41852,0.78155,39.6146,0.81408,0.17908,2.3854,0.73137,0.24905,2.3854,0.78647,0.03493,2.3854,0.81408,0.17908,2.3854,0.21542,0.75799,2.3854,0.21542,0.75799,2.3854,0.21542,0.75799,2.3854,0.21542,0.75799,2.3854,0.21542,0.75799,2.3854
7,9,1,2,0,0,2,2,0.000,0.0000,0.2032,0.06532,2.03837,1.0381,0.04817,2.09071,3.9619,0.91410,0.05521,1.0381,0.85515,0.20023,1.0381,0.79457,0.26415,1.0381,0.24664,1.85427,1.0381,0.91410,0.05521,1.0381,0.08769,1.98897,0.0381,0.95209,0.04311,0.0381,0.08769,1.98897,0.0381,0.95209,0.04311,0.0381
7,9,2,2,-1,0,0,0,0.000,0.0000,0.5201,0.46350,0.57467,24.9692,0.57616,0.40504,12.9692,0.46350,0.57467,24.9692,0.46350,0.57467,24.9692,0.46350,0.57467,24.9692,0.46350,0.57467,24.9692,0.46350,0.57467,24.9692,0.67826,0.30392,4.9692,0.69397,0.28686,4.9692,0.67826,0.30392,4.9692,0.69397,0.28686,4.9692
7,9,4,2,-1,1,3,3,0.000,0.0000,0.0846,0.85358,0.18698,0.2614,0.38528,0.94102,32.2614,0.85358,0.18698,0.2614,0.85358,0.18698,0.2614,0.85358,0.18698,0.2614,0.85358,0.18698,0.2614,0.88793,0.16715,0.2614,0.94069,0.13093,0.2614,0.94069,0.13093,0.2614,0.94069,0.13093,0.2614,0.94069,0.13093,0.2614
7,10,0,2,-1,0,1,1,0.000,0.0000,0.5991,0.73763,0.14141,5.6146,0.41626,0.59838,39.6146,0.73763,0.14141,5.6146,0.73763,0.14141,5.6146,0.73763,0.14141,5.6146,0.73763,0.14141,5.6146,0.74278,0.06251,5.6146,0.51333,0.43946,0.6146,0.92993,0.04347,0.6146,0.51333,0.43946,0.6146,0.92993,0.04347,0.6146
7,10,1,2,0,0,2,2,0.000,0.0000,0.0987,0.05816,2.04980,1.0381,0.04090,2.10965,3.9619,0.91387,0.06191,1.0381,0.85762,0.19155,1.0381,0.79457,0.27360,1.0381,0.24835,1.84729,1.0381,0.91387,0.06191,1.0381,0.08769,1.98897,0.0381,0.95209,0.04311,0.0381,0.08769,1.98897,0.0381,0.95209,0.04311,0.0381
7,10,2,2,-1,0,0,0,0.000,0.0000,0.2810,0.63190,0.15777,10.9692,0.60323,0.15833,12.9692,0.63190,0.15777,10.9692,0.63190,0.15777,10.9692,0.63190,0.15777,10.9692,0.63190,0.15777,10.9692,0.63190,0.15777,10.9692,0.70005,0.28026,4.9692,0.70005,0.28026,4.9692,0.70005,0.28026,4.9692,0.70005,0.28026,4.9692
7,10,4,2,-1,1,3,3,0.000,0.0000,0.0199,0.23186,0.80412,0.2614,0.38977,0.94357,32.2614,0.23186,0.80412,0.2614,0.23186,0.80412,0.2614,0.23186,0.80412,0.2614,0.23186,0.80412,0.2614,0.92491,0.07807,0.2614,0.93828,0.13139,0.2614,0.93828,0.13139,0.2614,0.93828,0.13139,0.2614,0.93828,0.13139,0.2614
7,11,0,2,0,0,1,1,0.000,0.0000,0.5182,0.71112,0.44840,5.6146,0.36934,0.98780,39.6146,0.71112,0.44840,5.6146,0.71112,0.44840,5.6146,0.72592,0.40270,5.6146,0.71112,0.44840,5.6146,0.71112,0.44840,5.6146,0.51333,0.43946,0.6146,0.92993,0.04347,0.6146,0.51333,0.43946,0.6146,0.92993,0.04347,0.6146
7,11,1,2,0,0,2,2,0.000,0.0000,0.0417,0.31050,1.47587,0.0381,0.29921,1.52127,3.9619,0.94633,0.04646,0.0381,0.87936,0.18386,0.0381,0.79457,0.28159,0.0381,0.24848,1.86979,0.0381,0.94633,0.04646,0.0381,0.08756,1.99184,0.0381,0.95077,0.03763,0.0381,0.08756,1.99184,0.0381,0.95077,0.03763,0.0381
7,11,2,2,-1,0,0,0,0.000,0.0000,0.0945,0.57218,0.29169,9.0308,0.57211,0.30555,12.9692,0.57218,0.29169,9.0308,0.57218,0.29169,9.0308,0.57218,0.29169,9.0308,0.57218,0.29169,9.0308,0.57373,0.28524,9.0308,0.63911,0.32850,11.9692,0.63911,0.32850,11.9692,0.63911,0.32850,11.9692,0.63911,0.32850,11.9692
7,11,4,2,-1,1,3,3,0.000,0.0000,0.0206,0.14727,0.89510,0.2614,0.37688,0.98577,32.2614,0.14727,0.89510,0.2614,0.14727,0.89510,0.2614,0.14727,0.89510,0.2614,0.14727,0.89510,0.2614,0.90812,0.11997,0.2614,0.95297,0.08306,0.2614,0.95297,0.08306,0.2614,0.95297,0.08306,0.2614,0.95297,0.08306,0.2614
7,12,0,2,-1,-1,-1,-1,0.000,-1.0000,-1.0000,0.39822,0.44513,35.6146,0.39697,0.47260,39.6146,0.39822,0.44513,35.6146,0.39822,0.44513,35.6146,0.39822,0.44513,35.6146,0.39822,0.44513,35.6146,0.39822,0.44513,35.6146,0.39822,0.44513,35.6146,0.39822,0.44513,35.6146,0.39822,0.44513,35.6146,0.39822,0.44513,35.6146
7,12,1,2,0,0,2,2,0.000,0.0000,0.0772,0.43373,1.18754,0.0381,0.41767,1.24293,3.9619,0.87400,0.09298,0.0381,0.83827,0.20635,0.0381,0.79457,0.26670,0.0381,0.87400,0.09298,0.0381,0.87400,0.09298,0.0381,0.09054,1.98533,0.0381,0.95077,0.03764,0.0381,0.09054,1.98533,0.0381,0.95077,0.03764,0.0381
7,12,2,2,0,0,0,0,0.000,0.0000,0.1462,0.84076,0.20844,0.9692,0.62725,0.25292,12.9692,0.84076,0.20844,0.9692,0.84076,0.20844,0.9692,0.79076,0.14775,0.9692,0.84076,0.20844,0.9692,0.84076,0.20844,0.9692,0.66836,0.33575,4.9692,0.66836,0.33575,4.9692,0.66836,0.33575,4.9692,0.66836,0.33575,4.9692
7,12,4,2,-1,1,3,3,0.000,0.0000,0.0302,0.06312,0.98297,0.2614,0.37108,1.00772,32.2614,0.06312,0.98297,0.2614,0.06312,0.98297,0.2614,0.06312,0.98297,0.2614,0.06312,0.98297,0.2614,0.92191,0.08339,0.2614,0.95670,0.06767,0.2614,0.95670,0.06767,0.2614,0.95670,0.06767,0.2614,0.95670,0.06767,0.2614
7,13,0,2,0,0,1,1,0.000,0.0000,0.2363,0.29767,1.54004,0.3854,0.27241,1.67605,39.6146,0.94804,0.02265,0.3854,0.89576,0.20446,0.3854,0.78777,0.25904,0.3854,0.24305,1.88829,0.3854,0.94804,0.02265,0.3854,0.55062,0.40491,0.6146,0.92993,0.04347,0.6146,0.55062,0.40491,0.6146,0.92993,0.04347,0.6146
7,13,1,2,0,0,2,2,0.000,0.0000,0.0382,0.52846,0.96174,4.9619,0.53476,0.96152,3.9619,0.83936,0.04712,4.9619,0.79775,0.23979,4.9619,0.76380,0.21952,4.9619,0.83936,0.04712,4.9619,0.83936,0.04712,4.9619,0.30590,1.51333,0.0381,0.95077,0.03764,0.0381,0.30590,1.51333,0.0381,0.95077,0.03764,0.0381
7,13,2,2,0,0,0,0,0.000,0.0000,0.0560,0.73059,0.26190,0.9692,0.56553,0.41867,12.9692,0.73059,0.26190,0.9692,0.73059,0.26190,0.9692,0.68932,0.32825,0.9692,0.73059,0.26190,0.9692,0.73059,0.26190,0.9692,0.68216,0.32920,3.9692,0.68216,0.32920,3.9692,0.68216,0.32920,3.9692,0.68216,0.32920,3.9692
7,13,4,2,-1,1,3,3,0.000,0.0000,0.0750,0.02327,1.02701,0.2614,0.37061,1.01459,32.2614,0.02327,1.02701,0.2614,0.02327,1.02701,0.2614,0.02327,1.02701,0.2614,0.02327,1.02701,0.2614,0.92959,0.07259,0.2614,0.96035,0.05630,0.2614,0.96035,0.05630,0.2614,0.96035,0.05630,0.2614,0.96035,0.05630,0.2614
7,14,0,1,-1,0,1,1,0.000,0.0000,1.7185,0.16327,2.37091,31.3854,0.21621,2.55779,39.6146,0.16327,2.37091,31.3854,0.16327,2.37091,31.3854,0.16327,2.37091,31.3854,0.16327,2.37091,31.3854,0.16327,2.37090,31.3854,0.95556,0.04384,0.3854,0.93205,0.04838,0.3854,0.95556,0.04384,0.3854,0.93205,0.04838,0.3854
7,14,1,2,0,0,2,2,0.000,0.0000,0.1252,0.62431,0.64307,0.9619,0.61335,0.67217,3.9619,0.81211,0.16436,0.9619,0.78241,0.24385,0.9619,0.73915,0.30955,0.9619,0.81211,0.16436,0.9619,0.81211,0.16436,0.9619,0.30590,1.51333,0.0381,0.95077,0.03764,0.0381,0.30590,1.51333,0.0381,0.95077,0.03764,0.0381
7,14,2,2,0,0,0,0,0.000,0.0000,0.1554,0.93101,0.08872,0.0308,0.63633,0.35744,12.9692,0.95681,0.01814,0.0308,0.93101,0.08872,0.0308,0.79076,0.22429,0.0308,0.95681,0.01814,0.0308,0.95681,0.01814,0.0308,0.68216,0.32920,3.9692,0.68216,0.32920,3.9692,0.68216,0.32920,3.9692,0.68216,0.32920,3.9692
7,14,4,2,-1,1,3,3,0.000,0.0000,0.1601,0.01688,1.03451,0.2614,0.35587,1.04172,32.2614,0.01688,1.03451,0.2614,0.01688,1.03451,0.2614,0.01688,1.03451,0.2614,0.01688,1.03451,0.2614,0.90059,0.12397,0.2614,0.96999,0.03021,0.2614,0.96999,0.03021,0.2614,0.96999,0.03021,0.2614,0.96999,0.03021,0.2614
7,15,0,1,-1,0,1,1,0.000,0.0000,2.5413,0.21278,2.42838,0.6146,0.21169,2.42522,39.6146,0.21278,2.42838,0.6146,0.21278,2.42838,0.6146,0.21278,2.42838,0.6146,0.21278,2.42838,0.6146,0.21278,2.42838,0.6146,0.94654,0.05218,0.6146,0.93013,0.02285,0.6146,0.94654,0.05218,0.6146,0.93013,0.02285,0.6146
7,15,1,2,0,0,2,2,0.000,0.0000,0.1347,0.72387,0.37001,1.9619,0.69478,0.39331,3.9619,0.81050,0.08384,1.9619,0.77674,0.22100,1.9619,0.73682,0.25781,1.9619,0.81050,0.08384,1.9619,0.81050,0.08384,1.9619,0.47856,1.10846,2.0381,0.88026,0.08125,2.0381,0.47856,1.10846,2.0381,0.88026,0.08125,2.0381
7,15,2,2,0,0,0,0,0.000,0.0000,0.1925,0.80298,0.11662,5.0308,0.60417,0.24062,12.9692,0.81525,0.06585,5.0308,0.80298,0.11662,5.0308,0.74929,0.16535,5.0308,0.81525,0.06585,5.0308,0.81525,0.06585,5.0308,0.68216,0.32920,3.9692,0.68216,0.32920,3.9692,0.68216,0.32920,3.9692,0.68216,0.32920,3.9692
7,15,4,2,-1,1,3,3,0.000,0.0000,0.2935,0.01260,1.20798,0.2614,0.35370,1.03755,32.2614,0.01260,1.20798,0.2614,0.01260,1.20798,0.2614,0.01260,1.20798,0.2614,0.01260,1.20798,0.2614,0.63307,0.42102,0.2614,0.96983,0.03035,0.2614,0.96983,0.03035,0.2614,0.96983,0.03035,0.2614,0.96983,0.03035,0.2614
7,16,0,1,0,0,1,1,0.000,0.0000,1.6808,0.09883,1.97740,0.6146,0.13864,2.04840,39.6146,0.93911,0.02791,0.6146,0.89027,0.20503,0.6146,0.78777,0.24652,0.6146,0.24303,1.32932,0.6146,0.93911,0.02791,0.6146,0.94654,0.05218,0.6146,0.93013,0.02285,0.6146,0.94654,0.05218,0.6146,0.93013,0.02285,0.6146
7,16,1,2,0,0,2,2,0.000,0.0000,0.1500,0.82847,0.20643,2.0381,0.77350,0.23584,3.9619,0.84382,0.19894,2.0381,0.82847,0.20643,2.0381,0.79457,0.01588,2.0381,0.84382,0.19894,2.0381,0.84382,0.19894,2.0381,0.47856,1.10846,2.0381,0.88026,0.08125,2.0381,0.47856,1.10846,2.0381,0.88026,0.08125,2.0381
7,16,2,2,0,0,0,0,0.000,0.0000,0.1736,0.82960,0.15758,1.0308,0.66651,0.20798,12.9692,0.84196,0.13745,1.0308,0.82960,0.15758,1.0308,0.76580,0.24953,1.0308,0.84196,0.13745,1.0308,0.84196,0.13745,1.0308,0.68216,0.32920,3.9692,0.68216,0.32920,3.9692,0.68216,0.32920,3.9692,0.68216,0.32920,3.9692
7,16,4,2,-1,1,3,3,0.000,0.0000,0.4184,0.01164,1.04880,0.2614,0.33210,1.05010,32.2614,0.01164,1.04880,0.2614,0.01164,1.04880,0.2614,0.01164,1.04880,0.2614,0.01164,1.04880,0.2614,0.82598,0.41058,0.2614,0.96983,0.03035,0.2614,0.96983,0.03035,0.2614,0.96983,0.03035,0.2614,0.96983,0.03035,0.2614
7,17,0,2,0,0,1,1,0.000,0.0000,1.0139,0.90698,0.15803,0.6146,0.45341,0.56311,39.6146,0.93601,0.04135,0.6146,0.90698,0.15803,0.6146,0.78777,0.27161,0.6146,0.93601,0.04135,0.6146,0.93601,0.04135,0.6146,0.94654,0.05218,0.6146,0.93013,0.02285,0.6146,0.94654,0.05218,0.6146,0.93013,0.02285,0.6146
7,17,1,2,0,0,2,2,0.000,0.0000,0.0880,0.88046,0.22796,0.0381,0.77878,0.28317,3.9619,0.94267,0.03939,0.0381,0.89793,0.18901,0.0381,0.79457,0.27243,0.0381,0.94267,0.03939,0.0381,0.94267,0.03939,0.0381,0.66725,0.65284,2.0381,0.88026,0.08125,2.0381,0.66725,0.65284,2.0381,0.88026,0.08125,2.0381
7,17,2,2,0,0,0,0,0.000,0.0000,0.1706,0.82060,0.26238,0.9692,0.50244,0.56590,12.9692,0.91624,0.11873,0.9692,0.82061,0.26237,0.9692,0.79076,0.12753,0.9692,0.91624,0.11873,0.9692,0.91624,0.11873,0.9692,0.68249,0.32888,3.9692,0.68249,0.32888,3.9692,0.68249,0.32888,3.9692,0.68249,0.32888,3.9692
7,17,4,2,0,1,3,3,0.000,0.0000,0.6723,0.01094,1.16615,0.2614,0.31972,1.09609,32.2614,0.60779,0.47753,0.2614,0.53958,0.54278,0.2614,0.67600,0.42150,0.2614,0.60779,0.47753,0.2614,0.65658,0.70083,0.2614,0.96983,0.03035,0.2614,0.96983,0.03035,0.2614,0.96983,0.03035,0.2614,0.96983,0.03035,0.2614
7,18,0,2,0,0,1,1,0.000,0.0000,0.5481,0.83671,0.14891,0.6146,0.45175,0.48745,39.6146,0.82311,0.14720,0.6146,0.83671,0.14891,0.6146,0.74834,0.31135,0.6146,0.82311,0.14720,0.6146,0.82311,0.14720,0.6146,0.94654,0.05218,0.6146,0.93013,0.02285,0.6146,0.94654,0.05218,0.6146,0.93013,0.02285,0.6146
7,18,1,2,0,0,2,2,0.000,0.0000,0.1760,0.74522,0.28996,0.0381,0.68907,0.23451,3.9619,0.74522,0.28996,0.0381,0.74522,0.28996,0.0381,0.73834,0.30946,0.0381,0.74522,0.28996,0.0381,0.74522,0.28996,0.0381,0.66690,0.65292,2.0381,0.87964,0.08189,2.0381,0.66690,0.65292,2.0381,0.87964,0.08189,2.0381
7,18,2,2,-1,-1,-1,-1,0.000,-1.0000,-1.0000,0.00093,2.33315,1.9692,0.00155,2.33174,12.9692,0.00093,2.33315,1.9692,0.00093,2.33315,1.9692,0.00093,2.33315,1.9692,0.00093,2.33315,1.9692,0.00093,2.33315,1.9692,0.00093,2.33315,1.9692,0.00093,2.33315,1.9692,0.00093,2.33315,1.9692,0.00093,2.33315,1.9692
7,19,0,2,0,0,1,1,0.000,0.0000,0.2099,0.85423,0.12818,0.6146,0.44020,0.52034,39.6146,0.82994,0.14873,0.6146,0.85423,0.12818,0.6146,0.75455,0.32734,0.6146,0.82994,0.14873,0.6146,0.82994,0.14873,0.6146,0.95192,0.04478,0.3854,0.93187,0.02612,0.3854,0.95192,0.04478,0.3854,0.93187,0.02612,0.3854
7,19,1,2,0,0,2,2,0.000,0.0000,0.1724,0.84974,0.13060,0.0381,0.84146,0.05601,3.9619,0.83577,0.13638,0.0381,0.84974,0.13060,0.0381,0.76035,0.29484,0.0381,0.83577,0.13638,0.0381,0.83577,0.13638,0.0381,0.79091,0.34149,2.0381,0.87964,0.08189,2.0381,0.79091,0.34149,2.0381,0.87964,0.08189,2.0381
7,19,2,2,0,-1,-1,-1,0.000,-1.0000,-1.0000,0.01070,2.31095,2.0308,0.04015,2.20016,12.9692,0.60683,0.42543,2.0308,0.60260,0.51792,2.0308,0.54916,0.45956,2.0308,0.16545,2.32234,2.0308,0.01070,2.31095,2.0308,0.01070,2.31095,2.0308,0.01070,2.31095,2.0308,0.01070,2.31095,2.0308,0.01070,2.31095,2.0308
7,20,0,1,0,0,1,1,0.000,0.0000,0.1406,0.85829,0.10591,3.6146,0.42795,0.72005,39.6146,0.83623,0.10591,3.6146,0.85829,0.10591,3.6146,0.76200,0.09755,3.6146,0.83623,0.10591,3.6146,0.83623,0.10591,3.6146,0.90485,0.06324,0.6146,0.88887,0.06324,0.6146,0.90485,0.06324,0.6146,0.88887,0.06324,0.6146
7,20,1,2,0,0,2,2,0.000,0.0000,0.1072,0.78199,0.24874,3.9619,0.78199,0.24874,3.9619,0.78199,0.24874,3.9619,0.78199,0.24874,3.9619,0.75726,0.10475,3.9619,0.78199,0.24874,3.9619,0.78199,0.24874,3.9619,0.89736,0.09263,2.0381,0.87964,0.08189,2.0381,0.89736,0.09263,2.0381,0.87964,0.08189,2.0381
7,20,2,2,0,0,0,0,0.000,0.0000,0.2204,0.07345,2.06994,1.0308,0.10944,2.04727,12.9692,0.92481,0.05553,1.0308,0.86974,0.24150,1.0308,0.76648,0.25327,1.0308,0.23774,1.95831,1.0308,0.92481,0.05553,1.0308,0.68249,0.32888,3.9692,0.68249,0.32888,3.9692,0.68249,0.32888,3.9692,0.68249,0.32888,3.9692
7,20,4,2,0,-1,-1,-1,0.000,-1.0000,-1.0000,0.04090,3.07217,0.7386,0.09181,3.08172,32.2614,0.67793,0.98036,0.7386,0.60932,1.20536,0.7386,0.74655,0.75536,0.7386,0.20524,2.63967,0.7386,0.04090,3.07217,0.7386,0.04090,3.07217,0.7386,0.04090,3.07217,0.7386,0.04090,3.07217,0.7386,0.04090,3.07217,0.7386
7,21,0,1,0,0,1,1,0.000,0.0000,0.2397,0.48913,0.50007,2.6146,0.44488,0.66450,39.6146,0.79838,0.20654,2.6146,0.71590,0.27827,2.6146,0.78068,0.15518,2.6146,0.79838,0.20654,2.6146,0.79838,0.20654,2.6146,0.90363,0.03924,0.6146,0.88887,0.03924,0.6146,0.90363,0.03924,0.6146,0.88887,0.03924,0.6146
7,21,1,2,-1,0,2,2,0.000,0.0000,0.1441,0.47643,0.50337,25.9619,0.69848,0.34822,3.9619,0.47643,0.50337,25.9619,0.47643,0.50337,25.9619,0.47643,0.50337,25.9619,0.47643,0.50337,25.9619,0.49863,0.16212,25.9619,0.86186,0.16332,2.0381,0.86186,0.16332,2.0381,0.86186,0.16332,2.0381,0.86186,0.16332,2.0381
7,21,2,2,0,0,0,0,0.000,0.0000,0.2587,0.07373,2.08054,3.0308,0.11558,2.03611,12.9692,0.86032,0.12006,3.0308,0.81052,0.27537,3.0308,0.71955,0.27860,3.0308,0.23150,2.01634,3.0308,0.86032,0.12006,3.0308,0.68249,0.32888,3.9692,0.68249,0.32888,3.9692,0.68249,0.32888,3.9692,0.68249,0.32888,3.9692
7,21,4,2,-1,1,3,3,0.000,0.0000,0.4826,0.13213,2.77021,0.2614,0.13955,2.89019,32.2614,0.13213,2.77021,0.2614,0.13213,2.77021,0.2614,0.13213,2.77021,0.2614,0.13213,2.77021,0.2614,0.87935,0.23820,0.2614,0.96983,0.03035,0.2614,0.96983,0.03035,0.2614,0.96983,0.03035,0.2614,0.96983,0.03035,0.2614
7,22,0,1,0,0,1,1,0.000,0.0000,0.4184,0.03894,0.97587,0.3854,0.35944,0.95070,39.6146,0.74152,0.24723,0.3854,0.65912,0.33199,0.3854,0.75561,0.16801,0.3854,0.74152,0.24723,0.3854,0.74152,0.24723,0.3854,0.89818,0.04471,0.6146,0.88351,0.04471,0.6146,0.89818,0.04471,0.6146,0.88351,0.04471,0.6146
7,22,1,2,-1,0,2,2,0.000,0.0000,0.2745,0.61623,0.33295,1.9619,0.59174,0.36739,3.9619,0.61623,0.33295,1.9619,0.61623,0.33295,1.9619,0.61623,0.33295,1.9619,0.61623,0.33295,1.9619,0.61623,0.33295,1.9619,0.80854,0.22221,2.9619,0.80854,0.22221,2.9619,0.80854,0.22221,2.9619,0.80854,0.22221,2.9619
7,22,2,2,-1,-1,-1,-1,0.000,-1.0000,-1.0000,0.01089,2.21890,0.9692,0.02485,2.21766,12.9692,0.01089,2.21890,0.9692,0.01089,2.21890,0.9692,0.01089,2.21890,0.9692,0.01089,2.21890,0.9692,0.01089,2.21890,0.9692,0.01089,2.21890,0.9692,0.01089,2.21890,0.9692,0.01089,2.21890,0.9692,0.01089,2.21890,0.9692
7,22,4,2,0,1,3,3,0.000,0.0000,1.7805,0.24792,2.38296,5.7386,0.19657,2.56908,32.2614,0.19780,2.60442,5.7386,0.20741,2.52183,5.7386,0.20020,2.64194,5.7386,0.19780,2.60442,5.7386,0.18183,2.92432,5.7386,0.96983,0.03035,0.2614,0.96983,0.03035,0.2614,0.96983,0.03035,0.2614,0.96983,0.03035,0.2614
7,23,0,1,0,0,1,1,0.000,0.0000,0.6762,0.14621,1.25636,10.3854,0.24958,1.52714,39.6146,0.22376,1.13912,10.3854,0.16677,1.22554,10.3854,0.27775,1.05330,10.3854,0.22376,1.13912,10.3854,0.22376,1.13912,10.3854,0.85240,0.09549,0.6146,0.83848,0.09549,0.6146,0.85240,0.09549,0.6146,0.83848,0.09549,0.6146
7,23,1,2,-1,0,2,2,0.000,0.0000,0.8075,0.31005,1.67307,11.9619,0.35501,1.68889,3.9619,0.31005,1.67307,11.9619,0.31005,1.67307,11.9619,0.31005,1.67307,11.9619,0.31005,1.67307,11.9619,0.31005,1.67306,11.9619,0.76382,0.20359,4.9619,0.76382,0.20359,4.9619,0.76382,0.20359,4.9619,0.76382,0.20359,4.9619
7,23,4,2,-1,1,3,3,0.000,0.0000,1.3898,0.47766,1.44997,0.2614,0.23585,2.00801,32.2614,0.47766,1.44997,0.2614,0.47766,1.44997,0.2614,0.47766,1.44997,0.2614,0.47766,1.44997,0.2614,0.74241,0.34960,0.2614,0.96573,0.04001,0.2614,0.96573,0.04001,0.2614,0.96573,0.04001,0.2614,0.96573,0.04001,0.2614
7,24,0,1,0,0,1,1,0.000,0.0000,0.6319,0.52694,0.48597,2.3854,0.45918,0.55175,39.6146,0.69008,0.31021,2.3854,0.61075,0.39530,2.3854,0.71113,0.22892,2.3854,0.69008,0.31021,2.3854,0.69008,0.31021,2.3854,0.85240,0.09549,0.6146,0.83848,0.09549,0.6146,0.85240,0.09549,0.6146,0.83848,0.09549,0.6146
7,24,1,2,-1,0,2,2,0.000,0.0000,1.8768,0.20667,2.77535,1.9619,0.20595,2.73523,3.9619,0.20667,2.77535,1.9619,0.20667,2.77535,1.9619,0.20667,2.77535,1.9619,0.20667,2.77535,1.9619,0.20667,2.77535,1.9619,0.70160,0.21009,3.9619,0.70160,0.21009,3.9619,0.70160,0.21009,3.9619,0.70160,0.21009,3.9619
7,24,4,2,-1,1,3,3,0.000,0.0000,0.9298,0.82275,0.17453,1.7386,0.38033,0.81931,32.2614,0.82275,0.17453,1.7386,0.82275,0.17453,1.7386,0.82275,0.17453,1.7386,0.82275,0.17453,1.7386,0.82275,0.17453,1.7386,0.96001,0.03165,0.2614,0.96001,0.03165,0.2614,0.96001,0.03165,0.2614,0.96001,0.03165,0.2614
7,25,0,1,0,0,1,1,0.000,0.0000,0.5326,0.58435,0.43888,10.3854,0.45070,0.52059,39.6146,0.61214,0.40667,10.3854,0.58435,0.43888,10.3854,0.62311,0.31705,10.3854,0.61214,0.40667,10.3854,0.61214,0.40667,10.3854,0.83939,0.11118,0.6146,0.82568,0.11118,0.6146,0.83939,0.11118,0.6146,0.82568,0.11118,0.6146
7,25,1,2,-1,0,2,2,0.000,0.0000,3.1414,0.19022,3.51333,0.0381,0.18630,3.52445,3.9619,0.19022,3.51333,0.0381,0.19022,3.51333,0.0381,0.19022,3.51333,0.0381,0.19022,3.51333,0.0381,0.19022,3.51333,0.0381,0.75517,0.11991,4.0381,0.75517,0.11991,4.0381,0.75517,0.11991,4.0381,0.75517,0.11991,4.0381
7,25,4,2,-1,1,3,3,0.000,0.0000,0.8285,0.40096,0.62061,34.7386,0.38352,0.89424,32.2614,0.40096,0.62061,34.7386,0.40096,0.62061,34.7386,0.40096,0.62061,34.7386,0.40096,0.62061,34.7386,0.35156,0.73250,34.7386,0.96001,0.03165,0.2614,0.96001,0.03165,0.2614,0.96001,0.03165,0.2614,0.96001,0.03165,0.2614
7,26,0,2,0,0,1,1,0.000,0.0000,0.4680,0.87094,0.11708,0.3854,0.42723,0.56254,39.6146,0.83926,0.14229,0.3854,0.87094,0.11708,0.3854,0.76297,0.32787,0.3854,0.83926,0.14229,0.3854,0.83926,0.14229,0.3854,0.82188,0.13314,0.6146,0.80846,0.14202,0.6146,0.82188,0.13314,0.6146,0.80846,0.14202,0.6146
7,26,1,1,0,0,2,2,0.000,0.0000,1.8898,0.86923,0.05602,3.0381,0.79018,0.10777,3.9619,0.84851,0.05602,3.0381,0.86923,0.05602,3.0381,0.77160,0.05602,3.0381,0.84851,0.05602,3.0381,0.84851,0.05602,3.0381,0.75517,0.11991,4.0381,0.75517,0.11991,4.0381,0.75517,0.11991,4.0381,0.75517,0.11991,4.0381
7,26,2,2,-1,-1,-1,-1,0.000,-1.0000,-1.0000,0.09905,2.01867,5.0308,0.14545,1.97460,12.9692,0.09905,2.01867,5.0308,0.09905,2.01867,5.0308,0.09905,2.01867,5.0308,0.09905,2.01867,5.0308,0.09905,2.01867,5.0308,0.09905,2.01867,5.0308,0.09905,2.01867,5.0308,0.09905,2.01867,5.0308,0.09905,2.01867,5.0308
7,26,4,2,-1,1,3,3,0.000,0.0000,0.7347,0.69622,0.68153,1.2614,0.34344,1.32044,32.2614,0.69622,0.68153,1.2614,0.69622,0.68153,1.2614,0.69622,0.68153,1.2614,0.69622,0.68153,1.2614,0.79086,0.30327,1.2614,0.96001,0.03165,0.2614,0.96001,0.03165,0.2614,0.96001,0.03165,0.2614,0.96001,0.03165,0.2614
7,27,0,2,-1,0,1,1,0.000,0.0000,1.1426,0.35886,1.29235,6.3854,0.26691,1.03800,39.6146,0.35886,1.29235,6.3854,0.35886,1.29235,6.3854,0.35886,1.29235,6.3854,0.35886,1.29235,6.3854,0.35886,1.29235,6.3854,0.80285,0.14846,0.6146,0.80285,0.14846,0.6146,0.80285,0.14846,0.6146,0.80285,0.14846,0.6146
7,27,1,1,0,0,2,2,0.000,0.0000,0.9310,0.94604,0.02668,0.0381,0.83941,0.04036,3.9619,0.91623,0.02668,0.0381,0.94604,0.02668,0.0381,0.79457,0.01898,0.0381,0.91623,0.02668,0.0381,0.91623,0.02668,0.0381,0.75517,0.11991,4.0381,0.75517,0.11991,4.0381,0.75517,0.11991,4.0381,0.75517,0.11991,4.0381
7,27,2,2,-1,-1,-1,-1,0.000,-1.0000,-1.0000,0.00684,2.21205,0.0308,0.04101,2.21467,12.9692,0.00684,2.21205,0.0308,0.00684,2.21205,0.0308,0.00684,2.21205,0.0308,0.00684,2.21205,0.0308,0.00684,2.21205,0.0308,0.00684,2.21205,0.0308,0.00684,2.21205,0.0308,0.00684,2.21205,0.0308,0.00684,2.21205,0.0308
7,27,4,2,0,1,3,3,0.000,0.0000,0.7115,0.32024,2.23418,0.2614,0.19980,2.47223,32.2614,0.62182,1.20262,0.2614,0.55638,1.42754,0.2614,0.68705,0.97772,0.2614,0.62182,1.20262,0.2614,0.83838,0.45339,0.2614,0.96001,0.03165,0.2614,0.96001,0.03165,0.2614,0.96001,0.03165,0.2614,0.96001,0.03165,0.2614
7,28,0,2,0,0,1,1,0.000,0.0000,0.8856,0.85587,0.07738,0.6146,0.42477,0.57063,39.6146,0.82941,0.10473,0.6146,0.85587,0.07738,0.6146,0.75401,0.30820,0.6146,0.82941,0.10473,0.6146,0.82941,0.10473,0.6146,0.80285,0.14846,0.6146,0.80285,0.14846,0.6146,0.80285,0.14846,0.6146,0.80285,0.14846,0.6146
7,28,1,1,0,0,2,2,0.000,0.0000,0.2294,0.93611,0.01558,1.0381,0.84074,0.03459,3.9619,0.90505,0.01558,1.0381,0.93611,0.01558,1.0381,0.79457,0.02506,1.0381,0.90505,0.01558,1.0381,0.90505,0.01558,1.0381,0.75517,0.11991,4.0381,0.75517,0.11991,4.0381,0.75517,0.11991,4.0381,0.75517,0.11991,4.0381
7,28,2,2,-1,-1,-1,-1,0.000,-1.0000,-1.0000,0.06263,2.08690,0.9692,0.09319,2.07605,12.9692,0.06263,2.08690,0.9692,0.06263,2.08690,0.9692,0.06263,2.08690,0.9692,0.06263,2.08690,0.9692,0.06263,2.08690,0.9692,0.06263,2.08690,0.9692,0.06263,2.08690,0.9692,0.06263,2.08690,0.9692,0.06263,2.08690,0.9692
7,28,4,2,-1,1,3,3,0.000,0.0000,1.8237,0.30129,2.15701,0.2614,0.13888,2.64828,32.2614,0.30129,2.15701,0.2614,0.30129,2.15701,0.2614,0.30129,2.15701,0.2614,0.30129,2.15701,0.2614,0.20277,2.89457,0.2614,0.96001,0.03165,0.2614,0.96001,0.03165,0.2614,0.96001,0.03165,0.2614,0.96001,0.03165,0.2614
7,29,0,2,-1,0,1,1,0.000,0.0000,0.6698,0.71708,0.18407,2.3854,0.39490,0.58250,39.6146,0.71708,0.18407,2.3854,0.71708,0.18407,2.3854,0.71708,0.18407,2.3854,0.71708,0.18407,2.3854,0.71708,0.18407,2.3854,0.81088,0.14433,0.3854,0.81088,0.14433,0.3854,0.81088,0.14433,0.3854,0.81088,0.14433,0.3854
7,29,1,1,0,0,2,2,0.000,0.0000,0.2975,0.95185,0.02334,1.0381,0.83053,0.02336,3.9619,0.91871,0.02334,1.0381,0.95185,0.02334,1.0381,0.79457,0.03383,1.0381,0.91871,0.02334,1.0381,0.91871,0.02334,1.0381,0.75517,0.11991,4.0381,0.75517,0.11991,4.0381,0.75517,0.11991,4.0381,0.75517,0.11991,4.0381
7,29,2,2,-1,-1,-1,-1,0.000,-1.0000,-1.0000,0.00704,2.21268,0.0308,0.03538,2.22123,12.9692,0.00704,2.21268,0.0308,0.00704,2.21268,0.0308,0.00704,2.21268,0.0308,0.00704,2.21268,0.0308,0.00704,2.21268,0.0308,0.00704,2.21268,0.0308,0.00704,2.21268,0.0308,0.00704,2.21268,0.0308,0.00704,2.21268,0.0308
7,29,4,1,0,1,3,3,0.000,0.0000,1.2517,0.00979,3.23092,0.2614,0.06851,3.21676,32.2614,0.64914,1.09291,0.2614,0.58185,1.31791,0.2614,0.71642,0.86791,0.2614,0.18959,2.44290,0.2614,0.87341,0.34296,0.2614,0.96001,0.03165,0.2614,0.96001,0.03165,0.2614,0.96001,0.03165,0.2614,0.96001,0.03165,0.2614
7,30,0,2,-1,0,1,1,0.000,0.0000,0.4659,0.80037,0.20723,0.3854,0.42657,0.56528,39.6146,0.80037,0.20723,0.3854,0.80037,0.20723,0.3854,0.80037,0.20723,0.3854,0.80037,0.20723,0.3854,0.77482,0.21958,0.3854,0.81088,0.14433,0.3854,0.81088,0.14433,0.3854,0.81088,0.14433,0.3854,0.81088,0.14433,0.3854
7,30,1,2,0,0,2,2,0.000,0.0000,0.6393,0.96051,0.01173,0.0381,0.83974,0.03918,3.9619,0.92196,0.08828,0.0381,0.96051,0.01173,0.0381,0.79457,0.31510,0.0381,0.92196,0.08828,0.0381,0.92196,0.08828,0.0381,0.75517,0.11991,4.0381,0.75517,0.11991,4.0381,0.75517,0.11991,4.0381,0.75517,0.11991,4.0381
7,30,2,1,-1,-1,-1,-1,0.000,-1.0000,-1.0000,0.00641,2.21313,0.0308,0.03590,2.21657,12.9692,0.00641,2.21313,0.0308,0.00641,2.21313,0.0308,0.00641,2.21313,0.0308,0.00641,2.21313,0.0308,0.00641,2.21313,0.0308,0.00641,2.21313,0.0308,0.00641,2.21313,0.0308,0.00641,2.21313,0.0308,0.00641,2.21313,0.0308
7,30,4,1,0,1,3,3,0.000,0.0000,0.9215,0.00969,3.35426,0.7386,0.07430,3.18545,32.2614,0.59462,1.34019,0.7386,0.53079,1.56513,0.7386,0.65795,1.11529,0.7386,0.15660,2.68996,0.7386,0.80362,0.59079,0.7386,0.95297,0.04613,0.2614,0.95297,0.04613,0.2614,0.95297,0.04613,0.2614,0.95297,0.04613,0.2614
7,31,0,2,0,0,1,1,0.000,0.0000,0.3681,0.90330,0.08419,0.3854,0.42679,0.58585,39.6146,0.88222,0.09984,0.3854,0.90330,0.08419,0.3854,0.78777,0.29677,0.3854,0.88222,0.09984,0.3854,0.88222,0.09984,0.3854,0.81088,0.14433,0.3854,0.81088,0.14433,0.3854,0.81088,0.14433,0.3854,0.81088,0.14433,0.3854
7,31,1,2,0,0,2,2,0.000,0.0000,0.8961,0.80707,0.21857,2.9619,0.78105,0.22570,3.9619,0.80707,0.21857,2.9619,0.80707,0.21857,2.9619,0.78556,0.26974,2.9619,0.80707,0.21857,2.9619,0.80707,0.21857,2.9619,0.73935,0.12358,3.0381,0.73935,0.12358,3.0381,0.73935,0.12358,3.0381,0.73935,0.12358,3.0381
7,31,2,1,-1,-1,-1,-1,0.000,-1.0000,-1.0000,0.00461,2.21180,0.0308,0.03256,2.21708,12.9692,0.00461,2.21180,0.0308,0.00461,2.21180,0.0308,0.00461,2.21180,0.0308,0.00461,2.21180,0.0308,0.00461,2.21180,0.0308,0.00461,2.21180,0.0308,0.00461,2.21180,0.0308,0.00461,2.21180,0.0308,0.00461,2.21180,0.0308
7,31,4,2,0,1,3,3,0.000,0.0000,0.5108,0.00971,3.22007,0.7386,0.07223,3.17580,32.2614,0.65271,1.07018,0.7386,0.58714,1.29502,0.7386,0.71775,0.84543,0.7386,0.19269,2.69441,0.7386,0.86726,0.32235,0.7386,0.95297,0.04613,0.2614,0.95297,0.04613,0.2614,0.95297,0.04613,0.2614,0.95297,0.04613,0.2614
7,32,0,2,0,0,1,1,0.000,0.0000,0.3124,0.94333,0.04948,0.3854,0.43378,0.53070,39.6146,0.91003,0.08718,0.3854,0.94333,0.04948,0.3854,0.78777,0.29764,0.3854,0.91003,0.08718,0.3854,0.91003,0.08718,0.3854,0.81088,0.14433,0.3854,0.81088,0.14433,0.3854,0.81088,0.14433,0.3854,0.81088,0.14433,0.3854
7,32,1,2,0,0,2,2,0.000,0.0000,0.9929,0.90777,0.08114,1.9619,0.83514,0.14921,3.9619,0.88642,0.07967,1.9619,0.90777,0.08114,1.9619,0.79457,0.26433,1.9619,0.88642,0.07967,1.9619,0.88642,0.07967,1.9619,0.67013,0.15407,1.9619,0.67013,0.15407,1.9619,0.67013,0.15407,1.9619,0.67013,0.15407,1.9619
7,32,2,1,-1,-1,-1,-1,0.000,-1.0000,-1.0000,0.00893,2.20839,0.9692,0.04309,2.21050,12.9692,0.00893,2.20839,0.9692,0.00893,2.20839,0.9692,0.00893,2.20839,0.9692,0.00893,2.20839,0.9692,0.00893,2.20839,0.9692,0.00893,2.20839,0.9692,0.00893,2.20839,0.9692,0.00893,2.20839,0.9692,0.00893,2.20839,0.9692
7,32,4,2,1,1,3,3,0.000,0.0000,0.4594,0.40346,1.54829,12.7386,0.32870,1.91849,32.2614,0.47013,0.80449,12.7386,0.45999,0.98437,12.7386,0.53744,0.61259,12.7386,0.47013,0.80449,12.7386,0.47013,0.80449,12.7386,0.95312,0.04573,0.2614,0.95312,0.04573,0.2614,0.95312,0.04573,0.2614,0.95312,0.04573,0.2614
7,33,0,2,0,0,1,1,0.000,0.0000,0.2778,0.94643,0.04705,0.3854,0.43493,0.58490,39.6146,0.92018,0.07778,0.3854,0.94643,0.04705,0.3854,0.78777,0.29450,0.3854,0.92018,0.07778,0.3854,0.92018,0.07778,0.3854,0.81088,0.14433,0.3854,0.81088,0.14433,0.3854,0.81088,0.14433,0.3854,0.81088,0.14433,0.3854
7,33,1,2,-1,0,2,2,0.000,0.0000,0.2527,0.30767,1.92440,0.9619,0.29506,1.92607,3.9619,0.30767,1.92440,0.9619,0.30767,1.92440,0.9619,0.30767,1.92440,0.9619,0.30767,1.92440,0.9619,0.30767,1.92440,0.9619,0.66885,0.14957,1.9619,0.66885,0.14957,1.9619,0.66885,0.14957,1.9619,0.66885,0.14957,1.9619
7,33,2,1,-1,-1,-1,-1,0.000,-1.0000,-1.0000,0.00849,2.21302,1.0308,0.04544,2.18057,12.9692,0.00849,2.21302,1.0308,0.00849,2.21302,1.0308,0.00849,2.21302,1.0308,0.00849,2.21302,1.0308,0.00849,2.21302,1.0308,0.00849,2.21302,1.0308,0.00849,2.21302,1.0308,0.00849,2.21302,1.0308,0.00849,2.21302,1.0308
7,33,4,2,-1,1,3,3,0.000,0.0000,0.1863,0.49148,0.44113,19.2614,0.40504,0.64218,32.2614,0.49148,0.44113,19.2614,0.49148,0.44113,19.2614,0.49148,0.44113,19.2614,0.49148,0.44113,19.2614,0.49657,0.39189,19.2614,0.92839,0.12550,0.2614,0.92839,0.12550,0.2614,0.92839,0.12550,0.2614,0.92839,0.12550,0.2614
7,34,0,2,0,0,1,1,0.000,0.0000,0.2456,0.93063,0.06501,0.3854,0.42187,0.61176,39.6146,0.91180,0.07963,0.3854,0.93063,0.06501,0.3854,0.78777,0.29053,0.3854,0.91180,0.07963,0.3854,0.91180,0.07963,0.3854,0.81088,0.14433,0.3854,0.81088,0.14433,0.3854,0.81088,0.14433,0.3854,0.81088,0.14433,0.3854
7,34,1,2,-1,0,2,2,0.000,0.0000,0.7132,0.56013,0.92870,3.0381,0.53192,0.95924,3.9619,0.56013,0.92870,3.0381,0.56013,0.92870,3.0381,0.56013,0.92870,3.0381,0.56013,0.92870,3.0381,0.56013,0.92870,3.0381,0.66821,0.14735,1.9619,0.66821,0.14735,1.9619,0.66821,0.14735,1.9619,0.66821,0.14735,1.9619
7,34,2,1,-1,-1,-1,-1,0.000,-1.0000,-1.0000,0.01600,2.18807,0.9692,0.04580,2.19855,12.9692,0.01600,2.18807,0.9692,0.01600,2.18807,0.9692,0.01600,2.18807,0.9692,0.01600,2.18807,0.9692,0.01600,2.18807,0.9692,0.01600,2.18807,0.9692,0.01600,2.18807,0.9692,0.01600,2.18807,0.9692,0.01600,2.18807,0.9692
7,34,4,2,-1,1,3,3,0.000,0.0000,0.0630,0.43859,0.40997,21.2614,0.38716,0.56318,32.2614,0.43859,0.40997,21.2614,0.43859,0.40997,21.2614,0.43859,0.40997,21.2614,0.43859,0.40997,21.2614,0.43904,0.40434,21.2614,0.91037,0.18935,0.2614,0.91037,0.18935,0.2614,0.91037,0.18935,0.2614,0.91037,0.18935,0.2614
7,35,0,2,-1,0,1,1,0.000,0.0000,0.1391,0.78321,0.23136,0.3854,0.42679,0.58582,39.6146,0.78321,0.23136,0.3854,0.78321,0.23136,0.3854,0.78321,0.23136,0.3854,0.78321,0.23136,0.3854,0.76289,0.23785,0.3854,0.81088,0.14433,0.3854,0.81088,0.14433,0.3854,0.81088,0.14433,0.3854,0.81088,0.14433,0.3854
7,35,1,2,-1,0,2,2,0.000,0.0000,0.5692,0.59979,0.32985,14.0381,0.72378,0.34181,3.9619,0.59979,0.32985,14.0381,0.59979,0.32985,14.0381,0.59979,0.32985,14.0381,0.59979,0.32985,14.0381,0.62682,0.10630,14.0381,0.66787,0.14616,1.9619,0.66787,0.14616,1.9619,0.66787,0.14616,1.9619,0.66787,0.14616,1.9619
7,35,2,1,-1,-1,-1,-1,0.000,-1.0000,-1.0000,0.00753,2.20757,0.0308,0.03135,2.21604,12.9692,0.00753,2.20757,0.0308,0.00753,2.20757,0.0308,0.00753,2.20757,0.0308,0.00753,2.20757,0.0308,0.00753,2.20757,0.0308,0.00753,2.20757,0.0308,0.00753,2.20757,0.0308,0.00753,2.20757,0.0308,0.00753,2.20757,0.0308
7,35,4,2,1,1,3,3,0.000,0.0000,0.2922,0.63522,0.45522,7.7386,0.40370,0.62399,32.2614,0.63522,0.45522,7.7386,0.63522,0.45522,7.7386,0.65429,0.41498,7.7386,0.63522,0.45522,7.7386,0.63522,0.45522,7.7386,0.86461,0.19054,0.2614,0.86461,0.19054,0.2614,0.86461,0.19054,0.2614,0.86461,0.19054,0.2614
7,36,0,2,0,0,1,1,0.000,0.0000,0.1225,0.81407,0.18769,0.3854,0.42912,0.58124,39.6146,0.79222,0.19595,0.3854,0.81407,0.18769,0.3854,0.72159,0.34348,0.3854,0.79222,0.19595,0.3854,0.79222,0.19595,0.3854,0.81088,0.14433,0.3854,0.81088,0.14433,0.3854,0.81088,0.14433,0.3854,0.81088,0.14433,0.3854
7,36,1,2,0,0,2,2,0.000,0.0000,0.5663,0.90346,0.13720,1.0381,0.81316,0.09876,3.9619,0.90346,0.13720,1.0381,0.90346,0.13720,1.0381,0.79457,0.05661,1.0381,0.90346,0.13720,1.0381,0.90346,0.13720,1.0381,0.66787,0.14616,1.9619,0.66787,0.14616,1.9619,0.66787,0.14616,1.9619,0.66787,0.14616,1.9619
7,36,2,1,-1,-1,-1,-1,0.000,-1.0000,-1.0000,0.00563,2.22068,0.9692,0.03815,2.21527,12.9692,0.00563,2.22068,0.9692,0.00563,2.22068,0.9692,0.00563,2.22068,0.9692,0.00563,2.22068,0.9692,0.00563,2.22068,0.9692,0.00563,2.22068,0.9692,0.00563,2.22068,0.9692,0.00563,2.22068,0.9692,0.00563,2.22068,0.9692
7,36,4,2,-1,1,3,3,0.000,0.0000,0.9084,0.38979,1.16075,0.7386,0.31198,0.96317,32.2614,0.38979,1.16075,0.7386,0.38979,1.16075,0.7386,0.38979,1.16075,0.7386,0.38979,1.16075,0.7386,0.38979,1.16075,0.7386,0.86603,0.17847,1.2614,0.86603,0.17847,1.2614,0.86603,0.17847,1.2614,0.86603,0.17847,1.2614
8,0,0,2,0,0,1,1,0.000,0.0000,0.0000,0.01051,2.11626,0.3373,0.02909,2.11611,5.6627,0.90695,0.09472,0.3373,0.89550,0.13801,0.3373,0.80271,0.32201,0.3373,0.25832,1.82646,0.3373,0.90695,0.09472,0.3373,0.01051,2.11626,0.3373,0.90695,0.09472,0.3373,0.01051,2.11626,0.3373,0.90695,0.09472,0.3373
8,0,1,1,0,0,2,2,0.000,0.0000,0.0000,0.02250,1.06482,0.0358,0.16067,0.93680,9.9642,0.61196,0.37691,0.0358,0.56139,0.46675,0.0358,0.62722,0.28717,0.0358,0.61196,0.37691,0.0358,0.61196,0.37691,0.0358,0.02250,1.06482,0.0358,0.61196,0.37691,0.0358,0.02250,1.06482,0.0358,0.61196,0.37691,0.0358
8,0,2,2,0,0,0,0,0.000,0.0000,0.0000,0.08037,2.36671,1.7726,0.13479,2.28424,38.2274,0.75814,0.49422,1.7726,0.68304,0.71734,1.7726,0.81654,0.27422,1.7726,0.18880,1.83981,1.7726,0.75814,0.49422,1.7726,0.12419,2.24324,21.2274,0.37855,0.89257,21.2274,0.12419,2.24324,21.2274,0.37855,0.89257,21.2274
8,0,4,2,-1,1,3,3,0.000,0.0000,0.0000,0.17642,0.88368,0.0335,0.38123,0.98348,37.9665,0.17642,0.88368,0.0335,0.17642,0.88368,0.0335,0.17642,0.88368,0.0335,0.17642,0.88368,0.0335,0.90781,0.09613,0.0335,0.17642,0.88368,0.0335,0.90780,0.09613,0.0335,0.17642,0.88368,0.0335,0.90780,0.09613,0.0335
8,1,0,2,0,0,1,1,0.000,0.0000,0.3223,0.01187,2.12358,0.6627,0.02707,2.11225,5.6627,0.90716,0.06716,0.6627,0.84378,0.16394,0.6627,0.77915,0.30677,0.6627,0.24516,1.86523,0.6627,0.90716,0.06716,0.6627,0.00723,2.12119,0.3373,0.85647,0.12854,0.3373,0.00723,2.12119,0.3373,0.85647,0.12854,0.3373
8,1,1,1,0,0,2,2,0.000,0.0000,2.6100,0.03079,0.90846,0.0358,0.17419,0.88872,9.9642,0.85449,0.07267,0.0358,0.81701,0.16167,0.0358,0.76520,0.02499,0.0358,0.85449,0.07267,0.0358,0.85449,0.07267,0.0358,0.02505,0.90548,0.0358,0.87818,0.11460,0.0358,0.02505,0.90548,0.0358,0.87818,0.11460,0.0358
8,1,2,1,0,0,0,0,0.000,0.0000,0.7952,0.07043,2.43081,0.7726,0.13002,2.29657,38.2274,0.76459,0.57327,0.7726,0.68275,0.79812,0.7726,0.80220,0.34863,0.7726,0.17609,1.92289,0.7726,0.76459,0.57327,0.7726,0.11349,2.25609,19.2274,0.40952,0.82376,19.2274,0.11349,2.25609,19.2274,0.40952,0.82376,19.2274
8,1,4,2,-1,1,3,3,0.000,0.0000,0.1043,0.03388,1.02949,0.0335,0.37073,1.03198,37.9665,0.03388,1.02949,0.0335,0.03388,1.02949,0.0335,0.03388,1.02949,0.0335,0.03388,1.02949,0.0335,0.91879,0.08382,0.0335,0.01543,1.06825,0.0335,0.77056,0.54874,0.0335,0.01543,1.06825,0.0335,0.77056,0.54874,0.0335
8,2,0,2,0,0,1,1,0.000,0.0000,0.0673,0.04963,2.03367,0.6627,0.06584,2.03401,5.6627,0.90531,0.09374,0.6627,0.89867,0.14457,0.6627,0.81022,0.31253,0.6627,0.25770,1.80983,0.6627,0.90531,0.09374,0.6627,0.00724,2.11842,0.3373,0.85647,0.13251,0.3373,0.00724,2.11842,0.3373,0.85647,0.13251,0.3373
8,2,1,1,0,0,2,2,0.000,0.0000,1.4855,0.02591,0.91084,0.0358,0.17172,0.89963,9.9642,0.85942,0.07234,0.0358,0.82077,0.15850,0.0358,0.76520,0.03930,0.0358,0.85942,0.07234,0.0358,0.85942,0.07234,0.0358,0.01047,0.95982,0.9642,0.83066,0.29786,0.9642,0.01047,0.95982,0.9642,0.83066,0.29786,0.9642
8,2,2,1,0,0,0,0,0.000,0.0000,1.2612,0.17659,2.01229,0.7726,0.20621,2.08501,38.2274,0.88382,0.23119,0.7726,0.79736,0.45549,0.7726,0.89666,0.02601,0.7726,0.22966,1.57998,0.7726,0.88382,0.23119,0.7726,0.07159,2.25857,0.2274,0.90939,0.20779,0.2274,0.07159,2.25857,0.2274,0.90939,0.20779,0.2274
8,2,4,2,-1,1,3,3,0.000,0.0000,0.0461,0.12315,0.93529,0.0335,0.38242,0.98408,37.9665,0.12315,0.93529,0.0335,0.12315,0.93529,0.0335,0.12315,0.93529,0.0335,0.12315,0.93529,0.0335,0.91540,0.08759,0.0335,0.00612,1.14833,0.0335,0.77794,0.55583,0.0335,0.00612,1.14833,0.0335,0.77794,0.55583,0.0335
8,3,0,2,0,0,1,1,0.000,0.0000,0.1533,0.18179,1.75938,1.3373,0.20039,1.73509,5.6627,0.90470,0.07443,1.3373,0.89278,0.16244,1.3373,0.79282,0.29972,1.3373,0.25410,1.84932,1.3373,0.90470,0.07443,1.3373,0.00825,2.12190,0.3373,0.90704,0.09321,0.3373,0.00825,2.12190,0.3373,0.90704,0.09321,0.3373
8,3,1,1,0,0,2,2,0.000,0.0000,0.9392,0.02838,0.90332,0.0358,0.15121,0.90039,9.9642,0.86617,0.05882,0.0358,0.82187,0.14843,0.0358,0.76520,0.03298,0.0358,0.86617,0.05882,0.0358,0.86617,0.05882,0.0358,0.02593,0.90548,0.0358,0.86735,0.06190,0.0358,0.02593,0.90548,0.0358,0.86735,0.06190,0.0358
8,3,2,2,-1,0,0,0,0.000,0.0000,1.0386,0.58282,0.28170,12.2274,0.41290,0.53698,38.2274,0.58282,0.28170,12.2274,0.58282,0.28170,12.2274,0.58282,0.28170,12.2274,0.58282,0.28170,12.2274,0.58282,0.28170,12.2274,0.10599,2.25144,13.2274,0.51259,0.63541,13.2274,0.10599,2.25144,13.2274,0.51259,0.63541,13.2274
8,3,4,2,-1,1,3,3,0.000,0.0000,0.0115,0.20337,0.85128,0.0335,0.38569,0.97579,37.9665,0.20337,0.85128,0.0335,0.20337,0.85128,0.0335,0.20337,0.85128,0.0335,0.20337,0.85128,0.0335,0.90966,0.09433,0.0335,0.01576,1.06598,0.0335,0.90042,0.12451,0.0335,0.01576,1.06598,0.0335,0.90042,0.12451,0.0335
8,4,0,2,0,0,1,1,0.000,0.0000,0.0699,0.01470,2.10940,0.6627,0.02794,2.11734,5.6627,0.92030,0.08675,0.6627,0.91295,0.13866,0.6627,0.79774,0.31900,0.6627,0.25288,1.83360,0.6627,0.92030,0.08675,0.6627,0.00847,2.12866,0.3373,0.92279,0.07590,0.3373,0.00847,2.12866,0.3373,0.92279,0.07590,0.3373
8,4,1,1,0,0,2,2,0.000,0.0000,0.1442,0.02226,1.03024,0.0358,0.16498,0.91462,9.9642,0.66317,0.30425,0.0358,0.61352,0.39425,0.0358,0.67413,0.21426,0.0358,0.66317,0.30425,0.0358,0.66317,0.30425,0.0358,0.02619,0.90622,0.0358,0.86734,0.07200,0.0358,0.02619,0.90622,0.0358,0.86734,0.07200,0.0358
8,4,2,2,-1,0,0,0,0.000,0.0000,1.0327,0.69339,0.14218,7.2274,0.41279,0.56448,38.2274,0.69339,0.14218,7.2274,0.69339,0.14218,7.2274,0.69339,0.14218,7.2274,0.69339,0.14218,7.2274,0.69339,0.14218,7.2274,0.12893,2.19478,13.2274,0.55320,0.58709,13.2274,0.12893,2.19478,13.2274,0.55320,0.58709,13.2274
8,4,4,2,-1,1,3,3,0.000,0.0000,0.0674,0.02757,1.04270,0.0335,0.36077,1.04805,37.9665,0.02757,1.04270,0.0335,0.02757,1.04270,0.0335,0.02757,1.04270,0.0335,0.02757,1.04270,0.0335,0.90174,0.10066,0.0335,0.01573,1.06837,0.0335,0.89659,0.12672,0.0335,0.01573,1.06837,0.0335,0.89659,0.12672,0.0335
8,5,0,2,0,0,1,1,0.000,0.0000,2.5267,0.14783,1.82345,0.3373,0.16548,1.83740,5.6627,0.25431,1.64057,0.3373,0.25157,1.58796,0.3373,0.25363,1.72591,0.3373,0.25431,1.64057,0.3373,0.25431,1.64057,0.3373,0.01095,2.12004,0.6627,0.91326,0.08802,0.6627,0.01095,2.12004,0.6627,0.91326,0.08802,0.6627
8,5,1,1,0,0,2,2,0.000,0.0000,0.2234,0.03139,0.91011,0.9642,0.16448,0.91133,9.9642,0.85078,0.07827,0.9642,0.81596,0.16655,0.9642,0.76520,0.02676,0.9642,0.85078,0.07827,0.9642,0.85078,0.07827,0.9642,0.02619,0.90622,0.0358,0.86734,0.07200,0.0358,0.02619,0.90622,0.0358,0.86734,0.07200,0.0358
8,5,2,2,-1,0,0,0,0.000,0.0000,0.9862,0.52264,0.50709,20.7726,0.41286,0.60627,38.2274,0.52264,0.50709,20.7726,0.52264,0.50709,20.7726,0.52264,0.50709,20.7726,0.52264,0.50709,20.7726,0.52264,0.50709,20.7726,0.74759,0.35572,3.7726,0.74759,0.35572,3.7726,0.74759,0.35572,3.7726,0.74759,0.35572,3.7726
8,5,4,2,-1,1,3,3,0.000,0.0000,0.0633,0.02322,1.05075,0.0335,0.35526,1.06685,37.9665,0.02322,1.05075,0.0335,0.02322,1.05075,0.0335,0.02322,1.05075,0.0335,0.02322,1.05075,0.0335,0.90159,0.10144,0.0335,0.01571,1.06963,0.0335,0.89435,0.12836,0.0335,0.01571,1.06963,0.0335,0.89435,0.12836,0.0335
8,6,0,2,0,0,1,1,0.000,0.0000,1.2021,0.04738,2.04591,0.6627,0.06384,2.04495,5.6627,0.90255,0.08220,0.6627,0.89004,0.15955,0.6627,0.81053,0.29726,0.6627,0.25517,1.81513,0.6627,0.90255,0.08220,0.6627,0.01095,2.12004,0.6627,0.91326,0.08802,0.6627,0.01095,2.12004,0.6627,0.91326,0.08802,0.6627
8,6,1,1,0,0,2,2,0.000,0.0000,0.2532,0.03038,0.90343,0.0358,0.16752,0.91181,9.9642,0.86586,0.07140,0.0358,0.82272,0.15404,0.0358,0.76520,0.05164,0.0358,0.86586,0.07140,0.0358,0.86586,0.07140,0.0358,0.02625,0.90599,0.0358,0.86735,0.06903,0.0358,0.02625,0.90599,0.0358,0.86735,0.06903,0.0358
8,6,2,2,-1,0,0,0,0.000,0.0000,0.8517,0.63785,0.23005,11.7726,0.39753,0.56497,38.2274,0.63785,0.23005,11.7726,0.63785,0.23005,11.7726,0.63785,0.23005,11.7726,0.63785,0.23005,11.7726,0.63785,0.23005,11.7726,0.80784,0.20067,3.2274,0.80784,0.20067,3.2274,0.80784,0.20067,3.2274,0.80784,0.20067,3.2274
8,6,4,2,-1,1,3,3,0.000,0.0000,0.0303,0.24511,0.80646,0.0335,0.38835,0.97186,37.9665,0.24511,0.80646,0.0335,0.24511,0.80646,0.0335,0.24511,0.80646,0.0335,0.24511,0.80646,0.0335,0.90763,0.09631,0.0335,0.01965,1.05014,0.0335,0.90892,0.09312,0.0335,0.01965,1.05014,0.0335,0.90892,0.09312,0.0335
8,7,0,2,0,0,1,1,0.000,0.0000,0.4999,0.15317,1.80264,0.3373,0.16681,1.80134,5.6627,0.87312,0.10716,0.3373,0.86361,0.16421,0.3373,0.81053,0.30472,0.3373,0.25649,1.76842,0.3373,0.87312,0.10716,0.3373,0.12937,1.87059,1.6627,0.87990,0.09547,1.6627,0.12937,1.87059,1.6627,0.87990,0.09547,1.6627
8,7,1,1,0,0,2,2,0.000,0.0000,0.0853,0.03184,0.98780,0.0358,0.17114,0.89463,9.9642,0.71427,0.23697,0.0358,0.67330,0.32692,0.0358,0.72069,0.14707,0.0358,0.71427,0.23697,0.0358,0.71427,0.23697,0.0358,0.02724,0.90516,0.0358,0.86735,0.05701,0.0358,0.02724,0.90516,0.0358,0.86735,0.05701,0.0358
8,7,2,2,-1,0,0,0,0.000,0.0000,0.8114,0.68025,0.26662,8.7726,0.40795,0.63122,38.2274,0.68025,0.26662,8.7726,0.68025,0.26662,8.7726,0.68025,0.26662,8.7726,0.68025,0.26662,8.7726,0.68025,0.26662,8.7726,0.53540,0.27765,18.2274,0.53540,0.27765,18.2274,0.53540,0.27765,18.2274,0.53540,0.27765,18.2274
8,7,4,2,-1,1,3,3,0.000,0.0000,0.0293,0.17964,0.88324,0.0335,0.38207,0.98773,37.9665,0.17964,0.88324,0.0335,0.17964,0.88324,0.0335,0.17964,0.88324,0.0335,0.17964,0.88324,0.0335,0.89591,0.10974,0.0335,0.01965,1.05014,0.0335,0.90891,0.09313,0.0335,0.01965,1.05014,0.0335,0.90891,0.09313,0.0335
8,8,0,2,0,0,1,1,0.000,0.0000,0.5957,0.03526,2.30319,9.3373,0.08325,2.07451,5.6627,0.62236,0.50046,9.3373,0.57917,0.68966,9.3373,0.62716,0.35574,9.3373,0.17426,1.76641,9.3373,0.62236,0.50046,9.3373,0.12937,1.87059,1.6627,0.87990,0.09547,1.6627,0.12937,1.87059,1.6627,0.87990,0.09547,1.6627
8,8,1,1,0,0,2,2,0.000,0.0000,0.1158,0.03964,0.89936,0.9642,0.16247,0.90804,9.9642,0.85464,0.07124,0.9642,0.81010,0.16101,0.9642,0.76520,0.02068,0.9642,0.85464,0.07124,0.9642,0.85464,0.07124,0.9642,0.02724,0.90516,0.0358,0.86734,0.05702,0.0358,0.02724,0.90516,0.0358,0.86734,0.05702,0.0358
8,8,2,2,-1,0,0,0,0.000,0.0000,1.3193,0.26145,1.65160,11.7726,0.25751,1.59556,38.2274,0.26145,1.65160,11.7726,0.26145,1.65160,11.7726,0.26145,1.65160,11.7726,0.26145,1.65160,11.7726,0.26145,1.65160,11.7726,0.53363,0.50843,14.7726,0.53363,0.50843,14.7726,0.53363,0.50843,14.7726,0.53363,0.50843,14.7726
8,8,4,2,-1,1,3,3,0.000,0.0000,0.0168,0.06953,0.99812,0.0335,0.37200,1.01077,37.9665,0.06953,0.99812,0.0335,0.06953,0.99812,0.0335,0.06953,0.99812,0.0335,0.06953,0.99812,0.0335,0.90775,0.09625,0.0335,0.01965,1.05014,0.0335,0.90892,0.09312,0.0335,0.01965,1.05014,0.0335,0.90892,0.09312,0.0335
8,9,0,2,0,0,1,1,0.000,0.0000,0.2360,0.05491,2.02715,0.3373,0.07299,2.01590,5.6627,0.88708,0.09002,0.3373,0.87788,0.16428,0.3373,0.73919,0.32903,0.3373,0.24000,1.90354,0.3373,0.88708,0.09002,0.3373,0.12937,1.87059,1.6627,0.87990,0.09547,1.6627,0.12937,1.87059,1.6627,0.87990,0.09547,1.6627
8,9,1,1,0,0,2,2,0.000,0.0000,0.1259,0.04120,0.89536,0.9642,0.17502,0.88806,9.9642,0.86129,0.08103,0.9642,0.81491,0.16158,0.9642,0.76520,0.05676,0.9642,0.86129,0.08103,0.9642,0.86129,0.08103,0.9642,0.03081,0.90601,0.0358,0.85942,0.06568,0.0358,0.03081,0.90601,0.0358,0.85942,0.06568,0.0358
8,9,2,2,-1,0,0,0,0.000,0.0000,0.8416,0.76047,0.15627,7.2274,0.42937,0.57673,38.2274,0.76047,0.15627,7.2274,0.76047,0.15627,7.2274,0.76047,0.15627,7.2274,0.76047,0.15627,7.2274,0.76047,0.15627,7.2274,0.53363,0.50843,14.7726,0.53363,0.50843,14.7726,0.53363,0.50843,14.7726,0.53363,0.50843,14.7726
8,9,4,2,-1,1,3,3,0.000,0.0000,0.0323,0.19049,0.87752,0.9665,0.39251,0.95291,37.9665,0.19049,0.87752,0.9665,0.19049,0.87752,0.9665,0.19049,0.87752,0.9665,0.19049,0.87752,0.9665,0.88054,0.12586,0.9665,0.02631,1.04054,0.0335,0.90528,0.09696,0.0335,0.02631,1.04054,0.0335,0.90528,0.09696,0.0335
8,10,0,2,0,0,1,1,0.000,0.0000,0.1762,0.00992,2.13439,0.3373,0.02289,2.11826,5.6627,0.68894,0.29945,0.3373,0.73536,0.26121,0.3373,0.58431,0.47808,0.3373,0.20079,2.08853,0.3373,0.68894,0.29945,0.3373,0.12937,1.87059,1.6627,0.87990,0.09547,1.6627,0.12937,1.87059,1.6627,0.87990,0.09547,1.6627
8,10,1,1,0,0,2,2,0.000,0.0000,0.1290,0.02890,0.90563,0.0358,0.16455,0.90671,9.9642,0.86188,0.06296,0.0358,0.81744,0.15288,0.0358,0.76520,0.02751,0.0358,0.86188,0.06296,0.0358,0.86188,0.06296,0.0358,0.03119,0.90565,0.0358,0.85942,0.06568,0.0358,0.03119,0.90565,0.0358,0.85942,0.06568,0.0358
8,10,2,1,0,0,0,0,0.000,0.0000,0.6389,0.36959,0.69871,6.7726,0.45230,0.48787,38.2274,0.64054,0.40927,6.7726,0.56840,0.48392,6.7726,0.70183,0.34210,6.7726,0.64054,0.40927,6.7726,0.64054,0.40927,6.7726,0.61801,0.23306,9.2274,0.61801,0.23306,9.2274,0.61801,0.23306,9.2274,0.61801,0.23306,9.2274
8,10,4,2,0,1,3,3,0.000,0.0000,0.0210,0.01660,1.17726,0.0335,0.30914,1.18697,37.9665,0.67335,0.57055,0.0335,0.60433,0.60661,0.0335,0.75187,0.51583,0.0335,0.67335,0.57055,0.0335,0.90953,0.09280,0.0335,0.02631,1.04054,0.0335,0.90528,0.09696,0.0335,0.02631,1.04054,0.0335,0.90528,0.09696,0.0335
8,11,0,2,0,-1,-1,-1,0.000,-1.0000,-1.0000,0.00779,2.29250,1.6627,0.01168,2.25938,5.6627,0.55339,0.51421,1.6627,0.53723,0.59297,1.6627,0.49432,0.54283,1.6627,0.13636,2.40638,1.6627,0.00779,2.29250,1.6627,0.00779,2.29250,1.6627,0.00779,2.29250,1.6627,0.00779,2.29250,1.6627,0.00779,2.29250,1.6627
8,11,1,1,0,0,2,2,0.000,0.0000,0.1269,0.03301,0.90195,0.0358,0.16133,0.91629,9.9642,0.86391,0.07279,0.0358,0.82099,0.15592,0.0358,0.76520,0.04988,0.0358,0.86391,0.07279,0.0358,0.86391,0.07279,0.0358,0.03119,0.90565,0.0358,0.85942,0.06568,0.0358,0.03119,0.90565,0.0358,0.85942,0.06568,0.0358
8,11,2,1,0,0,0,0,0.000,0.0000,0.5218,0.13140,0.91329,5.7726,0.39869,0.83016,38.2274,0.70847,0.29866,5.7726,0.62665,0.38665,5.7726,0.77320,0.21236,5.7726,0.70847,0.29866,5.7726,0.70847,0.29866,5.7726,0.53363,0.50843,14.7726,0.53363,0.50843,14.7726,0.53363,0.50843,14.7726,0.53363,0.50843,14.7726
8,11,4,2,0,1,3,3,0.000,0.0000,0.0153,0.01739,1.22972,0.0335,0.30429,1.21466,37.9665,0.64255,0.67120,0.0335,0.57637,0.70319,0.0335,0.74616,0.52597,0.0335,0.64255,0.67120,0.0335,0.90456,0.09979,0.0335,0.02631,1.04054,0.0335,0.90528,0.09696,0.0335,0.02631,1.04054,0.0335,0.90528,0.09696,0.0335
8,12,1,1,0,0,2,2,0.000,0.0000,0.1131,0.03417,0.90240,0.0358,0.17189,0.90185,9.9642,0.85962,0.06571,0.0358,0.82107,0.15546,0.0358,0.76520,0.02587,0.0358,0.85962,0.06571,0.0358,0.85962,0.06571,0.0358,0.03119,0.90565,0.0358,0.85942,0.06568,0.0358,0.03119,0.90565,0.0358,0.85942,0.06568,0.0358
8,12,2,1,-1,0,0,0,0.000,0.0000,0.2978,0.53526,0.62283,0.2274,0.33431,0.78616,38.2274,0.53526,0.62283,0.2274,0.53526,0.62283,0.2274,0.53526,0.62283,0.2274,0.53526,0.62283,0.2274,0.53526,0.62283,0.2274,0.53363,0.50843,14.7726,0.53363,0.50843,14.7726,0.53363,0.50843,14.7726,0.53363,0.50843,14.7726
8,12,4,2,0,1,3,3,0.000,0.0000,0.0214,0.01878,1.27344,0.0335,0.28138,1.28238,37.9665,0.61704,0.74497,0.0335,0.55145,0.78181,0.0335,0.74734,0.50489,0.0335,0.61704,0.74497,0.0335,0.90000,0.10252,0.0335,0.02624,1.04338,0.0335,0.90028,0.10228,0.0335,0.02624,1.04338,0.0335,0.90028,0.10228,0.0335
8,13,0,2,0,0,1,1,0.000,0.0000,0.3533,0.69375,0.31590,6.6627,0.70183,0.30499,5.6627,0.68640,0.32784,6.6627,0.69375,0.31590,6.6627,0.68907,0.42993,6.6627,0.68640,0.32784,6.6627,0.68640,0.32784,6.6627,0.15800,1.80812,1.6627,0.87990,0.09547,1.6627,0.15800,1.80812,1.6627,0.87990,0.09547,1.6627
8,13,1,1,0,0,2,2,0.000,0.0000,0.1017,0.02973,0.90267,0.0358,0.17250,0.89677,9.9642,0.86692,0.05736,0.0358,0.82665,0.14736,0.0358,0.76520,0.03264,0.0358,0.86692,0.05736,0.0358,0.86692,0.05736,0.0358,0.03119,0.90565,0.0358,0.85942,0.06568,0.0358,0.03119,0.90565,0.0358,0.85942,0.06568,0.0358
8,13,2,1,-1,0,0,0,0.000,0.0000,0.3467,0.74106,0.31680,0.2274,0.35144,0.82901,38.2274,0.74106,0.31680,0.2274,0.74106,0.31680,0.2274,0.74106,0.31680,0.2274,0.74106,0.31680,0.2274,0.74106,0.31680,0.2274,0.50918,0.29073,18.2274,0.50918,0.29073,18.2274,0.50918,0.29073,18.2274,0.50918,0.29073,18.2274
8,13,4,2,0,1,3,3,0.000,0.0000,0.1097,0.05708,1.33097,3.9665,0.29862,1.30748,37.9665,0.54786,0.77914,3.9665,0.47605,0.88047,3.9665,0.65602,0.53932,3.9665,0.54786,0.77914,3.9665,0.75148,0.28169,3.9665,0.02624,1.04338,0.0335,0.90028,0.10227,0.0335,0.02624,1.04338,0.0335,0.90028,0.10227,0.0335
8,14,0,2,-1,0,1,1,0.000,0.0000,0.3122,0.60816,0.23277,14.3373,0.68224,0.20379,5.6627,0.60816,0.23277,14.3373,0.60816,0.23277,14.3373,0.60816,0.23277,14.3373,0.60816,0.23277,14.3373,0.60926,0.07809,14.3373,0.19217,1.73523,1.6627,0.88424,0.09222,1.6627,0.19217,1.73523,1.6627,0.88424,0.09222,1.6627
8,14,1,1,0,0,2,2,0.000,0.0000,0.0872,0.03146,0.90313,0.0358,0.18033,0.89249,9.9642,0.86367,0.06267,0.0358,0.83090,0.15161,0.0358,0.76520,0.03271,0.0358,0.86367,0.06267,0.0358,0.86367,0.06267,0.0358,0.03066,0.92207,0.0358,0.82972,0.09846,0.0358,0.03066,0.92207,0.0358,0.82972,0.09846,0.0358
8,14,2,1,0,0,0,0,0.000,0.0000,0.3409,0.71127,0.28625,0.2274,0.39837,0.71422,38.2274,0.85606,0.17993,0.2274,0.77144,0.23614,0.2274,0.86335,0.15872,0.2274,0.85606,0.17993,0.2274,0.85606,0.17993,0.2274,0.50918,0.29073,18.2274,0.50918,0.29073,18.2274,0.50918,0.29073,18.2274,0.50918,0.29073,18.2274
8,14,4,2,0,1,3,3,0.000,0.0000,0.1464,0.01976,1.43697,1.0335,0.25102,1.37321,37.9665,0.53543,0.78681,1.0335,0.43148,1.01688,1.0335,0.65335,0.54512,1.0335,0.53543,0.78681,1.0335,0.78399,0.23908,1.0335,0.02624,1.04338,0.0335,0.90028,0.10228,0.0335,0.02624,1.04338,0.0335,0.90028,0.10228,0.0335
8,15,0,2,-1,0,1,1,0.000,0.0000,0.2772,0.65459,0.35439,9.3373,0.70481,0.29370,5.6627,0.65459,0.35439,9.3373,0.65459,0.35439,9.3373,0.65459,0.35439,9.3373,0.65459,0.35439,9.3373,0.66552,0.31257,9.3373,0.94667,0.07651,0.3373,0.92430,0.06097,0.3373,0.94667,0.07651,0.3373,0.92430,0.06097,0.3373
8,15,1,1,0,0,2,2,0.000,0.0000,0.0556,0.03292,0.91634,0.0358,0.17425,0.90741,9.9642,0.83589,0.09148,0.0358,0.79979,0.18145,0.0358,0.76520,0.00343,0.0358,0.83589,0.09148,0.0358,0.83589,0.09148,0.0358,0.03066,0.92207,0.0358,0.82972,0.09846,0.0358,0.03066,0.92207,0.0358,0.82972,0.09846,0.0358
8,15,2,1,0,0,0,0,0.000,0.0000,0.2536,0.44297,0.52512,0.2274,0.42994,0.72715,38.2274,0.90891,0.08160,0.2274,0.81437,0.17159,0.2274,0.89666,0.00875,0.2274,0.90891,0.08160,0.2274,0.90891,0.08160,0.2274,0.50918,0.29073,18.2274,0.50918,0.29073,18.2274,0.50918,0.29073,18.2274,0.50918,0.29073,18.2274
8,15,4,2,0,1,3,3,0.000,0.0000,0.1554,0.01524,1.45136,0.0335,0.23769,1.41651,37.9665,0.55273,0.75920,0.0335,0.44506,1.00132,0.0335,0.67132,0.51726,0.0335,0.55273,0.75920,0.0335,0.79564,0.22296,0.0335,0.02629,1.04340,0.0335,0.90378,0.09877,0.0335,0.02629,1.04340,0.0335,0.90378,0.09877,0.0335
8,16,0,2,-1,0,1,1,0.000,0.0000,0.3675,0.45528,0.38317,39.3373,0.69233,0.21506,5.6627,0.45528,0.38317,39.3373,0.45528,0.38317,39.3373,0.45528,0.38317,39.3373,0.45528,0.38317,39.3373,0.41287,0.38317,39.3373,0.86245,0.10358,1.3373,0.84360,0.08481,1.3373,0.86245,0.10358,1.3373,0.84360,0.08481,1.3373
8,16,1,1,0,0,2,2,0.000,0.0000,0.0327,0.03272,0.91763,0.0358,0.17280,0.89784,9.9642,0.83329,0.09510,0.0358,0.78794,0.18473,0.0358,0.76520,0.01287,0.0358,0.83329,0.09510,0.0358,0.83329,0.09510,0.0358,0.03293,0.91993,0.0358,0.82972,0.09838,0.0358,0.03293,0.91993,0.0358,0.82972,0.09838,0.0358
8,16,2,1,0,0,0,0,0.000,0.0000,0.2395,0.06273,0.92890,2.2274,0.37627,0.88169,38.2274,0.81528,0.17181,2.2274,0.72583,0.26174,2.2274,0.87373,0.08201,2.2274,0.81528,0.17181,2.2274,0.81528,0.17181,2.2274,0.50918,0.29073,18.2274,0.50918,0.29073,18.2274,0.50918,0.29073,18.2274,0.50918,0.29073,18.2274
8,16,4,2,0,1,3,3,0.000,0.0000,0.1905,0.05083,1.51857,3.9665,0.24734,1.49890,37.9665,0.54296,0.77757,3.9665,0.44373,1.01823,3.9665,0.65029,0.53841,3.9665,0.54296,0.77757,3.9665,0.74315,0.29246,3.9665,0.11962,0.94308,0.0335,0.90781,0.09643,0.0335,0.11962,0.94308,0.0335,0.90781,0.09643,0.0335
8,17,0,2,-1,0,1,1,0.000,0.0000,0.4069,0.58082,0.28608,18.6627,0.69610,0.25749,5.6627,0.58082,0.28608,18.6627,0.58082,0.28608,18.6627,0.58082,0.28608,18.6627,0.58082,0.28608,18.6627,0.58082,0.28608,18.6627,0.81950,0.10614,4.3373,0.80685,0.02083,4.3373,0.81950,0.10614,4.3373,0.80685,0.02083,4.3373
8,17,1,1,0,0,2,2,0.000,0.0000,0.1879,0.64067,0.40721,8.0358,0.27983,0.86397,9.9642,0.64290,0.40721,8.0358,0.64067,0.40721,8.0358,0.64796,0.36016,8.0358,0.64290,0.40721,8.0358,0.64290,0.40721,8.0358,0.03067,0.99027,0.0358,0.71253,0.23905,0.0358,0.03067,0.99027,0.0358,0.71253,0.23905,0.0358
8,17,2,1,0,0,0,0,0.000,0.0000,0.2015,0.03346,0.91104,0.2274,0.36243,0.90571,38.2274,0.89973,0.07552,0.2274,0.80651,0.16502,0.2274,0.87267,0.13560,0.2274,0.89973,0.07552,0.2274,0.89973,0.07552,0.2274,0.50918,0.29073,18.2274,0.50918,0.29073,18.2274,0.50918,0.29073,18.2274,0.50918,0.29073,18.2274
8,17,4,2,0,1,3,3,0.000,0.0000,0.1316,0.02290,1.56464,0.9665,0.19297,1.57888,37.9665,0.60818,0.68814,0.9665,0.49347,0.93027,0.9665,0.73421,0.44624,0.9665,0.60818,0.68814,0.9665,0.85781,0.15954,0.9665,0.11962,0.94308,0.0335,0.90781,0.09643,0.0335,0.11962,0.94308,0.0335,0.90781,0.09643,0.0335
8,18,0,2,-1,0,1,1,0.000,0.0000,0.3700,0.73614,0.18954,8.6627,0.76455,0.18232,5.6627,0.73614,0.18954,8.6627,0.73614,0.18954,8.6627,0.73614,0.18954,8.6627,0.73614,0.18954,8.6627,0.73614,0.18954,8.6627,0.75712,0.14282,6.3373,0.75403,0.01589,6.3373,0.75712,0.14282,6.3373,0.75403,0.01589,6.3373
8,18,1,1,0,0,2,2,0.000,0.0000,0.2582,0.03083,1.04871,0.0358,0.17704,0.90210,9.9642,0.62305,0.36015,0.0358,0.58101,0.45015,0.0358,0.63740,0.27016,0.0358,0.62305,0.36015,0.0358,0.62305,0.36015,0.0358,0.03067,0.99027,0.0358,0.71253,0.23905,0.0358,0.03067,0.99027,0.0358,0.71253,0.23905,0.0358
8,18,2,2,0,0,0,0,0.000,0.0000,1.2489,0.18682,1.37546,5.7726,0.18875,1.35407,38.2274,0.30791,2.26223,5.7726,0.29860,2.05348,5.7726,0.30414,2.47711,5.7726,0.30791,2.26223,5.7726,0.30791,2.26223,5.7726,0.50918,0.29073,18.2274,0.50918,0.29072,18.2274,0.50918,0.29073,18.2274,0.50918,0.29072,18.2274
8,18,4,2,0,1,3,3,0.000,0.0000,0.0502,0.12117,1.58234,0.0335,0.21521,1.70873,37.9665,0.61678,0.76778,0.0335,0.49882,1.00879,0.0335,0.74702,0.52800,0.0335,0.61678,0.76778,0.0335,0.90642,0.09799,0.0335,0.20702,0.84903,0.0335,0.90781,0.09632,0.0335,0.20702,0.84903,0.0335,0.90781,0.09632,0.0335
8,19,0,2,-1,0,1,1,0.000,0.0000,0.2901,0.77646,0.12480,5.6627,0.77646,0.12480,5.6627,0.77646,0.12480,5.6627,0.77646,0.12480,5.6627,0.77646,0.12480,5.6627,0.77646,0.12480,5.6627,0.77646,0.12480,5.6627,0.69175,0.18401,9.3373,0.69452,0.03403,9.3373,0.69175,0.18401,9.3373,0.69452,0.03403,9.3373
8,19,1,1,0,0,2,2,0.000,0.0000,0.1622,0.03885,0.90578,0.0358,0.18497,0.88957,9.9642,0.84511,0.08190,0.0358,0.80934,0.17153,0.0358,0.76520,0.01395,0.0358,0.84511,0.08190,0.0358,0.84511,0.08190,0.0358,0.03069,0.99027,0.0358,0.71253,0.23903,0.0358,0.03069,0.99027,0.0358,0.71253,0.23903,0.0358
8,19,2,2,0,0,0,0,0.000,0.0000,0.6003,0.09831,1.60858,2.2274,0.12684,1.74278,38.2274,0.25466,1.86274,2.2274,0.27174,1.72406,2.2274,0.24100,2.01022,2.2274,0.81484,0.19233,2.2274,0.25466,1.86274,2.2274,0.50918,0.29073,18.2274,0.50918,0.29073,18.2274,0.50918,0.29073,18.2274,0.50918,0.29073,18.2274
8,19,4,1,0,1,3,3,0.000,0.0000,0.8099,0.01164,1.82910,0.0335,0.14975,1.79411,37.9665,0.42836,1.49199,0.0335,0.37221,1.51329,0.0335,0.48333,1.47587,0.0335,0.42836,1.49199,0.0335,0.51336,1.47441,0.0335,0.20702,0.84903,0.0335,0.90624,0.09717,0.0335,0.20702,0.84903,0.0335,0.90624,0.09717,0.0335
8,20,0,1,0,0,1,1,0.000,0.0000,0.2761,0.80708,0.18075,4.6627,0.78238,0.20576,5.6627,0.78443,0.18075,4.6627,0.80708,0.18075,4.6627,0.72532,0.16561,4.6627,0.78443,0.18075,4.6627,0.78443,0.18075,4.6627,0.66472,0.30982,11.6627,0.66472,0.30982,11.6627,0.66472,0.30982,11.6627,0.66472,0.30982,11.6627
8,20,1,1,0,0,2,2,0.000,0.0000,0.3094,0.02651,1.11760,0.0358,0.15225,1.07520,9.9642,0.53553,0.49228,0.0358,0.48848,0.58228,0.0358,0.55669,0.40229,0.0358,0.53553,0.49228,0.0358,0.53553,0.49228,0.0358,0.03069,0.99027,0.0358,0.71253,0.23903,0.0358,0.03069,0.99027,0.0358,0.71253,0.23903,0.0358
8,20,2,2,0,0,0,0,0.000,0.0000,0.3332,0.01754,1.39337,1.2274,0.17310,1.38509,38.2274,0.83046,0.16897,1.2274,0.67515,0.40536,1.2274,0.88534,0.10115,1.2274,0.83046,0.16897,1.2274,0.83046,0.16897,1.2274,0.50918,0.29073,18.2274,0.50918,0.29072,18.2274,0.50918,0.29073,18.2274,0.50918,0.29072,18.2274
8,20,4,1,0,1,3,3,0.000,0.0000,1.4508,0.01432,1.91843,2.0335,0.11736,1.91886,37.9665,0.43827,1.65123,2.0335,0.38212,1.66239,2.0335,0.49306,1.64492,2.0335,0.43827,1.65123,2.0335,0.53028,1.64452,2.0335,0.20702,0.84903,0.0335,0.90624,0.09717,0.0335,0.01340,2.69218,0.0335,0.38862,2.48364,0.0335
8,21,0,1,-1,0,1,1,0.000,0.0000,1.1960,0.17193,2.46388,4.6627,0.17208,2.44121,5.6627,0.17193,2.46388,4.6627,0.17193,2.46388,4.6627,0.17193,2.46388,4.6627,0.17193,2.46388,4.6627,0.17193,2.46388,4.6627,0.66472,0.30982,11.6627,0.66472,0.30982,11.6627,0.66472,0.30982,11.6627,0.66472,0.30982,11.6627
8,21,1,2,-1,1,2,2,0.000,0.0000,0.8348,0.29786,1.72780,0.0358,0.26882,1.86216,9.9642,0.29786,1.72780,0.0358,0.29786,1.72780,0.0358,0.29786,1.72780,0.0358,0.29786,1.72780,0.0358,0.29786,1.72780,0.0358,0.02898,1.05083,0.0358,0.62236,0.40249,0.0358,0.02898,1.05083,0.0358,0.62236,0.40249,0.0358
8,21,2,2,0,0,0,0,0.000,0.0000,0.2285,0.09883,1.11739,0.2274,0.26005,1.19581,38.2274,0.86669,0.17481,0.2274,0.70208,0.41711,0.2274,0.89653,0.06777,0.2274,0.86669,0.17481,0.2274,0.86669,0.17481,0.2274,0.50918,0.29073,18.2274,0.50918,0.29073,18.2274,0.50918,0.29073,18.2274,0.50918,0.29073,18.2274
8,22,0,1,-1,0,1,1,0.000,0.0000,1.9042,0.16025,2.65574,1.6627,0.15873,2.65447,5.6627,0.16025,2.65574,1.6627,0.16025,2.65574,1.6627,0.16025,2.65574,1.6627,0.16025,2.65574,1.6627,0.16025,2.65574,1.6627,0.79394,0.12011,3.3373,0.78408,0.12011,3.3373,0.79394,0.12011,3.3373,0.78408,0.12011,3.3373
8,22,1,2,0,0,2,2,0.000,0.0000,0.3451,0.34670,0.75257,10.0358,0.44214,0.60647,9.9642,0.51358,0.54747,10.0358,0.44874,0.62681,10.0358,0.57114,0.47197,10.0358,0.51358,0.54747,10.0358,0.51358,0.54747,10.0358,0.02898,1.05083,0.0358,0.62236,0.40249,0.0358,0.02898,1.05083,0.0358,0.62236,0.40249,0.0358
8,22,2,2,0,0,0,0,0.000,0.0000,0.2510,0.52711,0.66850,0.7726,0.35487,1.11298,38.2274,0.86978,0.18296,0.7726,0.70204,0.42514,0.7726,0.89666,0.06045,0.7726,0.86978,0.18296,0.7726,0.86978,0.18296,0.7726,0.50918,0.29073,18.2274,0.50918,0.29073,18.2274,0.50918,0.29073,18.2274,0.50918,0.29073,18.2274
8,22,4,1,-1,1,5,5,0.000,0.0000,0.0000,0.01538,1.78232,0.9665,0.15686,1.76119,37.9665,0.01538,1.78232,0.9665,0.01538,1.78232,0.9665,0.01538,1.78232,0.9665,0.01538,1.78232,0.9665,0.31190,2.93560,0.9665,0.01538,1.78232,0.9665,0.31190,2.93560,0.9665,0.01538,1.78232,0.9665,0.31190,2.93560,0.9665
8,23,0,1,0,0,1,1,0.000,0.0000,1.1391,0.74354,0.23664,6.3373,0.69004,0.26711,5.6627,0.74354,0.23663,6.3373,0.74354,0.23663,6.3373,0.70849,0.23663,6.3373,0.74354,0.23663,6.3373,0.74354,0.23663,6.3373,0.75994,0.21414,3.3373,0.75994,0.21414,3.3373,0.75994,0.21414,3.3373,0.75994,0.21414,3.3373
8,23,1,2,0,0,2,2,0.000,0.0000,0.1118,0.56494,0.49109,3.0358,0.63010,0.39607,9.9642,0.54312,0.50482,3.0358,0.56494,0.49109,3.0358,0.56369,0.54431,3.0358,0.54312,0.50482,3.0358,0.54312,0.50482,3.0358,0.08284,1.06541,4.0358,0.51640,0.55419,4.0358,0.08284,1.06541,4.0358,0.51640,0.55419,4.0358
8,23,2,2,0,0,0,0,0.000,0.0000,0.3066,0.60936,0.50568,1.2274,0.37425,1.00401,38.2274,0.83597,0.20230,1.2274,0.67917,0.44359,1.2274,0.89664,0.05025,1.2274,0.83597,0.20230,1.2274,0.83597,0.20230,1.2274,0.50918,0.29073,18.2274,0.50918,0.29073,18.2274,0.50918,0.29073,18.2274,0.50918,0.29073,18.2274
8,23,4,1,-1,1,3,5,0.000,0.0000,15.1242,0.01681,1.55323,0.0335,0.21514,1.54291,37.9665,0.01681,1.55323,0.0335,0.01681,1.55323,0.0335,0.01681,1.55323,0.0335,0.01681,1.55323,0.0335,0.62301,1.15218,0.0335,0.20702,0.84903,0.0335,0.90624,0.09717,0.0335,0.01192,1.77452,0.0335,0.32346,2.91634,0.0335
8,24,0,2,-1,0,1,1,0.000,0.0000,1.3318,0.21893,2.20670,6.3373,0.29428,2.25587,5.6627,0.21893,2.20670,6.3373,0.21893,2.20670,6.3373,0.21893,2.20670,6.3373,0.21893,2.20670,6.3373,0.21893,2.20670,6.3373,0.57766,0.34584,14.3373,0.57693,0.34584,14.3373,0.57766,0.34584,14.3373,0.57693,0.34584,14.3373
8,24,1,2,0,0,2,2,0.000,0.0000,0.2310,0.57819,0.39332,9.0358,0.55938,0.20597,9.9642,0.57819,0.39332,9.0358,0.57819,0.39332,9.0358,0.61449,0.33551,9.0358,0.57819,0.39332,9.0358,0.57819,0.39332,9.0358,0.10813,1.06056,6.0358,0.48189,0.61131,6.0358,0.10813,1.06056,6.0358,0.48189,0.61131,6.0358
8,24,2,2,0,0,0,0,0.000,0.0000,0.3680,0.62166,0.43697,0.7726,0.38681,0.91878,38.2274,0.83389,0.24480,0.7726,0.70930,0.38656,0.7726,0.89666,0.01743,0.7726,0.83389,0.24480,0.7726,0.83389,0.24480,0.7726,0.51395,0.23968,18.2274,0.51395,0.23968,18.2274,0.51395,0.23968,18.2274,0.51395,0.23968,18.2274
8,24,4,1,0,1,3,5,0.000,0.0000,10.5828,0.01772,1.45949,0.0335,0.25679,1.33423,37.9665,0.40699,0.97041,0.0335,0.34141,1.03023,0.0335,0.46765,0.91553,0.0335,0.40699,0.97041,0.0335,0.48497,0.90978,0.0335,0.20702,0.84903,0.0335,0.90624,0.09716,0.0335,0.01230,1.77544,0.9665,0.56801,1.45158,0.9665
8,25,0,2,-1,0,1,1,0.000,0.0000,0.6764,0.62924,0.14718,10.3373,0.53196,0.14736,5.6627,0.62924,0.14718,10.3373,0.62924,0.14718,10.3373,0.62924,0.14718,10.3373,0.62924,0.14718,10.3373,0.62924,0.14718,10.3373,0.58230,0.29237,14.3373,0.58230,0.29237,14.3373,0.58230,0.29237,14.3373,0.58230,0.29237,14.3373
8,25,1,2,-1,0,2,2,0.000,0.0000,0.2898,0.64160,0.34952,6.0358,0.51003,0.29383,9.9642,0.64160,0.34952,6.0358,0.64160,0.34952,6.0358,0.64160,0.34952,6.0358,0.64160,0.34952,6.0358,0.64160,0.34952,6.0358,0.68739,0.35571,0.0358,0.68739,0.35571,0.0358,0.68739,0.35571,0.0358,0.68739,0.35571,0.0358
8,25,2,2,0,0,0,0,0.000,0.0000,0.4184,0.65521,0.36274,4.2274,0.39696,0.82114,38.2274,0.74859,0.28446,4.2274,0.66461,0.35436,4.2274,0.84000,0.11476,4.2274,0.74859,0.28446,4.2274,0.74859,0.28446,4.2274,0.51395,0.23968,18.2274,0.51395,0.23968,18.2274,0.51395,0.23968,18.2274,0.51395,0.23968,18.2274
8,25,4,1,0,1,3,5,0.000,0.0000,8.1843,0.02492,1.09236,0.0335,0.34456,1.08373,37.9665,0.72011,0.36064,0.0335,0.64501,0.42192,0.0335,0.79520,0.31353,0.0335,0.72011,0.36064,0.0335,0.81169,0.30947,0.0335,0.20519,0.85862,0.0335,0.88940,0.11618,0.0335,0.01627,1.55456,0.9665,0.62175,1.16716,0.9665
8,26,0,2,-1,0,1,1,0.000,0.0000,0.2038,0.57906,0.31176,20.3373,0.67455,0.24992,5.6627,0.57906,0.31176,20.3373,0.57906,0.31176,20.3373,0.57906,0.31176,20.3373,0.57906,0.31176,20.3373,0.57906,0.31176,20.3373,0.56613,0.14892,14.3373,0.56613,0.14892,14.3373,0.56613,0.14892,14.3373,0.56613,0.14892,14.3373
8,26,1,2,0,0,2,2,0.000,0.0000,0.2296,0.90824,0.07317,1.0358,0.67238,0.18586,9.9642,0.84536,0.16083,1.0358,0.90824,0.07317,1.0358,0.76470,0.37409,1.0358,0.84536,0.16083,1.0358,0.84536,0.16083,1.0358,0.68739,0.35571,0.0358,0.68739,0.35571,0.0358,0.68739,0.35571,0.0358,0.68739,0.35571,0.0358
8,26,2,2,0,0,0,0,0.000,0.0000,0.3217,0.86735,0.11909,0.2274,0.40643,0.72084,38.2274,0.91257,0.07793,0.2274,0.86735,0.11909,0.2274,0.89666,0.05139,0.2274,0.91257,0.07793,0.2274,0.91257,0.07793,0.2274,0.51511,0.20222,18.2274,0.51511,0.20222,18.2274,0.51511,0.20222,18.2274,0.51511,0.20222,18.2274
8,26,4,1,-1,1,3,5,0.000,0.0000,6.6841,0.02708,1.20318,0.0335,0.36782,1.04161,37.9665,0.02708,1.20318,0.0335,0.02708,1.20318,0.0335,0.02708,1.20318,0.0335,0.02708,1.20318,0.0335,0.65308,0.42638,0.0335,0.20519,0.85862,0.0335,0.88940,0.11618,0.0335,0.01800,1.30868,0.0335,0.70412,0.78960,0.0335
8,27,0,2,-1,0,1,1,0.000,0.0000,0.6874,0.53945,1.16434,0.6627,0.46163,1.16429,5.6627,0.53945,1.16434,0.6627,0.53945,1.16434,0.6627,0.53945,1.16434,0.6627,0.53945,1.16434,0.6627,0.53945,1.16434,0.6627,0.56613,0.14892,14.3373,0.56613,0.14892,14.3373,0.56613,0.14892,14.3373,0.56613,0.14892,14.3373
8,27,1,1,-1,0,2,2,0.000,0.0000,0.1550,0.53630,0.96301,1.0358,0.45278,1.08855,9.9642,0.53630,0.96301,1.0358,0.53630,0.96301,1.0358,0.53630,0.96301,1.0358,0.53630,0.96301,1.0358,0.89306,0.12049,1.0358,0.69550,0.34796,0.0358,0.69550,0.34796,0.0358,0.69550,0.34796,0.0358,0.69550,0.34796,0.0358
8,27,2,2,0,0,0,0,0.000,0.0000,0.3202,0.78617,0.21317,0.2274,0.39817,0.76736,38.2274,0.78617,0.21317,0.2274,0.78617,0.21317,0.2274,0.82851,0.16289,0.2274,0.78617,0.21317,0.2274,0.78617,0.21317,0.2274,0.51512,0.19921,18.2274,0.51512,0.19921,18.2274,0.51512,0.19921,18.2274,0.51512,0.19921,18.2274
8,27,4,1,-1,1,3,5,0.000,0.0000,5.2591,0.03442,1.09509,0.0335,0.37110,1.02954,37.9665,0.03442,1.09509,0.0335,0.03442,1.09509,0.0335,0.03442,1.09509,0.0335,0.03442,1.09509,0.0335,0.80017,0.22199,0.0335,0.20519,0.85862,0.0335,0.88940,0.11618,0.0335,0.02913,1.07964,0.0335,0.82517,0.30546,0.0335
8,28,0,2,0,0,1,1,0.000,0.0000,0.5097,0.76007,0.21399,6.3373,0.73225,0.26188,5.6627,0.76007,0.21399,6.3373,0.76007,0.21399,6.3373,0.71866,0.12169,6.3373,0.76007,0.21399,6.3373,0.76007,0.21399,6.3373,0.60555,0.10256,12.6627,0.60555,0.10256,12.6627,0.60555,0.10256,12.6627,0.60555,0.10256,12.6627
8,28,1,1,-1,0,2,2,0.000,0.0000,0.1054,0.72295,0.55736,0.0358,0.60926,0.58591,9.9642,0.72295,0.55736,0.0358,0.72295,0.55736,0.0358,0.72295,0.55736,0.0358,0.72295,0.55736,0.0358,0.90118,0.11450,0.0358,0.70746,0.33496,0.0358,0.70746,0.33496,0.0358,0.70746,0.33496,0.0358,0.70746,0.33496,0.0358
8,28,2,2,0,0,0,0,0.000,0.0000,0.2455,0.75480,0.22229,0.2274,0.41438,0.72275,38.2274,0.91240,0.08031,0.2274,0.81846,0.16300,0.2274,0.89666,0.05408,0.2274,0.91240,0.08031,0.2274,0.91240,0.08031,0.2274,0.51512,0.19921,18.2274,0.51512,0.19921,18.2274,0.51512,0.19921,18.2274,0.51512,0.19921,18.2274
8,28,4,1,-1,1,3,5,0.000,0.0000,4.1473,0.02640,1.18195,0.0335,0.37104,1.03128,37.9665,0.02640,1.18195,0.0335,0.02640,1.18195,0.0335,0.02640,1.18195,0.0335,0.02640,1.18195,0.0335,0.68317,0.38106,0.0335,0.10238,1.04739,3.9665,0.74601,0.28985,3.9665,0.03199,1.04066,0.0335,0.90178,0.10321,0.0335
8,29,0,2,-1,0,1,1,0.000,0.0000,0.5613,0.61351,0.26835,14.6627,0.74543,0.21874,5.6627,0.61351,0.26835,14.6627,0.61351,0.26835,14.6627,0.61351,0.26835,14.6627,0.61351,0.26835,14.6627,0.62230,0.06123,14.6627,0.60555,0.10256,12.6627,0.60555,0.10256,12.6627,0.60555,0.10256,12.6627,0.60555,0.10256,12.6627
8,29,1,2,0,0,2,2,0.000,0.0000,0.1574,0.83875,0.14453,0.9642,0.71304,0.07546,9.9642,0.79326,0.18363,0.9642,0.83875,0.14453,0.9642,0.72128,0.37659,0.9642,0.79326,0.18363,0.9642,0.79326,0.18363,0.9642,0.70427,0.32974,0.0358,0.70427,0.32974,0.0358,0.70427,0.32974,0.0358,0.70427,0.32974,0.0358
8,29,2,2,0,0,0,0,0.000,0.0000,0.1607,0.96042,0.04049,0.2274,0.40830,0.72138,38.2274,0.96042,0.04049,0.2274,0.96042,0.04049,0.2274,0.89666,0.06099,0.2274,0.96042,0.04049,0.2274,0.96042,0.04049,0.2274,0.50315,0.09390,18.2274,0.50315,0.09390,18.2274,0.50315,0.09390,18.2274,0.50315,0.09390,18.2274
8,29,4,2,-1,1,3,5,0.000,0.0000,3.3062,0.07472,1.15823,3.0335,0.39870,0.93704,37.9665,0.07472,1.15823,3.0335,0.07472,1.15823,3.0335,0.07472,1.15823,3.0335,0.07472,1.15823,3.0335,0.62889,0.45822,3.0335,0.10487,1.04449,3.9665,0.74601,0.28985,3.9665,0.03199,1.04066,0.0335,0.90080,0.10365,0.0335
8,30,0,2,-1,0,1,1,0.000,0.0000,0.6933,0.79709,0.21926,0.3373,0.76216,0.13194,5.6627,0.79709,0.21926,0.3373,0.79709,0.21926,0.3373,0.79709,0.21926,0.3373,0.79709,0.21926,0.3373,0.76385,0.23207,0.3373,0.60555,0.10256,12.6627,0.60555,0.10256,12.6627,0.60555,0.10256,12.6627,0.60555,0.10256,12.6627
8,30,1,2,0,0,2,2,0.000,0.0000,0.1816,0.90647,0.05785,0.9642,0.70403,0.08518,9.9642,0.85102,0.15157,0.9642,0.90647,0.05785,0.9642,0.76520,0.36774,0.9642,0.85102,0.15157,0.9642,0.85102,0.15157,0.9642,0.70118,0.32431,0.0358,0.70118,0.32431,0.0358,0.70118,0.32431,0.0358,0.70118,0.32431,0.0358
8,30,2,2,0,0,0,0,0.000,0.0000,0.1185,0.93894,0.05554,0.2274,0.39971,0.73305,38.2274,0.93894,0.05553,0.2274,0.93894,0.05553,0.2274,0.89666,0.05817,0.2274,0.93894,0.05553,0.2274,0.93894,0.05553,0.2274,0.50315,0.09390,18.2274,0.50315,0.09390,18.2274,0.50315,0.09390,18.2274,0.50315,0.09390,18.2274
8,30,4,2,-1,1,3,5,0.000,0.0000,2.5670,0.52088,0.56259,4.9665,0.42700,0.77845,37.9665,0.52088,0.56259,4.9665,0.52088,0.56259,4.9665,0.52088,0.56259,4.9665,0.52088,0.56259,4.9665,0.71840,0.32641,4.9665,0.10487,1.04451,3.9665,0.74586,0.29001,3.9665,0.03168,1.05414,0.0335,0.87729,0.13052,0.0335
8,31,0,2,0,0,1,1,0.000,0.0000,0.6803,0.88456,0.12153,2.3373,0.75686,0.19669,5.6627,0.87125,0.09996,2.3373,0.88456,0.12153,2.3373,0.79569,0.30147,2.3373,0.87125,0.09996,2.3373,0.87125,0.09996,2.3373,0.60555,0.10256,12.6627,0.60555,0.10256,12.6627,0.60555,0.10256,12.6627,0.60555,0.10256,12.6627
8,31,1,2,-1,0,2,2,0.000,0.0000,0.3033,0.69344,0.41223,0.9642,0.61921,0.40172,9.9642,0.69344,0.41223,0.9642,0.69344,0.41223,0.9642,0.69344,0.41223,0.9642,0.69344,0.41223,0.9642,0.69344,0.41223,0.9642,0.65349,0.27981,0.0358,0.65349,0.27981,0.0358,0.65349,0.27981,0.0358,0.65349,0.27981,0.0358
8,31,2,2,0,0,0,0,0.000,0.0000,0.0942,0.96689,0.02985,0.2274,0.40166,0.71222,38.2274,0.96689,0.02985,0.2274,0.96689,0.02985,0.2274,0.89666,0.06763,0.2274,0.96689,0.02985,0.2274,0.96689,0.02985,0.2274,0.50315,0.09390,18.2274,0.50315,0.09390,18.2274,0.50315,0.09390,18.2274,0.50315,0.09390,18.2274
8,31,4,2,-1,1,3,5,0.000,0.0000,2.0168,0.83313,0.19785,0.0335,0.40523,0.66336,37.9665,0.83313,0.19785,0.0335,0.83313,0.19785,0.0335,0.83313,0.19785,0.0335,0.83313,0.19785,0.0335,0.83765,0.19580,0.0335,0.10487,1.04451,3.9665,0.74586,0.29001,3.9665,0.03168,1.05414,0.0335,0.87729,0.13052,0.0335
8,32,0,2,-1,0,1,1,0.000,0.0000,0.6333,0.72662,0.22737,7.6627,0.75106,0.20382,5.6627,0.72662,0.22737,7.6627,0.72662,0.22737,7.6627,0.72662,0.22737,7.6627,0.72662,0.22737,7.6627,0.74680,0.01358,7.6627,0.59980,0.08718,12.6627,0.59980,0.08718,12.6627,0.59980,0.08718,12.6627,0.59980,0.08718,12.6627
8,32,1,2,-1,0,2,2,0.000,0.0000,0.0670,0.64829,0.25099,3.9642,0.63733,0.09317,9.9642,0.64829,0.25099,3.9642,0.64829,0.25099,3.9642,0.64829,0.25099,3.9642,0.64829,0.25099,3.9642,0.63553,0.23498,3.9642,0.55153,0.33411,8.0358,0.55153,0.33411,8.0358,0.55153,0.33411,8.0358,0.55153,0.33411,8.0358
8,32,2,2,0,0,0,0,0.000,0.0000,0.0541,0.93840,0.09456,0.2274,0.39587,0.77016,38.2274,0.93841,0.09456,0.2274,0.93841,0.09456,0.2274,0.89666,0.06536,0.2274,0.93841,0.09456,0.2274,0.93841,0.09456,0.2274,0.50315,0.09390,18.2274,0.50315,0.09390,18.2274,0.50315,0.09390,18.2274,0.50315,0.09390,18.2274
8,32,4,2,1,1,3,5,0.000,0.0000,1.5732,0.77543,0.27598,0.0335,0.41087,0.64626,37.9665,0.77543,0.27598,0.0335,0.77543,0.27598,0.0335,0.71027,0.40096,0.0335,0.77543,0.27598,0.0335,0.77543,0.27598,0.0335,0.25455,0.83570,1.9665,0.82026,0.19642,1.9665,0.23722,0.83350,0.9665,0.87011,0.13874,0.9665
8,33,0,2,-1,0,1,1,0.000,0.0000,0.6365,0.79044,0.22337,0.3373,0.75954,0.16017,5.6627,0.79044,0.22337,0.3373,0.79044,0.22337,0.3373,0.79044,0.22337,0.3373,0.79044,0.22337,0.3373,0.76538,0.22752,0.3373,0.59911,0.08539,12.6627,0.59911,0.08539,12.6627,0.59911,0.08539,12.6627,0.59911,0.08539,12.6627
8,33,1,2,-1,0,2,2,0.000,0.0000,0.1920,0.63478,0.18535,14.9642,0.70127,0.14784,9.9642,0.63478,0.18535,14.9642,0.63478,0.18535,14.9642,0.63478,0.18535,14.9642,0.63478,0.18535,14.9642,0.62657,0.18358,14.9642,0.50217,0.32680,12.0358,0.50217,0.32680,12.0358,0.50217,0.32680,12.0358,0.50217,0.32680,12.0358
8,33,2,2,0,0,0,0,0.000,0.0000,0.0467,0.87807,0.11345,0.2274,0.40134,0.75200,38.2274,0.90959,0.09071,0.2274,0.87807,0.11345,0.2274,0.89666,0.06082,0.2274,0.90959,0.09071,0.2274,0.90959,0.09071,0.2274,0.50304,0.09364,18.2274,0.50304,0.09364,18.2274,0.50304,0.09364,18.2274,0.50304,0.09364,18.2274
8,33,4,2,-1,1,3,5,0.000,0.0000,1.2370,0.74425,0.30717,1.0335,0.39807,0.64283,37.9665,0.74425,0.30717,1.0335,0.74425,0.30717,1.0335,0.74425,0.30717,1.0335,0.74425,0.30717,1.0335,0.74425,0.30717,1.0335,0.66247,0.38887,3.9665,0.74431,0.29163,3.9665,0.66080,0.38931,3.9665,0.74725,0.28770,3.9665
8,34,0,2,0,0,1,1,0.000,0.0000,0.5120,0.94115,0.08803,0.3373,0.77198,0.17616,5.6627,0.92316,0.09026,0.3373,0.94115,0.08803,0.3373,0.81053,0.31415,0.3373,0.92316,0.09026,0.3373,0.92316,0.09026,0.3373,0.59911,0.08539,12.6627,0.59910,0.08539,12.6627,0.59911,0.08539,12.6627,0.59910,0.08539,12.6627
8,34,1,2,-1,0,2,2,0.000,0.0000,0.2907,0.68797,0.22762,11.9642,0.70445,0.22362,9.9642,0.68797,0.22762,11.9642,0.68797,0.22762,11.9642,0.68797,0.22762,11.9642,0.68797,0.22762,11.9642,0.67099,0.23277,11.9642,0.50217,0.32680,12.0358,0.50217,0.32680,12.0358,0.50217,0.32680,12.0358,0.50217,0.32680,12.0358
8,34,2,2,0,0,0,0,0.000,0.0000,0.0625,0.82234,0.16037,0.2274,0.41738,0.69518,38.2274,0.92662,0.06494,0.2274,0.83151,0.15182,0.2274,0.89666,0.06290,0.2274,0.92662,0.06494,0.2274,0.92662,0.06494,0.2274,0.50304,0.09364,18.2274,0.50304,0.09363,18.2274,0.50304,0.09364,18.2274,0.50304,0.09363,18.2274
8,34,4,2,-1,1,3,5,0.000,0.0000,1.0375,0.69101,0.25803,2.9665,0.40744,0.38941,37.9665,0.69101,0.25803,2.9665,0.69101,0.25803,2.9665,0.69101,0.25803,2.9665,0.69101,0.25803,2.9665,0.69101,0.25803,2.9665,0.86662,0.15485,0.0335,0.86662,0.15485,0.0335,0.86720,0.15495,0.0335,0.86668,0.15485,0.0335
8,35,0,2,0,0,1,1,0.000,0.0000,0.4030,0.93418,0.09804,0.3373,0.78351,0.18360,5.6627,0.92086,0.08689,0.3373,0.93418,0.09804,0.3373,0.81053,0.31049,0.3373,0.92086,0.08689,0.3373,0.92086,0.08689,0.3373,0.59911,0.08539,12.6627,0.59911,0.08539,12.6627,0.59911,0.08539,12.6627,0.59911,0.08539,12.6627
8,35,1,2,0,0,2,2,0.000,0.0000,0.2665,0.84610,0.15633,0.0358,0.71976,0.21385,9.9642,0.78640,0.22090,0.0358,0.84610,0.15633,0.0358,0.71499,0.41252,0.0358,0.78640,0.22090,0.0358,0.78640,0.22090,0.0358,0.50217,0.32680,12.0358,0.50217,0.32680,12.0358,0.50217,0.32680,12.0358,0.50217,0.32680,12.0358
8,35,2,2,0,0,0,0,0.000,0.0000,0.0311,0.91759,0.11064,0.2274,0.39004,0.79673,38.2274,0.91759,0.11064,0.2274,0.91759,0.11064,0.2274,0.89666,0.05975,0.2274,0.91759,0.11064,0.2274,0.91759,0.11064,0.2274,0.50304,0.09364,18.2274,0.50304,0.09364,18.2274,0.50304,0.09364,18.2274,0.50304,0.09364,18.2274
8,35,4,2,-1,1,3,5,0.000,0.0000,1.0181,0.33789,1.27341,9.9665,0.33005,0.93747,37.9665,0.33789,1.27341,9.9665,0.33789,1.27341,9.9665,0.33789,1.27341,9.9665,0.33789,1.27341,9.9665,0.33570,1.29286,9.9665,0.86634,0.15488,0.0335,0.86634,0.15488,0.0335,0.86691,0.15500,0.0335,0.86668,0.15493,0.0335
8,36,0,2,0,0,1,1,0.000,0.0000,0.3086,0.95548,0.04855,0.3373,0.78567,0.12838,5.6627,0.91840,0.08757,0.3373,0.95548,0.04856,0.3373,0.81053,0.31013,0.3373,0.91840,0.08757,0.3373,0.91840,0.08757,0.3373,0.59411,0.07297,12.6627,0.59411,0.07297,12.6627,0.59411,0.07297,12.6627,0.59411,0.07297,12.6627
8,36,1,2,-1,0,2,2,0.000,0.0000,0.2638,0.80598,0.19471,0.0358,0.71065,0.23172,9.9642,0.80598,0.19471,0.0358,0.80598,0.19471,0.0358,0.80598,0.19471,0.0358,0.80598,0.19471,0.0358,0.74883,0.25466,0.0358,0.58434,0.27747,3.0358,0.58434,0.27747,3.0358,0.58434,0.27747,3.0358,0.58434,0.27747,3.0358
8,36,2,2,0,0,0,0,0.000,0.0000,0.0344,0.93309,0.08334,0.7726,0.40857,0.73301,38.2274,0.93309,0.08334,0.7726,0.93309,0.08334,0.7726,0.89666,0.05099,0.7726,0.93309,0.08334,0.7726,0.93309,0.08334,0.7726,0.50304,0.09364,18.2274,0.50304,0.09364,18.2274,0.50304,0.09364,18.2274,0.50304,0.09364,18.2274
8,36,4,2,-1,1,3,5,0.000,0.0000,0.6658,0.78325,0.26100,2.0335,0.40105,0.71255,37.9665,0.78325,0.26100,2.0335,0.78325,0.26100,2.0335,0.78325,0.26100,2.0335,0.78325,0.26100,2.0335,0.78827,0.25397,2.0335,0.86634,0.15488,0.0335,0.86634,0.15488,0.0335,0.86691,0.15500,0.0335,0.86668,0.15493,0.0335
9,0,0,2,0,0,2,2,0.000,0.0000,0.0000,0.01947,1.05391,0.6626,0.02068,1.06009,0.3374,0.57395,1.12525,0.6626,0.56587,0.91070,0.6626,0.51375,1.34924,0.6626,0.57395,1.12525,0.6626,0.57395,1.12525,0.6626,0.01947,1.05391,0.6626,0.57395,1.12525,0.6626,0.01947,1.05391,0.6626,0.57395,1.12525,0.6626
9,0,1,1,0,0,3,3,0.000,0.0000,0.0000,0.00808,2.48994,0.0253,0.02535,2.48507,6.9747,0.84729,0.29096,0.0253,0.75529,0.51467,0.0253,0.90681,0.07541,0.0253,0.22899,1.63852,0.0253,0.84729,0.29096,0.0253,0.00808,2.48995,0.0253,0.84729,0.29096,0.0253,0.00808,2.48995,0.0253,0.84729,0.29096,0.0253
9,0,2,2,-1,0,0,0,0.000,0.0000,0.0000,0.34751,1.15396,8.3587,0.33198,0.95550,18.3587,0.34751,1.15396,8.3587,0.34751,1.15396,8.3587,0.34751,1.15396,8.3587,0.34751,1.15396,8.3587,0.34751,1.15396,8.3587,0.35425,1.20114,5.3587,0.35425,1.20114,5.3587,0.35425,1.20114,5.3587,0.35425,1.20114,5.3587
9,0,4,2,-1,1,4,4,0.000,0.0000,0.0000,0.91734,0.10130,0.4369,0.37825,0.82036,36.4369,0.91734,0.10130,0.4369,0.91734,0.10130,0.4369,0.91734,0.10130,0.4369,0.91734,0.10130,0.4369,0.94639,0.08660,0.4369,0.91734,0.10130,0.4369,0.94639,0.08660,0.4369,0.91734,0.10130,0.4369,0.94639,0.08660,0.4369
9,1,0,2,0,0,2,2,0.000,0.0000,0.1793,0.02432,1.06599,0.6626,0.02577,1.06908,0.3374,0.57047,1.11072,0.6626,0.56161,0.89801,0.6626,0.51731,1.33358,0.6626,0.57047,1.11072,0.6626,0.57047,1.11072,0.6626,0.01560,1.05606,0.6626,0.57395,1.12525,0.6626,0.01560,1.05606,0.6626,0.57395,1.12525,0.6626
9,1,1,1,0,0,3,3,0.000,0.0000,0.8568,0.00938,2.48579,0.0253,0.02295,2.48683,6.9747,0.83130,0.29391,0.0253,0.72644,0.51625,0.0253,0.90688,0.08660,0.0253,0.22902,1.63888,0.0253,0.83130,0.29391,0.0253,0.00576,2.48955,0.0253,0.84934,0.28467,0.0253,0.00576,2.48955,0.0253,0.84934,0.28467,0.0253
9,1,2,2,-1,0,0,0,0.000,0.0000,14.6139,0.41413,0.69662,43.6413,0.51592,0.58167,18.3587,0.41413,0.69662,43.6413,0.41413,0.69662,43.6413,0.41413,0.69662,43.6413,0.41413,0.69662,43.6413,0.38215,0.69662,43.6413,0.80413,0.19025,4.3587,0.77026,0.19795,4.3587,0.80413,0.19025,4.3587,0.77026,0.19795,4.3587
9,1,4,2,-1,1,4,4,0.000,0.0000,0.7991,0.88309,0.18064,1.5631,0.37909,0.86162,36.4369,0.88309,0.18064,1.5631,0.88309,0.18064,1.5631,0.88309,0.18064,1.5631,0.88309,0.18064,1.5631,0.88309,0.18064,1.5631,0.54300,1.07600,0.4369,0.90136,0.23931,0.4369,0.54300,1.07600,0.4369,0.90136,0.23931,0.4369
9,2,0,2,0,0,2,2,0.000,0.0000,0.3061,0.02147,1.06285,0.6626,0.02520,1.05594,0.3374,0.54771,1.18670,0.6626,0.53899,0.97370,0.6626,0.49998,1.40921,0.6626,0.54771,1.18670,0.6626,0.54771,1.18670,0.6626,0.00951,1.10006,0.3374,0.53115,1.25587,0.3374,0.00951,1.10006,0.3374,0.53115,1.25587,0.3374
9,2,1,1,0,0,3,3,0.000,0.0000,0.2692,0.00828,2.49074,0.0253,0.02310,2.48084,6.9747,0.86382,0.29530,0.0253,0.69946,0.52015,0.0253,0.90436,0.07143,0.0253,0.22787,1.64501,0.0253,0.86382,0.29530,0.0253,0.00454,2.47598,1.0253,0.82743,0.25961,1.0253,0.00454,2.47598,1.0253,0.82743,0.25961,1.0253
9,2,2,2,-1,0,0,0,0.000,0.0000,5.6243,0.62235,0.25494,13.6413,0.54120,0.51300,18.3587,0.62235,0.25494,13.6413,0.62235,0.25494,13.6413,0.62235,0.25494,13.6413,0.62235,0.25494,13.6413,0.61948,0.02446,13.6413,0.93431,0.09352,0.3587,0.89750,0.14027,0.3587,0.93431,0.09352,0.3587,0.89750,0.14027,0.3587
9,2,4,2,-1,1,4,4,0.000,0.0000,0.2969,0.87659,0.12152,0.4369,0.38280,0.78705,36.4369,0.87659,0.12152,0.4369,0.87659,0.12152,0.4369,0.87659,0.12152,0.4369,0.87659,0.12152,0.4369,0.95516,0.04439,0.4369,0.11786,2.33101,0.5631,0.90320,0.25216,0.5631,0.11786,2.33101,0.5631,0.90320,0.25216,0.5631
9,3,0,2,0,0,2,2,0.000,0.0000,0.6902,0.04928,1.09491,3.3374,0.07630,1.05404,0.3374,0.49101,1.30369,3.3374,0.48162,1.09130,3.3374,0.47228,1.52504,3.3374,0.49101,1.30369,3.3374,0.49101,1.30369,3.3374,0.00958,1.09573,0.3374,0.53561,1.23823,0.3374,0.00958,1.09573,0.3374,0.53561,1.23823,0.3374
9,3,1,1,0,0,3,3,0.000,0.0000,0.1267,0.00797,2.49551,1.0253,0.02840,2.47790,6.9747,0.85550,0.30037,1.0253,0.72600,0.52531,1.0253,0.90263,0.07579,1.0253,0.22700,1.65026,1.0253,0.85550,0.30037,1.0253,0.00622,2.47870,0.9747,0.86947,0.26243,0.9747,0.00622,2.47870,0.9747,0.86947,0.26243,0.9747
9,3,2,2,-1,0,0,0,0.000,0.0000,2.2904,0.53569,0.43629,8.6413,0.52775,0.49802,18.3587,0.53569,0.43629,8.6413,0.53569,0.43629,8.6413,0.53569,0.43629,8.6413,0.53569,0.43629,8.6413,0.54601,0.38340,8.6413,0.86932,0.13259,1.6413,0.84966,0.02841,1.6413,0.86932,0.13259,1.6413,0.84966,0.02841,1.6413
9,3,4,2,-1,1,4,4,0.000,0.0000,0.0317,0.83439,0.18355,0.4369,0.38093,0.85065,36.4369,0.83439,0.18355,0.4369,0.83439,0.18355,0.4369,0.83439,0.18355,0.4369,0.83439,0.18355,0.4369,0.93266,0.12796,0.4369,0.11841,2.33056,0.5631,0.90320,0.25216,0.5631,0.11841,2.33056,0.5631,0.90320,0.25216,0.5631
9,4,0,2,0,0,2,2,0.000,0.0000,1.1651,0.14942,1.05346,15.3374,0.26684,0.89914,0.3374,0.50405,0.81892,15.3374,0.43336,0.85102,15.3374,0.54473,0.79576,15.3374,0.50405,0.81892,15.3374,0.50405,0.81892,15.3374,0.00958,1.09573,0.3374,0.53561,1.23823,0.3374,0.00958,1.09573,0.3374,0.53561,1.23823,0.3374
9,4,1,1,0,0,3,3,0.000,0.0000,0.0504,0.01107,2.48415,0.0253,0.02579,2.47965,6.9747,0.84645,0.29509,0.0253,0.75428,0.51887,0.0253,0.90530,0.07862,0.0253,0.22830,1.64277,0.0253,0.84645,0.29509,0.0253,0.00903,2.47441,0.0253,0.86930,0.26740,0.0253,0.00903,2.47441,0.0253,0.86930,0.26740,0.0253
9,4,2,2,0,0,0,0,0.000,0.0000,2.1835,0.72174,0.29941,4.3587,0.42786,0.71195,18.3587,0.68327,0.32008,4.3587,0.72174,0.29941,4.3587,0.62455,0.45224,4.3587,0.68327,0.32008,4.3587,0.68327,0.32008,4.3587,0.81143,0.14591,3.6413,0.79548,0.01693,3.6413,0.81143,0.14591,3.6413,0.79548,0.01693,3.6413
9,4,4,2,-1,1,4,4,0.000,0.0000,0.1094,0.84625,0.15157,0.4369,0.37896,0.82555,36.4369,0.84625,0.15157,0.4369,0.84625,0.15157,0.4369,0.84625,0.15157,0.4369,0.84625,0.15157,0.4369,0.94750,0.06225,0.4369,0.17357,1.85164,0.4369,0.90136,0.23931,0.4369,0.17357,1.85164,0.4369,0.90136,0.23931,0.4369
9,5,0,2,0,0,2,2,0.000,0.0000,0.3910,0.01733,1.11264,0.3374,0.01733,1.11264,0.3374,0.50680,1.36182,0.3374,0.49961,1.14540,0.3374,0.46112,1.58575,0.3374,0.50680,1.36182,0.3374,0.50680,1.36182,0.3374,0.01148,1.09368,0.3374,0.53561,1.23823,0.3374,0.01148,1.09368,0.3374,0.53561,1.23823,0.3374
9,5,1,1,0,0,3,3,0.000,0.0000,0.0094,0.00922,2.48345,0.0253,0.02602,2.48123,6.9747,0.86918,0.28061,0.0253,0.77893,0.50543,0.0253,0.90956,0.05718,0.0253,0.23025,1.63028,0.0253,0.86918,0.28061,0.0253,0.00873,2.48318,1.0253,0.84613,0.28114,1.0253,0.00873,2.48318,1.0253,0.84613,0.28114,1.0253
9,5,2,2,0,0,0,0,0.000,0.0000,2.1072,0.45147,0.61572,0.3587,0.26186,0.98265,18.3587,0.57649,0.46624,0.3587,0.53645,0.52011,0.3587,0.59415,0.52885,0.3587,0.57649,0.46624,0.3587,0.57649,0.46624,0.3587,0.74642,0.14208,6.6413,0.72734,0.01221,6.6413,0.74642,0.14208,6.6413,0.72734,0.01221,6.6413
9,5,4,2,-1,1,4,4,0.000,0.0000,0.0593,0.82763,0.20928,0.5631,0.38543,0.84620,36.4369,0.82763,0.20928,0.5631,0.82763,0.20928,0.5631,0.82763,0.20928,0.5631,0.82763,0.20928,0.5631,0.92154,0.16683,0.5631,0.34743,0.66093,0.4369,0.92474,0.15931,0.4369,0.34743,0.66093,0.4369,0.92474,0.15931,0.4369
9,6,0,2,0,0,2,2,0.000,0.0000,0.4739,0.01865,1.20355,0.3374,0.01865,1.20355,0.3374,0.42654,1.42912,0.3374,0.41344,1.22772,0.3374,0.43185,1.64162,0.3374,0.42654,1.42912,0.3374,0.42654,1.42912,0.3374,0.01752,1.08558,0.6626,0.54166,1.22283,0.6626,0.01752,1.08558,0.6626,0.54166,1.22283,0.6626
9,6,1,1,0,0,3,3,0.000,0.0000,0.0118,0.01073,2.48197,0.0253,0.02282,2.49589,6.9747,0.86640,0.28827,0.0253,0.73940,0.51309,0.0253,0.90686,0.06471,0.0253,0.22901,1.63794,0.0253,0.86640,0.28827,0.0253,0.01013,2.48199,0.0253,0.87379,0.28173,0.0253,0.01013,2.48199,0.0253,0.87379,0.28173,0.0253
9,6,2,1,0,0,0,0,0.000,0.0000,1.6208,0.03171,1.01124,0.3587,0.26004,0.91521,18.3587,0.68722,0.27237,0.3587,0.65021,0.36234,0.3587,0.69573,0.18242,0.3587,0.68722,0.27237,0.3587,0.68722,0.27237,0.3587,0.69995,0.17258,8.6413,0.68734,0.03097,8.6413,0.69995,0.17258,8.6413,0.68734,0.03097,8.6413
9,6,4,2,-1,1,4,4,0.000,0.0000,0.2520,0.79074,0.31254,3.5631,0.38186,0.84103,36.4369,0.79074,0.31254,3.5631,0.79074,0.31254,3.5631,0.79074,0.31254,3.5631,0.79074,0.31254,3.5631,0.79074,0.31254,3.5631,0.75647,0.26142,0.4369,0.91988,0.16049,0.4369,0.75647,0.26142,0.4369,0.91988,0.16049,0.4369
9,7,0,2,0,0,2,2,0.000,0.0000,0.5295,0.01895,1.15387,0.3374,0.01895,1.15387,0.3374,0.47651,1.49357,0.3374,0.47002,1.27600,0.3374,0.43333,1.71779,0.3374,0.47651,1.49357,0.3374,0.47651,1.49357,0.3374,0.01752,1.08558,0.6626,0.54166,1.22283,0.6626,0.01752,1.08558,0.6626,0.54166,1.22283,0.6626
9,7,1,1,0,0,3,3,0.000,0.0000,0.0099,0.00844,2.48889,0.9747,0.02510,2.47995,6.9747,0.86176,0.28868,0.9747,0.75292,0.51357,0.9747,0.90678,0.06459,0.9747,0.22891,1.63847,0.9747,0.86176,0.28868,0.9747,0.01011,2.48496,0.0253,0.87166,0.28767,0.0253,0.01011,2.48496,0.0253,0.87166,0.28767,0.0253
9,7,2,1,0,0,0,0,0.000,0.0000,1.4750,0.08789,1.06524,4.3587,0.25637,1.02175,18.3587,0.51784,0.52442,4.3587,0.46207,0.61438,4.3587,0.54020,0.43448,4.3587,0.51784,0.52442,4.3587,0.51784,0.52442,4.3587,0.69995,0.17258,8.6413,0.68171,0.17258,8.6413,0.69995,0.17258,8.6413,0.68171,0.17258,8.6413
9,7,4,2,-1,1,4,4,0.000,0.0000,0.1775,0.84298,0.19380,0.4369,0.38164,0.82351,36.4369,0.84298,0.19380,0.4369,0.84298,0.19380,0.4369,0.84298,0.19380,0.4369,0.84298,0.19380,0.4369,0.92691,0.15467,0.4369,0.75647,0.26142,0.4369,0.91988,0.16049,0.4369,0.75647,0.26142,0.4369,0.91988,0.16049,0.4369
9,8,0,2,-1,0,2,2,0.000,0.0000,2.0994,0.05275,2.70979,8.3374,0.07544,2.54865,0.3374,0.05275,2.70979,8.3374,0.05275,2.70979,8.3374,0.05275,2.70979,8.3374,0.05275,2.70979,8.3374,0.08541,2.61137,8.3374,0.01748,1.08834,0.6626,0.53851,1.22323,0.6626,0.01748,1.08834,0.6626,0.53851,1.22323,0.6626
9,8,1,1,0,0,3,3,0.000,0.0000,0.0134,0.01080,2.47588,0.0253,0.02366,2.48540,6.9747,0.86994,0.27814,0.0253,0.71712,0.50314,0.0253,0.91030,0.05321,0.0253,0.23058,1.62813,0.0253,0.86994,0.27814,0.0253,0.01011,2.48496,0.0253,0.87166,0.28767,0.0253,0.01011,2.48496,0.0253,0.87166,0.28767,0.0253
9,8,2,1,0,0,0,0,0.000,0.0000,0.9694,0.03901,0.91768,0.6413,0.26298,0.90953,18.3587,0.83310,0.09465,0.6413,0.80240,0.18407,0.6413,0.77368,0.01533,0.6413,0.83310,0.09465,0.6413,0.83310,0.09465,0.6413,0.69935,0.17254,8.6413,0.68112,0.17254,8.6413,0.69935,0.17254,8.6413,0.68112,0.17254,8.6413
9,8,4,2,-1,1,4,4,0.000,0.0000,0.0620,0.87262,0.12854,0.4369,0.38055,0.81367,36.4369,0.87262,0.12854,0.4369,0.87262,0.12854,0.4369,0.87262,0.12854,0.4369,0.87262,0.12854,0.4369,0.94786,0.07152,0.4369,0.77557,0.22244,0.4369,0.94315,0.08305,0.4369,0.77557,0.22244,0.4369,0.94315,0.08305,0.4369
9,9,0,2,0,0,2,2,0.000,0.0000,1.6030,0.28921,1.14929,17.3374,0.44647,0.91521,0.3374,0.39651,1.13840,17.3374,0.35678,1.14929,17.3374,0.44963,1.11530,17.3374,0.39651,1.13840,17.3374,0.39651,1.13840,17.3374,0.01868,1.09755,0.6626,0.53851,1.22323,0.6626,0.01868,1.09755,0.6626,0.53851,1.22323,0.6626
9,9,1,1,0,0,3,3,0.000,0.0000,0.0101,0.00837,2.49310,0.9747,0.02369,2.48447,6.9747,0.85351,0.29967,0.9747,0.71769,0.52419,0.9747,0.90321,0.07798,0.9747,0.22728,1.64875,0.9747,0.85351,0.29967,0.9747,0.01011,2.48496,0.0253,0.87166,0.28767,0.0253,0.01011,2.48496,0.0253,0.87166,0.28767,0.0253
9,9,2,1,0,0,0,0,0.000,0.0000,0.8527,0.03175,1.08228,0.3587,0.26537,0.90401,18.3587,0.58368,0.41922,0.3587,0.54187,0.50922,0.3587,0.60082,0.32922,0.3587,0.58368,0.41922,0.3587,0.58368,0.41922,0.3587,0.69935,0.17254,8.6413,0.68112,0.17254,8.6413,0.69935,0.17254,8.6413,0.68112,0.17254,8.6413
9,9,4,2,-1,1,4,4,0.000,0.0000,0.3167,0.63947,0.50506,0.4369,0.38071,0.81983,36.4369,0.63947,0.50506,0.4369,0.63947,0.50506,0.4369,0.63947,0.50506,0.4369,0.63947,0.50506,0.4369,0.63947,0.50507,0.4369,0.82958,0.17150,0.4369,0.94231,0.08568,0.4369,0.82958,0.17150,0.4369,0.94231,0.08568,0.4369
9,10,0,2,0,0,2,2,0.000,0.0000,0.7862,0.11889,1.20694,0.3374,0.11889,1.20694,0.3374,0.38709,1.91621,0.3374,0.38253,1.69606,0.3374,0.35094,2.14116,0.3374,0.38709,1.91621,0.3374,0.38709,1.91621,0.3374,0.01873,1.09896,0.6626,0.53851,1.22323,0.6626,0.01873,1.09896,0.6626,0.53851,1.22323,0.6626
9,10,1,1,0,0,3,3,0.000,0.0000,0.0041,0.00972,2.48427,0.0253,0.02672,2.47715,6.9747,0.86620,0.28859,0.0253,0.72107,0.51351,0.0253,0.90667,0.06424,0.0253,0.22893,1.63843,0.0253,0.86620,0.28859,0.0253,0.01011,2.48496,0.0253,0.87166,0.28767,0.0253,0.01011,2.48496,0.0253,0.87166,0.28767,0.0253
9,10,2,2,0,0,0,0,0.000,0.0000,0.7182,0.02761,1.08794,0.6413,0.26377,0.93135,18.3587,0.58001,0.46412,0.6413,0.54171,0.51115,0.6413,0.59693,0.53493,0.6413,0.58001,0.46412,0.6413,0.58001,0.46412,0.6413,0.61104,0.24794,13.6413,0.59419,0.24794,13.6413,0.61104,0.24794,13.6413,0.59419,0.24794,13.6413
9,10,4,2,-1,1,4,4,0.000,0.0000,0.1778,0.29870,0.70920,0.5631,0.38344,0.89988,36.4369,0.29870,0.70920,0.5631,0.29870,0.70920,0.5631,0.29870,0.70920,0.5631,0.29870,0.70920,0.5631,0.92686,0.15349,0.5631,0.82958,0.17150,0.4369,0.94231,0.08569,0.4369,0.82958,0.17150,0.4369,0.94231,0.08569,0.4369
9,11,1,1,0,0,3,3,0.000,0.0000,0.0254,0.01107,2.48088,0.0253,0.02706,2.48292,6.9747,0.85601,0.28770,0.0253,0.75668,0.51190,0.0253,0.90756,0.06897,0.0253,0.22933,1.63619,0.0253,0.85601,0.28770,0.0253,0.01011,2.48496,0.0253,0.87166,0.28767,0.0253,0.01011,2.48496,0.0253,0.87166,0.28767,0.0253
9,11,2,2,-1,0,0,0,0.000,0.0000,0.3640,0.68928,0.11737,7.6413,0.46815,0.42259,18.3587,0.68928,0.11737,7.6413,0.68928,0.11737,7.6413,0.68928,0.11737,7.6413,0.68928,0.11737,7.6413,0.68928,0.11737,7.6413,0.61104,0.24794,13.6413,0.59419,0.24794,13.6413,0.61104,0.24794,13.6413,0.59419,0.24794,13.6413
9,11,4,2,-1,1,4,4,0.000,0.0000,0.0986,0.22564,0.80070,0.5631,0.37584,0.93243,36.4369,0.22564,0.80070,0.5631,0.22564,0.80070,0.5631,0.22564,0.80070,0.5631,0.22564,0.80070,0.5631,0.91402,0.18670,0.5631,0.83890,0.15811,0.4369,0.95293,0.05413,0.4369,0.83890,0.15811,0.4369,0.95293,0.05413,0.4369
9,12,0,2,0,0,2,6,0.000,0.0000,0.6935,0.36433,1.36138,0.3374,0.36433,1.36138,0.3374,0.25212,1.57538,0.3374,0.26923,1.46882,0.3374,0.24630,1.65614,0.3374,0.25212,1.57538,0.3374,0.25212,1.57538,0.3374,0.05151,1.06478,3.3374,0.51785,1.19467,3.3374,0.11670,1.82283,0.3374,0.24911,1.68672,0.3374
9,12,1,1,0,0,3,3,0.000,0.0000,0.0350,0.00937,2.48906,0.0253,0.02373,2.48625,6.9747,0.85682,0.29584,0.0253,0.74118,0.51967,0.0253,0.86064,0.13700,0.0253,0.22079,2.14556,0.0253,0.85682,0.29584,0.0253,0.01011,2.48496,0.0253,0.87166,0.28767,0.0253,0.01011,2.48496,0.0253,0.87166,0.28767,0.0253
9,12,2,2,0,0,0,0,0.000,0.0000,0.2240,0.78693,0.23164,0.3587,0.57412,0.29428,18.3587,0.72880,0.28464,0.3587,0.78693,0.23164,0.3587,0.66475,0.45404,0.3587,0.72880,0.28464,0.3587,0.72880,0.28464,0.3587,0.61104,0.24794,13.6413,0.56379,0.42684,13.6413,0.61104,0.24794,13.6413,0.56379,0.42684,13.6413
9,12,4,2,-1,1,4,4,0.000,0.0000,0.1091,0.09385,0.99005,3.4369,0.37467,0.92969,36.4369,0.09385,0.99005,3.4369,0.09385,0.99005,3.4369,0.09385,0.99005,3.4369,0.09385,0.99005,3.4369,0.80495,0.20156,3.4369,0.83890,0.15811,0.4369,0.95293,0.05412,0.4369,0.83890,0.15811,0.4369,0.95293,0.05412,0.4369
9,13,0,2,-1,0,2,6,0.000,0.0000,5.0991,0.37563,1.36376,30.3374,0.47748,1.08139,0.3374,0.37563,1.36376,30.3374,0.37563,1.36376,30.3374,0.37563,1.36376,30.3374,0.37563,1.36376,30.3374,0.26178,2.22407,30.3374,0.05192,1.06034,3.3374,0.52171,1.17941,3.3374,0.11734,1.79436,5.3374,0.24759,1.74207,5.3374
9,13,1,2,0,0,3,3,0.000,0.0000,0.0893,0.01114,2.55715,0.0253,0.02664,2.54666,6.9747,0.82535,0.43815,0.0253,0.73926,0.66313,0.0253,0.85140,0.22578,0.0253,0.20476,2.23124,0.0253,0.82535,0.43815,0.0253,0.01011,2.48866,0.0253,0.86987,0.29505,0.0253,0.01011,2.48866,0.0253,0.86987,0.29505,0.0253
9,13,2,2,0,0,0,0,0.000,0.0000,0.1352,0.79754,0.20605,0.6413,0.57419,0.28237,18.3587,0.74554,0.25641,0.6413,0.79754,0.20605,0.6413,0.68036,0.43017,0.6413,0.74554,0.25641,0.6413,0.74554,0.25641,0.6413,0.60575,0.06115,13.6413,0.60575,0.06115,13.6413,0.60575,0.06115,13.6413,0.60575,0.06115,13.6413
9,13,4,2,-1,1,4,4,0.000,0.0000,0.0664,0.06472,0.94570,0.4369,0.37083,0.94925,36.4369,0.06472,0.94570,0.4369,0.06472,0.94570,0.4369,0.06472,0.94570,0.4369,0.06472,0.94570,0.4369,0.95710,0.04757,0.4369,0.83890,0.15811,0.4369,0.95293,0.05413,0.4369,0.83890,0.15811,0.4369,0.95293,0.05413,0.4369
9,14,0,2,-1,0,2,6,0.000,0.0000,6.6117,0.17776,3.01841,13.3374,0.17836,3.32534,0.3374,0.17776,3.01841,13.3374,0.17776,3.01841,13.3374,0.17776,3.01841,13.3374,0.17776,3.01841,13.3374,0.17776,3.01841,13.3374,0.79998,0.16803,5.6626,0.80353,0.16208,5.6626,0.24179,1.61067,0.3374,0.24911,1.68619,0.3374
9,14,1,2,0,1,3,3,0.000,0.0000,0.0688,0.01186,2.48246,1.0253,0.02975,2.47921,6.9747,0.84388,0.29600,1.0253,0.76252,0.51857,1.0253,0.84596,0.15177,1.0253,0.22259,2.15552,1.0253,0.71499,0.48031,1.0253,0.01202,2.48356,0.9747,0.84950,0.29666,0.9747,0.01202,2.48356,0.9747,0.84950,0.29666,0.9747
9,14,2,2,0,0,0,0,0.000,0.0000,0.1205,0.93552,0.05573,0.6413,0.55105,0.33140,18.3587,0.87364,0.16246,0.6413,0.93552,0.05573,0.6413,0.77368,0.38136,0.6413,0.87364,0.16246,0.6413,0.87364,0.16246,0.6413,0.78183,0.18262,0.6413,0.74687,0.23795,0.6413,0.78183,0.18262,0.6413,0.74687,0.23795,0.6413
9,14,4,2,-1,1,4,4,0.000,0.0000,0.1532,0.01627,1.10544,0.4369,0.35687,0.99381,36.4369,0.01627,1.10544,0.4369,0.01627,1.10544,0.4369,0.01627,1.10544,0.4369,0.01627,1.10544,0.4369,0.75167,0.25971,0.4369,0.83890,0.15811,0.4369,0.95293,0.05413,0.4369,0.83890,0.15811,0.4369,0.95293,0.05413,0.4369
9,15,0,2,-1,0,2,2,0.000,0.0000,0.8140,0.66837,0.14057,7.3374,0.69615,0.14492,0.3374,0.66837,0.14057,7.3374,0.66837,0.14057,7.3374,0.66837,0.14057,7.3374,0.66837,0.14057,7.3374,0.66837,0.14057,7.3374,0.73660,0.27622,3.3374,0.73660,0.27622,3.3374,0.21284,0.90564,3.3374,0.51688,1.19485,3.3374
9,15,1,2,0,1,3,3,0.000,0.0000,0.0613,0.01229,2.49171,1.0253,0.02709,2.48998,6.9747,0.84122,0.31591,1.0253,0.75724,0.53918,1.0253,0.84573,0.15626,1.0253,0.22041,2.16702,1.0253,0.71999,0.45800,1.0253,0.01205,2.48360,0.9747,0.84789,0.29700,0.9747,0.01205,2.48360,0.9747,0.84789,0.29700,0.9747
9,15,2,2,-1,0,0,0,0.000,0.0000,0.1689,0.82713,0.15516,0.3587,0.55657,0.30630,18.3587,0.82713,0.15516,0.3587,0.82713,0.15516,0.3587,0.82713,0.15516,0.3587,0.82713,0.15516,0.3587,0.76930,0.21657,0.3587,0.77026,0.19854,0.6413,0.73581,0.25037,0.6413,0.77026,0.19854,0.6413,0.73581,0.25037,0.6413
9,15,4,2,-1,1,4,4,0.000,0.0000,0.1405,0.02345,0.99014,0.5631,0.35760,0.98786,36.4369,0.02345,0.99014,0.5631,0.02345,0.99014,0.5631,0.02345,0.99014,0.5631,0.02345,0.99014,0.5631,0.93105,0.04151,0.5631,0.83890,0.15811,0.4369,0.95293,0.05412,0.4369,0.83890,0.15811,0.4369,0.95293,0.05412,0.4369
9,16,0,2,-1,0,2,2,0.000,0.0000,1.2513,0.76408,0.14297,2.6626,0.82201,0.17202,0.3374,0.76408,0.14297,2.6626,0.76408,0.14297,2.6626,0.76408,0.14297,2.6626,0.76408,0.14297,2.6626,0.76408,0.14297,2.6626,0.56698,0.48317,11.3374,0.56698,0.48317,11.3374,0.41147,0.79367,9.3374,0.42711,1.30053,9.3374
9,16,1,2,0,1,3,3,0.000,0.0000,0.0384,0.07796,2.31424,1.0253,0.09798,2.29283,6.9747,0.85808,0.29587,1.0253,0.77335,0.52062,1.0253,0.87092,0.12777,1.0253,0.22646,2.13889,1.0253,0.73522,0.46943,1.0253,0.01210,2.48348,0.9747,0.85438,0.29600,0.9747,0.01210,2.48348,0.9747,0.85438,0.29600,0.9747
9,16,2,2,0,0,0,0,0.000,0.0000,0.1983,0.85995,0.13379,0.6413,0.56386,0.31869,18.3587,0.80110,0.19499,0.6413,0.85995,0.13379,0.6413,0.74760,0.38392,0.6413,0.80110,0.19499,0.6413,0.80110,0.19499,0.6413,0.76970,0.19803,0.6413,0.73581,0.24831,0.6413,0.76970,0.19803,0.6413,0.73581,0.24831,0.6413
9,16,4,2,-1,1,4,4,0.000,0.0000,0.2938,0.01588,1.04231,0.4369,0.33813,1.02397,36.4369,0.01588,1.04231,0.4369,0.01588,1.04231,0.4369,0.01588,1.04231,0.4369,0.01588,1.04231,0.4369,0.82037,0.28172,0.4369,0.83890,0.15811,0.4369,0.95293,0.05412,0.4369,0.83890,0.15811,0.4369,0.95293,0.05412,0.4369
9,17,0,2,0,0,2,2,0.000,0.0000,1.3884,0.83716,0.15063,0.3374,0.83716,0.15063,0.3374,0.84168,0.14714,0.3374,0.83716,0.15063,0.3374,0.77450,0.24251,0.3374,0.84168,0.14714,0.3374,0.84168,0.14714,0.3374,0.81350,0.18945,0.3374,0.81350,0.18945,0.3374,0.85568,0.14449,0.3374,0.85568,0.14449,0.3374
9,17,1,2,0,1,3,3,0.000,0.0000,0.0269,0.25360,1.85714,0.9747,0.25420,1.86082,6.9747,0.82151,0.30501,0.9747,0.74309,0.52621,0.9747,0.90408,0.07131,0.9747,0.22767,2.07630,0.9747,0.76167,0.45416,0.9747,0.01210,2.48375,0.9747,0.85419,0.29654,0.9747,0.01210,2.48375,0.9747,0.85419,0.29654,0.9747
9,17,2,2,0,0,0,0,0.000,0.0000,0.2701,0.95014,0.02840,0.3587,0.56456,0.28084,18.3587,0.88402,0.15319,0.3587,0.95014,0.02840,0.3587,0.77368,0.37855,0.3587,0.88402,0.15319,0.3587,0.88402,0.15319,0.3587,0.76970,0.19803,0.6413,0.73581,0.24830,0.6413,0.76970,0.19803,0.6413,0.73581,0.24830,0.6413
9,17,4,2,-1,1,4,4,0.000,0.0000,0.5453,0.01347,1.12192,0.4369,0.33431,1.04770,36.4369,0.01347,1.12192,0.4369,0.01347,1.12192,0.4369,0.01347,1.12192,0.4369,0.01347,1.12192,0.4369,0.70143,0.57451,0.4369,0.83890,0.15811,0.4369,0.95293,0.05412,0.4369,0.83890,0.15811,0.4369,0.95293,0.05412,0.4369
9,18,0,2,0,0,2,2,0.000,0.0000,1.4320,0.91538,0.14731,0.3374,0.91538,0.14731,0.3374,0.95690,0.04880,0.3374,0.91538,0.14731,0.3374,0.82590,0.18812,0.3374,0.95690,0.04880,0.3374,0.95690,0.04880,0.3374,0.79775,0.20489,1.3374,0.79775,0.20489,1.3374,0.86063,0.13935,0.3374,0.86063,0.13935,0.3374
9,18,1,2,0,0,3,3,0.000,0.0000,0.1041,0.77573,0.31683,0.9747,0.62607,0.46657,6.9747,0.77573,0.31683,0.9747,0.77573,0.31683,0.9747,0.83779,0.16277,0.9747,0.77573,0.31683,0.9747,0.77573,0.31683,0.9747,0.01210,2.48375,0.9747,0.85419,0.29654,0.9747,0.01210,2.48375,0.9747,0.85419,0.29654,0.9747
9,18,2,2,0,0,0,0,0.000,0.0000,0.2700,0.91792,0.08652,0.3587,0.56949,0.28943,18.3587,0.87533,0.05764,0.3587,0.91792,0.08652,0.3587,0.77368,0.25988,0.3587,0.87533,0.05764,0.3587,0.87533,0.05764,0.3587,0.76970,0.19803,0.6413,0.73581,0.24830,0.6413,0.76970,0.19803,0.6413,0.73581,0.24830,0.6413
9,19,0,1,-1,0,2,2,0.000,0.0000,1.3967,0.89286,0.18659,0.6626,0.89933,0.18628,0.3374,0.89286,0.18659,0.6626,0.89286,0.18659,0.6626,0.89286,0.18659,0.6626,0.89286,0.18659,0.6626,0.94273,0.06588,0.6626,0.79919,0.20289,1.3374,0.79919,0.20289,1.3374,0.84639,0.14785,1.3374,0.84639,0.14785,1.3374
9,19,1,2,0,1,3,3,0.000,0.0000,0.0762,0.36006,1.62066,0.0253,0.34484,1.60592,6.9747,0.86135,0.34182,0.0253,0.77320,0.56681,0.0253,0.88800,0.13393,0.0253,0.86135,0.34182,0.0253,0.76167,0.41515,0.0253,0.01197,2.48429,0.0253,0.87691,0.29502,0.0253,0.01197,2.48429,0.0253,0.87691,0.29502,0.0253
9,19,2,2,0,0,0,0,0.000,0.0000,0.1976,0.80705,0.19769,0.6413,0.57561,0.31000,18.3587,0.75193,0.24904,0.6413,0.80705,0.19769,0.6413,0.68638,0.42600,0.6413,0.75193,0.24904,0.6413,0.75193,0.24904,0.6413,0.76970,0.19803,0.6413,0.73581,0.24830,0.6413,0.76970,0.19803,0.6413,0.73581,0.24830,0.6413
9,20,0,1,-1,0,2,2,0.000,0.0000,1.2787,0.96641,0.02780,0.6626,0.96566,0.03379,0.3374,0.96641,0.02780,0.6626,0.96641,0.02780,0.6626,0.96641,0.02780,0.6626,0.96641,0.02780,0.6626,0.96641,0.02780,0.6626,0.80278,0.19685,1.3374,0.80278,0.19685,1.3374,0.85634,0.14023,0.3374,0.85634,0.14023,0.3374
9,20,1,2,0,0,3,3,0.000,0.0000,0.0765,0.66977,0.81187,1.0253,0.55739,0.83424,6.9747,0.82689,0.39390,1.0253,0.74271,0.61889,1.0253,0.86810,0.17588,1.0253,0.82689,0.39390,1.0253,0.82689,0.39390,1.0253,0.25741,1.86325,0.0253,0.86512,0.29519,0.0253,0.25741,1.86325,0.0253,0.86512,0.29519,0.0253
9,20,2,2,0,0,0,0,0.000,0.0000,0.1070,0.75368,0.26536,0.6413,0.57227,0.31863,18.3587,0.70578,0.29921,0.6413,0.75368,0.26536,0.6413,0.64463,0.45171,0.6413,0.70578,0.29921,0.6413,0.70578,0.29921,0.6413,0.76970,0.19803,0.6413,0.73581,0.24831,0.6413,0.76970,0.19803,0.6413,0.73581,0.24831,0.6413
9,20,4,2,-1,-1,-1,-1,0.000,-1.0000,-1.0000,0.01374,3.19940,0.5631,0.07328,3.18372,36.4369,0.01374,3.19940,0.5631,0.01374,3.19940,0.5631,0.01374,3.19940,0.5631,0.01374,3.19940,0.5631,0.01374,3.19940,0.5631,0.01374,3.19940,0.5631,0.01374,3.19940,0.5631,0.01374,3.19940,0.5631,0.01374,3.19940,0.5631
9,21,0,2,0,0,2,2,0.000,0.0000,1.1442,0.90122,0.06860,1.6626,0.88544,0.08687,0.3374,0.90300,0.06559,1.6626,0.90122,0.06860,1.6626,0.82556,0.19042,1.6626,0.90300,0.06559,1.6626,0.90300,0.06559,1.6626,0.80383,0.19459,1.3374,0.80383,0.19459,1.3374,0.85494,0.12796,0.6626,0.85494,0.12796,0.6626
9,21,1,2,0,0,3,3,0.000,0.0000,0.1902,0.65061,0.46616,6.9747,0.65061,0.46616,6.9747,0.65061,0.46616,6.9747,0.65061,0.46616,6.9747,0.68186,0.43516,6.9747,0.65061,0.46616,6.9747,0.65061,0.46616,6.9747,0.25741,1.86325,0.0253,0.86512,0.29519,0.0253,0.25741,1.86325,0.0253,0.86512,0.29519,0.0253
9,21,2,2,0,0,0,0,0.000,0.0000,0.0549,0.76201,0.22949,4.6413,0.56051,0.38341,18.3587,0.74387,0.23261,4.6413,0.76201,0.22949,4.6413,0.72881,0.35890,4.6413,0.74387,0.23261,4.6413,0.74387,0.23261,4.6413,0.76970,0.19803,0.6413,0.73581,0.24831,0.6413,0.76970,0.19803,0.6413,0.73581,0.24831,0.6413
9,21,4,2,-1,1,4,4,0.000,0.0000,0.5109,0.11575,2.85783,0.4369,0.12459,2.97633,36.4369,0.11575,2.85783,0.4369,0.11575,2.85783,0.4369,0.11575,2.85783,0.4369,0.11575,2.85783,0.4369,0.89017,0.27141,0.4369,0.86734,0.13013,0.4369,0.95293,0.05412,0.4369,0.86734,0.13013,0.4369,0.95293,0.05412,0.4369
9,22,0,2,0,0,2,2,0.000,0.0000,0.9721,0.79708,0.03705,2.6626,0.74924,0.04781,0.3374,0.79708,0.03705,2.6626,0.79708,0.03705,2.6626,0.76955,0.04852,2.6626,0.79708,0.03705,2.6626,0.79708,0.03705,2.6626,0.80570,0.18909,1.3374,0.80570,0.18909,1.3374,0.85672,0.13892,0.3374,0.85672,0.13892,0.3374
9,22,1,2,-1,0,3,3,0.000,0.0000,0.2109,0.46987,0.51675,21.0253,0.66067,0.37844,6.9747,0.46987,0.51675,21.0253,0.46987,0.51675,21.0253,0.46987,0.51675,21.0253,0.46987,0.51675,21.0253,0.47038,0.51324,21.0253,0.46571,1.31972,1.0253,0.84560,0.30330,1.0253,0.46571,1.31972,1.0253,0.84560,0.30330,1.0253
9,22,2,2,0,0,0,0,0.000,0.0000,0.0478,0.75983,0.25593,0.6413,0.54803,0.31325,18.3587,0.71089,0.29346,0.6413,0.75983,0.25593,0.6413,0.64921,0.44887,0.6413,0.71089,0.29346,0.6413,0.71089,0.29346,0.6413,0.76970,0.19803,0.6413,0.73581,0.24831,0.6413,0.76970,0.19803,0.6413,0.73581,0.24831,0.6413
9,22,4,2,0,1,4,4,0.000,0.0000,1.7585,0.26423,2.34419,3.5631,0.17372,2.65210,36.4369,0.20434,2.56244,3.5631,0.21479,2.48012,3.5631,0.19946,2.63420,3.5631,0.20434,2.56244,3.5631,0.18079,2.91400,3.5631,0.90413,0.09563,0.4369,0.95202,0.05650,0.4369,0.90413,0.09563,0.4369,0.95202,0.05650,0.4369
9,23,0,2,-1,0,2,2,0.000,0.0000,0.8948,0.44640,0.30957,21.6626,0.47062,0.49567,0.3374,0.44640,0.30957,21.6626,0.44640,0.30957,21.6626,0.44640,0.30957,21.6626,0.44640,0.30957,21.6626,0.44640,0.30957,21.6626,0.81760,0.16341,0.3374,0.81760,0.16341,0.3374,0.85405,0.11973,0.3374,0.85405,0.11973,0.3374
9,23,1,2,-1,0,3,3,0.000,0.0000,0.0962,0.49075,0.21714,17.0253,0.63254,0.28090,6.9747,0.49075,0.21714,17.0253,0.49075,0.21714,17.0253,0.49075,0.21714,17.0253,0.49075,0.21714,17.0253,0.49075,0.21714,17.0253,0.32712,0.95490,21.9747,0.34720,0.92717,21.9747,0.32712,0.95490,21.9747,0.34720,0.92717,21.9747
9,23,2,2,0,0,0,0,0.000,0.0000,0.0617,0.92686,0.06543,0.3587,0.57246,0.30757,18.3587,0.87018,0.13887,0.3587,0.92686,0.06543,0.3587,0.77368,0.35552,0.3587,0.87018,0.13887,0.3587,0.87018,0.13887,0.3587,0.76970,0.19803,0.6413,0.73581,0.24831,0.6413,0.76970,0.19803,0.6413,0.73581,0.24831,0.6413
9,23,4,2,0,1,4,4,0.000,0.0000,1.3925,0.60172,1.15182,1.4369,0.30678,1.72450,36.4369,0.63365,1.03272,1.4369,0.60172,1.15182,1.4369,0.71097,0.80640,1.4369,0.63365,1.03272,1.4369,0.85609,0.28677,1.4369,0.92073,0.08444,0.4369,0.94913,0.06451,0.4369,0.92073,0.08444,0.4369,0.94913,0.06451,0.4369
9,24,0,2,-1,0,2,2,0.000,0.0000,0.8109,0.65612,0.25378,11.6626,0.65472,0.16407,0.3374,0.65612,0.25378,11.6626,0.65612,0.25378,11.6626,0.65612,0.25378,11.6626,0.65612,0.25378,11.6626,0.65612,0.25378,11.6626,0.78088,0.16616,1.3374,0.78088,0.16616,1.3374,0.83789,0.10042,1.3374,0.83789,0.10042,1.3374
9,24,1,2,-1,0,3,3,0.000,0.0000,0.1607,0.82159,0.10283,2.0253,0.65023,0.36902,6.9747,0.82159,0.10283,2.0253,0.82159,0.10283,2.0253,0.82159,0.10283,2.0253,0.82159,0.10283,2.0253,0.82159,0.10283,2.0253,0.78891,0.29448,3.0253,0.78891,0.29448,3.0253,0.78891,0.29448,3.0253,0.78891,0.29448,3.0253
9,24,2,2,0,0,0,0,0.000,0.0000,0.1031,0.91785,0.06931,0.3587,0.58054,0.28135,18.3587,0.86759,0.14497,0.3587,0.91785,0.06931,0.3587,0.77368,0.36071,0.3587,0.86759,0.14497,0.3587,0.86759,0.14497,0.3587,0.76970,0.19803,0.6413,0.73581,0.24831,0.6413,0.76970,0.19803,0.6413,0.73581,0.24831,0.6413
9,24,4,2,-1,1,4,4,0.000,0.0000,1.0836,0.75460,0.48273,0.4369,0.36117,1.12234,36.4369,0.75460,0.48273,0.4369,0.75460,0.48273,0.4369,0.75460,0.48273,0.4369,0.75460,0.48273,0.4369,0.80000,0.30668,0.4369,0.94427,0.06746,0.4369,0.94713,0.06571,0.4369,0.94427,0.06746,0.4369,0.94713,0.06571,0.4369
9,25,0,2,-1,0,2,2,0.000,0.0000,0.6389,0.63820,0.33434,10.6626,0.71734,0.25459,0.3374,0.63820,0.33434,10.6626,0.63820,0.33434,10.6626,0.63820,0.33434,10.6626,0.63820,0.33434,10.6626,0.63820,0.33434,10.6626,0.74064,0.14106,3.3374,0.74064,0.14106,3.3374,0.80411,0.05760,3.3374,0.80411,0.05760,3.3374
9,25,1,2,0,0,3,3,0.000,0.0000,0.2987,0.84467,0.14828,0.9747,0.69259,0.31198,6.9747,0.84467,0.14828,0.9747,0.84467,0.14828,0.9747,0.84467,0.14828,0.9747,0.84467,0.14828,0.9747,0.84467,0.14828,0.9747,0.71103,0.31297,6.0253,0.71103,0.31297,6.0253,0.71103,0.31297,6.0253,0.71103,0.31297,6.0253
9,25,2,2,0,0,0,0,0.000,0.0000,0.1490,0.92950,0.11007,0.3587,0.56062,0.36524,18.3587,0.90139,0.13808,0.3587,0.93905,0.09002,0.3587,0.77368,0.36498,0.3587,0.90139,0.13808,0.3587,0.90139,0.13808,0.3587,0.76970,0.19803,0.6413,0.73581,0.24831,0.6413,0.76970,0.19803,0.6413,0.73581,0.24831,0.6413
9,25,4,2,0,1,4,4,0.000,0.0000,1.1024,0.61741,1.06362,3.4369,0.33645,1.45909,36.4369,0.61741,1.06362,3.4369,0.61741,1.06362,3.4369,0.61994,1.06290,3.4369,0.61741,1.06362,3.4369,0.69642,0.72592,3.4369,0.94426,0.06748,0.4369,0.94712,0.06573,0.4369,0.94426,0.06748,0.4369,0.94712,0.06573,0.4369
9,26,0,2,-1,0,2,2,0.000,0.0000,0.5194,0.78757,0.20563,0.3374,0.78757,0.20563,0.3374,0.78757,0.20563,0.3374,0.78757,0.20563,0.3374,0.78757,0.20563,0.3374,0.78757,0.20563,0.3374,0.78757,0.20563,0.3374,0.67303,0.09492,7.3374,0.67303,0.09492,7.3374,0.75229,0.01071,0.3374,0.75229,0.01071,0.3374
9,26,1,2,-1,0,3,3,0.000,0.0000,1.8212,0.35947,2.62356,3.9747,0.29810,2.62097,6.9747,0.35947,2.62356,3.9747,0.35947,2.62356,3.9747,0.35947,2.62356,3.9747,0.35947,2.62356,3.9747,0.35947,2.62356,3.9747,0.84486,0.16336,0.9747,0.84486,0.16336,0.9747,0.84486,0.16336,0.9747,0.84486,0.16336,0.9747
9,26,2,2,0,0,0,0,0.000,0.0000,0.1639,0.93732,0.07120,0.6413,0.55704,0.33376,18.3587,0.88869,0.13612,0.6413,0.93732,0.07120,0.6413,0.77368,0.35910,0.6413,0.88869,0.13612,0.6413,0.88869,0.13612,0.6413,0.76970,0.19803,0.6413,0.73581,0.24831,0.6413,0.76970,0.19803,0.6413,0.73581,0.24831,0.6413
9,26,4,2,0,1,4,4,0.000,0.0000,0.8531,0.27220,2.35049,0.4369,0.16760,2.68498,36.4369,0.65936,1.03939,0.4369,0.59373,1.26423,0.4369,0.73504,0.81401,0.4369,0.20326,2.65299,0.4369,0.89418,0.28912,0.4369,0.94426,0.06748,0.4369,0.94712,0.06573,0.4369,0.94426,0.06748,0.4369,0.94712,0.06573,0.4369
9,27,0,2,-1,0,2,2,0.000,0.0000,0.4379,0.38938,1.04670,5.6626,0.41866,1.06788,0.3374,0.38938,1.04670,5.6626,0.38938,1.04670,5.6626,0.38938,1.04670,5.6626,0.38938,1.04670,5.6626,0.38938,1.04670,5.6626,0.68546,0.09707,6.3374,0.68546,0.09707,6.3374,0.75229,0.01071,0.3374,0.75229,0.01071,0.3374
9,27,1,1,0,0,3,3,0.000,0.0000,1.4186,0.62821,0.37959,2.9747,0.54048,0.50144,6.9747,0.75675,0.25566,2.9747,0.67697,0.33099,2.9747,0.82279,0.19331,2.9747,0.75675,0.25566,2.9747,0.75675,0.25566,2.9747,0.84364,0.15067,0.9747,0.84364,0.15067,0.9747,0.84364,0.15067,0.9747,0.84364,0.15067,0.9747
9,27,2,2,0,0,0,0,0.000,0.0000,0.1662,0.91851,0.11217,0.6413,0.55195,0.39254,18.3587,0.88936,0.14251,0.6413,0.92815,0.09151,0.6413,0.77368,0.36579,0.6413,0.88936,0.14251,0.6413,0.88936,0.14251,0.6413,0.77894,0.19094,0.3587,0.74551,0.23692,0.3587,0.77894,0.19094,0.3587,0.74551,0.23692,0.3587
9,27,4,2,0,1,4,4,0.000,0.0000,0.7316,0.01470,3.28874,3.5631,0.08287,3.17610,36.4369,0.57740,1.21421,3.5631,0.52437,1.43692,3.5631,0.62515,0.99392,3.5631,0.17030,2.93563,3.5631,0.72682,0.49419,3.5631,0.94426,0.06748,0.4369,0.94712,0.06573,0.4369,0.94426,0.06748,0.4369,0.94712,0.06573,0.4369
9,28,0,2,0,0,2,2,0.000,0.0000,0.3001,0.83903,0.14124,0.3374,0.83903,0.14124,0.3374,0.84302,0.13970,0.3374,0.83903,0.14124,0.3374,0.76968,0.25537,0.3374,0.84302,0.13970,0.3374,0.84302,0.13970,0.3374,0.68546,0.09707,6.3374,0.68546,0.09707,6.3374,0.75229,0.01071,0.3374,0.75229,0.01071,0.3374
9,28,1,1,0,0,3,3,0.000,0.0000,0.9852,0.85320,0.13627,0.9747,0.73327,0.26824,6.9747,0.87267,0.11729,0.9747,0.85320,0.13627,0.9747,0.91992,0.03263,0.9747,0.87267,0.11729,0.9747,0.87267,0.11729,0.9747,0.84364,0.15067,0.9747,0.84364,0.15067,0.9747,0.84364,0.15067,0.9747,0.84364,0.15067,0.9747
9,28,2,2,0,0,0,0,0.000,0.0000,0.1593,0.94883,0.04810,0.3587,0.57174,0.30281,18.3587,0.88782,0.14747,0.3587,0.94883,0.04810,0.3587,0.77368,0.37036,0.3587,0.88782,0.14747,0.3587,0.88782,0.14747,0.3587,0.77894,0.19094,0.3587,0.74551,0.23692,0.3587,0.77894,0.19094,0.3587,0.74551,0.23692,0.3587
9,28,4,1,0,1,4,4,0.000,0.0000,0.5100,0.01069,3.21616,0.4369,0.07033,3.21927,36.4369,0.66847,1.03165,0.4369,0.60072,1.25665,0.4369,0.74546,0.80665,0.4369,0.19773,2.38164,0.4369,0.90138,0.28165,0.4369,0.94185,0.07436,0.4369,0.94191,0.07436,0.4369,0.94185,0.07436,0.4369,0.94191,0.07436,0.4369
9,29,0,2,0,0,2,2,0.000,0.0000,0.1466,0.77498,0.15815,5.6626,0.69286,0.15426,0.3374,0.77498,0.15815,5.6626,0.77498,0.15815,5.6626,0.74922,0.15815,5.6626,0.77498,0.15815,5.6626,0.77498,0.15815,5.6626,0.66146,0.10503,7.3374,0.66146,0.10503,7.3374,0.73528,0.01796,6.3374,0.73528,0.01796,6.3374
9,29,1,1,0,0,3,3,0.000,0.0000,0.6220,0.94121,0.02199,0.9747,0.75238,0.06659,6.9747,0.94121,0.02199,0.9747,0.94121,0.02199,0.9747,0.92313,0.01299,0.9747,0.94121,0.02199,0.9747,0.94121,0.02199,0.9747,0.84364,0.15067,0.9747,0.84364,0.15067,0.9747,0.84364,0.15067,0.9747,0.84364,0.15067,0.9747
9,29,2,2,-1,0,0,0,0.000,0.0000,0.0784,0.81332,0.16588,0.3587,0.50771,0.35578,18.3587,0.81332,0.16588,0.3587,0.81332,0.16588,0.3587,0.81332,0.16588,0.3587,0.81332,0.16588,0.3587,0.76517,0.21501,0.3587,0.77894,0.19094,0.3587,0.74551,0.23692,0.3587,0.77894,0.19094,0.3587,0.74551,0.23692,0.3587
9,29,4,1,0,1,4,4,0.000,0.0000,0.3393,0.01025,3.22208,0.5631,0.07241,3.21946,36.4369,0.66340,1.04049,0.5631,0.59743,1.26537,0.5631,0.73047,0.81567,0.5631,0.19661,2.39011,0.5631,0.88118,0.29220,0.5631,0.94185,0.07436,0.4369,0.94191,0.07436,0.4369,0.94185,0.07436,0.4369,0.94191,0.07436,0.4369
9,30,0,2,-1,0,2,2,0.000,0.0000,0.4111,0.52428,0.71167,0.6626,0.51784,0.72958,0.3374,0.52428,0.71167,0.6626,0.52428,0.71167,0.6626,0.52428,0.71167,0.6626,0.52428,0.71167,0.6626,0.52428,0.71167,0.6626,0.67986,0.10281,6.3374,0.67986,0.10281,6.3374,0.68842,0.08865,6.3374,0.68842,0.08865,6.3374
9,30,1,1,0,0,3,3,0.000,0.0000,0.3379,0.93252,0.00982,0.9747,0.75422,0.06012,6.9747,0.93252,0.00981,0.9747,0.93252,0.00981,0.9747,0.92427,0.00899,0.9747,0.93252,0.00981,0.9747,0.93252,0.00981,0.9747,0.84057,0.14516,0.9747,0.84057,0.14516,0.9747,0.84057,0.14516,0.9747,0.84057,0.14516,0.9747
9,30,2,2,0,0,0,0,0.000,0.0000,0.0793,0.90828,0.10774,0.3587,0.57283,0.35323,18.3587,0.87808,0.15185,0.3587,0.91685,0.09092,0.3587,0.77368,0.37321,0.3587,0.87808,0.15185,0.3587,0.87808,0.15185,0.3587,0.77894,0.19094,0.3587,0.74551,0.23692,0.3587,0.77894,0.19094,0.3587,0.74551,0.23692,0.3587
9,30,4,1,0,1,4,4,0.000,0.0000,0.3711,0.00837,3.38029,0.5631,0.07177,3.23198,36.4369,0.59106,1.34701,0.5631,0.52769,1.57193,0.5631,0.65559,1.12211,0.5631,0.15635,2.69675,0.5631,0.80057,0.59764,0.5631,0.94185,0.07436,0.4369,0.94191,0.07436,0.4369,0.94185,0.07436,0.4369,0.94191,0.07436,0.4369
9,31,0,2,0,0,2,2,0.000,0.0000,0.2034,0.73887,0.25019,4.6626,0.82689,0.17516,0.3374,0.77078,0.21676,4.6626,0.73887,0.25019,4.6626,0.77277,0.23379,4.6626,0.77078,0.21676,4.6626,0.77078,0.21676,4.6626,0.67831,0.09997,6.3374,0.67831,0.09997,6.3374,0.68684,0.08580,6.3374,0.68684,0.08580,6.3374
9,31,1,1,0,0,3,3,0.000,0.0000,0.1148,0.82936,0.08209,4.0253,0.66121,0.24151,6.9747,0.82936,0.08209,4.0253,0.82936,0.08209,4.0253,0.82936,0.08209,4.0253,0.82936,0.08209,4.0253,0.82936,0.08209,4.0253,0.83440,0.15386,0.0253,0.83440,0.15386,0.0253,0.83440,0.15386,0.0253,0.83440,0.15386,0.0253
9,31,2,2,0,0,0,0,0.000,0.0000,0.0742,0.88345,0.12668,0.3587,0.56961,0.38020,18.3587,0.87446,0.15821,0.3587,0.89926,0.09765,0.3587,0.77368,0.37818,0.3587,0.87446,0.15821,0.3587,0.87446,0.15821,0.3587,0.77894,0.19094,0.3587,0.74551,0.23692,0.3587,0.77894,0.19094,0.3587,0.74551,0.23692,0.3587
9,31,4,2,0,1,4,4,0.000,0.0000,0.2662,0.36873,2.07127,0.4369,0.22079,2.50671,36.4369,0.65392,1.11339,0.4369,0.58749,1.33837,0.4369,0.71997,0.88843,0.4369,0.65392,1.11339,0.4369,0.87248,0.36370,0.4369,0.92700,0.12212,0.4369,0.92432,0.12314,0.4369,0.92700,0.12212,0.4369,0.92432,0.12314,0.4369
9,32,0,2,0,0,2,2,0.000,0.0000,0.1334,0.66417,0.31195,0.3374,0.66417,0.31195,0.3374,0.92116,0.07216,0.3374,0.82314,0.16239,0.3374,0.82590,0.22069,0.3374,0.92116,0.07216,0.3374,0.92116,0.07216,0.3374,0.67831,0.09997,6.3374,0.67831,0.09997,6.3374,0.68684,0.08580,6.3374,0.68684,0.08580,6.3374
9,32,1,2,-1,0,3,3,0.000,0.0000,1.7160,0.21890,2.94384,0.0253,0.20799,2.88841,6.9747,0.21890,2.94384,0.0253,0.21890,2.94384,0.0253,0.21890,2.94384,0.0253,0.21890,2.94384,0.0253,0.21890,2.94384,0.0253,0.83440,0.15386,0.0253,0.83440,0.15386,0.0253,0.83440,0.15386,0.0253,0.83440,0.15386,0.0253
9,32,2,2,0,0,0,0,0.000,0.0000,0.0651,0.87613,0.13418,0.3587,0.57429,0.37109,18.3587,0.87461,0.14762,0.3587,0.88947,0.10935,0.3587,0.77368,0.36718,0.3587,0.87461,0.14762,0.3587,0.87461,0.14762,0.3587,0.77894,0.19094,0.3587,0.74551,0.23692,0.3587,0.77894,0.19094,0.3587,0.74551,0.23692,0.3587
9,32,4,2,1,1,4,4,0.000,0.0000,0.3444,0.36092,0.90596,17.5631,0.36664,0.55588,36.4369,0.36092,0.90596,17.5631,0.36092,0.90596,17.5631,0.39997,0.83617,17.5631,0.36092,0.90596,17.5631,0.36092,0.90596,17.5631,0.92700,0.12212,0.4369,0.92432,0.12314,0.4369,0.92700,0.12212,0.4369,0.92432,0.12314,0.4369
9,33,0,2,0,0,2,2,0.000,0.0000,0.0846,0.69970,0.30079,6.3374,0.61072,0.39708,0.3374,0.72862,0.27128,6.3374,0.69970,0.30079,6.3374,0.74179,0.22445,6.3374,0.72862,0.27128,6.3374,0.72862,0.27128,6.3374,0.67831,0.09997,6.3374,0.67831,0.09997,6.3374,0.68684,0.08580,6.3374,0.68684,0.08580,6.3374
9,33,1,2,-1,0,3,3,0.000,0.0000,1.2120,0.70088,0.14354,4.0253,0.59322,0.29823,6.9747,0.70088,0.14354,4.0253,0.70088,0.14354,4.0253,0.70088,0.14354,4.0253,0.70088,0.14354,4.0253,0.70088,0.14354,4.0253,0.83440,0.15386,0.0253,0.83440,0.15386,0.0253,0.83440,0.15386,0.0253,0.83440,0.15386,0.0253
9,33,2,2,0,0,0,0,0.000,0.0000,0.0506,0.90436,0.09920,0.6413,0.58007,0.36111,18.3587,0.86807,0.15540,0.6413,0.90522,0.09757,0.6413,0.77368,0.37211,0.6413,0.86807,0.15540,0.6413,0.86807,0.15540,0.6413,0.77894,0.19094,0.3587,0.74551,0.23692,0.3587,0.77894,0.19094,0.3587,0.74551,0.23692,0.3587
9,33,4,2,-1,1,4,4,0.000,0.0000,0.2611,0.45901,0.32045,21.4369,0.38023,0.55488,36.4369,0.45901,0.32045,21.4369,0.45901,0.32045,21.4369,0.45901,0.32045,21.4369,0.45901,0.32045,21.4369,0.45901,0.32045,21.4369,0.92594,0.15324,0.4369,0.92594,0.15324,0.4369,0.92594,0.15324,0.4369,0.92594,0.15324,0.4369
9,34,0,2,0,0,2,2,0.000,0.0000,0.0857,0.40020,0.55840,0.6626,0.41919,0.54025,0.3374,0.91259,0.07990,0.6626,0.80626,0.17267,0.6626,0.82371,0.23190,0.6626,0.91259,0.07990,0.6626,0.91259,0.07990,0.6626,0.67831,0.09997,6.3374,0.67831,0.09997,6.3374,0.68684,0.08580,6.3374,0.68684,0.08580,6.3374
9,34,1,2,-1,0,3,3,0.000,0.0000,0.7154,0.58110,0.18448,14.9747,0.70989,0.18696,6.9747,0.58110,0.18448,14.9747,0.58110,0.18448,14.9747,0.58110,0.18448,14.9747,0.58110,0.18448,14.9747,0.58110,0.18448,14.9747,0.81845,0.14180,1.0253,0.81845,0.14180,1.0253,0.81845,0.14180,1.0253,0.81845,0.14180,1.0253
9,34,2,2,0,0,0,0,0.000,0.0000,0.0586,0.94264,0.07885,0.3587,0.56633,0.33493,18.3587,0.89990,0.15150,0.3587,0.94331,0.07749,0.3587,0.77368,0.37843,0.3587,0.89990,0.15150,0.3587,0.89990,0.15150,0.3587,0.77894,0.19094,0.3587,0.74551,0.23692,0.3587,0.77894,0.19094,0.3587,0.74551,0.23692,0.3587
9,34,4,2,-1,1,4,4,0.000,0.0000,0.1028,0.42152,0.42982,22.4369,0.36790,0.61456,36.4369,0.42152,0.42982,22.4369,0.42152,0.42982,22.4369,0.42152,0.42982,22.4369,0.42152,0.42982,22.4369,0.42169,0.42786,22.4369,0.86096,0.22098,0.4369,0.86096,0.22098,0.4369,0.86096,0.22098,0.4369,0.86096,0.22098,0.4369
9,35,0,2,0,0,2,2,0.000,0.0000,0.1913,0.22646,0.81878,7.6626,0.34293,0.71044,0.3374,0.68339,0.32651,7.6626,0.60338,0.41391,7.6626,0.70635,0.24104,7.6626,0.68339,0.32651,7.6626,0.68339,0.32651,7.6626,0.67831,0.09997,6.3374,0.67831,0.09997,6.3374,0.68684,0.08580,6.3374,0.68684,0.08580,6.3374
9,35,1,2,-1,0,3,3,0.000,0.0000,0.2459,0.53806,0.25685,20.0253,0.64357,0.25625,6.9747,0.53806,0.25685,20.0253,0.53806,0.25685,20.0253,0.53806,0.25685,20.0253,0.53806,0.25685,20.0253,0.53806,0.25685,20.0253,0.81694,0.13846,1.0253,0.81694,0.13846,1.0253,0.81694,0.13846,1.0253,0.81694,0.13846,1.0253
9,35,2,2,0,0,0,0,0.000,0.0000,0.0476,0.90805,0.08060,0.3587,0.58046,0.31143,18.3587,0.87876,0.15000,0.3587,0.90805,0.08060,0.3587,0.77368,0.37162,0.3587,0.87876,0.15000,0.3587,0.87876,0.15000,0.3587,0.77894,0.19094,0.3587,0.74551,0.23692,0.3587,0.77894,0.19094,0.3587,0.74551,0.23692,0.3587
9,35,4,2,1,1,4,4,0.000,0.0000,0.2805,0.66116,0.41389,5.5631,0.38290,0.64676,36.4369,0.66116,0.41389,5.5631,0.66116,0.41389,5.5631,0.66620,0.39979,5.5631,0.66116,0.41389,5.5631,0.66116,0.41389,5.5631,0.84544,0.22524,0.4369,0.84544,0.22524,0.4369,0.84544,0.22524,0.4369,0.84544,0.22524,0.4369
9,36,0,2,0,0,2,2,0.000,0.0000,0.1328,0.40916,0.54379,0.3374,0.40916,0.54379,0.3374,0.93848,0.05600,0.3374,0.83011,0.14999,0.3374,0.82579,0.22537,0.3374,0.93848,0.05600,0.3374,0.93848,0.05600,0.3374,0.67831,0.09997,6.3374,0.67831,0.09997,6.3374,0.68684,0.08580,6.3374,0.68684,0.08580,6.3374
9,36,1,2,0,0,3,3,0.000,0.0000,0.0749,0.83081,0.21920,1.9747,0.69884,0.24088,6.9747,0.83081,0.21920,1.9747,0.83081,0.21920,1.9747,0.83081,0.21920,1.9747,0.83081,0.21920,1.9747,0.83081,0.21920,1.9747,0.80467,0.12323,0.0253,0.80467,0.12323,0.0253,0.80467,0.12323,0.0253,0.80467,0.12323,0.0253
9,36,2,2,0,0,0,0,0.000,0.0000,0.0539,0.88361,0.21522,0.3587,0.54571,0.47455,18.3587,0.90512,0.14323,0.3587,0.94583,0.08346,0.3587,0.77368,0.37129,0.3587,0.90512,0.14323,0.3587,0.90512,0.14323,0.3587,0.77894,0.19094,0.3587,0.74551,0.23692,0.3587,0.77894,0.19094,0.3587,0.74551,0.23692,0.3587
9,36,4,2,-1,1,4,4,0.000,0.0000,0.3822,0.58623,0.30969,9.5631,0.33928,0.73392,36.4369,0.58623,0.30969,9.5631,0.58623,0.30969,9.5631,0.58623,0.30969,9.5631,0.58623,0.30969,9.5631,0.58623,0.30969,9.5631,0.83974,0.22728,0.4369,0.83974,0.22728,0.4369,0.83974,0.22728,0.4369,0.83974,0.22728,0.4369
10,0,0,2,0,0,2,2,0.000,0.0000,0.0000,0.01065,2.24891,1.2647,0.01838,2.26459,3.7353,0.91762,0.07696,1.2647,0.83156,0.27982,1.2647,0.83771,0.17760,1.2647,0.24357,1.89452,1.2647,0.91762,0.07696,1.2647,0.01065,2.24891,1.2647,0.91762,0.07696,1.2647,0.01065,2.24891,1.2647,0.91762,0.07696,1.2647
10,0,1,2,0,0,3,3,0.000,0.0000,0.0000,0.01126,2.17136,0.2827,0.05799,2.17212,16.2827,0.90692,0.05991,0.2827,0.88711,0.20122,0.2827,0.75188,0.28877,0.2827,0.23744,1.93077,0.2827,0.90692,0.05991,0.2827,0.01126,2.17136,0.2827,0.90692,0.05991,0.2827,0.01126,2.17136,0.2827,0.90692,0.05991,0.2827
10,0,2,2,-1,0,0,0,0.000,0.0000,0.0000,0.63695,0.18823,12.8374,0.45785,0.36940,30.8374,0.63695,0.18823,12.8374,0.63695,0.18823,12.8374,0.63695,0.18823,12.8374,0.63695,0.18823,12.8374,0.63695,0.18823,12.8374,0.63959,0.18335,12.8374,0.63959,0.18335,12.8374,0.63959,0.18335,12.8374,0.63959,0.18335,12.8374
10,0,4,2,-1,1,4,4,0.000,0.0000,0.0000,0.08342,0.96932,0.4345,0.18460,1.02593,8.5655,0.08342,0.96932,0.4345,0.08342,0.96932,0.4345,0.08342,0.96932,0.4345,0.08342,0.96932,0.4345,0.90672,0.09768,0.4345,0.08342,0.96932,0.4345,0.90672,0.09767,0.4345,0.08342,0.96932,0.4345,0.90672,0.09767,0.4345
10,1,0,2,0,0,2,2,0.000,0.0000,0.2961,0.15151,1.92801,0.2647,0.13800,1.97536,3.7353,0.94700,0.06516,0.2647,0.85255,0.28603,0.2647,0.83771,0.17634,0.2647,0.24160,1.93265,0.2647,0.94700,0.06516,0.2647,0.00856,2.24908,0.2647,0.89129,0.09760,0.2647,0.00856,2.24908,0.2647,0.89129,0.09760,0.2647
10,1,1,2,0,0,3,3,0.000,0.0000,0.2256,0.01111,2.16910,0.2827,0.05062,2.15514,16.2827,0.93354,0.04020,0.2827,0.85423,0.20175,0.2827,0.77212,0.27990,0.2827,0.24251,1.90910,0.2827,0.93354,0.04020,0.2827,0.00546,2.17557,1.7173,0.92224,0.05720,1.7173,0.00546,2.17557,1.7173,0.92224,0.05720,1.7173
10,1,2,2,-1,0,0,0,0.000,0.0000,1.7009,0.71413,0.25471,6.1626,0.44313,0.34640,30.8374,0.71413,0.25471,6.1626,0.71413,0.25471,6.1626,0.71413,0.25471,6.1626,0.71413,0.25471,6.1626,0.71413,0.25471,6.1626,0.91536,0.08508,0.1626,0.91536,0.08508,0.1626,0.91536,0.08508,0.1626,0.91536,0.08508,0.1626
10,1,4,2,-1,1,4,4,0.000,0.0000,1.0777,0.02933,1.08761,0.5655,0.17781,1.02841,8.5655,0.02933,1.08761,0.5655,0.02933,1.08761,0.5655,0.02933,1.08761,0.5655,0.02933,1.08761,0.5655,0.79619,0.22433,0.5655,0.03096,1.53808,0.5655,0.88651,0.14682,0.5655,0.03096,1.53808,0.5655,0.88651,0.14682,0.5655
10,2,0,2,0,0,2,2,0.000,0.0000,1.4245,0.34746,1.47920,11.7353,0.36251,1.43198,3.7353,0.69713,0.28748,11.7353,0.65847,0.46178,11.7353,0.67448,0.23086,11.7353,0.23171,2.03953,11.7353,0.69713,0.28748,11.7353,0.00716,2.23881,0.2647,0.89228,0.09800,0.2647,0.00716,2.23881,0.2647,0.89228,0.09800,0.2647
10,2,1,2,0,0,3,3,0.000,0.0000,0.3107,0.04479,2.09320,0.7173,0.05520,2.15975,16.2827,0.93933,0.03027,0.7173,0.85352,0.20518,0.7173,0.77860,0.26596,0.7173,0.24285,1.88200,0.7173,0.93933,0.03027,0.7173,0.04652,2.09253,0.7173,0.93969,0.02992,0.7173,0.04652,2.09253,0.7173,0.93969,0.02992,0.7173
10,2,2,2,-1,0,0,0,0.000,0.0000,0.2444,0.44946,0.23596,29.8374,0.44470,0.24208,30.8374,0.44946,0.23596,29.8374,0.44946,0.23596,29.8374,0.44946,0.23596,29.8374,0.44946,0.23596,29.8374,0.44946,0.23596,29.8374,0.91590,0.08488,0.1626,0.91590,0.08488,0.1626,0.91590,0.08488,0.1626,0.91590,0.08488,0.1626
10,2,4,2,-1,1,4,4,0.000,0.0000,0.0096,0.03869,1.01702,0.4345,0.19717,0.99985,8.5655,0.03869,1.01702,0.4345,0.03869,1.01702,0.4345,0.03869,1.01702,0.4345,0.03869,1.01702,0.4345,0.90617,0.09861,0.4345,0.01122,2.05851,3.5655,0.78134,0.22627,3.5655,0.01122,2.05851,3.5655,0.78134,0.22627,3.5655
10,3,0,2,0,0,2,2,0.000,0.0000,0.4283,0.34571,1.48269,0.7353,0.32956,1.52267,3.7353,0.96112,0.05192,0.7353,0.86651,0.27649,0.7353,0.83075,0.19066,0.7353,0.24306,1.93811,0.7353,0.96112,0.05192,0.7353,0.01067,2.24451,1.2647,0.92429,0.06901,1.2647,0.01067,2.24451,1.2647,0.92429,0.06901,1.2647
10,3,1,2,0,0,3,3,0.000,0.0000,0.0287,0.05752,2.06697,1.2827,0.05582,2.15825,16.2827,0.90358,0.06454,1.2827,0.87844,0.19840,1.2827,0.74934,0.29425,1.2827,0.24129,1.92965,1.2827,0.90358,0.06454,1.2827,0.00631,2.17348,1.7173,0.86460,0.10532,1.7173,0.00631,2.17348,1.7173,0.86460,0.10532,1.7173
10,3,2,2,-1,0,0,0,0.000,0.0000,1.2718,0.48427,0.56920,19.8374,0.38884,0.74303,30.8374,0.48427,0.56920,19.8374,0.48427,0.56920,19.8374,0.48427,0.56920,19.8374,0.48427,0.56920,19.8374,0.48427,0.56920,19.8374,0.77876,0.13272,4.1626,0.77876,0.13272,4.1626,0.77876,0.13272,4.1626,0.77876,0.13272,4.1626
10,3,4,2,-1,1,4,4,0.000,0.0000,0.1793,0.02779,1.03300,0.5655,0.18582,1.02630,8.5655,0.02779,1.03300,0.5655,0.02779,1.03300,0.5655,0.02779,1.03300,0.5655,0.02779,1.03300,0.5655,0.90802,0.09416,0.5655,0.03816,1.14204,0.5655,0.88796,0.13657,0.5655,0.03816,1.14204,0.5655,0.88796,0.13657,0.5655
10,4,0,2,0,0,2,2,0.000,0.0000,0.1517,0.30385,1.57322,0.7353,0.29014,1.61870,3.7353,0.96451,0.04607,0.7353,0.86913,0.27091,0.7353,0.82922,0.19701,0.7353,0.24401,1.93638,0.7353,0.96451,0.04607,0.7353,0.03587,2.18797,0.2647,0.96319,0.04585,0.2647,0.03587,2.18797,0.2647,0.96319,0.04585,0.2647
10,4,1,2,0,0,3,3,0.000,0.0000,0.0478,0.05429,2.06782,1.2827,0.05758,2.13418,16.2827,0.89976,0.06934,1.2827,0.86844,0.19301,1.2827,0.74643,0.29833,1.2827,0.24111,1.93120,1.2827,0.89976,0.06934,1.2827,0.04639,2.08272,1.7173,0.91388,0.05553,1.7173,0.04639,2.08272,1.7173,0.91388,0.05553,1.7173
10,4,2,2,-1,0,0,0,0.000,0.0000,0.4400,0.40877,0.25195,13.1626,0.38616,0.52760,30.8374,0.40877,0.25195,13.1626,0.40877,0.25195,13.1626,0.40877,0.25195,13.1626,0.40877,0.25195,13.1626,0.40877,0.25195,13.1626,0.78575,0.10732,4.1626,0.78575,0.10732,4.1626,0.78575,0.10732,4.1626,0.78575,0.10732,4.1626
10,4,4,2,-1,1,4,4,0.000,0.0000,0.0842,0.27798,0.76672,0.5655,0.18520,1.01613,8.5655,0.27798,0.76672,0.5655,0.27798,0.76672,0.5655,0.27798,0.76672,0.5655,0.27798,0.76672,0.5655,0.87832,0.14573,0.5655,0.04240,1.01663,0.5655,0.89152,0.12681,0.5655,0.04240,1.01663,0.5655,0.89152,0.12681,0.5655
10,5,0,2,0,0,2,2,0.000,0.0000,0.0637,0.20227,1.80925,0.2647,0.18705,1.86467,3.7353,0.95211,0.05672,0.2647,0.85773,0.27728,0.2647,0.83771,0.18174,0.2647,0.24310,1.92035,0.2647,0.95211,0.05672,0.2647,0.18401,1.84956,1.2647,0.91762,0.07696,1.2647,0.18401,1.84956,1.2647,0.91762,0.07696,1.2647
10,5,1,2,0,0,3,3,0.000,0.0000,0.0651,0.03890,2.10910,1.2827,0.05705,2.14954,16.2827,0.89706,0.06925,1.2827,0.87748,0.20146,1.2827,0.74437,0.29420,1.2827,0.23957,1.93780,1.2827,0.89706,0.06925,1.2827,0.04956,2.07679,0.7173,0.93985,0.04000,0.7173,0.04956,2.07679,0.7173,0.93985,0.04000,0.7173
10,5,2,2,0,0,0,0,0.000,0.0000,0.3312,0.77735,0.22951,0.1626,0.37724,0.80310,30.8374,0.77735,0.22951,0.1626,0.77735,0.22951,0.1626,0.76640,0.23327,0.1626,0.77735,0.22951,0.1626,0.77735,0.22951,0.1626,0.63911,0.19184,10.1626,0.63911,0.19184,10.1626,0.63911,0.19184,10.1626,0.63911,0.19184,10.1626
10,5,4,2,-1,1,4,4,0.000,0.0000,0.1320,0.21990,0.88139,3.5655,0.18846,1.01848,8.5655,0.21990,0.88139,3.5655,0.21990,0.88139,3.5655,0.21990,0.88139,3.5655,0.21990,0.88139,3.5655,0.77758,0.24090,3.5655,0.06679,0.98526,0.4345,0.89796,0.13625,0.4345,0.06679,0.98526,0.4345,0.89796,0.13625,0.4345
10,6,0,2,0,0,2,2,0.000,0.0000,0.7967,0.08156,2.18963,23.7353,0.11780,2.15105,3.7353,0.41311,0.77202,23.7353,0.42334,0.85018,23.7353,0.41934,0.70998,23.7353,0.21326,1.61650,23.7353,0.41311,0.77202,23.7353,0.18401,1.84956,1.2647,0.91762,0.07696,1.2647,0.18401,1.84956,1.2647,0.91762,0.07696,1.2647
10,6,1,2,0,0,3,3,0.000,0.0000,0.0246,0.01178,2.16776,0.2827,0.05218,2.16766,16.2827,0.93221,0.04095,0.2827,0.86023,0.20053,0.2827,0.77111,0.28018,0.2827,0.24226,1.91037,0.2827,0.93221,0.04095,0.2827,0.04964,2.07675,0.7173,0.93985,0.04000,0.7173,0.04964,2.07675,0.7173,0.93985,0.04000,0.7173
10,6,2,1,0,0,0,0,0.000,0.0000,0.4318,0.21393,0.84454,9.8374,0.40128,0.76942,30.8374,0.61634,0.40462,9.8374,0.53811,0.49247,9.8374,0.66953,0.31799,9.8374,0.61634,0.40462,9.8374,0.61634,0.40462,9.8374,0.63911,0.19184,10.1626,0.63911,0.19184,10.1626,0.63911,0.19184,10.1626,0.63911,0.19184,10.1626
10,6,4,2,-1,1,4,4,0.000,0.0000,0.1708,0.06517,1.05113,2.5655,0.17463,1.05006,8.5655,0.06517,1.05113,2.5655,0.06517,1.05113,2.5655,0.06517,1.05113,2.5655,0.06517,1.05113,2.5655,0.78962,0.22266,2.5655,0.04239,1.01705,0.5655,0.89201,0.13017,0.5655,0.04239,1.01705,0.5655,0.89201,0.13017,0.5655
10,7,0,2,0,0,2,2,0.000,0.0000,0.3881,0.06302,2.12359,0.7353,0.05287,2.16689,3.7353,0.96105,0.04643,0.7353,0.85525,0.27165,0.7353,0.82666,0.19868,0.7353,0.24388,1.94004,0.7353,0.96105,0.04643,0.7353,0.18401,1.84956,1.2647,0.91762,0.07696,1.2647,0.18401,1.84956,1.2647,0.91762,0.07696,1.2647
10,7,1,2,0,0,3,3,0.000,0.0000,0.0088,0.00892,2.17083,0.7173,0.05575,2.16481,16.2827,0.93013,0.04548,0.7173,0.87602,0.19121,0.7173,0.76953,0.28619,0.7173,0.23985,1.90461,0.7173,0.93013,0.04548,0.7173,0.04982,2.07667,0.7173,0.93985,0.04000,0.7173,0.04982,2.07667,0.7173,0.93985,0.04000,0.7173
10,7,2,1,0,0,0,0,0.000,0.0000,0.3802,0.04776,0.96096,0.8374,0.36638,0.84997,30.8374,0.73337,0.26419,0.8374,0.64481,0.35419,0.8374,0.81161,0.17420,0.8374,0.73337,0.26419,0.8374,0.73337,0.26419,0.8374,0.73211,0.13742,4.1626,0.73212,0.13742,4.1626,0.73211,0.13742,4.1626,0.73212,0.13742,4.1626
10,7,4,2,-1,1,4,4,0.000,0.0000,0.1362,0.14747,0.93139,1.5655,0.19730,1.02575,8.5655,0.14747,0.93139,1.5655,0.14747,0.93139,1.5655,0.14747,0.93139,1.5655,0.14747,0.93139,1.5655,0.85361,0.15491,1.5655,0.06655,0.98914,0.4345,0.89120,0.14048,0.4345,0.06655,0.98914,0.4345,0.89120,0.14048,0.4345
10,8,0,2,-1,0,2,2,0.000,0.0000,3.0093,0.00484,4.19188,0.7353,0.00790,4.19127,3.7353,0.00484,4.19188,0.7353,0.00484,4.19188,0.7353,0.00484,4.19188,0.7353,0.00484,4.19188,0.7353,0.05756,3.86742,0.7353,0.18401,1.84956,1.2647,0.91762,0.07696,1.2647,0.18401,1.84956,1.2647,0.91762,0.07696,1.2647
10,8,1,2,0,0,3,3,0.000,0.0000,0.0088,0.03251,2.12189,0.2827,0.05312,2.16185,16.2827,0.93490,0.03635,0.2827,0.86812,0.20283,0.2827,0.77315,0.27571,0.2827,0.24201,1.91068,0.2827,0.93490,0.03635,0.2827,0.04976,2.07927,0.7173,0.93985,0.03493,0.7173,0.04976,2.07927,0.7173,0.93985,0.03493,0.7173
10,8,2,1,0,0,0,0,0.000,0.0000,0.4766,0.48272,0.58147,12.8374,0.45587,0.60235,30.8374,0.53831,0.51634,12.8374,0.48272,0.58147,12.8374,0.59423,0.42914,12.8374,0.53831,0.51634,12.8374,0.53831,0.51634,12.8374,0.73211,0.13742,4.1626,0.73211,0.13742,4.1626,0.73211,0.13742,4.1626,0.73211,0.13742,4.1626
10,8,4,2,-1,1,4,4,0.000,0.0000,0.0786,0.44424,0.58688,0.5655,0.20250,0.99963,8.5655,0.44424,0.58688,0.5655,0.44424,0.58688,0.5655,0.44424,0.58688,0.5655,0.44424,0.58688,0.5655,0.90671,0.09486,0.5655,0.06655,0.98914,0.4345,0.89120,0.14048,0.4345,0.06655,0.98914,0.4345,0.89120,0.14048,0.4345
10,9,0,2,0,0,2,2,0.000,0.0000,1.7207,0.01131,2.25390,1.2647,0.01547,2.26054,3.7353,0.90106,0.09491,1.2647,0.80937,0.29057,1.2647,0.77100,0.22541,1.2647,0.22268,2.00407,1.2647,0.90106,0.09491,1.2647,0.18401,1.84956,1.2647,0.91762,0.07696,1.2647,0.18401,1.84956,1.2647,0.91762,0.07696,1.2647
10,9,1,2,0,0,3,3,0.000,0.0000,0.0355,0.09861,1.97960,0.7173,0.05978,2.15134,16.2827,0.94088,0.02129,0.7173,0.87762,0.20654,0.7173,0.77851,0.26069,0.7173,0.24148,1.89181,0.7173,0.94088,0.02129,0.7173,0.05164,2.08128,0.7173,0.93969,0.02992,0.7173,0.05164,2.08128,0.7173,0.93969,0.02992,0.7173
10,9,2,1,0,0,0,0,0.000,0.0000,0.3818,0.47087,0.49831,1.1626,0.44761,0.54401,30.8374,0.86270,0.20322,1.1626,0.78480,0.24251,1.1626,0.79828,0.19995,1.1626,0.86270,0.20322,1.1626,0.86270,0.20322,1.1626,0.73211,0.13742,4.1626,0.73211,0.13742,4.1626,0.73211,0.13742,4.1626,0.73211,0.13742,4.1626
10,9,4,2,-1,1,4,4,0.000,0.0000,0.0348,0.74969,0.25699,0.4345,0.44241,0.69873,8.5655,0.74969,0.25699,0.4345,0.74969,0.25699,0.4345,0.74969,0.25699,0.4345,0.74969,0.25699,0.4345,0.89270,0.11689,0.4345,0.06655,0.98914,0.4345,0.89120,0.14048,0.4345,0.06655,0.98914,0.4345,0.89120,0.14048,0.4345
10,10,0,2,0,-1,-1,-1,0.000,-1.0000,-1.0000,0.17200,1.79774,0.2647,0.16246,1.83266,3.7353,0.68325,0.32953,0.2647,0.67398,0.35922,0.2647,0.58999,0.45342,0.2647,0.18920,2.18120,0.2647,0.17200,1.79774,0.2647,0.17200,1.79774,0.2647,0.17200,1.79774,0.2647,0.17200,1.79774,0.2647,0.17200,1.79774,0.2647
10,10,1,2,0,0,3,3,0.000,0.0000,0.0299,0.11439,1.93924,0.2827,0.06036,2.14601,16.2827,0.93546,0.03695,0.2827,0.89218,0.19885,0.2827,0.77356,0.27683,0.2827,0.24233,1.90911,0.2827,0.93546,0.03695,0.2827,0.05164,2.08128,0.7173,0.93969,0.02992,0.7173,0.05164,2.08128,0.7173,0.93969,0.02992,0.7173
10,10,2,1,0,0,0,0,0.000,0.0000,0.3000,0.10528,0.94739,4.1626,0.39770,0.78376,30.8374,0.64678,0.36672,4.1626,0.56470,0.45570,4.1626,0.72387,0.27841,4.1626,0.64678,0.36672,4.1626,0.64678,0.36672,4.1626,0.72857,0.14098,4.1626,0.72857,0.14098,4.1626,0.72857,0.14098,4.1626,0.72857,0.14098,4.1626
10,10,4,2,-1,1,4,4,0.000,0.0000,0.0522,0.07782,0.97630,0.4345,0.18313,1.03944,8.5655,0.07782,0.97630,0.4345,0.07782,0.97630,0.4345,0.07782,0.97630,0.4345,0.07782,0.97630,0.4345,0.90794,0.09403,0.4345,0.06838,0.98472,0.4345,0.91091,0.09123,0.4345,0.06838,0.98472,0.4345,0.91091,0.09123,0.4345
10,11,0,2,-1,-1,-1,-1,0.000,-1.0000,-1.0000,0.00609,2.42470,1.2647,0.01009,2.40010,3.7353,0.00609,2.42470,1.2647,0.00609,2.42470,1.2647,0.00609,2.42470,1.2647,0.00609,2.42470,1.2647,0.00609,2.42470,1.2647,0.00609,2.42470,1.2647,0.00609,2.42470,1.2647,0.00609,2.42470,1.2647,0.00609,2.42470,1.2647
10,11,1,2,0,0,3,3,0.000,0.0000,0.0244,0.08213,2.00913,0.2827,0.06038,2.14807,16.2827,0.93533,0.03890,0.2827,0.88694,0.19675,0.2827,0.77347,0.27918,0.2827,0.24275,1.90748,0.2827,0.93533,0.03890,0.2827,0.05164,2.08128,0.7173,0.93969,0.02992,0.7173,0.05164,2.08128,0.7173,0.93969,0.02992,0.7173
10,11,2,1,0,0,0,0,0.000,0.0000,0.2273,0.02873,0.99925,0.1626,0.36657,0.84829,30.8374,0.69861,0.30383,0.1626,0.61198,0.39367,0.1626,0.77791,0.21413,0.1626,0.69861,0.30383,0.1626,0.69861,0.30383,0.1626,0.72857,0.14098,4.1626,0.72857,0.14098,4.1626,0.72857,0.14098,4.1626,0.72857,0.14098,4.1626
10,11,4,2,-1,1,4,4,0.000,0.0000,0.1073,0.02622,1.03700,0.5655,0.18173,1.03476,8.5655,0.02622,1.03700,0.5655,0.02622,1.03700,0.5655,0.02622,1.03700,0.5655,0.02622,1.03700,0.5655,0.89053,0.11832,0.5655,0.06838,0.98472,0.4345,0.91090,0.09123,0.4345,0.06838,0.98472,0.4345,0.91090,0.09123,0.4345
10,12,0,2,0,0,2,2,0.000,0.0000,1.3016,0.25813,0.96719,24.7353,0.55642,0.46363,3.7353,0.32266,0.92481,24.7353,0.28423,0.94159,24.7353,0.32237,0.96188,24.7353,0.32266,0.92481,24.7353,0.32266,0.92481,24.7353,0.41424,1.30038,1.2647,0.89973,0.09244,1.2647,0.41424,1.30038,1.2647,0.89973,0.09244,1.2647
10,12,1,2,0,0,3,3,0.000,0.0000,0.1995,0.01093,2.33876,0.7173,0.05365,2.17121,16.2827,0.84804,0.31285,0.7173,0.73700,0.53984,0.7173,0.77738,0.13000,0.7173,0.18591,2.14553,0.7173,0.84804,0.31285,0.7173,0.05164,2.08128,0.7173,0.93969,0.02992,0.7173,0.05164,2.08128,0.7173,0.93969,0.02992,0.7173
10,12,2,2,0,0,0,0,0.000,0.0000,0.3685,0.25005,0.89407,13.1626,0.44449,0.55702,30.8374,0.45231,0.64934,13.1626,0.37916,0.73887,13.1626,0.52004,0.55997,13.1626,0.45231,0.64934,13.1626,0.45231,0.64934,13.1626,0.51827,0.30639,18.1626,0.51827,0.30639,18.1626,0.51827,0.30639,18.1626,0.51827,0.30639,18.1626
10,12,4,2,-1,1,4,4,0.000,0.0000,0.1974,0.02508,1.03311,0.5655,0.16435,1.03591,8.5655,0.02508,1.03311,0.5655,0.02508,1.03311,0.5655,0.02508,1.03311,0.5655,0.02508,1.03311,0.5655,0.86560,0.19650,0.5655,0.05033,1.03046,1.5655,0.86634,0.13884,1.5655,0.05033,1.03046,1.5655,0.86634,0.13884,1.5655
10,13,0,2,0,0,2,2,0.000,0.0000,1.0206,0.77651,0.19441,7.2647,0.75393,0.24434,3.7353,0.77496,0.19936,7.2647,0.77651,0.19441,7.2647,0.71015,0.33238,7.2647,0.77496,0.19936,7.2647,0.77496,0.19936,7.2647,0.89559,0.09888,1.2647,0.89973,0.09244,1.2647,0.89559,0.09888,1.2647,0.89973,0.09244,1.2647
10,13,1,2,0,0,3,3,0.000,0.0000,0.1250,0.01310,2.16242,0.7173,0.05973,2.15883,16.2827,0.94112,0.03450,0.7173,0.87348,0.19484,0.7173,0.77813,0.27496,0.7173,0.24361,1.88563,0.7173,0.94112,0.03450,0.7173,0.05164,2.08128,0.7173,0.93969,0.02992,0.7173,0.05164,2.08128,0.7173,0.93969,0.02992,0.7173
10,13,2,2,0,0,0,0,0.000,0.0000,0.2078,0.80975,0.19305,0.1626,0.44428,0.39908,30.8374,0.80975,0.19305,0.1626,0.80975,0.19305,0.1626,0.79865,0.19641,0.1626,0.80975,0.19305,0.1626,0.80975,0.19305,0.1626,0.52629,0.24221,18.1626,0.52629,0.24221,18.1626,0.52629,0.24221,18.1626,0.52629,0.24221,18.1626
10,13,4,2,-1,1,4,4,0.000,0.0000,0.3051,0.02468,1.12780,0.4345,0.16881,1.04879,8.5655,0.02468,1.12780,0.4345,0.02468,1.12780,0.4345,0.02468,1.12780,0.4345,0.02468,1.12780,0.4345,0.71947,0.37782,0.4345,0.04280,1.01934,0.5655,0.90115,0.10056,0.5655,0.04280,1.01934,0.5655,0.90115,0.10056,0.5655
10,14,0,2,-1,0,2,2,0.000,0.0000,1.8766,0.14636,2.23684,41.2647,0.12714,2.91881,3.7353,0.14636,2.23684,41.2647,0.14636,2.23684,41.2647,0.14636,2.23684,41.2647,0.14636,2.23684,41.2647,0.14636,2.23684,41.2647,0.81771,0.18470,3.2647,0.81771,0.18470,3.2647,0.81771,0.18470,3.2647,0.81771,0.18470,3.2647
10,14,1,2,0,0,3,3,0.000,0.0000,0.0676,0.01304,2.16805,0.2827,0.05571,2.16520,16.2827,0.89107,0.07392,0.2827,0.87926,0.20361,0.2827,0.73980,0.29505,0.2827,0.23434,1.94403,0.2827,0.89107,0.07392,0.2827,0.04805,2.09326,0.2827,0.93548,0.03256,0.2827,0.04805,2.09326,0.2827,0.93548,0.03256,0.2827
10,14,2,2,0,0,0,0,0.000,0.0000,0.0958,0.93402,0.05913,0.1626,0.43870,0.46412,30.8374,0.93639,0.05089,0.1626,0.93402,0.05913,0.1626,0.84641,0.06639,0.1626,0.93639,0.05089,0.1626,0.93639,0.05089,0.1626,0.73611,0.11641,4.1626,0.73611,0.11641,4.1626,0.73611,0.11641,4.1626,0.73611,0.11641,4.1626
10,14,4,2,-1,1,4,4,0.000,0.0000,0.5261,0.01872,1.21728,0.5655,0.15491,1.07066,8.5655,0.01872,1.21728,0.5655,0.01872,1.21728,0.5655,0.01872,1.21728,0.5655,0.01872,1.21728,0.5655,0.58538,0.65572,0.5655,0.05039,1.03065,1.5655,0.86710,0.14026,1.5655,0.05039,1.03065,1.5655,0.86710,0.14026,1.5655
10,15,0,2,-1,0,2,2,0.000,0.0000,1.3308,0.60844,0.25724,13.7353,0.71843,0.22838,3.7353,0.60844,0.25724,13.7353,0.60844,0.25724,13.7353,0.60844,0.25724,13.7353,0.60844,0.25724,13.7353,0.62114,0.18375,13.7353,0.81420,0.15202,3.7353,0.81420,0.15202,3.7353,0.81420,0.15202,3.7353,0.81420,0.15202,3.7353
10,15,1,2,0,0,3,3,0.000,0.0000,0.0341,0.01721,2.16131,1.7173,0.05518,2.17832,16.2827,0.92629,0.01654,1.7173,0.84004,0.21769,1.7173,0.77272,0.25758,1.7173,0.23756,1.89718,1.7173,0.92629,0.01654,1.7173,0.04805,2.09326,0.2827,0.94211,0.02157,0.2827,0.04805,2.09326,0.2827,0.94211,0.02157,0.2827
10,15,2,2,0,0,0,0,0.000,0.0000,0.0278,0.66105,0.35741,0.1626,0.43883,0.28127,30.8374,0.66105,0.35741,0.1626,0.66105,0.35741,0.1626,0.66105,0.35741,0.1626,0.66105,0.35741,0.1626,0.66105,0.35741,0.1626,0.80539,0.16841,0.1626,0.80539,0.16841,0.1626,0.80539,0.16841,0.1626,0.80539,0.16841,0.1626
10,15,4,2,-1,1,4,4,0.000,0.0000,0.6270,0.02361,1.08676,0.4345,0.15455,1.08974,8.5655,0.02361,1.08676,0.4345,0.02361,1.08676,0.4345,0.02361,1.08676,0.4345,0.02361,1.08676,0.4345,0.76737,0.56292,0.4345,0.05031,1.03254,1.5655,0.86389,0.14400,1.5655,0.05031,1.03254,1.5655,0.86389,0.14400,1.5655
10,16,0,2,-1,0,2,2,0.000,0.0000,0.9344,0.53369,0.21209,22.2647,0.70837,0.20977,3.7353,0.53369,0.21209,22.2647,0.53369,0.21209,22.2647,0.53369,0.21209,22.2647,0.53369,0.21209,22.2647,0.53369,0.21209,22.2647,0.78588,0.15973,4.7353,0.78588,0.15973,4.7353,0.78588,0.15973,4.7353,0.78588,0.15973,4.7353
10,16,1,1,0,0,3,3,0.000,0.0000,0.0184,0.01205,2.17252,0.2827,0.05240,2.17128,16.2827,0.94211,0.01891,0.2827,0.86116,0.20820,0.2827,0.77860,0.24211,0.2827,0.24084,1.33306,0.2827,0.94211,0.01891,0.2827,0.04805,2.09326,0.2827,0.94211,0.02157,0.2827,0.04805,2.09326,0.2827,0.94211,0.02157,0.2827
10,16,2,2,0,0,0,0,0.000,0.0000,0.1696,0.92567,0.03780,0.8374,0.42734,0.45443,30.8374,0.92567,0.03780,0.8374,0.92567,0.03780,0.8374,0.84641,0.08040,0.8374,0.92567,0.03780,0.8374,0.92567,0.03780,0.8374,0.80539,0.16841,0.1626,0.80539,0.16841,0.1626,0.80539,0.16841,0.1626,0.80539,0.16841,0.1626
10,16,4,2,0,1,4,4,0.000,0.0000,0.8348,0.02258,1.10256,0.5655,0.13308,1.11128,8.5655,0.67776,0.44228,0.5655,0.60785,0.48646,0.5655,0.74767,0.41326,0.5655,0.67776,0.44228,0.5655,0.70013,0.85466,0.5655,0.05031,1.03254,1.5655,0.86389,0.14400,1.5655,0.05031,1.03254,1.5655,0.86389,0.14400,1.5655
10,17,0,2,-1,0,2,2,0.000,0.0000,0.6238,0.75359,0.13444,7.2647,0.78907,0.14655,3.7353,0.75359,0.13444,7.2647,0.75359,0.13444,7.2647,0.75359,0.13444,7.2647,0.75359,0.13444,7.2647,0.75359,0.13444,7.2647,0.67183,0.20746,9.7353,0.67257,0.20432,9.7353,0.67183,0.20746,9.7353,0.67257,0.20432,9.7353
10,17,1,1,0,0,3,3,0.000,0.0000,0.0372,0.01327,2.16691,0.7173,0.05852,2.16050,16.2827,0.93792,0.02726,0.7173,0.87509,0.20196,0.7173,0.77860,0.24889,0.7173,0.24197,1.32656,0.7173,0.93792,0.02726,0.7173,0.04805,2.09326,0.2827,0.94211,0.02157,0.2827,0.04805,2.09326,0.2827,0.94211,0.02157,0.2827
10,17,2,2,0,0,0,0,0.000,0.0000,0.2717,0.91897,0.06875,0.1626,0.43497,0.43556,30.8374,0.94605,0.01015,0.1626,0.91897,0.06875,0.1626,0.84641,0.08829,0.1626,0.94605,0.01015,0.1626,0.94605,0.01015,0.1626,0.80539,0.16841,0.1626,0.80539,0.16841,0.1626,0.80539,0.16841,0.1626,0.80539,0.16841,0.1626
10,17,4,2,0,1,4,4,0.000,0.0000,1.0463,0.02573,1.17514,0.4345,0.13450,1.19069,8.5655,0.67846,0.60236,0.4345,0.60892,0.63513,0.4345,0.74801,0.58180,0.4345,0.67846,0.60236,0.4345,0.66324,1.05032,0.4345,0.06866,0.99025,0.4345,0.90791,0.09481,0.4345,0.06866,0.99025,0.4345,0.90791,0.09481,0.4345
10,18,0,2,-1,0,2,2,0.000,0.0000,0.5064,0.69468,0.22550,5.2647,0.66721,0.19255,3.7353,0.69468,0.22550,5.2647,0.69468,0.22550,5.2647,0.69468,0.22550,5.2647,0.69468,0.22550,5.2647,0.69468,0.22550,5.2647,0.63670,0.22906,11.7353,0.64222,0.20204,11.7353,0.63670,0.22906,11.7353,0.64222,0.20204,11.7353
10,18,1,1,0,0,3,3,0.000,0.0000,0.0393,0.01400,2.16642,0.2827,0.06036,2.15163,16.2827,0.94034,0.02810,0.2827,0.88285,0.20401,0.2827,0.77860,0.24740,0.2827,0.24167,1.32836,0.2827,0.94034,0.02810,0.2827,0.04805,2.09326,0.2827,0.94211,0.02157,0.2827,0.04805,2.09326,0.2827,0.94211,0.02157,0.2827
10,18,2,2,0,0,0,0,0.000,0.0000,0.3288,0.90787,0.07764,0.1626,0.43625,0.44517,30.8374,0.94347,0.01707,0.1626,0.90787,0.07764,0.1626,0.84641,0.09008,0.1626,0.94347,0.01707,0.1626,0.94347,0.01707,0.1626,0.80534,0.16835,0.1626,0.80534,0.16835,0.1626,0.80534,0.16835,0.1626,0.80534,0.16835,0.1626
10,18,4,2,0,1,4,4,0.000,0.0000,1.3086,0.01751,1.23938,0.4345,0.11655,1.23891,8.5655,0.62501,0.70618,0.4345,0.56095,0.73442,0.4345,0.68509,0.83749,0.4345,0.62501,0.70618,0.4345,0.59855,1.35995,0.4345,0.06866,0.99025,0.4345,0.90791,0.09481,0.4345,0.06866,0.99025,0.4345,0.90791,0.09481,0.4345
10,19,0,1,0,0,2,2,0.000,0.0000,0.3362,0.86650,0.09935,3.2647,0.79836,0.14996,3.7353,0.86650,0.09935,3.2647,0.86650,0.09935,3.2647,0.80524,0.09803,3.2647,0.86650,0.09935,3.2647,0.86650,0.09935,3.2647,0.55205,0.31256,17.7353,0.56240,0.22902,17.7353,0.55205,0.31256,17.7353,0.56240,0.22902,17.7353
10,19,1,1,0,0,3,3,0.000,0.0000,0.0321,0.01578,2.16943,1.2827,0.05810,2.16399,16.2827,0.90598,0.05512,1.2827,0.85035,0.22371,1.2827,0.77860,0.23933,1.2827,0.23929,1.34307,1.2827,0.90598,0.05512,1.2827,0.04805,2.09326,0.2827,0.94211,0.02157,0.2827,0.04805,2.09326,0.2827,0.94211,0.02157,0.2827
10,19,2,2,0,0,0,0,0.000,0.0000,1.3847,0.32089,1.62665,0.1626,0.19958,1.99392,30.8374,0.22765,2.05038,0.1626,0.22773,1.97409,0.1626,0.22701,2.14226,0.1626,0.22765,2.05038,0.1626,0.22765,2.05038,0.1626,0.80483,0.16776,0.1626,0.80483,0.16776,0.1626,0.80483,0.16776,0.1626,0.80483,0.16776,0.1626
10,19,4,2,0,1,4,4,0.000,0.0000,1.6147,0.01701,1.35558,0.4345,0.10392,1.35633,8.5655,0.58408,0.97883,0.4345,0.52196,0.91669,0.4345,0.60276,1.19014,0.4345,0.58408,0.97883,0.4345,0.52989,1.71350,0.4345,0.06866,0.99025,0.4345,0.90791,0.09481,0.4345,0.07804,1.99884,0.4345,0.55539,1.76583,0.4345
10,20,0,1,0,0,2,2,0.000,0.0000,0.2546,0.93865,0.01345,0.2647,0.85100,0.05768,3.7353,0.93865,0.01345,0.2647,0.93865,0.01345,0.2647,0.83771,0.01003,0.2647,0.93865,0.01345,0.2647,0.93865,0.01345,0.2647,0.55205,0.31256,17.7353,0.54851,0.31256,17.7353,0.55205,0.31256,17.7353,0.54851,0.31256,17.7353
10,20,1,1,0,0,3,3,0.000,0.0000,0.0324,0.01435,2.17113,0.2827,0.06084,2.16348,16.2827,0.94126,0.01932,0.2827,0.88928,0.21355,0.2827,0.77860,0.23748,0.2827,0.23999,1.33809,0.2827,0.94126,0.01932,0.2827,0.04805,2.09326,0.2827,0.94211,0.02157,0.2827,0.04805,2.09326,0.2827,0.94211,0.02157,0.2827
10,20,2,2,0,0,0,0,0.000,0.0000,1.0515,0.53957,1.09410,0.8374,0.34137,1.45503,30.8374,0.87533,0.20031,0.8374,0.80707,0.42447,0.8374,0.84577,0.11285,0.8374,0.87533,0.20031,0.8374,0.87533,0.20031,0.8374,0.80483,0.16776,0.1626,0.80483,0.16776,0.1626,0.80483,0.16776,0.1626,0.80483,0.16776,0.1626
10,20,4,2,0,1,4,4,0.000,0.0000,1.9799,0.01014,1.49920,0.5655,0.08196,1.48270,8.5655,0.48154,1.41632,0.5655,0.45793,1.21261,0.5655,0.49713,1.63063,0.5655,0.48154,1.41632,0.5655,0.44064,2.15417,0.5655,0.06866,0.99025,0.4345,0.90792,0.09481,0.4345,0.06866,0.99025,0.4345,0.90792,0.09481,0.4345
10,21,0,1,0,0,2,2,0.000,0.0000,0.2401,0.86375,0.17435,0.2647,0.78939,0.23547,3.7353,0.86375,0.17435,0.2647,0.86375,0.17435,0.2647,0.83771,0.16183,0.2647,0.86375,0.17435,0.2647,0.86375,0.17435,0.2647,0.55205,0.31256,17.7353,0.54851,0.31256,17.7353,0.55205,0.31256,17.7353,0.54851,0.31256,17.7353
10,21,1,1,0,1,3,3,0.000,0.0000,0.1720,0.01780,2.33899,1.2827,0.06329,2.29952,16.2827,0.77302,0.34935,1.2827,0.69424,0.57281,1.2827,0.77860,0.13126,1.2827,0.18137,1.69623,1.2827,0.63592,0.40793,1.2827,0.04805,2.09326,0.2827,0.94211,0.02157,0.2827,0.04805,2.09326,0.2827,0.94211,0.02157,0.2827
10,21,2,2,0,0,0,0,0.000,0.0000,0.8358,0.61462,0.79956,0.8374,0.40162,1.05176,30.8374,0.79678,0.42339,0.8374,0.67470,0.65372,0.8374,0.79946,0.22049,0.8374,0.79678,0.42339,0.8374,0.79678,0.42339,0.8374,0.80483,0.16776,0.1626,0.80483,0.16776,0.1626,0.80483,0.16776,0.1626,0.80483,0.16776,0.1626
10,22,0,1,0,0,2,2,0.000,0.0000,0.2575,0.88073,0.07597,2.7353,0.85320,0.08927,3.7353,0.88073,0.07597,2.7353,0.88073,0.07597,2.7353,0.81910,0.07597,2.7353,0.88073,0.07597,2.7353,0.88073,0.07597,2.7353,0.55862,0.27055,17.7353,0.55580,0.27055,17.7353,0.55862,0.27055,17.7353,0.55580,0.27055,17.7353
10,22,1,2,0,0,3,3,0.000,0.0000,0.2478,0.18506,1.87125,0.2827,0.22494,1.85241,16.2827,0.77993,0.25065,0.2827,0.70667,0.45496,0.2827,0.74757,0.14112,0.2827,0.20328,2.06730,0.2827,0.77993,0.25065,0.2827,0.03078,2.21247,6.2827,0.74822,0.24927,6.2827,0.03078,2.21247,6.2827,0.74822,0.24927,6.2827
10,22,2,2,0,0,0,0,0.000,0.0000,0.5549,0.76816,0.40212,0.1626,0.42552,0.77929,30.8374,0.87459,0.20186,0.1626,0.76816,0.40212,0.1626,0.84641,0.08249,0.1626,0.87459,0.20186,0.1626,0.87459,0.20186,0.1626,0.80469,0.16759,0.1626,0.80469,0.16759,0.1626,0.80469,0.16759,0.1626,0.80469,0.16759,0.1626
10,22,4,2,-1,1,4,4,0.000,0.0000,1.6657,0.29664,2.14180,0.4345,0.27785,2.15877,8.5655,0.29664,2.14180,0.4345,0.29664,2.14180,0.4345,0.29664,2.14180,0.4345,0.29664,2.14180,0.4345,0.19617,2.89789,0.4345,0.06866,0.99026,0.4345,0.90755,0.09490,0.4345,0.06866,0.99026,0.4345,0.90755,0.09490,0.4345
10,23,0,2,0,0,2,2,0.000,0.0000,0.2666,0.80262,0.12952,4.7353,0.81332,0.13222,3.7353,0.80262,0.12952,4.7353,0.80262,0.12952,4.7353,0.76840,0.12952,4.7353,0.80262,0.12952,4.7353,0.80262,0.12952,4.7353,0.56347,0.18367,17.7353,0.56347,0.18367,17.7353,0.56347,0.18367,17.7353,0.56347,0.18367,17.7353
10,23,1,2,-1,0,3,3,0.000,0.0000,1.0803,0.36492,2.16993,1.2827,0.31218,2.04774,16.2827,0.36492,2.16993,1.2827,0.36492,2.16993,1.2827,0.36492,2.16993,1.2827,0.36492,2.16993,1.2827,0.36492,2.16993,1.2827,0.03078,2.21247,6.2827,0.74822,0.24927,6.2827,0.03078,2.21247,6.2827,0.74822,0.24927,6.2827
10,23,2,2,0,0,0,0,0.000,0.0000,0.2699,0.92889,0.06000,0.1626,0.43971,0.43774,30.8374,0.93978,0.02673,0.1626,0.92889,0.06000,0.1626,0.84641,0.08721,0.1626,0.93978,0.02673,0.1626,0.93978,0.02673,0.1626,0.80469,0.16759,0.1626,0.80469,0.16759,0.1626,0.80469,0.16759,0.1626,0.80469,0.16759,0.1626
10,23,4,2,-1,1,4,4,0.000,0.0000,1.4841,0.45272,1.68486,0.4345,0.39264,1.71984,8.5655,0.45272,1.68486,0.4345,0.45272,1.68486,0.4345,0.45272,1.68486,0.4345,0.45272,1.68486,0.4345,0.93414,0.15083,0.4345,0.30319,0.74050,0.4345,0.90755,0.09490,0.4345,0.30319,0.74050,0.4345,0.90755,0.09490,0.4345
10,24,0,2,-1,0,2,2,0.000,0.0000,0.2332,0.76363,0.06383,4.7353,0.74683,0.06151,3.7353,0.76363,0.06383,4.7353,0.76363,0.06383,4.7353,0.76363,0.06383,4.7353,0.76363,0.06383,4.7353,0.76363,0.06383,4.7353,0.55868,0.11003,17.7353,0.55868,0.11003,17.7353,0.55868,0.11003,17.7353,0.55868,0.11003,17.7353
10,24,1,2,0,0,3,3,0.000,0.0000,0.7293,0.84345,0.14673,1.2827,0.47835,0.60354,16.2827,0.84258,0.12288,1.2827,0.84345,0.14674,1.2827,0.76695,0.28348,1.2827,0.84258,0.12288,1.2827,0.84258,0.12288,1.2827,0.19574,1.83004,0.2827,0.92059,0.13414,0.2827,0.19574,1.83004,0.2827,0.92059,0.13414,0.2827
10,24,2,2,0,0,0,0,0.000,0.0000,0.0440,0.67800,0.30156,5.1626,0.43989,0.44463,30.8374,0.77895,0.19448,5.1626,0.69506,0.28442,5.1626,0.80687,0.10465,5.1626,0.77895,0.19448,5.1626,0.77895,0.19448,5.1626,0.80469,0.16759,0.1626,0.80469,0.16759,0.1626,0.80469,0.16759,0.1626,0.80469,0.16759,0.1626
10,24,4,2,0,1,4,4,0.000,0.0000,1.4088,0.66156,1.00096,0.4345,0.52809,1.07545,8.5655,0.69272,0.89765,0.4345,0.66156,1.00096,0.4345,0.76028,0.67265,0.4345,0.69272,0.89765,0.4345,0.91642,0.14770,0.4345,0.91550,0.08626,0.4345,0.91550,0.08626,0.4345,0.91550,0.08626,0.4345,0.91550,0.08626,0.4345
10,25,0,2,-1,0,2,2,0.000,0.0000,0.1763,0.77625,0.12647,3.2647,0.76904,0.21059,3.7353,0.77625,0.12647,3.2647,0.77625,0.12647,3.2647,0.77625,0.12647,3.2647,0.77625,0.12647,3.2647,0.77625,0.12647,3.2647,0.78326,0.20612,0.7353,0.78326,0.20612,0.7353,0.78326,0.20612,0.7353,0.78326,0.20612,0.7353
10,25,1,2,0,0,3,3,0.000,0.0000,0.4750,0.86065,0.12946,0.2827,0.60251,0.29569,16.2827,0.83921,0.14613,0.2827,0.86065,0.12946,0.2827,0.76854,0.31847,0.2827,0.83921,0.14613,0.2827,0.83921,0.14613,0.2827,0.81613,0.27602,2.2827,0.87010,0.15325,2.2827,0.81613,0.27602,2.2827,0.87010,0.15325,2.2827
10,25,2,2,0,0,0,0,0.000,0.0000,0.1114,0.90882,0.15561,0.1626,0.43564,0.46927,30.8374,0.89330,0.15284,0.1626,0.90882,0.15561,0.1626,0.81288,0.17424,0.1626,0.89330,0.15284,0.1626,0.89330,0.15284,0.1626,0.73062,0.09375,4.1626,0.73062,0.09375,4.1626,0.73062,0.09375,4.1626,0.73062,0.09375,4.1626
10,25,4,2,-1,1,4,4,0.000,0.0000,1.2660,0.87634,0.13431,0.5655,0.60602,0.49840,8.5655,0.87634,0.13431,0.5655,0.87634,0.13431,0.5655,0.87634,0.13431,0.5655,0.87634,0.13431,0.5655,0.87634,0.13431,0.5655,0.95225,0.04701,0.4345,0.95225,0.04701,0.4345,0.95225,0.04701,0.4345,0.95225,0.04701,0.4345
10,26,0,2,0,0,2,2,0.000,0.0000,0.0612,0.70760,0.27164,5.7353,0.74813,0.23834,3.7353,0.70760,0.27164,5.7353,0.70760,0.27164,5.7353,0.73700,0.22820,5.7353,0.70760,0.27164,5.7353,0.70760,0.27164,5.7353,0.78731,0.20872,0.2647,0.78731,0.20872,0.2647,0.78731,0.20872,0.2647,0.78731,0.20872,0.2647
10,26,1,1,-1,0,3,3,0.000,0.0000,1.9232,0.26436,3.06492,3.2827,0.15345,2.91623,16.2827,0.26436,3.06492,3.2827,0.26436,3.06492,3.2827,0.26436,3.06492,3.2827,0.26436,3.06492,3.2827,0.26436,3.06492,3.2827,0.86719,0.18680,1.2827,0.86911,0.18605,1.2827,0.86719,0.18680,1.2827,0.86911,0.18605,1.2827
10,26,2,2,0,0,0,0,0.000,0.0000,0.3336,0.85986,0.19990,0.1626,0.41859,0.30246,30.8374,0.86868,0.19217,0.1626,0.85986,0.19990,0.1626,0.78971,0.21042,0.1626,0.86868,0.19217,0.1626,0.86868,0.19217,0.1626,0.73062,0.09375,4.1626,0.73062,0.09375,4.1626,0.73062,0.09375,4.1626,0.73062,0.09375,4.1626
10,26,4,2,-1,1,4,4,0.000,0.0000,1.1691,0.88577,0.13247,1.5655,0.61600,0.47862,8.5655,0.88577,0.13247,1.5655,0.88577,0.13247,1.5655,0.88577,0.13247,1.5655,0.88577,0.13247,1.5655,0.88577,0.13247,1.5655,0.95425,0.02815,0.4345,0.95425,0.02815,0.4345,0.95425,0.02815,0.4345,0.95425,0.02815,0.4345
10,27,0,2,-1,0,2,2,0.000,0.0000,0.1433,0.59426,0.34454,16.7353,0.77294,0.22636,3.7353,0.59426,0.34454,16.7353,0.59426,0.34454,16.7353,0.59426,0.34454,16.7353,0.59426,0.34454,16.7353,0.59426,0.34454,16.7353,0.78706,0.20828,0.2647,0.78706,0.20828,0.2647,0.78706,0.20828,0.2647,0.78706,0.20828,0.2647
10,27,1,1,0,0,3,3,0.000,0.0000,1.1961,0.88625,0.12767,0.7173,0.55395,0.15265,16.2827,0.88625,0.12767,0.7173,0.88625,0.12767,0.7173,0.77860,0.13450,0.7173,0.88625,0.12767,0.7173,0.88625,0.12767,0.7173,0.86272,0.06381,1.2827,0.86451,0.06156,1.2827,0.86272,0.06381,1.2827,0.86451,0.06156,1.2827
10,27,2,2,0,0,0,0,0.000,0.0000,0.3525,0.94380,0.04879,0.1626,0.43918,0.43312,30.8374,0.93897,0.02818,0.1626,0.94380,0.04879,0.1626,0.84641,0.09339,0.1626,0.93897,0.02818,0.1626,0.93897,0.02818,0.1626,0.74885,0.10950,3.1626,0.74885,0.10950,3.1626,0.74885,0.10950,3.1626,0.74885,0.10950,3.1626
10,27,4,2,-1,1,4,4,0.000,0.0000,1.0299,0.95651,0.04252,0.4345,0.60428,0.48099,8.5655,0.95651,0.04252,0.4345,0.95651,0.04252,0.4345,0.95651,0.04252,0.4345,0.95651,0.04252,0.4345,0.95651,0.04252,0.4345,0.95370,0.02882,0.4345,0.95370,0.02882,0.4345,0.00906,1.66076,0.4345,0.53398,1.22338,0.4345
10,28,0,2,-1,0,2,2,0.000,0.0000,0.3240,0.56587,0.47085,8.7353,0.61937,0.41902,3.7353,0.56587,0.47085,8.7353,0.56587,0.47085,8.7353,0.56587,0.47085,8.7353,0.56587,0.47085,8.7353,0.56587,0.47085,8.7353,0.78560,0.20347,0.2647,0.78560,0.20347,0.2647,0.78560,0.20347,0.2647,0.78560,0.20347,0.2647
10,28,1,1,0,0,3,3,0.000,0.0000,0.5569,0.93883,0.01598,0.2827,0.57199,0.02777,16.2827,0.91277,0.01598,0.2827,0.93883,0.01598,0.2827,0.77860,0.04598,0.2827,0.91277,0.01598,0.2827,0.91277,0.01598,0.2827,0.86272,0.06381,1.2827,0.86451,0.06156,1.2827,0.86272,0.06381,1.2827,0.86451,0.06156,1.2827
10,28,2,2,0,0,0,0,0.000,0.0000,0.3334,0.84833,0.12858,0.1626,0.44475,0.46350,30.8374,0.93011,0.05208,0.1626,0.88187,0.10173,0.1626,0.84641,0.09343,0.1626,0.93011,0.05208,0.1626,0.93011,0.05208,0.1626,0.74885,0.10950,3.1626,0.74885,0.10950,3.1626,0.74885,0.10950,3.1626,0.74885,0.10950,3.1626
10,28,4,2,-1,1,4,4,0.000,0.0000,0.9471,0.78972,0.24978,0.5655,0.57505,0.54830,8.5655,0.78972,0.24978,0.5655,0.78972,0.24978,0.5655,0.78972,0.24978,0.5655,0.78972,0.24978,0.5655,0.78972,0.24978,0.5655,0.94106,0.05446,0.5655,0.94106,0.05446,0.5655,0.94106,0.05446,0.5655,0.94106,0.05446,0.5655
10,29,0,2,0,0,2,2,0.000,0.0000,0.2055,0.89205,0.04176,2.7353,0.86016,0.04332,3.7353,0.89205,0.04176,2.7353,0.89205,0.04176,2.7353,0.82636,0.16169,2.7353,0.89205,0.04176,2.7353,0.89205,0.04176,2.7353,0.77880,0.19822,0.7353,0.77880,0.19822,0.7353,0.77880,0.19822,0.7353,0.77880,0.19822,0.7353
10,29,1,1,0,0,3,3,0.000,0.0000,0.0812,0.95449,0.02142,0.2827,0.57761,0.03179,16.2827,0.92409,0.02142,0.2827,0.95449,0.02142,0.2827,0.77860,0.05106,0.2827,0.92409,0.02142,0.2827,0.92409,0.02142,0.2827,0.86181,0.06469,1.2827,0.86293,0.06331,1.2827,0.86181,0.06469,1.2827,0.86293,0.06331,1.2827
10,29,2,2,0,0,0,0,0.000,0.0000,0.2956,0.92559,0.07816,0.8374,0.43635,0.47487,30.8374,0.92532,0.06528,0.8374,0.92559,0.07816,0.8374,0.84641,0.09265,0.8374,0.92532,0.06528,0.8374,0.92532,0.06528,0.8374,0.74885,0.10950,3.1626,0.74885,0.10951,3.1626,0.74885,0.10950,3.1626,0.74885,0.10951,3.1626
10,29,4,2,-1,1,4,4,0.000,0.0000,0.9423,0.59579,0.49776,8.5655,0.59579,0.49776,8.5655,0.59579,0.49776,8.5655,0.59579,0.49776,8.5655,0.59579,0.49776,8.5655,0.59579,0.49776,8.5655,0.59579,0.49776,8.5655,0.94079,0.05455,0.5655,0.94079,0.05455,0.5655,0.94079,0.05455,0.5655,0.94079,0.05455,0.5655
10,30,0,2,-1,0,2,2,0.000,0.0000,0.1338,0.76787,0.27055,0.7353,0.73014,0.26637,3.7353,0.76787,0.27055,0.7353,0.76787,0.27055,0.7353,0.76787,0.27055,0.7353,0.76787,0.27055,0.7353,0.81619,0.17586,0.7353,0.76680,0.19554,1.2647,0.76680,0.19554,1.2647,0.76680,0.19554,1.2647,0.76680,0.19554,1.2647
10,30,1,2,0,0,3,3,0.000,0.0000,0.3543,0.86504,0.18062,0.7173,0.55859,0.14223,16.2827,0.86504,0.18062,0.7173,0.86504,0.18062,0.7173,0.77855,0.29925,0.7173,0.86504,0.18062,0.7173,0.86504,0.18062,0.7173,0.86927,0.04707,1.2827,0.86927,0.04707,1.2827,0.86927,0.04707,1.2827,0.86927,0.04707,1.2827
10,30,2,2,0,0,0,0,0.000,0.0000,0.2945,0.77639,0.20457,4.1626,0.43275,0.47505,30.8374,0.83250,0.14321,4.1626,0.77640,0.20457,4.1626,0.83673,0.04736,4.1626,0.83250,0.14321,4.1626,0.83250,0.14321,4.1626,0.74885,0.10950,3.1626,0.74885,0.10951,3.1626,0.74885,0.10950,3.1626,0.74885,0.10951,3.1626
10,30,4,2,-1,1,4,4,0.000,0.0000,0.7651,0.63826,0.20496,8.5655,0.63826,0.20496,8.5655,0.63826,0.20496,8.5655,0.63826,0.20496,8.5655,0.63826,0.20496,8.5655,0.63826,0.20496,8.5655,0.63826,0.20496,8.5655,0.93977,0.05502,0.5655,0.93977,0.05502,0.5655,0.93977,0.05502,0.5655,0.93977,0.05502,0.5655
10,31,0,2,0,0,2,2,0.000,0.0000,0.0482,0.87383,0.25039,0.2647,0.81120,0.24073,3.7353,0.95252,0.06953,0.2647,0.87383,0.25039,0.2647,0.83771,0.16980,0.2647,0.95252,0.06953,0.2647,0.95252,0.06953,0.2647,0.76672,0.19541,1.2647,0.76672,0.19541,1.2647,0.76672,0.19541,1.2647,0.76672,0.19541,1.2647
10,31,1,2,0,0,3,3,0.000,0.0000,0.5768,0.84960,0.13487,0.7173,0.54661,0.25161,16.2827,0.83120,0.14702,0.7173,0.84960,0.13487,0.7173,0.75592,0.31463,0.7173,0.83120,0.14702,0.7173,0.83120,0.14702,0.7173,0.86927,0.04697,1.2827,0.86927,0.04697,1.2827,0.86927,0.04697,1.2827,0.86927,0.04697,1.2827
10,31,2,2,0,0,0,0,0.000,0.0000,0.2436,0.92949,0.06679,0.1626,0.43051,0.47814,30.8374,0.93138,0.04876,0.1626,0.92949,0.06679,0.1626,0.84641,0.09489,0.1626,0.93138,0.04876,0.1626,0.93138,0.04876,0.1626,0.74885,0.10950,3.1626,0.74885,0.10951,3.1626,0.74885,0.10950,3.1626,0.74885,0.10951,3.1626
10,31,4,2,-1,1,4,4,0.000,0.0000,0.6597,0.69493,0.42302,6.4345,0.53272,0.69527,8.5655,0.69493,0.42302,6.4345,0.69493,0.42302,6.4345,0.69493,0.42302,6.4345,0.69493,0.42302,6.4345,0.72821,0.25437,6.4345,0.95214,0.03120,0.4345,0.95214,0.03120,0.4345,0.95214,0.03120,0.4345,0.95214,0.03120,0.4345
10,32,0,2,0,0,2,2,0.000,0.0000,0.0901,0.78514,0.47864,0.2647,0.73289,0.47631,3.7353,0.93025,0.13706,0.2647,0.83476,0.36190,0.2647,0.83771,0.10690,0.2647,0.93025,0.13706,0.2647,0.93025,0.13706,0.2647,0.76672,0.19541,1.2647,0.76672,0.19541,1.2647,0.76672,0.19541,1.2647,0.76672,0.19541,1.2647
10,32,1,2,0,0,3,3,0.000,0.0000,0.6391,0.73158,0.22956,6.7173,0.57077,0.26226,16.2827,0.73158,0.22956,6.7173,0.73158,0.22956,6.7173,0.70140,0.21619,6.7173,0.73158,0.22956,6.7173,0.73158,0.22956,6.7173,0.81266,0.05947,2.7173,0.81266,0.05947,2.7173,0.81266,0.05947,2.7173,0.81266,0.05947,2.7173
10,32,2,2,0,0,0,0,0.000,0.0000,0.2012,0.94509,0.04777,0.1626,0.43753,0.42988,30.8374,0.93877,0.03242,0.1626,0.94509,0.04777,0.1626,0.84641,0.10635,0.1626,0.93877,0.03242,0.1626,0.93877,0.03242,0.1626,0.74885,0.10950,3.1626,0.74885,0.10950,3.1626,0.74885,0.10950,3.1626,0.74885,0.10950,3.1626
10,32,4,2,0,1,4,4,0.000,0.0000,0.5183,0.38605,1.91881,0.4345,0.35045,1.93716,8.5655,0.70064,0.92344,0.4345,0.62980,1.14844,0.4345,0.77124,0.69844,0.4345,0.70064,0.92344,0.4345,0.93486,0.17344,0.4345,0.93977,0.05502,0.5655,0.93977,0.05502,0.5655,0.93977,0.05502,0.5655,0.93977,0.05502,0.5655
10,33,0,2,0,0,2,2,0.000,0.0000,0.1360,0.60661,0.88789,0.2647,0.58479,0.87798,3.7353,0.96848,0.05821,0.2647,0.87068,0.28315,0.2647,0.83702,0.18177,0.2647,0.96848,0.05821,0.2647,0.96848,0.05821,0.2647,0.76672,0.19541,1.2647,0.76672,0.19541,1.2647,0.76672,0.19541,1.2647,0.76672,0.19541,1.2647
10,33,1,2,-1,0,3,3,0.000,0.0000,0.5181,0.55987,0.26700,13.7173,0.53375,0.35172,16.2827,0.55987,0.26700,13.7173,0.55987,0.26700,13.7173,0.55987,0.26700,13.7173,0.55987,0.26700,13.7173,0.55987,0.26700,13.7173,0.77072,0.06304,4.7173,0.77072,0.06304,4.7173,0.77072,0.06304,4.7173,0.77072,0.06304,4.7173
10,33,2,2,0,0,0,0,0.000,0.0000,0.1735,0.90228,0.08187,0.1626,0.44212,0.42080,30.8374,0.94424,0.01226,0.1626,0.90228,0.08187,0.1626,0.84641,0.09957,0.1626,0.94424,0.01226,0.1626,0.94424,0.01226,0.1626,0.74885,0.10950,3.1626,0.74885,0.10951,3.1626,0.74885,0.10950,3.1626,0.74885,0.10951,3.1626
10,33,4,1,0,1,4,4,0.000,0.0000,0.5312,0.00939,3.24819,0.4345,0.03127,3.23716,8.5655,0.62444,1.19262,0.4345,0.55822,1.41755,0.4345,0.69032,0.96771,0.4345,0.16972,2.54240,0.4345,0.84260,0.44331,0.4345,0.93637,0.05976,0.5655,0.93637,0.05976,0.5655,0.93637,0.05976,0.5655,0.93637,0.05976,0.5655
10,34,0,2,0,0,2,2,0.000,0.0000,0.0761,0.82119,0.17247,1.7353,0.79052,0.15261,3.7353,0.82119,0.17247,1.7353,0.82119,0.17247,1.7353,0.75845,0.23776,1.7353,0.82119,0.17247,1.7353,0.82119,0.17247,1.7353,0.76672,0.19541,1.2647,0.76672,0.19541,1.2647,0.76672,0.19541,1.2647,0.76672,0.19541,1.2647
10,34,1,2,-1,0,3,3,0.000,0.0000,0.5479,0.70513,0.24042,6.7173,0.55953,0.30359,16.2827,0.70513,0.24042,6.7173,0.70513,0.24042,6.7173,0.70513,0.24042,6.7173,0.70513,0.24042,6.7173,0.70381,0.23935,6.7173,0.77072,0.06304,4.7173,0.77072,0.06304,4.7173,0.77072,0.06304,4.7173,0.77072,0.06304,4.7173
10,34,2,2,0,0,0,0,0.000,0.0000,0.0880,0.81922,0.17087,0.1626,0.44447,0.52692,30.8374,0.90502,0.12041,0.1626,0.86729,0.14279,0.1626,0.84641,0.10566,0.1626,0.90502,0.12041,0.1626,0.90502,0.12041,0.1626,0.74885,0.10950,3.1626,0.74885,0.10950,3.1626,0.74885,0.10950,3.1626,0.74885,0.10950,3.1626
10,34,4,1,-1,1,4,4,0.000,0.0000,0.3894,0.00995,3.11948,0.4345,0.02937,3.11223,8.5655,0.00995,3.11948,0.4345,0.00995,3.11948,0.4345,0.00995,3.11948,0.4345,0.00995,3.11948,0.4345,0.91178,0.18956,0.4345,0.93637,0.05976,0.5655,0.93637,0.05976,0.5655,0.93637,0.05976,0.5655,0.93637,0.05976,0.5655
10,35,0,2,0,0,2,2,0.000,0.0000,0.0721,0.51965,1.02198,0.2647,0.51456,1.02148,3.7353,0.88495,0.09432,0.2647,0.80334,0.28196,0.2647,0.81881,0.19885,0.2647,0.88495,0.09432,0.2647,0.88495,0.09432,0.2647,0.76672,0.19541,1.2647,0.76672,0.19541,1.2647,0.76672,0.19541,1.2647,0.76672,0.19541,1.2647
10,35,1,2,0,0,3,3,0.000,0.0000,0.7551,0.68957,0.40043,4.7173,0.50177,0.18246,16.2827,0.68957,0.40043,4.7173,0.68957,0.40043,4.7173,0.68957,0.40043,4.7173,0.68957,0.40043,4.7173,0.68957,0.40043,4.7173,0.75790,0.07047,4.7173,0.75790,0.07047,4.7173,0.75790,0.07047,4.7173,0.75790,0.07047,4.7173
10,35,2,2,0,0,0,0,0.000,0.0000,0.0420,0.91948,0.09286,0.1626,0.43551,0.48235,30.8374,0.91888,0.08396,0.1626,0.91948,0.09286,0.1626,0.84641,0.10758,0.1626,0.91888,0.08396,0.1626,0.91888,0.08396,0.1626,0.74885,0.10950,3.1626,0.74885,0.10951,3.1626,0.74885,0.10950,3.1626,0.74885,0.10951,3.1626
10,35,4,2,-1,1,4,4,0.000,0.0000,0.2895,0.00969,3.13012,0.5655,0.02946,3.11884,8.5655,0.00969,3.13012,0.5655,0.00969,3.13012,0.5655,0.00969,3.13012,0.5655,0.00969,3.13012,0.5655,0.89698,0.21100,0.5655,0.93637,0.05976,0.5655,0.93637,0.05976,0.5655,0.93637,0.05976,0.5655,0.93637,0.05976,0.5655
10,36,0,2,0,0,2,2,0.000,0.0000,0.0916,0.57448,0.94143,0.7353,0.56355,0.94052,3.7353,0.93824,0.06085,0.7353,0.84809,0.27896,0.7353,0.83771,0.17340,0.7353,0.93824,0.06085,0.7353,0.93824,0.06085,0.7353,0.76672,0.19541,1.2647,0.76672,0.19541,1.2647,0.76672,0.19541,1.2647,0.76672,0.19541,1.2647
10,36,1,2,0,0,3,3,0.000,0.0000,0.7313,0.75536,0.22662,0.7173,0.57030,0.12751,16.2827,0.75536,0.22662,0.7173,0.75536,0.22662,0.7173,0.71439,0.32204,0.7173,0.75536,0.22662,0.7173,0.75536,0.22662,0.7173,0.71902,0.14141,4.7173,0.71902,0.14141,4.7173,0.71902,0.14141,4.7173,0.71902,0.14141,4.7173
10,36,2,2,0,0,0,0,0.000,0.0000,0.0366,0.94743,0.04785,0.1626,0.45115,0.42846,30.8374,0.93723,0.03478,0.1626,0.94743,0.04785,0.1626,0.84641,0.10287,0.1626,0.93723,0.03478,0.1626,0.93723,0.03478,0.1626,0.74885,0.10950,3.1626,0.74885,0.10950,3.1626,0.74885,0.10950,3.1626,0.74885,0.10950,3.1626
10,36,4,2,-1,1,4,4,0.000,0.0000,0.5127,0.39976,1.33161,12.5655,0.38198,1.47319,8.5655,0.39976,1.33161,12.5655,0.39976,1.33161,12.5655,0.39976,1.33161,12.5655,0.39976,1.33161,12.5655,0.46071,0.84165,12.5655,0.93584,0.06739,0.5655,0.93584,0.06738,0.5655,0.93584,0.06739,0.5655,0.93584,0.06738,0.5655
11,0,0,2,0,0,1,1,0.000,0.0000,0.0000,0.40576,1.34703,0.4945,0.40093,1.38445,3.5055,0.92574,0.12674,0.4945,0.79671,0.35545,0.4945,0.85320,0.12116,0.4945,0.92574,0.12674,0.4945,0.92574,0.12674,0.4945,0.40576,1.34703,0.4945,0.92574,0.12674,0.4945,0.40576,1.34703,0.4945,0.92574,0.12674,0.4945
11,0,1,2,0,-1,-1,-1,0.000,-1.0000,-1.0000,0.08827,0.83927,0.6366,0.21972,0.88602,14.3634,0.87128,0.19126,0.6366,0.84653,0.13517,0.6366,0.75271,0.41398,0.6366,0.87128,0.19126,0.6366,0.08827,0.83927,0.6366,0.08827,0.83927,0.6366,0.08827,0.83927,0.6366,0.08827,0.83927,0.6366,0.08827,0.83927,0.6366
11,0,2,2,-1,0,0,0,0.000,0.0000,0.0000,0.54957,0.40440,18.7269,0.73558,0.25970,2.2731,0.54957,0.40440,18.7269,0.54957,0.40440,18.7269,0.54957,0.40440,18.7269,0.54957,0.40440,18.7269,0.54957,0.40440,18.7269,0.54862,0.42759,18.7269,0.54862,0.42759,18.7269,0.54862,0.42759,18.7269,0.54862,0.42759,18.7269
11,0,4,2,-1,1,2,2,0.000,0.0000,0.0000,0.84310,0.21037,0.3936,0.38189,0.80349,41.3936,0.84310,0.21037,0.3936,0.84310,0.21037,0.3936,0.84310,0.21037,0.3936,0.84310,0.21037,0.3936,0.92033,0.13655,0.3936,0.84310,0.21037,0.3936,0.92033,0.13654,0.3936,0.84310,0.21037,0.3936,0.92033,0.13654,0.3936
11,1,0,2,0,-1,-1,-1,0.000,-1.0000,-1.0000,0.55792,0.99689,0.4945,0.53576,1.04967,3.5055,0.91977,0.14087,0.4945,0.80949,0.36673,0.4945,0.85320,0.10944,0.4945,0.91977,0.14087,0.4945,0.55792,0.99689,0.4945,0.55792,0.99689,0.4945,0.55792,0.99689,0.4945,0.55792,0.99689,0.4945,0.55792,0.99689,0.4945
11,1,1,2,0,0,4,4,0.000,0.0000,0.0000,0.15963,0.77985,0.3634,0.21994,0.89377,14.3634,0.85437,0.20639,0.3634,0.82702,0.15318,0.3634,0.75230,0.42317,0.3634,0.85437,0.20639,0.3634,0.85437,0.20639,0.3634,0.15963,0.77985,0.3634,0.85438,0.20639,0.3634,0.15963,0.77985,0.3634,0.85438,0.20639,0.3634
11,1,2,2,-1,0,0,0,0.000,0.0000,2.7611,0.57274,0.30100,15.2731,0.76212,0.23659,2.2731,0.57274,0.30100,15.2731,0.57274,0.30100,15.2731,0.57274,0.30100,15.2731,0.57274,0.30100,15.2731,0.57274,0.30100,15.2731,0.74601,0.19075,5.2731,0.74601,0.19075,5.2731,0.74601,0.19075,5.2731,0.74601,0.19075,5.2731
11,1,4,2,-1,1,2,2,0.000,0.0000,0.0661,0.81153,0.25605,0.6064,0.38418,0.82608,41.3936,0.81153,0.25605,0.6064,0.81153,0.25605,0.6064,0.81153,0.25605,0.6064,0.81153,0.25605,0.6064,0.91824,0.14352,0.6064,0.37956,0.79637,0.3936,0.92449,0.12255,0.3936,0.37956,0.79637,0.3936,0.92449,0.12255,0.3936
11,2,0,2,0,0,1,1,0.000,0.0000,0.5780,0.89632,0.09193,0.5055,0.79827,0.10351,3.5055,0.89632,0.09193,0.5055,0.89632,0.09193,0.5055,0.85252,0.12668,0.5055,0.89632,0.09193,0.5055,0.89632,0.09193,0.5055,0.40610,1.34498,0.4945,0.92737,0.12270,0.4945,0.40610,1.34498,0.4945,0.92737,0.12270,0.4945
11,2,1,2,0,0,4,4,0.000,0.0000,0.1348,0.82405,0.15354,0.6366,0.43656,0.63170,14.3634,0.85876,0.19079,0.6366,0.83216,0.14660,0.6366,0.75271,0.40852,0.6366,0.85876,0.19079,0.6366,0.85876,0.19079,0.6366,0.01895,0.91542,0.6366,0.77736,0.41087,0.6366,0.01895,0.91542,0.6366,0.77736,0.41087,0.6366
11,2,2,2,-1,0,0,0,0.000,0.0000,2.3936,0.62415,0.16439,4.2731,0.64414,0.13589,2.2731,0.62415,0.16439,4.2731,0.62415,0.16439,4.2731,0.62415,0.16439,4.2731,0.62415,0.16439,4.2731,0.62415,0.16439,4.2731,0.87902,0.13283,0.7269,0.87902,0.13284,0.7269,0.87902,0.13283,0.7269,0.87902,0.13284,0.7269
11,2,4,2,-1,1,2,2,0.000,0.0000,0.3731,0.92724,0.08020,0.3936,0.37733,0.73321,41.3936,0.92724,0.08020,0.3936,0.92724,0.08020,0.3936,0.92724,0.08020,0.3936,0.92724,0.08020,0.3936,0.94332,0.05879,0.3936,0.03040,1.68500,0.3936,0.92671,0.11511,0.3936,0.03040,1.68500,0.3936,0.92671,0.11511,0.3936
11,3,0,2,0,0,1,1,0.000,0.0000,0.2919,0.77173,0.30980,2.4945,0.77518,0.34659,3.5055,0.82682,0.21873,2.4945,0.77173,0.30980,2.4945,0.85212,0.03659,2.4945,0.82682,0.21873,2.4945,0.82682,0.21873,2.4945,0.29997,1.60917,0.4945,0.92737,0.12270,0.4945,0.29997,1.60917,0.4945,0.92737,0.12270,0.4945
11,3,1,2,0,0,4,4,0.000,0.0000,0.0720,0.61091,0.34759,0.6366,0.27613,0.80926,14.3634,0.86204,0.19353,0.6366,0.83025,0.14836,0.6366,0.75271,0.41273,0.6366,0.86204,0.19353,0.6366,0.86204,0.19353,0.6366,0.00932,0.93985,0.3634,0.77126,0.42698,0.3634,0.00932,0.93985,0.3634,0.77126,0.42698,0.3634
11,3,2,2,0,0,0,0,0.000,0.0000,1.2691,0.92595,0.11970,0.7269,0.85312,0.16354,2.2731,0.92595,0.11970,0.7269,0.92595,0.11970,0.7269,0.92986,0.01051,0.7269,0.92595,0.11970,0.7269,0.92595,0.11970,0.7269,0.87840,0.12650,0.7269,0.87840,0.12650,0.7269,0.87840,0.12650,0.7269,0.87840,0.12650,0.7269
11,3,4,2,-1,1,2,2,0.000,0.0000,1.8818,0.38435,0.81356,14.3936,0.37868,0.78044,41.3936,0.38435,0.81356,14.3936,0.38435,0.81356,14.3936,0.38435,0.81356,14.3936,0.38435,0.81356,14.3936,0.47442,0.69015,14.3936,0.03039,1.68730,0.3936,0.92507,0.12059,0.3936,0.03039,1.68730,0.3936,0.92507,0.12059,0.3936
11,4,0,2,0,0,1,1,0.000,0.0000,0.1071,0.90679,0.13786,0.4945,0.81686,0.19091,3.5055,0.92018,0.12938,0.4945,0.90679,0.13786,0.4945,0.85320,0.11700,0.4945,0.92018,0.12938,0.4945,0.92018,0.12938,0.4945,0.31691,1.58678,0.4945,0.92737,0.12270,0.4945,0.31691,1.58678,0.4945,0.92737,0.12270,0.4945
11,4,1,2,0,0,4,4,0.000,0.0000,0.0193,0.70743,0.26329,0.3634,0.34709,0.74798,14.3634,0.85648,0.19900,0.3634,0.82599,0.15303,0.3634,0.75271,0.41613,0.3634,0.85648,0.19900,0.3634,0.85648,0.19900,0.3634,0.01973,0.91084,0.3634,0.82880,0.27239,0.3634,0.01973,0.91084,0.3634,0.82880,0.27239,0.3634
11,4,2,1,-1,0,0,0,0.000,0.0000,0.7815,0.60490,0.96007,0.2731,0.58151,0.97904,2.2731,0.60490,0.96007,0.2731,0.60490,0.96007,0.2731,0.60490,0.96007,0.2731,0.60490,0.96007,0.2731,0.89859,0.22889,0.2731,0.86682,0.11989,0.2731,0.86682,0.11989,0.2731,0.86682,0.11989,0.2731,0.86682,0.11989,0.2731
11,4,4,2,-1,1,2,2,0.000,0.0000,1.0398,0.76499,0.29608,1.6064,0.38433,0.80242,41.3936,0.76499,0.29608,1.6064,0.76499,0.29608,1.6064,0.76499,0.29608,1.6064,0.76499,0.29608,1.6064,0.78062,0.25409,1.6064,0.66810,0.81557,0.3936,0.92507,0.12059,0.3936,0.66810,0.81557,0.3936,0.92507,0.12059,0.3936
11,5,0,2,-1,0,1,1,0.000,0.0000,0.1952,0.62453,0.53564,5.5055,0.64045,0.53682,3.5055,0.62453,0.53564,5.5055,0.62453,0.53564,5.5055,0.62453,0.53564,5.5055,0.62453,0.53564,5.5055,0.71432,0.21580,5.5055,0.31658,1.58685,0.4945,0.92180,0.12381,0.4945,0.31658,1.58685,0.4945,0.92180,0.12381,0.4945
11,5,1,2,0,0,4,4,0.000,0.0000,0.0403,0.79773,0.18324,0.3634,0.40762,0.66255,14.3634,0.86805,0.18312,0.3634,0.84750,0.13707,0.3634,0.75271,0.40442,0.3634,0.86805,0.18312,0.3634,0.86805,0.18312,0.3634,0.01973,0.91084,0.3634,0.82880,0.27239,0.3634,0.01973,0.91084,0.3634,0.82880,0.27239,0.3634
11,5,2,1,-1,0,0,0,0.000,0.0000,0.5323,0.57248,1.04117,0.2731,0.56042,1.04518,2.2731,0.57248,1.04117,0.2731,0.57248,1.04117,0.2731,0.57248,1.04117,0.2731,0.57248,1.04117,0.2731,0.90235,0.22482,0.2731,0.86538,0.12365,0.2731,0.86538,0.12365,0.2731,0.86538,0.12365,0.2731,0.86538,0.12365,0.2731
11,5,4,2,-1,1,2,2,0.000,0.0000,0.5353,0.78710,0.22558,0.3936,0.38134,0.76716,41.3936,0.78710,0.22558,0.3936,0.78710,0.22558,0.3936,0.78710,0.22558,0.3936,0.78710,0.22558,0.3936,0.83622,0.18083,0.3936,0.66993,0.82216,0.3936,0.92089,0.13447,0.3936,0.66993,0.82216,0.3936,0.92089,0.13447,0.3936
11,6,0,2,0,0,1,1,0.000,0.0000,0.1155,0.68247,0.65909,0.5055,0.64163,0.70161,3.5055,0.88471,0.14670,0.5055,0.79800,0.36377,0.5055,0.85320,0.09199,0.5055,0.88471,0.14670,0.5055,0.88471,0.14670,0.5055,0.71159,0.61178,0.4945,0.92180,0.12381,0.4945,0.71159,0.61178,0.4945,0.92180,0.12381,0.4945
11,6,1,2,0,0,4,4,0.000,0.0000,0.0287,0.87758,0.11037,0.6366,0.47381,0.59359,14.3634,0.86300,0.19216,0.6366,0.89083,0.09412,0.6366,0.75271,0.41170,0.6366,0.86300,0.19216,0.6366,0.86300,0.19216,0.6366,0.02000,0.91139,0.3634,0.84483,0.23163,0.3634,0.02000,0.91139,0.3634,0.84483,0.23163,0.3634
11,6,2,2,0,0,0,0,0.000,0.0000,0.4236,0.90514,0.12151,1.2731,0.88627,0.12543,2.2731,0.90514,0.12151,1.2731,0.90514,0.12151,1.2731,0.92258,0.03327,1.2731,0.90514,0.12151,1.2731,0.90514,0.12151,1.2731,0.85158,0.12856,1.2731,0.85158,0.12856,1.2731,0.85158,0.12856,1.2731,0.85158,0.12856,1.2731
11,6,4,2,-1,1,2,2,0.000,0.0000,0.6276,0.67261,0.42402,0.6064,0.38077,0.71396,41.3936,0.67261,0.42402,0.6064,0.67261,0.42402,0.6064,0.67261,0.42402,0.6064,0.67261,0.42402,0.6064,0.67261,0.42402,0.6064,0.83934,0.23401,0.3936,0.92089,0.13447,0.3936,0.83934,0.23401,0.3936,0.92089,0.13447,0.3936
11,7,0,2,-1,0,1,1,0.000,0.0000,0.3139,0.44400,1.12954,16.5055,0.52142,1.02973,3.5055,0.44400,1.12954,16.5055,0.44400,1.12954,16.5055,0.44400,1.12954,16.5055,0.44400,1.12954,16.5055,0.60650,0.37136,16.5055,0.72292,0.62013,0.5055,0.93482,0.12494,0.5055,0.72292,0.62013,0.5055,0.93482,0.12494,0.5055
11,7,1,2,0,0,4,4,0.000,0.0000,0.0213,0.73687,0.23218,0.3634,0.37812,0.70105,14.3634,0.86344,0.19042,0.3634,0.83049,0.14762,0.3634,0.75271,0.41010,0.3634,0.86344,0.19042,0.3634,0.86344,0.19042,0.3634,0.08483,0.85042,0.3634,0.85394,0.20832,0.3634,0.08483,0.85042,0.3634,0.85394,0.20832,0.3634
11,7,2,2,-1,0,0,0,0.000,0.0000,0.3786,0.78430,0.13556,3.7269,0.77623,0.23724,2.2731,0.78430,0.13556,3.7269,0.78430,0.13556,3.7269,0.78430,0.13556,3.7269,0.78430,0.13556,3.7269,0.78430,0.13556,3.7269,0.85158,0.12856,1.2731,0.85158,0.12856,1.2731,0.85158,0.12856,1.2731,0.85158,0.12856,1.2731
11,7,4,2,-1,1,2,2,0.000,0.0000,0.5123,0.69117,0.36223,0.3936,0.37954,0.80001,41.3936,0.69117,0.36223,0.3936,0.69117,0.36223,0.3936,0.69117,0.36223,0.3936,0.69117,0.36223,0.3936,0.69164,0.36130,0.3936,0.84777,0.20694,0.3936,0.92088,0.13447,0.3936,0.84777,0.20694,0.3936,0.92088,0.13447,0.3936
11,8,0,2,0,0,1,1,0.000,0.0000,0.1513,0.53398,0.96988,0.4945,0.50681,1.00541,3.5055,0.79690,0.21528,0.4945,0.72869,0.39388,0.4945,0.78841,0.19699,0.4945,0.79690,0.21528,0.4945,0.79690,0.21528,0.4945,0.72292,0.62013,0.5055,0.93482,0.12494,0.5055,0.72292,0.62013,0.5055,0.93482,0.12494,0.5055
11,8,1,2,0,0,4,4,0.000,0.0000,0.0212,0.85283,0.12901,0.6366,0.45681,0.61067,14.3634,0.86346,0.18523,0.6366,0.86082,0.12051,0.6366,0.75271,0.40472,0.6366,0.86346,0.18523,0.6366,0.86346,0.18523,0.6366,0.27841,0.66871,1.6366,0.85110,0.18633,1.6366,0.27841,0.66871,1.6366,0.85110,0.18633,1.6366
11,8,2,2,-1,0,0,0,0.000,0.0000,0.5146,0.49888,0.28351,19.2731,0.64764,0.13931,2.2731,0.49888,0.28351,19.2731,0.49888,0.28351,19.2731,0.49888,0.28351,19.2731,0.49888,0.28351,19.2731,0.49888,0.28351,19.2731,0.83381,0.21110,0.7269,0.83381,0.21110,0.7269,0.83381,0.21110,0.7269,0.83381,0.21110,0.7269
11,8,4,2,-1,1,2,2,0.000,0.0000,0.2137,0.80203,0.20172,1.3936,0.38148,0.75758,41.3936,0.80203,0.20172,1.3936,0.80203,0.20172,1.3936,0.80203,0.20172,1.3936,0.80203,0.20172,1.3936,0.90359,0.11469,1.3936,0.84777,0.20694,0.3936,0.92088,0.13447,0.3936,0.84777,0.20694,0.3936,0.92088,0.13447,0.3936
11,9,0,2,0,0,1,1,0.000,0.0000,0.1275,0.39047,1.36890,0.4945,0.36994,1.41176,3.5055,0.78315,0.23235,0.4945,0.71685,0.40731,0.4945,0.77649,0.20814,0.4945,0.25627,1.67461,0.4945,0.78315,0.23235,0.4945,0.67428,0.61513,2.4945,0.84753,0.17041,2.4945,0.67428,0.61513,2.4945,0.84753,0.17041,2.4945
11,9,1,2,0,0,4,4,0.000,0.0000,0.0343,0.92453,0.07997,0.6366,0.49954,0.54223,14.3634,0.88269,0.17947,0.6366,0.92453,0.07996,0.6366,0.75271,0.40461,0.6366,0.88269,0.17947,0.6366,0.88269,0.17947,0.6366,0.70859,0.26347,0.3634,0.85471,0.20400,0.3634,0.70859,0.26347,0.3634,0.85471,0.20400,0.3634
11,9,2,2,-1,0,0,0,0.000,0.0000,0.5860,0.55971,0.39374,19.2731,0.74924,0.24975,2.2731,0.55971,0.39374,19.2731,0.55971,0.39374,19.2731,0.55971,0.39374,19.2731,0.55971,0.39374,19.2731,0.55972,0.39374,19.2731,0.76798,0.19161,4.7269,0.76798,0.19161,4.7269,0.76798,0.19161,4.7269,0.76798,0.19161,4.7269
11,9,4,2,-1,1,2,2,0.000,0.0000,0.1324,0.83716,0.14362,0.6064,0.36774,0.74573,41.3936,0.83716,0.14362,0.6064,0.83716,0.14362,0.6064,0.83716,0.14362,0.6064,0.83716,0.14362,0.6064,0.83716,0.14362,0.6064,0.85139,0.20693,0.3936,0.91950,0.13914,0.3936,0.85139,0.20693,0.3936,0.91950,0.13914,0.3936
11,10,0,2,0,0,1,1,0.000,0.0000,0.0839,0.26654,1.70167,3.5055,0.26654,1.70167,3.5055,0.78274,0.17228,3.5055,0.71426,0.39273,3.5055,0.78437,0.07983,3.5055,0.22996,1.88442,3.5055,0.78274,0.17228,3.5055,0.67428,0.61513,2.4945,0.84753,0.17041,2.4945,0.67428,0.61513,2.4945,0.84753,0.17041,2.4945
11,10,1,2,0,0,4,4,0.000,0.0000,0.1950,0.67911,0.36135,0.3634,0.46097,0.60371,14.3634,0.63449,0.40286,0.3634,0.67911,0.36135,0.3634,0.58093,0.54334,0.3634,0.63449,0.40286,0.3634,0.63449,0.40286,0.3634,0.84595,0.13477,0.3634,0.85484,0.18730,0.3634,0.84595,0.13477,0.3634,0.85484,0.18730,0.3634
11,10,2,2,-1,0,0,0,0.000,0.0000,0.3899,0.77385,0.15992,5.7269,0.77156,0.23747,2.2731,0.77385,0.15992,5.7269,0.77385,0.15992,5.7269,0.77385,0.15992,5.7269,0.77385,0.15992,5.7269,0.77385,0.15992,5.7269,0.76292,0.19095,4.7269,0.76292,0.19095,4.7269,0.76292,0.19095,4.7269,0.76292,0.19095,4.7269
11,10,4,2,-1,1,2,2,0.000,0.0000,0.2215,0.02520,0.95441,0.6064,0.35824,0.95695,41.3936,0.02520,0.95441,0.6064,0.02520,0.95441,0.6064,0.02520,0.95441,0.6064,0.02520,0.95441,0.6064,0.94314,0.05213,0.6064,0.87311,0.13918,0.3936,0.93138,0.09910,0.3936,0.87311,0.13918,0.3936,0.93138,0.09910,0.3936
11,11,0,2,0,0,1,1,0.000,0.0000,0.5574,0.17043,2.08227,28.5055,0.23105,1.89998,3.5055,0.33487,0.96101,28.5055,0.35521,1.04229,28.5055,0.32100,0.92842,28.5055,0.20094,1.84913,28.5055,0.33487,0.96101,28.5055,0.66636,0.64409,2.4945,0.82811,0.22043,2.4945,0.66636,0.64409,2.4945,0.82811,0.22043,2.4945
11,11,1,2,0,0,4,4,0.000,0.0000,0.1105,0.93882,0.05632,0.3634,0.52083,0.53279,14.3634,0.87383,0.18706,0.3634,0.93882,0.05632,0.3634,0.75271,0.40973,0.3634,0.87383,0.18706,0.3634,0.87383,0.18706,0.3634,0.84563,0.13512,0.3634,0.85417,0.18753,0.3634,0.84563,0.13512,0.3634,0.85417,0.18753,0.3634
11,11,2,2,-1,0,0,0,0.000,0.0000,0.3653,0.68998,0.21822,10.2731,0.77226,0.20723,2.2731,0.68998,0.21822,10.2731,0.68998,0.21822,10.2731,0.68998,0.21822,10.2731,0.68998,0.21822,10.2731,0.68998,0.21822,10.2731,0.76289,0.16977,4.7269,0.76289,0.16977,4.7269,0.76289,0.16977,4.7269,0.76289,0.16977,4.7269
11,11,4,2,-1,1,2,2,0.000,0.0000,0.3557,0.01648,0.96453,0.3936,0.34800,0.96492,41.3936,0.01648,0.96453,0.3936,0.01648,0.96453,0.3936,0.01648,0.96453,0.3936,0.01648,0.96453,0.3936,0.89750,0.21441,0.3936,0.87385,0.13729,0.3936,0.93217,0.09644,0.3936,0.87385,0.13729,0.3936,0.93217,0.09644,0.3936
11,12,0,2,0,0,1,1,0.000,0.0000,0.3297,0.16528,1.96994,3.4945,0.15506,2.02070,3.5055,0.83170,0.19288,3.4945,0.74041,0.40655,3.4945,0.84508,0.07025,3.4945,0.23050,1.95177,3.4945,0.83170,0.19288,3.4945,0.66636,0.64409,2.4945,0.82811,0.22043,2.4945,0.66636,0.64409,2.4945,0.82811,0.22043,2.4945
11,12,1,2,0,0,4,4,0.000,0.0000,0.0786,0.88148,0.11361,0.6366,0.48965,0.56990,14.3634,0.84890,0.13935,0.6366,0.88148,0.11361,0.6366,0.75271,0.34761,0.6366,0.84890,0.13935,0.6366,0.84890,0.13935,0.6366,0.86119,0.12082,0.6366,0.85365,0.18791,0.6366,0.86119,0.12082,0.6366,0.85365,0.18791,0.6366
11,12,2,2,-1,0,0,0,0.000,0.0000,0.2829,0.44026,0.80856,7.7269,0.48284,0.68998,2.2731,0.44026,0.80856,7.7269,0.44026,0.80856,7.7269,0.44026,0.80856,7.7269,0.44026,0.80856,7.7269,0.44026,0.80856,7.7269,0.76291,0.16968,4.7269,0.76291,0.16968,4.7269,0.76291,0.16968,4.7269,0.76291,0.16968,4.7269
11,12,4,2,0,1,2,2,0.000,0.0000,0.5577,0.01291,0.97358,0.3936,0.33540,0.97446,41.3936,0.78420,0.17897,0.3936,0.70435,0.23812,0.3936,0.84282,0.15347,0.3936,0.78420,0.17897,0.3936,0.82737,0.46644,0.3936,0.87385,0.13729,0.3936,0.93217,0.09644,0.3936,0.87385,0.13729,0.3936,0.93217,0.09644,0.3936
11,13,0,2,0,0,1,1,0.000,0.0000,0.7050,0.24632,1.08513,33.5055,0.48184,0.70034,3.5055,0.28357,1.34186,33.5055,0.30319,1.22311,33.5055,0.25815,1.51842,33.5055,0.28357,1.34186,33.5055,0.28357,1.34186,33.5055,0.74961,0.40041,2.4945,0.82811,0.22043,2.4945,0.74961,0.40041,2.4945,0.82811,0.22043,2.4945
11,13,1,2,0,0,4,4,0.000,0.0000,0.0392,0.87816,0.10859,0.3634,0.47508,0.58195,14.3634,0.86314,0.18616,0.3634,0.87816,0.10859,0.3634,0.75271,0.40556,0.3634,0.86314,0.18616,0.3634,0.86314,0.18616,0.3634,0.86119,0.12082,0.6366,0.85365,0.18791,0.6366,0.86119,0.12082,0.6366,0.85365,0.18791,0.6366
11,13,2,2,0,0,0,0,0.000,0.0000,0.0537,0.57513,0.48385,11.2731,0.72946,0.29099,2.2731,0.57513,0.48385,11.2731,0.57513,0.48385,11.2731,0.60614,0.44189,11.2731,0.57513,0.48385,11.2731,0.57513,0.48385,11.2731,0.76291,0.16968,4.7269,0.76291,0.16968,4.7269,0.76291,0.16968,4.7269,0.76291,0.16968,4.7269
11,13,4,2,0,1,2,2,0.000,0.0000,0.7630,0.01965,1.04897,0.6064,0.33500,1.02635,41.3936,0.73350,0.38119,0.6064,0.65594,0.42734,0.6064,0.81106,0.35241,0.6064,0.73350,0.38119,0.6064,0.76289,0.66208,0.6064,0.89905,0.12388,0.6064,0.93027,0.10294,0.6064,0.89905,0.12388,0.6064,0.93027,0.10294,0.6064
11,14,0,2,-1,0,1,1,0.000,0.0000,1.7717,0.38069,2.14455,3.5055,0.38069,2.14455,3.5055,0.38069,2.14455,3.5055,0.38069,2.14455,3.5055,0.38069,2.14455,3.5055,0.38069,2.14455,3.5055,0.38069,2.14455,3.5055,0.49872,0.56813,13.4945,0.53263,0.52767,13.4945,0.49872,0.56813,13.4945,0.53263,0.52767,13.4945
11,14,1,2,0,0,4,4,0.000,0.0000,0.1419,0.71223,0.30324,0.3634,0.43519,0.63320,14.3634,0.66242,0.35209,0.3634,0.71223,0.30324,0.3634,0.63586,0.48249,0.3634,0.66242,0.35209,0.3634,0.66242,0.35209,0.3634,0.87249,0.11371,0.6366,0.85365,0.18791,0.6366,0.87249,0.11371,0.6366,0.85365,0.18791,0.6366
11,14,2,2,-1,0,0,0,0.000,0.0000,0.1388,0.78185,0.24815,0.2731,0.74449,0.29096,2.2731,0.78185,0.24815,0.2731,0.78185,0.24815,0.2731,0.78185,0.24815,0.2731,0.78185,0.24815,0.2731,0.78185,0.24814,0.2731,0.76291,0.16968,4.7269,0.76291,0.16968,4.7269,0.76291,0.16968,4.7269,0.76291,0.16968,4.7269
11,14,4,2,0,1,2,2,0.000,0.0000,1.0962,0.01238,1.05768,0.3936,0.30572,1.05925,41.3936,0.69723,0.45687,0.3936,0.62625,0.48270,0.3936,0.77787,0.53824,0.3936,0.69723,0.45687,0.3936,0.68026,1.06329,0.3936,0.89905,0.12388,0.6064,0.93027,0.10294,0.6064,0.89905,0.12388,0.6064,0.93027,0.10294,0.6064
11,15,0,2,-1,0,1,1,0.000,0.0000,1.1471,0.48156,0.25215,28.4945,0.73600,0.22019,3.5055,0.48156,0.25215,28.4945,0.48156,0.25215,28.4945,0.48156,0.25215,28.4945,0.48156,0.25215,28.4945,0.48156,0.25215,28.4945,0.72639,0.14184,7.5055,0.72639,0.14184,7.5055,0.72639,0.14184,7.5055,0.72639,0.14184,7.5055
11,15,1,2,0,0,4,4,0.000,0.0000,0.0598,0.93235,0.05421,0.3634,0.54142,0.50761,14.3634,0.86827,0.17993,0.3634,0.93235,0.05421,0.3634,0.75271,0.40229,0.3634,0.86827,0.17993,0.3634,0.86827,0.17993,0.3634,0.95061,0.04022,0.6366,0.87526,0.17987,0.6366,0.95061,0.04022,0.6366,0.87526,0.17987,0.6366
11,15,2,2,-1,0,0,0,0.000,0.0000,0.1512,0.85666,0.13791,0.2731,0.84361,0.12570,2.2731,0.85666,0.13791,0.2731,0.85666,0.13791,0.2731,0.85666,0.13791,0.2731,0.85666,0.13791,0.2731,0.85666,0.13791,0.2731,0.76291,0.16968,4.7269,0.76291,0.16968,4.7269,0.76291,0.16968,4.7269,0.76291,0.16968,4.7269
11,15,4,2,0,1,2,2,0.000,0.0000,1.2874,0.01414,1.18128,0.6064,0.30531,1.09276,41.3936,0.56702,0.59163,0.6064,0.50150,0.64317,0.6064,0.65521,0.63510,0.6064,0.56702,0.59163,0.6064,0.57781,1.14054,0.6064,0.89895,0.12394,0.6064,0.93026,0.10294,0.6064,0.89895,0.12394,0.6064,0.93026,0.10294,0.6064
11,16,0,2,-1,0,1,1,0.000,0.0000,0.8272,0.68344,0.22883,6.4945,0.67418,0.18551,3.5055,0.68344,0.22883,6.4945,0.68344,0.22883,6.4945,0.68344,0.22883,6.4945,0.68344,0.22883,6.4945,0.68344,0.22883,6.4945,0.72639,0.14184,7.5055,0.72639,0.14184,7.5055,0.72639,0.14184,7.5055,0.72639,0.14184,7.5055
11,16,1,2,0,0,4,4,0.000,0.0000,0.2010,0.58916,0.40650,8.3634,0.45122,0.61016,14.3634,0.65096,0.31828,8.3634,0.58916,0.40650,8.3634,0.64688,0.32420,8.3634,0.65096,0.31828,8.3634,0.65096,0.31828,8.3634,0.95061,0.04022,0.6366,0.87526,0.17987,0.6366,0.95061,0.04022,0.6366,0.87526,0.17987,0.6366
11,16,2,2,-1,0,0,0,0.000,0.0000,0.1688,0.80321,0.21096,0.2731,0.75414,0.27168,2.2731,0.80321,0.21096,0.2731,0.80321,0.21096,0.2731,0.80321,0.21096,0.2731,0.80321,0.21096,0.2731,0.80321,0.21096,0.2731,0.76291,0.16968,4.7269,0.76291,0.16968,4.7269,0.76291,0.16968,4.7269,0.76291,0.16968,4.7269
11,17,0,2,-1,0,1,1,0.000,0.0000,0.5605,0.70886,0.23824,6.4945,0.70885,0.24031,3.5055,0.70886,0.23824,6.4945,0.70886,0.23824,6.4945,0.70886,0.23824,6.4945,0.70886,0.23824,6.4945,0.70886,0.23824,6.4945,0.69871,0.05313,7.5055,0.69871,0.05313,7.5055,0.69871,0.05313,7.5055,0.69871,0.05313,7.5055
11,17,1,2,-1,0,4,4,0.000,0.0000,0.2700,0.53424,0.53958,0.3634,0.52612,0.16700,14.3634,0.53424,0.53958,0.3634,0.53424,0.53958,0.3634,0.53424,0.53958,0.3634,0.53424,0.53958,0.3634,0.49279,0.56786,0.3634,0.93687,0.05386,0.3634,0.86172,0.18495,0.3634,0.93687,0.05386,0.3634,0.86172,0.18495,0.3634
11,17,2,2,0,0,0,0,0.000,0.0000,0.2067,0.60477,0.40981,5.2731,0.65925,0.35528,2.2731,0.69928,0.30474,5.2731,0.61892,0.39409,5.2731,0.77601,0.21593,5.2731,0.69928,0.30474,5.2731,0.69928,0.30474,5.2731,0.73743,0.17371,4.7269,0.73743,0.17371,4.7269,0.73743,0.17371,4.7269,0.73743,0.17371,4.7269
11,17,4,2,0,-1,-1,-1,0.000,-1.0000,-1.0000,0.00570,3.11505,0.6064,0.07196,3.10395,41.3936,0.69859,0.90970,0.6064,0.62785,1.13470,0.6064,0.75638,0.68599,0.6064,0.20124,2.60798,0.6064,0.00570,3.11505,0.6064,0.00570,3.11505,0.6064,0.00570,3.11505,0.6064,0.00570,3.11505,0.6064,0.00570,3.11505,0.6064
11,18,0,1,0,0,1,1,0.000,0.0000,0.3813,0.75987,0.28170,4.4945,0.71371,0.28470,3.5055,0.75987,0.28170,4.4945,0.75987,0.28170,4.4945,0.75987,0.28170,4.4945,0.75987,0.28170,4.4945,0.75987,0.28170,4.4945,0.69870,0.14047,5.5055,0.69870,0.14047,5.5055,0.69870,0.14047,5.5055,0.69870,0.14047,5.5055
11,18,1,2,-1,0,4,4,0.000,0.0000,0.4090,0.56136,0.31359,9.6366,0.59550,0.29540,14.3634,0.56136,0.31359,9.6366,0.56136,0.31359,9.6366,0.56136,0.31359,9.6366,0.56136,0.31359,9.6366,0.53663,0.28304,9.6366,0.94419,0.04704,0.3634,0.86793,0.18308,0.3634,0.94419,0.04704,0.3634,0.86793,0.18308,0.3634
11,18,2,2,0,0,0,0,0.000,0.0000,0.1275,0.56982,0.68479,1.2731,0.55228,0.69728,2.2731,0.80374,0.22551,1.2731,0.65290,0.46357,1.2731,0.91681,0.06534,1.2731,0.80374,0.22551,1.2731,0.80374,0.22551,1.2731,0.73743,0.17371,4.7269,0.73743,0.17371,4.7269,0.73743,0.17371,4.7269,0.73743,0.17371,4.7269
11,18,4,2,0,-1,-1,-1,0.000,-1.0000,-1.0000,0.05009,2.96155,0.6064,0.09053,3.00107,41.3936,0.67910,0.89658,0.6064,0.61053,1.12151,0.6064,0.75656,0.67304,0.6064,0.20299,2.59992,0.6064,0.05009,2.96155,0.6064,0.05009,2.96155,0.6064,0.05009,2.96155,0.6064,0.05009,2.96155,0.6064,0.05009,2.96155,0.6064
11,19,0,1,-1,0,1,1,0.000,0.0000,1.7378,0.14096,3.08858,1.4945,0.14660,2.99155,3.5055,0.14096,3.08858,1.4945,0.14096,3.08858,1.4945,0.14096,3.08858,1.4945,0.14096,3.08858,1.4945,0.14096,3.08858,1.4945,0.69870,0.14047,5.5055,0.69870,0.14047,5.5055,0.69870,0.14047,5.5055,0.69870,0.14047,5.5055
11,19,1,2,0,0,4,4,0.000,0.0000,0.2416,0.86708,0.12539,1.3634,0.53278,0.51572,14.3634,0.79962,0.21039,1.3634,0.86708,0.12539,1.3634,0.72882,0.41311,1.3634,0.79962,0.21039,1.3634,0.79962,0.21039,1.3634,0.89631,0.09643,0.3634,0.82385,0.20151,0.3634,0.89631,0.09643,0.3634,0.82385,0.20151,0.3634
11,19,2,2,0,0,0,0,0.000,0.0000,1.0572,0.29673,1.59436,0.2731,0.29360,1.59827,2.2731,0.24463,1.97012,0.2731,0.24617,1.89021,0.2731,0.24509,2.05658,0.2731,0.24463,1.97012,0.2731,0.24463,1.97012,0.2731,0.73743,0.17371,4.7269,0.73743,0.17371,4.7269,0.73743,0.17371,4.7269,0.73743,0.17371,4.7269
11,19,4,2,0,1,2,2,0.000,0.0000,0.1019,0.12913,2.72172,0.3936,0.12630,2.88302,41.3936,0.69856,0.89701,0.3936,0.62969,1.12190,0.3936,0.76685,0.67156,0.3936,0.20308,2.57056,0.3936,0.91733,0.14648,0.3936,0.89895,0.12394,0.6064,0.93027,0.10294,0.6064,0.89895,0.12394,0.6064,0.93027,0.10294,0.6064
11,20,0,1,0,0,1,1,0.000,0.0000,0.9744,0.88092,0.05389,2.5055,0.85568,0.06326,3.5055,0.88092,0.05389,2.5055,0.88092,0.05389,2.5055,0.84341,0.05389,2.5055,0.88092,0.05389,2.5055,0.88092,0.05389,2.5055,0.69870,0.14047,5.5055,0.69870,0.14047,5.5055,0.69870,0.14047,5.5055,0.69870,0.14047,5.5055
11,20,1,2,0,0,4,4,0.000,0.0000,0.1286,0.87862,0.10038,2.3634,0.52776,0.52180,14.3634,0.81991,0.17603,2.3634,0.87862,0.10038,2.3634,0.74993,0.37251,2.3634,0.81991,0.17603,2.3634,0.81991,0.17603,2.3634,0.90795,0.08301,0.3634,0.83369,0.19544,0.3634,0.90795,0.08301,0.3634,0.83369,0.19544,0.3634
11,20,4,2,0,1,2,2,0.000,0.0000,0.5113,0.23594,2.38947,7.6064,0.13748,2.68486,41.3936,0.60250,1.01255,7.6064,0.55320,1.23430,7.6064,0.64714,0.79263,7.6064,0.18787,2.71063,7.6064,0.73306,0.30932,7.6064,0.89831,0.12590,0.6064,0.92956,0.10529,0.6064,0.89831,0.12590,0.6064,0.92956,0.10529,0.6064
11,21,0,1,-1,0,1,1,0.000,0.0000,1.3973,0.22473,2.43629,3.5055,0.22473,2.43629,3.5055,0.22473,2.43629,3.5055,0.22473,2.43629,3.5055,0.22473,2.43629,3.5055,0.22473,2.43629,3.5055,0.22473,2.43629,3.5055,0.60895,0.36139,10.4945,0.60895,0.36139,10.4945,0.60895,0.36139,10.4945,0.60895,0.36139,10.4945
11,21,1,2,-1,0,4,4,0.000,0.0000,0.1316,0.75626,0.15809,5.6366,0.50900,0.57538,14.3634,0.75626,0.15809,5.6366,0.75626,0.15809,5.6366,0.75626,0.15809,5.6366,0.75626,0.15809,5.6366,0.73697,0.03239,5.6366,0.90795,0.08301,0.3634,0.83369,0.19544,0.3634,0.90795,0.08301,0.3634,0.83369,0.19544,0.3634
11,21,2,2,0,0,0,0,0.000,0.0000,1.7246,0.01232,1.47051,0.2731,0.01932,1.47035,2.2731,0.33664,2.18920,0.2731,0.33013,1.97047,0.2731,0.32830,2.41245,0.2731,0.33664,2.18920,0.2731,0.33664,2.18920,0.2731,0.73743,0.17371,4.7269,0.73743,0.17371,4.7269,0.73743,0.17371,4.7269,0.73743,0.17371,4.7269
11,21,4,2,-1,1,2,2,0.000,0.0000,0.6602,0.42296,1.71939,1.6064,0.22783,2.21623,41.3936,0.42296,1.71939,1.6064,0.42296,1.71939,1.6064,0.42296,1.71939,1.6064,0.42296,1.71939,1.6064,0.83071,0.17785,1.6064,0.91042,0.11396,0.3936,0.93217,0.09656,0.3936,0.91042,0.11396,0.3936,0.93217,0.09656,0.3936
11,22,0,2,0,0,1,1,0.000,0.0000,1.1017,0.83769,0.07216,3.5055,0.83769,0.07216,3.5055,0.83769,0.07216,3.5055,0.83769,0.07216,3.5055,0.80488,0.13051,3.5055,0.83769,0.07216,3.5055,0.83769,0.07216,3.5055,0.59691,0.24643,10.4945,0.59691,0.24643,10.4945,0.59691,0.24643,10.4945,0.59691,0.24643,10.4945
11,22,1,2,0,0,4,4,0.000,0.0000,0.4779,0.35486,0.83370,26.3634,0.48223,0.61960,14.3634,0.34985,0.83370,26.3634,0.35486,0.83370,26.3634,0.35990,0.77472,26.3634,0.34985,0.83370,26.3634,0.34985,0.83370,26.3634,0.85002,0.14971,0.3634,0.78049,0.23177,0.3634,0.85002,0.14971,0.3634,0.78049,0.23177,0.3634
11,22,2,2,0,0,0,0,0.000,0.0000,2.0046,0.01422,1.44673,0.7269,0.02473,1.46170,2.2731,0.32377,1.73933,0.7269,0.30601,1.55132,0.7269,0.33515,1.93943,0.7269,0.32377,1.73933,0.7269,0.32377,1.73933,0.7269,0.73743,0.17371,4.7269,0.73743,0.17371,4.7269,0.73743,0.17371,4.7269,0.73743,0.17371,4.7269
11,22,4,2,0,1,2,2,0.000,0.0000,0.7434,0.77685,0.65104,0.6064,0.35566,1.22313,41.3936,0.77685,0.65104,0.6064,0.77685,0.65104,0.6064,0.77420,0.65106,0.6064,0.77685,0.65104,0.6064,0.90561,0.18638,0.6064,0.93100,0.10732,0.3936,0.93107,0.10023,0.3936,0.93100,0.10732,0.3936,0.93107,0.10023,0.3936
11,23,0,2,-1,0,1,1,0.000,0.0000,0.8072,0.69878,0.19299,8.5055,0.73943,0.22673,3.5055,0.69878,0.19299,8.5055,0.69878,0.19299,8.5055,0.69878,0.19299,8.5055,0.69878,0.19299,8.5055,0.69878,0.19299,8.5055,0.57836,0.23981,11.4945,0.57836,0.23981,11.4945,0.57836,0.23981,11.4945,0.57836,0.23981,11.4945
11,23,1,2,-1,0,4,4,0.000,0.0000,0.4158,0.58244,0.31363,10.6366,0.52760,0.53338,14.3634,0.58244,0.31363,10.6366,0.58244,0.31363,10.6366,0.58244,0.31363,10.6366,0.58244,0.31363,10.6366,0.58882,0.20284,10.6366,0.75164,0.11830,6.6366,0.71811,0.07312,6.6366,0.75164,0.11830,6.6366,0.71811,0.07312,6.6366
11,23,2,2,0,0,0,0,0.000,0.0000,2.0888,0.21540,1.01822,0.2731,0.19792,1.05204,2.2731,0.47397,1.50483,0.2731,0.46386,1.28970,0.2731,0.46108,1.72718,0.2731,0.47397,1.50483,0.2731,0.47397,1.50483,0.2731,0.73743,0.17371,4.7269,0.73743,0.17371,4.7269,0.73743,0.17371,4.7269,0.73743,0.17371,4.7269
11,23,4,2,-1,1,2,2,0.000,0.0000,0.6729,0.78838,0.24379,0.3936,0.37158,0.72878,41.3936,0.78838,0.24379,0.3936,0.78838,0.24379,0.3936,0.78838,0.24379,0.3936,0.78838,0.24379,0.3936,0.78838,0.24379,0.3936,0.85950,0.15826,0.3936,0.85950,0.15826,0.3936,0.85950,0.15826,0.3936,0.85950,0.15826,0.3936
11,24,0,2,-1,0,1,1,0.000,0.0000,1.4615,0.42058,1.39065,9.5055,0.47654,1.43619,3.5055,0.42058,1.39065,9.5055,0.42058,1.39065,9.5055,0.42058,1.39065,9.5055,0.42058,1.39065,9.5055,0.42058,1.39065,9.5055,0.57467,0.23429,11.4945,0.57467,0.23429,11.4945,0.57467,0.23429,11.4945,0.57467,0.23429,11.4945
11,24,1,2,0,0,4,4,0.000,0.0000,0.4251,0.48260,0.55307,13.3634,0.46415,0.58544,14.3634,0.48260,0.55307,13.3634,0.48260,0.55307,13.3634,0.52884,0.47816,13.3634,0.48260,0.55307,13.3634,0.48260,0.55307,13.3634,0.74108,0.14818,6.6366,0.71811,0.01351,6.6366,0.74108,0.14818,6.6366,0.71811,0.01351,6.6366
11,24,2,2,0,0,0,0,0.000,0.0000,1.8959,0.01598,1.15484,0.7269,0.03500,1.15267,2.2731,0.53296,1.23939,0.7269,0.52052,1.02880,0.7269,0.52040,1.45986,0.7269,0.53296,1.23939,0.7269,0.53296,1.23939,0.7269,0.73743,0.17371,4.7269,0.73743,0.17371,4.7269,0.73743,0.17371,4.7269,0.73743,0.17371,4.7269
11,24,4,2,-1,1,2,2,0.000,0.0000,0.6920,0.64908,0.40600,5.6064,0.37185,0.91639,41.3936,0.64908,0.40600,5.6064,0.64908,0.40600,5.6064,0.64908,0.40600,5.6064,0.64908,0.40600,5.6064,0.67791,0.25524,5.6064,0.86962,0.14169,0.6064,0.86962,0.14169,0.6064,0.86962,0.14169,0.6064,0.86962,0.14169,0.6064
11,25,0,2,-1,0,1,1,0.000,0.0000,0.9707,0.55997,0.25606,16.4945,0.68080,0.32370,3.5055,0.55997,0.25606,16.4945,0.55997,0.25606,16.4945,0.55997,0.25606,16.4945,0.55997,0.25606,16.4945,0.55997,0.25606,16.4945,0.56375,0.22221,11.4945,0.56375,0.22221,11.4945,0.56375,0.22221,11.4945,0.56375,0.22221,11.4945
11,25,1,2,0,0,4,4,0.000,0.0000,0.3126,0.81393,0.17499,1.3634,0.52716,0.51395,14.3634,0.76175,0.22563,1.3634,0.81393,0.17499,1.3634,0.69351,0.40702,1.3634,0.76175,0.22563,1.3634,0.76175,0.22563,1.3634,0.74101,0.14818,6.6366,0.71804,0.01353,6.6366,0.74101,0.14818,6.6366,0.71804,0.01353,6.6366
11,25,2,2,0,0,0,0,0.000,0.0000,0.9848,0.49280,0.49363,0.7269,0.42924,0.56062,2.2731,0.89085,0.10429,0.7269,0.79905,0.19422,0.7269,0.92947,0.05897,0.7269,0.89085,0.10429,0.7269,0.89085,0.10429,0.7269,0.73743,0.17371,4.7269,0.73743,0.17371,4.7269,0.73743,0.17371,4.7269,0.73743,0.17371,4.7269
11,25,4,2,0,1,2,2,0.000,0.0000,0.6455,0.49349,1.46838,0.3936,0.27036,1.99150,41.3936,0.64221,0.91965,0.3936,0.58251,1.14262,0.3936,0.70075,0.69797,0.3936,0.64221,0.91965,0.3936,0.83292,0.21025,0.3936,0.86962,0.14169,0.6064,0.86962,0.14169,0.6064,0.86962,0.14169,0.6064,0.86962,0.14169,0.6064
11,26,0,2,-1,0,1,1,0.000,0.0000,1.5504,0.17740,1.99452,18.5055,0.18488,2.13976,3.5055,0.17740,1.99452,18.5055,0.17740,1.99452,18.5055,0.17740,1.99452,18.5055,0.17740,1.99452,18.5055,0.17740,1.99452,18.5055,0.56375,0.22221,11.4945,0.56375,0.22221,11.4945,0.56375,0.22221,11.4945,0.56375,0.22221,11.4945
11,26,1,1,-1,0,4,4,0.000,0.0000,0.1414,0.47000,1.09931,0.3634,0.44632,1.10397,14.3634,0.47000,1.09931,0.3634,0.47000,1.09931,0.3634,0.47000,1.09931,0.3634,0.47000,1.09931,0.3634,0.90272,0.13897,0.3634,0.74101,0.14818,6.6366,0.71804,0.01353,6.6366,0.74101,0.14818,6.6366,0.71804,0.01353,6.6366
11,26,2,2,0,0,0,0,0.000,0.0000,0.3646,0.03025,0.94401,0.2731,0.06528,0.93929,2.2731,0.88293,0.10652,0.2731,0.79169,0.19466,0.2731,0.92835,0.06715,0.2731,0.88293,0.10652,0.2731,0.88293,0.10652,0.2731,0.73743,0.17371,4.7269,0.73743,0.17371,4.7269,0.73743,0.17371,4.7269,0.73743,0.17371,4.7269
11,26,4,2,0,1,2,2,0.000,0.0000,0.5664,0.17797,2.56661,0.3936,0.13695,2.80087,41.3936,0.68280,0.91954,0.3936,0.61482,1.14435,0.3936,0.76078,0.69358,0.3936,0.20002,2.59702,0.3936,0.91084,0.16916,0.3936,0.86926,0.14273,0.6064,0.86926,0.14273,0.6064,0.86926,0.14273,0.6064,0.86926,0.14273,0.6064
11,27,0,2,-1,0,1,1,0.000,0.0000,0.8558,0.62929,0.20988,11.4945,0.75602,0.22079,3.5055,0.62929,0.20988,11.4945,0.62929,0.20988,11.4945,0.62929,0.20988,11.4945,0.62929,0.20988,11.4945,0.62929,0.20988,11.4945,0.55815,0.21797,11.4945,0.55815,0.21797,11.4945,0.55815,0.21797,11.4945,0.55815,0.21797,11.4945
11,27,1,1,-1,0,4,4,0.000,0.0000,0.0694,0.76980,0.44736,0.6366,0.59534,0.49213,14.3634,0.76980,0.44736,0.6366,0.76980,0.44736,0.6366,0.76980,0.44736,0.6366,0.76980,0.44736,0.6366,0.88737,0.13138,0.6366,0.74101,0.14818,6.6366,0.71804,0.01353,6.6366,0.74101,0.14818,6.6366,0.71804,0.01353,6.6366
11,27,2,2,0,0,0,0,0.000,0.0000,0.3946,0.24237,0.74281,0.7269,0.17597,0.82788,2.2731,0.87102,0.12138,0.7269,0.78056,0.21053,0.7269,0.92828,0.05990,0.7269,0.87102,0.12138,0.7269,0.87102,0.12138,0.7269,0.73743,0.17371,4.7269,0.73743,0.17371,4.7269,0.73743,0.17371,4.7269,0.73743,0.17371,4.7269
11,27,4,2,0,1,2,2,0.000,0.0000,0.6460,0.01195,3.24046,0.6064,0.07277,3.10645,41.3936,0.61814,1.20414,0.6064,0.55208,1.42908,0.6064,0.66173,0.98188,0.6064,0.15952,2.88323,0.6064,0.79477,0.46228,0.6064,0.86926,0.14273,0.6064,0.86926,0.14273,0.6064,0.86926,0.14273,0.6064,0.86926,0.14273,0.6064
11,28,0,2,0,0,1,1,0.000,0.0000,0.4200,0.84627,0.07651,3.4945,0.85039,0.06136,3.5055,0.84627,0.07651,3.4945,0.84627,0.07651,3.4945,0.82111,0.05865,3.4945,0.84627,0.07651,3.4945,0.84627,0.07651,3.4945,0.55815,0.21797,11.4945,0.55815,0.21797,11.4945,0.55815,0.21797,11.4945,0.55815,0.21797,11.4945
11,28,1,2,0,0,4,4,0.000,0.0000,0.1425,0.96575,0.02400,0.6366,0.63370,0.16595,14.3634,0.89223,0.15180,0.6366,0.96576,0.02400,0.6366,0.75271,0.38160,0.6366,0.89223,0.15180,0.6366,0.89223,0.15180,0.6366,0.74101,0.14818,6.6366,0.71804,0.01353,6.6366,0.74101,0.14818,6.6366,0.71804,0.01353,6.6366
11,28,2,2,0,0,0,0,0.000,0.0000,0.7526,0.10366,1.03026,5.2731,0.14278,0.96516,2.2731,0.59547,0.45861,5.2731,0.51983,0.54782,5.2731,0.65744,0.38376,5.2731,0.59547,0.45861,5.2731,0.59547,0.45861,5.2731,0.73743,0.17371,4.7269,0.73743,0.17371,4.7269,0.73743,0.17371,4.7269,0.73743,0.17371,4.7269
11,28,4,1,0,1,2,2,0.000,0.0000,0.5053,0.00984,3.10513,0.3936,0.07370,3.11262,41.3936,0.69370,0.91627,0.3936,0.62418,1.14121,0.3936,0.76104,0.69137,0.3936,0.20038,2.26609,0.3936,0.91144,0.16762,0.3936,0.82689,0.19085,1.3936,0.82689,0.19085,1.3936,0.82689,0.19085,1.3936,0.82689,0.19085,1.3936
11,29,0,2,0,0,1,1,0.000,0.0000,0.3342,0.80392,0.22572,0.5055,0.77932,0.22150,3.5055,0.80392,0.22572,0.5055,0.80392,0.22572,0.5055,0.80556,0.22434,0.5055,0.80392,0.22572,0.5055,0.80392,0.22572,0.5055,0.55815,0.21797,11.4945,0.55815,0.21797,11.4945,0.55815,0.21797,11.4945,0.55815,0.21797,11.4945
11,29,1,2,0,0,4,4,0.000,0.0000,0.2389,0.89048,0.08500,0.6366,0.60970,0.04272,14.3634,0.81897,0.19536,0.6366,0.89048,0.08500,0.6366,0.74453,0.40985,0.6366,0.81897,0.19536,0.6366,0.81897,0.19536,0.6366,0.74101,0.14818,6.6366,0.71804,0.01353,6.6366,0.74101,0.14818,6.6366,0.71804,0.01353,6.6366
11,29,2,2,0,0,0,0,0.000,0.0000,0.8571,0.02611,0.95247,0.2731,0.05751,0.95825,2.2731,0.87538,0.11427,0.2731,0.78441,0.20326,0.2731,0.91108,0.11508,0.2731,0.87538,0.11427,0.2731,0.87538,0.11427,0.2731,0.73743,0.17371,4.7269,0.73743,0.17371,4.7269,0.73743,0.17371,4.7269,0.73743,0.17371,4.7269
11,29,4,1,0,0,2,2,0.000,0.0000,0.4097,0.15674,2.63073,0.3936,0.11943,2.86539,41.3936,0.19914,2.28119,0.3936,0.19217,2.37095,0.3936,0.20335,2.19145,0.3936,0.19914,2.28119,0.3936,0.19914,2.28119,0.3936,0.82689,0.19085,1.3936,0.82689,0.19085,1.3936,0.82689,0.19085,1.3936,0.82689,0.19085,1.3936
11,30,0,2,0,0,1,1,0.000,0.0000,0.3298,0.83003,0.20711,1.5055,0.81816,0.19519,3.5055,0.84435,0.16930,1.5055,0.83003,0.20711,1.5055,0.84089,0.12355,1.5055,0.84435,0.16930,1.5055,0.84435,0.16930,1.5055,0.51525,0.10244,17.5055,0.51525,0.10244,17.5055,0.51525,0.10244,17.5055,0.51525,0.10244,17.5055
11,30,1,2,-1,0,4,4,0.000,0.0000,1.4263,0.30507,2.39703,0.6366,0.27292,2.38108,14.3634,0.30507,2.39703,0.6366,0.30507,2.39703,0.6366,0.30507,2.39703,0.6366,0.30507,2.39703,0.6366,0.30507,2.39703,0.6366,0.81337,0.17214,0.3634,0.77862,0.14312,0.3634,0.40014,1.88851,7.6367,0.40014,1.88851,7.6367
11,30,2,2,0,0,0,0,0.000,0.0000,0.9103,0.62121,0.36555,0.2731,0.55639,0.44256,2.2731,0.90569,0.08997,0.2731,0.81281,0.17995,0.2731,0.92986,0.05677,0.2731,0.90569,0.08997,0.2731,0.90569,0.08997,0.2731,0.73743,0.17371,4.7269,0.73743,0.17371,4.7269,0.73743,0.17371,4.7269,0.73743,0.17371,4.7269
11,30,4,1,0,1,2,2,0.000,0.0000,0.5353,0.02009,3.25301,5.6064,0.09650,3.09123,41.3936,0.54695,1.30310,5.6064,0.49717,1.52521,5.6064,0.59327,1.08218,5.6064,0.15046,2.81360,5.6064,0.68763,0.57904,5.6064,0.83683,0.15156,2.6064,0.83683,0.15156,2.6064,0.83683,0.15156,2.6064,0.83683,0.15156,2.6064
11,31,0,2,-1,0,1,1,0.000,0.0000,0.4825,0.61670,0.23104,13.4945,0.82823,0.17174,3.5055,0.61670,0.23104,13.4945,0.61670,0.23104,13.4945,0.61670,0.23104,13.4945,0.61670,0.23104,13.4945,0.61670,0.23104,13.4945,0.48582,0.09726,20.5055,0.48582,0.09726,20.5055,0.48582,0.09726,20.5055,0.48582,0.09726,20.5055
11,31,1,2,0,0,4,4,0.000,0.0000,1.0782,0.80305,0.33187,0.6366,0.56544,0.14948,14.3634,0.80305,0.33187,0.6366,0.80305,0.33187,0.6366,0.75267,0.41516,0.6366,0.80305,0.33187,0.6366,0.80305,0.33187,0.6366,0.79826,0.15591,0.3634,0.76416,0.12311,0.3634,0.52395,1.47976,0.3634,0.52395,1.47976,0.3634
11,31,2,2,0,0,0,0,0.000,0.0000,0.9481,0.12300,0.94578,6.2731,0.18600,0.84751,2.2731,0.69685,0.31728,6.2731,0.61564,0.40695,6.2731,0.75237,0.25927,6.2731,0.69685,0.31728,6.2731,0.69685,0.31728,6.2731,0.73743,0.17371,4.7269,0.73743,0.17371,4.7269,0.73743,0.17371,4.7269,0.73743,0.17371,4.7269
11,31,4,2,0,1,2,2,0.000,0.0000,0.3482,0.24484,2.36795,0.3936,0.12313,2.79498,41.3936,0.70129,0.92265,0.3936,0.63087,1.14764,0.3936,0.75541,0.69859,0.3936,0.19947,2.61677,0.3936,0.90129,0.17894,0.3936,0.79571,0.22332,2.3936,0.79571,0.22332,2.3936,0.79571,0.22332,2.3936,0.79571,0.22332,2.3936
11,32,0,2,0,0,1,1,0.000,0.0000,0.5711,0.81932,0.32644,0.5055,0.77368,0.33021,3.5055,0.88951,0.14544,0.5055,0.81932,0.32644,0.5055,0.85320,0.09099,0.5055,0.88951,0.14544,0.5055,0.88951,0.14544,0.5055,0.48582,0.09726,20.5055,0.48582,0.09726,20.5055,0.48582,0.09726,20.5055,0.48582,0.09726,20.5055
11,32,1,2,0,0,4,4,0.000,0.0000,0.6175,0.83853,0.04530,3.6366,0.61318,0.19841,14.3634,0.78464,0.04530,3.6366,0.83853,0.04530,3.6366,0.71334,0.04530,3.6366,0.78464,0.04530,3.6366,0.78464,0.04530,3.6366,0.79826,0.15591,0.3634,0.76416,0.15591,0.3634,0.79826,0.15591,0.3634,0.76416,0.15591,0.3634
11,32,2,2,0,0,0,0,0.000,0.0000,0.9954,0.02399,1.13960,0.2731,0.05054,1.09462,2.2731,0.56157,0.49322,0.2731,0.48700,0.58255,0.2731,0.63667,0.41033,0.2731,0.56157,0.49322,0.2731,0.56157,0.49322,0.2731,0.73743,0.17371,4.7269,0.73743,0.17371,4.7269,0.73743,0.17371,4.7269,0.73743,0.17371,4.7269
11,32,4,2,-1,1,2,2,0.000,0.0000,0.2840,0.48385,0.32167,18.3936,0.36899,0.65647,41.3936,0.48385,0.32167,18.3936,0.48385,0.32167,18.3936,0.48385,0.32167,18.3936,0.48385,0.32167,18.3936,0.48690,0.28499,18.3936,0.56612,0.52143,9.3936,0.54480,0.56813,9.3936,0.56612,0.52143,9.3936,0.54480,0.56813,9.3936
11,33,0,2,0,0,1,1,0.000,0.0000,0.5955,0.67426,0.74441,0.4945,0.64742,0.73461,3.5055,0.92791,0.14315,0.4945,0.83228,0.36813,0.4945,0.85223,0.11669,0.4945,0.92791,0.14315,0.4945,0.92791,0.14315,0.4945,0.48582,0.09726,20.5055,0.48582,0.09726,20.5055,0.48582,0.09726,20.5055,0.48582,0.09726,20.5055
11,33,1,1,-1,0,4,4,0.000,0.0000,0.2963,0.70909,0.07345,9.6366,0.59790,0.12440,14.3634,0.70909,0.07345,9.6366,0.70909,0.07345,9.6366,0.70909,0.07345,9.6366,0.70909,0.07345,9.6366,0.67792,0.07345,9.6366,0.72985,0.04998,6.6366,0.70972,0.04998,6.6366,0.72985,0.04998,6.6366,0.70972,0.04998,6.6366
11,33,2,2,0,0,0,0,0.000,0.0000,0.8673,0.46814,0.50813,0.2731,0.41471,0.57836,2.2731,0.89272,0.09741,0.2731,0.80115,0.18349,0.2731,0.92908,0.06361,0.2731,0.89272,0.09741,0.2731,0.89272,0.09741,0.2731,0.73743,0.17371,4.7269,0.73743,0.17371,4.7269,0.73743,0.17371,4.7269,0.73743,0.17371,4.7269
11,33,4,2,1,1,2,2,0.000,0.0000,0.4272,0.51996,0.62551,9.6064,0.36142,0.84512,41.3936,0.54105,0.59980,9.6064,0.51996,0.62551,9.6064,0.60184,0.48663,9.6064,0.54105,0.59980,9.6064,0.54105,0.59980,9.6064,0.71500,0.32495,6.3936,0.71500,0.32495,6.3936,0.71500,0.32495,6.3936,0.71500,0.32495,6.3936
11,34,0,2,0,0,1,1,0.000,0.0000,0.6194,0.26206,1.75551,0.5055,0.26729,1.74387,3.5055,0.89331,0.20963,0.5055,0.79099,0.43504,0.5055,0.85320,0.07028,0.5055,0.22290,2.04777,0.5055,0.89331,0.20963,0.5055,0.48582,0.09726,20.5055,0.48582,0.09726,20.5055,0.48582,0.09726,20.5055,0.48582,0.09726,20.5055
11,34,1,1,-1,0,4,4,0.000,0.0000,0.2167,0.79404,0.05729,5.6366,0.63245,0.17897,14.3634,0.79404,0.05729,5.6366,0.79404,0.05729,5.6366,0.79404,0.05729,5.6366,0.79404,0.05729,5.6366,0.74441,0.05729,5.6366,0.72985,0.04998,6.6366,0.70972,0.04998,6.6366,0.72985,0.04998,6.6366,0.70972,0.04998,6.6366
11,34,2,2,0,0,0,0,0.000,0.0000,0.7175,0.02140,0.95385,0.2731,0.05613,0.95014,2.2731,0.88215,0.10644,0.2731,0.79082,0.19603,0.2731,0.91496,0.10351,0.2731,0.88215,0.10644,0.2731,0.88215,0.10644,0.2731,0.73743,0.17371,4.7269,0.73743,0.17371,4.7269,0.73743,0.17371,4.7269,0.73743,0.17371,4.7269
11,34,4,2,1,1,2,2,0.000,0.0000,0.3164,0.79400,0.25376,2.6064,0.37166,0.68395,41.3936,0.81178,0.23909,2.6064,0.79400,0.25376,2.6064,0.81666,0.19671,2.6064,0.81178,0.23909,2.6064,0.81178,0.23909,2.6064,0.80998,0.27345,0.3936,0.80998,0.27345,0.3936,0.80998,0.27345,0.3936,0.80998,0.27345,0.3936
11,35,0,2,0,0,1,1,0.000,0.0000,0.5610,0.20335,1.87449,2.4945,0.21945,1.84128,3.5055,0.87544,0.16051,2.4945,0.79875,0.37786,2.4945,0.80206,0.16665,2.4945,0.23157,2.05727,2.4945,0.87544,0.16051,2.4945,0.48582,0.09726,20.5055,0.48582,0.09726,20.5055,0.48582,0.09726,20.5055,0.48582,0.09726,20.5055
11,35,1,1,0,0,4,4,0.000,0.0000,0.3221,0.86553,0.09342,3.6366,0.66637,0.21516,14.3634,0.80377,0.09342,3.6366,0.86553,0.09342,3.6366,0.73170,0.08631,3.6366,0.80377,0.09342,3.6366,0.80377,0.09342,3.6366,0.77252,0.10209,2.6367,0.74232,0.10209,2.6367,0.77252,0.10209,2.6367,0.74232,0.10209,2.6367
11,35,2,2,0,0,0,0,0.000,0.0000,0.6149,0.02188,1.03545,0.2731,0.04854,0.99750,2.2731,0.70145,0.27575,0.2731,0.62097,0.36566,0.2731,0.76822,0.26447,0.2731,0.70145,0.27575,0.2731,0.70145,0.27575,0.2731,0.73743,0.17371,4.7269,0.73743,0.17371,4.7269,0.73743,0.17371,4.7269,0.73743,0.17371,4.7269
11,35,4,2,-1,1,2,2,0.000,0.0000,0.1234,0.63512,0.11642,2.6064,0.34867,0.73913,41.3936,0.63512,0.11642,2.6064,0.63512,0.11642,2.6064,0.63512,0.11642,2.6064,0.63512,0.11642,2.6064,0.63512,0.11642,2.6064,0.80177,0.24317,1.3936,0.80177,0.24317,1.3936,0.80177,0.24317,1.3936,0.80177,0.24317,1.3936
11,36,0,2,0,0,1,1,0.000,0.0000,0.5022,0.19562,1.89205,1.5055,0.19960,1.89123,3.5055,0.89108,0.14383,1.5055,0.80202,0.36313,1.5055,0.85318,0.09855,1.5055,0.23533,1.96830,1.5055,0.89108,0.14383,1.5055,0.48582,0.09726,20.5055,0.48582,0.09726,20.5055,0.48582,0.09726,20.5055,0.48582,0.09726,20.5055
11,36,1,1,0,0,4,4,0.000,0.0000,0.4135,0.84611,0.13988,2.6367,0.63855,0.15449,14.3634,0.80088,0.12364,2.6367,0.84611,0.13988,2.6367,0.75037,0.03606,2.6367,0.80088,0.12364,2.6367,0.80088,0.12364,2.6367,0.76875,0.09480,2.6367,0.74232,0.09480,2.6367,0.76875,0.09480,2.6367,0.74232,0.09480,2.6367
11,36,2,2,0,0,0,0,0.000,0.0000,0.5324,0.02026,1.05917,0.2731,0.05720,1.01337,2.2731,0.68932,0.31999,0.2731,0.60808,0.40935,0.2731,0.76481,0.24307,0.2731,0.68932,0.31999,0.2731,0.68932,0.31999,0.2731,0.73743,0.17371,4.7269,0.73743,0.17371,4.7269,0.73743,0.17371,4.7269,0.73743,0.17371,4.7269
11,36,4,2,-1,1,2,2,0.000,0.0000,0.4927,0.45513,0.71095,17.6064,0.36570,0.25611,41.3936,0.45513,0.71095,17.6064,0.45513,0.71095,17.6064,0.45513,0.71095,17.6064,0.45513,0.71095,17.6064,0.45513,0.71095,17.6064,0.79642,0.24087,1.3936,0.79642,0.24087,1.3936,0.79642,0.24087,1.3936,0.79642,0.24087,1.3936
12,0,0,2,0,0,1,1,0.000,0.0000,0.0000,0.00572,2.19268,1.3765,0.00967,2.18938,2.6235,0.68163,0.32420,1.3765,0.69479,0.31354,1.3765,0.57984,0.47891,1.3765,0.18948,2.14031,1.3765,0.68163,0.32420,1.3765,0.00572,2.19268,1.3765,0.68163,0.32420,1.3765,0.00572,2.19268,1.3765,0.68163,0.32420,1.3765
12,0,1,2,0,0,2,2,0.000,0.0000,0.0000,0.77856,0.47483,0.0710,0.43922,0.85334,28.9290,0.97255,0.03091,0.0710,0.87509,0.25267,0.0710,0.84243,0.20403,0.0710,0.97255,0.03091,0.0710,0.97255,0.03091,0.0710,0.77856,0.47483,0.0710,0.97255,0.03091,0.0710,0.77856,0.47483,0.0710,0.97255,0.03091,0.0710
12,0,2,1,0,0,0,0,0.000,0.0000,0.0000,0.54009,0.46778,6.6622,0.49572,0.43878,24.3378,0.70525,0.29295,6.6622,0.62166,0.38207,6.6622,0.75687,0.20462,6.6622,0.70525,0.29295,6.6622,0.70525,0.29295,6.6622,0.55941,0.43943,5.6622,0.74147,0.25111,5.6622,0.55941,0.43943,5.6622,0.74147,0.25111,5.6622
12,0,4,2,-1,1,3,3,0.000,0.0000,0.0000,0.91495,0.17413,0.1385,0.38277,0.93571,30.8615,0.91495,0.17413,0.1385,0.91495,0.17413,0.1385,0.91495,0.17413,0.1385,0.91495,0.17413,0.1385,0.95971,0.04357,0.1385,0.91495,0.17413,0.1385,0.95971,0.04357,0.1385,0.91495,0.17413,0.1385,0.95971,0.04357,0.1385
12,1,0,2,0,0,1,1,0.000,0.0000,0.2251,0.00812,2.19260,0.3765,0.01101,2.19552,2.6235,0.66555,0.34520,0.3765,0.67691,0.33599,0.3765,0.56698,0.49284,0.3765,0.18801,2.16306,0.3765,0.66555,0.34520,0.3765,0.00511,2.17924,0.3765,0.65110,0.36814,0.3765,0.00511,2.17924,0.3765,0.65110,0.36814,0.3765
12,1,1,2,0,0,2,2,0.000,0.0000,1.9643,0.72026,0.31417,0.0710,0.46698,0.61261,28.9290,0.76922,0.24786,0.0710,0.72026,0.31417,0.0710,0.70438,0.31591,0.0710,0.76922,0.24786,0.0710,0.76922,0.24786,0.0710,0.69389,0.48818,0.0710,0.94861,0.04616,0.0710,0.69389,0.48818,0.0710,0.94861,0.04616,0.0710
12,1,2,1,0,0,0,0,0.000,0.0000,0.5118,0.36414,0.67079,0.3378,0.45970,0.65512,24.3378,0.66293,0.35334,0.3378,0.57825,0.44329,0.3378,0.74753,0.26343,0.3378,0.66293,0.35334,0.3378,0.66293,0.35334,0.3378,0.18329,0.82719,6.6622,0.71751,0.27789,6.6622,0.18329,0.82719,6.6622,0.71751,0.27789,6.6622
12,1,4,2,-1,1,3,3,0.000,0.0000,3.4328,0.75916,0.42257,0.1385,0.34941,0.97511,30.8615,0.75916,0.42257,0.1385,0.75916,0.42257,0.1385,0.75916,0.42257,0.1385,0.75916,0.42257,0.1385,0.75916,0.42257,0.1385,0.85340,0.36215,0.1385,0.96807,0.03403,0.1385,0.85340,0.36215,0.1385,0.96807,0.03403,0.1385
12,2,0,2,0,0,1,1,0.000,0.0000,0.4551,0.00718,2.18939,0.3765,0.00975,2.19060,2.6235,0.61292,0.41909,0.3765,0.62698,0.38638,0.3765,0.52459,0.56519,0.3765,0.17897,2.21184,0.3765,0.61292,0.41909,0.3765,0.00475,2.18031,0.3765,0.65110,0.36814,0.3765,0.00475,2.18031,0.3765,0.65110,0.36814,0.3765
12,2,1,2,0,0,2,2,0.000,0.0000,0.6234,0.78592,0.24006,3.0710,0.46261,0.61545,28.9290,0.83750,0.15119,3.0710,0.78592,0.24006,3.0710,0.82129,0.19342,3.0710,0.83750,0.15119,3.0710,0.83750,0.15119,3.0710,0.67704,0.47689,1.0710,0.95759,0.01541,1.0710,0.67704,0.47689,1.0710,0.95759,0.01541,1.0710
12,2,2,1,0,0,0,0,0.000,0.0000,0.0722,0.50107,0.51451,0.6622,0.45163,0.68287,24.3378,0.69923,0.30804,0.6622,0.61299,0.39795,0.6622,0.78527,0.21820,0.6622,0.69923,0.30804,0.6622,0.69923,0.30804,0.6622,0.16215,0.81471,4.6622,0.79205,0.19307,4.6622,0.16215,0.81471,4.6622,0.79205,0.19307,4.6622
12,2,4,2,-1,1,3,3,0.000,0.0000,1.5807,0.80386,0.35058,0.1385,0.36128,0.96500,30.8615,0.80386,0.35058,0.1385,0.80386,0.35058,0.1385,0.80386,0.35058,0.1385,0.80386,0.35058,0.1385,0.80386,0.35058,0.1385,0.15106,2.12552,0.1385,0.19685,2.83616,0.1385,0.15106,2.12552,0.1385,0.19685,2.83616,0.1385
12,3,0,2,0,-1,-1,-1,0.000,-1.0000,-1.0000,0.06001,2.02010,0.3765,0.05484,2.04794,2.6235,0.58141,0.46552,0.3765,0.59555,0.42433,0.3765,0.49903,0.60895,0.3765,0.17264,2.24640,0.3765,0.06001,2.02010,0.3765,0.06001,2.02010,0.3765,0.06001,2.02010,0.3765,0.06001,2.02010,0.3765,0.06001,2.02010,0.3765
12,3,1,2,0,0,2,2,0.000,0.0000,0.1301,0.87961,0.24913,0.0710,0.45288,0.65962,28.9290,0.97587,0.02789,0.0710,0.87961,0.24913,0.0710,0.84243,0.20305,0.0710,0.97587,0.02789,0.0710,0.97587,0.02789,0.0710,0.77689,0.47590,0.0710,0.97270,0.02982,0.0710,0.77689,0.47590,0.0710,0.97270,0.02982,0.0710
12,3,2,1,-1,0,0,0,0.000,0.0000,0.8305,0.56497,0.48088,0.6622,0.44540,0.61330,24.3378,0.56497,0.48088,0.6622,0.56497,0.48088,0.6622,0.56497,0.48088,0.6622,0.56497,0.48088,0.6622,0.63552,0.41217,0.6622,0.32308,0.85000,19.6622,0.37060,0.79014,19.6622,0.32308,0.85000,19.6622,0.37060,0.79014,19.6622
12,3,4,2,-1,1,3,3,0.000,0.0000,0.0521,0.85836,0.14113,0.1385,0.39287,0.86867,30.8615,0.85836,0.14113,0.1385,0.85836,0.14113,0.1385,0.85836,0.14113,0.1385,0.85836,0.14113,0.1385,0.95577,0.05419,0.1385,0.31847,1.13305,0.1385,0.97732,0.02983,0.1385,0.31847,1.13305,0.1385,0.97732,0.02983,0.1385
12,4,0,2,0,-1,-1,-1,0.000,-1.0000,-1.0000,0.01080,2.20400,3.6235,0.01036,2.20275,2.6235,0.47019,0.64455,3.6235,0.48143,0.59507,3.6235,0.40763,0.77086,3.6235,0.15563,2.40338,3.6235,0.01080,2.20400,3.6235,0.01080,2.20400,3.6235,0.01080,2.20400,3.6235,0.01080,2.20400,3.6235,0.01080,2.20400,3.6235
12,4,1,2,0,0,2,2,0.000,0.0000,0.1911,0.93614,0.05785,0.0710,0.46984,0.47838,28.9290,0.94705,0.04692,0.0710,0.93614,0.05785,0.0710,0.84243,0.20662,0.0710,0.94705,0.04692,0.0710,0.94705,0.04692,0.0710,0.77461,0.47603,0.0710,0.96914,0.03168,0.0710,0.77461,0.47603,0.0710,0.96914,0.03168,0.0710
12,4,2,1,-1,0,0,0,0.000,0.0000,0.7201,0.70951,0.22685,6.3378,0.47328,0.42219,24.3378,0.70951,0.22685,6.3378,0.70951,0.22685,6.3378,0.70951,0.22685,6.3378,0.70951,0.22685,6.3378,0.70951,0.22685,6.3378,0.46588,0.64026,16.6622,0.46588,0.64026,16.6622,0.46588,0.64026,16.6622,0.46588,0.64026,16.6622
12,4,4,2,-1,1,3,3,0.000,0.0000,0.3807,0.81663,0.20974,0.1385,0.39019,0.91020,30.8615,0.81663,0.20974,0.1385,0.81663,0.20974,0.1385,0.81663,0.20974,0.1385,0.81663,0.20974,0.1385,0.96322,0.04504,0.1385,0.53049,0.52994,0.1385,0.97217,0.03268,0.1385,0.53049,0.52994,0.1385,0.97217,0.03268,0.1385
12,5,0,2,0,0,1,1,0.000,0.0000,0.5074,0.00658,2.20110,0.3765,0.00899,2.19838,2.6235,0.51491,0.56901,0.3765,0.52498,0.52217,0.3765,0.44460,0.70166,0.3765,0.15650,2.33661,0.3765,0.51491,0.56901,0.3765,0.00517,2.19198,0.3765,0.65110,0.36570,0.3765,0.00517,2.19198,0.3765,0.65110,0.36570,0.3765
12,5,1,2,0,0,2,2,0.000,0.0000,0.2220,0.93515,0.11899,0.0710,0.45960,0.55059,28.9290,0.97690,0.02456,0.0710,0.93515,0.11899,0.0710,0.84243,0.20902,0.0710,0.97690,0.02456,0.0710,0.97690,0.02456,0.0710,0.77461,0.47603,0.0710,0.96914,0.03168,0.0710,0.77461,0.47603,0.0710,0.96914,0.03168,0.0710
12,5,2,2,0,0,0,0,0.000,0.0000,0.4467,0.78232,0.14484,4.3378,0.49003,0.50004,24.3378,0.78232,0.14484,4.3378,0.78232,0.14484,4.3378,0.78238,0.13614,4.3378,0.78232,0.14484,4.3378,0.78232,0.14484,4.3378,0.60550,0.40831,3.6622,0.66911,0.34015,3.6622,0.60550,0.40831,3.6622,0.66911,0.34015,3.6622
12,5,4,2,-1,1,3,3,0.000,0.0000,0.7250,0.64261,0.42150,7.8615,0.39077,0.87066,30.8615,0.64261,0.42150,7.8615,0.64261,0.42150,7.8615,0.64261,0.42150,7.8615,0.64261,0.42150,7.8615,0.65326,0.40817,7.8615,0.58211,0.41437,0.1385,0.97217,0.03268,0.1385,0.58211,0.41437,0.1385,0.97217,0.03268,0.1385
12,6,0,2,-1,0,1,1,0.000,0.0000,0.6494,0.00741,2.20618,2.6235,0.00741,2.20618,2.6235,0.00741,2.20618,2.6235,0.00741,2.20618,2.6235,0.00741,2.20618,2.6235,0.00741,2.20618,2.6235,0.42167,0.73128,2.6235,0.00517,2.19198,0.3765,0.65110,0.36570,0.3765,0.00517,2.19198,0.3765,0.65110,0.36570,0.3765
12,6,1,2,0,0,2,2,0.000,0.0000,0.1757,0.86322,0.22552,0.0710,0.46465,0.61960,28.9290,0.94472,0.04950,0.0710,0.86322,0.22552,0.0710,0.84243,0.20272,0.0710,0.94472,0.04950,0.0710,0.94472,0.04950,0.0710,0.90772,0.19431,0.0710,0.98137,0.02645,0.0710,0.90772,0.19431,0.0710,0.98137,0.02645,0.0710
12,6,2,2,-1,0,0,0,0.000,0.0000,1.8918,0.31808,1.59834,10.3378,0.21843,1.43037,24.3378,0.31808,1.59834,10.3378,0.31808,1.59834,10.3378,0.31808,1.59834,10.3378,0.31808,1.59834,10.3378,0.31808,1.59833,10.3378,0.72482,0.28046,3.6622,0.72482,0.28046,3.6622,0.72482,0.28046,3.6622,0.72482,0.28046,3.6622
12,6,4,2,-1,1,3,3,0.000,0.0000,0.6555,0.82794,0.19214,0.1385,0.38426,0.89041,30.8615,0.82794,0.19214,0.1385,0.82794,0.19214,0.1385,0.82794,0.19214,0.1385,0.82794,0.19214,0.1385,0.83849,0.18296,0.1385,0.95489,0.06862,0.1385,0.96746,0.03581,0.1385,0.95489,0.06862,0.1385,0.96746,0.03581,0.1385
12,7,0,2,-1,0,1,1,0.000,0.0000,0.5955,0.00789,2.19770,0.3765,0.00803,2.20925,2.6235,0.00789,2.19770,0.3765,0.00789,2.19770,0.3765,0.00789,2.19770,0.3765,0.00789,2.19770,0.3765,0.44371,0.69099,0.3765,0.00522,2.19248,0.3765,0.65110,0.36570,0.3765,0.00522,2.19248,0.3765,0.65110,0.36570,0.3765
12,7,1,2,0,0,2,2,0.000,0.0000,0.1367,0.88257,0.13260,0.0710,0.47496,0.52285,28.9290,0.94234,0.05096,0.0710,0.88257,0.13260,0.0710,0.84243,0.20503,0.0710,0.94234,0.05096,0.0710,0.94234,0.05096,0.0710,0.90483,0.19510,0.0710,0.97773,0.02855,0.0710,0.90483,0.19510,0.0710,0.97773,0.02855,0.0710
12,7,2,2,-1,0,0,0,0.000,0.0000,0.8171,0.57251,0.30912,15.3378,0.48104,0.44019,24.3378,0.57251,0.30912,15.3378,0.57251,0.30912,15.3378,0.57251,0.30912,15.3378,0.57251,0.30912,15.3378,0.57251,0.30912,15.3378,0.69944,0.31029,0.3378,0.69944,0.31029,0.3378,0.69944,0.31029,0.3378,0.69944,0.31029,0.3378
12,7,4,2,-1,1,3,3,0.000,0.0000,0.4714,0.93816,0.06420,0.8615,0.38955,0.86005,30.8615,0.93816,0.06420,0.8615,0.93816,0.06420,0.8615,0.93816,0.06420,0.8615,0.93816,0.06420,0.8615,0.94259,0.05644,0.8615,0.96383,0.06527,0.1385,0.97600,0.02923,0.1385,0.96383,0.06527,0.1385,0.97600,0.02923,0.1385
12,8,1,2,0,0,2,2,0.000,0.0000,0.1240,0.95937,0.04556,0.0710,0.46849,0.46312,28.9290,0.96189,0.04050,0.0710,0.95936,0.04556,0.0710,0.84243,0.19744,0.0710,0.96189,0.04050,0.0710,0.96189,0.04050,0.0710,0.90480,0.19516,0.0710,0.97767,0.02867,0.0710,0.90480,0.19516,0.0710,0.97767,0.02867,0.0710
12,8,2,2,-1,0,0,0,0.000,0.0000,0.2727,0.46888,0.28428,27.3378,0.48350,0.27053,24.3378,0.46888,0.28428,27.3378,0.46888,0.28428,27.3378,0.46888,0.28428,27.3378,0.46888,0.28428,27.3378,0.46888,0.28428,27.3378,0.60998,0.41776,9.3378,0.60998,0.41776,9.3378,0.60998,0.41776,9.3378,0.60998,0.41776,9.3378
12,8,4,2,-1,1,3,3,0.000,0.0000,0.3452,0.87134,0.12605,0.1385,0.39656,0.85061,30.8615,0.87134,0.12605,0.1385,0.87134,0.12605,0.1385,0.87134,0.12605,0.1385,0.87134,0.12605,0.1385,0.95883,0.04478,0.1385,0.96383,0.06527,0.1385,0.97600,0.02923,0.1385,0.96383,0.06527,0.1385,0.97600,0.02923,0.1385
12,9,0,2,-1,-1,-1,-1,0.000,-1.0000,-1.0000,0.00609,2.27041,0.3765,0.00851,2.25935,2.6235,0.00609,2.27041,0.3765,0.00609,2.27041,0.3765,0.00609,2.27041,0.3765,0.00609,2.27041,0.3765,0.00609,2.27041,0.3765,0.00609,2.27041,0.3765,0.00609,2.27041,0.3765,0.00609,2.27041,0.3765,0.00609,2.27041,0.3765
12,9,1,2,0,0,2,2,0.000,0.0000,0.2950,0.79268,0.44033,0.0710,0.45924,0.64978,28.9290,0.79523,0.43380,0.0710,0.79268,0.44033,0.0710,0.84243,0.21250,0.0710,0.79523,0.43380,0.0710,0.79523,0.43380,0.0710,0.90480,0.19516,0.0710,0.97767,0.02867,0.0710,0.90480,0.19516,0.0710,0.97767,0.02867,0.0710
12,9,2,2,-1,0,0,0,0.000,0.0000,0.2105,0.73269,0.08316,1.6622,0.42346,0.51063,24.3378,0.73269,0.08316,1.6622,0.73269,0.08316,1.6622,0.73269,0.08316,1.6622,0.73269,0.08316,1.6622,0.73269,0.08315,1.6622,0.48500,0.41448,25.3378,0.48500,0.41448,25.3378,0.48500,0.41448,25.3378,0.48500,0.41448,25.3378
12,9,4,2,-1,1,3,3,0.000,0.0000,0.2757,0.89199,0.11525,0.1385,0.39193,0.87277,30.8615,0.89199,0.11525,0.1385,0.89199,0.11525,0.1385,0.89199,0.11525,0.1385,0.89199,0.11525,0.1385,0.95853,0.04053,0.1385,0.95547,0.06763,0.1385,0.96743,0.03418,0.1385,0.95547,0.06763,0.1385,0.96743,0.03418,0.1385
12,10,0,2,0,0,1,1,0.000,0.0000,1.8672,0.28504,0.89265,16.6235,0.44416,0.57550,2.6235,0.25382,1.08121,16.6235,0.25856,1.01802,16.6235,0.22647,1.16297,16.6235,0.25382,1.08121,16.6235,0.25382,1.08121,16.6235,0.00522,2.19248,0.3765,0.65110,0.36570,0.3765,0.00522,2.19248,0.3765,0.65110,0.36570,0.3765
12,10,1,2,0,0,2,2,0.000,0.0000,0.1834,0.85276,0.24661,0.0710,0.46490,0.63411,28.9290,0.94589,0.04882,0.0710,0.85276,0.24661,0.0710,0.84243,0.20261,0.0710,0.94589,0.04882,0.0710,0.94589,0.04882,0.0710,0.90480,0.19516,0.0710,0.97767,0.02868,0.0710,0.90480,0.19516,0.0710,0.97767,0.02868,0.0710
12,10,2,2,-1,0,0,0,0.000,0.0000,0.2664,0.57444,0.38500,15.3378,0.47237,0.55050,24.3378,0.57444,0.38500,15.3378,0.57444,0.38500,15.3378,0.57444,0.38500,15.3378,0.57444,0.38500,15.3378,0.57444,0.38500,15.3378,0.79168,0.18986,0.6622,0.79168,0.18986,0.6622,0.79168,0.18986,0.6622,0.79168,0.18986,0.6622
12,10,4,2,-1,1,3,3,0.000,0.0000,0.2137,0.10960,0.90422,0.1385,0.36875,0.98079,30.8615,0.10960,0.90422,0.1385,0.10960,0.90422,0.1385,0.10960,0.90422,0.1385,0.10960,0.90422,0.1385,0.96620,0.04184,0.1385,0.95547,0.06763,0.1385,0.96743,0.03418,0.1385,0.95547,0.06763,0.1385,0.96743,0.03418,0.1385
12,11,0,2,0,0,1,1,0.000,0.0000,1.7053,0.36082,0.83414,19.6235,0.44689,0.58772,2.6235,0.38376,0.80898,19.6235,0.36082,0.83414,19.6235,0.35194,0.86298,19.6235,0.38376,0.80898,19.6235,0.38376,0.80898,19.6235,0.78890,0.40384,0.3765,0.93008,0.04481,0.3765,0.78890,0.40384,0.3765,0.93008,0.04481,0.3765
12,11,1,2,0,0,2,2,0.000,0.0000,0.0940,0.89711,0.09508,1.0710,0.46937,0.49639,28.9290,0.90697,0.08251,1.0710,0.89711,0.09508,1.0710,0.84243,0.19952,1.0710,0.90697,0.08251,1.0710,0.90697,0.08251,1.0710,0.93560,0.12444,0.0710,0.97767,0.02867,0.0710,0.93560,0.12444,0.0710,0.97767,0.02867,0.0710
12,11,2,2,-1,0,0,0,0.000,0.0000,0.4839,0.52117,0.83841,1.3378,0.46880,0.95168,24.3378,0.52117,0.83841,1.3378,0.52117,0.83841,1.3378,0.52117,0.83841,1.3378,0.52117,0.83841,1.3378,0.64936,0.28325,1.3378,0.79168,0.18986,0.6622,0.79168,0.18986,0.6622,0.79168,0.18986,0.6622,0.79168,0.18986,0.6622
12,11,4,2,-1,1,3,3,0.000,0.0000,0.1803,0.03157,0.98228,0.1385,0.36798,0.98624,30.8615,0.03157,0.98228,0.1385,0.03157,0.98228,0.1385,0.03157,0.98228,0.1385,0.03157,0.98228,0.1385,0.96378,0.03597,0.1385,0.95762,0.06124,0.1385,0.96743,0.03418,0.1385,0.95762,0.06124,0.1385,0.96743,0.03418,0.1385
12,12,0,2,-1,0,1,1,0.000,0.0000,1.5195,0.45319,0.73682,23.6235,0.79611,0.22460,2.6235,0.45319,0.73682,23.6235,0.45319,0.73682,23.6235,0.45319,0.73682,23.6235,0.45319,0.73682,23.6235,0.49051,0.64246,23.6235,0.96740,0.03060,0.6235,0.94706,0.03223,0.6235,0.96740,0.03060,0.6235,0.94706,0.03223,0.6235
12,12,1,2,0,0,2,2,0.000,0.0000,0.0407,0.82317,0.20354,0.0710,0.46401,0.58527,28.9290,0.86941,0.12454,0.0710,0.82317,0.20354,0.0710,0.79684,0.22393,0.0710,0.86941,0.12454,0.0710,0.86941,0.12454,0.0710,0.93560,0.12444,0.0710,0.97767,0.02867,0.0710,0.93560,0.12444,0.0710,0.97767,0.02867,0.0710
12,12,2,2,0,0,0,0,0.000,0.0000,0.5971,0.11933,2.20259,0.3378,0.15558,2.22394,24.3378,0.85262,0.28439,0.3378,0.78437,0.50873,0.3378,0.85124,0.12763,0.3378,0.21987,2.13413,0.3378,0.85262,0.28439,0.3378,0.79168,0.18986,0.6622,0.79168,0.18986,0.6622,0.79168,0.18986,0.6622,0.79168,0.18986,0.6622
12,12,4,2,-1,1,3,3,0.000,0.0000,0.4347,0.01570,1.32963,0.1385,0.35300,0.99311,30.8615,0.01570,1.32963,0.1385,0.01570,1.32963,0.1385,0.01570,1.32963,0.1385,0.01570,1.32963,0.1385,0.46319,0.71661,0.1385,0.95762,0.06124,0.1385,0.96743,0.03418,0.1385,0.95762,0.06124,0.1385,0.96743,0.03418,0.1385
12,13,0,2,-1,0,1,1,0.000,0.0000,1.1934,0.47922,0.62458,32.6235,0.75982,0.29168,2.6235,0.47922,0.62458,32.6235,0.47922,0.62458,32.6235,0.47922,0.62458,32.6235,0.47922,0.62458,32.6235,0.50991,0.30594,32.6235,0.93480,0.04594,1.6235,0.92123,0.02062,1.6235,0.93480,0.04594,1.6235,0.92123,0.02062,1.6235
12,13,1,2,0,0,2,2,0.000,0.0000,0.0040,0.92104,0.12267,0.0710,0.46400,0.54457,28.9290,0.96042,0.03803,0.0710,0.92104,0.12267,0.0710,0.84243,0.20366,0.0710,0.96042,0.03803,0.0710,0.96042,0.03803,0.0710,0.93694,0.12151,0.0710,0.97484,0.03495,0.0710,0.93694,0.12151,0.0710,0.97484,0.03495,0.0710
12,13,2,2,0,0,0,0,0.000,0.0000,0.8027,0.01226,2.61781,1.6622,0.06733,2.48622,24.3378,0.72432,0.58487,1.6622,0.65042,0.80810,1.6622,0.75990,0.36381,1.6622,0.17591,1.93044,1.6622,0.72432,0.58487,1.6622,0.77671,0.23034,0.3378,0.77671,0.23034,0.3378,0.77671,0.23034,0.3378,0.77671,0.23034,0.3378
12,13,4,2,-1,1,3,3,0.000,0.0000,0.5081,0.01413,1.15667,0.1385,0.35291,0.98559,30.8615,0.01413,1.15667,0.1385,0.01413,1.15667,0.1385,0.01413,1.15667,0.1385,0.01413,1.15667,0.1385,0.65281,0.43392,0.1385,0.95762,0.06124,0.1385,0.96743,0.03418,0.1385,0.95762,0.06124,0.1385,0.96743,0.03418,0.1385
12,14,0,2,-1,0,1,1,0.000,0.0000,1.0337,0.45474,0.36715,24.3765,0.66692,0.24569,2.6235,0.45474,0.36715,24.3765,0.45474,0.36715,24.3765,0.45474,0.36715,24.3765,0.45474,0.36715,24.3765,0.45474,0.36715,24.3765,0.89500,0.06151,2.6235,0.88714,0.02343,2.6235,0.89500,0.06151,2.6235,0.88714,0.02343,2.6235
12,14,1,2,0,0,2,2,0.000,0.0000,0.0373,0.93068,0.14063,0.0710,0.46022,0.55961,28.9290,0.97806,0.03260,0.0710,0.93068,0.14063,0.0710,0.84243,0.19979,0.0710,0.97806,0.03260,0.0710,0.97806,0.03260,0.0710,0.93694,0.12151,0.0710,0.97484,0.03495,0.0710,0.93694,0.12151,0.0710,0.97484,0.03495,0.0710
12,14,2,1,0,0,0,0,0.000,0.0000,0.7987,0.12901,2.23526,1.3378,0.17077,2.18489,24.3378,0.79145,0.43220,1.3378,0.71437,0.65635,1.3378,0.80543,0.20989,1.3378,0.19767,1.78031,1.3378,0.79145,0.43220,1.3378,0.77671,0.23034,0.3378,0.77671,0.23034,0.3378,0.77671,0.23034,0.3378,0.77671,0.23034,0.3378
12,14,4,2,0,1,3,3,0.000,0.0000,0.6162,0.01378,1.18621,0.1385,0.30000,1.17155,30.8615,0.53078,0.51269,0.1385,0.46228,0.60119,0.1385,0.59928,0.42482,0.1385,0.53078,0.51269,0.1385,0.59251,0.57397,0.1385,0.95762,0.06124,0.1385,0.96743,0.03418,0.1385,0.95762,0.06124,0.1385,0.96743,0.03418,0.1385
12,15,0,2,-1,0,1,1,0.000,0.0000,0.6660,0.56975,0.28468,12.6235,0.66833,0.18477,2.6235,0.56975,0.28468,12.6235,0.56975,0.28468,12.6235,0.56975,0.28468,12.6235,0.56975,0.28468,12.6235,0.57903,0.19780,12.6235,0.83827,0.13038,3.6235,0.83827,0.13038,3.6235,0.83827,0.13038,3.6235,0.83827,0.13038,3.6235
12,15,1,2,0,0,2,2,0.000,0.0000,0.0697,0.73948,0.33556,2.0710,0.45223,0.69602,28.9290,0.80891,0.19263,2.0710,0.74228,0.32796,2.0710,0.74546,0.26059,2.0710,0.80891,0.19263,2.0710,0.80891,0.19263,2.0710,0.93694,0.12151,0.0710,0.97484,0.03495,0.0710,0.93694,0.12151,0.0710,0.97484,0.03495,0.0710
12,15,2,1,0,0,0,0,0.000,0.0000,0.6860,0.01208,2.47285,0.6622,0.06759,2.47343,24.3378,0.85159,0.28681,0.6622,0.77266,0.51155,0.6622,0.85038,0.06393,0.6622,0.21943,1.63632,0.6622,0.85159,0.28681,0.6622,0.77671,0.23034,0.3378,0.77671,0.23034,0.3378,0.77671,0.23034,0.3378,0.77671,0.23034,0.3378
12,15,4,2,-1,1,3,3,0.000,0.0000,0.6808,0.01302,1.15325,0.1385,0.33934,1.03816,30.8615,0.01302,1.15325,0.1385,0.01302,1.15325,0.1385,0.01302,1.15325,0.1385,0.01302,1.15325,0.1385,0.64514,0.60019,0.1385,0.95821,0.05949,0.1385,0.96743,0.03418,0.1385,0.95821,0.05949,0.1385,0.96743,0.03418,0.1385
12,16,0,2,-1,0,1,1,0.000,0.0000,0.5693,0.64721,0.15701,6.6235,0.69035,0.11985,2.6235,0.64721,0.15701,6.6235,0.64721,0.15701,6.6235,0.64721,0.15701,6.6235,0.64721,0.15701,6.6235,0.64884,0.12113,6.6235,0.83827,0.13038,3.6235,0.83827,0.13038,3.6235,0.83827,0.13038,3.6235,0.83827,0.13038,3.6235
12,16,1,2,0,0,2,2,0.000,0.0000,0.0860,0.58293,0.84689,3.0710,0.37705,1.23696,28.9290,0.84895,0.14166,3.0710,0.77635,0.31324,3.0710,0.82283,0.17199,3.0710,0.84895,0.14166,3.0710,0.84895,0.14166,3.0710,0.93694,0.12151,0.0710,0.97484,0.03495,0.0710,0.93694,0.12151,0.0710,0.97484,0.03495,0.0710
12,16,2,1,0,0,0,0,0.000,0.0000,0.5671,0.01112,2.46822,0.6622,0.06048,2.47408,24.3378,0.85400,0.27466,0.6622,0.76351,0.49882,0.6622,0.85471,0.05750,0.6622,0.22150,1.62311,0.6622,0.85400,0.27466,0.6622,0.77671,0.23034,0.3378,0.77671,0.23034,0.3378,0.77671,0.23034,0.3378,0.77671,0.23034,0.3378
12,16,4,2,0,1,3,3,0.000,0.0000,0.8408,0.01422,1.05566,0.1385,0.31306,1.06347,30.8615,0.73818,0.38044,0.1385,0.66344,0.41773,0.1385,0.81293,0.36219,0.1385,0.73818,0.38044,0.1385,0.73835,0.85357,0.1385,0.95821,0.05949,0.1385,0.96743,0.03418,0.1385,0.95821,0.05949,0.1385,0.96743,0.03418,0.1385
12,17,0,2,-1,0,1,1,0.000,0.0000,0.6490,0.68963,0.18596,6.3765,0.65228,0.16506,2.6235,0.68963,0.18596,6.3765,0.68963,0.18596,6.3765,0.68963,0.18596,6.3765,0.68963,0.18596,6.3765,0.68963,0.18596,6.3765,0.63252,0.20020,10.6235,0.63858,0.12289,10.6235,0.63252,0.20020,10.6235,0.63858,0.12289,10.6235
12,17,1,2,0,1,2,2,0.000,0.0000,0.0432,0.51374,1.09540,0.0710,0.31973,1.48097,28.9290,0.97716,0.03955,0.0710,0.87873,0.26426,0.0710,0.84243,0.19385,0.0710,0.97716,0.03955,0.0710,0.68806,0.71379,0.0710,0.93694,0.12151,0.0710,0.97484,0.03495,0.0710,0.93694,0.12151,0.0710,0.97484,0.03495,0.0710
12,17,2,1,0,0,0,0,0.000,0.0000,0.5079,0.06277,2.39652,0.3378,0.09565,2.43582,24.3378,0.80957,0.40567,0.3378,0.72593,0.63011,0.3378,0.81313,0.18259,0.3378,0.20152,1.75447,0.3378,0.80957,0.40567,0.3378,0.77671,0.23034,0.3378,0.77671,0.23034,0.3378,0.77671,0.23034,0.3378,0.77671,0.23034,0.3378
12,17,4,2,0,1,3,3,0.000,0.0000,1.0866,0.01481,1.15333,0.1385,0.29627,1.12625,30.8615,0.64746,0.54831,0.1385,0.57826,0.58933,0.1385,0.72376,0.58586,0.1385,0.64746,0.54831,0.1385,0.62718,1.10347,0.1385,0.95821,0.05949,0.1385,0.96743,0.03418,0.1385,0.95821,0.05949,0.1385,0.96743,0.03418,0.1385
12,18,0,2,-1,0,1,1,0.000,0.0000,0.6278,0.82979,0.05354,4.3765,0.80008,0.13067,2.6235,0.82979,0.05354,4.3765,0.82979,0.05354,4.3765,0.82979,0.05354,4.3765,0.82979,0.05354,4.3765,0.82511,0.05354,4.3765,0.62248,0.19170,10.6235,0.62820,0.10889,10.6235,0.62248,0.19170,10.6235,0.62820,0.10889,10.6235
12,18,1,2,0,1,2,2,0.000,0.0000,0.0434,0.25109,1.68979,0.0710,0.12466,2.07036,28.9290,0.97813,0.03693,0.0710,0.87952,0.26189,0.0710,0.84243,0.19638,0.0710,0.24570,1.91215,0.0710,0.68806,0.71620,0.0710,0.93694,0.12151,0.0710,0.97484,0.03495,0.0710,0.93694,0.12151,0.0710,0.97484,0.03495,0.0710
12,18,2,2,0,0,0,0,0.000,0.0000,0.3889,0.00848,2.48316,1.6622,0.06257,2.45156,24.3378,0.84392,0.28810,1.6622,0.72074,0.52188,1.6622,0.85038,0.08778,1.6622,0.21926,2.10421,1.6622,0.84392,0.28810,1.6622,0.77671,0.23034,0.3378,0.77671,0.23034,0.3378,0.77671,0.23034,0.3378,0.77671,0.23034,0.3378
12,19,0,1,0,0,1,1,0.000,0.0000,0.5886,0.95193,0.02939,0.6235,0.89995,0.05439,2.6235,0.92797,0.02939,0.6235,0.95193,0.02939,0.6235,0.83616,0.02229,0.6235,0.92797,0.02939,0.6235,0.92797,0.02939,0.6235,0.62248,0.19170,10.6235,0.61579,0.19170,10.6235,0.62248,0.19170,10.6235,0.61579,0.19170,10.6235
12,19,1,2,0,1,2,2,0.000,0.0000,0.0694,0.07552,2.09294,0.9290,0.10045,2.17998,28.9290,0.94830,0.05816,0.9290,0.85612,0.27766,0.9290,0.81787,0.19706,0.9290,0.24181,1.94794,0.9290,0.66963,0.70626,0.9290,0.93694,0.12151,0.0710,0.97484,0.03495,0.0710,0.93694,0.12151,0.0710,0.97484,0.03495,0.0710
12,19,2,2,-1,-1,-1,-1,0.000,-1.0000,-1.0000,0.00391,2.52986,0.6622,0.01038,2.52485,24.3378,0.00391,2.52986,0.6622,0.00391,2.52986,0.6622,0.00391,2.52986,0.6622,0.00391,2.52986,0.6622,0.00391,2.52986,0.6622,0.00391,2.52986,0.6622,0.00391,2.52986,0.6622,0.00391,2.52986,0.6622,0.00391,2.52986,0.6622
12,20,0,1,-1,0,1,1,0.000,0.0000,0.5503,0.94042,0.01517,0.6235,0.87588,0.01971,2.6235,0.94042,0.01517,0.6235,0.94042,0.01517,0.6235,0.94042,0.01517,0.6235,0.94042,0.01517,0.6235,0.91797,0.01517,0.6235,0.76927,0.13091,2.6235,0.76927,0.13091,2.6235,0.76927,0.13091,2.6235,0.76927,0.13091,2.6235
12,20,1,1,0,1,2,2,0.000,0.0000,0.0785,0.01352,2.25687,0.0710,0.08634,2.21966,28.9290,0.93401,0.09948,0.0710,0.83802,0.32418,0.0710,0.84243,0.12629,0.0710,0.23487,1.44908,0.0710,0.68806,0.65102,0.0710,0.93694,0.12151,0.0710,0.97484,0.03495,0.0710,0.93694,0.12151,0.0710,0.97484,0.03495,0.0710
12,20,4,2,0,1,3,3,0.000,0.0000,0.5172,0.08752,2.74894,0.1385,0.11913,2.80429,30.8615,0.70681,0.79816,0.1385,0.63547,1.02293,0.1385,0.79345,0.57253,0.1385,0.21096,2.47862,0.1385,0.97300,0.04855,0.1385,0.95821,0.05949,0.1385,0.96743,0.03418,0.1385,0.95821,0.05949,0.1385,0.96743,0.03418,0.1385
12,21,0,1,0,0,1,1,0.000,0.0000,0.5052,0.94679,0.01398,0.3765,0.88373,0.03121,2.6235,0.92380,0.01398,0.3765,0.94679,0.01398,0.3765,0.83616,0.01025,0.3765,0.92380,0.01398,0.3765,0.92380,0.01398,0.3765,0.76927,0.13091,2.6235,0.76927,0.13091,2.6235,0.76927,0.13091,2.6235,0.76927,0.13091,2.6235
12,21,1,1,-1,1,2,2,0.000,0.0000,0.2871,0.60262,0.51907,0.9290,0.37921,0.50333,28.9290,0.60262,0.51907,0.9290,0.60262,0.51907,0.9290,0.60262,0.51907,0.9290,0.60262,0.51907,0.9290,0.54834,0.76020,0.9290,0.93585,0.12140,0.0710,0.97373,0.03456,0.0710,0.93585,0.12140,0.0710,0.97373,0.03456,0.0710
12,21,2,2,-1,-1,-1,-1,0.000,-1.0000,-1.0000,0.00322,2.53750,2.3378,0.00639,2.54699,24.3378,0.00322,2.53750,2.3378,0.00322,2.53750,2.3378,0.00322,2.53750,2.3378,0.00322,2.53750,2.3378,0.00322,2.53750,2.3378,0.00322,2.53750,2.3378,0.00322,2.53750,2.3378,0.00322,2.53750,2.3378,0.00322,2.53750,2.3378
12,21,4,2,-1,1,3,3,0.000,0.0000,0.2312,0.17794,2.46471,0.8615,0.16457,2.60380,30.8615,0.17794,2.46471,0.8615,0.17794,2.46471,0.8615,0.17794,2.46471,0.8615,0.17794,2.46471,0.8615,0.92958,0.07434,0.8615,0.95821,0.05949,0.1385,0.96743,0.03418,0.1385,0.95821,0.05949,0.1385,0.96743,0.03418,0.1385
12,22,0,1,0,0,1,1,0.000,0.0000,0.4278,0.90466,0.04801,1.6235,0.87237,0.05242,2.6235,0.89300,0.04801,1.6235,0.90466,0.04801,1.6235,0.81189,0.04801,1.6235,0.89300,0.04801,1.6235,0.89300,0.04801,1.6235,0.78579,0.10987,1.6235,0.78579,0.10987,1.6235,0.78579,0.10987,1.6235,0.78579,0.10987,1.6235
12,22,1,1,0,0,2,2,0.000,0.0000,0.0408,0.01502,2.40014,1.0710,0.08551,2.31650,28.9290,0.80433,0.39808,1.0710,0.71968,0.62220,1.0710,0.84002,0.17622,1.0710,0.18565,1.74620,1.0710,0.80433,0.39808,1.0710,0.93409,0.12564,0.0710,0.97007,0.04290,0.0710,0.93409,0.12564,0.0710,0.97007,0.04290,0.0710
12,22,2,2,-1,-1,-1,-1,0.000,-1.0000,-1.0000,0.01334,2.47712,5.3378,0.01783,2.49714,24.3378,0.01334,2.47712,5.3378,0.01334,2.47712,5.3378,0.01334,2.47712,5.3378,0.01334,2.47712,5.3378,0.01334,2.47712,5.3378,0.01334,2.47712,5.3378,0.01334,2.47712,5.3378,0.01334,2.47712,5.3378,0.01334,2.47712,5.3378
12,22,4,2,0,1,3,3,0.000,0.0000,0.4258,0.30779,2.04079,0.1385,0.21357,2.31059,30.8615,0.23041,2.22531,0.1385,0.24335,2.14373,0.1385,0.21877,2.32586,0.1385,0.23041,2.22531,0.1385,0.83763,0.18157,0.1385,0.83303,0.10917,3.1385,0.84069,0.07809,3.1385,0.83303,0.10917,3.1385,0.84069,0.07809,3.1385
12,23,0,2,-1,0,1,1,0.000,0.0000,1.3000,0.25799,2.72121,0.6235,0.25582,2.67823,2.6235,0.25799,2.72121,0.6235,0.25799,2.72121,0.6235,0.25799,2.72121,0.6235,0.25799,2.72121,0.6235,0.25799,2.72121,0.6235,0.77010,0.10968,2.6235,0.77010,0.10968,2.6235,0.77010,0.10968,2.6235,0.77010,0.10968,2.6235
12,23,1,1,0,0,2,2,0.000,0.0000,0.1371,0.01512,2.33363,0.9290,0.08607,2.26505,28.9290,0.85828,0.26349,0.9290,0.77068,0.48727,0.9290,0.84188,0.05173,0.9290,0.20752,1.61127,0.9290,0.85828,0.26349,0.9290,0.91613,0.16989,0.0710,0.93262,0.13108,0.0710,0.91613,0.16989,0.0710,0.93262,0.13108,0.0710
12,23,2,2,-1,-1,-1,-1,0.000,-1.0000,-1.0000,0.11662,2.06137,0.3378,0.08392,2.25137,24.3378,0.11662,2.06137,0.3378,0.11662,2.06137,0.3378,0.11662,2.06137,0.3378,0.11662,2.06137,0.3378,0.11662,2.06137,0.3378,0.11662,2.06137,0.3378,0.11662,2.06137,0.3378,0.11662,2.06137,0.3378,0.11662,2.06137,0.3378
12,23,4,2,-1,1,3,3,0.000,0.0000,0.6029,0.52912,1.25871,0.1385,0.24220,1.82336,30.8615,0.52912,1.25871,0.1385,0.52912,1.25871,0.1385,0.52912,1.25871,0.1385,0.52912,1.25871,0.1385,0.83103,0.16532,0.1385,0.83303,0.10917,3.1385,0.84069,0.07809,3.1385,0.83303,0.10917,3.1385,0.84069,0.07809,3.1385
12,24,0,2,-1,0,1,1,0.000,0.0000,0.8415,0.82015,0.16469,0.6235,0.81619,0.14463,2.6235,0.82015,0.16469,0.6235,0.82015,0.16469,0.6235,0.82015,0.16469,0.6235,0.82015,0.16469,0.6235,0.81529,0.16743,0.6235,0.76896,0.10410,2.6235,0.76896,0.10410,2.6235,0.76896,0.10410,2.6235,0.76896,0.10410,2.6235
12,24,1,2,0,0,2,2,0.000,0.0000,0.1047,0.18034,1.85080,1.0710,0.20007,1.91357,28.9290,0.92724,0.05084,1.0710,0.83743,0.27446,1.0710,0.84239,0.17762,1.0710,0.24353,1.89976,1.0710,0.92724,0.05084,1.0710,0.91613,0.16989,0.0710,0.93262,0.13108,0.0710,0.91613,0.16989,0.0710,0.93262,0.13108,0.0710
12,24,2,2,0,-1,-1,-1,0.000,-1.0000,-1.0000,0.00443,2.69570,1.3378,0.03366,2.57790,24.3378,0.66545,0.70014,1.3378,0.62537,0.91449,1.3378,0.67121,0.51144,1.3378,0.15541,2.51673,1.3378,0.00443,2.69570,1.3378,0.00443,2.69570,1.3378,0.00443,2.69570,1.3378,0.00443,2.69570,1.3378,0.00443,2.69570,1.3378
12,24,4,2,-1,1,3,3,0.000,0.0000,0.6616,0.78917,0.23303,0.8615,0.38027,0.86542,30.8615,0.78917,0.23303,0.8615,0.78917,0.23303,0.8615,0.78917,0.23303,0.8615,0.78917,0.23303,0.8615,0.78917,0.23303,0.8615,0.83303,0.10917,3.1385,0.84069,0.07809,3.1385,0.83303,0.10917,3.1385,0.84069,0.07809,3.1385
12,25,0,2,-1,0,1,1,0.000,0.0000,1.5458,0.24624,2.53035,0.6235,0.24234,2.57104,2.6235,0.24624,2.53035,0.6235,0.24624,2.53035,0.6235,0.24624,2.53035,0.6235,0.24624,2.53035,0.6235,0.24624,2.53035,0.6235,0.77898,0.09862,0.6235,0.77898,0.09862,0.6235,0.77898,0.09862,0.6235,0.77898,0.09862,0.6235
12,25,1,2,0,0,2,2,0.000,0.0000,0.1420,0.84035,0.16144,0.9290,0.36907,0.85955,28.9290,0.86095,0.13551,0.9290,0.84035,0.16144,0.9290,0.78608,0.23631,0.9290,0.86095,0.13551,0.9290,0.86095,0.13551,0.9290,0.91613,0.16989,0.0710,0.93262,0.13108,0.0710,0.91613,0.16989,0.0710,0.93262,0.13108,0.0710
12,25,2,2,0,0,0,0,0.000,0.0000,0.0205,0.00858,2.48048,0.3378,0.04885,2.45358,24.3378,0.84539,0.28660,0.3378,0.74949,0.50941,0.3378,0.84285,0.14909,0.3378,0.21981,2.14907,0.3378,0.84539,0.28660,0.3378,0.77671,0.23034,0.3378,0.77671,0.23034,0.3378,0.77671,0.23034,0.3378,0.77671,0.23034,0.3378
12,25,4,2,-1,1,3,3,0.000,0.0000,0.7709,0.55054,0.39076,15.1385,0.37421,0.93488,30.8615,0.55054,0.39076,15.1385,0.55054,0.39076,15.1385,0.55054,0.39076,15.1385,0.55054,0.39076,15.1385,0.57304,0.16935,15.1385,0.87997,0.12768,0.1385,0.88580,0.11853,0.1385,0.87997,0.12768,0.1385,0.88580,0.11853,0.1385
12,26,0,2,-1,0,1,1,0.000,0.0000,1.0410,0.76037,0.14477,6.3765,0.78612,0.21548,2.6235,0.76037,0.14477,6.3765,0.76037,0.14477,6.3765,0.76037,0.14477,6.3765,0.76037,0.14477,6.3765,0.77102,0.06920,6.3765,0.77785,0.09530,0.6235,0.77785,0.09530,0.6235,0.77785,0.09530,0.6235,0.77785,0.09530,0.6235
12,26,1,2,0,0,2,2,0.000,0.0000,0.2473,0.77326,0.33848,0.9290,0.41448,0.69273,28.9290,0.77326,0.33848,0.9290,0.77326,0.33848,0.9290,0.77326,0.33848,0.9290,0.77326,0.33848,0.9290,0.77326,0.33848,0.9290,0.91613,0.16989,0.0710,0.93262,0.13108,0.0710,0.91613,0.16989,0.0710,0.93262,0.13108,0.0710
12,26,2,2,0,0,0,0,0.000,0.0000,0.0991,0.02172,2.43791,1.3378,0.06003,2.45009,24.3378,0.81533,0.28449,1.3378,0.75426,0.49466,1.3378,0.80904,0.18609,1.3378,0.21952,2.16767,1.3378,0.81533,0.28449,1.3378,0.77671,0.23034,0.3378,0.77671,0.23034,0.3378,0.77671,0.23034,0.3378,0.77671,0.23034,0.3378
12,26,4,2,-1,1,3,3,0.000,0.0000,0.7439,0.84734,0.26466,1.8615,0.37503,0.99107,30.8615,0.84734,0.26466,1.8615,0.84734,0.26466,1.8615,0.84734,0.26466,1.8615,0.84734,0.26466,1.8615,0.89725,0.10746,1.8615,0.83303,0.10917,3.1385,0.84069,0.07809,3.1385,0.83303,0.10917,3.1385,0.84069,0.07809,3.1385
12,27,0,2,-1,0,1,1,0.000,0.0000,0.4852,0.53581,0.39382,17.6235,0.67661,0.01838,2.6235,0.53581,0.39382,17.6235,0.53581,0.39382,17.6235,0.53581,0.39382,17.6235,0.53581,0.39382,17.6235,0.53581,0.39382,17.6235,0.75873,0.09073,1.6235,0.75873,0.09073,1.6235,0.75873,0.09073,1.6235,0.75873,0.09073,1.6235
12,27,1,2,0,0,2,2,0.000,0.0000,0.2422,0.84130,0.10605,3.9290,0.48439,0.52517,28.9290,0.84130,0.10605,3.9290,0.84130,0.10605,3.9290,0.77868,0.10605,3.9290,0.84130,0.10605,3.9290,0.84130,0.10605,3.9290,0.90332,0.15196,0.0710,0.90346,0.15196,0.0710,0.90332,0.15196,0.0710,0.90346,0.15196,0.0710
12,27,2,2,0,0,0,0,0.000,0.0000,0.1157,0.14822,2.12885,0.3378,0.11426,2.30836,24.3378,0.84817,0.28519,0.3378,0.79234,0.50685,0.3378,0.84568,0.14527,0.3378,0.22011,2.14598,0.3378,0.84817,0.28519,0.3378,0.77671,0.23034,0.3378,0.77671,0.23034,0.3378,0.77671,0.23034,0.3378,0.77671,0.23034,0.3378
12,27,4,2,0,1,3,3,0.000,0.0000,0.6874,0.53743,1.35632,0.8615,0.22461,1.90906,30.8615,0.70135,0.81644,0.8615,0.63382,1.04089,0.8615,0.76791,0.59240,0.8615,0.70135,0.81644,0.8615,0.91924,0.09054,0.8615,0.83303,0.10917,3.1385,0.84069,0.07809,3.1385,0.83303,0.10917,3.1385,0.84069,0.07809,3.1385
12,28,0,2,-1,0,1,1,0.000,0.0000,0.3338,0.60160,0.95938,0.3765,0.59172,0.95797,2.6235,0.60160,0.95938,0.3765,0.60160,0.95938,0.3765,0.60160,0.95938,0.3765,0.60160,0.95938,0.3765,0.60160,0.95938,0.3765,0.75740,0.09033,2.6235,0.75740,0.09033,2.6235,0.75740,0.09033,2.6235,0.75740,0.09033,2.6235
12,28,1,1,0,0,2,2,0.000,0.0000,0.2181,0.87751,0.07880,2.9290,0.50201,0.33802,28.9290,0.87751,0.07880,2.9290,0.87751,0.07880,2.9290,0.80532,0.07880,2.9290,0.87751,0.07880,2.9290,0.87751,0.07880,2.9290,0.87119,0.13029,0.0710,0.87119,0.13029,0.0710,0.87119,0.13029,0.0710,0.87119,0.13029,0.0710
12,28,2,2,0,0,0,0,0.000,0.0000,0.1322,0.00972,2.47336,0.3378,0.05979,2.47753,24.3378,0.82605,0.28466,0.3378,0.77342,0.50036,0.3378,0.82330,0.16992,0.3378,0.21728,2.15977,0.3378,0.82605,0.28466,0.3378,0.77671,0.23034,0.3378,0.77671,0.23034,0.3378,0.77671,0.23034,0.3378,0.77671,0.23034,0.3378
12,28,4,2,0,0,3,3,0.000,0.0000,1.2264,0.28486,1.91164,29.1385,0.17222,2.32818,30.8615,0.27259,1.60941,29.1385,0.28329,1.74340,29.1385,0.27166,1.47191,29.1385,0.27259,1.60941,29.1385,0.27259,1.60941,29.1385,0.83303,0.10917,3.1385,0.84069,0.07809,3.1385,0.83303,0.10917,3.1385,0.84069,0.07809,3.1385
12,29,0,2,0,0,1,1,0.000,0.0000,0.0305,0.86577,0.11028,1.6235,0.85204,0.10806,2.6235,0.85222,0.10346,1.6235,0.86577,0.11028,1.6235,0.77502,0.25985,1.6235,0.85222,0.10346,1.6235,0.85222,0.10346,1.6235,0.75748,0.08693,1.6235,0.75748,0.08693,1.6235,0.75748,0.08693,1.6235,0.75748,0.08693,1.6235
12,29,1,1,-1,0,2,2,0.000,0.0000,0.2197,0.73975,0.13889,5.9290,0.43392,0.17449,28.9290,0.73975,0.13889,5.9290,0.73975,0.13889,5.9290,0.73975,0.13889,5.9290,0.73975,0.13889,5.9290,0.73975,0.13889,5.9290,0.87818,0.11451,0.0710,0.87818,0.11450,0.0710,0.87818,0.11451,0.0710,0.87818,0.11450,0.0710
12,29,2,2,0,0,0,0,0.000,0.0000,0.1322,0.05550,2.35255,0.3378,0.07442,2.42003,24.3378,0.85345,0.26948,0.3378,0.78984,0.49087,0.3378,0.85040,0.14034,0.3378,0.22257,2.13421,0.3378,0.85345,0.26948,0.3378,0.77671,0.23034,0.3378,0.77671,0.23034,0.3378,0.77671,0.23034,0.3378,0.77671,0.23034,0.3378
12,29,4,1,-1,1,3,3,0.000,0.0000,1.1034,0.46545,1.27434,0.1385,0.27124,1.75204,30.8615,0.46545,1.27434,0.1385,0.46545,1.27434,0.1385,0.46545,1.27434,0.1385,0.46545,1.27434,0.1385,0.65760,0.48448,0.1385,0.83303,0.10917,3.1385,0.84069,0.07809,3.1385,0.83303,0.10917,3.1385,0.84069,0.07809,3.1385
12,30,0,2,0,0,1,1,0.000,0.0000,0.2070,0.85030,0.17131,0.6235,0.82262,0.17000,2.6235,0.87267,0.10081,0.6235,0.85030,0.17131,0.6235,0.79406,0.24947,0.6235,0.87267,0.10081,0.6235,0.87267,0.10081,0.6235,0.74457,0.08953,1.6235,0.74457,0.08953,1.6235,0.74457,0.08953,1.6235,0.74457,0.08953,1.6235
12,30,1,1,0,0,2,2,0.000,0.0000,0.2324,0.89061,0.17107,0.0710,0.45956,0.18177,28.9290,0.89061,0.17107,0.0710,0.89061,0.17107,0.0710,0.84243,0.16772,0.0710,0.89061,0.17107,0.0710,0.89061,0.17107,0.0710,0.88342,0.10327,0.0710,0.88342,0.10327,0.0710,0.88342,0.10327,0.0710,0.88342,0.10327,0.0710
12,30,2,2,0,0,0,0,0.000,0.0000,0.1235,0.01009,2.46703,0.6622,0.06251,2.47203,24.3378,0.85800,0.26486,0.6622,0.77294,0.49030,0.6622,0.85612,0.11989,0.6622,0.22218,2.11914,0.6622,0.85800,0.26486,0.6622,0.77682,0.23024,0.3378,0.77682,0.23024,0.3378,0.77682,0.23024,0.3378,0.77682,0.23024,0.3378
12,30,4,1,0,1,3,3,0.000,0.0000,0.8077,0.01021,3.01648,1.1385,0.07288,2.99039,30.8615,0.69671,0.84724,1.1385,0.62836,1.07188,1.1385,0.76535,0.62286,1.1385,0.20391,2.19619,1.1385,0.91923,0.10959,1.1385,0.83017,0.11958,3.1385,0.83525,0.09891,3.1385,0.83017,0.11958,3.1385,0.83525,0.09891,3.1385
12,31,0,2,0,0,1,1,0.000,0.0000,0.3092,0.93026,0.12929,0.3765,0.87509,0.12091,2.6235,0.95509,0.02384,0.3765,0.93026,0.12929,0.3765,0.83616,0.24951,0.3765,0.95509,0.02384,0.3765,0.95509,0.02384,0.3765,0.74457,0.08953,1.6235,0.74457,0.08953,1.6235,0.74457,0.08953,1.6235,0.74457,0.08953,1.6235
12,31,1,1,0,0,2,2,0.000,0.0000,0.1460,0.77325,0.12285,0.9290,0.48380,0.32742,28.9290,0.78514,0.10943,0.9290,0.77325,0.12285,0.9290,0.81042,0.05033,0.9290,0.78514,0.10943,0.9290,0.78514,0.10943,0.9290,0.87886,0.09447,0.0710,0.87886,0.09447,0.0710,0.87886,0.09447,0.0710,0.87886,0.09447,0.0710
12,31,2,2,0,0,0,0,0.000,0.0000,0.1139,0.02947,2.42037,0.3378,0.06818,2.44234,24.3378,0.84990,0.27182,0.3378,0.79598,0.49247,0.3378,0.84683,0.14494,0.3378,0.22206,2.13826,0.3378,0.84990,0.27182,0.3378,0.77682,0.23024,0.3378,0.77682,0.23024,0.3378,0.77682,0.23024,0.3378,0.77682,0.23024,0.3378
12,31,4,2,0,1,3,3,0.000,0.0000,0.6835,0.00997,3.17535,0.1385,0.07089,3.09535,30.8615,0.63207,1.16516,0.1385,0.56244,1.39016,0.1385,0.70213,0.94016,0.1385,0.15832,2.81360,0.1385,0.86119,0.41531,0.1385,0.83017,0.11958,3.1385,0.83525,0.09891,3.1385,0.83017,0.11958,3.1385,0.83525,0.09891,3.1385
12,32,0,2,0,0,1,1,0.000,0.0000,0.4496,0.86099,0.28849,0.3765,0.82423,0.26359,2.6235,0.92267,0.14674,0.3765,0.86099,0.28849,0.3765,0.83613,0.08647,0.3765,0.92267,0.14674,0.3765,0.92267,0.14674,0.3765,0.74457,0.08953,1.6235,0.74457,0.08953,1.6235,0.74457,0.08953,1.6235,0.74457,0.08953,1.6235
12,32,1,1,0,0,2,2,0.000,0.0000,0.1425,0.82079,0.16658,3.0710,0.48626,0.35321,28.9290,0.82079,0.16658,3.0710,0.82079,0.16658,3.0710,0.80045,0.10512,3.0710,0.82079,0.16658,3.0710,0.82079,0.16658,3.0710,0.87886,0.09447,0.0710,0.87886,0.09447,0.0710,0.87886,0.09447,0.0710,0.87886,0.09447,0.0710
12,32,2,2,0,0,0,0,0.000,0.0000,0.2759,0.04237,2.44020,13.3378,0.06322,2.42791,24.3378,0.49630,0.66516,13.3378,0.51207,0.74697,13.3378,0.46739,0.66661,13.3378,0.18259,2.56158,13.3378,0.49630,0.66516,13.3378,0.77682,0.23024,0.3378,0.77682,0.23024,0.3378,0.77682,0.23024,0.3378,0.77682,0.23024,0.3378
12,32,4,2,-1,1,3,3,0.000,0.0000,0.4861,0.47290,1.22792,14.8615,0.37845,1.43701,30.8615,0.47290,1.22792,14.8615,0.47290,1.22792,14.8615,0.47290,1.22792,14.8615,0.47290,1.22792,14.8615,0.60995,0.30435,14.8615,0.81488,0.17654,3.1385,0.81488,0.17654,3.1385,0.81488,0.17654,3.1385,0.81488,0.17654,3.1385
12,33,0,2,0,0,1,1,0.000,0.0000,0.4402,0.32565,1.47674,0.3765,0.33444,1.46641,2.6235,0.95731,0.01922,0.3765,0.89724,0.20658,0.3765,0.83280,0.24842,0.3765,0.25247,1.86734,0.3765,0.95731,0.01922,0.3765,0.74457,0.08953,1.6235,0.74457,0.08953,1.6235,0.74457,0.08953,1.6235,0.74457,0.08953,1.6235
12,33,1,2,-1,0,2,2,0.000,0.0000,1.0151,0.28144,1.93416,6.0710,0.23498,1.84429,28.9290,0.28144,1.93416,6.0710,0.28144,1.93416,6.0710,0.28144,1.93416,6.0710,0.28144,1.93416,6.0710,0.28144,1.93416,6.0710,0.84351,0.07674,0.0710,0.84351,0.07674,0.0710,0.84351,0.07674,0.0710,0.84351,0.07674,0.0710
12,33,2,2,0,0,0,0,0.000,0.0000,0.1600,0.08086,2.27700,0.6622,0.06573,2.43169,24.3378,0.86047,0.26167,0.6622,0.73662,0.49335,0.6622,0.85836,0.10484,0.6622,0.22325,2.10759,0.6622,0.86047,0.26167,0.6622,0.77682,0.23024,0.3378,0.77682,0.23024,0.3378,0.77682,0.23024,0.3378,0.77682,0.23024,0.3378
12,33,4,2,-1,1,3,3,0.000,0.0000,0.3386,0.58496,0.28017,12.8615,0.41733,0.56174,30.8615,0.58496,0.28017,12.8615,0.58496,0.28017,12.8615,0.58496,0.28017,12.8615,0.58496,0.28017,12.8615,0.59573,0.18334,12.8615,0.80576,0.21156,3.1385,0.80576,0.21155,3.1385,0.80576,0.21156,3.1385,0.80576,0.21155,3.1385
12,34,0,2,0,0,1,1,0.000,0.0000,0.4048,0.13360,1.91796,2.3765,0.14807,1.88748,2.6235,0.89404,0.07412,2.3765,0.83815,0.23911,2.3765,0.78060,0.25196,2.3765,0.24554,1.93067,2.3765,0.89404,0.07412,2.3765,0.74457,0.08953,1.6235,0.74457,0.08953,1.6235,0.74457,0.08953,1.6235,0.74457,0.08953,1.6235
12,34,1,2,-1,0,2,2,0.000,0.0000,0.6736,0.73214,0.12075,6.9290,0.47421,0.36149,28.9290,0.73214,0.12075,6.9290,0.73214,0.12075,6.9290,0.73214,0.12075,6.9290,0.73214,0.12075,6.9290,0.73214,0.12075,6.9290,0.83581,0.08527,0.0710,0.83581,0.08527,0.0710,0.83581,0.08527,0.0710,0.83581,0.08527,0.0710
12,34,2,2,0,0,0,0,0.000,0.0000,0.0604,0.09536,2.24765,1.6622,0.07539,2.41216,24.3378,0.85134,0.26519,1.6622,0.73438,0.49774,1.6622,0.85795,0.07174,1.6622,0.22288,2.08501,1.6622,0.85134,0.26519,1.6622,0.77682,0.23024,0.3378,0.77682,0.23024,0.3378,0.77682,0.23024,0.3378,0.77682,0.23024,0.3378
12,34,4,2,-1,1,3,3,0.000,0.0000,0.2245,0.52833,0.29137,16.8615,0.41734,0.51149,30.8615,0.52833,0.29137,16.8615,0.52833,0.29137,16.8615,0.52833,0.29137,16.8615,0.52833,0.29137,16.8615,0.53350,0.19125,16.8615,0.76664,0.21845,3.1385,0.76664,0.21845,3.1385,0.76664,0.21845,3.1385,0.76664,0.21845,3.1385
12,35,0,2,0,0,1,1,0.000,0.0000,0.3652,0.08023,2.02230,0.6235,0.08619,2.01850,2.6235,0.93731,0.03552,0.6235,0.88148,0.20551,0.6235,0.83504,0.24906,0.6235,0.25242,1.85594,0.6235,0.93731,0.03552,0.6235,0.75650,0.09447,0.6235,0.75650,0.09448,0.6235,0.75650,0.09447,0.6235,0.75650,0.09448,0.6235
12,35,1,2,-1,0,2,2,0.000,0.0000,0.2900,0.64601,0.22210,14.0710,0.47797,0.38726,28.9290,0.64601,0.22210,14.0710,0.64601,0.22210,14.0710,0.64601,0.22210,14.0710,0.64601,0.22210,14.0710,0.64601,0.22210,14.0710,0.79310,0.13774,0.0710,0.79310,0.13774,0.0710,0.79310,0.13774,0.0710,0.79310,0.13774,0.0710
12,35,2,2,0,0,0,0,0.000,0.0000,0.0435,0.09977,2.24435,0.6622,0.07568,2.43030,24.3378,0.85914,0.26528,0.6622,0.78786,0.49051,0.6622,0.85715,0.11090,0.6622,0.22267,2.11354,0.6622,0.85914,0.26528,0.6622,0.77682,0.23024,0.3378,0.77682,0.23024,0.3378,0.77682,0.23024,0.3378,0.77682,0.23024,0.3378
12,35,4,2,-1,1,3,3,0.000,0.0000,0.8893,0.30817,1.42048,15.8615,0.30558,1.10013,30.8615,0.30817,1.42048,15.8615,0.30817,1.42048,15.8615,0.30817,1.42048,15.8615,0.30817,1.42048,15.8615,0.30817,1.42048,15.8615,0.73923,0.23427,3.1385,0.73923,0.23427,3.1385,0.73923,0.23427,3.1385,0.73923,0.23427,3.1385
12,36,0,2,0,0,1,1,0.000,0.0000,0.3078,0.08121,2.02376,1.3765,0.09432,2.00502,2.6235,0.92910,0.03823,1.3765,0.87390,0.21203,1.3765,0.80176,0.25744,1.3765,0.24984,1.89869,1.3765,0.92910,0.03823,1.3765,0.75650,0.09447,0.6235,0.75650,0.09448,0.6235,0.75650,0.09447,0.6235,0.75650,0.09448,0.6235
12,36,1,2,-1,0,2,2,0.000,0.0000,0.0583,0.76570,0.12419,7.0710,0.47249,0.43269,28.9290,0.76570,0.12419,7.0710,0.76570,0.12419,7.0710,0.76570,0.12419,7.0710,0.76570,0.12419,7.0710,0.76570,0.12419,7.0710,0.79310,0.13774,0.0710,0.79310,0.13774,0.0710,0.79310,0.13774,0.0710,0.79310,0.13774,0.0710
12,36,2,2,0,0,0,0,0.000,0.0000,0.0628,0.07622,2.28369,0.3378,0.06085,2.44190,24.3378,0.85943,0.25509,0.3378,0.75850,0.47882,0.3378,0.85593,0.13535,0.3378,0.22482,2.12237,0.3378,0.85943,0.25509,0.3378,0.77036,0.21982,0.6622,0.77036,0.21982,0.6622,0.77036,0.21982,0.6622,0.77036,0.21982,0.6622
12,36,4,2,-1,1,3,3,0.000,0.0000,0.4726,0.38328,0.78894,38.1385,0.41413,0.52965,30.8615,0.38328,0.78894,38.1385,0.38328,0.78894,38.1385,0.38328,0.78894,38.1385,0.38328,0.78894,38.1385,0.37998,0.78894,38.1385,0.77063,0.17745,2.8615,0.77063,0.17745,2.8615,0.77063,0.17745,2.8615,0.77063,0.17745,2.8615
13,0,0,2,0,0,1,1,0.000,0.0000,0.0000,0.00853,2.38382,0.9318,0.01679,2.38617,4.9318,0.90638,0.18149,0.9318,0.76480,0.41216,0.9318,0.86156,0.10246,0.9318,0.22841,2.04337,0.9318,0.90638,0.18149,0.9318,0.00853,2.38382,0.9318,0.90638,0.18149,0.9318,0.00853,2.38382,0.9318,0.90638,0.18149,0.9318
13,0,1,2,0,0,2,2,0.000,0.0000,0.0000,0.91565,0.13504,0.2710,0.47714,0.48306,25.7290,0.96493,0.02061,0.2710,0.91565,0.13504,0.2710,0.80963,0.21800,0.2710,0.96493,0.02061,0.2710,0.96493,0.02061,0.2710,0.91565,0.13504,0.2710,0.96493,0.02061,0.2710,0.91565,0.13504,0.2710,0.96493,0.02061,0.2710
13,0,2,1,0,0,0,0,0.000,0.0000,0.0000,0.32416,0.63734,2.1304,0.41953,0.74705,43.8696,0.87396,0.11255,2.1304,0.78117,0.19997,2.1304,0.81797,0.03934,2.1304,0.87396,0.11255,2.1304,0.87396,0.11255,2.1304,0.32470,0.63576,2.1304,0.87701,0.10957,2.1304,0.32470,0.63576,2.1304,0.87701,0.10957,2.1304
13,0,4,2,-1,1,3,3,0.000,0.0000,0.0000,0.02815,1.04197,0.5001,0.33459,1.05044,25.4999,0.02815,1.04197,0.5001,0.02815,1.04197,0.5001,0.02815,1.04197,0.5001,0.02815,1.04197,0.5001,0.84314,0.24572,0.5001,0.02815,1.04197,0.5001,0.84314,0.24572,0.5001,0.02815,1.04197,0.5001,0.84314,0.24572,0.5001
13,1,0,2,0,0,1,1,0.000,0.0000,0.1213,0.01035,2.38525,0.0682,0.02101,2.37398,4.9318,0.90664,0.19382,0.0682,0.77924,0.42050,0.0682,0.86114,0.10854,0.0682,0.22889,2.05958,0.0682,0.90664,0.19382,0.0682,0.00853,2.38257,0.9318,0.90729,0.17902,0.9318,0.00853,2.38257,0.9318,0.90729,0.17902,0.9318
13,1,1,2,0,0,2,2,0.000,0.0000,0.2136,0.91372,0.11197,0.2710,0.48403,0.44273,25.7290,0.95615,0.04580,0.2710,0.91372,0.11197,0.2710,0.80963,0.19762,0.2710,0.95615,0.04580,0.2710,0.95615,0.04580,0.2710,0.72712,0.24588,0.2710,0.96795,0.02559,0.2710,0.72712,0.24588,0.2710,0.96795,0.02559,0.2710
13,1,2,1,0,0,0,0,0.000,0.0000,2.1995,0.44224,0.59852,1.1304,0.43853,0.65981,43.8696,0.65530,0.36698,1.1304,0.57271,0.45688,1.1304,0.68473,0.27714,1.1304,0.65530,0.36698,1.1304,0.65530,0.36698,1.1304,0.16271,0.76320,0.1304,0.94804,0.04175,0.1304,0.16271,0.76320,0.1304,0.94804,0.04175,0.1304
13,1,4,2,-1,1,3,3,0.000,0.0000,0.5238,0.07882,0.98827,0.4999,0.34845,1.01368,25.4999,0.07882,0.98827,0.4999,0.07882,0.98827,0.4999,0.07882,0.98827,0.4999,0.07882,0.98827,0.4999,0.85922,0.19299,0.4999,0.01398,1.12838,0.4999,0.59673,1.28636,0.4999,0.01398,1.12838,0.4999,0.59673,1.28636,0.4999
13,2,0,2,0,0,1,1,0.000,0.0000,1.5287,0.13314,2.12257,9.9318,0.12024,2.18805,4.9318,0.64220,0.42713,9.9318,0.57215,0.62293,9.9318,0.71276,0.24614,9.9318,0.21525,1.91177,9.9318,0.64220,0.42713,9.9318,0.00813,2.37700,0.9318,0.81588,0.20717,0.9318,0.00813,2.37700,0.9318,0.81588,0.20717,0.9318
13,2,1,2,0,0,2,2,0.000,0.0000,0.1012,0.90081,0.09064,0.2710,0.48845,0.41843,25.7290,0.95817,0.04164,0.2710,0.90081,0.09064,0.2710,0.80963,0.20248,0.2710,0.95817,0.04164,0.2710,0.95817,0.04164,0.2710,0.05029,2.10183,3.7290,0.85263,0.13201,3.7290,0.05029,2.10183,3.7290,0.85263,0.13201,3.7290
13,2,2,1,0,0,0,0,0.000,0.0000,0.8705,0.58939,0.42185,1.8696,0.43518,0.64749,43.8696,0.71867,0.28662,1.8696,0.63276,0.37654,1.8696,0.74488,0.19677,1.8696,0.71867,0.28662,1.8696,0.71867,0.28662,1.8696,0.03662,0.87948,0.1304,0.94804,0.04176,0.1304,0.03662,0.87948,0.1304,0.94804,0.04176,0.1304
13,2,4,2,-1,1,3,3,0.000,0.0000,0.1494,0.03199,1.03522,0.5001,0.32893,1.05005,25.4999,0.03199,1.03522,0.5001,0.03199,1.03522,0.5001,0.03199,1.03522,0.5001,0.03199,1.03522,0.5001,0.83799,0.27265,0.5001,0.01001,1.12466,0.4999,0.60607,1.29454,0.4999,0.01001,1.12466,0.4999,0.60607,1.29454,0.4999
13,3,0,2,0,0,1,1,0.000,0.0000,0.2800,0.01051,2.37742,0.0682,0.01897,2.38620,4.9318,0.91049,0.17870,0.0682,0.79603,0.40397,0.0682,0.85917,0.11596,0.0682,0.23103,2.04956,0.0682,0.91049,0.17870,0.0682,0.01006,2.39184,2.9318,0.84290,0.21686,2.9318,0.01006,2.39184,2.9318,0.84290,0.21686,2.9318
13,3,1,2,0,0,2,2,0.000,0.0000,0.0354,0.96449,0.02168,0.2710,0.48127,0.37051,25.7290,0.96449,0.02168,0.2710,0.96449,0.02168,0.2710,0.80963,0.20910,0.2710,0.96449,0.02168,0.2710,0.96449,0.02168,0.2710,0.77252,0.33629,2.2710,0.89285,0.09399,2.2710,0.77252,0.33629,2.2710,0.89285,0.09399,2.2710
13,3,2,2,0,0,0,0,0.000,0.0000,0.6208,0.66662,0.34908,2.8696,0.42396,0.65558,43.8696,0.67423,0.34084,2.8696,0.66662,0.34908,2.8696,0.70392,0.31479,2.8696,0.67423,0.34084,2.8696,0.67423,0.34084,2.8696,0.51869,0.45645,2.8696,0.85676,0.12945,2.8696,0.51869,0.45645,2.8696,0.85676,0.12945,2.8696
13,3,4,2,-1,1,3,3,0.000,0.0000,1.6631,0.02479,1.32168,0.5001,0.33252,1.04421,25.4999,0.02479,1.32168,0.5001,0.02479,1.32168,0.5001,0.02479,1.32168,0.5001,0.02479,1.32168,0.5001,0.48276,0.69613,0.5001,0.01551,1.04596,0.4999,0.79409,0.45870,0.4999,0.01551,1.04596,0.4999,0.79409,0.45870,0.4999
13,4,0,2,0,0,1,1,0.000,0.0000,0.0189,0.01222,2.37541,0.9318,0.02054,2.38308,4.9318,0.90620,0.18248,0.9318,0.78664,0.41032,0.9318,0.86492,0.09402,0.9318,0.22967,2.03813,0.9318,0.90620,0.18248,0.9318,0.00864,2.38431,0.9318,0.89799,0.18362,0.9318,0.00864,2.38431,0.9318,0.89799,0.18362,0.9318
13,4,1,2,0,0,2,2,0.000,0.0000,0.0210,0.86915,0.14076,0.2710,0.48796,0.46863,25.7290,0.96490,0.03314,0.2710,0.86915,0.14075,0.2710,0.80963,0.21156,0.2710,0.96490,0.03314,0.2710,0.96490,0.03314,0.2710,0.84885,0.14641,2.2710,0.89285,0.09399,2.2710,0.84885,0.14641,2.2710,0.89285,0.09399,2.2710
13,4,2,2,-1,0,0,0,0.000,0.0000,0.4927,0.66290,0.35079,6.1304,0.39048,0.66241,43.8696,0.66290,0.35079,6.1304,0.66290,0.35079,6.1304,0.66290,0.35079,6.1304,0.66290,0.35079,6.1304,0.66290,0.35079,6.1304,0.64190,0.34840,4.8696,0.78111,0.20883,4.8696,0.64190,0.34840,4.8696,0.78111,0.20883,4.8696
13,4,4,2,-1,1,3,3,0.000,0.0000,1.2394,0.02674,1.21147,0.4999,0.33776,1.03584,25.4999,0.02674,1.21147,0.4999,0.02674,1.21147,0.4999,0.02674,1.21147,0.4999,0.02674,1.21147,0.4999,0.61034,0.48408,0.4999,0.01654,1.04953,0.4999,0.85166,0.25654,0.4999,0.01654,1.04953,0.4999,0.85166,0.25654,0.4999
13,5,0,2,0,0,1,1,0.000,0.0000,0.1221,0.00862,2.38733,0.0682,0.01978,2.37817,4.9318,0.89126,0.19162,0.0682,0.78453,0.41454,0.0682,0.84536,0.12673,0.0682,0.22679,2.06812,0.0682,0.89126,0.19162,0.0682,0.01143,2.39032,2.9318,0.82015,0.23200,2.9318,0.01143,2.39032,2.9318,0.82015,0.23200,2.9318
13,5,1,2,0,0,2,2,0.000,0.0000,0.1234,0.89692,0.13144,0.2710,0.48187,0.43794,25.7290,0.92797,0.11614,0.2710,0.89692,0.13144,0.2710,0.80963,0.13012,0.2710,0.92797,0.11614,0.2710,0.92797,0.11614,0.2710,0.85380,0.13733,2.2710,0.89285,0.09399,2.2710,0.85380,0.13733,2.2710,0.89285,0.09399,2.2710
13,5,2,2,0,0,0,0,0.000,0.0000,0.8399,0.42416,0.68194,17.1304,0.40821,0.60730,43.8696,0.44079,0.66031,17.1304,0.42416,0.68194,17.1304,0.49453,0.57036,17.1304,0.44079,0.66031,17.1304,0.44079,0.66031,17.1304,0.72802,0.26524,7.8696,0.73065,0.26170,7.8696,0.72802,0.26524,7.8696,0.73065,0.26170,7.8696
13,5,4,2,-1,1,3,3,0.000,0.0000,0.4393,0.02812,1.04373,0.4999,0.34449,1.04840,25.4999,0.02812,1.04373,0.4999,0.02812,1.04373,0.4999,0.02812,1.04373,0.4999,0.02812,1.04373,0.4999,0.85018,0.21773,0.4999,0.01650,1.05927,0.4999,0.84236,0.24644,0.4999,0.01650,1.05927,0.4999,0.84236,0.24644,0.4999
13,6,0,2,0,0,1,1,0.000,0.0000,0.1251,0.01235,2.37944,0.0682,0.02027,2.38310,4.9318,0.91622,0.19023,0.0682,0.81215,0.41551,0.0682,0.86892,0.10053,0.0682,0.23056,2.05093,0.0682,0.91622,0.19023,0.0682,0.01143,2.39033,2.9318,0.81995,0.23212,2.9318,0.01143,2.39033,2.9318,0.81995,0.23212,2.9318
13,6,1,2,0,0,2,2,0.000,0.0000,0.1237,0.87574,0.11596,0.2710,0.48082,0.39682,25.7290,0.87702,0.11526,0.2710,0.87574,0.11596,0.2710,0.80962,0.22445,0.2710,0.87702,0.11526,0.2710,0.87702,0.11526,0.2710,0.91372,0.11197,0.2710,0.95615,0.04581,0.2710,0.91372,0.11197,0.2710,0.95615,0.04581,0.2710
13,6,2,2,0,0,0,0,0.000,0.0000,0.5229,0.64622,0.33442,8.1304,0.40813,0.60892,43.8696,0.64622,0.33442,8.1304,0.64622,0.33442,8.1304,0.69086,0.25464,8.1304,0.64622,0.33442,8.1304,0.64622,0.33442,8.1304,0.72173,0.15534,7.8696,0.72173,0.15534,7.8696,0.72173,0.15534,7.8696,0.72173,0.15534,7.8696
13,6,4,2,-1,1,3,3,0.000,0.0000,0.1045,0.02589,1.04980,0.4999,0.34235,1.05313,25.4999,0.02589,1.04980,0.4999,0.02589,1.04980,0.4999,0.02589,1.04980,0.4999,0.02589,1.04980,0.4999,0.83924,0.23686,0.4999,0.01757,1.05953,0.4999,0.84993,0.22216,0.4999,0.01757,1.05953,0.4999,0.84993,0.22216,0.4999
13,7,0,2,0,0,1,1,0.000,0.0000,0.1999,0.01144,2.37694,0.0682,0.02083,2.37405,4.9318,0.83009,0.20947,0.0682,0.76231,0.40992,0.0682,0.78719,0.19372,0.0682,0.21688,2.11072,0.0682,0.83009,0.20947,0.0682,0.01143,2.39033,2.9318,0.81995,0.23212,2.9318,0.01143,2.39033,2.9318,0.81995,0.23212,2.9318
13,7,1,2,0,0,2,2,0.000,0.0000,0.1063,0.87946,0.12533,1.2710,0.47925,0.46653,25.7290,0.91450,0.07493,1.2710,0.87946,0.12532,1.2710,0.80963,0.19365,1.2710,0.91450,0.07493,1.2710,0.91450,0.07493,1.2710,0.91372,0.11197,0.2710,0.95615,0.04580,0.2710,0.91372,0.11197,0.2710,0.95615,0.04580,0.2710
13,7,2,2,-1,0,0,0,0.000,0.0000,0.5924,0.39801,0.62670,36.1304,0.39487,0.50622,43.8696,0.39801,0.62670,36.1304,0.39801,0.62670,36.1304,0.39801,0.62670,36.1304,0.39801,0.62670,36.1304,0.39801,0.62670,36.1304,0.70367,0.14927,7.8696,0.70367,0.14927,7.8696,0.70367,0.14927,7.8696,0.70367,0.14927,7.8696
13,7,4,2,-1,1,3,3,0.000,0.0000,0.0673,0.03156,1.03740,0.5001,0.33324,1.04115,25.4999,0.03156,1.03740,0.5001,0.03156,1.03740,0.5001,0.03156,1.03740,0.5001,0.03156,1.03740,0.5001,0.84262,0.25243,0.5001,0.01944,1.05743,0.4999,0.84993,0.22215,0.4999,0.01944,1.05743,0.4999,0.84993,0.22215,0.4999
13,8,0,2,0,0,1,1,0.000,0.0000,0.3056,0.01109,2.48147,0.0682,0.01935,2.42472,4.9318,0.69779,0.43488,0.0682,0.68031,0.62664,0.0682,0.70183,0.32096,0.0682,0.17520,2.32217,0.0682,0.69779,0.43488,0.0682,0.01143,2.39033,2.9318,0.81995,0.23212,2.9318,0.01143,2.39033,2.9318,0.81995,0.23212,2.9318
13,8,1,2,0,0,2,2,0.000,0.0000,0.1271,0.86235,0.17509,0.2710,0.49004,0.40427,25.7290,0.91246,0.16113,0.2710,0.86235,0.17509,0.2710,0.80963,0.08204,0.2710,0.91246,0.16113,0.2710,0.91246,0.16113,0.2710,0.91481,0.11161,0.2710,0.95615,0.04580,0.2710,0.91481,0.11161,0.2710,0.95615,0.04580,0.2710
13,8,2,2,-1,0,0,0,0.000,0.0000,0.3248,0.51278,0.33651,19.8696,0.43648,0.27588,43.8696,0.51278,0.33651,19.8696,0.51278,0.33651,19.8696,0.51278,0.33651,19.8696,0.51278,0.33651,19.8696,0.52548,0.21593,19.8696,0.69444,0.18003,7.8696,0.69444,0.18003,7.8696,0.69444,0.18003,7.8696,0.69444,0.18003,7.8696
13,8,4,2,-1,1,3,3,0.000,0.0000,0.1401,0.16851,0.89130,0.4999,0.35831,0.99407,25.4999,0.16851,0.89130,0.4999,0.16851,0.89130,0.4999,0.16851,0.89130,0.4999,0.16851,0.89130,0.4999,0.85749,0.19430,0.4999,0.01968,1.05206,0.4999,0.84993,0.22216,0.4999,0.01968,1.05206,0.4999,0.84993,0.22216,0.4999
13,9,0,2,0,0,1,1,0.000,0.0000,0.4016,0.00886,2.39261,0.9318,0.01541,2.38880,4.9318,0.65706,0.36577,0.9318,0.64372,0.47804,0.9318,0.63160,0.39560,0.9318,0.18001,2.26881,0.9318,0.65706,0.36577,0.9318,0.01143,2.39033,2.9318,0.81995,0.23212,2.9318,0.01143,2.39033,2.9318,0.81995,0.23212,2.9318
13,9,1,2,0,0,2,2,0.000,0.0000,0.0663,0.92231,0.10268,0.2710,0.48180,0.45263,25.7290,0.95933,0.03722,0.2710,0.92231,0.10268,0.2710,0.80963,0.20913,0.2710,0.95933,0.03722,0.2710,0.95933,0.03722,0.2710,0.92419,0.09727,0.2710,0.95615,0.04580,0.2710,0.92419,0.09727,0.2710,0.95615,0.04580,0.2710
13,9,2,2,-1,0,0,0,0.000,0.0000,0.2200,0.64138,0.12533,13.1304,0.43078,0.34382,43.8696,0.64138,0.12533,13.1304,0.64138,0.12533,13.1304,0.64138,0.12533,13.1304,0.64138,0.12533,13.1304,0.64138,0.12533,13.1304,0.69056,0.19126,7.8696,0.69056,0.19126,7.8696,0.69056,0.19126,7.8696,0.69056,0.19126,7.8696
13,9,4,2,-1,1,3,3,0.000,0.0000,0.1614,0.02504,1.04931,0.4999,0.33559,1.04113,25.4999,0.02504,1.04931,0.4999,0.02504,1.04931,0.4999,0.02504,1.04931,0.4999,0.02504,1.04931,0.4999,0.82967,0.27078,0.4999,0.02381,1.04752,0.4999,0.84993,0.22216,0.4999,0.02381,1.04752,0.4999,0.84993,0.22216,0.4999
13,10,0,2,0,-1,-1,-1,0.000,-1.0000,-1.0000,0.00728,2.39400,0.0682,0.01350,2.38805,4.9318,0.48487,0.60301,0.0682,0.47830,0.63148,0.0682,0.46339,0.66778,0.0682,0.14761,2.45863,0.0682,0.00728,2.39400,0.0682,0.00728,2.39400,0.0682,0.00728,2.39400,0.0682,0.00728,2.39400,0.0682,0.00728,2.39400,0.0682
13,10,1,2,0,0,2,2,0.000,0.0000,0.0850,0.82852,0.12309,3.7290,0.48099,0.41271,25.7290,0.82896,0.12178,3.7290,0.82852,0.12309,3.7290,0.78666,0.10415,3.7290,0.82896,0.12178,3.7290,0.82896,0.12178,3.7290,0.93518,0.07297,0.2710,0.95615,0.04580,0.2710,0.93518,0.07297,0.2710,0.95615,0.04580,0.2710
13,10,2,1,-1,0,0,0,0.000,0.0000,0.3482,0.70387,0.46956,1.1304,0.34390,0.54961,43.8696,0.70387,0.46956,1.1304,0.70387,0.46956,1.1304,0.70387,0.46956,1.1304,0.70387,0.46956,1.1304,0.71363,0.46767,1.1304,0.45527,0.42957,28.8696,0.46561,0.16581,28.8696,0.45527,0.42957,28.8696,0.46561,0.16581,28.8696
13,10,4,2,0,1,3,3,0.000,0.0000,0.1711,0.01657,1.18595,0.5001,0.24544,1.19025,25.4999,0.64372,0.58884,0.5001,0.57701,0.62563,0.5001,0.78027,0.34886,0.5001,0.64372,0.58884,0.5001,0.84907,0.22063,0.5001,0.02384,1.04750,0.4999,0.86050,0.10560,0.4999,0.02384,1.04750,0.4999,0.86050,0.10560,0.4999
13,11,0,2,-1,-1,-1,-1,0.000,-1.0000,-1.0000,0.00496,2.51935,1.9318,0.00622,2.50273,4.9318,0.00496,2.51935,1.9318,0.00496,2.51935,1.9318,0.00496,2.51935,1.9318,0.00496,2.51935,1.9318,0.00496,2.51935,1.9318,0.00496,2.51935,1.9318,0.00496,2.51935,1.9318,0.00496,2.51935,1.9318,0.00496,2.51935,1.9318
13,11,1,2,0,0,2,2,0.000,0.0000,0.0412,0.89140,0.11424,0.2710,0.48163,0.46369,25.7290,0.95454,0.04271,0.2710,0.89140,0.11424,0.2710,0.80963,0.20329,0.2710,0.95454,0.04271,0.2710,0.95454,0.04271,0.2710,0.93518,0.07297,0.2710,0.95615,0.04580,0.2710,0.93518,0.07297,0.2710,0.95615,0.04580,0.2710
13,11,2,1,0,0,0,0,0.000,0.0000,0.3861,0.01422,2.34659,0.8696,0.09684,2.26473,43.8696,0.87093,0.24757,0.8696,0.78255,0.47200,0.8696,0.81797,0.03242,0.8696,0.20809,1.59655,0.8696,0.87093,0.24757,0.8696,0.40921,0.73690,27.1304,0.40921,0.73690,27.1304,0.40921,0.73690,27.1304,0.40921,0.73690,27.1304
13,11,4,1,0,1,3,3,0.000,0.0000,0.5331,0.01940,1.22274,0.5001,0.24756,1.20530,25.4999,0.63357,0.66945,0.5001,0.55704,0.70162,0.5001,0.70782,0.64826,0.5001,0.63357,0.66945,0.5001,0.73421,0.64664,0.5001,0.02384,1.04750,0.4999,0.86050,0.10560,0.4999,0.02384,1.04750,0.4999,0.86050,0.10560,0.4999
13,12,0,2,-1,0,1,1,0.000,0.0000,0.5852,0.35169,0.92232,30.0682,0.69870,0.31473,4.9318,0.35169,0.92232,30.0682,0.35169,0.92232,30.0682,0.35169,0.92232,30.0682,0.35169,0.92232,30.0682,0.38282,0.85224,30.0682,0.01143,2.39033,2.9318,0.81995,0.23212,2.9318,0.01143,2.39033,2.9318,0.81995,0.23212,2.9318
13,12,1,2,-1,0,2,2,0.000,0.0000,0.0814,0.58377,0.24713,15.7290,0.48551,0.38445,25.7290,0.58377,0.24713,15.7290,0.58377,0.24713,15.7290,0.58377,0.24713,15.7290,0.58377,0.24713,15.7290,0.59227,0.16645,15.7290,0.94843,0.04717,0.2710,0.95878,0.04066,0.2710,0.94843,0.04717,0.2710,0.95878,0.04066,0.2710
13,12,2,1,0,0,0,0,0.000,0.0000,0.4281,0.01486,2.29401,0.1304,0.09365,2.25848,43.8696,0.92313,0.14331,0.1304,0.82607,0.36829,0.1304,0.81797,0.08177,0.1304,0.22485,1.49328,0.1304,0.92313,0.14331,0.1304,0.40921,0.73690,27.1304,0.40921,0.73690,27.1304,0.40921,0.73690,27.1304,0.40921,0.73690,27.1304
13,12,4,1,0,1,3,3,0.000,0.0000,0.8517,0.02152,1.24867,0.5001,0.22415,1.26062,25.4999,0.62349,0.72519,0.5001,0.53728,0.75419,0.5001,0.69641,0.70654,0.5001,0.62349,0.72519,0.5001,0.72377,0.70515,0.5001,0.02384,1.04750,0.4999,0.86050,0.10560,0.4999,0.02384,1.04750,0.4999,0.86050,0.10560,0.4999
13,13,0,2,-1,0,1,1,0.000,0.0000,0.4222,0.66584,0.15345,10.9318,0.74637,0.21946,4.9318,0.66584,0.15345,10.9318,0.66584,0.15345,10.9318,0.66584,0.15345,10.9318,0.66584,0.15345,10.9318,0.66584,0.15345,10.9318,0.09891,2.15997,0.0682,0.91520,0.19336,0.0682,0.09891,2.15997,0.0682,0.91520,0.19336,0.0682
13,13,1,2,0,0,2,2,0.000,0.0000,0.0277,0.91261,0.07488,0.2710,0.49169,0.38882,25.7290,0.96080,0.03448,0.2710,0.91261,0.07488,0.2710,0.80963,0.21221,0.2710,0.96080,0.03448,0.2710,0.96080,0.03448,0.2710,0.94843,0.04717,0.2710,0.95878,0.04066,0.2710,0.94843,0.04717,0.2710,0.95878,0.04066,0.2710
13,13,2,2,0,0,0,0,0.000,0.0000,0.4207,0.03242,2.21605,0.1304,0.10359,2.22419,43.8696,0.95103,0.07034,0.1304,0.85773,0.29321,0.1304,0.81537,0.19063,0.1304,0.23732,1.97036,0.1304,0.95103,0.07034,0.1304,0.73508,0.18010,4.8696,0.73508,0.18010,4.8696,0.73508,0.18010,4.8696,0.73508,0.18010,4.8696
13,13,4,1,0,1,3,3,0.000,0.0000,1.0598,0.02079,1.30310,0.4999,0.21900,1.30941,25.4999,0.60311,0.79925,0.4999,0.52933,0.82754,0.4999,0.67320,0.78036,0.4999,0.60311,0.79925,0.4999,0.69853,0.77887,0.4999,0.02386,1.04757,0.4999,0.86049,0.10626,0.4999,0.02386,1.04757,0.4999,0.86049,0.10626,0.4999
13,14,0,2,-1,0,1,1,0.000,0.0000,0.3283,0.45595,0.55858,25.0682,0.66706,0.39120,4.9318,0.45595,0.55858,25.0682,0.45595,0.55858,25.0682,0.45595,0.55858,25.0682,0.45595,0.55858,25.0682,0.47074,0.45553,25.0682,0.80805,0.36731,0.0682,0.84929,0.36362,0.0682,0.80805,0.36731,0.0682,0.84929,0.36362,0.0682
13,14,1,2,-1,0,2,2,0.000,0.0000,0.1284,0.75196,0.26900,1.2710,0.47495,0.42859,25.7290,0.75196,0.26900,1.2710,0.75196,0.26900,1.2710,0.75196,0.26900,1.2710,0.75196,0.26900,1.2710,0.75836,0.26531,1.2710,0.95794,0.03417,0.2710,0.95794,0.03417,0.2710,0.95794,0.03417,0.2710,0.95794,0.03417,0.2710
13,14,2,2,0,0,0,0,0.000,0.0000,0.4775,0.61494,0.73453,0.1304,0.33618,1.22769,43.8696,0.83273,0.15454,0.1304,0.75882,0.33008,0.1304,0.78623,0.20016,0.1304,0.83273,0.15454,0.1304,0.83273,0.15454,0.1304,0.73508,0.18010,4.8696,0.73508,0.18010,4.8696,0.73508,0.18010,4.8696,0.73508,0.18010,4.8696
13,14,4,1,0,1,3,3,0.000,0.0000,1.1789,0.02028,1.32830,0.5001,0.20204,1.32000,25.4999,0.59427,0.85840,0.5001,0.52212,0.88258,0.5001,0.66390,0.84318,0.5001,0.59427,0.85840,0.5001,0.69312,0.84207,0.5001,0.02386,1.04757,0.4999,0.86049,0.10626,0.4999,0.02386,1.04757,0.4999,0.86049,0.10626,0.4999
13,15,0,2,-1,0,1,1,0.000,0.0000,0.7947,0.19047,1.66848,30.0682,0.22272,2.37145,4.9318,0.19047,1.66848,30.0682,0.19047,1.66848,30.0682,0.19047,1.66848,30.0682,0.19047,1.66848,30.0682,0.19047,1.66848,30.0682,0.89652,0.16324,1.0682,0.89652,0.16324,1.0682,0.89652,0.16324,1.0682,0.89652,0.16324,1.0682
13,15,1,2,0,0,2,2,0.000,0.0000,0.1506,0.81460,0.16815,0.2710,0.47249,0.43030,25.7290,0.82203,0.16254,0.2710,0.81460,0.16815,0.2710,0.75102,0.25528,0.2710,0.82203,0.16254,0.2710,0.82203,0.16254,0.2710,0.95794,0.03417,0.2710,0.95794,0.03417,0.2710,0.95794,0.03417,0.2710,0.95794,0.03417,0.2710
13,15,2,2,0,0,0,0,0.000,0.0000,0.4482,0.80956,0.27837,1.8696,0.39164,0.83096,43.8696,0.89690,0.10961,1.8696,0.80956,0.27837,1.8696,0.81797,0.13735,1.8696,0.89690,0.10961,1.8696,0.89690,0.10961,1.8696,0.73508,0.18010,4.8696,0.73508,0.18010,4.8696,0.73508,0.18010,4.8696,0.73508,0.18010,4.8696
13,15,4,1,0,1,3,3,0.000,0.0000,1.2270,0.01850,1.38445,0.4999,0.20003,1.38105,25.4999,0.57170,0.92040,0.4999,0.50230,0.94593,0.4999,0.63869,0.90316,0.4999,0.57170,0.92040,0.4999,0.66542,0.90178,0.4999,0.02386,1.04757,0.4999,0.86050,0.10625,0.4999,0.05667,1.64737,0.4999,0.58925,1.31821,0.4999
13,16,0,2,-1,0,1,1,0.000,0.0000,0.4618,0.44842,0.46633,25.0682,0.68828,0.34258,4.9318,0.44842,0.46633,25.0682,0.44842,0.46633,25.0682,0.44842,0.46633,25.0682,0.44842,0.46633,25.0682,0.46295,0.34422,25.0682,0.81587,0.19127,3.0682,0.81587,0.19127,3.0682,0.81587,0.19127,3.0682,0.81587,0.19127,3.0682
13,16,1,2,-1,0,2,2,0.000,0.0000,0.1978,0.77808,0.23547,0.2710,0.46936,0.41290,25.7290,0.77808,0.23547,0.2710,0.77808,0.23547,0.2710,0.77808,0.23547,0.2710,0.77808,0.23547,0.2710,0.78220,0.23341,0.2710,0.95794,0.03417,0.2710,0.95794,0.03417,0.2710,0.95794,0.03417,0.2710,0.95794,0.03417,0.2710
13,16,2,2,-1,0,0,0,0.000,0.0000,0.3070,0.69950,0.36631,0.8696,0.38813,0.77008,43.8696,0.69950,0.36631,0.8696,0.69950,0.36631,0.8696,0.69950,0.36631,0.8696,0.69950,0.36631,0.8696,0.69950,0.36631,0.8696,0.40904,0.73690,27.1304,0.40904,0.73690,27.1304,0.40904,0.73690,27.1304,0.40904,0.73690,27.1304
13,16,4,1,0,1,3,3,0.000,0.0000,1.2488,0.01836,1.43429,0.5001,0.18616,1.42071,25.4999,0.55937,1.01410,0.5001,0.49115,1.03463,0.5001,0.62530,1.00126,0.5001,0.55937,1.01410,0.5001,0.65634,1.00033,0.5001,0.02386,1.04757,0.4999,0.86050,0.10625,0.4999,0.05440,1.92943,0.4999,0.52357,1.65964,0.4999
13,17,0,2,-1,0,1,1,0.000,0.0000,0.2399,0.66548,0.19419,8.9318,0.65429,0.19606,4.9318,0.66548,0.19419,8.9318,0.66548,0.19419,8.9318,0.66548,0.19419,8.9318,0.66548,0.19419,8.9318,0.66548,0.19419,8.9318,0.78129,0.19371,3.0682,0.78129,0.19371,3.0682,0.78129,0.19371,3.0682,0.78129,0.19371,3.0682
13,17,1,2,-1,0,2,2,0.000,0.0000,0.3569,0.54915,0.52429,9.7290,0.40680,0.33146,25.7290,0.54915,0.52429,9.7290,0.54915,0.52429,9.7290,0.54915,0.52429,9.7290,0.54915,0.52429,9.7290,0.54915,0.52429,9.7290,0.92536,0.11022,0.2710,0.92536,0.11022,0.2710,0.92536,0.11022,0.2710,0.92536,0.11022,0.2710
13,17,2,2,0,0,0,0,0.000,0.0000,0.3075,0.82064,0.15564,2.1304,0.44127,0.46842,43.8696,0.82986,0.13635,2.1304,0.82064,0.15564,2.1304,0.78678,0.17381,2.1304,0.82986,0.13635,2.1304,0.82986,0.13635,2.1304,0.78377,0.21376,0.1304,0.78377,0.21376,0.1304,0.78377,0.21376,0.1304,0.78377,0.21376,0.1304
13,17,4,1,0,1,3,3,0.000,0.0000,1.2452,0.01432,1.51056,0.5001,0.16646,1.50512,25.4999,0.52986,1.10857,0.5001,0.46443,1.12906,0.5001,0.59322,1.09511,0.5001,0.52986,1.10857,0.5001,0.62457,1.09406,0.5001,0.02397,1.04787,0.4999,0.86050,0.10919,0.4999,0.04350,1.88907,0.4999,0.53884,1.60037,0.4999
13,18,0,2,-1,0,1,1,0.000,0.0000,0.1094,0.76142,0.12239,6.9318,0.78673,0.13461,4.9318,0.76142,0.12239,6.9318,0.76142,0.12239,6.9318,0.76142,0.12239,6.9318,0.76142,0.12239,6.9318,0.76142,0.12239,6.9318,0.69868,0.23498,6.0682,0.69868,0.23498,6.0682,0.69868,0.23498,6.0682,0.69868,0.23498,6.0682
13,18,1,2,0,0,2,2,0.000,0.0000,0.4398,0.71161,0.36253,0.2710,0.45485,0.12581,25.7290,0.71161,0.36253,0.2710,0.71161,0.36253,0.2710,0.71161,0.36253,0.2710,0.71161,0.36253,0.2710,0.71161,0.36253,0.2710,0.92143,0.11070,0.2710,0.92143,0.11070,0.2710,0.92143,0.11070,0.2710,0.92143,0.11070,0.2710
13,18,2,2,0,0,0,0,0.000,0.0000,0.2377,0.92184,0.15251,0.1304,0.40071,0.72431,43.8696,0.95022,0.07750,0.1304,0.92184,0.15251,0.1304,0.81797,0.17254,0.1304,0.95022,0.07750,0.1304,0.95022,0.07750,0.1304,0.78377,0.21376,0.1304,0.78377,0.21376,0.1304,0.78377,0.21376,0.1304,0.78377,0.21376,0.1304
13,18,4,1,0,1,3,3,0.000,0.0000,1.9898,0.02103,1.56423,1.4999,0.14890,1.55149,25.4999,0.39739,1.81925,1.4999,0.38096,1.61296,1.4999,0.40753,2.03352,1.4999,0.39739,1.81925,1.4999,0.36172,2.55669,1.4999,0.02397,1.04787,0.4999,0.86049,0.10919,0.4999,0.04425,2.81947,0.5001,0.36611,2.65177,0.5001
13,19,0,2,0,0,1,1,0.000,0.0000,0.1322,0.79956,0.14672,4.9318,0.79956,0.14672,4.9318,0.79956,0.14672,4.9318,0.79956,0.14672,4.9318,0.79956,0.14672,4.9318,0.79956,0.14672,4.9318,0.79956,0.14672,4.9318,0.82144,0.16483,0.9318,0.82144,0.16483,0.9318,0.82144,0.16483,0.9318,0.82144,0.16483,0.9318
13,19,1,2,-1,0,2,2,0.000,0.0000,0.2826,0.56775,0.37501,6.7290,0.41221,0.51286,25.7290,0.56775,0.37501,6.7290,0.56775,0.37501,6.7290,0.56775,0.37501,6.7290,0.56775,0.37501,6.7290,0.57441,0.36044,6.7290,0.83084,0.12444,2.7290,0.83084,0.12444,2.7290,0.83084,0.12444,2.7290,0.83084,0.12444,2.7290
13,19,2,2,0,0,0,0,0.000,0.0000,0.1932,0.78774,0.19318,4.1304,0.39185,0.71261,43.8696,0.80035,0.15345,4.1304,0.78774,0.19318,4.1304,0.77799,0.07165,4.1304,0.80035,0.15345,4.1304,0.80035,0.15345,4.1304,0.78377,0.21376,0.1304,0.78377,0.21376,0.1304,0.78377,0.21376,0.1304,0.78377,0.21376,0.1304
13,19,4,1,0,1,3,3,0.000,0.0000,2.5468,0.01440,1.66934,0.4999,0.13160,1.66733,25.4999,0.35735,2.08605,0.4999,0.34365,1.87472,0.4999,0.36557,2.30349,0.4999,0.35735,2.08605,0.4999,0.32551,2.82748,0.4999,0.02397,1.04787,0.4999,0.86049,0.10919,0.4999,0.03609,3.47104,0.5001,0.29470,3.33031,0.5001
13,20,0,1,-1,0,1,1,0.000,0.0000,1.6164,0.18782,2.77135,4.9318,0.18782,2.77135,4.9318,0.18782,2.77135,4.9318,0.18782,2.77135,4.9318,0.18782,2.77135,4.9318,0.18782,2.77135,4.9318,0.18782,2.77135,4.9318,0.80490,0.16450,0.0682,0.80490,0.16450,0.0682,0.80490,0.16450,0.0682,0.80490,0.16450,0.0682
13,20,1,2,-1,0,2,2,0.000,0.0000,0.5132,0.46015,0.62674,0.2710,0.33755,0.80579,25.7290,0.46015,0.62674,0.2710,0.46015,0.62674,0.2710,0.46015,0.62674,0.2710,0.46015,0.62674,0.2710,0.46015,0.62674,0.2710,0.83084,0.12444,2.7290,0.83084,0.12444,2.7290,0.83084,0.12444,2.7290,0.83084,0.12444,2.7290
13,20,2,2,0,0,0,0,0.000,0.0000,0.2316,0.72499,0.25052,4.8696,0.41277,0.62628,43.8696,0.78949,0.18282,4.8696,0.72499,0.25052,4.8696,0.78447,0.16524,4.8696,0.78949,0.18282,4.8696,0.78949,0.18282,4.8696,0.78118,0.21085,0.1304,0.78118,0.21085,0.1304,0.78118,0.21085,0.1304,0.78118,0.21085,0.1304
13,20,4,1,0,1,3,3,0.000,0.0000,2.9256,0.01315,1.87505,0.4999,0.10956,1.76494,25.4999,0.25157,2.36453,0.4999,0.23547,2.16874,0.4999,0.26322,2.56828,0.4999,0.25157,2.36453,0.4999,0.23687,3.08596,0.4999,0.02387,1.05270,0.4999,0.85257,0.11821,0.4999,0.01137,4.25402,2.5001,0.20807,4.12655,2.5001
13,21,0,1,0,0,1,7,0.000,0.0000,0.0000,0.48327,0.50035,2.9318,0.45627,0.54843,4.9318,0.83535,0.15353,2.9318,0.74560,0.24167,2.9318,0.85622,0.07030,2.9318,0.83535,0.15353,2.9318,0.83535,0.15353,2.9318,0.80490,0.16450,0.0682,0.80490,0.16450,0.0682,0.48448,0.49774,2.9318,0.84009,0.14852,2.9318
13,21,1,2,0,0,2,2,0.000,0.0000,0.0592,0.45973,0.66041,12.2710,0.45523,0.53999,25.7290,0.45973,0.66041,12.2710,0.45973,0.66041,12.2710,0.45767,0.65340,12.2710,0.45973,0.66041,12.2710,0.45973,0.66041,12.2710,0.64842,0.17310,10.7290,0.65538,0.12616,10.7290,0.64842,0.17310,10.7290,0.65538,0.12616,10.7290
13,21,2,2,0,0,0,0,0.000,0.0000,0.2161,0.83231,0.18760,1.1304,0.40674,0.72082,43.8696,0.86775,0.12081,1.1304,0.83231,0.18760,1.1304,0.81499,0.18876,1.1304,0.86775,0.12081,1.1304,0.86775,0.12081,1.1304,0.78118,0.21085,0.1304,0.78118,0.21085,0.1304,0.78118,0.21085,0.1304,0.78118,0.21085,0.1304
13,22,0,1,-1,0,1,7,0.000,0.0000,21.8194,0.20009,2.46863,2.0682,0.21710,2.36605,4.9318,0.20009,2.46863,2.0682,0.20009,2.46863,2.0682,0.20009,2.46863,2.0682,0.20009,2.46863,2.0682,0.20009,2.46863,2.0682,0.79926,0.18022,0.0682,0.79926,0.18022,0.0682,0.52001,0.44302,0.0682,0.93857,0.05507,0.0682
13,22,1,2,0,0,2,2,0.000,0.0000,0.3271,0.45719,0.62091,14.2710,0.45355,0.46136,25.7290,0.47915,0.59362,14.2710,0.45719,0.62091,14.2710,0.53026,0.50363,14.2710,0.47915,0.59362,14.2710,0.47915,0.59362,14.2710,0.32047,0.90622,22.2710,0.32047,0.90622,22.2710,0.32047,0.90622,22.2710,0.32047,0.90622,22.2710
13,22,2,2,0,0,0,0,0.000,0.0000,0.1498,0.60427,0.35076,0.1304,0.42244,0.69907,43.8696,0.96885,0.03498,0.1304,0.87491,0.10676,0.1304,0.81797,0.19182,0.1304,0.96885,0.03498,0.1304,0.96885,0.03498,0.1304,0.78118,0.21085,0.1304,0.78118,0.21085,0.1304,0.78118,0.21085,0.1304,0.78118,0.21085,0.1304
13,23,0,1,0,0,1,1,0.000,0.0000,0.4430,0.81378,0.15313,5.0682,0.72314,0.22133,4.9318,0.81378,0.15313,5.0682,0.81378,0.15313,5.0682,0.79861,0.15136,5.0682,0.81378,0.15313,5.0682,0.81378,0.15313,5.0682,0.80056,0.17613,0.0682,0.80056,0.17613,0.0682,0.80490,0.16450,0.0682,0.80490,0.16450,0.0682
13,23,1,1,0,0,2,2,0.000,0.0000,0.3760,0.04309,1.04258,0.7290,0.34974,0.92770,25.7290,0.61953,0.39976,0.7290,0.54380,0.48448,0.7290,0.67340,0.31794,0.7290,0.61953,0.39976,0.7290,0.61953,0.39976,0.7290,0.32418,0.90105,22.2710,0.32418,0.90105,22.2710,0.32418,0.90105,22.2710,0.32418,0.90105,22.2710
13,23,2,2,0,0,0,0,0.000,0.0000,0.1005,0.93747,0.09157,0.1304,0.44948,0.36773,43.8696,0.95958,0.05615,0.1304,0.93747,0.09157,0.1304,0.81797,0.18751,0.1304,0.95958,0.05615,0.1304,0.95958,0.05615,0.1304,0.77893,0.20832,0.1304,0.77893,0.20831,0.1304,0.77893,0.20832,0.1304,0.77893,0.20831,0.1304
13,23,4,1,0,1,3,6,0.000,0.0000,6.1363,0.01786,1.61607,0.4999,0.14861,1.62053,25.4999,0.50604,1.26044,0.4999,0.44358,1.27726,0.4999,0.56661,1.24989,0.4999,0.50604,1.26044,0.4999,0.60000,1.24911,0.4999,0.02610,1.04974,0.4999,0.85173,0.19547,0.4999,0.01059,2.00393,0.5001,0.22735,2.54772,0.5001
13,24,0,2,0,0,1,1,0.000,0.0000,0.2190,0.79476,0.10550,5.0682,0.74001,0.21208,4.9318,0.79476,0.10550,5.0682,0.79476,0.10550,5.0682,0.79476,0.10550,5.0682,0.79476,0.10550,5.0682,0.79476,0.10550,5.0682,0.52982,0.35421,16.0682,0.52982,0.35421,16.0682,0.77190,0.17202,1.0682,0.77190,0.17202,1.0682
13,24,1,1,0,0,2,2,0.000,0.0000,0.4045,0.03360,1.03593,0.2710,0.33367,0.92473,25.7290,0.66361,0.35681,0.2710,0.58048,0.44675,0.2710,0.68379,0.26690,0.2710,0.66361,0.35681,0.2710,0.66361,0.35681,0.2710,0.32785,0.89493,22.2710,0.32785,0.89493,22.2710,0.32785,0.89493,22.2710,0.32785,0.89493,22.2710
13,24,2,2,0,0,0,0,0.000,0.0000,0.0220,0.90925,0.16552,0.1304,0.40444,0.69390,43.8696,0.90925,0.16552,0.1304,0.90925,0.16552,0.1304,0.81797,0.09054,0.1304,0.90925,0.16552,0.1304,0.90925,0.16552,0.1304,0.77893,0.20832,0.1304,0.77893,0.20832,0.1304,0.77893,0.20832,0.1304,0.77893,0.20832,0.1304
13,24,4,2,0,1,3,6,0.000,0.0000,6.7372,0.01771,1.50837,0.5001,0.19540,1.43301,25.4999,0.46630,0.78886,0.5001,0.37172,1.01849,0.5001,0.56991,0.56984,0.5001,0.46630,0.78886,0.5001,0.61663,0.47178,0.5001,0.03083,1.04281,0.5001,0.85124,0.20623,0.5001,0.01211,1.83292,0.5001,0.85331,0.20235,0.5001
13,25,0,2,-1,0,1,1,0.000,0.0000,0.3500,0.79737,0.21557,0.0682,0.68755,0.18500,4.9318,0.79737,0.21557,0.0682,0.79737,0.21557,0.0682,0.79737,0.21557,0.0682,0.79737,0.21557,0.0682,0.79737,0.21557,0.0682,0.53834,0.24161,16.0682,0.53834,0.24161,16.0682,0.73030,0.18507,3.0682,0.73030,0.18507,3.0682
13,25,1,1,0,0,2,2,0.000,0.0000,0.2344,0.41377,0.53751,0.2710,0.35504,0.85784,25.7290,0.92920,0.05438,0.2710,0.83375,0.14426,0.2710,0.80963,0.03611,0.2710,0.92920,0.05438,0.2710,0.92920,0.05438,0.2710,0.33192,0.87953,21.2710,0.33192,0.87953,21.2710,0.33192,0.87953,21.2710,0.33192,0.87953,21.2710
13,25,2,2,0,0,0,0,0.000,0.0000,0.0209,0.88327,0.14885,0.1304,0.40940,0.70693,43.8696,0.95436,0.06773,0.1304,0.88327,0.14885,0.1304,0.81797,0.17621,0.1304,0.95436,0.06773,0.1304,0.95436,0.06773,0.1304,0.77893,0.20832,0.1304,0.77893,0.20831,0.1304,0.77893,0.20832,0.1304,0.77893,0.20831,0.1304
13,25,4,2,0,1,3,6,0.000,0.0000,6.0666,0.02397,1.16814,0.5001,0.28856,1.11628,25.4999,0.63031,0.50879,0.5001,0.56140,0.56690,0.5001,0.71530,0.40842,0.5001,0.63031,0.50879,0.5001,0.77715,0.26816,0.5001,0.03126,1.04418,0.4999,0.85212,0.19325,0.4999,0.01587,1.61539,0.5001,0.85331,0.20235,0.5001
13,26,0,2,-1,0,1,1,0.000,0.0000,0.5407,0.67324,0.29464,7.0682,0.68010,0.13046,4.9318,0.67324,0.29464,7.0682,0.67324,0.29464,7.0682,0.67324,0.29464,7.0682,0.67324,0.29464,7.0682,0.67324,0.29464,7.0682,0.75362,0.20752,0.0682,0.75362,0.20752,0.0682,0.76076,0.19052,0.0682,0.76076,0.19052,0.0682
13,26,1,1,0,0,2,2,0.000,0.0000,0.0863,0.94927,0.01940,0.2710,0.50658,0.45121,25.7290,0.94927,0.01940,0.2710,0.94927,0.01940,0.2710,0.80963,0.04407,0.2710,0.94927,0.01940,0.2710,0.94927,0.01940,0.2710,0.33192,0.87953,21.2710,0.33192,0.87953,21.2710,0.33192,0.87953,21.2710,0.33192,0.87953,21.2710
13,26,2,2,-1,0,0,0,0.000,0.0000,0.0546,0.47273,0.42748,26.1304,0.39946,0.66807,43.8696,0.47273,0.42748,26.1304,0.47273,0.42748,26.1304,0.47273,0.42748,26.1304,0.47273,0.42748,26.1304,0.48684,0.22932,26.1304,0.77805,0.20733,0.1304,0.77805,0.20733,0.1304,0.77805,0.20733,0.1304,0.77805,0.20733,0.1304
13,26,4,2,-1,1,3,6,0.000,0.0000,5.1955,0.33271,0.76188,3.4999,0.45696,0.80396,25.4999,0.33271,0.76188,3.4999,0.33271,0.76188,3.4999,0.33271,0.76188,3.4999,0.33271,0.76188,3.4999,0.75429,0.25981,3.4999,0.03474,1.04058,0.5001,0.84857,0.20641,0.5001,0.01958,1.38113,0.5001,0.84966,0.20315,0.5001
13,27,0,2,-1,0,1,1,0.000,0.0000,0.5536,0.51639,0.35542,22.0682,0.64114,0.24524,4.9318,0.51639,0.35542,22.0682,0.51639,0.35542,22.0682,0.51639,0.35542,22.0682,0.51639,0.35542,22.0682,0.51639,0.35542,22.0682,0.75153,0.20228,0.0682,0.75153,0.20228,0.0682,0.75858,0.18558,0.0682,0.75858,0.18558,0.0682
13,27,1,1,0,0,2,2,0.000,0.0000,0.1740,0.74942,0.27801,3.7290,0.44934,0.38032,25.7290,0.74942,0.27801,3.7290,0.74942,0.27801,3.7290,0.74942,0.27801,3.7290,0.74942,0.27801,3.7290,0.74942,0.27801,3.7290,0.34246,0.86491,21.2710,0.34246,0.86491,21.2710,0.34246,0.86491,21.2710,0.34246,0.86491,21.2710
13,27,2,2,0,0,0,0,0.000,0.0000,0.0210,0.88056,0.15372,0.1304,0.40436,0.72962,43.8696,0.95645,0.06348,0.1304,0.88056,0.15372,0.1304,0.81797,0.18074,0.1304,0.95645,0.06348,0.1304,0.95645,0.06348,0.1304,0.77805,0.20733,0.1304,0.77805,0.20733,0.1304,0.77805,0.20733,0.1304,0.77805,0.20733,0.1304
13,27,4,2,-1,1,3,6,0.000,0.0000,4.4186,0.72902,0.31915,0.5001,0.48222,0.49711,25.4999,0.72902,0.31915,0.5001,0.72902,0.31915,0.5001,0.72902,0.31915,0.5001,0.72902,0.31915,0.5001,0.70077,0.35168,0.5001,0.03474,1.04058,0.5001,0.84857,0.20641,0.5001,0.02287,1.12988,0.5001,0.84966,0.20315,0.5001
13,28,0,2,-1,0,1,1,0.000,0.0000,0.5175,0.68422,0.19434,8.0682,0.70530,0.23551,4.9318,0.68422,0.19434,8.0682,0.68422,0.19434,8.0682,0.68422,0.19434,8.0682,0.68422,0.19434,8.0682,0.68422,0.19434,8.0682,0.74291,0.18288,1.0682,0.74291,0.18289,1.0682,0.74940,0.16535,1.0682,0.74940,0.16535,1.0682
13,28,1,2,0,0,2,2,0.000,0.0000,0.2231,0.83693,0.18725,0.7290,0.43928,0.18831,25.7290,0.83693,0.18725,0.7290,0.83693,0.18725,0.7290,0.80963,0.22728,0.7290,0.83693,0.18725,0.7290,0.83693,0.18725,0.7290,0.48525,0.18054,21.2710,0.48525,0.18054,21.2710,0.48525,0.18054,21.2710,0.48525,0.18054,21.2710
13,28,2,2,0,0,0,0,0.000,0.0000,0.0358,0.93657,0.10329,0.1304,0.41216,0.68761,43.8696,0.95487,0.06006,0.1304,0.93657,0.10329,0.1304,0.81797,0.18304,0.1304,0.95487,0.06006,0.1304,0.95487,0.06006,0.1304,0.77805,0.20733,0.1304,0.77805,0.20733,0.1304,0.77805,0.20733,0.1304,0.77805,0.20733,0.1304
13,28,4,2,-1,1,3,6,0.000,0.0000,3.6570,0.74768,0.29037,0.4999,0.49791,0.28897,25.4999,0.74768,0.29037,0.4999,0.74768,0.29037,0.4999,0.74768,0.29037,0.4999,0.74768,0.29037,0.4999,0.74628,0.29328,0.4999,0.26644,0.79029,0.4999,0.85257,0.18640,0.4999,0.26636,0.78979,0.4999,0.85346,0.18575,0.4999
13,29,0,2,-1,0,1,1,0.000,0.0000,0.5178,0.41842,0.54358,43.9318,0.71431,0.20289,4.9318,0.41842,0.54358,43.9318,0.41842,0.54358,43.9318,0.41842,0.54358,43.9318,0.41842,0.54358,43.9318,0.41842,0.54358,43.9318,0.62949,0.14136,7.0682,0.62949,0.14136,7.0682,0.63262,0.12922,7.0682,0.63262,0.12922,7.0682
13,29,1,2,0,0,2,2,0.000,0.0000,0.2316,0.85619,0.15055,0.7290,0.47483,0.27363,25.7290,0.85619,0.15055,0.7290,0.85619,0.15055,0.7290,0.80963,0.20021,0.7290,0.85619,0.15055,0.7290,0.85619,0.15055,0.7290,0.75879,0.18079,2.2710,0.75879,0.18079,2.2710,0.75879,0.18079,2.2710,0.75879,0.18079,2.2710
13,29,2,2,0,0,0,0,0.000,0.0000,0.0586,0.94621,0.08966,0.1304,0.40791,0.67200,43.8696,0.96121,0.05176,0.1304,0.94621,0.08967,0.1304,0.81797,0.19261,0.1304,0.96121,0.05176,0.1304,0.96121,0.05176,0.1304,0.77805,0.20733,0.1304,0.77805,0.20733,0.1304,0.77805,0.20733,0.1304,0.77805,0.20733,0.1304
13,29,4,2,-1,1,3,6,0.000,0.0000,2.7908,0.75904,0.11036,5.4999,0.47194,0.40289,25.4999,0.75904,0.11036,5.4999,0.75904,0.11036,5.4999,0.75904,0.11036,5.4999,0.75904,0.11036,5.4999,0.75904,0.11036,5.4999,0.83756,0.17204,0.4999,0.85257,0.18640,0.4999,0.83734,0.17168,0.4999,0.85346,0.18575,0.4999
13,30,0,2,0,0,1,1,0.000,0.0000,0.3714,0.78687,0.13138,6.0682,0.72325,0.22354,4.9318,0.78687,0.13138,6.0682,0.78687,0.13138,6.0682,0.78290,0.08416,6.0682,0.78687,0.13138,6.0682,0.78687,0.13138,6.0682,0.64737,0.13901,6.0682,0.64737,0.13900,6.0682,0.65098,0.12564,6.0682,0.65098,0.12564,6.0682
13,30,1,2,0,0,2,2,0.000,0.0000,0.1525,0.87129,0.12610,0.2710,0.48384,0.57890,25.7290,0.89599,0.07526,0.2710,0.87129,0.12610,0.2710,0.80963,0.19190,0.2710,0.89599,0.07526,0.2710,0.89599,0.07526,0.2710,0.75227,0.22311,0.7290,0.75227,0.22311,0.7290,0.75227,0.22311,0.7290,0.75227,0.22311,0.7290
13,30,2,2,0,0,0,0,0.000,0.0000,0.0718,0.92684,0.11731,0.1304,0.40011,0.71886,43.8696,0.95084,0.05980,0.1304,0.92684,0.11731,0.1304,0.81797,0.18379,0.1304,0.95084,0.05980,0.1304,0.95084,0.05980,0.1304,0.77805,0.20733,0.1304,0.77805,0.20733,0.1304,0.77805,0.20733,0.1304,0.77805,0.20733,0.1304
13,30,4,2,-1,1,3,6,0.000,0.0000,2.2780,0.78475,0.26574,0.4999,0.45448,0.45762,25.4999,0.78475,0.26574,0.4999,0.78475,0.26574,0.4999,0.78475,0.26574,0.4999,0.78475,0.26574,0.4999,0.74753,0.29617,0.4999,0.85748,0.15299,2.4999,0.82782,0.18575,2.4999,0.85835,0.15178,2.4999,0.82923,0.18426,2.4999
13,31,0,2,-1,0,1,1,0.000,0.0000,0.2118,0.70699,0.16285,7.9318,0.73643,0.15574,4.9318,0.70699,0.16285,7.9318,0.70699,0.16285,7.9318,0.70699,0.16285,7.9318,0.70699,0.16285,7.9318,0.70699,0.16285,7.9318,0.64737,0.13901,6.0682,0.64737,0.13901,6.0682,0.65098,0.12564,6.0682,0.65098,0.12564,6.0682
13,31,1,1,-1,0,2,2,0.000,0.0000,0.1509,0.19758,1.81551,0.7290,0.23769,1.82463,25.7290,0.19758,1.81551,0.7290,0.19758,1.81551,0.7290,0.19758,1.81551,0.7290,0.19758,1.81551,0.7290,0.95545,0.04590,0.7290,0.73266,0.21401,1.7290,0.73266,0.21401,1.7290,0.73266,0.21401,1.7290,0.73266,0.21401,1.7290
13,31,2,2,0,0,0,0,0.000,0.0000,0.0793,0.90711,0.15798,0.1304,0.43304,0.59417,43.8696,0.95287,0.04823,0.1304,0.90711,0.15797,0.1304,0.81797,0.19202,0.1304,0.95287,0.04823,0.1304,0.95287,0.04823,0.1304,0.77805,0.20733,0.1304,0.77805,0.20733,0.1304,0.77805,0.20733,0.1304,0.77805,0.20733,0.1304
13,31,4,2,-1,1,3,6,0.000,0.0000,1.7348,0.39006,0.91230,31.5001,0.45269,0.53966,25.4999,0.39006,0.91230,31.5001,0.39006,0.91230,31.5001,0.39006,0.91230,31.5001,0.39006,0.91230,31.5001,0.38395,0.91230,31.5001,0.85823,0.15864,0.4999,0.81866,0.21407,0.4999,0.85760,0.15887,0.4999,0.81866,0.21407,0.4999
13,32,0,2,0,0,1,1,0.000,0.0000,0.1376,0.95255,0.08415,0.0682,0.77213,0.15904,4.9318,0.95255,0.08415,0.0682,0.95255,0.08415,0.0682,0.86942,0.08942,0.0682,0.95255,0.08415,0.0682,0.95255,0.08415,0.0682,0.64737,0.13901,6.0682,0.64737,0.13901,6.0682,0.65098,0.12564,6.0682,0.65098,0.12564,6.0682
13,32,1,1,0,0,2,2,0.000,0.0000,0.1895,0.42606,1.29514,0.2710,0.27957,1.63917,25.7290,0.96184,0.05149,0.2710,0.86818,0.27534,0.2710,0.80963,0.17533,0.2710,0.96184,0.05149,0.2710,0.96184,0.05149,0.2710,0.74877,0.21494,0.7290,0.74877,0.21494,0.7290,0.74877,0.21494,0.7290,0.74877,0.21494,0.7290
13,32,2,2,0,0,0,0,0.000,0.0000,0.0857,0.88812,0.09517,0.1304,0.41675,0.64621,43.8696,0.96760,0.03654,0.1304,0.88812,0.09517,0.1304,0.81797,0.19029,0.1304,0.96760,0.03654,0.1304,0.96760,0.03654,0.1304,0.77636,0.20380,0.1304,0.77636,0.20380,0.1304,0.77636,0.20380,0.1304,0.77636,0.20380,0.1304
13,32,4,2,-1,1,3,6,0.000,0.0000,1.0593,0.64483,0.25338,2.4999,0.40915,0.62554,25.4999,0.64483,0.25338,2.4999,0.64483,0.25338,2.4999,0.64483,0.25338,2.4999,0.64483,0.25338,2.4999,0.64578,0.23200,2.4999,0.87103,0.08760,1.4999,0.83265,0.15427,1.4999,0.87103,0.08760,1.4999,0.83265,0.15427,1.4999
13,33,0,2,0,0,1,1,0.000,0.0000,0.1107,0.85653,0.13080,3.0682,0.77352,0.20425,4.9318,0.85653,0.13080,3.0682,0.85653,0.13080,3.0682,0.86083,0.04613,3.0682,0.85653,0.13080,3.0682,0.85653,0.13080,3.0682,0.64737,0.13901,6.0682,0.64737,0.13900,6.0682,0.65098,0.12564,6.0682,0.65098,0.12564,6.0682
13,33,1,1,0,0,2,2,0.000,0.0000,0.1664,0.39395,1.33524,0.2710,0.27913,1.65884,25.7290,0.88302,0.10469,0.2710,0.80094,0.29134,0.2710,0.80963,0.19568,0.2710,0.24924,1.33524,0.2710,0.88302,0.10469,0.2710,0.76411,0.21518,0.2710,0.76411,0.21518,0.2710,0.76411,0.21518,0.2710,0.76411,0.21518,0.2710
13,33,2,2,0,0,0,0,0.000,0.0000,0.0762,0.86857,0.14182,0.1304,0.40853,0.71450,43.8696,0.96007,0.05500,0.1304,0.86857,0.14182,0.1304,0.81797,0.18837,0.1304,0.96007,0.05500,0.1304,0.96007,0.05500,0.1304,0.77636,0.20380,0.1304,0.77636,0.20380,0.1304,0.77636,0.20380,0.1304,0.77636,0.20380,0.1304
13,33,4,2,-1,1,3,6,0.000,0.0000,0.6491,0.40909,0.72509,38.4999,0.45673,0.58802,25.4999,0.40909,0.72509,38.4999,0.40909,0.72509,38.4999,0.40909,0.72509,38.4999,0.40909,0.72509,38.4999,0.34802,0.72509,38.4999,0.86795,0.11586,0.4999,0.83108,0.15340,0.4999,0.84356,0.07504,2.4999,0.81563,0.08646,2.4999
13,34,0,2,0,0,1,1,0.000,0.0000,0.0921,0.84217,0.17752,1.0682,0.75506,0.22118,4.9318,0.84217,0.17752,1.0682,0.84217,0.17752,1.0682,0.86324,0.09959,1.0682,0.84217,0.17752,1.0682,0.84217,0.17752,1.0682,0.64691,0.13730,6.0682,0.64691,0.13730,6.0682,0.65052,0.12396,6.0682,0.65052,0.12396,6.0682
13,34,1,1,0,0,2,2,0.000,0.0000,0.1902,0.70423,0.66459,0.2710,0.48808,0.72411,25.7290,0.96462,0.04919,0.2710,0.87464,0.27416,0.2710,0.80963,0.17587,0.2710,0.96462,0.04919,0.2710,0.96462,0.04919,0.2710,0.76411,0.21518,0.2710,0.76411,0.21518,0.2710,0.76411,0.21518,0.2710,0.76411,0.21518,0.2710
13,34,2,2,0,0,0,0,0.000,0.0000,0.0700,0.94083,0.05797,0.1304,0.41295,0.64855,43.8696,0.96386,0.04596,0.1304,0.94083,0.05797,0.1304,0.81797,0.18115,0.1304,0.96386,0.04596,0.1304,0.96386,0.04596,0.1304,0.77636,0.20380,0.1304,0.77636,0.20380,0.1304,0.77636,0.20380,0.1304,0.77636,0.20380,0.1304
13,34,4,2,-1,1,3,6,0.000,0.0000,0.5676,0.35585,1.43826,7.4999,0.34668,0.89638,25.4999,0.35585,1.43826,7.4999,0.35585,1.43826,7.4999,0.35585,1.43826,7.4999,0.35585,1.43826,7.4999,0.34949,1.42768,7.4999,0.85714,0.15964,0.5001,0.82210,0.18232,0.5001,0.85714,0.15964,0.5001,0.82210,0.18232,0.5001
13,35,0,2,0,0,1,1,0.000,0.0000,0.1225,0.89394,0.09552,2.0682,0.78484,0.16806,4.9318,0.89394,0.09552,2.0682,0.89394,0.09552,2.0682,0.86942,0.03570,2.0682,0.89394,0.09552,2.0682,0.89394,0.09552,2.0682,0.64691,0.13730,6.0682,0.64691,0.13730,6.0682,0.65052,0.12396,6.0682,0.65052,0.12396,6.0682
13,35,1,2,0,0,2,2,0.000,0.0000,0.1938,0.68980,0.69221,0.2710,0.48120,0.77065,25.7290,0.96621,0.04543,0.2710,0.87205,0.27062,0.2710,0.80963,0.20135,0.2710,0.96621,0.04543,0.2710,0.96621,0.04543,0.2710,0.76410,0.21515,0.2710,0.76410,0.21515,0.2710,0.76410,0.21515,0.2710,0.76410,0.21515,0.2710
13,35,2,2,0,0,0,0,0.000,0.0000,0.0611,0.89673,0.16111,0.1304,0.40704,0.72145,43.8696,0.96169,0.05043,0.1304,0.89673,0.16111,0.1304,0.81797,0.19437,0.1304,0.96169,0.05043,0.1304,0.96169,0.05043,0.1304,0.77636,0.20380,0.1304,0.77636,0.20380,0.1304,0.77636,0.20380,0.1304,0.77636,0.20380,0.1304
13,35,4,2,-1,1,3,6,0.000,0.0000,0.5373,0.55408,0.48695,15.4999,0.46162,0.64539,25.4999,0.55408,0.48695,15.4999,0.55408,0.48695,15.4999,0.55408,0.48695,15.4999,0.55408,0.48695,15.4999,0.58003,0.06269,15.4999,0.62340,0.21742,11.4999,0.61775,0.00992,11.4999,0.59499,0.51123,9.5001,0.59015,0.51192,9.5001
13,36,0,2,0,0,1,1,0.000,0.0000,0.1579,0.88277,0.10047,0.0682,0.78948,0.08089,4.9318,0.88277,0.10047,0.0682,0.88277,0.10047,0.0682,0.86117,0.11246,0.0682,0.88277,0.10047,0.0682,0.88277,0.10047,0.0682,0.64691,0.13730,6.0682,0.64691,0.13730,6.0682,0.65052,0.12396,6.0682,0.65052,0.12396,6.0682
13,36,1,2,0,0,2,2,0.000,0.0000,0.1846,0.53697,1.04063,0.2710,0.41844,1.17317,25.7290,0.96797,0.04133,0.2710,0.87218,0.26660,0.2710,0.80963,0.20454,0.2710,0.96797,0.04133,0.2710,0.96797,0.04133,0.2710,0.76325,0.21342,0.2710,0.76325,0.21342,0.2710,0.76325,0.21342,0.2710,0.76325,0.21342,0.2710
13,36,2,2,0,0,0,0,0.000,0.0000,0.0552,0.83933,0.14984,0.1304,0.41344,0.69781,43.8696,0.96688,0.03917,0.1304,0.84958,0.14293,0.1304,0.81797,0.20354,0.1304,0.96688,0.03917,0.1304,0.96688,0.03917,0.1304,0.77636,0.20380,0.1304,0.77636,0.20380,0.1304,0.77636,0.20380,0.1304,0.77636,0.20380,0.1304
13,36,4,2,-1,1,3,6,0.000,0.0000,0.6560,0.35501,1.81332,15.4999,0.30775,1.95240,25.4999,0.35501,1.81332,15.4999,0.35501,1.81332,15.4999,0.35501,1.81332,15.4999,0.35501,1.81332,15.4999,0.60491,0.40580,15.4999,0.49272,0.68157,13.5001,0.49272,0.68157,13.5001,0.79520,0.13940,3.4999,0.78629,0.05138,3.4999
14,0,0,2,0,0,1,1,0.000,0.0000,0.0000,0.63164,0.52696,0.2475,0.31578,1.10508,34.2475,0.84239,0.17117,0.2475,0.78746,0.19525,0.2475,0.81082,0.36448,0.2475,0.84239,0.17117,0.2475,0.84239,0.17117,0.2475,0.63164,0.52696,0.2475,0.84239,0.17117,0.2475,0.63164,0.52696,0.2475,0.84239,0.17117,0.2475
14,0,1,2,0,0,2,2,0.000,0.0000,0.0000,0.01069,2.07629,0.0573,0.01293,2.07028,1.0573,0.84060,0.15000,0.0573,0.84066,0.10380,0.0573,0.70096,0.38946,0.0573,0.23770,1.89177,0.0573,0.84060,0.15000,0.0573,0.01069,2.07629,0.0573,0.84060,0.15000,0.0573,0.01069,2.07629,0.0573,0.84060,0.15000,0.0573
14,0,2,2,-1,0,0,0,0.000,0.0000,0.0000,0.30218,0.84430,32.1396,0.28329,1.37021,12.1396,0.30218,0.84430,32.1396,0.30218,0.84430,32.1396,0.30218,0.84430,32.1396,0.30218,0.84430,32.1396,0.30218,0.84430,32.1396,0.30377,1.65025,2.8604,0.30377,1.65025,2.8604,0.30377,1.65025,2.8604,0.30377,1.65025,2.8604
14,0,4,2,0,1,3,3,0.000,0.0000,0.0000,0.45908,1.58288,0.6350,0.28888,2.05283,42.6350,0.61507,1.02073,0.6350,0.55272,1.24472,0.6350,0.70222,0.79345,0.6350,0.61507,1.02073,0.6350,0.86301,0.27231,0.6350,0.45908,1.58288,0.6350,0.86301,0.27231,0.6350,0.45908,1.58288,0.6350,0.86301,0.27231,0.6350
14,1,0,2,0,0,1,1,0.000,0.0000,0.0546,0.69329,0.50079,0.2475,0.32120,1.10176,34.2475,0.83950,0.16875,0.2475,0.85764,0.13735,0.2475,0.81082,0.35930,0.2475,0.83950,0.16875,0.2475,0.83950,0.16875,0.2475,0.01457,1.04725,0.2475,0.81417,0.26669,0.2475,0.01457,1.04725,0.2475,0.81417,0.26669,0.2475
14,1,1,2,0,0,2,2,0.000,0.0000,1.0657,0.01239,2.08391,1.0573,0.01239,2.08391,1.0573,0.88960,0.11114,1.0573,0.91053,0.12424,1.0573,0.77678,0.33337,1.0573,0.25312,1.80139,1.0573,0.88960,0.11114,1.0573,0.01032,2.06513,0.9427,0.68102,0.31758,0.9427,0.01032,2.06513,0.9427,0.68102,0.31758,0.9427
14,1,2,2,-1,0,0,0,0.000,0.0000,7.1147,0.59778,0.22528,4.8604,0.55259,0.43700,12.1396,0.59778,0.22528,4.8604,0.59778,0.22528,4.8604,0.59778,0.22528,4.8604,0.59778,0.22528,4.8604,0.59778,0.22528,4.8604,0.83315,0.14343,2.8604,0.84834,0.09522,2.8604,0.83315,0.14343,2.8604,0.84834,0.09522,2.8604
14,1,4,2,0,1,3,3,0.000,0.0000,0.3173,0.79143,0.61802,0.3650,0.37588,1.17914,42.6350,0.79143,0.61802,0.3650,0.79143,0.61802,0.3650,0.79143,0.61802,0.3650,0.79143,0.61802,0.3650,0.89060,0.27808,0.3650,0.45655,1.58324,0.6350,0.86301,0.27231,0.6350,0.45655,1.58324,0.6350,0.86301,0.27231,0.6350
14,2,0,2,0,0,1,1,0.000,0.0000,2.4298,0.47199,0.76131,14.2475,0.30290,1.13761,34.2475,0.52154,0.54766,14.2475,0.50056,0.60867,14.2475,0.54259,0.51431,14.2475,0.52154,0.54766,14.2475,0.52154,0.54766,14.2475,0.01055,1.08172,0.2475,0.81416,0.26672,0.2475,0.01055,1.08172,0.2475,0.81416,0.26672,0.2475
14,2,1,2,0,0,2,2,0.000,0.0000,0.2609,0.01083,2.08180,0.0573,0.01329,2.07896,1.0573,0.89046,0.11939,0.0573,0.90513,0.11103,0.0573,0.73922,0.36139,0.0573,0.24581,1.85538,0.0573,0.89046,0.11939,0.0573,0.00805,2.07495,0.0573,0.59570,0.42630,0.0573,0.00805,2.07495,0.0573,0.59570,0.42630,0.0573
14,2,2,2,0,0,0,0,0.000,0.0000,7.7837,0.39128,0.78353,26.1396,0.56390,0.50457,12.1396,0.39128,0.78353,26.1396,0.39128,0.78353,26.1396,0.37090,0.78353,26.1396,0.39128,0.78353,26.1396,0.39128,0.78353,26.1396,0.85329,0.11383,2.8604,0.86421,0.03935,2.8604,0.85329,0.11383,2.8604,0.86421,0.03935,2.8604
14,2,4,2,0,1,3,3,0.000,0.0000,0.1498,0.68278,0.97440,0.3650,0.34891,1.55500,42.6350,0.68278,0.97440,0.3650,0.68278,0.97440,0.3650,0.73286,0.80292,0.3650,0.68278,0.97440,0.3650,0.88469,0.27960,0.3650,0.00200,3.24571,0.6350,0.50845,0.65896,0.6350,0.00200,3.24571,0.6350,0.50845,0.65896,0.6350
14,3,0,2,0,0,1,1,0.000,0.0000,0.4933,0.63160,0.59327,0.7525,0.30300,1.15401,34.2475,0.84240,0.16323,0.7525,0.83088,0.15898,0.7525,0.81082,0.35457,0.7525,0.84240,0.16323,0.7525,0.84240,0.16323,0.7525,0.01753,1.08134,0.2475,0.83042,0.22526,0.2475,0.01753,1.08134,0.2475,0.83042,0.22526,0.2475
14,3,1,2,0,0,2,2,0.000,0.0000,0.1641,0.12823,1.82264,0.9427,0.13413,1.81215,1.0573,0.90197,0.12278,0.9427,0.92097,0.10252,0.9427,0.75857,0.36085,0.9427,0.25531,1.82971,0.9427,0.90197,0.12278,0.9427,0.01171,2.06385,0.9427,0.80631,0.19024,0.9427,0.01171,2.06385,0.9427,0.80631,0.19024,0.9427
14,3,2,2,0,0,0,0,0.000,0.0000,4.8132,0.49261,0.56672,14.1396,0.53717,0.50437,12.1396,0.52923,0.52243,14.1396,0.49261,0.56672,14.1396,0.55424,0.43243,14.1396,0.52923,0.52243,14.1396,0.52923,0.52243,14.1396,0.85058,0.11452,2.8604,0.85769,0.08475,2.8604,0.85058,0.11452,2.8604,0.85769,0.08475,2.8604
14,3,4,2,-1,1,3,3,0.000,0.0000,0.0787,0.80022,0.55582,0.3650,0.37435,1.15118,42.6350,0.80022,0.55582,0.3650,0.80022,0.55582,0.3650,0.80022,0.55582,0.3650,0.80022,0.55582,0.3650,0.87842,0.28461,0.3650,0.50661,1.58131,0.6350,0.90515,0.26239,0.6350,0.50661,1.58131,0.6350,0.90515,0.26239,0.6350
14,4,0,2,0,0,1,1,0.000,0.0000,0.1040,0.68945,0.58417,0.2475,0.30067,1.18069,34.2475,0.88234,0.15013,0.2475,0.90627,0.10167,0.2475,0.81082,0.36473,0.2475,0.88234,0.15013,0.2475,0.88234,0.15013,0.2475,0.35498,0.75326,0.2475,0.85181,0.16458,0.2475,0.35498,0.75326,0.2475,0.85181,0.16458,0.2475
14,4,1,2,0,0,2,2,0.000,0.0000,0.1743,0.05298,1.98077,0.0573,0.05615,1.97715,1.0573,0.90296,0.13054,0.0573,0.89207,0.11362,0.0573,0.77710,0.36052,0.0573,0.25757,1.80488,0.0573,0.90296,0.13054,0.0573,0.00945,2.08010,1.0573,0.90113,0.12306,1.0573,0.00945,2.08010,1.0573,0.90113,0.12306,1.0573
14,4,2,1,0,0,0,0,0.000,0.0000,2.6462,0.36479,0.69485,3.8604,0.43362,0.71930,12.1396,0.62145,0.42218,3.8604,0.55204,0.49220,3.8604,0.68816,0.36112,3.8604,0.62145,0.42218,3.8604,0.62145,0.42218,3.8604,0.85190,0.11095,2.8604,0.85108,0.11095,2.8604,0.85190,0.11095,2.8604,0.85108,0.11095,2.8604
14,4,4,2,-1,1,3,3,0.000,0.0000,0.0746,0.84352,0.43770,0.3650,0.38163,1.01597,42.6350,0.84352,0.43770,0.3650,0.84352,0.43770,0.3650,0.84352,0.43770,0.3650,0.84352,0.43770,0.3650,0.88671,0.28896,0.3650,0.50661,1.58131,0.6350,0.90515,0.26239,0.6350,0.50661,1.58131,0.6350,0.90515,0.26239,0.6350
14,5,0,2,0,0,1,1,0.000,0.0000,0.2089,0.64131,0.64783,0.2475,0.27694,1.24272,34.2475,0.85386,0.16128,0.2475,0.87406,0.12441,0.2475,0.81082,0.36134,0.2475,0.85386,0.16128,0.2475,0.85386,0.16128,0.2475,0.65011,0.57177,1.2475,0.82903,0.17251,1.2475,0.65011,0.57177,1.2475,0.82903,0.17251,1.2475
14,5,1,2,0,0,2,2,0.000,0.0000,0.0958,0.01290,2.07709,0.9427,0.01700,2.07140,1.0573,0.90003,0.11662,0.9427,0.92137,0.10934,0.9427,0.75409,0.35624,0.9427,0.25316,1.83926,0.9427,0.90003,0.11662,0.9427,0.01037,2.07856,1.0573,0.90113,0.12306,1.0573,0.01037,2.07856,1.0573,0.90113,0.12306,1.0573
14,5,2,1,-1,0,0,0,0.000,0.0000,1.8961,0.23118,1.72208,0.1396,0.20628,1.76105,12.1396,0.23118,1.72208,0.1396,0.23118,1.72208,0.1396,0.23118,1.72208,0.1396,0.23118,1.72208,0.1396,0.23118,1.72208,0.1396,0.80854,0.12603,3.8604,0.80733,0.12603,3.8604,0.80854,0.12603,3.8604,0.80733,0.12603,3.8604
14,5,4,2,0,1,3,3,0.000,0.0000,0.0596,0.72449,0.85532,0.3650,0.35739,1.43760,42.6350,0.72449,0.85532,0.3650,0.72449,0.85532,0.3650,0.73954,0.80409,0.3650,0.72449,0.85532,0.3650,0.89250,0.28003,0.3650,0.50948,1.58133,0.6350,0.90415,0.26253,0.6350,0.50948,1.58133,0.6350,0.90415,0.26253,0.6350
14,6,0,2,0,0,1,1,0.000,0.0000,0.0275,0.44352,0.80599,5.2475,0.26360,1.22135,34.2475,0.69709,0.28499,5.2475,0.61204,0.40643,5.2475,0.70467,0.33867,5.2475,0.69709,0.28499,5.2475,0.69709,0.28499,5.2475,0.64902,0.57228,1.2475,0.82522,0.17545,1.2475,0.64902,0.57228,1.2475,0.82522,0.17545,1.2475
14,6,1,2,0,0,2,2,0.000,0.0000,0.0431,0.01345,2.07142,0.9427,0.01431,2.07347,1.0573,0.89528,0.12935,0.9427,0.92525,0.10263,0.9427,0.75323,0.36660,0.9427,0.25486,1.83317,0.9427,0.89528,0.12935,0.9427,0.01055,2.07899,1.0573,0.87811,0.13171,1.0573,0.01055,2.07899,1.0573,0.87811,0.13171,1.0573
14,6,2,1,0,0,0,0,0.000,0.0000,0.8940,0.03469,0.97745,0.1396,0.20281,0.96522,12.1396,0.74173,0.23777,0.1396,0.67460,0.32777,0.1396,0.75179,0.14777,0.1396,0.74173,0.23777,0.1396,0.74173,0.23777,0.1396,0.80918,0.12417,3.8604,0.80787,0.12417,3.8604,0.80918,0.12417,3.8604,0.80787,0.12417,3.8604
14,6,4,2,0,1,3,3,0.000,0.0000,0.0273,0.68912,0.79234,0.3650,0.37212,1.32025,42.6350,0.68912,0.79234,0.3650,0.68912,0.79234,0.3650,0.70923,0.78914,0.3650,0.68912,0.79234,0.3650,0.85699,0.29309,0.3650,0.50926,1.58273,0.6350,0.90335,0.26533,0.6350,0.50926,1.58273,0.6350,0.90335,0.26533,0.6350
14,7,0,2,0,0,1,1,0.000,0.0000,0.0720,0.23016,0.96446,0.2475,0.23406,1.21181,34.2475,0.83981,0.17623,0.2475,0.77256,0.20886,0.2475,0.81082,0.36870,0.2475,0.83981,0.17623,0.2475,0.83981,0.17623,0.2475,0.65762,0.57270,0.2475,0.83497,0.17185,0.2475,0.65762,0.57270,0.2475,0.83497,0.17185,0.2475
14,7,1,2,0,0,2,2,0.000,0.0000,0.0619,0.02711,2.04184,0.0573,0.03038,2.03873,1.0573,0.90173,0.12441,0.0573,0.89040,0.11863,0.0573,0.77710,0.35395,0.0573,0.25638,1.80829,0.0573,0.90173,0.12441,0.0573,0.01134,2.07700,0.0573,0.90645,0.12351,0.0573,0.01134,2.07700,0.0573,0.90645,0.12351,0.0573
14,7,2,1,0,0,0,0,0.000,0.0000,0.6302,0.02940,1.07531,0.1396,0.19843,0.96756,12.1396,0.59606,0.42847,0.1396,0.53123,0.51846,0.1396,0.61772,0.33847,0.1396,0.59606,0.42847,0.1396,0.59606,0.42847,0.1396,0.70509,0.29651,5.1396,0.70325,0.29651,5.1396,0.70509,0.29651,5.1396,0.70325,0.29651,5.1396
14,7,4,2,-1,1,3,3,0.000,0.0000,0.0709,0.87243,0.20425,0.3650,0.38718,0.81334,42.6350,0.87243,0.20425,0.3650,0.87243,0.20425,0.3650,0.87243,0.20425,0.3650,0.87243,0.20425,0.3650,0.88116,0.20061,0.3650,0.53422,1.47966,0.3650,0.88372,0.28150,0.3650,0.53422,1.47966,0.3650,0.88372,0.28150,0.3650
14,8,0,2,0,0,1,1,0.000,0.0000,0.1144,0.14824,1.19230,3.2475,0.22772,1.26765,34.2475,0.75163,0.22222,3.2475,0.62860,0.42524,3.2475,0.75304,0.18811,3.2475,0.75163,0.22222,3.2475,0.75163,0.22222,3.2475,0.65762,0.57270,0.2475,0.83497,0.17185,0.2475,0.65762,0.57270,0.2475,0.83497,0.17185,0.2475
14,8,1,2,0,0,2,2,0.000,0.0000,0.0263,0.06601,1.96344,0.9427,0.07327,1.95172,1.0573,0.89491,0.12451,0.9427,0.92301,0.10764,0.9427,0.75738,0.36003,0.9427,0.25483,1.83202,0.9427,0.89491,0.12451,0.9427,0.01236,2.07529,1.0573,0.88570,0.12899,1.0573,0.01236,2.07529,1.0573,0.88570,0.12899,1.0573
14,8,2,1,-1,0,0,0,0.000,0.0000,0.8909,0.30297,1.51924,2.1396,0.26848,1.58297,12.1396,0.30297,1.51924,2.1396,0.30297,1.51924,2.1396,0.30297,1.51924,2.1396,0.30297,1.51924,2.1396,0.30297,1.51924,2.1396,0.67819,0.33883,5.1396,0.67634,0.33908,5.1396,0.67819,0.33883,5.1396,0.67634,0.33908,5.1396
14,8,4,2,-1,1,3,3,0.000,0.0000,0.0412,0.83447,0.43863,0.3650,0.37809,1.04635,42.6350,0.83447,0.43863,0.3650,0.83447,0.43863,0.3650,0.83447,0.43863,0.3650,0.83447,0.43863,0.3650,0.88095,0.27794,0.3650,0.76364,0.69648,0.3650,0.88372,0.28150,0.3650,0.76364,0.69648,0.3650,0.88372,0.28150,0.3650
14,9,0,2,0,0,1,1,0.000,0.0000,0.1289,0.01713,1.36348,0.2475,0.15948,1.27026,34.2475,0.62285,0.41046,0.2475,0.56651,0.46306,0.2475,0.63753,0.48988,0.2475,0.62285,0.41046,0.2475,0.62285,0.41046,0.2475,0.65762,0.57270,0.2475,0.83496,0.17185,0.2475,0.65762,0.57270,0.2475,0.83496,0.17185,0.2475
14,9,1,2,0,0,2,2,0.000,0.0000,0.0602,0.13384,1.81902,1.0573,0.13384,1.81902,1.0573,0.87599,0.12330,1.0573,0.89780,0.12288,1.0573,0.77692,0.34037,1.0573,0.25454,1.79491,1.0573,0.87599,0.12330,1.0573,0.01236,2.07529,1.0573,0.88570,0.12899,1.0573,0.01236,2.07529,1.0573,0.88570,0.12899,1.0573
14,9,2,2,0,0,0,0,0.000,0.0000,0.4035,0.82653,0.16978,0.1396,0.67303,0.19221,12.1396,0.80066,0.18350,0.1396,0.82653,0.16978,0.1396,0.72787,0.34031,0.1396,0.80066,0.18350,0.1396,0.80066,0.18350,0.1396,0.67819,0.33883,5.1396,0.67634,0.33908,5.1396,0.67819,0.33883,5.1396,0.67634,0.33908,5.1396
14,9,4,2,-1,1,3,3,0.000,0.0000,0.1991,0.73347,0.34031,0.3650,0.38523,0.82585,42.6350,0.73347,0.34031,0.3650,0.73347,0.34031,0.3650,0.73347,0.34031,0.3650,0.73347,0.34031,0.3650,0.73347,0.34031,0.3650,0.83450,0.44904,0.3650,0.88279,0.28167,0.3650,0.83450,0.44904,0.3650,0.88279,0.28167,0.3650
14,10,0,1,0,0,1,1,0.000,0.0000,0.0708,0.20002,1.09130,0.7525,0.25517,1.21494,34.2475,0.83408,0.20947,0.7525,0.78264,0.18639,0.7525,0.79752,0.41287,0.7525,0.83408,0.20947,0.7525,0.83408,0.20947,0.7525,0.65762,0.57270,0.2475,0.69640,0.57220,0.2475,0.65762,0.57270,0.2475,0.69640,0.57220,0.2475
14,10,1,2,0,0,2,2,0.000,0.0000,0.0621,0.03645,2.01692,0.0573,0.03983,2.01268,1.0573,0.89754,0.13563,0.0573,0.90840,0.10314,0.0573,0.77710,0.36355,0.0573,0.25834,1.79789,0.0573,0.89754,0.13563,0.0573,0.01379,2.07310,0.0573,0.91688,0.12135,0.0573,0.01379,2.07310,0.0573,0.91688,0.12135,0.0573
14,10,2,2,-1,0,0,0,0.000,0.0000,0.1170,0.63684,0.32419,11.8604,0.59672,0.34423,12.1396,0.63684,0.32419,11.8604,0.63684,0.32419,11.8604,0.63684,0.32419,11.8604,0.63684,0.32419,11.8604,0.63684,0.32419,11.8604,0.66399,0.34164,5.1396,0.66399,0.34164,5.1396,0.66399,0.34164,5.1396,0.66399,0.34164,5.1396
14,10,4,2,-1,1,3,3,0.000,0.0000,0.7292,0.40818,1.27019,0.3650,0.37264,1.30381,42.6350,0.40818,1.27019,0.3650,0.40818,1.27019,0.3650,0.40818,1.27019,0.3650,0.40818,1.27019,0.3650,0.44989,1.06123,0.3650,0.83450,0.44904,0.3650,0.88279,0.28167,0.3650,0.83450,0.44904,0.3650,0.88279,0.28167,0.3650
14,11,0,1,0,0,1,1,0.000,0.0000,0.7454,0.01328,1.75266,1.2475,0.10153,1.42477,34.2475,0.28239,1.16725,1.2475,0.30272,1.10797,1.2475,0.26753,1.26435,1.2475,0.22831,1.43946,1.2475,0.28239,1.16725,1.2475,0.65762,0.57270,0.2475,0.69640,0.57220,0.2475,0.65762,0.57270,0.2475,0.69640,0.57220,0.2475
14,11,1,2,0,0,2,2,0.000,0.0000,0.0530,0.01304,2.07543,0.0573,0.01284,2.08083,1.0573,0.90607,0.11955,0.0573,0.91109,0.11284,0.0573,0.77660,0.35099,0.0573,0.25538,1.81487,0.0573,0.90607,0.11955,0.0573,0.01525,2.08199,1.9427,0.86251,0.11715,1.9427,0.01525,2.08199,1.9427,0.86251,0.11715,1.9427
14,11,2,2,-1,0,0,0,0.000,0.0000,0.2326,0.58055,0.39874,5.1396,0.49795,0.41810,12.1396,0.58055,0.39874,5.1396,0.58055,0.39874,5.1396,0.58055,0.39874,5.1396,0.58055,0.39874,5.1396,0.57849,0.38712,5.1396,0.71597,0.25123,5.1396,0.71597,0.25123,5.1396,0.71597,0.25123,5.1396,0.71597,0.25123,5.1396
14,11,4,2,-1,1,3,3,0.000,0.0000,0.4513,0.72219,0.37479,0.3650,0.39665,0.88466,42.6350,0.72219,0.37479,0.3650,0.72219,0.37479,0.3650,0.72219,0.37479,0.3650,0.72219,0.37479,0.3650,0.85628,0.29031,0.3650,0.83450,0.44904,0.3650,0.88279,0.28167,0.3650,0.83450,0.44904,0.3650,0.88279,0.28167,0.3650
14,12,0,1,0,0,1,1,0.000,0.0000,1.6433,0.01083,1.66820,0.7525,0.06176,1.66957,34.2475,0.23477,1.87747,0.7525,0.24777,1.73390,0.7525,0.22175,2.03584,0.7525,0.47859,1.39021,0.7525,0.23477,1.87747,0.7525,0.65762,0.57270,0.2475,0.69640,0.57220,0.2475,0.65762,0.57270,0.2475,0.69640,0.57220,0.2475
14,12,1,2,0,0,2,2,0.000,0.0000,0.0598,0.12544,1.83700,1.0573,0.12544,1.83700,1.0573,0.88300,0.12799,1.0573,0.91018,0.11223,1.0573,0.77710,0.34768,1.0573,0.25610,1.78545,1.0573,0.88300,0.12799,1.0573,0.12671,1.83407,1.0573,0.88161,0.12860,1.0573,0.12671,1.83407,1.0573,0.88161,0.12860,1.0573
14,12,2,2,0,0,0,0,0.000,0.0000,0.0644,0.70149,0.24694,7.8604,0.53758,0.34431,12.1396,0.70149,0.24694,7.8604,0.70149,0.24694,7.8604,0.68963,0.20889,7.8604,0.70149,0.24694,7.8604,0.70149,0.24694,7.8604,0.70922,0.16983,5.1396,0.70922,0.16983,5.1396,0.70922,0.16983,5.1396,0.70922,0.16983,5.1396
14,12,4,2,0,1,3,3,0.000,0.0000,0.2728,0.58421,0.76069,1.6350,0.38223,1.22143,42.6350,0.62786,0.74198,1.6350,0.58421,0.76070,1.6350,0.69272,0.72258,1.6350,0.62786,0.74198,1.6350,0.81943,0.31241,1.6350,0.83450,0.44904,0.3650,0.88279,0.28167,0.3650,0.83450,0.44904,0.3650,0.88279,0.28167,0.3650
14,13,0,1,0,0,1,7,0.000,0.0000,3.2233,0.14317,1.34553,12.2475,0.20492,1.26690,34.2475,0.26340,1.74922,12.2475,0.28259,1.59686,12.2475,0.24665,1.91595,12.2475,0.46274,1.23271,12.2475,0.26340,1.74922,12.2475,0.65483,0.52720,0.2475,0.67839,0.52720,0.2475,0.09277,1.64654,17.2475,0.18972,2.18291,17.2475
14,13,1,2,0,0,2,2,0.000,0.0000,0.0194,0.25509,1.56029,0.9427,0.26158,1.55414,1.0573,0.89117,0.13358,0.9427,0.92368,0.09923,0.9427,0.76483,0.36554,0.9427,0.25762,1.81644,0.9427,0.89117,0.13358,0.9427,0.12733,1.83398,1.0573,0.88557,0.12719,1.0573,0.12733,1.83398,1.0573,0.88557,0.12719,1.0573
14,13,2,2,-1,0,0,0,0.000,0.0000,0.1950,0.54910,0.38664,2.1396,0.47018,0.50185,12.1396,0.54910,0.38664,2.1396,0.54910,0.38664,2.1396,0.54910,0.38664,2.1396,0.54910,0.38664,2.1396,0.54102,0.38299,2.1396,0.69991,0.14950,5.1396,0.69991,0.14950,5.1396,0.69991,0.14950,5.1396,0.69991,0.14950,5.1396
14,13,4,2,0,1,3,3,0.000,0.0000,0.1141,0.49250,0.92927,0.3650,0.37393,1.34589,42.6350,0.62669,0.87407,0.3650,0.56347,0.89545,0.3650,0.70327,0.81404,0.3650,0.62669,0.87407,0.3650,0.85835,0.29290,0.3650,0.83450,0.44904,0.3650,0.88279,0.28167,0.3650,0.83450,0.44904,0.3650,0.88279,0.28167,0.3650
14,14,0,1,-1,0,1,7,0.000,0.0000,7.5117,0.15095,2.90398,1.2475,0.19709,3.11920,34.2475,0.15095,2.90398,1.2475,0.15095,2.90398,1.2475,0.15095,2.90398,1.2475,0.15095,2.90398,1.2475,0.15095,2.90398,1.2475,0.65714,0.52140,0.2475,0.68019,0.52140,0.2475,0.00726,1.76027,1.2475,0.19113,1.92942,1.2475
14,14,1,2,0,0,2,2,0.000,0.0000,0.0533,0.61633,0.72697,0.0573,0.60996,0.72670,1.0573,0.84562,0.14516,0.0573,0.87206,0.13487,0.0573,0.77710,0.35067,0.0573,0.84562,0.14516,0.0573,0.84562,0.14516,0.0573,0.12733,1.83398,1.0573,0.88557,0.12719,1.0573,0.12733,1.83398,1.0573,0.88557,0.12719,1.0573
14,14,2,2,-1,0,0,0,0.000,0.0000,0.3261,0.39605,0.76319,32.8604,0.60460,0.33562,12.1396,0.39605,0.76319,32.8604,0.39605,0.76319,32.8604,0.39605,0.76319,32.8604,0.39605,0.76319,32.8604,0.39605,0.76319,32.8604,0.68471,0.15156,5.8604,0.68471,0.15156,5.8604,0.68471,0.15156,5.8604,0.68471,0.15156,5.8604
14,14,4,2,-1,1,3,3,0.000,0.0000,0.0368,0.44315,0.75218,1.3650,0.38741,1.10642,42.6350,0.44315,0.75218,1.3650,0.44315,0.75218,1.3650,0.44315,0.75218,1.3650,0.44315,0.75218,1.3650,0.81572,0.29902,1.3650,0.83450,0.44904,0.3650,0.88279,0.28167,0.3650,0.83450,0.44904,0.3650,0.88279,0.28167,0.3650
14,15,0,1,0,0,1,1,0.000,0.0000,0.5199,0.43146,0.61064,2.7525,0.47588,0.66946,34.2475,0.67527,0.30776,2.7525,0.62697,0.39756,2.7525,0.68665,0.21813,2.7525,0.67527,0.30776,2.7525,0.67527,0.30776,2.7525,0.81685,0.18439,0.7525,0.77868,0.18439,0.7525,0.67872,0.51461,0.2475,0.70848,0.51462,0.2475
14,15,1,2,0,0,2,2,0.000,0.0000,0.1263,0.69035,0.47118,4.0573,0.71286,0.46516,1.0573,0.77670,0.17958,4.0573,0.78458,0.22452,4.0573,0.74818,0.30756,4.0573,0.77670,0.17958,4.0573,0.77670,0.17958,4.0573,0.12733,1.83398,1.0573,0.88557,0.12719,1.0573,0.12733,1.83398,1.0573,0.88557,0.12719,1.0573
14,15,2,2,-1,0,0,0,0.000,0.0000,0.4126,0.76042,0.25829,0.8604,0.62322,0.22567,12.1396,0.76042,0.25829,0.8604,0.76042,0.25829,0.8604,0.76042,0.25829,0.8604,0.76042,0.25829,0.8604,0.74718,0.25776,0.8604,0.68471,0.15156,5.8604,0.68471,0.15156,5.8604,0.68471,0.15156,5.8604,0.68471,0.15156,5.8604
14,15,4,2,0,1,3,3,0.000,0.0000,0.0643,0.31810,1.45777,0.3650,0.30842,1.79692,42.6350,0.57891,1.04921,0.3650,0.46880,1.28689,0.3650,0.70034,0.81428,0.3650,0.57891,1.04921,0.3650,0.85447,0.29381,0.3650,0.83450,0.44904,0.3650,0.88279,0.28167,0.3650,0.83450,0.44904,0.3650,0.88279,0.28167,0.3650
14,16,0,1,0,0,1,1,0.000,0.0000,0.1474,0.51105,0.52183,4.7525,0.45034,0.72262,34.2475,0.64887,0.34516,4.7525,0.58701,0.43505,4.7525,0.66268,0.25536,4.7525,0.64887,0.34516,4.7525,0.64887,0.34516,4.7525,0.81708,0.18426,0.7525,0.77868,0.18426,0.7525,0.64786,0.53535,0.7525,0.50237,1.15316,0.7525
14,16,1,2,0,0,2,2,0.000,0.0000,0.1990,0.78531,0.17268,4.0573,0.82899,0.14916,1.0573,0.78138,0.16829,4.0573,0.78531,0.17268,4.0573,0.74924,0.18628,4.0573,0.78138,0.16829,4.0573,0.78138,0.16829,4.0573,0.25786,1.55653,1.0573,0.88557,0.12719,1.0573,0.25786,1.55653,1.0573,0.88557,0.12719,1.0573
14,16,2,2,0,0,0,0,0.000,0.0000,0.3186,0.91647,0.12300,0.1396,0.62243,0.24486,12.1396,0.93496,0.07868,0.1396,0.91647,0.12300,0.1396,0.78689,0.16336,0.1396,0.93496,0.07868,0.1396,0.93496,0.07868,0.1396,0.68471,0.15156,5.8604,0.68471,0.15156,5.8604,0.68471,0.15156,5.8604,0.68471,0.15156,5.8604
14,16,4,2,0,1,3,3,0.000,0.0000,0.1195,0.28071,1.33688,0.3650,0.32529,1.60604,42.6350,0.58321,1.03615,0.3650,0.48379,1.22553,0.3650,0.70542,0.80133,0.3650,0.58321,1.03615,0.3650,0.86048,0.28070,0.3650,0.83450,0.44904,0.3650,0.88279,0.28167,0.3650,0.83450,0.44904,0.3650,0.88279,0.28167,0.3650
14,17,0,1,0,0,1,1,0.000,0.0000,0.2374,0.88598,0.08931,2.7525,0.48393,0.52041,34.2475,0.84327,0.08931,2.7525,0.88598,0.08931,2.7525,0.76771,0.08931,2.7525,0.84327,0.08931,2.7525,0.84327,0.08931,2.7525,0.81955,0.18295,0.7525,0.77868,0.18295,0.7525,0.83689,0.13013,4.7525,0.81597,0.13013,4.7525
14,17,1,2,0,0,2,2,0.000,0.0000,0.1178,0.95505,0.06476,0.0573,0.93655,0.06542,1.0573,0.90879,0.11425,0.0573,0.95505,0.06476,0.0573,0.77710,0.34391,0.0573,0.90879,0.11425,0.0573,0.90879,0.11425,0.0573,0.52674,0.99236,0.0573,0.91863,0.12128,0.0573,0.52674,0.99236,0.0573,0.91863,0.12128,0.0573
14,17,2,2,0,0,0,0,0.000,0.0000,0.2740,0.95972,0.04461,0.1396,0.63027,0.21730,12.1396,0.94382,0.04228,0.1396,0.95972,0.04461,0.1396,0.78689,0.27018,0.1396,0.94382,0.04228,0.1396,0.94382,0.04228,0.1396,0.68431,0.15116,5.8604,0.68431,0.15116,5.8604,0.68431,0.15116,5.8604,0.68431,0.15116,5.8604
14,17,4,2,0,-1,-1,-1,0.000,-1.0000,-1.0000,0.17740,1.79905,0.3650,0.23212,2.01164,42.6350,0.57670,1.05799,0.3650,0.46695,1.29563,0.3650,0.69772,0.82307,0.3650,0.57670,1.05799,0.3650,0.17740,1.79905,0.3650,0.17740,1.79905,0.3650,0.17740,1.79905,0.3650,0.17740,1.79905,0.3650,0.17740,1.79905,0.3650
14,18,0,2,-1,0,1,1,0.000,0.0000,0.3289,0.70979,0.11265,5.7525,0.43930,0.40895,34.2475,0.70979,0.11265,5.7525,0.70979,0.11265,5.7525,0.70979,0.11265,5.7525,0.70979,0.11265,5.7525,0.70979,0.11265,5.7525,0.82069,0.18243,0.7525,0.76704,0.25835,0.7525,0.82069,0.18243,0.7525,0.76704,0.25835,0.7525
14,18,1,2,0,0,2,2,0.000,0.0000,0.1029,0.84729,0.15182,0.0573,0.82547,0.17094,1.0573,0.81842,0.16939,0.0573,0.84729,0.15182,0.0573,0.74531,0.36743,0.0573,0.81842,0.16939,0.0573,0.81842,0.16939,0.0573,0.78306,0.44738,0.0573,0.91647,0.12137,0.0573,0.78306,0.44738,0.0573,0.91647,0.12137,0.0573
14,18,2,2,0,0,0,0,0.000,0.0000,0.2497,0.95068,0.06306,0.1396,0.63071,0.22987,12.1396,0.94337,0.04162,0.1396,0.95068,0.06306,0.1396,0.78689,0.26888,0.1396,0.94337,0.04162,0.1396,0.94337,0.04162,0.1396,0.68431,0.15116,5.8604,0.68431,0.15116,5.8604,0.68431,0.15116,5.8604,0.68431,0.15116,5.8604
14,18,4,2,0,-1,-1,-1,0.000,-1.0000,-1.0000,0.17658,1.86238,9.6350,0.21560,1.98997,42.6350,0.48964,1.15110,9.6350,0.38713,1.38545,9.6350,0.59167,0.92089,9.6350,0.48964,1.15110,9.6350,0.17658,1.86238,9.6350,0.17658,1.86238,9.6350,0.17658,1.86238,9.6350,0.17658,1.86238,9.6350,0.17658,1.86238,9.6350
14,19,0,2,0,0,1,1,0.000,0.0000,0.3453,0.87472,0.11112,0.7525,0.44261,0.54450,34.2475,0.83231,0.16700,0.7525,0.87472,0.11112,0.7525,0.75692,0.36754,0.7525,0.83231,0.16700,0.7525,0.83231,0.16700,0.7525,0.82830,0.17796,0.7525,0.77909,0.23520,0.7525,0.82317,0.17977,0.7525,0.76922,0.25647,0.7525
14,19,1,2,0,0,2,2,0.000,0.0000,0.1198,0.83287,0.16333,1.0573,0.83287,0.16333,1.0573,0.78670,0.19519,1.0573,0.83287,0.16333,1.0573,0.71673,0.37619,1.0573,0.78670,0.19519,1.0573,0.78670,0.19519,1.0573,0.87105,0.26032,0.0573,0.91647,0.12137,0.0573,0.87105,0.26032,0.0573,0.91647,0.12137,0.0573
14,19,2,2,0,0,0,0,0.000,0.0000,0.2308,0.95729,0.04068,0.1396,0.62804,0.21364,12.1396,0.94146,0.04060,0.1396,0.95729,0.04068,0.1396,0.78689,0.27533,0.1396,0.94146,0.04060,0.1396,0.94146,0.04060,0.1396,0.68431,0.15116,5.8604,0.68431,0.15116,5.8604,0.68431,0.15116,5.8604,0.68431,0.15116,5.8604
14,20,0,2,-1,0,1,1,0.000,0.0000,0.3091,0.75587,0.28384,0.7525,0.43066,0.37362,34.2475,0.75587,0.28384,0.7525,0.75587,0.28384,0.7525,0.75587,0.28384,0.7525,0.75587,0.28384,0.7525,0.75587,0.28384,0.7525,0.86047,0.13749,0.2475,0.81575,0.19396,0.2475,0.86092,0.13767,0.2475,0.81575,0.19556,0.2475
14,20,1,2,0,0,2,2,0.000,0.0000,0.1072,0.82050,0.15116,0.9427,0.82473,0.17332,1.0573,0.78789,0.16231,0.9427,0.82050,0.15116,0.9427,0.71626,0.35482,0.9427,0.78789,0.16231,0.9427,0.78789,0.16231,0.9427,0.96419,0.06148,0.0573,0.91607,0.12134,0.0573,0.96419,0.06148,0.0573,0.91607,0.12134,0.0573
14,20,2,2,0,0,0,0,0.000,0.0000,0.1926,0.78923,0.17240,5.1396,0.63781,0.26787,12.1396,0.81589,0.01934,5.1396,0.78923,0.17240,5.1396,0.74183,0.21632,5.1396,0.81589,0.01934,5.1396,0.81589,0.01934,5.1396,0.68431,0.15116,5.8604,0.68431,0.15116,5.8604,0.68431,0.15116,5.8604,0.68431,0.15116,5.8604
14,20,4,2,-1,-1,-1,-1,0.000,-1.0000,-1.0000,0.00285,3.28092,0.6350,0.01819,3.28406,42.6350,0.00285,3.28092,0.6350,0.00285,3.28092,0.6350,0.00285,3.28092,0.6350,0.00285,3.28092,0.6350,0.00285,3.28092,0.6350,0.00285,3.28092,0.6350,0.00285,3.28092,0.6350,0.00285,3.28092,0.6350,0.00285,3.28092,0.6350
14,21,0,1,-1,0,1,1,0.000,0.0000,0.2689,0.75583,0.50105,0.7525,0.49112,0.62255,34.2475,0.75583,0.50105,0.7525,0.75583,0.50105,0.7525,0.75583,0.50105,0.7525,0.75583,0.50105,0.7525,0.91566,0.08739,0.7525,0.85692,0.11521,0.2475,0.81325,0.17432,0.2475,0.85692,0.11521,0.2475,0.81325,0.17432,0.2475
14,21,1,2,-1,0,2,2,0.000,0.0000,0.3392,0.38522,0.52944,42.9427,0.62900,0.28415,1.0573,0.38522,0.52944,42.9427,0.38522,0.52944,42.9427,0.38522,0.52944,42.9427,0.38522,0.52944,42.9427,0.38522,0.52944,42.9427,0.96419,0.06148,0.0573,0.91607,0.12134,0.0573,0.96419,0.06148,0.0573,0.91607,0.12134,0.0573
14,21,2,2,0,0,0,0,0.000,0.0000,0.2085,0.82909,0.16171,0.8604,0.65099,0.20586,12.1396,0.81135,0.16314,0.8604,0.82909,0.16171,0.8604,0.77928,0.27715,0.8604,0.81135,0.16314,0.8604,0.81135,0.16314,0.8604,0.68431,0.15116,5.8604,0.68431,0.15116,5.8604,0.68431,0.15116,5.8604,0.68431,0.15116,5.8604
14,21,4,2,-1,-1,-1,-1,0.000,-1.0000,-1.0000,0.00400,3.26427,0.6350,0.03032,3.26279,42.6350,0.00400,3.26427,0.6350,0.00400,3.26427,0.6350,0.00400,3.26427,0.6350,0.00400,3.26427,0.6350,0.00400,3.26427,0.6350,0.00400,3.26427,0.6350,0.00400,3.26427,0.6350,0.00400,3.26427,0.6350,0.00400,3.26427,0.6350
14,22,0,1,-1,0,1,1,0.000,0.0000,0.2360,0.58206,0.88112,0.2475,0.46528,0.91092,34.2475,0.58206,0.88112,0.2475,0.58206,0.88112,0.2475,0.58206,0.88112,0.2475,0.58206,0.88112,0.2475,0.91941,0.07897,0.2475,0.85723,0.12811,0.7525,0.82060,0.17020,0.7525,0.85723,0.12811,0.7525,0.82060,0.17020,0.7525
14,22,1,2,-1,0,2,2,0.000,0.0000,0.5843,0.41880,0.68129,42.9427,0.73050,0.31068,1.0573,0.41880,0.68129,42.9427,0.41880,0.68129,42.9427,0.41880,0.68129,42.9427,0.41880,0.68129,42.9427,0.38440,0.68129,42.9427,0.80493,0.16952,3.9427,0.80028,0.02963,3.9427,0.80493,0.16952,3.9427,0.80028,0.02963,3.9427
14,22,2,2,-1,0,0,0,0.000,0.0000,0.2362,0.65938,0.48919,1.1396,0.53954,0.58662,12.1396,0.65938,0.48919,1.1396,0.65938,0.48919,1.1396,0.65938,0.48919,1.1396,0.65938,0.48919,1.1396,0.76730,0.22092,1.1396,0.68431,0.15116,5.8604,0.68431,0.15116,5.8604,0.68431,0.15116,5.8604,0.68431,0.15116,5.8604
14,22,4,2,0,-1,-1,-1,0.000,-1.0000,-1.0000,0.00772,3.37868,1.3650,0.05047,3.28986,42.6350,0.51790,1.33638,1.3650,0.44592,1.55593,1.3650,0.54252,1.12809,1.3650,0.13351,3.06691,1.3650,0.00772,3.37868,1.3650,0.00772,3.37868,1.3650,0.00772,3.37868,1.3650,0.00772,3.37868,1.3650,0.00772,3.37868,1.3650
14,23,0,2,-1,0,1,1,0.000,0.0000,1.0373,0.33201,1.40741,10.7525,0.34512,1.56153,34.2475,0.33201,1.40741,10.7525,0.33201,1.40741,10.7525,0.33201,1.40741,10.7525,0.33201,1.40741,10.7525,0.28159,1.40741,10.7525,0.85284,0.11412,0.2475,0.81325,0.15941,0.2475,0.85284,0.11412,0.2475,0.81325,0.15941,0.2475
14,23,1,2,-1,0,2,2,0.000,0.0000,0.4033,0.53331,0.21803,19.9427,0.73895,0.19302,1.0573,0.53331,0.21803,19.9427,0.53331,0.21803,19.9427,0.53331,0.21803,19.9427,0.53331,0.21803,19.9427,0.51882,0.07097,19.9427,0.82606,0.15470,1.9427,0.81462,0.05294,1.9427,0.82606,0.15470,1.9427,0.81462,0.05294,1.9427
14,23,2,2,0,0,0,0,0.000,0.0000,0.1665,0.88837,0.13308,1.8604,0.60996,0.31121,12.1396,0.90525,0.04727,1.8604,0.88837,0.13308,1.8604,0.78689,0.22727,1.8604,0.90525,0.04727,1.8604,0.90525,0.04727,1.8604,0.68431,0.15116,5.8604,0.68431,0.15116,5.8604,0.68431,0.15116,5.8604,0.68431,0.15116,5.8604
14,23,4,2,0,1,3,3,0.000,0.0000,0.1808,0.03629,3.14619,0.6350,0.08885,3.17183,42.6350,0.66926,1.04514,0.6350,0.60214,1.27012,0.6350,0.73602,0.82018,0.6350,0.20105,2.69914,0.6350,0.89026,0.29553,0.6350,0.83942,0.45993,0.6350,0.89034,0.28593,0.6350,0.83942,0.45993,0.6350,0.89034,0.28593,0.6350
14,24,0,2,-1,0,1,1,0.000,0.0000,0.3701,0.44078,1.61643,5.7525,0.23628,1.34651,34.2475,0.44078,1.61643,5.7525,0.44078,1.61643,5.7525,0.44078,1.61643,5.7525,0.44078,1.61643,5.7525,0.44078,1.61643,5.7525,0.85660,0.12152,0.7525,0.82142,0.16024,0.7525,0.85660,0.12152,0.7525,0.82142,0.16024,0.7525
14,24,1,2,0,0,2,2,0.000,0.0000,0.3852,0.65488,0.32365,11.0573,0.70989,0.18058,1.0573,0.65488,0.32365,11.0573,0.65488,0.32365,11.0573,0.60664,0.32441,11.0573,0.65488,0.32365,11.0573,0.65488,0.32365,11.0573,0.77186,0.17520,3.9427,0.76657,0.05326,3.9427,0.77186,0.17520,3.9427,0.76657,0.05326,3.9427
14,24,2,2,0,0,0,0,0.000,0.0000,0.1165,0.91898,0.12293,0.1396,0.61775,0.29050,12.1396,0.93881,0.02785,0.1396,0.91898,0.12293,0.1396,0.78689,0.26428,0.1396,0.93881,0.02785,0.1396,0.93881,0.02785,0.1396,0.68431,0.15116,5.8604,0.68431,0.15116,5.8604,0.68431,0.15116,5.8604,0.68431,0.15116,5.8604
14,24,4,2,0,1,3,3,0.000,0.0000,0.3241,0.00773,3.43393,0.6350,0.07186,3.23924,42.6350,0.55988,1.43626,0.6350,0.49798,1.66116,0.6350,0.62155,1.21141,0.6350,0.14429,3.07699,0.6350,0.76336,0.68788,0.6350,0.83942,0.45993,0.6350,0.89034,0.28593,0.6350,0.83942,0.45993,0.6350,0.89034,0.28593,0.6350
14,25,0,2,-1,0,1,1,0.000,0.0000,0.2581,0.56960,0.32109,10.7525,0.43605,0.64748,34.2475,0.56960,0.32109,10.7525,0.56960,0.32109,10.7525,0.56960,0.32109,10.7525,0.56960,0.32109,10.7525,0.57510,0.24091,10.7525,0.85579,0.12132,0.7525,0.82142,0.15760,0.7525,0.85579,0.12132,0.7525,0.82142,0.15760,0.7525
14,25,1,2,0,0,2,2,0.000,0.0000,0.3208,0.71058,0.26366,7.0573,0.78533,0.21024,1.0573,0.71058,0.26366,7.0573,0.71058,0.26366,7.0573,0.66353,0.24697,7.0573,0.71058,0.26366,7.0573,0.71058,0.26366,7.0573,0.78110,0.17304,2.9427,0.77278,0.07456,2.9427,0.78110,0.17304,2.9427,0.77278,0.07456,2.9427
14,25,2,2,0,0,0,0,0.000,0.0000,0.0972,0.92570,0.06302,0.1396,0.66106,0.18176,12.1396,0.94719,0.03294,0.1396,0.92570,0.06302,0.1396,0.78689,0.26327,0.1396,0.94719,0.03294,0.1396,0.94719,0.03294,0.1396,0.68431,0.15116,5.8604,0.68431,0.15116,5.8604,0.68431,0.15116,5.8604,0.68431,0.15116,5.8604
14,25,4,1,0,1,3,3,0.000,0.0000,0.2180,0.00876,3.24457,0.3650,0.07683,3.23387,42.6350,0.65988,1.05990,0.3650,0.59362,1.28482,0.3650,0.72590,0.83504,0.3650,0.19977,2.40962,0.3650,0.87884,0.31112,0.3650,0.83942,0.45993,0.6350,0.89034,0.28593,0.6350,0.83942,0.45993,0.6350,0.89034,0.28593,0.6350
14,26,0,2,-1,0,1,1,0.000,0.0000,0.1543,0.49871,0.36669,28.7525,0.48393,0.26097,34.2475,0.49871,0.36669,28.7525,0.49871,0.36669,28.7525,0.49871,0.36669,28.7525,0.49871,0.36669,28.7525,0.48683,0.08178,28.7525,0.82939,0.10467,0.2475,0.80367,0.10942,0.2475,0.83921,0.10098,0.2475,0.80367,0.13739,0.2475
14,26,1,1,0,0,2,2,0.000,0.0000,0.0904,0.66059,0.35269,2.0573,0.67387,0.34062,1.0573,0.77734,0.25873,2.0573,0.70052,0.31749,2.0573,0.76967,0.22200,2.0573,0.77734,0.25873,2.0573,0.77734,0.25873,2.0573,0.79545,0.12974,2.9427,0.77278,0.12974,2.9427,0.79545,0.12974,2.9427,0.77278,0.12974,2.9427
14,26,2,2,0,0,0,0,0.000,0.0000,0.0928,0.87081,0.13989,0.1396,0.64642,0.28916,12.1396,0.94989,0.03164,0.1396,0.87081,0.13989,0.1396,0.78689,0.26451,0.1396,0.94989,0.03164,0.1396,0.94989,0.03164,0.1396,0.68431,0.15116,5.8604,0.68431,0.15116,5.8604,0.68431,0.15116,5.8604,0.68431,0.15116,5.8604
14,26,4,1,0,1,3,3,0.000,0.0000,0.2637,0.18801,2.76424,7.3650,0.12944,2.97201,42.6350,0.48237,1.43099,7.3650,0.44265,1.64735,7.3650,0.51841,1.21778,7.3650,0.15657,2.83209,7.3650,0.58818,0.74766,7.3650,0.83709,0.45193,0.3650,0.88459,0.28756,0.3650,0.83709,0.45193,0.3650,0.88459,0.28756,0.3650
14,27,0,2,-1,0,1,1,0.000,0.0000,0.2028,0.68649,0.19126,11.2475,0.48387,0.41251,34.2475,0.68649,0.19126,11.2475,0.68649,0.19126,11.2475,0.68649,0.19126,11.2475,0.68649,0.19126,11.2475,0.67886,0.18659,11.2475,0.82274,0.11063,0.2475,0.80367,0.10120,0.2475,0.82274,0.11063,0.2475,0.80367,0.10120,0.2475
14,27,1,1,0,0,2,2,0.000,0.0000,0.1429,0.84091,0.23022,1.0573,0.84091,0.23022,1.0573,0.84091,0.23022,1.0573,0.84091,0.23022,1.0573,0.77710,0.22924,1.0573,0.84091,0.23022,1.0573,0.84091,0.23022,1.0573,0.79545,0.12974,2.9427,0.77278,0.12974,2.9427,0.79545,0.12974,2.9427,0.77278,0.12974,2.9427
14,27,2,2,0,0,0,0,0.000,0.0000,0.0961,0.93777,0.08278,0.1396,0.64655,0.23848,12.1396,0.95182,0.03325,0.1396,0.93777,0.08278,0.1396,0.78689,0.26901,0.1396,0.95182,0.03325,0.1396,0.95182,0.03325,0.1396,0.68431,0.15116,5.8604,0.68431,0.15116,5.8604,0.68431,0.15116,5.8604,0.68431,0.15116,5.8604
14,27,4,1,0,1,3,3,0.000,0.0000,0.1419,0.01171,3.23843,1.3650,0.07793,3.23557,42.6350,0.64332,1.06840,1.3650,0.58119,1.29286,1.3650,0.70448,0.84422,1.3650,0.19889,2.41667,1.3650,0.84309,0.32562,1.3650,0.83709,0.45193,0.3650,0.88459,0.28756,0.3650,0.83709,0.45193,0.3650,0.88459,0.28756,0.3650
14,28,0,2,-1,0,1,1,0.000,0.0000,0.5818,0.41501,1.26391,0.7525,0.34594,0.57361,34.2475,0.41501,1.26391,0.7525,0.41501,1.26391,0.7525,0.41501,1.26391,0.7525,0.41501,1.26391,0.7525,0.41468,1.26571,0.7525,0.80221,0.12374,1.2475,0.77794,0.11621,1.2475,0.80221,0.12374,1.2475,0.77794,0.11621,1.2475
14,28,1,1,0,0,2,2,0.000,0.0000,0.1877,0.94580,0.02294,0.0573,0.92209,0.02129,1.0573,0.87995,0.02294,0.0573,0.94580,0.02294,0.0573,0.77710,0.00603,0.0573,0.87995,0.02294,0.0573,0.87995,0.02294,0.0573,0.79545,0.12974,2.9427,0.77278,0.12974,2.9427,0.79545,0.12974,2.9427,0.77278,0.12974,2.9427
14,28,2,2,0,0,0,0,0.000,0.0000,0.0984,0.91460,0.07247,0.1396,0.66156,0.19475,12.1396,0.95115,0.04065,0.1396,0.91460,0.07247,0.1396,0.78689,0.27528,0.1396,0.95115,0.04065,0.1396,0.95115,0.04065,0.1396,0.68431,0.15116,5.8604,0.68431,0.15116,5.8604,0.68431,0.15116,5.8604,0.68431,0.15116,5.8604
14,28,4,2,0,0,3,3,0.000,0.0000,0.3571,0.04580,3.21430,14.3650,0.11254,3.15033,42.6350,0.44077,1.38242,14.3650,0.41819,1.57837,14.3650,0.45758,1.19674,14.3650,0.17667,2.62884,14.3650,0.44077,1.38242,14.3650,0.83709,0.45193,0.3650,0.88459,0.28756,0.3650,0.83709,0.45193,0.3650,0.88459,0.28756,0.3650
14,29,0,2,0,0,1,1,0.000,0.0000,0.2919,0.87842,0.12462,2.2475,0.49549,0.45119,34.2475,0.86420,0.05409,2.2475,0.87842,0.12462,2.2475,0.78600,0.26032,2.2475,0.86420,0.05409,2.2475,0.86420,0.05409,2.2475,0.79288,0.14936,0.2475,0.77450,0.14251,0.2475,0.79288,0.14936,0.2475,0.77450,0.14251,0.2475
14,29,1,1,0,0,2,2,0.000,0.0000,0.2205,0.96409,0.03251,0.0573,0.94775,0.03228,1.0573,0.89101,0.03251,0.0573,0.96409,0.03251,0.0573,0.77710,0.00957,0.0573,0.89101,0.03251,0.0573,0.89101,0.03251,0.0573,0.79545,0.12974,2.9427,0.77278,0.12974,2.9427,0.79545,0.12974,2.9427,0.77278,0.12974,2.9427
14,29,2,2,0,0,0,0,0.000,0.0000,0.1011,0.92387,0.07278,0.1396,0.64961,0.22724,12.1396,0.95214,0.04457,0.1396,0.92387,0.07278,0.1396,0.78689,0.28292,0.1396,0.95214,0.04457,0.1396,0.95214,0.04457,0.1396,0.68431,0.15116,5.8604,0.68431,0.15116,5.8604,0.68431,0.15116,5.8604,0.68431,0.15116,5.8604
14,29,4,2,-1,0,3,3,0.000,0.0000,0.1192,0.42957,1.82730,0.6350,0.21714,2.39271,42.6350,0.42957,1.82730,0.6350,0.42957,1.82730,0.6350,0.42957,1.82730,0.6350,0.42957,1.82730,0.6350,0.65065,1.04753,0.6350,0.84167,0.45566,0.3650,0.88823,0.29522,0.3650,0.84167,0.45566,0.3650,0.88823,0.29522,0.3650
14,30,0,2,0,0,1,1,0.000,0.0000,0.2676,0.82353,0.25189,2.7525,0.48912,0.35035,34.2475,0.82353,0.25188,2.7525,0.82353,0.25188,2.7525,0.78218,0.05603,2.7525,0.82353,0.25188,2.7525,0.82353,0.25188,2.7525,0.79165,0.15043,0.2475,0.77450,0.14234,0.2475,0.79165,0.15043,0.2475,0.77450,0.14234,0.2475
14,30,1,2,0,0,2,2,0.000,0.0000,0.2312,0.80894,0.09227,2.9427,0.78264,0.14391,1.0573,0.80894,0.09227,2.9427,0.80894,0.09227,2.9427,0.74896,0.14962,2.9427,0.80894,0.09227,2.9427,0.80894,0.09227,2.9427,0.79417,0.11211,2.9427,0.77209,0.16558,2.9427,0.79417,0.11211,2.9427,0.77209,0.16558,2.9427
14,30,2,2,0,0,0,0,0.000,0.0000,0.0423,0.83488,0.15481,0.1396,0.64246,0.25405,12.1396,0.83215,0.14373,0.1396,0.83488,0.15480,0.1396,0.78689,0.28339,0.1396,0.83215,0.14373,0.1396,0.83215,0.14373,0.1396,0.68431,0.15116,5.8604,0.68431,0.15116,5.8604,0.68431,0.15116,5.8604,0.68431,0.15116,5.8604
14,30,4,2,-1,1,3,3,0.000,0.0000,0.0871,0.83737,0.27364,1.6350,0.36765,0.88855,42.6350,0.83737,0.27364,1.6350,0.83737,0.27364,1.6350,0.83737,0.27364,1.6350,0.83737,0.27364,1.6350,0.83737,0.27364,1.6350,0.83968,0.46341,0.3650,0.88389,0.31069,0.3650,0.83968,0.46341,0.3650,0.88389,0.31069,0.3650
14,31,0,2,0,0,1,1,0.000,0.0000,0.1665,0.95125,0.04936,0.2475,0.45885,0.62433,34.2475,0.90869,0.11613,0.2475,0.95125,0.04936,0.2475,0.81082,0.34109,0.2475,0.90869,0.11613,0.2475,0.90869,0.11613,0.2475,0.79165,0.15043,0.2475,0.77450,0.14234,0.2475,0.79165,0.15043,0.2475,0.77450,0.14234,0.2475
14,31,1,2,0,0,2,2,0.000,0.0000,0.1894,0.82655,0.15252,3.9427,0.78351,0.12349,1.0573,0.80178,0.12340,3.9427,0.82655,0.15252,3.9427,0.73165,0.24837,3.9427,0.80178,0.12340,3.9427,0.80178,0.12340,3.9427,0.79417,0.11211,2.9427,0.77209,0.16558,2.9427,0.79417,0.11211,2.9427,0.77209,0.16558,2.9427
14,31,2,2,0,0,0,0,0.000,0.0000,0.0486,0.90981,0.07949,0.1396,0.65350,0.22441,12.1396,0.95171,0.05096,0.1396,0.90981,0.07949,0.1396,0.78689,0.28628,0.1396,0.95171,0.05096,0.1396,0.95171,0.05096,0.1396,0.68431,0.15116,5.8604,0.68431,0.15116,5.8604,0.68431,0.15116,5.8604,0.68431,0.15116,5.8604
14,31,4,2,-1,1,3,3,0.000,0.0000,0.1652,0.58237,0.25759,10.3650,0.36900,0.79163,42.6350,0.58237,0.25759,10.3650,0.58237,0.25759,10.3650,0.58237,0.25759,10.3650,0.58237,0.25759,10.3650,0.58237,0.25759,10.3650,0.82597,0.52505,0.3650,0.85193,0.43402,0.3650,0.82597,0.52505,0.3650,0.85193,0.43402,0.3650
14,32,0,2,0,0,1,1,0.000,0.0000,0.2104,0.93799,0.06580,0.2475,0.48166,0.54356,34.2475,0.89907,0.10747,0.2475,0.93799,0.06580,0.2475,0.81082,0.32603,0.2475,0.89907,0.10747,0.2475,0.89907,0.10747,0.2475,0.79165,0.15043,0.2475,0.77450,0.14234,0.2475,0.79165,0.15043,0.2475,0.77450,0.14234,0.2475
14,32,1,2,-1,0,2,2,0.000,0.0000,0.2162,0.70057,0.22911,8.9427,0.66610,0.21390,1.0573,0.70057,0.22911,8.9427,0.70057,0.22911,8.9427,0.70057,0.22911,8.9427,0.70057,0.22911,8.9427,0.70057,0.22911,8.9427,0.69792,0.06282,5.9427,0.69792,0.06282,5.9427,0.69792,0.06282,5.9427,0.69792,0.06282,5.9427
14,32,2,2,0,0,0,0,0.000,0.0000,0.0496,0.90080,0.08440,0.1396,0.66122,0.21283,12.1396,0.95193,0.03533,0.1396,0.90080,0.08440,0.1396,0.78689,0.27135,0.1396,0.95193,0.03533,0.1396,0.95193,0.03533,0.1396,0.68431,0.15116,5.8604,0.68431,0.15116,5.8604,0.68431,0.15116,5.8604,0.68431,0.15116,5.8604
14,32,4,2,1,1,3,3,0.000,0.0000,0.6675,0.36653,0.99636,15.6350,0.36585,0.87898,42.6350,0.36653,0.99637,15.6350,0.36653,0.99637,15.6350,0.36653,0.99637,15.6350,0.36653,0.99637,15.6350,0.36653,0.99637,15.6350,0.86361,0.38094,0.3650,0.86361,0.38094,0.3650,0.86361,0.38094,0.3650,0.86361,0.38094,0.3650
14,33,0,2,0,0,1,1,0.000,0.0000,0.2649,0.95659,0.03167,0.2475,0.48224,0.48976,34.2475,0.90635,0.10987,0.2475,0.95659,0.03167,0.2475,0.81082,0.33107,0.2475,0.90635,0.10987,0.2475,0.90635,0.10987,0.2475,0.79165,0.15043,0.2475,0.77450,0.14234,0.2475,0.79165,0.15043,0.2475,0.77450,0.14234,0.2475
14,33,1,2,-1,0,2,2,0.000,0.0000,0.9253,0.30576,1.32021,17.0573,0.29764,1.67811,1.0573,0.30576,1.32021,17.0573,0.30576,1.32021,17.0573,0.30576,1.32021,17.0573,0.30576,1.32021,17.0573,0.30576,1.32021,17.0573,0.76655,0.14169,0.9427,0.76655,0.14169,0.9427,0.76655,0.14169,0.9427,0.76655,0.14169,0.9427
14,33,2,2,0,0,0,0,0.000,0.0000,0.0548,0.86616,0.25843,0.1396,0.60715,0.42591,12.1396,0.95214,0.03508,0.1396,0.89644,0.19075,0.1396,0.78689,0.27432,0.1396,0.95214,0.03508,0.1396,0.95214,0.03508,0.1396,0.68431,0.15116,5.8604,0.68431,0.15116,5.8604,0.68431,0.15116,5.8604,0.68431,0.15116,5.8604
14,33,4,2,-1,1,3,3,0.000,0.0000,0.4704,0.75279,0.31272,2.6350,0.36900,0.83897,42.6350,0.75279,0.31272,2.6350,0.75279,0.31272,2.6350,0.75279,0.31272,2.6350,0.75279,0.31272,2.6350,0.75279,0.31272,2.6350,0.86311,0.38326,0.3650,0.86311,0.38326,0.3650,0.86311,0.38326,0.3650,0.86311,0.38326,0.3650
14,34,0,2,0,0,1,1,0.000,0.0000,0.3583,0.86446,0.13906,0.2475,0.49116,0.43931,34.2475,0.81413,0.18337,0.2475,0.86446,0.13907,0.2475,0.74074,0.37229,0.2475,0.81413,0.18337,0.2475,0.81413,0.18337,0.2475,0.79165,0.15043,0.2475,0.77450,0.14234,0.2475,0.79165,0.15043,0.2475,0.77450,0.14234,0.2475
14,34,1,2,-1,0,2,2,0.000,0.0000,0.5293,0.57386,0.68515,5.9427,0.61465,0.63532,1.0573,0.57386,0.68515,5.9427,0.57386,0.68515,5.9427,0.57386,0.68515,5.9427,0.57386,0.68515,5.9427,0.57386,0.68515,5.9427,0.76655,0.14169,0.9427,0.76655,0.14169,0.9427,0.76655,0.14169,0.9427,0.76655,0.14169,0.9427
14,34,2,2,0,0,0,0,0.000,0.0000,0.0586,0.61879,0.73192,0.1396,0.51945,0.88527,12.1396,0.95214,0.04683,0.1396,0.85178,0.18987,0.1396,0.78689,0.28590,0.1396,0.95214,0.04683,0.1396,0.95214,0.04683,0.1396,0.68431,0.15116,5.8604,0.68431,0.15116,5.8604,0.68431,0.15116,5.8604,0.68431,0.15116,5.8604
14,34,4,2,-1,1,3,3,0.000,0.0000,0.6256,0.67017,0.42333,4.6350,0.37729,0.77510,42.6350,0.67017,0.42333,4.6350,0.67017,0.42333,4.6350,0.67017,0.42333,4.6350,0.67017,0.42333,4.6350,0.67017,0.42333,4.6350,0.89589,0.24063,0.3650,0.89589,0.24063,0.3650,0.89589,0.24063,0.3650,0.89589,0.24063,0.3650
14,35,0,2,0,0,1,1,0.000,0.0000,0.3717,0.91762,0.07696,0.2475,0.49946,0.41634,34.2475,0.86495,0.14089,0.2475,0.91762,0.07696,0.2475,0.79294,0.35092,0.2475,0.86495,0.14089,0.2475,0.86495,0.14089,0.2475,0.79165,0.15043,0.2475,0.77450,0.14234,0.2475,0.79165,0.15043,0.2475,0.77450,0.14234,0.2475
14,35,1,2,-1,0,2,2,0.000,0.0000,0.3852,0.68054,0.26023,9.0573,0.79070,0.20930,1.0573,0.68054,0.26023,9.0573,0.68054,0.26023,9.0573,0.68054,0.26023,9.0573,0.68054,0.26023,9.0573,0.69195,0.02449,9.0573,0.76655,0.14169,0.9427,0.76655,0.14169,0.9427,0.76655,0.14169,0.9427,0.76655,0.14169,0.9427
14,35,2,2,0,0,0,0,0.000,0.0000,0.0569,0.55119,0.95506,0.1396,0.44778,1.11593,12.1396,0.95214,0.04643,0.1396,0.89666,0.17997,0.1396,0.78689,0.28484,0.1396,0.95214,0.04643,0.1396,0.95214,0.04643,0.1396,0.68431,0.15116,5.8604,0.68431,0.15116,5.8604,0.68431,0.15116,5.8604,0.68431,0.15116,5.8604
14,35,4,2,-1,1,3,3,0.000,0.0000,0.7003,0.61688,0.37612,3.3650,0.34298,0.24920,42.6350,0.61688,0.37612,3.3650,0.61688,0.37612,3.3650,0.61688,0.37612,3.3650,0.61688,0.37612,3.3650,0.61688,0.37612,3.3650,0.89193,0.20063,0.3650,0.89193,0.20063,0.3650,0.89193,0.20063,0.3650,0.89193,0.20063,0.3650
14,36,0,2,0,0,1,1,0.000,0.0000,0.3405,0.94914,0.04999,0.2475,0.50365,0.38741,34.2475,0.90289,0.12496,0.2475,0.94914,0.04999,0.2475,0.81082,0.34576,0.2475,0.90289,0.12496,0.2475,0.90289,0.12496,0.2475,0.79165,0.15043,0.2475,0.77450,0.14234,0.2475,0.79165,0.15043,0.2475,0.77450,0.14234,0.2475
14,36,1,2,-1,0,2,2,0.000,0.0000,0.2533,0.64603,0.25283,12.0573,0.79152,0.22927,1.0573,0.64603,0.25283,12.0573,0.64603,0.25283,12.0573,0.64603,0.25283,12.0573,0.64603,0.25283,12.0573,0.64832,0.00077,12.0573,0.76655,0.14169,0.9427,0.76655,0.14169,0.9427,0.76655,0.14169,0.9427,0.76655,0.14169,0.9427
14,36,2,2,0,0,0,0,0.000,0.0000,0.0503,0.52614,0.91970,0.1396,0.46504,1.07773,12.1396,0.95214,0.03468,0.1396,0.82259,0.21098,0.1396,0.78689,0.27234,0.1396,0.95214,0.03468,0.1396,0.95214,0.03468,0.1396,0.68431,0.15116,5.8604,0.68431,0.15116,5.8604,0.68431,0.15116,5.8604,0.68431,0.15116,5.8604
14,36,4,2,-1,1,3,3,0.000,0.0000,0.5185,0.71235,0.22607,6.3650,0.36557,0.87185,42.6350,0.71235,0.22607,6.3650,0.71235,0.22607,6.3650,0.71235,0.22607,6.3650,0.71235,0.22607,6.3650,0.71235,0.22607,6.3650,0.82330,0.22599,2.3650,0.82330,0.22599,2.3650,0.82330,0.22599,2.3650,0.82330,0.22599,2.3650
15,0,0,2,0,0,2,2,0.000,0.0000,0.0000,0.15227,1.53263,0.1713,0.19789,1.64756,24.1713,0.84619,0.30648,0.1713,0.68477,0.54403,0.1713,0.91128,0.09667,0.1713,0.84619,0.30648,0.1713,0.84619,0.30648,0.1713,0.15227,1.53263,0.1713,0.84619,0.30648,0.1713,0.15227,1.53263,0.1713,0.84619,0.30648,0.1713
15,0,1,2,0,0,3,3,0.000,0.0000,0.0000,0.89977,0.13520,0.1037,0.44772,0.49786,30.1037,0.90039,0.13121,0.1037,0.89977,0.13520,0.1037,0.82073,0.13813,0.1037,0.90039,0.13121,0.1037,0.90039,0.13121,0.1037,0.89977,0.13520,0.1037,0.90039,0.13121,0.1037,0.89977,0.13520,0.1037,0.90039,0.13121,0.1037
15,0,2,1,0,0,0,0,0.000,0.0000,0.0000,0.29103,0.70001,0.9585,0.39249,0.87791,36.0415,0.84484,0.13478,0.9585,0.76702,0.22283,0.9585,0.83847,0.05364,0.9585,0.84484,0.13478,0.9585,0.84484,0.13478,0.9585,0.28946,0.69607,0.0415,0.85891,0.11548,0.0415,0.28946,0.69607,0.0415,0.85891,0.11548,0.0415
15,0,4,2,0,1,4,4,0.000,0.0000,0.0000,0.79108,0.47060,0.1081,0.38669,1.04911,43.1081,0.79108,0.47060,0.1081,0.79108,0.47060,0.1081,0.84748,0.35565,0.1081,0.79108,0.47060,0.1081,0.91191,0.17212,0.1081,0.79109,0.47060,0.1081,0.91191,0.17211,0.1081,0.79109,0.47060,0.1081,0.91191,0.17211,0.1081
15,1,0,2,0,0,2,2,0.000,0.0000,0.0519,0.17449,1.41840,0.1713,0.23120,1.51241,24.1713,0.84143,0.31187,0.1713,0.68080,0.54971,0.1713,0.90977,0.09892,0.1713,0.84143,0.31187,0.1713,0.84143,0.31187,0.1713,0.00114,2.57170,0.1713,0.85950,0.27989,0.1713,0.00114,2.57170,0.1713,0.85950,0.27989,0.1713
15,1,1,2,0,0,3,3,0.000,0.0000,0.4914,0.85476,0.15480,1.8963,0.43868,0.52368,30.1037,0.88996,0.12869,1.8963,0.85476,0.15481,1.8963,0.82073,0.08583,1.8963,0.88996,0.12869,1.8963,0.88996,0.12869,1.8963,0.80597,0.18008,0.1037,0.90130,0.13022,0.1037,0.80597,0.18008,0.1037,0.90130,0.13022,0.1037
15,1,2,1,0,0,0,0,0.000,0.0000,1.5363,0.38573,0.65676,5.0415,0.42244,0.80862,36.0415,0.70796,0.29820,5.0415,0.63284,0.38638,5.0415,0.72393,0.21155,5.0415,0.70796,0.29820,5.0415,0.70796,0.29820,5.0415,0.22652,0.75429,0.0415,0.86851,0.10520,0.0415,0.22652,0.75429,0.0415,0.86851,0.10520,0.0415
15,1,4,2,-1,1,4,4,0.000,0.0000,0.0474,0.93724,0.06151,0.1081,0.40229,0.69185,43.1081,0.93724,0.06151,0.1081,0.93724,0.06151,0.1081,0.93724,0.06151,0.1081,0.93724,0.06151,0.1081,0.91639,0.16919,0.1081,0.29566,1.94353,1.1081,0.90395,0.18329,1.1081,0.29566,1.94353,1.1081,0.90395,0.18329,1.1081
15,2,0,2,0,-1,-1,-1,0.000,-1.0000,-1.0000,0.16662,1.35017,0.1713,0.23664,1.45613,24.1713,0.84785,0.29409,0.1713,0.68607,0.53229,0.1713,0.91616,0.08423,0.1713,0.84785,0.29409,0.1713,0.16662,1.35017,0.1713,0.16662,1.35017,0.1713,0.16662,1.35017,0.1713,0.16662,1.35017,0.1713,0.16662,1.35017,0.1713
15,2,1,2,0,0,3,3,0.000,0.0000,0.1511,0.85294,0.17967,0.1037,0.44213,0.56356,30.1037,0.88843,0.16157,0.1037,0.86200,0.17635,0.1037,0.82073,0.13207,0.1037,0.88843,0.16157,0.1037,0.88843,0.16157,0.1037,0.61710,0.32627,0.1037,0.90130,0.13023,0.1037,0.61710,0.32627,0.1037,0.90130,0.13023,0.1037
15,2,2,1,-1,0,0,0,0.000,0.0000,7.7073,0.26447,1.50657,8.0415,0.26604,1.46324,36.0415,0.26447,1.50657,8.0415,0.26447,1.50657,8.0415,0.26447,1.50657,8.0415,0.26447,1.50657,8.0415,0.26447,1.50657,8.0415,0.03426,0.94327,0.0415,0.86872,0.10498,0.0415,0.03426,0.94327,0.0415,0.86872,0.10498,0.0415
15,2,4,2,0,0,4,4,0.000,0.0000,1.8058,0.76044,0.60376,1.1081,0.39378,0.97587,43.1081,0.76044,0.60376,1.1081,0.76044,0.60376,1.1081,0.76044,0.60376,1.1081,0.76044,0.60376,1.1081,0.76044,0.60376,1.1081,0.00328,2.80052,0.8919,0.62487,0.44078,0.8919,0.00328,2.80052,0.8919,0.62487,0.44078,0.8919
15,3,0,2,0,0,2,2,0.000,0.0000,0.0584,0.22349,1.08170,0.1713,0.29366,1.21200,24.1713,0.84688,0.29232,0.1713,0.68528,0.53077,0.1713,0.91690,0.08142,0.1713,0.84688,0.29232,0.1713,0.84688,0.29232,0.1713,0.00084,2.58823,1.8287,0.83022,0.26798,1.8287,0.00084,2.58823,1.8287,0.83022,0.26798,1.8287
15,3,1,2,0,0,3,3,0.000,0.0000,0.6306,0.74919,0.27796,1.1037,0.43861,0.58256,30.1037,0.76157,0.25027,1.1037,0.74919,0.27796,1.1037,0.76724,0.21176,1.1037,0.76157,0.25027,1.1037,0.76157,0.25027,1.1037,0.88807,0.13697,0.1037,0.90130,0.12885,0.1037,0.88807,0.13697,0.1037,0.90130,0.12885,0.1037
15,3,2,2,0,0,0,0,0.000,0.0000,1.4886,0.63108,0.41520,0.0415,0.39375,0.87548,36.0415,0.62409,0.41154,0.0415,0.63108,0.41520,0.0415,0.64354,0.42855,0.0415,0.62409,0.41154,0.0415,0.62409,0.41154,0.0415,0.42985,0.55449,0.0415,0.86793,0.12410,0.0415,0.42985,0.55449,0.0415,0.86793,0.12410,0.0415
15,3,4,2,-1,1,4,4,0.000,0.0000,0.9184,0.91081,0.10990,0.1081,0.40513,0.65516,43.1081,0.91081,0.10990,0.1081,0.91081,0.10990,0.1081,0.91081,0.10990,0.1081,0.91081,0.10990,0.1081,0.92100,0.02054,0.1081,0.21869,2.16579,1.1081,0.90028,0.18453,1.1081,0.21869,2.16579,1.1081,0.90028,0.18453,1.1081
15,4,0,2,0,0,2,2,0.000,0.0000,0.0213,0.20023,1.33575,0.1713,0.22038,1.46157,24.1713,0.84594,0.30577,0.1713,0.68452,0.54341,0.1713,0.91167,0.09563,0.1713,0.84594,0.30577,0.1713,0.84594,0.30577,0.1713,0.01542,2.46688,2.1713,0.83065,0.30126,2.1713,0.01542,2.46688,2.1713,0.83065,0.30126,2.1713
15,4,1,2,0,0,3,3,0.000,0.0000,0.4042,0.91566,0.06784,0.1037,0.43706,0.43387,30.1037,0.91566,0.06784,0.1037,0.91566,0.06784,0.1037,0.82073,0.07696,0.1037,0.91566,0.06784,0.1037,0.91566,0.06784,0.1037,0.89410,0.13741,0.1037,0.90012,0.13187,0.1037,0.89410,0.13741,0.1037,0.90012,0.13187,0.1037
15,4,2,2,-1,0,0,0,0.000,0.0000,0.4666,0.60850,0.30500,16.0415,0.38064,0.80153,36.0415,0.60850,0.30500,16.0415,0.60850,0.30500,16.0415,0.60850,0.30500,16.0415,0.60850,0.30500,16.0415,0.60850,0.30500,16.0415,0.51974,0.48329,2.0415,0.79410,0.20310,2.0415,0.51974,0.48329,2.0415,0.79410,0.20310,2.0415
15,4,4,2,0,1,4,4,0.000,0.0000,0.1818,0.90187,0.17668,0.1081,0.39869,0.79118,43.1081,0.90187,0.17668,0.1081,0.90187,0.17668,0.1081,0.91650,0.17379,0.1081,0.90187,0.17668,0.1081,0.91844,0.16732,0.1081,0.22108,2.15600,0.8919,0.90532,0.17190,0.8919,0.22108,2.15600,0.8919,0.90532,0.17190,0.8919
15,5,0,2,0,-1,-1,-1,0.000,-1.0000,-1.0000,0.16528,1.53370,17.1713,0.18050,1.54528,24.1713,0.38949,0.77436,17.1713,0.34922,0.84754,17.1713,0.41939,0.77355,17.1713,0.38949,0.77436,17.1713,0.16528,1.53370,17.1713,0.16528,1.53370,17.1713,0.16528,1.53370,17.1713,0.16528,1.53370,17.1713,0.16528,1.53370,17.1713
15,5,1,2,0,0,3,3,0.000,0.0000,0.1522,0.90074,0.11844,0.1037,0.44219,0.51018,30.1037,0.90824,0.11070,0.1037,0.90074,0.11845,0.1037,0.82073,0.14001,0.1037,0.90824,0.11070,0.1037,0.90824,0.11070,0.1037,0.89546,0.14580,0.1037,0.89616,0.14211,0.1037,0.89546,0.14580,0.1037,0.89616,0.14211,0.1037
15,5,2,2,0,0,0,0,0.000,0.0000,0.5788,0.66289,0.24913,1.0415,0.39980,0.69344,36.0415,0.66289,0.24913,1.0415,0.66289,0.24913,1.0415,0.66289,0.24913,1.0415,0.66289,0.24913,1.0415,0.66289,0.24913,1.0415,0.63129,0.40428,0.0415,0.65266,0.37210,0.0415,0.63129,0.40428,0.0415,0.65266,0.37210,0.0415
15,5,4,2,-1,1,4,4,0.000,0.0000,0.3476,0.77039,0.26997,0.8919,0.39813,0.72174,43.1081,0.77039,0.26997,0.8919,0.77039,0.26997,0.8919,0.77039,0.26997,0.8919,0.77039,0.26997,0.8919,0.73425,0.31078,0.8919,0.27489,2.00113,0.1081,0.92364,0.17096,0.1081,0.27489,2.00113,0.1081,0.92364,0.17096,0.1081
15,6,1,2,0,0,3,3,0.000,0.0000,0.0399,0.89787,0.21451,0.1037,0.43387,0.60477,30.1037,0.89113,0.15543,0.1037,0.89787,0.21451,0.1037,0.82073,0.14003,0.1037,0.89113,0.15543,0.1037,0.89113,0.15543,0.1037,0.91802,0.14109,0.1037,0.89616,0.14211,0.1037,0.91802,0.14109,0.1037,0.89616,0.14211,0.1037
15,6,2,2,-1,0,0,0,0.000,0.0000,0.7101,0.74027,0.25619,4.0415,0.42848,0.68888,36.0415,0.74027,0.25619,4.0415,0.74027,0.25619,4.0415,0.74027,0.25619,4.0415,0.74027,0.25619,4.0415,0.74027,0.25619,4.0415,0.79631,0.21483,1.0415,0.78558,0.21196,1.0415,0.79631,0.21483,1.0415,0.78558,0.21196,1.0415
15,6,4,2,0,1,4,4,0.000,0.0000,0.3693,0.70176,0.36888,3.8919,0.40364,0.85237,43.1081,0.70176,0.36888,3.8919,0.70176,0.36888,3.8919,0.76786,0.31737,3.8919,0.70176,0.36888,3.8919,0.78262,0.23241,3.8919,0.67029,0.83317,0.1081,0.92361,0.17096,0.1081,0.67029,0.83317,0.1081,0.92361,0.17096,0.1081
15,7,1,2,0,0,3,3,0.000,0.0000,0.0717,0.90167,0.14178,0.1037,0.44260,0.52254,30.1037,0.89718,0.14035,0.1037,0.90167,0.14178,0.1037,0.82073,0.14237,0.1037,0.89718,0.14035,0.1037,0.89718,0.14035,0.1037,0.91802,0.14109,0.1037,0.89616,0.14211,0.1037,0.91802,0.14109,0.1037,0.89616,0.14211,0.1037
15,7,2,2,-1,0,0,0,0.000,0.0000,1.1363,0.43263,0.70100,34.0415,0.41787,0.73564,36.0415,0.43263,0.70100,34.0415,0.43263,0.70100,34.0415,0.43263,0.70100,34.0415,0.43263,0.70100,34.0415,0.43263,0.70100,34.0415,0.69394,0.17248,8.9585,0.70411,0.08003,8.9585,0.69394,0.17248,8.9585,0.70411,0.08003,8.9585
15,7,4,2,0,1,4,4,0.000,0.0000,0.2298,0.86027,0.24482,0.1081,0.39795,0.84495,43.1081,0.86027,0.24482,0.1081,0.86027,0.24482,0.1081,0.88603,0.23917,0.1081,0.86027,0.24482,0.1081,0.91020,0.17390,0.1081,0.85827,0.28050,0.1081,0.92360,0.16833,0.1081,0.85827,0.28050,0.1081,0.92360,0.16833,0.1081
15,8,1,2,0,0,3,3,0.000,0.0000,0.0915,0.95002,0.08904,0.1037,0.43327,0.49847,30.1037,0.91535,0.09360,0.1037,0.95002,0.08904,0.1037,0.82073,0.13724,0.1037,0.91535,0.09360,0.1037,0.91535,0.09360,0.1037,0.92288,0.14046,0.1037,0.89616,0.14211,0.1037,0.92288,0.14046,0.1037,0.89616,0.14211,0.1037
15,8,2,2,-1,0,0,0,0.000,0.0000,1.3146,0.42894,0.78398,28.0415,0.36769,0.93267,36.0415,0.42894,0.78398,28.0415,0.42894,0.78398,28.0415,0.42894,0.78398,28.0415,0.42894,0.78398,28.0415,0.42894,0.78398,28.0415,0.51177,0.60624,14.0415,0.51177,0.60624,14.0415,0.51177,0.60624,14.0415,0.51177,0.60624,14.0415
15,8,4,2,-1,1,4,4,0.000,0.0000,0.2150,0.83108,0.25088,0.1081,0.39535,0.83700,43.1081,0.83108,0.25088,0.1081,0.83108,0.25088,0.1081,0.83108,0.25088,0.1081,0.83108,0.25088,0.1081,0.83446,0.20617,0.1081,0.86429,0.27946,0.1081,0.91838,0.16872,0.1081,0.86429,0.27946,0.1081,0.91838,0.16872,0.1081
15,9,0,2,-1,-1,-1,-1,0.000,-1.0000,-1.0000,0.02553,2.46234,9.1713,0.02923,2.47159,24.1713,0.02553,2.46234,9.1713,0.02553,2.46234,9.1713,0.02553,2.46234,9.1713,0.02553,2.46234,9.1713,0.02553,2.46234,9.1713,0.02553,2.46234,9.1713,0.02553,2.46234,9.1713,0.02553,2.46234,9.1713,0.02553,2.46234,9.1713
15,9,1,2,0,0,3,3,0.000,0.0000,0.1762,0.87952,0.10897,0.8963,0.43329,0.35074,30.1037,0.89190,0.09243,0.8963,0.87952,0.10897,0.8963,0.81082,0.12605,0.8963,0.89190,0.09243,0.8963,0.89190,0.09243,0.8963,0.92825,0.13993,0.1037,0.89616,0.14211,0.1037,0.92825,0.13993,0.1037,0.89616,0.14211,0.1037
15,9,2,2,-1,0,0,0,0.000,0.0000,1.0646,0.60242,0.43953,14.0415,0.38823,0.83938,36.0415,0.60242,0.43953,14.0415,0.60242,0.43953,14.0415,0.60242,0.43953,14.0415,0.60242,0.43953,14.0415,0.60242,0.43953,14.0415,0.51177,0.60624,14.0415,0.51177,0.60624,14.0415,0.51177,0.60624,14.0415,0.51177,0.60624,14.0415
15,9,4,2,-1,1,4,4,0.000,0.0000,0.1466,0.93635,0.05297,0.1081,0.39911,0.68481,43.1081,0.93635,0.05297,0.1081,0.93635,0.05297,0.1081,0.93635,0.05297,0.1081,0.93635,0.05297,0.1081,0.91735,0.14854,0.1081,0.86429,0.27946,0.1081,0.91837,0.16873,0.1081,0.86429,0.27946,0.1081,0.91837,0.16873,0.1081
15,10,0,2,-1,-1,-1,-1,0.000,-1.0000,-1.0000,0.00493,2.72600,0.8287,0.02092,2.66222,24.1713,0.00493,2.72600,0.8287,0.00493,2.72600,0.8287,0.00493,2.72600,0.8287,0.00493,2.72600,0.8287,0.00493,2.72600,0.8287,0.00493,2.72600,0.8287,0.00493,2.72600,0.8287,0.00493,2.72600,0.8287,0.00493,2.72600,0.8287
15,10,1,2,-1,0,3,3,0.000,0.0000,0.0193,0.56174,0.30103,16.1037,0.44401,0.47644,30.1037,0.56174,0.30103,16.1037,0.56174,0.30103,16.1037,0.56174,0.30103,16.1037,0.56174,0.30103,16.1037,0.56959,0.25527,16.1037,0.94348,0.10315,0.1037,0.91022,0.10609,0.1037,0.94348,0.10315,0.1037,0.91022,0.10609,0.1037
15,10,2,2,-1,0,0,0,0.000,0.0000,0.6829,0.67984,0.11187,8.9585,0.40018,0.74675,36.0415,0.67984,0.11187,8.9585,0.67984,0.11187,8.9585,0.67984,0.11187,8.9585,0.67984,0.11187,8.9585,0.67966,0.10846,8.9585,0.51177,0.60624,14.0415,0.51177,0.60624,14.0415,0.51177,0.60624,14.0415,0.51177,0.60624,14.0415
15,10,4,2,0,1,4,4,0.000,0.0000,0.1296,0.73492,0.60112,0.1081,0.38210,1.13898,43.1081,0.73932,0.58792,0.1081,0.73492,0.60112,0.1081,0.85656,0.35946,0.1081,0.73932,0.58792,0.1081,0.92363,0.16622,0.1081,0.86429,0.27946,0.1081,0.91837,0.16873,0.1081,0.86429,0.27946,0.1081,0.91837,0.16873,0.1081
15,11,0,2,-1,-1,-1,-1,0.000,-1.0000,-1.0000,0.05464,2.53121,8.1713,0.06304,2.52475,24.1713,0.05464,2.53121,8.1713,0.05464,2.53121,8.1713,0.05464,2.53121,8.1713,0.05464,2.53121,8.1713,0.05464,2.53121,8.1713,0.05464,2.53121,8.1713,0.05464,2.53121,8.1713,0.05464,2.53121,8.1713,0.05464,2.53121,8.1713
15,11,1,2,0,0,3,3,0.000,0.0000,0.0360,0.88359,0.19681,0.1037,0.43521,0.59565,30.1037,0.89140,0.15519,0.1037,0.88359,0.19681,0.1037,0.82073,0.14243,0.1037,0.89140,0.15519,0.1037,0.89140,0.15519,0.1037,0.94348,0.10315,0.1037,0.91022,0.10609,0.1037,0.94348,0.10315,0.1037,0.91022,0.10609,0.1037
15,11,2,2,0,0,0,0,0.000,0.0000,0.3751,0.01371,2.18222,0.0415,0.09582,2.18442,36.0415,0.95392,0.01657,0.0415,0.88615,0.21974,0.0415,0.84546,0.23428,0.0415,0.25204,1.87011,0.0415,0.95392,0.01657,0.0415,0.51177,0.60624,14.0415,0.51177,0.60624,14.0415,0.51177,0.60624,14.0415,0.51177,0.60624,14.0415
15,11,4,2,-1,1,4,4,0.000,0.0000,0.1665,0.65177,0.53239,0.8919,0.38019,1.01225,43.1081,0.65177,0.53239,0.8919,0.65177,0.53239,0.8919,0.65177,0.53239,0.8919,0.65177,0.53239,0.8919,0.70075,0.34389,0.8919,0.86429,0.27946,0.1081,0.91837,0.16873,0.1081,0.86429,0.27946,0.1081,0.91837,0.16873,0.1081
15,12,0,1,0,0,2,2,0.000,0.0000,0.5753,0.02653,2.64261,5.1713,0.04372,2.63587,24.1713,0.49346,0.82118,5.1713,0.44079,1.01652,5.1713,0.54142,0.64544,5.1713,0.16939,2.08495,5.1713,0.49346,0.82118,5.1713,0.01796,2.45640,2.1713,0.49610,0.60556,2.1713,0.01796,2.45640,2.1713,0.49610,0.60556,2.1713
15,12,1,2,0,0,3,3,0.000,0.0000,0.1215,0.86388,0.28201,0.1037,0.43680,0.51341,30.1037,0.84620,0.28247,0.1037,0.86388,0.28201,0.1037,0.78097,0.27767,0.1037,0.84620,0.28247,0.1037,0.84620,0.28247,0.1037,0.94348,0.10315,0.1037,0.91022,0.10609,0.1037,0.94348,0.10315,0.1037,0.91022,0.10609,0.1037
15,12,2,1,0,0,0,0,0.000,0.0000,0.2285,0.01587,2.17767,0.0415,0.09896,2.17885,36.0415,0.96342,0.00758,0.0415,0.89502,0.21925,0.0415,0.84580,0.23086,0.0415,0.25220,1.34420,0.0415,0.96342,0.00758,0.0415,0.51177,0.60624,14.0415,0.51177,0.60624,14.0415,0.51177,0.60624,14.0415,0.51177,0.60624,14.0415
15,12,4,2,-1,1,4,4,0.000,0.0000,0.1039,0.89905,0.10727,0.1081,0.40411,0.71243,43.1081,0.89905,0.10727,0.1081,0.89905,0.10727,0.1081,0.89905,0.10727,0.1081,0.89905,0.10727,0.1081,0.91682,0.16529,0.1081,0.94156,0.06456,0.1081,0.91838,0.16873,0.1081,0.94156,0.06456,0.1081,0.91838,0.16873,0.1081
15,13,0,1,0,0,2,2,0.000,0.0000,0.4410,0.05387,2.55763,5.1713,0.09378,2.52192,24.1713,0.66801,0.68511,5.1713,0.60811,0.90588,5.1713,0.72239,0.46838,5.1713,0.17192,2.02376,5.1713,0.66801,0.68511,5.1713,0.01651,2.48087,7.1713,0.31080,0.93951,7.1713,0.01651,2.48087,7.1713,0.31080,0.93951,7.1713
15,13,1,2,0,0,3,3,0.000,0.0000,0.0924,0.92903,0.11526,0.1037,0.43675,0.51713,30.1037,0.90610,0.11792,0.1037,0.92903,0.11526,0.1037,0.82073,0.14214,0.1037,0.90610,0.11792,0.1037,0.90610,0.11792,0.1037,0.94374,0.10254,0.1037,0.91022,0.10609,0.1037,0.94374,0.10254,0.1037,0.91022,0.10609,0.1037
15,13,2,1,0,0,0,0,0.000,0.0000,0.3376,0.01284,2.32783,0.0415,0.09746,2.21892,36.0415,0.86133,0.28564,0.0415,0.76785,0.51062,0.0415,0.84580,0.06075,0.0415,0.20139,1.63561,0.0415,0.86133,0.28564,0.0415,0.48975,0.64429,15.0415,0.48975,0.64429,15.0415,0.48975,0.64429,15.0415,0.48975,0.64429,15.0415
15,13,4,2,0,1,4,4,0.000,0.0000,0.0840,0.66119,0.56214,1.8919,0.39062,1.07734,43.1081,0.68242,0.55233,1.8919,0.66119,0.56214,1.8919,0.80045,0.37366,1.8919,0.68242,0.55233,1.8919,0.85260,0.18894,1.8919,0.94156,0.06456,0.1081,0.91838,0.16873,0.1081,0.94156,0.06456,0.1081,0.91838,0.16873,0.1081
15,14,0,1,0,0,2,2,0.000,0.0000,0.2399,0.10354,2.32478,1.8287,0.14193,2.35623,24.1713,0.77675,0.45496,1.8287,0.70167,0.67801,1.8287,0.84097,0.23564,1.8287,0.20569,1.80056,1.8287,0.77675,0.45496,1.8287,0.07911,2.37236,8.8287,0.60254,0.54331,8.8287,0.07911,2.37236,8.8287,0.60254,0.54331,8.8287
15,14,1,2,0,0,3,3,0.000,0.0000,0.0291,0.88113,0.08027,1.8963,0.42293,0.43736,30.1037,0.89950,0.04124,1.8963,0.88113,0.08027,1.8963,0.82073,0.07086,1.8963,0.89950,0.04124,1.8963,0.89950,0.04124,1.8963,0.94374,0.10254,0.1037,0.91022,0.10609,0.1037,0.94374,0.10254,0.1037,0.91022,0.10609,0.1037
15,14,2,1,0,0,0,0,0.000,0.0000,0.3237,0.01493,2.17972,0.9585,0.09569,2.18186,36.0415,0.93926,0.02382,0.9585,0.87440,0.22117,0.9585,0.84366,0.23123,0.9585,0.25206,1.34515,0.9585,0.93926,0.02382,0.9585,0.48975,0.64429,15.0415,0.48975,0.64429,15.0415,0.48975,0.64429,15.0415,0.48975,0.64429,15.0415
15,14,4,2,0,1,4,4,0.000,0.0000,0.0719,0.69916,0.34960,0.1081,0.41028,0.84655,43.1081,0.80691,0.28474,0.1081,0.72605,0.33056,0.1081,0.88764,0.26284,0.1081,0.80691,0.28474,0.1081,0.92075,0.16654,0.1081,0.94134,0.06509,0.1081,0.91838,0.16732,0.1081,0.94134,0.06509,0.1081,0.91838,0.16732,0.1081
15,15,0,1,0,0,2,2,0.000,0.0000,0.7773,0.17073,2.10974,2.8287,0.21286,2.14076,24.1713,0.21838,1.73058,2.8287,0.21281,1.81995,2.8287,0.22076,1.64128,2.8287,0.21838,1.73058,2.8287,0.21838,1.73058,2.8287,0.15845,2.15970,7.8287,0.61459,0.53204,7.8287,0.15845,2.15970,7.8287,0.61459,0.53204,7.8287
15,15,1,2,0,0,3,3,0.000,0.0000,0.1674,0.57983,0.45303,9.8963,0.43241,0.56828,30.1037,0.63242,0.39496,9.8963,0.57983,0.45303,9.8963,0.68325,0.27995,9.8963,0.63242,0.39496,9.8963,0.63242,0.39496,9.8963,0.94207,0.10675,0.1037,0.90861,0.11017,0.1037,0.94207,0.10675,0.1037,0.90861,0.11017,0.1037
15,15,2,2,0,0,0,0,0.000,0.0000,0.3420,0.07021,2.05337,0.9585,0.11474,2.12677,36.0415,0.93958,0.02141,0.9585,0.87519,0.21882,0.9585,0.83734,0.23600,0.9585,0.24841,1.87088,0.9585,0.93958,0.02141,0.9585,0.48975,0.64429,15.0415,0.48974,0.64429,15.0415,0.48975,0.64429,15.0415,0.48974,0.64429,15.0415
15,15,4,2,0,1,4,4,0.000,0.0000,0.0798,0.59210,0.64689,0.1081,0.38746,1.12667,43.1081,0.69961,0.60582,0.1081,0.62928,0.62976,0.1081,0.84720,0.37055,0.1081,0.69961,0.60582,0.1081,0.91706,0.15614,0.1081,0.94044,0.06573,0.1081,0.91665,0.16750,0.1081,0.94044,0.06573,0.1081,0.91665,0.16750,0.1081
15,16,0,1,0,0,2,2,0.000,0.0000,0.3650,0.37373,1.57593,1.1713,0.36006,1.60159,24.1713,0.84992,0.30979,1.1713,0.76823,0.53397,1.1713,0.90770,0.08984,1.1713,0.84992,0.30979,1.1713,0.84992,0.30979,1.1713,0.15904,2.15806,7.8287,0.61459,0.53204,7.8287,0.15904,2.15806,7.8287,0.61459,0.53204,7.8287
15,16,1,2,0,0,3,3,0.000,0.0000,0.1595,0.81281,0.27076,0.8963,0.43084,0.64873,30.1037,0.84775,0.18434,0.8963,0.81281,0.27076,0.8963,0.82073,0.06362,0.8963,0.84775,0.18434,0.8963,0.84775,0.18434,0.8963,0.94207,0.10675,0.1037,0.90861,0.11017,0.1037,0.94207,0.10675,0.1037,0.90861,0.11017,0.1037
15,16,2,2,0,0,0,0,0.000,0.0000,0.3384,0.01244,2.25068,0.0415,0.09834,2.18305,36.0415,0.93533,0.12681,0.0415,0.83757,0.35181,0.0415,0.83919,0.10940,0.0415,0.22751,1.97292,0.0415,0.93533,0.12681,0.0415,0.48975,0.64429,15.0415,0.48975,0.64429,15.0415,0.48975,0.64429,15.0415,0.48975,0.64429,15.0415
15,16,4,2,0,1,4,4,0.000,0.0000,0.0977,0.47998,0.80299,0.1081,0.37832,1.20386,43.1081,0.70821,0.59251,0.1081,0.59844,0.74561,0.1081,0.85747,0.35806,0.1081,0.70821,0.59251,0.1081,0.92414,0.16757,0.1081,0.94044,0.06573,0.1081,0.91665,0.16750,0.1081,0.94044,0.06573,0.1081,0.91665,0.16750,0.1081
15,17,0,2,0,0,2,2,0.000,0.0000,0.0465,0.68728,0.63445,0.1713,0.51045,0.68617,24.1713,0.79417,0.31687,0.1713,0.72085,0.53454,0.1713,0.86604,0.12779,0.1713,0.79417,0.31687,0.1713,0.79417,0.31687,0.1713,0.16616,2.14056,7.8287,0.61947,0.52778,7.8287,0.16616,2.14056,7.8287,0.61947,0.52778,7.8287
15,17,1,2,0,0,3,3,0.000,0.0000,0.0866,0.73043,0.60077,0.1037,0.40979,0.96734,30.1037,0.88647,0.16937,0.1037,0.81669,0.39040,0.1037,0.82073,0.14213,0.1037,0.88647,0.16937,0.1037,0.88647,0.16937,0.1037,0.94207,0.10675,0.1037,0.90861,0.11017,0.1037,0.94207,0.10675,0.1037,0.90861,0.11017,0.1037
15,17,2,2,0,0,0,0,0.000,0.0000,0.2643,0.02139,2.18148,3.0415,0.10651,2.14608,36.0415,0.87113,0.10631,3.0415,0.80841,0.27047,3.0415,0.76075,0.24986,3.0415,0.24000,1.96920,3.0415,0.87113,0.10631,3.0415,0.48975,0.64429,15.0415,0.48975,0.64429,15.0415,0.48975,0.64429,15.0415,0.48975,0.64429,15.0415
15,17,4,2,0,1,4,4,0.000,0.0000,0.0624,0.31261,1.17008,3.8919,0.34271,1.39758,43.1081,0.58579,0.78943,3.8919,0.47736,1.03176,3.8919,0.70313,0.54711,3.8919,0.58579,0.78943,3.8919,0.77716,0.18827,3.8919,0.94044,0.06573,0.1081,0.91665,0.16750,0.1081,0.94044,0.06573,0.1081,0.91665,0.16750,0.1081
15,18,0,2,-1,0,2,2,0.000,0.0000,0.3406,0.84504,0.13760,0.1713,0.50966,0.29024,24.1713,0.84504,0.13760,0.1713,0.84504,0.13760,0.1713,0.84504,0.13760,0.1713,0.84504,0.13760,0.1713,0.84504,0.13760,0.1713,0.32628,1.69293,7.8287,0.67840,0.45728,7.8287,0.32628,1.69293,7.8287,0.67840,0.45728,7.8287
15,18,1,2,0,1,3,3,0.000,0.0000,0.0947,0.52857,1.03514,0.1037,0.34494,1.40299,30.1037,0.83913,0.18929,0.1037,0.76068,0.39893,0.1037,0.82073,0.07757,0.1037,0.83913,0.18929,0.1037,0.67034,0.58948,0.1037,0.94207,0.10675,0.1037,0.90861,0.11017,0.1037,0.94207,0.10675,0.1037,0.90861,0.11017,0.1037
15,18,2,2,0,-1,-1,-1,0.000,-1.0000,-1.0000,0.00565,2.36742,0.9585,0.05244,2.18698,36.0415,0.54917,0.54082,0.9585,0.53264,0.64524,0.9585,0.51730,0.53487,0.9585,0.13641,2.44503,0.9585,0.00565,2.36742,0.9585,0.00565,2.36742,0.9585,0.00565,2.36742,0.9585,0.00565,2.36742,0.9585,0.00565,2.36742,0.9585
15,18,4,2,0,-1,-1,-1,0.000,-1.0000,-1.0000,0.20172,1.66886,0.1081,0.19869,1.91715,43.1081,0.70913,0.59915,0.1081,0.57386,0.83779,0.1081,0.85857,0.36540,0.1081,0.70913,0.59915,0.1081,0.20172,1.66886,0.1081,0.20172,1.66886,0.1081,0.20172,1.66886,0.1081,0.20172,1.66886,0.1081,0.20172,1.66886,0.1081
15,19,0,2,0,0,2,2,0.000,0.0000,0.6093,0.88533,0.03461,2.1713,0.49566,0.18207,24.1713,0.88533,0.03461,2.1713,0.88533,0.03461,2.1713,0.88533,0.03461,2.1713,0.88533,0.03461,2.1713,0.88533,0.03461,2.1713,0.70514,0.72194,0.1713,0.79609,0.47229,0.1713,0.70514,0.72194,0.1713,0.79609,0.47229,0.1713
15,19,1,2,0,1,3,3,0.000,0.0000,0.0584,0.01501,2.35316,1.1037,0.08031,2.34744,30.1037,0.83909,0.19862,1.1037,0.79952,0.40246,1.1037,0.77941,0.19051,1.1037,0.22070,2.10011,1.1037,0.63924,0.60675,1.1037,0.94207,0.10675,0.1037,0.90861,0.11017,0.1037,0.94207,0.10675,0.1037,0.90861,0.11017,0.1037
15,19,2,2,0,-1,-1,-1,0.000,-1.0000,-1.0000,0.31057,1.61019,0.0415,0.14903,2.02343,36.0415,0.86705,0.27608,0.0415,0.77329,0.50081,0.0415,0.84580,0.06100,0.0415,0.20617,2.06579,0.0415,0.31057,1.61019,0.0415,0.31057,1.61019,0.0415,0.31057,1.61019,0.0415,0.31057,1.61019,0.0415,0.31057,1.61019,0.0415
15,19,4,2,0,-1,-1,-1,0.000,-1.0000,-1.0000,0.12428,1.91489,0.1081,0.13620,2.11370,43.1081,0.70851,0.60494,0.1081,0.57335,0.84342,0.1081,0.85783,0.37150,0.1081,0.70851,0.60494,0.1081,0.12428,1.91489,0.1081,0.12428,1.91489,0.1081,0.12428,1.91489,0.1081,0.12428,1.91489,0.1081,0.12428,1.91489,0.1081
15,20,0,1,0,0,2,2,0.000,0.0000,0.7625,0.88669,0.04602,2.1713,0.51035,0.27088,24.1713,0.88669,0.04602,2.1713,0.88669,0.04602,2.1713,0.88669,0.04602,2.1713,0.88669,0.04602,2.1713,0.88669,0.04602,2.1713,0.88365,0.20791,1.1713,0.88365,0.20791,1.1713,0.88365,0.20791,1.1713,0.88365,0.20791,1.1713
15,20,1,1,0,1,3,3,0.000,0.0000,0.2440,0.01198,2.52662,0.1037,0.07817,2.38071,30.1037,0.76392,0.51289,0.1037,0.69813,0.73783,0.1037,0.76961,0.28806,0.1037,0.17261,1.86274,0.1037,0.67034,0.23776,0.1037,0.90803,0.19609,0.1037,0.87574,0.19609,0.1037,0.90803,0.19609,0.1037,0.87574,0.19609,0.1037
15,20,2,2,0,0,0,0,0.000,0.0000,0.2679,0.62138,0.78125,0.0415,0.40338,1.00695,36.0415,0.93315,0.04855,0.0415,0.87731,0.19696,0.0415,0.84580,0.25828,0.0415,0.93315,0.04855,0.0415,0.93315,0.04855,0.0415,0.48975,0.64429,15.0415,0.48975,0.64429,15.0415,0.48975,0.64429,15.0415,0.48975,0.64429,15.0415
15,21,0,1,0,0,2,2,0.000,0.0000,0.8127,0.94162,0.02109,0.8287,0.51445,0.26491,24.1713,0.94162,0.02109,0.8287,0.94162,0.02109,0.8287,0.93367,0.01718,0.8287,0.94162,0.02109,0.8287,0.94162,0.02109,0.8287,0.89564,0.12053,1.1713,0.89564,0.12053,1.1713,0.89564,0.12053,1.1713,0.89564,0.12053,1.1713
15,21,1,1,0,1,3,3,0.000,0.0000,0.2198,0.09599,2.17080,3.1037,0.17261,2.11247,30.1037,0.78202,0.23855,3.1037,0.71714,0.44685,3.1037,0.79897,0.12407,3.1037,0.21907,1.55957,3.1037,0.65673,0.55882,3.1037,0.90803,0.19609,0.1037,0.87574,0.19609,0.1037,0.90803,0.19609,0.1037,0.87574,0.19609,0.1037
15,21,2,2,0,0,0,0,0.000,0.0000,0.2598,0.60072,0.82417,0.0415,0.34711,1.29313,36.0415,0.92807,0.04588,0.0415,0.86712,0.21098,0.0415,0.84580,0.24490,0.0415,0.92807,0.04588,0.0415,0.92807,0.04588,0.0415,0.48975,0.64429,15.0415,0.48975,0.64429,15.0415,0.48975,0.64429,15.0415,0.48975,0.64429,15.0415
15,22,0,1,0,0,2,2,0.000,0.0000,0.9122,0.81994,0.19692,3.1713,0.49363,0.46695,24.1713,0.81994,0.19692,3.1713,0.81994,0.19692,3.1713,0.81994,0.19692,3.1713,0.81994,0.19692,3.1713,0.81994,0.19692,3.1713,0.89479,0.11920,1.1713,0.89479,0.11920,1.1713,0.89479,0.11920,1.1713,0.89479,0.11920,1.1713
15,22,1,1,0,0,3,3,0.000,0.0000,0.1608,0.04663,2.27471,0.1037,0.11141,2.27193,30.1037,0.88481,0.17147,0.1037,0.80409,0.39522,0.1037,0.82073,0.06207,0.1037,0.22484,1.51952,0.1037,0.88481,0.17147,0.1037,0.90803,0.19609,0.1037,0.87574,0.19609,0.1037,0.90803,0.19609,0.1037,0.87574,0.19609,0.1037
15,22,2,2,0,0,0,0,0.000,0.0000,0.2134,0.55482,0.97944,0.0415,0.31469,1.41852,36.0415,0.95842,0.02641,0.0415,0.87822,0.24913,0.0415,0.84580,0.20328,0.0415,0.95842,0.02641,0.0415,0.95842,0.02641,0.0415,0.48975,0.64429,15.0415,0.48975,0.64429,15.0415,0.48975,0.64429,15.0415,0.48975,0.64429,15.0415
15,22,4,2,0,-1,-1,-1,0.000,-1.0000,-1.0000,0.00653,2.87944,1.8919,0.03619,2.80932,43.1081,0.41266,0.93365,1.8919,0.39432,1.07607,1.8919,0.42460,0.83840,1.8919,0.11827,2.83818,1.8919,0.00653,2.87944,1.8919,0.00653,2.87944,1.8919,0.00653,2.87944,1.8919,0.00653,2.87944,1.8919,0.00653,2.87944,1.8919
15,23,0,1,-1,0,2,2,0.000,0.0000,0.7530,0.67671,0.18213,8.8287,0.41818,0.49178,24.1713,0.67671,0.18213,8.8287,0.67671,0.18213,8.8287,0.67671,0.18213,8.8287,0.67671,0.18213,8.8287,0.67671,0.18213,8.8287,0.89479,0.11920,1.1713,0.89479,0.11920,1.1713,0.89479,0.11920,1.1713,0.89479,0.11920,1.1713
15,23,1,1,0,0,3,3,0.000,0.0000,0.1003,0.01556,2.34631,1.1037,0.08114,2.34012,30.1037,0.88690,0.16388,1.1037,0.80931,0.39061,1.1037,0.82064,0.11256,1.1037,0.22564,2.03132,1.1037,0.88690,0.16388,1.1037,0.90803,0.19609,0.1037,0.87574,0.19609,0.1037,0.90803,0.19609,0.1037,0.87574,0.19609,0.1037
15,23,2,2,0,0,0,0,0.000,0.0000,0.1999,0.80027,0.37954,0.0415,0.41669,0.88003,36.0415,0.93627,0.04154,0.0415,0.87749,0.20364,0.0415,0.84580,0.25045,0.0415,0.93627,0.04154,0.0415,0.93627,0.04154,0.0415,0.56517,0.50789,15.0415,0.56517,0.50789,15.0415,0.56517,0.50789,15.0415,0.56517,0.50789,15.0415
15,23,4,2,-1,1,4,4,0.000,0.0000,0.3415,0.01027,2.78856,0.1081,0.06229,2.78953,43.1081,0.01027,2.78856,0.1081,0.01027,2.78856,0.1081,0.01027,2.78856,0.1081,0.01027,2.78856,0.1081,0.68593,0.34755,0.1081,0.96250,0.05353,0.1081,0.91665,0.16750,0.1081,0.96250,0.05353,0.1081,0.91665,0.16750,0.1081
15,24,0,1,0,0,2,2,0.000,0.0000,0.6655,0.88648,0.05564,1.8287,0.49602,0.18723,24.1713,0.88648,0.05564,1.8287,0.88648,0.05564,1.8287,0.88648,0.05564,1.8287,0.88648,0.05564,1.8287,0.88648,0.05564,1.8287,0.88533,0.10753,1.1713,0.88533,0.10753,1.1713,0.88533,0.10753,1.1713,0.88533,0.10753,1.1713
15,24,1,2,0,0,3,3,0.000,0.0000,0.1326,0.84175,0.14712,2.1037,0.38075,0.78811,30.1037,0.84175,0.14712,2.1037,0.84175,0.14712,2.1037,0.82060,0.08661,2.1037,0.84175,0.14712,2.1037,0.84175,0.14712,2.1037,0.90803,0.19609,0.1037,0.87574,0.19970,0.1037,0.90803,0.19609,0.1037,0.87574,0.19970,0.1037
15,24,2,2,0,0,0,0,0.000,0.0000,0.1818,0.77835,0.42478,0.0415,0.40994,0.92608,36.0415,0.93390,0.04299,0.0415,0.87471,0.20499,0.0415,0.84580,0.24981,0.0415,0.93390,0.04299,0.0415,0.93390,0.04299,0.0415,0.56699,0.50330,15.0415,0.56699,0.50330,15.0415,0.56699,0.50330,15.0415,0.56699,0.50330,15.0415
15,24,4,1,0,1,4,4,0.000,0.0000,0.2140,0.01083,2.90407,1.1081,0.10629,2.74905,43.1081,0.18639,2.17861,1.1081,0.17714,2.26858,1.1081,0.19260,2.08865,1.1081,0.18639,2.17861,1.1081,0.83613,0.10092,1.1081,0.96701,0.05191,0.1081,0.91693,0.16747,0.1081,0.96701,0.05191,0.1081,0.91693,0.16747,0.1081
15,25,0,2,-1,0,2,2,0.000,0.0000,0.3196,0.38560,1.57290,4.8287,0.30024,1.48163,24.1713,0.38560,1.57290,4.8287,0.38560,1.57290,4.8287,0.38560,1.57290,4.8287,0.38560,1.57290,4.8287,0.38560,1.57290,4.8287,0.88184,0.09746,1.1713,0.88184,0.09746,1.1713,0.88184,0.09746,1.1713,0.88184,0.09746,1.1713
15,25,1,2,-1,0,3,3,0.000,0.0000,1.4994,0.42271,2.43664,1.1037,0.16525,2.08606,30.1037,0.42271,2.43664,1.1037,0.42271,2.43664,1.1037,0.42271,2.43664,1.1037,0.42271,2.43664,1.1037,0.42271,2.43664,1.1037,0.90803,0.19609,0.1037,0.87574,0.19970,0.1037,0.90803,0.19609,0.1037,0.87574,0.19970,0.1037
15,25,2,2,0,0,0,0,0.000,0.0000,0.1711,0.73059,0.50462,0.9585,0.40121,0.99871,36.0415,0.90793,0.06903,0.9585,0.85526,0.20639,0.9585,0.84572,0.25354,0.9585,0.90793,0.06903,0.9585,0.90793,0.06903,0.9585,0.56699,0.50330,15.0415,0.56699,0.50330,15.0415,0.56699,0.50330,15.0415,0.56699,0.50330,15.0415
15,25,4,1,0,1,4,4,0.000,0.0000,0.1161,0.00956,2.80298,0.8919,0.08250,2.79041,43.1081,0.75252,0.61903,0.8919,0.67784,0.84367,0.8919,0.83251,0.39479,0.8919,0.21785,1.96811,0.8919,0.89520,0.13840,0.8919,0.96625,0.05405,0.1081,0.91693,0.16301,0.1081,0.96625,0.05405,0.1081,0.91693,0.16301,0.1081
15,26,0,2,-1,0,2,2,0.000,0.0000,0.1023,0.66148,0.33445,10.8287,0.46261,0.43766,24.1713,0.66148,0.33445,10.8287,0.66148,0.33445,10.8287,0.66148,0.33445,10.8287,0.66148,0.33445,10.8287,0.66148,0.33445,10.8287,0.69632,0.10248,7.8287,0.69632,0.10248,7.8287,0.69632,0.10248,7.8287,0.69632,0.10248,7.8287
15,26,1,1,0,0,3,3,0.000,0.0000,1.0786,0.80525,0.15669,5.1037,0.39584,0.77178,30.1037,0.80525,0.15669,5.1037,0.80525,0.15669,5.1037,0.78211,0.12345,5.1037,0.80525,0.15669,5.1037,0.80525,0.15669,5.1037,0.90031,0.18514,0.1037,0.87977,0.18557,0.1037,0.90031,0.18514,0.1037,0.87977,0.18557,0.1037
15,26,2,2,0,0,0,0,0.000,0.0000,0.1362,0.92350,0.14099,0.0415,0.44018,0.64368,36.0415,0.95614,0.02776,0.0415,0.92350,0.14099,0.0415,0.84580,0.25029,0.0415,0.95614,0.02776,0.0415,0.95614,0.02776,0.0415,0.58829,0.19339,15.0415,0.58829,0.19339,15.0415,0.58829,0.19339,15.0415,0.58829,0.19339,15.0415
15,26,4,1,0,1,4,4,0.000,0.0000,0.1266,0.01009,2.86927,0.1081,0.08123,2.79362,43.1081,0.71643,0.75535,0.1081,0.64126,0.98030,0.1081,0.80471,0.53043,0.1081,0.19710,2.10522,0.1081,0.91586,0.01788,0.1081,0.97060,0.05288,0.1081,0.92080,0.16263,0.1081,0.97060,0.05288,0.1081,0.92080,0.16263,0.1081
15,27,0,2,-1,0,2,2,0.000,0.0000,0.2127,0.63666,0.23969,10.8287,0.46622,0.47197,24.1713,0.63666,0.23969,10.8287,0.63666,0.23969,10.8287,0.63666,0.23969,10.8287,0.63666,0.23969,10.8287,0.63666,0.23969,10.8287,0.76739,0.06748,3.8287,0.76739,0.06748,3.8287,0.76739,0.06748,3.8287,0.76739,0.06748,3.8287
15,27,1,1,0,0,3,3,0.000,0.0000,0.7374,0.85955,0.07829,3.1037,0.46980,0.45453,30.1037,0.85955,0.07829,3.1037,0.85955,0.07829,3.1037,0.81940,0.04393,3.1037,0.85955,0.07829,3.1037,0.85955,0.07829,3.1037,0.88160,0.14945,0.1037,0.88160,0.14945,0.1037,0.88160,0.14945,0.1037,0.88160,0.14945,0.1037
15,27,2,2,0,0,0,0,0.000,0.0000,0.1160,0.80095,0.34356,0.0415,0.42950,0.81623,36.0415,0.91795,0.05658,0.0415,0.85892,0.21028,0.0415,0.84580,0.24751,0.0415,0.91795,0.05658,0.0415,0.91795,0.05658,0.0415,0.58829,0.19339,15.0415,0.58829,0.19339,15.0415,0.58829,0.19339,15.0415,0.58829,0.19339,15.0415
15,27,4,2,0,1,4,4,0.000,0.0000,0.0960,0.01625,2.78355,2.1081,0.08334,2.78775,43.1081,0.72446,0.62413,2.1081,0.65677,0.84697,2.1081,0.80565,0.39944,2.1081,0.21721,2.29210,2.1081,0.86525,0.15194,2.1081,0.96978,0.05520,0.1081,0.92080,0.15789,0.1081,0.96978,0.05520,0.1081,0.92080,0.15789,0.1081
15,28,0,2,-1,0,2,2,0.000,0.0000,0.3447,0.70272,0.20150,7.1713,0.45948,0.48093,24.1713,0.70272,0.20150,7.1713,0.70272,0.20150,7.1713,0.70272,0.20150,7.1713,0.70272,0.20150,7.1713,0.70272,0.20150,7.1713,0.82638,0.10370,1.1713,0.82638,0.10370,1.1713,0.82638,0.10370,1.1713,0.82638,0.10370,1.1713
15,28,1,1,0,0,3,3,0.000,0.0000,0.5380,0.72705,0.17568,5.1037,0.41371,0.21266,30.1037,0.72705,0.17568,5.1037,0.72705,0.17568,5.1037,0.72705,0.17568,5.1037,0.72705,0.17568,5.1037,0.72705,0.17568,5.1037,0.88507,0.14008,0.1037,0.88507,0.14008,0.1037,0.88507,0.14008,0.1037,0.88507,0.14008,0.1037
15,28,2,2,0,0,0,0,0.000,0.0000,0.0799,0.84464,0.32693,0.0415,0.42575,0.80359,36.0415,0.96060,0.01659,0.0415,0.89631,0.21129,0.0415,0.84580,0.24041,0.0415,0.96060,0.01659,0.0415,0.96060,0.01659,0.0415,0.58829,0.19339,15.0415,0.58829,0.19339,15.0415,0.58829,0.19339,15.0415,0.58829,0.19339,15.0415
15,28,4,2,0,0,4,4,0.000,0.0000,0.3737,0.05900,2.75366,16.8919,0.13192,2.61982,43.1081,0.45969,1.02022,16.8919,0.44414,1.19169,16.8919,0.46796,0.87338,16.8919,0.19289,2.19894,16.8919,0.45969,1.02022,16.8919,0.96978,0.05520,0.1081,0.92080,0.15789,0.1081,0.96978,0.05520,0.1081,0.92080,0.15789,0.1081
15,29,0,2,-1,0,2,2,0.000,0.0000,0.3850,0.72212,0.19923,4.1713,0.48198,0.38117,24.1713,0.72212,0.19923,4.1713,0.72212,0.19923,4.1713,0.72212,0.19923,4.1713,0.72212,0.19923,4.1713,0.72212,0.19923,4.1713,0.68083,0.04288,6.8287,0.68083,0.04288,6.8287,0.68083,0.04288,6.8287,0.68083,0.04288,6.8287
15,29,1,1,0,0,3,3,0.000,0.0000,0.2744,0.95005,0.02848,0.1037,0.43160,0.02503,30.1037,0.93988,0.01885,0.1037,0.95005,0.02848,0.1037,0.82073,0.07115,0.1037,0.93988,0.01885,0.1037,0.93988,0.01885,0.1037,0.88414,0.11532,0.1037,0.88414,0.11532,0.1037,0.88414,0.11532,0.1037,0.88414,0.11532,0.1037
15,29,2,2,0,0,0,0,0.000,0.0000,0.0644,0.81969,0.34601,0.0415,0.42836,0.81405,36.0415,0.94222,0.04006,0.0415,0.88507,0.19805,0.0415,0.84580,0.25533,0.0415,0.94222,0.04006,0.0415,0.94222,0.04006,0.0415,0.58622,0.18435,15.0415,0.58622,0.18435,15.0415,0.58622,0.18435,15.0415,0.58622,0.18435,15.0415
15,29,4,2,-1,0,4,4,0.000,0.0000,0.3148,0.59356,0.68091,0.1081,0.34872,1.25702,43.1081,0.59356,0.68091,0.1081,0.59356,0.68091,0.1081,0.59356,0.68091,0.1081,0.59356,0.68091,0.1081,0.60511,0.62817,0.1081,0.96978,0.05520,0.1081,0.92080,0.15789,0.1081,0.96978,0.05520,0.1081,0.92080,0.15789,0.1081
15,30,0,2,-1,0,2,2,0.000,0.0000,0.1479,0.70739,0.47640,0.8287,0.43606,0.13460,24.1713,0.70739,0.47640,0.8287,0.70739,0.47640,0.8287,0.70739,0.47640,0.8287,0.70739,0.47640,0.8287,0.70739,0.47640,0.8287,0.82162,0.09882,1.1713,0.82162,0.09882,1.1713,0.82162,0.09882,1.1713,0.82162,0.09882,1.1713
15,30,1,1,0,0,3,3,0.000,0.0000,0.0392,0.83454,0.20993,1.8963,0.44194,0.34409,30.1037,0.83454,0.20993,1.8963,0.83454,0.20993,1.8963,0.79182,0.20207,1.8963,0.83454,0.20993,1.8963,0.83454,0.20993,1.8963,0.88414,0.11532,0.1037,0.88414,0.11532,0.1037,0.88414,0.11532,0.1037,0.88414,0.11532,0.1037
15,30,2,2,0,0,0,0,0.000,0.0000,0.0517,0.90807,0.14171,0.0415,0.43864,0.67162,36.0415,0.93989,0.04196,0.0415,0.90807,0.14171,0.0415,0.84580,0.25563,0.0415,0.93989,0.04196,0.0415,0.93989,0.04196,0.0415,0.58622,0.18435,15.0415,0.58622,0.18435,15.0415,0.58622,0.18435,15.0415,0.58622,0.18435,15.0415
15,30,4,2,-1,1,4,4,0.000,0.0000,0.1782,0.65500,0.39739,7.1081,0.39238,0.76844,43.1081,0.65500,0.39739,7.1081,0.65500,0.39739,7.1081,0.65500,0.39739,7.1081,0.65500,0.39739,7.1081,0.66479,0.36913,7.1081,0.95695,0.08400,0.1081,0.91805,0.09790,0.1081,0.95695,0.08400,0.1081,0.91805,0.09790,0.1081
15,31,0,2,0,0,2,2,0.000,0.0000,0.1586,0.96708,0.03014,0.1713,0.49154,0.33977,24.1713,0.96708,0.03013,0.1713,0.96708,0.03013,0.1713,0.93277,0.03004,0.1713,0.96708,0.03013,0.1713,0.96708,0.03013,0.1713,0.70032,0.04921,5.8287,0.70032,0.04921,5.8287,0.70032,0.04921,5.8287,0.70032,0.04921,5.8287
15,31,1,1,0,0,3,3,0.000,0.0000,0.1624,0.62315,0.36426,4.8963,0.46462,0.42766,30.1037,0.77476,0.20969,4.8963,0.68778,0.29921,4.8963,0.78584,0.12087,4.8963,0.77476,0.20969,4.8963,0.77476,0.20969,4.8963,0.88414,0.11532,0.1037,0.88414,0.11532,0.1037,0.88414,0.11532,0.1037,0.88414,0.11532,0.1037
15,31,2,2,0,0,0,0,0.000,0.0000,0.0339,0.83472,0.25025,0.0415,0.43904,0.72379,36.0415,0.90968,0.06156,0.0415,0.84647,0.22335,0.0415,0.84580,0.23661,0.0415,0.90968,0.06156,0.0415,0.90968,0.06156,0.0415,0.58622,0.18435,15.0415,0.58622,0.18435,15.0415,0.58622,0.18435,15.0415,0.58622,0.18435,15.0415
15,31,4,2,-1,1,4,4,0.000,0.0000,0.1123,0.70111,0.18427,7.8919,0.39454,0.75343,43.1081,0.70111,0.18427,7.8919,0.70111,0.18427,7.8919,0.70111,0.18427,7.8919,0.70111,0.18427,7.8919,0.68521,0.06033,7.8919,0.95572,0.08394,0.1081,0.91686,0.09785,0.1081,0.95572,0.08394,0.1081,0.91686,0.09785,0.1081
15,32,0,2,-1,0,2,2,0.000,0.0000,0.3184,0.56339,0.26496,16.1713,0.48204,0.38736,24.1713,0.56339,0.26496,16.1713,0.56339,0.26496,16.1713,0.56339,0.26496,16.1713,0.56339,0.26496,16.1713,0.56339,0.26496,16.1713,0.62985,0.05687,10.1713,0.62985,0.05687,10.1713,0.62985,0.05687,10.1713,0.62985,0.05687,10.1713
15,32,1,2,-1,0,3,3,0.000,0.0000,0.1585,0.66750,0.12182,8.8963,0.42017,0.28952,30.1037,0.66750,0.12182,8.8963,0.66750,0.12182,8.8963,0.66750,0.12182,8.8963,0.66750,0.12182,8.8963,0.66750,0.12182,8.8963,0.85750,0.05219,0.1037,0.85750,0.05219,0.1037,0.85750,0.05219,0.1037,0.85750,0.05219,0.1037
15,32,2,2,0,0,0,0,0.000,0.0000,0.0326,0.79227,0.33982,0.0415,0.42769,0.82668,36.0415,0.90530,0.06989,0.0415,0.84838,0.21044,0.0415,0.84580,0.25086,0.0415,0.90530,0.06989,0.0415,0.90530,0.06989,0.0415,0.78226,0.22745,1.0415,0.78226,0.22745,1.0415,0.78226,0.22745,1.0415,0.78226,0.22745,1.0415
15,32,4,2,-1,1,4,4,0.000,0.0000,0.4102,0.39704,0.79776,14.8919,0.41265,0.56806,43.1081,0.39704,0.79776,14.8919,0.39704,0.79776,14.8919,0.39704,0.79776,14.8919,0.39704,0.79776,14.8919,0.38654,0.74276,14.8919,0.93233,0.08747,0.1081,0.89419,0.10089,0.1081,0.93233,0.08747,0.1081,0.89419,0.10089,0.1081
15,33,0,2,0,0,2,2,0.000,0.0000,0.3379,0.92469,0.10367,0.1713,0.47778,0.38219,24.1713,0.92469,0.10367,0.1713,0.92469,0.10367,0.1713,0.89728,0.10624,0.1713,0.92469,0.10367,0.1713,0.92469,0.10367,0.1713,0.62985,0.05687,10.1713,0.62985,0.05687,10.1713,0.62985,0.05687,10.1713,0.62985,0.05687,10.1713
15,33,1,2,-1,0,3,3,0.000,0.0000,0.1949,0.67620,0.17262,10.8963,0.45042,0.35181,30.1037,0.67620,0.17262,10.8963,0.67620,0.17262,10.8963,0.67620,0.17262,10.8963,0.67620,0.17262,10.8963,0.67620,0.17262,10.8963,0.80227,0.10930,0.1037,0.80227,0.10930,0.1037,0.80227,0.10930,0.1037,0.80227,0.10930,0.1037
15,33,2,2,0,0,0,0,0.000,0.0000,0.0282,0.84616,0.22734,0.0415,0.44078,0.71071,36.0415,0.91158,0.06269,0.0415,0.85298,0.21183,0.0415,0.84580,0.24756,0.0415,0.91158,0.06269,0.0415,0.91158,0.06269,0.0415,0.78226,0.22745,1.0415,0.78226,0.22745,1.0415,0.78226,0.22745,1.0415,0.78226,0.22745,1.0415
15,33,4,2,1,1,4,4,0.000,0.0000,0.3137,0.83310,0.23736,1.8919,0.38399,0.80243,43.1081,0.84087,0.18687,1.8919,0.83310,0.23736,1.8919,0.76470,0.11313,1.8919,0.84087,0.18687,1.8919,0.84087,0.18687,1.8919,0.87643,0.08996,2.1081,0.84128,0.09080,2.1081,0.87643,0.08996,2.1081,0.84128,0.09080,2.1081
15,34,0,2,0,0,2,2,0.000,0.0000,0.3223,0.87344,0.11791,2.8287,0.48230,0.45277,24.1713,0.87344,0.11791,2.8287,0.87344,0.11791,2.8287,0.87509,0.11339,2.8287,0.87344,0.11791,2.8287,0.87344,0.11791,2.8287,0.62985,0.05687,10.1713,0.62985,0.05687,10.1713,0.62985,0.05687,10.1713,0.62985,0.05687,10.1713
15,34,1,2,-1,0,3,3,0.000,0.0000,0.2160,0.58007,0.20713,16.8963,0.44833,0.36667,30.1037,0.58007,0.20713,16.8963,0.58007,0.20713,16.8963,0.58007,0.20713,16.8963,0.58007,0.20713,16.8963,0.58007,0.20713,16.8963,0.80227,0.10930,0.1037,0.80227,0.10930,0.1037,0.80227,0.10930,0.1037,0.80227,0.10930,0.1037
15,34,2,2,0,0,0,0,0.000,0.0000,0.0410,0.76215,0.38949,0.9585,0.42185,0.86965,36.0415,0.88667,0.09149,0.9585,0.83720,0.20929,0.9585,0.84580,0.25877,0.9585,0.88667,0.09149,0.9585,0.88667,0.09149,0.9585,0.77750,0.23620,0.0415,0.77750,0.23620,0.0415,0.77750,0.23620,0.0415,0.77750,0.23620,0.0415
15,34,4,2,-1,1,4,4,0.000,0.0000,0.3316,0.69546,0.31938,4.8919,0.37234,0.83321,43.1081,0.69546,0.31938,4.8919,0.69546,0.31938,4.8919,0.69546,0.31938,4.8919,0.69546,0.31938,4.8919,0.70227,0.28484,4.8919,0.88026,0.14663,0.8919,0.86145,0.04960,0.8919,0.88026,0.14663,0.8919,0.86145,0.04960,0.8919
15,35,0,2,-1,0,2,2,0.000,0.0000,0.3966,0.58076,0.29603,15.1713,0.48728,0.42426,24.1713,0.58076,0.29603,15.1713,0.58076,0.29603,15.1713,0.58076,0.29603,15.1713,0.58076,0.29603,15.1713,0.58076,0.29603,15.1713,0.62985,0.05687,10.1713,0.62985,0.05687,10.1713,0.62985,0.05687,10.1713,0.62985,0.05687,10.1713
15,35,1,2,-1,0,3,3,0.000,0.0000,0.2088,0.63286,0.17635,12.8963,0.44161,0.35738,30.1037,0.63286,0.17635,12.8963,0.63286,0.17635,12.8963,0.63286,0.17635,12.8963,0.63286,0.17635,12.8963,0.63286,0.17635,12.8963,0.80227,0.10930,0.1037,0.80227,0.10930,0.1037,0.80227,0.10930,0.1037,0.80227,0.10930,0.1037
15,35,2,2,0,0,0,0,0.000,0.0000,0.0202,0.49131,1.08494,0.0415,0.28038,1.54873,36.0415,0.93743,0.04503,0.0415,0.88137,0.19664,0.0415,0.84580,0.25751,0.0415,0.93743,0.04503,0.0415,0.93743,0.04503,0.0415,0.77750,0.23620,0.0415,0.77750,0.23620,0.0415,0.77750,0.23620,0.0415,0.77750,0.23620,0.0415
15,35,4,2,1,1,4,4,0.000,0.0000,0.4577,0.46119,0.71006,14.1081,0.39399,0.75699,43.1081,0.46525,0.69364,14.1081,0.46119,0.71006,14.1081,0.48635,0.68997,14.1081,0.46525,0.69364,14.1081,0.46525,0.69364,14.1081,0.87746,0.14591,0.8919,0.85869,0.04742,0.8919,0.87746,0.14591,0.8919,0.85869,0.04742,0.8919
15,36,0,2,0,0,2,2,0.000,0.0000,0.3072,0.96049,0.04858,0.1713,0.48492,0.41362,24.1713,0.96049,0.04858,0.1713,0.96049,0.04858,0.1713,0.92310,0.05426,0.1713,0.96049,0.04858,0.1713,0.96049,0.04858,0.1713,0.62985,0.05687,10.1713,0.62985,0.05687,10.1713,0.62985,0.05687,10.1713,0.62985,0.05687,10.1713
15,36,1,2,-1,0,3,3,0.000,0.0000,0.2439,0.71800,0.29515,0.1037,0.44623,0.37951,30.1037,0.71800,0.29515,0.1037,0.71800,0.29515,0.1037,0.71800,0.29515,0.1037,0.71800,0.29515,0.1037,0.71800,0.29515,0.1037,0.80227,0.10930,0.1037,0.80227,0.10930,0.1037,0.80227,0.10930,0.1037,0.80227,0.10930,0.1037
15,36,2,2,0,0,0,0,0.000,0.0000,0.0120,0.87619,0.24993,0.0415,0.42899,0.75445,36.0415,0.95755,0.02895,0.0415,0.89888,0.19907,0.0415,0.84580,0.25230,0.0415,0.95755,0.02895,0.0415,0.95755,0.02895,0.0415,0.77750,0.23620,0.0415,0.77750,0.23620,0.0415,0.77750,0.23620,0.0415,0.77750,0.23620,0.0415
15,36,4,2,1,1,4,4,0.000,0.0000,0.6859,0.45395,0.70440,13.1081,0.39923,0.73626,43.1081,0.49362,0.64311,13.1081,0.45395,0.70440,13.1081,0.51134,0.66148,13.1081,0.49362,0.64311,13.1081,0.49362,0.64311,13.1081,0.81297,0.12378,2.8919,0.79102,0.03770,2.8919,0.81297,0.12378,2.8919,0.79102,0.03770,2.8919
16,0,0,2,0,0,1,1,0.000,0.0000,0.0000,0.07341,0.93402,0.8306,0.06599,0.98099,4.1694,0.58129,1.02398,0.8306,0.57729,0.81215,0.8306,0.52401,1.24697,0.8306,0.58129,1.02398,0.8306,0.58129,1.02398,0.8306,0.07341,0.93402,0.8306,0.58129,1.02398,0.8306,0.07341,0.93402,0.8306,0.58129,1.02398,0.8306
16,0,1,1,0,0,2,2,0.000,0.0000,0.0000,0.01175,2.03220,0.2212,0.02989,2.03418,7.7788,0.83636,0.18042,0.2212,0.88815,0.09515,0.2212,0.75993,0.39661,0.2212,0.26065,1.18757,0.2212,0.83636,0.18042,0.2212,0.01175,2.03220,0.2212,0.83636,0.18042,0.2212,0.01175,2.03220,0.2212,0.83636,0.18042,0.2212
16,0,2,1,0,0,0,0,0.000,0.0000,0.0000,0.06180,2.44848,1.0943,0.11897,2.43300,41.9057,0.76822,0.53108,1.0943,0.68893,0.75552,1.0943,0.82887,0.30746,1.0943,0.18792,1.87973,1.0943,0.76822,0.53108,1.0943,0.06070,2.43742,3.0943,0.72851,0.51188,3.0943,0.06070,2.43742,3.0943,0.72851,0.51188,3.0943
16,0,4,2,-1,1,3,3,0.000,0.0000,0.0000,0.88609,0.14361,0.2512,0.38892,0.86740,28.7488,0.88609,0.14361,0.2512,0.88609,0.14361,0.2512,0.88609,0.14361,0.2512,0.88609,0.14361,0.2512,0.94257,0.01317,0.2512,0.88608,0.14361,0.2512,0.94257,0.01317,0.2512,0.88608,0.14361,0.2512,0.94257,0.01317,0.2512
16,1,0,2,0,0,1,1,0.000,0.0000,0.1594,0.32577,0.65678,0.8306,0.26101,0.76403,4.1694,0.57806,1.01153,0.8306,0.57329,0.80166,0.8306,0.52732,1.23335,0.8306,0.57806,1.01153,0.8306,0.57806,1.01153,0.8306,0.01663,1.01413,0.8306,0.55150,1.14559,0.8306,0.01663,1.01413,0.8306,0.55150,1.14559,0.8306
16,1,1,1,0,0,2,2,0.000,0.0000,0.3428,0.01137,2.03757,0.2212,0.03442,2.02707,7.7788,0.87165,0.15966,0.2212,0.92603,0.07701,0.2212,0.76639,0.38249,0.2212,0.25900,1.19452,0.2212,0.87165,0.15966,0.2212,0.01180,2.02184,0.2212,0.83634,0.19955,0.2212,0.01180,2.02184,0.2212,0.83634,0.19955,0.2212
16,1,2,1,0,0,0,0,0.000,0.0000,2.5011,0.04848,2.44871,13.0943,0.13695,2.31855,41.9057,0.57039,0.62008,13.0943,0.54384,0.79482,13.0943,0.58893,0.48838,13.0943,0.19852,1.84029,13.0943,0.57039,0.62008,13.0943,0.06456,2.43678,20.0943,0.39658,0.88920,20.0943,0.06456,2.43678,20.0943,0.39658,0.88920,20.0943
16,1,4,2,-1,1,3,3,0.000,0.0000,0.0175,0.89268,0.10158,0.2512,0.39296,0.83068,28.7488,0.89268,0.10158,0.2512,0.89268,0.10158,0.2512,0.89268,0.10158,0.2512,0.89268,0.10158,0.2512,0.94257,0.01432,0.2512,0.36837,1.53904,0.7488,0.94205,0.02185,0.7488,0.36837,1.53904,0.7488,0.94205,0.02185,0.7488
16,2,0,2,0,0,1,1,0.000,0.0000,0.2250,0.51583,0.51801,3.8306,0.41612,0.66481,4.1694,0.53903,1.05562,3.8306,0.53026,0.85568,3.8306,0.51478,1.27041,3.8306,0.53903,1.05562,3.8306,0.53903,1.05562,3.8306,0.01710,1.00329,0.1694,0.55499,1.16046,0.1694,0.01710,1.00329,0.1694,0.55499,1.16046,0.1694
16,2,1,1,0,0,2,2,0.000,0.0000,0.0772,0.01046,2.03805,0.2212,0.03530,2.01439,7.7788,0.84940,0.16869,0.2212,0.88989,0.08910,0.2212,0.76630,0.38759,0.2212,0.25940,1.19335,0.2212,0.84940,0.16869,0.2212,0.00359,2.05968,0.2212,0.60078,0.43339,0.2212,0.00359,2.05968,0.2212,0.60078,0.43339,0.2212
16,2,2,2,-1,0,0,0,0.000,0.0000,1.7179,0.64127,0.20358,5.0943,0.39251,0.67817,41.9057,0.64127,0.20358,5.0943,0.64127,0.20358,5.0943,0.64127,0.20358,5.0943,0.64127,0.20358,5.0943,0.64127,0.20358,5.0943,0.05431,2.34623,2.0943,0.82487,0.28290,2.0943,0.05431,2.34623,2.0943,0.82487,0.28290,2.0943
16,2,4,2,-1,1,3,3,0.000,0.0000,0.0324,0.85953,0.15898,0.2512,0.38474,0.88953,28.7488,0.85953,0.15898,0.2512,0.85953,0.15898,0.2512,0.85953,0.15898,0.2512,0.85953,0.15898,0.2512,0.94257,0.01993,0.2512,0.12006,2.40556,0.2512,0.19385,2.84573,0.2512,0.12006,2.40556,0.2512,0.19385,2.84573,0.2512
16,3,0,2,0,0,1,1,0.000,0.0000,0.4070,0.02396,1.01498,0.8306,0.05515,1.01425,4.1694,0.54088,1.14647,0.8306,0.53647,0.93452,0.8306,0.49472,1.36854,0.8306,0.54088,1.14647,0.8306,0.54088,1.14647,0.8306,0.01723,1.00546,0.1694,0.55662,1.14250,0.1694,0.01723,1.00546,0.1694,0.55662,1.14250,0.1694
16,3,1,1,0,0,2,2,0.000,0.0000,0.1795,0.01003,2.03291,0.2212,0.03198,2.04385,7.7788,0.87978,0.17055,0.2212,0.92721,0.05474,0.2212,0.76639,0.39551,0.2212,0.26173,1.17953,0.2212,0.87978,0.17055,0.2212,0.00956,2.04340,0.2212,0.77133,0.21673,0.2212,0.00956,2.04340,0.2212,0.77133,0.21673,0.2212
16,3,2,2,-1,0,0,0,0.000,0.0000,2.5539,0.74455,0.21657,2.0943,0.39342,0.57858,41.9057,0.74455,0.21657,2.0943,0.74455,0.21657,2.0943,0.74455,0.21657,2.0943,0.74455,0.21657,2.0943,0.74455,0.21657,2.0943,0.06158,2.33480,3.0943,0.79109,0.30844,3.0943,0.06158,2.33480,3.0943,0.79109,0.30844,3.0943
16,3,4,2,-1,1,3,3,0.000,0.0000,0.0087,0.85613,0.13780,0.2512,0.39170,0.84681,28.7488,0.85613,0.13780,0.2512,0.85613,0.13780,0.2512,0.85613,0.13780,0.2512,0.85613,0.13780,0.2512,0.94257,0.01257,0.2512,0.35556,1.54366,0.2512,0.93929,0.04842,0.2512,0.35556,1.54366,0.2512,0.93929,0.04842,0.2512
16,4,0,2,0,0,1,1,0.000,0.0000,0.4751,0.02177,1.01230,0.1694,0.05062,1.01786,4.1694,0.53146,1.19526,0.1694,0.52797,0.98096,0.1694,0.48302,1.41861,0.1694,0.53146,1.19526,0.1694,0.53146,1.19526,0.1694,0.01850,1.00884,0.1694,0.55144,1.14026,0.1694,0.01850,1.00884,0.1694,0.55144,1.14026,0.1694
16,4,1,1,0,0,2,2,0.000,0.0000,0.1583,0.00855,2.03664,0.2212,0.02913,2.03518,7.7788,0.87978,0.16790,0.2212,0.88466,0.05804,0.2212,0.76639,0.39276,0.2212,0.26120,1.18238,0.2212,0.87978,0.16790,0.2212,0.01504,2.02440,1.2212,0.80595,0.19961,1.2212,0.01504,2.02440,1.2212,0.80595,0.19961,1.2212
16,4,2,2,-1,0,0,0,0.000,0.0000,1.6250,0.72435,0.12899,6.0943,0.41376,0.62876,41.9057,0.72435,0.12899,6.0943,0.72435,0.12899,6.0943,0.72435,0.12899,6.0943,0.72435,0.12899,6.0943,0.72435,0.12899,6.0943,0.86605,0.32796,0.0943,0.86605,0.32796,0.0943,0.86605,0.32796,0.0943,0.86605,0.32796,0.0943
16,4,4,2,-1,1,3,3,0.000,0.0000,0.1608,0.79087,0.20548,1.7489,0.39381,0.82673,28.7488,0.79087,0.20548,1.7489,0.79087,0.20548,1.7489,0.79087,0.20548,1.7489,0.79087,0.20548,1.7489,0.90564,0.07423,1.7489,0.54313,0.80295,0.2512,0.93929,0.04842,0.2512,0.54313,0.80295,0.2512,0.93929,0.04842,0.2512
16,5,0,2,0,0,1,1,0.000,0.0000,0.5842,0.01622,1.09268,0.1694,0.05215,1.03979,4.1694,0.46231,1.29495,0.1694,0.45433,1.09058,0.1694,0.46201,1.51059,0.1694,0.46231,1.29495,0.1694,0.46231,1.29495,0.1694,0.01866,1.00867,0.1694,0.55144,1.14026,0.1694,0.01866,1.00867,0.1694,0.55144,1.14026,0.1694
16,5,1,1,0,0,2,2,0.000,0.0000,0.0519,0.01332,2.02753,0.2212,0.03120,2.04485,7.7788,0.84577,0.17904,0.2212,0.90550,0.08518,0.2212,0.76554,0.39763,0.2212,0.26119,1.18406,0.2212,0.84577,0.17904,0.2212,0.01230,2.03555,0.2212,0.87073,0.15987,0.2212,0.01230,2.03555,0.2212,0.87073,0.15987,0.2212
16,5,2,2,-1,0,0,0,0.000,0.0000,3.7142,0.39287,1.69281,7.9057,0.20236,1.36142,41.9057,0.39287,1.69281,7.9057,0.39287,1.69281,7.9057,0.39287,1.69281,7.9057,0.39287,1.69281,7.9057,0.39287,1.69281,7.9057,0.72468,0.16274,7.0943,0.72468,0.16274,7.0943,0.72468,0.16274,7.0943,0.72468,0.16274,7.0943
16,5,4,2,-1,1,3,3,0.000,0.0000,0.0584,0.83775,0.18609,0.2512,0.38507,0.88830,28.7488,0.83775,0.18609,0.2512,0.83775,0.18609,0.2512,0.83775,0.18609,0.2512,0.83775,0.18609,0.2512,0.94257,0.01793,0.2512,0.72987,0.26078,0.2512,0.94257,0.03248,0.2512,0.72987,0.26078,0.2512,0.94257,0.03248,0.2512
16,6,0,2,0,0,1,1,0.000,0.0000,0.7087,0.01936,1.17855,0.1694,0.04681,1.16226,4.1694,0.37827,1.36581,0.1694,0.36328,1.18337,0.1694,0.38567,1.56459,0.1694,0.37827,1.36581,0.1694,0.37827,1.36581,0.1694,0.01857,1.01377,0.1694,0.54592,1.14087,0.1694,0.01857,1.01377,0.1694,0.54592,1.14087,0.1694
16,6,1,1,0,0,2,2,0.000,0.0000,0.1406,0.01454,2.02550,0.7788,0.03818,2.01875,7.7788,0.85308,0.17536,0.7788,0.91216,0.08009,0.7788,0.76435,0.39540,0.7788,0.26099,1.18469,0.7788,0.85308,0.17536,0.7788,0.01230,2.03555,0.2212,0.87073,0.15987,0.2212,0.01230,2.03555,0.2212,0.87073,0.15987,0.2212
16,6,2,2,-1,0,0,0,0.000,0.0000,2.1939,0.83245,0.17789,0.0943,0.40840,0.71408,41.9057,0.83245,0.17789,0.0943,0.83245,0.17789,0.0943,0.83245,0.17789,0.0943,0.83245,0.17789,0.0943,0.83245,0.17789,0.0943,0.70245,0.16575,8.0943,0.70245,0.16575,8.0943,0.70245,0.16575,8.0943,0.70245,0.16575,8.0943
16,6,4,2,-1,1,3,3,0.000,0.0000,0.0215,0.85270,0.16250,0.2512,0.38588,0.88332,28.7488,0.85270,0.16250,0.2512,0.85270,0.16250,0.2512,0.85270,0.16250,0.2512,0.85270,0.16250,0.2512,0.94257,0.00883,0.2512,0.72763,0.26351,0.2512,0.94257,0.02754,0.2512,0.72763,0.26351,0.2512,0.94257,0.02754,0.2512
16,7,0,2,0,0,1,1,0.000,0.0000,0.7170,0.01939,1.14237,0.1694,0.04934,1.08181,4.1694,0.41304,1.44941,0.1694,0.40421,1.24645,0.1694,0.41473,1.66295,0.1694,0.41304,1.44941,0.1694,0.41304,1.44941,0.1694,0.02569,1.00447,0.8306,0.55196,1.12512,0.8306,0.02569,1.00447,0.8306,0.55196,1.12512,0.8306
16,7,1,1,0,0,2,2,0.000,0.0000,0.1110,0.00870,2.03646,0.2212,0.03442,2.03919,7.7788,0.87978,0.16950,0.2212,0.93579,0.05565,0.2212,0.76639,0.39448,0.2212,0.26154,1.18054,0.2212,0.87978,0.16950,0.2212,0.01383,2.03250,0.2212,0.87895,0.15761,0.2212,0.01383,2.03250,0.2212,0.87895,0.15761,0.2212
16,7,2,1,0,0,0,0,0.000,0.0000,1.3344,0.72206,0.28460,4.9057,0.37729,0.83416,41.9057,0.72206,0.28460,4.9057,0.72206,0.28460,4.9057,0.72206,0.28460,4.9057,0.72206,0.28460,4.9057,0.72206,0.28460,4.9057,0.70524,0.15500,7.0943,0.70524,0.15500,7.0943,0.70524,0.15500,7.0943,0.70524,0.15500,7.0943
16,7,4,2,-1,1,3,3,0.000,0.0000,0.0094,0.88064,0.14893,0.2512,0.38987,0.86121,28.7488,0.88064,0.14893,0.2512,0.88064,0.14893,0.2512,0.88064,0.14893,0.2512,0.88064,0.14893,0.2512,0.94257,0.01270,0.2512,0.72453,0.26734,0.2512,0.94257,0.02171,0.2512,0.72453,0.26734,0.2512,0.94257,0.02171,0.2512
16,8,0,2,0,0,1,1,0.000,0.0000,0.8273,0.01844,1.27471,0.1694,0.03889,1.25556,4.1694,0.31720,1.59105,0.1694,0.30183,1.40898,0.1694,0.32592,1.78749,0.1694,0.31720,1.59105,0.1694,0.31720,1.59105,0.1694,0.02569,1.00447,0.8306,0.55196,1.12512,0.8306,0.02569,1.00447,0.8306,0.55196,1.12512,0.8306
16,8,1,1,0,0,2,2,0.000,0.0000,0.0537,0.01458,2.02715,1.2212,0.03619,2.03283,7.7788,0.85994,0.16938,1.2212,0.92029,0.07539,1.2212,0.76433,0.39109,1.2212,0.26043,1.18718,1.2212,0.85994,0.16938,1.2212,0.01402,2.03241,0.2212,0.88775,0.15635,0.2212,0.01402,2.03241,0.2212,0.88775,0.15635,0.2212
16,8,2,1,0,0,0,0,0.000,0.0000,0.9279,0.47406,0.56248,6.9057,0.42159,0.74043,41.9057,0.66006,0.35266,6.9057,0.58055,0.44262,6.9057,0.73274,0.26272,6.9057,0.66006,0.35266,6.9057,0.66006,0.35266,6.9057,0.76285,0.20828,5.9057,0.76285,0.20828,5.9057,0.76285,0.20828,5.9057,0.76285,0.20828,5.9057
16,8,4,2,-1,1,3,3,0.000,0.0000,0.2841,0.69481,0.37228,0.2512,0.33936,0.95834,28.7488,0.69481,0.37228,0.2512,0.69481,0.37228,0.2512,0.69481,0.37228,0.2512,0.69481,0.37228,0.2512,0.69481,0.37228,0.2512,0.83969,0.17115,0.2512,0.94257,0.02171,0.2512,0.83969,0.17115,0.2512,0.94257,0.02171,0.2512
16,9,0,2,0,0,1,1,0.000,0.0000,0.7882,0.30714,0.85153,0.8306,0.27041,0.92491,4.1694,0.41689,1.67042,0.8306,0.41419,1.45306,0.8306,0.38028,1.89385,0.8306,0.41689,1.67042,0.8306,0.41689,1.67042,0.8306,0.02692,1.00312,0.8306,0.55196,1.12512,0.8306,0.02692,1.00312,0.8306,0.55196,1.12512,0.8306
16,9,1,1,0,0,2,2,0.000,0.0000,0.1011,0.01109,2.03651,1.7788,0.03196,2.03415,7.7788,0.84155,0.17370,1.7788,0.89295,0.09809,1.7788,0.76504,0.38629,1.7788,0.25908,1.75007,1.7788,0.84155,0.17370,1.7788,0.01402,2.03241,0.2212,0.88775,0.15635,0.2212,0.01402,2.03241,0.2212,0.88775,0.15635,0.2212
16,9,2,1,0,0,0,0,0.000,0.0000,0.7132,0.26477,0.78153,3.9057,0.39347,0.85883,41.9057,0.70559,0.30477,3.9057,0.62442,0.39293,3.9057,0.78524,0.21812,3.9057,0.70559,0.30477,3.9057,0.70559,0.30477,3.9057,0.78460,0.20474,3.9057,0.78460,0.20474,3.9057,0.78460,0.20474,3.9057,0.78460,0.20474,3.9057
16,9,4,2,-1,1,3,3,0.000,0.0000,0.2474,0.76697,0.23299,1.7489,0.37170,0.86888,28.7488,0.76697,0.23299,1.7489,0.76697,0.23299,1.7489,0.76697,0.23299,1.7489,0.76697,0.23299,1.7489,0.87216,0.13396,1.7489,0.85861,0.13401,0.2512,0.94257,0.02156,0.2512,0.85861,0.13401,0.2512,0.94257,0.02156,0.2512
16,10,0,2,0,0,1,1,0.000,0.0000,0.9743,0.01427,1.39574,0.1694,0.03298,1.34975,4.1694,0.25488,1.97708,0.1694,0.24235,1.78574,0.1694,0.26215,2.17860,0.1694,0.25488,1.97708,0.1694,0.25488,1.97708,0.1694,0.02703,1.00517,0.8306,0.55196,1.12512,0.8306,0.02703,1.00517,0.8306,0.55196,1.12512,0.8306
16,10,1,1,0,0,2,2,0.000,0.0000,0.0547,0.01122,2.02863,0.7788,0.02800,2.03943,7.7788,0.86648,0.17576,0.7788,0.88312,0.05856,0.7788,0.72143,0.41674,0.7788,0.24812,1.82066,0.7788,0.86648,0.17576,0.7788,0.01402,2.03241,0.2212,0.88775,0.15635,0.2212,0.01402,2.03241,0.2212,0.88775,0.15635,0.2212
16,10,2,1,0,0,0,0,0.000,0.0000,0.4434,0.05431,0.92428,1.0943,0.37169,0.92429,41.9057,0.86641,0.12659,1.0943,0.77561,0.21618,1.0943,0.92340,0.03895,1.0943,0.86641,0.12659,1.0943,0.86641,0.12659,1.0943,0.78460,0.20474,3.9057,0.78460,0.20474,3.9057,0.78460,0.20474,3.9057,0.78460,0.20474,3.9057
16,10,4,2,-1,1,3,3,0.000,0.0000,0.1280,0.48061,0.50269,0.2512,0.38792,0.89220,28.7488,0.48061,0.50269,0.2512,0.48061,0.50269,0.2512,0.48061,0.50269,0.2512,0.48061,0.50269,0.2512,0.94257,0.00930,0.2512,0.85793,0.13512,0.2512,0.94257,0.01747,0.2512,0.85793,0.13512,0.2512,0.94257,0.01747,0.2512
16,11,1,1,0,0,2,2,0.000,0.0000,0.0478,0.01199,2.03140,0.7788,0.03488,2.02072,7.7788,0.87957,0.16478,0.7788,0.91589,0.06796,0.7788,0.75082,0.39909,0.7788,0.25417,1.79342,0.7788,0.87957,0.16478,0.7788,0.01402,2.03241,0.2212,0.88775,0.15635,0.2212,0.01402,2.03241,0.2212,0.88775,0.15635,0.2212
16,11,2,1,0,0,0,0,0.000,0.0000,0.4300,0.57479,0.46568,7.9057,0.45243,0.61640,41.9057,0.63496,0.39726,7.9057,0.57479,0.46568,7.9057,0.70641,0.31070,7.9057,0.63496,0.39726,7.9057,0.63496,0.39726,7.9057,0.52598,0.32889,19.0943,0.52598,0.32889,19.0943,0.52598,0.32889,19.0943,0.52598,0.32889,19.0943
16,11,4,2,-1,1,3,3,0.000,0.0000,0.0478,0.40030,0.58062,0.2512,0.38897,0.88960,28.7488,0.40030,0.58062,0.2512,0.40030,0.58062,0.2512,0.40030,0.58062,0.2512,0.40030,0.58062,0.2512,0.94257,0.01360,0.2512,0.85982,0.13247,0.2512,0.94257,0.01734,0.2512,0.85982,0.13247,0.2512,0.94257,0.01734,0.2512
16,12,0,2,0,0,1,1,0.000,0.0000,1.5626,0.23023,1.72401,25.1694,0.26505,1.53321,4.1694,0.22135,1.33875,25.1694,0.23597,1.34351,25.1694,0.21029,1.37140,25.1694,0.22135,1.33875,25.1694,0.22135,1.33875,25.1694,0.02512,0.99050,0.1694,0.57312,1.04188,0.1694,0.02512,0.99050,0.1694,0.57312,1.04188,0.1694
16,12,1,2,0,0,2,2,0.000,0.0000,0.0036,0.01151,2.03414,0.2212,0.03291,2.03053,7.7788,0.85039,0.17015,0.2212,0.89584,0.06617,0.2212,0.70770,0.41242,0.2212,0.24601,1.84328,0.2212,0.85039,0.17015,0.2212,0.01402,2.03241,0.2212,0.88775,0.15635,0.2212,0.01402,2.03241,0.2212,0.88775,0.15635,0.2212
16,12,2,1,0,0,0,0,0.000,0.0000,0.3689,0.45174,0.58607,5.9057,0.42179,0.76067,41.9057,0.69059,0.32441,5.9057,0.61059,0.41223,5.9057,0.76350,0.23822,5.9057,0.69059,0.32441,5.9057,0.69059,0.32441,5.9057,0.53522,0.31395,18.0943,0.53522,0.31395,18.0943,0.53522,0.31395,18.0943,0.53522,0.31395,18.0943
16,12,4,2,-1,1,3,3,0.000,0.0000,0.1442,0.13679,0.95124,5.7488,0.38870,0.88793,28.7488,0.13679,0.95124,5.7488,0.13679,0.95124,5.7488,0.13679,0.95124,5.7488,0.13679,0.95124,5.7488,0.75066,0.26291,5.7488,0.85982,0.13247,0.2512,0.94257,0.01734,0.2512,0.85982,0.13247,0.2512,0.94257,0.01734,0.2512
16,13,0,2,-1,0,1,1,0.000,0.0000,2.8384,0.17459,2.77566,14.1694,0.16032,3.05138,4.1694,0.17459,2.77566,14.1694,0.17459,2.77566,14.1694,0.17459,2.77566,14.1694,0.17459,2.77566,14.1694,0.17459,2.77565,14.1694,0.02451,1.01937,0.1694,0.54186,1.03353,0.1694,0.02451,1.01937,0.1694,0.54186,1.03353,0.1694
16,13,1,2,0,0,2,2,0.000,0.0000,0.0112,0.01416,2.02708,0.2212,0.04052,2.01902,7.7788,0.88472,0.16622,0.2212,0.95097,0.05966,0.2212,0.75847,0.39824,0.2212,0.25975,1.78487,0.2212,0.88472,0.16622,0.2212,0.01403,2.03240,0.2212,0.88804,0.15633,0.2212,0.01403,2.03240,0.2212,0.88804,0.15633,0.2212
16,13,2,1,0,0,0,0,0.000,0.0000,0.3048,0.11831,0.93137,5.0943,0.40399,0.82454,41.9057,0.71871,0.28912,5.0943,0.63647,0.37795,5.0943,0.79281,0.20133,5.0943,0.71871,0.28912,5.0943,0.71871,0.28912,5.0943,0.53522,0.31395,18.0943,0.53522,0.31395,18.0943,0.53522,0.31395,18.0943,0.53522,0.31395,18.0943
16,13,4,2,-1,1,3,3,0.000,0.0000,0.0538,0.25133,0.72745,0.2512,0.38357,0.90619,28.7488,0.25133,0.72745,0.2512,0.25133,0.72745,0.2512,0.25133,0.72745,0.2512,0.25133,0.72745,0.2512,0.94257,0.02411,0.2512,0.86970,0.12341,0.2512,0.94257,0.01734,0.2512,0.86970,0.12341,0.2512,0.94257,0.01734,0.2512
16,14,0,2,-1,0,1,1,0.000,0.0000,2.3198,0.63204,0.11964,1.1694,0.63491,0.16719,4.1694,0.63204,0.11964,1.1694,0.63204,0.11964,1.1694,0.63204,0.11964,1.1694,0.63204,0.11964,1.1694,0.61061,0.05503,1.1694,0.78282,0.17200,6.8306,0.74370,0.16679,6.8306,0.78282,0.17200,6.8306,0.74370,0.16679,6.8306
16,14,1,2,0,0,2,2,0.000,0.0000,0.0041,0.10520,1.83711,1.2212,0.13092,1.81186,7.7788,0.87657,0.16110,1.2212,0.93961,0.06546,1.2212,0.74159,0.39811,1.2212,0.25799,1.80582,1.2212,0.87657,0.16110,1.2212,0.01403,2.03240,0.2212,0.88804,0.15633,0.2212,0.01403,2.03240,0.2212,0.88804,0.15633,0.2212
16,14,2,2,0,0,0,0,0.000,0.0000,0.1937,0.03130,0.96374,0.0943,0.36347,0.93725,41.9057,0.83139,0.16155,0.0943,0.74167,0.25136,0.0943,0.91307,0.08250,0.0943,0.83139,0.16155,0.0943,0.83139,0.16155,0.0943,0.53522,0.31395,18.0943,0.53522,0.31395,18.0943,0.53522,0.31395,18.0943,0.53522,0.31395,18.0943
16,14,4,2,-1,1,3,3,0.000,0.0000,0.0191,0.14005,0.83714,0.2512,0.37757,0.91631,28.7488,0.14005,0.83714,0.2512,0.14005,0.83714,0.2512,0.14005,0.83714,0.2512,0.14005,0.83714,0.2512,0.94257,0.01255,0.2512,0.86470,0.12898,0.2512,0.94257,0.01257,0.2512,0.86470,0.12898,0.2512,0.94257,0.01257,0.2512
16,15,0,2,-1,0,1,1,0.000,0.0000,1.1941,0.22761,1.79370,12.1694,0.28200,1.85558,4.1694,0.22761,1.79370,12.1694,0.22761,1.79370,12.1694,0.22761,1.79370,12.1694,0.22761,1.79370,12.1694,0.22761,1.79370,12.1694,0.72157,0.13248,7.8306,0.68297,0.11036,7.8306,0.72157,0.13248,7.8306,0.68297,0.11036,7.8306
16,15,1,2,0,0,2,2,0.000,0.0000,0.0223,0.01404,2.04300,0.2212,0.03886,2.02647,7.7788,0.87978,0.13395,0.2212,0.92365,0.09298,0.2212,0.75545,0.36733,0.2212,0.25299,1.80964,0.2212,0.87978,0.13395,0.2212,0.01403,2.03240,0.2212,0.88804,0.15633,0.2212,0.01403,2.03240,0.2212,0.88804,0.15633,0.2212
16,15,2,2,-1,0,0,0,0.000,0.0000,0.1457,0.82409,0.18348,0.0943,0.42460,0.50226,41.9057,0.82409,0.18348,0.0943,0.82409,0.18348,0.0943,0.82409,0.18348,0.0943,0.82409,0.18348,0.0943,0.82409,0.18348,0.0943,0.53522,0.31395,18.0943,0.53522,0.31395,18.0943,0.53522,0.31395,18.0943,0.53522,0.31395,18.0943
16,15,4,2,-1,1,3,3,0.000,0.0000,0.0631,0.12244,0.86023,0.2512,0.37361,0.91966,28.7488,0.12244,0.86023,0.2512,0.12244,0.86023,0.2512,0.12244,0.86023,0.2512,0.12244,0.86023,0.2512,0.94257,0.00759,0.2512,0.86470,0.12898,0.2512,0.94257,0.01257,0.2512,0.86470,0.12898,0.2512,0.94257,0.01257,0.2512
16,16,0,2,0,0,1,1,0.000,0.0000,1.1069,0.72999,0.18577,7.1694,0.76417,0.19472,4.1694,0.72953,0.18460,7.1694,0.72999,0.18577,7.1694,0.66430,0.15585,7.1694,0.72953,0.18460,7.1694,0.72953,0.18460,7.1694,0.72157,0.13248,7.8306,0.68297,0.11036,7.8306,0.72157,0.13248,7.8306,0.68297,0.11036,7.8306
16,16,1,2,0,0,2,2,0.000,0.0000,0.0271,0.01692,2.02994,1.2212,0.05065,2.00148,7.7788,0.86019,0.15732,1.2212,0.91866,0.08774,1.2212,0.73703,0.38999,1.2212,0.25507,1.81776,1.2212,0.86019,0.15732,1.2212,0.01415,2.03238,0.2212,0.89465,0.15600,0.2212,0.01415,2.03238,0.2212,0.89465,0.15600,0.2212
16,16,2,2,0,0,0,0,0.000,0.0000,0.1269,0.86823,0.13044,0.0943,0.40507,0.65805,41.9057,0.86823,0.13044,0.0943,0.86823,0.13044,0.0943,0.86829,0.12708,0.0943,0.86823,0.13044,0.0943,0.86823,0.13044,0.0943,0.53525,0.31375,18.0943,0.53525,0.31375,18.0943,0.53525,0.31375,18.0943,0.53525,0.31375,18.0943
16,16,4,2,-1,1,3,3,0.000,0.0000,0.0873,0.01847,1.09628,0.2512,0.35959,0.96211,28.7488,0.01847,1.09628,0.2512,0.01847,1.09628,0.2512,0.01847,1.09628,0.2512,0.01847,1.09628,0.2512,0.74666,0.27263,0.2512,0.86470,0.12898,0.2512,0.94257,0.01257,0.2512,0.86470,0.12898,0.2512,0.94257,0.01257,0.2512
16,17,0,2,-1,0,1,1,0.000,0.0000,0.9979,0.74967,0.05307,0.1694,0.79529,0.00730,4.1694,0.74967,0.05307,0.1694,0.74967,0.05307,0.1694,0.74967,0.05307,0.1694,0.74967,0.05307,0.1694,0.68599,0.19329,0.1694,0.70492,0.13655,7.8306,0.66681,0.11522,7.8306,0.70492,0.13655,7.8306,0.66681,0.11522,7.8306
16,17,1,2,0,0,2,2,0.000,0.0000,0.1048,0.01487,2.10510,1.2212,0.04432,2.09018,7.7788,0.86950,0.03542,1.2212,0.86671,0.22215,1.2212,0.73755,0.25338,1.2212,0.22918,1.91585,1.2212,0.86950,0.03542,1.2212,0.01415,2.03238,0.2212,0.89465,0.15600,0.2212,0.01415,2.03238,0.2212,0.89465,0.15600,0.2212
16,17,2,2,0,0,0,0,0.000,0.0000,0.1738,0.91315,0.07880,0.0943,0.45126,0.38779,41.9057,0.91315,0.07880,0.0943,0.91315,0.07880,0.0943,0.92569,0.02283,0.0943,0.91315,0.07880,0.0943,0.91315,0.07880,0.0943,0.73868,0.11473,5.9057,0.73868,0.11473,5.9057,0.73868,0.11473,5.9057,0.73868,0.11473,5.9057
16,17,4,2,-1,1,3,3,0.000,0.0000,0.0682,0.02234,0.94727,0.2512,0.34909,0.96123,28.7488,0.02234,0.94727,0.2512,0.02234,0.94727,0.2512,0.02234,0.94727,0.2512,0.02234,0.94727,0.2512,0.89236,0.20728,0.2512,0.86470,0.12898,0.2512,0.94257,0.01257,0.2512,0.86470,0.12898,0.2512,0.94257,0.01257,0.2512
16,18,0,2,0,0,1,1,0.000,0.0000,0.9424,0.89135,0.09422,1.1694,0.84580,0.08799,4.1694,0.83407,0.18632,1.1694,0.90603,0.06635,1.1694,0.74904,0.40632,1.1694,0.83407,0.18632,1.1694,0.83407,0.18632,1.1694,0.70492,0.13655,7.8306,0.66681,0.11522,7.8306,0.70492,0.13655,7.8306,0.66681,0.11522,7.8306
16,18,1,2,0,0,2,2,0.000,0.0000,0.1279,0.32676,1.41887,0.2212,0.32572,1.39163,7.7788,0.89647,0.04774,0.2212,0.91014,0.17755,0.2212,0.76527,0.27988,0.2212,0.23895,1.85716,0.2212,0.89647,0.04774,0.2212,0.01664,2.02931,1.2212,0.86902,0.15621,1.2212,0.01664,2.02931,1.2212,0.86902,0.15621,1.2212
16,18,2,2,0,0,0,0,0.000,0.0000,0.2289,0.93218,0.06110,0.9057,0.42039,0.58695,41.9057,0.93218,0.06110,0.9057,0.93218,0.06110,0.9057,0.92559,0.02308,0.9057,0.93218,0.06110,0.9057,0.93218,0.06110,0.9057,0.52871,0.02511,18.0943,0.52871,0.02511,18.0943,0.52871,0.02511,18.0943,0.52871,0.02511,18.0943
16,18,4,2,-1,1,3,3,0.000,0.0000,0.3050,0.01611,0.98049,0.2512,0.34215,0.98594,28.7488,0.01611,0.98049,0.2512,0.01611,0.98049,0.2512,0.01611,0.98049,0.2512,0.01611,0.98049,0.2512,0.80984,0.50086,0.2512,0.86470,0.12898,0.2512,0.94257,0.01257,0.2512,0.86470,0.12898,0.2512,0.94257,0.01257,0.2512
16,19,0,1,-1,0,1,1,0.000,0.0000,0.9045,0.88719,0.20946,0.1694,0.80042,0.20659,4.1694,0.88719,0.20946,0.1694,0.88719,0.20946,0.1694,0.88719,0.20946,0.1694,0.88719,0.20946,0.1694,0.88892,0.15253,0.1694,0.70492,0.13655,7.8306,0.66681,0.11522,7.8306,0.70492,0.13655,7.8306,0.66681,0.11522,7.8306
16,19,1,2,-1,0,2,2,0.000,0.0000,0.1875,0.53659,0.71783,14.2212,0.53028,0.73512,7.7788,0.53659,0.71783,14.2212,0.53659,0.71783,14.2212,0.53659,0.71783,14.2212,0.53659,0.71783,14.2212,0.64497,0.09843,14.2212,0.08635,1.91640,6.2212,0.74263,0.21125,6.2212,0.08635,1.91640,6.2212,0.74263,0.21125,6.2212
16,19,4,2,0,1,3,3,0.000,0.0000,0.6580,0.01449,1.00071,0.2512,0.30530,1.00414,28.7488,0.75276,0.31480,0.2512,0.67629,0.34995,0.2512,0.81156,0.34650,0.2512,0.75276,0.31480,0.2512,0.71549,0.87159,0.2512,0.86470,0.12898,0.2512,0.94257,0.01257,0.2512,0.86470,0.12898,0.2512,0.94257,0.01257,0.2512
16,20,0,1,-1,0,1,1,0.000,0.0000,0.8416,0.86191,0.23683,0.8306,0.76958,0.27198,4.1694,0.86191,0.23683,0.8306,0.86191,0.23683,0.8306,0.86191,0.23683,0.8306,0.86191,0.23683,0.8306,0.87429,0.16173,0.8306,0.70492,0.13655,7.8306,0.66681,0.11522,7.8306,0.70492,0.13655,7.8306,0.66681,0.11522,7.8306
16,20,1,2,-1,0,2,2,0.000,0.0000,0.1826,0.63218,0.32689,12.2212,0.67175,0.36555,7.7788,0.63218,0.32689,12.2212,0.63218,0.32689,12.2212,0.63218,0.32689,12.2212,0.63218,0.32689,12.2212,0.64112,0.03417,12.2212,0.08359,1.92830,7.2212,0.71950,0.23611,7.2212,0.08359,1.92830,7.2212,0.71950,0.23611,7.2212
16,20,2,2,0,0,0,0,0.000,0.0000,1.9015,0.30253,1.62906,0.9057,0.15187,2.06068,41.9057,0.23716,2.04002,0.9057,0.24022,1.95152,0.9057,0.23784,2.12703,0.9057,0.23716,2.04002,0.9057,0.23716,2.04002,0.9057,0.80468,0.20183,0.0943,0.80468,0.20183,0.0943,0.80468,0.20183,0.0943,0.80468,0.20183,0.0943
16,20,4,2,0,1,3,3,0.000,0.0000,1.1242,0.01010,1.34684,0.2512,0.28308,1.15242,28.7488,0.44539,0.83809,0.2512,0.38416,0.89958,0.2512,0.48580,0.92184,0.2512,0.44539,0.83809,0.2512,0.42877,1.39855,0.2512,0.86470,0.12898,0.2512,0.94257,0.01257,0.2512,0.86470,0.12898,0.2512,0.94257,0.01257,0.2512
16,21,0,2,0,0,1,1,0.000,0.0000,0.7665,0.95172,0.05343,0.1694,0.81492,0.11154,4.1694,0.88016,0.17083,0.1694,0.95172,0.05343,0.1694,0.74904,0.40193,0.1694,0.88016,0.17083,0.1694,0.88016,0.17083,0.1694,0.70492,0.13655,7.8306,0.66681,0.11522,7.8306,0.70492,0.13655,7.8306,0.66681,0.11522,7.8306
16,21,1,2,-1,0,2,2,0.000,0.0000,0.5052,0.27395,1.10482,37.2212,0.26883,1.65111,7.7788,0.27395,1.10482,37.2212,0.27395,1.10482,37.2212,0.27395,1.10482,37.2212,0.27395,1.10482,37.2212,0.27395,1.10482,37.2212,0.71439,0.60561,0.2212,0.89716,0.02673,0.2212,0.71439,0.60561,0.2212,0.89716,0.02673,0.2212
16,21,2,2,0,0,0,0,0.000,0.0000,1.2776,0.44474,1.32358,0.0943,0.23921,1.80737,41.9057,0.85243,0.22306,0.0943,0.77195,0.44254,0.0943,0.91501,0.07011,0.0943,0.85243,0.22306,0.0943,0.85243,0.22306,0.0943,0.80468,0.20183,0.0943,0.80468,0.20184,0.0943,0.80468,0.20183,0.0943,0.80468,0.20184,0.0943
16,22,0,2,0,0,1,1,0.000,0.0000,0.6085,0.84069,0.15542,0.8306,0.75748,0.14510,4.1694,0.77017,0.24534,0.8306,0.84176,0.15475,0.8306,0.70058,0.44462,0.8306,0.77017,0.24534,0.8306,0.77017,0.24534,0.8306,0.70492,0.13655,7.8306,0.66681,0.11522,7.8306,0.70492,0.13655,7.8306,0.66681,0.11522,7.8306
16,22,1,2,-1,0,2,2,0.000,0.0000,0.2823,0.64313,0.30146,8.2212,0.64868,0.36425,7.7788,0.64313,0.30146,8.2212,0.64313,0.30146,8.2212,0.64313,0.30146,8.2212,0.64313,0.30146,8.2212,0.65236,0.18843,8.2212,0.66230,0.30467,10.2212,0.67036,0.05849,10.2212,0.66230,0.30467,10.2212,0.67036,0.05849,10.2212
16,22,2,2,0,0,0,0,0.000,0.0000,0.7720,0.48190,1.13717,0.0943,0.28977,1.60527,41.9057,0.84102,0.22915,0.0943,0.72784,0.45502,0.0943,0.92569,0.01625,0.0943,0.84102,0.22915,0.0943,0.84102,0.22915,0.0943,0.80348,0.19995,0.0943,0.80348,0.19995,0.0943,0.80348,0.19995,0.0943,0.80348,0.19995,0.0943
16,22,4,2,0,1,3,3,0.000,0.0000,0.4593,0.10113,2.67910,1.2512,0.13500,2.71941,28.7488,0.71803,0.75413,1.2512,0.64980,0.97857,1.2512,0.77469,0.53220,1.2512,0.20883,2.49054,1.2512,0.90177,0.08630,1.2512,0.86470,0.12898,0.2512,0.94257,0.01257,0.2512,0.86470,0.12898,0.2512,0.94257,0.01257,0.2512
16,23,0,2,-1,0,1,1,0.000,0.0000,0.8064,0.54212,0.54600,13.8306,0.55618,0.61260,4.1694,0.54212,0.54600,13.8306,0.54212,0.54600,13.8306,0.54212,0.54600,13.8306,0.54212,0.54600,13.8306,0.54212,0.54600,13.8306,0.82192,0.15797,0.1694,0.76525,0.17293,0.1694,0.82192,0.15797,0.1694,0.76525,0.17293,0.1694
16,23,1,2,-1,0,2,2,0.000,0.0000,1.4632,0.19692,2.39960,9.7788,0.19856,2.40113,7.7788,0.19692,2.39960,9.7788,0.19692,2.39960,9.7788,0.19692,2.39960,9.7788,0.19692,2.39960,9.7788,0.19692,2.39960,9.7788,0.65546,0.28028,10.2212,0.65539,0.06567,10.2212,0.11692,2.35102,0.2212,0.21468,2.03088,0.2212
16,23,2,2,0,0,0,0,0.000,0.0000,0.3670,0.53021,0.96549,0.0943,0.32674,1.42885,41.9057,0.81845,0.23729,0.0943,0.70679,0.46078,0.0943,0.92569,0.01742,0.0943,0.81845,0.23729,0.0943,0.81845,0.23729,0.0943,0.80348,0.19995,0.0943,0.80348,0.19995,0.0943,0.80348,0.19995,0.0943,0.80348,0.19995,0.0943
16,23,4,2,0,1,3,3,0.000,0.0000,1.2953,0.20688,2.42946,22.2511,0.20712,2.35468,28.7488,0.17647,2.36377,22.2511,0.17028,2.42946,22.2511,0.18415,2.27909,22.2511,0.17647,2.36377,22.2511,0.16634,2.26971,22.2511,0.86470,0.12898,0.2512,0.94257,0.01257,0.2512,0.86470,0.12898,0.2512,0.94257,0.01257,0.2512
16,24,0,2,-1,0,1,1,0.000,0.0000,0.5368,0.58634,0.27938,12.8306,0.50406,0.24536,4.1694,0.58634,0.27938,12.8306,0.58634,0.27938,12.8306,0.58634,0.27938,12.8306,0.58634,0.27938,12.8306,0.58634,0.27938,12.8306,0.78563,0.15381,1.8306,0.74712,0.10745,1.8306,0.78563,0.15381,1.8306,0.74712,0.10745,1.8306
16,24,1,2,-1,0,2,2,0.000,0.0000,1.7345,0.33202,2.46284,1.2212,0.29590,2.32469,7.7788,0.33202,2.46284,1.2212,0.33202,2.46284,1.2212,0.33202,2.46284,1.2212,0.33202,2.46284,1.2212,0.33202,2.46284,1.2212,0.68793,0.19217,9.2212,0.66599,0.06070,9.2212,0.68793,0.19217,9.2212,0.66599,0.06070,9.2212
16,24,2,2,0,0,0,0,0.000,0.0000,0.0675,0.93404,0.06527,0.0943,0.41199,0.64569,41.9057,0.93404,0.06527,0.0943,0.93404,0.06527,0.0943,0.92569,0.01572,0.0943,0.93404,0.06527,0.0943,0.93404,0.06527,0.0943,0.80348,0.19995,0.0943,0.80348,0.19995,0.0943,0.80348,0.19995,0.0943,0.80348,0.19995,0.0943
16,24,4,2,-1,1,3,3,0.000,0.0000,1.0079,0.57432,1.03323,0.7488,0.27294,1.58012,28.7488,0.57432,1.03323,0.7488,0.57432,1.03323,0.7488,0.57432,1.03323,0.7488,0.57432,1.03323,0.7488,0.80250,0.21335,0.7488,0.95541,0.02606,0.2512,0.94257,0.00226,0.2512,0.95541,0.02606,0.2512,0.94257,0.00226,0.2512
16,25,0,2,-1,0,1,1,0.000,0.0000,0.4593,0.57728,0.42000,17.8306,0.74920,0.20004,4.1694,0.57728,0.42000,17.8306,0.57728,0.42000,17.8306,0.57728,0.42000,17.8306,0.57728,0.42000,17.8306,0.56346,0.42000,17.8306,0.66928,0.04967,10.1694,0.65022,0.02588,10.1694,0.66928,0.04967,10.1694,0.65022,0.02588,10.1694
16,25,1,2,-1,0,2,2,0.000,0.0000,1.0908,0.69904,0.25781,3.7788,0.66135,0.27514,7.7788,0.69904,0.25781,3.7788,0.69904,0.25781,3.7788,0.69904,0.25781,3.7788,0.69904,0.25781,3.7788,0.69904,0.25781,3.7788,0.64383,0.18228,10.2212,0.61710,0.07115,10.2212,0.64383,0.18228,10.2212,0.61710,0.07115,10.2212
16,25,2,2,-1,0,0,0,0.000,0.0000,0.2702,0.82499,0.18272,0.0943,0.40904,0.65254,41.9057,0.82499,0.18272,0.0943,0.82499,0.18272,0.0943,0.82499,0.18272,0.0943,0.82499,0.18272,0.0943,0.82499,0.18272,0.0943,0.78723,0.18356,1.0943,0.78723,0.18356,1.0943,0.78723,0.18356,1.0943,0.78723,0.18356,1.0943
16,25,4,2,-1,1,3,3,0.000,0.0000,0.8441,0.51290,0.41838,17.2511,0.37509,0.90778,28.7488,0.51290,0.41838,17.2511,0.51290,0.41838,17.2511,0.51290,0.41838,17.2511,0.51290,0.41838,17.2511,0.53169,0.15420,17.2511,0.95541,0.02606,0.2512,0.94257,0.00226,0.2512,0.95541,0.02606,0.2512,0.94257,0.00226,0.2512
16,26,0,2,-1,0,1,1,0.000,0.0000,0.3969,0.68935,0.12998,4.8306,0.62069,0.26540,4.1694,0.68935,0.12998,4.8306,0.68935,0.12998,4.8306,0.68935,0.12998,4.8306,0.68935,0.12998,4.8306,0.66967,0.10247,4.8306,0.75377,0.10326,4.8306,0.71384,0.06539,4.8306,0.75377,0.10326,4.8306,0.71384,0.06539,4.8306
16,26,1,1,0,0,2,2,0.000,0.0000,0.4820,0.87277,0.05761,2.7788,0.75712,0.10751,7.7788,0.80403,0.05761,2.7788,0.87277,0.05761,2.7788,0.73107,0.05761,2.7788,0.80403,0.05761,2.7788,0.80403,0.05761,2.7788,0.64420,0.18070,10.2212,0.61425,0.18070,10.2212,0.64420,0.18070,10.2212,0.61425,0.18070,10.2212
16,26,2,2,0,0,0,0,0.000,0.0000,0.4044,0.94410,0.06964,0.0943,0.40714,0.66459,41.9057,0.94410,0.06964,0.0943,0.94410,0.06964,0.0943,0.92569,0.02073,0.0943,0.94410,0.06964,0.0943,0.94410,0.06964,0.0943,0.78723,0.18356,1.0943,0.78723,0.18356,1.0943,0.78723,0.18356,1.0943,0.78723,0.18356,1.0943
16,26,4,2,0,1,3,3,0.000,0.0000,0.6201,0.74022,0.66439,1.2512,0.33141,1.25613,28.7488,0.74022,0.66439,1.2512,0.74022,0.66439,1.2512,0.77409,0.55407,1.2512,0.74022,0.66439,1.2512,0.92926,0.04297,1.2512,0.95541,0.02606,0.2512,0.94257,0.00226,0.2512,0.95541,0.02606,0.2512,0.94257,0.00226,0.2512
16,27,0,2,0,0,1,1,0.000,0.0000,0.2766,0.68160,0.30944,6.8306,0.74228,0.21530,4.1694,0.66634,0.28724,6.8306,0.68160,0.30944,6.8306,0.66266,0.19736,6.8306,0.66634,0.28724,6.8306,0.66634,0.28724,6.8306,0.75377,0.10326,4.8306,0.71384,0.06539,4.8306,0.75377,0.10326,4.8306,0.71384,0.06539,4.8306
16,27,1,1,0,0,2,2,0.000,0.0000,0.1875,0.95215,0.02307,0.2212,0.73862,0.04257,7.7788,0.86107,0.02307,0.2212,0.95215,0.02307,0.2212,0.76639,0.00260,0.2212,0.86107,0.02307,0.2212,0.86107,0.02307,0.2212,0.64449,0.17941,10.2212,0.61434,0.17941,10.2212,0.64449,0.17941,10.2212,0.61434,0.17941,10.2212
16,27,2,2,0,0,0,0,0.000,0.0000,0.4978,0.88620,0.10355,0.0943,0.41979,0.62753,41.9057,0.90148,0.09029,0.0943,0.88620,0.10355,0.0943,0.92569,0.01401,0.0943,0.90148,0.09029,0.0943,0.90148,0.09029,0.0943,0.78723,0.18356,1.0943,0.78723,0.18356,1.0943,0.78723,0.18356,1.0943,0.78723,0.18356,1.0943
16,27,4,2,0,1,3,3,0.000,0.0000,0.4355,0.38247,1.75368,1.7489,0.23050,2.08999,28.7488,0.63333,0.80472,1.7489,0.57836,1.02341,1.7489,0.68615,0.59081,1.7489,0.63333,0.80472,1.7489,0.79776,0.21500,1.7489,0.95043,0.04124,0.2512,0.94257,0.03338,0.2512,0.95043,0.04124,0.2512,0.94257,0.03338,0.2512
16,28,0,2,0,0,1,1,0.000,0.0000,0.0720,0.84335,0.15444,0.1694,0.82543,0.12917,4.1694,0.76677,0.26595,0.1694,0.84335,0.15444,0.1694,0.73308,0.45444,0.1694,0.76677,0.26595,0.1694,0.76677,0.26595,0.1694,0.75341,0.10301,4.8306,0.71350,0.10301,4.8306,0.75341,0.10301,4.8306,0.71350,0.10301,4.8306
16,28,1,1,0,0,2,2,0.000,0.0000,0.3933,0.95354,0.02702,0.2212,0.74755,0.04878,7.7788,0.86854,0.02702,0.2212,0.95354,0.02702,0.2212,0.76639,0.00957,0.2212,0.86854,0.02702,0.2212,0.86854,0.02702,0.2212,0.80473,0.17000,2.7788,0.78745,0.17000,2.7788,0.80473,0.17000,2.7788,0.78745,0.17000,2.7788
16,28,2,2,0,0,0,0,0.000,0.0000,0.5310,0.95765,0.04005,0.0943,0.41022,0.62996,41.9057,0.95765,0.04005,0.0943,0.95765,0.04005,0.0943,0.92569,0.01346,0.0943,0.95765,0.04005,0.0943,0.95765,0.04005,0.0943,0.78723,0.18356,1.0943,0.78723,0.18356,1.0943,0.78723,0.18356,1.0943,0.78723,0.18356,1.0943
16,28,4,2,0,1,3,3,0.000,0.0000,0.2793,0.05434,2.82885,0.2512,0.10356,2.83061,28.7488,0.73596,0.77298,0.2512,0.66212,0.99796,0.2512,0.78654,0.54979,0.2512,0.20598,2.49224,0.2512,0.93209,0.06012,0.2512,0.95043,0.04124,0.2512,0.94257,0.03338,0.2512,0.95043,0.04124,0.2512,0.94257,0.03338,0.2512
16,29,0,2,0,0,1,1,0.000,0.0000,0.0704,0.81141,0.11608,6.1694,0.82228,0.14442,4.1694,0.75448,0.17239,6.1694,0.81141,0.11608,6.1694,0.68666,0.38222,6.1694,0.75448,0.17239,6.1694,0.75448,0.17239,6.1694,0.75762,0.10779,3.8306,0.71743,0.10779,3.8306,0.75762,0.10779,3.8306,0.71743,0.10779,3.8306
16,29,1,1,0,0,2,2,0.000,0.0000,0.5751,0.96006,0.02747,0.7788,0.75708,0.05101,7.7788,0.87125,0.02747,0.7788,0.96006,0.02747,0.7788,0.76639,0.01674,0.7788,0.87125,0.02747,0.7788,0.87125,0.02747,0.7788,0.80714,0.15882,2.7788,0.78967,0.15882,2.7788,0.80714,0.15882,2.7788,0.78967,0.15882,2.7788
16,29,2,2,0,0,0,0,0.000,0.0000,0.5270,0.96138,0.01116,0.0943,0.41732,0.63832,41.9057,0.96138,0.01116,0.0943,0.96138,0.01116,0.0943,0.92569,0.02564,0.0943,0.96138,0.01116,0.0943,0.96138,0.01116,0.0943,0.78723,0.18356,1.0943,0.78723,0.18356,1.0943,0.78723,0.18356,1.0943,0.78723,0.18356,1.0943
16,29,4,1,-1,1,3,3,0.000,0.0000,0.3091,0.43765,1.46740,0.2512,0.26562,1.89041,28.7488,0.43765,1.46740,0.2512,0.43765,1.46740,0.2512,0.43765,1.46740,0.2512,0.43765,1.46740,0.2512,0.72608,0.33782,0.2512,0.95043,0.04124,0.2512,0.94257,0.03425,0.2512,0.95043,0.04124,0.2512,0.94257,0.03425,0.2512
16,30,0,2,0,0,1,1,0.000,0.0000,0.1349,0.35000,0.72412,8.8306,0.53510,0.50777,4.1694,0.56496,0.44046,8.8306,0.51949,0.52973,8.8306,0.58121,0.35156,8.8306,0.56496,0.44046,8.8306,0.56496,0.44046,8.8306,0.65841,0.06045,10.1694,0.63966,0.04309,10.1694,0.65841,0.06045,10.1694,0.63966,0.04309,10.1694
16,30,1,2,-1,0,2,2,0.000,0.0000,2.1859,0.17294,3.14737,2.2212,0.24132,3.25779,7.7788,0.17294,3.14737,2.2212,0.17294,3.14737,2.2212,0.17294,3.14737,2.2212,0.17294,3.14737,2.2212,0.17294,3.14737,2.2212,0.80714,0.15882,2.7788,0.78967,0.19793,2.7788,0.80714,0.15882,2.7788,0.78967,0.19793,2.7788
16,30,2,2,0,0,0,0,0.000,0.0000,0.4744,0.83227,0.15666,0.0943,0.41605,0.68379,41.9057,0.89353,0.11035,0.0943,0.83227,0.15666,0.0943,0.92569,0.02232,0.0943,0.89353,0.11035,0.0943,0.89353,0.11035,0.0943,0.78723,0.18356,1.0943,0.78723,0.18356,1.0943,0.78723,0.18356,1.0943,0.78723,0.18356,1.0943
16,30,4,1,0,1,3,3,0.000,0.0000,0.3436,0.00992,3.13662,0.2512,0.06649,2.99184,28.7488,0.63108,1.12715,0.2512,0.56220,1.35210,0.2512,0.69564,0.90223,0.2512,0.15759,2.47698,0.2512,0.84371,0.37776,0.2512,0.95043,0.04124,0.2512,0.94257,0.03425,0.2512,0.95043,0.04124,0.2512,0.94257,0.03425,0.2512
16,31,0,2,0,0,1,1,0.000,0.0000,0.1537,0.59303,0.38221,0.8306,0.63849,0.35626,4.1694,0.82409,0.23372,0.8306,0.81035,0.17482,0.8306,0.74858,0.44292,0.8306,0.82409,0.23372,0.8306,0.82409,0.23372,0.8306,0.65704,0.05872,10.1694,0.63833,0.04062,10.1694,0.65704,0.05872,10.1694,0.63833,0.04062,10.1694
16,31,1,2,0,0,2,2,0.000,0.0000,1.7456,0.84212,0.16083,0.2212,0.70966,0.14979,7.7788,0.76789,0.24923,0.2212,0.84212,0.16083,0.2212,0.69886,0.44558,0.2212,0.76789,0.24923,0.2212,0.76789,0.24923,0.2212,0.80714,0.15882,2.7788,0.78967,0.19793,2.7788,0.80714,0.15882,2.7788,0.78967,0.19793,2.7788
16,31,2,2,0,0,0,0,0.000,0.0000,0.4323,0.82710,0.15665,0.0943,0.42376,0.63503,41.9057,0.91510,0.07751,0.0943,0.82710,0.15665,0.0943,0.92569,0.02893,0.0943,0.91510,0.07751,0.0943,0.91510,0.07751,0.0943,0.78723,0.18356,1.0943,0.78723,0.18356,1.0943,0.78723,0.18356,1.0943,0.78723,0.18356,1.0943
16,31,4,2,0,1,3,3,0.000,0.0000,0.1606,0.04533,2.87180,2.7488,0.07793,2.92212,28.7488,0.67387,0.81727,2.7488,0.61259,1.04022,2.7488,0.71090,0.60503,2.7488,0.19744,2.58446,2.7488,0.82247,0.18185,2.7488,0.95043,0.04124,0.2512,0.94257,0.03703,0.2512,0.95043,0.04124,0.2512,0.94257,0.03703,0.2512
16,32,0,2,0,0,1,1,0.000,0.0000,0.2135,0.65449,0.32313,0.1694,0.68042,0.30948,4.1694,0.83556,0.22934,0.1694,0.82555,0.16204,0.1694,0.74904,0.44313,0.1694,0.83556,0.22934,0.1694,0.83556,0.22934,0.1694,0.65704,0.05872,10.1694,0.63833,0.04061,10.1694,0.65704,0.05872,10.1694,0.63833,0.04061,10.1694
16,32,1,2,0,0,2,2,0.000,0.0000,1.2994,0.77251,0.21746,5.2212,0.68794,0.15275,7.7788,0.73582,0.20657,5.2212,0.77251,0.21746,5.2212,0.70265,0.31129,5.2212,0.73582,0.20657,5.2212,0.73582,0.20657,5.2212,0.81437,0.15250,0.2212,0.78489,0.22490,0.2212,0.81437,0.15250,0.2212,0.78489,0.22490,0.2212
16,32,2,2,0,0,0,0,0.000,0.0000,0.3277,0.93057,0.12218,0.0943,0.41099,0.67821,41.9057,0.93057,0.12218,0.0943,0.93057,0.12218,0.0943,0.92569,0.02223,0.0943,0.93057,0.12218,0.0943,0.93057,0.12218,0.0943,0.78723,0.18356,1.0943,0.78723,0.18356,1.0943,0.78723,0.18356,1.0943,0.78723,0.18356,1.0943
16,32,4,2,-1,-1,-1,-1,0.000,-1.0000,-1.0000,0.34756,1.16804,37.2512,0.39487,1.00284,28.7488,0.34756,1.16804,37.2512,0.34756,1.16804,37.2512,0.34756,1.16804,37.2512,0.34756,1.16804,37.2512,0.34756,1.16804,37.2512,0.34756,1.16804,37.2512,0.34756,1.16804,37.2512,0.34756,1.16804,37.2512,0.34756,1.16804,37.2512
16,33,0,2,0,0,1,1,0.000,0.0000,0.2800,0.17214,0.78128,0.8306,0.24591,0.74243,4.1694,0.80310,0.28228,0.8306,0.79506,0.18511,0.8306,0.73458,0.49250,0.8306,0.80310,0.28228,0.8306,0.80310,0.28228,0.8306,0.65704,0.05872,10.1694,0.63833,0.04061,10.1694,0.65704,0.05872,10.1694,0.63833,0.04061,10.1694
16,33,1,2,-1,0,2,2,0.000,0.0000,1.0650,0.30657,0.87264,37.2212,0.28732,1.55824,7.7788,0.30657,0.87264,37.2212,0.30657,0.87264,37.2212,0.30657,0.87264,37.2212,0.30657,0.87264,37.2212,0.30657,0.87264,37.2212,0.81344,0.15045,0.2212,0.78489,0.22033,0.2212,0.81344,0.15045,0.2212,0.78489,0.22033,0.2212
16,33,2,2,0,0,0,0,0.000,0.0000,0.2725,0.89509,0.10414,0.0943,0.41192,0.67157,41.9057,0.90318,0.09865,0.0943,0.89509,0.10414,0.0943,0.92569,0.02508,0.0943,0.90318,0.09865,0.0943,0.90318,0.09865,0.0943,0.78723,0.18356,1.0943,0.78723,0.18356,1.0943,0.78723,0.18356,1.0943,0.78723,0.18356,1.0943
16,33,4,2,-1,1,3,3,0.000,0.0000,0.6853,0.37293,1.12106,6.2512,0.35779,0.63551,28.7488,0.37293,1.12106,6.2512,0.37293,1.12106,6.2512,0.37293,1.12106,6.2512,0.37293,1.12106,6.2512,0.37293,1.12106,6.2512,0.89870,0.05162,1.2512,0.90044,0.03769,1.2512,0.89870,0.05162,1.2512,0.90044,0.03769,1.2512
16,34,0,2,0,0,1,1,0.000,0.0000,0.3115,0.19049,0.76392,1.1694,0.22561,0.76876,4.1694,0.80797,0.27548,1.1694,0.79910,0.18086,1.1694,0.73661,0.48633,1.1694,0.80797,0.27548,1.1694,0.80797,0.27548,1.1694,0.65704,0.05872,10.1694,0.63833,0.04062,10.1694,0.65704,0.05872,10.1694,0.63833,0.04062,10.1694
16,34,1,2,-1,0,2,2,0.000,0.0000,0.6792,0.67430,0.14802,11.2212,0.70839,0.24013,7.7788,0.67430,0.14802,11.2212,0.67430,0.14802,11.2212,0.67430,0.14802,11.2212,0.67430,0.14802,11.2212,0.64230,0.15956,11.2212,0.76591,0.13681,2.2212,0.74480,0.19210,2.2212,0.76591,0.13681,2.2212,0.74480,0.19210,2.2212
16,34,2,2,0,0,0,0,0.000,0.0000,0.2466,0.94292,0.04916,0.0943,0.42155,0.60768,41.9057,0.94292,0.04916,0.0943,0.94292,0.04916,0.0943,0.92569,0.02061,0.0943,0.94292,0.04916,0.0943,0.94292,0.04916,0.0943,0.78723,0.18356,1.0943,0.78723,0.18356,1.0943,0.78723,0.18356,1.0943,0.78723,0.18356,1.0943
16,34,4,2,1,1,3,3,0.000,0.0000,0.0731,0.43761,0.79631,12.2512,0.40955,0.63397,28.7488,0.43761,0.79631,12.2512,0.43761,0.79631,12.2512,0.41336,0.80999,12.2512,0.43761,0.79631,12.2512,0.43761,0.79631,12.2512,0.86361,0.17254,1.2512,0.86361,0.17254,1.2512,0.86361,0.17254,1.2512,0.86361,0.17254,1.2512
16,35,0,2,0,0,1,1,0.000,0.0000,0.2062,0.07422,0.90092,2.8306,0.16593,0.87481,4.1694,0.77843,0.16085,2.8306,0.73928,0.24307,2.8306,0.74175,0.09413,2.8306,0.77843,0.16085,2.8306,0.77843,0.16085,2.8306,0.65704,0.05872,10.1694,0.63833,0.04062,10.1694,0.65704,0.05872,10.1694,0.63833,0.04062,10.1694
16,35,1,2,-1,0,2,2,0.000,0.0000,0.6676,0.65216,0.52188,0.2212,0.59020,0.38582,7.7788,0.65216,0.52188,0.2212,0.65216,0.52188,0.2212,0.65216,0.52188,0.2212,0.65216,0.52188,0.2212,0.65216,0.52188,0.2212,0.76591,0.13681,2.2212,0.74480,0.19210,2.2212,0.76591,0.13681,2.2212,0.74480,0.19210,2.2212
16,35,2,2,0,0,0,0,0.000,0.0000,0.1860,0.91323,0.09046,0.0943,0.41986,0.63779,41.9057,0.91323,0.09046,0.0943,0.91323,0.09046,0.0943,0.92569,0.03124,0.0943,0.91323,0.09046,0.0943,0.91323,0.09046,0.0943,0.78723,0.18356,1.0943,0.78723,0.18356,1.0943,0.78723,0.18356,1.0943,0.78723,0.18356,1.0943
16,35,4,2,-1,1,3,3,0.000,0.0000,0.1061,0.49752,0.32758,18.7488,0.42069,0.47776,28.7488,0.49752,0.32758,18.7488,0.49752,0.32758,18.7488,0.49752,0.32758,18.7488,0.49752,0.32758,18.7488,0.50284,0.13605,18.7488,0.86550,0.17894,0.2512,0.86550,0.17894,0.2512,0.86550,0.17894,0.2512,0.86550,0.17894,0.2512
16,36,0,2,0,0,1,1,0.000,0.0000,0.2539,0.06655,0.86656,0.1694,0.12519,0.86975,4.1694,0.82262,0.29996,0.1694,0.81720,0.16129,0.1694,0.72589,0.52095,0.1694,0.82262,0.29996,0.1694,0.82262,0.29996,0.1694,0.65704,0.05872,10.1694,0.63833,0.04061,10.1694,0.65704,0.05872,10.1694,0.63833,0.04061,10.1694
16,36,1,2,0,0,2,2,0.000,0.0000,0.5128,0.82310,0.17057,1.2212,0.67772,0.22636,7.7788,0.77172,0.22397,1.2212,0.83406,0.15683,1.2212,0.70190,0.42069,1.2212,0.77172,0.22397,1.2212,0.77172,0.22397,1.2212,0.78891,0.13406,1.2212,0.76479,0.19418,1.2212,0.78891,0.13406,1.2212,0.76479,0.19418,1.2212
16,36,2,2,0,0,0,0,0.000,0.0000,0.1024,0.92180,0.12434,0.0943,0.41310,0.68090,41.9057,0.92180,0.12434,0.0943,0.92180,0.12434,0.0943,0.92569,0.02298,0.0943,0.92180,0.12434,0.0943,0.92180,0.12434,0.0943,0.78723,0.18356,1.0943,0.78723,0.18356,1.0943,0.78723,0.18356,1.0943,0.78723,0.18356,1.0943
16,36,4,2,-1,1,3,3,0.000,0.0000,0.5586,0.38391,0.86795,25.2511,0.41791,0.49327,28.7488,0.38391,0.86795,25.2511,0.38391,0.86795,25.2511,0.38391,0.86795,25.2511,0.38391,0.86795,25.2511,0.38391,0.86795,25.2511,0.79352,0.17385,1.2512,0.79352,0.17385,1.2512,0.79352,0.17385,1.2512,0.79352,0.17385,1.2512
17,0,0,2,0,0,1,1,0.000,0.0000,0.0000,0.02168,0.97844,0.4944,0.08384,0.98739,5.5056,0.70842,0.73124,0.4944,0.70532,0.51788,0.4944,0.60252,0.95847,0.4944,0.70842,0.73124,0.4944,0.70842,0.73124,0.4944,0.02168,0.97844,0.4944,0.70842,0.73124,0.4944,0.02168,0.97844,0.4944,0.70842,0.73124,0.4944
17,0,1,2,0,0,2,2,0.000,0.0000,0.0000,0.05537,2.01726,0.6750,0.07795,2.06773,21.3250,0.91340,0.09178,0.6750,0.90176,0.14112,0.6750,0.77085,0.32018,0.6750,0.24996,1.82983,0.6750,0.91340,0.09178,0.6750,0.05537,2.01726,0.6750,0.91340,0.09178,0.6750,0.05537,2.01726,0.6750,0.91340,0.09178,0.6750
17,0,2,1,0,0,0,0,0.000,0.0000,0.0000,0.01612,2.24750,1.5082,0.09360,2.15530,36.4918,0.87319,0.16204,1.5082,0.79642,0.38300,1.5082,0.75665,0.08408,1.5082,0.20791,1.50586,1.5082,0.87319,0.16204,1.5082,0.01612,2.24750,1.5082,0.87319,0.16204,1.5082,0.01612,2.24750,1.5082,0.87319,0.16204,1.5082
17,0,4,2,-1,1,3,3,0.000,0.0000,0.0000,0.79600,0.20712,0.3430,0.38789,0.93432,28.6570,0.79600,0.20712,0.3430,0.79600,0.20712,0.3430,0.79600,0.20712,0.3430,0.79600,0.20712,0.3430,0.86460,0.21266,0.3430,0.79599,0.20712,0.3430,0.86460,0.21266,0.3430,0.79599,0.20712,0.3430,0.86460,0.21266,0.3430
17,1,0,2,0,0,1,1,0.000,0.0000,0.1634,0.02559,0.96428,0.4944,0.09681,0.96013,5.5056,0.70931,0.71906,0.4944,0.69807,0.50881,0.4944,0.60564,0.94481,0.4944,0.70931,0.71906,0.4944,0.70931,0.71906,0.4944,0.02061,0.94899,0.4944,0.70737,0.73466,0.4944,0.02061,0.94899,0.4944,0.70737,0.73466,0.4944
17,1,1,2,0,0,2,2,0.000,0.0000,0.3068,0.06998,1.97998,0.3250,0.07205,2.08734,21.3250,0.92726,0.08333,0.3250,0.87486,0.15129,0.3250,0.76670,0.32351,0.3250,0.24892,1.85867,0.3250,0.92726,0.08333,0.3250,0.04350,2.02431,0.3250,0.91567,0.11126,0.3250,0.04350,2.02431,0.3250,0.91567,0.11126,0.3250
17,1,2,2,0,0,0,0,0.000,0.0000,1.0972,0.30239,1.63725,0.4918,0.31785,1.55777,36.4918,0.83761,0.28724,0.4918,0.77309,0.51083,0.4918,0.75632,0.13467,0.4918,0.83761,0.28724,0.4918,0.83761,0.28724,0.4918,0.01359,2.24174,1.4918,0.89536,0.13165,1.4918,0.01359,2.24174,1.4918,0.89536,0.13165,1.4918
17,1,4,2,0,1,3,3,0.000,0.0000,0.1356,0.90128,0.14399,0.3430,0.38206,0.94634,28.6570,0.90128,0.14399,0.3430,0.90128,0.14399,0.3430,0.90128,0.14399,0.3430,0.90128,0.14399,0.3430,0.87742,0.20389,0.3430,0.25953,0.78671,0.6570,0.87108,0.23185,0.6570,0.25953,0.78671,0.6570,0.87108,0.23185,0.6570
17,2,0,2,0,0,1,1,0.000,0.0000,1.1750,0.02134,1.08096,0.4944,0.08079,1.07310,5.5056,0.55655,0.80024,0.4944,0.53178,0.63790,0.4944,0.56969,0.99564,0.4944,0.55655,0.80024,0.4944,0.55655,0.80024,0.4944,0.01943,0.94851,0.5056,0.70272,0.74990,0.5056,0.01943,0.94851,0.5056,0.70272,0.74990,0.5056
17,2,1,2,0,0,2,2,0.000,0.0000,0.1656,0.09655,1.92368,1.6750,0.07219,2.08904,21.3250,0.88162,0.10476,1.6750,0.84561,0.16650,1.6750,0.77085,0.31422,1.6750,0.24978,1.80672,1.6750,0.88162,0.10476,1.6750,0.09586,1.93325,0.6750,0.91135,0.08500,0.6750,0.09586,1.93325,0.6750,0.91135,0.08500,0.6750
17,2,2,2,-1,0,0,0,0.000,0.0000,1.2070,0.63813,0.46713,1.5082,0.44209,0.57166,36.4918,0.63813,0.46713,1.5082,0.63813,0.46713,1.5082,0.63813,0.46713,1.5082,0.63813,0.46713,1.5082,0.65802,0.40109,1.5082,0.01249,2.23648,0.4918,0.90347,0.11905,0.4918,0.01249,2.23648,0.4918,0.90347,0.11905,0.4918
17,2,4,2,-1,1,3,3,0.000,0.0000,0.0578,0.89749,0.10240,0.3430,0.39506,0.88996,28.6570,0.89749,0.10240,0.3430,0.89749,0.10240,0.3430,0.89749,0.10240,0.3430,0.89749,0.10240,0.3430,0.87462,0.20990,0.3430,0.00697,1.34344,0.6570,0.77815,0.55868,0.6570,0.00697,1.34344,0.6570,0.77815,0.55868,0.6570
17,3,0,2,0,0,1,1,0.000,0.0000,0.9976,0.02268,1.08941,0.4944,0.08066,0.99634,5.5056,0.54107,0.89382,0.4944,0.51808,0.71925,0.4944,0.55297,1.09452,0.4944,0.54107,0.89382,0.4944,0.54107,0.89382,0.4944,0.02061,0.94899,0.4944,0.70737,0.73466,0.4944,0.02061,0.94899,0.4944,0.70737,0.73466,0.4944
17,3,1,2,0,0,2,2,0.000,0.0000,0.0421,0.10156,1.91873,0.3250,0.08121,2.07170,21.3250,0.92579,0.09060,0.3250,0.92503,0.13554,0.3250,0.76676,0.33028,0.3250,0.25020,1.85372,0.3250,0.92579,0.09060,0.3250,0.00588,2.12730,0.6750,0.88017,0.10002,0.6750,0.00588,2.12730,0.6750,0.88017,0.10002,0.6750
17,3,2,2,-1,0,0,0,0.000,0.0000,0.8430,0.62145,0.15323,7.5082,0.40672,0.46743,36.4918,0.62145,0.15323,7.5082,0.62145,0.15323,7.5082,0.62145,0.15323,7.5082,0.62145,0.15323,7.5082,0.62145,0.15323,7.5082,0.16587,1.87415,10.5082,0.67605,0.30587,10.5082,0.16587,1.87415,10.5082,0.67605,0.30587,10.5082
17,3,4,2,-1,1,3,3,0.000,0.0000,0.0614,0.83956,0.16299,0.3430,0.39567,0.90617,28.6570,0.83956,0.16299,0.3430,0.83956,0.16299,0.3430,0.83956,0.16299,0.3430,0.83956,0.16299,0.3430,0.87690,0.19138,0.3430,0.16773,1.29168,0.6570,0.85731,0.22529,0.6570,0.16773,1.29168,0.6570,0.85731,0.22529,0.6570
17,4,0,2,0,0,1,1,0.000,0.0000,0.5056,0.02954,1.00619,0.4944,0.08658,1.01706,5.5056,0.66004,0.89349,0.4944,0.65750,0.67737,0.4944,0.56372,1.12039,0.4944,0.66004,0.89349,0.4944,0.66004,0.89349,0.4944,0.02118,0.96492,0.4944,0.70737,0.73466,0.4944,0.02118,0.96492,0.4944,0.70737,0.73466,0.4944
17,4,1,2,0,0,2,2,0.000,0.0000,0.0106,0.09588,1.92684,0.6750,0.07426,2.08951,21.3250,0.91605,0.08406,0.6750,0.87205,0.15634,0.6750,0.77085,0.31386,0.6750,0.24869,1.83704,0.6750,0.91605,0.08406,0.6750,0.08062,1.96821,3.3250,0.83877,0.13050,3.3250,0.08062,1.96821,3.3250,0.83877,0.13050,3.3250
17,4,2,2,-1,0,0,0,0.000,0.0000,0.5926,0.61391,0.24297,8.5082,0.44006,0.40071,36.4918,0.61391,0.24297,8.5082,0.61391,0.24297,8.5082,0.61391,0.24297,8.5082,0.61391,0.24297,8.5082,0.62385,0.16963,8.5082,0.84837,0.28840,0.4918,0.90107,0.12391,0.4918,0.84837,0.28840,0.4918,0.90107,0.12391,0.4918
17,4,4,2,0,1,3,3,0.000,0.0000,0.1309,0.92432,0.15165,0.3430,0.38305,0.94565,28.6570,0.92432,0.15165,0.3430,0.92432,0.15165,0.3430,0.92432,0.15165,0.3430,0.92432,0.15165,0.3430,0.90303,0.19595,0.3430,0.24700,0.79016,0.6570,0.85731,0.22529,0.6570,0.24700,0.79016,0.6570,0.85731,0.22529,0.6570
17,5,0,2,0,0,1,1,0.000,0.0000,0.6920,0.02037,1.17010,0.4944,0.07527,1.08221,5.5056,0.47377,1.04036,0.4944,0.44959,0.87034,0.4944,0.48794,1.23477,0.4944,0.47377,1.04036,0.4944,0.47377,1.04036,0.4944,0.02090,0.97857,0.4944,0.69643,0.73612,0.4944,0.02090,0.97857,0.4944,0.69643,0.73612,0.4944
17,5,1,2,0,0,2,2,0.000,0.0000,0.0392,0.07366,1.97857,0.3250,0.07707,2.09373,21.3250,0.92948,0.08936,0.3250,0.92920,0.13592,0.3250,0.76839,0.32849,0.3250,0.25010,1.85158,0.3250,0.92948,0.08936,0.3250,0.09210,1.94026,0.3250,0.92676,0.08769,0.3250,0.09210,1.94026,0.3250,0.92676,0.08769,0.3250
17,5,2,2,0,0,0,0,0.000,0.0000,0.4312,0.77629,0.12155,5.4918,0.45536,0.35239,36.4918,0.77629,0.12155,5.4918,0.77629,0.12155,5.4918,0.71804,0.13863,5.4918,0.77629,0.12155,5.4918,0.77629,0.12155,5.4918,0.84806,0.18220,2.4918,0.86261,0.15055,2.4918,0.84806,0.18220,2.4918,0.86261,0.15055,2.4918
17,5,4,2,-1,1,3,3,0.000,0.0000,0.0786,0.92766,0.09386,0.3430,0.38462,0.93090,28.6570,0.92766,0.09386,0.3430,0.92766,0.09386,0.3430,0.92766,0.09386,0.3430,0.92766,0.09386,0.3430,0.88543,0.21425,0.3430,0.71739,0.29095,0.6570,0.85731,0.22529,0.6570,0.71739,0.29095,0.6570,0.85731,0.22529,0.6570
17,6,0,2,0,0,1,1,0.000,0.0000,0.6155,0.02217,1.04733,0.5056,0.07528,1.04888,5.5056,0.60801,1.06332,0.5056,0.59754,0.84662,0.5056,0.52513,1.28919,0.5056,0.60801,1.06332,0.5056,0.60801,1.06332,0.5056,0.02093,0.97931,0.4944,0.69643,0.73612,0.4944,0.02093,0.97931,0.4944,0.69643,0.73612,0.4944
17,6,1,2,0,0,2,2,0.000,0.0000,0.0933,0.04226,2.04435,1.3250,0.07349,2.08618,21.3250,0.89252,0.09819,1.3250,0.90301,0.13922,1.3250,0.74029,0.34011,1.3250,0.24737,1.88284,1.3250,0.89252,0.09819,1.3250,0.09210,1.94026,0.3250,0.92676,0.08769,0.3250,0.09210,1.94026,0.3250,0.92676,0.08769,0.3250
17,6,2,2,0,0,0,0,0.000,0.0000,0.5386,0.80880,0.13258,2.5082,0.45640,0.36562,36.4918,0.78946,0.13490,2.5082,0.80880,0.13258,2.5082,0.71782,0.29731,2.5082,0.78946,0.13490,2.5082,0.78946,0.13490,2.5082,0.79331,0.15819,3.5082,0.80944,0.09787,3.5082,0.79331,0.15819,3.5082,0.80944,0.09787,3.5082
17,6,4,2,-1,1,3,3,0.000,0.0000,0.0376,0.93253,0.06659,0.3430,0.39404,0.89052,28.6570,0.93253,0.06659,0.3430,0.93253,0.06659,0.3430,0.93253,0.06659,0.3430,0.93253,0.06659,0.3430,0.87281,0.21747,0.3430,0.77704,0.23520,0.3430,0.87561,0.20436,0.3430,0.77704,0.23520,0.3430,0.87561,0.20436,0.3430
17,7,0,2,0,0,1,1,0.000,0.0000,0.7221,0.01862,1.21553,0.5056,0.06834,1.11876,5.5056,0.42257,1.21503,0.5056,0.39936,1.03921,0.5056,0.43673,1.41070,0.5056,0.42257,1.21503,0.5056,0.42257,1.21503,0.5056,0.02123,0.98821,0.4944,0.69643,0.73612,0.4944,0.02123,0.98821,0.4944,0.69643,0.73612,0.4944
17,7,1,2,0,0,2,2,0.000,0.0000,0.0131,0.12519,1.85281,1.6750,0.07387,2.08618,21.3250,0.88561,0.10463,1.6750,0.82899,0.17450,1.6750,0.77082,0.31747,1.6750,0.25026,1.80815,1.6750,0.88561,0.10463,1.6750,0.09210,1.94026,0.3250,0.92676,0.08769,0.3250,0.09210,1.94026,0.3250,0.92676,0.08769,0.3250
17,7,2,2,0,0,0,0,0.000,0.0000,0.7535,0.54195,0.46291,8.4918,0.43310,0.51834,36.4918,0.61761,0.37943,8.4918,0.54808,0.45620,8.4918,0.65751,0.30987,8.4918,0.61761,0.37943,8.4918,0.61761,0.37943,8.4918,0.76916,0.14768,4.5082,0.78011,0.09255,4.5082,0.76916,0.14768,4.5082,0.78011,0.09255,4.5082
17,7,4,2,0,1,3,3,0.000,0.0000,0.0250,0.88427,0.15197,0.3430,0.38949,0.92233,28.6570,0.88427,0.15197,0.3430,0.88427,0.15197,0.3430,0.88427,0.15197,0.3430,0.88427,0.15197,0.3430,0.86090,0.22695,0.3430,0.78672,0.22663,0.3430,0.87561,0.20436,0.3430,0.78672,0.22663,0.3430,0.87561,0.20436,0.3430
17,8,0,2,0,0,1,1,0.000,0.0000,0.6173,0.06547,1.16046,4.4944,0.09753,1.24500,5.5056,0.54712,1.12421,4.4944,0.53254,0.92428,4.4944,0.51285,1.33823,4.4944,0.54712,1.12421,4.4944,0.54712,1.12421,4.4944,0.02454,0.98488,0.4944,0.69643,0.73612,0.4944,0.02454,0.98488,0.4944,0.69643,0.73612,0.4944
17,8,1,2,0,0,2,2,0.000,0.0000,0.0537,0.04964,2.03273,1.3250,0.07540,2.08644,21.3250,0.89232,0.09382,1.3250,0.89891,0.14738,1.3250,0.74014,0.33552,1.3250,0.24645,1.88645,1.3250,0.89232,0.09382,1.3250,0.09210,1.94026,0.3250,0.92676,0.08769,0.3250,0.09210,1.94026,0.3250,0.92676,0.08769,0.3250
17,8,2,1,0,0,0,0,0.000,0.0000,0.8300,0.43663,0.59550,3.5082,0.44177,0.58781,36.4918,0.63189,0.39138,3.5082,0.55907,0.46511,3.5082,0.69228,0.32594,3.5082,0.63189,0.39138,3.5082,0.63189,0.39138,3.5082,0.71796,0.09744,6.4918,0.71796,0.09744,6.4918,0.71796,0.09744,6.4918,0.71796,0.09744,6.4918
17,8,4,2,0,1,3,3,0.000,0.0000,0.0236,0.90331,0.13021,0.3430,0.39214,0.90523,28.6570,0.90331,0.13021,0.3430,0.90331,0.13021,0.3430,0.90331,0.13021,0.3430,0.90331,0.13021,0.3430,0.87387,0.21715,0.3430,0.78672,0.22663,0.3430,0.87561,0.20436,0.3430,0.78672,0.22663,0.3430,0.87561,0.20436,0.3430
17,9,0,2,0,0,1,1,0.000,0.0000,0.7299,0.02213,1.17233,0.4944,0.06734,1.17735,5.5056,0.52287,1.40750,0.4944,0.51739,1.18834,0.4944,0.45237,1.63323,0.4944,0.52287,1.40750,0.4944,0.52287,1.40750,0.4944,0.02454,0.98488,0.4944,0.69643,0.73612,0.4944,0.02454,0.98488,0.4944,0.69643,0.73612,0.4944
17,9,1,2,0,0,2,2,0.000,0.0000,0.1890,0.06225,2.03541,6.3250,0.07820,2.08190,21.3250,0.75540,0.20237,6.3250,0.74972,0.27628,6.3250,0.63470,0.38203,6.3250,0.22748,2.04172,6.3250,0.75540,0.20237,6.3250,0.09690,1.93305,0.6750,0.91646,0.08331,0.6750,0.09690,1.93305,0.6750,0.91646,0.08331,0.6750
17,9,2,1,-1,0,0,0,0.000,0.0000,0.6968,0.20658,1.63455,1.4918,0.25346,1.66628,36.4918,0.20658,1.63455,1.4918,0.20658,1.63455,1.4918,0.20658,1.63455,1.4918,0.20658,1.63455,1.4918,0.20658,1.63455,1.4918,0.68586,0.12672,7.4918,0.68586,0.12672,7.4918,0.68586,0.12672,7.4918,0.68586,0.12672,7.4918
17,9,4,2,0,1,3,3,0.000,0.0000,0.0243,0.91370,0.12402,0.3430,0.38276,0.94106,28.6570,0.91370,0.12402,0.3430,0.91370,0.12402,0.3430,0.91370,0.12402,0.3430,0.91370,0.12402,0.3430,0.88265,0.22098,0.3430,0.78672,0.22663,0.3430,0.87561,0.20436,0.3430,0.78672,0.22663,0.3430,0.87561,0.20436,0.3430
17,10,0,2,0,0,1,1,0.000,0.0000,0.8929,0.57477,0.93317,3.4944,0.51326,0.99869,5.5056,0.44649,1.60909,3.4944,0.48222,1.38452,3.4944,0.41355,1.83340,3.4944,0.44649,1.60909,3.4944,0.44649,1.60909,3.4944,0.02454,0.98488,0.4944,0.69643,0.73612,0.4944,0.02454,0.98488,0.4944,0.69643,0.73612,0.4944
17,10,1,2,0,0,2,2,0.000,0.0000,0.1038,0.09863,1.91940,0.6750,0.07732,2.07598,21.3250,0.91635,0.09022,0.6750,0.88203,0.14764,0.6750,0.77085,0.32023,0.6750,0.24984,1.83286,0.6750,0.91635,0.09022,0.6750,0.09690,1.93305,0.6750,0.91646,0.08331,0.6750,0.09690,1.93305,0.6750,0.91646,0.08331,0.6750
17,10,2,1,0,0,0,0,0.000,0.0000,0.2472,0.45880,0.55424,0.5082,0.46295,0.59143,36.4918,0.68831,0.29515,0.5082,0.62332,0.38515,0.5082,0.70259,0.20515,0.5082,0.68831,0.29515,0.5082,0.68831,0.29515,0.5082,0.55807,0.20927,16.4918,0.55807,0.20927,16.4918,0.55807,0.20927,16.4918,0.55807,0.20927,16.4918
17,10,4,2,0,1,3,3,0.000,0.0000,0.2025,0.01815,1.01764,0.3430,0.32141,1.02067,28.6570,0.77397,0.15532,0.3430,0.69515,0.24501,0.3430,0.85279,0.06645,0.3430,0.77397,0.15532,0.3430,0.80191,0.49971,0.3430,0.78798,0.22409,0.3430,0.87561,0.20436,0.3430,0.78798,0.22409,0.3430,0.87561,0.20436,0.3430
17,11,1,2,0,0,2,2,0.000,0.0000,0.0420,0.07480,1.97033,0.6750,0.08215,2.07084,21.3250,0.91328,0.09636,0.6750,0.88672,0.14179,0.6750,0.77085,0.32476,0.6750,0.25080,1.82648,0.6750,0.91328,0.09636,0.6750,0.09689,1.93306,0.6750,0.91482,0.08383,0.6750,0.09689,1.93306,0.6750,0.91482,0.08383,0.6750
17,11,2,1,0,0,0,0,0.000,0.0000,0.0442,0.25660,0.72097,4.5082,0.45335,0.63389,36.4918,0.78175,0.21702,4.5082,0.70064,0.28969,4.5082,0.74442,0.16273,4.5082,0.78175,0.21702,4.5082,0.78175,0.21702,4.5082,0.70165,0.08618,2.5082,0.70165,0.08618,2.5082,0.70165,0.08618,2.5082,0.70165,0.08618,2.5082
17,11,4,2,-1,1,3,3,0.000,0.0000,0.4961,0.03581,1.37357,1.3430,0.33296,1.38953,28.6570,0.03581,1.37357,1.3430,0.03581,1.37357,1.3430,0.03581,1.37357,1.3430,0.03581,1.37357,1.3430,0.56697,0.84305,1.3430,0.81969,0.18244,0.3430,0.87561,0.20436,0.3430,0.81969,0.18244,0.3430,0.87561,0.20436,0.3430
17,12,0,2,0,0,1,1,0.000,0.0000,0.0857,0.78919,0.19070,3.5056,0.71200,0.27395,5.5056,0.81499,0.16456,3.5056,0.78919,0.19070,3.5056,0.84370,0.07465,3.5056,0.81499,0.16456,3.5056,0.81499,0.16456,3.5056,0.02475,0.98678,0.4944,0.69986,0.72462,0.4944,0.02475,0.98678,0.4944,0.69986,0.72462,0.4944
17,12,1,2,0,0,2,2,0.000,0.0000,0.0109,0.01170,2.11792,0.6750,0.07454,2.09815,21.3250,0.91420,0.07872,0.6750,0.88472,0.15704,0.6750,0.77085,0.30732,0.6750,0.24758,1.83972,0.6750,0.91420,0.07872,0.6750,0.09689,1.93306,0.6750,0.91482,0.08383,0.6750,0.09689,1.93306,0.6750,0.91482,0.08383,0.6750
17,12,2,1,0,0,0,0,0.000,0.0000,0.3168,0.07278,1.05768,3.5082,0.38899,0.80868,36.4918,0.52356,0.52741,3.5082,0.45492,0.61712,3.5082,0.55044,0.43781,3.5082,0.52356,0.52741,3.5082,0.52356,0.52741,3.5082,0.70165,0.08618,2.5082,0.70165,0.08618,2.5082,0.70165,0.08618,2.5082,0.70165,0.08618,2.5082
17,12,4,2,0,1,3,3,0.000,0.0000,0.7217,0.02091,1.05300,0.3430,0.28700,1.06893,28.6570,0.71991,0.32709,0.3430,0.64673,0.37762,0.3430,0.80087,0.43535,0.3430,0.71991,0.32709,0.3430,0.68621,0.95725,0.3430,0.81969,0.18244,0.3430,0.87561,0.20436,0.3430,0.81969,0.18244,0.3430,0.87561,0.20436,0.3430
17,13,0,2,0,0,1,1,0.000,0.0000,0.8304,0.49516,1.11102,5.5056,0.49516,1.11102,5.5056,0.68156,0.43758,5.5056,0.62182,0.64273,5.5056,0.77274,0.20546,5.5056,0.68156,0.43758,5.5056,0.68156,0.43758,5.5056,0.02475,0.98678,0.4944,0.69986,0.72462,0.4944,0.02475,0.98678,0.4944,0.69986,0.72462,0.4944
17,13,1,2,0,1,2,2,0.000,0.0000,0.0256,0.02412,2.08428,0.6750,0.07412,2.09680,21.3250,0.91396,0.09230,0.6750,0.90025,0.14089,0.6750,0.77085,0.32101,0.6750,0.25009,1.82981,0.6750,0.62959,0.84258,0.6750,0.09689,1.93306,0.6750,0.91482,0.08383,0.6750,0.09689,1.93306,0.6750,0.91482,0.08383,0.6750
17,13,2,2,0,0,0,0,0.000,0.0000,0.4179,0.68483,0.32979,1.5082,0.41782,0.55427,36.4918,0.66869,0.33730,1.5082,0.68483,0.32979,1.5082,0.63946,0.41871,1.5082,0.66869,0.33730,1.5082,0.66869,0.33730,1.5082,0.70165,0.08618,2.5082,0.70165,0.08618,2.5082,0.70165,0.08618,2.5082,0.70165,0.08618,2.5082
17,13,4,2,0,1,3,3,0.000,0.0000,0.9398,0.01673,1.11359,0.3430,0.28330,1.11362,28.6570,0.70168,0.46680,0.3430,0.62983,0.50599,0.3430,0.74035,0.61289,0.3430,0.70168,0.46680,0.3430,0.63749,1.13503,0.3430,0.82057,0.18204,0.3430,0.87561,0.20436,0.3430,0.82057,0.18204,0.3430,0.87561,0.20436,0.3430
17,14,0,2,-1,0,1,1,0.000,0.0000,1.3173,0.57230,0.30249,8.4944,0.67461,0.19872,5.5056,0.57230,0.30249,8.4944,0.57230,0.30249,8.4944,0.57230,0.30249,8.4944,0.57230,0.30249,8.4944,0.57230,0.30249,8.4944,0.83165,0.16657,0.5056,0.83165,0.16657,0.5056,0.11179,0.97682,3.5056,0.72093,0.52381,3.5056
17,14,1,2,0,1,2,2,0.000,0.0000,0.0375,0.12734,1.85886,0.6750,0.07877,2.07778,21.3250,0.91994,0.08165,0.6750,0.88037,0.15420,0.6750,0.77077,0.31383,0.6750,0.24842,1.84169,0.6750,0.62954,0.83425,0.6750,0.10160,1.92296,0.6750,0.91482,0.08383,0.6750,0.10160,1.92296,0.6750,0.91482,0.08383,0.6750
17,14,2,2,0,0,0,0,0.000,0.0000,0.3834,0.79896,0.18959,0.5082,0.43395,0.53354,36.4918,0.77795,0.20326,0.5082,0.79896,0.18959,0.5082,0.75665,0.31775,0.5082,0.77795,0.20326,0.5082,0.77795,0.20326,0.5082,0.70165,0.08618,2.5082,0.70165,0.08618,2.5082,0.70165,0.08618,2.5082,0.70165,0.08618,2.5082
17,14,4,2,0,-1,-1,-1,0.000,-1.0000,-1.0000,0.01461,1.21891,0.3430,0.24209,1.13867,28.6570,0.54510,0.77093,0.3430,0.47178,0.66054,0.3430,0.56578,0.94985,0.3430,0.54510,0.77093,0.3430,0.01461,1.21891,0.3430,0.01461,1.21891,0.3430,0.01461,1.21891,0.3430,0.01461,1.21891,0.3430,0.01461,1.21891,0.3430
17,15,0,2,0,0,1,1,0.000,0.0000,1.5550,0.75926,0.22184,4.4944,0.69181,0.28602,5.5056,0.75926,0.22184,4.4944,0.75926,0.22184,4.4944,0.75926,0.22184,4.4944,0.75926,0.22184,4.4944,0.75926,0.22184,4.4944,0.81988,0.09020,3.4944,0.81988,0.09020,3.4944,0.11501,1.10993,5.5056,0.63249,0.72451,5.5056
17,15,1,2,0,1,2,2,0.000,0.0000,0.0600,0.01749,2.10956,1.6750,0.07508,2.10670,21.3250,0.89171,0.08115,1.6750,0.87518,0.16698,1.6750,0.77048,0.29607,1.6750,0.24603,1.82971,1.6750,0.62931,0.81947,1.6750,0.10160,1.92296,0.6750,0.91482,0.08383,0.6750,0.10160,1.92296,0.6750,0.91482,0.08383,0.6750
17,15,2,2,0,0,0,0,0.000,0.0000,0.3390,0.81202,0.18979,0.5082,0.42711,0.51555,36.4918,0.78662,0.20325,0.5082,0.81202,0.18979,0.5082,0.71567,0.35433,0.5082,0.78662,0.20325,0.5082,0.78662,0.20325,0.5082,0.70165,0.08618,2.5082,0.70165,0.08618,2.5082,0.70165,0.08618,2.5082,0.70165,0.08618,2.5082
17,15,4,2,0,-1,-1,-1,0.000,-1.0000,-1.0000,0.01305,1.15751,0.3430,0.23173,1.15866,28.6570,0.62523,0.78065,0.3430,0.55300,0.59678,0.3430,0.63959,0.99002,0.3430,0.62523,0.78065,0.3430,0.01305,1.15751,0.3430,0.01305,1.15751,0.3430,0.01305,1.15751,0.3430,0.01305,1.15751,0.3430,0.01305,1.15751,0.3430
17,16,0,2,-1,0,1,1,0.000,0.0000,1.5764,0.69854,0.18882,8.5056,0.73392,0.19462,5.5056,0.69854,0.18882,8.5056,0.69854,0.18882,8.5056,0.69854,0.18882,8.5056,0.69854,0.18882,8.5056,0.69854,0.18882,8.5056,0.79028,0.09877,4.4944,0.79028,0.09877,4.4944,0.10876,1.13759,5.5056,0.61603,0.75520,5.5056
17,16,1,2,0,1,2,2,0.000,0.0000,0.1856,0.01228,2.27638,0.3250,0.07462,2.13965,21.3250,0.87841,0.24827,0.3250,0.78658,0.47297,0.3250,0.76350,0.10751,0.3250,0.19243,2.10153,0.3250,0.62406,0.51520,0.3250,0.10160,1.92296,0.6750,0.91482,0.08383,0.6750,0.10160,1.92296,0.6750,0.91482,0.08383,0.6750
17,16,2,2,0,0,0,0,0.000,0.0000,0.3266,0.75800,0.25586,0.5082,0.42186,0.50699,36.4918,0.73300,0.26567,0.5082,0.75800,0.25586,0.5082,0.66868,0.39184,0.5082,0.73300,0.26567,0.5082,0.73300,0.26567,0.5082,0.48530,0.17985,23.4918,0.48530,0.17985,23.4918,0.48530,0.17985,23.4918,0.48530,0.17985,23.4918
17,16,4,2,0,-1,-1,-1,0.000,-1.0000,-1.0000,0.01240,1.44731,0.3430,0.21601,1.32737,28.6570,0.40433,1.25622,0.3430,0.37705,1.09534,0.3430,0.42382,1.44010,0.3430,0.40433,1.25622,0.3430,0.01240,1.44731,0.3430,0.01240,1.44731,0.3430,0.01240,1.44731,0.3430,0.01240,1.44731,0.3430,0.01240,1.44731,0.3430
17,17,0,2,-1,0,1,1,0.000,0.0000,1.5141,0.61744,0.19330,4.4944,0.72577,0.12512,5.5056,0.61744,0.19330,4.4944,0.61744,0.19330,4.4944,0.61744,0.19330,4.4944,0.61744,0.19330,4.4944,0.61744,0.19330,4.4944,0.78859,0.09798,4.4944,0.78859,0.09798,4.4944,0.35996,0.92014,3.5056,0.67913,0.75337,3.5056
17,17,1,2,0,1,2,2,0.000,0.0000,0.1150,0.01340,2.11171,0.6750,0.07220,2.10105,21.3250,0.91664,0.08143,0.6750,0.89904,0.14712,0.6750,0.75865,0.32330,0.6750,0.24312,1.86946,0.6750,0.62041,0.83750,0.6750,0.10160,1.92296,0.6750,0.91482,0.08383,0.6750,0.10160,1.92296,0.6750,0.91482,0.08383,0.6750
17,17,2,2,0,0,0,0,0.000,0.0000,0.5775,0.51169,0.55053,12.5082,0.47115,0.51045,36.4918,0.46655,0.89127,12.5082,0.47776,0.70736,12.5082,0.46718,1.08052,12.5082,0.46655,0.89127,12.5082,0.46655,0.89127,12.5082,0.48530,0.17985,23.4918,0.48530,0.17985,23.4918,0.48530,0.17985,23.4918,0.48530,0.17985,23.4918
17,18,0,2,0,0,1,1,0.000,0.0000,1.3607,0.82266,0.16727,0.5056,0.77371,0.11403,5.5056,0.82266,0.16727,0.5056,0.82266,0.16727,0.5056,0.83500,0.13512,0.5056,0.82266,0.16727,0.5056,0.82266,0.16727,0.5056,0.75920,0.10817,5.4944,0.75920,0.10817,5.4944,0.44781,0.80872,7.5056,0.58903,0.70876,7.5056
17,18,1,1,0,1,2,2,0.000,0.0000,0.0654,0.01373,2.11238,1.3250,0.06999,2.10520,21.3250,0.87882,0.09800,1.3250,0.87095,0.16009,1.3250,0.77010,0.30794,1.3250,0.24789,1.27456,1.3250,0.62955,0.82912,1.3250,0.10160,1.92296,0.6750,0.91350,0.08427,0.6750,0.10160,1.92296,0.6750,0.91350,0.08427,0.6750
17,18,2,2,0,0,0,0,0.000,0.0000,0.9714,0.09085,0.98565,7.5082,0.30055,0.89924,36.4918,0.47324,1.28372,7.5082,0.46782,1.07075,7.5082,0.44547,1.50560,7.5082,0.47324,1.28372,7.5082,0.47324,1.28372,7.5082,0.48530,0.17985,23.4918,0.48530,0.17985,23.4918,0.48530,0.17985,23.4918,0.48530,0.17985,23.4918
17,18,4,2,-1,1,3,3,0.000,0.0000,0.0654,0.12359,2.44105,0.3430,0.15001,2.51612,28.6570,0.12359,2.44105,0.3430,0.12359,2.44105,0.3430,0.12359,2.44105,0.3430,0.12359,2.44105,0.3430,0.91664,0.19542,0.3430,0.96868,0.02582,0.3430,0.90332,0.19622,0.3430,0.96868,0.02582,0.3430,0.90332,0.19622,0.3430
17,19,0,1,-1,0,1,1,0.000,0.0000,1.2622,0.35468,1.57466,1.5056,0.35414,1.57556,5.5056,0.35468,1.57466,1.5056,0.35468,1.57466,1.5056,0.35468,1.57466,1.5056,0.35468,1.57466,1.5056,0.84875,0.24589,1.5056,0.75920,0.10817,5.4944,0.75920,0.10817,5.4944,0.60667,0.72817,6.5056,0.60667,0.72817,6.5056
17,19,1,1,0,1,2,2,0.000,0.0000,0.0223,0.01749,2.10368,0.6750,0.07253,2.10356,21.3250,0.92201,0.07826,0.6750,0.90482,0.14830,0.6750,0.77085,0.30250,0.6750,0.24797,1.27282,0.6750,0.62959,0.82734,0.6750,0.10160,1.92296,0.6750,0.91350,0.08427,0.6750,0.10160,1.92296,0.6750,0.91350,0.08427,0.6750
17,19,2,2,0,0,0,6,0.000,0.0000,0.0000,0.15823,1.83416,1.5082,0.13245,2.01962,36.4918,0.24221,1.66557,1.5082,0.24128,1.61151,1.5082,0.24015,1.75179,1.5082,0.24221,1.66557,1.5082,0.24221,1.66557,1.5082,0.48530,0.17985,23.4918,0.48530,0.17985,23.4918,0.15823,1.83416,1.5082,0.24221,1.66557,1.5082
17,19,4,2,-1,1,3,3,0.000,0.0000,0.3096,0.18541,2.25506,0.3430,0.17927,2.37345,28.6570,0.18541,2.25506,0.3430,0.18541,2.25506,0.3430,0.18541,2.25506,0.3430,0.18541,2.25506,0.3430,0.89645,0.19588,0.3430,0.96868,0.02582,0.3430,0.90332,0.19622,0.3430,0.96868,0.02582,0.3430,0.90332,0.19622,0.3430
17,20,0,1,-1,0,1,1,0.000,0.0000,1.1231,0.44486,1.35434,0.4944,0.41177,1.41145,5.5056,0.44486,1.35434,0.4944,0.44486,1.35434,0.4944,0.44486,1.35434,0.4944,0.44486,1.35434,0.4944,0.87649,0.23304,0.4944,0.75920,0.10817,5.4944,0.75920,0.10817,5.4944,0.64735,0.84613,3.4944,0.64735,0.84613,3.4944
17,20,1,1,0,1,2,2,0.000,0.0000,0.0116,0.01478,2.11220,0.3250,0.07354,2.10523,21.3250,0.92012,0.07547,0.3250,0.91158,0.15281,0.3250,0.77085,0.29881,0.3250,0.24727,1.27686,0.3250,0.62959,0.82347,0.3250,0.10160,1.92296,0.6750,0.91350,0.08427,0.6750,0.10160,1.92296,0.6750,0.91350,0.08427,0.6750
17,20,2,2,0,0,0,6,0.000,0.0000,2.3375,0.33139,1.44802,0.4918,0.16865,1.85785,36.4918,0.24328,1.87750,0.4918,0.24247,1.78978,0.4918,0.24109,1.99101,0.4918,0.24328,1.87750,0.4918,0.24328,1.87750,0.4918,0.70165,0.08618,2.5082,0.70165,0.08618,2.5082,0.15550,1.83353,0.4918,0.24508,1.87908,0.4918
17,20,4,2,-1,1,3,3,0.000,0.0000,0.4320,0.30051,1.93514,0.3430,0.22633,2.13692,28.6570,0.30051,1.93514,0.3430,0.30051,1.93514,0.3430,0.30051,1.93514,0.3430,0.30051,1.93514,0.3430,0.90293,0.17669,0.3430,0.96859,0.02605,0.3430,0.90332,0.19569,0.3430,0.96859,0.02605,0.3430,0.90332,0.19569,0.3430
17,21,0,2,-1,0,1,1,0.000,0.0000,0.6407,0.41975,2.57864,0.4944,0.37024,2.50347,5.5056,0.41975,2.57864,0.4944,0.41975,2.57864,0.4944,0.41975,2.57864,0.4944,0.41975,2.57864,0.4944,0.41975,2.57864,0.4944,0.75920,0.10817,5.4944,0.75920,0.10817,5.4944,0.75920,0.10817,5.4944,0.75920,0.10817,5.4944
17,21,1,1,0,1,2,2,0.000,0.0000,0.1867,0.01424,2.29880,0.3250,0.07418,2.10307,21.3250,0.85894,0.30433,0.3250,0.75430,0.52924,0.3250,0.77085,0.07993,0.3250,0.18360,1.65416,0.3250,0.62959,0.44602,0.3250,0.10160,1.92296,0.6750,0.91350,0.08426,0.6750,0.10160,1.92296,0.6750,0.91350,0.08426,0.6750
17,21,2,2,0,0,0,6,0.000,0.0000,1.3458,0.45770,1.14846,0.5082,0.26258,1.57813,36.4918,0.26595,1.74430,0.5082,0.28617,1.58173,0.5082,0.24839,1.91952,0.5082,0.91366,0.07139,0.5082,0.26595,1.74430,0.5082,0.45405,0.09054,23.4918,0.45405,0.09054,23.4918,0.15426,1.83366,0.4918,0.24532,1.87813,0.4918
17,21,4,2,0,1,3,3,0.000,0.0000,0.6592,0.40909,1.72511,0.3430,0.25080,1.89261,28.6570,0.67681,0.91182,0.3430,0.60267,1.13675,0.3430,0.75105,0.68692,0.3430,0.67681,0.91182,0.3430,0.90469,0.16323,0.3430,0.96859,0.02605,0.3430,0.90332,0.19569,0.3430,0.96859,0.02605,0.3430,0.90332,0.19569,0.3430
17,22,0,2,0,0,1,1,0.000,0.0000,0.4105,0.82096,0.17534,0.4944,0.69394,0.16508,5.5056,0.82096,0.17534,0.4944,0.82096,0.17534,0.4944,0.81358,0.17365,0.4944,0.82096,0.17534,0.4944,0.82096,0.17534,0.4944,0.74249,0.10498,5.4944,0.74249,0.10498,5.4944,0.74249,0.10498,5.4944,0.74249,0.10498,5.4944
17,22,1,1,0,0,2,2,0.000,0.0000,0.2481,0.01362,2.24655,0.3250,0.07209,2.17534,21.3250,0.90017,0.19480,0.3250,0.80357,0.41950,0.3250,0.77085,0.03417,0.3250,0.20146,1.54431,0.3250,0.90017,0.19480,0.3250,0.05154,2.10696,12.3250,0.60494,0.40956,12.3250,0.05154,2.10696,12.3250,0.60494,0.40956,12.3250
17,22,2,2,0,0,0,6,0.000,0.0000,4.6175,0.22888,1.40795,29.5082,0.30269,1.42159,36.4918,0.28232,1.26226,29.5082,0.24990,1.33351,29.5082,0.30586,1.19355,29.5082,0.28232,1.26226,29.5082,0.28232,1.26226,29.5082,0.45405,0.09054,23.4918,0.45405,0.09054,23.4918,0.32828,1.45244,0.4918,0.24411,1.87666,0.4918
17,22,4,2,-1,1,3,3,0.000,0.0000,0.5902,0.55697,0.99958,1.3430,0.24964,1.57130,28.6570,0.55697,0.99958,1.3430,0.55697,0.99958,1.3430,0.55697,0.99958,1.3430,0.55697,0.99958,1.3430,0.74370,0.29384,1.3430,0.96747,0.02892,0.3430,0.90332,0.18929,0.3430,0.96747,0.02892,0.3430,0.90332,0.18929,0.3430
17,23,0,2,-1,0,1,1,0.000,0.0000,0.3381,0.57115,0.54733,10.4944,0.58934,0.54840,5.5056,0.57115,0.54733,10.4944,0.57115,0.54733,10.4944,0.57115,0.54733,10.4944,0.57115,0.54733,10.4944,0.57115,0.54733,10.4944,0.81551,0.11699,0.4944,0.81551,0.11699,0.4944,0.81551,0.11699,0.4944,0.81551,0.11699,0.4944
17,23,1,2,0,1,2,2,0.000,0.0000,0.2791,0.29030,1.58850,0.3250,0.30250,1.60567,21.3250,0.81911,0.21094,0.3250,0.73850,0.42592,0.3250,0.76213,0.09397,0.3250,0.20187,2.04044,0.3250,0.62876,0.56512,0.3250,0.06683,2.04887,8.3250,0.69826,0.27635,8.3250,0.06683,2.04887,8.3250,0.69826,0.27635,8.3250
17,23,2,2,0,0,0,6,0.000,0.0000,4.8431,0.58262,0.78309,0.5082,0.35998,1.19073,36.4918,0.91554,0.06070,0.5082,0.82861,0.18950,0.5082,0.75665,0.29818,0.5082,0.91554,0.06070,0.5082,0.91554,0.06070,0.5082,0.45405,0.09054,23.4918,0.45405,0.09054,23.4918,0.45960,1.16332,0.4918,0.26349,1.79392,0.4918
17,23,4,2,-1,1,3,3,0.000,0.0000,0.5133,0.90794,0.10594,0.6570,0.38344,0.92165,28.6570,0.90794,0.10594,0.6570,0.90794,0.10594,0.6570,0.90794,0.10594,0.6570,0.90794,0.10594,0.6570,0.86433,0.19820,0.6570,0.96504,0.03543,0.3430,0.90332,0.17521,0.3430,0.96504,0.03543,0.3430,0.90332,0.17521,0.3430
17,24,0,2,-1,0,1,1,0.000,0.0000,0.3672,0.70107,0.16650,9.4944,0.65682,0.23361,5.5056,0.70107,0.16650,9.4944,0.70107,0.16650,9.4944,0.70107,0.16650,9.4944,0.70107,0.16650,9.4944,0.70107,0.16650,9.4944,0.79686,0.07740,2.4944,0.79686,0.07740,2.4944,0.79686,0.07740,2.4944,0.79686,0.07740,2.4944
17,24,1,2,0,0,2,2,0.000,0.0000,0.0718,0.79113,0.22232,1.3250,0.35411,0.78675,21.3250,0.79113,0.22232,1.3250,0.79113,0.22232,1.3250,0.75971,0.31477,1.3250,0.79113,0.22232,1.3250,0.79113,0.22232,1.3250,0.06683,2.04887,8.3250,0.69826,0.27635,8.3250,0.06683,2.04887,8.3250,0.69826,0.27635,8.3250
17,24,2,2,0,0,0,6,0.000,0.0000,4.4203,0.91377,0.09039,0.4918,0.42295,0.56923,36.4918,0.91522,0.06105,0.4918,0.91377,0.09039,0.4918,0.75665,0.30071,0.4918,0.91522,0.06105,0.4918,0.91522,0.06105,0.4918,0.45405,0.09054,23.4918,0.45405,0.09054,23.4918,0.54299,0.97490,0.4918,0.91554,0.05887,0.4918
17,24,4,2,-1,1,3,3,0.000,0.0000,0.4383,0.86588,0.15883,1.6570,0.37883,0.95436,28.6570,0.86588,0.15883,1.6570,0.86588,0.15883,1.6570,0.86588,0.15883,1.6570,0.86588,0.15883,1.6570,0.83588,0.20676,1.6570,0.96504,0.03543,0.3430,0.90332,0.17521,0.3430,0.96504,0.03543,0.3430,0.90332,0.17521,0.3430
17,25,0,2,0,0,1,1,0.000,0.0000,0.3820,0.80111,0.20501,0.4944,0.73571,0.19485,5.5056,0.80111,0.20501,0.4944,0.80111,0.20501,0.4944,0.78865,0.20847,0.4944,0.80111,0.20501,0.4944,0.80111,0.20501,0.4944,0.74290,0.03284,5.4944,0.74290,0.03284,5.4944,0.74290,0.03284,5.4944,0.74290,0.03284,5.4944
17,25,1,2,0,0,2,2,0.000,0.0000,0.1318,0.78184,0.25484,1.3250,0.36857,0.77386,21.3250,0.78184,0.25484,1.3250,0.78184,0.25484,1.3250,0.75636,0.33856,1.3250,0.78184,0.25484,1.3250,0.78184,0.25484,1.3250,0.30712,1.53396,0.3250,0.92689,0.07166,0.3250,0.30712,1.53396,0.3250,0.92689,0.07166,0.3250
17,25,2,2,0,0,0,6,0.000,0.0000,3.8032,0.87883,0.10112,0.4918,0.43730,0.52255,36.4918,0.91554,0.06171,0.4918,0.87923,0.10078,0.4918,0.75665,0.29851,0.4918,0.91554,0.06171,0.4918,0.91554,0.06171,0.4918,0.45405,0.09054,23.4918,0.45405,0.09054,23.4918,0.56174,0.93058,0.4918,0.91554,0.05811,0.4918
17,25,4,2,-1,1,3,3,0.000,0.0000,0.3651,0.92204,0.12998,0.3430,0.37904,0.95480,28.6570,0.92204,0.12998,0.3430,0.92204,0.12998,0.3430,0.92204,0.12998,0.3430,0.92204,0.12998,0.3430,0.89357,0.16426,0.3430,0.94585,0.05296,0.6570,0.88444,0.18297,0.6570,0.94585,0.05296,0.6570,0.88444,0.18297,0.6570
17,26,0,2,0,0,1,1,0.000,0.0000,0.4044,0.76666,0.22913,1.4944,0.64741,0.25497,5.5056,0.76666,0.22913,1.4944,0.76666,0.22913,1.4944,0.76666,0.22913,1.4944,0.76666,0.22913,1.4944,0.76666,0.22913,1.4944,0.74182,0.02792,5.4944,0.74182,0.02792,5.4944,0.74182,0.02792,5.4944,0.74182,0.02792,5.4944
17,26,1,2,0,0,2,2,0.000,0.0000,0.2720,0.73389,0.30946,0.3250,0.38657,0.76092,21.3250,0.73389,0.30946,0.3250,0.73389,0.30946,0.3250,0.70858,0.39126,0.3250,0.73389,0.30946,0.3250,0.73389,0.30946,0.3250,0.79961,0.14260,2.3250,0.79961,0.14260,2.3250,0.79961,0.14260,2.3250,0.79961,0.14260,2.3250
17,26,2,2,0,0,0,6,0.000,0.0000,3.1880,0.95076,0.04507,0.5082,0.43924,0.52024,36.4918,0.91554,0.05387,0.5082,0.95076,0.04507,0.5082,0.75665,0.29182,0.5082,0.91554,0.05387,0.5082,0.91554,0.05387,0.5082,0.45405,0.09054,23.4918,0.45405,0.09054,23.4918,0.62373,0.78994,0.4918,0.91554,0.05811,0.4918
17,26,4,2,-1,1,3,3,0.000,0.0000,0.2894,0.90413,0.08452,0.3430,0.38664,0.90411,28.6570,0.90413,0.08452,0.3430,0.90413,0.08452,0.3430,0.90413,0.08452,0.3430,0.90413,0.08452,0.3430,0.84878,0.18458,0.3430,0.94585,0.05296,0.6570,0.88444,0.18297,0.6570,0.94585,0.05296,0.6570,0.88444,0.18297,0.6570
17,27,0,2,0,0,1,1,0.000,0.0000,0.3693,0.64456,0.34422,5.4944,0.76038,0.18811,5.5056,0.74616,0.23760,5.4944,0.66096,0.32721,5.4944,0.79146,0.14847,5.4944,0.74616,0.23760,5.4944,0.74616,0.23760,5.4944,0.74182,0.02792,5.4944,0.74182,0.02792,5.4944,0.74182,0.02792,5.4944,0.74182,0.02792,5.4944
17,27,1,1,0,0,2,2,0.000,0.0000,0.3501,0.77665,0.30049,3.3250,0.48629,0.67719,21.3250,0.77665,0.30049,3.3250,0.77665,0.30049,3.3250,0.75214,0.29466,3.3250,0.77665,0.30049,3.3250,0.77665,0.30049,3.3250,0.79685,0.14446,2.3250,0.79685,0.14446,2.3250,0.79685,0.14446,2.3250,0.79685,0.14446,2.3250
17,27,2,2,0,0,0,6,0.000,0.0000,2.6432,0.94645,0.04582,0.5082,0.42589,0.52983,36.4918,0.91554,0.06018,0.5082,0.94645,0.04582,0.5082,0.75665,0.29873,0.5082,0.91554,0.06018,0.5082,0.91554,0.06018,0.5082,0.45405,0.09054,23.4918,0.45405,0.09054,23.4918,0.68729,0.64514,0.4918,0.91554,0.05811,0.4918
17,27,4,2,-1,1,3,3,0.000,0.0000,0.2349,0.80759,0.22543,0.3430,0.38045,0.93676,28.6570,0.80759,0.22543,0.3430,0.80759,0.22543,0.3430,0.80759,0.22543,0.3430,0.80759,0.22543,0.3430,0.77339,0.25757,0.3430,0.94585,0.05296,0.6570,0.88444,0.18297,0.6570,0.94585,0.05296,0.6570,0.88444,0.18297,0.6570
17,28,0,2,0,0,1,1,0.000,0.0000,0.3136,0.76790,0.19314,6.4944,0.71347,0.24154,5.5056,0.76790,0.19314,6.4944,0.76790,0.19314,6.4944,0.77006,0.18278,6.4944,0.76790,0.19314,6.4944,0.76790,0.19314,6.4944,0.74182,0.02792,5.4944,0.74182,0.02792,5.4944,0.74182,0.02792,5.4944,0.74182,0.02792,5.4944
17,28,1,1,0,0,2,2,0.000,0.0000,0.2645,0.87423,0.10758,1.3250,0.54354,0.44755,21.3250,0.84226,0.10732,1.3250,0.87423,0.10758,1.3250,0.77085,0.04043,1.3250,0.84226,0.10732,1.3250,0.84226,0.10732,1.3250,0.80501,0.13044,1.3250,0.80501,0.13044,1.3250,0.80501,0.13044,1.3250,0.80501,0.13044,1.3250
17,28,2,2,0,0,0,6,0.000,0.0000,2.2304,0.82004,0.16625,0.5082,0.43439,0.52783,36.4918,0.81894,0.15710,0.5082,0.82004,0.16625,0.5082,0.75665,0.29559,0.5082,0.81894,0.15710,0.5082,0.81894,0.15710,0.5082,0.45405,0.09054,23.4918,0.45405,0.09054,23.4918,0.86043,0.24744,0.4918,0.91554,0.05811,0.4918
17,28,4,2,-1,1,3,3,0.000,0.0000,0.3200,0.67440,0.38501,7.6570,0.38006,0.94281,28.6570,0.67440,0.38501,7.6570,0.67440,0.38501,7.6570,0.67440,0.38501,7.6570,0.67440,0.38501,7.6570,0.65211,0.38187,7.6570,0.94460,0.05421,0.6570,0.88327,0.18333,0.6570,0.94460,0.05421,0.6570,0.88327,0.18333,0.6570
17,29,0,2,0,0,1,1,0.000,0.0000,0.2508,0.81657,0.17607,2.5056,0.77290,0.17597,5.5056,0.81657,0.17607,2.5056,0.81657,0.17607,2.5056,0.83519,0.12516,2.5056,0.81657,0.17607,2.5056,0.81657,0.17607,2.5056,0.74141,0.02798,5.4944,0.74141,0.02798,5.4944,0.74141,0.02798,5.4944,0.74141,0.02798,5.4944
17,29,1,1,0,0,2,2,0.000,0.0000,0.1559,0.94709,0.02635,0.3250,0.57108,0.22205,21.3250,0.89804,0.02635,0.3250,0.94709,0.02635,0.3250,0.77085,0.03162,0.3250,0.89804,0.02635,0.3250,0.89804,0.02635,0.3250,0.80501,0.13044,1.3250,0.80501,0.13044,1.3250,0.80501,0.13044,1.3250,0.80501,0.13044,1.3250
17,29,2,2,0,0,0,6,0.000,0.0000,1.7897,0.88050,0.12489,0.5082,0.43341,0.57330,36.4918,0.91554,0.05890,0.5082,0.88050,0.12488,0.5082,0.75665,0.29865,0.5082,0.91554,0.05890,0.5082,0.91554,0.05890,0.5082,0.45405,0.09054,23.4918,0.45405,0.09054,23.4918,0.90584,0.13613,0.4918,0.91554,0.05773,0.4918
17,29,4,2,-1,0,3,3,0.000,0.0000,0.2449,0.54050,1.15979,0.6570,0.26151,1.67026,28.6570,0.54050,1.15979,0.6570,0.54050,1.15979,0.6570,0.54050,1.15979,0.6570,0.54050,1.15979,0.6570,0.70239,0.60723,0.6570,0.94460,0.05421,0.6570,0.88327,0.18333,0.6570,0.94460,0.05421,0.6570,0.88327,0.18333,0.6570
17,30,0,2,0,0,1,1,0.000,0.0000,0.2450,0.58652,0.41722,6.5056,0.57172,0.43116,5.5056,0.71786,0.28006,6.5056,0.63420,0.36752,6.5056,0.77146,0.17981,6.5056,0.71786,0.28006,6.5056,0.71786,0.28006,6.5056,0.71499,0.02436,6.4944,0.71499,0.02436,6.4944,0.71499,0.02436,6.4944,0.71499,0.02436,6.4944
17,30,1,1,0,0,2,2,0.000,0.0000,0.0718,0.95707,0.03073,0.3250,0.54239,0.08493,21.3250,0.90329,0.03073,0.3250,0.95707,0.03073,0.3250,0.77085,0.03255,0.3250,0.90329,0.03073,0.3250,0.90329,0.03073,0.3250,0.80501,0.13044,1.3250,0.80501,0.13044,1.3250,0.80501,0.13044,1.3250,0.80501,0.13044,1.3250
17,30,2,2,0,0,0,6,0.000,0.0000,1.4564,0.85022,0.14238,0.4918,0.42977,0.55166,36.4918,0.84913,0.12995,0.4918,0.85022,0.14238,0.4918,0.75665,0.30074,0.4918,0.84913,0.12995,0.4918,0.84913,0.12995,0.4918,0.45405,0.09054,23.4918,0.45405,0.09054,23.4918,0.90533,0.13617,0.4918,0.91554,0.05773,0.4918
17,30,4,2,-1,0,3,3,0.000,0.0000,0.1394,0.66999,0.69801,4.3430,0.29586,1.34340,28.6570,0.66999,0.69801,4.3430,0.66999,0.69801,4.3430,0.66999,0.69801,4.3430,0.66999,0.69801,4.3430,0.68612,0.64046,4.3430,0.94006,0.05882,0.6570,0.87903,0.18475,0.6570,0.94006,0.05882,0.6570,0.87903,0.18475,0.6570
17,31,0,2,0,0,1,1,0.000,0.0000,0.1894,0.52026,0.47392,5.4944,0.61826,0.42451,5.5056,0.76564,0.22256,5.4944,0.67961,0.31225,5.4944,0.80263,0.13329,5.4944,0.76564,0.22256,5.4944,0.76564,0.22256,5.4944,0.71499,0.02436,6.4944,0.71499,0.02436,6.4944,0.71499,0.02436,6.4944,0.71499,0.02436,6.4944
17,31,1,1,0,0,2,2,0.000,0.0000,0.0315,0.90596,0.08434,0.6750,0.54578,0.21138,21.3250,0.87766,0.08434,0.6750,0.90596,0.08434,0.6750,0.77085,0.06776,0.6750,0.87766,0.08434,0.6750,0.87766,0.08434,0.6750,0.80725,0.12793,1.3250,0.80725,0.12793,1.3250,0.80725,0.12793,1.3250,0.80725,0.12793,1.3250
17,31,2,2,-1,0,0,6,0.000,0.0000,1.1170,0.92038,0.07681,0.4918,0.43328,0.54328,36.4918,0.92038,0.07681,0.4918,0.92038,0.07681,0.4918,0.92038,0.07681,0.4918,0.92038,0.07681,0.4918,0.91554,0.06688,0.4918,0.45405,0.09054,23.4918,0.45405,0.09054,23.4918,0.94673,0.04037,0.4918,0.91554,0.05773,0.4918
17,31,4,1,0,1,3,3,0.000,0.0000,0.2949,0.01285,2.96417,1.6570,0.07348,2.87140,28.6570,0.64298,0.98339,1.6570,0.57513,1.20786,1.6570,0.70958,0.75923,1.6570,0.16450,2.33175,1.6570,0.85865,0.24231,1.6570,0.95006,0.05204,0.3430,0.89339,0.15072,0.3430,0.95006,0.05204,0.3430,0.89339,0.15072,0.3430
17,32,0,2,0,0,1,1,0.000,0.0000,0.0849,0.81894,0.15345,0.5056,0.79609,0.16727,5.5056,0.94208,0.03894,0.5056,0.84614,0.12856,0.5056,0.85001,0.09595,0.5056,0.94208,0.03894,0.5056,0.94208,0.03894,0.5056,0.71499,0.02436,6.4944,0.71499,0.02436,6.4944,0.71499,0.02436,6.4944,0.71499,0.02436,6.4944
17,32,1,2,0,0,2,2,0.000,0.0000,0.0561,0.80097,0.17640,3.6750,0.53189,0.21540,21.3250,0.79408,0.16729,3.6750,0.80097,0.17640,3.6750,0.74865,0.18768,3.6750,0.79408,0.16729,3.6750,0.79408,0.16729,3.6750,0.80725,0.12793,1.3250,0.80725,0.12793,1.3250,0.80725,0.12793,1.3250,0.80725,0.12793,1.3250
17,32,2,2,-1,0,0,6,0.000,0.0000,0.8324,0.88856,0.09366,0.5082,0.44210,0.49883,36.4918,0.88856,0.09366,0.5082,0.88856,0.09366,0.5082,0.88856,0.09366,0.5082,0.88856,0.09366,0.5082,0.91554,0.06725,0.5082,0.45405,0.09054,23.4918,0.45405,0.09054,23.4918,0.94673,0.04037,0.4918,0.91554,0.05773,0.4918
17,32,4,1,-1,1,3,3,0.000,0.0000,0.2351,0.68138,0.23140,0.3430,0.37903,0.78572,28.6570,0.68138,0.23140,0.3430,0.68138,0.23140,0.3430,0.68138,0.23140,0.3430,0.68138,0.23140,0.3430,0.66057,0.23086,0.3430,0.95006,0.05204,0.3430,0.89339,0.15072,0.3430,0.95006,0.05204,0.3430,0.89339,0.15072,0.3430
17,33,0,2,0,0,1,1,0.000,0.0000,0.1206,0.20973,0.84790,9.4944,0.31446,0.86820,5.5056,0.62668,0.39232,9.4944,0.54719,0.48002,9.4944,0.68293,0.30595,9.4944,0.62668,0.39232,9.4944,0.62668,0.39232,9.4944,0.71499,0.02436,6.4944,0.71499,0.02436,6.4944,0.71499,0.02436,6.4944,0.71499,0.02436,6.4944
17,33,1,2,0,0,2,2,0.000,0.0000,0.1504,0.67927,0.30668,7.6750,0.51809,0.37357,21.3250,0.67927,0.30668,7.6750,0.67927,0.30668,7.6750,0.67112,0.23799,7.6750,0.67927,0.30668,7.6750,0.67927,0.30668,7.6750,0.80725,0.12793,1.3250,0.80725,0.12793,1.3250,0.80725,0.12793,1.3250,0.80725,0.12793,1.3250
17,33,2,2,-1,0,0,6,0.000,0.0000,0.5915,0.92475,0.10712,0.4918,0.43443,0.58437,36.4918,0.92475,0.10712,0.4918,0.92475,0.10712,0.4918,0.92475,0.10712,0.4918,0.92475,0.10712,0.4918,0.91554,0.05668,0.4918,0.45405,0.09054,23.4918,0.45405,0.09054,23.4918,0.94673,0.04037,0.4918,0.91554,0.05773,0.4918
17,33,4,2,0,1,3,3,0.000,0.0000,0.2951,0.03730,2.86826,9.6570,0.08804,2.74509,28.6570,0.53174,1.00291,9.6570,0.49360,1.20989,9.6570,0.56442,0.80565,9.6570,0.17259,2.29622,9.6570,0.61458,0.45866,9.6570,0.92431,0.12683,0.3430,0.89339,0.02521,0.3430,0.92431,0.12683,0.3430,0.89339,0.02521,0.3430
17,34,0,1,0,0,1,1,0.000,0.0000,0.0428,0.42952,0.51750,1.5056,0.45978,0.53240,5.5056,0.90907,0.08108,1.5056,0.81776,0.15994,1.5056,0.85905,0.04710,1.5056,0.90907,0.08108,1.5056,0.90907,0.08108,1.5056,0.71499,0.02436,6.4944,0.71499,0.02436,6.4944,0.71499,0.02436,6.4944,0.71499,0.02436,6.4944
17,34,1,2,-1,0,2,2,0.000,0.0000,0.2904,0.49671,0.62766,5.3250,0.39548,0.61813,21.3250,0.49671,0.62766,5.3250,0.49671,0.62766,5.3250,0.49671,0.62766,5.3250,0.49671,0.62766,5.3250,0.48678,0.61761,5.3250,0.75745,0.13279,3.3250,0.75745,0.13279,3.3250,0.75745,0.13279,3.3250,0.75745,0.13279,3.3250
17,34,2,2,0,0,0,6,0.000,0.0000,0.4007,0.90830,0.07995,0.4918,0.43785,0.52130,36.4918,0.91554,0.06272,0.4918,0.90831,0.07995,0.4918,0.75665,0.29785,0.4918,0.91554,0.06272,0.4918,0.91554,0.06272,0.4918,0.45405,0.09054,23.4918,0.45405,0.09054,23.4918,0.94287,0.05020,0.5082,0.91554,0.05832,0.5082
17,34,4,2,-1,1,3,3,0.000,0.0000,0.2323,0.56320,0.67571,12.6570,0.43025,0.91102,28.6570,0.56320,0.67571,12.6570,0.56320,0.67571,12.6570,0.56320,0.67571,12.6570,0.56320,0.67571,12.6570,0.61839,0.10295,12.6570,0.90050,0.15816,0.6570,0.87903,0.09131,0.6570,0.90050,0.15816,0.6570,0.87903,0.09131,0.6570
17,35,0,1,0,0,1,1,0.000,0.0000,0.0973,0.43745,0.50825,0.4944,0.50662,0.48690,5.5056,0.94990,0.04205,0.4944,0.85200,0.13193,0.4944,0.85917,0.04827,0.4944,0.94990,0.04205,0.4944,0.94990,0.04205,0.4944,0.71499,0.02436,6.4944,0.71499,0.02436,6.4944,0.71499,0.02436,6.4944,0.71499,0.02436,6.4944
17,35,1,2,-1,0,2,2,0.000,0.0000,0.5984,0.45103,0.65279,7.6750,0.37943,0.73369,21.3250,0.45103,0.65279,7.6750,0.45103,0.65279,7.6750,0.45103,0.65279,7.6750,0.45103,0.65279,7.6750,0.45103,0.65279,7.6750,0.74577,0.12942,3.3250,0.74577,0.12942,3.3250,0.74577,0.12942,3.3250,0.74577,0.12942,3.3250
17,35,2,2,0,0,0,6,0.000,0.0000,0.2502,0.78897,0.18887,0.5082,0.44891,0.56452,36.4918,0.91554,0.06989,0.5082,0.85716,0.14567,0.5082,0.75665,0.31008,0.5082,0.91554,0.06989,0.5082,0.91554,0.06989,0.5082,0.45405,0.09054,23.4918,0.45405,0.09054,23.4918,0.94287,0.05020,0.5082,0.91554,0.05832,0.5082
17,35,4,2,-1,1,3,3,0.000,0.0000,0.1726,0.59470,0.24995,13.6570,0.44755,0.49561,28.6570,0.59470,0.24995,13.6570,0.59470,0.24995,13.6570,0.59470,0.24995,13.6570,0.59470,0.24995,13.6570,0.57820,0.02397,13.6570,0.88029,0.16856,0.6570,0.86477,0.11342,0.6570,0.88029,0.16856,0.6570,0.86477,0.11342,0.6570
17,36,0,1,0,0,1,1,0.000,0.0000,0.1600,0.44732,0.48883,0.5056,0.48894,0.50026,5.5056,0.93585,0.04155,0.5056,0.84288,0.12553,0.5056,0.85917,0.06241,0.5056,0.93585,0.04155,0.5056,0.93585,0.04155,0.5056,0.71499,0.02436,6.4944,0.71499,0.02436,6.4944,0.71499,0.02436,6.4944,0.71499,0.02436,6.4944
17,36,1,2,0,0,2,2,0.000,0.0000,0.3900,0.91356,0.07733,0.3250,0.52472,0.34609,21.3250,0.86684,0.13065,0.3250,0.91356,0.07733,0.3250,0.77085,0.33531,0.3250,0.86684,0.13065,0.3250,0.86684,0.13065,0.3250,0.74577,0.12942,3.3250,0.74577,0.12942,3.3250,0.74577,0.12942,3.3250,0.74577,0.12942,3.3250
17,36,2,2,0,0,0,6,0.000,0.0000,0.1294,0.87553,0.10995,0.4918,0.44623,0.51530,36.4918,0.91554,0.05143,0.4918,0.88297,0.10492,0.4918,0.75665,0.29350,0.4918,0.91554,0.05143,0.4918,0.91554,0.05143,0.4918,0.45405,0.09054,23.4918,0.45405,0.09054,23.4918,0.94287,0.05020,0.5082,0.91554,0.05832,0.5082
17,36,4,2,1,1,3,3,0.000,0.0000,0.5901,0.40180,0.83612,17.3430,0.44640,0.54708,28.6570,0.40329,0.82236,17.3430,0.40180,0.83612,17.3430,0.43021,0.79755,17.3430,0.40329,0.82236,17.3430,0.40329,0.82236,17.3430,0.86778,0.15807,1.6570,0.85354,0.10848,1.6570,0.86778,0.15807,1.6570,0.85354,0.10848,1.6570
18,0,0,2,0,0,1,1,0.000,0.0000,0.0000,0.34238,0.64034,1.0184,0.31261,0.68393,0.9816,0.67072,0.68772,1.0184,0.65843,0.49415,1.0184,0.64493,0.90509,1.0184,0.67072,0.68772,1.0184,0.67072,0.68772,1.0184,0.34238,0.64034,1.0184,0.67072,0.68772,1.0184,0.34238,0.64034,1.0184,0.67072,0.68772,1.0184
18,0,1,2,0,0,2,2,0.000,0.0000,0.0000,0.84366,0.14975,0.4020,0.50288,0.49315,26.5980,0.87028,0.14390,0.4020,0.84575,0.14624,0.4020,0.79354,0.35273,0.4020,0.87028,0.14390,0.4020,0.87028,0.14390,0.4020,0.84366,0.14975,0.4020,0.87028,0.14390,0.4020,0.84366,0.14975,0.4020,0.87028,0.14390,0.4020
18,0,2,2,-1,0,0,0,0.000,0.0000,0.0000,0.53376,0.44394,6.8212,0.56496,0.22084,2.1788,0.53376,0.44394,6.8212,0.53376,0.44394,6.8212,0.53376,0.44394,6.8212,0.53376,0.44394,6.8212,0.53376,0.44394,6.8212,0.53457,0.44621,6.8212,0.53457,0.44621,6.8212,0.53457,0.44621,6.8212,0.53457,0.44621,6.8212
18,0,4,2,-1,1,3,3,0.000,0.0000,0.0000,0.83106,0.18992,0.4294,0.36859,0.99513,24.4294,0.83106,0.18992,0.4294,0.83106,0.18992,0.4294,0.83106,0.18992,0.4294,0.83106,0.18992,0.4294,0.89295,0.11025,0.4294,0.83106,0.18992,0.4294,0.89295,0.11025,0.4294,0.83106,0.18992,0.4294,0.89295,0.11025,0.4294
18,1,0,2,0,0,1,1,0.000,0.0000,0.1052,0.02405,0.99599,0.0184,0.03675,0.98533,0.9816,0.66590,0.69627,0.0184,0.65390,0.50168,0.0184,0.64237,0.91397,0.0184,0.66590,0.69627,0.0184,0.66590,0.69627,0.0184,0.01975,0.97706,0.0184,0.68169,0.70048,0.0184,0.01975,0.97706,0.0184,0.68169,0.70048,0.0184
18,1,1,2,0,0,2,2,0.000,0.0000,0.2633,0.93802,0.06219,0.4020,0.49282,0.44311,26.5980,0.89811,0.12423,0.4020,0.93802,0.06219,0.4020,0.79354,0.34506,0.4020,0.89811,0.12423,0.4020,0.89811,0.12423,0.4020,0.39841,0.58225,1.4020,0.85973,0.15906,1.4020,0.39841,0.58225,1.4020,0.85973,0.15906,1.4020
18,1,2,2,-1,0,0,0,0.000,0.0000,5.4944,0.62781,0.25371,6.8212,0.64296,0.37127,2.1788,0.62781,0.25371,6.8212,0.62781,0.25371,6.8212,0.62781,0.25371,6.8212,0.62781,0.25371,6.8212,0.62781,0.25372,6.8212,0.89273,0.08704,0.8212,0.89273,0.08704,0.8212,0.89273,0.08704,0.8212,0.89273,0.08704,0.8212
18,1,4,2,-1,1,3,3,0.000,0.0000,0.0495,0.79684,0.20781,0.4294,0.38229,0.93675,24.4294,0.79684,0.20781,0.4294,0.79684,0.20781,0.4294,0.79684,0.20781,0.4294,0.79684,0.20781,0.4294,0.89318,0.10651,0.4294,0.53981,0.66864,0.4294,0.90966,0.09601,0.4294,0.53981,0.66864,0.4294,0.90966,0.09601,0.4294
18,2,0,2,0,0,1,1,0.000,0.0000,0.4728,0.02406,0.99010,0.0184,0.03341,0.99099,0.9816,0.64691,0.78543,0.0184,0.63622,0.58345,0.0184,0.61721,1.00541,0.0184,0.64691,0.78543,0.0184,0.64691,0.78543,0.0184,0.01978,0.97535,0.0184,0.68401,0.70012,0.0184,0.01978,0.97535,0.0184,0.68401,0.70012,0.0184
18,2,1,2,0,0,2,2,0.000,0.0000,0.1449,0.85421,0.18882,0.5980,0.49280,0.53976,26.5980,0.88087,0.11364,0.5980,0.87681,0.14170,0.5980,0.79354,0.32548,0.5980,0.88087,0.11364,0.5980,0.88087,0.11364,0.5980,0.07908,1.77289,2.4019,0.82539,0.18851,2.4019,0.07908,1.77289,2.4019,0.82539,0.18851,2.4019
18,2,2,2,-1,0,0,0,0.000,0.0000,2.2908,0.66397,0.17391,1.1788,0.66615,0.18495,2.1788,0.66397,0.17391,1.1788,0.66397,0.17391,1.1788,0.66397,0.17391,1.1788,0.66397,0.17391,1.1788,0.66397,0.17390,1.1788,0.92143,0.06877,0.1788,0.92873,0.06298,0.1788,0.92143,0.06877,0.1788,0.92873,0.06298,0.1788
18,2,4,2,-1,1,3,3,0.000,0.0000,0.0918,0.90584,0.11981,0.4294,0.37944,0.94176,24.4294,0.90584,0.11981,0.4294,0.90584,0.11981,0.4294,0.90584,0.11981,0.4294,0.90584,0.11981,0.4294,0.90994,0.09616,0.4294,0.00376,1.94805,0.4294,0.20786,2.53715,0.4294,0.00376,1.94805,0.4294,0.20786,2.53715,0.4294
18,3,0,2,0,0,1,1,0.000,0.0000,1.0942,0.02084,1.15245,0.0184,0.02556,1.14581,0.9816,0.45981,0.93913,0.0184,0.43625,0.79650,0.0184,0.47360,1.11667,0.0184,0.45981,0.93913,0.0184,0.45981,0.93913,0.0184,0.02220,0.97696,0.0184,0.67830,0.70104,0.0184,0.02220,0.97696,0.0184,0.67830,0.70104,0.0184
18,3,1,2,-1,0,2,2,0.000,0.0000,0.5047,0.76506,0.25054,0.4020,0.48992,0.47843,26.5980,0.76506,0.25054,0.4020,0.76506,0.25054,0.4020,0.76506,0.25054,0.4020,0.76506,0.25054,0.4020,0.74467,0.25554,0.4020,0.78765,0.28041,0.4020,0.89332,0.13412,0.4020,0.78765,0.28041,0.4020,0.89332,0.13412,0.4020
18,3,2,2,0,0,0,0,0.000,0.0000,1.9912,0.73822,0.27529,0.1788,0.68535,0.33086,2.1788,0.73822,0.27529,0.1788,0.73822,0.27529,0.1788,0.69047,0.33118,0.1788,0.73822,0.27529,0.1788,0.73822,0.27529,0.1788,0.89394,0.08956,0.8212,0.89394,0.08956,0.8212,0.89394,0.08956,0.8212,0.89394,0.08956,0.8212
18,3,4,2,-1,1,3,3,0.000,0.0000,0.5779,0.68984,0.34685,4.4294,0.36314,0.95884,24.4294,0.68984,0.34685,4.4294,0.68984,0.34685,4.4294,0.68984,0.34685,4.4294,0.68984,0.34685,4.4294,0.72472,0.30856,4.4294,0.35179,0.82682,0.4294,0.90579,0.09520,0.4294,0.35179,0.82682,0.4294,0.90579,0.09520,0.4294
18,4,0,2,0,0,1,1,0.000,0.0000,0.6462,0.02220,1.02821,0.0184,0.02410,1.03764,0.9816,0.61141,0.89371,0.0184,0.60098,0.68933,0.0184,0.58848,1.11342,0.0184,0.61141,0.89371,0.0184,0.61141,0.89371,0.0184,0.02220,0.97705,0.0184,0.67818,0.70106,0.0184,0.02220,0.97705,0.0184,0.67818,0.70106,0.0184
18,4,1,2,0,0,2,2,0.000,0.0000,0.4612,0.79619,0.20848,0.5980,0.50319,0.42883,26.5980,0.75970,0.23117,0.5980,0.79619,0.20848,0.5980,0.69342,0.39090,0.5980,0.75970,0.23117,0.5980,0.75970,0.23117,0.5980,0.76377,0.28804,1.4020,0.86026,0.14922,1.4020,0.76377,0.28804,1.4020,0.86026,0.14922,1.4020
18,4,2,1,-1,0,0,0,0.000,0.0000,1.5896,0.47378,0.51138,4.8212,0.36443,0.66798,2.1788,0.47378,0.51138,4.8212,0.47378,0.51138,4.8212,0.47378,0.51138,4.8212,0.47378,0.51138,4.8212,0.63209,0.32753,4.8212,0.81971,0.12758,3.8212,0.81971,0.12758,3.8212,0.81971,0.12758,3.8212,0.81971,0.12758,3.8212
18,4,4,2,-1,1,3,3,0.000,0.0000,0.3535,0.75982,0.24969,2.4294,0.35572,0.98372,24.4294,0.75982,0.24969,2.4294,0.75982,0.24969,2.4294,0.75982,0.24969,2.4294,0.75982,0.24969,2.4294,0.82075,0.17828,2.4294,0.78638,0.31150,0.4294,0.90579,0.09521,0.4294,0.78638,0.31150,0.4294,0.90579,0.09521,0.4294
18,5,0,2,0,0,1,1,0.000,0.0000,0.6410,0.01794,1.06097,0.0184,0.02482,1.06311,0.9816,0.58360,0.99916,0.0184,0.57392,0.79164,0.0184,0.56122,1.21959,0.0184,0.58360,0.99916,0.0184,0.58360,0.99916,0.0184,0.02242,0.99800,0.0184,0.66494,0.70367,0.0184,0.02242,0.99800,0.0184,0.66494,0.70367,0.0184
18,5,1,2,0,0,2,2,0.000,0.0000,0.4719,0.82552,0.26718,0.4020,0.49037,0.51476,26.5980,0.86736,0.18249,0.4020,0.82552,0.26718,0.4020,0.79354,0.06049,0.4020,0.86736,0.18249,0.4020,0.86736,0.18249,0.4020,0.91110,0.11353,0.4020,0.89627,0.13170,0.4020,0.91110,0.11353,0.4020,0.89627,0.13170,0.4020
18,5,2,1,0,0,0,0,0.000,0.0000,1.7487,0.18220,0.99878,10.1788,0.20929,0.85100,2.1788,0.44074,0.67884,10.1788,0.36947,0.76829,10.1788,0.49380,0.58956,10.1788,0.44074,0.67884,10.1788,0.44074,0.67884,10.1788,0.63340,0.37753,7.1788,0.63340,0.37753,7.1788,0.63340,0.37753,7.1788,0.63340,0.37753,7.1788
18,5,4,2,-1,1,3,3,0.000,0.0000,0.1238,0.81351,0.19142,0.4294,0.38341,0.94248,24.4294,0.81351,0.19142,0.4294,0.81351,0.19142,0.4294,0.81351,0.19142,0.4294,0.81351,0.19142,0.4294,0.89389,0.10715,0.4294,0.82924,0.18422,0.4294,0.89340,0.10630,0.4294,0.82924,0.18422,0.4294,0.89340,0.10630,0.4294
18,6,0,2,0,0,1,1,0.000,0.0000,0.6734,0.02398,1.06627,0.0184,0.02383,1.07409,0.9816,0.56347,1.07300,0.0184,0.55416,0.86407,0.0184,0.54275,1.29363,0.0184,0.56347,1.07300,0.0184,0.56347,1.07300,0.0184,0.02242,0.99800,0.0184,0.66494,0.70367,0.0184,0.02242,0.99800,0.0184,0.66494,0.70367,0.0184
18,6,1,2,0,0,2,2,0.000,0.0000,0.2883,0.93241,0.08367,0.5980,0.50047,0.42242,26.5980,0.90421,0.05643,0.5980,0.93241,0.08367,0.5980,0.79354,0.27365,0.5980,0.90421,0.05643,0.5980,0.90421,0.05643,0.5980,0.92127,0.12537,0.5980,0.91408,0.10800,0.5980,0.92127,0.12537,0.5980,0.91408,0.10800,0.5980
18,6,2,1,0,0,0,0,0.000,0.0000,1.3657,0.12463,0.97883,6.1788,0.20805,0.86044,2.1788,0.55447,0.47291,6.1788,0.48119,0.56061,6.1788,0.62644,0.38627,6.1788,0.55447,0.47291,6.1788,0.55447,0.47291,6.1788,0.78818,0.14800,2.8212,0.78818,0.14800,2.8212,0.78818,0.14800,2.8212,0.78818,0.14800,2.8212
18,6,4,2,-1,1,3,3,0.000,0.0000,0.0808,0.93261,0.06049,0.5706,0.37689,0.95470,24.4294,0.93261,0.06049,0.5706,0.93261,0.06049,0.5706,0.93261,0.06049,0.5706,0.93261,0.06049,0.5706,0.92338,0.06662,0.5706,0.82924,0.18422,0.4294,0.89340,0.10631,0.4294,0.82924,0.18422,0.4294,0.89340,0.10631,0.4294
18,7,0,2,0,0,1,1,0.000,0.0000,0.7343,0.02208,1.15180,0.0184,0.02324,1.15933,0.9816,0.48232,1.20069,0.0184,0.46907,1.00335,0.0184,0.48692,1.41212,0.0184,0.48232,1.20069,0.0184,0.48232,1.20069,0.0184,0.02240,0.99898,0.0184,0.66362,0.70396,0.0184,0.02240,0.99898,0.0184,0.66362,0.70396,0.0184
18,7,1,2,0,0,2,2,0.000,0.0000,0.1405,0.88142,0.12776,0.4020,0.49291,0.50353,26.5980,0.87576,0.12695,0.4020,0.88142,0.12776,0.4020,0.79354,0.33712,0.4020,0.87576,0.12695,0.4020,0.87576,0.12695,0.4020,0.90620,0.12456,0.4020,0.89627,0.10963,0.4020,0.90620,0.12456,0.4020,0.89627,0.10963,0.4020
18,7,2,1,0,0,0,0,0.000,0.0000,1.0192,0.02937,1.04446,0.1788,0.06051,1.01390,2.1788,0.64934,0.37647,0.1788,0.56588,0.46647,0.1788,0.68154,0.28648,0.1788,0.64934,0.37647,0.1788,0.64934,0.37647,0.1788,0.78818,0.14800,2.8212,0.78818,0.14800,2.8212,0.78818,0.14800,2.8212,0.78818,0.14800,2.8212
18,7,4,2,-1,1,3,3,0.000,0.0000,0.1173,0.90001,0.15249,0.4294,0.37775,0.90710,24.4294,0.90001,0.15249,0.4294,0.90001,0.15249,0.4294,0.90001,0.15249,0.4294,0.90001,0.15249,0.4294,0.90001,0.15249,0.4294,0.84670,0.15585,0.4294,0.89340,0.10631,0.4294,0.84670,0.15585,0.4294,0.89340,0.10631,0.4294
18,8,0,2,0,0,1,1,0.000,0.0000,0.7850,0.02096,1.24486,0.0184,0.02290,1.25433,0.9816,0.38705,1.30385,0.0184,0.36761,1.13102,0.0184,0.39852,1.49608,0.0184,0.38705,1.30385,0.0184,0.38705,1.30385,0.0184,0.02240,0.99898,0.0184,0.66362,0.70396,0.0184,0.02240,0.99898,0.0184,0.66362,0.70396,0.0184
18,8,1,2,0,0,2,2,0.000,0.0000,0.0872,0.95245,0.04331,0.4020,0.48775,0.44211,26.5980,0.90240,0.11379,0.4020,0.95245,0.04331,0.4020,0.79354,0.33509,0.4020,0.90240,0.11379,0.4020,0.90240,0.11379,0.4020,0.95448,0.05124,0.5980,0.91197,0.10840,0.5980,0.95448,0.05124,0.5980,0.91197,0.10840,0.5980
18,8,2,1,0,0,0,0,0.000,0.0000,0.6270,0.75735,0.21329,0.1788,0.72069,0.23358,2.1788,0.75735,0.21329,0.1788,0.75735,0.21329,0.1788,0.75732,0.21329,0.1788,0.75735,0.21329,0.1788,0.75735,0.21329,0.1788,0.77800,0.14421,2.8212,0.77800,0.14421,2.8212,0.77800,0.14421,2.8212,0.77800,0.14421,2.8212
18,8,4,2,-1,1,3,3,0.000,0.0000,0.1186,0.93979,0.07792,0.4294,0.37949,0.93219,24.4294,0.93979,0.07792,0.4294,0.93979,0.07792,0.4294,0.93979,0.07792,0.4294,0.93979,0.07792,0.4294,0.93287,0.07287,0.4294,0.95044,0.05941,0.4294,0.93719,0.07258,0.4294,0.95044,0.05941,0.4294,0.93719,0.07258,0.4294
18,9,0,2,0,0,1,1,0.000,0.0000,0.8485,0.38272,0.80063,4.0184,0.34344,0.88049,0.9816,0.44715,1.44094,4.0184,0.43591,1.23811,4.0184,0.44518,1.65443,4.0184,0.44715,1.44094,4.0184,0.44715,1.44094,4.0184,0.02240,0.99898,0.0184,0.66362,0.70396,0.0184,0.02240,0.99898,0.0184,0.66362,0.70396,0.0184
18,9,1,2,0,0,2,2,0.000,0.0000,0.0622,0.89451,0.09984,0.4020,0.49657,0.47040,26.5980,0.87222,0.12944,0.4020,0.89451,0.09984,0.4020,0.79354,0.33752,0.4020,0.87222,0.12944,0.4020,0.87222,0.12944,0.4020,0.93986,0.05705,0.4020,0.89627,0.10963,0.4020,0.93986,0.05705,0.4020,0.89627,0.10963,0.4020
18,9,2,2,-1,0,0,0,0.000,0.0000,0.6905,0.41784,0.87893,9.8212,0.52900,0.96680,2.1788,0.41784,0.87893,9.8212,0.41784,0.87893,9.8212,0.41784,0.87893,9.8212,0.41784,0.87893,9.8212,0.41784,0.87893,9.8212,0.77521,0.14728,2.8212,0.77521,0.14728,2.8212,0.77521,0.14728,2.8212,0.77521,0.14728,2.8212
18,9,4,2,-1,1,3,3,0.000,0.0000,0.0893,0.84738,0.16233,0.5706,0.37723,0.95198,24.4294,0.84738,0.16233,0.5706,0.84738,0.16233,0.5706,0.84738,0.16233,0.5706,0.84738,0.16233,0.5706,0.89677,0.11108,0.5706,0.95044,0.05941,0.4294,0.93719,0.07258,0.4294,0.95044,0.05941,0.4294,0.93719,0.07258,0.4294
18,10,0,2,0,0,1,1,0.000,0.0000,1.0550,0.01576,1.26492,0.0184,0.02062,1.26478,0.9816,0.40277,1.77457,0.0184,0.39710,1.55764,0.0184,0.38685,1.99736,0.0184,0.40277,1.77457,0.0184,0.40277,1.77457,0.0184,0.02240,0.99898,0.0184,0.66362,0.70396,0.0184,0.01493,1.45294,1.0184,0.44621,1.51086,1.0184
18,10,1,2,-1,0,2,2,0.000,0.0000,0.0872,0.72356,0.30266,0.4020,0.49409,0.50026,26.5980,0.72356,0.30266,0.4020,0.72356,0.30266,0.4020,0.72356,0.30266,0.4020,0.72356,0.30266,0.4020,0.70809,0.30540,0.4020,0.93986,0.05705,0.4020,0.89627,0.10963,0.4020,0.93986,0.05705,0.4020,0.89627,0.10963,0.4020
18,10,2,2,-1,0,0,0,0.000,0.0000,0.4067,0.45102,0.64052,24.8212,0.70890,0.21525,2.1788,0.45102,0.64052,24.8212,0.45102,0.64052,24.8212,0.45102,0.64052,24.8212,0.45102,0.64052,24.8212,0.45102,0.64052,24.8212,0.62066,0.39906,6.1788,0.62066,0.39906,6.1788,0.62066,0.39906,6.1788,0.62066,0.39906,6.1788
18,10,4,2,0,1,3,3,0.000,0.0000,0.4105,0.01380,1.26216,0.4294,0.30252,1.07026,24.4294,0.50071,0.63188,0.4294,0.43475,0.71364,0.4294,0.56666,0.55268,0.4294,0.50071,0.63188,0.4294,0.52078,0.80453,0.4294,0.95044,0.05941,0.4294,0.93719,0.07258,0.4294,0.95044,0.05941,0.4294,0.93719,0.07258,0.4294
18,11,0,2,0,0,1,1,0.000,0.0000,0.8883,0.08933,1.67926,25.9816,0.06804,1.59074,0.9816,0.23800,1.41553,25.9816,0.25441,1.39681,25.9816,0.22358,1.46887,25.9816,0.23800,1.41553,25.9816,0.23800,1.41553,25.9816,0.02240,0.99898,0.0184,0.66362,0.70396,0.0184,0.02240,0.99898,0.0184,0.66362,0.70396,0.0184
18,11,1,2,-1,0,2,2,0.000,0.0000,0.1034,0.72062,0.18425,3.5980,0.45915,0.45160,26.5980,0.72062,0.18425,3.5980,0.72062,0.18425,3.5980,0.72062,0.18425,3.5980,0.72062,0.18425,3.5980,0.69563,0.17602,3.5980,0.94141,0.05455,0.4020,0.89627,0.10963,0.4020,0.94141,0.05455,0.4020,0.89627,0.10963,0.4020
18,11,2,2,-1,0,0,0,0.000,0.0000,0.4124,0.46460,0.61469,22.8212,0.71309,0.26341,2.1788,0.46460,0.61469,22.8212,0.46460,0.61469,22.8212,0.46460,0.61469,22.8212,0.46460,0.61469,22.8212,0.46460,0.61469,22.8212,0.74751,0.17722,2.8212,0.74751,0.17722,2.8212,0.74751,0.17722,2.8212,0.74751,0.17722,2.8212
18,11,4,2,0,1,3,3,0.000,0.0000,0.6916,0.01421,1.08279,0.4294,0.27587,1.08141,24.4294,0.70485,0.35772,0.4294,0.63255,0.40991,0.4294,0.78023,0.33243,0.4294,0.70485,0.35772,0.4294,0.69978,0.84924,0.4294,0.95044,0.05941,0.4294,0.93719,0.07258,0.4294,0.95044,0.05941,0.4294,0.93719,0.07258,0.4294
18,12,0,2,-1,0,1,1,0.000,0.0000,1.1848,0.16310,2.05840,10.9816,0.14565,2.33798,0.9816,0.16310,2.05840,10.9816,0.16310,2.05840,10.9816,0.16310,2.05840,10.9816,0.16310,2.05840,10.9816,0.17981,1.96458,10.9816,0.02243,0.99817,0.0184,0.66508,0.69904,0.0184,0.02243,0.99817,0.0184,0.66508,0.69904,0.0184
18,12,1,2,0,0,2,2,0.000,0.0000,0.1085,0.95483,0.04384,0.4020,0.48445,0.44943,26.5980,0.90726,0.11499,0.4020,0.95483,0.04384,0.4020,0.79354,0.33768,0.4020,0.90726,0.11499,0.4020,0.90726,0.11499,0.4020,0.94237,0.05246,0.4020,0.89546,0.10994,0.4020,0.94237,0.05246,0.4020,0.89546,0.10994,0.4020
18,12,2,2,-1,0,0,0,0.000,0.0000,0.2875,0.70739,0.31849,5.1788,0.74025,0.28983,2.1788,0.70739,0.31849,5.1788,0.70739,0.31849,5.1788,0.70739,0.31849,5.1788,0.70739,0.31849,5.1788,0.70739,0.31849,5.1788,0.62535,0.20136,6.1788,0.62535,0.20136,6.1788,0.62535,0.20136,6.1788,0.62535,0.20136,6.1788
18,12,4,2,0,1,3,3,0.000,0.0000,0.9725,0.01678,1.29847,0.4294,0.27579,1.11243,24.4294,0.46870,0.71227,0.4294,0.40688,0.78578,0.4294,0.53239,0.67187,0.4294,0.46870,0.71227,0.4294,0.47003,1.10212,0.4294,0.95044,0.05941,0.4294,0.93719,0.07258,0.4294,0.95044,0.05941,0.4294,0.93719,0.07258,0.4294
18,13,0,2,-1,0,1,1,0.000,0.0000,1.4886,0.41755,1.11637,5.9816,0.40458,1.11578,0.9816,0.41755,1.11637,5.9816,0.41755,1.11637,5.9816,0.41755,1.11637,5.9816,0.41755,1.11637,5.9816,0.62091,0.30425,5.9816,0.02112,1.06481,0.0184,0.58013,0.73262,0.0184,0.02112,1.06481,0.0184,0.58013,0.73262,0.0184
18,13,1,2,-1,0,2,2,0.000,0.0000,0.0419,0.77830,0.21865,0.4020,0.48929,0.35107,26.5980,0.77830,0.21865,0.4020,0.77830,0.21865,0.4020,0.77830,0.21865,0.4020,0.77830,0.21865,0.4020,0.76006,0.23906,0.4020,0.95834,0.04067,0.4020,0.90900,0.10544,0.4020,0.95834,0.04067,0.4020,0.90900,0.10544,0.4020
18,13,2,2,0,0,0,0,0.000,0.0000,0.2263,0.82110,0.11574,0.1788,0.81084,0.06036,2.1788,0.82110,0.11574,0.1788,0.82110,0.11574,0.1788,0.76585,0.19052,0.1788,0.82110,0.11574,0.1788,0.82110,0.11574,0.1788,0.56331,0.12123,12.8212,0.56331,0.12123,12.8212,0.56331,0.12123,12.8212,0.56331,0.12123,12.8212
18,13,4,2,0,1,3,3,0.000,0.0000,1.1122,0.02075,1.14408,0.5706,0.27336,1.13442,24.4294,0.68585,0.52131,0.5706,0.61558,0.55927,0.5706,0.74473,0.57775,0.5706,0.68585,0.52131,0.5706,0.64428,1.09837,0.5706,0.94864,0.04531,0.5706,0.93427,0.06201,0.5706,0.94864,0.04531,0.5706,0.93427,0.06201,0.5706
18,14,0,2,0,0,1,1,0.000,0.0000,1.4823,0.59987,0.43749,10.9816,0.71931,0.33795,0.9816,0.59987,0.43749,10.9816,0.59987,0.43749,10.9816,0.60526,0.41058,10.9816,0.59987,0.43749,10.9816,0.59987,0.43749,10.9816,0.79213,0.21272,0.0184,0.78500,0.21346,0.0184,0.79213,0.21272,0.0184,0.78500,0.21346,0.0184
18,14,1,2,0,0,2,2,0.000,0.0000,0.0294,0.89805,0.11237,1.5981,0.49295,0.43460,26.5980,0.88151,0.03737,1.5981,0.89805,0.11237,1.5981,0.79328,0.21212,1.5981,0.88151,0.03737,1.5981,0.88151,0.03737,1.5981,0.95834,0.04067,0.4020,0.90900,0.10544,0.4020,0.95834,0.04067,0.4020,0.90900,0.10544,0.4020
18,14,2,2,0,0,0,0,0.000,0.0000,0.3036,0.84659,0.11062,3.1788,0.87087,0.10540,2.1788,0.84659,0.11062,3.1788,0.84659,0.11062,3.1788,0.81502,0.04359,3.1788,0.84659,0.11062,3.1788,0.84659,0.11062,3.1788,0.56278,0.11860,12.8212,0.56278,0.11860,12.8212,0.56278,0.11860,12.8212,0.56278,0.11860,12.8212
18,14,4,2,0,1,3,3,0.000,0.0000,1.3099,0.01525,1.33131,0.4294,0.22044,1.28958,24.4294,0.46070,0.77973,0.4294,0.40078,0.83676,0.4294,0.50089,0.91417,0.4294,0.46070,0.77973,0.4294,0.44304,1.39680,0.4294,0.94864,0.04531,0.5706,0.93427,0.06201,0.5706,0.94864,0.04531,0.5706,0.93427,0.06201,0.5706
18,15,0,2,-1,0,1,1,0.000,0.0000,1.5971,0.67960,0.26426,9.0184,0.74263,0.28629,0.9816,0.67960,0.26426,9.0184,0.67960,0.26426,9.0184,0.67960,0.26426,9.0184,0.67960,0.26426,9.0184,0.67960,0.26426,9.0184,0.86926,0.13214,0.0184,0.86064,0.13334,0.0184,0.35801,1.09471,3.0184,0.59883,0.98604,3.0184
18,15,1,2,0,0,2,2,0.000,0.0000,0.0431,0.95759,0.03183,0.5980,0.49050,0.41987,26.5980,0.90574,0.10348,0.5980,0.95759,0.03183,0.5980,0.79354,0.32652,0.5980,0.90574,0.10348,0.5980,0.90574,0.10348,0.5980,0.95834,0.04067,0.4020,0.90900,0.10544,0.4020,0.95834,0.04067,0.4020,0.90900,0.10544,0.4020
18,15,2,2,0,0,0,0,0.000,0.0000,0.3182,0.88041,0.10937,0.8212,0.84315,0.10520,2.1788,0.88041,0.10937,0.8212,0.88041,0.10937,0.8212,0.81648,0.15707,0.8212,0.88041,0.10937,0.8212,0.88041,0.10937,0.8212,0.56278,0.11860,12.8212,0.56278,0.11860,12.8212,0.56278,0.11860,12.8212,0.56278,0.11860,12.8212
18,15,4,2,0,1,3,3,0.000,0.0000,1.3581,0.01585,1.17121,0.4294,0.23588,1.16607,24.4294,0.64031,0.62935,0.4294,0.56135,0.61326,0.4294,0.67299,0.83252,0.4294,0.64031,0.62935,0.4294,0.58548,1.35489,0.4294,0.95440,0.05015,0.4294,0.93719,0.07258,0.4294,0.95440,0.05015,0.4294,0.93719,0.07258,0.4294
18,16,0,2,-1,0,1,1,0.000,0.0000,0.5377,0.42368,1.71382,5.0184,0.40794,1.69594,0.9816,0.42368,1.71382,5.0184,0.42368,1.71382,5.0184,0.42368,1.71382,5.0184,0.42368,1.71382,5.0184,0.42368,1.71382,5.0184,0.69537,0.30669,6.9816,0.69537,0.30669,6.9816,0.69537,0.30669,6.9816,0.69537,0.30669,6.9816
18,16,1,2,0,0,2,2,0.000,0.0000,0.0297,0.88427,0.09820,0.5980,0.48699,0.45155,26.5980,0.84429,0.14060,0.5980,0.88427,0.09820,0.5980,0.76757,0.34736,0.5980,0.84429,0.14060,0.5980,0.84429,0.14060,0.5980,0.95692,0.04159,0.4020,0.90764,0.10579,0.4020,0.95692,0.04159,0.4020,0.90764,0.10579,0.4020
18,16,2,2,-1,0,0,0,0.000,0.0000,0.3680,0.68737,0.02713,7.8212,0.64665,0.27730,2.1788,0.68737,0.02713,7.8212,0.68737,0.02713,7.8212,0.68737,0.02713,7.8212,0.68737,0.02713,7.8212,0.68737,0.02713,7.8212,0.56278,0.11860,12.8212,0.56278,0.11860,12.8212,0.56278,0.11860,12.8212,0.56278,0.11860,12.8212
18,16,4,2,0,1,3,3,0.000,0.0000,1.4785,0.01238,1.25638,0.4294,0.21631,1.25694,24.4294,0.59756,0.89660,0.4294,0.54018,0.76325,0.4294,0.61328,1.10837,0.4294,0.59756,0.89660,0.4294,0.53596,1.63201,0.4294,0.95440,0.05015,0.4294,0.93719,0.07258,0.4294,0.95440,0.05015,0.4294,0.93719,0.07258,0.4294
18,17,0,2,-1,0,1,1,0.000,0.0000,0.7671,0.69228,0.15382,7.9816,0.65018,0.22766,0.9816,0.69228,0.15382,7.9816,0.69228,0.15382,7.9816,0.69228,0.15382,7.9816,0.69228,0.15382,7.9816,0.69228,0.15382,7.9816,0.77642,0.13732,6.9816,0.77642,0.13732,6.9816,0.77642,0.13732,6.9816,0.77642,0.13732,6.9816
18,17,1,2,0,0,2,2,0.000,0.0000,0.3878,0.37739,0.78429,21.4019,0.48864,0.45320,26.5980,0.39654,0.75967,21.4019,0.37739,0.78429,21.4019,0.42714,0.69664,21.4019,0.39654,0.75967,21.4019,0.39654,0.75967,21.4019,0.95692,0.04159,0.4020,0.90764,0.10579,0.4020,0.95692,0.04159,0.4020,0.90764,0.10579,0.4020
18,17,2,2,0,0,0,0,0.000,0.0000,0.3702,0.87007,0.07214,3.1788,0.87832,0.08138,2.1788,0.87007,0.07214,3.1788,0.87007,0.07214,3.1788,0.81522,0.11324,3.1788,0.87007,0.07214,3.1788,0.87007,0.07214,3.1788,0.56278,0.11860,12.8212,0.56278,0.11860,12.8212,0.56278,0.11860,12.8212,0.56278,0.11860,12.8212
18,18,0,2,-1,0,1,1,0.000,0.0000,0.8152,0.79002,0.04609,0.0184,0.80127,0.06372,0.9816,0.79002,0.04609,0.0184,0.79002,0.04609,0.0184,0.79002,0.04609,0.0184,0.79002,0.04609,0.0184,0.78799,0.03564,0.0184,0.77642,0.13732,6.9816,0.77642,0.13732,6.9816,0.77642,0.13732,6.9816,0.77642,0.13732,6.9816
18,18,1,2,0,0,2,2,0.000,0.0000,0.3118,0.83041,0.16664,2.4019,0.48274,0.46363,26.5980,0.81319,0.13752,2.4019,0.83041,0.16664,2.4019,0.74975,0.23226,2.4019,0.81319,0.13752,2.4019,0.81319,0.13752,2.4019,0.92206,0.06777,1.4020,0.87502,0.11692,1.4020,0.92206,0.06777,1.4020,0.87502,0.11692,1.4020
18,19,0,2,0,0,1,1,0.000,0.0000,0.8207,0.83597,0.15662,0.9816,0.83597,0.15662,0.9816,0.85847,0.12040,0.9816,0.83597,0.15662,0.9816,0.78055,0.23698,0.9816,0.85847,0.12040,0.9816,0.85847,0.12040,0.9816,0.77642,0.13732,6.9816,0.77642,0.13732,6.9816,0.77642,0.13732,6.9816,0.77642,0.13732,6.9816
18,19,1,2,-1,0,2,2,0.000,0.0000,0.5228,0.41411,0.61206,37.4020,0.37367,0.69899,26.5980,0.41411,0.61206,37.4020,0.41411,0.61206,37.4020,0.41411,0.61206,37.4020,0.41411,0.61206,37.4020,0.41411,0.61206,37.4020,0.91112,0.05602,1.5981,0.87288,0.08671,1.5981,0.91112,0.05602,1.5981,0.87288,0.08671,1.5981
18,19,2,2,0,0,0,0,0.000,0.0000,0.2429,0.73647,0.26068,5.8212,0.83094,0.23101,2.1788,0.75579,0.24111,5.8212,0.73647,0.26068,5.8212,0.76743,0.14623,5.8212,0.75579,0.24111,5.8212,0.75579,0.24111,5.8212,0.56278,0.11860,12.8212,0.56278,0.11860,12.8212,0.56278,0.11860,12.8212,0.56278,0.11860,12.8212
18,19,4,2,0,1,3,3,0.000,0.0000,1.0880,0.14307,2.50623,0.5706,0.16211,2.57059,24.4294,0.75505,0.69477,0.5706,0.67985,0.91977,0.5706,0.82979,0.46978,0.5706,0.22167,2.37634,0.5706,0.95548,0.05545,0.5706,0.95440,0.05015,0.4294,0.93719,0.07258,0.4294,0.95440,0.05015,0.4294,0.93719,0.07258,0.4294
18,20,0,1,-1,0,1,1,0.000,0.0000,0.7814,0.68054,0.69035,0.9816,0.68054,0.69035,0.9816,0.68054,0.69035,0.9816,0.68054,0.69035,0.9816,0.68054,0.69035,0.9816,0.68054,0.69035,0.9816,0.95195,0.03768,0.9816,0.77642,0.13732,6.9816,0.77642,0.13732,6.9816,0.77642,0.13732,6.9816,0.77642,0.13732,6.9816
18,20,1,2,-1,0,2,2,0.000,0.0000,0.4526,0.49523,0.52322,8.5981,0.39117,0.61425,26.5980,0.49523,0.52322,8.5981,0.49523,0.52322,8.5981,0.49523,0.52322,8.5981,0.49523,0.52322,8.5981,0.49635,0.50060,8.5981,0.85755,0.10385,2.5981,0.83893,0.01533,2.5981,0.85755,0.10385,2.5981,0.83893,0.01533,2.5981
18,20,2,2,0,0,0,0,0.000,0.0000,0.2517,0.29582,1.62507,0.1788,0.28700,1.64237,2.1788,0.93524,0.09253,0.1788,0.85027,0.31644,0.1788,0.81648,0.16960,0.1788,0.23396,1.98478,0.1788,0.93524,0.09253,0.1788,0.56278,0.11860,12.8212,0.56278,0.11860,12.8212,0.56278,0.11860,12.8212,0.56278,0.11860,12.8212
18,20,4,2,0,1,3,3,0.000,0.0000,1.1194,0.21499,2.29845,0.4294,0.20492,2.40662,24.4294,0.74506,0.70270,0.4294,0.67174,0.92757,0.4294,0.81784,0.47796,0.4294,0.22054,2.35918,0.4294,0.94204,0.05515,0.4294,0.95377,0.05149,0.4294,0.93719,0.06924,0.4294,0.95377,0.05149,0.4294,0.93719,0.06924,0.4294
18,21,0,1,-1,0,1,1,0.000,0.0000,0.7072,0.78195,0.47514,0.0184,0.76439,0.48450,0.9816,0.78195,0.47514,0.0184,0.78195,0.47514,0.0184,0.78195,0.47514,0.0184,0.78195,0.47514,0.0184,0.97497,0.02542,0.0184,0.77642,0.13732,6.9816,0.77642,0.13732,6.9816,0.77642,0.13732,6.9816,0.77642,0.13732,6.9816
18,21,1,2,-1,0,2,2,0.000,0.0000,0.2254,0.48088,0.57727,22.4020,0.45379,0.15938,26.5980,0.48088,0.57727,22.4020,0.48088,0.57727,22.4020,0.48088,0.57727,22.4020,0.48088,0.57727,22.4020,0.48088,0.57727,22.4020,0.82533,0.11822,3.5980,0.81155,0.01301,3.5980,0.82533,0.11822,3.5980,0.81155,0.01301,3.5980
18,21,2,2,0,0,0,0,0.000,0.0000,0.2522,0.91023,0.18005,0.1788,0.85309,0.20241,2.1788,0.93691,0.08796,0.1788,0.91023,0.18005,0.1788,0.81648,0.17057,0.1788,0.93691,0.08796,0.1788,0.93691,0.08796,0.1788,0.56278,0.11860,12.8212,0.56278,0.11860,12.8212,0.56278,0.11860,12.8212,0.56278,0.11860,12.8212
18,21,4,2,0,1,3,3,0.000,0.0000,1.2260,0.27808,2.16020,3.4294,0.23476,2.23627,24.4294,0.61822,0.93640,3.4294,0.56138,1.15750,3.4294,0.67255,0.71774,3.4294,0.20946,2.38259,3.4294,0.78916,0.25479,3.4294,0.95366,0.05175,0.4294,0.93719,0.06862,0.4294,0.95366,0.05175,0.4294,0.93719,0.06862,0.4294
18,22,0,2,0,0,1,1,0.000,0.0000,0.6086,0.87697,0.11517,1.0184,0.85397,0.12320,0.9816,0.89786,0.07169,1.0184,0.87697,0.11517,1.0184,0.81633,0.21915,1.0184,0.89786,0.07169,1.0184,0.89786,0.07169,1.0184,0.77642,0.13732,6.9816,0.77642,0.13732,6.9816,0.77642,0.13732,6.9816,0.77642,0.13732,6.9816
18,22,1,2,0,0,2,2,0.000,0.0000,0.3431,0.53639,0.50887,16.4020,0.44640,0.45029,26.5980,0.53639,0.50887,16.4020,0.53639,0.50887,16.4020,0.51858,0.50887,16.4020,0.53639,0.50887,16.4020,0.53639,0.50887,16.4020,0.84282,0.14786,0.5980,0.82861,0.10606,0.5980,0.84282,0.14786,0.5980,0.82861,0.10606,0.5980
18,22,2,2,0,0,0,0,0.000,0.0000,0.1866,0.80556,0.25679,0.1788,0.75525,0.27592,2.1788,0.85724,0.13169,0.1788,0.80556,0.25679,0.1788,0.81648,0.16509,0.1788,0.85724,0.13169,0.1788,0.85724,0.13169,0.1788,0.56278,0.11860,12.8212,0.56278,0.11860,12.8212,0.56278,0.11860,12.8212,0.56278,0.11860,12.8212
18,22,4,2,-1,1,3,3,0.000,0.0000,1.1582,0.39194,1.73515,0.4294,0.27704,1.97910,24.4294,0.39194,1.73515,0.4294,0.39194,1.73515,0.4294,0.39194,1.73515,0.4294,0.39194,1.73515,0.4294,0.86693,0.12961,0.4294,0.95366,0.05175,0.4294,0.93719,0.06862,0.4294,0.95366,0.05175,0.4294,0.93719,0.06862,0.4294
18,23,0,2,-1,0,1,1,0.000,0.0000,0.9488,0.44591,0.80785,19.0184,0.42751,0.72068,0.9816,0.44591,0.80785,19.0184,0.44591,0.80785,19.0184,0.44591,0.80785,19.0184,0.44591,0.80785,19.0184,0.44591,0.80785,19.0184,0.76945,0.08878,6.9816,0.76945,0.08878,6.9816,0.76945,0.08878,6.9816,0.76945,0.08878,6.9816
18,23,1,1,0,0,2,2,0.000,0.0000,0.3109,0.15171,0.93393,8.4020,0.41930,0.82634,26.5980,0.61869,0.39278,8.4020,0.54812,0.48165,8.4020,0.63234,0.30457,8.4020,0.61869,0.39278,8.4020,0.61869,0.39278,8.4020,0.79790,0.14463,2.5981,0.78520,0.14463,2.5981,0.79790,0.14463,2.5981,0.78520,0.14463,2.5981
18,23,2,2,0,0,0,0,0.000,0.0000,0.1035,0.79215,0.20509,1.1788,0.78899,0.18293,2.1788,0.79215,0.20509,1.1788,0.79215,0.20509,1.1788,0.79986,0.19275,1.1788,0.79215,0.20509,1.1788,0.79215,0.20509,1.1788,0.56278,0.11860,12.8212,0.56278,0.11860,12.8212,0.56278,0.11860,12.8212,0.56278,0.11860,12.8212
18,23,4,2,-1,1,3,3,0.000,0.0000,1.0588,0.55085,1.17488,0.4294,0.30517,1.59364,24.4294,0.55085,1.17488,0.4294,0.55085,1.17488,0.4294,0.55085,1.17488,0.4294,0.55085,1.17488,0.4294,0.83789,0.16447,0.4294,0.95878,0.04557,0.4294,0.94205,0.06409,0.4294,0.95878,0.04557,0.4294,0.94205,0.06409,0.4294
18,24,0,2,-1,0,1,1,0.000,0.0000,0.6287,0.62102,0.10101,8.0184,0.56286,0.15818,0.9816,0.62102,0.10101,8.0184,0.62102,0.10101,8.0184,0.62102,0.10101,8.0184,0.62102,0.10101,8.0184,0.62102,0.10101,8.0184,0.70804,0.12764,5.9816,0.70804,0.12764,5.9816,0.70804,0.12764,5.9816,0.70804,0.12764,5.9816
18,24,1,1,-1,0,2,2,0.000,0.0000,1.3254,0.16717,2.49752,5.4020,0.18264,2.70913,26.5980,0.16717,2.49752,5.4020,0.16717,2.49752,5.4020,0.16717,2.49752,5.4020,0.16717,2.49752,5.4020,0.16717,2.49752,5.4020,0.82620,0.16255,0.5980,0.81217,0.16255,0.5980,0.82620,0.16255,0.5980,0.81217,0.16255,0.5980
18,24,2,2,0,0,0,0,0.000,0.0000,0.1060,0.88122,0.23794,0.1788,0.81462,0.26198,2.1788,0.93642,0.08868,0.1788,0.88122,0.23794,0.1788,0.81648,0.16658,0.1788,0.93642,0.08868,0.1788,0.93642,0.08868,0.1788,0.56278,0.11860,12.8212,0.56278,0.11860,12.8212,0.56278,0.11860,12.8212,0.56278,0.11860,12.8212
18,24,4,2,-1,1,3,3,0.000,0.0000,1.0564,0.63633,0.46500,7.4294,0.35087,1.04940,24.4294,0.63633,0.46500,7.4294,0.63633,0.46500,7.4294,0.63633,0.46500,7.4294,0.63633,0.46500,7.4294,0.64553,0.43307,7.4294,0.95841,0.04647,0.4294,0.94205,0.06207,0.4294,0.95841,0.04647,0.4294,0.94205,0.06207,0.4294
18,25,0,2,-1,0,1,1,0.000,0.0000,0.4541,0.70386,0.23559,10.0184,0.78562,0.18781,0.9816,0.70386,0.23559,10.0184,0.70386,0.23559,10.0184,0.70386,0.23559,10.0184,0.70386,0.23559,10.0184,0.70386,0.23559,10.0184,0.74055,0.13099,3.9816,0.74055,0.13099,3.9816,0.74055,0.13099,3.9816,0.74055,0.13099,3.9816
18,25,1,1,0,0,2,2,0.000,0.0000,0.8485,0.65626,0.33071,1.4020,0.50677,0.60036,26.5980,0.81946,0.12798,1.4020,0.77154,0.21643,1.4020,0.79198,0.04600,1.4020,0.81946,0.12798,1.4020,0.81946,0.12798,1.4020,0.82620,0.16255,0.5980,0.81217,0.16255,0.5980,0.82620,0.16255,0.5980,0.81217,0.16255,0.5980
18,25,2,2,0,0,0,0,0.000,0.0000,0.1218,0.88071,0.18381,0.1788,0.85393,0.20783,2.1788,0.93654,0.08891,0.1788,0.88071,0.18381,0.1788,0.81648,0.17014,0.1788,0.93654,0.08891,0.1788,0.93654,0.08891,0.1788,0.56278,0.11860,12.8212,0.56278,0.11860,12.8212,0.56278,0.11860,12.8212,0.56278,0.11860,12.8212
18,25,4,2,-1,1,3,3,0.000,0.0000,0.8897,0.88546,0.13543,0.4294,0.36664,0.98313,24.4294,0.88546,0.13543,0.4294,0.88546,0.13543,0.4294,0.88546,0.13543,0.4294,0.88546,0.13543,0.4294,0.88647,0.10596,0.4294,0.95750,0.04876,0.4294,0.94205,0.05710,0.4294,0.95750,0.04876,0.4294,0.94205,0.05710,0.4294
18,26,0,2,-1,0,1,1,0.000,0.0000,0.8650,0.23640,1.76640,14.0184,0.22759,2.08602,0.9816,0.23640,1.76640,14.0184,0.23640,1.76640,14.0184,0.23640,1.76640,14.0184,0.23640,1.76640,14.0184,0.23640,1.76640,14.0184,0.60971,0.11930,10.9816,0.60971,0.11930,10.9816,0.60971,0.11930,10.9816,0.60971,0.11930,10.9816
18,26,1,1,0,0,2,2,0.000,0.0000,0.5470,0.94613,0.01609,0.4020,0.51721,0.19313,26.5980,0.89151,0.01609,0.4020,0.94613,0.01609,0.4020,0.79354,0.00625,0.4020,0.89151,0.01609,0.4020,0.89151,0.01609,0.4020,0.82620,0.16255,0.5980,0.81217,0.16255,0.5980,0.82620,0.16255,0.5980,0.81217,0.16255,0.5980
18,26,2,2,0,0,0,0,0.000,0.0000,0.1308,0.70464,0.60524,0.1788,0.69554,0.62955,2.1788,0.93702,0.08764,0.1788,0.82498,0.31474,0.1788,0.81648,0.17059,0.1788,0.93702,0.08764,0.1788,0.93702,0.08764,0.1788,0.56278,0.11860,12.8212,0.56278,0.11860,12.8212,0.56278,0.11860,12.8212,0.56278,0.11860,12.8212
18,26,4,2,-1,1,3,3,0.000,0.0000,0.7585,0.77065,0.22642,4.5706,0.35950,1.00806,24.4294,0.77065,0.22642,4.5706,0.77065,0.22642,4.5706,0.77065,0.22642,4.5706,0.77065,0.22642,4.5706,0.79861,0.05191,4.5706,0.95750,0.04876,0.4294,0.94205,0.05710,0.4294,0.95750,0.04876,0.4294,0.94205,0.05710,0.4294
18,27,0,2,-1,0,1,1,0.000,0.0000,0.4432,0.71030,0.22903,10.0184,0.80458,0.15879,0.9816,0.71030,0.22903,10.0184,0.71030,0.22903,10.0184,0.71030,0.22903,10.0184,0.71030,0.22903,10.0184,0.71030,0.22903,10.0184,0.60521,0.10852,10.9816,0.60521,0.10852,10.9816,0.60521,0.10852,10.9816,0.60521,0.10852,10.9816
18,27,1,1,0,0,2,2,0.000,0.0000,0.3459,0.88877,0.16941,0.4020,0.47433,0.20345,26.5980,0.88877,0.16941,0.4020,0.88877,0.16941,0.4020,0.79354,0.16899,0.4020,0.88877,0.16941,0.4020,0.88877,0.16941,0.4020,0.82862,0.15786,0.5980,0.81217,0.15786,0.5980,0.82862,0.15786,0.5980,0.81217,0.15786,0.5980
18,27,2,2,0,0,0,0,0.000,0.0000,0.1306,0.63302,0.75688,0.1788,0.63312,0.77524,2.1788,0.93866,0.08367,0.1788,0.81494,0.31256,0.1788,0.81648,0.17396,0.1788,0.93866,0.08367,0.1788,0.93866,0.08367,0.1788,0.56278,0.11860,12.8212,0.56278,0.11860,12.8212,0.56278,0.11860,12.8212,0.56278,0.11860,12.8212
18,27,4,2,-1,1,3,3,0.000,0.0000,0.6844,0.47528,0.54083,22.5706,0.34219,1.09204,24.4294,0.47528,0.54083,22.5706,0.47528,0.54083,22.5706,0.47528,0.54083,22.5706,0.47528,0.54083,22.5706,0.49219,0.15188,22.5706,0.95750,0.04876,0.4294,0.94205,0.05710,0.4294,0.95750,0.04876,0.4294,0.94205,0.05710,0.4294
18,28,0,2,0,0,1,1,0.000,0.0000,0.2053,0.88165,0.11033,0.0184,0.86843,0.09963,0.9816,0.87547,0.11144,0.0184,0.88165,0.11033,0.0184,0.79588,0.27258,0.0184,0.87547,0.11144,0.0184,0.87547,0.11144,0.0184,0.60521,0.10852,10.9816,0.60521,0.10852,10.9816,0.60521,0.10852,10.9816,0.60521,0.10852,10.9816
18,28,1,2,0,0,2,2,0.000,0.0000,0.1439,0.81396,0.21557,0.5980,0.47424,0.29036,26.5980,0.81396,0.21557,0.5980,0.81396,0.21557,0.5980,0.75987,0.36922,0.5980,0.81396,0.21557,0.5980,0.81396,0.21557,0.5980,0.82838,0.15485,0.5980,0.81184,0.18693,0.5980,0.82838,0.15485,0.5980,0.81184,0.18693,0.5980
18,28,2,2,0,0,0,0,0.000,0.0000,0.1158,0.36133,1.45100,0.8212,0.35442,1.48687,2.1788,0.93713,0.08218,0.8212,0.82522,0.31052,0.8212,0.81648,0.16441,0.8212,0.93713,0.08218,0.8212,0.93713,0.08218,0.8212,0.56278,0.11860,12.8212,0.56278,0.11860,12.8212,0.56278,0.11860,12.8212,0.56278,0.11860,12.8212
18,28,4,2,-1,1,3,3,0.000,0.0000,0.5173,0.79974,0.26439,0.4294,0.35382,1.02723,24.4294,0.79974,0.26439,0.4294,0.79974,0.26439,0.4294,0.79974,0.26439,0.4294,0.79974,0.26439,0.4294,0.82284,0.18489,0.4294,0.91817,0.08404,1.4294,0.90247,0.08663,1.4294,0.91817,0.08404,1.4294,0.90247,0.08663,1.4294
18,29,0,2,-1,0,1,1,0.000,0.0000,0.9452,0.32447,1.58456,4.0184,0.31611,1.65629,0.9816,0.32447,1.58456,4.0184,0.32447,1.58456,4.0184,0.32447,1.58456,4.0184,0.32447,1.58456,4.0184,0.32447,1.58456,4.0184,0.60521,0.10852,10.9816,0.60521,0.10852,10.9816,0.60521,0.10852,10.9816,0.60521,0.10852,10.9816
18,29,1,2,-1,0,2,2,0.000,0.0000,1.6042,0.36913,3.09928,0.5980,0.14454,2.75561,26.5980,0.36913,3.09928,0.5980,0.36913,3.09928,0.5980,0.36913,3.09928,0.5980,0.36913,3.09928,0.5980,0.36913,3.09928,0.5980,0.82832,0.15463,0.5980,0.81191,0.18640,0.5980,0.82832,0.15463,0.5980,0.81191,0.18640,0.5980
18,29,2,2,0,0,0,0,0.000,0.0000,0.1054,0.18180,1.88235,0.1788,0.17367,1.91166,2.1788,0.94436,0.07139,0.1788,0.86262,0.29412,0.1788,0.81646,0.18968,0.1788,0.23766,1.97111,0.1788,0.94436,0.07139,0.1788,0.56278,0.11860,12.8212,0.56278,0.11860,12.8212,0.56278,0.11860,12.8212,0.56278,0.11860,12.8212
18,29,4,2,0,0,3,3,0.000,0.0000,0.4700,0.03216,2.91781,9.5706,0.10570,2.78115,24.4294,0.54710,0.94817,9.5706,0.51051,1.15208,9.5706,0.57840,0.75631,9.5706,0.19725,2.23324,9.5706,0.54710,0.94817,9.5706,0.91720,0.08546,1.4294,0.90247,0.08375,1.4294,0.91720,0.08546,1.4294,0.90247,0.08375,1.4294
18,30,0,2,0,0,1,1,0.000,0.0000,0.4283,0.68455,0.31276,3.0184,0.74640,0.25519,0.9816,0.79257,0.20004,3.0184,0.70636,0.29004,3.0184,0.79583,0.24775,3.0184,0.79257,0.20004,3.0184,0.79257,0.20004,3.0184,0.60521,0.10852,10.9816,0.60521,0.10852,10.9816,0.60521,0.10852,10.9816,0.60521,0.10852,10.9816
18,30,1,2,-1,0,2,2,0.000,0.0000,2.5532,0.38182,2.99102,0.5980,0.16127,2.69670,26.5980,0.38182,2.99102,0.5980,0.38182,2.99102,0.5980,0.38182,2.99102,0.5980,0.38182,2.99102,0.5980,0.38182,2.99102,0.5980,0.82647,0.15107,0.5980,0.81217,0.17785,0.5980,0.29733,3.79686,1.5981,0.29733,3.79686,1.5981
18,30,2,2,0,0,0,0,0.000,0.0000,0.0987,0.00902,2.28335,0.1788,0.01037,2.29262,2.1788,0.93821,0.08006,0.1788,0.80860,0.30588,0.1788,0.81341,0.19027,0.1788,0.23661,1.98203,0.1788,0.93821,0.08006,0.1788,0.56278,0.11860,12.8212,0.56278,0.11860,12.8212,0.56278,0.11860,12.8212,0.56278,0.11860,12.8212
18,30,4,1,0,1,3,3,0.000,0.0000,0.4683,0.01027,3.05567,0.5706,0.06422,3.02259,24.4294,0.65501,1.01473,0.5706,0.58483,1.23965,0.5706,0.72482,0.78987,0.5706,0.17459,2.36446,0.5706,0.88610,0.26611,0.5706,0.89557,0.13533,1.4294,0.89610,0.13373,1.4294,0.89557,0.13533,1.4294,0.89610,0.13373,1.4294
18,31,0,2,0,0,1,1,0.000,0.0000,0.0846,0.77201,0.24790,0.0184,0.78802,0.22555,0.9816,0.76984,0.24759,0.0184,0.77201,0.24790,0.0184,0.70326,0.35233,0.0184,0.76984,0.24759,0.0184,0.76984,0.24759,0.0184,0.60521,0.10852,10.9816,0.60521,0.10852,10.9816,0.60521,0.10852,10.9816,0.60521,0.10852,10.9816
18,31,1,1,-1,0,2,2,0.000,0.0000,1.4607,0.12837,1.85310,0.4020,0.13374,1.98601,26.5980,0.12837,1.85310,0.4020,0.12837,1.85310,0.4020,0.12837,1.85310,0.4020,0.12837,1.85310,0.4020,0.90772,0.09700,0.4020,0.82584,0.15002,0.5980,0.81217,0.17532,0.5980,0.82584,0.15002,0.5980,0.81217,0.17532,0.5980
18,31,2,2,0,0,0,0,0.000,0.0000,0.0816,0.06468,2.15438,0.8212,0.05628,2.18846,2.1788,0.93041,0.09662,0.8212,0.76834,0.33689,0.8212,0.81648,0.15042,0.8212,0.23323,1.96912,0.8212,0.93041,0.09662,0.8212,0.56278,0.11860,12.8212,0.56278,0.11860,12.8212,0.56278,0.11860,12.8212,0.56278,0.11860,12.8212
18,31,4,1,0,1,3,3,0.000,0.0000,0.2957,0.01052,2.91623,0.5706,0.06880,2.90637,24.4294,0.73676,0.73333,0.5706,0.66364,0.95819,0.5706,0.80937,0.50860,0.5706,0.21588,2.08294,0.5706,0.94330,0.03458,0.5706,0.89557,0.13533,1.4294,0.89610,0.13373,1.4294,0.89557,0.13533,1.4294,0.89610,0.13373,1.4294
18,32,0,2,0,0,1,1,0.000,0.0000,0.2117,0.88959,0.10538,0.0184,0.90471,0.08828,0.9816,0.88246,0.10793,0.0184,0.88959,0.10538,0.0184,0.83830,0.26068,0.0184,0.88246,0.10793,0.0184,0.88246,0.10793,0.0184,0.60521,0.10852,10.9816,0.60521,0.10852,10.9816,0.60521,0.10852,10.9816,0.60521,0.10852,10.9816
18,32,1,1,0,0,2,2,0.000,0.0000,0.6242,0.93868,0.09739,0.5980,0.40588,0.77335,26.5980,0.91778,0.09015,0.5980,0.93868,0.09739,0.5980,0.79354,0.31412,0.5980,0.91778,0.09015,0.5980,0.91778,0.09015,0.5980,0.82584,0.15002,0.5980,0.81217,0.17532,0.5980,0.82584,0.15002,0.5980,0.81217,0.17532,0.5980
18,32,4,2,0,1,3,3,0.000,0.0000,0.3836,0.05016,2.91139,14.4294,0.07897,2.86140,24.4294,0.47401,1.11471,14.4294,0.45022,1.30426,14.4294,0.49132,0.94091,14.4294,0.18369,2.34786,14.4294,0.50898,0.66741,14.4294,0.89532,0.13606,1.4294,0.89516,0.13517,1.4294,0.89532,0.13606,1.4294,0.89516,0.13517,1.4294
18,33,0,2,0,0,1,1,0.000,0.0000,0.3331,0.79941,0.19285,0.0184,0.80933,0.18135,0.9816,0.88563,0.10203,0.0184,0.80371,0.18868,0.0184,0.84832,0.25130,0.0184,0.88563,0.10203,0.0184,0.88563,0.10203,0.0184,0.60521,0.10852,10.9816,0.60521,0.10852,10.9816,0.60521,0.10852,10.9816,0.60521,0.10852,10.9816
18,33,1,1,0,0,2,2,0.000,0.0000,0.0764,0.45144,1.14239,7.4020,0.38861,1.23987,26.5980,0.77391,0.13252,7.4020,0.75514,0.27365,7.4020,0.70566,0.24797,7.4020,0.77391,0.13252,7.4020,0.77391,0.13252,7.4020,0.82230,0.14439,0.5980,0.81217,0.16182,0.5980,0.82230,0.14439,0.5980,0.81217,0.16182,0.5980
18,33,2,2,0,0,0,0,0.000,0.0000,0.0690,0.11493,2.03366,0.1788,0.10898,2.05391,2.1788,0.93794,0.08663,0.1788,0.83349,0.31112,0.1788,0.81631,0.17828,0.1788,0.23512,1.98325,0.1788,0.93794,0.08663,0.1788,0.56278,0.11860,12.8212,0.56278,0.11860,12.8212,0.56278,0.11860,12.8212,0.56278,0.11860,12.8212
18,33,4,2,-1,1,3,3,0.000,0.0000,0.2547,0.54010,0.45513,16.4294,0.46506,0.58071,24.4294,0.54010,0.45513,16.4294,0.54010,0.45513,16.4294,0.54010,0.45513,16.4294,0.54010,0.45513,16.4294,0.56467,0.11969,16.4294,0.88438,0.16908,1.4294,0.88438,0.16908,1.4294,0.88438,0.16908,1.4294,0.88438,0.16908,1.4294
18,34,0,2,0,0,1,1,0.000,0.0000,0.5904,0.50603,0.55307,11.0184,0.75933,0.25347,0.9816,0.58843,0.45599,11.0184,0.51208,0.54599,11.0184,0.61987,0.36599,11.0184,0.58843,0.45599,11.0184,0.58843,0.45599,11.0184,0.60521,0.10852,10.9816,0.60521,0.10852,10.9816,0.60521,0.10852,10.9816,0.60521,0.10852,10.9816
18,34,1,1,0,0,2,2,0.000,0.0000,0.4782,0.94830,0.08615,0.5980,0.50967,0.11907,26.5980,0.92286,0.08994,0.5980,0.94830,0.08615,0.5980,0.79354,0.31493,0.5980,0.92286,0.08994,0.5980,0.92286,0.08994,0.5980,0.82230,0.14439,0.5980,0.81217,0.16182,0.5980,0.82230,0.14439,0.5980,0.81217,0.16182,0.5980
18,34,2,2,0,0,0,0,0.000,0.0000,0.0431,0.09938,2.05746,0.8212,0.09145,2.08626,2.1788,0.93921,0.07843,0.8212,0.77978,0.31820,0.8212,0.81647,0.16883,0.8212,0.23614,1.96061,0.8212,0.93921,0.07843,0.8212,0.56278,0.11860,12.8212,0.56278,0.11860,12.8212,0.56278,0.11860,12.8212,0.56278,0.11860,12.8212
18,34,4,2,1,1,3,3,0.000,0.0000,0.3363,0.49440,0.67148,13.5706,0.46338,0.44284,24.4294,0.49440,0.67148,13.5706,0.49440,0.67148,13.5706,0.50185,0.64306,13.5706,0.49440,0.67148,13.5706,0.49440,0.67148,13.5706,0.88784,0.16641,1.4294,0.88785,0.16641,1.4294,0.88784,0.16641,1.4294,0.88785,0.16641,1.4294
18,35,0,2,0,0,1,1,0.000,0.0000,0.5491,0.71609,0.26887,0.0184,0.72889,0.25640,0.9816,0.88439,0.10447,0.0184,0.79559,0.19144,0.0184,0.84832,0.25568,0.0184,0.88439,0.10447,0.0184,0.88439,0.10447,0.0184,0.60521,0.10852,10.9816,0.60521,0.10852,10.9816,0.60521,0.10852,10.9816,0.60521,0.10852,10.9816
18,35,1,1,0,0,2,2,0.000,0.0000,0.7345,0.66235,0.69924,0.4020,0.49255,0.76956,26.5980,0.92149,0.08715,0.4020,0.92186,0.13804,0.4020,0.78034,0.32270,0.4020,0.92149,0.08715,0.4020,0.92149,0.08715,0.4020,0.82230,0.14439,0.5980,0.81217,0.16182,0.5980,0.82230,0.14439,0.5980,0.81217,0.16182,0.5980
18,35,2,2,0,0,0,0,0.000,0.0000,0.0315,0.08172,2.10607,0.1788,0.07536,2.13384,2.1788,0.94136,0.07386,0.1788,0.83873,0.29555,0.1788,0.81388,0.19478,0.1788,0.23768,1.97692,0.1788,0.94136,0.07386,0.1788,0.56278,0.11860,12.8212,0.56278,0.11860,12.8212,0.56278,0.11860,12.8212,0.56278,0.11860,12.8212
18,35,4,2,-1,1,3,3,0.000,0.0000,0.7013,0.38845,0.89743,35.5706,0.46694,0.50945,24.4294,0.38845,0.89743,35.5706,0.38845,0.89743,35.5706,0.38845,0.89743,35.5706,0.38845,0.89743,35.5706,0.37668,0.89794,35.5706,0.87380,0.15122,1.4294,0.87380,0.15122,1.4294,0.87380,0.15122,1.4294,0.87380,0.15122,1.4294
18,36,0,2,0,0,1,1,0.000,0.0000,0.4943,0.66188,0.32481,0.0184,0.67763,0.30902,0.9816,0.87744,0.11127,0.0184,0.79172,0.19785,0.0184,0.84832,0.25543,0.0184,0.87744,0.11127,0.0184,0.87744,0.11127,0.0184,0.60521,0.10852,10.9816,0.60521,0.10852,10.9816,0.60521,0.10852,10.9816,0.60521,0.10852,10.9816
18,36,1,2,-1,0,2,2,0.000,0.0000,0.8896,0.52266,0.74908,0.4020,0.46231,0.84564,26.5980,0.52266,0.74908,0.4020,0.52266,0.74908,0.4020,0.52266,0.74908,0.4020,0.52266,0.74908,0.4020,0.66193,0.27085,0.4020,0.79996,0.16964,0.5980,0.79010,0.18471,0.5980,0.79996,0.16964,0.5980,0.79010,0.18471,0.5980
18,36,2,2,0,0,0,0,0.000,0.0000,0.0248,0.09305,2.09483,1.8212,0.08037,2.13515,2.1788,0.91021,0.09771,1.8212,0.80505,0.32262,1.8212,0.81632,0.14480,1.8212,0.23423,1.94567,1.8212,0.91021,0.09771,1.8212,0.56278,0.11860,12.8212,0.56278,0.11860,12.8212,0.56278,0.11860,12.8212,0.56278,0.11860,12.8212
18,36,4,2,1,1,3,3,0.000,0.0000,1.0409,0.31181,1.10159,19.5706,0.44426,0.60820,24.4294,0.31181,1.10159,19.5706,0.31181,1.10159,19.5706,0.29667,1.12430,19.5706,0.31181,1.10159,19.5706,0.31181,1.10159,19.5706,0.86638,0.15733,1.4294,0.86638,0.15733,1.4294,0.86638,0.15733,1.4294,0.86638,0.15733,1.4294
19,0,0,2,0,0,1,1,0.000,0.0000,0.0000,0.86535,0.15450,0.0249,0.41947,0.73117,42.9751,0.95304,0.01714,0.0249,0.86535,0.15450,0.0249,0.78763,0.25109,0.0249,0.95304,0.01714,0.0249,0.95304,0.01714,0.0249,0.86535,0.15450,0.0249,0.95304,0.01714,0.0249,0.86535,0.15450,0.0249,0.95304,0.01714,0.0249
19,0,1,2,0,0,2,2,0.000,0.0000,0.0000,0.11771,1.94177,1.1534,0.10473,1.99058,5.1534,0.89971,0.06849,1.1534,0.86848,0.21499,1.1534,0.74577,0.28305,1.1534,0.23750,1.95079,1.1534,0.89971,0.06849,1.1534,0.11771,1.94176,1.1534,0.89971,0.06850,1.1534,0.11771,1.94176,1.1534,0.89971,0.06850,1.1534
19,0,2,2,-1,0,0,0,0.000,0.0000,0.0000,0.45458,0.58870,32.2293,0.60010,0.34974,14.2293,0.45458,0.58870,32.2293,0.45458,0.58870,32.2293,0.45458,0.58870,32.2293,0.45458,0.58870,32.2293,0.45458,0.58870,32.2293,0.69381,0.26167,7.7707,0.69381,0.26167,7.7707,0.69381,0.26167,7.7707,0.69381,0.26167,7.7707
19,0,4,2,-1,1,3,3,0.000,0.0000,0.0000,0.88526,0.12381,0.0993,0.38751,0.92915,31.0993,0.88526,0.12381,0.0993,0.88526,0.12381,0.0993,0.88526,0.12381,0.0993,0.88526,0.12381,0.0993,0.90381,0.10806,0.0993,0.88526,0.12381,0.0993,0.90381,0.10806,0.0993,0.88526,0.12381,0.0993,0.90381,0.10806,0.0993
19,1,0,2,0,0,1,1,0.000,0.0000,0.5704,0.87343,0.15368,1.9751,0.45605,0.61727,42.9751,0.91420,0.06642,1.9751,0.87342,0.15368,1.9751,0.78763,0.18888,1.9751,0.91420,0.06642,1.9751,0.91420,0.06642,1.9751,0.16661,0.74802,0.0249,0.95304,0.01730,0.0249,0.16661,0.74802,0.0249,0.95304,0.01730,0.0249
19,1,1,2,0,0,2,2,0.000,0.0000,0.2002,0.01013,2.18787,1.1534,0.01959,2.19423,5.1534,0.87760,0.09209,1.1534,0.86707,0.21123,1.1534,0.72890,0.30043,1.1534,0.23472,1.96435,1.1534,0.87760,0.09209,1.1534,0.00763,2.17738,0.8466,0.74662,0.23658,0.8466,0.00763,2.17738,0.8466,0.74662,0.23658,0.8466
19,1,2,2,-1,0,0,0,0.000,0.0000,7.8264,0.46107,0.79834,14.2293,0.46107,0.79834,14.2293,0.46107,0.79834,14.2293,0.46107,0.79834,14.2293,0.46107,0.79834,14.2293,0.46107,0.79834,14.2293,0.46107,0.79834,14.2293,0.85087,0.14027,2.2293,0.85087,0.14027,2.2293,0.85087,0.14027,2.2293,0.85087,0.14027,2.2293
19,1,4,2,-1,1,3,3,0.000,0.0000,0.5515,0.83749,0.19078,0.0993,0.38656,0.95946,31.0993,0.83749,0.19078,0.0993,0.83749,0.19078,0.0993,0.83749,0.19078,0.0993,0.83749,0.19078,0.0993,0.89154,0.15519,0.0993,0.55763,0.83734,0.0993,0.88448,0.16469,0.0993,0.55763,0.83734,0.0993,0.88448,0.16469,0.0993
19,2,0,2,0,0,1,1,0.000,0.0000,0.0613,0.94351,0.05311,0.0249,0.43704,0.68273,42.9751,0.95304,0.00432,0.0249,0.94351,0.05311,0.0249,0.78763,0.24423,0.0249,0.95304,0.00432,0.0249,0.95304,0.00432,0.0249,0.15660,0.82691,0.9751,0.95089,0.00243,0.9751,0.15660,0.82691,0.9751,0.95089,0.00243,0.9751
19,2,1,2,0,0,2,2,0.000,0.0000,0.1869,0.06444,2.07132,2.1534,0.05402,2.11235,5.1534,0.86281,0.10593,2.1534,0.84697,0.22837,2.1534,0.71756,0.30095,2.1534,0.23393,1.98310,2.1534,0.86281,0.10593,2.1534,0.00534,2.18106,0.8466,0.74582,0.23857,0.8466,0.00534,2.18106,0.8466,0.74582,0.23857,0.8466
19,2,2,2,-1,0,0,0,0.000,0.0000,1.7957,0.59356,0.21742,17.2293,0.62501,0.19992,14.2293,0.59356,0.21742,17.2293,0.59356,0.21742,17.2293,0.59356,0.21742,17.2293,0.59356,0.21742,17.2293,0.59356,0.21742,17.2293,0.93171,0.06567,0.2293,0.93171,0.06567,0.2293,0.93171,0.06567,0.2293,0.93171,0.06567,0.2293
19,2,4,2,-1,1,3,3,0.000,0.0000,0.1345,0.85438,0.14865,0.0993,0.39061,0.91503,31.0993,0.85438,0.14865,0.0993,0.85438,0.14865,0.0993,0.85438,0.14865,0.0993,0.85438,0.14865,0.0993,0.91746,0.08641,0.0993,0.89254,0.11068,0.0993,0.91125,0.09272,0.0993,0.89254,0.11068,0.0993,0.91125,0.09272,0.0993
19,3,0,2,0,0,1,1,0.000,0.0000,0.0703,0.93404,0.08943,0.0249,0.43685,0.68211,42.9751,0.95304,0.00673,0.0249,0.93404,0.08943,0.0249,0.78763,0.24491,0.0249,0.95304,0.00673,0.0249,0.95304,0.00673,0.0249,0.83665,0.19036,0.9751,0.95030,0.00694,0.9751,0.83665,0.19036,0.9751,0.95030,0.00694,0.9751
19,3,1,2,0,0,2,2,0.000,0.0000,0.1365,0.01025,2.19539,1.1534,0.02256,2.18602,5.1534,0.86220,0.10665,1.1534,0.85460,0.22898,1.1534,0.71710,0.29839,1.1534,0.22952,1.98642,1.1534,0.86220,0.10665,1.1534,0.00805,2.18303,0.8466,0.80090,0.17478,0.8466,0.00805,2.18303,0.8466,0.80090,0.17478,0.8466
19,3,2,2,-1,0,0,0,0.000,0.0000,1.4997,0.73765,0.15596,7.2293,0.61636,0.20844,14.2293,0.73765,0.15596,7.2293,0.73765,0.15596,7.2293,0.73765,0.15596,7.2293,0.73765,0.15596,7.2293,0.73765,0.15596,7.2293,0.94402,0.06411,0.7707,0.94402,0.06411,0.7707,0.94402,0.06411,0.7707,0.94402,0.06411,0.7707
19,3,4,2,-1,1,3,3,0.000,0.0000,0.2054,0.93848,0.13251,0.0993,0.38686,0.93770,31.0993,0.93848,0.13251,0.0993,0.93848,0.13251,0.0993,0.93848,0.13251,0.0993,0.93848,0.13251,0.0993,0.93848,0.13251,0.0993,0.14015,2.55473,1.0993,0.19870,2.85666,1.0993,0.14015,2.55473,1.0993,0.19870,2.85666,1.0993
19,4,0,2,-1,0,1,1,0.000,0.0000,1.1913,0.38780,0.81542,33.9751,0.42373,0.72630,42.9751,0.38780,0.81542,33.9751,0.38780,0.81542,33.9751,0.38780,0.81542,33.9751,0.38780,0.81542,33.9751,0.44049,0.62184,33.9751,0.87482,0.12598,0.0249,0.95304,0.01714,0.0249,0.87482,0.12598,0.0249,0.95304,0.01714,0.0249
19,4,1,2,0,0,2,2,0.000,0.0000,0.0550,0.06575,2.06284,0.1534,0.04902,2.12619,5.1534,0.93216,0.03633,0.1534,0.88275,0.21277,0.1534,0.77041,0.26847,0.1534,0.23930,1.92409,0.1534,0.93216,0.03633,0.1534,0.00875,2.18272,0.1534,0.84683,0.12617,0.1534,0.00875,2.18272,0.1534,0.84683,0.12617,0.1534
19,4,2,2,-1,0,0,0,0.000,0.0000,2.5372,0.48889,1.18227,1.2293,0.32376,0.97419,14.2293,0.48889,1.18227,1.2293,0.48889,1.18227,1.2293,0.48889,1.18227,1.2293,0.48889,1.18227,1.2293,0.48889,1.18227,1.2293,0.92925,0.06810,0.2293,0.92925,0.06810,0.2293,0.92925,0.06810,0.2293,0.92925,0.06810,0.2293
19,4,4,2,-1,1,3,3,0.000,0.0000,0.1854,0.96099,0.07039,0.0993,0.39241,0.88805,31.0993,0.96099,0.07039,0.0993,0.96099,0.07039,0.0993,0.96099,0.07039,0.0993,0.96099,0.07039,0.0993,0.96099,0.07039,0.0993,0.71918,0.28680,0.0993,0.92766,0.08591,0.0993,0.71918,0.28680,0.0993,0.92766,0.08591,0.0993
19,5,0,2,0,0,1,1,0.000,0.0000,0.4856,0.91926,0.09205,0.0249,0.42471,0.71790,42.9751,0.95304,0.00899,0.0249,0.91926,0.09205,0.0249,0.78763,0.24665,0.0249,0.95304,0.00899,0.0249,0.95304,0.00899,0.0249,0.87491,0.12581,0.0249,0.95304,0.01714,0.0249,0.87491,0.12581,0.0249,0.95304,0.01714,0.0249
19,5,1,2,0,0,2,2,0.000,0.0000,0.0766,0.01280,2.17975,0.1534,0.02061,2.19167,5.1534,0.91758,0.05427,0.1534,0.86594,0.20785,0.1534,0.75936,0.28146,0.1534,0.23832,1.93271,0.1534,0.91758,0.05427,0.1534,0.00951,2.18623,1.1534,0.87269,0.09824,1.1534,0.00951,2.18623,1.1534,0.87269,0.09824,1.1534
19,5,2,1,0,0,0,0,0.000,0.0000,1.0061,0.18124,0.94278,9.2293,0.25011,0.93224,14.2293,0.58717,0.46929,9.2293,0.51271,0.55758,9.2293,0.65540,0.38181,9.2293,0.58717,0.46929,9.2293,0.58717,0.46929,9.2293,0.85252,0.11658,1.7707,0.85252,0.11658,1.7707,0.85252,0.11658,1.7707,0.85252,0.11658,1.7707
19,5,4,2,-1,1,3,3,0.000,0.0000,0.1757,0.96490,0.03636,0.0993,0.38863,0.89194,31.0993,0.96490,0.03636,0.0993,0.96490,0.03636,0.0993,0.96490,0.03636,0.0993,0.96490,0.03636,0.0993,0.96490,0.03636,0.0993,0.71916,0.28681,0.0993,0.92763,0.08594,0.0993,0.71916,0.28681,0.0993,0.92763,0.08594,0.0993
19,6,0,2,0,0,1,1,0.000,0.0000,0.2529,0.90387,0.07209,2.0249,0.42622,0.70229,42.9751,0.89525,0.07969,2.0249,0.90387,0.07208,2.0249,0.78624,0.26241,2.0249,0.89525,0.07969,2.0249,0.89525,0.07969,2.0249,0.87491,0.12581,0.0249,0.95304,0.01714,0.0249,0.87491,0.12581,0.0249,0.95304,0.01714,0.0249
19,6,1,2,0,0,2,2,0.000,0.0000,0.1651,0.09062,2.00056,1.8466,0.06943,2.06857,5.1534,0.91843,0.03149,1.8466,0.79619,0.24069,1.8466,0.77070,0.24650,1.8466,0.23930,1.87950,1.8466,0.91843,0.03149,1.8466,0.01194,2.18489,2.1534,0.83609,0.13505,2.1534,0.01194,2.18489,2.1534,0.83609,0.13505,2.1534
19,6,2,1,0,0,0,0,0.000,0.0000,0.4340,0.08231,0.97156,3.2293,0.24135,0.95075,14.2293,0.73273,0.27645,3.2293,0.64990,0.36582,3.2293,0.80360,0.18767,3.2293,0.73273,0.27645,3.2293,0.73273,0.27645,3.2293,0.77881,0.10624,5.7707,0.77881,0.10624,5.7707,0.77881,0.10624,5.7707,0.77881,0.10624,5.7707
19,6,4,2,-1,1,3,3,0.000,0.0000,0.1053,0.93098,0.14767,0.0993,0.38588,0.94772,31.0993,0.93098,0.14767,0.0993,0.93098,0.14767,0.0993,0.93098,0.14767,0.0993,0.93098,0.14767,0.0993,0.93098,0.14767,0.0993,0.71460,0.29347,0.0993,0.91542,0.09532,0.0993,0.71460,0.29347,0.0993,0.91542,0.09532,0.0993
19,7,0,2,0,0,1,1,0.000,0.0000,0.1700,0.01452,0.94962,0.0249,0.35522,0.88061,42.9751,0.83948,0.13867,0.0249,0.72440,0.25753,0.0249,0.78763,0.22692,0.0249,0.83948,0.13867,0.0249,0.83948,0.13867,0.0249,0.88279,0.11085,0.0249,0.95304,0.01714,0.0249,0.88279,0.11085,0.0249,0.95304,0.01714,0.0249
19,7,1,2,0,0,2,2,0.000,0.0000,0.1279,0.03741,2.12658,0.1534,0.02253,2.18459,5.1534,0.93061,0.04026,0.1534,0.88798,0.21044,0.1534,0.76924,0.27174,0.1534,0.23962,1.92530,0.1534,0.93061,0.04026,0.1534,0.01137,2.18826,1.1534,0.87269,0.09627,1.1534,0.01137,2.18826,1.1534,0.87269,0.09627,1.1534
19,7,2,1,0,0,0,0,0.000,0.0000,0.0546,0.02669,1.11694,0.2293,0.22588,1.03813,14.2293,0.60383,0.45187,0.2293,0.52585,0.54184,0.2293,0.66680,0.36192,0.2293,0.60383,0.45187,0.2293,0.60383,0.45187,0.2293,0.77881,0.10624,5.7707,0.77881,0.10624,5.7707,0.77881,0.10624,5.7707,0.77881,0.10624,5.7707
19,7,4,2,-1,1,3,3,0.000,0.0000,0.0569,0.83495,0.19342,0.0993,0.38864,0.94748,31.0993,0.83495,0.19342,0.0993,0.83495,0.19342,0.0993,0.83495,0.19342,0.0993,0.83495,0.19342,0.0993,0.88086,0.16140,0.0993,0.71460,0.29347,0.0993,0.91542,0.09532,0.0993,0.71460,0.29347,0.0993,0.91542,0.09532,0.0993
19,8,0,2,-1,-1,-1,-1,0.000,-1.0000,-1.0000,0.00776,1.97555,0.0249,0.24318,1.91514,42.9751,0.00776,1.97555,0.0249,0.00776,1.97555,0.0249,0.00776,1.97555,0.0249,0.00776,1.97555,0.0249,0.00776,1.97555,0.0249,0.00776,1.97555,0.0249,0.00776,1.97555,0.0249,0.00776,1.97555,0.0249,0.00776,1.97555,0.0249
19,8,1,2,0,0,2,2,0.000,0.0000,0.1607,0.01188,2.18874,1.8466,0.02366,2.19260,5.1534,0.91211,0.04200,1.8466,0.78767,0.24955,1.8466,0.77078,0.23794,1.8466,0.23837,1.87459,1.8466,0.91211,0.04200,1.8466,0.01073,2.19189,0.1534,0.91654,0.05217,0.1534,0.01073,2.19189,0.1534,0.91654,0.05217,0.1534
19,8,2,1,0,0,0,0,0.000,0.0000,0.1391,0.03748,1.02115,0.7707,0.24262,0.98760,14.2293,0.73387,0.27862,0.7707,0.65001,0.36850,0.7707,0.79932,0.18886,0.7707,0.73387,0.27862,0.7707,0.73387,0.27862,0.7707,0.77881,0.10624,5.7707,0.77881,0.10624,5.7707,0.77881,0.10624,5.7707,0.77881,0.10624,5.7707
19,8,4,2,-1,1,3,3,0.000,0.0000,0.0663,0.87691,0.16322,0.0993,0.38829,0.94606,31.0993,0.87691,0.16322,0.0993,0.87691,0.16322,0.0993,0.87691,0.16322,0.0993,0.87691,0.16322,0.0993,0.88668,0.15753,0.0993,0.71336,0.29520,0.0993,0.91330,0.10033,0.0993,0.71336,0.29520,0.0993,0.91330,0.10033,0.0993
19,9,0,2,0,-1,-1,-1,0.000,-1.0000,-1.0000,0.00986,1.09334,0.0249,0.33780,0.88017,42.9751,0.54926,0.51467,0.0249,0.49359,0.52540,0.0249,0.56989,0.60996,0.0249,0.54926,0.51467,0.0249,0.00986,1.09334,0.0249,0.00986,1.09334,0.0249,0.00986,1.09334,0.0249,0.00986,1.09334,0.0249,0.00986,1.09334,0.0249
19,9,1,2,0,0,2,2,0.000,0.0000,0.1345,0.11417,1.95271,0.8466,0.09592,2.01183,5.1534,0.93261,0.00625,0.8466,0.83048,0.23494,0.8466,0.77075,0.24574,0.8466,0.23724,1.91273,0.8466,0.93261,0.00625,0.8466,0.01264,2.18544,1.1534,0.87760,0.09129,1.1534,0.01264,2.18544,1.1534,0.87760,0.09129,1.1534
19,9,2,1,0,0,0,0,0.000,0.0000,0.2250,0.50456,0.52407,4.7707,0.61136,0.44105,14.2293,0.72441,0.28518,4.7707,0.64285,0.37413,4.7707,0.79375,0.19719,4.7707,0.72441,0.28518,4.7707,0.72441,0.28518,4.7707,0.77881,0.10624,5.7707,0.77881,0.10624,5.7707,0.77881,0.10624,5.7707,0.77881,0.10624,5.7707
19,9,4,2,-1,1,3,3,0.000,0.0000,0.0853,0.89383,0.16892,0.0993,0.38035,0.98473,31.0993,0.89383,0.16892,0.0993,0.89383,0.16892,0.0993,0.89383,0.16892,0.0993,0.89383,0.16892,0.0993,0.89383,0.16892,0.0993,0.84133,0.16534,0.0993,0.89988,0.11143,0.0993,0.84133,0.16534,0.0993,0.89988,0.11143,0.0993
19,10,1,2,0,-1,-1,-1,0.000,-1.0000,-1.0000,0.21522,1.71042,0.8466,0.19772,1.78216,5.1534,0.93258,0.01916,0.8466,0.83874,0.21843,0.8466,0.77073,0.26150,0.8466,0.24006,1.90154,0.8466,0.21522,1.71042,0.8466,0.21522,1.71042,0.8466,0.21522,1.71042,0.8466,0.21522,1.71042,0.8466,0.21522,1.71042,0.8466
19,10,2,2,0,0,0,0,0.000,0.0000,0.2980,0.29637,0.91193,17.7707,0.56871,0.52192,14.2293,0.40132,0.77505,17.7707,0.33324,0.86420,17.7707,0.46586,0.68612,17.7707,0.40132,0.77505,17.7707,0.40132,0.77505,17.7707,0.85046,0.11872,1.7707,0.85046,0.11872,1.7707,0.85046,0.11872,1.7707,0.85046,0.11872,1.7707
19,10,4,2,-1,1,3,3,0.000,0.0000,0.0321,0.56025,0.46111,0.0993,0.39562,0.93447,31.0993,0.56025,0.46111,0.0993,0.56025,0.46111,0.0993,0.56025,0.46111,0.0993,0.56025,0.46111,0.0993,0.91429,0.08971,0.0993,0.84133,0.16534,0.0993,0.89988,0.11143,0.0993,0.84133,0.16534,0.0993,0.89988,0.11143,0.0993
19,11,0,2,0,-1,-1,-1,0.000,-1.0000,-1.0000,0.00821,2.48584,1.0249,0.04489,2.43200,42.9751,0.61047,0.60397,1.0249,0.58857,0.79517,1.0249,0.62007,0.46336,1.0249,0.12978,2.47859,1.0249,0.00821,2.48584,1.0249,0.00821,2.48584,1.0249,0.00821,2.48584,1.0249,0.00821,2.48584,1.0249,0.00821,2.48584,1.0249
19,11,1,2,0,0,2,2,0.000,0.0000,0.0935,0.32937,1.47421,1.1534,0.30950,1.53012,5.1534,0.93071,0.01554,1.1534,0.87485,0.21370,1.1534,0.76931,0.25686,1.1534,0.23897,1.90876,1.1534,0.93071,0.01554,1.1534,0.01264,2.18544,1.1534,0.87760,0.09129,1.1534,0.01264,2.18544,1.1534,0.87760,0.09129,1.1534
19,11,2,2,0,0,0,0,0.000,0.0000,0.2130,0.77646,0.24406,0.2293,0.59043,0.28210,14.2293,0.77646,0.24406,0.2293,0.77646,0.24406,0.2293,0.75903,0.25261,0.2293,0.77646,0.24406,0.2293,0.77646,0.24406,0.2293,0.85046,0.11872,1.7707,0.85046,0.11872,1.7707,0.85046,0.11872,1.7707,0.85046,0.11872,1.7707
19,11,4,2,-1,1,3,3,0.000,0.0000,0.7654,0.17724,1.50495,9.0993,0.30619,1.65028,31.0993,0.17724,1.50495,9.0993,0.17724,1.50495,9.0993,0.17724,1.50495,9.0993,0.17724,1.50495,9.0993,0.46120,1.22356,9.0993,0.84107,0.16582,0.0993,0.89959,0.11214,0.0993,0.84107,0.16582,0.0993,0.89959,0.11214,0.0993
19,12,0,2,0,0,1,1,0.000,0.0000,0.4650,0.00880,2.38908,0.0249,0.06117,2.33775,42.9751,0.67412,0.42502,0.0249,0.65832,0.60371,0.0249,0.64515,0.33804,0.0249,0.15859,2.32357,0.0249,0.67412,0.42502,0.0249,0.88279,0.11085,0.0249,0.95304,0.01714,0.0249,0.88279,0.11085,0.0249,0.95304,0.01714,0.0249
19,12,1,2,0,0,2,2,0.000,0.0000,0.0554,0.43065,1.22708,0.1534,0.40785,1.29699,5.1534,0.93264,0.03081,0.1534,0.86895,0.22279,0.1534,0.77078,0.25904,0.1534,0.93264,0.03081,0.1534,0.93264,0.03081,0.1534,0.12430,1.93505,0.8466,0.93228,0.01091,0.8466,0.12430,1.93505,0.8466,0.93228,0.01091,0.8466
19,12,2,2,-1,0,0,0,0.000,0.0000,0.4133,0.64082,0.48656,0.2293,0.52772,0.27408,14.2293,0.64082,0.48656,0.2293,0.64082,0.48656,0.2293,0.64082,0.48656,0.2293,0.64082,0.48656,0.2293,0.64082,0.48656,0.2293,0.85046,0.11872,1.7707,0.85046,0.11872,1.7707,0.85046,0.11872,1.7707,0.85046,0.11872,1.7707
19,12,4,2,-1,1,3,3,0.000,0.0000,0.5202,0.35647,0.68052,0.0993,0.39399,0.95424,31.0993,0.35647,0.68052,0.0993,0.35647,0.68052,0.0993,0.35647,0.68052,0.0993,0.35647,0.68052,0.0993,0.91941,0.08191,0.0993,0.84107,0.16582,0.0993,0.89959,0.11214,0.0993,0.84107,0.16582,0.0993,0.89959,0.11214,0.0993
19,13,0,2,-1,0,1,1,0.000,0.0000,0.3644,0.41251,1.23093,11.0249,0.27436,1.62247,42.9751,0.41251,1.23093,11.0249,0.41251,1.23093,11.0249,0.41251,1.23093,11.0249,0.41251,1.23093,11.0249,0.66223,0.29492,11.0249,0.88118,0.11404,0.0249,0.95304,0.01178,0.0249,0.88118,0.11404,0.0249,0.95304,0.01178,0.0249
19,13,1,2,-1,0,2,2,0.000,0.0000,0.0359,0.53153,0.74598,1.1534,0.52380,0.81794,5.1534,0.53153,0.74598,1.1534,0.53153,0.74598,1.1534,0.53153,0.74598,1.1534,0.53153,0.74598,1.1534,0.70395,0.14498,1.1534,0.32880,1.46555,0.8466,0.93262,0.00594,0.8466,0.32880,1.46555,0.8466,0.93262,0.00594,0.8466
19,13,2,2,0,0,0,0,0.000,0.0000,0.2947,0.67275,0.34559,6.7707,0.57127,0.29163,14.2293,0.67275,0.34559,6.7707,0.67275,0.34559,6.7707,0.73425,0.27057,6.7707,0.67275,0.34559,6.7707,0.67275,0.34559,6.7707,0.86153,0.13385,0.7707,0.86153,0.13385,0.7707,0.86153,0.13385,0.7707,0.86153,0.13385,0.7707
19,13,4,2,-1,1,3,3,0.000,0.0000,0.5130,0.21412,1.04073,11.0993,0.36629,1.03711,31.0993,0.21412,1.04073,11.0993,0.21412,1.04073,11.0993,0.21412,1.04073,11.0993,0.21412,1.04073,11.0993,0.52926,0.60965,11.0993,0.84107,0.16582,0.0993,0.89959,0.11214,0.0993,0.84107,0.16582,0.0993,0.89959,0.11214,0.0993
19,14,0,2,-1,0,1,1,0.000,0.0000,0.3291,0.68171,0.26773,7.9751,0.39175,0.71240,42.9751,0.68171,0.26773,7.9751,0.68171,0.26773,7.9751,0.68171,0.26773,7.9751,0.68171,0.26773,7.9751,0.69226,0.22651,7.9751,0.83440,0.22446,1.9751,0.83440,0.22446,1.9751,0.83440,0.22446,1.9751,0.83440,0.22446,1.9751
19,14,1,2,0,0,2,2,0.000,0.0000,0.0321,0.69046,0.54158,4.1534,0.67272,0.55292,5.1534,0.85579,0.03897,4.1534,0.79188,0.26182,4.1534,0.76586,0.19142,4.1534,0.85579,0.03897,4.1534,0.85579,0.03897,4.1534,0.42975,1.24072,0.1534,0.93264,0.02925,0.1534,0.42975,1.24072,0.1534,0.93264,0.02925,0.1534
19,14,2,2,0,0,0,0,0.000,0.0000,0.2547,0.89619,0.09431,1.7707,0.59362,0.23552,14.2293,0.89619,0.09431,1.7707,0.89619,0.09431,1.7707,0.89466,0.07967,1.7707,0.89619,0.09431,1.7707,0.89619,0.09431,1.7707,0.86089,0.13355,0.7707,0.86089,0.13355,0.7707,0.86089,0.13355,0.7707,0.86089,0.13355,0.7707
19,14,4,2,-1,1,3,3,0.000,0.0000,0.5009,0.07520,1.17938,3.0993,0.36986,1.02832,31.0993,0.07520,1.17938,3.0993,0.07520,1.17938,3.0993,0.07520,1.17938,3.0993,0.07520,1.17938,3.0993,0.59116,0.50829,3.0993,0.84107,0.16582,0.0993,0.89959,0.11214,0.0993,0.84107,0.16582,0.0993,0.89959,0.11214,0.0993
19,15,0,1,0,0,1,1,0.000,0.0000,0.2575,0.22229,1.72367,0.0249,0.24711,1.81457,42.9751,0.81754,0.17517,0.0249,0.75231,0.30408,0.0249,0.74360,0.26486,0.0249,0.23683,1.38569,0.0249,0.81754,0.17517,0.0249,0.83440,0.22446,1.9751,0.83440,0.22446,1.9751,0.83440,0.22446,1.9751,0.83440,0.22446,1.9751
19,15,1,2,0,0,2,2,0.000,0.0000,0.0927,0.75075,0.30216,1.1534,0.71889,0.31852,5.1534,0.81365,0.15753,1.1534,0.75849,0.28256,1.1534,0.74007,0.26653,1.1534,0.81365,0.15753,1.1534,0.81365,0.15753,1.1534,0.63844,0.72069,1.8466,0.91477,0.03631,1.8466,0.63844,0.72069,1.8466,0.91477,0.03631,1.8466
19,15,2,2,-1,0,0,0,0.000,0.0000,0.2824,0.80040,0.10997,4.2293,0.59022,0.26450,14.2293,0.80040,0.10997,4.2293,0.80040,0.10997,4.2293,0.80040,0.10997,4.2293,0.80040,0.10997,4.2293,0.80040,0.10997,4.2293,0.81521,0.19248,0.7707,0.81521,0.19248,0.7707,0.81521,0.19248,0.7707,0.81521,0.19248,0.7707
19,15,4,2,-1,1,3,3,0.000,0.0000,0.2697,0.13194,0.92364,0.0993,0.38059,0.99794,31.0993,0.13194,0.92364,0.0993,0.13194,0.92364,0.0993,0.13194,0.92364,0.0993,0.13194,0.92364,0.0993,0.91329,0.08848,0.0993,0.84107,0.16582,0.0993,0.89959,0.11214,0.0993,0.84107,0.16582,0.0993,0.89959,0.11214,0.0993
19,16,0,1,0,0,1,1,0.000,0.0000,0.1682,0.28159,1.60925,0.0249,0.29766,1.65384,42.9751,0.95304,0.02513,0.0249,0.88614,0.25013,0.0249,0.78763,0.19987,0.0249,0.23678,1.37513,0.0249,0.95304,0.02513,0.0249,0.83375,0.22443,1.9751,0.83375,0.22443,1.9751,0.83375,0.22443,1.9751,0.83375,0.22443,1.9751
19,16,1,2,-1,0,2,2,0.000,0.0000,0.0403,0.63267,0.31419,0.1534,0.59358,0.39330,5.1534,0.63267,0.31419,0.1534,0.63267,0.31419,0.1534,0.63267,0.31419,0.1534,0.63267,0.31419,0.1534,0.67090,0.19490,0.1534,0.73101,0.48587,1.8466,0.91477,0.03631,1.8466,0.73101,0.48587,1.8466,0.91477,0.03631,1.8466
19,16,2,2,-1,0,0,0,0.000,0.0000,0.3504,0.83978,0.10422,3.2293,0.58679,0.27413,14.2293,0.83978,0.10422,3.2293,0.83978,0.10422,3.2293,0.83978,0.10422,3.2293,0.83978,0.10422,3.2293,0.83978,0.10422,3.2293,0.81384,0.19209,0.7707,0.81384,0.19209,0.7707,0.81384,0.19209,0.7707,0.81384,0.19209,0.7707
19,16,4,2,-1,1,3,3,0.000,0.0000,0.1186,0.01049,1.06453,0.0993,0.36099,1.05131,31.0993,0.01049,1.06453,0.0993,0.01049,1.06453,0.0993,0.01049,1.06453,0.0993,0.01049,1.06453,0.0993,0.88413,0.12519,0.0993,0.84107,0.16582,0.0993,0.89959,0.11214,0.0993,0.84107,0.16582,0.0993,0.89959,0.11214,0.0993
19,17,0,1,-1,0,1,1,0.000,0.0000,0.1328,0.44283,1.23866,0.9751,0.38341,1.31505,42.9751,0.44283,1.23866,0.9751,0.44283,1.23866,0.9751,0.44283,1.23866,0.9751,0.44283,1.23866,0.9751,0.94312,0.02972,0.9751,0.83375,0.22443,1.9751,0.83375,0.22443,1.9751,0.83375,0.22443,1.9751,0.83375,0.22443,1.9751
19,17,1,2,0,0,2,2,0.000,0.0000,0.0467,0.81164,0.23225,2.8466,0.72440,0.27128,5.1534,0.88072,0.08774,2.8466,0.81164,0.23225,2.8466,0.77078,0.18246,2.8466,0.88072,0.08774,2.8466,0.88072,0.08774,2.8466,0.73101,0.48587,1.8466,0.91477,0.03631,1.8466,0.73101,0.48587,1.8466,0.91477,0.03631,1.8466
19,17,2,2,0,0,0,0,0.000,0.0000,0.3841,0.96278,0.02484,0.2293,0.59499,0.23300,14.2293,0.96278,0.02484,0.2293,0.96278,0.02484,0.2293,0.92407,0.04383,0.2293,0.96278,0.02484,0.2293,0.96278,0.02484,0.2293,0.81384,0.19209,0.7707,0.81384,0.19209,0.7707,0.81384,0.19209,0.7707,0.81384,0.19209,0.7707
19,17,4,2,-1,1,3,3,0.000,0.0000,0.0312,0.01316,1.05594,0.0993,0.35218,1.06133,31.0993,0.01316,1.05594,0.0993,0.01316,1.05594,0.0993,0.01316,1.05594,0.0993,0.01316,1.05594,0.0993,0.88328,0.15879,0.0993,0.84107,0.16582,0.0993,0.89959,0.11214,0.0993,0.84107,0.16582,0.0993,0.89959,0.11214,0.0993
19,18,0,2,0,0,1,1,0.000,0.0000,0.1202,0.92626,0.11734,0.0249,0.44935,0.33711,42.9751,0.95304,0.00519,0.0249,0.92626,0.11734,0.0249,0.78763,0.23899,0.0249,0.95304,0.00519,0.0249,0.95304,0.00519,0.0249,0.83375,0.22443,1.9751,0.83375,0.22443,1.9751,0.83375,0.22443,1.9751,0.83375,0.22443,1.9751
19,18,1,2,-1,0,2,2,0.000,0.0000,0.2054,0.59412,0.40847,7.1534,0.61248,0.42910,5.1534,0.59412,0.40847,7.1534,0.59412,0.40847,7.1534,0.59412,0.40847,7.1534,0.59412,0.40847,7.1534,0.59412,0.40848,7.1534,0.73132,0.48509,1.8466,0.91477,0.03631,1.8466,0.73132,0.48509,1.8466,0.91477,0.03631,1.8466
19,18,2,2,0,-1,-1,-1,0.000,-1.0000,-1.0000,0.29988,1.68428,0.2293,0.23351,1.89984,14.2293,0.24161,1.99274,0.2293,0.23766,1.93157,0.2293,0.24232,2.08051,0.2293,0.24161,1.99274,0.2293,0.29988,1.68428,0.2293,0.29988,1.68428,0.2293,0.29988,1.68428,0.2293,0.29988,1.68428,0.2293,0.29988,1.68428,0.2293
19,18,4,2,0,1,3,3,0.000,0.0000,0.3357,0.01016,1.06551,0.0993,0.31503,1.06418,31.0993,0.70429,0.26880,0.0993,0.63270,0.33388,0.0993,0.77589,0.22188,0.0993,0.70429,0.26880,0.0993,0.77498,0.57964,0.0993,0.84107,0.16582,0.0993,0.89959,0.11214,0.0993,0.84107,0.16582,0.0993,0.89959,0.11214,0.0993
19,19,0,2,0,0,1,1,0.000,0.0000,0.2921,0.75509,0.28368,0.0249,0.40145,0.36165,42.9751,0.75509,0.28368,0.0249,0.75509,0.28368,0.0249,0.74917,0.30007,0.0249,0.75509,0.28368,0.0249,0.75509,0.28368,0.0249,0.83283,0.22439,1.9751,0.83283,0.22439,1.9751,0.83283,0.22439,1.9751,0.83283,0.22439,1.9751
19,19,1,2,-1,0,2,2,0.000,0.0000,0.2045,0.59569,0.12579,10.1534,0.64916,0.16371,5.1534,0.59569,0.12579,10.1534,0.59569,0.12579,10.1534,0.59569,0.12579,10.1534,0.59569,0.12579,10.1534,0.59569,0.12579,10.1534,0.75088,0.50475,1.1534,0.93190,0.01155,1.1534,0.75088,0.50475,1.1534,0.93190,0.01155,1.1534
19,19,2,2,-1,0,0,0,0.000,0.0000,0.2646,0.41194,0.70015,40.7707,0.61416,0.22833,14.2293,0.41194,0.70015,40.7707,0.41194,0.70015,40.7707,0.41194,0.70015,40.7707,0.41194,0.70015,40.7707,0.41194,0.70015,40.7707,0.81384,0.19209,0.7707,0.81384,0.19209,0.7707,0.81384,0.19209,0.7707,0.81384,0.19209,0.7707
19,19,4,2,0,1,3,3,0.000,0.0000,0.8046,0.00830,1.26756,0.0993,0.29629,1.20586,31.0993,0.58707,0.67893,0.0993,0.52244,0.72419,0.0993,0.65170,0.64314,0.0993,0.58707,0.67893,0.0993,0.58090,1.12946,0.0993,0.84684,0.15743,0.0993,0.90576,0.09932,0.0993,0.84684,0.15743,0.0993,0.90576,0.09932,0.0993
19,20,0,1,0,0,1,1,0.000,0.0000,0.2516,0.94437,0.02177,0.0249,0.41962,0.63828,42.9751,0.93035,0.02177,0.0249,0.94437,0.02177,0.0249,0.78763,0.04796,0.0249,0.93035,0.02177,0.0249,0.93035,0.02177,0.0249,0.85432,0.20594,0.0249,0.85432,0.20594,0.0249,0.85432,0.20594,0.0249,0.85432,0.20594,0.0249
19,20,1,2,-1,0,2,2,0.000,0.0000,0.0699,0.63603,0.23461,11.1534,0.75179,0.20704,5.1534,0.63603,0.23461,11.1534,0.63603,0.23461,11.1534,0.63603,0.23461,11.1534,0.63603,0.23461,11.1534,0.65212,0.12635,11.1534,0.85267,0.26098,1.1534,0.92234,0.08657,1.1534,0.85267,0.26098,1.1534,0.92234,0.08657,1.1534
19,20,2,2,-1,0,0,0,0.000,0.0000,0.2655,0.55357,0.87888,0.2293,0.44732,1.04445,14.2293,0.55357,0.87888,0.2293,0.55357,0.87888,0.2293,0.55357,0.87888,0.2293,0.55357,0.87888,0.2293,0.74499,0.30267,0.2293,0.81384,0.19209,0.7707,0.81384,0.19209,0.7707,0.81384,0.19209,0.7707,0.81384,0.19209,0.7707
19,20,4,2,0,-1,-1,-1,0.000,-1.0000,-1.0000,0.00519,3.31452,0.0993,0.06024,3.12630,31.0993,0.56514,1.28578,0.0993,0.50304,1.51074,0.0993,0.64416,1.06226,0.0993,0.14911,2.94796,0.0993,0.00519,3.31452,0.0993,0.00519,3.31452,0.0993,0.00519,3.31452,0.0993,0.00519,3.31452,0.0993,0.00519,3.31452,0.0993
19,21,0,1,0,0,1,1,0.000,0.0000,0.3255,0.82523,0.21345,1.9751,0.45261,0.53541,42.9751,0.82523,0.21345,1.9751,0.82523,0.21345,1.9751,0.78763,0.20842,1.9751,0.82523,0.21345,1.9751,0.82523,0.21345,1.9751,0.85517,0.15957,0.0249,0.85517,0.15957,0.0249,0.85517,0.15957,0.0249,0.85517,0.15957,0.0249
19,21,1,2,0,0,2,2,0.000,0.0000,0.2226,0.61802,0.35133,10.8466,0.62926,0.26879,5.1534,0.61802,0.35133,10.8466,0.61802,0.35133,10.8466,0.61802,0.35133,10.8466,0.61802,0.35133,10.8466,0.61802,0.35133,10.8466,0.60941,0.38958,9.8466,0.65509,0.33511,9.8466,0.60941,0.38958,9.8466,0.65509,0.33511,9.8466
19,21,2,2,0,0,0,0,0.000,0.0000,0.2895,0.69058,0.37578,5.7707,0.54468,0.49148,14.2293,0.69748,0.35408,5.7707,0.69058,0.37578,5.7707,0.78734,0.19713,5.7707,0.69748,0.35408,5.7707,0.69748,0.35408,5.7707,0.81384,0.19209,0.7707,0.81384,0.19209,0.7707,0.81384,0.19209,0.7707,0.81384,0.19209,0.7707
19,21,4,2,0,1,3,3,0.000,0.0000,0.2707,0.07229,2.91828,1.0993,0.10993,2.96821,31.0993,0.65269,0.93269,1.0993,0.59012,1.15646,1.0993,0.71432,0.70969,1.0993,0.20916,2.53710,1.0993,0.85424,0.20695,1.0993,0.85604,0.14804,0.0993,0.90576,0.09932,0.0993,0.85604,0.14804,0.0993,0.90576,0.09932,0.0993
19,22,0,1,0,0,1,1,0.000,0.0000,0.2017,0.49017,0.47074,1.9751,0.40902,0.77774,42.9751,0.84056,0.14124,1.9751,0.75484,0.21404,1.9751,0.78763,0.10140,1.9751,0.84056,0.14124,1.9751,0.84056,0.14124,1.9751,0.85176,0.13198,0.9751,0.85176,0.13198,0.9751,0.85176,0.13198,0.9751,0.85176,0.13198,0.9751
19,22,1,2,0,0,2,2,0.000,0.0000,0.5409,0.38153,0.74244,19.8466,0.71715,0.18583,5.1534,0.41463,0.69849,19.8466,0.38153,0.74244,19.8466,0.45163,0.61961,19.8466,0.41463,0.69849,19.8466,0.41463,0.69849,19.8466,0.81542,0.11697,4.1534,0.82481,0.07504,4.1534,0.81542,0.11697,4.1534,0.82481,0.07504,4.1534
19,22,2,2,0,0,0,0,0.000,0.0000,0.2207,0.92791,0.10902,0.2293,0.59767,0.30855,14.2293,0.92791,0.10902,0.2293,0.92791,0.10902,0.2293,0.92407,0.05353,0.2293,0.92791,0.10902,0.2293,0.92791,0.10902,0.2293,0.81384,0.19209,0.7707,0.81384,0.19209,0.7707,0.81384,0.19209,0.7707,0.81384,0.19209,0.7707
19,22,4,2,-1,1,3,3,0.000,0.0000,0.2228,0.23442,2.40381,0.0993,0.18924,2.59785,31.0993,0.23442,2.40381,0.0993,0.23442,2.40381,0.0993,0.23442,2.40381,0.0993,0.23442,2.40381,0.0993,0.92365,0.17692,0.0993,0.88568,0.11845,0.0993,0.90576,0.09932,0.0993,0.88568,0.11845,0.0993,0.90576,0.09932,0.0993
19,23,0,1,-1,0,1,1,0.000,0.0000,0.6655,0.30690,1.04162,7.9751,0.31084,1.18938,42.9751,0.30690,1.04162,7.9751,0.30690,1.04162,7.9751,0.30690,1.04162,7.9751,0.30690,1.04162,7.9751,0.30690,1.04162,7.9751,0.85150,0.13116,0.9751,0.85150,0.13116,0.9751,0.85150,0.13116,0.9751,0.85150,0.13116,0.9751
19,23,1,2,-1,0,2,2,0.000,0.0000,0.3238,0.59915,0.22552,9.1534,0.64938,0.20049,5.1534,0.59915,0.22552,9.1534,0.59915,0.22552,9.1534,0.59915,0.22552,9.1534,0.59915,0.22552,9.1534,0.60803,0.16329,9.1534,0.79829,0.11039,3.1534,0.80593,0.07930,3.1534,0.79829,0.11039,3.1534,0.80593,0.07930,3.1534
19,23,2,2,-1,0,0,0,0.000,0.0000,0.1695,0.92267,0.07134,0.2293,0.60916,0.24983,14.2293,0.92267,0.07134,0.2293,0.92267,0.07134,0.2293,0.92267,0.07134,0.2293,0.92267,0.07134,0.2293,0.92267,0.07134,0.2293,0.81384,0.19209,0.7707,0.81384,0.19209,0.7707,0.81384,0.19209,0.7707,0.81384,0.19209,0.7707
19,23,4,2,-1,1,3,3,0.000,0.0000,0.3279,0.49442,1.47006,1.0993,0.21501,2.04475,31.0993,0.49442,1.47006,1.0993,0.49442,1.47006,1.0993,0.49442,1.47006,1.0993,0.49442,1.47006,1.0993,0.81790,0.24187,1.0993,0.92938,0.07925,0.0993,0.92938,0.07925,0.0993,0.92938,0.07925,0.0993,0.92938,0.07925,0.0993
19,24,0,1,0,0,1,1,0.000,0.0000,0.5725,0.54130,0.48911,0.0249,0.45375,0.46229,42.9751,0.61990,0.40369,0.0249,0.54470,0.48537,0.0249,0.67231,0.32640,0.0249,0.61990,0.40369,0.0249,0.61990,0.40369,0.0249,0.79305,0.14497,1.9751,0.79305,0.14497,1.9751,0.79305,0.14497,1.9751,0.79305,0.14497,1.9751
19,24,1,2,0,0,2,2,0.000,0.0000,0.2274,0.83495,0.14113,0.8466,0.71510,0.13584,5.1534,0.82341,0.14695,0.8466,0.83495,0.14113,0.8466,0.74866,0.30222,0.8466,0.82341,0.14695,0.8466,0.82341,0.14695,0.8466,0.72259,0.13196,6.1534,0.73139,0.06858,6.1534,0.72259,0.13196,6.1534,0.73139,0.06858,6.1534
19,24,2,2,-1,0,0,0,0.000,0.0000,0.1890,0.89468,0.14711,0.2293,0.59810,0.34559,14.2293,0.89468,0.14711,0.2293,0.89468,0.14711,0.2293,0.89468,0.14711,0.2293,0.89468,0.14711,0.2293,0.89468,0.14711,0.2293,0.81384,0.19209,0.7707,0.81384,0.19209,0.7707,0.81384,0.19209,0.7707,0.81384,0.19209,0.7707
19,24,4,2,-1,1,3,3,0.000,0.0000,0.4025,0.78315,0.28647,0.0993,0.37945,0.99390,31.0993,0.78315,0.28647,0.0993,0.78315,0.28647,0.0993,0.78315,0.28647,0.0993,0.78315,0.28647,0.0993,0.78805,0.27252,0.0993,0.92856,0.08122,0.0993,0.92856,0.08122,0.0993,0.92856,0.08122,0.0993,0.92856,0.08122,0.0993
19,25,0,1,0,0,1,1,0.000,0.0000,0.4392,0.60339,0.38989,6.0249,0.43525,0.59653,42.9751,0.74293,0.24328,6.0249,0.65842,0.33240,6.0249,0.72982,0.15516,6.0249,0.74293,0.24328,6.0249,0.74293,0.24328,6.0249,0.79305,0.14497,1.9751,0.79305,0.14497,1.9751,0.79305,0.14497,1.9751,0.79305,0.14497,1.9751
19,25,1,1,0,0,2,2,0.000,0.0000,0.1274,0.86751,0.08157,2.8466,0.78017,0.14848,5.1534,0.86463,0.08157,2.8466,0.86751,0.08157,2.8466,0.77047,0.04451,2.8466,0.86463,0.08157,2.8466,0.86463,0.08157,2.8466,0.71571,0.12646,6.1534,0.71259,0.12646,6.1534,0.71571,0.12646,6.1534,0.71259,0.12646,6.1534
19,25,2,2,-1,0,0,0,0.000,0.0000,0.1872,0.88629,0.14155,0.2293,0.60463,0.33068,14.2293,0.88629,0.14155,0.2293,0.88629,0.14155,0.2293,0.88629,0.14155,0.2293,0.88629,0.14155,0.2293,0.88629,0.14155,0.2293,0.81384,0.19209,0.7707,0.81384,0.19209,0.7707,0.81384,0.19209,0.7707,0.81384,0.19209,0.7707
19,25,4,2,-1,1,3,3,0.000,0.0000,0.4561,0.71135,0.33135,8.0993,0.38023,0.97053,31.0993,0.71135,0.33135,8.0993,0.71135,0.33135,8.0993,0.71135,0.33135,8.0993,0.71135,0.33135,8.0993,0.71135,0.33135,8.0993,0.94392,0.07013,0.0993,0.94392,0.07013,0.0993,0.94392,0.07013,0.0993,0.94392,0.07013,0.0993
19,26,0,2,0,0,1,1,0.000,0.0000,0.3818,0.52404,0.49032,9.0249,0.42995,0.61510,42.9751,0.65326,0.34738,9.0249,0.57229,0.43737,9.0249,0.66288,0.25739,9.0249,0.65326,0.34738,9.0249,0.65326,0.34738,9.0249,0.79305,0.14497,1.9751,0.79305,0.14497,1.9751,0.79305,0.14497,1.9751,0.79305,0.14497,1.9751
19,26,1,1,0,0,2,2,0.000,0.0000,0.0367,0.82082,0.08536,2.8466,0.71980,0.13255,5.1534,0.82082,0.08536,2.8466,0.82082,0.08536,2.8466,0.76463,0.08536,2.8466,0.82082,0.08536,2.8466,0.82082,0.08536,2.8466,0.81940,0.10779,1.1534,0.81930,0.10779,1.1534,0.81940,0.10779,1.1534,0.81930,0.10779,1.1534
19,26,2,2,-1,0,0,0,0.000,0.0000,0.1938,0.93794,0.08253,0.2293,0.59803,0.28369,14.2293,0.93794,0.08253,0.2293,0.93794,0.08253,0.2293,0.93794,0.08253,0.2293,0.93794,0.08253,0.2293,0.93794,0.08253,0.2293,0.81384,0.19209,0.7707,0.81384,0.19209,0.7707,0.81384,0.19209,0.7707,0.81384,0.19209,0.7707
19,26,4,2,-1,1,3,3,0.000,0.0000,0.4796,0.75709,0.35391,2.0993,0.37116,1.04283,31.0993,0.75709,0.35391,2.0993,0.75709,0.35391,2.0993,0.75709,0.35391,2.0993,0.75709,0.35391,2.0993,0.77439,0.29315,2.0993,0.94831,0.06738,0.0993,0.94831,0.06738,0.0993,0.94831,0.06738,0.0993,0.94831,0.06738,0.0993
19,27,0,2,-1,0,1,1,0.000,0.0000,0.8072,0.30507,1.67367,3.0249,0.28168,1.20938,42.9751,0.30507,1.67367,3.0249,0.30507,1.67367,3.0249,0.30507,1.67367,3.0249,0.30507,1.67367,3.0249,0.30507,1.67367,3.0249,0.79052,0.13838,1.9751,0.79052,0.13838,1.9751,0.79052,0.13838,1.9751,0.79052,0.13838,1.9751
19,27,1,1,-1,0,2,2,0.000,0.0000,0.0569,0.93298,0.01245,0.1534,0.79998,0.03978,5.1534,0.93298,0.01245,0.1534,0.93298,0.01245,0.1534,0.93298,0.01245,0.1534,0.93298,0.01245,0.1534,0.91822,0.01245,0.1534,0.81940,0.10779,1.1534,0.81930,0.10779,1.1534,0.81940,0.10779,1.1534,0.81930,0.10779,1.1534
19,27,2,2,-1,0,0,0,0.000,0.0000,0.1979,0.91961,0.14901,0.2293,0.58977,0.35118,14.2293,0.91961,0.14901,0.2293,0.91961,0.14901,0.2293,0.91961,0.14901,0.2293,0.91961,0.14901,0.2293,0.91961,0.14901,0.2293,0.81384,0.19209,0.7707,0.81384,0.19209,0.7707,0.81384,0.19209,0.7707,0.81384,0.19209,0.7707
19,27,4,2,0,1,3,3,0.000,0.0000,0.6066,0.45177,1.74870,1.0993,0.22143,2.11731,31.0993,0.60556,1.20137,1.0993,0.54297,1.42596,1.0993,0.66737,0.97696,1.0993,0.60556,1.20137,1.0993,0.80827,0.45563,1.0993,0.96211,0.05946,0.0993,0.96211,0.05946,0.0993,0.96211,0.05946,0.0993,0.96211,0.05946,0.0993
19,28,0,2,-1,0,1,1,0.000,0.0000,0.5453,0.63763,0.48350,6.0249,0.38996,0.10442,42.9751,0.63763,0.48350,6.0249,0.63763,0.48350,6.0249,0.63763,0.48350,6.0249,0.63763,0.48350,6.0249,0.63763,0.48350,6.0249,0.77952,0.16823,1.9751,0.77952,0.16823,1.9751,0.77952,0.16823,1.9751,0.77952,0.16823,1.9751
19,28,1,1,0,0,2,2,0.000,0.0000,0.1096,0.93021,0.01864,0.8466,0.79324,0.03959,5.1534,0.91370,0.01864,0.8466,0.93021,0.01864,0.8466,0.77078,0.07714,0.8466,0.91370,0.01864,0.8466,0.91370,0.01864,0.8466,0.84233,0.13175,0.8466,0.84233,0.13175,0.8466,0.84233,0.13175,0.8466,0.84233,0.13175,0.8466
19,28,2,2,-1,0,0,0,0.000,0.0000,0.1920,0.95546,0.04593,0.2293,0.60452,0.24273,14.2293,0.95546,0.04593,0.2293,0.95546,0.04593,0.2293,0.95546,0.04593,0.2293,0.95546,0.04593,0.2293,0.95546,0.04593,0.2293,0.81384,0.19209,0.7707,0.81384,0.19209,0.7707,0.81384,0.19209,0.7707,0.81384,0.19209,0.7707
19,28,4,2,-1,1,3,3,0.000,0.0000,0.5168,0.53700,1.33711,0.0993,0.22271,1.94450,31.0993,0.53700,1.33711,0.0993,0.53700,1.33711,0.0993,0.53700,1.33711,0.0993,0.53700,1.33711,0.0993,0.83714,0.23122,0.0993,0.96066,0.06397,0.0993,0.96066,0.06397,0.0993,0.96066,0.06397,0.0993,0.96066,0.06397,0.0993
19,29,0,2,0,0,1,1,0.000,0.0000,0.3228,0.77167,0.21897,3.0249,0.42123,0.59243,42.9751,0.77167,0.21897,3.0249,0.77167,0.21897,3.0249,0.70481,0.30996,3.0249,0.77167,0.21897,3.0249,0.77167,0.21897,3.0249,0.77952,0.16823,1.9751,0.77952,0.16823,1.9751,0.77952,0.16823,1.9751,0.77952,0.16823,1.9751
19,29,1,1,0,0,2,2,0.000,0.0000,0.1413,0.94315,0.01022,0.8466,0.81784,0.02432,5.1534,0.91984,0.01022,0.8466,0.94315,0.01022,0.8466,0.77078,0.08756,0.8466,0.91984,0.01022,0.8466,0.91984,0.01022,0.8466,0.84199,0.12894,0.8466,0.84199,0.12894,0.8466,0.84199,0.12894,0.8466,0.84199,0.12894,0.8466
19,29,2,2,-1,0,0,0,0.000,0.0000,0.1782,0.93788,0.09926,0.2293,0.60627,0.30502,14.2293,0.93788,0.09926,0.2293,0.93788,0.09926,0.2293,0.93788,0.09926,0.2293,0.93788,0.09926,0.2293,0.93787,0.09926,0.2293,0.81384,0.19209,0.7707,0.81384,0.19209,0.7707,0.81384,0.19209,0.7707,0.81384,0.19209,0.7707
19,29,4,2,0,1,3,3,0.000,0.0000,0.5321,0.00955,3.20540,0.9007,0.07078,3.12551,31.0993,0.63285,1.09447,0.9007,0.56852,1.31911,0.9007,0.69653,0.87001,0.9007,0.18570,2.44331,0.9007,0.84241,0.34902,0.9007,0.96004,0.06592,0.0993,0.96004,0.06592,0.0993,0.96004,0.06592,0.0993,0.96004,0.06592,0.0993
19,30,0,2,-1,0,1,1,0.000,0.0000,0.4083,0.64798,0.56804,0.0249,0.37651,0.21254,42.9751,0.64798,0.56804,0.0249,0.64798,0.56804,0.0249,0.64798,0.56804,0.0249,0.64798,0.56804,0.0249,0.64798,0.56804,0.0249,0.77952,0.16823,1.9751,0.77952,0.16823,1.9751,0.77952,0.16823,1.9751,0.77952,0.16823,1.9751
19,30,1,2,0,0,2,2,0.000,0.0000,0.1312,0.93191,0.03006,1.1534,0.82653,0.06372,5.1534,0.92285,0.04473,1.1534,0.93191,0.03006,1.1534,0.77078,0.26752,1.1534,0.92285,0.04473,1.1534,0.92285,0.04473,1.1534,0.84199,0.12894,0.8466,0.84199,0.12894,0.8466,0.84199,0.12894,0.8466,0.84199,0.12894,0.8466
19,30,2,2,0,0,0,0,0.000,0.0000,0.1528,0.92472,0.12491,0.2293,0.59097,0.34048,14.2293,0.92472,0.12491,0.2293,0.92472,0.12491,0.2293,0.92407,0.04155,0.2293,0.92472,0.12491,0.2293,0.92472,0.12491,0.2293,0.81384,0.19209,0.7707,0.81384,0.19209,0.7707,0.81384,0.19209,0.7707,0.81384,0.19209,0.7707
19,30,4,1,-1,0,3,3,0.000,0.0000,0.4009,0.45029,1.60821,0.0993,0.21849,2.05020,31.0993,0.45029,1.60821,0.0993,0.45029,1.60821,0.0993,0.45029,1.60821,0.0993,0.45029,1.60821,0.0993,0.62005,0.95825,0.0993,0.96004,0.06592,0.0993,0.96004,0.06592,0.0993,0.96004,0.06592,0.0993,0.96004,0.06592,0.0993
19,31,0,2,0,0,1,1,0.000,0.0000,0.2511,0.81172,0.19074,0.0249,0.42549,0.60994,42.9751,0.80738,0.18877,0.0249,0.81172,0.19074,0.0249,0.73407,0.31070,0.0249,0.80738,0.18877,0.0249,0.80738,0.18877,0.0249,0.77067,0.18485,0.0249,0.77067,0.18485,0.0249,0.77067,0.18485,0.0249,0.77067,0.18485,0.0249
19,31,1,2,0,0,2,2,0.000,0.0000,0.1412,0.92296,0.11537,0.1534,0.79721,0.18795,5.1534,0.93264,0.02075,0.1534,0.92296,0.11537,0.1534,0.77078,0.26287,0.1534,0.93264,0.02075,0.1534,0.93264,0.02075,0.1534,0.83605,0.11081,0.1534,0.83605,0.11081,0.1534,0.83605,0.11081,0.1534,0.83605,0.11081,0.1534
19,31,2,2,-1,0,0,0,0.000,0.0000,0.1362,0.91774,0.14385,0.2293,0.58540,0.34766,14.2293,0.91774,0.14385,0.2293,0.91774,0.14385,0.2293,0.91774,0.14385,0.2293,0.91774,0.14385,0.2293,0.91774,0.14385,0.2293,0.81384,0.19209,0.7707,0.81384,0.19209,0.7707,0.81384,0.19209,0.7707,0.81384,0.19209,0.7707
19,31,4,1,0,1,3,3,0.000,0.0000,0.3824,0.01156,3.18764,0.0993,0.06913,3.13351,31.0993,0.65310,1.07078,0.0993,0.58492,1.29576,0.0993,0.72129,0.84581,0.0993,0.18875,2.42071,0.0993,0.88039,0.32107,0.0993,0.95429,0.08322,0.0993,0.95429,0.08322,0.0993,0.95429,0.08322,0.0993,0.95429,0.08322,0.0993
19,32,0,2,-1,0,1,1,0.000,0.0000,0.1564,0.78478,0.22423,0.0249,0.41352,0.62128,42.9751,0.78478,0.22423,0.0249,0.78478,0.22423,0.0249,0.78478,0.22423,0.0249,0.78478,0.22423,0.0249,0.78339,0.22104,0.0249,0.77067,0.18485,0.0249,0.77067,0.18485,0.0249,0.77067,0.18485,0.0249,0.77067,0.18485,0.0249
19,32,1,2,0,0,2,2,0.000,0.0000,0.0408,0.81275,0.17368,0.1534,0.73469,0.24976,5.1534,0.79902,0.17258,0.1534,0.81275,0.17368,0.1534,0.72638,0.29462,0.1534,0.79902,0.17258,0.1534,0.79902,0.17258,0.1534,0.81991,0.08318,1.1534,0.81991,0.08318,1.1534,0.81991,0.08318,1.1534,0.81991,0.08318,1.1534
19,32,2,2,0,0,0,0,0.000,0.0000,0.0984,0.89910,0.15138,0.2293,0.60951,0.35414,14.2293,0.89910,0.15138,0.2293,0.89910,0.15138,0.2293,0.92407,0.04765,0.2293,0.89910,0.15138,0.2293,0.89910,0.15138,0.2293,0.81384,0.19209,0.7707,0.81384,0.19209,0.7707,0.81384,0.19209,0.7707,0.81384,0.19209,0.7707
19,32,4,2,0,1,3,3,0.000,0.0000,1.6521,0.13839,2.71708,0.0993,0.17384,2.72778,31.0993,0.20761,2.58707,0.0993,0.19941,2.57283,0.0993,0.21295,2.62371,0.0993,0.20761,2.58707,0.0993,0.19308,2.93616,0.0993,0.95322,0.08293,0.0993,0.95322,0.08293,0.0993,0.95322,0.08293,0.0993,0.95322,0.08293,0.0993
19,33,0,2,0,0,1,1,0.000,0.0000,0.1119,0.82601,0.17077,0.0249,0.43183,0.51036,42.9751,0.81935,0.17006,0.0249,0.82601,0.17077,0.0249,0.74487,0.30034,0.0249,0.81935,0.17006,0.0249,0.81935,0.17006,0.0249,0.77067,0.18485,0.0249,0.77067,0.18485,0.0249,0.77067,0.18485,0.0249,0.77067,0.18485,0.0249
19,33,1,2,0,0,2,2,0.000,0.0000,0.0189,0.84962,0.13925,0.1534,0.71972,0.26423,5.1534,0.83852,0.13714,0.1534,0.84962,0.13925,0.1534,0.76244,0.26759,0.1534,0.83852,0.13714,0.1534,0.83852,0.13714,0.1534,0.81376,0.11913,0.1534,0.81376,0.11913,0.1534,0.81376,0.11913,0.1534,0.81376,0.11913,0.1534
19,33,2,2,0,0,0,0,0.000,0.0000,0.0977,0.91043,0.16164,0.2293,0.57682,0.38361,14.2293,0.91043,0.16164,0.2293,0.91043,0.16164,0.2293,0.92407,0.04148,0.2293,0.91043,0.16164,0.2293,0.91043,0.16164,0.2293,0.81384,0.19209,0.7707,0.81384,0.19209,0.7707,0.81384,0.19209,0.7707,0.81384,0.19209,0.7707
19,33,4,2,1,1,3,3,0.000,0.0000,1.1013,0.65454,0.88021,2.9007,0.38681,1.27732,31.0993,0.74763,0.47376,2.9007,0.68239,0.76005,2.9007,0.83257,0.19099,2.9007,0.74763,0.47376,2.9007,0.74763,0.47376,2.9007,0.95322,0.08293,0.0993,0.95322,0.08293,0.0993,0.95322,0.08293,0.0993,0.95322,0.08293,0.0993
19,34,0,2,0,0,1,1,0.000,0.0000,0.1020,0.83273,0.14667,4.0249,0.41956,0.61371,42.9751,0.83159,0.14501,4.0249,0.83273,0.14667,4.0249,0.77290,0.21892,4.0249,0.83159,0.14501,4.0249,0.83159,0.14501,4.0249,0.73994,0.20067,0.0249,0.73994,0.20067,0.0249,0.73994,0.20067,0.0249,0.73994,0.20067,0.0249
19,34,1,2,-1,0,2,2,0.000,0.0000,0.0825,0.60935,0.27313,12.8466,0.67373,0.35515,5.1534,0.60935,0.27313,12.8466,0.60935,0.27313,12.8466,0.60935,0.27313,12.8466,0.60935,0.27313,12.8466,0.63037,0.11990,12.8466,0.81160,0.11610,0.1534,0.81160,0.11610,0.1534,0.81160,0.11610,0.1534,0.81160,0.11610,0.1534
19,34,2,2,0,0,0,0,0.000,0.0000,0.0745,0.92540,0.13294,0.2293,0.59465,0.32880,14.2293,0.92540,0.13294,0.2293,0.92540,0.13294,0.2293,0.92407,0.04919,0.2293,0.92540,0.13294,0.2293,0.92540,0.13294,0.2293,0.81384,0.19209,0.7707,0.81384,0.19209,0.7707,0.81384,0.19209,0.7707,0.81384,0.19209,0.7707
19,34,4,2,-1,1,3,3,0.000,0.0000,0.6402,0.51428,0.33064,18.0993,0.41686,0.54553,31.0993,0.51428,0.33064,18.0993,0.51428,0.33064,18.0993,0.51428,0.33064,18.0993,0.51428,0.33064,18.0993,0.51428,0.33064,18.0993,0.92879,0.16554,0.0993,0.92878,0.16554,0.0993,0.92879,0.16554,0.0993,0.92878,0.16554,0.0993
19,35,0,2,0,0,1,1,0.000,0.0000,0.0923,0.87104,0.06570,2.9751,0.42630,0.58309,42.9751,0.87385,0.03751,2.9751,0.87104,0.06570,2.9751,0.78717,0.20578,2.9751,0.87385,0.03751,2.9751,0.87385,0.03751,2.9751,0.73059,0.20035,1.9751,0.73059,0.20036,1.9751,0.73059,0.20035,1.9751,0.73059,0.20036,1.9751
19,35,1,2,0,0,2,2,0.000,0.0000,0.0813,0.89720,0.20858,0.1534,0.78413,0.19931,5.1534,0.93264,0.02205,0.1534,0.89720,0.20858,0.1534,0.77078,0.25303,0.1534,0.93264,0.02205,0.1534,0.93264,0.02205,0.1534,0.81160,0.11610,0.1534,0.81160,0.11610,0.1534,0.81160,0.11610,0.1534,0.81160,0.11610,0.1534
19,35,2,2,0,0,0,0,0.000,0.0000,0.0322,0.90506,0.11050,0.2293,0.60467,0.31340,14.2293,0.90506,0.11050,0.2293,0.90506,0.11050,0.2293,0.92407,0.04319,0.2293,0.90506,0.11050,0.2293,0.90506,0.11050,0.2293,0.81384,0.19209,0.7707,0.81384,0.19209,0.7707,0.81384,0.19209,0.7707,0.81384,0.19209,0.7707
19,35,4,2,-1,1,3,3,0.000,0.0000,0.6909,0.37956,0.96006,25.9007,0.41386,0.57395,31.0993,0.37956,0.96006,25.9007,0.37956,0.96006,25.9007,0.37956,0.96006,25.9007,0.37956,0.96006,25.9007,0.37956,0.96006,25.9007,0.90823,0.17251,0.0993,0.90823,0.17250,0.0993,0.90823,0.17251,0.0993,0.90823,0.17250,0.0993
19,36,0,2,0,0,1,1,0.000,0.0000,0.1015,0.94523,0.06930,0.0249,0.41645,0.62782,42.9751,0.95304,0.02606,0.0249,0.94523,0.06930,0.0249,0.78763,0.25668,0.0249,0.95304,0.02606,0.0249,0.95304,0.02606,0.0249,0.73059,0.20035,1.9751,0.73059,0.20035,1.9751,0.73059,0.20035,1.9751,0.73059,0.20035,1.9751
19,36,1,2,0,0,2,2,0.000,0.0000,0.0959,0.72286,0.60810,0.1534,0.66321,0.61080,5.1534,0.93264,0.02916,0.1534,0.89434,0.22368,0.1534,0.77078,0.25577,0.1534,0.93264,0.02916,0.1534,0.93264,0.02916,0.1534,0.77272,0.08542,2.1534,0.77272,0.08542,2.1534,0.77272,0.08542,2.1534,0.77272,0.08542,2.1534
19,36,2,2,0,0,0,0,0.000,0.0000,0.0432,0.88590,0.10458,0.2293,0.62037,0.28505,14.2293,0.91533,0.08063,0.2293,0.88590,0.10458,0.2293,0.92407,0.04457,0.2293,0.91533,0.08063,0.2293,0.91533,0.08063,0.2293,0.81384,0.19209,0.7707,0.81384,0.19209,0.7707,0.81384,0.19209,0.7707,0.81384,0.19209,0.7707
19,36,4,2,1,1,3,3,0.000,0.0000,0.8615,0.51145,0.65994,11.9007,0.41460,0.61282,31.0993,0.51145,0.65994,11.9007,0.51145,0.65994,11.9007,0.54233,0.59928,11.9007,0.51145,0.65994,11.9007,0.51145,0.65994,11.9007,0.90217,0.17286,0.0993,0.90217,0.17286,0.0993,0.90217,0.17286,0.0993,0.90217,0.17286,0.0993
20,0,0,2,0,0,1,1,0.000,0.0000,0.0000,0.00787,2.32515,1.5399,0.02696,2.31386,6.4601,0.91505,0.11993,1.5399,0.78661,0.34937,1.5399,0.85467,0.13015,1.5399,0.23307,1.98544,1.5399,0.91505,0.11993,1.5399,0.00787,2.32515,1.5399,0.91505,0.11993,1.5399,0.00787,2.32515,1.5399,0.91505,0.11993,1.5399
20,0,1,2,0,0,2,2,0.000,0.0000,0.0000,0.08313,1.85500,0.0049,0.08249,1.96865,21.0049,0.87219,0.19822,0.0049,0.96561,0.03402,0.0049,0.75539,0.42669,0.0049,0.26359,1.75358,0.0049,0.87219,0.19822,0.0049,0.08313,1.85500,0.0049,0.87219,0.19823,0.0049,0.08313,1.85500,0.0049,0.87219,0.19823,0.0049
20,0,2,1,0,0,0,0,0.000,0.0000,0.0000,0.46942,0.58094,4.8651,0.47843,0.60171,44.1349,0.64262,0.36601,4.8651,0.58128,0.45557,4.8651,0.65890,0.27674,4.8651,0.64262,0.36601,4.8651,0.64262,0.36601,4.8651,0.46414,0.58720,2.8651,0.63197,0.38016,2.8651,0.46414,0.58720,2.8651,0.63197,0.38016,2.8651
20,0,4,2,-1,1,3,3,0.000,0.0000,0.0000,0.17244,0.81802,0.1036,0.24825,0.95339,11.1036,0.17244,0.81802,0.1036,0.17244,0.81802,0.1036,0.17244,0.81802,0.1036,0.17244,0.81802,0.1036,0.95686,0.03943,0.1036,0.17244,0.81802,0.1036,0.95686,0.03943,0.1036,0.17244,0.81802,0.1036,0.95686,0.03943,0.1036
20,1,0,2,0,0,1,1,0.000,0.0000,0.2516,0.00965,2.32966,0.5399,0.02498,2.32584,6.4601,0.92008,0.13768,0.5399,0.79844,0.36287,0.5399,0.84376,0.13409,0.5399,0.22997,2.01620,0.5399,0.92008,0.13768,0.5399,0.00785,2.31952,1.5399,0.91945,0.10861,1.5399,0.00785,2.31952,1.5399,0.91945,0.10861,1.5399
20,1,1,2,0,0,2,2,0.000,0.0000,0.3593,0.08625,1.84110,0.9951,0.06938,2.00096,21.0049,0.83810,0.20479,0.9951,0.88363,0.10183,0.9951,0.75538,0.42239,0.9951,0.26339,1.73174,0.9951,0.83810,0.20479,0.9951,0.06993,1.86469,2.0049,0.84780,0.21208,2.0049,0.06993,1.86469,2.0049,0.84780,0.21208,2.0049
20,1,2,1,0,0,0,0,0.000,0.0000,2.0280,0.19616,0.97554,11.8651,0.42203,0.79438,44.1349,0.49269,0.60524,11.8651,0.42647,0.69295,11.8651,0.52765,0.51833,11.8651,0.49269,0.60524,11.8651,0.49269,0.60524,11.8651,0.03659,0.98949,0.1349,0.75135,0.21946,0.1349,0.03659,0.98949,0.1349,0.75135,0.21946,0.1349
20,1,4,2,-1,1,3,3,0.000,0.0000,0.3756,0.05499,0.93760,0.1036,0.24481,0.95268,11.1036,0.05499,0.93760,0.1036,0.05499,0.93760,0.1036,0.05499,0.93760,0.1036,0.05499,0.93760,0.1036,0.94393,0.08283,0.1036,0.02011,0.99583,0.1036,0.86855,0.34473,0.1036,0.02011,0.99583,0.1036,0.86855,0.34473,0.1036
20,2,0,2,0,0,1,1,0.000,0.0000,0.6804,0.00817,2.32522,0.4601,0.02042,2.32418,6.4601,0.82290,0.17990,0.4601,0.76031,0.35117,0.4601,0.74560,0.24441,0.4601,0.21727,2.08897,0.4601,0.82290,0.17990,0.4601,0.00608,2.32212,1.5399,0.85454,0.14664,1.5399,0.00608,2.32212,1.5399,0.85454,0.14664,1.5399
20,2,1,2,0,0,2,2,0.000,0.0000,0.1568,0.07455,1.87545,1.0049,0.08346,1.96100,21.0049,0.87047,0.19107,1.0049,0.96041,0.03530,1.0049,0.73810,0.42515,1.0049,0.26130,1.77814,1.0049,0.87047,0.19107,1.0049,0.06081,1.88516,2.0049,0.84780,0.21207,2.0049,0.06081,1.88516,2.0049,0.84780,0.21207,2.0049
20,2,2,2,0,0,0,0,0.000,0.0000,0.4762,0.58473,0.45217,3.1349,0.43448,0.73958,44.1349,0.63224,0.38637,3.1349,0.58473,0.45217,3.1349,0.64907,0.42437,3.1349,0.63224,0.38637,3.1349,0.63224,0.38637,3.1349,0.03660,0.98939,0.1349,0.74289,0.26113,0.1349,0.03660,0.98939,0.1349,0.74289,0.26113,0.1349
20,2,4,2,-1,1,3,3,0.000,0.0000,0.2068,0.27368,0.71776,0.1036,0.25688,0.94701,11.1036,0.27368,0.71776,0.1036,0.27368,0.71776,0.1036,0.27368,0.71776,0.1036,0.27368,0.71776,0.1036,0.96529,0.01053,0.1036,0.00106,0.98710,0.1036,0.64610,1.25803,0.1036,0.00106,0.98710,0.1036,0.64610,1.25803,0.1036
20,3,0,2,0,0,1,1,0.000,0.0000,0.5717,0.00932,2.32067,0.5399,0.02554,2.31869,6.4601,0.81481,0.18367,0.5399,0.77467,0.34990,0.5399,0.73767,0.25635,0.5399,0.21287,2.09202,0.5399,0.81481,0.18367,0.5399,0.00787,2.32238,0.4601,0.79747,0.19981,0.4601,0.00787,2.32238,0.4601,0.79747,0.19981,0.4601
20,3,1,2,0,0,2,2,0.000,0.0000,0.0389,0.05200,1.91565,0.0049,0.07946,1.96850,21.0049,0.86221,0.20069,0.0049,0.93160,0.05893,0.0049,0.75539,0.42732,0.0049,0.26378,1.75094,0.0049,0.86221,0.20069,0.0049,0.04743,1.93692,6.0049,0.75393,0.22752,6.0049,0.04743,1.93692,6.0049,0.75393,0.22752,6.0049
20,3,2,2,-1,0,0,0,0.000,0.0000,0.8212,0.66149,0.32877,3.8651,0.41962,0.41478,44.1349,0.66149,0.32877,3.8651,0.66149,0.32877,3.8651,0.66149,0.32877,3.8651,0.66149,0.32877,3.8651,0.66149,0.32877,3.8651,0.03662,0.99055,0.1349,0.74163,0.26202,0.1349,0.03662,0.99055,0.1349,0.74163,0.26202,0.1349
20,3,4,2,-1,1,3,3,0.000,0.0000,0.0651,0.20343,0.79582,0.8964,0.24453,0.96609,11.1036,0.20343,0.79582,0.8964,0.20343,0.79582,0.8964,0.20343,0.79582,0.8964,0.20343,0.79582,0.8964,0.93613,0.07405,0.8964,0.01326,1.19702,0.1036,0.64610,1.25803,0.1036,0.01326,1.19702,0.1036,0.64610,1.25803,0.1036
20,4,0,2,0,0,1,1,0.000,0.0000,0.4979,0.01064,2.31886,0.5399,0.01849,2.33299,6.4601,0.78468,0.21380,0.5399,0.75140,0.35928,0.5399,0.71372,0.28248,0.5399,0.20682,2.12039,0.5399,0.78468,0.21380,0.5399,0.00787,2.32238,0.4601,0.79747,0.19980,0.4601,0.00787,2.32238,0.4601,0.79747,0.19980,0.4601
20,4,1,2,0,0,2,2,0.000,0.0000,0.0426,0.01262,1.99875,0.0049,0.07734,1.99025,21.0049,0.87655,0.20211,0.0049,0.97284,0.02746,0.0049,0.75539,0.43045,0.0049,0.26442,1.74771,0.0049,0.87655,0.20211,0.0049,0.07666,1.86567,0.9951,0.83972,0.20949,0.9951,0.07666,1.86567,0.9951,0.83972,0.20949,0.9951
20,4,2,2,-1,0,0,0,0.000,0.0000,0.5758,0.62465,0.25205,15.8651,0.43514,0.60229,44.1349,0.62465,0.25205,15.8651,0.62465,0.25205,15.8651,0.62465,0.25205,15.8651,0.62465,0.25205,15.8651,0.62465,0.25205,15.8651,0.51065,0.54033,0.1349,0.61800,0.41222,0.1349,0.51065,0.54033,0.1349,0.61800,0.41222,0.1349
20,4,4,2,-1,1,3,3,0.000,0.0000,0.0827,0.11066,0.88871,0.8964,0.25091,0.95548,11.1036,0.11066,0.88871,0.8964,0.11066,0.88871,0.8964,0.11066,0.88871,0.8964,0.11066,0.88871,0.8964,0.95080,0.03568,0.8964,0.01706,0.97365,0.1036,0.92172,0.08964,0.1036,0.01706,0.97365,0.1036,0.92172,0.08964,0.1036
20,5,0,2,0,0,1,1,0.000,0.0000,0.5289,0.00775,2.32865,0.5399,0.01963,2.32513,6.4601,0.71400,0.28889,0.5399,0.70073,0.39037,0.5399,0.65225,0.36329,0.5399,0.19360,2.18434,0.5399,0.71400,0.28889,0.5399,0.00786,2.32629,0.4601,0.79498,0.20440,0.4601,0.00786,2.32629,0.4601,0.79498,0.20440,0.4601
20,5,1,2,0,0,2,2,0.000,0.0000,0.0209,0.10286,1.80783,0.0049,0.08276,1.97215,21.0049,0.86146,0.20716,0.0049,0.95087,0.04070,0.0049,0.75539,0.43356,0.0049,0.26501,1.74609,0.0049,0.86146,0.20716,0.0049,0.07666,1.86567,0.9951,0.83972,0.20949,0.9951,0.07666,1.86567,0.9951,0.83972,0.20949,0.9951
20,5,2,2,-1,0,0,0,0.000,0.0000,0.6307,0.69706,0.19441,9.8651,0.41908,0.66288,44.1349,0.69706,0.19441,9.8651,0.69706,0.19441,9.8651,0.69706,0.19441,9.8651,0.69706,0.19441,9.8651,0.69706,0.19441,9.8651,0.60604,0.25941,16.1349,0.61053,0.07532,16.1349,0.60604,0.25941,16.1349,0.61053,0.07532,16.1349
20,5,4,2,-1,1,3,3,0.000,0.0000,0.0335,0.03676,0.95739,0.1036,0.23769,0.96193,11.1036,0.03676,0.95739,0.1036,0.03676,0.95739,0.1036,0.03676,0.95739,0.1036,0.03676,0.95739,0.1036,0.94690,0.07365,0.1036,0.01706,0.97365,0.1036,0.92172,0.08964,0.1036,0.01706,0.97365,0.1036,0.92172,0.08964,0.1036
20,6,0,2,0,0,1,1,0.000,0.0000,0.6035,0.00941,2.39158,0.4601,0.01943,2.36255,6.4601,0.61285,0.43731,0.4601,0.60132,0.54801,0.4601,0.58838,0.44678,0.4601,0.16719,2.34166,0.4601,0.61285,0.43731,0.4601,0.00916,2.32182,0.5399,0.83044,0.17247,0.5399,0.00916,2.32182,0.5399,0.83044,0.17247,0.5399
20,6,1,2,0,0,2,2,0.000,0.0000,0.0107,0.02771,1.96812,0.0049,0.07396,1.98146,21.0049,0.86258,0.19974,0.0049,0.93293,0.05788,0.0049,0.75539,0.42649,0.0049,0.26361,1.75184,0.0049,0.86258,0.19974,0.0049,0.07666,1.86572,0.9951,0.83827,0.20994,0.9951,0.07666,1.86572,0.9951,0.83827,0.20994,0.9951
20,6,2,2,-1,0,0,0,0.000,0.0000,0.7727,0.55863,0.34972,18.1349,0.41851,0.69675,44.1349,0.55863,0.34972,18.1349,0.55863,0.34972,18.1349,0.55863,0.34972,18.1349,0.55863,0.34972,18.1349,0.57515,0.10492,18.1349,0.60853,0.23931,15.1349,0.61181,0.05303,15.1349,0.60853,0.23931,15.1349,0.61181,0.05303,15.1349
20,6,4,2,-1,1,3,3,0.000,0.0000,0.0160,0.25795,0.73380,0.1036,0.24095,0.96570,11.1036,0.25795,0.73380,0.1036,0.25795,0.73380,0.1036,0.25795,0.73380,0.1036,0.25795,0.73380,0.1036,0.95525,0.04598,0.1036,0.02531,0.96824,0.1036,0.95620,0.04371,0.1036,0.02531,0.96824,0.1036,0.95620,0.04371,0.1036
20,7,0,2,0,0,1,1,0.000,0.0000,0.6418,0.00921,2.33104,0.4601,0.01816,2.33848,6.4601,0.58247,0.45964,0.4601,0.57482,0.49686,0.4601,0.53508,0.54141,0.4601,0.17031,2.32141,0.4601,0.58247,0.45964,0.4601,0.00951,2.32243,0.5399,0.83044,0.17247,0.5399,0.00951,2.32243,0.5399,0.83044,0.17247,0.5399
20,7,1,2,0,0,2,2,0.000,0.0000,0.0201,0.07639,1.87065,0.0049,0.08465,1.96892,21.0049,0.88527,0.19962,0.0049,0.98302,0.02577,0.0049,0.75539,0.42852,0.0049,0.26404,1.74947,0.0049,0.88527,0.19962,0.0049,0.08003,1.86611,1.9951,0.80701,0.20988,1.9951,0.08003,1.86611,1.9951,0.80701,0.20988,1.9951
20,7,2,2,-1,0,0,0,0.000,0.0000,0.8521,0.49910,0.26498,18.1349,0.41823,0.56301,44.1349,0.49910,0.26498,18.1349,0.49910,0.26498,18.1349,0.49910,0.26498,18.1349,0.49910,0.26498,18.1349,0.49590,0.15023,18.1349,0.55023,0.31507,20.1349,0.55467,0.06676,20.1349,0.55023,0.31507,20.1349,0.55467,0.06676,20.1349
20,7,4,2,-1,1,3,3,0.000,0.0000,0.0171,0.75212,0.24240,0.1036,0.33915,0.84088,11.1036,0.75212,0.24240,0.1036,0.75212,0.24240,0.1036,0.75212,0.24240,0.1036,0.75212,0.24240,0.1036,0.96073,0.03182,0.1036,0.02649,0.96650,0.1036,0.96565,0.01922,0.1036,0.02649,0.96650,0.1036,0.96565,0.01922,0.1036
20,8,1,2,0,0,2,2,0.000,0.0000,0.0090,0.09207,1.83737,0.9951,0.08500,1.98209,21.0049,0.85148,0.20489,0.9951,0.94189,0.04925,0.9951,0.75539,0.42621,0.9951,0.26418,1.72520,0.9951,0.85148,0.20489,0.9951,0.06970,1.88625,1.0049,0.86924,0.19189,1.0049,0.06970,1.88625,1.0049,0.86924,0.19189,1.0049
20,8,2,2,-1,0,0,0,0.000,0.0000,0.6212,0.66644,0.18523,12.8651,0.43440,0.57695,44.1349,0.66644,0.18523,12.8651,0.66644,0.18523,12.8651,0.66644,0.18523,12.8651,0.66644,0.18523,12.8651,0.66644,0.18523,12.8651,0.48117,0.44944,29.1349,0.48361,0.06528,29.1349,0.48117,0.44944,29.1349,0.48361,0.06528,29.1349
20,8,4,2,-1,1,3,3,0.000,0.0000,0.0290,0.70605,0.28897,0.1036,0.30318,0.88458,11.1036,0.70605,0.28897,0.1036,0.70605,0.28897,0.1036,0.70605,0.28897,0.1036,0.70605,0.28897,0.1036,0.96270,0.02576,0.1036,0.02649,0.96650,0.1036,0.96581,0.01901,0.1036,0.02649,0.96650,0.1036,0.96581,0.01901,0.1036
20,9,0,2,-1,-1,-1,-1,0.000,-1.0000,-1.0000,0.00653,2.35072,0.5399,0.01340,2.34701,6.4601,0.00653,2.35072,0.5399,0.00653,2.35072,0.5399,0.00653,2.35072,0.5399,0.00653,2.35072,0.5399,0.00653,2.35072,0.5399,0.00653,2.35072,0.5399,0.00653,2.35072,0.5399,0.00653,2.35072,0.5399,0.00653,2.35072,0.5399
20,9,1,2,0,0,2,2,0.000,0.0000,0.0318,0.06257,1.90200,1.0049,0.08349,1.97523,21.0049,0.86630,0.19273,1.0049,0.95641,0.04138,1.0049,0.73650,0.42608,1.0049,0.26105,1.77992,1.0049,0.86630,0.19273,1.0049,0.06969,1.88624,1.0049,0.87017,0.19176,1.0049,0.06969,1.88624,1.0049,0.87017,0.19176,1.0049
20,9,2,1,-1,0,0,0,0.000,0.0000,0.5668,0.68156,0.57439,0.8651,0.34831,0.57773,44.1349,0.68156,0.57439,0.8651,0.68156,0.57439,0.8651,0.68156,0.57439,0.8651,0.68156,0.57439,0.8651,0.68156,0.57439,0.8651,0.43721,0.59800,39.1349,0.40028,0.63869,39.1349,0.43721,0.59800,39.1349,0.40028,0.63869,39.1349
20,9,4,2,-1,1,3,3,0.000,0.0000,0.0243,0.93462,0.06462,0.1036,0.47777,0.66073,11.1036,0.93462,0.06462,0.1036,0.93462,0.06462,0.1036,0.93462,0.06462,0.1036,0.93462,0.06462,0.1036,0.95831,0.03829,0.1036,0.48381,0.51188,0.1036,0.96537,0.01903,0.1036,0.48381,0.51188,0.1036,0.96537,0.01903,0.1036
20,10,0,2,-1,0,1,1,0.000,0.0000,1.2291,0.66196,0.09289,0.5399,0.64127,0.24051,6.4601,0.66196,0.09289,0.5399,0.66196,0.09289,0.5399,0.66196,0.09289,0.5399,0.66196,0.09289,0.5399,0.66196,0.09289,0.5399,0.00951,2.32243,0.5399,0.83044,0.17247,0.5399,0.00951,2.32243,0.5399,0.83044,0.17247,0.5399
20,10,1,2,0,0,2,2,0.000,0.0000,0.0411,0.01289,2.01397,0.0049,0.08120,1.98942,21.0049,0.88596,0.17015,0.0049,0.96948,0.05500,0.0049,0.75393,0.40074,0.0049,0.25810,1.77562,0.0049,0.88596,0.17015,0.0049,0.06995,1.88627,1.0049,0.86910,0.19208,1.0049,0.06995,1.88627,1.0049,0.86910,0.19208,1.0049
20,10,2,1,0,0,0,0,0.000,0.0000,0.4453,0.01378,2.23274,0.8651,0.10281,2.13424,44.1349,0.89940,0.14773,0.8651,0.80786,0.36943,0.8651,0.81386,0.09174,0.8651,0.21876,1.49282,0.8651,0.89940,0.14773,0.8651,0.43721,0.59800,39.1349,0.40028,0.63869,39.1349,0.43721,0.59800,39.1349,0.40028,0.63869,39.1349
20,10,4,2,0,1,3,3,0.000,0.0000,1.1675,0.01372,1.35713,0.1036,0.13049,1.35375,11.1036,0.61136,1.03021,0.1036,0.54256,0.97164,0.1036,0.62905,1.24942,0.1036,0.61136,1.03021,0.1036,0.54232,1.77428,0.1036,0.48381,0.51188,0.1036,0.96537,0.01903,0.1036,0.48381,0.51188,0.1036,0.96537,0.01903,0.1036
20,11,0,2,0,0,1,1,0.000,0.0000,0.6590,0.72623,0.41685,5.4601,0.70367,0.43884,6.4601,0.72623,0.41685,5.4601,0.72623,0.41685,5.4601,0.72623,0.41685,5.4601,0.72623,0.41685,5.4601,0.72623,0.41685,5.4601,0.00996,2.32163,0.5399,0.91888,0.12409,0.5399,0.00996,2.32163,0.5399,0.91888,0.12409,0.5399
20,11,1,2,0,0,2,2,0.000,0.0000,0.0225,0.03098,1.96206,0.0049,0.08078,1.97704,21.0049,0.86567,0.19935,0.0049,0.95515,0.04051,0.0049,0.75539,0.42709,0.0049,0.26363,1.75437,0.0049,0.86567,0.19935,0.0049,0.06995,1.88627,1.0049,0.86910,0.19208,1.0049,0.06995,1.88627,1.0049,0.86910,0.19208,1.0049
20,11,2,1,0,0,0,0,0.000,0.0000,0.3867,0.10005,1.94909,0.8651,0.15227,2.01378,44.1349,0.92651,0.05343,0.8651,0.89854,0.17652,0.8651,0.81576,0.27532,0.8651,0.25284,1.30055,0.8651,0.92651,0.05343,0.8651,0.43721,0.59800,39.1349,0.40028,0.63869,39.1349,0.43721,0.59800,39.1349,0.40028,0.63869,39.1349
20,11,4,2,0,1,3,3,0.000,0.0000,1.9320,0.01390,1.40871,0.1036,0.11518,1.40843,11.1036,0.56290,1.24758,0.1036,0.50542,1.04338,0.1036,0.57921,1.46760,0.1036,0.56290,1.24758,0.1036,0.50229,1.99246,0.1036,0.48381,0.51188,0.1036,0.96537,0.01903,0.1036,0.48381,0.51188,0.1036,0.96537,0.01903,0.1036
20,12,0,2,-1,0,1,1,0.000,0.0000,0.3762,0.64347,0.47281,7.4601,0.66348,0.45729,6.4601,0.64347,0.47281,7.4601,0.64347,0.47281,7.4601,0.64347,0.47281,7.4601,0.64347,0.47281,7.4601,0.64347,0.47281,7.4601,0.94675,0.07182,0.5399,0.94675,0.07182,0.5399,0.94675,0.07182,0.5399,0.94675,0.07182,0.5399
20,12,1,2,0,0,2,2,0.000,0.0000,0.0213,0.01219,2.00596,0.0049,0.07770,2.00331,21.0049,0.88215,0.18904,0.0049,0.97360,0.03705,0.0049,0.75537,0.41891,0.0049,0.26200,1.76166,0.0049,0.88215,0.18904,0.0049,0.06995,1.88627,1.0049,0.86910,0.19208,1.0049,0.06995,1.88627,1.0049,0.86910,0.19208,1.0049
20,12,2,2,0,0,0,0,0.000,0.0000,0.4033,0.78658,0.29856,0.1349,0.47220,0.51653,44.1349,0.84648,0.12444,0.1349,0.82578,0.20609,0.1349,0.77035,0.29958,0.1349,0.84648,0.12444,0.1349,0.84648,0.12444,0.1349,0.43721,0.59800,39.1349,0.40028,0.63869,39.1349,0.43721,0.59800,39.1349,0.40028,0.63869,39.1349
20,12,4,2,0,1,3,3,0.000,0.0000,2.4183,0.01520,1.51243,0.1036,0.11430,1.51264,11.1036,0.52853,1.43115,0.1036,0.50500,1.21811,0.1036,0.54159,1.65228,0.1036,0.52853,1.43115,0.1036,0.46998,2.17721,0.1036,0.48381,0.51188,0.1036,0.96537,0.01903,0.1036,0.48381,0.51188,0.1036,0.96537,0.01903,0.1036
20,13,0,2,-1,0,1,1,0.000,0.0000,0.3297,0.74717,0.15809,4.4601,0.71271,0.15395,6.4601,0.74717,0.15809,4.4601,0.74717,0.15809,4.4601,0.74717,0.15809,4.4601,0.74717,0.15809,4.4601,0.74717,0.15809,4.4601,0.94461,0.07256,0.5399,0.94461,0.07256,0.5399,0.94461,0.07256,0.5399,0.94461,0.07256,0.5399
20,13,1,2,0,0,2,2,0.000,0.0000,0.0115,0.05411,1.91493,0.0049,0.08147,1.97495,21.0049,0.87270,0.19837,0.0049,0.96631,0.03353,0.0049,0.75539,0.42695,0.0049,0.26363,1.75374,0.0049,0.87270,0.19837,0.0049,0.07033,1.88633,1.0049,0.86637,0.19266,1.0049,0.07033,1.88633,1.0049,0.86637,0.19266,1.0049
20,13,2,2,0,0,0,0,0.000,0.0000,0.3720,0.62672,0.73335,0.1349,0.45760,0.85705,44.1349,0.87483,0.09859,0.1349,0.85644,0.17990,0.1349,0.79530,0.29719,0.1349,0.87483,0.09859,0.1349,0.87483,0.09859,0.1349,0.43721,0.59800,39.1349,0.40028,0.63869,39.1349,0.43721,0.59800,39.1349,0.40028,0.63869,39.1349
20,13,4,2,0,1,3,3,0.000,0.0000,2.6911,0.01535,1.59402,0.1036,0.10707,1.59189,11.1036,0.49457,1.58575,0.1036,0.47262,1.37196,0.1036,0.50833,1.80676,0.1036,0.49457,1.58575,0.1036,0.44403,2.33164,0.1036,0.48381,0.51188,0.1036,0.96537,0.01903,0.1036,0.48381,0.51188,0.1036,0.96537,0.01903,0.1036
20,14,0,2,-1,0,1,1,0.000,0.0000,1.3849,0.29073,1.67752,19.4601,0.38318,1.71590,6.4601,0.29073,1.67752,19.4601,0.29073,1.67752,19.4601,0.29073,1.67752,19.4601,0.29073,1.67752,19.4601,0.29073,1.67752,19.4601,0.94676,0.06627,0.4601,0.94676,0.06627,0.4601,0.94676,0.06627,0.4601,0.94676,0.06627,0.4601
20,14,1,2,0,0,2,2,0.000,0.0000,0.0120,0.01578,1.99612,0.9951,0.07645,1.99973,21.0049,0.85141,0.19807,0.9951,0.93901,0.05271,0.9951,0.75468,0.42061,0.9951,0.26246,1.74146,0.9951,0.85141,0.19807,0.9951,0.07033,1.88633,1.0049,0.86637,0.19266,1.0049,0.07033,1.88633,1.0049,0.86637,0.19266,1.0049
20,14,2,2,0,0,0,0,0.000,0.0000,0.2958,0.89644,0.19302,0.1349,0.40301,0.80239,44.1349,0.93349,0.05276,0.1349,0.90431,0.17556,0.1349,0.81576,0.27850,0.1349,0.93349,0.05276,0.1349,0.93349,0.05276,0.1349,0.43128,0.59795,39.1349,0.40049,0.61896,39.1349,0.43128,0.59795,39.1349,0.40049,0.61896,39.1349
20,14,4,2,0,1,3,3,0.000,0.0000,2.8708,0.01516,1.69544,0.1036,0.08979,1.70674,11.1036,0.45178,1.84471,0.1036,0.43285,1.62816,0.1036,0.46034,2.06699,0.1036,0.45178,1.84471,0.1036,0.40228,2.59197,0.1036,0.48381,0.51188,0.1036,0.96537,0.01903,0.1036,0.48381,0.51188,0.1036,0.96537,0.01903,0.1036
20,15,0,2,-1,0,1,1,0.000,0.0000,1.0725,0.43952,0.39615,39.4601,0.68297,0.30116,6.4601,0.43952,0.39615,39.4601,0.43952,0.39615,39.4601,0.43952,0.39615,39.4601,0.43952,0.39615,39.4601,0.42203,0.39615,39.4601,0.79472,0.12823,4.4601,0.79472,0.12823,4.4601,0.79472,0.12823,4.4601,0.79472,0.12823,4.4601
20,15,1,2,0,0,2,2,0.000,0.0000,0.1559,0.01369,2.13594,0.0049,0.07657,2.00856,21.0049,0.87571,0.08273,0.0049,0.84522,0.30664,0.0049,0.73484,0.17170,0.0049,0.20865,1.97013,0.0049,0.87571,0.08273,0.0049,0.07033,1.88633,1.0049,0.86637,0.19266,1.0049,0.07033,1.88633,1.0049,0.86637,0.19266,1.0049
20,15,2,2,-1,0,0,0,0.000,0.0000,0.1121,0.59414,0.31654,8.8651,0.40019,0.72830,44.1349,0.59414,0.31654,8.8651,0.59414,0.31654,8.8651,0.59414,0.31654,8.8651,0.59414,0.31654,8.8651,0.60583,0.23462,8.8651,0.76106,0.27305,0.1349,0.76106,0.27305,0.1349,0.76106,0.27305,0.1349,0.76106,0.27305,0.1349
20,16,0,2,-1,0,1,1,0.000,0.0000,0.9066,0.52156,0.54166,20.5399,0.69428,0.25529,6.4601,0.52156,0.54166,20.5399,0.52156,0.54166,20.5399,0.52156,0.54166,20.5399,0.52156,0.54166,20.5399,0.52156,0.54166,20.5399,0.78531,0.15691,4.4601,0.78531,0.15691,4.4601,0.78531,0.15691,4.4601,0.78531,0.15691,4.4601
20,16,1,1,0,0,2,2,0.000,0.0000,0.1125,0.01505,1.99936,1.0049,0.07623,1.99625,21.0049,0.83708,0.19946,1.0049,0.92112,0.06907,1.0049,0.75087,0.41958,1.0049,0.26226,1.16123,1.0049,0.83708,0.19946,1.0049,0.07415,1.87864,0.0049,0.88092,0.19067,0.0049,0.07415,1.87864,0.0049,0.88092,0.19067,0.0049
20,16,2,2,0,0,0,0,0.000,0.0000,0.1437,0.86670,0.12791,0.1349,0.46637,0.23162,44.1349,0.84075,0.13692,0.1349,0.86670,0.12791,0.1349,0.76573,0.31581,0.1349,0.84075,0.13692,0.1349,0.84075,0.13692,0.1349,0.75925,0.27139,0.1349,0.75925,0.27139,0.1349,0.75925,0.27139,0.1349,0.75925,0.27139,0.1349
20,17,0,2,-1,0,1,1,0.000,0.0000,2.4070,0.21216,2.99810,5.5399,0.28906,3.15718,6.4601,0.21216,2.99810,5.5399,0.21216,2.99810,5.5399,0.21216,2.99810,5.5399,0.21216,2.99810,5.5399,0.21216,2.99810,5.5399,0.62175,0.21273,12.4601,0.62175,0.21273,12.4601,0.62175,0.21273,12.4601,0.62175,0.21273,12.4601
20,17,1,1,0,0,2,2,0.000,0.0000,0.0755,0.01266,2.00579,0.0049,0.07605,2.00203,21.0049,0.86881,0.18691,0.0049,0.95617,0.04096,0.0049,0.75539,0.41164,0.0049,0.26153,1.16367,0.0049,0.86881,0.18691,0.0049,0.07415,1.87864,0.0049,0.88092,0.19067,0.0049,0.07415,1.87864,0.0049,0.88092,0.19067,0.0049
20,17,2,2,-1,0,0,0,0.000,0.0000,0.2304,0.74458,0.28860,1.1349,0.45729,0.57541,44.1349,0.74458,0.28860,1.1349,0.74458,0.28860,1.1349,0.74458,0.28860,1.1349,0.74458,0.28860,1.1349,0.75436,0.24303,1.1349,0.75925,0.27139,0.1349,0.75925,0.27139,0.1349,0.75925,0.27139,0.1349,0.75925,0.27139,0.1349
20,17,4,2,-1,1,3,4,0.000,0.0000,1.7082,0.31830,2.12252,1.1036,0.28096,2.21642,11.1036,0.31830,2.12252,1.1036,0.31830,2.12252,1.1036,0.31830,2.12252,1.1036,0.31830,2.12252,1.1036,0.19967,2.66348,1.1036,0.73044,0.26628,0.1036,0.96537,0.01903,0.1036,0.06672,2.53783,0.1036,0.18769,2.98335,0.1036
20,18,0,2,0,0,1,1,0.000,0.0000,1.6181,0.83236,0.18655,2.5399,0.71425,0.17291,6.4601,0.83236,0.18655,2.5399,0.83236,0.18655,2.5399,0.83436,0.18160,2.5399,0.83236,0.18655,2.5399,0.83236,0.18655,2.5399,0.62175,0.21273,12.4601,0.62175,0.21273,12.4601,0.62175,0.21273,12.4601,0.62175,0.21273,12.4601
20,18,1,1,0,0,2,2,0.000,0.0000,0.0458,0.01437,2.00081,0.0049,0.07571,2.00042,21.0049,0.86837,0.18928,0.0049,0.95694,0.03632,0.0049,0.75539,0.41423,0.0049,0.26206,1.16083,0.0049,0.86837,0.18928,0.0049,0.07459,1.87862,0.0049,0.88457,0.19046,0.0049,0.07459,1.87862,0.0049,0.88457,0.19046,0.0049
20,18,2,2,0,-1,-1,-1,0.000,-1.0000,-1.0000,0.23348,1.64386,1.1349,0.17447,1.87503,44.1349,0.88443,0.08687,1.1349,0.86012,0.18369,1.1349,0.81576,0.27947,1.1349,0.25369,1.81424,1.1349,0.23348,1.64386,1.1349,0.23348,1.64386,1.1349,0.23348,1.64386,1.1349,0.23348,1.64386,1.1349,0.23348,1.64386,1.1349
20,18,4,2,0,1,3,4,0.000,0.0000,9.4348,0.32909,2.03373,6.1036,0.30640,2.08094,11.1036,0.49677,1.15247,6.1036,0.46198,1.36009,6.1036,0.52796,0.95277,6.1036,0.49677,1.15247,6.1036,0.58725,0.56617,6.1036,0.91564,0.08182,0.1036,0.96537,0.01903,0.1036,0.27621,2.26656,0.1036,0.18686,2.98883,0.1036
20,19,0,1,0,0,1,1,0.000,0.0000,1.1623,0.80721,0.19562,3.5399,0.69225,0.25506,6.4601,0.80721,0.19562,3.5399,0.80721,0.19562,3.5399,0.80721,0.19562,3.5399,0.80721,0.19562,3.5399,0.80721,0.19562,3.5399,0.60635,0.21569,12.4601,0.60635,0.21569,12.4601,0.60635,0.21569,12.4601,0.60635,0.21569,12.4601
20,19,1,1,0,0,2,2,0.000,0.0000,0.0297,0.01841,1.99464,0.0049,0.08151,1.99034,21.0049,0.88253,0.18602,0.0049,0.97265,0.03939,0.0049,0.75539,0.41099,0.0049,0.26144,1.16406,0.0049,0.88253,0.18602,0.0049,0.07458,1.87862,0.0049,0.88329,0.19045,0.0049,0.07458,1.87862,0.0049,0.88329,0.19045,0.0049
20,19,2,2,0,-1,-1,-1,0.000,-1.0000,-1.0000,0.00507,1.34702,0.1349,0.14592,1.34227,44.1349,0.34611,2.04088,0.1349,0.34284,1.82171,0.1349,0.32758,2.26477,0.1349,0.34611,2.04088,0.1349,0.00507,1.34702,0.1349,0.00507,1.34702,0.1349,0.00507,1.34702,0.1349,0.00507,1.34702,0.1349,0.00507,1.34702,0.1349
20,19,4,2,0,1,3,4,0.000,0.0000,8.6232,0.42496,1.84130,0.1036,0.35454,1.89990,11.1036,0.68262,0.98748,0.1036,0.61507,1.21243,0.1036,0.75057,0.76242,0.1036,0.68262,0.98748,0.1036,0.89874,0.23735,0.1036,0.93510,0.06250,0.1036,0.96537,0.01903,0.1036,0.31711,2.12298,0.1036,0.19841,2.90672,0.1036
20,20,0,1,0,0,1,1,0.000,0.0000,0.6854,0.60694,0.37027,0.4601,0.56936,0.45125,6.4601,0.90809,0.08094,0.4601,0.81475,0.17060,0.4601,0.87038,0.01408,0.4601,0.90809,0.08094,0.4601,0.90809,0.08094,0.4601,0.82317,0.15488,1.4601,0.82317,0.15488,1.4601,0.82317,0.15488,1.4601,0.82317,0.15488,1.4601
20,20,1,1,0,1,2,2,0.000,0.0000,0.1733,0.01422,2.16836,0.0049,0.07842,2.00328,21.0049,0.88151,0.14917,0.0049,0.82260,0.37415,0.0049,0.75539,0.07594,0.0049,0.20086,1.49914,0.0049,0.61696,0.60087,0.0049,0.08196,1.87459,1.9951,0.82755,0.18203,1.9951,0.08196,1.87459,1.9951,0.82755,0.18203,1.9951
20,20,2,2,0,0,0,0,0.000,0.0000,0.1482,0.01040,0.95218,0.1349,0.33256,0.94716,44.1349,0.87899,0.13573,0.1349,0.78699,0.19697,0.1349,0.81548,0.33985,0.1349,0.87899,0.13573,0.1349,0.87899,0.13573,0.1349,0.75925,0.27139,0.1349,0.75925,0.27139,0.1349,0.75925,0.27139,0.1349,0.75925,0.27139,0.1349
20,20,4,2,0,1,3,4,0.000,0.0000,7.1569,0.45316,1.58537,0.1036,0.34691,1.68952,11.1036,0.61765,0.98854,0.1036,0.55448,1.21257,0.1036,0.74782,0.75684,0.1036,0.61765,0.98854,0.1036,0.90044,0.23210,0.1036,0.93510,0.06250,0.1036,0.96537,0.01904,0.1036,0.33519,2.06094,0.1036,0.20478,2.86172,0.1036
20,21,0,1,0,0,1,1,0.000,0.0000,0.3197,0.88701,0.09541,0.5399,0.75597,0.23872,6.4601,0.89730,0.08537,0.5399,0.88701,0.09541,0.5399,0.87038,0.00845,0.5399,0.89730,0.08537,0.5399,0.89730,0.08537,0.5399,0.82317,0.15488,1.4601,0.82317,0.15488,1.4601,0.82317,0.15488,1.4601,0.82317,0.15488,1.4601
20,21,1,2,0,1,2,2,0.000,0.0000,0.2496,0.03391,2.06698,6.9951,0.11587,1.98514,21.0049,0.71097,0.22164,6.9951,0.71464,0.32905,6.9951,0.64811,0.30203,6.9951,0.22307,1.38664,6.9951,0.53925,0.76368,6.9951,0.05052,1.98683,10.0049,0.64374,0.33176,10.0049,0.05052,1.98683,10.0049,0.64374,0.33176,10.0049
20,21,2,2,-1,0,0,0,0.000,0.0000,0.4307,0.46814,0.69939,23.8651,0.47558,0.54404,44.1349,0.46814,0.69939,23.8651,0.46814,0.69939,23.8651,0.46814,0.69939,23.8651,0.46814,0.69939,23.8651,0.49205,0.62113,23.8651,0.75925,0.27139,0.1349,0.75925,0.27139,0.1349,0.75925,0.27139,0.1349,0.75925,0.27139,0.1349
20,21,4,2,-1,1,3,4,0.000,0.0000,5.4733,0.52289,1.49100,1.1036,0.45584,1.50464,11.1036,0.52289,1.49100,1.1036,0.52289,1.49100,1.1036,0.52289,1.49100,1.1036,0.52289,1.49100,1.1036,0.73650,0.62317,1.1036,0.93573,0.06188,0.1036,0.96537,0.01904,0.1036,0.39717,1.84370,0.1036,0.90072,0.23060,0.1036
20,22,0,1,0,0,1,1,0.000,0.0000,0.1054,0.80266,0.25592,2.4601,0.71196,0.28268,6.4601,0.80266,0.25592,2.4601,0.80266,0.25592,2.4601,0.80266,0.25592,2.4601,0.80266,0.25592,2.4601,0.80266,0.25592,2.4601,0.81212,0.18479,1.4601,0.81212,0.18479,1.4601,0.81212,0.18479,1.4601,0.81212,0.18479,1.4601
20,22,1,2,-1,0,2,2,0.000,0.0000,0.2464,0.58968,0.34220,12.9951,0.43191,0.71064,21.0049,0.58968,0.34220,12.9951,0.58968,0.34220,12.9951,0.58968,0.34220,12.9951,0.58968,0.34220,12.9951,0.58771,0.10227,12.9951,0.05042,1.99074,10.0049,0.64374,0.32971,10.0049,0.05042,1.99074,10.0049,0.64374,0.32971,10.0049
20,22,2,2,0,0,0,0,0.000,0.0000,0.2762,0.82140,0.30250,1.8651,0.42870,0.76536,44.1349,0.83094,0.27947,1.8651,0.82140,0.30250,1.8651,0.81242,0.05273,1.8651,0.83094,0.27947,1.8651,0.83094,0.27947,1.8651,0.75925,0.27139,0.1349,0.75925,0.27139,0.1349,0.75925,0.27139,0.1349,0.75925,0.27139,0.1349
20,22,4,2,0,1,3,4,0.000,0.0000,4.5951,0.59594,0.93987,4.1036,0.44853,1.09899,11.1036,0.59594,0.93987,4.1036,0.59594,0.93987,4.1036,0.64722,0.83093,4.1036,0.59594,0.93987,4.1036,0.75387,0.34842,4.1036,0.93573,0.06188,0.1036,0.96537,0.01904,0.1036,0.48605,1.58219,0.1036,0.90072,0.23060,0.1036
20,23,0,2,-1,0,1,1,0.000,0.0000,0.5802,0.47339,0.89116,0.5399,0.46870,0.75070,6.4601,0.47339,0.89116,0.5399,0.47339,0.89116,0.5399,0.47339,0.89116,0.5399,0.47339,0.89116,0.5399,0.47339,0.89116,0.5399,0.80898,0.19272,1.4601,0.80898,0.19272,1.4601,0.80898,0.19272,1.4601,0.80898,0.19272,1.4601
20,23,1,2,0,0,2,2,0.000,0.0000,0.0964,0.85497,0.10964,0.0049,0.42240,0.70899,21.0049,0.78252,0.21382,0.0049,0.86662,0.09588,0.0049,0.71138,0.42836,0.0049,0.78252,0.21382,0.0049,0.78252,0.21382,0.0049,0.07212,1.94761,0.0049,0.88329,0.05248,0.0049,0.07212,1.94761,0.0049,0.88329,0.05248,0.0049
20,23,2,2,0,0,0,0,0.000,0.0000,0.1362,0.62236,0.34656,0.1349,0.43082,0.74688,44.1349,0.89043,0.09649,0.1349,0.80815,0.17440,0.1349,0.81576,0.30100,0.1349,0.89043,0.09649,0.1349,0.89043,0.09649,0.1349,0.75925,0.27139,0.1349,0.75926,0.27139,0.1349,0.75925,0.27139,0.1349,0.75926,0.27139,0.1349
20,23,4,2,-1,1,3,4,0.000,0.0000,3.7244,0.87341,0.34603,0.1036,0.49753,0.70400,11.1036,0.87341,0.34603,0.1036,0.87341,0.34603,0.1036,0.87341,0.34603,0.1036,0.87341,0.34603,0.1036,0.89617,0.24640,0.1036,0.93530,0.06207,0.1036,0.96491,0.01965,0.1036,0.57406,1.30938,0.1036,0.89987,0.23358,0.1036
20,24,0,2,-1,0,1,1,0.000,0.0000,0.5581,0.79938,0.18277,0.5399,0.73327,0.17496,6.4601,0.79938,0.18277,0.5399,0.79938,0.18277,0.5399,0.79938,0.18277,0.5399,0.79938,0.18277,0.5399,0.79938,0.18277,0.5399,0.80982,0.18576,1.4601,0.80982,0.18576,1.4601,0.80982,0.18576,1.4601,0.80982,0.18576,1.4601
20,24,1,2,0,0,2,2,0.000,0.0000,0.0623,0.85418,0.14088,0.0049,0.40418,0.73502,21.0049,0.78354,0.24241,0.0049,0.87009,0.12577,0.0049,0.71264,0.45051,0.0049,0.78354,0.24241,0.0049,0.78354,0.24241,0.0049,0.75805,0.25694,6.0049,0.73174,0.20458,6.0049,0.75805,0.25694,6.0049,0.73174,0.20458,6.0049
20,24,2,2,0,0,0,0,0.000,0.0000,0.0536,0.86870,0.12685,3.1349,0.43901,0.69806,44.1349,0.85881,0.10280,3.1349,0.86870,0.12686,3.1349,0.78368,0.29373,3.1349,0.85881,0.10280,3.1349,0.85881,0.10280,3.1349,0.75925,0.27139,0.1349,0.75926,0.27139,0.1349,0.75925,0.27139,0.1349,0.75926,0.27139,0.1349
20,24,4,2,-1,1,3,4,0.000,0.0000,3.0820,0.95042,0.08305,0.1036,0.49907,0.63359,11.1036,0.95042,0.08305,0.1036,0.95042,0.08305,0.1036,0.95042,0.08305,0.1036,0.95042,0.08305,0.1036,0.94484,0.07904,0.1036,0.95629,0.04141,0.1036,0.96491,0.01965,0.1036,0.66832,0.99437,0.1036,0.89987,0.23448,0.1036
20,25,0,2,-1,0,1,1,0.000,0.0000,0.4571,0.78977,0.21400,0.4601,0.75194,0.19926,6.4601,0.78977,0.21400,0.4601,0.78977,0.21400,0.4601,0.78977,0.21400,0.4601,0.78977,0.21400,0.4601,0.78977,0.21400,0.4601,0.80888,0.17783,1.4601,0.80888,0.17783,1.4601,0.80888,0.17783,1.4601,0.80888,0.17783,1.4601
20,25,1,2,0,0,2,2,0.000,0.0000,0.1524,0.86631,0.13443,0.0049,0.57125,0.33462,21.0049,0.77629,0.27250,0.0049,0.86221,0.13495,0.0049,0.70594,0.48120,0.0049,0.77629,0.27250,0.0049,0.77629,0.27250,0.0049,0.80049,0.18588,5.0049,0.75415,0.18588,5.0049,0.80049,0.18588,5.0049,0.75415,0.18588,5.0049
20,25,2,2,0,0,0,0,0.000,0.0000,0.0375,0.89021,0.17003,0.1349,0.40829,0.78371,44.1349,0.91524,0.07150,0.1349,0.89179,0.16650,0.1349,0.81576,0.28854,0.1349,0.91524,0.07150,0.1349,0.91524,0.07150,0.1349,0.75901,0.27116,0.1349,0.75901,0.27116,0.1349,0.75901,0.27116,0.1349,0.75901,0.27116,0.1349
20,25,4,2,-1,1,3,4,0.000,0.0000,2.6329,0.80428,0.21903,0.1036,0.47511,0.65815,11.1036,0.80428,0.21903,0.1036,0.80428,0.21903,0.1036,0.80428,0.21903,0.1036,0.80428,0.21903,0.1036,0.80428,0.21903,0.1036,0.95445,0.04326,0.1036,0.96485,0.02312,0.1036,0.85863,0.34166,0.1036,0.89976,0.23484,0.1036
20,26,0,2,-1,0,1,1,0.000,0.0000,0.4098,0.67232,0.07745,2.5399,0.70595,0.17557,6.4601,0.67232,0.07745,2.5399,0.67232,0.07745,2.5399,0.67232,0.07745,2.5399,0.67232,0.07745,2.5399,0.67232,0.07746,2.5399,0.80409,0.19611,0.4601,0.80409,0.19611,0.4601,0.80409,0.19611,0.4601,0.80409,0.19611,0.4601
20,26,1,1,-1,0,2,2,0.000,0.0000,1.5309,0.21616,2.77596,3.0049,0.13864,2.55112,21.0049,0.21616,2.77596,3.0049,0.21616,2.77596,3.0049,0.21616,2.77596,3.0049,0.21616,2.77596,3.0049,0.21616,2.77596,3.0049,0.75504,0.18653,5.9951,0.72775,0.18653,5.9951,0.75504,0.18653,5.9951,0.72775,0.18653,5.9951
20,26,2,2,0,0,0,0,0.000,0.0000,0.0647,0.85738,0.14785,0.8651,0.41920,0.72290,44.1349,0.85557,0.12578,0.8651,0.85738,0.14785,0.8651,0.77908,0.31601,0.8651,0.85557,0.12578,0.8651,0.85557,0.12578,0.8651,0.75259,0.25322,0.8651,0.75259,0.25322,0.8651,0.75259,0.25322,0.8651,0.75259,0.25322,0.8651
20,26,4,2,-1,1,3,4,0.000,0.0000,2.1205,0.80182,0.21670,2.1036,0.46975,0.67451,11.1036,0.80182,0.21670,2.1036,0.80182,0.21670,2.1036,0.80182,0.21670,2.1036,0.80182,0.21670,2.1036,0.83461,0.18749,2.1036,0.95445,0.04326,0.1036,0.96485,0.02312,0.1036,0.88907,0.23731,0.1036,0.89987,0.23449,0.1036
20,27,0,2,-1,0,1,1,0.000,0.0000,0.2413,0.58403,0.34376,11.5399,0.71906,0.34304,6.4601,0.58403,0.34376,11.5399,0.58403,0.34376,11.5399,0.58403,0.34376,11.5399,0.58403,0.34376,11.5399,0.59981,0.26736,11.5399,0.79931,0.17988,1.4601,0.79931,0.17988,1.4601,0.79931,0.17988,1.4601,0.79931,0.17988,1.4601
20,27,1,1,0,0,2,2,0.000,0.0000,0.9734,0.89103,0.10106,1.0049,0.53604,0.17792,21.0049,0.83096,0.10106,1.0049,0.89103,0.10106,1.0049,0.75530,0.10100,1.0049,0.83096,0.10106,1.0049,0.83096,0.10106,1.0049,0.79058,0.13362,4.9951,0.74659,0.13362,4.9951,0.79058,0.13362,4.9951,0.74659,0.13362,4.9951
20,27,2,2,0,0,0,0,0.000,0.0000,0.0983,0.88509,0.10802,0.1349,0.42004,0.71526,44.1349,0.88840,0.09121,0.1349,0.88509,0.10802,0.1349,0.81576,0.29188,0.1349,0.88840,0.09121,0.1349,0.88840,0.09121,0.1349,0.75259,0.25322,0.8651,0.75259,0.25322,0.8651,0.75259,0.25322,0.8651,0.75259,0.25322,0.8651
20,27,4,2,-1,1,3,4,0.000,0.0000,1.6722,0.94524,0.04310,0.8964,0.48275,0.65088,11.1036,0.94524,0.04310,0.8964,0.94524,0.04310,0.8964,0.94524,0.04310,0.8964,0.94524,0.04310,0.8964,0.94524,0.04310,0.8964,0.95445,0.04326,0.1036,0.96485,0.02312,0.1036,0.94903,0.05011,0.1036,0.96067,0.03436,0.1036
20,28,0,2,-1,0,1,1,0.000,0.0000,0.1848,0.64548,0.31866,10.5399,0.64774,0.33739,6.4601,0.64548,0.31866,10.5399,0.64548,0.31866,10.5399,0.64548,0.31866,10.5399,0.64548,0.31866,10.5399,0.66255,0.24242,10.5399,0.80194,0.19081,0.4601,0.80194,0.19081,0.4601,0.80194,0.19081,0.4601,0.80194,0.19081,0.4601
20,28,1,1,0,0,2,2,0.000,0.0000,0.4791,0.95417,0.02879,0.0049,0.55217,0.08559,21.0049,0.85546,0.02879,0.0049,0.95051,0.02879,0.0049,0.75539,0.00378,0.0049,0.85546,0.02879,0.0049,0.85546,0.02879,0.0049,0.79061,0.13348,4.9951,0.74659,0.13348,4.9951,0.79061,0.13348,4.9951,0.74659,0.13348,4.9951
20,28,2,2,0,0,0,0,0.000,0.0000,0.1324,0.94687,0.04927,1.1349,0.41884,0.68572,44.1349,0.91388,0.08369,1.1349,0.94687,0.04927,1.1349,0.81576,0.30129,1.1349,0.91388,0.08369,1.1349,0.91388,0.08369,1.1349,0.75259,0.25322,0.8651,0.75259,0.25322,0.8651,0.75259,0.25322,0.8651,0.75259,0.25322,0.8651
20,28,4,2,-1,1,3,4,0.000,0.0000,1.2178,0.92403,0.17139,0.1036,0.49699,0.64016,11.1036,0.92403,0.17139,0.1036,0.92403,0.17139,0.1036,0.92403,0.17139,0.1036,0.92403,0.17139,0.1036,0.91905,0.16957,0.1036,0.95445,0.04326,0.1036,0.96485,0.02312,0.1036,0.94894,0.05026,0.1036,0.96058,0.03459,0.1036
20,29,0,2,-1,0,1,1,0.000,0.0000,0.2460,0.52493,0.89652,11.5399,0.58635,0.84155,6.4601,0.52493,0.89652,11.5399,0.52493,0.89652,11.5399,0.52493,0.89652,11.5399,0.52493,0.89652,11.5399,0.67814,0.27826,11.5399,0.76987,0.12722,0.4601,0.76987,0.12722,0.4601,0.76987,0.12722,0.4601,0.76987,0.12722,0.4601
20,29,1,1,0,0,2,2,0.000,0.0000,0.1094,0.95971,0.03608,0.0049,0.57014,0.15972,21.0049,0.85664,0.03608,0.0049,0.95147,0.03608,0.0049,0.75539,0.00698,0.0049,0.85664,0.03608,0.0049,0.85664,0.03608,0.0049,0.81554,0.11031,3.9951,0.76616,0.11031,3.9951,0.81554,0.11031,3.9951,0.76616,0.11031,3.9951
20,29,2,2,0,0,0,0,0.000,0.0000,0.1610,0.95541,0.06832,0.1349,0.42019,0.68851,44.1349,0.93583,0.07822,0.1349,0.95541,0.06832,0.1349,0.81576,0.30360,0.1349,0.93583,0.07822,0.1349,0.93583,0.07822,0.1349,0.75259,0.25322,0.8651,0.75259,0.25322,0.8651,0.75259,0.25322,0.8651,0.75259,0.25322,0.8651
20,29,4,2,-1,1,3,4,0.000,0.0000,0.9407,0.37003,0.77336,39.1036,0.45291,0.75644,11.1036,0.37003,0.77336,39.1036,0.37003,0.77336,39.1036,0.37003,0.77336,39.1036,0.37003,0.77336,39.1036,0.37003,0.77336,39.1036,0.95224,0.04540,0.1036,0.96259,0.02691,0.1036,0.94683,0.05423,0.1036,0.95841,0.04013,0.1036
20,30,0,2,-1,0,1,1,0.000,0.0000,0.2648,0.78412,0.19066,2.4601,0.68312,0.21462,6.4601,0.78412,0.19066,2.4601,0.78412,0.19066,2.4601,0.78412,0.19066,2.4601,0.78412,0.19066,2.4601,0.78412,0.19066,2.4601,0.76987,0.12722,0.4601,0.76987,0.12722,0.4601,0.76987,0.12722,0.4601,0.76987,0.12722,0.4601
20,30,1,2,0,0,2,2,0.000,0.0000,0.2854,0.94035,0.04309,0.9951,0.55490,0.32299,21.0049,0.84072,0.24103,0.9951,0.93380,0.04459,0.9951,0.75532,0.46283,0.9951,0.84072,0.24103,0.9951,0.84072,0.24103,0.9951,0.83022,0.09105,2.9951,0.77880,0.22938,2.9951,0.83022,0.09105,2.9951,0.77880,0.22938,2.9951
20,30,2,2,0,0,0,0,0.000,0.0000,0.1725,0.93230,0.10717,0.1349,0.41214,0.73672,44.1349,0.93040,0.07069,0.1349,0.93230,0.10717,0.1349,0.81576,0.29620,0.1349,0.93040,0.07069,0.1349,0.93040,0.07069,0.1349,0.75259,0.25322,0.8651,0.75259,0.25322,0.8651,0.75259,0.25322,0.8651,0.75259,0.25322,0.8651
20,30,4,2,-1,1,3,4,0.000,0.0000,0.7304,0.36836,0.74810,42.8964,0.45084,0.75709,11.1036,0.36836,0.74810,42.8964,0.36836,0.74810,42.8964,0.36836,0.74810,42.8964,0.36836,0.74810,42.8964,0.34738,0.74810,42.8964,0.92972,0.10480,0.1036,0.93946,0.09821,0.1036,0.92443,0.11990,0.1036,0.93539,0.11421,0.1036
20,31,0,2,0,0,1,1,0.000,0.0000,0.1907,0.75510,0.39763,1.5399,0.66568,0.40173,6.4601,0.84148,0.15976,1.5399,0.76361,0.37376,1.5399,0.83499,0.11224,1.5399,0.84148,0.15976,1.5399,0.84148,0.15976,1.5399,0.76987,0.12722,0.4601,0.76987,0.12722,0.4601,0.76987,0.12722,0.4601,0.76987,0.12722,0.4601
20,31,1,2,0,0,2,2,0.000,0.0000,0.5033,0.84542,0.12359,2.9951,0.55963,0.17678,21.0049,0.78475,0.19802,2.9951,0.84542,0.12359,2.9951,0.72880,0.39011,2.9951,0.78475,0.19802,2.9951,0.78475,0.19802,2.9951,0.82750,0.08135,2.9951,0.77987,0.20958,2.9951,0.82750,0.08135,2.9951,0.77987,0.20958,2.9951
20,31,2,2,0,0,0,0,0.000,0.0000,0.1542,0.88294,0.16566,0.1349,0.41959,0.76107,44.1349,0.90560,0.09307,0.1349,0.88977,0.15065,0.1349,0.81576,0.30789,0.1349,0.90560,0.09307,0.1349,0.90560,0.09307,0.1349,0.75259,0.25322,0.8651,0.75259,0.25322,0.8651,0.75259,0.25322,0.8651,0.75259,0.25322,0.8651
20,31,4,2,-1,1,3,4,0.000,0.0000,0.3831,0.69288,0.25018,5.8964,0.47265,0.69737,11.1036,0.69288,0.25018,5.8964,0.69288,0.25018,5.8964,0.69288,0.25018,5.8964,0.69288,0.25018,5.8964,0.69288,0.25018,5.8964,0.90587,0.10901,0.8964,0.90587,0.10901,0.8964,0.90619,0.12402,0.8964,0.90619,0.12402,0.8964
20,32,0,2,0,0,1,1,0.000,0.0000,0.1452,0.28509,1.67411,1.4601,0.29247,1.67585,6.4601,0.88757,0.14273,1.4601,0.80530,0.35905,1.4601,0.87038,0.09677,1.4601,0.23836,1.93647,1.4601,0.88757,0.14273,1.4601,0.76987,0.12722,0.4601,0.76987,0.12722,0.4601,0.76987,0.12722,0.4601,0.76987,0.12722,0.4601
20,32,1,2,-1,0,2,2,0.000,0.0000,0.5305,0.47417,0.34040,13.9951,0.38293,0.68979,21.0049,0.47417,0.34040,13.9951,0.47417,0.34040,13.9951,0.47417,0.34040,13.9951,0.47417,0.34040,13.9951,0.46887,0.33388,13.9951,0.82644,0.08166,2.9951,0.77887,0.20971,2.9951,0.82644,0.08166,2.9951,0.77887,0.20971,2.9951
20,32,2,2,0,0,0,0,0.000,0.0000,0.1257,0.87990,0.11141,0.1349,0.43155,0.67245,44.1349,0.89649,0.08868,0.1349,0.87990,0.11141,0.1349,0.81576,0.29682,0.1349,0.89649,0.08868,0.1349,0.89649,0.08868,0.1349,0.75259,0.25322,0.8651,0.75259,0.25322,0.8651,0.75259,0.25322,0.8651,0.75259,0.25322,0.8651
20,32,4,2,-1,-1,-1,-1,0.000,-1.0000,-1.0000,0.61754,0.47007,7.1036,0.48413,0.66375,11.1036,0.61754,0.47007,7.1036,0.61754,0.47007,7.1036,0.61754,0.47007,7.1036,0.61754,0.47007,7.1036,0.61754,0.47007,7.1036,0.61754,0.47007,7.1036,0.61754,0.47007,7.1036,0.61754,0.47007,7.1036,0.61754,0.47007,7.1036
20,33,0,2,0,0,1,1,0.000,0.0000,0.1457,0.12656,2.04895,0.5399,0.14379,2.04869,6.4601,0.93133,0.13014,0.5399,0.83811,0.35505,0.5399,0.85633,0.12841,0.5399,0.23767,2.00079,0.5399,0.93133,0.13014,0.5399,0.76987,0.12722,0.4601,0.76987,0.12722,0.4601,0.76987,0.12722,0.4601,0.76987,0.12722,0.4601
20,33,1,2,-1,0,2,2,0.000,0.0000,0.7594,0.67133,0.45697,1.0049,0.47110,0.18051,21.0049,0.67133,0.45697,1.0049,0.67133,0.45697,1.0049,0.67133,0.45697,1.0049,0.67133,0.45697,1.0049,0.67133,0.45697,1.0049,0.82224,0.17050,0.0049,0.79180,0.24128,0.0049,0.82224,0.17050,0.0049,0.79180,0.24128,0.0049
20,33,2,2,0,0,0,0,0.000,0.0000,0.1148,0.89525,0.16169,0.1349,0.41896,0.75421,44.1349,0.91738,0.09574,0.1349,0.90552,0.13906,0.1349,0.81576,0.31644,0.1349,0.91738,0.09574,0.1349,0.91738,0.09574,0.1349,0.75259,0.25322,0.8651,0.75259,0.25322,0.8651,0.75259,0.25322,0.8651,0.75259,0.25322,0.8651
20,33,4,2,0,1,3,4,0.000,0.0000,0.3974,0.16726,2.77520,14.8964,0.20470,2.70494,11.1036,0.17124,2.58947,14.8964,0.16153,2.67670,14.8964,0.17817,2.50243,14.8964,0.17124,2.58947,14.8964,0.49944,0.76501,14.8964,0.90587,0.10901,0.8964,0.90587,0.10901,0.8964,0.90619,0.12402,0.8964,0.90619,0.12402,0.8964
20,34,0,2,0,0,1,1,0.000,0.0000,0.1661,0.09950,2.12014,1.5399,0.12172,2.08805,6.4601,0.88786,0.15752,1.5399,0.80357,0.37785,1.5399,0.81302,0.15701,1.5399,0.23031,2.05047,1.5399,0.88786,0.15752,1.5399,0.60636,0.14064,8.5399,0.60636,0.14064,8.5399,0.60636,0.14064,8.5399,0.60636,0.14064,8.5399
20,34,1,2,-1,0,2,2,0.000,0.0000,0.7654,0.82191,0.17464,0.9951,0.54302,0.30880,21.0049,0.82191,0.17464,0.9951,0.82191,0.17464,0.9951,0.82191,0.17464,0.9951,0.82191,0.17464,0.9951,0.73975,0.27265,0.9951,0.76947,0.17189,1.9951,0.74689,0.22901,1.9951,0.76947,0.17189,1.9951,0.74689,0.22901,1.9951
20,34,2,2,0,0,0,0,0.000,0.0000,0.0993,0.91705,0.10621,0.1349,0.42021,0.71405,44.1349,0.91313,0.09839,0.1349,0.91705,0.10621,0.1349,0.81576,0.31707,0.1349,0.91313,0.09839,0.1349,0.91313,0.09839,0.1349,0.75259,0.25322,0.8651,0.75259,0.25323,0.8651,0.75259,0.25322,0.8651,0.75259,0.25323,0.8651
20,34,4,1,0,1,3,4,0.000,0.0000,0.5331,0.08679,2.97495,0.8964,0.04879,3.16643,11.1036,0.19304,2.40600,0.8964,0.18564,2.49569,0.8964,0.19774,2.31634,0.8964,0.19304,2.40600,0.8964,0.75870,0.36107,0.8964,0.90419,0.10872,0.8964,0.90419,0.10872,0.8964,0.90451,0.12384,0.8964,0.90451,0.12384,0.8964
20,35,0,2,0,0,1,1,0.000,0.0000,0.1603,0.08083,2.15806,0.5399,0.10110,2.15237,6.4601,0.92167,0.13088,0.5399,0.83074,0.35444,0.5399,0.84283,0.14066,0.5399,0.23552,2.01060,0.5399,0.92167,0.13088,0.5399,0.60636,0.14064,8.5399,0.60636,0.14064,8.5399,0.60636,0.14064,8.5399,0.60636,0.14064,8.5399
20,35,1,2,-1,0,2,2,0.000,0.0000,0.5478,0.41348,0.80952,10.0049,0.37981,0.74475,21.0049,0.41348,0.80952,10.0049,0.41348,0.80952,10.0049,0.41348,0.80952,10.0049,0.41348,0.80952,10.0049,0.40581,0.77046,10.0049,0.67761,0.07636,9.0049,0.67565,0.06999,9.0049,0.67761,0.07636,9.0049,0.67565,0.06999,9.0049
20,35,2,2,0,0,0,0,0.000,0.0000,0.0704,0.89490,0.09600,0.1349,0.44515,0.63092,44.1349,0.89354,0.09809,0.1349,0.89491,0.09599,0.1349,0.81576,0.30587,0.1349,0.89354,0.09809,0.1349,0.89354,0.09809,0.1349,0.75259,0.25322,0.8651,0.75259,0.25322,0.8651,0.75259,0.25322,0.8651,0.75259,0.25322,0.8651
20,35,4,1,-1,1,3,4,0.000,0.0000,0.5861,0.01005,3.34907,0.8964,0.03329,3.30956,11.1036,0.01005,3.34907,0.8964,0.01005,3.34907,0.8964,0.01005,3.34907,0.8964,0.01005,3.34907,0.8964,0.80096,0.55363,0.8964,0.89992,0.11608,0.8964,0.89992,0.11607,0.8964,0.90023,0.13139,0.8964,0.90023,0.13139,0.8964
20,36,0,2,0,0,1,1,0.000,0.0000,0.2601,0.22183,1.84903,8.5399,0.23814,1.87711,6.4601,0.72237,0.30380,8.5399,0.67634,0.48013,8.5399,0.72221,0.23517,8.5399,0.22611,1.56220,8.5399,0.72237,0.30380,8.5399,0.60636,0.14064,8.5399,0.60636,0.14064,8.5399,0.60636,0.14064,8.5399,0.60636,0.14064,8.5399
20,36,1,2,0,0,2,2,0.000,0.0000,0.4648,0.94398,0.07402,0.0049,0.54554,0.34967,21.0049,0.86982,0.12557,0.0049,0.94398,0.07402,0.0049,0.75539,0.35080,0.0049,0.86982,0.12557,0.0049,0.86982,0.12557,0.0049,0.67761,0.07636,9.0049,0.67565,0.06999,9.0049,0.67761,0.07636,9.0049,0.67565,0.06999,9.0049
20,36,2,2,0,0,0,0,0.000,0.0000,0.0487,0.91571,0.07077,0.1349,0.43748,0.62250,44.1349,0.88695,0.11102,0.1349,0.91571,0.07077,0.1349,0.81576,0.31612,0.1349,0.88695,0.11102,0.1349,0.88695,0.11102,0.1349,0.75259,0.25322,0.8651,0.75259,0.25322,0.8651,0.75259,0.25322,0.8651,0.75259,0.25322,0.8651
20,36,4,2,-1,1,3,4,0.000,0.0000,0.5033,0.38894,1.82076,14.1036,0.40559,1.79814,11.1036,0.38894,1.82076,14.1036,0.38894,1.82076,14.1036,0.38894,1.82076,14.1036,0.38894,1.82076,14.1036,0.56834,0.61269,14.1036,0.88441,0.16046,0.8964,0.88441,0.16045,0.8964,0.88471,0.17605,0.8964,0.88471,0.17605,0.8964
