scenario,planner,seed,k_samples,t_horizon,grad_steps,alpha,reached_goal,collision_free,success,steps,final_distance,min_goal_distance,cumulative_cost,collisions,mean_control_delta,control_roughness,avg_control_ms,total_control_ms,episode_ms,sample_budget,p95_control_ms,max_control_ms,control_deadline_ms,avg_control_slot_ms,deadline_misses,deadline_feasible,real_time_success
box_gap_return,oi_face_rot_anchor_mppi,19956,256,16,0,0,1,1,1,272,0.227224,0.0417668,47.4881,0,0.776599,1.05021,0.246721,67.108,70.6455,1114112,0.2902,0.3108,0,0.246806,0,1,1
box_gap_return,oi_face_rot_anchor_mppi,19963,256,16,0,0,1,1,1,131,0.245308,0.126014,22.3711,0,0.936358,1.5658,0.23292,30.5125,32.1174,536576,0.2758,0.3154,0,0.233022,0,1,1
box_gap_return,oi_face_rot_anchor_mppi,19970,256,16,0,0,1,1,1,242,0.14389,0.340406,45.0141,0,0.7161,0.913524,0.249979,60.495,63.3769,991232,0.2907,0.337,0,0.25007,0,1,1
box_gap_return,oi_face_rot_anchor_mppi,19977,256,16,0,0,1,1,1,399,0.24095,0.0101011,71.2143,0,0.752121,0.971219,0.258072,102.971,107.85,1634304,0.2918,0.8444,0,0.258139,0,1,1
box_gap_return,oi_face_rot_anchor_mppi,19984,256,16,0,0,1,1,1,184,0.245145,0.140029,23.8651,0,0.940993,1.63657,0.214861,39.5344,41.9234,753664,0.2757,0.3094,0,0.214979,0,1,1
box_gap_return,oi_face_rot_anchor_mppi,19991,256,16,0,0,1,1,1,145,0.244286,0.232168,23.2707,0,0.887188,1.30236,0.234532,34.0071,35.7293,593920,0.2782,0.3136,0,0.234652,0,1,1
box_gap_return,oi_face_rot_anchor_mppi,19998,256,16,0,0,1,1,1,91,0.242955,0.0322951,13.204,0,0.861421,1.17914,0.219826,20.0042,21.0294,372736,0.2807,0.2845,0,0.219962,0,1,1
box_gap_return,oi_face_rot_anchor_mppi,20005,256,16,0,0,1,1,1,86,0.211032,0.0207556,13.5347,0,0.954522,1.48911,0.224728,19.3266,20.5176,352256,0.2869,0.3078,0,0.224859,0,1,1
box_gap_return,oi_face_rot_anchor_mppi,20012,256,16,0,0,1,1,1,140,0.187165,0.0395545,23.7144,0,0.890238,1.33419,0.226813,31.7538,33.4675,573440,0.2792,0.2923,0,0.226916,0,1,1
box_gap_return,oi_face_rot_anchor_mppi,20019,256,16,0,0,1,1,1,167,0.196407,0.00628785,26.243,0,0.816641,1.11124,0.236348,39.4702,41.7621,684032,0.2849,0.302,0,0.236446,0,1,1
box_gap_return,oi_face_rot_anchor_mppi,20026,256,16,0,0,1,1,1,209,0.245488,0.273244,36.7107,0,0.763737,1.04938,0.239459,50.047,52.9413,856064,0.2829,0.3178,0,0.239542,0,1,1
box_gap_return,oi_face_rot_anchor_mppi,20033,256,16,0,0,1,1,1,118,0.206847,0.290675,19.7714,0,0.715567,0.910517,0.232855,27.4769,28.9203,483328,0.2815,0.3245,0,0.232967,0,1,1
box_gap_return,oi_face_rot_anchor_mppi,20040,256,16,0,0,1,1,1,280,0.240026,0.273369,65.7016,0,0.811013,1.06987,0.265096,74.227,79.9953,1146880,0.3531,0.3656,0,0.265195,0,1,1
box_gap_return,oi_face_rot_anchor_mppi,20047,256,16,0,0,1,1,1,226,0.247956,0.100821,40.4364,0,0.722521,0.859615,0.245742,55.5378,58.4689,925696,0.2872,0.3177,0,0.245841,0,1,1
box_gap_return,oi_face_rot_anchor_mppi,20054,256,16,0,0,1,1,1,151,0.239569,0.0469243,23.9414,0,0.82914,1.1537,0.226881,34.2591,36.1286,618496,0.2816,0.2951,0,0.226983,0,1,1
box_gap_return,oi_face_rot_anchor_mppi,20061,256,16,0,0,1,1,1,72,0.223046,0.274954,13.9362,0,0.923557,1.45261,0.221219,15.9278,16.8254,294912,0.2721,0.3064,0,0.221369,0,1,1
box_gap_return,oi_face_rot_anchor_mppi,20068,256,16,0,0,1,1,1,171,0.245757,0.348279,36.0714,0,0.897315,1.28704,0.250401,42.8186,44.7266,700416,0.293,0.3089,0,0.2505,0,1,1
box_gap_return,oi_face_rot_anchor_mppi,20075,256,16,0,0,1,1,1,229,0.198503,0.229372,38.2316,0,0.796907,1.16095,0.239985,54.9565,58.0394,937984,0.2838,0.3525,0,0.240074,0,1,1
box_gap_return,oi_face_rot_anchor_mppi,20082,256,16,0,0,1,1,1,127,0.230102,0.10511,18.6528,0,1.04451,1.86961,0.22331,28.3604,29.8698,520192,0.2806,0.301,0,0.223414,0,1,1
box_gap_return,oi_face_rot_anchor_mppi,20089,256,16,0,0,1,1,1,92,0.194333,0.0143067,14.6408,0,0.899216,1.33373,0.223747,20.5847,21.7307,376832,0.2832,0.3462,0,0.223871,0,1,1
box_gap_return,oi_face_rot_anchor_mppi,20096,256,16,0,0,1,1,1,84,0.233148,0.0203846,15.1431,0,1.03302,1.6222,0.22603,18.9865,20.0866,344064,0.2908,0.3064,0,0.226154,0,1,1
box_gap_return,oi_face_rot_anchor_mppi,20103,256,16,0,0,1,1,1,187,0.232504,0.107601,31.9153,0,0.809746,1.12117,0.237252,44.3662,46.4861,765952,0.2832,0.3021,0,0.237343,0,1,1
box_gap_return,oi_face_rot_anchor_mppi,20110,256,16,0,0,1,1,1,139,0.231311,0.0733322,16.8963,0,0.960362,1.77994,0.220764,30.6862,32.3446,569344,0.283,0.306,0,0.220864,0,1,1
box_gap_return,oi_face_rot_anchor_mppi,20117,256,16,0,0,1,1,1,294,0.246904,0.0609522,50.6725,0,0.754519,0.992944,0.243255,71.517,75.1089,1204224,0.2845,0.3518,0,0.243327,0,1,1
box_gap_return,oi_face_rot_anchor_mppi,20124,256,16,0,0,1,1,1,222,0.221398,0.0187843,34.5752,0,0.791263,1.13645,0.238054,52.848,55.2864,909312,0.2842,0.3659,0,0.238145,0,1,1
box_gap_return,oi_face_rot_anchor_mppi,20131,256,16,0,0,1,1,1,94,0.178749,0.116773,15.0419,0,0.790347,0.983524,0.224861,21.1369,22.2736,385024,0.2831,0.2965,0,0.224977,0,1,1
box_gap_return,oi_face_rot_anchor_mppi,20138,256,16,0,0,1,1,1,390,0.152571,0.332466,67.7238,0,0.754226,0.996793,0.248147,96.7773,101.423,1597440,0.2841,0.3105,0,0.248218,0,1,1
box_gap_return,oi_face_rot_anchor_mppi,20145,256,16,0,0,1,1,1,94,0.217557,0.182179,16.5278,0,0.849684,1.11674,0.225723,21.218,22.2034,385024,0.2811,0.2967,0,0.225844,0,1,1
box_gap_return,oi_face_rot_anchor_mppi,20152,256,16,0,0,1,1,1,105,0.249376,0.113335,14.9109,0,1.02591,1.88054,0.216509,22.7334,23.9946,430080,0.2761,0.3063,0,0.216633,0,1,1
box_gap_return,oi_face_rot_anchor_mppi,20159,256,16,0,0,1,1,1,118,0.230968,0.101392,16.2085,0,0.963538,1.56318,0.231337,27.2978,29.3641,483328,0.2855,0.3008,0,0.231477,0,1,1
box_gap_return,oi_face_rot_anchor_mppi,20166,256,16,0,0,1,1,1,171,0.245903,0.039713,31.4052,0,0.779077,0.95876,0.245608,41.9989,44.476,700416,0.2852,0.3013,0,0.245696,0,1,1
box_gap_return,oi_face_rot_anchor_mppi,20173,256,16,0,0,1,1,1,99,0.222247,0.159776,15.8165,0,0.931053,1.42078,0.22633,22.4067,23.6503,405504,0.2821,0.3259,0,0.226457,0,1,1
box_gap_return,oi_face_rot_anchor_mppi,20180,256,16,0,0,1,1,1,197,0.209808,0.0325805,34.7491,0,0.84416,1.22282,0.235615,46.4162,48.7466,806912,0.2803,0.3075,0,0.235717,0,1,1
box_gap_return,oi_face_rot_anchor_mppi,20187,256,16,0,0,1,1,1,295,0.208475,0.144322,49.1548,0,0.708525,0.960958,0.24538,72.387,75.8373,1208320,0.2868,0.4894,0,0.245462,0,1,1
box_gap_return,oi_face_rot_anchor_mppi,20194,256,16,0,0,1,1,1,101,0.171257,0.093812,14.0341,0,0.860979,1.33369,0.218614,22.08,23.3223,413696,0.2783,0.2921,0,0.218719,0,1,1
box_gap_return,oi_face_rot_anchor_mppi,20201,256,16,0,0,1,1,1,92,0.239362,0.00589232,14.8116,0,0.860562,1.16522,0.228677,21.0383,22.1056,376832,0.2855,0.3001,0,0.228826,0,1,1
box_gap_return,oi_face_rot_anchor_mppi,20208,256,16,0,0,1,1,1,318,0.200382,0.211887,57.6869,0,0.693191,0.842619,0.252801,80.3907,84.2959,1302528,0.29,0.3087,0,0.252892,0,1,1
box_gap_return,oi_face_rot_anchor_mppi,20215,256,16,0,0,1,1,1,96,0.237855,0.108237,13.6137,0,0.847007,1.23688,0.216295,20.7643,21.9294,393216,0.2814,0.3066,0,0.216415,0,1,1
box_gap_return,oi_face_rot_anchor_mppi,20222,256,16,0,0,1,1,1,246,0.24977,0.169938,37.2735,0,0.833428,1.2167,0.238717,58.7244,62.0957,1007616,0.2875,0.9571,0,0.238812,0,1,1
box_gap_return,oi_face_rot_anchor_mppi,20229,256,16,0,0,1,1,1,143,0.185902,0.0590664,16.6794,0,0.776563,1.06248,0.21582,30.8622,32.672,585728,0.2696,0.2846,0,0.215927,0,1,1
box_gap_return,oi_face_rot_anchor_mppi,20236,256,16,0,0,1,1,1,130,0.187729,0.0211138,20.7013,0,0.871291,1.30078,0.231901,30.1472,31.7074,532480,0.2819,0.2979,0,0.231998,0,1,1
box_gap_return,oi_face_rot_anchor_mppi,20243,256,16,0,0,1,1,1,120,0.235712,0.13972,18.4901,0,0.931781,1.3978,0.231534,27.7841,29.2076,491520,0.2849,0.3053,0,0.231667,0,1,1
box_gap_return,oi_face_rot_anchor_mppi,20250,256,16,0,0,1,1,1,297,0.0792366,0.319349,53.7115,0,0.770424,0.978976,0.262136,77.8545,82.8955,1216512,0.3474,0.3765,0,0.262211,0,1,1
box_gap_return,oi_face_rot_anchor_mppi,20257,256,16,0,0,1,1,1,93,0.239179,0.0102677,16.7579,0,0.91955,1.26104,0.232002,21.5762,22.7007,380928,0.2895,0.3019,0,0.232115,0,1,1
box_gap_return,oi_face_rot_anchor_mppi,20264,256,16,0,0,1,1,1,175,0.237929,0.0405808,27.8885,0,0.798126,1.13863,0.246585,43.1524,46.4397,716800,0.295,0.3351,0,0.246707,0,1,1
box_gap_return,oi_face_rot_anchor_mppi,20271,256,16,0,0,1,1,1,153,0.215803,0.0345882,23.8628,0,0.840853,1.18006,0.234707,35.9102,38.1301,626688,0.2902,0.3139,0,0.234812,0,1,1
box_gap_return,oi_face_rot_anchor_mppi,20278,256,16,0,0,1,1,1,96,0.247026,0.00819904,16.8812,0,0.938524,1.52032,0.231598,22.2334,23.3758,393216,0.2773,0.3248,0,0.231757,0,1,1
box_gap_return,oi_face_rot_anchor_mppi,20285,256,16,0,0,1,1,1,117,0.242964,0.000343554,21.6727,0,0.819194,1.10145,0.238071,27.8543,29.3461,479232,0.2973,0.3209,0,0.238187,0,1,1
box_gap_return,oi_face_rot_anchor_mppi,20292,256,16,0,0,1,1,1,82,0.242401,0.305705,13.7517,0,0.989268,1.71447,0.219418,17.9923,18.9665,335872,0.2716,0.2941,0,0.219555,0,1,1
box_gap_return,oi_face_rot_anchor_mppi,20299,256,16,0,0,1,1,1,146,0.174414,0.110895,20.0363,0,0.938514,1.7085,0.228714,33.3922,35.2719,598016,0.2868,0.3492,0,0.228841,0,1,1
box_gap_return,oi_face_rot_anchor_mppi,20306,256,16,0,0,1,1,1,135,0.238389,0.252128,15.5956,0,1.07477,2.38768,0.212521,28.6903,30.2019,552960,0.2752,0.2841,0,0.212635,0,1,1
box_gap_return,oi_face_rot_anchor_mppi,20313,256,16,0,0,1,1,1,101,0.190417,0.0766047,16.0364,0,0.868504,1.16753,0.225905,22.8164,24.1192,413696,0.2903,0.3034,0,0.226016,0,1,1
box_gap_return,oi_face_rot_anchor_mppi,20320,256,16,0,0,1,1,1,252,0.241989,0.262504,43.7467,0,0.79804,1.11944,0.248631,62.6551,65.7731,1032192,0.2921,0.3256,0,0.248732,0,1,1
box_gap_return,oi_face_rot_anchor_mppi,20327,256,16,0,0,1,1,1,122,0.239658,0.0158884,14.7763,0,0.931105,1.55471,0.211979,25.8615,27.3335,499712,0.2655,0.5444,0,0.212097,0,1,1
box_gap_return,oi_face_rot_anchor_mppi,20334,256,16,0,0,1,1,1,111,0.238597,0.063306,14.7586,0,0.935777,1.6389,0.219087,24.3187,25.6178,454656,0.2823,0.3305,0,0.219203,0,1,1
box_gap_return,oi_face_rot_anchor_mppi,20341,256,16,0,0,1,1,1,191,0.183399,0.0433143,30.6893,0,0.78888,1.01328,0.23399,44.692,46.8684,782336,0.2849,0.326,0,0.23409,0,1,1
box_gap_return,oi_face_rot_anchor_mppi,20348,256,16,0,0,1,1,1,88,0.236816,0.0155225,14.2912,0,1.0124,1.68283,0.224699,19.7735,20.9863,360448,0.2769,0.2888,0,0.22483,0,1,1
box_gap_return,oi_face_rot_anchor_mppi,20355,256,16,0,0,1,1,1,179,0.191445,0.189456,26.3891,0,0.776785,1.11159,0.233724,41.8366,44.128,733184,0.2857,0.3009,0,0.233823,0,1,1
box_gap_return,oi_face_rot_anchor_mppi,20362,256,16,0,0,1,1,1,190,0.222847,0.333743,31.2928,0,0.763222,0.962541,0.238935,45.3976,47.7913,778240,0.2819,0.2996,0,0.239015,0,1,1
box_gap_return,oi_face_rot_anchor_mppi,20369,256,16,0,0,1,1,1,191,0.193213,0.34372,31.5402,0,0.734205,0.879146,0.244274,46.6564,48.8838,782336,0.2883,0.3027,0,0.244365,0,1,1
box_gap_return,oi_face_rot_anchor_mppi,20376,256,16,0,0,1,1,1,174,0.159603,0.280472,31.7239,0,0.810785,1.07447,0.248771,43.2861,45.519,712704,0.2914,0.3153,0,0.248872,0,1,1
box_gap_return,oi_face_rot_anchor_mppi,20383,256,16,0,0,1,1,1,177,0.247972,0.210141,32.0398,0,0.983587,1.55557,0.242358,42.8973,45.1143,724992,0.2988,0.3726,0,0.242454,0,1,1
box_gap_return,oi_face_rot_anchor_mppi,20390,256,16,0,0,1,1,1,99,0.229617,0.126345,14.3353,0,0.954997,1.34569,0.223328,22.1095,23.2609,405504,0.2809,0.3113,0,0.223445,0,1,1
box_gap_return,oi_face_rot_anchor_mppi,20397,256,16,0,0,1,1,1,123,0.212921,0.0987909,19.4137,0,0.926144,1.50339,0.226276,27.8319,29.2065,503808,0.2818,0.3048,0,0.226386,0,1,1
box_gap_return,oi_face_rot_anchor_mppi,20404,256,16,0,0,1,1,1,154,0.232465,0.185532,26.6328,0,0.792156,1.07765,0.239646,36.9055,38.8181,630784,0.2895,0.3843,0,0.239739,0,1,1
box_gap_return,oi_face_rot_anchor_mppi,20411,256,16,0,0,1,1,1,91,0.212792,0.125376,13.703,0,0.764434,1.05371,0.224758,20.453,21.6812,372736,0.2774,0.296,0,0.224879,0,1,1
box_gap_return,oi_face_rot_anchor_mppi,20418,256,16,0,0,1,1,1,233,0.243758,0.276421,38.2031,0,0.875542,1.44408,0.246378,57.406,61.3505,954368,0.3043,0.3342,0,0.246513,0,1,1
box_gap_return,oi_face_rot_anchor_mppi,20425,256,16,0,0,1,1,1,206,0.23885,0.132581,33.3852,0,0.769777,1.03474,0.244168,50.2986,52.8783,843776,0.2876,0.3252,0,0.244254,0,1,1
box_gap_return,oi_face_rot_anchor_mppi,20432,256,16,0,0,1,1,1,84,0.235455,0.138407,14.6933,0,0.854032,1.09629,0.230606,19.3709,20.5215,344064,0.2802,0.3075,0,0.230787,0,1,1
box_gap_return,oi_face_rot_anchor_mppi,20439,256,16,0,0,1,1,1,77,0.228701,0.312828,14.8014,0,0.790659,0.98212,0.225796,17.3863,18.3859,315392,0.2813,0.2911,0,0.225934,0,1,1
box_gap_return,oi_face_rot_anchor_mppi,20446,256,16,0,0,1,1,1,139,0.0909287,0.25565,17.8993,0,0.954296,1.58151,0.21096,29.3234,31.0497,569344,0.2757,0.2889,0,0.211237,0,1,1
box_gap_return,oi_face_rot_anchor_mppi,20453,256,16,0,0,1,1,1,249,0.214912,0.265391,44.765,0,0.730418,0.850433,0.246693,61.4267,64.6463,1019904,0.2906,0.3108,0,0.246796,0,1,1
box_gap_return,oi_face_rot_anchor_mppi,20460,256,16,0,0,1,1,1,299,0.229355,0.0143567,49.0425,0,0.730853,0.967578,0.242584,72.5326,76.2488,1224704,0.2854,0.3499,0,0.242662,0,1,1
box_gap_return,oi_face_rot_anchor_mppi,20467,256,16,0,0,1,1,1,223,0.215599,0.10642,34.3672,0,0.735478,1.07691,0.238119,53.1006,56.505,913408,0.2913,0.3102,0,0.238271,0,1,1
box_gap_return,oi_face_rot_anchor_mppi,20474,256,16,0,0,1,1,1,217,0.132546,0.334143,39.9848,0,0.733878,0.908371,0.249471,54.1352,57.219,888832,0.2969,0.3511,0,0.249586,0,1,1
box_gap_return,oi_face_rot_anchor_mppi,20481,256,16,0,0,1,1,1,151,0.0890828,0.337488,27.6858,0,0.816675,1.16352,0.239936,36.2304,38.4706,618496,0.2814,0.3054,0,0.240062,0,1,1
box_gap_return,oi_face_rot_anchor_mppi,20488,256,16,0,0,1,1,1,164,0.248984,0.144816,29.7275,0,0.706916,0.790094,0.240793,39.49,41.898,671744,0.285,0.3027,0,0.240888,0,1,1
box_gap_return,oi_face_rot_anchor_mppi,20495,256,16,0,0,1,1,1,151,0.247714,0.0627105,24.7062,0,0.783481,1.08111,0.243023,36.6964,39.4826,618496,0.3044,0.3316,0,0.243172,0,1,1
box_gap_return,oi_face_rot_anchor_mppi,20502,256,16,0,0,1,1,1,273,0.238062,0.0357588,44.5625,0,0.786487,1.16637,0.243332,66.4297,70.2138,1118208,0.2863,0.3304,0,0.243429,0,1,1
box_gap_return,oi_face_rot_anchor_mppi,20509,256,16,0,0,1,1,1,245,0.185088,0.150267,42.3524,0,0.781974,1.0567,0.328857,80.5699,90.7363,1003520,0.371,0.4108,0,0.329259,0,1,1
box_gap_return,oi_face_rot_anchor_mppi,20516,256,16,0,0,1,1,1,105,0.247938,0.0998679,15.9828,0,1.09681,2.05257,0.233823,24.5514,26.5961,430080,0.3078,0.3229,0,0.23404,0,1,1
box_gap_return,oi_face_rot_anchor_mppi,20523,256,16,0,0,1,1,1,101,0.212222,0.183569,13.9827,0,0.903554,1.4042,0.224191,22.6433,24.0802,413696,0.2802,0.2961,0,0.224357,0,1,1
box_gap_return,oi_face_rot_anchor_mppi,20530,256,16,0,0,1,1,1,157,0.235562,0.128847,26.2985,0,0.825002,1.11596,0.237687,37.3168,39.3143,643072,0.2838,0.2941,0,0.237884,0,1,1
box_gap_return,oi_face_rot_anchor_mppi,20537,256,16,0,0,1,1,1,152,0.221879,0.143471,22.4439,0,0.828224,1.23186,0.229476,34.8803,36.7795,622592,0.2773,0.2898,0,0.229583,0,1,1
box_gap_return,oi_face_rot_anchor_mppi,20544,256,16,0,0,1,1,1,312,0.226504,0.0720741,56.8142,0,0.728472,0.897963,0.260048,81.135,85.3636,1277952,0.2973,0.3256,0,0.260133,0,1,1
box_gap_return,oi_face_rot_anchor_mppi,20551,256,16,0,0,1,1,1,127,0.218261,0.010905,18.7078,0,0.880935,1.26701,0.229108,29.0967,30.8006,520192,0.2972,0.3173,0,0.229235,0,1,1
box_gap_return,oi_face_rot_anchor_mppi,20558,256,16,0,0,1,1,1,101,0.247814,0.0564748,14.4292,0,0.977812,1.5466,0.217315,21.9488,23.1598,413696,0.2764,0.2907,0,0.217447,0,1,1
box_gap_return,oi_face_rot_anchor_mppi,20565,256,16,0,0,1,1,1,267,0.0700196,0.335362,48.7174,0,0.729835,0.921622,0.251655,67.192,70.5709,1093632,0.2991,0.3429,0,0.25174,0,1,1
box_gap_return,oi_face_rot_anchor_mppi,20572,256,16,0,0,1,1,1,90,0.232309,0.032517,16.917,0,0.805561,1.09922,0.232053,20.8848,22.0422,368640,0.2865,0.3006,0,0.232216,0,1,1
box_gap_return,oi_face_rot_anchor_mppi,20579,256,16,0,0,1,1,1,148,0.24585,0.0783598,23.1686,0,1.03682,1.86255,0.235131,34.7994,36.758,606208,0.2993,0.3665,0,0.235241,0,1,1
box_gap_return,oi_face_rot_anchor_mppi,20586,256,16,0,0,1,1,1,100,0.237174,0.0932266,14.0195,0,0.875942,1.32203,0.216931,21.6931,22.938,409600,0.271,0.3054,0,0.217061,0,1,1
box_gap_return,oi_face_rot_anchor_mppi,20593,256,16,0,0,1,1,1,206,0.21897,0.132421,31.3238,0,0.847717,1.34345,0.23905,49.2443,52.0534,843776,0.2971,0.3499,0,0.239159,0,1,1
box_gap_return,oi_face_rot_anchor_mppi,20600,256,16,0,0,1,1,1,187,0.242053,0.10566,30.2691,0,0.748746,0.992011,0.240181,44.9138,47.4886,765952,0.2831,0.3148,0,0.240275,0,1,1
box_gap_return,oi_face_rot_anchor_mppi,20607,256,16,0,0,1,1,1,128,0.195833,0.119172,20.4713,0,0.793156,0.970618,0.23435,29.9968,31.8166,524288,0.2865,0.3045,0,0.234472,0,1,1
box_gap_return,oi_face_rot_anchor_mppi,20614,256,16,0,0,1,1,1,104,0.093997,0.309816,18.3658,0,0.862306,1.18626,0.23659,24.6054,26.4023,425984,0.2884,0.3082,0,0.236763,0,1,1
box_gap_return,oi_face_rot_anchor_mppi,20621,256,16,0,0,1,1,1,281,0.210955,0.0364866,45.8337,0,0.75692,1.01184,0.240832,67.6738,71.2854,1150976,0.284,0.3403,0,0.240924,0,1,1
box_gap_return,oi_face_rot_anchor_mppi,20628,256,16,0,0,1,1,1,172,0.225144,0.122765,22.8707,0,0.836927,1.35865,0.226558,38.968,41.1115,704512,0.2839,0.3288,0,0.22667,0,1,1
box_gap_return,oi_face_rot_anchor_mppi,20635,256,16,0,0,1,1,1,106,0.239085,0.128937,16.7323,0,0.923038,1.42337,0.227056,24.0679,25.474,434176,0.2838,0.2935,0,0.227166,0,1,1
box_gap_return,oi_face_rot_anchor_mppi,20642,256,16,0,0,1,1,1,104,0.237523,0.00860743,14.1142,0,0.927736,1.46761,0.23631,24.5762,26.6621,425984,0.29,0.306,0,0.236469,0,1,1
box_gap_return,oi_face_rot_anchor_mppi,20649,256,16,0,0,1,1,1,75,0.23626,0.324585,13.8693,0,0.947413,1.46799,0.245173,18.388,19.8226,307200,0.3007,0.3609,0,0.245424,0,1,1
box_gap_return,oi_face_rot_turnpath_mppi,19956,256,16,0,0,1,1,1,206,0.185398,0.349886,38.4974,0,0.730993,1.15662,0.233849,48.1728,50.8053,843776,0.2899,0.3212,0,0.233938,0,1,1
box_gap_return,oi_face_rot_turnpath_mppi,19963,256,16,0,0,1,1,1,247,0.249259,0.042255,37.3371,0,0.918208,1.5595,0.241981,59.7692,63.4096,1011712,0.3102,0.3354,0,0.242066,0,1,1
box_gap_return,oi_face_rot_turnpath_mppi,19970,256,16,0,0,1,1,1,248,0.202972,0.00878905,41.6683,0,0.745512,1.16575,0.244235,60.5704,63.758,1015808,0.3009,0.3495,0,0.244327,0,1,1
box_gap_return,oi_face_rot_turnpath_mppi,19977,256,16,0,0,1,1,1,228,0.0695007,0.332684,66.9988,0,0.961491,1.63946,0.24203,55.1829,58.0562,933888,0.2839,2.0625,0,0.24213,0,1,1
box_gap_return,oi_face_rot_turnpath_mppi,19984,256,16,0,0,1,1,1,262,0.247834,0.142522,44.7863,0,0.797164,1.26216,0.247537,64.8546,68.4075,1073152,0.3224,0.364,0,0.247637,0,1,1
box_gap_return,oi_face_rot_turnpath_mppi,19991,256,16,0,0,1,1,1,207,0.226375,0.153826,38.2338,0,0.71688,1.09864,0.245042,50.7236,53.7158,847872,0.2862,0.3206,0,0.245133,0,1,1
box_gap_return,oi_face_rot_turnpath_mppi,19998,256,16,0,0,1,1,1,168,0.237688,0.151963,32.2372,0,0.783062,1.22205,0.241341,40.5452,42.88,688128,0.2948,0.3277,0,0.241448,0,1,1
box_gap_return,oi_face_rot_turnpath_mppi,20005,256,16,0,0,1,1,1,216,0.236611,0.0287529,37.2951,0,0.757013,1.15044,0.239868,51.8114,54.9124,884736,0.2765,0.4227,0,0.239973,0,1,1
box_gap_return,oi_face_rot_turnpath_mppi,20012,256,16,0,0,1,1,1,183,0.172738,0.287359,35.8918,0,0.818531,1.23523,0.230141,42.1158,44.567,749568,0.2586,0.4199,0,0.230225,0,1,1
box_gap_return,oi_face_rot_turnpath_mppi,20019,256,16,0,0,1,1,1,395,0.154756,0.231903,112.16,0,1.05854,2.21574,0.325739,128.667,136.888,1617920,0.3502,3.4523,0,0.325824,0,1,1
box_gap_return,oi_face_rot_turnpath_mppi,20026,256,16,0,0,1,1,1,172,0.226934,0.306108,36.937,0,0.655942,0.935634,0.240573,41.3785,43.7154,704512,0.2839,0.3156,0,0.240677,0,1,1
box_gap_return,oi_face_rot_turnpath_mppi,20033,256,16,0,0,1,1,1,223,0.242505,0.0693392,36.9069,0,0.906343,1.70554,0.248027,55.3101,58.3786,913408,0.3163,0.3336,0,0.248136,0,1,1
box_gap_return,oi_face_rot_turnpath_mppi,20040,256,16,0,0,1,1,1,294,0.245352,0.0484539,114.021,0,0.726824,0.979007,0.319751,94.0069,98.4982,1204224,0.3393,3.3632,0,0.319834,0,1,1
box_gap_return,oi_face_rot_turnpath_mppi,20047,256,16,0,0,1,1,1,435,0.228304,0.229911,117.613,0,0.771479,1.09153,0.308704,134.286,142.521,1781760,0.347,3.8304,0,0.308771,0,1,1
box_gap_return,oi_face_rot_turnpath_mppi,20054,256,16,0,0,1,1,1,151,0.248862,0.0610107,37.1737,0,0.75117,1.1885,0.240512,36.3173,38.2996,618496,0.2775,0.3558,0,0.240615,0,1,1
box_gap_return,oi_face_rot_turnpath_mppi,20061,256,16,0,0,1,1,1,289,0.240068,0.0714564,51.2659,0,0.856942,1.43633,0.249714,72.1673,75.59,1183744,0.3142,0.3887,0,0.249796,0,1,1
box_gap_return,oi_face_rot_turnpath_mppi,20068,256,16,0,0,1,1,1,219,0.237559,0.23447,50.3528,0,0.756064,1.15286,0.259347,56.797,60.4202,897024,0.3401,0.4117,0,0.259467,0,1,1
box_gap_return,oi_face_rot_turnpath_mppi,20075,256,16,0,0,1,1,1,190,0.213348,0.00330162,41.4471,0,0.73414,1.20664,0.248811,47.2741,49.9128,778240,0.3108,0.3556,0,0.248908,0,1,1
box_gap_return,oi_face_rot_turnpath_mppi,20082,256,16,0,0,0,1,0,500,0.461398,0.0844293,145.5,0,1.33007,3.45917,0.230201,115.101,121.632,2048000,0.2903,0.3669,0,0.230274,0,1,0
box_gap_return,oi_face_rot_turnpath_mppi,20089,256,16,0,0,1,1,1,146,0.249161,0.0440781,37.4725,0,0.726201,1.0664,0.243429,35.5406,37.6164,598016,0.2815,0.3187,0,0.243561,0,1,1
box_gap_return,oi_face_rot_turnpath_mppi,20096,256,16,0,0,1,1,1,141,0.248706,0.0617499,34.9009,0,0.718764,1.13719,0.239534,33.7743,35.5446,577536,0.274,0.3122,0,0.239807,0,1,1
box_gap_return,oi_face_rot_turnpath_mppi,20103,256,16,0,0,1,1,1,251,0.238759,0.0511845,57.9703,0,0.760767,1.09847,0.245816,61.6997,65.2559,1028096,0.3033,2.5628,0,0.245907,0,1,1
box_gap_return,oi_face_rot_turnpath_mppi,20110,256,16,0,0,0,1,0,500,2.44128,0.685574,222.999,0,0.966362,1.58525,0.272766,136.383,144.29,2048000,0.3673,3.6416,0,0.272846,0,1,0
box_gap_return,oi_face_rot_turnpath_mppi,20117,256,16,0,0,1,1,1,166,0.23559,0.217006,34.2954,0,0.689488,0.899577,0.238591,39.6061,41.8582,679936,0.2821,0.3905,0,0.238689,0,1,1
box_gap_return,oi_face_rot_turnpath_mppi,20124,256,16,0,0,1,1,1,176,0.18293,0.307778,38.3548,0,0.857986,1.30828,0.246273,43.344,46.1982,720896,0.3142,0.4024,0,0.246385,0,1,1
box_gap_return,oi_face_rot_turnpath_mppi,20131,256,16,0,0,1,1,1,247,0.162708,0.0571233,59.7775,0,0.825734,1.33453,0.296258,73.1757,78.5677,1011712,0.3782,0.5895,0,0.296454,0,1,1
box_gap_return,oi_face_rot_turnpath_mppi,20138,256,16,0,0,1,1,1,382,0.0744563,0.328245,79.4186,0,0.791284,1.22765,0.252203,96.3417,101.321,1564672,0.306,0.3377,0,0.25232,0,1,1
box_gap_return,oi_face_rot_turnpath_mppi,20145,256,16,0,0,1,1,1,346,0.237892,0.160118,102.284,0,0.955566,1.74848,0.302418,104.637,110.004,1417216,0.3349,3.2171,0,0.302509,0,1,1
box_gap_return,oi_face_rot_turnpath_mppi,20152,256,16,0,0,1,1,1,225,0.160054,0.338215,44.4688,0,0.823906,1.42978,0.232973,52.4189,55.4821,921600,0.2768,0.3148,0,0.233058,0,1,1
box_gap_return,oi_face_rot_turnpath_mppi,20159,256,16,0,0,1,1,1,457,0.242726,0.0838263,121.17,0,0.820709,1.25462,0.31448,143.717,150.156,1871872,0.3296,3.1968,0,0.314537,0,1,1
box_gap_return,oi_face_rot_turnpath_mppi,20166,256,16,0,0,1,1,1,282,0.24874,0.00312887,56.2479,0,0.724618,0.994814,0.266665,75.1996,78.8284,1155072,0.3302,1.8912,0,0.266746,0,1,1
box_gap_return,oi_face_rot_turnpath_mppi,20173,256,16,0,0,1,1,1,234,0.227102,0.080315,38.0773,0,0.810533,1.30486,0.257422,60.2368,64.4224,958464,0.3124,0.3328,0,0.257749,0,1,1
box_gap_return,oi_face_rot_turnpath_mppi,20180,256,16,0,0,1,1,1,210,0.230736,0.204277,34.4905,0,0.906529,1.65566,0.246024,51.6651,54.6959,860160,0.2903,0.9351,0,0.246141,0,1,1
box_gap_return,oi_face_rot_turnpath_mppi,20187,256,16,0,0,1,1,1,450,0.182268,0.0334409,233.022,0,0.892237,1.32083,0.236327,106.347,112.192,1843200,0.3144,2.2031,0,0.2364,0,1,1
box_gap_return,oi_face_rot_turnpath_mppi,20194,256,16,0,0,1,1,1,341,0.203905,0.290963,46.4879,0,0.900252,1.64767,0.239032,81.5099,85.4544,1396736,0.3034,0.3472,0,0.239114,0,1,1
box_gap_return,oi_face_rot_turnpath_mppi,20201,256,16,0,0,1,1,1,186,0.225373,0.167106,38.4118,0,0.699838,1.06315,0.242463,45.0981,47.6838,761856,0.273,0.3313,0,0.242573,0,1,1
box_gap_return,oi_face_rot_turnpath_mppi,20208,256,16,0,0,1,1,1,160,0.202204,0.0570515,37.213,0,0.764923,1.17792,0.243345,38.9352,41.3177,655360,0.2854,0.3368,0,0.24347,0,1,1
box_gap_return,oi_face_rot_turnpath_mppi,20215,256,16,0,0,1,1,1,223,0.23938,0.0330734,28.8045,0,0.809658,1.4514,0.21759,48.5225,51.4519,913408,0.2561,0.3033,0,0.217688,0,1,1
box_gap_return,oi_face_rot_turnpath_mppi,20222,256,16,0,0,1,1,1,211,0.214165,0.177237,37.1919,0,0.716397,1.05093,0.237947,50.2069,52.7301,864256,0.2711,0.3933,0,0.238029,0,1,1
box_gap_return,oi_face_rot_turnpath_mppi,20229,256,16,0,0,1,1,1,215,0.235153,0.121748,41.0552,0,0.69307,0.985391,0.229923,49.4335,52.306,880640,0.2834,0.3277,0,0.230019,0,1,1
box_gap_return,oi_face_rot_turnpath_mppi,20236,256,16,0,0,0,1,0,500,1.41607,0.57821,94.542,0,1.04274,1.89519,0.223134,111.567,119.122,2048000,0.2898,0.5028,0,0.223225,0,1,0
box_gap_return,oi_face_rot_turnpath_mppi,20243,256,16,0,0,1,1,1,190,0.176149,0.056026,38.7379,0,0.667574,0.900577,0.245628,46.6693,49.2182,778240,0.2979,0.3575,0,0.245721,0,1,1
box_gap_return,oi_face_rot_turnpath_mppi,20250,256,16,0,0,1,1,1,292,0.20719,0.000483554,46.8562,0,0.825202,1.37889,0.240581,70.2496,74.2558,1196032,0.335,0.3634,0,0.240674,0,1,1
box_gap_return,oi_face_rot_turnpath_mppi,20257,256,16,0,0,1,1,1,218,0.242036,0.030488,50.2523,0,0.747128,1.13687,0.255732,55.7495,59.6682,892928,0.3055,0.3678,0,0.255862,0,1,1
box_gap_return,oi_face_rot_turnpath_mppi,20264,256,16,0,0,1,1,1,347,0.241899,0.236893,118.521,0,0.723138,0.988992,0.336211,116.665,122.396,1421312,0.3493,3.076,0,0.336297,0,1,1
box_gap_return,oi_face_rot_turnpath_mppi,20271,256,16,0,0,1,1,1,209,0.22019,0.336479,37.7708,0,0.880541,1.50279,0.237956,49.7328,52.4457,856064,0.2883,0.3606,0,0.238038,0,1,1
box_gap_return,oi_face_rot_turnpath_mppi,20278,256,16,0,0,1,1,1,178,0.24959,0.279289,34.4917,0,0.774468,1.20297,0.242887,43.2339,45.5291,729088,0.2827,0.314,0,0.242989,0,1,1
box_gap_return,oi_face_rot_turnpath_mppi,20285,256,16,0,0,1,1,1,180,0.234327,0.122025,40.0814,0,0.778134,1.26735,0.244866,44.0758,46.6247,737280,0.2832,0.4007,0,0.244983,0,1,1
box_gap_return,oi_face_rot_turnpath_mppi,20292,256,16,0,0,1,1,1,302,0.241957,0.0120046,46.7657,0,0.868881,1.57406,0.243751,73.6128,78.0083,1236992,0.291,0.3259,0,0.243832,0,1,1
box_gap_return,oi_face_rot_turnpath_mppi,20299,256,16,0,0,1,1,1,185,0.21312,0.0564467,33.2345,0,0.846518,1.39248,0.240813,44.5504,46.8862,757760,0.2832,0.3336,0,0.240907,0,1,1
box_gap_return,oi_face_rot_turnpath_mppi,20306,256,16,0,0,1,1,1,198,0.237647,0.0668062,36.4882,0,0.811125,1.51343,0.242611,48.037,50.6732,811008,0.2818,0.3159,0,0.242698,0,1,1
box_gap_return,oi_face_rot_turnpath_mppi,20313,256,16,0,0,1,1,1,176,0.249964,0.0944472,36.5613,0,0.718757,1.12667,0.248188,43.681,46.6832,720896,0.2951,0.3167,0,0.248334,0,1,1
box_gap_return,oi_face_rot_turnpath_mppi,20320,256,16,0,0,1,1,1,170,0.244299,0.087431,30.0136,0,0.843152,1.36589,0.244935,41.639,43.8434,696320,0.3017,0.3494,0,0.245035,0,1,1
box_gap_return,oi_face_rot_turnpath_mppi,20327,256,16,0,0,1,1,1,258,0.24465,0.300178,48.8965,0,0.737923,1.0137,0.245689,63.3877,66.6765,1056768,0.3036,0.3851,0,0.245779,0,1,1
box_gap_return,oi_face_rot_turnpath_mppi,20334,256,16,0,0,1,1,1,182,0.242895,0.167367,37.6291,0,0.709541,1.01495,0.238256,43.3625,45.8222,745472,0.2847,0.2993,0,0.238356,0,1,1
box_gap_return,oi_face_rot_turnpath_mppi,20341,256,16,0,0,1,1,1,198,0.233813,0.14679,33.7124,0,0.697486,0.943496,0.240498,47.6186,50.3283,811008,0.2649,0.2999,0,0.240595,0,1,1
box_gap_return,oi_face_rot_turnpath_mppi,20348,256,16,0,0,0,1,0,500,3.21053,2.79174,383.988,0,0.906168,1.45615,0.211208,105.604,112.422,2048000,0.2459,2.1404,0,0.211282,0,1,0
box_gap_return,oi_face_rot_turnpath_mppi,20355,256,16,0,0,1,1,1,188,0.228135,0.0751643,44.2092,0,0.869569,1.64245,0.24153,45.4076,47.9283,770048,0.3018,0.3467,0,0.241636,0,1,1
box_gap_return,oi_face_rot_turnpath_mppi,20362,256,16,0,0,0,1,0,500,1.77789,1.24572,146.601,0,2.09637,5.20849,0.2689,134.45,140.349,2048000,0.2998,0.365,0,0.268964,0,1,0
box_gap_return,oi_face_rot_turnpath_mppi,20369,256,16,0,0,1,1,1,221,0.225665,0.143841,39.4703,0,0.679818,0.962687,0.238278,52.6595,55.7546,905216,0.2733,0.3208,0,0.238377,0,1,1
box_gap_return,oi_face_rot_turnpath_mppi,20376,256,16,0,0,1,1,1,192,0.207282,0.0836166,37.7617,0,0.699584,1.03704,0.243358,46.7248,49.4477,786432,0.2805,0.3406,0,0.243476,0,1,1
box_gap_return,oi_face_rot_turnpath_mppi,20383,256,16,0,0,1,1,1,210,0.174735,0.0560611,37.988,0,0.73201,1.19824,0.242532,50.9317,54.1028,860160,0.2941,0.3455,0,0.242634,0,1,1
box_gap_return,oi_face_rot_turnpath_mppi,20390,256,16,0,0,1,1,1,191,0.209908,0.231254,39.8848,0,0.709202,0.961395,0.262205,50.0811,54.223,782336,0.319,0.3529,0,0.262337,0,1,1
box_gap_return,oi_face_rot_turnpath_mppi,20397,256,16,0,0,1,1,1,197,0.216015,0.00253308,38.7225,0,0.727281,1.10646,0.243442,47.958,50.8729,806912,0.2794,0.3248,0,0.243537,0,1,1
box_gap_return,oi_face_rot_turnpath_mppi,20404,256,16,0,0,1,1,1,208,0.238846,0.0255893,44.0227,0,0.888754,1.52859,0.248083,51.6012,54.4725,851968,0.3298,0.3789,0,0.248239,0,1,1
box_gap_return,oi_face_rot_turnpath_mppi,20411,256,16,0,0,0,1,0,500,1.25408,0.664541,78.7533,0,0.783668,1.18514,0.217887,108.943,115.176,2048000,0.2714,0.3318,0,0.217963,0,1,0
box_gap_return,oi_face_rot_turnpath_mppi,20418,256,16,0,0,1,1,1,168,0.211112,0.1466,33.806,0,0.838472,1.36663,0.24376,40.9516,43.1324,688128,0.3038,0.3256,0,0.243867,0,1,1
box_gap_return,oi_face_rot_turnpath_mppi,20425,256,16,0,0,1,1,1,206,0.173933,0.0846253,40.4973,0,0.717818,1.08698,0.247157,50.9143,54.1536,843776,0.2903,0.4804,0,0.247266,0,1,1
box_gap_return,oi_face_rot_turnpath_mppi,20432,256,16,0,0,1,1,1,198,0.248103,0.179913,38.0648,0,0.662569,0.979295,0.241533,47.8235,50.2851,811008,0.2846,0.3396,0,0.241618,0,1,1
box_gap_return,oi_face_rot_turnpath_mppi,20439,256,16,0,0,0,1,0,500,1.80502,0.127703,198.908,0,0.93768,1.50806,0.240855,120.428,126.492,2048000,0.2856,2.3102,0,0.240919,0,1,0
box_gap_return,oi_face_rot_turnpath_mppi,20446,256,16,0,0,0,1,0,500,2.45905,2.33028,235.273,0,0.891171,1.42211,0.230009,115.005,121.818,2048000,0.3264,0.5868,0,0.230078,0,1,0
box_gap_return,oi_face_rot_turnpath_mppi,20453,256,16,0,0,1,1,1,195,0.194098,0.101462,38.2282,0,0.765438,1.20281,0.248793,48.5146,51.8849,798720,0.3112,0.345,0,0.248926,0,1,1
box_gap_return,oi_face_rot_turnpath_mppi,20460,256,16,0,0,1,1,1,200,0.228954,0.198603,42.0387,0,0.812359,1.3009,0.240405,48.0811,50.7179,819200,0.2805,0.3309,0,0.240509,0,1,1
box_gap_return,oi_face_rot_turnpath_mppi,20467,256,16,0,0,1,1,1,308,0.241836,0.0532919,53.9556,0,0.819622,1.38711,0.250398,77.1227,81.0388,1261568,0.3021,0.4188,0,0.250482,0,1,1
box_gap_return,oi_face_rot_turnpath_mppi,20474,256,16,0,0,1,1,1,222,0.219595,0.122038,34.4147,0,1.02742,2.15215,0.237861,52.8052,55.713,909312,0.2675,0.3259,0,0.237971,0,1,1
box_gap_return,oi_face_rot_turnpath_mppi,20481,256,16,0,0,1,1,1,214,0.240802,0.0990685,37.3508,0,0.720096,1.11756,0.244087,52.2346,55.0426,876544,0.2886,0.3418,0,0.244189,0,1,1
box_gap_return,oi_face_rot_turnpath_mppi,20488,256,16,0,0,1,1,1,173,0.172808,0.304727,29.7941,0,0.770102,1.24308,0.223828,38.7223,40.9447,708608,0.2613,0.2918,0,0.223939,0,1,1
box_gap_return,oi_face_rot_turnpath_mppi,20495,256,16,0,0,1,1,1,297,0.24144,0.0554679,46.5487,0,0.940465,1.73364,0.240725,71.4953,75.5619,1216512,0.2704,0.3242,0,0.240865,0,1,1
box_gap_return,oi_face_rot_turnpath_mppi,20502,256,16,0,0,1,1,1,153,0.220336,0.297236,38.6669,0,0.848607,1.69846,0.243739,37.292,39.1322,626688,0.2883,0.3323,0,0.243845,0,1,1
box_gap_return,oi_face_rot_turnpath_mppi,20509,256,16,0,0,0,1,0,500,1.98437,0.46472,159.932,0,0.611035,0.942591,0.231681,115.841,123.184,2048000,0.2929,1.9522,0,0.231766,0,1,0
box_gap_return,oi_face_rot_turnpath_mppi,20516,256,16,0,0,1,1,1,252,0.183881,0.31052,77.885,0,1.03572,1.88439,0.251198,63.3019,66.5861,1032192,0.279,3.0255,0,0.251271,0,1,1
box_gap_return,oi_face_rot_turnpath_mppi,20523,256,16,0,0,1,1,1,204,0.248551,0.26454,40.8445,0,0.796772,1.3231,0.235215,47.9838,50.5321,835584,0.315,0.3228,0,0.235289,0,1,1
box_gap_return,oi_face_rot_turnpath_mppi,20530,256,16,0,0,1,1,1,201,0.247064,0.296493,38.0918,0,0.827784,1.4494,0.243184,48.8799,51.7295,823296,0.2869,0.3851,0,0.243272,0,1,1
box_gap_return,oi_face_rot_turnpath_mppi,20537,256,16,0,0,1,1,1,190,0.230865,0.0500642,42.31,0,0.699889,0.97916,0.241435,45.8727,48.8028,778240,0.3002,0.3308,0,0.241535,0,1,1
box_gap_return,oi_face_rot_turnpath_mppi,20544,256,16,0,0,1,1,1,247,0.188614,0.0242049,41.0603,0,0.805281,1.41264,0.245283,60.585,63.9259,1011712,0.3125,0.3762,0,0.245385,0,1,1
box_gap_return,oi_face_rot_turnpath_mppi,20551,256,16,0,0,1,1,1,250,0.248147,0.0314884,46.334,0,0.727099,1.12678,0.234743,58.6858,61.8161,1024000,0.2872,0.3141,0,0.234833,0,1,1
box_gap_return,oi_face_rot_turnpath_mppi,20558,256,16,0,0,1,1,1,152,0.243768,0.0670255,28.8425,0,0.726692,1.16234,0.230179,34.9872,37.1171,622592,0.266,0.2937,0,0.230318,0,1,1
box_gap_return,oi_face_rot_turnpath_mppi,20565,256,16,0,0,1,1,1,202,0.232986,0.209809,37.0037,0,0.689029,0.981509,0.238553,48.1877,50.5838,827392,0.2706,0.2919,0,0.238635,0,1,1
box_gap_return,oi_face_rot_turnpath_mppi,20572,256,16,0,0,1,1,1,211,0.24447,0.0873965,43.072,0,0.897922,1.71747,0.252342,53.2442,55.9879,864256,0.3168,0.3429,0,0.252441,0,1,1
box_gap_return,oi_face_rot_turnpath_mppi,20579,256,16,0,0,1,1,1,146,0.22013,0.214457,37.9074,0,0.733721,1.23199,0.243355,35.5299,37.391,598016,0.2865,0.3383,0,0.243464,0,1,1
box_gap_return,oi_face_rot_turnpath_mppi,20586,256,16,0,0,1,1,1,212,0.24986,0.335121,39.7577,0,0.726127,1.06913,0.239792,50.8359,53.6159,868352,0.2864,0.3394,0,0.239903,0,1,1
box_gap_return,oi_face_rot_turnpath_mppi,20593,256,16,0,0,1,1,1,195,0.235865,0.166907,33.2448,0,0.778128,1.17854,0.244678,47.7123,50.3105,798720,0.3078,0.3469,0,0.244766,0,1,1
box_gap_return,oi_face_rot_turnpath_mppi,20600,256,16,0,0,1,1,1,247,0.246888,0.107434,55.4992,0,0.811057,1.36782,0.243835,60.2273,64.4674,1011712,0.2995,0.3232,0,0.243946,0,1,1
box_gap_return,oi_face_rot_turnpath_mppi,20607,256,16,0,0,1,1,1,164,0.249449,0.28648,34.8458,0,0.711057,1.0117,0.253919,41.6428,43.8668,671744,0.321,0.3508,0,0.25406,0,1,1
box_gap_return,oi_face_rot_turnpath_mppi,20614,256,16,0,0,1,1,1,197,0.216448,0.113931,36.5331,0,0.832169,1.49531,0.233056,45.912,48.3105,806912,0.2676,0.3694,0,0.233148,0,1,1
box_gap_return,oi_face_rot_turnpath_mppi,20621,256,16,0,0,1,1,1,171,0.181375,0.293444,37.064,0,0.781712,1.06691,0.241574,41.3092,43.577,700416,0.308,0.3174,0,0.241671,0,1,1
box_gap_return,oi_face_rot_turnpath_mppi,20628,256,16,0,0,1,1,1,201,0.232743,0.149249,37.1373,0,0.763836,1.16273,0.250617,50.374,52.9316,823296,0.3204,0.4159,0,0.250721,0,1,1
box_gap_return,oi_face_rot_turnpath_mppi,20635,256,16,0,0,1,1,1,177,0.181716,0.306187,38.1097,0,0.9084,1.83107,0.238393,42.1956,44.5079,724992,0.2895,0.3208,0,0.238502,0,1,1
box_gap_return,oi_face_rot_turnpath_mppi,20642,256,16,0,0,1,1,1,190,0.135152,0.303852,37.8136,0,0.775162,1.16015,0.234582,44.5706,47.495,778240,0.2808,0.3413,0,0.234686,0,1,1
box_gap_return,oi_face_rot_turnpath_mppi,20649,256,16,0,0,1,1,1,238,0.230735,0.31549,68.7839,0,0.69934,0.850021,0.281289,66.9468,70.5697,974848,0.3182,2.3889,0,0.28138,0,1,1
box_gap_return,oi_face_rot_turnpath_resid_mppi,19956,256,16,0,0,1,1,1,333,0.229,0.0480949,82.6295,0,0.736966,1.0298,0.279119,92.9465,97.5166,1363968,0.3188,2.8595,0,0.279201,0,1,1
box_gap_return,oi_face_rot_turnpath_resid_mppi,19963,256,16,0,0,1,1,1,168,0.248074,0.226976,29.1453,0,0.919627,1.68399,0.242786,40.7881,43.1201,688128,0.292,0.322,0,0.242898,0,1,1
box_gap_return,oi_face_rot_turnpath_resid_mppi,19970,256,16,0,0,1,1,1,178,0.202938,0.316664,36.1012,0,0.696548,0.974129,0.239069,42.5543,44.5535,729088,0.2963,0.3667,0,0.239155,0,1,1
box_gap_return,oi_face_rot_turnpath_resid_mppi,19977,256,16,0,0,1,1,1,198,0.129333,0.337624,51.0949,0,0.656992,0.862337,0.265751,52.6186,55.5612,811008,0.3239,0.4158,0,0.265838,0,1,1
box_gap_return,oi_face_rot_turnpath_resid_mppi,19984,256,16,0,0,1,1,1,141,0.249118,0.104047,28.9481,0,0.616059,0.752311,0.239644,33.7898,35.7744,577536,0.2997,0.3466,0,0.239758,0,1,1
box_gap_return,oi_face_rot_turnpath_resid_mppi,19991,256,16,0,0,1,1,1,245,0.247911,0.0870459,66.7071,0,0.765115,1.17324,0.290935,71.2791,75.6733,1003520,0.3214,2.6926,0,0.291033,0,1,1
box_gap_return,oi_face_rot_turnpath_resid_mppi,19998,256,16,0,0,1,1,1,238,0.226412,0.0931128,41.0952,0,0.908201,1.48143,0.241683,57.5205,60.7901,974848,0.3069,0.3318,0,0.241779,0,1,1
box_gap_return,oi_face_rot_turnpath_resid_mppi,20005,256,16,0,0,1,1,1,174,0.223766,0.0933774,28.5137,0,0.934346,1.84965,0.237825,41.3815,43.792,712704,0.2952,0.3354,0,0.237934,0,1,1
box_gap_return,oi_face_rot_turnpath_resid_mppi,20012,256,16,0,0,1,1,1,217,0.212944,0.066629,34.9806,0,0.722488,1.1437,0.244946,53.1532,55.9172,888832,0.3036,0.3406,0,0.245046,0,1,1
box_gap_return,oi_face_rot_turnpath_resid_mppi,20019,256,16,0,0,1,1,1,166,0.231041,0.34819,31.8057,0,0.798833,1.2078,0.242898,40.321,42.6506,679936,0.2975,0.3325,0,0.242997,0,1,1
box_gap_return,oi_face_rot_turnpath_resid_mppi,20026,256,16,0,0,1,1,1,188,0.199276,0.0340412,35.6456,0,0.685295,1.04619,0.243244,45.7299,48.2818,770048,0.2897,0.3257,0,0.243348,0,1,1
box_gap_return,oi_face_rot_turnpath_resid_mppi,20033,256,16,0,0,1,1,1,150,0.247272,0.00484612,27.4605,0,0.657362,0.849455,0.243573,36.536,38.4841,614400,0.3022,0.3442,0,0.243687,0,1,1
box_gap_return,oi_face_rot_turnpath_resid_mppi,20040,256,16,0,0,1,1,1,173,0.247364,0.320013,33.9875,0,0.827137,1.34605,0.249722,43.2019,45.7723,708608,0.3014,0.3302,0,0.249841,0,1,1
box_gap_return,oi_face_rot_turnpath_resid_mppi,20047,256,16,0,0,1,1,1,194,0.214013,0.189459,37.0276,0,0.819742,1.31823,0.250939,48.6822,51.5631,794624,0.3102,0.3728,0,0.251033,0,1,1
box_gap_return,oi_face_rot_turnpath_resid_mppi,20054,256,16,0,0,1,1,1,166,0.2436,0.282394,31.994,0,0.928459,1.678,0.26947,44.7321,48.5994,679936,0.3379,0.3812,0,0.269595,0,1,1
box_gap_return,oi_face_rot_turnpath_resid_mppi,20061,256,16,0,0,1,1,1,246,0.236534,0.245777,44.2438,0,0.980307,1.86483,0.232724,57.2502,60.2807,1007616,0.2921,0.4785,0,0.232815,0,1,1
box_gap_return,oi_face_rot_turnpath_resid_mppi,20068,256,16,0,0,1,1,1,186,0.219935,0.072327,33.6217,0,0.741602,1.06903,0.248344,46.192,48.8857,761856,0.3084,0.4507,0,0.248455,0,1,1
box_gap_return,oi_face_rot_turnpath_resid_mppi,20075,256,16,0,0,1,1,1,191,0.222735,0.280795,32.2998,0,0.904716,1.60582,0.241179,46.0652,48.5821,782336,0.3084,0.3277,0,0.241271,0,1,1
box_gap_return,oi_face_rot_turnpath_resid_mppi,20082,256,16,0,0,1,1,1,192,0.225986,0.196439,40.0876,0,0.702123,0.9906,0.248645,47.7398,50.2305,786432,0.3005,0.3468,0,0.248784,0,1,1
box_gap_return,oi_face_rot_turnpath_resid_mppi,20089,256,16,0,0,0,1,0,500,2.16454,1.92754,222.567,0,0.419841,0.35608,0.275171,137.585,144.192,2048000,0.3017,2.1708,0,0.275244,0,1,0
box_gap_return,oi_face_rot_turnpath_resid_mppi,20096,256,16,0,0,1,1,1,249,0.109299,0.290705,42.675,0,0.931155,1.66518,0.249788,62.1972,65.2032,1019904,0.3219,0.3361,0,0.249884,0,1,1
box_gap_return,oi_face_rot_turnpath_resid_mppi,20103,256,16,0,0,1,1,1,227,0.0984581,0.305061,43.6236,0,0.897385,1.4585,0.24726,56.128,59.0235,929792,0.3096,0.3536,0,0.24735,0,1,1
box_gap_return,oi_face_rot_turnpath_resid_mppi,20110,256,16,0,0,1,1,1,197,0.215441,0.173006,37.4058,0,0.843759,1.50246,0.238209,46.9271,49.7912,806912,0.3102,0.3446,0,0.238306,0,1,1
box_gap_return,oi_face_rot_turnpath_resid_mppi,20117,256,16,0,0,1,1,1,187,0.160186,0.0322639,32.3272,0,0.796492,1.40506,0.245205,45.8533,48.3743,765952,0.2924,0.3618,0,0.245305,0,1,1
box_gap_return,oi_face_rot_turnpath_resid_mppi,20124,256,16,0,0,1,1,1,222,0.24357,0.0285441,64.7733,0,0.895629,1.27333,0.247651,54.9786,58.0775,909312,0.2971,2.4373,0,0.247748,0,1,1
box_gap_return,oi_face_rot_turnpath_resid_mppi,20131,256,16,0,0,1,1,1,246,0.2469,0.149815,38.7044,0,0.963585,1.92791,0.244137,60.0577,63.2349,1007616,0.319,0.3759,0,0.244227,0,1,1
box_gap_return,oi_face_rot_turnpath_resid_mppi,20138,256,16,0,0,0,1,0,500,1.52497,0.333073,163.849,0,0.656642,0.801691,0.293956,146.978,154.639,2048000,0.3321,2.7977,0,0.294032,0,1,0
box_gap_return,oi_face_rot_turnpath_resid_mppi,20145,256,16,0,0,1,1,1,306,0.212444,0.222555,65.1798,0,0.82428,1.45627,0.283814,86.8472,92.1236,1253376,0.3588,2.29,0,0.283953,0,1,1
box_gap_return,oi_face_rot_turnpath_resid_mppi,20152,256,16,0,0,1,1,1,195,0.242808,0.128741,31.9824,0,0.764505,1.29417,0.246175,48.0041,50.7206,798720,0.2868,0.3304,0,0.246274,0,1,1
box_gap_return,oi_face_rot_turnpath_resid_mppi,20159,256,16,0,0,1,1,1,167,0.245785,0.00524049,36.8972,0,0.659148,1.02767,0.25514,42.6084,45.6125,684032,0.305,0.3224,0,0.255275,0,1,1
box_gap_return,oi_face_rot_turnpath_resid_mppi,20166,256,16,0,0,1,1,1,168,0.246532,0.0299833,30.1606,0,0.769105,1.17533,0.274486,46.1136,50.176,688128,0.3289,0.3836,0,0.274656,0,1,1
box_gap_return,oi_face_rot_turnpath_resid_mppi,20173,256,16,0,0,1,1,1,420,0.22326,0.202744,112.614,0,0.702697,0.964459,0.27275,114.555,120.852,1720320,0.3103,2.9255,0,0.272821,0,1,1
box_gap_return,oi_face_rot_turnpath_resid_mppi,20180,256,16,0,0,1,1,1,173,0.24913,0.259571,32.1073,0,0.832801,1.41809,0.231931,40.124,42.2929,708608,0.2884,0.3241,0,0.23205,0,1,1
box_gap_return,oi_face_rot_turnpath_resid_mppi,20187,256,16,0,0,1,1,1,172,0.241318,0.214633,33.7514,0,0.700268,1.0589,0.239706,41.2294,43.1604,704512,0.2955,0.3212,0,0.23979,0,1,1
box_gap_return,oi_face_rot_turnpath_resid_mppi,20194,256,16,0,0,1,1,1,153,0.188314,0.0588169,27.1125,0,0.710164,0.944691,0.259819,39.7523,42.9264,626688,0.3161,0.3425,0,0.25995,0,1,1
box_gap_return,oi_face_rot_turnpath_resid_mppi,20201,256,16,0,0,1,1,1,208,0.166489,0.0135189,39.0533,0,0.722048,1.09676,0.252468,52.5134,55.5524,851968,0.3022,0.973,0,0.252565,0,1,1
box_gap_return,oi_face_rot_turnpath_resid_mppi,20208,256,16,0,0,1,1,1,160,0.237972,0.056299,36.8105,0,0.740237,1.13687,0.253626,40.5801,43.0729,655360,0.3046,0.3321,0,0.253774,0,1,1
box_gap_return,oi_face_rot_turnpath_resid_mppi,20215,256,16,0,0,1,1,1,181,0.221346,0.044934,31.7145,0,0.692688,1.01553,0.242517,43.8955,46.4386,741376,0.2835,0.3297,0,0.24262,0,1,1
box_gap_return,oi_face_rot_turnpath_resid_mppi,20222,256,16,0,0,1,1,1,214,0.218707,0.209371,34.0717,0,0.770554,1.14457,0.240382,51.4418,54.1626,876544,0.3107,0.3321,0,0.24048,0,1,1
box_gap_return,oi_face_rot_turnpath_resid_mppi,20229,256,16,0,0,1,1,1,168,0.186516,0.319179,34.1014,0,0.704402,0.947179,0.238212,40.0196,42.3125,688128,0.2929,0.328,0,0.238338,0,1,1
box_gap_return,oi_face_rot_turnpath_resid_mppi,20236,256,16,0,0,1,1,1,145,0.249991,0.136073,33.1622,0,0.717229,0.973687,0.252073,36.5506,38.5704,593920,0.3045,0.3243,0,0.252205,0,1,1
box_gap_return,oi_face_rot_turnpath_resid_mppi,20243,256,16,0,0,1,1,1,234,0.242974,0.0137895,46.2011,0,0.885854,1.45928,0.229627,53.7326,57.104,958464,0.2879,0.3196,0,0.229736,0,1,1
box_gap_return,oi_face_rot_turnpath_resid_mppi,20250,256,16,0,0,1,1,1,265,0.2487,0.26072,51.8805,0,0.840173,1.40939,0.253218,67.1029,70.7667,1085440,0.3063,0.333,0,0.25332,0,1,1
box_gap_return,oi_face_rot_turnpath_resid_mppi,20257,256,16,0,0,1,1,1,258,0.223971,0.00655244,59.5799,0,0.76577,1.07838,0.267583,69.0364,72.3386,1056768,0.3199,2.0071,0,0.267672,0,1,1
box_gap_return,oi_face_rot_turnpath_resid_mppi,20264,256,16,0,0,1,1,1,205,0.20301,0.0860196,39.5745,0,0.694788,1.01599,0.247776,50.7941,53.7509,839680,0.2989,0.3819,0,0.247871,0,1,1
box_gap_return,oi_face_rot_turnpath_resid_mppi,20271,256,16,0,0,1,1,1,260,0.224661,0.00977872,55.6077,0,0.94437,1.81417,0.273477,71.104,74.8941,1064960,0.3185,2.3649,0,0.273562,0,1,1
box_gap_return,oi_face_rot_turnpath_resid_mppi,20278,256,16,0,0,1,1,1,264,0.220146,0.100689,41.7805,0,0.749011,1.1503,0.244606,64.5761,67.6433,1081344,0.3141,0.3409,0,0.244686,0,1,1
box_gap_return,oi_face_rot_turnpath_resid_mppi,20285,256,16,0,0,1,1,1,174,0.240657,0.167534,36.6698,0,0.797819,1.17548,0.236175,41.0945,43.0658,712704,0.2951,0.323,0,0.236255,0,1,1
box_gap_return,oi_face_rot_turnpath_resid_mppi,20292,256,16,0,0,1,1,1,160,0.245727,0.209386,30.6203,0,0.724965,0.962607,0.239239,38.2782,40.6013,655360,0.2988,0.3244,0,0.239366,0,1,1
box_gap_return,oi_face_rot_turnpath_resid_mppi,20299,256,16,0,0,1,1,1,337,0.219035,0.0149223,51.4325,0,0.829865,1.38268,0.251433,84.7329,89.432,1380352,0.3125,0.3463,0,0.251525,0,1,1
box_gap_return,oi_face_rot_turnpath_resid_mppi,20306,256,16,0,0,1,1,1,169,0.237263,0.042614,31.679,0,0.755393,1.17657,0.244527,41.3251,43.8753,692224,0.2938,0.3103,0,0.244624,0,1,1
box_gap_return,oi_face_rot_turnpath_resid_mppi,20313,256,16,0,0,1,1,1,202,0.157008,0.301796,30.7821,0,0.79323,1.18887,0.237791,48.0337,50.9392,827392,0.285,0.3149,0,0.237886,0,1,1
box_gap_return,oi_face_rot_turnpath_resid_mppi,20320,256,16,0,0,1,1,1,338,0.241785,0.318288,81.0796,0,1.04566,1.91093,0.247631,83.6991,88.1675,1384448,0.2959,2.7705,0,0.247709,0,1,1
box_gap_return,oi_face_rot_turnpath_resid_mppi,20327,256,16,0,0,1,1,1,214,0.244398,0.251834,39.1475,0,0.745242,1.14907,0.244747,52.3759,55.3496,876544,0.2954,0.3601,0,0.244869,0,1,1
box_gap_return,oi_face_rot_turnpath_resid_mppi,20334,256,16,0,0,1,1,1,251,0.237521,0.0779271,70.3522,0,0.744322,1.09494,0.30722,77.1122,81.1185,1028096,0.3248,3.8183,0,0.307325,0,1,1
box_gap_return,oi_face_rot_turnpath_resid_mppi,20341,256,16,0,0,1,1,1,175,0.228103,0.230737,33.5229,0,0.717753,1.0728,0.245981,43.0466,45.2129,716800,0.3162,0.3418,0,0.246077,0,1,1
box_gap_return,oi_face_rot_turnpath_resid_mppi,20348,256,16,0,0,1,1,1,361,0.191465,0.195321,93.442,0,0.766561,1.21495,0.283889,102.484,107.722,1478656,0.3284,2.324,0,0.283966,0,1,1
box_gap_return,oi_face_rot_turnpath_resid_mppi,20355,256,16,0,0,1,1,1,182,0.222346,0.275375,39.2984,0,0.79002,1.25611,0.243082,44.241,46.5903,745472,0.2964,0.3302,0,0.243168,0,1,1
box_gap_return,oi_face_rot_turnpath_resid_mppi,20362,256,16,0,0,1,1,1,144,0.229343,0.0584107,30.3285,0,0.697174,1.03896,0.236244,34.0191,35.953,589824,0.2797,0.3003,0,0.236353,0,1,1
box_gap_return,oi_face_rot_turnpath_resid_mppi,20369,256,16,0,0,1,1,1,187,0.229303,0.165787,38.5388,0,0.726771,1.07366,0.242581,45.3627,47.9259,765952,0.2865,0.4322,0,0.242697,0,1,1
box_gap_return,oi_face_rot_turnpath_resid_mppi,20376,256,16,0,0,1,1,1,155,0.231866,0.0756439,29.2723,0,0.641939,0.887794,0.243492,37.7412,39.9608,634880,0.2967,0.312,0,0.243621,0,1,1
box_gap_return,oi_face_rot_turnpath_resid_mppi,20383,256,16,0,0,1,1,1,190,0.232426,0.118229,36.2893,0,0.843077,1.49785,0.245846,46.7107,49.4464,778240,0.3086,0.3293,0,0.245946,0,1,1
box_gap_return,oi_face_rot_turnpath_resid_mppi,20390,256,16,0,0,0,1,0,500,2.16006,1.94746,223.003,0,0.400208,0.291864,0.270944,135.472,142.034,2048000,0.2905,2.1723,0,0.271017,0,1,0
box_gap_return,oi_face_rot_turnpath_resid_mppi,20397,256,16,0,0,1,1,1,179,0.237416,0.233772,31.5875,0,0.805859,1.33873,0.259027,46.3658,50.0999,733184,0.312,0.341,0,0.25914,0,1,1
box_gap_return,oi_face_rot_turnpath_resid_mppi,20404,256,16,0,0,1,1,1,142,0.246022,0.127191,28.462,0,0.759971,1.19389,0.245055,34.7978,36.881,581632,0.3018,0.4318,0,0.245182,0,1,1
box_gap_return,oi_face_rot_turnpath_resid_mppi,20411,256,16,0,0,1,1,1,138,0.246804,0.194249,27.3325,0,0.710048,1.0346,0.238167,32.867,34.5005,565248,0.2988,0.3485,0,0.238251,0,1,1
box_gap_return,oi_face_rot_turnpath_resid_mppi,20418,256,16,0,0,1,1,1,340,0.164637,0.0670668,95.8011,0,0.670251,0.893372,0.280253,95.2859,100.262,1392640,0.3198,2.7346,0,0.280392,0,1,1
box_gap_return,oi_face_rot_turnpath_resid_mppi,20425,256,16,0,0,1,1,1,182,0.233108,0.0984434,36.5988,0,0.785194,1.30054,0.248223,45.1765,47.7748,745472,0.309,0.3761,0,0.248325,0,1,1
box_gap_return,oi_face_rot_turnpath_resid_mppi,20432,256,16,0,0,1,1,1,154,0.249908,0.0031753,28.822,0,0.769097,1.14809,0.237103,36.5139,38.2536,630784,0.2954,0.3222,0,0.237219,0,1,1
box_gap_return,oi_face_rot_turnpath_resid_mppi,20439,256,16,0,0,1,1,1,156,0.249884,0.00514078,31.1341,0,0.724098,0.983081,0.242372,37.81,39.9805,638976,0.2941,0.3428,0,0.242501,0,1,1
box_gap_return,oi_face_rot_turnpath_resid_mppi,20446,256,16,0,0,1,1,1,424,0.206817,0.104748,99.9372,0,0.774793,1.04662,0.252913,107.235,112.96,1736704,0.2971,3.3779,0,0.252997,0,1,1
box_gap_return,oi_face_rot_turnpath_resid_mppi,20453,256,16,0,0,1,1,1,250,0.241492,0.0996572,37.8771,0,0.650729,1.0225,0.260917,65.2293,70.2585,1024000,0.3557,0.4212,0,0.261019,0,1,1
box_gap_return,oi_face_rot_turnpath_resid_mppi,20460,256,16,0,0,1,1,1,264,0.243708,0.233153,60.7776,0,0.760543,1.01531,0.299713,79.1242,85.365,1081344,0.3623,2.4452,0,0.299809,0,1,1
box_gap_return,oi_face_rot_turnpath_resid_mppi,20467,256,16,0,0,1,1,1,219,0.163532,0.282795,37.6018,0,0.783706,1.24602,0.245151,53.6881,57.1807,897024,0.2965,0.3259,0,0.245296,0,1,1
box_gap_return,oi_face_rot_turnpath_resid_mppi,20474,256,16,0,0,1,1,1,245,0.179997,0.0145676,42.8477,0,0.897523,1.73716,0.244452,59.8908,62.8782,1003520,0.2912,0.3588,0,0.24453,0,1,1
box_gap_return,oi_face_rot_turnpath_resid_mppi,20481,256,16,0,0,1,1,1,220,0.220118,0.0220467,45.4381,0,0.667911,1.00792,0.27216,59.8751,64.4426,901120,0.3557,0.5123,0,0.27229,0,1,1
box_gap_return,oi_face_rot_turnpath_resid_mppi,20488,256,16,0,0,1,1,1,281,0.224418,0.144509,66.7983,0,0.826103,1.27486,0.236,66.316,70.1643,1150976,0.2932,0.3774,0,0.236086,0,1,1
box_gap_return,oi_face_rot_turnpath_resid_mppi,20495,256,16,0,0,0,1,0,500,1.30284,0.458109,84.204,0,1.00943,1.76863,0.2155,107.75,113.812,2048000,0.2803,0.3275,0,0.21556,0,1,0
box_gap_return,oi_face_rot_turnpath_resid_mppi,20502,256,16,0,0,1,1,1,119,0.245551,0.161018,24.2679,0,0.719544,1.11641,0.234976,27.9621,29.5303,487424,0.2907,0.2977,0,0.235083,0,1,1
box_gap_return,oi_face_rot_turnpath_resid_mppi,20509,256,16,0,0,1,1,1,387,0.247406,0.0259216,98.2148,0,0.739551,1.00665,0.260589,100.848,105.478,1585152,0.2881,2.6578,0,0.260659,0,1,1
box_gap_return,oi_face_rot_turnpath_resid_mppi,20516,256,16,0,0,0,1,0,500,2.38971,1.29021,211.732,0,0.789013,1.02742,0.230425,115.213,121.672,2048000,0.2843,2.478,0,0.230498,0,1,0
box_gap_return,oi_face_rot_turnpath_resid_mppi,20523,256,16,0,0,0,1,0,500,1.80377,1.38846,154.282,0,1.8609,5.27168,0.260164,130.082,136.611,2048000,0.2876,0.3438,0,0.260244,0,1,0
box_gap_return,oi_face_rot_turnpath_resid_mppi,20530,256,16,0,0,1,1,1,233,0.233739,0.00628477,37.0954,0,0.83079,1.39744,0.306276,71.3622,79.4784,954368,0.3674,0.4487,0,0.3064,0,1,1
box_gap_return,oi_face_rot_turnpath_resid_mppi,20537,256,16,0,0,1,1,1,189,0.21458,0.167604,35.9412,0,0.882957,1.58252,0.239489,45.2634,47.9313,774144,0.2714,0.3244,0,0.23959,0,1,1
box_gap_return,oi_face_rot_turnpath_resid_mppi,20544,256,16,0,0,1,1,1,198,0.245596,0.211168,32.7136,0,0.958645,1.90222,0.238833,47.289,49.8797,811008,0.2915,0.333,0,0.238933,0,1,1
box_gap_return,oi_face_rot_turnpath_resid_mppi,20551,256,16,0,0,1,1,1,185,0.228057,0.214016,36.2963,0,0.766327,1.2828,0.248351,45.9449,48.4836,757760,0.2981,1.0271,0,0.24855,0,1,1
box_gap_return,oi_face_rot_turnpath_resid_mppi,20558,256,16,0,0,1,1,1,185,0.138143,0.338042,30.8131,0,0.857031,1.37923,0.240896,44.5657,47.0199,757760,0.2952,0.3426,0,0.241002,0,1,1
box_gap_return,oi_face_rot_turnpath_resid_mppi,20565,256,16,0,0,1,1,1,175,0.220213,0.0488682,29.1034,0,0.668517,0.939147,0.241186,42.2076,44.4916,716800,0.2893,0.4005,0,0.241307,0,1,1
box_gap_return,oi_face_rot_turnpath_resid_mppi,20572,256,16,0,0,1,1,1,211,0.247364,0.104384,41.3673,0,0.821791,1.51081,0.327103,69.0187,77.494,864256,0.4311,0.4809,0,0.327209,0,1,1
box_gap_return,oi_face_rot_turnpath_resid_mppi,20579,256,16,0,0,1,1,1,189,0.212173,0.0111279,35.9258,0,0.697512,0.928681,0.246547,46.5974,49.136,774144,0.3085,0.3355,0,0.246649,0,1,1
box_gap_return,oi_face_rot_turnpath_resid_mppi,20586,256,16,0,0,1,1,1,192,0.238972,0.0404667,39.2688,0,0.733564,1.07083,0.25145,48.2784,51.077,786432,0.2998,0.3323,0,0.251559,0,1,1
box_gap_return,oi_face_rot_turnpath_resid_mppi,20593,256,16,0,0,1,1,1,369,0.0776652,0.315355,90.004,0,0.687914,0.87693,0.259904,95.9044,101.402,1511424,0.2887,2.9393,0,0.25997,0,1,1
box_gap_return,oi_face_rot_turnpath_resid_mppi,20600,256,16,0,0,1,1,1,229,0.22556,0.115682,45.6245,0,0.60923,0.787555,0.255083,58.414,61.5615,937984,0.3143,0.4009,0,0.255176,0,1,1
box_gap_return,oi_face_rot_turnpath_resid_mppi,20607,256,16,0,0,0,1,0,500,0.222629,0.658096,159.469,0,1.09721,2.27725,0.297063,148.531,155.917,2048000,0.3578,2.6055,0,0.297135,0,1,0
box_gap_return,oi_face_rot_turnpath_resid_mppi,20614,256,16,0,0,1,1,1,376,0.248382,0.0269322,88.2133,0,0.888636,1.45622,0.232703,87.4962,92.1519,1540096,0.2865,0.3127,0,0.232784,0,1,1
box_gap_return,oi_face_rot_turnpath_resid_mppi,20621,256,16,0,0,1,1,1,170,0.246892,0.00272701,38.3942,0,0.750066,1.04057,0.254125,43.2013,45.6295,696320,0.3171,0.3441,0,0.254247,0,1,1
box_gap_return,oi_face_rot_turnpath_resid_mppi,20628,256,16,0,0,1,1,1,201,0.224117,0.000119629,36.0944,0,0.686805,1.07901,0.240791,48.3989,50.9839,823296,0.2842,0.3198,0,0.240884,0,1,1
box_gap_return,oi_face_rot_turnpath_resid_mppi,20635,256,16,0,0,1,1,1,341,0.24926,0.0651578,93.7274,0,0.816666,1.41644,0.267012,91.0511,95.8865,1396736,0.3086,2.7944,0,0.267101,0,1,1
box_gap_return,oi_face_rot_turnpath_resid_mppi,20642,256,16,0,0,1,1,1,190,0.246886,0.293253,39.5667,0,0.712844,1.07081,0.246684,46.87,49.6788,778240,0.3187,0.3457,0,0.246791,0,1,1
box_gap_return,oi_face_rot_turnpath_resid_mppi,20649,256,16,0,0,1,1,1,187,0.23986,0.214157,36.1493,0,0.706845,1.03689,0.246743,46.1409,48.8703,765952,0.3102,0.3271,0,0.24685,0,1,1
box_gap_turn,oi_face_rot_anchor_mppi,19956,256,16,0,0,0,1,0,500,1.53085,0.540335,102.627,0,1.15257,2.24165,0.219668,109.834,116.166,2048000,0.262,0.3275,0,0.219746,0,1,0
box_gap_turn,oi_face_rot_anchor_mppi,19963,256,16,0,0,1,1,1,180,0.0927151,0.315551,25.8888,0,1.13685,2.58528,0.218067,39.252,41.8767,737280,0.2755,0.3027,0,0.218185,0,1,1
box_gap_turn,oi_face_rot_anchor_mppi,19970,256,16,0,0,1,1,1,116,0.123908,0.281198,17.1051,0,1.00639,1.85057,0.211459,24.5293,25.9076,475136,0.2715,0.2961,0,0.211572,0,1,1
box_gap_turn,oi_face_rot_anchor_mppi,19977,256,16,0,0,1,1,1,145,0.108156,0.328928,24.8165,0,1.1167,2.08669,0.22483,32.6003,34.4265,593920,0.2842,0.2981,0,0.224938,0,1,1
box_gap_turn,oi_face_rot_anchor_mppi,19984,256,16,0,0,1,1,1,149,0.198878,0.326177,27.1864,0,0.932705,1.33421,0.229632,34.2151,36.4038,610304,0.2828,0.3021,0,0.229752,0,1,1
box_gap_turn,oi_face_rot_anchor_mppi,19991,256,16,0,0,1,1,1,131,0.0771369,0.322792,25.6732,0,0.819774,1.0261,0.228056,29.8754,31.4564,536576,0.2781,0.304,0,0.228166,0,1,1
box_gap_turn,oi_face_rot_anchor_mppi,19998,256,16,0,0,1,1,1,87,0.24727,0.167119,15.197,0,1.41922,3.0671,0.215878,18.7814,19.8857,356352,0.2784,0.2942,0,0.216002,0,1,1
box_gap_turn,oi_face_rot_anchor_mppi,20005,256,16,0,0,1,1,1,123,0.0229126,0.337841,20.0206,0,1.04844,1.75766,0.232246,28.5662,30.2671,503808,0.2984,0.3209,0,0.23236,0,1,1
box_gap_turn,oi_face_rot_anchor_mppi,20012,256,16,0,0,1,1,1,257,0.186642,0.118224,40.6064,0,0.82699,1.202,0.215083,55.2762,58.3531,1052672,0.2792,0.3118,0,0.21517,0,1,1
box_gap_turn,oi_face_rot_anchor_mppi,20019,256,16,0,0,0,1,0,500,1.0408,0.410582,120.599,0,0.865229,1.21454,0.236127,118.063,125.231,2048000,0.2871,0.3179,0,0.236214,0,1,0
box_gap_turn,oi_face_rot_anchor_mppi,20026,256,16,0,0,1,1,1,94,0.137367,0.33473,18.531,0,1.07125,1.81699,0.223491,21.0082,22.0859,385024,0.2802,0.2888,0,0.223601,0,1,1
box_gap_turn,oi_face_rot_anchor_mppi,20033,256,16,0,0,1,1,1,151,0.11389,0.349822,20.682,0,0.862673,1.37871,0.216251,32.6539,34.6479,618496,0.2812,0.3094,0,0.216376,0,1,1
box_gap_turn,oi_face_rot_anchor_mppi,20040,256,16,0,0,1,1,1,210,0.190103,0.297895,40.4574,0,0.944358,1.50654,0.249113,52.3138,56.649,860160,0.3101,0.3387,0,0.249258,0,1,1
box_gap_turn,oi_face_rot_anchor_mppi,20047,256,16,0,0,1,1,1,149,0.238502,0.145889,19.6594,0,0.960636,1.42399,0.227736,33.9327,35.9883,610304,0.2923,0.3445,0,0.227851,0,1,1
box_gap_turn,oi_face_rot_anchor_mppi,20054,256,16,0,0,1,1,1,191,0.172789,0.346692,38.4662,0,0.937527,1.35797,0.231121,44.1441,46.6542,782336,0.2872,0.298,0,0.231229,0,1,1
box_gap_turn,oi_face_rot_anchor_mppi,20061,256,16,0,0,1,1,1,213,0.230266,0.267713,34.1738,0,0.90876,1.25585,0.23219,49.4565,52.4324,872448,0.2899,0.3065,0,0.232303,0,1,1
box_gap_turn,oi_face_rot_anchor_mppi,20068,256,16,0,0,1,1,1,108,0.0761497,0.246357,16.7369,0,1.0724,1.88903,0.21623,23.3529,24.6772,442368,0.2735,0.2948,0,0.21636,0,1,1
box_gap_turn,oi_face_rot_anchor_mppi,20075,256,16,0,0,1,1,1,219,0.195045,0.347164,39.6655,0,1.08563,2.03304,0.222802,48.7936,51.4122,897024,0.2831,0.3327,0,0.222903,0,1,1
box_gap_turn,oi_face_rot_anchor_mppi,20082,256,16,0,0,1,1,1,249,0.174127,0.347593,48.9296,0,0.953627,1.41166,0.240442,59.87,63.1738,1019904,0.2839,0.3787,0,0.240562,0,1,1
box_gap_turn,oi_face_rot_anchor_mppi,20089,256,16,0,0,1,1,1,251,0.107948,0.227571,62.062,0,0.703562,0.787079,0.220099,55.2449,58.1371,1028096,0.2828,0.2957,0,0.220183,0,1,1
box_gap_turn,oi_face_rot_anchor_mppi,20096,256,16,0,0,1,1,1,405,0.073771,0.316209,108.12,0,0.937151,1.34077,0.239715,97.0844,102.56,1658880,0.2847,0.3414,0,0.239792,0,1,1
box_gap_turn,oi_face_rot_anchor_mppi,20103,256,16,0,0,1,1,1,94,0.19123,0.289741,15.6807,0,0.982753,1.48163,0.213294,20.0496,21.2682,385024,0.2825,0.2952,0,0.213419,0,1,1
box_gap_turn,oi_face_rot_anchor_mppi,20110,256,16,0,0,1,1,1,241,0.233609,0.336312,47.4706,0,0.841119,1.14225,0.23984,57.8014,60.7388,987136,0.2923,0.3252,0,0.239932,0,1,1
box_gap_turn,oi_face_rot_anchor_mppi,20117,256,16,0,0,1,1,1,277,0.0328038,0.333478,62.6031,0,1.01103,1.59502,0.230416,63.8252,67.3975,1134592,0.2848,0.3788,0,0.2305,0,1,1
box_gap_turn,oi_face_rot_anchor_mppi,20124,256,16,0,0,1,1,1,104,0.179073,0.0910689,14.0457,0,0.936419,1.54477,0.219264,22.8035,24.0941,425984,0.2877,0.3178,0,0.219386,0,1,1
box_gap_turn,oi_face_rot_anchor_mppi,20131,256,16,0,0,1,1,1,121,0.247399,0.199647,23.1491,0,1.24925,2.43291,0.227928,27.5793,28.9913,495616,0.2795,0.3214,0,0.22802,0,1,1
box_gap_turn,oi_face_rot_anchor_mppi,20138,256,16,0,0,1,1,1,475,0.247808,0.27347,131.564,0,0.991265,1.49472,0.231449,109.938,115.956,1945600,0.2853,0.3381,0,0.23152,0,1,1
box_gap_turn,oi_face_rot_anchor_mppi,20145,256,16,0,0,0,1,0,500,0.713998,0.747692,128.389,0,0.808231,1.04901,0.220648,110.324,116.87,2048000,0.2817,0.3153,0,0.220729,0,1,0
box_gap_turn,oi_face_rot_anchor_mppi,20152,256,16,0,0,1,1,1,238,0.240164,0.188443,90.7096,0,0.94916,1.3931,0.225313,53.6245,57.081,974848,0.2961,0.3302,0,0.225435,0,1,1
box_gap_turn,oi_face_rot_anchor_mppi,20159,256,16,0,0,1,1,1,224,0.246282,0.134374,43.2841,0,1.13699,2.59005,0.22464,50.3194,53.4704,917504,0.287,0.393,0,0.224871,0,1,1
box_gap_turn,oi_face_rot_anchor_mppi,20166,256,16,0,0,1,1,1,119,0.0975543,0.330914,20.0208,0,0.938404,1.47417,0.219943,26.1732,27.6466,487424,0.2871,0.3149,0,0.220062,0,1,1
box_gap_turn,oi_face_rot_anchor_mppi,20173,256,16,0,0,1,1,1,119,0.201347,0.246254,17.2941,0,0.89075,1.42747,0.217587,25.8929,27.3226,487424,0.2807,0.2862,0,0.21768,0,1,1
box_gap_turn,oi_face_rot_anchor_mppi,20180,256,16,0,0,1,1,1,251,0.236371,0.299875,52.8536,0,0.857756,1.18895,0.227556,57.1165,60.1965,1028096,0.2861,0.2976,0,0.227653,0,1,1
box_gap_turn,oi_face_rot_anchor_mppi,20187,256,16,0,0,0,1,0,500,0.439373,0.508646,132.926,0,0.944107,1.39947,0.235247,117.624,124.821,2048000,0.2852,0.4026,0,0.235318,0,1,0
box_gap_turn,oi_face_rot_anchor_mppi,20194,256,16,0,0,1,1,1,84,0.166282,0.338607,14.4336,0,1.16725,1.93199,0.218819,18.3808,19.6512,344064,0.2858,0.3166,0,0.218963,0,1,1
box_gap_turn,oi_face_rot_anchor_mppi,20201,256,16,0,0,1,1,1,306,0.238559,0.319931,79.5506,0,0.943116,1.30719,0.231692,70.8979,74.8298,1253376,0.2859,0.341,0,0.231765,0,1,1
box_gap_turn,oi_face_rot_anchor_mppi,20208,256,16,0,0,1,1,1,138,0.22253,0.112989,20.9442,0,0.904904,1.48759,0.217127,29.9635,31.613,565248,0.2817,0.3466,0,0.217231,0,1,1
box_gap_turn,oi_face_rot_anchor_mppi,20215,256,16,0,0,1,1,1,133,0.235557,0.200766,21.8402,0,0.937075,1.4732,0.224156,29.8128,31.6754,544768,0.2932,0.3574,0,0.224267,0,1,1
box_gap_turn,oi_face_rot_anchor_mppi,20222,256,16,0,0,1,1,1,116,0.220079,0.0905958,23.9934,0,0.988673,1.59318,0.238458,27.6611,29.3676,475136,0.2939,0.3218,0,0.23861,0,1,1
box_gap_turn,oi_face_rot_anchor_mppi,20229,256,16,0,0,0,1,0,500,1.51333,0.531274,139.398,0,0.937566,1.58072,0.221338,110.669,116.878,2048000,0.2774,0.4015,0,0.22145,0,1,0
box_gap_turn,oi_face_rot_anchor_mppi,20236,256,16,0,0,1,1,1,102,0.0429899,0.31992,16.8259,0,1.09476,1.9333,0.219689,22.4083,23.6042,417792,0.2793,0.2942,0,0.219801,0,1,1
box_gap_turn,oi_face_rot_anchor_mppi,20243,256,16,0,0,1,1,1,390,0.101182,0.336888,86.1736,0,0.88624,1.23216,0.237155,92.4904,97.3877,1597440,0.2858,0.3427,0,0.237227,0,1,1
box_gap_turn,oi_face_rot_anchor_mppi,20250,256,16,0,0,1,1,1,248,0.104099,0.315831,54.1038,0,0.843288,1.14751,0.232405,57.6365,61.004,1015808,0.2869,0.3947,0,0.232481,0,1,1
box_gap_turn,oi_face_rot_anchor_mppi,20257,256,16,0,0,1,1,1,78,0.107389,0.33629,13.1599,0,1.17738,2.02868,0.240553,18.7631,20.5985,319488,0.2957,0.3022,0,0.240772,0,1,1
box_gap_turn,oi_face_rot_anchor_mppi,20264,256,16,0,0,1,1,1,258,0.247315,0.0182706,38.5717,0,1.06456,2.28115,0.222609,57.4332,61.3958,1056768,0.2868,0.3265,0,0.222717,0,1,1
box_gap_turn,oi_face_rot_anchor_mppi,20271,256,16,0,0,1,1,1,426,0.243661,0.140235,110.334,0,0.83938,1.08213,0.225433,96.0345,101.674,1744896,0.2837,0.3124,0,0.225522,0,1,1
box_gap_turn,oi_face_rot_anchor_mppi,20278,256,16,0,0,1,1,1,95,0.0828664,0.327391,15.5715,0,1.00793,1.6804,0.224999,21.3749,22.5552,389120,0.2875,0.3061,0,0.225121,0,1,1
box_gap_turn,oi_face_rot_anchor_mppi,20285,256,16,0,0,1,1,1,152,0.205599,0.258719,29.0944,0,0.992651,1.42489,0.236434,35.9379,37.8819,622592,0.2889,0.3579,0,0.236584,0,1,1
box_gap_turn,oi_face_rot_anchor_mppi,20292,256,16,0,0,1,1,1,215,0.216789,0.292179,47.7473,0,0.865986,1.16365,0.228636,49.1567,51.5964,880640,0.2856,0.3686,0,0.228721,0,1,1
box_gap_turn,oi_face_rot_anchor_mppi,20299,256,16,0,0,0,1,0,500,2.23638,1.70949,131.651,0,0.774199,0.964413,0.230157,115.079,121.223,2048000,0.2833,1.0284,0,0.230236,0,1,0
box_gap_turn,oi_face_rot_anchor_mppi,20306,256,16,0,0,1,1,1,88,0.206818,0.344287,15.3579,0,1.15078,2.15765,0.22491,19.7921,21.0535,360448,0.2914,0.3029,0,0.225051,0,1,1
box_gap_turn,oi_face_rot_anchor_mppi,20313,256,16,0,0,0,1,0,500,1.48925,0.783187,159.628,0,0.849213,1.11063,0.223695,111.847,118.664,2048000,0.2795,0.3526,0,0.223786,0,1,0
box_gap_turn,oi_face_rot_anchor_mppi,20320,256,16,0,0,1,1,1,167,0.228412,0.312053,35.9489,0,0.897154,1.2171,0.238139,39.7692,42.0693,684032,0.2875,0.3026,0,0.238243,0,1,1
box_gap_turn,oi_face_rot_anchor_mppi,20327,256,16,0,0,1,1,1,79,0.229328,0.267009,13.7876,0,1.06792,1.76552,0.217924,17.216,18.0813,323584,0.285,0.3037,0,0.218042,0,1,1
box_gap_turn,oi_face_rot_anchor_mppi,20334,256,16,0,0,1,1,1,323,0.139343,0.325221,85.3861,0,0.966347,1.33653,0.238641,77.0811,81.4165,1323008,0.2867,0.3216,0,0.238768,0,1,1
box_gap_turn,oi_face_rot_anchor_mppi,20341,256,16,0,0,1,1,1,300,0.23171,0.0833765,78.8606,0,0.970244,1.42189,0.234071,70.2213,74.1237,1228800,0.2821,0.2988,0,0.23416,0,1,1
box_gap_turn,oi_face_rot_anchor_mppi,20348,256,16,0,0,1,1,1,87,0.226895,0.0709488,14.4653,0,1.09917,1.97406,0.219185,19.0691,20.1016,356352,0.2814,0.2869,0,0.219317,0,1,1
box_gap_turn,oi_face_rot_anchor_mppi,20355,256,16,0,0,1,1,1,301,0.156186,0.336772,65.0954,0,0.843014,1.17914,0.219098,65.9486,69.6818,1232896,0.2788,0.3218,0,0.219173,0,1,1
box_gap_turn,oi_face_rot_anchor_mppi,20362,256,16,0,0,1,1,1,275,0.147966,0.262059,62.6371,0,1.01406,1.62293,0.228522,62.8435,66.0533,1126400,0.2795,0.3488,0,0.228595,0,1,1
box_gap_turn,oi_face_rot_anchor_mppi,20369,256,16,0,0,1,1,1,86,0.102263,0.345622,15.5648,0,1.10998,1.82548,0.224904,19.3417,20.663,352256,0.2821,0.2973,0,0.225054,0,1,1
box_gap_turn,oi_face_rot_anchor_mppi,20376,256,16,0,0,1,1,1,428,0.205677,0.280087,88.5399,0,0.903928,1.25352,0.236496,101.22,108.412,1753088,0.3022,0.3523,0,0.236599,0,1,1
box_gap_turn,oi_face_rot_anchor_mppi,20383,256,16,0,0,1,1,1,74,0.238425,0.0458777,14.4468,0,0.764357,1.01099,0.219261,16.2253,17.3118,303104,0.277,0.2874,0,0.219431,0,1,1
box_gap_turn,oi_face_rot_anchor_mppi,20390,256,16,0,0,1,1,1,254,0.227956,0.296168,76.881,0,1.01131,1.52299,0.234427,59.5445,63.8512,1040384,0.3036,0.4055,0,0.234563,0,1,1
box_gap_turn,oi_face_rot_anchor_mppi,20397,256,16,0,0,1,1,1,104,0.16233,0.294613,16.7486,0,0.75992,0.983005,0.223404,23.234,24.7643,425984,0.2834,0.2937,0,0.223567,0,1,1
box_gap_turn,oi_face_rot_anchor_mppi,20404,256,16,0,0,1,1,1,90,0.246764,0.310576,15.9391,0,0.767497,0.945444,0.219307,19.7376,21.0835,368640,0.2805,0.3201,0,0.219463,0,1,1
box_gap_turn,oi_face_rot_anchor_mppi,20411,256,16,0,0,1,1,1,141,0.0216848,0.248428,21.4183,0,1.24232,2.71607,0.224057,31.592,33.3021,577536,0.2852,0.3153,0,0.22416,0,1,1
box_gap_turn,oi_face_rot_anchor_mppi,20418,256,16,0,0,1,1,1,195,0.2277,0.232601,41.3668,0,0.726101,0.821621,0.236898,46.1951,49.4524,798720,0.297,0.309,0,0.236998,0,1,1
box_gap_turn,oi_face_rot_anchor_mppi,20425,256,16,0,0,1,1,1,126,0.104444,0.321412,21.6706,0,0.857552,1.23643,0.211317,26.626,28.2265,516096,0.2747,0.2845,0,0.211434,0,1,1
box_gap_turn,oi_face_rot_anchor_mppi,20432,256,16,0,0,1,1,1,405,0.246366,0.247639,95.5369,0,0.87727,1.22568,0.237245,96.0842,101.779,1658880,0.288,0.3643,0,0.237329,0,1,1
box_gap_turn,oi_face_rot_anchor_mppi,20439,256,16,0,0,1,1,1,207,0.24343,0.0333232,39.9253,0,0.898453,1.32601,0.219572,45.4513,48.2861,847872,0.2796,0.3014,0,0.219818,0,1,1
box_gap_turn,oi_face_rot_anchor_mppi,20446,256,16,0,0,0,1,0,500,1.49581,0.571988,105.816,0,1.03591,1.78236,0.21394,106.97,112.841,2048000,0.2792,0.3421,0,0.214009,0,1,0
box_gap_turn,oi_face_rot_anchor_mppi,20453,256,16,0,0,1,1,1,158,0.229006,0.276786,29.0309,0,1.03806,1.76515,0.232277,36.6997,39.1422,647168,0.2927,0.3218,0,0.232416,0,1,1
box_gap_turn,oi_face_rot_anchor_mppi,20460,256,16,0,0,1,1,1,415,0.249778,0.304621,105.364,0,0.864435,1.16065,0.234476,97.3077,103.088,1699840,0.2901,0.3486,0,0.234548,0,1,1
box_gap_turn,oi_face_rot_anchor_mppi,20467,256,16,0,0,1,1,1,322,0.138997,0.33964,71.2605,0,0.869675,1.24467,0.224938,72.4299,76.0527,1318912,0.2834,0.376,0,0.225015,0,1,1
box_gap_turn,oi_face_rot_anchor_mppi,20474,256,16,0,0,1,1,1,123,0.248345,0.317779,18.2268,0,0.941055,1.65221,0.223921,27.5423,29.0421,503808,0.2823,0.2905,0,0.224018,0,1,1
box_gap_turn,oi_face_rot_anchor_mppi,20481,256,16,0,0,1,1,1,362,0.232274,0.234062,86.5331,0,0.922754,1.43495,0.225256,81.5428,86.3235,1482752,0.2854,0.3351,0,0.225335,0,1,1
box_gap_turn,oi_face_rot_anchor_mppi,20488,256,16,0,0,1,1,1,380,0.244451,0.186192,87.6244,0,0.937052,1.36448,0.232414,88.3175,93.1462,1556480,0.2841,0.3095,0,0.232507,0,1,1
box_gap_turn,oi_face_rot_anchor_mppi,20495,256,16,0,0,1,1,1,97,0.248507,0.321762,16.0796,0,1.5197,3.54006,0.228806,22.1942,23.445,397312,0.2853,0.2974,0,0.228958,0,1,1
box_gap_turn,oi_face_rot_anchor_mppi,20502,256,16,0,0,1,1,1,460,0.226105,0.0273215,111.939,0,0.952629,1.67964,0.232086,106.76,112.429,1884160,0.2829,0.3406,0,0.232157,0,1,1
box_gap_turn,oi_face_rot_anchor_mppi,20509,256,16,0,0,1,1,1,384,0.0352661,0.312219,88.0591,0,0.799949,1.01135,0.228775,87.8494,92.0568,1572864,0.2798,0.2967,0,0.228838,0,1,1
box_gap_turn,oi_face_rot_anchor_mppi,20516,256,16,0,0,1,1,1,138,0.194743,0.273339,22.8831,0,0.874554,1.25561,0.221223,30.5288,32.4078,565248,0.293,0.3052,0,0.221336,0,1,1
box_gap_turn,oi_face_rot_anchor_mppi,20523,256,16,0,0,1,1,1,139,0.191372,0.253455,20.9049,0,0.909108,1.44853,0.214122,29.7629,31.3592,569344,0.2782,0.2879,0,0.214206,0,1,1
box_gap_turn,oi_face_rot_anchor_mppi,20530,256,16,0,0,1,1,1,228,0.216825,0.27997,41.0593,0,0.879374,1.33748,0.236604,53.9458,58.452,933888,0.2953,0.354,0,0.236746,0,1,1
box_gap_turn,oi_face_rot_anchor_mppi,20537,256,16,0,0,0,1,0,500,1.74001,1.06714,131.814,0,0.867581,1.18313,0.230876,115.438,122.14,2048000,0.2841,0.9141,0,0.230965,0,1,0
box_gap_turn,oi_face_rot_anchor_mppi,20544,256,16,0,0,1,1,1,128,0.142522,0.33604,22.8937,0,0.959863,1.45157,0.234019,29.9545,31.6203,524288,0.2882,0.3048,0,0.234134,0,1,1
box_gap_turn,oi_face_rot_anchor_mppi,20551,256,16,0,0,1,1,1,135,0.227766,0.0933298,19.3104,0,0.87161,1.40976,0.207853,28.0602,29.8581,552960,0.2601,0.2811,0,0.207956,0,1,1
box_gap_turn,oi_face_rot_anchor_mppi,20558,256,16,0,0,1,1,1,105,0.073907,0.346793,16.3158,0,1.52782,3.78759,0.22036,23.1378,24.4928,430080,0.2765,0.3215,0,0.220485,0,1,1
box_gap_turn,oi_face_rot_anchor_mppi,20565,256,16,0,0,1,1,1,472,0.225753,0.347432,125.926,0,0.989124,1.47746,0.226809,107.054,113.111,1933312,0.2819,0.3501,0,0.226884,0,1,1
box_gap_turn,oi_face_rot_anchor_mppi,20572,256,16,0,0,1,1,1,295,0.232385,0.314796,70.0484,0,0.92133,1.32115,0.221075,65.2171,68.7316,1208320,0.2799,0.329,0,0.221145,0,1,1
box_gap_turn,oi_face_rot_anchor_mppi,20579,256,16,0,0,1,1,1,149,0.248757,0.326841,26.3125,0,0.821415,1.10385,0.224128,33.3951,35.2852,610304,0.284,0.3278,0,0.224233,0,1,1
box_gap_turn,oi_face_rot_anchor_mppi,20586,256,16,0,0,1,1,1,355,0.243628,0.181563,77.7524,0,0.984944,1.51793,0.233523,82.9007,87.8208,1454080,0.2837,0.3252,0,0.233611,0,1,1
box_gap_turn,oi_face_rot_anchor_mppi,20593,256,16,0,0,1,1,1,212,0.126397,0.319784,39.6445,0,0.89351,1.1972,0.229042,48.5569,51.2576,868352,0.2834,0.3036,0,0.229152,0,1,1
box_gap_turn,oi_face_rot_anchor_mppi,20600,256,16,0,0,1,1,1,292,0.231385,0.134005,68.5306,0,0.729821,0.909344,0.221306,64.6213,68.7142,1196032,0.2798,0.2914,0,0.221401,0,1,1
box_gap_turn,oi_face_rot_anchor_mppi,20607,256,16,0,0,1,1,1,137,0.12528,0.290887,24.3679,0,0.808815,1.05154,0.250574,34.3287,37.4603,561152,0.3078,0.3458,0,0.25073,0,1,1
box_gap_turn,oi_face_rot_anchor_mppi,20614,256,16,0,0,1,1,1,170,0.249811,0.327214,36.7006,0,0.903149,1.29791,0.220775,37.5318,39.5754,696320,0.2796,0.4284,0,0.220872,0,1,1
box_gap_turn,oi_face_rot_anchor_mppi,20621,256,16,0,0,0,1,0,500,1.51064,1.20475,114.107,0,0.936144,1.28219,0.236225,118.113,124.705,2048000,0.2876,0.3546,0,0.236312,0,1,0
box_gap_turn,oi_face_rot_anchor_mppi,20628,256,16,0,0,1,1,1,149,0.207314,0.300871,32.7023,0,0.847529,1.11673,0.23536,35.0687,37.0319,610304,0.292,0.3424,0,0.235497,0,1,1
box_gap_turn,oi_face_rot_anchor_mppi,20635,256,16,0,0,1,1,1,91,0.207747,0.337827,15.0058,0,0.914299,1.49902,0.219198,19.947,21.0212,372736,0.2815,0.3241,0,0.219316,0,1,1
box_gap_turn,oi_face_rot_anchor_mppi,20642,256,16,0,0,1,1,1,74,0.219293,0.165196,14.1936,0,0.964052,1.4598,0.234457,17.3498,18.2707,303104,0.2892,0.318,0,0.234587,0,1,1
box_gap_turn,oi_face_rot_anchor_mppi,20649,256,16,0,0,1,1,1,106,0.0482288,0.299769,15.4643,0,0.852889,1.4221,0.223704,23.7126,25.5384,434176,0.2773,0.312,0,0.223864,0,1,1
box_gap_turn,oi_face_rot_turnpath_mppi,19956,256,16,0,0,1,1,1,316,0.245527,0.0539203,67.7289,0,0.785134,1.14961,0.313217,98.9767,104.823,1294336,0.4046,2.1777,0,0.313308,0,1,1
box_gap_turn,oi_face_rot_turnpath_mppi,19963,256,16,0,0,1,1,1,154,0.111425,0.349375,30.1335,0,1.05904,2.15219,0.240126,36.9794,39.0662,630784,0.2932,0.3056,0,0.240247,0,1,1
box_gap_turn,oi_face_rot_turnpath_mppi,19970,256,16,0,0,1,1,1,148,0.23959,0.144568,27.71,0,0.92583,1.52233,0.22851,33.8195,35.6893,606208,0.2937,0.3109,0,0.228624,0,1,1
box_gap_turn,oi_face_rot_turnpath_mppi,19977,256,16,0,0,1,1,1,269,0.241275,0.240017,63.2425,0,0.991806,1.60404,0.260277,70.0144,73.9031,1101824,0.3265,2.3824,0,0.26036,0,1,1
box_gap_turn,oi_face_rot_turnpath_mppi,19984,256,16,0,0,1,1,1,176,0.24618,0.0331483,37.2976,0,0.950145,1.62255,0.236192,41.5698,44.0003,720896,0.2939,0.349,0,0.236288,0,1,1
box_gap_turn,oi_face_rot_turnpath_mppi,19991,256,16,0,0,1,1,1,131,0.241352,0.20746,29.447,0,0.797088,1.18558,0.243903,31.9513,33.932,536576,0.3193,0.4782,0,0.244026,0,1,1
box_gap_turn,oi_face_rot_turnpath_mppi,19998,256,16,0,0,1,1,1,153,0.222471,0.34071,38.9632,0,0.649704,0.842425,0.277871,42.5142,45.0898,626688,0.2812,3.2873,0,0.277958,0,1,1
box_gap_turn,oi_face_rot_turnpath_mppi,20005,256,16,0,0,1,1,1,128,0.225859,0.341184,26.6065,0,0.855506,1.41883,0.238012,30.4655,32.1676,524288,0.3067,0.3354,0,0.238188,0,1,1
box_gap_turn,oi_face_rot_turnpath_mppi,20012,256,16,0,0,1,1,1,361,0.243074,0.26925,109.916,0,0.959236,1.50678,0.351401,126.856,132.299,1478656,0.3328,4.2099,0,0.351471,0,1,1
box_gap_turn,oi_face_rot_turnpath_mppi,20019,256,16,0,0,0,1,0,500,1.97915,1.86184,212.616,0,0.992704,1.69466,0.420083,210.042,218.365,2048000,2.2127,4.8381,0,0.420153,0,1,0
box_gap_turn,oi_face_rot_turnpath_mppi,20026,256,16,0,0,1,1,1,188,0.223339,0.224877,40.1178,0,0.847481,1.39137,0.239377,45.0028,47.562,770048,0.2959,0.3277,0,0.239559,0,1,1
box_gap_turn,oi_face_rot_turnpath_mppi,20033,256,16,0,0,1,1,1,385,0.0672954,0.338917,89.1859,0,0.877629,1.25021,0.302948,116.635,122.715,1576960,0.3449,2.1013,0,0.303026,0,1,1
box_gap_turn,oi_face_rot_turnpath_mppi,20040,256,16,0,0,0,1,0,500,1.76999,1.78609,144.262,0,0.878802,1.35144,0.252718,126.359,133.825,2048000,0.3174,3.5079,0,0.252793,0,1,0
box_gap_turn,oi_face_rot_turnpath_mppi,20047,256,16,0,0,1,1,1,124,0.150128,0.314354,25.2655,0,0.840928,1.28563,0.238614,29.5881,31.0934,507904,0.303,0.3246,0,0.23872,0,1,1
box_gap_turn,oi_face_rot_turnpath_mppi,20054,256,16,0,0,1,1,1,136,0.243513,0.241972,30.0731,0,0.792773,1.13576,0.238108,32.3827,33.953,557056,0.2992,0.3125,0,0.238197,0,1,1
box_gap_turn,oi_face_rot_turnpath_mppi,20061,256,16,0,0,1,1,1,472,0.214457,0.0298855,107.469,0,0.826351,1.25146,0.281411,132.826,141.263,1933312,0.3159,2.8783,0,0.281483,0,1,1
box_gap_turn,oi_face_rot_turnpath_mppi,20068,256,16,0,0,1,1,1,379,0.248805,0.0526744,93.8299,0,0.911159,1.45366,0.281228,106.585,112.31,1552384,0.3262,3.4133,0,0.281305,0,1,1
box_gap_turn,oi_face_rot_turnpath_mppi,20075,256,16,0,0,0,1,0,500,1.83419,0.00696194,239.243,0,0.809933,1.09026,0.264137,132.069,139.779,2048000,0.3186,2.7936,0,0.264211,0,1,0
box_gap_turn,oi_face_rot_turnpath_mppi,20082,256,16,0,0,0,1,0,500,1.95181,0.721627,176.47,0,0.909644,1.3712,0.290915,145.458,154.024,2048000,0.3159,3.6053,0,0.290995,0,1,0
box_gap_turn,oi_face_rot_turnpath_mppi,20089,256,16,0,0,1,1,1,184,0.233506,0.22147,40.3223,0,0.767172,0.960193,0.247672,45.5716,48.4251,753664,0.3063,0.3228,0,0.247805,0,1,1
box_gap_turn,oi_face_rot_turnpath_mppi,20096,256,16,0,0,0,1,0,500,1.2407,0.339894,151.824,0,0.807895,1.09492,0.308178,154.089,161.045,2048000,0.327,4.1725,0,0.308257,0,1,0
box_gap_turn,oi_face_rot_turnpath_mppi,20103,256,16,0,0,1,1,1,175,0.246488,0.273885,31.0867,0,0.811872,1.17402,0.240446,42.078,44.9089,716800,0.3052,0.3754,0,0.240608,0,1,1
box_gap_turn,oi_face_rot_turnpath_mppi,20110,256,16,0,0,0,1,0,500,1.66555,0.630289,138.063,0,0.862871,1.12635,0.394776,197.388,205.162,2048000,1.9675,3.095,0,0.394849,0,1,0
box_gap_turn,oi_face_rot_turnpath_mppi,20117,256,16,0,0,0,1,0,500,3.77565,1.12512,343.34,0,1.29025,2.73959,0.287179,143.589,151.8,2048000,0.3127,5.9691,0,0.2873,0,1,0
box_gap_turn,oi_face_rot_turnpath_mppi,20124,256,16,0,0,1,1,1,493,0.208654,0.28549,119.068,0,0.870302,1.43119,0.333155,164.245,172.921,2019328,0.3427,3.11,0,0.333268,0,1,1
box_gap_turn,oi_face_rot_turnpath_mppi,20131,256,16,0,0,1,1,1,391,0.237586,0.265857,90.8029,0,0.988066,1.67421,0.287219,112.303,119.724,1601536,0.3272,4.1532,0,0.287351,0,1,1
box_gap_turn,oi_face_rot_turnpath_mppi,20138,256,16,0,0,0,1,0,500,0.207649,0.416332,146.755,0,0.834893,1.19502,0.356604,178.302,187.836,2048000,0.3537,4.3301,0,0.356737,0,1,0
box_gap_turn,oi_face_rot_turnpath_mppi,20145,256,16,0,0,1,1,1,123,0.240841,0.0841219,24.9118,0,1.13278,2.58689,0.232254,28.5672,30.4638,503808,0.2664,0.2973,0,0.232419,0,1,1
box_gap_turn,oi_face_rot_turnpath_mppi,20152,256,16,0,0,1,1,1,318,0.249977,0.102084,67.4677,0,0.908076,1.47174,0.250231,79.5735,85.0455,1302528,0.3067,0.3321,0,0.250358,0,1,1
box_gap_turn,oi_face_rot_turnpath_mppi,20159,256,16,0,0,0,1,0,500,3.78478,1.22372,407.636,0,1.12777,2.29285,0.298478,149.239,158.234,2048000,0.3084,5.232,0,0.298584,0,1,0
box_gap_turn,oi_face_rot_turnpath_mppi,20166,256,16,0,0,1,1,1,203,0.195524,0.279756,36.5055,0,1.0109,1.74952,0.23271,47.2401,51.5778,831488,0.2959,0.332,0,0.232885,0,1,1
box_gap_turn,oi_face_rot_turnpath_mppi,20173,256,16,0,0,1,1,1,262,0.24114,0.288116,62.4016,0,0.837993,1.18072,0.274155,71.8286,76.5756,1073152,0.3173,3.6134,0,0.274321,0,1,1
box_gap_turn,oi_face_rot_turnpath_mppi,20180,256,16,0,0,1,1,1,185,0.232365,0.130496,42.4452,0,0.91776,1.38739,0.331402,61.3094,64.6204,757760,0.3599,2.3932,0,0.331554,0,1,1
box_gap_turn,oi_face_rot_turnpath_mppi,20187,256,16,0,0,1,1,1,257,0.153025,0.339631,78.2204,0,0.840202,1.19805,0.297379,76.4265,81.5317,1052672,0.2899,4.2209,0,0.297518,0,1,1
box_gap_turn,oi_face_rot_turnpath_mppi,20194,256,16,0,0,1,1,1,166,0.197396,0.230291,43.5691,0,0.856786,1.36212,0.310321,51.5133,55.1519,679936,0.3354,4.7429,0,0.310476,0,1,1
box_gap_turn,oi_face_rot_turnpath_mppi,20201,256,16,0,0,1,1,1,201,0.226603,0.0625105,31.8977,0,0.929081,1.60337,0.244326,49.1096,53.3635,823296,0.3248,0.3756,0,0.244482,0,1,1
box_gap_turn,oi_face_rot_turnpath_mppi,20208,256,16,0,0,0,1,0,500,3.10695,0.000846386,236.246,0,0.773065,1.02566,0.320288,160.144,169.246,2048000,0.3279,5.1781,0,0.320389,0,1,0
box_gap_turn,oi_face_rot_turnpath_mppi,20215,256,16,0,0,1,1,1,210,0.246395,0.173392,51.6314,0,0.911154,1.34114,0.244968,51.4433,55.255,860160,0.2988,0.339,0,0.245123,0,1,1
box_gap_turn,oi_face_rot_turnpath_mppi,20222,256,16,0,0,0,1,0,500,1.80039,0.719004,156.493,0,0.785731,0.995892,0.304805,152.402,161.376,2048000,0.3341,4.0214,0,0.304912,0,1,0
box_gap_turn,oi_face_rot_turnpath_mppi,20229,256,16,0,0,0,1,0,500,0.965568,0.146461,149.651,0,0.766179,0.969319,0.298936,149.468,158.048,2048000,0.3264,4.2149,0,0.299057,0,1,0
box_gap_turn,oi_face_rot_turnpath_mppi,20236,256,16,0,0,1,1,1,147,0.0263439,0.30591,29.9521,0,0.856827,1.41291,0.241473,35.4966,37.6839,602112,0.2906,0.3029,0,0.241655,0,1,1
box_gap_turn,oi_face_rot_turnpath_mppi,20243,256,16,0,0,0,1,0,500,2.06229,1.7501,154.819,0,0.962012,1.5337,0.283887,141.944,148.932,2048000,0.3165,3.5448,0,0.283974,0,1,0
box_gap_turn,oi_face_rot_turnpath_mppi,20250,256,16,0,0,0,1,0,500,2.94832,0.857973,274.229,0,0.536571,0.666258,0.246278,123.139,131.184,2048000,0.3133,2.9414,0,0.24637,0,1,0
box_gap_turn,oi_face_rot_turnpath_mppi,20257,256,16,0,0,1,1,1,134,0.213852,0.333406,32.1864,0,0.88346,1.39996,0.280857,37.6349,40.0184,548864,0.3342,2.6949,0,0.281032,0,1,1
box_gap_turn,oi_face_rot_turnpath_mppi,20264,256,16,0,0,0,1,0,500,2.3055,0.696238,143.584,0,0.900076,1.33031,0.385645,192.822,202.322,2048000,0.4639,3.3757,0,0.385757,0,1,0
box_gap_turn,oi_face_rot_turnpath_mppi,20271,256,16,0,0,1,1,1,406,0.21724,0.220849,150.007,0,0.934745,1.37268,0.241735,98.1444,104.791,1662976,0.3031,0.9985,0,0.241865,0,1,1
box_gap_turn,oi_face_rot_turnpath_mppi,20278,256,16,0,0,1,1,1,142,0.0924123,0.346123,33.2435,0,0.984154,1.69739,0.256248,36.3872,38.8618,581632,0.269,3.3546,0,0.256406,0,1,1
box_gap_turn,oi_face_rot_turnpath_mppi,20285,256,16,0,0,1,1,1,180,0.248954,0.15077,35.0745,0,0.757071,1.1556,0.235929,42.4673,45.2043,737280,0.2909,0.327,0,0.236071,0,1,1
box_gap_turn,oi_face_rot_turnpath_mppi,20292,256,16,0,0,1,1,1,182,0.234862,0.233789,38.4732,0,0.795769,1.06005,0.252573,45.9683,48.8467,745472,0.3166,0.3379,0,0.252696,0,1,1
box_gap_turn,oi_face_rot_turnpath_mppi,20299,256,16,0,0,1,1,1,127,0.24052,0.00723398,28.8486,0,0.713862,0.974987,0.252519,32.0699,33.9795,520192,0.3184,0.3521,0,0.252679,0,1,1
box_gap_turn,oi_face_rot_turnpath_mppi,20306,256,16,0,0,1,1,1,228,0.207311,0.127833,48.8006,0,0.849445,1.20997,0.247572,56.4464,60.2667,933888,0.302,0.3286,0,0.247712,0,1,1
box_gap_turn,oi_face_rot_turnpath_mppi,20313,256,16,0,0,1,1,1,143,0.230191,0.234934,30.1931,0,1.15519,2.6389,0.244054,34.8997,37.2316,585728,0.3198,0.3302,0,0.244234,0,1,1
box_gap_turn,oi_face_rot_turnpath_mppi,20320,256,16,0,0,1,1,1,153,0.195064,0.324645,34.954,0,0.890152,1.29926,0.246488,37.7127,40.011,626688,0.3068,0.3197,0,0.246652,0,1,1
box_gap_turn,oi_face_rot_turnpath_mppi,20327,256,16,0,0,1,1,1,220,0.241433,0.173646,51.7718,0,0.778981,0.994007,0.243573,53.5861,57.1896,901120,0.3006,1.8976,0,0.243664,0,1,1
box_gap_turn,oi_face_rot_turnpath_mppi,20334,256,16,0,0,1,1,1,118,0.0259248,0.325208,26.3224,0,0.940231,1.5064,0.239622,28.2754,29.9618,483328,0.3003,0.3201,0,0.239742,0,1,1
box_gap_turn,oi_face_rot_turnpath_mppi,20341,256,16,0,0,1,1,1,120,0.0800321,0.22155,26.5543,0,0.648146,0.817984,0.238142,28.577,30.2395,491520,0.2932,0.3583,0,0.238257,0,1,1
box_gap_turn,oi_face_rot_turnpath_mppi,20348,256,16,0,0,1,1,1,171,0.234263,0.000369787,35.3486,0,0.854325,1.27078,0.244292,41.774,44.0272,700416,0.3017,0.311,0,0.244406,0,1,1
box_gap_turn,oi_face_rot_turnpath_mppi,20355,256,16,0,0,1,1,1,200,0.226515,0.0912805,47.0683,0,0.99066,1.70603,0.240731,48.1462,50.7012,819200,0.2959,0.3116,0,0.240816,0,1,1
box_gap_turn,oi_face_rot_turnpath_mppi,20362,256,16,0,0,1,1,1,114,0.154387,0.341264,25.0245,0,0.885039,1.30751,0.232181,26.4686,27.8741,466944,0.2829,0.3078,0,0.232289,0,1,1
box_gap_turn,oi_face_rot_turnpath_mppi,20369,256,16,0,0,0,1,0,500,1.96109,1.70832,163.979,0,0.984926,1.53394,0.298273,149.136,155.995,2048000,0.3359,2.7901,0,0.298353,0,1,0
box_gap_turn,oi_face_rot_turnpath_mppi,20376,256,16,0,0,1,1,1,165,0.0932094,0.331901,35.318,0,0.824684,1.13558,0.237655,39.2131,41.4626,675840,0.2952,0.3252,0,0.237765,0,1,1
box_gap_turn,oi_face_rot_turnpath_mppi,20383,256,16,0,0,1,1,1,366,0.236914,0.13513,73.0144,0,0.971151,1.78541,0.244623,89.5321,95.0469,1499136,0.3024,2.5446,0,0.244712,0,1,1
box_gap_turn,oi_face_rot_turnpath_mppi,20390,256,16,0,0,1,1,1,132,0.0466112,0.341234,29.3102,0,0.865639,1.36556,0.274978,36.2971,39.9385,540672,0.3722,0.447,0,0.27512,0,1,1
box_gap_turn,oi_face_rot_turnpath_mppi,20397,256,16,0,0,1,1,1,430,0.205058,0.124616,100.5,0,0.771201,1.02246,0.286371,123.139,129.726,1761280,0.3243,2.4831,0,0.286442,0,1,1
box_gap_turn,oi_face_rot_turnpath_mppi,20404,256,16,0,0,1,1,1,150,0.176922,0.317393,34.1635,0,0.917653,1.5159,0.239051,35.8577,38.1071,614400,0.2961,0.3108,0,0.239172,0,1,1
box_gap_turn,oi_face_rot_turnpath_mppi,20411,256,16,0,0,1,1,1,156,0.236405,0.199996,33.2925,0,0.757962,1.00746,0.242442,37.8209,40.0089,638976,0.3055,0.3413,0,0.242723,0,1,1
box_gap_turn,oi_face_rot_turnpath_mppi,20418,256,16,0,0,1,1,1,102,0.239368,0.135534,23.8821,0,0.774477,1.14768,0.239765,24.456,25.6959,417792,0.3001,0.3179,0,0.239879,0,1,1
box_gap_turn,oi_face_rot_turnpath_mppi,20425,256,16,0,0,1,1,1,215,0.15414,0.276344,43.8226,0,0.752945,0.973899,0.243267,52.3024,55.0582,880640,0.3045,0.3141,0,0.243356,0,1,1
box_gap_turn,oi_face_rot_turnpath_mppi,20432,256,16,0,0,1,1,1,232,0.215384,0.342526,54.7934,0,0.87187,1.26465,0.26144,60.6541,63.804,950272,0.3252,2.6265,0,0.261543,0,1,1
box_gap_turn,oi_face_rot_turnpath_mppi,20439,256,16,0,0,0,1,0,500,3.21708,0.965412,190.822,0,0.844252,1.2356,0.302152,151.076,158.84,2048000,0.3028,5.0626,0,0.302221,0,1,0
box_gap_turn,oi_face_rot_turnpath_mppi,20446,256,16,0,0,0,1,0,500,2.03863,1.07447,195.912,0,0.847376,1.22765,0.29765,148.825,156.079,2048000,0.3293,4.2184,0,0.297719,0,1,0
box_gap_turn,oi_face_rot_turnpath_mppi,20453,256,16,0,0,1,1,1,106,0.0590992,0.327128,24.0238,0,0.918671,1.56353,0.238822,25.3151,27.0904,434176,0.2693,0.3358,0,0.238955,0,1,1
box_gap_turn,oi_face_rot_turnpath_mppi,20460,256,16,0,0,1,1,1,158,0.106778,0.348389,32.9101,0,1.0243,2.0298,0.244572,38.6424,40.6835,647168,0.2995,0.3266,0,0.244851,0,1,1
box_gap_turn,oi_face_rot_turnpath_mppi,20467,256,16,0,0,1,1,1,276,0.220458,0.297885,58.1354,0,0.855492,1.25084,0.244217,67.404,71.319,1130496,0.3058,0.3333,0,0.244302,0,1,1
box_gap_turn,oi_face_rot_turnpath_mppi,20474,256,16,0,0,1,1,1,283,0.0766682,0.335118,62.1261,0,0.929917,1.5218,0.280748,79.4517,83.9024,1159168,0.3168,3.3073,0,0.280825,0,1,1
box_gap_turn,oi_face_rot_turnpath_mppi,20481,256,16,0,0,1,1,1,134,0.218057,0.293596,22.3619,0,0.774163,1.31919,0.224343,30.062,31.9414,548864,0.2713,0.3058,0,0.22444,0,1,1
box_gap_turn,oi_face_rot_turnpath_mppi,20488,256,16,0,0,1,1,1,169,0.234295,0.176479,25.2828,0,0.955625,1.7733,0.220132,37.2023,39.3893,692224,0.2545,0.3032,0,0.220232,0,1,1
box_gap_turn,oi_face_rot_turnpath_mppi,20495,256,16,0,0,1,1,1,161,0.238672,0.124735,38.2547,0,0.833643,1.17012,0.246447,39.6779,41.7696,659456,0.3001,0.322,0,0.246564,0,1,1
box_gap_turn,oi_face_rot_turnpath_mppi,20502,256,16,0,0,0,1,0,500,3.4022,1.01115,214.401,0,0.840193,1.20092,0.284224,142.112,150.81,2048000,0.3553,4.6399,0,0.284307,0,1,0
box_gap_turn,oi_face_rot_turnpath_mppi,20509,256,16,0,0,1,1,1,136,0.245522,0.185713,29.2362,0,0.900174,1.52907,0.311238,42.3284,45.0476,557056,0.3911,2.3136,0,0.31135,0,1,1
box_gap_turn,oi_face_rot_turnpath_mppi,20516,256,16,0,0,1,1,1,457,0.214164,0.257468,124.851,0,0.94548,1.49943,0.246079,112.458,119.106,1871872,0.2888,2.6234,0,0.246151,0,1,1
box_gap_turn,oi_face_rot_turnpath_mppi,20523,256,16,0,0,1,1,1,280,0.230155,0.0962608,50.0814,0,0.820182,1.28643,0.23745,66.4861,69.7347,1146880,0.3,0.3262,0,0.23753,0,1,1
box_gap_turn,oi_face_rot_turnpath_mppi,20530,256,16,0,0,0,1,0,500,3.009,0.101026,154.137,0,0.869056,1.18905,0.409715,204.857,212.146,2048000,1.9785,2.6537,0,0.409781,0,1,0
box_gap_turn,oi_face_rot_turnpath_mppi,20537,256,16,0,0,1,1,1,178,0.218399,0.282514,38.6495,0,0.788079,1.11068,0.255306,45.4445,48.0159,729088,0.3277,0.518,0,0.255399,0,1,1
box_gap_turn,oi_face_rot_turnpath_mppi,20544,256,16,0,0,1,1,1,126,0.201339,0.19049,28.3966,0,0.928431,1.58947,0.241462,30.4242,31.9397,516096,0.3151,0.3228,0,0.241545,0,1,1
box_gap_turn,oi_face_rot_turnpath_mppi,20551,256,16,0,0,1,1,1,417,0.213963,0.275199,96.9672,0,0.859831,1.199,0.261597,109.086,115.042,1708032,0.3151,2.2441,0,0.261674,0,1,1
box_gap_turn,oi_face_rot_turnpath_mppi,20558,256,16,0,0,0,1,0,500,3.54186,0.199757,276.196,0,0.855707,1.22824,0.265963,132.982,140.573,2048000,0.3096,2.9689,0,0.266051,0,1,0
box_gap_turn,oi_face_rot_turnpath_mppi,20565,256,16,0,0,0,1,0,500,3.87049,2.74377,545.269,0,0.719364,1.17647,0.232803,116.402,122.595,2048000,0.2615,3.1982,0,0.232869,0,1,0
box_gap_turn,oi_face_rot_turnpath_mppi,20572,256,16,0,0,1,1,1,145,0.164822,0.329132,31.4304,0,1.3531,3.25774,0.254232,36.8636,38.9038,593920,0.2916,2.6864,0,0.254355,0,1,1
box_gap_turn,oi_face_rot_turnpath_mppi,20579,256,16,0,0,1,1,1,119,0.218289,0.342548,27.9061,0,0.959239,1.70897,0.242125,28.8129,30.5181,487424,0.2998,0.3665,0,0.242254,0,1,1
box_gap_turn,oi_face_rot_turnpath_mppi,20586,256,16,0,0,0,1,0,500,3.14307,1.09953,202.264,0,0.899179,1.24908,0.273756,136.878,144.001,2048000,0.2967,3.4093,0,0.273824,0,1,0
box_gap_turn,oi_face_rot_turnpath_mppi,20593,256,16,0,0,1,1,1,343,0.157768,0.343913,86.1157,0,0.79739,1.10553,0.350338,120.166,126.434,1404928,0.4284,3.0297,0,0.350427,0,1,1
box_gap_turn,oi_face_rot_turnpath_mppi,20600,256,16,0,0,1,1,1,169,0.238965,0.1075,35.8855,0,0.9806,1.96632,0.242597,40.9989,43.4576,692224,0.2982,0.3199,0,0.242706,0,1,1
box_gap_turn,oi_face_rot_turnpath_mppi,20607,256,16,0,0,1,1,1,341,0.231602,0.13143,68.0339,0,0.773439,0.988192,0.266307,90.8106,97.5263,1396736,0.3347,0.3873,0,0.266415,0,1,1
box_gap_turn,oi_face_rot_turnpath_mppi,20614,256,16,0,0,1,1,1,118,0.249235,0.181922,26.9604,0,0.770372,1.06052,0.242681,28.6364,30.4793,483328,0.2956,0.3121,0,0.242843,0,1,1
box_gap_turn,oi_face_rot_turnpath_mppi,20621,256,16,0,0,1,1,1,192,0.0821695,0.296785,36.6409,0,0.769102,1.00576,0.237237,45.5495,48.0635,786432,0.2981,0.3914,0,0.237319,0,1,1
box_gap_turn,oi_face_rot_turnpath_mppi,20628,256,16,0,0,1,1,1,369,0.2451,0.0291986,82.9068,0,0.811026,1.09352,0.43479,160.438,167.245,1511424,1.9325,2.5545,0,0.43489,0,1,1
box_gap_turn,oi_face_rot_turnpath_mppi,20635,256,16,0,0,1,1,1,142,0.0812757,0.340339,30.9439,0,0.843508,1.42711,0.24014,34.0999,35.7722,581632,0.2971,0.3062,0,0.240256,0,1,1
box_gap_turn,oi_face_rot_turnpath_mppi,20642,256,16,0,0,1,1,1,300,0.157115,0.349418,61.6326,0,1.06766,2.08844,0.260961,78.2882,82.5598,1228800,0.3172,2.653,0,0.26105,0,1,1
box_gap_turn,oi_face_rot_turnpath_mppi,20649,256,16,0,0,1,1,1,274,0.246299,0.139136,73.3909,0,0.818321,1.11322,0.274825,75.3022,79.2431,1122304,0.2936,2.8165,0,0.274898,0,1,1
box_gap_turn,oi_face_rot_turnpath_resid_mppi,19956,256,16,0,0,1,1,1,377,0.239446,0.0260296,89.5747,0,0.800971,1.10805,0.276898,104.39,110.246,1544192,0.3054,2.855,0,0.276976,0,1,1
box_gap_turn,oi_face_rot_turnpath_resid_mppi,19963,256,16,0,0,1,1,1,192,0.235166,0.338685,34.2121,0,0.770146,1.08161,0.2326,44.6592,47.3573,786432,0.2944,0.364,0,0.232682,0,1,1
box_gap_turn,oi_face_rot_turnpath_resid_mppi,19970,256,16,0,0,1,1,1,187,0.246799,0.197764,42.7008,0,0.817666,1.23783,0.248778,46.5214,49.0268,765952,0.304,3.1659,0,0.248846,0,1,1
box_gap_turn,oi_face_rot_turnpath_resid_mppi,19977,256,16,0,0,1,1,1,282,0.0903324,0.328854,72.7226,0,0.75356,0.97388,0.309055,87.1534,95.4987,1155072,0.3841,3.4141,0,0.309141,0,1,1
box_gap_turn,oi_face_rot_turnpath_resid_mppi,19984,256,16,0,0,1,1,1,155,0.0724961,0.340179,30.8519,0,0.767496,1.11381,0.238576,36.9793,38.9831,634880,0.2965,0.3358,0,0.23872,0,1,1
box_gap_turn,oi_face_rot_turnpath_resid_mppi,19991,256,16,0,0,1,1,1,167,0.0750616,0.294771,33.2631,0,0.991212,1.92512,0.260938,43.5766,45.9533,684032,0.3118,2.2471,0,0.261028,0,1,1
box_gap_turn,oi_face_rot_turnpath_resid_mppi,19998,256,16,0,0,0,1,0,500,1.17122,0.364307,130.57,0,0.791428,1.04436,0.39123,195.615,203.902,2048000,1.8517,2.4701,0,0.39131,0,1,0
box_gap_turn,oi_face_rot_turnpath_resid_mppi,20005,256,16,0,0,1,1,1,168,0.22613,0.0789331,36.6275,0,0.864313,1.44888,0.239083,40.1659,42.6635,688128,0.2877,0.3501,0,0.239186,0,1,1
box_gap_turn,oi_face_rot_turnpath_resid_mppi,20012,256,16,0,0,1,1,1,121,0.213197,0.183001,27.5284,0,0.853696,1.30265,0.264034,31.9481,33.5477,495616,0.2946,1.7895,0,0.264164,0,1,1
box_gap_turn,oi_face_rot_turnpath_resid_mppi,20019,256,16,0,0,1,1,1,186,0.242706,0.0664502,32.6845,0,0.863315,1.27096,0.237193,44.1179,46.9311,761856,0.3096,0.332,0,0.237283,0,1,1
box_gap_turn,oi_face_rot_turnpath_resid_mppi,20026,256,16,0,0,1,1,1,461,0.233246,0.156975,124.652,0,0.860772,1.3176,0.31329,144.426,151.959,1888256,0.3088,3.8785,0,0.313365,0,1,1
box_gap_turn,oi_face_rot_turnpath_resid_mppi,20033,256,16,0,0,1,1,1,268,0.231057,0.227995,49.285,0,1.02323,1.99741,0.240679,64.5021,68.8848,1097728,0.3013,0.3233,0,0.240772,0,1,1
box_gap_turn,oi_face_rot_turnpath_resid_mppi,20040,256,16,0,0,1,1,1,168,0.226113,0.184496,35.9951,0,0.946196,1.93836,0.2619,43.9992,46.554,688128,0.3191,2.1024,0,0.262026,0,1,1
box_gap_turn,oi_face_rot_turnpath_resid_mppi,20047,256,16,0,0,1,1,1,350,0.166802,0.339081,96.1574,0,0.835197,1.15607,0.45035,157.622,163.556,1433600,2.0397,4.4864,0,0.450432,0,1,1
box_gap_turn,oi_face_rot_turnpath_resid_mppi,20054,256,16,0,0,1,1,1,108,0.244947,0.155781,25.2683,0,0.736269,1.23329,0.248732,26.8631,28.5034,442368,0.3174,0.3538,0,0.24888,0,1,1
box_gap_turn,oi_face_rot_turnpath_resid_mppi,20061,256,16,0,0,1,1,1,184,0.244841,0.284829,41.5599,0,0.973675,1.62682,0.244253,44.9426,47.3011,753664,0.3041,0.3402,0,0.244334,0,1,1
box_gap_turn,oi_face_rot_turnpath_resid_mppi,20068,256,16,0,0,1,1,1,303,0.196345,0.233364,66.4077,0,0.919083,1.39885,0.252163,76.4054,80.8051,1241088,0.315,0.3717,0,0.25225,0,1,1
box_gap_turn,oi_face_rot_turnpath_resid_mppi,20075,256,16,0,0,1,1,1,186,0.222282,0.0941755,45.0641,0,0.811001,1.20576,0.238882,44.4321,46.7472,761856,0.2795,0.3215,0,0.238967,0,1,1
box_gap_turn,oi_face_rot_turnpath_resid_mppi,20082,256,16,0,0,0,1,0,500,0.404891,0.39207,120.207,0,0.865969,1.27584,0.252228,126.114,132.539,2048000,0.2945,3.2164,0,0.252292,0,1,0
box_gap_turn,oi_face_rot_turnpath_resid_mppi,20089,256,16,0,0,1,1,1,169,0.15398,0.326674,35.4382,0,1.00697,1.68747,0.252778,42.7195,45.0444,692224,0.3096,0.3309,0,0.252872,0,1,1
box_gap_turn,oi_face_rot_turnpath_resid_mppi,20096,256,16,0,0,1,1,1,156,0.229235,0.170885,29.7621,0,0.864247,1.41547,0.240397,37.5019,39.5077,638976,0.3032,0.3286,0,0.240505,0,1,1
box_gap_turn,oi_face_rot_turnpath_resid_mppi,20103,256,16,0,0,1,1,1,170,0.207698,0.23192,34.8975,0,0.777089,1.09492,0.267589,45.4901,49.2325,696320,0.33,0.342,0,0.267744,0,1,1
box_gap_turn,oi_face_rot_turnpath_resid_mppi,20110,256,16,0,0,1,1,1,151,0.177906,0.132257,30.452,0,0.914035,1.47879,0.23733,35.8368,38.0054,618496,0.2898,0.3237,0,0.237438,0,1,1
box_gap_turn,oi_face_rot_turnpath_resid_mppi,20117,256,16,0,0,1,1,1,150,0.0832494,0.307283,34.8443,0,0.882179,1.26755,0.370791,55.6186,58.0619,614400,1.8346,2.286,0,0.370883,0,1,1
box_gap_turn,oi_face_rot_turnpath_resid_mppi,20124,256,16,0,0,1,1,1,215,0.227945,0.231889,46.3766,0,0.877516,1.2256,0.245529,52.7888,55.6504,880640,0.2978,0.3094,0,0.245621,0,1,1
box_gap_turn,oi_face_rot_turnpath_resid_mppi,20131,256,16,0,0,1,1,1,143,0.0483527,0.329396,29.7969,0,0.731986,1.01709,0.246884,35.3044,38.0271,585728,0.2956,0.3429,0,0.247043,0,1,1
box_gap_turn,oi_face_rot_turnpath_resid_mppi,20138,256,16,0,0,1,1,1,196,0.249889,0.0512993,52.7607,0,0.949797,1.83554,0.26418,51.7793,54.5425,802816,0.2954,2.7819,0,0.264279,0,1,1
box_gap_turn,oi_face_rot_turnpath_resid_mppi,20145,256,16,0,0,1,1,1,269,0.0464877,0.347415,58.6813,0,0.818772,1.18134,0.253519,68.1966,72.9195,1101824,0.3206,0.4349,0,0.253623,0,1,1
box_gap_turn,oi_face_rot_turnpath_resid_mppi,20152,256,16,0,0,1,1,1,182,0.0641189,0.318649,28.5239,0,0.863749,1.52398,0.232976,42.4017,45.0166,745472,0.3088,0.3866,0,0.233106,0,1,1
box_gap_turn,oi_face_rot_turnpath_resid_mppi,20159,256,16,0,0,1,1,1,124,0.0609574,0.334125,24.495,0,0.757765,1.09101,0.240496,29.8215,31.5296,507904,0.2959,0.3239,0,0.240591,0,1,1
box_gap_turn,oi_face_rot_turnpath_resid_mppi,20166,256,16,0,0,1,1,1,166,0.237835,0.282735,43.3187,0,0.706057,0.854739,0.24432,40.5572,42.8428,679936,0.2816,2.3925,0,0.244414,0,1,1
box_gap_turn,oi_face_rot_turnpath_resid_mppi,20173,256,16,0,0,1,1,1,337,0.0966599,0.283713,88.5315,0,0.856676,1.17962,0.243665,82.1151,86.7679,1380352,0.272,2.7867,0,0.243751,0,1,1
box_gap_turn,oi_face_rot_turnpath_resid_mppi,20180,256,16,0,0,1,1,1,143,0.237292,0.256875,29.3503,0,0.819785,1.23362,0.243953,34.8853,36.7678,585728,0.3135,0.3237,0,0.244059,0,1,1
box_gap_turn,oi_face_rot_turnpath_resid_mppi,20187,256,16,0,0,1,1,1,172,0.0872536,0.25328,29.0459,0,0.774023,1.24105,0.234402,40.3171,42.66,704512,0.2865,0.6939,0,0.234515,0,1,1
box_gap_turn,oi_face_rot_turnpath_resid_mppi,20194,256,16,0,0,1,1,1,126,0.0160732,0.314927,26.4384,0,0.805209,1.07785,0.24015,30.2589,31.8615,516096,0.2975,0.3192,0,0.240257,0,1,1
box_gap_turn,oi_face_rot_turnpath_resid_mppi,20201,256,16,0,0,1,1,1,324,0.218154,0.090076,81.2947,0,0.898482,1.37875,0.273108,88.487,93.8263,1327104,0.3086,2.6793,0,0.273194,0,1,1
box_gap_turn,oi_face_rot_turnpath_resid_mppi,20208,256,16,0,0,1,1,1,128,0.246117,0.0111355,25.127,0,1.12756,3.02166,0.234989,30.0786,31.7936,524288,0.2916,0.3466,0,0.235102,0,1,1
box_gap_turn,oi_face_rot_turnpath_resid_mppi,20215,256,16,0,0,1,1,1,136,0.194755,0.341833,27.8733,0,0.882434,1.42666,0.242657,33.0013,35.1184,557056,0.2965,0.3261,0,0.242759,0,1,1
box_gap_turn,oi_face_rot_turnpath_resid_mppi,20222,256,16,0,0,1,1,1,173,0.0203246,0.338499,37.1404,0,0.956895,1.50071,0.252358,43.6579,46.1329,708608,0.3146,0.3248,0,0.25247,0,1,1
box_gap_turn,oi_face_rot_turnpath_resid_mppi,20229,256,16,0,0,0,1,0,500,2.25879,1.17721,247.901,0,0.976232,1.51957,0.230974,115.487,121.951,2048000,0.2673,3.7523,0,0.231044,0,1,0
box_gap_turn,oi_face_rot_turnpath_resid_mppi,20236,256,16,0,0,0,1,0,500,2.67478,1.74012,213.298,0,0.755537,0.943938,0.258249,129.124,135.421,2048000,0.3169,2.8457,0,0.258315,0,1,0
box_gap_turn,oi_face_rot_turnpath_resid_mppi,20243,256,16,0,0,1,1,1,160,0.23645,0.343395,31.2255,0,0.894828,1.39414,0.247592,39.6147,42.0018,655360,0.3133,0.3598,0,0.247717,0,1,1
box_gap_turn,oi_face_rot_turnpath_resid_mppi,20250,256,16,0,0,0,1,0,500,1.59969,1.53394,209.887,0,0.799882,1.12276,0.26752,133.76,140.922,2048000,0.2965,3.1823,0,0.267599,0,1,0
box_gap_turn,oi_face_rot_turnpath_resid_mppi,20257,256,16,0,0,1,1,1,137,0.194601,0.254779,25.32,0,0.881407,1.46654,0.23561,32.2785,34.3562,561152,0.3029,0.345,0,0.235709,0,1,1
box_gap_turn,oi_face_rot_turnpath_resid_mppi,20264,256,16,0,0,1,1,1,168,0.240954,0.103628,41.8232,0,0.72332,0.89765,0.235176,39.5096,42.117,688128,0.2894,0.3168,0,0.235281,0,1,1
box_gap_turn,oi_face_rot_turnpath_resid_mppi,20271,256,16,0,0,1,1,1,189,0.0547347,0.32896,44.7254,0,0.994682,1.76349,0.29386,55.5396,58.031,774144,0.3237,2.4475,0,0.293947,0,1,1
box_gap_turn,oi_face_rot_turnpath_resid_mppi,20278,256,16,0,0,1,1,1,140,0.24293,0.271537,27.9546,0,0.915834,1.69669,0.229002,32.0603,34.0696,573440,0.2617,0.3007,0,0.229093,0,1,1
box_gap_turn,oi_face_rot_turnpath_resid_mppi,20285,256,16,0,0,1,1,1,148,0.126618,0.320991,26.8029,0,1.53036,4.56715,0.232197,34.3651,36.4027,606208,0.2916,0.322,0,0.232296,0,1,1
box_gap_turn,oi_face_rot_turnpath_resid_mppi,20292,256,16,0,0,1,1,1,173,0.214007,0.251112,35.1974,0,0.859962,1.38211,0.252588,43.6978,47.3032,708608,0.3334,0.3916,0,0.252714,0,1,1
box_gap_turn,oi_face_rot_turnpath_resid_mppi,20299,256,16,0,0,1,1,1,188,0.0744847,0.344811,44.4779,0,0.847429,1.35189,0.254464,47.8392,50.351,770048,0.3039,2.0296,0,0.254548,0,1,1
box_gap_turn,oi_face_rot_turnpath_resid_mppi,20306,256,16,0,0,1,1,1,116,0.223824,0.344595,26.3833,0,0.680469,0.992036,0.242151,28.0895,29.6705,475136,0.3039,0.3369,0,0.24226,0,1,1
box_gap_turn,oi_face_rot_turnpath_resid_mppi,20313,256,16,0,0,1,1,1,190,0.153201,0.348218,39.5982,0,0.807547,1.17915,0.224747,42.7019,45.2654,778240,0.2728,0.3093,0,0.224825,0,1,1
box_gap_turn,oi_face_rot_turnpath_resid_mppi,20320,256,16,0,0,1,1,1,218,0.163403,0.291427,56.4533,0,1.04569,1.84421,0.27839,60.6889,63.7639,892928,0.3194,2.7396,0,0.27849,0,1,1
box_gap_turn,oi_face_rot_turnpath_resid_mppi,20327,256,16,0,0,1,1,1,149,0.240094,0.281981,31.7462,0,0.961343,1.66422,0.24276,36.1712,38.1258,610304,0.2963,0.3193,0,0.242858,0,1,1
box_gap_turn,oi_face_rot_turnpath_resid_mppi,20334,256,16,0,0,1,1,1,237,0.190009,0.291752,49.4691,0,0.899439,1.37823,0.252784,59.9099,63.1166,970752,0.3074,0.335,0,0.252889,0,1,1
box_gap_turn,oi_face_rot_turnpath_resid_mppi,20341,256,16,0,0,1,1,1,130,0.211217,0.300463,25.3215,0,0.909601,1.63763,0.29037,37.7481,39.8091,532480,0.3141,1.9731,0,0.290503,0,1,1
box_gap_turn,oi_face_rot_turnpath_resid_mppi,20348,256,16,0,0,1,1,1,206,0.249607,0.194127,42.8604,0,0.779571,1.06172,0.236593,48.7381,51.333,843776,0.2842,0.3121,0,0.236673,0,1,1
box_gap_turn,oi_face_rot_turnpath_resid_mppi,20355,256,16,0,0,1,1,1,254,0.246095,0.162512,49.4487,0,0.993685,1.59802,0.25592,65.0037,68.9832,1040384,0.311,0.4064,0,0.256091,0,1,1
box_gap_turn,oi_face_rot_turnpath_resid_mppi,20362,256,16,0,0,1,1,1,246,0.233022,0.130193,46.9518,0,0.897946,1.3316,0.252195,62.0399,65.8073,1007616,0.3057,0.3262,0,0.252307,0,1,1
box_gap_turn,oi_face_rot_turnpath_resid_mppi,20369,256,16,0,0,1,1,1,251,0.171481,0.114337,40.7292,0,0.806997,1.18708,0.231159,58.021,61.2443,1028096,0.2803,0.3251,0,0.231256,0,1,1
box_gap_turn,oi_face_rot_turnpath_resid_mppi,20376,256,16,0,0,1,1,1,127,0.249131,0.240819,24.6446,0,0.771091,1.15793,0.230425,29.264,31.0582,520192,0.264,0.3252,0,0.230542,0,1,1
box_gap_turn,oi_face_rot_turnpath_resid_mppi,20383,256,16,0,0,1,1,1,166,0.247093,0.057603,30.5903,0,0.742644,1.11094,0.239764,39.8008,42.1748,679936,0.2875,0.3882,0,0.239917,0,1,1
box_gap_turn,oi_face_rot_turnpath_resid_mppi,20390,256,16,0,0,1,1,1,154,0.0277982,0.272795,28.6455,0,0.768594,1.09508,0.234138,36.0572,38.1986,630784,0.2791,0.3297,0,0.234265,0,1,1
box_gap_turn,oi_face_rot_turnpath_resid_mppi,20397,256,16,0,0,1,1,1,138,0.122557,0.349886,30.5579,0,0.672628,0.794578,0.239454,33.0447,34.7367,565248,0.3073,0.3163,0,0.239557,0,1,1
box_gap_turn,oi_face_rot_turnpath_resid_mppi,20404,256,16,0,0,1,1,1,119,0.187396,0.276993,23.6478,0,0.757328,1.22865,0.238633,28.3973,29.9936,487424,0.3051,0.3312,0,0.238741,0,1,1
box_gap_turn,oi_face_rot_turnpath_resid_mppi,20411,256,16,0,0,1,1,1,164,0.148632,0.312179,30.4078,0,0.801928,1.14361,0.282102,46.2647,50.8636,671744,0.3598,0.546,0,0.282221,0,1,1
box_gap_turn,oi_face_rot_turnpath_resid_mppi,20418,256,16,0,0,0,1,0,500,2.22847,0.621602,190.418,0,0.624586,0.811401,0.210822,105.411,111.475,2048000,0.2404,2.5116,0,0.210886,0,1,0
box_gap_turn,oi_face_rot_turnpath_resid_mppi,20425,256,16,0,0,1,1,1,229,0.218063,0.227916,49.6171,0,0.79973,1.24066,0.271586,62.1933,65.6031,937984,0.314,2.1413,0,0.271671,0,1,1
box_gap_turn,oi_face_rot_turnpath_resid_mppi,20432,256,16,0,0,1,1,1,111,0.200336,0.117448,24.9688,0,0.867237,1.48011,0.235192,26.1063,27.5145,454656,0.2917,0.3157,0,0.235291,0,1,1
box_gap_turn,oi_face_rot_turnpath_resid_mppi,20439,256,16,0,0,1,1,1,292,0.246286,0.250373,73.3799,0,0.85778,1.30797,0.306152,89.3965,93.9389,1196032,0.3262,3.1842,0,0.306224,0,1,1
box_gap_turn,oi_face_rot_turnpath_resid_mppi,20446,256,16,0,0,1,1,1,145,0.22654,0.0479453,31.8987,0,0.845273,1.21708,0.241341,34.9945,37.4772,593920,0.2931,0.383,0,0.241469,0,1,1
box_gap_turn,oi_face_rot_turnpath_resid_mppi,20453,256,16,0,0,1,1,1,145,0.201713,0.226659,29.3242,0,0.722383,0.973136,0.235391,34.1317,36.0368,593920,0.2845,0.3064,0,0.235505,0,1,1
box_gap_turn,oi_face_rot_turnpath_resid_mppi,20460,256,16,0,0,1,1,1,398,0.23951,0.16914,78.9323,0,1.01204,1.5576,0.260955,103.86,109.704,1630208,0.3122,0.3483,0,0.261036,0,1,1
box_gap_turn,oi_face_rot_turnpath_resid_mppi,20467,256,16,0,0,1,1,1,162,0.245966,0.0876836,29.8856,0,0.917124,1.71974,0.240853,39.0182,41.3165,663552,0.2899,0.8289,0,0.240965,0,1,1
box_gap_turn,oi_face_rot_turnpath_resid_mppi,20474,256,16,0,0,1,1,1,103,0.211837,0.191018,22.8815,0,0.905484,1.42325,0.229244,23.6121,24.9513,421888,0.2604,0.3136,0,0.229368,0,1,1
box_gap_turn,oi_face_rot_turnpath_resid_mppi,20481,256,16,0,0,1,1,1,118,0.235035,0.117193,26.9227,0,0.830851,1.34991,0.247494,29.2043,30.7727,483328,0.311,0.3433,0,0.247615,0,1,1
box_gap_turn,oi_face_rot_turnpath_resid_mppi,20488,256,16,0,0,1,1,1,188,0.236277,0.304502,33.5301,0,0.66938,0.884685,0.234698,44.1233,46.5002,770048,0.2796,0.3459,0,0.234798,0,1,1
box_gap_turn,oi_face_rot_turnpath_resid_mppi,20495,256,16,0,0,1,1,1,185,0.249668,0.256395,33.1632,0,0.885899,1.53713,0.229059,42.3759,44.9032,757760,0.2804,0.3521,0,0.22916,0,1,1
box_gap_turn,oi_face_rot_turnpath_resid_mppi,20502,256,16,0,0,1,1,1,185,0.180424,0.349588,36.2765,0,0.828319,1.32427,0.250352,46.3152,49.8929,757760,0.3039,0.3265,0,0.250525,0,1,1
box_gap_turn,oi_face_rot_turnpath_resid_mppi,20509,256,16,0,0,1,1,1,180,0.244385,0.0622143,22.0857,0,1.11321,2.64024,0.216873,39.0372,41.6612,737280,0.2486,0.274,0,0.217,0,1,1
box_gap_turn,oi_face_rot_turnpath_resid_mppi,20516,256,16,0,0,1,1,1,194,0.101084,0.306185,44.1483,0,0.859475,1.25824,0.237759,46.1252,48.4832,794624,0.2871,0.3064,0,0.237858,0,1,1
box_gap_turn,oi_face_rot_turnpath_resid_mppi,20523,256,16,0,0,1,1,1,260,0.0731436,0.282522,67.1703,0,0.835663,1.29563,0.291356,75.7526,79.4829,1064960,0.2876,3.1352,0,0.291433,0,1,1
box_gap_turn,oi_face_rot_turnpath_resid_mppi,20530,256,16,0,0,1,1,1,145,0.226816,0.173866,36.9178,0,0.765292,1.06447,0.226538,32.848,34.6685,593920,0.2708,0.3089,0,0.226652,0,1,1
box_gap_turn,oi_face_rot_turnpath_resid_mppi,20537,256,16,0,0,1,1,1,173,0.233288,0.223394,37.5438,0,0.807522,1.17451,0.252968,43.7635,46.3953,708608,0.3126,0.326,0,0.253163,0,1,1
box_gap_turn,oi_face_rot_turnpath_resid_mppi,20544,256,16,0,0,1,1,1,114,0.0911353,0.314479,28.0572,0,0.85825,1.38255,0.253399,28.8875,30.6604,466944,0.313,0.3493,0,0.253583,0,1,1
box_gap_turn,oi_face_rot_turnpath_resid_mppi,20551,256,16,0,0,1,1,1,127,0.236374,0.345612,24.9865,0,0.793661,1.24963,0.249805,31.7253,34.3039,520192,0.3207,0.3452,0,0.249999,0,1,1
box_gap_turn,oi_face_rot_turnpath_resid_mppi,20558,256,16,0,0,1,1,1,282,0.0726251,0.341971,71.4959,0,0.783652,1.11779,0.320867,90.4845,97.0107,1155072,0.4227,3.927,0,0.320989,0,1,1
box_gap_turn,oi_face_rot_turnpath_resid_mppi,20565,256,16,0,0,0,1,0,500,0.318426,0.637179,145.37,0,0.818981,1.09314,0.270349,135.175,143.992,2048000,0.3093,4.5214,0,0.27047,0,1,0
box_gap_turn,oi_face_rot_turnpath_resid_mppi,20572,256,16,0,0,1,1,1,296,0.238597,0.187503,75.7871,0,0.853377,1.27779,0.258386,76.4822,80.9441,1212416,0.2941,2.7937,0,0.258533,0,1,1
box_gap_turn,oi_face_rot_turnpath_resid_mppi,20579,256,16,0,0,1,1,1,286,0.236209,0.279105,73.8393,0,0.751704,0.957667,0.293874,84.0479,88.9397,1171456,0.3,4.4193,0,0.293986,0,1,1
box_gap_turn,oi_face_rot_turnpath_resid_mppi,20586,256,16,0,0,1,1,1,169,0.195566,0.340684,32.1189,0,0.882269,1.45217,0.248845,42.0548,45.1628,692224,0.3138,0.3549,0,0.249013,0,1,1
box_gap_turn,oi_face_rot_turnpath_resid_mppi,20593,256,16,0,0,1,1,1,182,0.247714,0.0789448,35.4662,0,0.77619,1.1151,0.241176,43.894,46.8924,745472,0.287,0.3199,0,0.241309,0,1,1
box_gap_turn,oi_face_rot_turnpath_resid_mppi,20600,256,16,0,0,1,1,1,362,0.0608277,0.347033,88.1821,0,0.812246,1.15317,0.269026,97.3876,103.55,1482752,0.313,2.8125,0,0.269135,0,1,1
box_gap_turn,oi_face_rot_turnpath_resid_mppi,20607,256,16,0,0,1,1,1,267,0.243576,0.261998,69.257,0,0.796452,1.05927,0.228399,60.9824,64.3475,1093632,0.2666,0.3264,0,0.228509,0,1,1
box_gap_turn,oi_face_rot_turnpath_resid_mppi,20614,256,16,0,0,1,1,1,254,0.233075,0.272614,52.8445,0,0.777464,1.04626,0.284871,72.3573,78.8222,1040384,0.3629,0.4561,0,0.285079,0,1,1
box_gap_turn,oi_face_rot_turnpath_resid_mppi,20621,256,16,0,0,1,1,1,183,0.129907,0.256049,35.7396,0,1.00844,1.66241,0.255849,46.8203,50.0161,749568,0.3095,0.3254,0,0.255983,0,1,1
box_gap_turn,oi_face_rot_turnpath_resid_mppi,20628,256,16,0,0,1,1,1,179,0.155721,0.333535,37.6976,0,0.759928,1.06366,0.27945,50.0215,52.8994,733184,0.337,2.5225,0,0.27959,0,1,1
box_gap_turn,oi_face_rot_turnpath_resid_mppi,20635,256,16,0,0,1,1,1,294,0.199613,0.226843,76.7177,0,0.832816,1.25121,0.306515,90.1154,96.4126,1204224,0.3415,3.6017,0,0.306604,0,1,1
box_gap_turn,oi_face_rot_turnpath_resid_mppi,20642,256,16,0,0,1,1,1,127,0.177735,0.337686,25.5051,0,0.705267,0.961236,0.239494,30.4157,32.1002,520192,0.2981,0.3432,0,0.239617,0,1,1
box_gap_turn,oi_face_rot_turnpath_resid_mppi,20649,256,16,0,0,1,1,1,194,0.210766,0.321437,34.3308,0,0.809738,1.24414,0.231578,44.9261,47.1665,794624,0.2847,0.3184,0,0.231658,0,1,1
