scenario,planner,seed,k_samples,t_horizon,grad_steps,alpha,reached_goal,collision_free,success,steps,final_distance,min_goal_distance,cumulative_cost,collisions,mean_control_delta,control_roughness,avg_control_ms,total_control_ms,episode_ms,sample_budget,p95_control_ms,max_control_ms,control_deadline_ms,avg_control_slot_ms,deadline_misses,deadline_feasible,real_time_success
box_detour_open,oi_face_rot_anchor_mppi,16356,256,16,0,0,1,1,1,179,0.244962,0.157748,10.4736,0,1.05245,2.30635,0.196227,35.1246,38.8,733184,0.3098,0.4371,0,0.196534,0,1,1
box_detour_open,oi_face_rot_anchor_mppi,16363,256,16,0,0,1,1,1,186,0.241948,0.143298,11.2167,0,1.11086,2.48619,0.202891,37.7377,42.065,761856,0.3076,0.3469,0,0.203203,0,1,1
box_detour_open,oi_face_rot_anchor_mppi,16370,256,16,0,0,1,1,1,193,0.233326,0.143819,10.6331,0,1.14716,2.60928,0.185703,35.8406,39.1724,790528,0.3086,0.3618,0,0.185938,0,1,1
box_detour_open,oi_face_rot_anchor_mppi,16377,256,16,0,0,1,1,1,191,0.243159,0.151777,10.7201,0,1.10403,2.32913,0.189698,36.2323,40.441,782336,0.301,0.3515,0,0.189935,0,1,1
box_detour_open,oi_face_rot_anchor_mppi,16384,256,16,0,0,1,1,1,180,0.239147,0.139387,10.7522,0,1.05626,2.33055,0.174377,31.3878,33.9775,737280,0.2985,0.3022,0,0.174563,0,1,1
box_detour_open,oi_face_rot_anchor_mppi,16391,256,16,0,0,1,1,1,217,0.245734,0.136772,12.2644,0,1.16828,2.66042,0.177157,38.443,41.5797,888832,0.3009,0.3365,0,0.17738,0,1,1
box_detour_open,oi_face_rot_anchor_mppi,16398,256,16,0,0,1,1,1,178,0.243772,0.147919,10.4493,0,1.02922,2.06146,0.14949,26.6093,28.9728,729088,0.2428,0.2821,0,0.149658,0,1,1
box_detour_open,oi_face_rot_anchor_mppi,16405,256,16,0,0,1,1,1,170,0.243789,0.133244,10.0038,0,1.06977,2.25673,0.155814,26.4884,28.8214,696320,0.2425,0.2951,0,0.155986,0,1,1
box_detour_open,oi_face_rot_anchor_mppi,16412,256,16,0,0,1,1,1,183,0.245508,0.140891,10.8601,0,1.14859,2.64642,0.156982,28.7277,32.0191,749568,0.2434,0.2926,0,0.157148,0,1,1
box_detour_open,oi_face_rot_anchor_mppi,16419,256,16,0,0,1,1,1,197,0.24674,0.145205,11.1556,0,1.16377,2.73707,0.151477,29.8409,33.2594,806912,0.2413,0.3299,0,0.151722,0,1,1
box_detour_open,oi_face_rot_anchor_mppi,16426,256,16,0,0,1,1,1,180,0.235841,0.154322,10.021,0,1.02332,2.23254,0.148302,26.6944,29.9725,737280,0.1874,0.26,0,0.148514,0,1,1
box_detour_open,oi_face_rot_anchor_mppi,16433,256,16,0,0,1,1,1,208,0.228505,0.157706,11.8167,0,1.14887,2.54543,0.155923,32.4319,36.1778,851968,0.2428,0.3019,0,0.156094,0,1,1
box_detour_open,oi_face_rot_anchor_mppi,16440,256,16,0,0,1,1,1,184,0.247972,0.160856,10.3381,0,1.03916,2.16808,0.147748,27.1856,30.2057,753664,0.1881,0.2757,0,0.147928,0,1,1
box_detour_open,oi_face_rot_anchor_mppi,16447,256,16,0,0,1,1,1,195,0.247597,0.135538,11.2586,0,1.1351,2.62157,0.153269,29.8874,33.0846,798720,0.2417,0.303,0,0.153455,0,1,1
box_detour_open,oi_face_rot_anchor_mppi,16454,256,16,0,0,1,1,1,183,0.240435,0.143415,10.5447,0,1.11806,2.59724,0.148038,27.0909,29.6379,749568,0.2398,0.271,0,0.148199,0,1,1
box_detour_open,oi_face_rot_anchor_mppi,16461,256,16,0,0,1,1,1,213,0.245892,0.0998539,11.7742,0,1.12106,2.57515,0.148716,31.6765,34.6283,872448,0.2394,0.3112,0,0.148877,0,1,1
box_detour_open,oi_face_rot_anchor_mppi,16468,256,16,0,0,1,1,1,196,0.249629,0.15973,11.2479,0,1.06556,2.3368,0.154737,30.3284,33.6219,802816,0.2419,0.3101,0,0.154921,0,1,1
box_detour_open,oi_face_rot_anchor_mppi,16475,256,16,0,0,1,1,1,205,0.241271,0.160997,11.5993,0,1.11246,2.45349,0.15044,30.8402,34.6462,839680,0.2111,0.2995,0,0.150648,0,1,1
box_detour_open,oi_face_rot_anchor_mppi,16482,256,16,0,0,1,1,1,202,0.239204,0.107562,11.3111,0,1.14976,2.76726,0.14611,29.5143,32.2665,827392,0.2419,0.2969,0,0.146257,0,1,1
box_detour_open,oi_face_rot_anchor_mppi,16489,256,16,0,0,1,1,1,195,0.243035,0.160634,10.9507,0,0.949309,1.81129,0.147282,28.7199,31.8642,798720,0.2384,0.3407,0,0.147444,0,1,1
box_detour_open,oi_face_rot_anchor_mppi,16496,256,16,0,0,1,1,1,193,0.248697,0.158192,11.1016,0,1.12864,2.596,0.16361,31.5767,35.1686,790528,0.2481,0.5192,0,0.16384,0,1,1
box_detour_open,oi_face_rot_anchor_mppi,16503,256,16,0,0,1,1,1,196,0.247758,0.0927624,10.9768,0,1.06961,2.36606,0.1535,30.086,33.2928,802816,0.2477,0.3109,0,0.153691,0,1,1
box_detour_open,oi_face_rot_anchor_mppi,16510,256,16,0,0,1,1,1,195,0.237047,0.10381,11.1143,0,1.10734,2.51194,0.149929,29.2362,32.461,798720,0.2558,0.2935,0,0.150122,0,1,1
box_detour_open,oi_face_rot_anchor_mppi,16517,256,16,0,0,1,1,1,214,0.247435,0.162259,12.1207,0,1.14806,2.54992,0.149144,31.9169,35.4405,876544,0.2523,0.2885,0,0.14937,0,1,1
box_detour_open,oi_face_rot_anchor_mppi,16524,256,16,0,0,1,1,1,188,0.248083,0.100736,10.7961,0,1.07094,2.32724,0.153106,28.7839,32.1131,770048,0.2407,0.3146,0,0.153308,0,1,1
box_detour_open,oi_face_rot_anchor_mppi,16531,256,16,0,0,1,1,1,179,0.238646,0.100295,10.6525,0,1.04719,2.18778,0.155689,27.8684,30.5972,733184,0.2497,0.3246,0,0.155891,0,1,1
box_detour_open,oi_face_rot_anchor_mppi,16538,256,16,0,0,1,1,1,189,0.231453,0.158308,10.8855,0,1.04306,2.3059,0.152479,28.8185,32.0269,774144,0.246,0.3105,0,0.152685,0,1,1
box_detour_open,oi_face_rot_anchor_mppi,16545,256,16,0,0,1,1,1,186,0.236099,0.152147,10.5169,0,1.08208,2.33739,0.150619,28.0152,31.1342,761856,0.2402,0.2863,0,0.150811,0,1,1
box_detour_open,oi_face_rot_anchor_mppi,16552,256,16,0,0,1,1,1,169,0.249441,0.132013,9.87607,0,0.999691,2.01453,0.148399,25.0795,27.874,692224,0.1904,0.2799,0,0.148596,0,1,1
box_detour_open,oi_face_rot_anchor_mppi,16559,256,16,0,0,1,1,1,195,0.243503,0.100947,10.2,0,1.1147,2.47518,0.160569,31.311,35.5064,798720,0.253,0.2843,0,0.16081,0,1,1
box_detour_open,oi_face_rot_pstall_mppi,16356,256,16,0,0,1,1,1,179,0.244962,0.157748,10.4736,0,1.05245,2.30635,0.164353,29.4192,33.3253,733184,0.2447,0.539,0,0.164636,0,1,1
box_detour_open,oi_face_rot_pstall_mppi,16363,256,16,0,0,1,1,1,186,0.241948,0.143298,11.2167,0,1.11086,2.48619,0.158558,29.4917,32.9796,761856,0.2444,0.3062,0,0.158736,0,1,1
box_detour_open,oi_face_rot_pstall_mppi,16370,256,16,0,0,1,1,1,193,0.233326,0.143819,10.6331,0,1.14716,2.60928,0.149701,28.8922,31.8772,790528,0.2398,0.2575,0,0.149865,0,1,1
box_detour_open,oi_face_rot_pstall_mppi,16377,256,16,0,0,1,1,1,191,0.243159,0.151777,10.7201,0,1.10403,2.32913,0.148699,28.4015,31.137,782336,0.2399,0.2783,0,0.148859,0,1,1
box_detour_open,oi_face_rot_pstall_mppi,16384,256,16,0,0,1,1,1,180,0.239147,0.139387,10.7522,0,1.05626,2.33055,0.152861,27.515,30.1657,737280,0.2409,0.2732,0,0.153056,0,1,1
box_detour_open,oi_face_rot_pstall_mppi,16391,256,16,0,0,1,1,1,217,0.245734,0.136772,12.2644,0,1.16828,2.66042,0.151884,32.9588,36.5476,888832,0.2394,0.327,0,0.152076,0,1,1
box_detour_open,oi_face_rot_pstall_mppi,16398,256,16,0,0,1,1,1,178,0.243772,0.147919,10.4493,0,1.02922,2.06146,0.153198,27.2693,30.1482,729088,0.2393,0.2941,0,0.153425,0,1,1
box_detour_open,oi_face_rot_pstall_mppi,16405,256,16,0,0,1,1,1,170,0.243789,0.133244,10.0038,0,1.06977,2.25673,0.151932,25.8284,28.69,696320,0.2419,0.2932,0,0.152155,0,1,1
box_detour_open,oi_face_rot_pstall_mppi,16412,256,16,0,0,1,1,1,183,0.245508,0.140891,10.8601,0,1.14859,2.64642,0.154231,28.2242,31.3878,749568,0.2414,0.2802,0,0.154459,0,1,1
box_detour_open,oi_face_rot_pstall_mppi,16419,256,16,0,0,1,1,1,197,0.24674,0.145205,11.1556,0,1.16377,2.73707,0.150552,29.6588,32.6638,806912,0.2398,0.299,0,0.150718,0,1,1
box_detour_open,oi_face_rot_pstall_mppi,16426,256,16,0,0,1,1,1,180,0.235841,0.154322,10.021,0,1.02332,2.23254,0.174374,31.3873,36.517,737280,0.2491,0.3276,0,0.174629,0,1,1
box_detour_open,oi_face_rot_pstall_mppi,16433,256,16,0,0,1,1,1,208,0.228505,0.157706,11.8167,0,1.14887,2.54543,0.151948,31.6051,34.7795,851968,0.2416,0.2771,0,0.152103,0,1,1
box_detour_open,oi_face_rot_pstall_mppi,16440,256,16,0,0,1,1,1,184,0.247972,0.160856,10.3381,0,1.03916,2.16808,0.15198,27.9643,31.2381,753664,0.2432,0.2606,0,0.15216,0,1,1
box_detour_open,oi_face_rot_pstall_mppi,16447,256,16,0,0,1,1,1,195,0.247597,0.135538,11.2586,0,1.1351,2.62157,0.159942,31.1886,34.8437,798720,0.2429,0.3424,0,0.160144,0,1,1
box_detour_open,oi_face_rot_pstall_mppi,16454,256,16,0,0,1,1,1,183,0.240435,0.143415,10.5447,0,1.11806,2.59724,0.15835,28.9781,32.654,749568,0.2421,0.3145,0,0.158603,0,1,1
box_detour_open,oi_face_rot_pstall_mppi,16461,256,16,0,0,1,1,1,213,0.245892,0.0998539,11.7742,0,1.12106,2.57515,0.148288,31.5854,34.6755,872448,0.2392,0.2964,0,0.148456,0,1,1
box_detour_open,oi_face_rot_pstall_mppi,16468,256,16,0,0,1,1,1,196,0.249629,0.15973,11.2479,0,1.06556,2.3368,0.155585,30.4946,34.1052,802816,0.2471,0.3104,0,0.15589,0,1,1
box_detour_open,oi_face_rot_pstall_mppi,16475,256,16,0,0,1,1,1,205,0.241271,0.160997,11.5993,0,1.11246,2.45349,0.157705,32.3295,36.4622,839680,0.2391,0.3019,0,0.157905,0,1,1
box_detour_open,oi_face_rot_pstall_mppi,16482,256,16,0,0,1,1,1,202,0.239204,0.107562,11.3111,0,1.14976,2.76726,0.14446,29.1809,32.3075,827392,0.1693,0.2868,0,0.144641,0,1,1
box_detour_open,oi_face_rot_pstall_mppi,16489,256,16,0,0,1,1,1,195,0.243035,0.160634,10.9507,0,0.949309,1.81129,0.15632,30.4825,34.196,798720,0.2389,0.2989,0,0.15651,0,1,1
box_detour_open,oi_face_rot_pstall_mppi,16496,256,16,0,0,1,1,1,193,0.248697,0.158192,11.1016,0,1.12864,2.596,0.147051,28.3809,31.3924,790528,0.2418,0.2906,0,0.147201,0,1,1
box_detour_open,oi_face_rot_pstall_mppi,16503,256,16,0,0,1,1,1,196,0.247758,0.0927624,10.9768,0,1.06961,2.36606,0.147336,28.8778,31.6936,802816,0.2416,0.283,0,0.147484,0,1,1
box_detour_open,oi_face_rot_pstall_mppi,16510,256,16,0,0,1,1,1,195,0.237047,0.10381,11.1143,0,1.10734,2.51194,0.156855,30.5867,34.3266,798720,0.2417,0.2915,0,0.157076,0,1,1
box_detour_open,oi_face_rot_pstall_mppi,16517,256,16,0,0,1,1,1,214,0.247435,0.162259,12.1207,0,1.14806,2.54992,0.160666,34.3825,38.4922,876544,0.2415,0.2879,0,0.160899,0,1,1
box_detour_open,oi_face_rot_pstall_mppi,16524,256,16,0,0,1,1,1,188,0.248083,0.100736,10.7961,0,1.07094,2.32724,0.157806,29.6676,32.8075,770048,0.2416,0.3152,0,0.157979,0,1,1
box_detour_open,oi_face_rot_pstall_mppi,16531,256,16,0,0,1,1,1,179,0.238646,0.100295,10.6525,0,1.04719,2.18778,0.154667,27.6854,30.2612,733184,0.2428,0.319,0,0.154862,0,1,1
box_detour_open,oi_face_rot_pstall_mppi,16538,256,16,0,0,1,1,1,189,0.231453,0.158308,10.8855,0,1.04306,2.3059,0.158637,29.9824,33.768,774144,0.246,0.3321,0,0.158907,0,1,1
box_detour_open,oi_face_rot_pstall_mppi,16545,256,16,0,0,1,1,1,186,0.236099,0.152147,10.5169,0,1.08208,2.33739,0.154489,28.7349,31.9641,761856,0.242,0.2802,0,0.154676,0,1,1
box_detour_open,oi_face_rot_pstall_mppi,16552,256,16,0,0,1,1,1,169,0.249441,0.132013,9.87607,0,0.999691,2.01453,0.158095,26.718,29.4807,692224,0.2433,0.2862,0,0.158299,0,1,1
box_detour_open,oi_face_rot_pstall_mppi,16559,256,16,0,0,1,1,1,195,0.243503,0.100947,10.2,0,1.1147,2.47518,0.154828,30.1915,33.035,798720,0.2424,0.3183,0,0.154998,0,1,1
box_detour_open,oi_face_rot_wide_mppi,16356,256,16,0,0,1,1,1,179,0.244962,0.157748,10.4736,0,1.05245,2.30635,0.159865,28.6159,31.8706,733184,0.2458,0.3131,0,0.160054,0,1,1
box_detour_open,oi_face_rot_wide_mppi,16363,256,16,0,0,1,1,1,186,0.241948,0.143298,11.2167,0,1.11086,2.48619,0.15791,29.3713,32.6199,761856,0.2469,0.2998,0,0.158103,0,1,1
box_detour_open,oi_face_rot_wide_mppi,16370,256,16,0,0,1,1,1,193,0.233326,0.143819,10.6331,0,1.14716,2.60928,0.15169,29.2761,32.2604,790528,0.2428,0.271,0,0.151855,0,1,1
box_detour_open,oi_face_rot_wide_mppi,16377,256,16,0,0,1,1,1,191,0.243159,0.151777,10.7201,0,1.10403,2.32913,0.16165,30.8751,34.7295,782336,0.2463,0.3195,0,0.16187,0,1,1
box_detour_open,oi_face_rot_wide_mppi,16384,256,16,0,0,1,1,1,180,0.239147,0.139387,10.7522,0,1.05626,2.33055,0.152571,27.4627,30.2286,737280,0.2402,0.2894,0,0.152739,0,1,1
box_detour_open,oi_face_rot_wide_mppi,16391,256,16,0,0,1,1,1,217,0.245734,0.136772,12.2644,0,1.16828,2.66042,0.156568,33.9752,37.3775,888832,0.2467,0.28,0,0.156761,0,1,1
box_detour_open,oi_face_rot_wide_mppi,16398,256,16,0,0,1,1,1,178,0.243772,0.147919,10.4493,0,1.02922,2.06146,0.157513,28.0373,30.8022,729088,0.2416,0.286,0,0.157679,0,1,1
box_detour_open,oi_face_rot_wide_mppi,16405,256,16,0,0,1,1,1,170,0.243789,0.133244,10.0038,0,1.06977,2.25673,0.154313,26.2332,28.8546,696320,0.2438,0.2723,0,0.154501,0,1,1
box_detour_open,oi_face_rot_wide_mppi,16412,256,16,0,0,1,1,1,183,0.245508,0.140891,10.8601,0,1.14859,2.64642,0.161815,29.6122,33.0248,749568,0.2434,0.2967,0,0.162116,0,1,1
box_detour_open,oi_face_rot_wide_mppi,16419,256,16,0,0,1,1,1,197,0.24674,0.145205,11.1556,0,1.16377,2.73707,0.173349,34.1497,39.3875,806912,0.2592,0.8435,0,0.173592,0,1,1
box_detour_open,oi_face_rot_wide_mppi,16426,256,16,0,0,1,1,1,180,0.235841,0.154322,10.021,0,1.02332,2.23254,0.175823,31.6482,36.0234,737280,0.2872,0.4228,0,0.176163,0,1,1
box_detour_open,oi_face_rot_wide_mppi,16433,256,16,0,0,1,1,1,208,0.228505,0.157706,11.8167,0,1.14887,2.54543,0.168661,35.0815,39.4087,851968,0.2584,0.2973,0,0.168902,0,1,1
box_detour_open,oi_face_rot_wide_mppi,16440,256,16,0,0,1,1,1,184,0.247972,0.160856,10.3381,0,1.03916,2.16808,0.166921,30.7135,35.1336,753664,0.2602,0.4249,0,0.167214,0,1,1
box_detour_open,oi_face_rot_wide_mppi,16447,256,16,0,0,1,1,1,195,0.247597,0.135538,11.2586,0,1.1351,2.62157,0.186908,36.4471,42.6403,798720,0.3196,0.5062,0,0.187124,0,1,1
box_detour_open,oi_face_rot_wide_mppi,16454,256,16,0,0,1,1,1,183,0.240435,0.143415,10.5447,0,1.11806,2.59724,0.152397,27.8886,31.1004,749568,0.2339,0.3235,0,0.152603,0,1,1
box_detour_open,oi_face_rot_wide_mppi,16461,256,16,0,0,1,1,1,213,0.245892,0.0998539,11.7742,0,1.12106,2.57515,0.165609,35.2747,39.4766,872448,0.2466,0.8914,0,0.165854,0,1,1
box_detour_open,oi_face_rot_wide_mppi,16468,256,16,0,0,1,1,1,196,0.249629,0.15973,11.2479,0,1.06556,2.3368,0.14945,29.2921,32.5275,802816,0.2427,0.2903,0,0.149639,0,1,1
box_detour_open,oi_face_rot_wide_mppi,16475,256,16,0,0,1,1,1,205,0.241271,0.160997,11.5993,0,1.11246,2.45349,0.162279,33.2671,37.6741,839680,0.2451,0.3136,0,0.162499,0,1,1
box_detour_open,oi_face_rot_wide_mppi,16482,256,16,0,0,1,1,1,202,0.239204,0.107562,11.3111,0,1.14976,2.76726,0.158839,32.0855,36.3303,827392,0.24,0.3348,0,0.159083,0,1,1
box_detour_open,oi_face_rot_wide_mppi,16489,256,16,0,0,1,1,1,195,0.243035,0.160634,10.9507,0,0.949309,1.81129,0.205817,40.1344,46.4566,798720,0.3964,0.4978,0,0.206218,0,1,1
box_detour_open,oi_face_rot_wide_mppi,16496,256,16,0,0,1,1,1,193,0.248697,0.158192,11.1016,0,1.12864,2.596,0.173719,33.5278,38.3881,790528,0.2508,0.3076,0,0.173985,0,1,1
box_detour_open,oi_face_rot_wide_mppi,16503,256,16,0,0,1,1,1,196,0.247758,0.0927624,10.9768,0,1.06961,2.36606,0.180913,35.459,41.1148,802816,0.2676,0.5373,0,0.181197,0,1,1
box_detour_open,oi_face_rot_wide_mppi,16510,256,16,0,0,1,1,1,195,0.237047,0.10381,11.1143,0,1.10734,2.51194,0.184967,36.0686,43.3137,798720,0.2511,1.7169,0,0.185262,0,1,1
box_detour_open,oi_face_rot_wide_mppi,16517,256,16,0,0,1,1,1,214,0.247435,0.162259,12.1207,0,1.14806,2.54992,0.178741,38.2506,44.6075,876544,0.26,0.4203,0,0.179122,0,1,1
box_detour_open,oi_face_rot_wide_mppi,16524,256,16,0,0,1,1,1,188,0.248083,0.100736,10.7961,0,1.07094,2.32724,0.200509,37.6956,47.5275,770048,0.3286,0.8513,0,0.200812,0,1,1
box_detour_open,oi_face_rot_wide_mppi,16531,256,16,0,0,1,1,1,179,0.238646,0.100295,10.6525,0,1.04719,2.18778,0.231662,41.4675,47.4292,733184,0.5142,1.8742,0,0.232008,0,1,1
box_detour_open,oi_face_rot_wide_mppi,16538,256,16,0,0,1,1,1,189,0.231453,0.158308,10.8855,0,1.04306,2.3059,0.200928,37.9754,43.9644,774144,0.3318,0.8311,0,0.201253,0,1,1
box_detour_open,oi_face_rot_wide_mppi,16545,256,16,0,0,1,1,1,186,0.236099,0.152147,10.5169,0,1.08208,2.33739,0.179592,33.4041,38.3639,761856,0.2593,0.6537,0,0.179908,0,1,1
box_detour_open,oi_face_rot_wide_mppi,16552,256,16,0,0,1,1,1,169,0.249441,0.132013,9.87607,0,0.999691,2.01453,0.17784,30.055,34.7049,692224,0.2467,0.3338,0,0.178157,0,1,1
box_detour_open,oi_face_rot_wide_mppi,16559,256,16,0,0,1,1,1,195,0.243503,0.100947,10.2,0,1.1147,2.47518,0.175984,34.3169,39.5001,798720,0.2775,0.3354,0,0.176305,0,1,1
box_detour_turn,oi_face_rot_anchor_mppi,16756,256,16,0,0,1,1,1,156,0.246977,0.00512284,11.7817,0,1.0112,1.85244,0.222126,34.6517,39.7001,638976,0.3114,0.5457,0,0.22255,0,1,1
box_detour_turn,oi_face_rot_anchor_mppi,16763,256,16,0,0,1,1,1,190,0.245212,0.000320613,13.7346,0,0.964625,1.68977,0.232357,44.1479,50.6467,778240,0.3322,0.6393,0,0.232674,0,1,1
box_detour_turn,oi_face_rot_anchor_mppi,16770,256,16,0,0,1,1,1,175,0.2496,0.0097701,13.8528,0,1.0851,2.03185,0.216679,37.9188,43.4447,716800,0.301,0.5222,0,0.217021,0,1,1
box_detour_turn,oi_face_rot_anchor_mppi,16777,256,16,0,0,1,1,1,171,0.240123,0.00333333,12.9356,0,0.996009,1.77894,0.220959,37.784,43.1568,700416,0.3087,0.336,0,0.221267,0,1,1
box_detour_turn,oi_face_rot_anchor_mppi,16784,256,16,0,0,1,1,1,214,0.242907,0.0113273,15.6495,0,0.928466,1.62647,0.212282,45.4283,51.6449,876544,0.3019,0.3614,0,0.212572,0,1,1
box_detour_turn,oi_face_rot_anchor_mppi,16791,256,16,0,0,1,1,1,154,0.240337,0.017251,12.1339,0,1.02024,1.76726,0.221645,34.1334,38.9786,630784,0.3081,0.4067,0,0.221959,0,1,1
box_detour_turn,oi_face_rot_anchor_mppi,16798,256,16,0,0,1,1,1,165,0.248201,0.0384352,12.3226,0,0.979276,1.80509,0.222427,36.7004,42.1142,675840,0.3075,0.3651,0,0.222738,0,1,1
box_detour_turn,oi_face_rot_anchor_mppi,16805,256,16,0,0,1,1,1,161,0.245627,0.0301608,12.8382,0,0.990146,1.74239,0.230177,37.0585,42.5683,659456,0.3148,0.3736,0,0.230527,0,1,1
box_detour_turn,oi_face_rot_anchor_mppi,16812,256,16,0,0,1,1,1,179,0.247257,0.007779,14.7054,0,0.954614,1.78543,0.21878,39.1616,44.9462,733184,0.2967,0.3893,0,0.219543,0,1,1
box_detour_turn,oi_face_rot_anchor_mppi,16819,256,16,0,0,1,1,1,161,0.245531,0.0127389,13.1218,0,1.05293,1.85193,0.21577,34.7389,39.5421,659456,0.3086,0.3937,0,0.216099,0,1,1
box_detour_turn,oi_face_rot_anchor_mppi,16826,256,16,0,0,1,1,1,152,0.243909,0.00438893,12.2275,0,0.965289,1.66008,0.218301,33.1818,37.7331,622592,0.2914,0.3652,0,0.218659,0,1,1
box_detour_turn,oi_face_rot_anchor_mppi,16833,256,16,0,0,1,1,1,163,0.246041,0.0145133,12.5846,0,1.06148,1.87489,0.220018,35.863,41.045,667648,0.3217,0.3915,0,0.220386,0,1,1
box_detour_turn,oi_face_rot_anchor_mppi,16840,256,16,0,0,1,1,1,202,0.243308,0.010995,15.8722,0,0.95972,1.72009,0.226163,45.6849,52.731,827392,0.2795,0.4237,0,0.226431,0,1,1
box_detour_turn,oi_face_rot_anchor_mppi,16847,256,16,0,0,1,1,1,163,0.248643,3.8743e-06,13.3896,0,0.987539,1.69504,0.220348,35.9167,41.2316,667648,0.3097,0.4251,0,0.220687,0,1,1
box_detour_turn,oi_face_rot_anchor_mppi,16854,256,16,0,0,1,1,1,168,0.241866,0.00646484,13.576,0,1.01008,1.81014,0.218428,36.6959,41.7303,688128,0.2963,0.4221,0,0.21872,0,1,1
box_detour_turn,oi_face_rot_anchor_mppi,16861,256,16,0,0,1,1,1,161,0.240016,0.0211535,12.1149,0,0.982778,1.8049,0.208659,33.5941,38.1957,659456,0.2842,0.3448,0,0.208947,0,1,1
box_detour_turn,oi_face_rot_anchor_mppi,16868,256,16,0,0,1,1,1,148,0.243158,0.00688511,11.0515,0,1.11833,2.18882,0.213567,31.6079,36.1419,606208,0.2792,0.3146,0,0.213947,0,1,1
box_detour_turn,oi_face_rot_anchor_mppi,16875,256,16,0,0,1,1,1,174,0.235189,0.0521787,12.2882,0,1.01967,1.86972,0.231809,40.3347,46.0893,712704,0.3346,0.7474,0,0.232141,0,1,1
box_detour_turn,oi_face_rot_anchor_mppi,16882,256,16,0,0,1,1,1,216,0.249784,0.0804265,16.6448,0,0.959607,1.77781,0.226616,48.949,56.5489,884736,0.3122,0.414,0,0.22693,0,1,1
box_detour_turn,oi_face_rot_anchor_mppi,16889,256,16,0,0,1,1,1,158,0.240822,0.0148695,11.9007,0,1.06143,1.93469,0.238299,37.6513,43.4765,647168,0.3478,0.545,0,0.238705,0,1,1
box_detour_turn,oi_face_rot_anchor_mppi,16896,256,16,0,0,1,1,1,168,0.249282,0.0064348,12.5835,0,1.00006,1.83704,0.217353,36.5153,41.977,688128,0.2988,0.3532,0,0.217682,0,1,1
box_detour_turn,oi_face_rot_anchor_mppi,16903,256,16,0,0,1,1,1,158,0.240694,0.0176604,12.3861,0,0.993282,1.81792,0.216026,34.1321,38.6133,647168,0.3019,0.4533,0,0.216344,0,1,1
box_detour_turn,oi_face_rot_anchor_mppi,16910,256,16,0,0,1,1,1,160,0.246903,0.00130093,11.8747,0,1.06863,2.06159,0.23625,37.8,43.8481,655360,0.3623,0.9604,0,0.236609,0,1,1
box_detour_turn,oi_face_rot_anchor_mppi,16917,256,16,0,0,1,1,1,219,0.240557,0.0350665,15.7433,0,0.984823,1.83776,0.228328,50.0039,57.5808,897024,0.3127,0.7941,0,0.228648,0,1,1
box_detour_turn,oi_face_rot_anchor_mppi,16924,256,16,0,0,1,1,1,163,0.247091,0.0413656,12.5962,0,1.01892,1.77663,0.214156,34.9075,40.0996,667648,0.2963,0.3661,0,0.214537,0,1,1
box_detour_turn,oi_face_rot_anchor_mppi,16931,256,16,0,0,1,1,1,154,0.242766,0.0015896,12.1343,0,0.966194,1.67733,0.205695,31.677,35.6339,630784,0.271,0.3397,0,0.206036,0,1,1
box_detour_turn,oi_face_rot_anchor_mppi,16938,256,16,0,0,1,1,1,158,0.24519,0.0599946,11.6906,0,0.938496,1.61097,0.197377,31.1855,35.1307,647168,0.2872,0.3219,0,0.197621,0,1,1
box_detour_turn,oi_face_rot_anchor_mppi,16945,256,16,0,0,1,1,1,185,0.249879,0.00075227,13.3435,0,0.969854,1.70729,0.198217,36.6701,40.9149,757760,0.2755,0.4286,0,0.198469,0,1,1
box_detour_turn,oi_face_rot_anchor_mppi,16952,256,16,0,0,1,1,1,161,0.241649,0.00830674,13.0257,0,1.021,1.80837,0.19857,31.9698,35.7988,659456,0.2753,0.3485,0,0.198866,0,1,1
box_detour_turn,oi_face_rot_anchor_mppi,16959,256,16,0,0,1,1,1,166,0.244818,0.000210166,12.4468,0,0.984713,1.82237,0.200451,33.2748,37.8168,679936,0.2829,0.3137,0,0.200735,0,1,1
box_detour_turn,oi_face_rot_pstall_mppi,16756,256,16,0,0,1,1,1,169,0.242931,0.006464,12.5812,0,0.97626,1.77438,0.201624,34.0745,38.3233,692224,0.2905,0.3544,0,0.201956,0,1,1
box_detour_turn,oi_face_rot_pstall_mppi,16763,256,16,0,0,1,1,1,181,0.249224,0.0214159,14.4322,0,0.941154,1.55994,0.202985,36.7402,41.3897,741376,0.2845,0.3548,0,0.203263,0,1,1
box_detour_turn,oi_face_rot_pstall_mppi,16770,256,16,0,0,1,1,1,215,0.236867,0.0135542,16.1376,0,0.992487,1.78973,0.201012,43.2176,49.0121,880640,0.2714,0.3656,0,0.201297,0,1,1
box_detour_turn,oi_face_rot_pstall_mppi,16777,256,16,0,0,1,1,1,158,0.247244,0.00900745,12.4032,0,1.06334,1.96717,0.19733,31.1781,34.807,647168,0.2897,0.3573,0,0.19758,0,1,1
box_detour_turn,oi_face_rot_pstall_mppi,16784,256,16,0,0,1,1,1,168,0.237686,0.0221671,12.1958,0,0.995642,1.74975,0.207071,34.788,39.1174,688128,0.2902,0.9464,0,0.207349,0,1,1
box_detour_turn,oi_face_rot_pstall_mppi,16791,256,16,0,0,1,1,1,167,0.243347,0.00353825,12.672,0,0.990594,1.74017,0.202494,33.8165,37.9909,684032,0.2827,0.3397,0,0.202788,0,1,1
box_detour_turn,oi_face_rot_pstall_mppi,16798,256,16,0,0,1,1,1,189,0.249704,0.00290608,14.7706,0,0.98029,1.81229,0.194431,36.7475,40.3399,774144,0.259,0.3229,0,0.194637,0,1,1
box_detour_turn,oi_face_rot_pstall_mppi,16805,256,16,0,0,1,1,1,197,0.245415,0.00423324,17.161,0,0.997858,1.78356,0.215245,42.4032,48.235,806912,0.303,0.3584,0,0.215499,0,1,1
box_detour_turn,oi_face_rot_pstall_mppi,16812,256,16,0,0,1,1,1,184,0.236123,0.00515091,15.5825,0,0.958384,1.70067,0.202293,37.2219,41.6443,753664,0.2937,0.3184,0,0.202528,0,1,1
box_detour_turn,oi_face_rot_pstall_mppi,16819,256,16,0,0,1,1,1,176,0.238281,0.00658482,14.5775,0,0.980494,1.77775,0.205914,36.2408,40.9586,720896,0.2848,0.3698,0,0.206182,0,1,1
box_detour_turn,oi_face_rot_pstall_mppi,16826,256,16,0,0,1,1,1,198,0.238577,0.0160913,14.637,0,0.90824,1.56166,0.198817,39.3657,43.7549,811008,0.2902,0.3276,0,0.199027,0,1,1
box_detour_turn,oi_face_rot_pstall_mppi,16833,256,16,0,0,1,1,1,179,0.247408,0.0140539,13.3135,0,1.01284,1.83174,0.192465,34.4512,37.7656,733184,0.2747,0.3321,0,0.192695,0,1,1
box_detour_turn,oi_face_rot_pstall_mppi,16840,256,16,0,0,1,1,1,190,0.230199,0.00322229,14.7309,0,1.01138,1.79644,0.200156,38.0297,42.5043,778240,0.286,0.3631,0,0.200441,0,1,1
box_detour_turn,oi_face_rot_pstall_mppi,16847,256,16,0,0,1,1,1,182,0.239526,0.00529867,14.6292,0,0.963684,1.6647,0.203873,37.1048,41.3664,745472,0.2889,0.3285,0,0.204097,0,1,1
box_detour_turn,oi_face_rot_pstall_mppi,16854,256,16,0,0,1,1,1,167,0.240521,0.0127909,13.2092,0,1.02615,1.78059,0.258188,43.1174,50.123,684032,0.4233,0.5628,0,0.258462,0,1,1
box_detour_turn,oi_face_rot_pstall_mppi,16861,256,16,0,0,1,1,1,195,0.246117,0.025195,14.5981,0,0.997901,1.76911,0.193955,37.8213,41.9788,798720,0.2867,0.3446,0,0.194227,0,1,1
box_detour_turn,oi_face_rot_pstall_mppi,16868,256,16,0,0,1,1,1,169,0.246272,0.0282602,12.7465,0,1.01115,2.01515,0.199559,33.7254,38.07,692224,0.2677,0.3272,0,0.199817,0,1,1
box_detour_turn,oi_face_rot_pstall_mppi,16875,256,16,0,0,1,1,1,174,0.241438,0.0184129,13.9649,0,0.945248,1.65211,0.204726,35.6224,39.9216,712704,0.2904,0.3462,0,0.204978,0,1,1
box_detour_turn,oi_face_rot_pstall_mppi,16882,256,16,0,0,1,1,1,174,0.245155,0.00718367,14.1214,0,1.03617,1.85781,0.203758,35.4539,39.85,712704,0.2887,0.3452,0,0.204023,0,1,1
box_detour_turn,oi_face_rot_pstall_mppi,16889,256,16,0,0,1,1,1,166,0.248746,0.0111424,13.0736,0,1.06145,1.95255,0.188428,31.279,34.2368,679936,0.2643,0.3199,0,0.18867,0,1,1
box_detour_turn,oi_face_rot_pstall_mppi,16896,256,16,0,0,1,1,1,187,0.23917,0.0365018,13.1306,0,0.994191,1.79784,0.186551,34.8851,38.4801,765952,0.2759,0.3199,0,0.186788,0,1,1
box_detour_turn,oi_face_rot_pstall_mppi,16903,256,16,0,0,1,1,1,162,0.245192,3.86238e-05,13.0664,0,0.991342,1.78435,0.201254,32.6032,36.3718,663552,0.28,0.3521,0,0.201491,0,1,1
box_detour_turn,oi_face_rot_pstall_mppi,16910,256,16,0,0,1,1,1,206,0.246929,0.00910336,16.2725,0,0.93419,1.60031,0.206998,42.6417,47.9985,843776,0.2938,0.3782,0,0.207245,0,1,1
box_detour_turn,oi_face_rot_pstall_mppi,16917,256,16,0,0,1,1,1,153,0.24688,0.0237344,11.9002,0,1.0353,1.91785,0.197537,30.2231,33.9235,626688,0.2818,0.3401,0,0.197783,0,1,1
box_detour_turn,oi_face_rot_pstall_mppi,16924,256,16,0,0,1,1,1,175,0.235681,0.0068227,13.2843,0,0.990194,1.72394,0.180608,31.6064,34.4651,716800,0.264,0.3314,0,0.180808,0,1,1
box_detour_turn,oi_face_rot_pstall_mppi,16931,256,16,0,0,1,1,1,157,0.236466,0.0172262,12.5788,0,1.02541,1.83415,0.195836,30.7463,34.0154,643072,0.2881,0.3502,0,0.196082,0,1,1
box_detour_turn,oi_face_rot_pstall_mppi,16938,256,16,0,0,1,1,1,188,0.248516,0.0341656,12.9839,0,0.97463,1.80195,0.200855,37.7607,42.7189,770048,0.2707,0.3234,0,0.201156,0,1,1
box_detour_turn,oi_face_rot_pstall_mppi,16945,256,16,0,0,1,1,1,172,0.240868,0.00761926,13.3143,0,1.01568,1.79216,0.20894,35.9377,40.8592,704512,0.2876,0.3956,0,0.209228,0,1,1
box_detour_turn,oi_face_rot_pstall_mppi,16952,256,16,0,0,1,1,1,167,0.248316,0.0106195,12.5347,0,1.01121,1.87496,0.19726,32.9424,36.5215,684032,0.2962,0.5694,0,0.197541,0,1,1
box_detour_turn,oi_face_rot_pstall_mppi,16959,256,16,0,0,1,1,1,164,0.244207,0.0199196,12.3229,0,1.00512,1.81055,0.200115,32.8188,36.8298,671744,0.2712,0.2973,0,0.200393,0,1,1
box_detour_turn,oi_face_rot_wide_mppi,16756,256,16,0,0,1,1,1,169,0.242931,0.006464,12.5812,0,0.97626,1.77438,0.202363,34.1993,38.77,692224,0.2704,0.3358,0,0.202681,0,1,1
box_detour_turn,oi_face_rot_wide_mppi,16763,256,16,0,0,1,1,1,181,0.249224,0.0214159,14.4322,0,0.941154,1.55994,0.204927,37.0918,41.6635,741376,0.2763,0.4619,0,0.205213,0,1,1
box_detour_turn,oi_face_rot_wide_mppi,16770,256,16,0,0,1,1,1,215,0.236867,0.0135542,16.1376,0,0.992487,1.78973,0.230099,49.4714,57.7391,880640,0.382,0.6748,0,0.230407,0,1,1
box_detour_turn,oi_face_rot_wide_mppi,16777,256,16,0,0,1,1,1,158,0.247244,0.00900745,12.4032,0,1.06334,1.96717,0.206404,32.6118,36.8004,647168,0.2822,0.3155,0,0.206716,0,1,1
box_detour_turn,oi_face_rot_wide_mppi,16784,256,16,0,0,1,1,1,168,0.237686,0.0221671,12.1958,0,0.995642,1.74975,0.205271,34.4856,38.8776,688128,0.2723,0.5122,0,0.205547,0,1,1
box_detour_turn,oi_face_rot_wide_mppi,16791,256,16,0,0,1,1,1,167,0.243347,0.00353825,12.672,0,0.990594,1.74017,0.209769,35.0314,39.407,684032,0.2891,0.3508,0,0.210074,0,1,1
box_detour_turn,oi_face_rot_wide_mppi,16798,256,16,0,0,1,1,1,189,0.249704,0.00290608,14.7706,0,0.98029,1.81229,0.207534,39.2239,44.7651,774144,0.2919,0.359,0,0.20779,0,1,1
box_detour_turn,oi_face_rot_wide_mppi,16805,256,16,0,0,1,1,1,197,0.245415,0.00423324,17.161,0,0.997858,1.78356,0.222956,43.9223,49.6061,806912,0.3034,0.6465,0,0.223236,0,1,1
box_detour_turn,oi_face_rot_wide_mppi,16812,256,16,0,0,1,1,1,184,0.236123,0.00515091,15.5825,0,0.958384,1.70067,0.227198,41.8044,48.121,753664,0.3409,0.6134,0,0.227515,0,1,1
box_detour_turn,oi_face_rot_wide_mppi,16819,256,16,0,0,1,1,1,176,0.238281,0.00658482,14.5775,0,0.980494,1.77775,0.20663,36.3668,40.9581,720896,0.2934,0.3329,0,0.206915,0,1,1
box_detour_turn,oi_face_rot_wide_mppi,16826,256,16,0,0,1,1,1,198,0.238577,0.0160913,14.637,0,0.90824,1.56166,0.224697,44.4901,51.171,811008,0.3271,0.6725,0,0.224988,0,1,1
box_detour_turn,oi_face_rot_wide_mppi,16833,256,16,0,0,1,1,1,179,0.247408,0.0140539,13.3135,0,1.01284,1.83174,0.218346,39.0839,44.6081,733184,0.3072,0.6423,0,0.218688,0,1,1
box_detour_turn,oi_face_rot_wide_mppi,16840,256,16,0,0,1,1,1,190,0.230199,0.00322229,14.7309,0,1.01138,1.79644,0.211366,40.1595,46.1831,778240,0.2787,0.3283,0,0.211666,0,1,1
box_detour_turn,oi_face_rot_wide_mppi,16847,256,16,0,0,1,1,1,182,0.239526,0.00529867,14.6292,0,0.963684,1.6647,0.212892,38.7463,44.0134,745472,0.2837,0.3365,0,0.213276,0,1,1
box_detour_turn,oi_face_rot_wide_mppi,16854,256,16,0,0,1,1,1,167,0.240521,0.0127909,13.2092,0,1.02615,1.78059,0.219419,36.643,42.1796,684032,0.2842,0.3851,0,0.219759,0,1,1
box_detour_turn,oi_face_rot_wide_mppi,16861,256,16,0,0,1,1,1,195,0.246117,0.025195,14.5981,0,0.997901,1.76911,0.20156,39.3041,44.2502,798720,0.2896,0.6033,0,0.2018,0,1,1
box_detour_turn,oi_face_rot_wide_mppi,16868,256,16,0,0,1,1,1,169,0.246272,0.0282602,12.7465,0,1.01115,2.01515,0.214122,36.1866,41.3659,692224,0.3011,1.0175,0,0.214456,0,1,1
box_detour_turn,oi_face_rot_wide_mppi,16875,256,16,0,0,1,1,1,174,0.241438,0.0184129,13.9649,0,0.945248,1.65211,0.25595,44.5353,52.0343,712704,0.4466,0.5383,0,0.256232,0,1,1
box_detour_turn,oi_face_rot_wide_mppi,16882,256,16,0,0,1,1,1,174,0.245155,0.00718367,14.1214,0,1.03617,1.85781,0.206729,35.9708,40.539,712704,0.2984,0.3814,0,0.207016,0,1,1
box_detour_turn,oi_face_rot_wide_mppi,16889,256,16,0,0,1,1,1,166,0.248746,0.0111424,13.0736,0,1.06145,1.95255,0.206706,34.3132,38.9474,679936,0.281,0.6345,0,0.207181,0,1,1
box_detour_turn,oi_face_rot_wide_mppi,16896,256,16,0,0,1,1,1,187,0.23917,0.0365018,13.1306,0,0.994191,1.79784,0.20068,37.5271,42.3574,765952,0.2762,0.331,0,0.200928,0,1,1
box_detour_turn,oi_face_rot_wide_mppi,16903,256,16,0,0,1,1,1,162,0.245192,3.86238e-05,13.0664,0,0.991342,1.78435,0.212168,34.3713,38.8445,663552,0.2832,0.5522,0,0.212478,0,1,1
box_detour_turn,oi_face_rot_wide_mppi,16910,256,16,0,0,1,1,1,206,0.246929,0.00910336,16.2725,0,0.93419,1.60031,0.206735,42.5874,48.1039,843776,0.2895,0.3535,0,0.206995,0,1,1
box_detour_turn,oi_face_rot_wide_mppi,16917,256,16,0,0,1,1,1,153,0.24688,0.0237344,11.9002,0,1.0353,1.91785,0.193897,29.6662,33.4479,626688,0.2641,0.3131,0,0.194182,0,1,1
box_detour_turn,oi_face_rot_wide_mppi,16924,256,16,0,0,1,1,1,175,0.235681,0.0068227,13.2843,0,0.990194,1.72394,0.198698,34.7721,39.16,716800,0.2817,0.3107,0,0.198967,0,1,1
box_detour_turn,oi_face_rot_wide_mppi,16931,256,16,0,0,1,1,1,157,0.236466,0.0172262,12.5788,0,1.02541,1.83415,0.204048,32.0355,35.3846,643072,0.2906,0.343,0,0.204297,0,1,1
box_detour_turn,oi_face_rot_wide_mppi,16938,256,16,0,0,1,1,1,188,0.248516,0.0341656,12.9839,0,0.97463,1.80195,0.203884,38.3302,43.5876,770048,0.2903,0.3285,0,0.204148,0,1,1
box_detour_turn,oi_face_rot_wide_mppi,16945,256,16,0,0,1,1,1,172,0.240868,0.00761926,13.3143,0,1.01568,1.79216,0.205416,35.3316,39.7679,704512,0.2967,0.3137,0,0.205681,0,1,1
box_detour_turn,oi_face_rot_wide_mppi,16952,256,16,0,0,1,1,1,167,0.248316,0.0106195,12.5347,0,1.01121,1.87496,0.199045,33.2405,37.1101,684032,0.2972,0.3322,0,0.199299,0,1,1
box_detour_turn,oi_face_rot_wide_mppi,16959,256,16,0,0,1,1,1,164,0.244207,0.0199196,12.3229,0,1.00512,1.81055,0.207832,34.0845,38.5545,671744,0.2775,0.3342,0,0.208117,0,1,1
box_detour_turn90,oi_face_rot_anchor_mppi,16956,256,16,0,0,1,1,1,279,0.241966,0.0665923,19.8899,0,1.48113,3.66577,0.20653,57.6218,65.2722,1142784,0.2884,0.3574,0,0.206771,0,1,1
box_detour_turn90,oi_face_rot_anchor_mppi,16963,256,16,0,0,1,1,1,277,0.245265,0.100633,20.8816,0,1.63835,4.48007,0.197053,54.5838,59.9435,1134592,0.3003,0.3261,0,0.197238,0,1,1
box_detour_turn90,oi_face_rot_anchor_mppi,16970,256,16,0,0,1,1,1,119,0.244553,0.00936389,17.2251,0,0.685389,0.865368,0.19613,23.3395,26.3439,487424,0.2689,0.3126,0,0.196524,0,1,1
box_detour_turn90,oi_face_rot_anchor_mppi,16977,256,16,0,0,1,1,1,245,0.238977,0.0387735,13.7467,0,1.23659,2.49962,0.18836,46.1482,52.0341,1003520,0.2625,0.313,0,0.188597,0,1,1
box_detour_turn90,oi_face_rot_anchor_mppi,16984,256,16,0,0,1,1,1,300,0.247789,0.112462,21.2755,0,1.63871,4.68117,0.207407,62.2222,70.1046,1228800,0.3021,0.3476,0,0.207608,0,1,1
box_detour_turn90,oi_face_rot_anchor_mppi,16991,256,16,0,0,1,1,1,222,0.240544,0.0540758,16.7063,0,1.20357,2.27789,0.205203,45.5551,51.7351,909312,0.2723,0.3285,0,0.205456,0,1,1
box_detour_turn90,oi_face_rot_anchor_mppi,16998,256,16,0,0,1,1,1,254,0.249349,0.0489301,24.6061,0,0.968933,1.73005,0.185242,47.0515,51.2879,1040384,0.2731,0.4555,0,0.185423,0,1,1
box_detour_turn90,oi_face_rot_anchor_mppi,17005,256,16,0,0,1,1,1,265,0.234891,0.0604033,15.6924,0,1.27013,2.63262,0.185447,49.1434,54.2235,1085440,0.2648,0.3374,0,0.185656,0,1,1
box_detour_turn90,oi_face_rot_anchor_mppi,17012,256,16,0,0,1,1,1,330,0.231067,0.0531102,24.0474,0,1.17902,2.34508,0.183712,60.625,66.4999,1351680,0.2672,0.336,0,0.183865,0,1,1
box_detour_turn90,oi_face_rot_anchor_mppi,17019,256,16,0,0,1,1,1,277,0.242539,0.0457807,21.806,0,1.14288,2.12054,0.197717,54.7676,61.2343,1134592,0.2821,0.3435,0,0.197909,0,1,1
box_detour_turn90,oi_face_rot_anchor_mppi,17026,256,16,0,0,1,1,1,248,0.240146,0.0475079,14.5897,0,1.33622,2.83691,0.201241,49.9077,56.5887,1015808,0.2731,0.3696,0,0.201474,0,1,1
box_detour_turn90,oi_face_rot_anchor_mppi,17033,256,16,0,0,1,1,1,248,0.249575,0.0605999,14.5696,0,1.3122,2.64444,0.198724,49.2835,55.5195,1015808,0.2687,0.3692,0,0.198966,0,1,1
box_detour_turn90,oi_face_rot_anchor_mppi,17040,256,16,0,0,1,1,1,204,0.233518,0.0521182,16.4669,0,1.12923,2.18519,0.198519,40.4979,45.4283,835584,0.2966,0.3514,0,0.198757,0,1,1
box_detour_turn90,oi_face_rot_anchor_mppi,17047,256,16,0,0,1,1,1,250,0.227532,0.0467771,15.0583,0,1.31518,2.69346,0.194524,48.6309,54.3993,1024000,0.2696,0.3417,0,0.194766,0,1,1
box_detour_turn90,oi_face_rot_anchor_mppi,17054,256,16,0,0,1,1,1,330,0.235929,0.0547359,27.239,0,1.08296,2.02478,0.201141,66.3766,74.6837,1351680,0.2799,0.4808,0,0.201354,0,1,1
box_detour_turn90,oi_face_rot_anchor_mppi,17061,256,16,0,0,1,1,1,239,0.239086,0.0554506,14.8637,0,1.25193,2.58048,0.195633,46.7562,52.0592,978944,0.2679,0.3195,0,0.195928,0,1,1
box_detour_turn90,oi_face_rot_anchor_mppi,17068,256,16,0,0,1,1,1,310,0.232957,0.0711348,19.8323,0,1.61412,4.6019,0.210171,65.1529,73.6435,1269760,0.29,0.3556,0,0.210386,0,1,1
box_detour_turn90,oi_face_rot_anchor_mppi,17075,256,16,0,0,1,1,1,221,0.235883,0.0513574,16.1604,0,1.21594,2.28586,0.206931,45.7318,51.9863,905216,0.2987,0.3297,0,0.207207,0,1,1
box_detour_turn90,oi_face_rot_anchor_mppi,17082,256,16,0,0,1,1,1,315,0.239322,0.0503533,23.931,0,1.13247,2.21436,0.194021,61.1167,68.3642,1290240,0.2734,0.3397,0,0.194213,0,1,1
box_detour_turn90,oi_face_rot_anchor_mppi,17089,256,16,0,0,1,1,1,325,0.227752,0.0395443,24.1963,0,1.18603,2.37431,0.190357,61.866,69.3454,1331200,0.2656,0.332,0,0.190546,0,1,1
box_detour_turn90,oi_face_rot_anchor_mppi,17096,256,16,0,0,1,1,1,316,0.228182,0.0532525,28.3118,0,1.17173,2.28434,0.1958,61.8727,69.5905,1294336,0.2738,0.3607,0,0.195995,0,1,1
box_detour_turn90,oi_face_rot_anchor_mppi,17103,256,16,0,0,1,1,1,319,0.236461,0.0635022,24.0762,0,1.16332,2.26871,0.196575,62.7075,70.7653,1306624,0.2786,0.3203,0,0.19679,0,1,1
box_detour_turn90,oi_face_rot_anchor_mppi,17110,256,16,0,0,1,1,1,314,0.249775,0.0827774,20.953,0,1.58302,4.35793,0.19901,62.4891,69.6769,1286144,0.2743,0.3306,0,0.199193,0,1,1
box_detour_turn90,oi_face_rot_anchor_mppi,17117,256,16,0,0,1,1,1,341,0.24629,0.0551083,29.8144,0,1.13131,2.18909,0.19931,67.9648,77.4977,1396736,0.2759,0.3206,0,0.199573,0,1,1
box_detour_turn90,oi_face_rot_anchor_mppi,17124,256,16,0,0,1,1,1,354,0.231234,0.054942,29.6259,0,1.15876,2.24462,0.18932,67.0193,74.9914,1449984,0.2692,0.3677,0,0.189516,0,1,1
box_detour_turn90,oi_face_rot_anchor_mppi,17131,256,16,0,0,1,1,1,316,0.244768,0.0534142,28.5619,0,1.12071,2.13336,0.200164,63.2517,71.5387,1294336,0.2815,0.3801,0,0.200368,0,1,1
box_detour_turn90,oi_face_rot_anchor_mppi,17138,256,16,0,0,1,1,1,260,0.236133,0.0295911,16.7272,0,1.09743,2.04952,0.193876,50.4078,56.1111,1064960,0.2738,0.3347,0,0.194076,0,1,1
box_detour_turn90,oi_face_rot_anchor_mppi,17145,256,16,0,0,1,1,1,293,0.243408,0.0670525,26.3084,0,1.11715,2.11582,0.194577,57.011,64.445,1200128,0.2843,0.3466,0,0.194774,0,1,1
box_detour_turn90,oi_face_rot_anchor_mppi,17152,256,16,0,0,1,1,1,340,0.239124,0.0433204,26.1126,0,1.14986,2.25815,0.195335,66.4139,74.6989,1392640,0.27,0.4113,0,0.195539,0,1,1
box_detour_turn90,oi_face_rot_anchor_mppi,17159,256,16,0,0,1,1,1,283,0.243749,0.0581363,24.1202,0,1.12447,2.20985,0.185664,52.5428,58.6447,1159168,0.2604,0.3016,0,0.185865,0,1,1
box_detour_turn90,oi_face_rot_pstall_mppi,16956,256,16,0,0,1,1,1,271,0.232287,0.0718299,16.8568,0,1.3368,2.74572,0.202865,54.9764,61.8507,1110016,0.2789,0.3113,0,0.203081,0,1,1
box_detour_turn90,oi_face_rot_pstall_mppi,16963,256,16,0,0,1,1,1,334,0.232269,0.069079,21.2434,0,1.65326,4.68023,0.206014,68.8086,76.9189,1368064,0.2949,0.3536,0,0.206195,0,1,1
box_detour_turn90,oi_face_rot_pstall_mppi,16970,256,16,0,0,1,1,1,208,0.24862,0.0416582,24.5583,0,0.859635,1.37268,0.192727,40.0872,44.143,851968,0.2892,0.3627,0,0.193043,0,1,1
box_detour_turn90,oi_face_rot_pstall_mppi,16977,256,16,0,0,1,1,1,254,0.246296,0.0569448,14.7451,0,1.31771,2.72138,0.195288,49.6032,55.3953,1040384,0.2696,0.3343,0,0.19553,0,1,1
box_detour_turn90,oi_face_rot_pstall_mppi,16984,256,16,0,0,1,1,1,285,0.243377,0.0620927,20.4271,0,1.18536,2.33295,0.192533,54.872,61.2641,1167360,0.2725,0.3415,0,0.192728,0,1,1
box_detour_turn90,oi_face_rot_pstall_mppi,16991,256,16,0,0,1,1,1,247,0.248713,0.0350703,17.3752,0,1.15856,2.18311,0.197359,48.7476,55.0482,1011712,0.2671,0.3792,0,0.197591,0,1,1
box_detour_turn90,oi_face_rot_pstall_mppi,16998,256,16,0,0,1,1,1,333,0.232888,0.0486866,25.9128,0,1.11586,2.0811,0.18564,61.8181,68.9944,1363968,0.2656,0.356,0,0.185876,0,1,1
box_detour_turn90,oi_face_rot_pstall_mppi,17005,256,16,0,0,1,1,1,258,0.249185,0.0272361,15.7077,0,1.19152,2.39934,0.198367,51.1787,57.5342,1056768,0.2737,0.3358,0,0.198599,0,1,1
box_detour_turn90,oi_face_rot_pstall_mppi,17012,256,16,0,0,1,1,1,320,0.234017,0.0423485,22.0241,0,1.1963,2.35476,0.20998,67.1937,76.0233,1310720,0.3318,0.6249,0,0.210154,0,1,1
box_detour_turn90,oi_face_rot_pstall_mppi,17019,256,16,0,0,1,1,1,264,0.240875,0.0357593,17.3866,0,1.25157,2.54878,0.182215,48.1048,52.5683,1081344,0.2658,0.316,0,0.182401,0,1,1
box_detour_turn90,oi_face_rot_pstall_mppi,17026,256,16,0,0,1,1,1,233,0.246752,0.03723,14.4449,0,1.2184,2.39863,0.195041,45.4446,50.8478,954368,0.2667,0.3461,0,0.195263,0,1,1
box_detour_turn90,oi_face_rot_pstall_mppi,17033,256,16,0,0,1,1,1,239,0.232011,0.0506549,14.2515,0,1.30289,2.67105,0.194226,46.42,52.1775,978944,0.2697,0.4104,0,0.194443,0,1,1
box_detour_turn90,oi_face_rot_pstall_mppi,17040,256,16,0,0,1,1,1,309,0.249841,0.087047,20.8217,0,1.5362,4.08033,0.208545,64.4405,73.5825,1265664,0.2921,0.4847,0,0.208764,0,1,1
box_detour_turn90,oi_face_rot_pstall_mppi,17047,256,16,0,0,1,1,1,251,0.231856,0.0650115,14.6874,0,1.27301,2.64036,0.20002,50.2049,57.0707,1028096,0.2734,0.3652,0,0.200251,0,1,1
box_detour_turn90,oi_face_rot_pstall_mppi,17054,256,16,0,0,1,1,1,373,0.229287,0.0504053,28.5618,0,1.18699,2.30277,0.196713,73.3739,82.8613,1527808,0.2673,0.3356,0,0.196883,0,1,1
box_detour_turn90,oi_face_rot_pstall_mppi,17061,256,16,0,0,1,1,1,267,0.230001,0.026584,15.9001,0,1.28258,2.62452,0.192992,51.5288,58.1117,1093632,0.2601,0.3066,0,0.193204,0,1,1
box_detour_turn90,oi_face_rot_pstall_mppi,17068,256,16,0,0,1,1,1,262,0.24607,0.109972,18.7202,0,1.73617,5.16839,0.207411,54.3417,61.5279,1073152,0.2758,0.366,0,0.207641,0,1,1
box_detour_turn90,oi_face_rot_pstall_mppi,17075,256,16,0,0,1,1,1,259,0.243837,0.0450311,16.6425,0,1.27622,2.66893,0.200649,51.968,58.642,1060864,0.2752,0.3268,0,0.200856,0,1,1
box_detour_turn90,oi_face_rot_pstall_mppi,17082,256,16,0,0,1,1,1,346,0.231615,0.0522476,23.7966,0,1.21113,2.47506,0.186562,64.5505,72.6102,1417216,0.2673,0.3535,0,0.186746,0,1,1
box_detour_turn90,oi_face_rot_pstall_mppi,17089,256,16,0,0,1,1,1,329,0.233373,0.0508654,22.0987,0,1.22339,2.41868,0.191201,62.9052,70.6457,1347584,0.2656,0.3221,0,0.191402,0,1,1
box_detour_turn90,oi_face_rot_pstall_mppi,17096,256,16,0,0,1,1,1,369,0.242116,0.0288949,25.5278,0,1.15311,2.26457,0.199414,73.5837,83.2682,1511424,0.2723,0.334,0,0.199614,0,1,1
box_detour_turn90,oi_face_rot_pstall_mppi,17103,256,16,0,0,1,1,1,306,0.232341,0.0417744,24.6423,0,1.0729,2.06856,0.190115,58.1752,65.1168,1253376,0.268,0.3271,0,0.190317,0,1,1
box_detour_turn90,oi_face_rot_pstall_mppi,17110,256,16,0,0,1,1,1,281,0.244712,0.0853359,19.1979,0,1.64134,4.67432,0.219856,61.7795,70.1806,1150976,0.3204,0.4541,0,0.220088,0,1,1
box_detour_turn90,oi_face_rot_pstall_mppi,17117,256,16,0,0,1,1,1,385,0.234003,0.0469468,32.2409,0,1.06423,1.96125,0.196369,75.6022,84.6792,1576960,0.2798,0.3475,0,0.196543,0,1,1
box_detour_turn90,oi_face_rot_pstall_mppi,17124,256,16,0,0,1,1,1,373,0.244359,0.0504944,31.2596,0,1.18135,2.39472,0.195834,73.0461,81.8089,1527808,0.2727,0.3308,0,0.196026,0,1,1
box_detour_turn90,oi_face_rot_pstall_mppi,17131,256,16,0,0,1,1,1,357,0.242003,0.0467926,26.9501,0,1.24452,2.52839,0.189004,67.4745,74.3425,1462272,0.2751,0.3899,0,0.189173,0,1,1
box_detour_turn90,oi_face_rot_pstall_mppi,17138,256,16,0,0,1,1,1,219,0.237415,0.0527035,16.0778,0,1.18044,2.29194,0.196945,43.1309,48.647,897024,0.2778,0.353,0,0.197206,0,1,1
box_detour_turn90,oi_face_rot_pstall_mppi,17145,256,16,0,0,1,1,1,335,0.228068,0.052322,30.1221,0,1.14787,2.28752,0.192391,64.4508,73.0916,1372160,0.2685,0.3398,0,0.192608,0,1,1
box_detour_turn90,oi_face_rot_pstall_mppi,17152,256,16,0,0,1,1,1,333,0.234979,0.0644009,26.4763,0,1.19618,2.29678,0.188601,62.8042,69.9396,1363968,0.2706,0.3276,0,0.188777,0,1,1
box_detour_turn90,oi_face_rot_pstall_mppi,17159,256,16,0,0,1,1,1,198,0.234256,0.0325005,19.292,0,0.964166,1.64182,0.197465,39.098,44.4354,811008,0.2669,0.5912,0,0.197704,0,1,1
box_detour_turn90,oi_face_rot_wide_mppi,16956,256,16,0,0,1,1,1,271,0.232287,0.0718299,16.8568,0,1.3368,2.74572,0.191422,51.8754,57.489,1110016,0.2774,0.3406,0,0.191621,0,1,1
box_detour_turn90,oi_face_rot_wide_mppi,16963,256,16,0,0,1,1,1,334,0.232269,0.069079,21.2434,0,1.65326,4.68023,0.205187,68.5323,76.8779,1368064,0.2931,0.3322,0,0.205405,0,1,1
box_detour_turn90,oi_face_rot_wide_mppi,16970,256,16,0,0,1,1,1,208,0.24862,0.0416582,24.5583,0,0.859635,1.37268,0.184582,38.393,41.9151,851968,0.2672,0.352,0,0.1848,0,1,1
box_detour_turn90,oi_face_rot_wide_mppi,16977,256,16,0,0,1,1,1,254,0.246296,0.0569448,14.7451,0,1.31771,2.72138,0.200161,50.8409,57.1507,1040384,0.2762,0.3189,0,0.200365,0,1,1
box_detour_turn90,oi_face_rot_wide_mppi,16984,256,16,0,0,1,1,1,285,0.243377,0.0620927,20.4271,0,1.18536,2.33295,0.196663,56.0491,63.25,1167360,0.2832,0.3573,0,0.196877,0,1,1
box_detour_turn90,oi_face_rot_wide_mppi,16991,256,16,0,0,1,1,1,247,0.248713,0.0350703,17.3752,0,1.15856,2.18311,0.186701,46.1152,51.3111,1011712,0.2754,0.3358,0,0.186895,0,1,1
box_detour_turn90,oi_face_rot_wide_mppi,16998,256,16,0,0,1,1,1,333,0.232888,0.0486866,25.9128,0,1.11586,2.0811,0.177518,59.1135,64.7886,1363968,0.2563,0.3558,0,0.177711,0,1,1
box_detour_turn90,oi_face_rot_wide_mppi,17005,256,16,0,0,1,1,1,258,0.249185,0.0272361,15.7077,0,1.19152,2.39934,0.18272,47.1419,51.8146,1056768,0.2587,0.3117,0,0.182923,0,1,1
box_detour_turn90,oi_face_rot_wide_mppi,17012,256,16,0,0,1,1,1,320,0.234017,0.0423485,22.0241,0,1.1963,2.35476,0.194557,62.2584,70.5135,1310720,0.2662,0.594,0,0.194789,0,1,1
box_detour_turn90,oi_face_rot_wide_mppi,17019,256,16,0,0,1,1,1,264,0.240875,0.0357593,17.3866,0,1.25157,2.54878,0.193147,50.9909,56.6754,1081344,0.271,0.3232,0,0.193352,0,1,1
box_detour_turn90,oi_face_rot_wide_mppi,17026,256,16,0,0,1,1,1,233,0.246752,0.03723,14.4449,0,1.2184,2.39863,0.197117,45.9283,51.4849,954368,0.2871,0.3264,0,0.19733,0,1,1
box_detour_turn90,oi_face_rot_wide_mppi,17033,256,16,0,0,1,1,1,239,0.232011,0.0506549,14.2515,0,1.30289,2.67105,0.190543,45.5399,50.7185,978944,0.2717,0.3526,0,0.190775,0,1,1
box_detour_turn90,oi_face_rot_wide_mppi,17040,256,16,0,0,1,1,1,309,0.249841,0.087047,20.8217,0,1.5362,4.08033,0.195207,60.319,66.8186,1265664,0.268,0.3514,0,0.195381,0,1,1
box_detour_turn90,oi_face_rot_wide_mppi,17047,256,16,0,0,1,1,1,251,0.231856,0.0650115,14.6874,0,1.27301,2.64036,0.202987,50.9498,58.1048,1028096,0.2719,0.6421,0,0.203226,0,1,1
box_detour_turn90,oi_face_rot_wide_mppi,17054,256,16,0,0,1,1,1,373,0.229287,0.0504053,28.5618,0,1.18699,2.30277,0.205381,76.6072,87.4989,1527808,0.2778,0.4362,0,0.205577,0,1,1
box_detour_turn90,oi_face_rot_wide_mppi,17061,256,16,0,0,1,1,1,267,0.230001,0.026584,15.9001,0,1.28258,2.62452,0.236813,63.229,75.0206,1093632,0.3598,1.9455,0,0.237114,0,1,1
box_detour_turn90,oi_face_rot_wide_mppi,17068,256,16,0,0,1,1,1,262,0.24607,0.109972,18.7202,0,1.73617,5.16839,0.21192,55.523,63.3025,1073152,0.2962,0.7268,0,0.212165,0,1,1
box_detour_turn90,oi_face_rot_wide_mppi,17075,256,16,0,0,1,1,1,259,0.243837,0.0450311,16.6425,0,1.27622,2.66893,0.218235,56.5228,65.0741,1060864,0.3142,0.583,0,0.218487,0,1,1
box_detour_turn90,oi_face_rot_wide_mppi,17082,256,16,0,0,1,1,1,346,0.231615,0.0522476,23.7966,0,1.21113,2.47506,0.21258,73.5526,85.2896,1417216,0.3137,0.5278,0,0.212798,0,1,1
box_detour_turn90,oi_face_rot_wide_mppi,17089,256,16,0,0,1,1,1,329,0.233373,0.0508654,22.0987,0,1.22339,2.41868,0.192139,63.2136,71.4323,1347584,0.2745,0.5991,0,0.192337,0,1,1
box_detour_turn90,oi_face_rot_wide_mppi,17096,256,16,0,0,1,1,1,369,0.242116,0.0288949,25.5278,0,1.15311,2.26457,0.198894,73.3918,82.8465,1511424,0.2691,0.3282,0,0.199089,0,1,1
box_detour_turn90,oi_face_rot_wide_mppi,17103,256,16,0,0,1,1,1,306,0.232341,0.0417744,24.6423,0,1.0729,2.06856,0.193443,59.1936,66.7768,1253376,0.2634,0.3119,0,0.193627,0,1,1
box_detour_turn90,oi_face_rot_wide_mppi,17110,256,16,0,0,1,1,1,281,0.244712,0.0853359,19.1979,0,1.64134,4.67432,0.196707,55.2746,62.3763,1150976,0.2827,0.3956,0,0.196915,0,1,1
box_detour_turn90,oi_face_rot_wide_mppi,17117,256,16,0,0,1,1,1,385,0.234003,0.0469468,32.2409,0,1.06423,1.96125,0.201631,77.6278,87.9095,1576960,0.2712,0.6269,0,0.201853,0,1,1
box_detour_turn90,oi_face_rot_wide_mppi,17124,256,16,0,0,1,1,1,373,0.244359,0.0504944,31.2596,0,1.18135,2.39472,0.21334,79.5759,90.5321,1527808,0.3209,0.6206,0,0.213543,0,1,1
box_detour_turn90,oi_face_rot_wide_mppi,17131,256,16,0,0,1,1,1,357,0.242003,0.0467926,26.9501,0,1.24452,2.52839,0.197539,70.5216,79.5465,1462272,0.2707,0.333,0,0.197742,0,1,1
box_detour_turn90,oi_face_rot_wide_mppi,17138,256,16,0,0,1,1,1,219,0.237415,0.0527035,16.0778,0,1.18044,2.29194,0.191686,41.9793,47.2208,897024,0.2668,0.3826,0,0.191981,0,1,1
box_detour_turn90,oi_face_rot_wide_mppi,17145,256,16,0,0,1,1,1,335,0.228068,0.052322,30.1221,0,1.14787,2.28752,0.193145,64.7037,73.2846,1372160,0.2666,0.3266,0,0.193357,0,1,1
box_detour_turn90,oi_face_rot_wide_mppi,17152,256,16,0,0,1,1,1,333,0.234979,0.0644009,26.4763,0,1.19618,2.29678,0.203231,67.676,77.0962,1363968,0.2691,0.7148,0,0.203451,0,1,1
box_detour_turn90,oi_face_rot_wide_mppi,17159,256,16,0,0,1,1,1,198,0.234256,0.0325005,19.292,0,0.964166,1.64182,0.189277,37.4768,42.5022,811008,0.2598,0.2911,0,0.189522,0,1,1
box_detour_turn_neg,oi_face_rot_anchor_mppi,17056,256,16,0,0,1,1,1,192,0.247626,0.0865015,11.9203,0,0.967437,1.94345,0.198053,38.0261,43.473,786432,0.2636,0.2805,0,0.198334,0,1,1
box_detour_turn_neg,oi_face_rot_anchor_mppi,17063,256,16,0,0,1,1,1,183,0.238054,0.126744,11.6383,0,1.43101,3.06606,0.206745,37.8344,43.3212,749568,0.2828,0.5353,0,0.207038,0,1,1
box_detour_turn_neg,oi_face_rot_anchor_mppi,17070,256,16,0,0,1,1,1,206,0.245206,0.0277668,11.8615,0,1.08364,2.28076,0.194702,40.1086,45.2356,843776,0.2565,0.3621,0,0.194996,0,1,1
box_detour_turn_neg,oi_face_rot_anchor_mppi,17077,256,16,0,0,1,1,1,200,0.241196,0.109166,11.8219,0,1.46901,3.26556,0.213084,42.6169,48.8337,819200,0.2888,0.3304,0,0.213399,0,1,1
box_detour_turn_neg,oi_face_rot_anchor_mppi,17084,256,16,0,0,1,1,1,181,0.249608,0.139814,10.9239,0,1.04251,2.0177,0.232874,42.1502,49.7006,741376,0.3513,0.6695,0,0.233177,0,1,1
box_detour_turn_neg,oi_face_rot_anchor_mppi,17091,256,16,0,0,1,1,1,206,0.239003,0.0534431,12.2707,0,1.00264,2.00515,0.199221,41.0396,47.0782,843776,0.2578,0.3575,0,0.199491,0,1,1
box_detour_turn_neg,oi_face_rot_anchor_mppi,17098,256,16,0,0,1,1,1,172,0.246403,0.167893,10.7025,0,1.02287,1.95059,0.210393,36.1876,41.3105,704512,0.289,0.503,0,0.210744,0,1,1
box_detour_turn_neg,oi_face_rot_anchor_mppi,17105,256,16,0,0,1,1,1,171,0.237113,0.146389,10.1369,0,0.985183,1.97283,0.205063,35.0658,40.5117,700416,0.3028,0.368,0,0.205496,0,1,1
box_detour_turn_neg,oi_face_rot_anchor_mppi,17112,256,16,0,0,1,1,1,226,0.243772,0.182964,12.9314,0,1.54545,3.57019,0.193265,43.678,48.746,925696,0.2825,0.6989,0,0.193475,0,1,1
box_detour_turn_neg,oi_face_rot_anchor_mppi,17119,256,16,0,0,1,1,1,167,0.248723,0.0225127,10.6651,0,1.01244,2.1679,0.203853,34.0435,38.8726,684032,0.2835,0.3675,0,0.204174,0,1,1
box_detour_turn_neg,oi_face_rot_anchor_mppi,17126,256,16,0,0,1,1,1,185,0.23018,0.097641,12.341,0,1.00935,1.91764,0.199881,36.978,41.6532,757760,0.2683,0.5124,0,0.200146,0,1,1
box_detour_turn_neg,oi_face_rot_anchor_mppi,17133,256,16,0,0,1,1,1,176,0.24369,0.156825,10.8514,0,1.05865,2.07166,0.197693,34.794,39.5488,720896,0.2644,0.3366,0,0.197976,0,1,1
box_detour_turn_neg,oi_face_rot_anchor_mppi,17140,256,16,0,0,1,1,1,203,0.243987,0.168509,11.088,0,1.03525,2.07847,0.188653,38.2966,43.2473,831488,0.2615,0.3261,0,0.188913,0,1,1
box_detour_turn_neg,oi_face_rot_anchor_mppi,17147,256,16,0,0,1,1,1,177,0.23848,0.0841109,10.6694,0,1.01405,2.03694,0.187227,33.1392,37.3521,724992,0.2583,0.3231,0,0.187464,0,1,1
box_detour_turn_neg,oi_face_rot_anchor_mppi,17154,256,16,0,0,1,1,1,177,0.239748,0.0890421,10.737,0,0.964033,1.84168,0.185955,32.914,36.4739,724992,0.2707,0.3146,0,0.18617,0,1,1
box_detour_turn_neg,oi_face_rot_anchor_mppi,17161,256,16,0,0,1,1,1,174,0.235243,0.107139,11.3114,0,1.35159,2.84961,0.188349,32.7728,36.2795,712704,0.2655,0.3442,0,0.188587,0,1,1
box_detour_turn_neg,oi_face_rot_anchor_mppi,17168,256,16,0,0,1,1,1,192,0.230967,0.0943363,11.6418,0,1.014,1.99853,0.20121,38.6324,43.831,786432,0.2697,0.3195,0,0.201465,0,1,1
box_detour_turn_neg,oi_face_rot_anchor_mppi,17175,256,16,0,0,1,1,1,179,0.243378,0.101211,11.1624,0,0.995294,1.93764,0.195373,34.9718,39.7131,733184,0.2692,0.3203,0,0.195638,0,1,1
box_detour_turn_neg,oi_face_rot_anchor_mppi,17182,256,16,0,0,1,1,1,179,0.244705,0.078248,10.962,0,0.978316,1.85799,0.190393,34.0804,37.965,733184,0.2707,0.3199,0,0.190623,0,1,1
box_detour_turn_neg,oi_face_rot_anchor_mppi,17189,256,16,0,0,1,1,1,173,0.239202,0.0734385,10.826,0,0.995143,1.90211,0.194184,33.5938,37.5153,708608,0.2686,0.3187,0,0.194409,0,1,1
box_detour_turn_neg,oi_face_rot_anchor_mppi,17196,256,16,0,0,1,1,1,158,0.235035,0.0830848,11.5456,0,0.985063,1.76435,0.197697,31.2361,35.5505,647168,0.2673,0.3396,0,0.197975,0,1,1
box_detour_turn_neg,oi_face_rot_anchor_mppi,17203,256,16,0,0,1,1,1,183,0.243847,0.119083,11.657,0,0.980482,1.92248,0.205272,37.5648,42.6732,749568,0.2727,0.4046,0,0.205528,0,1,1
box_detour_turn_neg,oi_face_rot_anchor_mppi,17210,256,16,0,0,1,1,1,161,0.226072,0.0454985,10.5156,0,1.03347,1.95598,0.187468,30.1824,33.7016,659456,0.2608,0.3443,0,0.187717,0,1,1
box_detour_turn_neg,oi_face_rot_anchor_mppi,17217,256,16,0,0,1,1,1,186,0.238903,0.041374,13.255,0,1.41522,3.07773,0.183078,34.0526,36.877,761856,0.2733,0.3273,0,0.183284,0,1,1
box_detour_turn_neg,oi_face_rot_anchor_mppi,17224,256,16,0,0,1,1,1,232,0.233721,0.043588,12.1561,0,1.03643,2.17896,0.195764,45.4173,50.4669,950272,0.2613,0.3185,0,0.196003,0,1,1
box_detour_turn_neg,oi_face_rot_anchor_mppi,17231,256,16,0,0,1,1,1,204,0.247791,0.0847603,11.6473,0,1.00901,1.95566,0.178057,36.3236,39.8085,835584,0.2578,0.3306,0,0.178249,0,1,1
box_detour_turn_neg,oi_face_rot_anchor_mppi,17238,256,16,0,0,1,1,1,206,0.249042,0.140574,12.9681,0,1.56019,3.50774,0.196764,40.5333,45.1939,843776,0.2654,0.3427,0,0.197001,0,1,1
box_detour_turn_neg,oi_face_rot_anchor_mppi,17245,256,16,0,0,1,1,1,232,0.23133,0.117626,12.4968,0,1.32849,3.39518,0.193902,44.9853,50.5405,950272,0.2723,0.3633,0,0.194119,0,1,1
box_detour_turn_neg,oi_face_rot_anchor_mppi,17252,256,16,0,0,1,1,1,204,0.24869,0.0662525,11.5843,0,1.02976,2.03627,0.178314,36.3761,40.2734,835584,0.2562,0.3231,0,0.178512,0,1,1
box_detour_turn_neg,oi_face_rot_anchor_mppi,17259,256,16,0,0,1,1,1,198,0.237004,0.0990717,11.8473,0,0.960018,1.83278,0.206297,40.8468,45.9887,811008,0.3126,0.5131,0,0.206521,0,1,1
box_detour_turn_neg,oi_face_rot_pstall_mppi,17056,256,16,0,0,1,1,1,188,0.249901,0.153487,11.7673,0,0.994281,1.86132,0.189395,35.6063,39.8873,770048,0.2719,0.3001,0,0.189657,0,1,1
box_detour_turn_neg,oi_face_rot_pstall_mppi,17063,256,16,0,0,1,1,1,224,0.246864,0.0662524,13.4023,0,1.01207,1.95903,0.197367,44.2102,50.0211,917504,0.273,0.3556,0,0.197622,0,1,1
box_detour_turn_neg,oi_face_rot_pstall_mppi,17070,256,16,0,0,1,1,1,225,0.246306,0.157834,14.4393,0,0.964687,1.86644,0.202182,45.491,51.9026,921600,0.2691,0.3377,0,0.202446,0,1,1
box_detour_turn_neg,oi_face_rot_pstall_mppi,17077,256,16,0,0,1,1,1,215,0.248619,0.178667,13.3251,0,1.0046,2.00686,0.202486,43.5345,49.0749,880640,0.2787,0.3563,0,0.202747,0,1,1
box_detour_turn_neg,oi_face_rot_pstall_mppi,17084,256,16,0,0,1,1,1,235,0.2464,0.0992768,15.0251,0,0.935083,1.82483,0.181755,42.7124,46.9482,962560,0.2613,0.3733,0,0.18196,0,1,1
box_detour_turn_neg,oi_face_rot_pstall_mppi,17091,256,16,0,0,1,1,1,198,0.248537,0.188375,12.3723,0,1.42568,3.15203,0.193886,38.3894,42.4314,811008,0.2628,0.3478,0,0.194135,0,1,1
box_detour_turn_neg,oi_face_rot_pstall_mppi,17098,256,16,0,0,1,1,1,190,0.236926,0.163645,13.0382,0,1.51291,3.44246,0.193142,36.697,40.1229,778240,0.2744,0.3319,0,0.193374,0,1,1
box_detour_turn_neg,oi_face_rot_pstall_mppi,17105,256,16,0,0,1,1,1,258,0.235246,0.10026,13.5,0,1.06555,2.26945,0.192672,49.7094,55.1531,1056768,0.2677,0.3354,0,0.192902,0,1,1
box_detour_turn_neg,oi_face_rot_pstall_mppi,17112,256,16,0,0,1,1,1,188,0.249533,0.13736,10.4308,0,1.03758,2.27202,0.20061,37.7146,42.6138,770048,0.2824,0.348,0,0.200904,0,1,1
box_detour_turn_neg,oi_face_rot_pstall_mppi,17119,256,16,0,0,1,1,1,171,0.227865,0.128169,10.8499,0,1.05107,2.12526,0.187718,32.0997,35.8364,700416,0.2758,0.3267,0,0.187977,0,1,1
box_detour_turn_neg,oi_face_rot_pstall_mppi,17126,256,16,0,0,1,1,1,194,0.249826,0.123251,12.8587,0,1.02259,1.84368,0.184266,35.7477,39.2638,794624,0.2593,0.3197,0,0.184481,0,1,1
box_detour_turn_neg,oi_face_rot_pstall_mppi,17133,256,16,0,0,1,1,1,225,0.238345,0.144384,11.2542,0,1.12072,2.46176,0.199154,44.8096,50.9555,921600,0.2716,0.3329,0,0.199403,0,1,1
box_detour_turn_neg,oi_face_rot_pstall_mppi,17140,256,16,0,0,1,1,1,236,0.243918,0.0941312,14.4627,0,1.01261,1.95878,0.195715,46.1887,51.9953,966656,0.2709,0.3404,0,0.195968,0,1,1
box_detour_turn_neg,oi_face_rot_pstall_mppi,17147,256,16,0,0,1,1,1,195,0.236972,0.12304,12.351,0,1.5232,3.47402,0.204976,39.9704,45.1281,798720,0.2805,0.3527,0,0.205286,0,1,1
box_detour_turn_neg,oi_face_rot_pstall_mppi,17154,256,16,0,0,1,1,1,173,0.248154,0.0923762,11.2769,0,1.27159,2.48063,0.191209,33.0792,37.2416,708608,0.2671,0.3043,0,0.191494,0,1,1
box_detour_turn_neg,oi_face_rot_pstall_mppi,17161,256,16,0,0,1,1,1,169,0.248696,0.163117,10.761,0,0.971933,1.88791,0.180669,30.533,33.2429,692224,0.2593,0.2997,0,0.180853,0,1,1
box_detour_turn_neg,oi_face_rot_pstall_mppi,17168,256,16,0,0,1,1,1,204,0.248785,0.0617189,11.4627,0,1.0644,2.28565,0.185435,37.8288,41.5229,835584,0.2622,0.3003,0,0.185642,0,1,1
box_detour_turn_neg,oi_face_rot_pstall_mppi,17175,256,16,0,0,1,1,1,204,0.225752,0.100391,11.9111,0,1.03623,2.16481,0.189531,38.6644,42.9405,835584,0.2599,0.3522,0,0.189781,0,1,1
box_detour_turn_neg,oi_face_rot_pstall_mppi,17182,256,16,0,0,1,1,1,160,0.241605,0.102264,11.6553,0,1.2894,2.5841,0.197959,31.6735,35.1269,655360,0.2848,0.3145,0,0.198258,0,1,1
box_detour_turn_neg,oi_face_rot_pstall_mppi,17189,256,16,0,0,1,1,1,151,0.244588,0.0264517,10.9725,0,1.29861,2.61417,0.199462,30.1187,33.875,618496,0.2787,0.3364,0,0.199759,0,1,1
box_detour_turn_neg,oi_face_rot_pstall_mppi,17196,256,16,0,0,1,1,1,179,0.226646,0.0683987,11.1369,0,1.00954,1.96315,0.195615,35.0151,39.837,733184,0.2686,0.3247,0,0.195907,0,1,1
box_detour_turn_neg,oi_face_rot_pstall_mppi,17203,256,16,0,0,1,1,1,261,0.249144,0.0996255,16.6657,0,0.983239,1.93263,0.18696,48.7966,53.953,1069056,0.2683,0.3245,0,0.187187,0,1,1
box_detour_turn_neg,oi_face_rot_pstall_mppi,17210,256,16,0,0,1,1,1,211,0.24128,0.0676215,11.727,0,1.03811,2.1474,0.190359,40.1658,44.7797,864256,0.2769,0.3003,0,0.190639,0,1,1
box_detour_turn_neg,oi_face_rot_pstall_mppi,17217,256,16,0,0,1,1,1,207,0.245771,0.0668286,12.7961,0,0.96787,1.92019,0.192591,39.8663,44.9743,847872,0.2625,0.3623,0,0.192821,0,1,1
box_detour_turn_neg,oi_face_rot_pstall_mppi,17224,256,16,0,0,1,1,1,250,0.234545,0.0708551,18.8606,0,0.948735,1.81607,0.217341,54.3352,62.3075,1024000,0.3445,0.5582,0,0.217584,0,1,1
box_detour_turn_neg,oi_face_rot_pstall_mppi,17231,256,16,0,0,1,1,1,235,0.230732,0.100487,13.957,0,1.00246,1.91574,0.192109,45.1456,50.6455,962560,0.2687,0.3332,0,0.192337,0,1,1
box_detour_turn_neg,oi_face_rot_pstall_mppi,17238,256,16,0,0,1,1,1,216,0.227221,0.0845479,12.4341,0,1.02857,1.98571,0.199207,43.0288,48.1071,884736,0.2722,0.3271,0,0.199437,0,1,1
box_detour_turn_neg,oi_face_rot_pstall_mppi,17245,256,16,0,0,1,1,1,229,0.242428,0.107096,14.7601,0,0.930563,1.76747,0.196133,44.9144,50.3895,937984,0.2842,0.3813,0,0.196382,0,1,1
box_detour_turn_neg,oi_face_rot_pstall_mppi,17252,256,16,0,0,1,1,1,161,0.244122,0.0571239,10.7747,0,0.960955,1.8341,0.193442,31.1441,35.191,659456,0.2653,0.3077,0,0.193713,0,1,1
box_detour_turn_neg,oi_face_rot_pstall_mppi,17259,256,16,0,0,1,1,1,211,0.234218,0.128971,13.9504,0,0.920782,1.75505,0.197319,41.6343,46.8067,864256,0.2753,0.3388,0,0.197566,0,1,1
box_detour_turn_neg,oi_face_rot_wide_mppi,17056,256,16,0,0,1,1,1,188,0.249901,0.153487,11.7673,0,0.994281,1.86132,0.188203,35.3821,39.2471,770048,0.2601,0.323,0,0.188437,0,1,1
box_detour_turn_neg,oi_face_rot_wide_mppi,17063,256,16,0,0,1,1,1,224,0.246864,0.0662524,13.4023,0,1.01207,1.95903,0.197546,44.2504,49.8898,917504,0.2768,0.3137,0,0.197804,0,1,1
box_detour_turn_neg,oi_face_rot_wide_mppi,17070,256,16,0,0,1,1,1,225,0.246306,0.157834,14.4393,0,0.964687,1.86644,0.200988,45.2223,50.5607,921600,0.2727,0.3643,0,0.201251,0,1,1
box_detour_turn_neg,oi_face_rot_wide_mppi,17077,256,16,0,0,1,1,1,215,0.248619,0.178667,13.3251,0,1.0046,2.00686,0.207901,44.6987,50.2839,880640,0.2939,0.3557,0,0.208183,0,1,1
box_detour_turn_neg,oi_face_rot_wide_mppi,17084,256,16,0,0,1,1,1,235,0.2464,0.0992768,15.0251,0,0.935083,1.82483,0.190697,44.8138,50.5047,962560,0.2719,0.392,0,0.191036,0,1,1
box_detour_turn_neg,oi_face_rot_wide_mppi,17091,256,16,0,0,1,1,1,198,0.248537,0.188375,12.3723,0,1.42568,3.15203,0.197801,39.1645,43.1613,811008,0.2941,0.5243,0,0.198048,0,1,1
box_detour_turn_neg,oi_face_rot_wide_mppi,17098,256,16,0,0,1,1,1,190,0.236926,0.163645,13.0382,0,1.51291,3.44246,0.200562,38.1067,42.5397,778240,0.2684,0.3682,0,0.200796,0,1,1
box_detour_turn_neg,oi_face_rot_wide_mppi,17105,256,16,0,0,1,1,1,258,0.235246,0.10026,13.5,0,1.06555,2.26945,0.20005,51.6128,58.6739,1056768,0.2803,0.3653,0,0.200285,0,1,1
box_detour_turn_neg,oi_face_rot_wide_mppi,17112,256,16,0,0,1,1,1,188,0.249533,0.13736,10.4308,0,1.03758,2.27202,0.199798,37.5621,42.6595,770048,0.2693,0.2971,0,0.200078,0,1,1
box_detour_turn_neg,oi_face_rot_wide_mppi,17119,256,16,0,0,1,1,1,171,0.227865,0.128169,10.8499,0,1.05107,2.12526,0.200079,34.2135,38.1778,700416,0.2794,0.3213,0,0.200336,0,1,1
box_detour_turn_neg,oi_face_rot_wide_mppi,17126,256,16,0,0,1,1,1,194,0.249826,0.123251,12.8587,0,1.02259,1.84368,0.178495,34.628,37.7642,794624,0.2575,0.3053,0,0.178686,0,1,1
box_detour_turn_neg,oi_face_rot_wide_mppi,17133,256,16,0,0,1,1,1,225,0.238345,0.144384,11.2542,0,1.12072,2.46176,0.194666,43.7999,49.543,921600,0.2702,0.3089,0,0.194913,0,1,1
box_detour_turn_neg,oi_face_rot_wide_mppi,17140,256,16,0,0,1,1,1,236,0.243918,0.0941312,14.4627,0,1.01261,1.95878,0.185907,43.874,48.1976,966656,0.2595,0.2763,0,0.186098,0,1,1
box_detour_turn_neg,oi_face_rot_wide_mppi,17147,256,16,0,0,1,1,1,195,0.236972,0.12304,12.351,0,1.5232,3.47402,0.205201,40.0141,44.4444,798720,0.2889,0.3766,0,0.205462,0,1,1
box_detour_turn_neg,oi_face_rot_wide_mppi,17154,256,16,0,0,1,1,1,173,0.248154,0.0923762,11.2769,0,1.27159,2.48063,0.196568,34.0063,38.3514,708608,0.271,0.3509,0,0.19685,0,1,1
box_detour_turn_neg,oi_face_rot_wide_mppi,17161,256,16,0,0,1,1,1,169,0.248696,0.163117,10.761,0,0.971933,1.88791,0.23378,39.5088,45.8012,692224,0.4499,0.701,0,0.234038,0,1,1
box_detour_turn_neg,oi_face_rot_wide_mppi,17168,256,16,0,0,1,1,1,204,0.248785,0.0617189,11.4627,0,1.0644,2.28565,0.189612,38.6808,43.2553,835584,0.2645,0.3269,0,0.189845,0,1,1
box_detour_turn_neg,oi_face_rot_wide_mppi,17175,256,16,0,0,1,1,1,204,0.225752,0.100391,11.9111,0,1.03623,2.16481,0.20574,41.9709,47.5299,835584,0.2766,0.3372,0,0.205994,0,1,1
box_detour_turn_neg,oi_face_rot_wide_mppi,17182,256,16,0,0,1,1,1,160,0.241605,0.102264,11.6553,0,1.2894,2.5841,0.206548,33.0477,37.4983,655360,0.2746,0.3433,0,0.206854,0,1,1
box_detour_turn_neg,oi_face_rot_wide_mppi,17189,256,16,0,0,1,1,1,151,0.244588,0.0264517,10.9725,0,1.29861,2.61417,0.198113,29.915,33.4913,618496,0.2728,0.3481,0,0.198472,0,1,1
box_detour_turn_neg,oi_face_rot_wide_mppi,17196,256,16,0,0,1,1,1,179,0.226646,0.0683987,11.1369,0,1.00954,1.96315,0.176273,31.5529,34.3823,733184,0.2614,0.2904,0,0.176479,0,1,1
box_detour_turn_neg,oi_face_rot_wide_mppi,17203,256,16,0,0,1,1,1,261,0.249144,0.0996255,16.6657,0,0.983239,1.93263,0.196301,51.2346,57.5717,1069056,0.2817,0.3295,0,0.196511,0,1,1
box_detour_turn_neg,oi_face_rot_wide_mppi,17210,256,16,0,0,1,1,1,211,0.24128,0.0676215,11.727,0,1.03811,2.1474,0.201703,42.5594,48.5459,864256,0.2738,0.3784,0,0.201979,0,1,1
box_detour_turn_neg,oi_face_rot_wide_mppi,17217,256,16,0,0,1,1,1,207,0.245771,0.0668286,12.7961,0,0.96787,1.92019,0.212511,43.9898,49.4558,847872,0.3103,0.513,0,0.212729,0,1,1
box_detour_turn_neg,oi_face_rot_wide_mppi,17224,256,16,0,0,0,1,0,420,0.654374,0.0365613,55.8814,0,0.664774,0.724295,0.221935,93.2126,104.427,1720320,0.3107,0.3733,0,0.222137,0,1,0
box_detour_turn_neg,oi_face_rot_wide_mppi,17231,256,16,0,0,1,1,1,235,0.230732,0.100487,13.957,0,1.00246,1.91574,0.211734,49.7575,57.3769,962560,0.3132,0.5278,0,0.211972,0,1,1
box_detour_turn_neg,oi_face_rot_wide_mppi,17238,256,16,0,0,1,1,1,216,0.227221,0.0845479,12.4341,0,1.02857,1.98571,0.181956,39.3024,43.4105,884736,0.2629,0.3323,0,0.18221,0,1,1
box_detour_turn_neg,oi_face_rot_wide_mppi,17245,256,16,0,0,1,1,1,229,0.242428,0.107096,14.7601,0,0.930563,1.76747,0.193706,44.3586,49.7885,937984,0.2707,0.3213,0,0.193959,0,1,1
box_detour_turn_neg,oi_face_rot_wide_mppi,17252,256,16,0,0,1,1,1,161,0.244122,0.0571239,10.7747,0,0.960955,1.8341,0.204212,32.8782,37.5083,659456,0.2918,0.3226,0,0.204524,0,1,1
box_detour_turn_neg,oi_face_rot_wide_mppi,17259,256,16,0,0,1,1,1,211,0.234218,0.128971,13.9504,0,0.920782,1.75505,0.208244,43.9394,49.6041,864256,0.2987,0.3759,0,0.208482,0,1,1
box_detour_wall,oi_face_rot_anchor_mppi,16356,256,16,0,0,1,1,1,136,0.236791,0.0603408,12.0111,0,0.822866,1.33413,0.204402,27.7987,30.9022,557056,0.2796,0.3241,0,0.204641,0,1,1
box_detour_wall,oi_face_rot_anchor_mppi,16363,256,16,0,0,1,1,1,146,0.234233,0.0475377,13.7319,0,0.831408,1.40306,0.209732,30.6209,34.9239,598016,0.2757,0.3532,0,0.210029,0,1,1
box_detour_wall,oi_face_rot_anchor_mppi,16370,256,16,0,0,1,1,1,108,0.249267,0.031646,10.2847,0,0.816264,1.27162,0.218165,23.5618,26.8584,442368,0.2898,0.3112,0,0.218618,0,1,1
box_detour_wall,oi_face_rot_anchor_mppi,16377,256,16,0,0,1,1,1,138,0.235595,0.0778249,11.7979,0,0.904172,1.64126,0.199186,27.4876,30.1628,565248,0.2824,0.3184,0,0.199419,0,1,1
box_detour_wall,oi_face_rot_anchor_mppi,16384,256,16,0,0,1,1,1,156,0.235084,0.0243614,13.6085,0,0.949986,1.84833,0.214484,33.4595,37.4007,638976,0.2972,0.884,0,0.214804,0,1,1
box_detour_wall,oi_face_rot_anchor_mppi,16391,256,16,0,0,1,1,1,125,0.245166,0.0550125,10.8884,0,0.853177,1.36626,0.213331,26.6664,30.0268,512000,0.3092,0.3481,0,0.213638,0,1,1
box_detour_wall,oi_face_rot_anchor_mppi,16398,256,16,0,0,1,1,1,140,0.237405,0.0876916,12.1311,0,0.892939,1.56356,0.214276,29.9987,33.9047,573440,0.306,0.348,0,0.214559,0,1,1
box_detour_wall,oi_face_rot_anchor_mppi,16405,256,16,0,0,1,1,1,135,0.249235,0.052197,13.1567,0,0.767298,1.10538,0.198646,26.8172,29.4857,552960,0.2986,0.3353,0,0.199004,0,1,1
box_detour_wall,oi_face_rot_anchor_mppi,16412,256,16,0,0,1,1,1,109,0.237608,0.0312491,10.42,0,0.845585,1.29411,0.213483,23.2696,26.0543,446464,0.294,0.3621,0,0.213824,0,1,1
box_detour_wall,oi_face_rot_anchor_mppi,16419,256,16,0,0,1,1,1,151,0.227302,0.0508987,13.3677,0,0.946086,1.8227,0.206813,31.2288,34.6558,618496,0.3036,0.3451,0,0.207106,0,1,1
box_detour_wall,oi_face_rot_anchor_mppi,16426,256,16,0,0,1,1,1,125,0.240968,0.00663011,10.6864,0,0.870722,1.57613,0.189175,23.6469,25.8727,512000,0.2633,0.3078,0,0.18942,0,1,1
box_detour_wall,oi_face_rot_anchor_mppi,16433,256,16,0,0,1,1,1,108,0.232741,0.0291971,10.008,0,0.840151,1.5175,0.194711,21.0288,22.7155,442368,0.2804,0.3407,0,0.194975,0,1,1
box_detour_wall,oi_face_rot_anchor_mppi,16440,256,16,0,0,1,1,1,127,0.233814,0.130265,12.1314,0,0.816251,1.31657,0.197458,25.0772,27.4936,520192,0.29,0.3086,0,0.197698,0,1,1
box_detour_wall,oi_face_rot_anchor_mppi,16447,256,16,0,0,1,1,1,128,0.229525,0.0703955,12.0364,0,0.909694,1.68592,0.196444,25.1448,27.8029,524288,0.2662,0.3471,0,0.196751,0,1,1
box_detour_wall,oi_face_rot_anchor_mppi,16454,256,16,0,0,1,1,1,108,0.235189,0.100088,10.3601,0,0.771925,1.21228,0.195258,21.0879,23.2815,442368,0.2767,0.32,0,0.195562,0,1,1
box_detour_wall,oi_face_rot_anchor_mppi,16461,256,16,0,0,1,1,1,136,0.228886,0.0796273,13.318,0,0.799392,1.39117,0.195688,26.6135,28.9015,557056,0.294,0.34,0,0.195887,0,1,1
box_detour_wall,oi_face_rot_anchor_mppi,16468,256,16,0,0,1,1,1,95,0.227032,0.0343915,9.56297,0,0.712692,0.958093,0.188399,17.8979,19.677,389120,0.2775,0.3355,0,0.188788,0,1,1
box_detour_wall,oi_face_rot_anchor_mppi,16475,256,16,0,0,1,1,1,153,0.219275,0.0556027,12.8981,0,0.741677,1.10553,0.209508,32.0547,36.0151,626688,0.3036,0.3566,0,0.209877,0,1,1
box_detour_wall,oi_face_rot_anchor_mppi,16482,256,16,0,0,1,1,1,114,0.246512,0.0997248,11.0782,0,0.765436,1.19021,0.200734,22.8837,25.3511,466944,0.3038,0.3211,0,0.20104,0,1,1
box_detour_wall,oi_face_rot_anchor_mppi,16489,256,16,0,0,1,1,1,137,0.22884,0.0556905,11.7706,0,0.857468,1.58442,0.206187,28.2476,31.6473,561152,0.2827,0.3363,0,0.206412,0,1,1
box_detour_wall,oi_face_rot_anchor_mppi,16496,256,16,0,0,1,1,1,138,0.233497,0.0684756,13.1508,0,0.826452,1.42398,0.212738,29.3578,32.8574,565248,0.3051,0.3626,0,0.213044,0,1,1
box_detour_wall,oi_face_rot_anchor_mppi,16503,256,16,0,0,1,1,1,144,0.23664,0.0228103,12.9887,0,0.916917,1.66373,0.198642,28.6045,31.4274,589824,0.2901,0.3188,0,0.198909,0,1,1
box_detour_wall,oi_face_rot_anchor_mppi,16510,256,16,0,0,1,1,1,124,0.245842,0.0412782,10.5009,0,0.822769,1.32194,0.214457,26.5927,30.1386,507904,0.2854,0.3154,0,0.214784,0,1,1
box_detour_wall,oi_face_rot_anchor_mppi,16517,256,16,0,0,1,1,1,121,0.22514,0.0449841,11.4807,0,0.817461,1.37839,0.21166,25.6108,28.8031,495616,0.2896,0.3218,0,0.212042,0,1,1
box_detour_wall,oi_face_rot_anchor_mppi,16524,256,16,0,0,1,1,1,132,0.245804,0.0387269,12.2468,0,0.812827,1.28312,0.213514,28.1838,31.6295,540672,0.2927,0.3974,0,0.213826,0,1,1
box_detour_wall,oi_face_rot_anchor_mppi,16531,256,16,0,0,1,1,1,129,0.236018,0.0216372,12.3514,0,0.804086,1.10982,0.206204,26.6003,29.7336,528384,0.274,0.3161,0,0.206483,0,1,1
box_detour_wall,oi_face_rot_anchor_mppi,16538,256,16,0,0,1,1,1,114,0.248014,0.102305,10.6913,0,0.780464,1.13762,0.213676,24.3591,27.4074,466944,0.2981,0.3171,0,0.214027,0,1,1
box_detour_wall,oi_face_rot_anchor_mppi,16545,256,16,0,0,1,1,1,144,0.228201,0.0120748,13.2932,0,0.781924,1.41172,0.196763,28.3338,31.0786,589824,0.3071,0.3466,0,0.197057,0,1,1
box_detour_wall,oi_face_rot_anchor_mppi,16552,256,16,0,0,1,1,1,151,0.241441,0.0314704,12.9346,0,0.984271,2.01732,0.205216,30.9876,34.267,618496,0.2996,0.3435,0,0.205469,0,1,1
box_detour_wall,oi_face_rot_anchor_mppi,16559,256,16,0,0,1,1,1,162,0.238123,0.0777173,14.8754,0,0.751612,1.08567,0.20669,33.4837,37.1127,663552,0.2975,0.3655,0,0.206971,0,1,1
box_detour_wall,oi_face_rot_pstall_mppi,16356,256,16,0,0,1,1,1,128,0.241634,0.109173,11.9935,0,0.886776,1.59826,0.206061,26.3758,29.2128,524288,0.2973,0.3222,0,0.20636,0,1,1
box_detour_wall,oi_face_rot_pstall_mppi,16363,256,16,0,0,1,1,1,121,0.233714,0.0414849,11.8348,0,0.705173,0.894307,0.207045,25.0525,27.8531,495616,0.282,0.3099,0,0.207331,0,1,1
box_detour_wall,oi_face_rot_pstall_mppi,16370,256,16,0,0,1,1,1,111,0.237671,0.0831704,10.2032,0,0.90786,1.88639,0.210237,23.3363,25.968,454656,0.3047,0.3443,0,0.210575,0,1,1
box_detour_wall,oi_face_rot_pstall_mppi,16377,256,16,0,0,1,1,1,137,0.249149,0.0297813,13.1347,0,0.787309,1.1633,0.203083,27.8224,30.6669,561152,0.2958,0.326,0,0.203358,0,1,1
box_detour_wall,oi_face_rot_pstall_mppi,16384,256,16,0,0,1,1,1,126,0.230547,0.118867,11.8693,0,0.953313,2.04946,0.204383,25.7523,29.0437,516096,0.3048,0.3282,0,0.20475,0,1,1
box_detour_wall,oi_face_rot_pstall_mppi,16391,256,16,0,0,1,1,1,148,0.226733,0.0461328,13.8566,0,0.823923,1.22218,0.213529,31.6023,35.173,606208,0.3057,0.4893,0,0.213846,0,1,1
box_detour_wall,oi_face_rot_pstall_mppi,16398,256,16,0,0,1,1,1,118,0.242178,0.120467,11.3086,0,0.83347,1.48352,0.213643,25.2099,28.7672,483328,0.2898,0.3468,0,0.213971,0,1,1
box_detour_wall,oi_face_rot_pstall_mppi,16405,256,16,0,0,0,1,0,420,1.19057,0.173727,48.1103,0,2.69312,9.42296,0.240609,101.056,112.37,1720320,0.3173,0.3721,0,0.240786,0,1,0
box_detour_wall,oi_face_rot_pstall_mppi,16412,256,16,0,0,1,1,1,143,0.228013,0.0764754,12.5173,0,0.936869,1.71844,0.21233,30.3632,33.5362,585728,0.3062,0.3203,0,0.212628,0,1,1
box_detour_wall,oi_face_rot_pstall_mppi,16419,256,16,0,0,1,1,1,417,0.240574,0.109325,44.6449,0,2.08341,6.40356,0.207778,86.6436,98.0857,1708032,0.276,0.3573,0,0.20796,0,1,1
box_detour_wall,oi_face_rot_pstall_mppi,16426,256,16,0,0,1,1,1,116,0.243034,0.0628448,11.2464,0,0.744507,1.06916,0.204155,23.682,26.1493,475136,0.2704,0.2989,0,0.204431,0,1,1
box_detour_wall,oi_face_rot_pstall_mppi,16433,256,16,0,0,1,1,1,104,0.245626,0.0137409,9.80948,0,0.771408,1.11457,0.207591,21.5895,23.7358,425984,0.2962,0.359,0,0.207855,0,1,1
box_detour_wall,oi_face_rot_pstall_mppi,16440,256,16,0,0,1,1,1,113,0.229712,0.0150022,11.0082,0,0.817922,1.21358,0.200338,22.6382,25.1517,462848,0.2836,0.3197,0,0.200595,0,1,1
box_detour_wall,oi_face_rot_pstall_mppi,16447,256,16,0,0,1,1,1,139,0.240477,0.0614802,12.2942,0,0.992455,1.82948,0.207945,28.9043,32.2626,569344,0.2946,0.3524,0,0.208226,0,1,1
box_detour_wall,oi_face_rot_pstall_mppi,16454,256,16,0,0,1,1,1,128,0.248121,0.0500178,12.2731,0,0.758744,1.16595,0.2078,26.5984,30.005,524288,0.3074,0.3444,0,0.208111,0,1,1
box_detour_wall,oi_face_rot_pstall_mppi,16461,256,16,0,0,1,1,1,123,0.242572,0.0460177,12.1068,0,0.781517,1.27926,0.192663,23.6975,25.6592,503808,0.2874,0.31,0,0.192881,0,1,1
box_detour_wall,oi_face_rot_pstall_mppi,16468,256,16,0,0,1,1,1,114,0.232129,0.0817748,10.8901,0,0.756263,1.1453,0.197191,22.4798,24.6681,466944,0.2804,0.3679,0,0.197479,0,1,1
box_detour_wall,oi_face_rot_pstall_mppi,16475,256,16,0,0,1,1,1,113,0.237978,0.120614,10.7224,0,0.712167,0.976903,0.213891,24.1697,27.2448,462848,0.3378,0.501,0,0.214198,0,1,1
box_detour_wall,oi_face_rot_pstall_mppi,16482,256,16,0,0,1,1,1,117,0.238032,0.005411,11.2311,0,0.796819,1.33894,0.236965,27.7249,32.5043,479232,0.3537,0.4963,0,0.237662,0,1,1
box_detour_wall,oi_face_rot_pstall_mppi,16489,256,16,0,0,1,1,1,114,0.226034,0.00170147,10.9394,0,0.763991,1.13618,0.209264,23.8561,26.6143,466944,0.2809,0.315,0,0.209647,0,1,1
box_detour_wall,oi_face_rot_pstall_mppi,16496,256,16,0,0,1,1,1,134,0.248974,0.0699728,11.6078,0,0.899573,1.66626,0.191593,25.6735,27.9323,548864,0.2877,0.3116,0,0.191793,0,1,1
box_detour_wall,oi_face_rot_pstall_mppi,16503,256,16,0,0,1,1,1,155,0.230482,0.0310304,14.7663,0,0.806399,1.35735,0.200437,31.0678,33.7105,634880,0.3014,0.3344,0,0.200708,0,1,1
box_detour_wall,oi_face_rot_pstall_mppi,16510,256,16,0,0,1,1,1,124,0.237137,0.0494921,10.3456,0,0.845705,1.44097,0.199238,24.7055,27.1689,507904,0.2684,0.3208,0,0.199498,0,1,1
box_detour_wall,oi_face_rot_pstall_mppi,16517,256,16,0,0,1,1,1,148,0.247635,0.0184313,13.592,0,0.741876,0.959696,0.203645,30.1395,33.6189,606208,0.2934,0.3203,0,0.203941,0,1,1
box_detour_wall,oi_face_rot_pstall_mppi,16524,256,16,0,0,1,1,1,142,0.246821,0.0279718,13.0263,0,0.844643,1.41778,0.187844,26.6739,28.8653,581632,0.2844,0.3068,0,0.18807,0,1,1
box_detour_wall,oi_face_rot_pstall_mppi,16531,256,16,0,0,1,1,1,130,0.228261,0.0512825,12.2845,0,0.932776,1.62248,0.194163,25.2412,27.2491,532480,0.2929,0.3592,0,0.194355,0,1,1
box_detour_wall,oi_face_rot_pstall_mppi,16538,256,16,0,0,1,1,1,122,0.226835,0.042785,11.2545,0,0.810593,1.28997,0.208072,25.3848,28.1556,499712,0.2927,0.3218,0,0.208393,0,1,1
box_detour_wall,oi_face_rot_pstall_mppi,16545,256,16,0,0,1,1,1,145,0.227826,0.0619775,12.5966,0,0.788686,1.26069,0.209276,30.345,33.5547,593920,0.2801,0.3579,0,0.209584,0,1,1
box_detour_wall,oi_face_rot_pstall_mppi,16552,256,16,0,0,1,1,1,150,0.246022,0.0879199,12.8343,0,1.0181,2.05685,0.201949,30.2924,33.5071,614400,0.2777,0.312,0,0.202235,0,1,1
box_detour_wall,oi_face_rot_pstall_mppi,16559,256,16,0,0,1,1,1,119,0.247491,0.0698488,11.3206,0,0.81141,1.30239,0.197072,23.4516,25.622,487424,0.287,0.3509,0,0.197361,0,1,1
box_detour_wall,oi_face_rot_wide_mppi,16356,256,16,0,0,1,1,1,128,0.241634,0.109173,11.9935,0,0.886776,1.59826,0.205744,26.3353,29.4078,524288,0.2923,0.3675,0,0.206061,0,1,1
box_detour_wall,oi_face_rot_wide_mppi,16363,256,16,0,0,1,1,1,121,0.233714,0.0414849,11.8348,0,0.705173,0.894307,0.263061,31.8304,37.4708,495616,0.3359,3.561,0,0.26347,0,1,1
box_detour_wall,oi_face_rot_wide_mppi,16370,256,16,0,0,1,1,1,111,0.237671,0.0831704,10.2032,0,0.90786,1.88639,0.225739,25.057,28.6069,454656,0.3125,0.7066,0,0.226162,0,1,1
box_detour_wall,oi_face_rot_wide_mppi,16377,256,16,0,0,1,1,1,137,0.249149,0.0297813,13.1347,0,0.787309,1.1633,0.234331,32.1033,36.7489,561152,0.3394,0.7092,0,0.234722,0,1,1
box_detour_wall,oi_face_rot_wide_mppi,16384,256,16,0,0,1,1,1,126,0.230547,0.118867,11.8693,0,0.953313,2.04946,0.239667,30.1981,34.6073,516096,0.3586,0.5193,0,0.240065,0,1,1
box_detour_wall,oi_face_rot_wide_mppi,16391,256,16,0,0,1,1,1,148,0.226733,0.0461328,13.8566,0,0.823923,1.22218,0.229628,33.9849,38.9476,606208,0.3082,0.5065,0,0.230011,0,1,1
box_detour_wall,oi_face_rot_wide_mppi,16398,256,16,0,0,1,1,1,118,0.242178,0.120467,11.3086,0,0.83347,1.48352,0.324986,38.3483,43.82,483328,0.9488,3.6282,0,0.325414,0,1,1
box_detour_wall,oi_face_rot_wide_mppi,16405,256,16,0,0,1,1,1,200,0.246982,0.0856567,19.1277,0,0.893924,1.46703,0.278016,55.6031,63.6958,819200,0.404,5.8808,0,0.278829,0,1,1
box_detour_wall,oi_face_rot_wide_mppi,16412,256,16,0,0,1,1,1,143,0.228013,0.0764754,12.5173,0,0.936869,1.71844,0.23023,32.9229,38.1998,585728,0.3267,0.56,0,0.230661,0,1,1
box_detour_wall,oi_face_rot_wide_mppi,16419,256,16,0,0,1,1,1,210,0.243322,0.036027,19.2681,0,1.00571,2.04666,0.220391,46.2821,52.7017,860160,0.3299,0.4339,0,0.220724,0,1,1
box_detour_wall,oi_face_rot_wide_mppi,16426,256,16,0,0,1,1,1,116,0.243034,0.0628448,11.2464,0,0.744507,1.06916,0.237809,27.5858,31.9149,475136,0.3457,0.6322,0,0.238369,0,1,1
box_detour_wall,oi_face_rot_wide_mppi,16433,256,16,0,0,1,1,1,104,0.245626,0.0137409,9.80948,0,0.771408,1.11457,0.222325,23.1218,26.3105,425984,0.3371,0.4595,0,0.222782,0,1,1
box_detour_wall,oi_face_rot_wide_mppi,16440,256,16,0,0,1,1,1,113,0.229712,0.0150022,11.0082,0,0.817922,1.21358,0.247427,27.9593,32.245,462848,0.3778,0.9774,0,0.247923,0,1,1
box_detour_wall,oi_face_rot_wide_mppi,16447,256,16,0,0,1,1,1,139,0.240477,0.0614802,12.2942,0,0.992455,1.82948,0.237724,33.0437,38.1884,569344,0.3154,0.3513,0,0.238118,0,1,1
box_detour_wall,oi_face_rot_wide_mppi,16454,256,16,0,0,1,1,1,128,0.248121,0.0500178,12.2731,0,0.758744,1.16595,0.231179,29.5909,34.104,524288,0.2887,0.3556,0,0.23158,0,1,1
box_detour_wall,oi_face_rot_wide_mppi,16461,256,16,0,0,1,1,1,123,0.242572,0.0460177,12.1068,0,0.781517,1.27926,0.223911,27.541,31.1966,503808,0.2842,0.3602,0,0.22427,0,1,1
box_detour_wall,oi_face_rot_wide_mppi,16468,256,16,0,0,1,1,1,114,0.232129,0.0817748,10.8901,0,0.756263,1.1453,0.21834,24.8908,28.5167,466944,0.3021,0.3467,0,0.218753,0,1,1
box_detour_wall,oi_face_rot_wide_mppi,16475,256,16,0,0,1,1,1,113,0.237978,0.120614,10.7224,0,0.712167,0.976903,0.223112,25.2117,28.513,462848,0.3052,0.3591,0,0.223507,0,1,1
box_detour_wall,oi_face_rot_wide_mppi,16482,256,16,0,0,1,1,1,117,0.238032,0.005411,11.2311,0,0.796819,1.33894,0.231009,27.028,31.1727,479232,0.3288,0.5558,0,0.231443,0,1,1
box_detour_wall,oi_face_rot_wide_mppi,16489,256,16,0,0,1,1,1,114,0.226034,0.00170147,10.9394,0,0.763991,1.13618,0.242182,27.6088,31.6844,466944,0.3346,0.3959,0,0.242586,0,1,1
box_detour_wall,oi_face_rot_wide_mppi,16496,256,16,0,0,1,1,1,134,0.248974,0.0699728,11.6078,0,0.899573,1.66626,0.215122,28.8264,33.238,548864,0.295,0.3462,0,0.215457,0,1,1
box_detour_wall,oi_face_rot_wide_mppi,16503,256,16,0,0,1,1,1,155,0.230482,0.0310304,14.7663,0,0.806399,1.35735,0.224298,34.7662,39.6035,634880,0.2946,0.4026,0,0.224637,0,1,1
box_detour_wall,oi_face_rot_wide_mppi,16510,256,16,0,0,1,1,1,124,0.237137,0.0494921,10.3456,0,0.845705,1.44097,0.225173,27.9214,31.9629,507904,0.3054,0.3347,0,0.225545,0,1,1
box_detour_wall,oi_face_rot_wide_mppi,16517,256,16,0,0,1,1,1,148,0.247635,0.0184313,13.592,0,0.741876,0.959696,0.224749,33.2628,37.6874,606208,0.3036,0.3673,0,0.225074,0,1,1
box_detour_wall,oi_face_rot_wide_mppi,16524,256,16,0,0,1,1,1,142,0.246821,0.0279718,13.0263,0,0.844643,1.41778,0.207899,29.5216,33.1367,581632,0.2898,0.3285,0,0.208194,0,1,1
box_detour_wall,oi_face_rot_wide_mppi,16531,256,16,0,0,1,1,1,130,0.228261,0.0512825,12.2845,0,0.932776,1.62248,0.221548,28.8013,32.5593,532480,0.3095,0.3757,0,0.221872,0,1,1
box_detour_wall,oi_face_rot_wide_mppi,16538,256,16,0,0,1,1,1,122,0.226835,0.042785,11.2545,0,0.810593,1.28997,0.23137,28.2271,32.5863,499712,0.3032,0.4212,0,0.231957,0,1,1
box_detour_wall,oi_face_rot_wide_mppi,16545,256,16,0,0,1,1,1,145,0.227826,0.0619775,12.5966,0,0.788686,1.26069,0.242794,35.2051,40.3932,593920,0.362,0.5456,0,0.243203,0,1,1
box_detour_wall,oi_face_rot_wide_mppi,16552,256,16,0,0,1,1,1,150,0.246022,0.0879199,12.8343,0,1.0181,2.05685,0.234359,35.1539,40.5051,614400,0.3117,0.5402,0,0.234786,0,1,1
box_detour_wall,oi_face_rot_wide_mppi,16559,256,16,0,0,1,1,1,119,0.247491,0.0698488,11.3206,0,0.81141,1.30239,0.214042,25.471,28.8103,487424,0.2848,0.4022,0,0.214392,0,1,1
box_detour_wall_far,oi_face_rot_anchor_mppi,16656,256,16,0,0,1,1,1,120,0.249376,0.0920255,14.9148,0,0.87836,1.42532,0.215308,25.837,29.4484,491520,0.2892,0.3458,0,0.215673,0,1,1
box_detour_wall_far,oi_face_rot_anchor_mppi,16663,256,16,0,0,1,1,1,115,0.238692,0.085672,14.3824,0,0.783607,1.1769,0.221497,25.4721,29.4313,471040,0.2702,0.3574,0,0.221879,0,1,1
box_detour_wall_far,oi_face_rot_anchor_mppi,16670,256,16,0,0,1,1,1,156,0.249076,0.0715903,17.2662,0,0.852388,1.43303,0.222445,34.7014,40.2293,638976,0.3186,0.7193,0,0.222744,0,1,1
box_detour_wall_far,oi_face_rot_anchor_mppi,16677,256,16,0,0,1,1,1,108,0.233588,0.0847662,14.3353,0,0.727846,1.02411,0.23438,25.313,29.069,442368,0.3112,0.4555,0,0.234795,0,1,1
box_detour_wall_far,oi_face_rot_anchor_mppi,16684,256,16,0,0,1,1,1,124,0.230671,0.118926,15.1965,0,0.871313,1.49592,0.215073,26.6691,30.2045,507904,0.2883,0.3309,0,0.21538,0,1,1
box_detour_wall_far,oi_face_rot_anchor_mppi,16691,256,16,0,0,1,1,1,106,0.231154,0.0413162,13.5874,0,0.741338,1.06058,0.231537,24.5429,28.0538,434176,0.3126,0.3628,0,0.231932,0,1,1
box_detour_wall_far,oi_face_rot_anchor_mppi,16698,256,16,0,0,1,1,1,142,0.229075,0.0199543,16.4677,0,0.942602,1.74088,0.22453,31.8833,36.7791,581632,0.3176,0.7204,0,0.22488,0,1,1
box_detour_wall_far,oi_face_rot_anchor_mppi,16705,256,16,0,0,1,1,1,133,0.232836,0.0947879,19.6006,0,0.744258,1.0424,0.229109,30.4715,35.0787,544768,0.3022,0.3922,0,0.229487,0,1,1
box_detour_wall_far,oi_face_rot_anchor_mppi,16712,256,16,0,0,1,1,1,161,0.237988,0.039958,16.9648,0,1,1.88558,0.229619,36.9687,42.376,659456,0.3043,0.4716,0,0.229958,0,1,1
box_detour_wall_far,oi_face_rot_anchor_mppi,16719,256,16,0,0,1,1,1,135,0.249795,0.100682,14.9524,0,0.898486,1.53334,0.218357,29.4782,33.9059,552960,0.2931,0.3499,0,0.218719,0,1,1
box_detour_wall_far,oi_face_rot_anchor_mppi,16726,256,16,0,0,1,1,1,124,0.243883,0.0133582,14.6002,0,0.99523,1.67706,0.224965,27.8956,31.8955,507904,0.3169,0.8544,0,0.225331,0,1,1
box_detour_wall_far,oi_face_rot_anchor_mppi,16733,256,16,0,0,1,1,1,109,0.23614,0.0429145,14.4927,0,0.815117,1.13579,0.206872,22.549,25.4374,446464,0.307,0.3934,0,0.207242,0,1,1
box_detour_wall_far,oi_face_rot_anchor_mppi,16740,256,16,0,0,1,1,1,119,0.239421,0.0200349,14.0543,0,0.76,1.12061,0.205906,24.5028,27.6927,487424,0.278,0.3205,0,0.206278,0,1,1
box_detour_wall_far,oi_face_rot_anchor_mppi,16747,256,16,0,0,1,1,1,149,0.224524,0.0124938,17.1305,0,0.862941,1.25581,0.21676,32.2973,36.8698,610304,0.3277,0.4002,0,0.217091,0,1,1
box_detour_wall_far,oi_face_rot_anchor_mppi,16754,256,16,0,0,1,1,1,119,0.245875,0.091517,15.134,0,0.897472,1.51093,0.200427,23.8508,26.8356,487424,0.2802,0.3614,0,0.200786,0,1,1
box_detour_wall_far,oi_face_rot_anchor_mppi,16761,256,16,0,0,1,1,1,174,0.236178,0.0924271,17.693,0,0.973866,1.81036,0.18612,32.3848,35.0963,712704,0.2659,0.346,0,0.186336,0,1,1
box_detour_wall_far,oi_face_rot_anchor_mppi,16768,256,16,0,0,1,1,1,107,0.244026,0.151716,14.4287,0,0.693081,0.834046,0.193506,20.7051,22.519,438272,0.2733,0.34,0,0.193778,0,1,1
box_detour_wall_far,oi_face_rot_anchor_mppi,16775,256,16,0,0,1,1,1,111,0.2443,0.0817594,15.164,0,0.784284,1.08188,0.207386,23.0199,25.5674,454656,0.2891,0.3039,0,0.207679,0,1,1
box_detour_wall_far,oi_face_rot_anchor_mppi,16782,256,16,0,0,1,1,1,141,0.233209,0.00973877,16.9201,0,0.840557,1.25365,0.206611,29.1321,32.694,577536,0.272,0.4097,0,0.206901,0,1,1
box_detour_wall_far,oi_face_rot_anchor_mppi,16789,256,16,0,0,1,1,1,149,0.234858,0.0993932,16.9186,0,0.854048,1.40534,0.195056,29.0633,32.0323,610304,0.2946,0.4208,0,0.195349,0,1,1
box_detour_wall_far,oi_face_rot_anchor_mppi,16796,256,16,0,0,1,1,1,123,0.23534,0.0056447,15.5784,0,0.868544,1.53351,0.187872,23.1082,24.8624,503808,0.2944,0.3114,0,0.188065,0,1,1
box_detour_wall_far,oi_face_rot_anchor_mppi,16803,256,16,0,0,1,1,1,149,0.235558,0.0541158,16.5943,0,0.951754,1.6826,0.205233,30.5797,33.9103,610304,0.3009,0.3164,0,0.205509,0,1,1
box_detour_wall_far,oi_face_rot_anchor_mppi,16810,256,16,0,0,1,1,1,122,0.246323,0.0660224,14.9921,0,0.874771,1.65964,0.209121,25.5128,28.3491,499712,0.2857,0.3496,0,0.209468,0,1,1
box_detour_wall_far,oi_face_rot_anchor_mppi,16817,256,16,0,0,1,1,1,143,0.239887,0.106494,16.1478,0,0.80895,1.18799,0.205406,29.3731,33.217,585728,0.2827,0.3343,0,0.205706,0,1,1
box_detour_wall_far,oi_face_rot_anchor_mppi,16824,256,16,0,0,1,1,1,108,0.236296,0.144237,14.3718,0,0.708182,0.866754,0.209608,22.6377,25.3139,442368,0.2978,0.364,0,0.209989,0,1,1
box_detour_wall_far,oi_face_rot_anchor_mppi,16831,256,16,0,0,1,1,1,106,0.243355,0.0832543,14.4917,0,0.745845,1.04289,0.208597,22.1113,24.9382,434176,0.2831,0.3109,0,0.208964,0,1,1
box_detour_wall_far,oi_face_rot_anchor_mppi,16838,256,16,0,0,1,1,1,150,0.245073,0.0337227,16.5868,0,0.841518,1.39192,0.202861,30.4291,34.3711,614400,0.2942,0.3335,0,0.203181,0,1,1
box_detour_wall_far,oi_face_rot_anchor_mppi,16845,256,16,0,0,1,1,1,108,0.237398,0.00173067,14.3643,0,0.842294,1.24473,0.209601,22.6369,25.9088,442368,0.2857,0.321,0,0.210022,0,1,1
box_detour_wall_far,oi_face_rot_anchor_mppi,16852,256,16,0,0,1,1,1,138,0.23723,0.0339532,15.6228,0,0.821845,1.16824,0.206952,28.5594,31.9885,565248,0.2892,0.3704,0,0.207292,0,1,1
box_detour_wall_far,oi_face_rot_anchor_mppi,16859,256,16,0,0,1,1,1,111,0.237556,0.0335056,14.5194,0,0.778465,1.07747,0.19751,21.9236,24.2751,454656,0.3,0.3179,0,0.197828,0,1,1
box_detour_wall_far,oi_face_rot_pstall_mppi,16656,256,16,0,0,1,1,1,129,0.23506,0.0931244,15.3085,0,0.892253,1.51656,0.19424,25.0569,27.7632,528384,0.2728,0.3307,0,0.194553,0,1,1
box_detour_wall_far,oi_face_rot_pstall_mppi,16663,256,16,0,0,1,1,1,113,0.230986,0.0395041,14.0937,0,0.771041,1.06801,0.201005,22.7136,25.5147,462848,0.297,0.3761,0,0.201519,0,1,1
box_detour_wall_far,oi_face_rot_pstall_mppi,16670,256,16,0,0,1,1,1,105,0.243683,0.0833122,13.8534,0,0.774955,0.980765,0.20267,21.2804,23.7939,430080,0.306,0.3577,0,0.203088,0,1,1
box_detour_wall_far,oi_face_rot_pstall_mppi,16677,256,16,0,0,1,1,1,142,0.243614,0.0166416,15.9517,0,0.839291,1.28001,0.207543,29.4711,33.2524,581632,0.2907,0.3358,0,0.207883,0,1,1
box_detour_wall_far,oi_face_rot_pstall_mppi,16684,256,16,0,0,1,1,1,107,0.240503,0.12908,14.2286,0,0.759273,1.06411,0.201062,21.5136,24.2581,438272,0.2704,0.3089,0,0.201436,0,1,1
box_detour_wall_far,oi_face_rot_pstall_mppi,16691,256,16,0,0,1,1,1,128,0.224679,0.0260725,15.1054,0,0.744861,1.08339,0.211702,27.0978,30.8123,524288,0.2918,0.9223,0,0.212069,0,1,1
box_detour_wall_far,oi_face_rot_pstall_mppi,16698,256,16,0,0,1,1,1,126,0.244,0.0406927,15.4244,0,0.872899,1.57411,0.203117,25.5927,29.1178,516096,0.2697,0.3185,0,0.203469,0,1,1
box_detour_wall_far,oi_face_rot_pstall_mppi,16705,256,16,0,0,1,1,1,152,0.241822,0.0131076,19.8288,0,0.899874,1.39229,0.208752,31.7303,36.093,622592,0.3063,0.3265,0,0.209075,0,1,1
box_detour_wall_far,oi_face_rot_pstall_mppi,16712,256,16,0,0,1,1,1,108,0.237393,0.0916673,14.5661,0,0.806064,1.13407,0.210436,22.7271,25.5497,442368,0.3036,0.3955,0,0.210785,0,1,1
box_detour_wall_far,oi_face_rot_pstall_mppi,16719,256,16,0,0,1,1,1,132,0.242891,0.0276868,15.5369,0,0.898613,1.48131,0.209383,27.6386,31.306,540672,0.2942,0.3916,0,0.209758,0,1,1
box_detour_wall_far,oi_face_rot_pstall_mppi,16726,256,16,0,0,1,1,1,167,0.232483,0.0641937,17.1392,0,1.01077,2.05834,0.205343,34.2923,38.6441,684032,0.2878,0.3741,0,0.205621,0,1,1
box_detour_wall_far,oi_face_rot_pstall_mppi,16733,256,16,0,0,1,1,1,137,0.226948,0.0948287,16.1017,0,0.794924,1.15888,0.220991,30.2758,34.3804,561152,0.3329,0.5426,0,0.221336,0,1,1
box_detour_wall_far,oi_face_rot_pstall_mppi,16740,256,16,0,0,1,1,1,149,0.225853,0.00591529,16.2608,0,0.925747,1.63153,0.215325,32.0835,36.4263,610304,0.2885,0.3419,0,0.215645,0,1,1
box_detour_wall_far,oi_face_rot_pstall_mppi,16747,256,16,0,0,1,1,1,109,0.231602,0.0257377,14.383,0,0.795194,1.09316,0.212305,23.1413,26.1613,446464,0.305,0.3628,0,0.212673,0,1,1
box_detour_wall_far,oi_face_rot_pstall_mppi,16754,256,16,0,0,1,1,1,146,0.23423,0.0864177,17.1412,0,0.821524,1.28593,0.198978,29.0508,32.5924,598016,0.2871,0.3276,0,0.199293,0,1,1
box_detour_wall_far,oi_face_rot_pstall_mppi,16761,256,16,0,0,1,1,1,107,0.228186,0.02126,14.154,0,0.745275,0.963299,0.21077,22.5524,25.4915,438272,0.2938,0.3084,0,0.211159,0,1,1
box_detour_wall_far,oi_face_rot_pstall_mppi,16768,256,16,0,0,1,1,1,120,0.249038,0.0567709,15.3739,0,0.820848,1.3158,0.212569,25.5083,29.4775,491520,0.305,0.319,0,0.212929,0,1,1
box_detour_wall_far,oi_face_rot_pstall_mppi,16775,256,16,0,0,1,1,1,117,0.248011,0.0461972,17.6433,0,0.813903,1.07439,0.1947,22.7799,25.965,479232,0.271,0.3158,0,0.195049,0,1,1
box_detour_wall_far,oi_face_rot_pstall_mppi,16782,256,16,0,0,1,1,1,152,0.235974,0.0545295,15.9405,0,0.907905,1.52768,0.214289,32.5719,36.8324,622592,0.3041,0.5566,0,0.21461,0,1,1
box_detour_wall_far,oi_face_rot_pstall_mppi,16789,256,16,0,0,1,1,1,104,0.247796,0.0872933,14.0322,0,0.764013,1.05269,0.215844,22.4478,25.4569,425984,0.3028,0.3668,0,0.216262,0,1,1
box_detour_wall_far,oi_face_rot_pstall_mppi,16796,256,16,0,0,1,1,1,130,0.226194,0.0266175,15.8513,0,0.97511,1.76658,0.21045,27.3585,30.8231,532480,0.2754,0.3054,0,0.210776,0,1,1
box_detour_wall_far,oi_face_rot_pstall_mppi,16803,256,16,0,0,1,1,1,101,0.24356,0.0439754,13.5262,0,0.724609,0.918635,0.210251,21.2353,24.4492,413696,0.3143,0.4041,0,0.210749,0,1,1
box_detour_wall_far,oi_face_rot_pstall_mppi,16810,256,16,0,0,1,1,1,108,0.225989,0.0968738,14.3004,0,0.691514,0.855636,0.221556,23.928,27.7325,442368,0.32,0.4231,0,0.22201,0,1,1
box_detour_wall_far,oi_face_rot_pstall_mppi,16817,256,16,0,0,1,1,1,141,0.230942,0.0582993,15.4653,0,0.851481,1.35741,0.215022,30.3181,34.5318,577536,0.3006,0.4276,0,0.215382,0,1,1
box_detour_wall_far,oi_face_rot_pstall_mppi,16824,256,16,0,0,1,1,1,104,0.230501,0.164733,13.6721,0,0.632955,0.747778,0.218931,22.7688,25.9602,425984,0.2825,0.6055,0,0.219359,0,1,1
box_detour_wall_far,oi_face_rot_pstall_mppi,16831,256,16,0,0,1,1,1,179,0.234308,0.0557313,19.9486,0,0.926751,1.51284,0.20792,37.2176,41.6837,733184,0.2912,0.3374,0,0.208202,0,1,1
box_detour_wall_far,oi_face_rot_pstall_mppi,16838,256,16,0,0,1,1,1,157,0.235642,0.0204149,17.0096,0,0.862204,1.39171,0.210105,32.9865,37.2218,643072,0.2909,0.3636,0,0.210425,0,1,1
box_detour_wall_far,oi_face_rot_pstall_mppi,16845,256,16,0,0,1,1,1,140,0.231245,0.0827222,15.6512,0,1.02207,1.78333,0.213767,29.9274,34.2555,573440,0.276,0.4042,0,0.214096,0,1,1
box_detour_wall_far,oi_face_rot_pstall_mppi,16852,256,16,0,0,1,1,1,146,0.229025,0.0875311,16.3987,0,0.904733,1.66284,0.218136,31.8478,36.9968,598016,0.3035,0.3781,0,0.218517,0,1,1
box_detour_wall_far,oi_face_rot_pstall_mppi,16859,256,16,0,0,1,1,1,108,0.230575,0.0325128,14.1785,0,0.776184,0.993038,0.212544,22.9548,26.2485,442368,0.3211,0.4334,0,0.212917,0,1,1
box_detour_wall_far,oi_face_rot_wide_mppi,16656,256,16,0,0,1,1,1,129,0.23506,0.0931244,15.3085,0,0.892253,1.51656,0.204358,26.3622,29.5191,528384,0.2887,0.3278,0,0.204694,0,1,1
box_detour_wall_far,oi_face_rot_wide_mppi,16663,256,16,0,0,1,1,1,113,0.230986,0.0395041,14.0937,0,0.771041,1.06801,0.19961,22.5559,24.7127,462848,0.2932,0.937,0,0.199878,0,1,1
box_detour_wall_far,oi_face_rot_wide_mppi,16670,256,16,0,0,1,1,1,105,0.243683,0.0833122,13.8534,0,0.774955,0.980765,0.220628,23.1659,26.1894,430080,0.3083,0.7155,0,0.221026,0,1,1
box_detour_wall_far,oi_face_rot_wide_mppi,16677,256,16,0,0,1,1,1,142,0.243614,0.0166416,15.9517,0,0.839291,1.28001,0.212817,30.22,34.0438,581632,0.2976,0.7365,0,0.213202,0,1,1
box_detour_wall_far,oi_face_rot_wide_mppi,16684,256,16,0,0,1,1,1,107,0.240503,0.12908,14.2286,0,0.759273,1.06411,0.201878,21.6009,24.5416,438272,0.312,0.3687,0,0.202335,0,1,1
box_detour_wall_far,oi_face_rot_wide_mppi,16691,256,16,0,0,1,1,1,128,0.224679,0.0260725,15.1054,0,0.744861,1.08339,0.281022,35.9708,39.7202,524288,0.3458,6.5203,0,0.281373,0,1,1
box_detour_wall_far,oi_face_rot_wide_mppi,16698,256,16,0,0,1,1,1,126,0.244,0.0406927,15.4244,0,0.872899,1.57411,0.220256,27.7523,31.0346,516096,0.3301,0.4307,0,0.220626,0,1,1
box_detour_wall_far,oi_face_rot_wide_mppi,16705,256,16,0,0,1,1,1,152,0.241822,0.0131076,19.8288,0,0.899874,1.39229,0.218039,33.1419,37.4924,622592,0.3138,0.3552,0,0.218377,0,1,1
box_detour_wall_far,oi_face_rot_wide_mppi,16712,256,16,0,0,1,1,1,108,0.237393,0.0916673,14.5661,0,0.806064,1.13407,0.219821,23.7407,26.8614,442368,0.3139,0.3792,0,0.220212,0,1,1
box_detour_wall_far,oi_face_rot_wide_mppi,16719,256,16,0,0,1,1,1,132,0.242891,0.0276868,15.5369,0,0.898613,1.48131,0.214188,28.2728,31.9258,540672,0.3092,0.3302,0,0.21452,0,1,1
box_detour_wall_far,oi_face_rot_wide_mppi,16726,256,16,0,0,1,1,1,167,0.232483,0.0641937,17.1392,0,1.01077,2.05834,0.211275,35.2829,39.4328,684032,0.3047,0.4257,0,0.211551,0,1,1
box_detour_wall_far,oi_face_rot_wide_mppi,16733,256,16,0,0,1,1,1,137,0.226948,0.0948287,16.1017,0,0.794924,1.15888,0.2193,30.0441,33.8552,561152,0.3172,0.3419,0,0.21964,0,1,1
box_detour_wall_far,oi_face_rot_wide_mppi,16740,256,16,0,0,1,1,1,149,0.225853,0.00591529,16.2608,0,0.925747,1.63153,0.21786,32.4611,36.0591,610304,0.3037,0.4098,0,0.218162,0,1,1
box_detour_wall_far,oi_face_rot_wide_mppi,16747,256,16,0,0,1,1,1,109,0.231602,0.0257377,14.383,0,0.795194,1.09316,0.209902,22.8793,25.2584,446464,0.2778,0.3115,0,0.210204,0,1,1
box_detour_wall_far,oi_face_rot_wide_mppi,16754,256,16,0,0,1,1,1,146,0.23423,0.0864177,17.1412,0,0.821524,1.28593,0.206541,30.155,33.5981,598016,0.2992,0.4166,0,0.206834,0,1,1
box_detour_wall_far,oi_face_rot_wide_mppi,16761,256,16,0,0,1,1,1,107,0.228186,0.02126,14.154,0,0.745275,0.963299,0.202063,21.6207,23.594,438272,0.2949,0.3489,0,0.20238,0,1,1
box_detour_wall_far,oi_face_rot_wide_mppi,16768,256,16,0,0,1,1,1,120,0.249038,0.0567709,15.3739,0,0.820848,1.3158,0.185094,22.2113,24.2317,491520,0.2701,0.3287,0,0.185333,0,1,1
box_detour_wall_far,oi_face_rot_wide_mppi,16775,256,16,0,0,1,1,1,117,0.248011,0.0461972,17.6433,0,0.813903,1.07439,0.195225,22.8413,25.0424,479232,0.2747,0.298,0,0.195503,0,1,1
box_detour_wall_far,oi_face_rot_wide_mppi,16782,256,16,0,0,1,1,1,152,0.235974,0.0545295,15.9405,0,0.907905,1.52768,0.197522,30.0234,32.9239,622592,0.307,0.3706,0,0.197772,0,1,1
box_detour_wall_far,oi_face_rot_wide_mppi,16789,256,16,0,0,1,1,1,104,0.247796,0.0872933,14.0322,0,0.764013,1.05269,0.220731,22.956,25.9483,425984,0.3028,0.3211,0,0.221131,0,1,1
box_detour_wall_far,oi_face_rot_wide_mppi,16796,256,16,0,0,1,1,1,130,0.226194,0.0266175,15.8513,0,0.97511,1.76658,0.218195,28.3653,32.1362,532480,0.3059,0.343,0,0.218527,0,1,1
box_detour_wall_far,oi_face_rot_wide_mppi,16803,256,16,0,0,1,1,1,101,0.24356,0.0439754,13.5262,0,0.724609,0.918635,0.221693,22.391,25.3194,413696,0.306,0.3256,0,0.222118,0,1,1
box_detour_wall_far,oi_face_rot_wide_mppi,16810,256,16,0,0,1,1,1,108,0.225989,0.0968738,14.3004,0,0.691514,0.855636,0.218806,23.631,26.4102,442368,0.3033,0.3166,0,0.219167,0,1,1
box_detour_wall_far,oi_face_rot_wide_mppi,16817,256,16,0,0,1,1,1,141,0.230942,0.0582993,15.4653,0,0.851481,1.35741,0.243076,34.2737,40.0731,577536,0.3247,0.524,0,0.24341,0,1,1
box_detour_wall_far,oi_face_rot_wide_mppi,16824,256,16,0,0,1,1,1,104,0.230501,0.164733,13.6721,0,0.632955,0.747778,0.220553,22.9375,25.9568,425984,0.3088,0.4221,0,0.220952,0,1,1
box_detour_wall_far,oi_face_rot_wide_mppi,16831,256,16,0,0,1,1,1,179,0.234308,0.0557313,19.9486,0,0.926751,1.51284,0.209819,37.5576,41.5691,733184,0.3253,0.3941,0,0.210107,0,1,1
box_detour_wall_far,oi_face_rot_wide_mppi,16838,256,16,0,0,1,1,1,157,0.235642,0.0204149,17.0096,0,0.862204,1.39171,0.215569,33.8444,38.0579,643072,0.3122,0.3856,0,0.215842,0,1,1
box_detour_wall_far,oi_face_rot_wide_mppi,16845,256,16,0,0,1,1,1,140,0.231245,0.0827222,15.6512,0,1.02207,1.78333,0.211969,29.6757,33.3607,573440,0.2813,0.341,0,0.212278,0,1,1
box_detour_wall_far,oi_face_rot_wide_mppi,16852,256,16,0,0,1,1,1,146,0.229025,0.0875311,16.3987,0,0.904733,1.66284,0.213375,31.1527,34.6972,598016,0.3016,0.3425,0,0.213673,0,1,1
box_detour_wall_far,oi_face_rot_wide_mppi,16859,256,16,0,0,1,1,1,108,0.230575,0.0325128,14.1785,0,0.776184,0.993038,0.224459,24.2416,27.5147,442368,0.3256,0.5248,0,0.22486,0,1,1
box_detour_wall_left,oi_face_rot_anchor_mppi,16556,256,16,0,0,1,1,1,137,0.233749,0.06892,11.6522,0,0.843579,1.42555,0.215334,29.5008,32.7239,561152,0.2879,0.3589,0,0.215599,0,1,1
box_detour_wall_left,oi_face_rot_anchor_mppi,16563,256,16,0,0,1,1,1,106,0.244662,0.00471241,10.0769,0,0.863983,1.32159,0.216873,22.9885,26.0256,434176,0.3107,0.3529,0,0.217233,0,1,1
box_detour_wall_left,oi_face_rot_anchor_mppi,16570,256,16,0,0,1,1,1,141,0.239209,0.0535221,13.4369,0,0.841231,1.29699,0.22123,31.1934,34.8746,577536,0.3178,0.4238,0,0.221526,0,1,1
box_detour_wall_left,oi_face_rot_anchor_mppi,16577,256,16,0,0,1,1,1,147,0.243625,0.0898748,13.1615,0,0.737663,1.08929,0.21185,31.142,35.3891,602112,0.2965,0.3447,0,0.212196,0,1,1
box_detour_wall_left,oi_face_rot_anchor_mppi,16584,256,16,0,0,1,1,1,126,0.227039,0.0457014,10.6096,0,0.87181,1.75812,0.198448,25.0044,27.1628,516096,0.2813,0.3197,0,0.198713,0,1,1
box_detour_wall_left,oi_face_rot_anchor_mppi,16591,256,16,0,0,1,1,1,133,0.235427,0.0961756,11.1638,0,0.897791,1.69526,0.198254,26.3678,28.7346,544768,0.2859,0.3119,0,0.198475,0,1,1
box_detour_wall_left,oi_face_rot_anchor_mppi,16598,256,16,0,0,1,1,1,114,0.236049,0.0589681,10.7372,0,0.907161,1.55948,0.192303,21.9226,24.0087,466944,0.2636,0.3016,0,0.192546,0,1,1
box_detour_wall_left,oi_face_rot_anchor_mppi,16605,256,16,0,0,1,1,1,137,0.241128,0.0989237,13.1273,0,0.732642,1.07302,0.21675,29.6947,33.0521,561152,0.3014,0.4135,0,0.217026,0,1,1
box_detour_wall_left,oi_face_rot_anchor_mppi,16612,256,16,0,0,1,1,1,109,0.240774,0.0288185,10.48,0,0.692217,0.865887,0.198568,21.6439,23.8294,446464,0.2987,0.3257,0,0.198863,0,1,1
box_detour_wall_left,oi_face_rot_anchor_mppi,16619,256,16,0,0,1,1,1,123,0.246839,0.0103157,10.5291,0,0.861691,1.4887,0.207187,25.484,28.0549,503808,0.3056,0.3752,0,0.207458,0,1,1
box_detour_wall_left,oi_face_rot_anchor_mppi,16626,256,16,0,0,1,1,1,135,0.235556,0.036338,12.739,0,0.854065,1.47148,0.216442,29.2196,32.8895,552960,0.3116,0.4007,0,0.216733,0,1,1
box_detour_wall_left,oi_face_rot_anchor_mppi,16633,256,16,0,0,1,1,1,107,0.243518,0.0610719,10.1425,0,0.798744,1.31395,0.220792,23.6247,26.4372,438272,0.3141,0.371,0,0.221158,0,1,1
box_detour_wall_left,oi_face_rot_anchor_mppi,16640,256,16,0,0,1,1,1,114,0.230528,0.117749,10.7985,0,0.790041,1.31037,0.213602,24.3506,27.3523,466944,0.3231,0.4071,0,0.213996,0,1,1
box_detour_wall_left,oi_face_rot_anchor_mppi,16647,256,16,0,0,1,1,1,120,0.248388,0.0722667,11.7456,0,0.711147,0.856716,0.225218,27.0262,30.2804,491520,0.3125,0.3669,0,0.225552,0,1,1
box_detour_wall_left,oi_face_rot_anchor_mppi,16654,256,16,0,0,1,1,1,131,0.237212,0.0331321,11.2079,0,0.823976,1.40975,0.222253,29.1152,32.5456,536576,0.2997,1.0531,0,0.222592,0,1,1
box_detour_wall_left,oi_face_rot_anchor_mppi,16661,256,16,0,0,1,1,1,109,0.237208,0.105771,10.3055,0,0.758878,1.0637,0.216025,23.5467,26.326,446464,0.2984,0.3891,0,0.21637,0,1,1
box_detour_wall_left,oi_face_rot_anchor_mppi,16668,256,16,0,0,1,1,1,133,0.230807,0.0222318,12.715,0,0.800519,1.35966,0.215677,28.6851,32.0664,544768,0.3367,0.4195,0,0.216004,0,1,1
box_detour_wall_left,oi_face_rot_anchor_mppi,16675,256,16,0,0,1,1,1,120,0.244854,0.0914391,11.0895,0,0.936534,1.8211,0.217517,26.1021,29.1234,491520,0.3073,0.3958,0,0.217862,0,1,1
box_detour_wall_left,oi_face_rot_anchor_mppi,16682,256,16,0,0,1,1,1,111,0.230217,0.0914604,10.4998,0,0.773689,1.2175,0.223169,24.7718,27.7595,454656,0.311,0.423,0,0.223524,0,1,1
box_detour_wall_left,oi_face_rot_anchor_mppi,16689,256,16,0,0,1,1,1,149,0.232308,0.0879703,12.9919,0,0.777186,1.20826,0.256143,38.1653,44.0496,610304,0.5792,0.8633,0,0.256527,0,1,1
box_detour_wall_left,oi_face_rot_anchor_mppi,16696,256,16,0,0,1,1,1,111,0.229248,0.0292701,10.6476,0,0.748668,1.08045,0.21216,23.5498,26.5359,454656,0.3035,0.3232,0,0.21249,0,1,1
box_detour_wall_left,oi_face_rot_anchor_mppi,16703,256,16,0,0,1,1,1,150,0.23555,0.0639298,13.5044,0,0.727085,1.03585,0.227473,34.1209,38.214,614400,0.3135,0.3798,0,0.22784,0,1,1
box_detour_wall_left,oi_face_rot_anchor_mppi,16710,256,16,0,0,1,1,1,129,0.249499,0.0321576,11.29,0,0.811929,1.25251,0.21454,27.6757,30.7474,528384,0.2974,0.3101,0,0.214848,0,1,1
box_detour_wall_left,oi_face_rot_anchor_mppi,16717,256,16,0,0,1,1,1,129,0.232032,0.0117813,12.6729,0,0.732612,1.05406,0.221705,28.6,31.8572,528384,0.3075,0.3359,0,0.22203,0,1,1
box_detour_wall_left,oi_face_rot_anchor_mppi,16724,256,16,0,0,1,1,1,124,0.24982,0.0412594,11.458,0,0.911448,1.55094,0.211298,26.201,29.1637,507904,0.3055,0.3282,0,0.21161,0,1,1
box_detour_wall_left,oi_face_rot_anchor_mppi,16731,256,16,0,0,1,1,1,124,0.232115,0.102476,11.6719,0,0.769584,1.3238,0.207188,25.6913,28.1303,507904,0.3016,0.4176,0,0.207492,0,1,1
box_detour_wall_left,oi_face_rot_anchor_mppi,16738,256,16,0,0,1,1,1,132,0.242759,0.12629,13.0349,0,0.689383,0.985915,0.225251,29.7331,33.2295,540672,0.3113,0.4342,0,0.225508,0,1,1
box_detour_wall_left,oi_face_rot_anchor_mppi,16745,256,16,0,0,1,1,1,133,0.233484,0.0653668,12.3571,0,0.841874,1.4059,0.209221,27.8264,30.7872,544768,0.3131,0.4159,0,0.209459,0,1,1
box_detour_wall_left,oi_face_rot_anchor_mppi,16752,256,16,0,0,1,1,1,145,0.232248,0.060504,12.8379,0,0.969809,1.81689,0.210025,30.4536,33.4034,593920,0.3135,0.4324,0,0.210316,0,1,1
box_detour_wall_left,oi_face_rot_anchor_mppi,16759,256,16,0,0,1,1,1,134,0.231453,0.0602548,12.8654,0,0.883585,1.52885,0.228208,30.5799,34.6501,548864,0.3165,0.4286,0,0.228539,0,1,1
box_detour_wall_left,oi_face_rot_pstall_mppi,16556,256,16,0,0,1,1,1,132,0.227958,0.0885307,12.2673,0,0.841587,1.39699,0.222072,29.3135,32.713,540672,0.3088,0.4209,0,0.222399,0,1,1
box_detour_wall_left,oi_face_rot_pstall_mppi,16563,256,16,0,0,1,1,1,115,0.237988,0.0390931,10.844,0,0.806372,1.2313,0.226178,26.0105,29.1753,471040,0.3199,0.443,0,0.226543,0,1,1
box_detour_wall_left,oi_face_rot_pstall_mppi,16570,256,16,0,0,1,1,1,121,0.247772,0.00632436,11.8285,0,0.804117,1.10524,0.211181,25.5529,28.2554,495616,0.3151,0.3672,0,0.211467,0,1,1
box_detour_wall_left,oi_face_rot_pstall_mppi,16577,256,16,0,0,1,1,1,143,0.228172,0.00306241,12.4376,0,0.85175,1.55941,0.217859,31.1538,35.1052,585728,0.3075,0.4461,0,0.218168,0,1,1
box_detour_wall_left,oi_face_rot_pstall_mppi,16584,256,16,0,0,1,1,1,114,0.235058,0.000366015,10.8931,0,0.766684,1.23238,0.21906,24.9728,27.8316,466944,0.3132,0.3612,0,0.219374,0,1,1
box_detour_wall_left,oi_face_rot_pstall_mppi,16591,256,16,0,0,1,1,1,105,0.243508,0.00680738,9.70811,0,0.797764,1.1387,0.210171,22.068,24.0377,430080,0.3102,0.4284,0,0.210467,0,1,1
box_detour_wall_left,oi_face_rot_pstall_mppi,16598,256,16,0,0,1,1,1,133,0.237193,0.0812404,11.6237,0,0.935422,1.74851,0.203792,27.1043,29.3464,544768,0.3026,0.3979,0,0.204025,0,1,1
box_detour_wall_left,oi_face_rot_pstall_mppi,16605,256,16,0,0,1,1,1,143,0.24681,0.0614691,13.521,0,0.910276,1.71512,0.211443,30.2363,33.365,585728,0.3053,0.4052,0,0.211755,0,1,1
box_detour_wall_left,oi_face_rot_pstall_mppi,16612,256,16,0,0,1,1,1,120,0.242957,0.0703985,11.3512,0,0.899551,1.89025,0.206383,24.766,26.8097,491520,0.3037,0.3879,0,0.206607,0,1,1
box_detour_wall_left,oi_face_rot_pstall_mppi,16619,256,16,0,0,1,1,1,113,0.236433,0.0412118,10.8742,0,0.750316,1.14495,0.209124,23.631,26.0188,462848,0.3032,0.3749,0,0.209381,0,1,1
box_detour_wall_left,oi_face_rot_pstall_mppi,16626,256,16,0,0,1,1,1,132,0.237742,0.0371547,12.4232,0,0.858379,1.42975,0.198952,26.2617,28.423,540672,0.2942,0.3238,0,0.19918,0,1,1
box_detour_wall_left,oi_face_rot_pstall_mppi,16633,256,16,0,0,1,1,1,145,0.240617,0.0185123,13.6696,0,0.787193,1.17543,0.220008,31.9011,35.6249,593920,0.3085,0.4188,0,0.22029,0,1,1
box_detour_wall_left,oi_face_rot_pstall_mppi,16640,256,16,0,0,0,1,0,420,1.20005,0.146878,48.5081,0,2.38638,7.49591,0.226211,95.0086,106.605,1720320,0.3129,0.3914,0,0.226397,0,1,0
box_detour_wall_left,oi_face_rot_pstall_mppi,16647,256,16,0,0,1,1,1,107,0.247223,0.0577346,10.366,0,0.727031,0.962334,0.22555,24.1338,27.0688,438272,0.3025,0.3412,0,0.225887,0,1,1
box_detour_wall_left,oi_face_rot_pstall_mppi,16654,256,16,0,0,0,1,0,420,1.19457,0.225999,48.7233,0,3.03962,11.8871,0.209155,87.8452,96.6947,1720320,0.2957,0.4383,0,0.20932,0,1,0
box_detour_wall_left,oi_face_rot_pstall_mppi,16661,256,16,0,0,1,1,1,138,0.235026,0.00880775,12.4736,0,0.851442,1.49163,0.202532,27.9494,30.3249,565248,0.2949,0.3462,0,0.202735,0,1,1
box_detour_wall_left,oi_face_rot_pstall_mppi,16668,256,16,0,0,1,1,1,133,0.246737,0.0817932,13.546,0,0.760631,0.968307,0.206147,27.4176,30.4012,544768,0.2854,0.3091,0,0.206449,0,1,1
box_detour_wall_left,oi_face_rot_pstall_mppi,16675,256,16,0,0,1,1,1,142,0.243333,0.0401901,12.2273,0,0.950906,1.74153,0.220655,31.333,34.7233,581632,0.3128,0.3432,0,0.220943,0,1,1
box_detour_wall_left,oi_face_rot_pstall_mppi,16682,256,16,0,0,1,1,1,109,0.240769,0.107105,10.2868,0,0.7291,1.03704,0.208909,22.7711,25.3152,446464,0.3011,0.4138,0,0.209184,0,1,1
box_detour_wall_left,oi_face_rot_pstall_mppi,16689,256,16,0,0,1,1,1,118,0.24951,0.030978,11.1521,0,0.85032,1.48279,0.220675,26.0396,29.1379,483328,0.33,0.3921,0,0.22102,0,1,1
box_detour_wall_left,oi_face_rot_pstall_mppi,16696,256,16,0,0,1,1,1,136,0.249003,0.0592793,11.6524,0,0.973563,1.98297,0.220665,30.0104,33.3397,557056,0.3377,0.388,0,0.221051,0,1,1
box_detour_wall_left,oi_face_rot_pstall_mppi,16703,256,16,0,0,1,1,1,124,0.240576,0.088801,10.3282,0,0.847616,1.36813,0.218427,27.085,30.5039,507904,0.3004,0.3439,0,0.218765,0,1,1
box_detour_wall_left,oi_face_rot_pstall_mppi,16710,256,16,0,0,1,1,1,118,0.24831,0.125503,11.3445,0,0.780808,1.20014,0.226947,26.7798,30.2639,483328,0.3071,0.9592,0,0.227297,0,1,1
box_detour_wall_left,oi_face_rot_pstall_mppi,16717,256,16,0,0,1,1,1,144,0.238222,0.0524389,13.6503,0,0.880385,1.55465,0.208237,29.9861,32.927,589824,0.3024,0.3522,0,0.20851,0,1,1
box_detour_wall_left,oi_face_rot_pstall_mppi,16724,256,16,0,0,1,1,1,133,0.239041,0.0348945,12.0531,0,0.977573,1.87542,0.199464,26.5287,28.8966,544768,0.2995,0.3724,0,0.199699,0,1,1
box_detour_wall_left,oi_face_rot_pstall_mppi,16731,256,16,0,0,1,1,1,107,0.239932,0.0752515,9.98669,0,0.753421,1.20243,0.215162,23.0223,25.848,438272,0.3085,0.3587,0,0.215499,0,1,1
box_detour_wall_left,oi_face_rot_pstall_mppi,16738,256,16,0,0,1,1,1,118,0.234111,0.00824123,11.4955,0,0.759409,1.11907,0.21953,25.9045,28.8493,483328,0.3143,0.4071,0,0.219822,0,1,1
box_detour_wall_left,oi_face_rot_pstall_mppi,16745,256,16,0,0,0,1,0,420,1.18684,0.167545,47.5256,0,2.63835,9.05582,0.209489,87.9853,96.6585,1720320,0.3053,0.4315,0,0.209624,0,1,0
box_detour_wall_left,oi_face_rot_pstall_mppi,16752,256,16,0,0,1,1,1,124,0.229553,0.0199667,12.1397,0,0.906975,1.50142,0.21434,26.5782,29.1825,507904,0.3043,0.3352,0,0.214616,0,1,1
box_detour_wall_left,oi_face_rot_pstall_mppi,16759,256,16,0,0,0,1,0,420,1.18738,0.209529,48.0147,0,2.89846,10.6087,0.222608,93.4953,104.098,1720320,0.3052,0.4589,0,0.222776,0,1,0
box_detour_wall_left,oi_face_rot_wide_mppi,16556,256,16,0,0,1,1,1,132,0.227958,0.0885307,12.2673,0,0.841587,1.39699,0.228433,30.1532,33.9025,540672,0.3009,0.6143,0,0.228698,0,1,1
box_detour_wall_left,oi_face_rot_wide_mppi,16563,256,16,0,0,1,1,1,115,0.237988,0.0390931,10.844,0,0.806372,1.2313,0.21397,24.6066,27.0175,471040,0.2976,0.3113,0,0.214254,0,1,1
box_detour_wall_left,oi_face_rot_wide_mppi,16570,256,16,0,0,1,1,1,121,0.247772,0.00632436,11.8285,0,0.804117,1.10524,0.213138,25.7897,28.6442,495616,0.2823,0.3103,0,0.213434,0,1,1
box_detour_wall_left,oi_face_rot_wide_mppi,16577,256,16,0,0,1,1,1,143,0.228172,0.00306241,12.4376,0,0.85175,1.55941,0.215319,30.7906,34.4557,585728,0.3078,0.3342,0,0.21565,0,1,1
box_detour_wall_left,oi_face_rot_wide_mppi,16584,256,16,0,0,1,1,1,114,0.235058,0.000366015,10.8931,0,0.766684,1.23238,0.219393,25.0108,27.5663,466944,0.3065,0.3742,0,0.219715,0,1,1
box_detour_wall_left,oi_face_rot_wide_mppi,16591,256,16,0,0,1,1,1,105,0.243508,0.00680738,9.70811,0,0.797764,1.1387,0.209399,21.9869,24.2418,430080,0.2995,0.309,0,0.209643,0,1,1
box_detour_wall_left,oi_face_rot_wide_mppi,16598,256,16,0,0,1,1,1,133,0.237193,0.0812404,11.6237,0,0.935422,1.74851,0.233587,31.0671,34.7427,544768,0.3509,0.4578,0,0.233859,0,1,1
box_detour_wall_left,oi_face_rot_wide_mppi,16605,256,16,0,0,1,1,1,143,0.24681,0.0614691,13.521,0,0.910276,1.71512,0.225938,32.3091,36.3848,585728,0.3214,0.4206,0,0.226237,0,1,1
box_detour_wall_left,oi_face_rot_wide_mppi,16612,256,16,0,0,1,1,1,120,0.242957,0.0703985,11.3512,0,0.899551,1.89025,0.220207,26.4248,29.2046,491520,0.3164,0.4069,0,0.220524,0,1,1
box_detour_wall_left,oi_face_rot_wide_mppi,16619,256,16,0,0,1,1,1,113,0.236433,0.0412118,10.8742,0,0.750316,1.14495,0.205157,23.1827,25.4825,462848,0.2943,0.3561,0,0.205418,0,1,1
box_detour_wall_left,oi_face_rot_wide_mppi,16626,256,16,0,0,1,1,1,132,0.237742,0.0371547,12.4232,0,0.858379,1.42975,0.219589,28.9858,32.198,540672,0.3092,0.3763,0,0.219888,0,1,1
box_detour_wall_left,oi_face_rot_wide_mppi,16633,256,16,0,0,1,1,1,145,0.240617,0.0185123,13.6696,0,0.787193,1.17543,0.222463,32.2571,35.8508,593920,0.3143,0.388,0,0.22279,0,1,1
box_detour_wall_left,oi_face_rot_wide_mppi,16640,256,16,0,0,1,1,1,238,0.227882,0.0663505,24.114,0,0.806997,1.1347,0.215879,51.3792,55.951,974848,0.3494,0.3989,0,0.216074,0,1,1
box_detour_wall_left,oi_face_rot_wide_mppi,16647,256,16,0,0,1,1,1,107,0.247223,0.0577346,10.366,0,0.727031,0.962334,0.205323,21.9696,24.2197,438272,0.2989,0.3802,0,0.205671,0,1,1
box_detour_wall_left,oi_face_rot_wide_mppi,16654,256,16,0,0,0,1,0,420,1.0013,0.601575,47.9889,0,0.702122,0.76437,0.224364,94.2327,104.228,1720320,0.3142,0.4177,0,0.224533,0,1,0
box_detour_wall_left,oi_face_rot_wide_mppi,16661,256,16,0,0,1,1,1,138,0.235026,0.00880775,12.4736,0,0.851442,1.49163,0.221192,30.5245,34.0068,565248,0.3061,0.3387,0,0.221503,0,1,1
box_detour_wall_left,oi_face_rot_wide_mppi,16668,256,16,0,0,1,1,1,133,0.246737,0.0817932,13.546,0,0.760631,0.968307,0.214468,28.5243,31.6715,544768,0.3229,0.3843,0,0.214733,0,1,1
box_detour_wall_left,oi_face_rot_wide_mppi,16675,256,16,0,0,1,1,1,142,0.243333,0.0401901,12.2273,0,0.950906,1.74153,0.218005,30.9567,34.1717,581632,0.3185,0.3979,0,0.218284,0,1,1
box_detour_wall_left,oi_face_rot_wide_mppi,16682,256,16,0,0,1,1,1,109,0.240769,0.107105,10.2868,0,0.7291,1.03704,0.212177,23.1273,25.4809,446464,0.3056,0.3438,0,0.212537,0,1,1
box_detour_wall_left,oi_face_rot_wide_mppi,16689,256,16,0,0,1,1,1,118,0.24951,0.030978,11.1521,0,0.85032,1.48279,0.206369,24.3515,26.7152,483328,0.3108,0.3304,0,0.206661,0,1,1
box_detour_wall_left,oi_face_rot_wide_mppi,16696,256,16,0,0,1,1,1,136,0.249003,0.0592793,11.6524,0,0.973563,1.98297,0.203293,27.6478,30.3788,557056,0.3144,0.3399,0,0.203546,0,1,1
box_detour_wall_left,oi_face_rot_wide_mppi,16703,256,16,0,0,1,1,1,124,0.240576,0.088801,10.3282,0,0.847616,1.36813,0.213484,26.472,29.0304,507904,0.3161,0.3867,0,0.213739,0,1,1
box_detour_wall_left,oi_face_rot_wide_mppi,16710,256,16,0,0,1,1,1,118,0.24831,0.125503,11.3445,0,0.780808,1.20014,0.22853,26.9665,30.1533,483328,0.3085,0.3297,0,0.228881,0,1,1
box_detour_wall_left,oi_face_rot_wide_mppi,16717,256,16,0,0,1,1,1,144,0.238222,0.0524389,13.6503,0,0.880385,1.55465,0.215331,31.0077,34.0791,589824,0.3012,0.4138,0,0.215648,0,1,1
box_detour_wall_left,oi_face_rot_wide_mppi,16724,256,16,0,0,1,1,1,133,0.239041,0.0348945,12.0531,0,0.977573,1.87542,0.215649,28.6813,31.8001,544768,0.3013,0.3403,0,0.215891,0,1,1
box_detour_wall_left,oi_face_rot_wide_mppi,16731,256,16,0,0,1,1,1,107,0.239932,0.0752515,9.98669,0,0.753421,1.20243,0.221689,23.7207,26.7046,438272,0.3147,0.4009,0,0.222072,0,1,1
box_detour_wall_left,oi_face_rot_wide_mppi,16738,256,16,0,0,1,1,1,118,0.234111,0.00824123,11.4955,0,0.759409,1.11907,0.21831,25.7606,28.3967,483328,0.3166,0.3534,0,0.218598,0,1,1
box_detour_wall_left,oi_face_rot_wide_mppi,16745,256,16,0,0,1,1,1,224,0.229927,0.0983989,22.0834,0,0.838856,1.23092,0.2255,50.5121,56.8065,917504,0.312,0.3844,0,0.225729,0,1,1
box_detour_wall_left,oi_face_rot_wide_mppi,16752,256,16,0,0,1,1,1,124,0.229553,0.0199667,12.1397,0,0.906975,1.50142,0.214928,26.6511,29.6936,507904,0.282,0.3178,0,0.215258,0,1,1
box_detour_wall_left,oi_face_rot_wide_mppi,16759,256,16,0,0,1,1,1,181,0.237538,0.0613073,18.4592,0,0.851469,1.22507,0.224512,40.6367,45.0769,741376,0.3183,0.4071,0,0.224759,0,1,1
box_open_turn,oi_face_rot_anchor_mppi,16756,256,16,0,0,1,1,1,152,0.228941,0.0875837,14.8146,0,1.09246,2.13551,0.171308,26.0389,29.006,622592,0.2625,0.3114,0,0.171573,0,1,1
box_open_turn,oi_face_rot_anchor_mppi,16763,256,16,0,0,1,1,1,174,0.243806,0.0674925,14.7647,0,0.990827,1.89834,0.171749,29.8843,34.176,712704,0.26,0.3115,0,0.172036,0,1,1
box_open_turn,oi_face_rot_anchor_mppi,16770,256,16,0,0,1,1,1,180,0.24406,0.080466,15.5958,0,1.07486,2.16775,0.178158,32.0685,36.4732,737280,0.2579,0.3016,0,0.178403,0,1,1
box_open_turn,oi_face_rot_anchor_mppi,16777,256,16,0,0,1,1,1,364,0.22785,0.101856,33.3982,0,0.816617,1.37773,0.167629,61.017,68.0765,1490944,0.258,0.3966,0,0.167799,0,1,1
box_open_turn,oi_face_rot_anchor_mppi,16784,256,16,0,0,1,1,1,358,0.246472,0.0957182,31.855,0,0.922033,1.68834,0.165608,59.2876,65.8945,1466368,0.2743,0.4056,0,0.165763,0,1,1
box_open_turn,oi_face_rot_anchor_mppi,16791,256,16,0,0,1,1,1,174,0.239643,0.0700324,14.0461,0,1.00802,1.87831,0.17031,29.634,33.6103,712704,0.2504,0.3088,0,0.170566,0,1,1
box_open_turn,oi_face_rot_anchor_mppi,16798,256,16,0,0,1,1,1,151,0.245714,0.0448909,12.5475,0,1.14606,2.41807,0.168521,25.4467,28.4951,618496,0.2771,0.3654,0,0.168771,0,1,1
box_open_turn,oi_face_rot_anchor_mppi,16805,256,16,0,0,1,1,1,115,0.246719,0.0783466,8.96592,0,0.90163,1.61041,0.167955,19.3148,21.9191,471040,0.2521,0.334,0,0.168236,0,1,1
box_open_turn,oi_face_rot_anchor_mppi,16812,256,16,0,0,1,1,1,181,0.247584,0.0599868,14.7311,0,0.906523,1.50746,0.180495,32.6696,37.1739,741376,0.254,0.3364,0,0.180735,0,1,1
box_open_turn,oi_face_rot_anchor_mppi,16819,256,16,0,0,1,1,1,118,0.24103,0.0770164,9.93542,0,0.896357,1.57999,0.18164,21.4335,24.7112,483328,0.2529,0.2726,0,0.181992,0,1,1
box_open_turn,oi_face_rot_anchor_mppi,16826,256,16,0,0,1,1,1,161,0.235112,0.0893919,15.1947,0,1.09824,2.18851,0.182553,29.3911,33.1237,659456,0.2615,0.4129,0,0.18283,0,1,1
box_open_turn,oi_face_rot_anchor_mppi,16833,256,16,0,0,1,1,1,145,0.236201,0.0594656,13.923,0,1.02197,1.88075,0.178639,25.9027,29.2403,593920,0.2545,0.2868,0,0.178908,0,1,1
box_open_turn,oi_face_rot_anchor_mppi,16840,256,16,0,0,1,1,1,224,0.246377,0.0954991,13.9201,0,0.906622,1.72161,0.173733,38.9162,44.4717,917504,0.2612,0.3897,0,0.173981,0,1,1
box_open_turn,oi_face_rot_anchor_mppi,16847,256,16,0,0,1,1,1,189,0.229966,0.106653,15.5303,0,0.987159,1.93365,0.181126,34.2329,38.9309,774144,0.2591,0.3882,0,0.181377,0,1,1
box_open_turn,oi_face_rot_anchor_mppi,16854,256,16,0,0,1,1,1,181,0.227707,0.0804704,14.2566,0,1.06122,2.00941,0.179196,32.4345,37.263,741376,0.2746,0.3661,0,0.179459,0,1,1
box_open_turn,oi_face_rot_anchor_mppi,16861,256,16,0,0,1,1,1,253,0.24938,0.0548409,19.0696,0,0.846471,1.47466,0.170018,43.0145,48.0861,1036288,0.2645,0.3554,0,0.170224,0,1,1
box_open_turn,oi_face_rot_anchor_mppi,16868,256,16,0,0,1,1,1,309,0.245193,0.0887214,25.3743,0,0.892539,1.66091,0.169242,52.2957,59.0261,1265664,0.257,0.3822,0,0.169418,0,1,1
box_open_turn,oi_face_rot_anchor_mppi,16875,256,16,0,0,1,1,1,364,0.241498,0.0827766,41.1185,0,0.827821,1.34711,0.175283,63.8031,73.3912,1490944,0.2587,0.3633,0,0.175484,0,1,1
box_open_turn,oi_face_rot_anchor_mppi,16882,256,16,0,0,1,1,1,179,0.247107,0.128383,16.4125,0,1.07598,2.09294,0.175755,31.4601,35.8985,733184,0.287,0.3204,0,0.176026,0,1,1
box_open_turn,oi_face_rot_anchor_mppi,16889,256,16,0,0,1,1,1,207,0.247264,0.106624,13.2312,0,0.933576,1.82737,0.169432,35.0724,39.2562,847872,0.273,0.3602,0,0.169653,0,1,1
box_open_turn,oi_face_rot_anchor_mppi,16896,256,16,0,0,1,1,1,218,0.247054,0.0989443,17.9413,0,0.975763,1.71209,0.177867,38.7751,43.9589,892928,0.2767,0.3595,0,0.17809,0,1,1
box_open_turn,oi_face_rot_anchor_mppi,16903,256,16,0,0,1,1,1,214,0.245402,0.100552,16.452,0,0.861564,1.51614,0.17761,38.0086,43.6973,876544,0.2822,0.377,0,0.177846,0,1,1
box_open_turn,oi_face_rot_anchor_mppi,16910,256,16,0,0,1,1,1,140,0.242961,0.0733692,12.6103,0,1.01611,1.95439,0.191087,26.7522,30.3528,573440,0.2782,1.036,0,0.191376,0,1,1
box_open_turn,oi_face_rot_anchor_mppi,16917,256,16,0,0,1,1,1,270,0.24233,0.018266,21.3998,0,1.00956,1.97679,0.177332,47.8797,54.0304,1105920,0.2733,0.6334,0,0.177538,0,1,1
box_open_turn,oi_face_rot_anchor_mppi,16924,256,16,0,0,1,1,1,165,0.236583,0.0988731,12.3103,0,1.01784,2.09407,0.173215,28.5804,32.8418,675840,0.264,0.3573,0,0.173478,0,1,1
box_open_turn,oi_face_rot_anchor_mppi,16931,256,16,0,0,1,1,1,278,0.224307,0.0793726,20.8618,0,1.04007,2.04492,0.174423,48.4897,55.048,1138688,0.2595,0.3647,0,0.174647,0,1,1
box_open_turn,oi_face_rot_anchor_mppi,16938,256,16,0,0,1,1,1,176,0.233857,0.0586023,16.0384,0,0.892037,1.52301,0.181819,32.0001,36.7752,720896,0.2564,0.3461,0,0.182105,0,1,1
box_open_turn,oi_face_rot_anchor_mppi,16945,256,16,0,0,1,1,1,146,0.248462,0.073283,13.7233,0,1.0817,2.02563,0.198625,28.9993,33.894,598016,0.3133,1.0034,0,0.198992,0,1,1
box_open_turn,oi_face_rot_anchor_mppi,16952,256,16,0,0,1,1,1,153,0.244436,0.110354,16.0236,0,1.12188,2.10936,0.186754,28.5734,32.9233,626688,0.2809,0.3545,0,0.187058,0,1,1
box_open_turn,oi_face_rot_anchor_mppi,16959,256,16,0,0,1,1,1,213,0.233342,0.0688319,20.4093,0,1.09446,2.23515,0.183737,39.1361,45.0785,872448,0.2608,0.4574,0,0.183997,0,1,1
box_open_turn,oi_face_rot_pstall_mppi,16756,256,16,0,0,1,1,1,205,0.231365,0.0982601,15.765,0,0.996032,1.93353,0.175733,36.0252,41.7889,839680,0.2608,0.3417,0,0.176042,0,1,1
box_open_turn,oi_face_rot_pstall_mppi,16763,256,16,0,0,1,1,1,190,0.238344,0.0738151,15.4497,0,0.931213,1.7529,0.181476,34.4805,39.8794,778240,0.2686,0.6856,0,0.181784,0,1,1
box_open_turn,oi_face_rot_pstall_mppi,16770,256,16,0,0,1,1,1,208,0.242328,0.0900844,16.0262,0,0.987936,1.86473,0.188277,39.1616,46.0377,851968,0.2751,0.3682,0,0.188547,0,1,1
box_open_turn,oi_face_rot_pstall_mppi,16777,256,16,0,0,1,1,1,364,0.22785,0.101856,33.3982,0,0.816617,1.37773,0.178954,65.1391,74.0839,1490944,0.2555,0.5988,0,0.17928,0,1,1
box_open_turn,oi_face_rot_pstall_mppi,16784,256,16,0,0,1,1,1,314,0.236343,0.0793776,30.1448,0,0.905837,1.57273,0.171775,53.9374,61.0542,1286144,0.274,0.4185,0,0.172033,0,1,1
box_open_turn,oi_face_rot_pstall_mppi,16791,256,16,0,0,1,1,1,198,0.247559,0.0533676,14.9023,0,0.991917,1.8474,0.186817,36.9897,43.1171,811008,0.2754,0.3465,0,0.187079,0,1,1
box_open_turn,oi_face_rot_pstall_mppi,16798,256,16,0,0,1,1,1,256,0.248478,0.0634937,17.5006,0,1.05272,2.16224,0.189709,48.5654,56.6179,1048576,0.2709,0.4653,0,0.189968,0,1,1
box_open_turn,oi_face_rot_pstall_mppi,16805,256,16,0,0,1,1,1,115,0.246719,0.0783466,8.96592,0,0.90163,1.61041,0.184076,21.1687,24.6827,471040,0.2505,0.3233,0,0.184523,0,1,1
box_open_turn,oi_face_rot_pstall_mppi,16812,256,16,0,0,1,1,1,207,0.249239,0.0467283,16.0748,0,0.918954,1.59165,0.180624,37.3892,42.7002,847872,0.262,0.3205,0,0.180976,0,1,1
box_open_turn,oi_face_rot_pstall_mppi,16819,256,16,0,0,1,1,1,118,0.24103,0.0770164,9.93542,0,0.896357,1.57999,0.180641,21.3156,24.6204,483328,0.2957,0.5048,0,0.180945,0,1,1
box_open_turn,oi_face_rot_pstall_mppi,16826,256,16,0,0,1,1,1,169,0.24198,0.0900423,15.0985,0,1.00775,1.82663,0.173627,29.3429,33.5153,692224,0.2638,0.3657,0,0.173904,0,1,1
box_open_turn,oi_face_rot_pstall_mppi,16833,256,16,0,0,1,1,1,181,0.248083,0.0786635,14.6389,0,1.00937,1.8856,0.176007,31.8572,36.6548,741376,0.2575,0.3187,0,0.176319,0,1,1
box_open_turn,oi_face_rot_pstall_mppi,16840,256,16,0,0,1,1,1,224,0.246377,0.0954991,13.9201,0,0.906622,1.72161,0.182901,40.9699,47.1286,917504,0.2587,0.4057,0,0.183196,0,1,1
box_open_turn,oi_face_rot_pstall_mppi,16847,256,16,0,0,1,1,1,195,0.249061,0.103683,15.6684,0,0.953689,1.76369,0.175507,34.2238,38.7129,798720,0.2879,0.3708,0,0.175748,0,1,1
box_open_turn,oi_face_rot_pstall_mppi,16854,256,16,0,0,1,1,1,282,0.231977,0.0851557,20.1602,0,1.03714,2.08967,0.180339,50.8556,58.1755,1155072,0.2726,0.3915,0,0.180551,0,1,1
box_open_turn,oi_face_rot_pstall_mppi,16861,256,16,0,0,0,1,0,420,0.864714,0.117404,54.8244,0,0.886033,1.48433,0.180938,75.9939,87.4718,1720320,0.2706,0.4126,0,0.181124,0,1,0
box_open_turn,oi_face_rot_pstall_mppi,16868,256,16,0,0,0,1,0,420,0.263069,0.0581054,41.4498,0,0.843727,1.37802,0.176608,74.1754,84.1016,1720320,0.2577,0.4617,0,0.176812,0,1,0
box_open_turn,oi_face_rot_pstall_mppi,16875,256,16,0,0,1,1,1,392,0.234797,0.0682201,42.7266,0,0.812143,1.29183,0.185837,72.848,84.0303,1605632,0.2797,0.7433,0,0.186036,0,1,1
box_open_turn,oi_face_rot_pstall_mppi,16882,256,16,0,0,0,1,0,420,1.14226,0.418044,43.7939,0,0.838136,1.37482,0.186684,78.4072,90.6316,1720320,0.2742,0.5193,0,0.186881,0,1,0
box_open_turn,oi_face_rot_pstall_mppi,16889,256,16,0,0,1,1,1,207,0.247264,0.106624,13.2312,0,0.933576,1.82737,0.192033,39.7508,46.0838,847872,0.277,0.3358,0,0.192311,0,1,1
box_open_turn,oi_face_rot_pstall_mppi,16896,256,16,0,0,1,1,1,240,0.246392,0.0687669,20.4476,0,0.945511,1.66343,0.183379,44.011,51.0421,983040,0.2676,0.4155,0,0.183623,0,1,1
box_open_turn,oi_face_rot_pstall_mppi,16903,256,16,0,0,0,1,0,420,0.379805,0.0735882,40.7312,0,0.950781,1.7573,0.188209,79.0477,91.5064,1720320,0.2921,0.6461,0,0.188391,0,1,0
box_open_turn,oi_face_rot_pstall_mppi,16910,256,16,0,0,1,1,1,281,0.236124,0.0784363,18.08,0,1.14525,2.55097,0.183992,51.7017,58.616,1150976,0.2664,0.4295,0,0.184217,0,1,1
box_open_turn,oi_face_rot_pstall_mppi,16917,256,16,0,0,0,1,0,420,1.13193,0.738492,45.2867,0,0.913104,1.55523,0.174952,73.48,83.9697,1720320,0.2628,0.6474,0,0.175138,0,1,0
box_open_turn,oi_face_rot_pstall_mppi,16924,256,16,0,0,1,1,1,210,0.227101,0.0950012,14.5765,0,0.835869,1.49103,0.178119,37.4049,42.7645,860160,0.2547,0.3936,0,0.178398,0,1,1
box_open_turn,oi_face_rot_pstall_mppi,16931,256,16,0,0,1,1,1,284,0.227812,0.0828905,20.9031,0,0.999857,1.94916,0.177074,50.2891,57.2308,1163264,0.262,0.372,0,0.177302,0,1,1
box_open_turn,oi_face_rot_pstall_mppi,16938,256,16,0,0,1,1,1,176,0.246336,0.0573219,16.1909,0,0.869474,1.44463,0.171471,30.1789,34.4963,720896,0.2523,0.344,0,0.171728,0,1,1
box_open_turn,oi_face_rot_pstall_mppi,16945,256,16,0,0,1,1,1,129,0.241658,0.0852507,13.3727,0,1.06962,1.94021,0.175175,22.5976,25.9296,528384,0.2704,0.3043,0,0.175473,0,1,1
box_open_turn,oi_face_rot_pstall_mppi,16952,256,16,0,0,1,1,1,219,0.232738,0.0982737,17.3207,0,0.991588,1.83675,0.167421,36.6652,41.9308,897024,0.2558,0.3672,0,0.167674,0,1,1
box_open_turn,oi_face_rot_pstall_mppi,16959,256,16,0,0,0,1,0,420,1.24694,0.689979,50.4934,0,0.983828,1.84599,0.169561,71.2155,80.7345,1720320,0.2524,0.4006,0,0.169801,0,1,0
box_open_turn,oi_face_rot_wide_mppi,16756,256,16,0,0,1,1,1,205,0.231365,0.0982601,15.765,0,0.996032,1.93353,0.175081,35.8917,40.7266,839680,0.2532,0.3172,0,0.17532,0,1,1
box_open_turn,oi_face_rot_wide_mppi,16763,256,16,0,0,1,1,1,190,0.238344,0.0738151,15.4497,0,0.931213,1.7529,0.179011,34.012,39.1447,778240,0.2586,0.3989,0,0.179273,0,1,1
box_open_turn,oi_face_rot_wide_mppi,16770,256,16,0,0,1,1,1,208,0.242328,0.0900844,16.0262,0,0.987936,1.86473,0.17895,37.2216,42.1861,851968,0.2585,0.3573,0,0.179169,0,1,1
box_open_turn,oi_face_rot_wide_mppi,16777,256,16,0,0,0,1,0,420,1.38186,0.272691,63.1664,0,0.510055,0.390701,0.179241,75.2811,86.4938,1720320,0.279,0.4403,0,0.179428,0,1,0
box_open_turn,oi_face_rot_wide_mppi,16784,256,16,0,0,0,1,0,420,1.36459,0.295105,61.6647,0,0.496343,0.391662,0.184509,77.4938,90.2729,1720320,0.2894,0.5651,0,0.184687,0,1,0
box_open_turn,oi_face_rot_wide_mppi,16791,256,16,0,0,1,1,1,198,0.247559,0.0533676,14.9023,0,0.991917,1.8474,0.1696,33.5808,37.4986,811008,0.2457,0.3065,0,0.169772,0,1,1
box_open_turn,oi_face_rot_wide_mppi,16798,256,16,0,0,1,1,1,256,0.248478,0.0634937,17.5006,0,1.05272,2.16224,0.167647,42.9177,48.707,1048576,0.2538,0.3822,0,0.167867,0,1,1
box_open_turn,oi_face_rot_wide_mppi,16805,256,16,0,0,1,1,1,115,0.246719,0.0783466,8.96592,0,0.90163,1.61041,0.16758,19.2717,21.5146,471040,0.256,0.3645,0,0.167929,0,1,1
box_open_turn,oi_face_rot_wide_mppi,16812,256,16,0,0,1,1,1,207,0.249239,0.0467283,16.0748,0,0.918954,1.59165,0.178488,36.9471,41.923,847872,0.2555,0.3582,0,0.178721,0,1,1
box_open_turn,oi_face_rot_wide_mppi,16819,256,16,0,0,1,1,1,118,0.24103,0.0770164,9.93542,0,0.896357,1.57999,0.155836,18.3886,20.1907,483328,0.2414,0.2473,0,0.156061,0,1,1
box_open_turn,oi_face_rot_wide_mppi,16826,256,16,0,0,1,1,1,169,0.24198,0.0900423,15.0985,0,1.00775,1.82663,0.177546,30.0053,33.7893,692224,0.2825,0.5855,0,0.177787,0,1,1
box_open_turn,oi_face_rot_wide_mppi,16833,256,16,0,0,1,1,1,181,0.248083,0.0786635,14.6389,0,1.00937,1.8856,0.176459,31.939,36.2806,741376,0.2525,0.3883,0,0.176694,0,1,1
box_open_turn,oi_face_rot_wide_mppi,16840,256,16,0,0,1,1,1,224,0.246377,0.0954991,13.9201,0,0.906622,1.72161,0.178211,39.9192,45.5013,917504,0.2639,0.3805,0,0.178453,0,1,1
box_open_turn,oi_face_rot_wide_mppi,16847,256,16,0,0,1,1,1,195,0.249061,0.103683,15.6684,0,0.953689,1.76369,0.172148,33.5688,38.0389,798720,0.2524,0.3962,0,0.17238,0,1,1
box_open_turn,oi_face_rot_wide_mppi,16854,256,16,0,0,1,1,1,282,0.231977,0.0851557,20.1602,0,1.03714,2.08967,0.177584,50.0787,56.5398,1155072,0.2605,0.4825,0,0.177775,0,1,1
box_open_turn,oi_face_rot_wide_mppi,16861,256,16,0,0,0,1,0,420,1.29417,0.322601,56.6576,0,0.55098,0.449291,0.169113,71.0273,79.2448,1720320,0.2567,0.3277,0,0.169281,0,1,0
box_open_turn,oi_face_rot_wide_mppi,16868,256,16,0,0,0,1,0,420,1.31115,0.285115,57.4327,0,0.569553,0.478611,0.177654,74.6149,85.4609,1720320,0.2764,0.3997,0,0.177833,0,1,0
box_open_turn,oi_face_rot_wide_mppi,16875,256,16,0,0,0,1,0,420,1.38548,0.329309,63.9335,0,0.48499,0.350355,0.17328,72.7775,82.4103,1720320,0.258,0.398,0,0.173462,0,1,0
box_open_turn,oi_face_rot_wide_mppi,16882,256,16,0,0,0,1,0,420,1.07966,0.289117,41.6653,0,0.621922,0.571798,0.17427,73.1934,82.2659,1720320,0.2733,0.8957,0,0.174429,0,1,0
box_open_turn,oi_face_rot_wide_mppi,16889,256,16,0,0,1,1,1,207,0.247264,0.106624,13.2312,0,0.933576,1.82737,0.175684,36.3666,41.0967,847872,0.2601,0.3201,0,0.175891,0,1,1
box_open_turn,oi_face_rot_wide_mppi,16896,256,16,0,0,1,1,1,240,0.246392,0.0687669,20.4476,0,0.945511,1.66343,0.178552,42.8524,48.5701,983040,0.2709,0.3611,0,0.178787,0,1,1
box_open_turn,oi_face_rot_wide_mppi,16903,256,16,0,0,0,1,0,420,1.17808,0.325624,48.3372,0,0.585568,0.513377,0.180457,75.7921,86.9293,1720320,0.2618,0.4005,0,0.180639,0,1,0
box_open_turn,oi_face_rot_wide_mppi,16910,256,16,0,0,1,1,1,281,0.236124,0.0784363,18.08,0,1.14525,2.55097,0.165609,46.536,51.9353,1150976,0.2493,0.3258,0,0.165794,0,1,1
box_open_turn,oi_face_rot_wide_mppi,16917,256,16,0,0,0,1,0,420,1.07596,0.293335,41.9097,0,0.646786,0.654929,0.165911,69.6825,78.3425,1720320,0.2592,0.3622,0,0.16607,0,1,0
box_open_turn,oi_face_rot_wide_mppi,16924,256,16,0,0,1,1,1,210,0.227101,0.0950012,14.5765,0,0.835869,1.49103,0.167818,35.2418,39.5459,860160,0.2512,0.2995,0,0.168017,0,1,1
box_open_turn,oi_face_rot_wide_mppi,16931,256,16,0,0,1,1,1,284,0.227812,0.0828905,20.9031,0,0.999857,1.94916,0.163658,46.4789,51.8768,1163264,0.2549,0.3099,0,0.163822,0,1,1
box_open_turn,oi_face_rot_wide_mppi,16938,256,16,0,0,1,1,1,176,0.246336,0.0573219,16.1909,0,0.869474,1.44463,0.170696,30.0425,34.1785,720896,0.2605,0.3041,0,0.170959,0,1,1
box_open_turn,oi_face_rot_wide_mppi,16945,256,16,0,0,1,1,1,129,0.241658,0.0852507,13.3727,0,1.06962,1.94021,0.171252,22.0915,24.9676,528384,0.2571,0.4106,0,0.171519,0,1,1
box_open_turn,oi_face_rot_wide_mppi,16952,256,16,0,0,1,1,1,219,0.232738,0.0982737,17.3207,0,0.991588,1.83675,0.166733,36.5146,40.7633,897024,0.2481,0.3641,0,0.166939,0,1,1
box_open_turn,oi_face_rot_wide_mppi,16959,256,16,0,0,0,1,0,420,1.17563,0.276328,47.6111,0,0.605494,0.563931,0.1692,71.0638,79.9494,1720320,0.2596,0.3816,0,0.16936,0,1,0
