scenario,planner,seed,k_samples,t_horizon,grad_steps,alpha,reached_goal,collision_free,success,steps,final_distance,min_goal_distance,cumulative_cost,collisions,mean_control_delta,control_roughness,avg_control_ms,total_control_ms,episode_ms,sample_budget,p95_control_ms,max_control_ms,control_deadline_ms,avg_control_slot_ms,deadline_misses,deadline_feasible,real_time_success
box_detour_open,diff_mppi_3,10756,256,16,3,0.01,0,1,0,420,0.45128,0.0788547,11.7211,0,0.338208,0.258645,5.78727,2430.65,2454.3,1720320,7.4751,8.5879,0,5.78767,0,1,0
box_detour_open,diff_mppi_3,10763,256,16,3,0.01,0,1,0,420,0.397019,0.0684111,10.5028,0,0.368256,0.308394,5.62974,2364.49,2390.07,1720320,5.6725,6.3637,0,5.63015,0,1,0
box_detour_open,diff_mppi_3,10770,256,16,3,0.01,0,1,0,420,0.456028,0.0607806,13.2781,0,0.398488,0.399462,5.65514,2375.16,2399.62,1720320,5.702,6.4362,0,5.65551,0,1,0
box_detour_open,diff_mppi_3,10777,256,16,3,0.01,0,1,0,420,0.383422,0.0489244,10.2606,0,0.380924,0.355559,5.65099,2373.42,2396.56,1720320,5.6851,6.3555,0,5.65136,0,1,0
box_detour_open,diff_mppi_3,10784,256,16,3,0.01,0,1,0,420,0.478107,0.0829604,12.9186,0,0.361985,0.264791,5.63279,2365.77,2391.23,1720320,5.701,6.6076,0,5.63315,0,1,0
box_detour_open,diff_mppi_3,10791,256,16,3,0.01,0,1,0,420,0.384486,0.0410724,10.1492,0,0.357092,0.244687,5.65006,2373.03,2395.49,1720320,5.6908,6.3658,0,5.65044,0,1,0
box_detour_open,diff_mppi_3,10798,256,16,3,0.01,0,1,0,420,0.385985,0.051251,10.1784,0,0.366768,0.297727,5.63763,2367.81,2398.9,1720320,5.705,6.4626,0,5.63803,0,1,0
box_detour_open,diff_mppi_3,10805,256,16,3,0.01,0,1,0,420,0.480624,0.0619205,12.99,0,0.359476,0.304683,5.64986,2372.94,2399.07,1720320,5.7047,6.4124,0,5.65036,0,1,0
box_detour_open,diff_mppi_3,10812,256,16,3,0.01,0,1,0,420,0.485189,0.0695139,12.4253,0,0.357187,0.30494,5.65249,2374.04,2396.34,1720320,5.6947,6.4617,0,5.65282,0,1,0
box_detour_open,diff_mppi_3,10819,256,16,3,0.01,0,1,0,420,0.437375,0.0560524,11.01,0,0.354615,0.291546,5.62651,2363.14,2388.97,1720320,5.703,6.6364,0,5.62687,0,1,0
box_detour_open,diff_mppi_3,10826,256,16,3,0.01,0,1,0,420,0.472763,0.0863478,12.7777,0,0.380579,0.339524,5.652,2373.84,2398.42,1720320,5.6956,6.4368,0,5.65235,0,1,0
box_detour_open,diff_mppi_3,10833,256,16,3,0.01,0,1,0,420,0.444949,0.0785385,11.7697,0,0.331443,0.19499,5.65526,2375.21,2398.96,1720320,5.6973,6.6275,0,5.65565,0,1,0
box_detour_open,diff_mppi_3,10840,256,16,3,0.01,0,1,0,420,0.489087,0.0520658,12.8923,0,0.36651,0.317892,5.64279,2369.97,2392.17,1720320,5.7212,6.4777,0,5.64307,0,1,0
box_detour_open,diff_mppi_3,10847,256,16,3,0.01,0,1,0,420,0.424116,0.057582,11.3753,0,0.3543,0.271035,5.63334,2366,2392.47,1720320,5.719,6.5771,0,5.6337,0,1,0
box_detour_open,diff_mppi_3,10854,256,16,3,0.01,0,1,0,420,0.477073,0.0728189,12.6316,0,0.362111,0.280765,5.64396,2370.46,2394.65,1720320,5.6854,6.4232,0,5.64436,0,1,0
box_detour_open,diff_mppi_3,10861,256,16,3,0.01,0,1,0,420,0.469462,0.0760016,12.8958,0,0.35005,0.248271,5.64786,2372.1,2396.4,1720320,5.7059,6.6159,0,5.64823,0,1,0
box_detour_open,diff_mppi_3,10868,256,16,3,0.01,0,1,0,420,0.415422,0.0466889,10.9313,0,0.375247,0.275157,5.63988,2368.75,2395.05,1720320,5.7045,6.4158,0,5.64028,0,1,0
box_detour_open,diff_mppi_3,10875,256,16,3,0.01,0,1,0,420,0.437127,0.059095,11.6043,0,0.359969,0.252953,5.65734,2376.08,2400.28,1720320,5.693,6.6058,0,5.65767,0,1,0
box_detour_open,diff_mppi_3,10882,256,16,3,0.01,0,1,0,420,0.459854,0.0597284,12.7609,0,0.400756,0.380653,5.65713,2375.99,2401.06,1720320,5.6957,6.4118,0,5.65748,0,1,0
box_detour_open,diff_mppi_3,10889,256,16,3,0.01,0,1,0,420,0.456508,0.0663132,12.5117,0,0.358914,0.284956,5.63688,2367.49,2394.63,1720320,5.6983,6.5889,0,5.63725,0,1,0
box_detour_open,diff_mppi_3,10896,256,16,3,0.01,0,1,0,420,0.382542,0.0591474,10.5822,0,0.376133,0.319087,5.65993,2377.17,2401.27,1720320,5.7064,6.5069,0,5.66033,0,1,0
box_detour_open,diff_mppi_3,10903,256,16,3,0.01,0,1,0,420,0.507954,0.0651058,13.6314,0,0.381105,0.284686,3.74153,1571.44,1588.2,1720320,5.658,6.5837,0,3.74188,0,1,0
box_detour_open,diff_mppi_3,10910,256,16,3,0.01,0,1,0,420,0.421862,0.0553128,11.323,0,0.370902,0.27911,3.58629,1506.24,1521.9,1720320,3.6572,4.2321,0,3.58664,0,1,0
box_detour_open,diff_mppi_3,10917,256,16,3,0.01,0,1,0,420,0.438259,0.0643624,11.9074,0,0.336085,0.228918,3.58309,1504.9,1522.86,1720320,3.6684,4.0728,0,3.58345,0,1,0
box_detour_open,diff_mppi_3,10924,256,16,3,0.01,0,1,0,420,0.399004,0.0529885,10.5993,0,0.378455,0.350082,4.69344,1971.24,1995.53,1720320,5.4049,5.9769,0,4.69382,0,1,0
box_detour_open,diff_mppi_3,10931,256,16,3,0.01,0,1,0,420,0.455604,0.0561593,11.8681,0,0.355845,0.252818,5.12308,2151.69,2176.1,1720320,5.426,6.0993,0,5.12338,0,1,0
box_detour_open,diff_mppi_3,10938,256,16,3,0.01,0,1,0,420,0.43782,0.0484304,11.7102,0,0.395661,0.399055,5.12698,2153.33,2177.88,1720320,5.4205,6.0599,0,5.12728,0,1,0
box_detour_open,diff_mppi_3,10945,256,16,3,0.01,0,1,0,420,0.448839,0.062366,11.7393,0,0.375615,0.269005,5.10934,2145.92,2170.57,1720320,5.4335,6.1267,0,5.1097,0,1,0
box_detour_open,diff_mppi_3,10952,256,16,3,0.01,0,1,0,420,0.467043,0.0717178,12.4783,0,0.383914,0.331508,5.10044,2142.19,2165.42,1720320,5.4201,6.166,0,5.10081,0,1,0
box_detour_open,diff_mppi_3,10959,256,16,3,0.01,0,1,0,420,0.440773,0.0726273,11.2719,0,0.351127,0.256353,5.10559,2144.35,2168.18,1720320,5.4303,6.102,0,5.10597,0,1,0
box_detour_open,oi_face_auto_mppi,10756,256,16,0,0,1,1,1,96,0.241413,0.257991,6.93303,0,1.00897,1.61397,0.84768,81.3773,83.5906,393216,1.1597,1.1958,0,0.848185,0,1,1
box_detour_open,oi_face_auto_mppi,10763,256,16,0,0,1,1,1,144,0.249448,0.0789015,7.32966,0,0.662569,0.748262,0.83952,120.891,124.786,589824,1.1614,1.1735,0,0.839855,0,1,1
box_detour_open,oi_face_auto_mppi,10770,256,16,0,0,1,1,1,188,0.248457,0.0703108,8.38253,0,0.617157,0.6893,0.836731,157.305,161.837,770048,1.1607,1.211,0,0.837096,0,1,1
box_detour_open,oi_face_auto_mppi,10777,256,16,0,0,1,1,1,160,0.243412,0.156508,8.73113,0,0.659773,0.72268,0.794413,127.106,129.608,655360,1.1647,1.1706,0,0.794639,0,1,1
box_detour_open,oi_face_auto_mppi,10784,256,16,0,0,1,1,1,355,0.247906,0.0689836,8.96701,0,0.591222,0.560171,0.815945,289.66,297.411,1454080,1.1616,1.1817,0,0.816173,0,1,1
box_detour_open,oi_face_auto_mppi,10791,256,16,0,0,1,1,1,131,0.236341,0.129957,7.59352,0,0.724809,0.88934,0.844185,110.588,114.202,536576,1.1578,1.165,0,0.844616,0,1,1
box_detour_open,oi_face_auto_mppi,10798,256,16,0,0,1,1,1,173,0.246624,0.166933,8.20466,0,0.647504,0.697059,0.839989,145.318,149.76,708608,1.1576,1.1822,0,0.840343,0,1,1
box_detour_open,oi_face_auto_mppi,10805,256,16,0,0,1,1,1,185,0.247582,0.244806,7.44723,0,0.713512,0.869351,0.834389,154.362,159.092,757760,1.1627,1.1891,0,0.834719,0,1,1
box_detour_open,oi_face_auto_mppi,10812,256,16,0,0,1,1,1,157,0.244505,0.142187,8.42168,0,0.570737,0.527379,0.829274,130.196,136.415,643072,1.158,1.2097,0,0.829662,0,1,1
box_detour_open,oi_face_auto_mppi,10819,256,16,0,0,1,1,1,160,0.249252,0.112896,7.78833,0,0.599911,0.601261,0.834909,133.585,138.07,655360,1.156,1.1827,0,0.835287,0,1,1
box_detour_open,oi_face_auto_mppi,10826,256,16,0,0,1,1,1,86,0.249965,0.103093,6.58478,0,1.13148,2.07951,0.824989,70.9491,73.6103,352256,1.1559,1.1831,0,0.825549,0,1,1
box_detour_open,oi_face_auto_mppi,10833,256,16,0,0,1,1,1,98,0.224523,0.319225,6.96827,0,1.05519,1.63667,0.829607,81.3015,83.3473,401408,1.1644,1.1669,0,0.830003,0,1,1
box_detour_open,oi_face_auto_mppi,10840,256,16,0,0,1,1,1,93,0.223259,0.236568,7.19795,0,1.00264,1.57516,0.778471,72.3978,74.6513,380928,1.1577,1.1633,0,0.778929,0,1,1
box_detour_open,oi_face_auto_mppi,10847,256,16,0,0,1,1,1,153,0.231551,0.1205,7.80146,0,0.635127,0.688765,0.842988,128.977,132.515,626688,1.1606,1.1693,0,0.84335,0,1,1
box_detour_open,oi_face_auto_mppi,10854,256,16,0,0,1,1,1,178,0.241119,0.165659,9.57949,0,0.645111,0.728728,0.844276,150.281,153.469,729088,1.1648,1.1766,0,0.84456,0,1,1
box_detour_open,oi_face_auto_mppi,10861,256,16,0,0,1,1,1,155,0.247023,0.136319,8.04212,0,0.609644,0.670732,0.841267,130.396,133.705,634880,1.1619,1.1664,0,0.841608,0,1,1
box_detour_open,oi_face_auto_mppi,10868,256,16,0,0,1,1,1,179,0.236658,0.145388,9.10204,0,0.61012,0.668569,0.841004,150.54,154.166,733184,1.1637,1.1673,0,0.841269,0,1,1
box_detour_open,oi_face_auto_mppi,10875,256,16,0,0,1,1,1,173,0.240646,0.143345,8.55506,0,0.639623,0.685305,0.843173,145.869,150.005,708608,1.1597,1.1855,0,0.84344,0,1,1
box_detour_open,oi_face_auto_mppi,10882,256,16,0,0,1,1,1,172,0.244238,0.186183,8.60505,0,0.647755,0.6834,0.811604,139.596,143.126,704512,1.1594,1.1991,0,0.811895,0,1,1
box_detour_open,oi_face_auto_mppi,10889,256,16,0,0,1,1,1,155,0.247983,0.148013,8.34866,0,0.6681,0.745968,0.85348,132.289,135.557,634880,1.1611,1.1822,0,0.853747,0,1,1
box_detour_open,oi_face_auto_mppi,10896,256,16,0,0,1,1,1,149,0.248731,0.126885,7.41967,0,0.615877,0.655762,0.847009,126.204,129.379,610304,1.1624,1.1845,0,0.847328,0,1,1
box_detour_open,oi_face_auto_mppi,10903,256,16,0,0,1,1,1,100,0.243369,0.00560174,6.47161,0,0.833258,1.07137,0.844752,84.4752,86.3176,409600,1.1625,1.1672,0,0.845074,0,1,1
box_detour_open,oi_face_auto_mppi,10910,256,16,0,0,1,1,1,178,0.247782,0.15351,8.9493,0,0.624877,0.67259,0.821079,146.152,149.577,729088,1.1624,1.1666,0,0.821334,0,1,1
box_detour_open,oi_face_auto_mppi,10917,256,16,0,0,1,1,1,152,0.248489,0.142628,7.89608,0,0.6444,0.702726,0.831791,126.432,129.486,622592,1.1623,1.1738,0,0.832127,0,1,1
box_detour_open,oi_face_auto_mppi,10924,256,16,0,0,1,1,1,274,0.241896,0.00764105,8.66342,0,0.63984,0.638149,0.828101,226.9,232.346,1122304,1.1602,1.1697,0,0.828333,0,1,1
box_detour_open,oi_face_auto_mppi,10931,256,16,0,0,1,1,1,147,0.249918,0.0949771,7.73421,0,0.678065,0.753205,0.854251,125.575,128.456,602112,1.1626,1.1686,0,0.854565,0,1,1
box_detour_open,oi_face_auto_mppi,10938,256,16,0,0,1,1,1,116,0.249049,0.105769,7.30855,0,0.68739,0.706736,0.850863,98.7001,100.932,475136,1.1613,1.1831,0,0.851154,0,1,1
box_detour_open,oi_face_auto_mppi,10945,256,16,0,0,1,1,1,180,0.247666,0.0726618,7.72577,0,0.721202,0.821911,0.845277,152.15,155.392,737280,1.1644,1.1743,0,0.845533,0,1,1
box_detour_open,oi_face_auto_mppi,10952,256,16,0,0,1,1,1,174,0.247523,0.144135,8.32611,0,0.613693,0.675653,0.845316,147.085,150.261,712704,1.1659,1.1725,0,0.845603,0,1,1
box_detour_open,oi_face_auto_mppi,10959,256,16,0,0,1,1,1,190,0.240733,0.122588,9.00183,0,0.60487,0.648068,0.849718,161.446,165.74,778240,1.1647,1.1735,0,0.849976,0,1,1
box_detour_open,oi_face_rot_mppi,10756,256,16,0,0,1,1,1,104,0.245023,0.156417,7.39791,0,0.603725,0.550565,0.772036,80.2917,82.1102,425984,1.1605,1.1725,0,0.772376,0,1,1
box_detour_open,oi_face_rot_mppi,10763,256,16,0,0,1,1,1,178,0.240999,0.124338,8.53939,0,0.649522,0.712574,0.804191,143.146,146.819,729088,1.1616,1.1711,0,0.804488,0,1,1
box_detour_open,oi_face_rot_mppi,10770,256,16,0,0,1,1,1,188,0.248457,0.0703108,8.38253,0,0.617157,0.6893,0.847803,159.387,162.968,770048,1.1605,1.1842,0,0.848038,0,1,1
box_detour_open,oi_face_rot_mppi,10777,256,16,0,0,1,1,1,181,0.247962,0.161641,9.4975,0,0.628384,0.659135,0.838122,151.7,155.212,741376,1.1614,1.171,0,0.838406,0,1,1
box_detour_open,oi_face_rot_mppi,10784,256,16,0,0,1,1,1,102,0.246416,0.0396652,7.31455,0,0.608973,0.638384,0.845448,86.2357,88.217,417792,1.1634,1.1727,0,0.845801,0,1,1
box_detour_open,oi_face_rot_mppi,10791,256,16,0,0,1,1,1,124,0.234835,0.348549,7.74471,0,0.629271,0.660851,0.839245,104.066,106.45,507904,1.1615,1.1682,0,0.839539,0,1,1
box_detour_open,oi_face_rot_mppi,10798,256,16,0,0,1,1,1,173,0.246475,0.122777,8.6665,0,0.622473,0.666199,0.839959,145.313,148.803,708608,1.1627,1.1836,0,0.840221,0,1,1
box_detour_open,oi_face_rot_mppi,10805,256,16,0,0,1,1,1,107,0.241846,0.0351449,7.23962,0,0.61243,0.595667,0.845646,90.4841,92.6426,438272,1.1623,1.1652,0,0.845994,0,1,1
box_detour_open,oi_face_rot_mppi,10812,256,16,0,0,1,1,1,170,0.248274,0.0715025,8.40967,0,0.549406,0.497474,0.821596,139.671,143.018,696320,1.1618,1.1806,0,0.821865,0,1,1
box_detour_open,oi_face_rot_mppi,10819,256,16,0,0,1,1,1,119,0.228468,0.170295,7.41427,0,0.594086,0.521303,0.851642,101.345,103.437,487424,1.1619,1.1708,0,0.851905,0,1,1
box_detour_open,oi_face_rot_mppi,10826,256,16,0,0,1,1,1,101,0.239653,0.0887701,7.1148,0,0.67589,0.756755,0.820366,82.857,84.7928,413696,1.1605,1.1709,0,0.820743,0,1,1
box_detour_open,oi_face_rot_mppi,10833,256,16,0,0,1,1,1,183,0.24535,0.121543,8.78813,0,0.578636,0.564585,0.842245,154.131,157.334,749568,1.1647,1.1856,0,0.842475,0,1,1
box_detour_open,oi_face_rot_mppi,10840,256,16,0,0,1,1,1,110,0.228356,0.139581,7.78642,0,0.654857,0.788889,0.839358,92.3294,94.6769,450560,1.1595,1.1638,0,0.839724,0,1,1
box_detour_open,oi_face_rot_mppi,10847,256,16,0,0,1,1,1,104,0.243882,0.280577,7.15323,0,0.637953,0.675309,0.852719,88.6828,91.5424,425984,1.1583,1.1635,0,0.853114,0,1,1
box_detour_open,oi_face_rot_mppi,10854,256,16,0,0,1,1,1,223,0.245298,0.0754548,9.75155,0,0.602601,0.616756,0.84215,187.799,191.944,913408,1.1646,1.1696,0,0.842407,0,1,1
box_detour_open,oi_face_rot_mppi,10861,256,16,0,0,1,1,1,113,0.248778,0.0536251,7.1938,0,0.611579,0.620146,0.873155,98.6665,102.904,462848,1.1639,1.2981,0,0.873562,0,1,1
box_detour_open,oi_face_rot_mppi,10868,256,16,0,0,1,1,1,233,0.246434,0.0558927,9.97525,0,0.580716,0.585919,0.833861,194.29,198.653,954368,1.1638,1.17,0,0.834081,0,1,1
box_detour_open,oi_face_rot_mppi,10875,256,16,0,0,1,1,1,116,0.248174,0.0539442,7.59293,0,0.620944,0.616337,0.844945,98.0136,100.204,475136,1.1597,1.1633,0,0.845228,0,1,1
box_detour_open,oi_face_rot_mppi,10882,256,16,0,0,1,1,1,111,0.244278,0.257798,7.35763,0,0.652346,0.683918,0.847049,94.0224,96.1575,454656,1.1604,1.1821,0,0.847422,0,1,1
box_detour_open,oi_face_rot_mppi,10889,256,16,0,0,1,1,1,257,0.24173,0.0758215,9.51318,0,0.578025,0.529867,0.839625,215.784,220.906,1052672,1.1618,1.1677,0,0.839844,0,1,1
box_detour_open,oi_face_rot_mppi,10896,256,16,0,0,1,1,1,192,0.235189,0.130362,8.2116,0,0.593976,0.591071,0.844832,162.208,165.822,786432,1.1609,1.1829,0,0.845111,0,1,1
box_detour_open,oi_face_rot_mppi,10903,256,16,0,0,1,1,1,170,0.240468,0.0862048,7.73923,0,0.659316,0.705366,0.840341,142.858,146.466,696320,1.1618,1.1682,0,0.840626,0,1,1
box_detour_open,oi_face_rot_mppi,10910,256,16,0,0,1,1,1,178,0.247782,0.15351,8.9493,0,0.624877,0.67259,0.817809,145.57,149.389,729088,1.1603,1.1743,0,0.818099,0,1,1
box_detour_open,oi_face_rot_mppi,10917,256,16,0,0,1,1,1,194,0.249972,0.0882491,7.91131,0,0.600418,0.568317,0.852054,165.299,168.768,794624,1.165,1.1835,0,0.852297,0,1,1
box_detour_open,oi_face_rot_mppi,10924,256,16,0,0,1,1,1,137,0.249633,0.0278888,7.5269,0,0.54472,0.477837,0.84468,115.721,118.528,561152,1.1622,1.1789,0,0.844993,0,1,1
box_detour_open,oi_face_rot_mppi,10931,256,16,0,0,1,1,1,191,0.249506,0.139666,8.53024,0,0.618967,0.634448,0.848582,162.079,165.523,782336,1.1645,1.3278,0,0.848823,0,1,1
box_detour_open,oi_face_rot_mppi,10938,256,16,0,0,1,1,1,204,0.231272,0.1277,8.73344,0,0.6302,0.606398,0.83719,170.787,175.184,835584,1.1598,1.1636,0,0.837437,0,1,1
box_detour_open,oi_face_rot_mppi,10945,256,16,0,0,1,1,1,99,0.176237,0.276052,7.0426,0,0.616615,0.595983,0.84255,83.4124,85.4365,405504,1.1607,1.163,0,0.842938,0,1,1
box_detour_open,oi_face_rot_mppi,10952,256,16,0,0,1,1,1,248,0.247673,0.10457,9.24022,0,0.561826,0.515278,0.827844,205.305,210.569,1015808,1.1613,1.1656,0,0.828083,0,1,1
box_detour_open,oi_face_rot_mppi,10959,256,16,0,0,1,1,1,149,0.245465,0.0893322,8.04594,0,0.579142,0.551236,0.839624,125.104,128.252,610304,1.1603,1.165,0,0.839929,0,1,1
box_detour_open,soppi_fast,10756,256,16,1,0.01,0,1,0,420,0.472486,0.0636395,13.239,0,0.359449,0.28759,3.20478,1346.01,1363.69,1720320,3.2549,3.3382,0,3.2051,0,1,0
box_detour_open,soppi_fast,10763,256,16,1,0.01,0,1,0,420,0.469295,0.0537155,12.8361,0,0.392755,0.384934,3.19334,1341.2,1364.52,1720320,3.2668,3.9178,0,3.19376,0,1,0
box_detour_open,soppi_fast,10770,256,16,1,0.01,0,1,0,420,0.514965,0.0683762,14.3219,0,0.382675,0.311494,3.14584,1321.25,1353.83,1720320,3.2484,4.4979,0,3.14657,0,1,0
box_detour_open,soppi_fast,10777,256,16,1,0.01,0,1,0,420,0.474367,0.0518012,13.3679,0,0.343525,0.225814,3.20526,1346.21,1365.57,1720320,3.2612,3.325,0,3.20561,0,1,0
box_detour_open,soppi_fast,10784,256,16,1,0.01,0,1,0,420,0.4644,0.0651651,12.5954,0,0.36918,0.276899,3.19617,1342.39,1362.93,1720320,3.2578,3.7524,0,3.1966,0,1,0
box_detour_open,soppi_fast,10791,256,16,1,0.01,0,1,0,420,0.523439,0.0545505,14.2863,0,0.351316,0.24177,3.19569,1342.19,1364.83,1720320,3.2458,3.8043,0,3.19611,0,1,0
box_detour_open,soppi_fast,10798,256,16,1,0.01,0,1,0,420,0.508291,0.0669529,14.088,0,0.361148,0.286822,4.64585,1951.26,2010.8,1720320,14.4395,20.1689,0,4.64697,0,1,0
box_detour_open,soppi_fast,10805,256,16,1,0.01,0,1,0,420,0.486722,0.0521848,13.5043,0,0.349489,0.260934,3.90444,1639.86,1731.16,1720320,8.2337,34.0457,0,3.90515,0,1,0
box_detour_open,soppi_fast,10812,256,16,1,0.01,0,1,0,420,0.487662,0.0595716,13.781,0,0.353305,0.261665,3.11469,1308.17,1351.84,1720320,3.9061,5.9006,0,3.11527,0,1,0
box_detour_open,soppi_fast,10819,256,16,1,0.01,0,1,0,420,0.518806,0.0668762,14.4511,0,0.343991,0.256787,3.17846,1334.95,1368.13,1720320,3.6252,6.1989,0,3.17901,0,1,0
box_detour_open,soppi_fast,10826,256,16,1,0.01,0,1,0,420,0.446565,0.0587345,12.2801,0,0.393784,0.384705,3.64913,1532.63,1554.35,1720320,3.9743,4.012,0,3.64951,0,1,0
box_detour_open,soppi_fast,10833,256,16,1,0.01,0,1,0,420,0.582567,0.0792293,16.7837,0,0.354407,0.270678,3.61745,1519.33,1541.37,1720320,3.9737,4.02,0,3.61782,0,1,0
box_detour_open,soppi_fast,10840,256,16,1,0.01,0,1,0,420,0.488345,0.0572306,13.2487,0,0.35374,0.294416,3.63141,1525.19,1546.94,1720320,3.9794,4.028,0,3.6318,0,1,0
box_detour_open,soppi_fast,10847,256,16,1,0.01,0,1,0,420,0.537984,0.0420227,15.3204,0,0.342067,0.211818,3.66152,1537.84,1560.89,1720320,3.9696,5.3019,0,3.66184,0,1,0
box_detour_open,soppi_fast,10854,256,16,1,0.01,0,1,0,420,0.4361,0.0634447,11.7111,0,0.351483,0.262747,3.68393,1547.25,1567.02,1720320,3.9672,4.0115,0,3.68427,0,1,0
box_detour_open,soppi_fast,10861,256,16,1,0.01,0,1,0,420,0.482696,0.0755125,13.2666,0,0.353836,0.288626,3.64351,1530.28,1553.23,1720320,3.9651,4.0028,0,3.64394,0,1,0
box_detour_open,soppi_fast,10868,256,16,1,0.01,0,1,0,420,0.495715,0.0768834,14.0896,0,0.394725,0.333398,3.63888,1528.33,1549.7,1720320,3.9789,4.062,0,3.63917,0,1,0
box_detour_open,soppi_fast,10875,256,16,1,0.01,0,1,0,420,0.475657,0.0574281,13.5354,0,0.378509,0.285796,3.63677,1527.44,1547.13,1720320,3.9824,4.0476,0,3.63704,0,1,0
box_detour_open,soppi_fast,10882,256,16,1,0.01,0,1,0,420,0.485991,0.0635745,13.8031,0,0.392776,0.331854,3.64718,1531.82,1553.23,1720320,3.9792,4.0418,0,3.64749,0,1,0
box_detour_open,soppi_fast,10889,256,16,1,0.01,0,1,0,420,0.505188,0.0652688,14.1524,0,0.343517,0.237077,3.62748,1523.54,1547.03,1720320,3.9756,4.0611,0,3.62784,0,1,0
box_detour_open,soppi_fast,10896,256,16,1,0.01,0,1,0,420,0.484275,0.0732853,13.2997,0,0.400704,0.409208,3.64767,1532.02,1548.48,1720320,3.9847,4.5685,0,3.64791,0,1,0
box_detour_open,soppi_fast,10903,256,16,1,0.01,0,1,0,420,0.520632,0.0630333,14.2863,0,0.375298,0.284713,3.63023,1524.7,1547.88,1720320,3.9731,4.3492,0,3.63056,0,1,0
box_detour_open,soppi_fast,10910,256,16,1,0.01,0,1,0,420,0.486203,0.0656613,13.3775,0,0.367181,0.267769,3.66973,1541.29,1561.34,1720320,3.9835,11.1113,0,3.6701,0,1,0
box_detour_open,soppi_fast,10917,256,16,1,0.01,0,1,0,420,0.539121,0.0782838,15.2619,0,0.341118,0.251684,3.63219,1525.52,1545.08,1720320,3.9826,4.092,0,3.63245,0,1,0
box_detour_open,soppi_fast,10924,256,16,1,0.01,0,1,0,420,0.468065,0.0570865,13.3424,0,0.409992,0.451583,3.63436,1526.43,1547.01,1720320,3.9727,7.2046,0,3.6347,0,1,0
box_detour_open,soppi_fast,10931,256,16,1,0.01,0,1,0,420,0.574775,0.0614552,16.1959,0,0.323002,0.186533,3.62385,1522.02,1546.87,1720320,3.9636,4.085,0,3.62425,0,1,0
box_detour_open,soppi_fast,10938,256,16,1,0.01,0,1,0,420,0.37058,0.0520648,10.8034,0,0.375141,0.300822,3.64522,1530.99,1552.01,1720320,3.9815,4.1132,0,3.64561,0,1,0
box_detour_open,soppi_fast,10945,256,16,1,0.01,0,1,0,420,0.494565,0.0565362,13.6116,0,0.38192,0.289027,3.637,1527.54,1546.69,1720320,3.9751,4.0679,0,3.63732,0,1,0
box_detour_open,soppi_fast,10952,256,16,1,0.01,0,1,0,420,0.449575,0.0497628,12.59,0,0.354281,0.253153,3.637,1527.54,1547.86,1720320,3.9802,4.1371,0,3.63729,0,1,0
box_detour_open,soppi_fast,10959,256,16,1,0.01,0,1,0,420,0.52141,0.0828197,14.4157,0,0.332479,0.19777,3.63171,1525.32,1549.06,1720320,3.9731,4.0099,0,3.63208,0,1,0
box_detour_turn,diff_mppi_3,11156,256,16,3,0.01,0,1,0,420,0.263871,0.0554391,15.1914,0,0.431388,0.409476,8.22292,3453.63,3483.17,1720320,8.9993,9.1745,0,8.22332,0,1,0
box_detour_turn,diff_mppi_3,11163,256,16,3,0.01,1,1,1,127,0.246745,0.0820805,15.8133,0,0.789262,1.1971,8.50438,1080.06,1089.04,520192,9.2807,9.3643,0,8.50501,0,1,1
box_detour_turn,diff_mppi_3,11170,256,16,3,0.01,1,1,1,104,0.248327,0.0447428,11.9949,0,0.802116,1.01665,8.33486,866.826,874.337,425984,9.1476,9.1805,0,8.33556,0,1,1
box_detour_turn,diff_mppi_3,11177,256,16,3,0.01,0,1,0,420,0.29937,0.0637568,13.1877,0,0.374644,0.291244,8.16885,3430.92,3463.11,1720320,8.2652,9.2336,0,8.16929,0,1,0
box_detour_turn,diff_mppi_3,11184,256,16,3,0.01,0,1,0,420,0.260641,0.0494022,13.2526,0,0.451542,0.45284,8.17173,3432.12,3463.17,1720320,8.3209,9.1379,0,8.17222,0,1,0
box_detour_turn,diff_mppi_3,11191,256,16,3,0.01,0,1,0,420,0.271903,0.054042,22.9002,0,0.407306,0.292753,8.22394,3454.05,3483.8,1720320,8.9487,9.1571,0,8.22434,0,1,0
box_detour_turn,diff_mppi_3,11198,256,16,3,0.01,0,1,0,420,0.280027,0.0539356,15.3814,0,0.386459,0.282791,8.12375,3411.97,3442.41,1720320,9.0101,9.3098,0,8.12415,0,1,0
box_detour_turn,diff_mppi_3,11205,256,16,3,0.01,0,1,0,420,0.268104,0.0721265,12.8202,0,0.386033,0.315763,8.1701,3431.44,3459.85,1720320,8.3222,9.265,0,8.17059,0,1,0
box_detour_turn,diff_mppi_3,11212,256,16,3,0.01,0,1,0,420,0.28547,0.0717526,13.1736,0,0.376076,0.259021,8.26233,3470.18,3501.23,1720320,8.3682,11.2247,0,8.26285,0,1,0
box_detour_turn,diff_mppi_3,11219,256,16,3,0.01,0,1,0,420,0.291598,0.0806746,13.7099,0,0.408828,0.373813,8.15069,3423.29,3454.8,1720320,8.2064,9.1426,0,8.15108,0,1,0
box_detour_turn,diff_mppi_3,11226,256,16,3,0.01,0,1,0,420,0.310579,0.0592885,14.6556,0,0.392327,0.348557,8.28033,3477.74,3506.48,1720320,9.1012,9.3136,0,8.28073,0,1,0
box_detour_turn,diff_mppi_3,11233,256,16,3,0.01,0,1,0,420,0.296694,0.0687153,15.8307,0,0.395843,0.33712,8.20329,3445.38,3474.04,1720320,9.058,9.1135,0,8.20374,0,1,0
box_detour_turn,diff_mppi_3,11240,256,16,3,0.01,0,1,0,420,0.290575,0.070512,14.5549,0,0.396787,0.313748,8.17327,3432.77,3471.58,1720320,8.8571,9.1539,0,8.17378,0,1,0
box_detour_turn,diff_mppi_3,11247,256,16,3,0.01,1,1,1,110,0.246836,0.066896,13.3866,0,0.776123,1.02206,8.48337,933.171,942.942,450560,9.2678,9.3243,0,8.48424,0,1,1
box_detour_turn,diff_mppi_3,11254,256,16,3,0.01,0,1,0,420,0.267918,0.0624194,13.5129,0,0.401621,0.315997,8.22607,3454.95,3489.43,1720320,8.8173,9.3059,0,8.22658,0,1,0
box_detour_turn,diff_mppi_3,11261,256,16,3,0.01,1,1,1,105,0.247975,0.0519865,12.3124,0,0.895368,1.29782,8.30286,871.8,878.953,430080,9.1173,9.1628,0,8.30361,0,1,1
box_detour_turn,diff_mppi_3,11268,256,16,3,0.01,0,1,0,420,0.28319,0.0674374,13.7321,0,0.368828,0.235449,7.8834,3311.03,3337.62,1720320,8.3853,9.9549,0,7.88379,0,1,0
box_detour_turn,diff_mppi_3,11275,256,16,3,0.01,0,1,0,420,0.260991,0.0637695,13.6528,0,0.388507,0.306145,8.20321,3445.35,3472.72,1720320,8.5249,9.3369,0,8.20364,0,1,0
box_detour_turn,diff_mppi_3,11282,256,16,3,0.01,0,1,0,420,0.255647,0.0584468,14.7527,0,0.409166,0.359563,8.22353,3453.88,3489.75,1720320,8.9647,10.9937,0,8.22402,0,1,0
box_detour_turn,diff_mppi_3,11289,256,16,3,0.01,1,1,1,96,0.249836,0.0566113,10.4672,0,0.973796,1.58874,8.22634,789.729,800.526,393216,9.2352,9.4135,0,8.22725,0,1,1
box_detour_turn,diff_mppi_3,11296,256,16,3,0.01,0,1,0,420,0.311316,0.0569615,13.3123,0,0.387423,0.296188,8.21797,3451.55,3480.88,1720320,8.3979,9.1409,0,8.2184,0,1,0
box_detour_turn,diff_mppi_3,11303,256,16,3,0.01,0,1,0,420,0.272204,0.0698919,13.9171,0,0.41676,0.399599,8.2074,3447.11,3478.52,1720320,8.6607,9.1681,0,8.2078,0,1,0
box_detour_turn,diff_mppi_3,11310,256,16,3,0.01,0,1,0,420,0.313658,0.0667761,14.8436,0,0.359044,0.255212,7.60148,3192.62,3223.82,1720320,8.973,9.1876,0,7.60189,0,1,0
box_detour_turn,diff_mppi_3,11317,256,16,3,0.01,0,1,0,420,0.293265,0.0502377,16.3037,0,0.393953,0.315722,5.35171,2247.72,2287.42,1720320,6.0416,14.9826,0,5.35226,0,1,0
box_detour_turn,diff_mppi_3,11324,256,16,3,0.01,1,1,1,347,0.248556,0.015354,12.8971,0,0.461078,0.471948,5.23366,1816.08,1860.94,1421312,6.0484,15.6231,0,5.2342,0,1,1
box_detour_turn,diff_mppi_3,11331,256,16,3,0.01,0,1,0,420,0.295761,0.0553811,16.359,0,0.362132,0.234914,5.33161,2239.28,2303.75,1720320,6.1292,25.3494,0,5.33217,0,1,0
box_detour_turn,diff_mppi_3,11338,256,16,3,0.01,0,1,0,420,0.258639,0.070968,12.5976,0,0.364775,0.276605,5.5365,2325.33,2350.71,1720320,7.8004,8.3002,0,5.53709,0,1,0
box_detour_turn,diff_mppi_3,11345,256,16,3,0.01,0,1,0,420,0.301045,0.0627981,13.4519,0,0.407764,0.35459,7.69665,3232.59,3263.9,1720320,8.192,8.8591,0,7.69742,0,1,0
box_detour_turn,diff_mppi_3,11352,256,16,3,0.01,0,1,0,420,0.284547,0.0605263,13.1754,0,0.435573,0.465763,7.70896,3237.76,3270,1720320,8.3206,8.9241,0,7.70944,0,1,0
box_detour_turn,diff_mppi_3,11359,256,16,3,0.01,0,1,0,420,0.277327,0.0665444,14.3734,0,0.358376,0.22678,7.66158,3217.86,3245.39,1720320,8.3904,8.8642,0,7.66206,0,1,0
box_detour_turn,oi_face_auto_mppi,11156,256,16,0,0,0,1,0,420,0.469479,0.0951094,16.6601,0,0.657617,0.67344,0.945164,396.969,407.404,1720320,1.2078,1.2339,0,0.94537,0,1,0
box_detour_turn,oi_face_auto_mppi,11163,256,16,0,0,0,1,0,420,0.447473,0.00173306,20.9252,0,0.610198,0.571404,0.950954,399.401,409.824,1720320,1.21,1.2227,0,0.951183,0,1,0
box_detour_turn,oi_face_auto_mppi,11170,256,16,0,0,0,1,0,420,0.481582,0.0806266,19.2505,0,0.616107,0.583469,0.930342,390.743,401.215,1720320,1.1862,1.2211,0,0.930534,0,1,0
box_detour_turn,oi_face_auto_mppi,11177,256,16,0,0,0,1,0,420,0.457715,0.0393807,16.223,0,0.622667,0.597341,0.943201,396.144,407.754,1720320,1.2024,1.2239,0,0.943413,0,1,0
box_detour_turn,oi_face_auto_mppi,11184,256,16,0,0,0,1,0,420,0.480939,0.15354,19.3877,0,0.646933,0.676571,0.93935,394.527,407.281,1720320,1.2015,1.2308,0,0.939583,0,1,0
box_detour_turn,oi_face_auto_mppi,11191,256,16,0,0,0,1,0,420,0.481843,0.0740891,17.3547,0,0.610941,0.61549,0.901336,378.561,393.706,1720320,1.1961,4.5017,0,0.901617,0,1,0
box_detour_turn,oi_face_auto_mppi,11198,256,16,0,0,0,1,0,420,0.490332,0.0395446,19.064,0,0.609581,0.594733,0.948668,398.441,408.001,1720320,1.2014,1.2252,0,0.94887,0,1,0
box_detour_turn,oi_face_auto_mppi,11205,256,16,0,0,0,1,0,420,0.479427,0.120777,16.1551,0,0.620579,0.645307,0.937662,393.818,406.784,1720320,1.2019,1.2476,0,0.937885,0,1,0
box_detour_turn,oi_face_auto_mppi,11212,256,16,0,0,1,1,1,200,0.24771,0.0322372,13.5362,0,0.701088,0.801819,0.893267,178.653,186.666,819200,1.1773,1.3737,0,0.893646,0,1,1
box_detour_turn,oi_face_auto_mppi,11219,256,16,0,0,1,1,1,401,0.249785,0.0128372,17.1264,0,0.656336,0.630347,0.924068,370.551,387.536,1642496,1.1801,1.9186,0,0.924378,0,1,1
box_detour_turn,oi_face_auto_mppi,11226,256,16,0,0,0,1,0,420,0.447202,0.121318,20.2819,0,0.633704,0.620824,0.934748,392.594,408.777,1720320,1.2021,1.6265,0,0.935058,0,1,0
box_detour_turn,oi_face_auto_mppi,11233,256,16,0,0,0,1,0,420,0.486686,0.11655,17.1264,0,0.638017,0.686096,0.922279,387.357,403.795,1720320,1.1992,1.2196,0,0.922549,0,1,0
box_detour_turn,oi_face_auto_mppi,11240,256,16,0,0,1,1,1,164,0.244669,0.13662,11.357,0,0.642223,0.624857,0.938276,153.877,159.137,671744,1.1804,1.2021,0,0.9387,0,1,1
box_detour_turn,oi_face_auto_mppi,11247,256,16,0,0,0,1,0,420,0.482519,0.123416,17.2875,0,0.612745,0.625856,0.956477,401.72,415.766,1720320,1.2167,1.271,0,0.956727,0,1,0
box_detour_turn,oi_face_auto_mppi,11254,256,16,0,0,1,1,1,156,0.236468,0.000900984,11.0915,0,0.645494,0.706964,0.932958,145.542,149.475,638976,1.1996,1.2209,0,0.933256,0,1,1
box_detour_turn,oi_face_auto_mppi,11261,256,16,0,0,0,1,0,420,0.434258,0.09411,15.4779,0,0.621661,0.617136,0.930896,390.976,401.032,1720320,1.1872,1.2001,0,0.931085,0,1,0
box_detour_turn,oi_face_auto_mppi,11268,256,16,0,0,0,1,0,420,0.366304,0.0978935,17.1612,0,0.619032,0.624823,0.929808,390.519,399.815,1720320,1.1858,1.2252,0,0.92999,0,1,0
box_detour_turn,oi_face_auto_mppi,11275,256,16,0,0,0,1,0,420,0.482015,0.0448265,17.8825,0,0.611558,0.59475,0.954607,400.935,413.628,1720320,1.2117,1.4767,0,0.954817,0,1,0
box_detour_turn,oi_face_auto_mppi,11282,256,16,0,0,0,1,0,420,0.287065,0.0433196,15.7243,0,0.623248,0.626368,0.9358,393.036,402.469,1720320,1.1853,1.2208,0,0.935985,0,1,0
box_detour_turn,oi_face_auto_mppi,11289,256,16,0,0,0,1,0,420,0.486714,0.0610828,17.8672,0,0.615848,0.591969,0.940622,395.061,405.886,1720320,1.2097,3.5224,0,0.940834,0,1,0
box_detour_turn,oi_face_auto_mppi,11296,256,16,0,0,0,1,0,420,0.490121,0.0485201,16.9807,0,0.629691,0.63578,0.936769,393.443,405.987,1720320,1.2036,1.2243,0,0.937,0,1,0
box_detour_turn,oi_face_auto_mppi,11303,256,16,0,0,0,1,0,420,0.512815,0.00548607,21.0586,0,0.657667,0.699048,0.955675,401.384,410.891,1720320,1.2174,1.2313,0,0.95587,0,1,0
box_detour_turn,oi_face_auto_mppi,11310,256,16,0,0,1,1,1,188,0.23976,0.223357,14.4619,0,0.620746,0.604681,0.919598,172.884,176.696,770048,1.2092,1.2271,0,0.919821,0,1,1
box_detour_turn,oi_face_auto_mppi,11317,256,16,0,0,0,1,0,420,0.268078,0.117023,17.1279,0,0.602998,0.578659,0.928366,389.914,400.877,1720320,1.1821,1.2183,0,0.928583,0,1,0
box_detour_turn,oi_face_auto_mppi,11324,256,16,0,0,0,1,0,420,0.498041,0.106862,20.1739,0,0.620551,0.628312,0.920739,386.71,406.333,1720320,1.2063,1.8876,0,0.921055,0,1,0
box_detour_turn,oi_face_auto_mppi,11331,256,16,0,0,1,1,1,197,0.249949,0.167362,12.0544,0,0.602504,0.558726,0.913739,180.007,186.867,806912,1.1935,1.8555,0,0.914096,0,1,1
box_detour_turn,oi_face_auto_mppi,11338,256,16,0,0,0,1,0,420,0.472562,0.0648279,17.6072,0,0.62146,0.620249,0.975977,409.911,431.089,1720320,1.2152,9.5909,0,0.976328,0,1,0
box_detour_turn,oi_face_auto_mppi,11345,256,16,0,0,0,1,0,420,0.306503,0.0593426,14.2682,0,0.620932,0.635837,0.91452,384.098,402.609,1720320,1.1855,3.1543,0,0.914848,0,1,0
box_detour_turn,oi_face_auto_mppi,11352,256,16,0,0,0,1,0,420,0.482156,0.00590068,17.6077,0,0.604253,0.579399,0.946316,397.453,417.51,1720320,1.1928,14.8489,0,0.946705,0,1,0
box_detour_turn,oi_face_auto_mppi,11359,256,16,0,0,0,1,0,420,0.495121,0.0224656,17.8008,0,0.636814,0.66346,0.881951,370.42,388.495,1720320,1.1956,6.3925,0,0.882469,0,1,0
box_detour_turn,oi_face_rot_mppi,11156,256,16,0,0,0,1,0,420,0.462558,0.0486936,16.4272,0,0.624651,0.603504,0.909399,381.948,399.232,1720320,1.1982,6.9435,0,0.909704,0,1,0
box_detour_turn,oi_face_rot_mppi,11163,256,16,0,0,0,1,0,420,0.461644,0.0344376,21.1677,0,0.598134,0.561391,0.943,396.06,416.723,1720320,1.1976,9.4908,0,0.943319,0,1,0
box_detour_turn,oi_face_rot_mppi,11170,256,16,0,0,1,1,1,139,0.24832,0.129416,13.658,0,0.633241,0.62327,0.660645,91.8297,97.6428,569344,1.1954,1.2104,0,0.661114,0,1,1
box_detour_turn,oi_face_rot_mppi,11177,256,16,0,0,1,1,1,116,0.101009,0.19993,10.7211,0,0.73682,0.82736,1.05804,122.733,130.38,475136,1.2182,11.3704,0,1.05881,0,1,1
box_detour_turn,oi_face_rot_mppi,11184,256,16,0,0,0,1,0,420,0.460157,0.0150515,18.7242,0,0.627538,0.605734,0.930081,390.634,408.375,1720320,1.2109,3.5853,0,0.930446,0,1,0
box_detour_turn,oi_face_rot_mppi,11191,256,16,0,0,1,1,1,124,0.244301,0.12807,11.6573,0,0.693112,0.756743,0.89777,111.323,117.371,507904,1.1941,2.2054,0,0.90533,0,1,1
box_detour_turn,oi_face_rot_mppi,11198,256,16,0,0,1,1,1,132,0.239932,0.156442,13.3159,0,0.64224,0.618765,1.0565,139.458,145.99,540672,1.2451,13.156,0,1.05703,0,1,1
box_detour_turn,oi_face_rot_mppi,11205,256,16,0,0,0,1,0,420,0.392581,0.0328904,14.2604,0,0.61164,0.599691,0.861763,361.94,380.923,1720320,1.1771,2.5742,0,0.862084,0,1,0
box_detour_turn,oi_face_rot_mppi,11212,256,16,0,0,1,1,1,131,0.222277,0.225653,12.3904,0,0.778794,0.948884,0.985289,129.073,134.639,536576,1.1887,16.1809,0,0.985845,0,1,1
box_detour_turn,oi_face_rot_mppi,11219,256,16,0,0,1,1,1,224,0.245756,0.0775004,14.4057,0,0.680629,0.699557,0.920994,206.303,216.508,917504,1.187,1.2976,0,0.921465,0,1,1
box_detour_turn,oi_face_rot_mppi,11226,256,16,0,0,1,1,1,147,0.146933,0.249188,15.4467,0,0.679702,0.671782,0.8638,126.979,134.121,602112,1.1985,1.2176,0,0.864327,0,1,1
box_detour_turn,oi_face_rot_mppi,11233,256,16,0,0,0,1,0,420,0.456713,0.0598882,16.3461,0,0.641283,0.646662,0.939994,394.797,412.348,1720320,1.209,1.5773,0,0.940307,0,1,0
box_detour_turn,oi_face_rot_mppi,11240,256,16,0,0,1,1,1,111,0.175487,0.228314,10.6015,0,0.648439,0.603252,0.929693,103.196,107.937,454656,1.1905,1.4991,0,0.93032,0,1,1
box_detour_turn,oi_face_rot_mppi,11247,256,16,0,0,0,1,0,420,0.260029,0.102532,13.2739,0,0.593321,0.564723,0.857485,360.144,380.835,1720320,1.1692,1.5105,0,0.857836,0,1,0
box_detour_turn,oi_face_rot_mppi,11254,256,16,0,0,1,1,1,106,0.239539,0.248847,10.3597,0,0.68206,0.782518,0.872544,92.4897,97.2203,434176,1.1887,1.3741,0,0.87311,0,1,1
box_detour_turn,oi_face_rot_mppi,11261,256,16,0,0,1,1,1,102,0.246513,0.101686,10.4547,0,0.689226,0.704188,0.803458,81.9527,86.0161,417792,1.1672,2.6678,0,0.804055,0,1,1
box_detour_turn,oi_face_rot_mppi,11268,256,16,0,0,1,1,1,153,0.249056,0.0728228,13.9391,0,0.687846,0.780804,0.928594,142.075,147.792,626688,1.183,1.21,0,0.929117,0,1,1
box_detour_turn,oi_face_rot_mppi,11275,256,16,0,0,1,1,1,149,0.245775,0.0492929,12.3408,0,0.681222,0.682983,0.83321,124.148,130.225,610304,1.191,1.4518,0,0.833722,0,1,1
box_detour_turn,oi_face_rot_mppi,11282,256,16,0,0,0,1,0,420,0.463636,0.0547196,18.4131,0,0.598267,0.551208,0.925652,388.774,408.236,1720320,1.2096,1.5902,0,0.925967,0,1,0
box_detour_turn,oi_face_rot_mppi,11289,256,16,0,0,1,1,1,130,0.191683,0.226025,11.8509,0,0.678969,0.663357,0.894267,116.255,122.8,532480,1.1902,1.3269,0,0.894876,0,1,1
box_detour_turn,oi_face_rot_mppi,11296,256,16,0,0,1,1,1,124,0.247715,0.00440246,10.9641,0,0.858966,1.2332,0.938297,116.349,121.639,507904,1.2005,1.452,0,0.938837,0,1,1
box_detour_turn,oi_face_rot_mppi,11303,256,16,0,0,1,1,1,152,0.249251,0.14673,15.3574,0,0.757561,0.901547,0.941547,143.115,149.56,622592,1.201,1.3263,0,0.942057,0,1,1
box_detour_turn,oi_face_rot_mppi,11310,256,16,0,0,1,1,1,124,0.247676,0.200338,13.4789,0,0.605716,0.560363,0.936058,116.071,121.785,507904,1.1944,1.344,0,0.936602,0,1,1
box_detour_turn,oi_face_rot_mppi,11317,256,16,0,0,1,1,1,164,0.241848,0.03701,14.2471,0,0.630156,0.664188,0.959393,157.34,165.975,671744,1.1935,5.6857,0,0.959841,0,1,1
box_detour_turn,oi_face_rot_mppi,11324,256,16,0,0,0,1,0,420,0.460975,0.0469562,19.3047,0,0.57089,0.517008,0.920923,386.788,408.255,1720320,1.194,5.5052,0,0.921224,0,1,0
box_detour_turn,oi_face_rot_mppi,11331,256,16,0,0,1,1,1,125,0.243801,0.0665131,11.0584,0,0.629948,0.586417,0.919426,114.928,120.715,512000,1.1884,1.1977,0,0.919926,0,1,1
box_detour_turn,oi_face_rot_mppi,11338,256,16,0,0,1,1,1,119,0.219107,0.236088,11.9939,0,0.666895,0.686144,0.624372,74.3003,78.8465,487424,1.1998,1.2101,0,0.624901,0,1,1
box_detour_turn,oi_face_rot_mppi,11345,256,16,0,0,0,1,0,420,0.466869,0.038903,16.8656,0,0.613054,0.603028,0.885092,371.739,393.299,1720320,1.2017,1.9163,0,0.885443,0,1,0
box_detour_turn,oi_face_rot_mppi,11352,256,16,0,0,1,1,1,126,0.243675,0.137996,12.0612,0,0.642108,0.64875,1.15331,145.317,169.178,516096,1.9868,8.084,0,1.15382,0,1,1
box_detour_turn,oi_face_rot_mppi,11359,256,16,0,0,1,1,1,133,0.246583,0.109104,11.8024,0,0.798833,1.06829,0.792388,105.388,110.917,544768,1.1975,1.2448,0,0.792874,0,1,1
box_detour_turn,soppi_fast,11156,256,16,1,0.01,0,1,0,420,0.264577,0.0585669,13.4776,0,0.37038,0.2149,4.2271,1775.38,1814.41,1720320,4.4561,5.393,0,4.22761,0,1,0
box_detour_turn,soppi_fast,11163,256,16,1,0.01,0,1,0,420,0.258541,0.0569252,14.0569,0,0.400302,0.323235,4.19328,1761.18,1800.31,1720320,4.4579,5.1794,0,4.19381,0,1,0
box_detour_turn,soppi_fast,11170,256,16,1,0.01,0,1,0,420,0.275999,0.054049,14.8654,0,0.407956,0.348382,4.06216,1706.11,1745.46,1720320,4.5534,6.8677,0,4.06269,0,1,0
box_detour_turn,soppi_fast,11177,256,16,1,0.01,0,1,0,420,0.278816,0.0752501,13.3573,0,0.40131,0.350642,4.23626,1779.23,1821,1720320,4.4766,8.5632,0,4.23686,0,1,0
box_detour_turn,soppi_fast,11184,256,16,1,0.01,0,1,0,420,0.304229,0.0596562,14.8755,0,0.404318,0.301163,4.25357,1786.5,1821.42,1720320,4.4135,5.2038,0,4.2541,0,1,0
box_detour_turn,soppi_fast,11191,256,16,1,0.01,1,1,1,115,0.249977,0.0517159,13.1232,0,0.71288,0.838364,4.3186,496.639,506.918,471040,4.4543,4.8947,0,4.31943,0,1,1
box_detour_turn,soppi_fast,11198,256,16,1,0.01,0,1,0,420,1.45181,0.399571,69.92,0,0.315949,0.180356,4.21379,1769.79,1806.9,1720320,4.3541,6.994,0,4.21431,0,1,0
box_detour_turn,soppi_fast,11205,256,16,1,0.01,0,1,0,420,0.286875,0.0778441,13.3155,0,0.420408,0.379802,3.83538,1610.86,1651.14,1720320,4.4658,7.6051,0,3.83589,0,1,0
box_detour_turn,soppi_fast,11212,256,16,1,0.01,0,1,0,420,1.44637,0.549983,71.2689,0,0.311345,0.175423,5.11241,2147.21,2421.97,1720320,8.8721,14.0284,0,5.11297,0,1,0
box_detour_turn,soppi_fast,11219,256,16,1,0.01,0,1,0,420,0.30677,0.0837867,13.7892,0,0.38539,0.285103,4.34737,1825.9,1901.18,1720320,5.8774,11.9662,0,4.34794,0,1,0
box_detour_turn,soppi_fast,11226,256,16,1,0.01,0,1,0,420,0.278764,0.0616587,14.6762,0,0.384907,0.289258,5.76757,2422.38,2536.33,1720320,12.9292,37.064,0,5.76818,0,1,0
box_detour_turn,soppi_fast,11233,256,16,1,0.01,0,1,0,420,0.298428,0.092674,14.4252,0,0.385664,0.301188,4.70256,1975.07,2027.96,1720320,5.7325,8.8897,0,4.70322,0,1,0
box_detour_turn,soppi_fast,11240,256,16,1,0.01,0,1,0,420,0.277147,0.0637023,13.9314,0,0.388228,0.290693,4.76514,2001.36,2066.61,1720320,6.3334,11.679,0,4.76569,0,1,0
box_detour_turn,soppi_fast,11247,256,16,1,0.01,0,1,0,420,0.288731,0.0707844,14.7461,0,0.430749,0.45192,3.75438,1576.84,1675.82,1720320,13.5068,31.7789,0,3.7549,0,1,0
box_detour_turn,soppi_fast,11254,256,16,1,0.01,0,1,0,420,0.292076,0.080851,14.9854,0,0.377944,0.267086,6.13001,2574.61,2671.66,1720320,14.0031,54.1469,0,6.13055,0,1,0
box_detour_turn,soppi_fast,11261,256,16,1,0.01,0,1,0,420,0.254063,0.0447751,14.0054,0,0.388141,0.319317,4.4298,1860.51,1901.97,1720320,4.972,5.814,0,4.43032,0,1,0
box_detour_turn,soppi_fast,11268,256,16,1,0.01,0,1,0,420,0.26436,0.0634984,14.49,0,0.384165,0.275222,4.47503,1879.51,1921.32,1720320,5.0623,5.9395,0,4.47555,0,1,0
box_detour_turn,soppi_fast,11275,256,16,1,0.01,0,1,0,420,0.271916,0.0655967,13.9476,0,0.391528,0.282106,4.7213,1982.95,2041.84,1720320,6.2902,9.3784,0,4.72183,0,1,0
box_detour_turn,soppi_fast,11282,256,16,1,0.01,0,1,0,420,0.294851,0.0764419,15.0587,0,0.413657,0.371476,4.75347,1996.46,2052.81,1720320,7.298,12.0179,0,4.75402,0,1,0
box_detour_turn,soppi_fast,11289,256,16,1,0.01,0,1,0,420,0.287487,0.0803308,13.1332,0,0.372448,0.236721,4.5491,1910.62,1957.92,1720320,5.1073,6.1229,0,4.54968,0,1,0
box_detour_turn,soppi_fast,11296,256,16,1,0.01,0,1,0,420,0.277261,0.0803359,14.742,0,0.393842,0.310301,4.75971,1999.08,2081.13,1720320,5.9493,8.8787,0,4.76039,0,1,0
box_detour_turn,soppi_fast,11303,256,16,1,0.01,0,1,0,420,0.293136,0.0703097,13.2363,0,0.382617,0.292924,5.25601,2207.52,2352.23,1720320,8.5987,16.1767,0,5.25662,0,1,0
box_detour_turn,soppi_fast,11310,256,16,1,0.01,0,1,0,420,1.49641,0.32849,73.251,0,0.288093,0.126005,3.97441,1669.25,1728.52,1720320,5.4917,8.224,0,3.97497,0,1,0
box_detour_turn,soppi_fast,11317,256,16,1,0.01,0,1,0,420,0.285596,0.0684609,14.5082,0,0.396104,0.323085,4.7016,1974.67,2124.86,1720320,8.2998,29.5864,0,4.70221,0,1,0
box_detour_turn,soppi_fast,11324,256,16,1,0.01,1,1,1,224,0.249942,0.0448575,11.424,0,0.490031,0.459245,4.01748,899.916,929.263,917504,6.0107,11.2926,0,4.01825,0,1,1
box_detour_turn,soppi_fast,11331,256,16,1,0.01,0,1,0,420,0.297589,0.0565861,17.2185,0,0.410028,0.349808,5.01793,2107.53,2265.72,1720320,8.5689,17.6602,0,5.01854,0,1,0
box_detour_turn,soppi_fast,11338,256,16,1,0.01,0,1,0,420,0.281776,0.0752683,12.6921,0,0.398351,0.368725,5.02515,2110.56,2260.61,1720320,8.6944,16.8263,0,5.02574,0,1,0
box_detour_turn,soppi_fast,11345,256,16,1,0.01,0,1,0,420,0.265459,0.0543337,12.8111,0,0.388431,0.299218,4.65248,1954.04,2040.73,1720320,6.5479,11.7808,0,4.65308,0,1,0
box_detour_turn,soppi_fast,11352,256,16,1,0.01,0,1,0,420,0.30544,0.0702518,15.3062,0,0.412286,0.350715,4.60694,1934.92,2057.71,1720320,6.7354,15.7006,0,4.60785,0,1,0
box_detour_turn,soppi_fast,11359,256,16,1,0.01,0,1,0,420,0.316004,0.0786017,15.1591,0,0.445652,0.495791,4.02483,1690.43,1798.03,1720320,6.1696,15.3506,0,4.02536,0,1,0
box_detour_turn90,diff_mppi_3,11356,256,16,3,0.01,0,1,0,420,1.56679,0.444519,81.3756,0,0.314847,0.166536,8.81544,3702.48,3877.86,1720320,13.8032,21.3133,0,8.81982,0,1,0
box_detour_turn90,diff_mppi_3,11363,256,16,3,0.01,0,1,0,420,1.57547,0.361727,81.5406,0,0.298373,0.147251,9.22844,3875.95,3976.34,1720320,13.5009,20.5101,0,9.22901,0,1,0
box_detour_turn90,diff_mppi_3,11370,256,16,3,0.01,0,1,0,420,1.57317,0.410865,81.6452,0,0.29768,0.156992,8.87577,3727.82,3850.54,1720320,13.3562,30.5601,0,8.87636,0,1,0
box_detour_turn90,diff_mppi_3,11377,256,16,3,0.01,0,1,0,420,1.57062,0.37496,81.1313,0,0.298749,0.14993,8.03735,3375.69,3504.59,1720320,11.4264,14.1981,0,8.04856,0,1,0
box_detour_turn90,diff_mppi_3,11384,256,16,3,0.01,0,1,0,420,1.57088,0.34933,80.979,0,0.299953,0.143818,7.52595,3160.9,3300.67,1720320,9.9589,15.3408,0,7.52669,0,1,0
box_detour_turn90,diff_mppi_3,11391,256,16,3,0.01,0,1,0,420,1.56952,0.373917,80.8583,0,0.279476,0.115093,8.90779,3741.27,3874.59,1720320,12.9271,29.1169,0,8.90841,0,1,0
box_detour_turn90,diff_mppi_3,11398,256,16,3,0.01,0,1,0,420,1.57101,0.452179,81.9969,0,0.30282,0.148705,8.88088,3729.97,3927.22,1720320,14.3956,27.11,0,8.88151,0,1,0
box_detour_turn90,diff_mppi_3,11405,256,16,3,0.01,0,1,0,420,1.57589,0.367061,81.5447,0,0.30208,0.129859,9.92936,4170.33,4290.17,1720320,17.575,36.0249,0,9.93006,0,1,0
box_detour_turn90,diff_mppi_3,11412,256,16,3,0.01,0,1,0,420,1.5622,0.414315,80.6373,0,0.303754,0.154554,8.27639,3476.09,3621.95,1720320,12.2025,15.5342,0,8.277,0,1,0
box_detour_turn90,diff_mppi_3,11419,256,16,3,0.01,0,1,0,420,1.58989,0.371446,82.883,0,0.317225,0.17928,8.49743,3568.92,3682.65,1720320,12.8543,18.1531,0,8.49808,0,1,0
box_detour_turn90,diff_mppi_3,11426,256,16,3,0.01,0,1,0,420,1.54952,0.543187,80.8448,0,0.297631,0.1426,8.92503,3748.51,3876.44,1720320,13.6098,27.3058,0,8.92579,0,1,0
box_detour_turn90,diff_mppi_3,11433,256,16,3,0.01,0,1,0,420,1.58943,0.339439,82.3119,0,0.295941,0.15951,9.89212,4154.69,4236.93,1720320,14.9935,22.3324,0,9.89275,0,1,0
box_detour_turn90,diff_mppi_3,11440,256,16,3,0.01,0,1,0,420,1.57726,0.357097,81.6466,0,0.31878,0.167136,9.37206,3936.26,4009.52,1720320,13.9716,19.2786,0,9.37271,0,1,0
box_detour_turn90,diff_mppi_3,11447,256,16,3,0.01,0,1,0,420,1.57604,0.349132,81.4148,0,0.299278,0.170327,9.99251,4196.86,4266.19,1720320,15.3697,23.014,0,9.9933,0,1,0
box_detour_turn90,diff_mppi_3,11454,256,16,3,0.01,0,1,0,420,1.57365,0.414864,81.9015,0,0.306141,0.180151,9.91206,4163.06,4278.13,1720320,14.6339,23.7047,0,9.91266,0,1,0
box_detour_turn90,diff_mppi_3,11461,256,16,3,0.01,0,1,0,420,1.57122,0.484913,82.0495,0,0.300465,0.140698,8.3057,3488.39,3649.7,1720320,12.8892,16.2984,0,8.30634,0,1,0
box_detour_turn90,diff_mppi_3,11468,256,16,3,0.01,0,1,0,420,1.5729,0.370824,81.2613,0,0.304114,0.173434,6.31175,2650.93,2720.16,1720320,9.248,14.4904,0,6.31242,0,1,0
box_detour_turn90,diff_mppi_3,11475,256,16,3,0.01,0,1,0,420,1.5959,0.361149,83.1924,0,0.294654,0.138475,7.55324,3172.36,3246.12,1720320,13.8859,19.5064,0,7.55392,0,1,0
box_detour_turn90,diff_mppi_3,11482,256,16,3,0.01,0,1,0,420,1.56539,0.44557,81.0128,0,0.298176,0.131967,4.41984,1856.33,1898.49,1720320,5.2776,12.8908,0,4.42049,0,1,0
box_detour_turn90,diff_mppi_3,11489,256,16,3,0.01,0,1,0,420,1.57901,0.354357,81.9286,0,0.332276,0.208,8.48738,3564.7,3681.26,1720320,15.3758,41.3034,0,8.48797,0,1,0
box_detour_turn90,diff_mppi_3,11496,256,16,3,0.01,0,1,0,420,1.57253,0.360572,81.0408,0,0.321012,0.202813,8.1452,3420.99,3538,1720320,15.9046,26.9011,0,8.15111,0,1,0
box_detour_turn90,diff_mppi_3,11503,256,16,3,0.01,0,1,0,420,1.59144,0.354053,82.8047,0,0.301496,0.165574,5.42122,2276.91,2352.17,1720320,8.0183,14.7423,0,5.42184,0,1,0
box_detour_turn90,diff_mppi_3,11510,256,16,3,0.01,0,1,0,420,1.57422,0.348715,81.337,0,0.318666,0.178053,5.75933,2418.92,2523.48,1720320,10.7811,26.0042,0,5.76063,0,1,0
box_detour_turn90,diff_mppi_3,11517,256,16,3,0.01,0,1,0,420,1.57335,0.355799,81.175,0,0.316301,0.174369,4.47642,1880.1,1949.85,1720320,5.9787,14.5018,0,4.477,0,1,0
box_detour_turn90,diff_mppi_3,11524,256,16,3,0.01,0,1,0,420,1.56561,0.371613,80.454,0,0.287727,0.139901,5.94382,2496.41,2575.55,1720320,8.7759,16.1798,0,5.94441,0,1,0
box_detour_turn90,diff_mppi_3,11531,256,16,3,0.01,0,1,0,420,1.58018,0.360658,81.8314,0,0.304629,0.153012,12.0011,5040.46,5229.14,1720320,23.9575,45.8592,0,12.0017,0,1,0
box_detour_turn90,diff_mppi_3,11538,256,16,3,0.01,0,1,0,420,1.57482,0.384251,81.5293,0,0.320486,0.187778,9.71293,4079.43,4177.08,1720320,14.6777,25.91,0,9.71353,0,1,0
box_detour_turn90,diff_mppi_3,11545,256,16,3,0.01,0,1,0,420,1.6008,0.359587,83.8491,0,0.29863,0.131636,8.02927,3372.29,3487.48,1720320,13.0729,17.6142,0,8.03007,0,1,0
box_detour_turn90,diff_mppi_3,11552,256,16,3,0.01,0,1,0,420,1.56572,0.350469,80.3375,0,0.289862,0.143822,7.09455,2979.71,3058.86,1720320,9.4455,16.846,0,7.09518,0,1,0
box_detour_turn90,diff_mppi_3,11559,256,16,3,0.01,0,1,0,420,1.57444,0.365982,81.5224,0,0.315735,0.183636,7.71202,3239.05,3336.65,1720320,11.286,23.8372,0,7.71263,0,1,0
box_detour_turn90,oi_face_auto_mppi,11356,256,16,0,0,1,1,1,367,0.24472,0.00770104,30.2361,0,0.656859,0.663076,1.28336,470.994,596.012,1503232,8.9713,32.6863,0,1.28375,0,1,1
box_detour_turn90,oi_face_auto_mppi,11363,256,16,0,0,1,1,1,184,0.249739,0.075521,19.7919,0,0.747262,0.87754,1.62582,299.152,335.821,753664,10.3428,18.5878,0,1.62626,0,1,1
box_detour_turn90,oi_face_auto_mppi,11370,256,16,0,0,0,1,0,420,0.407465,0.0203617,18.4453,0,0.642,0.679641,1.43873,604.267,742.645,1720320,10.3045,30.3533,0,1.43905,0,1,0
box_detour_turn90,oi_face_auto_mppi,11377,256,16,0,0,1,1,1,135,0.23212,0.0398821,11.6891,0,0.808418,1.06512,1.60589,216.795,248.761,552960,10.3436,19.8299,0,1.6064,0,1,1
box_detour_turn90,oi_face_auto_mppi,11384,256,16,0,0,0,1,0,420,0.17301,0.28229,13.8589,0,0.695631,0.754379,1.28635,540.265,608.097,1720320,6.6302,14.7687,0,1.28675,0,1,0
box_detour_turn90,oi_face_auto_mppi,11391,256,16,0,0,1,1,1,290,0.246824,0.0248326,21.8878,0,0.67644,0.652857,1.22846,356.255,427.394,1187840,8.463,13.7187,0,1.22887,0,1,1
box_detour_turn90,oi_face_auto_mppi,11398,256,16,0,0,0,1,0,420,0.315632,0.174271,15.7704,0,0.648052,0.640117,1.06448,447.082,529.364,1720320,1.3645,11.1473,0,1.06494,0,1,0
box_detour_turn90,oi_face_auto_mppi,11405,256,16,0,0,0,1,0,420,0.467341,0.224628,21.4499,0,0.740541,0.817499,1.86006,781.224,874.54,1720320,6.9043,23.1373,0,1.86051,0,1,0
box_detour_turn90,oi_face_auto_mppi,11412,256,16,0,0,0,1,0,420,0.524244,0.115038,25.7788,0,0.67716,0.642123,1.4896,625.632,702.132,1720320,4.8478,13.0358,0,1.49035,0,1,0
box_detour_turn90,oi_face_auto_mppi,11419,256,16,0,0,0,1,0,420,0.417853,0.0117631,23.2836,0,0.656838,0.665736,0.670888,281.773,303.284,1720320,1.1646,1.5586,0,0.671299,0,1,0
box_detour_turn90,oi_face_auto_mppi,11426,256,16,0,0,1,1,1,215,0.234446,0.00320816,19.1885,0,0.702891,0.778606,1.74267,374.674,401.388,880640,5.0706,12.7038,0,1.74324,0,1,1
box_detour_turn90,oi_face_auto_mppi,11433,256,16,0,0,1,1,1,235,0.227941,0.00494528,20.637,0,0.705176,0.744197,1.33,312.549,345.027,962560,4.8256,12.6226,0,1.33106,0,1,1
box_detour_turn90,oi_face_auto_mppi,11440,256,16,0,0,1,1,1,189,0.237988,0.0477154,16.7401,0,0.822855,1.0294,0.774842,146.445,161.241,774144,2.8013,9.0186,0,0.775328,0,1,1
box_detour_turn90,oi_face_auto_mppi,11447,256,16,0,0,0,1,0,420,0.465886,0.0293223,22.1155,0,0.648038,0.64152,0.827509,347.554,385.206,1720320,2.6465,6.7864,0,0.827896,0,1,0
box_detour_turn90,oi_face_auto_mppi,11454,256,16,0,0,0,1,0,420,0.455727,0.17736,20.6299,0,0.744016,0.801528,0.963382,404.62,437.829,1720320,1.7588,3.108,0,0.963992,0,1,0
box_detour_turn90,oi_face_auto_mppi,11461,256,16,0,0,0,1,0,420,0.420181,0.0137287,18.1269,0,0.617066,0.593676,0.768237,322.66,357.276,1720320,1.2048,3.2411,0,0.768641,0,1,0
box_detour_turn90,oi_face_auto_mppi,11468,256,16,0,0,1,1,1,321,0.247652,0.0198865,29.7947,0,0.640129,0.679555,0.809111,259.725,297.564,1314816,2.6801,6.9573,0,0.809543,0,1,1
box_detour_turn90,oi_face_auto_mppi,11475,256,16,0,0,1,1,1,279,0.245995,0.0221324,25.0588,0,0.760277,0.958101,1.11025,309.758,354.213,1142784,6.156,20.8115,0,1.11064,0,1,1
box_detour_turn90,oi_face_auto_mppi,11482,256,16,0,0,0,1,0,420,0.292393,0.205364,20.4982,0,0.603276,0.543146,0.873251,366.765,436.935,1720320,3.7477,15.615,0,0.873588,0,1,0
box_detour_turn90,oi_face_auto_mppi,11489,256,16,0,0,0,1,0,420,0.373611,0.2077,17.4402,0,0.669614,0.656077,0.792315,332.772,381.699,1720320,3.2265,6.5865,0,0.792665,0,1,0
box_detour_turn90,oi_face_auto_mppi,11496,256,16,0,0,0,1,0,420,0.270278,0.0859691,25.6715,0,0.748027,0.967664,0.871733,366.128,411.095,1720320,3.2948,6.8487,0,0.884328,0,1,0
box_detour_turn90,oi_face_auto_mppi,11503,256,16,0,0,0,1,0,420,0.493247,0.00315142,25.8342,0,0.642495,0.646813,1.37843,578.94,630.404,1720320,4.3238,7.1573,0,1.37887,0,1,0
box_detour_turn90,oi_face_auto_mppi,11510,256,16,0,0,1,1,1,378,0.237503,0.0209727,30.8528,0,0.618575,0.596331,1.06166,401.308,448.472,1548288,2.7666,4.8726,0,1.06215,0,1,1
box_detour_turn90,oi_face_auto_mppi,11517,256,16,0,0,0,1,0,420,0.184113,0.280868,14.675,0,0.649249,0.658071,0.831277,349.137,400.679,1720320,4.1887,6.2484,0,0.831627,0,1,0
box_detour_turn90,oi_face_auto_mppi,11524,256,16,0,0,0,1,0,420,0.439078,0.162427,24.0198,0,0.693699,0.73022,1.64184,689.571,777.443,1720320,4.6564,8.3851,0,1.64229,0,1,0
box_detour_turn90,oi_face_auto_mppi,11531,256,16,0,0,1,1,1,300,0.174811,0.246865,15.8248,0,0.73089,0.843383,1.13533,340.598,391.061,1228800,6.1256,9.4955,0,1.13572,0,1,1
box_detour_turn90,oi_face_auto_mppi,11538,256,16,0,0,0,1,0,420,0.468379,0.237098,32.3273,0,0.651908,0.616757,1.15274,484.151,553.482,1720320,6.7622,17.4575,0,1.15309,0,1,0
box_detour_turn90,oi_face_auto_mppi,11545,256,16,0,0,0,1,0,420,0.44829,0.165976,23.237,0,0.665777,0.653167,0.84535,355.047,420.627,1720320,5.1595,10.1263,0,0.845692,0,1,0
box_detour_turn90,oi_face_auto_mppi,11552,256,16,0,0,1,1,1,300,0.233667,0.0246687,26.836,0,0.778393,0.947421,0.953629,286.089,342.785,1228800,5.3238,9.8666,0,0.954071,0,1,1
box_detour_turn90,oi_face_auto_mppi,11559,256,16,0,0,0,1,0,420,0.39951,0.196031,19.1435,0,0.662289,0.650633,0.866371,363.876,427.872,1720320,5.0806,9.2346,0,0.866723,0,1,0
box_detour_turn90,oi_face_rot_mppi,11356,256,16,0,0,0,1,0,420,0.348101,0.0334779,28.7265,0,0.624237,0.585734,1.01516,426.366,496.532,1720320,4.894,11.0111,0,1.01554,0,1,0
box_detour_turn90,oi_face_rot_mppi,11363,256,16,0,0,0,1,0,420,0.315582,0.0847986,22.1003,0,0.613199,0.561988,0.942956,396.042,455.636,1720320,5.9865,9.4475,0,0.943469,0,1,0
box_detour_turn90,oi_face_rot_mppi,11370,256,16,0,0,0,1,0,420,0.326912,0.123368,17.5195,0,0.658217,0.696446,1.2052,506.182,581.427,1720320,6.8616,22.0833,0,1.20597,0,1,0
box_detour_turn90,oi_face_rot_mppi,11377,256,16,0,0,0,1,0,420,0.256118,0.121848,13.6697,0,0.609964,0.592657,0.885711,371.999,465.595,1720320,5.9539,15.3175,0,0.886048,0,1,0
box_detour_turn90,oi_face_rot_mppi,11384,256,16,0,0,0,1,0,420,0.280898,0.0687438,14.8641,0,0.612929,0.572313,0.947461,397.934,442.622,1720320,5.0278,9.9144,0,0.947822,0,1,0
box_detour_turn90,oi_face_rot_mppi,11391,256,16,0,0,1,1,1,312,0.233884,0.0171208,22.1735,0,0.682929,0.687115,1.39134,434.099,570.157,1277952,7.469,15.3569,0,1.39191,0,1,1
box_detour_turn90,oi_face_rot_mppi,11398,256,16,0,0,0,1,0,420,0.439459,0.016341,17.9675,0,0.595308,0.541422,0.69319,291.14,327.636,1720320,3.4272,12.5518,0,0.693504,0,1,0
box_detour_turn90,oi_face_rot_mppi,11405,256,16,0,0,0,1,0,420,0.38831,0.0417598,18.7062,0,0.611835,0.587517,0.375369,157.655,174.829,1720320,1.1503,1.2451,0,0.375697,0,1,0
box_detour_turn90,oi_face_rot_mppi,11412,256,16,0,0,0,1,0,420,0.467262,0.0949736,23.964,0,0.617164,0.525471,0.34213,143.694,158.813,1720320,1.1519,1.4463,0,0.342442,0,1,0
box_detour_turn90,oi_face_rot_mppi,11419,256,16,0,0,0,1,0,420,0.26335,0.127656,18.8412,0,0.600735,0.528682,0.842759,353.959,395.208,1720320,3.5285,19.2544,0,0.851781,0,1,0
box_detour_turn90,oi_face_rot_mppi,11426,256,16,0,0,0,1,0,420,0.432525,0.00159097,23.3457,0,0.642408,0.634097,0.859283,360.899,410.189,1720320,2.2332,22.4442,0,0.86205,0,1,0
box_detour_turn90,oi_face_rot_mppi,11433,256,16,0,0,1,1,1,240,0.243705,0.0412859,20.6771,0,0.701544,0.709039,0.664242,159.418,173.596,983040,1.498,10.1222,0,0.664683,0,1,1
box_detour_turn90,oi_face_rot_mppi,11440,256,16,0,0,0,1,0,420,0.342875,0.116552,19.0782,0,0.635639,0.640704,1.14561,481.156,508.87,1720320,1.2016,26.7327,0,1.14607,0,1,0
box_detour_turn90,oi_face_rot_mppi,11447,256,16,0,0,1,1,1,116,0.245046,0.0612262,16.3455,0,0.843297,1.07812,1.15393,133.856,148.123,475136,2.4015,4.322,0,1.15586,0,1,1
box_detour_turn90,oi_face_rot_mppi,11454,256,16,0,0,0,1,0,420,0.415244,0.0172124,18.8799,0,0.638527,0.626389,1.13634,477.265,522.629,1720320,2.601,8.4351,0,1.13685,0,1,0
box_detour_turn90,oi_face_rot_mppi,11461,256,16,0,0,0,1,0,420,0.31732,0.091258,17.0388,0,0.598183,0.552116,0.767478,322.341,344.489,1720320,1.2569,3.0531,0,0.767876,0,1,0
box_detour_turn90,oi_face_rot_mppi,11468,256,16,0,0,1,1,1,321,0.247652,0.0198865,29.7947,0,0.640129,0.679555,0.918084,294.705,320.469,1314816,2.1457,3.1818,0,0.918847,0,1,1
box_detour_turn90,oi_face_rot_mppi,11475,256,16,0,0,0,1,0,420,0.273665,0.118483,23.6679,0,0.620312,0.608414,1.14673,481.625,516.293,1720320,2.9966,7.8018,0,1.14714,0,1,0
box_detour_turn90,oi_face_rot_mppi,11482,256,16,0,0,0,1,0,420,0.418609,0.0756612,22.7831,0,0.591748,0.519256,0.706337,296.661,316.388,1720320,1.1748,2.76,0,0.706709,0,1,0
box_detour_turn90,oi_face_rot_mppi,11489,256,16,0,0,0,1,0,420,0.425563,0.038561,18.2439,0,0.628663,0.582591,0.733445,308.047,339.102,1720320,1.4156,4.2219,0,0.734299,0,1,0
box_detour_turn90,oi_face_rot_mppi,11496,256,16,0,0,0,1,0,420,0.429678,0.0661259,26.1561,0,0.618623,0.574421,0.918111,385.606,409.882,1720320,1.2423,3.7678,0,0.918838,0,1,0
box_detour_turn90,oi_face_rot_mppi,11503,256,16,0,0,0,1,0,420,0.481281,0.0695171,25.4112,0,0.641767,0.617551,0.900309,378.13,399.773,1720320,1.1704,1.4638,0,0.900679,0,1,0
box_detour_turn90,oi_face_rot_mppi,11510,256,16,0,0,1,1,1,378,0.237503,0.0209727,30.8528,0,0.618575,0.596331,1.96342,742.174,797.778,1548288,5.4113,15.6868,0,1.96388,0,1,1
box_detour_turn90,oi_face_rot_mppi,11517,256,16,0,0,0,1,0,420,0.367441,0.109492,16.5024,0,0.619699,0.599232,0.469459,197.173,217.769,1720320,1.1673,13.6159,0,0.469792,0,1,0
box_detour_turn90,oi_face_rot_mppi,11524,256,16,0,0,0,1,0,420,0.31304,0.113994,21.0215,0,0.62567,0.598012,1.376,577.92,693.793,1720320,9.1229,19.7942,0,1.37633,0,1,0
box_detour_turn90,oi_face_rot_mppi,11531,256,16,0,0,0,1,0,420,0.389765,0.0995305,18.883,0,0.653739,0.664496,1.71972,722.281,928.84,1720320,10.9736,40.9949,0,1.72005,0,1,0
box_detour_turn90,oi_face_rot_mppi,11538,256,16,0,0,0,1,0,420,0.349403,0.104461,30.1369,0,0.615752,0.585986,1.07321,450.748,482.097,1720320,2.3211,18.0118,0,1.07363,0,1,0
box_detour_turn90,oi_face_rot_mppi,11545,256,16,0,0,0,1,0,420,0.344171,0.0531598,21.0159,0,0.620191,0.569879,0.789447,331.568,365.29,1720320,1.1858,7.0709,0,0.789865,0,1,0
box_detour_turn90,oi_face_rot_mppi,11552,256,16,0,0,0,1,0,420,0.441778,0.09252,27.7499,0,0.680415,0.687251,0.949359,398.731,420.599,1720320,1.1644,7.282,0,0.949811,0,1,0
box_detour_turn90,oi_face_rot_mppi,11559,256,16,0,0,0,1,0,420,0.423377,0.0322127,19.2012,0,0.621826,0.606221,0.905666,380.38,414.261,1720320,1.1701,9.7621,0,0.906347,0,1,0
box_detour_turn90,soppi_fast,11356,256,16,1,0.01,0,1,0,420,1.56704,0.412788,81.3569,0,0.324284,0.206273,3.88579,1632.03,1700.11,1720320,5.7569,22.2969,0,3.88669,0,1,0
box_detour_turn90,soppi_fast,11363,256,16,1,0.01,0,1,0,420,1.56632,0.44985,81.5415,0,0.303322,0.168907,4.31206,1811.06,1874.88,1720320,4.5569,9.7045,0,4.31267,0,1,0
box_detour_turn90,soppi_fast,11370,256,16,1,0.01,0,1,0,420,1.6097,0.394847,85.1063,0,0.309518,0.172887,3.31366,1391.74,1442.39,1720320,4.2618,6.7977,0,3.31428,0,1,0
box_detour_turn90,soppi_fast,11377,256,16,1,0.01,0,1,0,420,1.59114,0.396792,83.3769,0,0.29501,0.143023,3.20796,1347.34,1403.45,1720320,5.9602,22.2494,0,3.20855,0,1,0
box_detour_turn90,soppi_fast,11384,256,16,1,0.01,0,1,0,420,1.59202,0.37748,83.2804,0,0.290781,0.132757,3.83736,1611.69,1675.82,1720320,4.459,11.372,0,3.83799,0,1,0
box_detour_turn90,soppi_fast,11391,256,16,1,0.01,0,1,0,420,1.60085,0.391057,84.4226,0,0.28444,0.12701,3.75004,1575.02,1663.74,1720320,5.2046,8.5799,0,3.75109,0,1,0
box_detour_turn90,soppi_fast,11398,256,16,1,0.01,0,1,0,420,1.58431,0.366483,82.5304,0,0.298336,0.131966,4.11875,1729.88,1795.45,1720320,5.1374,16.1757,0,4.11959,0,1,0
box_detour_turn90,soppi_fast,11405,256,16,1,0.01,0,1,0,420,1.58593,0.384752,82.6199,0,0.303578,0.135687,4.08499,1715.7,1759.16,1720320,4.4148,9.3097,0,4.08568,0,1,0
box_detour_turn90,soppi_fast,11412,256,16,1,0.01,0,1,0,420,1.55977,0.470937,81.069,0,0.296196,0.145099,4.35453,1828.9,1889.47,1720320,5.3909,16.3267,0,4.35511,0,1,0
box_detour_turn90,soppi_fast,11419,256,16,1,0.01,0,1,0,420,1.59443,0.362668,83.3043,0,0.298631,0.142544,4.7715,2004.03,2065.75,1720320,6.1302,18.9396,0,4.77211,0,1,0
box_detour_turn90,soppi_fast,11426,256,16,1,0.01,0,1,0,420,1.56055,0.460184,80.9781,0,0.304274,0.158939,4.916,2064.72,2155,1720320,7.2467,13.3395,0,4.91659,0,1,0
box_detour_turn90,soppi_fast,11433,256,16,1,0.01,0,1,0,420,1.61241,0.399763,85.3685,0,0.292195,0.138501,4.57699,1922.33,1972.97,1720320,5.7021,7.5804,0,4.57763,0,1,0
box_detour_turn90,soppi_fast,11440,256,16,1,0.01,0,1,0,420,1.59047,0.394379,83.1727,0,0.300305,0.125956,9.32438,3916.24,4247.65,1720320,30.2914,76.7624,0,9.32494,0,1,0
box_detour_turn90,soppi_fast,11447,256,16,1,0.01,0,1,0,420,1.58759,0.348984,82.8525,0,0.310208,0.21211,3.90149,1638.62,1686.02,1720320,5.0535,6.5732,0,3.90202,0,1,0
box_detour_turn90,soppi_fast,11454,256,16,1,0.01,0,1,0,420,1.58686,0.39716,83.0178,0,0.297655,0.153805,3.40954,1432.01,1532.11,1720320,4.9294,21.231,0,3.41013,0,1,0
box_detour_turn90,soppi_fast,11461,256,16,1,0.01,0,1,0,420,1.58683,0.333687,82.2503,0,0.297045,0.131866,2.97809,1250.8,1295.49,1720320,4.9272,6.4029,0,2.97865,0,1,0
box_detour_turn90,soppi_fast,11468,256,16,1,0.01,0,1,0,420,1.61137,0.412572,85.6252,0,0.313301,0.178082,6.77951,2847.4,3035.37,1720320,13.7467,33.7254,0,6.78007,0,1,0
box_detour_turn90,soppi_fast,11475,256,16,1,0.01,0,1,0,420,1.58791,0.410271,83.058,0,0.283008,0.112068,5.72678,2405.25,2714.7,1720320,10.0319,14.3728,0,5.72734,0,1,0
box_detour_turn90,soppi_fast,11482,256,16,1,0.01,0,1,0,420,1.63915,0.391196,88.0189,0,0.298933,0.138818,6.47819,2720.84,3070.6,1720320,12.0104,20.4496,0,6.47877,0,1,0
box_detour_turn90,soppi_fast,11489,256,16,1,0.01,0,1,0,420,1.59856,0.375766,83.8837,0,0.337946,0.228278,9.22243,3873.42,4941.46,1720320,31.2972,78.2548,0,9.22303,0,1,0
box_detour_turn90,soppi_fast,11496,256,16,1,0.01,0,1,0,420,1.56114,0.444348,81.027,0,0.310931,0.175888,4.07289,1710.61,1795.32,1720320,6.8338,16.1237,0,4.07349,0,1,0
box_detour_turn90,soppi_fast,11503,256,16,1,0.01,0,1,0,420,1.55945,0.469393,81.1039,0,0.305121,0.190951,4.63796,1947.94,2115.42,1720320,7.1489,14.6859,0,4.63865,0,1,0
box_detour_turn90,soppi_fast,11510,256,16,1,0.01,0,1,0,420,1.59238,0.436402,83.8453,0,0.31702,0.174247,4.72674,1985.23,2138.64,1720320,7.1478,11.2845,0,4.72745,0,1,0
box_detour_turn90,soppi_fast,11517,256,16,1,0.01,0,1,0,420,1.59521,0.372357,83.6232,0,0.314283,0.153915,4.11227,1727.15,1814.8,1720320,6.254,14.2001,0,4.11294,0,1,0
box_detour_turn90,soppi_fast,11524,256,16,1,0.01,0,1,0,420,1.56131,0.431608,80.7564,0,0.2877,0.136868,4.96224,2084.14,2166.79,1720320,7.7421,28.5563,0,4.96281,0,1,0
box_detour_turn90,soppi_fast,11531,256,16,1,0.01,0,1,0,420,1.56734,0.399858,81.0812,0,0.297989,0.139491,4.48206,1882.46,1935.83,1720320,5.3167,6.4715,0,4.48261,0,1,0
box_detour_turn90,soppi_fast,11538,256,16,1,0.01,0,1,0,420,1.58663,0.395195,82.9188,0,0.326064,0.195583,4.71305,1979.48,2042.95,1720320,5.8361,31.9486,0,4.71361,0,1,0
box_detour_turn90,soppi_fast,11545,256,16,1,0.01,0,1,0,420,1.58892,0.365354,82.9456,0,0.286773,0.120456,4.6035,1933.47,1978.14,1720320,5.256,23.8661,0,4.60404,0,1,0
box_detour_turn90,soppi_fast,11552,256,16,1,0.01,0,1,0,420,1.55708,0.47862,80.947,0,0.308357,0.192305,4.14634,1741.46,1782.98,1720320,5.0029,6.5629,0,4.14689,0,1,0
box_detour_turn90,soppi_fast,11559,256,16,1,0.01,0,1,0,420,1.5888,0.410533,83.3433,0,0.295562,0.140628,5.76037,2419.35,2552.78,1720320,9.2596,15.6515,0,5.76092,0,1,0
box_detour_turn_neg,diff_mppi_3,11456,256,16,3,0.01,0,1,0,420,0.712985,0.112508,21.9277,0,0.379095,0.342614,7.10025,2982.11,3063.04,1720320,8.9408,12.4058,0,7.10083,0,1,0
box_detour_turn_neg,diff_mppi_3,11463,256,16,3,0.01,0,1,0,420,0.738763,0.112509,23.006,0,0.368987,0.276695,8.28238,3478.6,3643.89,1720320,11.9101,21.0141,0,8.28295,0,1,0
box_detour_turn_neg,diff_mppi_3,11470,256,16,3,0.01,0,1,0,420,0.674985,0.109341,20.1306,0,0.350385,0.217362,8.7419,3671.6,3782.33,1720320,13.5169,19.3462,0,8.74263,0,1,0
box_detour_turn_neg,diff_mppi_3,11477,256,16,3,0.01,0,1,0,420,0.685186,0.105828,20.7468,0,0.357859,0.277099,7.41219,3113.12,3197.24,1720320,11.8421,26.3492,0,7.41843,0,1,0
box_detour_turn_neg,diff_mppi_3,11484,256,16,3,0.01,0,1,0,420,0.739784,0.119818,22.9022,0,0.3722,0.278298,10.3358,4341.03,4442.73,1720320,19.652,58.8151,0,10.3364,0,1,0
box_detour_turn_neg,diff_mppi_3,11491,256,16,3,0.01,0,1,0,420,0.741109,0.100738,23.3063,0,0.349761,0.225683,7.46339,3134.63,3249.73,1720320,10.8421,15.723,0,7.46401,0,1,0
box_detour_turn_neg,diff_mppi_3,11498,256,16,3,0.01,0,1,0,420,0.681682,0.111007,21.0119,0,0.349898,0.225264,8.16219,3428.12,3516.94,1720320,11.9012,15.9341,0,8.16284,0,1,0
box_detour_turn_neg,diff_mppi_3,11505,256,16,3,0.01,0,1,0,420,0.702932,0.105933,21.8901,0,0.362036,0.252245,9.21509,3870.34,3979.42,1720320,15.1005,36.0809,0,9.21569,0,1,0
box_detour_turn_neg,diff_mppi_3,11512,256,16,3,0.01,0,1,0,420,0.747784,0.0858046,22.7971,0,0.395677,0.358067,7.64668,3211.61,3267.7,1720320,8.6904,9.9749,0,7.64729,0,1,0
box_detour_turn_neg,diff_mppi_3,11519,256,16,3,0.01,0,1,0,420,0.705379,0.111213,21.5235,0,0.378979,0.306457,8.15963,3427.04,3548.52,1720320,11.224,22.9507,0,8.16022,0,1,0
box_detour_turn_neg,diff_mppi_3,11526,256,16,3,0.01,0,1,0,420,0.75465,0.111429,23.6253,0,0.340625,0.232637,7.95151,3339.63,3471.6,1720320,9.9908,13.3755,0,7.95209,0,1,0
box_detour_turn_neg,diff_mppi_3,11533,256,16,3,0.01,0,1,0,420,0.663562,0.0777583,19.9957,0,0.366883,0.290866,8.01467,3366.16,3494.08,1720320,11.9271,16.3943,0,8.01525,0,1,0
box_detour_turn_neg,diff_mppi_3,11540,256,16,3,0.01,0,1,0,420,0.727906,0.116719,22.9067,0,0.376625,0.307001,8.50361,3571.51,3689.46,1720320,12.6211,20.4955,0,8.50421,0,1,0
box_detour_turn_neg,diff_mppi_3,11547,256,16,3,0.01,0,1,0,420,0.749799,0.122976,22.7171,0,0.37956,0.323429,8.85364,3718.53,3840.02,1720320,13.8208,40.1918,0,8.8542,0,1,0
box_detour_turn_neg,diff_mppi_3,11554,256,16,3,0.01,0,1,0,420,0.710411,0.101076,21.7708,0,0.365431,0.287105,8.47598,3559.91,3684.81,1720320,13.0362,19.5589,0,8.47656,0,1,0
box_detour_turn_neg,diff_mppi_3,11561,256,16,3,0.01,0,1,0,420,0.718229,0.0788144,21.682,0,0.355097,0.267289,8.28065,3477.87,3580.2,1720320,11.8694,20.4155,0,8.28197,0,1,0
box_detour_turn_neg,diff_mppi_3,11568,256,16,3,0.01,0,1,0,420,0.748491,0.100926,23.6676,0,0.400027,0.362064,10.2938,4323.41,4442.08,1720320,20.6049,54.8441,0,10.2944,0,1,0
box_detour_turn_neg,diff_mppi_3,11575,256,16,3,0.01,0,1,0,420,0.734902,0.0960908,22.7894,0,0.362201,0.281382,8.21142,3448.79,3522.73,1720320,12.3046,27.5183,0,8.21224,0,1,0
box_detour_turn_neg,diff_mppi_3,11582,256,16,3,0.01,0,1,0,420,0.669541,0.103325,20.6275,0,0.385242,0.296378,9.79042,4111.98,4231.55,1720320,15.5091,30.6198,0,9.79102,0,1,0
box_detour_turn_neg,diff_mppi_3,11589,256,16,3,0.01,0,1,0,420,0.687194,0.0923152,20.5171,0,0.352871,0.232357,8.15976,3427.1,3541.22,1720320,12.5268,17.8283,0,8.16053,0,1,0
box_detour_turn_neg,diff_mppi_3,11596,256,16,3,0.01,0,1,0,420,0.720172,0.0971195,21.745,0,0.341815,0.209134,9.78865,4111.23,4252.88,1720320,16.5376,38.3478,0,9.7893,0,1,0
box_detour_turn_neg,diff_mppi_3,11603,256,16,3,0.01,0,1,0,420,0.689139,0.108245,20.6628,0,0.357588,0.256169,8.30252,3487.06,3599.24,1720320,12.5106,18.1057,0,8.30312,0,1,0
box_detour_turn_neg,diff_mppi_3,11610,256,16,3,0.01,0,1,0,420,0.710468,0.0984322,21.7452,0,0.377864,0.27606,7.57511,3181.54,3270.02,1720320,11.4968,18.8327,0,7.57581,0,1,0
box_detour_turn_neg,diff_mppi_3,11617,256,16,3,0.01,0,1,0,420,0.696391,0.100189,21.579,0,0.353885,0.245702,7.72001,3242.4,3362.03,1720320,11.2117,15.1281,0,7.72066,0,1,0
box_detour_turn_neg,diff_mppi_3,11624,256,16,3,0.01,0,1,0,420,0.665883,0.0842233,20.2188,0,0.401301,0.394471,6.49632,2728.45,2799.52,1720320,8.7801,14.3186,0,6.49696,0,1,0
box_detour_turn_neg,diff_mppi_3,11631,256,16,3,0.01,0,1,0,420,0.686125,0.105464,20.479,0,0.361403,0.250524,7.09314,2979.12,3090.99,1720320,9.907,15.7021,0,7.09376,0,1,0
box_detour_turn_neg,diff_mppi_3,11638,256,16,3,0.01,0,1,0,420,0.704779,0.10293,21.8565,0,0.399005,0.353076,7.48013,3141.66,3199.1,1720320,8.289,10.3679,0,7.48096,0,1,0
box_detour_turn_neg,diff_mppi_3,11645,256,16,3,0.01,0,1,0,420,0.684986,0.126867,20.5322,0,0.377329,0.291174,7.63331,3205.99,3256.43,1720320,8.1766,8.6181,0,7.63395,0,1,0
box_detour_turn_neg,diff_mppi_3,11652,256,16,3,0.01,0,1,0,420,0.669413,0.0934868,20.0336,0,0.398254,0.337789,7.65739,3216.1,3263.66,1720320,8.1964,11.958,0,7.65798,0,1,0
box_detour_turn_neg,diff_mppi_3,11659,256,16,3,0.01,0,1,0,420,0.684481,0.102789,20.5138,0,0.374631,0.311065,7.62353,3201.88,3266.5,1720320,8.31,9.5891,0,7.62416,0,1,0
box_detour_turn_neg,oi_face_auto_mppi,11456,256,16,0,0,0,1,0,420,0.820902,0.25591,28.1767,0,0.625269,0.5875,0.894542,375.708,397.936,1720320,1.1969,2.7592,0,0.89495,0,1,0
box_detour_turn_neg,oi_face_auto_mppi,11463,256,16,0,0,0,1,0,420,0.750028,0.271723,24.8666,0,0.583556,0.502756,0.844349,354.626,388.429,1720320,1.5499,4.7745,0,0.84537,0,1,0
box_detour_turn_neg,oi_face_auto_mppi,11470,256,16,0,0,0,1,0,420,0.799764,0.308909,27.0397,0,0.586956,0.503595,0.884188,371.359,401.502,1720320,1.2877,3.4726,0,0.886558,0,1,0
box_detour_turn_neg,oi_face_auto_mppi,11477,256,16,0,0,0,1,0,420,0.697056,0.314631,23.3648,0,0.613759,0.54271,0.688605,289.214,306.458,1720320,1.1687,1.2195,0,0.688966,0,1,0
box_detour_turn_neg,oi_face_auto_mppi,11484,256,16,0,0,0,1,0,420,0.746597,0.29061,26.3353,0,0.582502,0.502789,0.768853,322.918,351.338,1720320,1.2513,3.0777,0,0.769337,0,1,0
box_detour_turn_neg,oi_face_auto_mppi,11491,256,16,0,0,0,1,0,420,0.745074,0.282959,43.3192,0,0.596123,0.553339,0.983516,413.077,454.556,1720320,2.8149,6.4148,0,0.984042,0,1,0
box_detour_turn_neg,oi_face_auto_mppi,11498,256,16,0,0,0,1,0,420,0.792657,0.357828,27.8747,0,0.601534,0.530712,1.25068,525.285,613.146,1720320,7.4681,20.3761,0,1.25104,0,1,0
box_detour_turn_neg,oi_face_auto_mppi,11505,256,16,0,0,0,1,0,420,0.436022,0.149984,20.68,0,0.582797,0.532695,0.832132,349.496,438.914,1720320,3.0377,8.9821,0,0.832488,0,1,0
box_detour_turn_neg,oi_face_auto_mppi,11512,256,16,0,0,0,1,0,420,0.770428,0.273899,25.7723,0,0.57208,0.499994,0.90767,381.221,418.123,1720320,1.8873,4.9203,0,0.908209,0,1,0
box_detour_turn_neg,oi_face_auto_mppi,11519,256,16,0,0,0,1,0,420,0.664561,0.292205,22.039,0,0.607372,0.539014,0.821181,344.896,372.719,1720320,1.5512,3.7323,0,0.821761,0,1,0
box_detour_turn_neg,oi_face_auto_mppi,11526,256,16,0,0,0,1,0,420,0.770813,0.310839,25.6639,0,0.583163,0.519792,0.910192,382.281,408.621,1720320,1.2141,3.757,0,0.910595,0,1,0
box_detour_turn_neg,oi_face_auto_mppi,11533,256,16,0,0,0,1,0,420,0.719117,0.349757,26.5541,0,0.594402,0.509902,0.883126,370.913,396.457,1720320,1.3628,4.3374,0,0.883501,0,1,0
box_detour_turn_neg,oi_face_auto_mppi,11540,256,16,0,0,0,1,0,420,0.687029,0.261515,24.7207,0,0.568916,0.509547,0.861216,361.711,404.104,1720320,2.5711,8.3796,0,0.861609,0,1,0
box_detour_turn_neg,oi_face_auto_mppi,11547,256,16,0,0,0,1,0,420,0.850183,0.282745,29.0329,0,0.594776,0.517167,0.739751,310.695,350.175,1720320,1.8738,7.371,0,0.740145,0,1,0
box_detour_turn_neg,oi_face_auto_mppi,11554,256,16,0,0,0,1,0,420,0.780763,0.252756,28.8525,0,0.586581,0.528334,0.80568,338.386,378.895,1720320,2.0378,6.3392,0,0.80611,0,1,0
box_detour_turn_neg,oi_face_auto_mppi,11561,256,16,0,0,0,1,0,420,0.767652,0.272486,25.6235,0,0.561435,0.462522,0.596964,250.725,271.853,1720320,1.1901,5.1237,0,0.597334,0,1,0
box_detour_turn_neg,oi_face_auto_mppi,11568,256,16,0,0,0,1,0,420,0.596197,0.249326,19.5232,0,0.612527,0.563557,0.774548,325.31,345.905,1720320,1.1858,2.3569,0,0.774951,0,1,0
box_detour_turn_neg,oi_face_auto_mppi,11575,256,16,0,0,0,1,0,420,0.824944,0.229714,28.4078,0,0.582881,0.539334,0.714557,300.114,322.781,1720320,1.1714,3.1739,0,0.714999,0,1,0
box_detour_turn_neg,oi_face_auto_mppi,11582,256,16,0,0,0,1,0,420,0.643713,0.288902,21.6457,0,0.598382,0.533913,0.715905,300.68,320.574,1720320,1.1688,1.895,0,0.716364,0,1,0
box_detour_turn_neg,oi_face_auto_mppi,11589,256,16,0,0,0,1,0,420,0.818675,0.292092,28.7839,0,0.611615,0.558466,0.947917,398.125,439.084,1720320,2.0776,5.2474,0,0.948386,0,1,0
box_detour_turn_neg,oi_face_auto_mppi,11596,256,16,0,0,0,1,0,420,0.467762,0.205995,17.3278,0,0.593793,0.526005,0.823521,345.879,372.21,1720320,1.37,4.0501,0,0.823958,0,1,0
box_detour_turn_neg,oi_face_auto_mppi,11603,256,16,0,0,0,1,0,420,0.70951,0.311588,26.6743,0,0.633354,0.604239,0.85445,358.869,406.327,1720320,1.9659,8.2176,0,0.854899,0,1,0
box_detour_turn_neg,oi_face_auto_mppi,11610,256,16,0,0,0,1,0,420,0.78159,0.246057,26.2122,0,0.645355,0.613179,0.818514,343.776,379.813,1720320,2.24,5.0808,0,0.818925,0,1,0
box_detour_turn_neg,oi_face_auto_mppi,11617,256,16,0,0,0,1,0,420,0.760208,0.326479,25.2049,0,0.592147,0.506594,0.907817,381.283,417.216,1720320,1.5096,5.2749,0,0.908276,0,1,0
box_detour_turn_neg,oi_face_auto_mppi,11624,256,16,0,0,0,1,0,420,0.735491,0.226749,30.5186,0,0.601121,0.577374,0.941704,395.516,428.592,1720320,1.2407,1.8109,0,0.942287,0,1,0
box_detour_turn_neg,oi_face_auto_mppi,11631,256,16,0,0,0,1,0,420,0.764238,0.293964,29.9095,0,0.590943,0.529256,0.867843,364.494,392.996,1720320,1.2355,3.5301,0,0.868287,0,1,0
box_detour_turn_neg,oi_face_auto_mppi,11638,256,16,0,0,0,1,0,420,0.740584,0.298568,30.4575,0,0.593876,0.542031,0.828361,347.911,374.891,1720320,1.1891,3.4092,0,0.828827,0,1,0
box_detour_turn_neg,oi_face_auto_mppi,11645,256,16,0,0,0,1,0,420,0.833783,0.260743,28.5294,0,0.584869,0.513776,0.900202,378.085,399.134,1720320,1.1621,1.842,0,0.900657,0,1,0
box_detour_turn_neg,oi_face_auto_mppi,11652,256,16,0,0,0,1,0,420,0.818189,0.266549,28.2476,0,0.60563,0.561702,0.882517,370.657,397.302,1720320,1.1684,2.5945,0,0.88299,0,1,0
box_detour_turn_neg,oi_face_auto_mppi,11659,256,16,0,0,0,1,0,420,0.826727,0.237019,29.7764,0,0.576945,0.49131,0.837519,351.758,374.88,1720320,1.1692,2.3816,0,0.838429,0,1,0
box_detour_turn_neg,oi_face_rot_mppi,11456,256,16,0,0,0,1,0,420,0.820902,0.25591,28.1767,0,0.625269,0.5875,0.911424,382.798,402.671,1720320,1.1634,1.2058,0,0.911853,0,1,0
box_detour_turn_neg,oi_face_rot_mppi,11463,256,16,0,0,1,1,1,181,0.247644,0.10125,10.6303,0,0.774359,1.02086,0.912203,165.109,174.36,741376,1.1932,1.433,0,0.912814,0,1,1
box_detour_turn_neg,oi_face_rot_mppi,11470,256,16,0,0,1,1,1,145,0.241602,0.0498526,10.5278,0,0.652746,0.734323,0.913036,132.39,146.527,593920,1.1784,1.646,0,0.913734,0,1,1
box_detour_turn_neg,oi_face_rot_mppi,11477,256,16,0,0,1,1,1,139,0.230521,0.116177,10.744,0,0.622463,0.635691,0.90816,126.234,133.078,569344,1.1801,1.5958,0,0.908862,0,1,1
box_detour_turn_neg,oi_face_rot_mppi,11484,256,16,0,0,1,1,1,170,0.248203,0.0591271,12.6592,0,0.695955,0.814015,0.906197,154.053,164.409,696320,1.1849,2.7036,0,0.906876,0,1,1
box_detour_turn_neg,oi_face_rot_mppi,11491,256,16,0,0,1,1,1,323,0.238187,0.0485076,37.5943,0,0.643563,0.67891,0.995696,321.61,344.764,1323008,1.6969,4.0079,0,0.996277,0,1,1
box_detour_turn_neg,oi_face_rot_mppi,11498,256,16,0,0,1,1,1,144,0.235733,0.0957603,11.7661,0,0.624711,0.714165,0.893297,128.635,140.954,589824,1.464,3.212,0,0.89472,0,1,1
box_detour_turn_neg,oi_face_rot_mppi,11505,256,16,0,0,1,1,1,310,0.249409,0.0591006,17.5228,0,0.586269,0.545312,0.816363,253.072,268.448,1269760,1.1794,1.7714,0,0.816871,0,1,1
box_detour_turn_neg,oi_face_rot_mppi,11512,256,16,0,0,1,1,1,132,0.249823,0.12608,10.7936,0,0.596181,0.595848,0.744564,98.2824,104.604,540672,1.1732,1.2132,0,0.745266,0,1,1
box_detour_turn_neg,oi_face_rot_mppi,11519,256,16,0,0,1,1,1,137,0.241168,0.0242057,10.9018,0,0.694046,0.702098,0.907401,124.314,133.213,561152,1.1919,2.3118,0,0.90808,0,1,1
box_detour_turn_neg,oi_face_rot_mppi,11526,256,16,0,0,1,1,1,171,0.238152,0.0238657,10.0619,0,0.75907,0.917284,0.800817,136.94,147.105,700416,1.1958,2.4612,0,0.80147,0,1,1
box_detour_turn_neg,oi_face_rot_mppi,11533,256,16,0,0,1,1,1,147,0.242908,0.0418152,13.6043,0,0.613889,0.595571,0.863598,126.949,134.939,602112,1.2041,1.4381,0,0.864217,0,1,1
box_detour_turn_neg,oi_face_rot_mppi,11540,256,16,0,0,1,1,1,140,0.249253,0.0160265,13.1127,0,0.656819,0.714817,0.803484,112.488,119.038,573440,1.2,1.2206,0,0.804145,0,1,1
box_detour_turn_neg,oi_face_rot_mppi,11547,256,16,0,0,0,1,0,420,0.850183,0.282745,29.0329,0,0.594776,0.517167,0.920142,386.46,410.45,1720320,1.1683,1.4678,0,0.920596,0,1,0
box_detour_turn_neg,oi_face_rot_mppi,11554,256,16,0,0,1,1,1,171,0.239345,0.220565,15.096,0,0.652441,0.70176,0.929572,158.957,169.339,700416,1.2018,1.3341,0,0.930206,0,1,1
box_detour_turn_neg,oi_face_rot_mppi,11561,256,16,0,0,1,1,1,162,0.14049,0.218408,11.2244,0,0.559084,0.456888,0.925017,149.853,157.426,663552,1.1744,2.6798,0,0.925586,0,1,1
box_detour_turn_neg,oi_face_rot_mppi,11568,256,16,0,0,0,1,0,420,0.345816,0.102433,13.9263,0,0.621758,0.580495,0.907701,381.234,405.575,1720320,1.1929,3.1024,0,0.908141,0,1,0
box_detour_turn_neg,oi_face_rot_mppi,11575,256,16,0,0,0,1,0,420,0.824944,0.229714,28.4078,0,0.582881,0.539334,0.909844,382.134,415.857,1720320,1.1791,2.7125,0,0.910291,0,1,0
box_detour_turn_neg,oi_face_rot_mppi,11582,256,16,0,0,1,1,1,121,0.23944,0.0290102,10.9531,0,0.64036,0.583483,1.00166,121.201,130.138,495616,1.4614,4.5678,0,1.00242,0,1,1
box_detour_turn_neg,oi_face_rot_mppi,11589,256,16,0,0,0,1,0,420,0.818675,0.292092,28.7839,0,0.611615,0.558466,0.892806,374.979,396.857,1720320,1.1671,2.1656,0,0.89327,0,1,0
box_detour_turn_neg,oi_face_rot_mppi,11596,256,16,0,0,0,1,0,420,0.375574,0.0528226,14.9423,0,0.628748,0.5871,0.866301,363.846,386.9,1720320,1.1712,3.5426,0,0.86688,0,1,0
box_detour_turn_neg,oi_face_rot_mppi,11603,256,16,0,0,1,1,1,186,0.23897,0.0242106,14.8988,0,0.812644,1.07339,0.939364,174.722,186.077,761856,1.206,2.1803,0,0.939886,0,1,1
box_detour_turn_neg,oi_face_rot_mppi,11610,256,16,0,0,1,1,1,157,0.249519,0.122735,11.4508,0,0.6382,0.612098,0.829577,130.244,138.975,643072,1.1771,2.511,0,0.830258,0,1,1
box_detour_turn_neg,oi_face_rot_mppi,11617,256,16,0,0,1,1,1,104,0.239503,0.0747054,9.34838,0,0.638955,0.741396,0.888895,92.4451,98.5276,425984,1.1704,1.3979,0,0.889707,0,1,1
box_detour_turn_neg,oi_face_rot_mppi,11624,256,16,0,0,1,1,1,204,0.240116,0.0450648,19.6967,0,0.638553,0.655018,0.945809,192.945,208.685,835584,1.2719,3.0007,0,0.946479,0,1,1
box_detour_turn_neg,oi_face_rot_mppi,11631,256,16,0,0,1,1,1,184,0.247172,0.0224743,17.0585,0,0.625724,0.594748,0.916864,168.703,177.608,753664,1.1929,1.7928,0,0.917523,0,1,1
box_detour_turn_neg,oi_face_rot_mppi,11638,256,16,0,0,1,1,1,185,0.244288,0.00280261,18.7145,0,0.664757,0.688701,0.843736,156.091,166.275,757760,1.1933,2.3007,0,0.844383,0,1,1
box_detour_turn_neg,oi_face_rot_mppi,11645,256,16,0,0,0,1,0,420,0.833783,0.260743,28.5294,0,0.584869,0.513776,0.860235,361.299,389.332,1720320,1.1804,3.7205,0,0.860783,0,1,0
box_detour_turn_neg,oi_face_rot_mppi,11652,256,16,0,0,0,1,0,420,0.818189,0.266549,28.2476,0,0.60563,0.561702,0.669948,281.378,304.516,1720320,1.1801,3.0047,0,0.670436,0,1,0
box_detour_turn_neg,oi_face_rot_mppi,11659,256,16,0,0,0,1,0,420,0.826727,0.237019,29.7764,0,0.576945,0.49131,0.901165,378.489,423.225,1720320,3.8494,12.6328,0,0.902913,0,1,0
box_detour_turn_neg,soppi_fast,11456,256,16,1,0.01,0,1,0,420,0.760173,0.0925596,24.0757,0,0.351298,0.254186,4.94783,2078.09,2220.48,1720320,10.1795,27.1176,0,4.94881,0,1,0
box_detour_turn_neg,soppi_fast,11463,256,16,1,0.01,0,1,0,420,0.760102,0.108975,24.116,0,0.340842,0.21206,4.34814,1826.22,1885.86,1720320,5.151,12.7468,0,4.34899,0,1,0
box_detour_turn_neg,soppi_fast,11470,256,16,1,0.01,0,1,0,420,0.777135,0.114168,24.4526,0,0.348049,0.21953,4.30004,1806.02,1857.49,1720320,5.2148,8.5047,0,4.30077,0,1,0
box_detour_turn_neg,soppi_fast,11477,256,16,1,0.01,0,1,0,420,0.759739,0.120974,24.1928,0,0.35347,0.285056,4.50108,1890.45,1939.58,1720320,4.9717,6.0526,0,4.50174,0,1,0
box_detour_turn_neg,soppi_fast,11484,256,16,1,0.01,0,1,0,420,0.746243,0.103516,23.2541,0,0.340197,0.224494,4.55235,1911.99,1943.43,1720320,4.9526,5.0554,0,4.55295,0,1,0
box_detour_turn_neg,soppi_fast,11491,256,16,1,0.01,0,1,0,420,0.731304,0.0813061,23.0656,0,0.372135,0.287316,4.45922,1872.87,1904.74,1720320,4.9676,5.3119,0,4.45974,0,1,0
box_detour_turn_neg,soppi_fast,11498,256,16,1,0.01,0,1,0,420,0.770423,0.115211,24.6862,0,0.348718,0.242254,4.50634,1892.66,1922.48,1720320,4.9584,5.0814,0,4.50688,0,1,0
box_detour_turn_neg,soppi_fast,11505,256,16,1,0.01,0,1,0,420,0.699274,0.0887932,21.3777,0,0.380915,0.308545,4.58825,1927.07,1957.34,1720320,4.95,5.1143,0,4.58879,0,1,0
box_detour_turn_neg,soppi_fast,11512,256,16,1,0.01,0,1,0,420,0.78653,0.104839,24.8706,0,0.37605,0.320051,4.57217,1920.31,1952.23,1720320,4.9615,5.0555,0,4.57276,0,1,0
box_detour_turn_neg,soppi_fast,11519,256,16,1,0.01,0,1,0,420,0.747314,0.106158,23.4221,0,0.36259,0.266967,4.56168,1915.9,1945.29,1720320,4.9634,5.0963,0,4.56219,0,1,0
box_detour_turn_neg,soppi_fast,11526,256,16,1,0.01,0,1,0,420,0.794857,0.108286,25.551,0,0.364199,0.285668,4.4561,1871.56,1907.55,1720320,4.9552,5.0854,0,4.45669,0,1,0
box_detour_turn_neg,soppi_fast,11533,256,16,1,0.01,0,1,0,420,0.748742,0.0891209,23.5172,0,0.351898,0.252216,4.52057,1898.64,1936.52,1720320,4.9549,5.8303,0,4.52158,0,1,0
box_detour_turn_neg,soppi_fast,11540,256,16,1,0.01,0,1,0,420,0.779077,0.110147,25.5347,0,0.375394,0.298481,4.59175,1928.54,1960.66,1720320,4.9524,9.6851,0,4.59229,0,1,0
box_detour_turn_neg,soppi_fast,11547,256,16,1,0.01,0,1,0,420,0.785177,0.0931345,24.9747,0,0.377892,0.29297,4.57687,1922.29,1952.8,1720320,4.9531,5.1673,0,4.57738,0,1,0
box_detour_turn_neg,soppi_fast,11554,256,16,1,0.01,0,1,0,420,0.773792,0.0877514,25.0051,0,0.360807,0.25797,4.55613,1913.58,1944.12,1720320,4.9626,5.2053,0,4.55663,0,1,0
box_detour_turn_neg,soppi_fast,11561,256,16,1,0.01,0,1,0,420,0.769741,0.109414,24.4444,0,0.335748,0.212627,4.48239,1882.6,1907.29,1720320,4.9704,5.1096,0,4.48277,0,1,0
box_detour_turn_neg,soppi_fast,11568,256,16,1,0.01,0,1,0,420,0.763775,0.114251,24.5563,0,0.388809,0.335926,4.58414,1925.34,1956.38,1720320,4.9711,10.5502,0,4.58464,0,1,0
box_detour_turn_neg,soppi_fast,11575,256,16,1,0.01,0,1,0,420,0.800436,0.0875825,25.7123,0,0.370137,0.297231,4.59426,1929.59,1956.47,1720320,4.9617,5.878,0,4.59473,0,1,0
box_detour_turn_neg,soppi_fast,11582,256,16,1,0.01,0,1,0,420,0.777683,0.106292,24.4568,0,0.373024,0.279119,4.57244,1920.42,1954.27,1720320,4.9496,9.2871,0,4.573,0,1,0
box_detour_turn_neg,soppi_fast,11589,256,16,1,0.01,0,1,0,420,0.739726,0.0982292,23.2747,0,0.382687,0.312028,4.5804,1923.77,1953.05,1720320,4.961,5.1005,0,4.5809,0,1,0
box_detour_turn_neg,soppi_fast,11596,256,16,1,0.01,0,1,0,420,0.738844,0.0952638,23.2176,0,0.359178,0.237726,4.46679,1876.05,1902.75,1720320,4.9609,5.0805,0,4.46725,0,1,0
box_detour_turn_neg,soppi_fast,11603,256,16,1,0.01,0,1,0,420,0.756904,0.110367,23.8824,0,0.374154,0.309545,4.49707,1888.77,1913.62,1720320,4.9664,5.0781,0,4.49749,0,1,0
box_detour_turn_neg,soppi_fast,11610,256,16,1,0.01,0,1,0,420,0.770271,0.106957,24.2554,0,0.370785,0.269639,4.55188,1911.79,1937.2,1720320,4.9518,5.1076,0,4.55232,0,1,0
box_detour_turn_neg,soppi_fast,11617,256,16,1,0.01,0,1,0,420,0.737512,0.0975333,23.2801,0,0.347281,0.22917,4.48901,1885.38,1915.55,1720320,4.9548,5.1323,0,4.4895,0,1,0
box_detour_turn_neg,soppi_fast,11624,256,16,1,0.01,0,1,0,420,0.756295,0.0763176,24.0962,0,0.382265,0.308301,4.46175,1873.93,1905,1720320,4.9618,5.6997,0,4.46236,0,1,0
box_detour_turn_neg,soppi_fast,11631,256,16,1,0.01,0,1,0,420,0.757246,0.1074,23.8508,0,0.358185,0.249104,4.57237,1920.4,1944.98,1720320,4.9591,5.0862,0,4.57282,0,1,0
box_detour_turn_neg,soppi_fast,11638,256,16,1,0.01,0,1,0,420,0.783794,0.106756,24.8419,0,0.352287,0.2226,4.57197,1920.23,1947.34,1720320,4.965,5.1993,0,4.57245,0,1,0
box_detour_turn_neg,soppi_fast,11645,256,16,1,0.01,0,1,0,420,0.730354,0.120223,22.9022,0,0.371014,0.258336,4.48048,1881.8,1918.34,1720320,4.9537,5.089,0,4.48109,0,1,0
box_detour_turn_neg,soppi_fast,11652,256,16,1,0.01,0,1,0,420,0.730343,0.108497,22.8991,0,0.361223,0.226062,4.57994,1923.57,1952.96,1720320,4.9586,5.0911,0,4.58046,0,1,0
box_detour_turn_neg,soppi_fast,11659,256,16,1,0.01,0,1,0,420,0.792579,0.0976896,25.4133,0,0.345716,0.237845,4.60228,1932.96,1958.88,1720320,4.9636,8.5206,0,4.6027,0,1,0
box_detour_wall,diff_mppi_3,10756,256,16,3,0.01,1,1,1,127,0.234108,0.0217959,13.526,0,0.687454,0.766458,8.51424,1081.31,1090.86,520192,9.1991,9.2466,0,8.51489,0,1,1
box_detour_wall,diff_mppi_3,10763,256,16,3,0.01,0,1,0,420,1.27565,0.0687089,52.7571,0,0.346999,0.18425,9.06518,3807.37,3839.63,1720320,9.3829,9.4112,0,9.06565,0,1,0
box_detour_wall,diff_mppi_3,10770,256,16,3,0.01,0,1,0,420,1.26103,0.0394904,51.7598,0,0.354008,0.247634,9.07801,3812.76,3846.69,1720320,9.3466,9.4011,0,9.07853,0,1,0
box_detour_wall,diff_mppi_3,10777,256,16,3,0.01,0,1,0,420,1.27273,0.0430809,52.6116,0,0.341118,0.236256,9.10298,3823.25,3857.7,1720320,9.3802,9.44,0,9.10348,0,1,0
box_detour_wall,diff_mppi_3,10784,256,16,3,0.01,0,1,0,420,1.27697,0.042157,52.888,0,0.340737,0.202546,9.05685,3803.88,3835.82,1720320,9.3104,9.388,0,9.05743,0,1,0
box_detour_wall,diff_mppi_3,10791,256,16,3,0.01,0,1,0,420,0.800299,0.214779,26.868,0,0.357901,0.230509,8.21213,3449.09,3481.26,1720320,8.3569,9.2005,0,8.21259,0,1,0
box_detour_wall,diff_mppi_3,10798,256,16,3,0.01,0,1,0,420,1.25493,0.0592357,51.3731,0,0.349855,0.196992,9.05497,3803.09,3835.49,1720320,9.38,9.4153,0,9.05551,0,1,0
box_detour_wall,diff_mppi_3,10805,256,16,3,0.01,0,1,0,420,0.77611,0.237,25.7149,0,0.328315,0.180493,8.07625,3392.02,3427.49,1720320,8.4061,13.2087,0,8.07674,0,1,0
box_detour_wall,diff_mppi_3,10812,256,16,3,0.01,0,1,0,420,0.802318,0.231922,37.1228,0,0.360506,0.258495,8.34646,3505.51,3541.06,1720320,9.1969,9.6725,0,8.34697,0,1,0
box_detour_wall,diff_mppi_3,10819,256,16,3,0.01,0,1,0,420,0.807898,0.209104,40.3326,0,0.364852,0.25622,6.70055,2814.23,2837.72,1720320,9.3572,9.3943,0,6.70101,0,1,0
box_detour_wall,diff_mppi_3,10826,256,16,3,0.01,0,1,0,420,1.28451,0.0610749,53.7034,0,0.358186,0.220167,5.84532,2455.04,2475.37,1720320,6.1447,6.3617,0,5.84575,0,1,0
box_detour_wall,diff_mppi_3,10833,256,16,3,0.01,0,1,0,420,1.26508,0.0549676,52.1088,0,0.336538,0.17471,5.88384,2471.21,2493.98,1720320,6.1935,6.4723,0,5.88433,0,1,0
box_detour_wall,diff_mppi_3,10840,256,16,3,0.01,1,1,1,101,0.228393,0.0314323,9.91654,0,0.807542,1.1029,5.37705,543.082,548.231,413696,5.9944,6.213,0,5.37787,0,1,1
box_detour_wall,diff_mppi_3,10847,256,16,3,0.01,1,1,1,125,0.246829,0.0148764,12.8007,0,0.676739,0.790021,5.48903,686.129,693.303,512000,6.0474,6.5346,0,5.48968,0,1,1
box_detour_wall,diff_mppi_3,10854,256,16,3,0.01,0,1,0,420,0.79343,0.207012,39.3035,0,0.359232,0.244419,7.59073,3188.11,3219.95,1720320,8.8152,9.1279,0,7.59123,0,1,0
box_detour_wall,diff_mppi_3,10861,256,16,3,0.01,0,1,0,420,1.25975,0.0451807,51.6584,0,0.309389,0.151129,8.46878,3556.89,3587.91,1720320,8.896,9.0603,0,8.46929,0,1,0
box_detour_wall,diff_mppi_3,10868,256,16,3,0.01,0,1,0,420,0.762688,0.218397,25.8912,0,0.385324,0.296349,7.53952,3166.6,3194.19,1720320,8.162,8.843,0,7.53992,0,1,0
box_detour_wall,diff_mppi_3,10875,256,16,3,0.01,0,1,0,420,1.22929,0.0605807,49.4045,0,0.343127,0.206637,8.38318,3520.94,3553.11,1720320,8.831,9.1521,0,8.38407,0,1,0
box_detour_wall,diff_mppi_3,10882,256,16,3,0.01,0,1,0,420,1.27054,0.0384914,52.5386,0,0.363714,0.285891,8.54932,3590.71,3624.15,1720320,8.9856,9.2116,0,8.54977,0,1,0
box_detour_wall,diff_mppi_3,10889,256,16,3,0.01,0,1,0,420,0.775769,0.204447,28.2393,0,0.343193,0.214355,7.77972,3267.48,3301.68,1720320,8.57,8.8652,0,7.78023,0,1,0
box_detour_wall,diff_mppi_3,10896,256,16,3,0.01,0,1,0,420,0.795642,0.212134,27.0704,0,0.360192,0.240901,7.7036,3235.51,3269.73,1720320,8.2209,8.9961,0,7.7041,0,1,0
box_detour_wall,diff_mppi_3,10903,256,16,3,0.01,0,1,0,420,1.27264,0.0582929,52.5204,0,0.371036,0.223737,8.53328,3583.98,3618.44,1720320,8.9952,9.3042,0,8.53378,0,1,0
box_detour_wall,diff_mppi_3,10910,256,16,3,0.01,0,1,0,420,0.799913,0.20038,31.9873,0,0.372815,0.228547,9.38587,3942.07,4096.9,1720320,22.5315,35.3467,0,9.38638,0,1,0
box_detour_wall,diff_mppi_3,10917,256,16,3,0.01,0,1,0,420,1.25107,0.0415185,51.198,0,0.330933,0.198723,8.15528,3425.22,3538.38,1720320,10.9626,34.1832,0,8.1573,0,1,0
box_detour_wall,diff_mppi_3,10924,256,16,3,0.01,1,1,1,231,0.248784,0.069255,18.7703,0,0.469658,0.388252,8.93855,2064.8,2120.13,946176,16.6585,24.7678,0,8.93932,0,1,1
box_detour_wall,diff_mppi_3,10931,256,16,3,0.01,0,1,0,420,1.29098,0.061856,54.0653,0,0.356731,0.208903,8.50634,3572.66,3609.8,1720320,9.0125,9.3668,0,8.50688,0,1,0
box_detour_wall,diff_mppi_3,10938,256,16,3,0.01,0,1,0,420,0.862311,0.466319,51.996,0,0.390602,0.258002,8.42702,3539.35,3572.78,1720320,8.8646,11.2057,0,8.42752,0,1,0
box_detour_wall,diff_mppi_3,10945,256,16,3,0.01,1,1,1,140,0.240487,0.0569633,14.5857,0,0.620982,0.585408,7.84057,1097.68,1109.32,573440,8.5813,9.5905,0,7.84125,0,1,1
box_detour_wall,diff_mppi_3,10952,256,16,3,0.01,0,1,0,420,1.26307,0.0726331,51.7784,0,0.371044,0.254577,8.46002,3553.21,3584.89,1720320,8.9907,9.301,0,8.46041,0,1,0
box_detour_wall,diff_mppi_3,10959,256,16,3,0.01,0,1,0,420,0.801503,0.215907,28.4212,0,0.32914,0.176268,7.6928,3230.98,3261.25,1720320,8.4282,9.3083,0,7.69327,0,1,0
box_detour_wall,oi_face_auto_mppi,10756,256,16,0,0,1,1,1,129,0.234939,0.0162091,11.8184,0,0.619299,0.607561,0.90485,116.726,120.392,528384,1.2091,1.232,0,0.905291,0,1,1
box_detour_wall,oi_face_auto_mppi,10763,256,16,0,0,1,1,1,122,0.242601,0.050547,10.7303,0,0.639613,0.70469,0.97463,118.905,121.756,499712,1.2157,1.2257,0,0.974971,0,1,1
box_detour_wall,oi_face_auto_mppi,10770,256,16,0,0,1,1,1,117,0.228794,0.0338436,10.1765,0,0.656575,0.770978,1.05079,122.943,125.736,479232,1.2034,1.2161,0,1.05115,0,1,1
box_detour_wall,oi_face_auto_mppi,10777,256,16,0,0,1,1,1,125,0.240986,0.0351603,11.3554,0,0.659704,0.753455,1.07503,134.379,137.492,512000,1.2065,1.2111,0,1.07542,0,1,1
box_detour_wall,oi_face_auto_mppi,10784,256,16,0,0,1,1,1,142,0.242475,0.00103996,12.4373,0,0.654688,0.669614,1.06689,151.498,155.799,581632,1.2124,1.2331,0,1.06722,0,1,1
box_detour_wall,oi_face_auto_mppi,10791,256,16,0,0,1,1,1,134,0.22786,0.0538553,10.7238,0,0.59736,0.596114,1.07178,143.618,148.416,548864,1.2124,1.3171,0,1.07212,0,1,1
box_detour_wall,oi_face_auto_mppi,10798,256,16,0,0,1,1,1,125,0.230538,0.0569049,11.2914,0,0.669365,0.712744,1.05096,131.37,136.764,512000,1.2017,1.2144,0,1.05138,0,1,1
box_detour_wall,oi_face_auto_mppi,10805,256,16,0,0,1,1,1,135,0.236373,0.0145098,11.8331,0,0.614268,0.593657,1.07187,144.702,152.021,552960,1.2473,1.6093,0,1.07234,0,1,1
box_detour_wall,oi_face_auto_mppi,10812,256,16,0,0,1,1,1,117,0.24656,0.0103896,10.0804,0,0.623819,0.693372,1.06106,124.144,129.686,479232,1.1982,1.2839,0,1.06161,0,1,1
box_detour_wall,oi_face_auto_mppi,10819,256,16,0,0,1,1,1,136,0.247639,0.0341821,11.3108,0,0.607717,0.587226,1.05444,143.403,149.665,557056,1.1951,1.2611,0,1.05499,0,1,1
box_detour_wall,oi_face_auto_mppi,10826,256,16,0,0,1,1,1,123,0.239536,0.116921,11.7025,0,0.631718,0.628571,1.05012,129.164,134.182,503808,1.195,1.2123,0,1.05072,0,1,1
box_detour_wall,oi_face_auto_mppi,10833,256,16,0,0,1,1,1,105,0.24252,0.0629399,9.85897,0,0.654816,0.680404,1.14325,120.042,125.419,430080,1.2018,10.1391,0,1.1439,0,1,1
box_detour_wall,oi_face_auto_mppi,10840,256,16,0,0,1,1,1,123,0.249282,0.0191939,10.8569,0,0.683736,0.794758,1.06416,130.892,136.34,503808,1.2071,1.2192,0,1.06471,0,1,1
box_detour_wall,oi_face_auto_mppi,10847,256,16,0,0,1,1,1,123,0.246618,0.037704,10.9873,0,0.667501,0.744613,1.04916,129.047,134.524,503808,1.1976,1.2857,0,1.04983,0,1,1
box_detour_wall,oi_face_auto_mppi,10854,256,16,0,0,1,1,1,127,0.230251,0.0884539,10.1301,0,0.672502,0.75767,1.06149,134.809,140.283,520192,1.1928,1.2075,0,1.06197,0,1,1
box_detour_wall,oi_face_auto_mppi,10861,256,16,0,0,1,1,1,114,0.242876,0.0203367,9.82985,0,0.62425,0.632073,1.05279,120.018,124.842,466944,1.1962,1.2072,0,1.05354,0,1,1
box_detour_wall,oi_face_auto_mppi,10868,256,16,0,0,1,1,1,142,0.233072,0.0236524,12.4122,0,0.70515,0.781732,1.02101,144.983,150.467,581632,1.1998,1.2528,0,1.02144,0,1,1
box_detour_wall,oi_face_auto_mppi,10875,256,16,0,0,1,1,1,118,0.226317,0.0250676,10.1722,0,0.645007,0.660061,1.05409,124.383,127.982,483328,1.2085,1.2308,0,1.05456,0,1,1
box_detour_wall,oi_face_auto_mppi,10882,256,16,0,0,1,1,1,120,0.233902,0.0294963,10.5432,0,0.637941,0.66901,1.06028,127.234,130.643,491520,1.1991,1.2119,0,1.0607,0,1,1
box_detour_wall,oi_face_auto_mppi,10889,256,16,0,0,1,1,1,120,0.240629,0.0317452,10.3356,0,0.584423,0.554261,1.08062,129.675,132.989,491520,1.207,1.2146,0,1.08102,0,1,1
box_detour_wall,oi_face_auto_mppi,10896,256,16,0,0,1,1,1,145,0.233137,0.0346147,13.1835,0,0.675594,0.71013,1.0842,157.209,160.652,593920,1.2124,1.2172,0,1.08453,0,1,1
box_detour_wall,oi_face_auto_mppi,10903,256,16,0,0,1,1,1,164,0.23277,0.0357225,11.0344,0,0.714229,0.802845,1.0374,170.134,175.826,671744,1.2003,1.2852,0,1.03786,0,1,1
box_detour_wall,oi_face_auto_mppi,10910,256,16,0,0,1,1,1,118,0.24434,0.038186,10.1978,0,0.630599,0.677404,1.09085,128.72,132.83,483328,1.1998,1.2065,0,1.09122,0,1,1
box_detour_wall,oi_face_auto_mppi,10917,256,16,0,0,1,1,1,146,0.232904,0.0293759,13.4685,0,0.658139,0.686577,1.06128,154.947,160.022,598016,1.2019,1.2089,0,1.06171,0,1,1
box_detour_wall,oi_face_auto_mppi,10924,256,16,0,0,0,1,0,420,0.257889,0.0207489,43.4834,0,0.706403,0.770279,1.08655,456.35,470.596,1720320,1.2088,1.2196,0,1.08682,0,1,0
box_detour_wall,oi_face_auto_mppi,10931,256,16,0,0,1,1,1,136,0.245402,0.000407243,11.7924,0,0.67753,0.754472,1.07623,146.367,150.286,557056,1.2093,1.2211,0,1.07657,0,1,1
box_detour_wall,oi_face_auto_mppi,10938,256,16,0,0,1,1,1,140,0.233736,0.00571637,12.7376,0,0.655189,0.722544,1.04264,145.97,150.117,573440,1.2058,1.2198,0,1.04299,0,1,1
box_detour_wall,oi_face_auto_mppi,10945,256,16,0,0,1,1,1,129,0.232266,0.0470736,11.2146,0,0.641715,0.690985,1.03405,133.392,136.8,528384,1.204,1.2173,0,1.03444,0,1,1
box_detour_wall,oi_face_auto_mppi,10952,256,16,0,0,1,1,1,154,0.24487,0.0285487,12.4986,0,0.621716,0.595892,1.02334,157.595,161.214,630784,1.212,1.2185,0,1.02365,0,1,1
box_detour_wall,oi_face_auto_mppi,10959,256,16,0,0,1,1,1,126,0.242952,0.043928,12.1609,0,0.61259,0.569462,1.05527,132.965,136.838,516096,1.2099,1.2178,0,1.05567,0,1,1
box_detour_wall,oi_face_rot_mppi,10756,256,16,0,0,1,1,1,129,0.239195,0.0167989,11.8647,0,0.613335,0.569989,1.0565,136.289,139.641,528384,1.2115,1.2182,0,1.05685,0,1,1
box_detour_wall,oi_face_rot_mppi,10763,256,16,0,0,1,1,1,119,0.237412,0.0319108,10.617,0,0.646393,0.709709,1.05998,126.137,131.453,487424,1.2056,1.212,0,1.06034,0,1,1
box_detour_wall,oi_face_rot_mppi,10770,256,16,0,0,1,1,1,105,0.244665,0.194355,9.62766,0,0.647516,0.751465,1.04374,109.593,112.784,430080,1.2015,1.2073,0,1.04419,0,1,1
box_detour_wall,oi_face_rot_mppi,10777,256,16,0,0,1,1,1,106,0.241904,0.0228956,10.6807,0,0.655641,0.744935,1.05248,111.563,114.286,434176,1.2092,1.2168,0,1.05291,0,1,1
box_detour_wall,oi_face_rot_mppi,10784,256,16,0,0,1,1,1,139,0.242747,0.0454891,12.3036,0,0.612239,0.596527,1.05187,146.209,150.175,569344,1.2118,1.2275,0,1.05219,0,1,1
box_detour_wall,oi_face_rot_mppi,10791,256,16,0,0,1,1,1,130,0.247726,0.00258057,11.2586,0,0.620497,0.641012,1.05343,136.946,140.755,532480,1.2096,1.216,0,1.05381,0,1,1
box_detour_wall,oi_face_rot_mppi,10798,256,16,0,0,1,1,1,125,0.243053,0.043886,11.3052,0,0.636315,0.678606,1.04803,131.003,135.541,512000,1.2054,1.2162,0,1.0485,0,1,1
box_detour_wall,oi_face_rot_mppi,10805,256,16,0,0,1,1,1,133,0.225722,0.0376787,11.6939,0,0.608179,0.594536,1.04236,138.634,146.41,544768,1.1972,1.2043,0,1.04288,0,1,1
box_detour_wall,oi_face_rot_mppi,10812,256,16,0,0,1,1,1,117,0.247263,0.025454,10.0678,0,0.614575,0.635415,1.03092,120.617,124.772,479232,1.2061,1.2202,0,1.03139,0,1,1
box_detour_wall,oi_face_rot_mppi,10819,256,16,0,0,1,1,1,126,0.248697,0.0239998,10.8178,0,0.611258,0.573485,1.00985,127.242,132.644,516096,1.2005,1.209,0,1.0103,0,1,1
box_detour_wall,oi_face_rot_mppi,10826,256,16,0,0,1,1,1,143,0.249015,0.0180244,12.0358,0,0.65126,0.662886,1.04261,149.094,153.796,585728,1.2025,1.4594,0,1.04305,0,1,1
box_detour_wall,oi_face_rot_mppi,10833,256,16,0,0,1,1,1,143,0.228195,0.0242128,10.5126,0,0.669669,0.704731,1.04308,149.16,154.151,585728,1.2,1.2056,0,1.0435,0,1,1
box_detour_wall,oi_face_rot_mppi,10840,256,16,0,0,1,1,1,119,0.248753,0.0221934,10.6393,0,0.7123,0.851251,1.03344,122.979,129.31,487424,1.2019,1.2137,0,1.03391,0,1,1
box_detour_wall,oi_face_rot_mppi,10847,256,16,0,0,1,1,1,122,0.238582,0.0532481,10.917,0,0.638151,0.690609,1.03951,126.82,131.288,499712,1.2033,1.217,0,1.03998,0,1,1
box_detour_wall,oi_face_rot_mppi,10854,256,16,0,0,1,1,1,145,0.248028,0.0753737,10.3958,0,0.647374,0.661505,0.999643,144.948,150.204,593920,1.2015,1.2141,0,1.00007,0,1,1
box_detour_wall,oi_face_rot_mppi,10861,256,16,0,0,1,1,1,119,0.234924,0.0546888,9.37318,0,0.585579,0.508163,1.01851,121.203,124.908,487424,1.2073,1.2101,0,1.01889,0,1,1
box_detour_wall,oi_face_rot_mppi,10868,256,16,0,0,1,1,1,139,0.24085,0.0405624,12.2517,0,0.696201,0.792267,1.03973,144.522,148.658,569344,1.208,1.2184,0,1.04011,0,1,1
box_detour_wall,oi_face_rot_mppi,10875,256,16,0,0,1,1,1,116,0.238491,0.0419241,10.0876,0,0.62715,0.613951,1.02778,119.222,122.424,475136,1.2065,1.2084,0,1.02816,0,1,1
box_detour_wall,oi_face_rot_mppi,10882,256,16,0,0,1,1,1,119,0.245556,0.0440456,10.479,0,0.631024,0.645133,1.06613,126.869,129.876,487424,1.2056,1.2108,0,1.06649,0,1,1
box_detour_wall,oi_face_rot_mppi,10889,256,16,0,0,1,1,1,123,0.244143,0.00412558,10.4344,0,0.563327,0.498189,1.07781,132.57,135.735,503808,1.207,1.2171,0,1.07815,0,1,1
box_detour_wall,oi_face_rot_mppi,10896,256,16,0,0,1,1,1,146,0.240864,0.0412535,13.208,0,0.661593,0.675971,1.04008,151.851,156.15,598016,1.2066,1.2145,0,1.04046,0,1,1
box_detour_wall,oi_face_rot_mppi,10903,256,16,0,0,1,1,1,130,0.245008,0.201515,11.1976,0,0.846413,1.12114,1.04587,135.963,140.612,532480,1.1958,1.2088,0,1.04623,0,1,1
box_detour_wall,oi_face_rot_mppi,10910,256,16,0,0,1,1,1,116,0.239112,0.033839,10.0669,0,0.654096,0.727021,1.05537,122.423,125.56,475136,1.2047,1.2175,0,1.05573,0,1,1
box_detour_wall,oi_face_rot_mppi,10917,256,16,0,0,1,1,1,148,0.231802,0.0274005,13.5665,0,0.627905,0.628772,1.05597,156.284,161.551,606208,1.2083,1.218,0,1.05633,0,1,1
box_detour_wall,oi_face_rot_mppi,10924,256,16,0,0,0,1,0,420,0.270597,0.0247786,43.5031,0,0.701601,0.757038,1.06003,445.214,456.394,1720320,1.2128,1.2296,0,1.06025,0,1,0
box_detour_wall,oi_face_rot_mppi,10931,256,16,0,0,1,1,1,131,0.246959,0.0240301,11.5456,0,0.672419,0.756253,1.05916,138.75,142.028,536576,1.2124,1.2207,0,1.05947,0,1,1
box_detour_wall,oi_face_rot_mppi,10938,256,16,0,0,1,1,1,140,0.235239,0.0355833,12.7534,0,0.651769,0.712797,1.05296,147.414,151.577,573440,1.2013,1.2141,0,1.0533,0,1,1
box_detour_wall,oi_face_rot_mppi,10945,256,16,0,0,1,1,1,127,0.242074,0.00986806,11.1638,0,0.636686,0.684822,1.06028,134.656,137.695,520192,1.2053,1.2134,0,1.06062,0,1,1
box_detour_wall,oi_face_rot_mppi,10952,256,16,0,0,1,1,1,127,0.232637,0.0331387,11.8751,0,0.633981,0.643386,1.06008,134.63,137.673,520192,1.2132,1.2196,0,1.06043,0,1,1
box_detour_wall,oi_face_rot_mppi,10959,256,16,0,0,1,1,1,140,0.234643,0.00288411,12.5897,0,0.600125,0.545323,1.05044,147.061,151.453,573440,1.2025,1.2162,0,1.05079,0,1,1
box_detour_wall,soppi_fast,10756,256,16,1,0.01,1,1,1,123,0.237903,0.0392906,11.7061,0,0.635277,0.625494,4.67093,574.525,583.305,503808,5.3903,5.7787,0,4.67148,0,1,1
box_detour_wall,soppi_fast,10763,256,16,1,0.01,1,1,1,131,0.239512,0.0123714,13.2807,0,0.611989,0.619823,4.78683,627.075,635.464,536576,5.7572,5.8132,0,4.78742,0,1,1
box_detour_wall,soppi_fast,10770,256,16,1,0.01,0,1,0,420,0.989835,0.366566,51.4527,0,0.381962,0.311575,4.78725,2010.64,2045.91,1720320,5.1759,14.4331,0,4.78787,0,1,0
box_detour_wall,soppi_fast,10777,256,16,1,0.01,0,1,0,420,0.793525,0.246245,41.0442,0,0.368075,0.241026,4.64892,1952.54,1983.3,1720320,5.1732,6.7936,0,4.64944,0,1,0
box_detour_wall,soppi_fast,10784,256,16,1,0.01,1,1,1,120,0.244015,0.0364636,11.7081,0,0.565507,0.580145,4.51937,542.324,549.339,491520,5.0761,5.7294,0,4.51996,0,1,1
box_detour_wall,soppi_fast,10791,256,16,1,0.01,1,1,1,126,0.233257,0.0147022,12.207,0,0.575492,0.490452,4.54163,572.245,580.181,516096,5.0954,5.4582,0,4.54216,0,1,1
box_detour_wall,soppi_fast,10798,256,16,1,0.01,0,1,0,420,1.25024,0.00241319,51.394,0,0.322355,0.188295,4.50827,1893.47,1921.28,1720320,4.9789,5.1155,0,4.50866,0,1,0
box_detour_wall,soppi_fast,10805,256,16,1,0.01,0,1,0,420,0.826063,0.219787,28.9291,0,0.332719,0.196884,4.5957,1930.19,1958.71,1720320,4.9669,5.4565,0,4.59617,0,1,0
box_detour_wall,soppi_fast,10812,256,16,1,0.01,0,1,0,420,0.820236,0.237701,29.6821,0,0.346356,0.241592,4.58281,1924.78,1952,1720320,5.1938,5.7921,0,4.58319,0,1,0
box_detour_wall,soppi_fast,10819,256,16,1,0.01,0,1,0,420,0.85369,0.22417,40.7051,0,0.35638,0.258705,4.87153,2046.04,2074.92,1720320,5.7915,5.8893,0,4.87196,0,1,0
box_detour_wall,soppi_fast,10826,256,16,1,0.01,1,1,1,122,0.231386,0.0476359,11.7099,0,0.615619,0.592705,4.65193,567.535,574.776,499712,5.1082,5.7747,0,4.65257,0,1,1
box_detour_wall,soppi_fast,10833,256,16,1,0.01,1,1,1,113,0.242346,0.0279707,11.8201,0,0.683503,0.727454,4.74176,535.819,544.279,462848,5.4278,5.7944,0,4.74241,0,1,1
box_detour_wall,soppi_fast,10840,256,16,1,0.01,1,1,1,125,0.243649,0.0316475,11.5998,0,0.580048,0.489693,4.63653,579.566,589.068,512000,5.044,5.2176,0,4.63726,0,1,1
box_detour_wall,soppi_fast,10847,256,16,1,0.01,0,1,0,420,0.818944,0.250702,31.404,0,0.33982,0.19167,4.60201,1932.85,1960.46,1720320,5.0657,5.2143,0,4.60245,0,1,0
box_detour_wall,soppi_fast,10854,256,16,1,0.01,0,1,0,420,0.282591,0.0209576,15.3975,0,0.367452,0.232389,4.57608,1921.95,1952.79,1720320,5.0357,7.6761,0,4.57652,0,1,0
box_detour_wall,soppi_fast,10861,256,16,1,0.01,1,1,1,173,0.247879,0.0291708,15.3652,0,0.51688,0.503381,4.63136,801.225,811.919,708608,5.3956,5.7986,0,4.63189,0,1,1
box_detour_wall,soppi_fast,10868,256,16,1,0.01,0,1,0,420,0.821066,0.216738,31.1253,0,0.387075,0.282897,4.48761,1884.79,1911.36,1720320,5.0499,5.1761,0,4.48794,0,1,0
box_detour_wall,soppi_fast,10875,256,16,1,0.01,0,1,0,420,0.797738,0.224141,28.2153,0,0.363035,0.251382,4.46455,1875.11,1903.27,1720320,5.0234,5.3918,0,4.46493,0,1,0
box_detour_wall,soppi_fast,10882,256,16,1,0.01,1,1,1,118,0.237474,0.00658806,11.9607,0,0.678969,0.754586,4.64544,548.162,557.775,483328,5.1133,8.4486,0,4.64621,0,1,1
box_detour_wall,soppi_fast,10889,256,16,1,0.01,1,1,1,158,0.245001,0.0371498,16.6362,0,0.538667,0.479694,4.67393,738.481,750.593,647168,5.1511,5.388,0,4.67483,0,1,1
box_detour_wall,soppi_fast,10896,256,16,1,0.01,0,1,0,420,0.832765,0.228085,29.5883,0,0.376535,0.299959,4.61516,1938.37,1967.54,1720320,5.2136,5.7996,0,4.61559,0,1,0
box_detour_wall,soppi_fast,10903,256,16,1,0.01,1,1,1,126,0.240051,0.0254184,12.9588,0,0.700276,0.848054,4.71754,594.41,604.326,516096,5.1503,10.4271,0,4.71824,0,1,1
box_detour_wall,soppi_fast,10910,256,16,1,0.01,0,1,0,420,0.80944,0.228416,32.3,0,0.366519,0.234549,4.67469,1963.37,1988.3,1720320,5.6123,5.8279,0,4.67507,0,1,0
box_detour_wall,soppi_fast,10917,256,16,1,0.01,1,1,1,242,0.241694,0.0237416,27.7377,0,0.454828,0.409219,4.72727,1144,1159.61,991232,5.1867,5.7462,0,4.72771,0,1,1
box_detour_wall,soppi_fast,10924,256,16,1,0.01,1,1,1,150,0.235556,0.00405121,15.4199,0,0.636455,0.680923,4.58308,687.462,696.286,614400,5.1703,5.8058,0,4.58355,0,1,1
box_detour_wall,soppi_fast,10931,256,16,1,0.01,1,1,1,145,0.248181,0.0119963,14.5219,0,0.494305,0.366491,4.5533,660.228,668.973,593920,5.1418,5.1934,0,4.5538,0,1,1
box_detour_wall,soppi_fast,10938,256,16,1,0.01,1,1,1,142,0.242355,0.0273315,13.87,0,0.629412,0.641695,4.53712,644.272,653.591,581632,5.1122,5.2883,0,4.53764,0,1,1
box_detour_wall,soppi_fast,10945,256,16,1,0.01,1,1,1,133,0.230114,0.0455003,12.8343,0,0.600509,0.610514,4.54007,603.829,612.602,544768,5.1108,5.2056,0,4.54065,0,1,1
box_detour_wall,soppi_fast,10952,256,16,1,0.01,1,1,1,169,0.245898,0.00737101,17.5017,0,0.548264,0.507723,4.60231,777.791,792.672,692224,5.1489,5.6445,0,4.60299,0,1,1
box_detour_wall,soppi_fast,10959,256,16,1,0.01,0,1,0,420,0.814122,0.239201,29.6768,0,0.339097,0.189959,4.45232,1869.97,1894.83,1720320,5.0507,5.8202,0,4.45272,0,1,0
box_detour_wall_far,diff_mppi_3,11056,256,16,3,0.01,0,1,0,420,1.31526,0.0462227,58.9064,0,0.39547,0.326132,9.13382,3836.21,3869.37,1720320,9.388,9.4406,0,9.13431,0,1,0
box_detour_wall_far,diff_mppi_3,11063,256,16,3,0.01,0,1,0,420,0.788438,0.22366,32.9224,0,0.440041,0.443972,8.26748,3472.34,3510.78,1720320,9.1723,9.2621,0,8.26803,0,1,0
box_detour_wall_far,diff_mppi_3,11070,256,16,3,0.01,0,1,0,420,0.818833,0.220158,35.2977,0,0.397217,0.308117,8.31907,3494.01,3526.99,1720320,9.1818,9.2506,0,8.31953,0,1,0
box_detour_wall_far,diff_mppi_3,11077,256,16,3,0.01,0,1,0,420,1.352,0.0486371,61.9776,0,0.392154,0.36179,9.09522,3819.99,3855.48,1720320,9.3807,9.5568,0,9.09572,0,1,0
box_detour_wall_far,diff_mppi_3,11084,256,16,3,0.01,0,1,0,420,0.761846,0.213065,45.0046,0,0.429122,0.440884,8.60187,3612.78,3645.76,1720320,9.2069,9.2529,0,8.60243,0,1,0
box_detour_wall_far,diff_mppi_3,11091,256,16,3,0.01,0,1,0,420,1.34807,0.0394064,61.7405,0,0.388474,0.311023,9.10178,3822.75,3863.75,1720320,9.3841,9.7148,0,9.10237,0,1,0
box_detour_wall_far,diff_mppi_3,11098,256,16,3,0.01,0,1,0,420,0.772365,0.228808,29.3642,0,0.403414,0.328648,7.30804,3069.38,3099.63,1720320,8.5245,9.3379,0,7.30852,0,1,0
box_detour_wall_far,diff_mppi_3,11105,256,16,3,0.01,0,1,0,420,0.785949,0.222657,38.7424,0,0.439566,0.406647,5.42695,2279.32,2300.28,1720320,5.9758,6.1953,0,5.42735,0,1,0
box_detour_wall_far,diff_mppi_3,11112,256,16,3,0.01,0,1,0,420,0.787464,0.184519,31.7025,0,0.414825,0.349207,5.34608,2245.35,2268.73,1720320,5.8396,7.8493,0,5.34655,0,1,0
box_detour_wall_far,diff_mppi_3,11119,256,16,3,0.01,0,1,0,420,1.27678,0.0253349,56.4647,0,0.409572,0.387749,5.85833,2460.5,2480.79,1720320,6.1601,6.3244,0,5.85875,0,1,0
box_detour_wall_far,diff_mppi_3,11126,256,16,3,0.01,1,1,1,156,0.243672,0.0114279,21.3476,0,0.755812,1.02197,7.93537,1237.92,1249.65,638976,8.8312,8.8536,0,7.93602,0,1,1
box_detour_wall_far,diff_mppi_3,11133,256,16,3,0.01,1,1,1,119,0.240786,0.0370834,15.5388,0,0.804622,1.02507,7.72654,919.458,928.337,487424,8.5973,9.0311,0,7.72721,0,1,1
box_detour_wall_far,diff_mppi_3,11140,256,16,3,0.01,0,1,0,420,0.785269,0.189217,32.6124,0,0.409969,0.345877,7.81234,3281.18,3315.53,1720320,8.8103,9.3044,0,7.81285,0,1,0
box_detour_wall_far,diff_mppi_3,11147,256,16,3,0.01,1,1,1,232,0.248991,0.0199296,30.1659,0,0.591235,0.719517,8.26415,1917.28,1934.84,950272,8.9383,9.3549,0,8.26478,0,1,1
box_detour_wall_far,diff_mppi_3,11154,256,16,3,0.01,0,1,0,420,1.28999,0.0179836,56.3891,0,0.359803,0.306214,8.4425,3545.85,3578.09,1720320,8.9558,9.3765,0,8.44295,0,1,0
box_detour_wall_far,diff_mppi_3,11161,256,16,3,0.01,0,1,0,420,1.28546,0.0197522,57.0225,0,0.397447,0.359975,8.43255,3541.67,3576.58,1720320,8.8736,9.3356,0,8.43306,0,1,0
box_detour_wall_far,diff_mppi_3,11168,256,16,3,0.01,0,1,0,420,1.31946,0.0316201,59.7452,0,0.409703,0.401433,8.51679,3577.05,3609.22,1720320,8.8951,9.2521,0,8.51728,0,1,0
box_detour_wall_far,diff_mppi_3,11175,256,16,3,0.01,0,1,0,420,0.799839,0.231059,34.284,0,0.44763,0.454542,7.78548,3269.9,3305.69,1720320,8.4683,8.8597,0,7.78597,0,1,0
box_detour_wall_far,diff_mppi_3,11182,256,16,3,0.01,0,1,0,420,0.791839,0.239368,33.4827,0,0.413957,0.401868,7.72208,3243.28,3277.32,1720320,8.5916,9.2227,0,7.72257,0,1,0
box_detour_wall_far,diff_mppi_3,11189,256,16,3,0.01,1,1,1,128,0.237315,0.0369219,16.1118,0,0.819114,1.28607,7.90176,1011.43,1021.61,524288,8.8749,9.0591,0,7.90238,0,1,1
box_detour_wall_far,diff_mppi_3,11196,256,16,3,0.01,0,1,0,420,0.783149,0.190595,56.3534,0,0.431697,0.37424,8.34828,3506.28,3540.81,1720320,8.8617,13.6384,0,8.34877,0,1,0
box_detour_wall_far,diff_mppi_3,11203,256,16,3,0.01,0,1,0,420,1.35589,0.0412084,62.4241,0,0.380352,0.330885,8.65907,3636.81,3667.5,1720320,9.1544,20.1978,0,8.65956,0,1,0
box_detour_wall_far,diff_mppi_3,11210,256,16,3,0.01,0,1,0,420,0.79602,0.232789,48.6674,0,0.442017,0.458848,8.36803,3514.57,3539.56,1720320,9.196,9.5914,0,8.36855,0,1,0
box_detour_wall_far,diff_mppi_3,11217,256,16,3,0.01,0,1,0,420,1.29401,0.0173709,58.2374,0,0.413662,0.444102,8.55006,3591.02,3634.24,1720320,9.1548,12.4446,0,8.55065,0,1,0
box_detour_wall_far,diff_mppi_3,11224,256,16,3,0.01,0,1,0,420,1.27706,0.038963,56.7173,0,0.416767,0.352063,8.78542,3689.88,3715.03,1720320,9.3358,9.6097,0,8.78592,0,1,0
box_detour_wall_far,diff_mppi_3,11231,256,16,3,0.01,0,1,0,420,1.282,0.0356081,56.6235,0,0.358121,0.243066,8.77944,3687.37,3716.64,1720320,9.3916,9.7212,0,8.77998,0,1,0
box_detour_wall_far,diff_mppi_3,11238,256,16,3,0.01,0,1,0,420,0.779531,0.203613,32.6366,0,0.422143,0.40823,8.48035,3561.75,3587.84,1720320,9.0536,9.8537,0,8.48083,0,1,0
box_detour_wall_far,diff_mppi_3,11245,256,16,3,0.01,0,1,0,420,1.28006,0.0206814,57.6514,0,0.453916,0.536038,9.21024,3868.3,3899.51,1720320,9.7249,10.0853,0,9.21082,0,1,0
box_detour_wall_far,diff_mppi_3,11252,256,16,3,0.01,0,1,0,420,1.31358,0.0238959,58.426,0,0.384352,0.339843,9.32068,3914.69,3940.33,1720320,9.8029,10.0777,0,9.32118,0,1,0
box_detour_wall_far,diff_mppi_3,11259,256,16,3,0.01,0,1,0,420,0.824369,0.223527,48.7759,0,0.402272,0.310229,8.91988,3746.35,3778.63,1720320,9.6616,10.0024,0,8.92045,0,1,0
box_detour_wall_far,oi_face_auto_mppi,11056,256,16,0,0,1,1,1,129,0.239109,0.0244461,15.1605,0,0.668448,0.687256,1.0382,133.928,140.577,528384,1.2727,1.3896,0,1.03874,0,1,1
box_detour_wall_far,oi_face_auto_mppi,11063,256,16,0,0,1,1,1,121,0.248669,0.0722599,14.4489,0,0.700545,0.824427,1.02206,123.669,128.095,495616,1.2691,1.2847,0,1.02259,0,1,1
box_detour_wall_far,oi_face_auto_mppi,11070,256,16,0,0,1,1,1,152,0.240844,0.0423907,15.6639,0,0.668024,0.726672,1.07775,163.817,169.122,622592,1.2671,1.3483,0,1.07819,0,1,1
box_detour_wall_far,oi_face_auto_mppi,11077,256,16,0,0,1,1,1,110,0.246323,0.0525913,14.5554,0,0.719296,0.866872,1.06534,117.187,120.926,450560,1.2796,1.2913,0,1.06584,0,1,1
box_detour_wall_far,oi_face_auto_mppi,11084,256,16,0,0,1,1,1,133,0.249696,0.0167523,14.6866,0,0.688184,0.82063,1.07373,142.806,148.188,544768,1.2785,1.4042,0,1.07421,0,1,1
box_detour_wall_far,oi_face_auto_mppi,11091,256,16,0,0,1,1,1,126,0.23231,0.0166628,15.1387,0,0.685871,0.770689,1.05125,132.458,136.417,516096,1.2873,1.3026,0,1.0517,0,1,1
box_detour_wall_far,oi_face_auto_mppi,11098,256,16,0,0,1,1,1,126,0.24314,0.0231494,14.6128,0,0.637547,0.649874,1.0596,133.509,137.429,516096,1.2735,1.3779,0,1.06008,0,1,1
box_detour_wall_far,oi_face_auto_mppi,11105,256,16,0,0,1,1,1,141,0.249538,0.0120635,17.5039,0,0.760079,0.924047,1.03123,145.404,150.29,577536,1.2575,1.2972,0,1.03168,0,1,1
box_detour_wall_far,oi_face_auto_mppi,11112,256,16,0,0,1,1,1,129,0.244235,0.00905186,15.3048,0,0.688285,0.73797,1.06392,137.246,141.484,528384,1.2544,1.282,0,1.06444,0,1,1
box_detour_wall_far,oi_face_auto_mppi,11119,256,16,0,0,1,1,1,147,0.243938,0.0723897,15.055,0,0.683023,0.739393,1.07324,157.766,162.498,602112,1.2813,1.3455,0,1.07368,0,1,1
box_detour_wall_far,oi_face_auto_mppi,11126,256,16,0,0,1,1,1,169,0.233844,0.0270497,16.2722,0,0.637297,0.635078,1.06691,180.308,185.995,692224,1.2676,1.2947,0,1.06739,0,1,1
box_detour_wall_far,oi_face_auto_mppi,11133,256,16,0,0,1,1,1,142,0.237148,0.0249107,16.183,0,0.693278,0.7707,1.09075,154.887,161.032,581632,1.2715,1.4061,0,1.09124,0,1,1
box_detour_wall_far,oi_face_auto_mppi,11140,256,16,0,0,1,1,1,161,0.236018,0.0551856,16.4165,0,0.756119,0.913846,0.950418,153.017,158.556,659456,1.2718,1.2844,0,0.95088,0,1,1
box_detour_wall_far,oi_face_auto_mppi,11147,256,16,0,0,1,1,1,132,0.230593,0.0227152,14.6806,0,0.720687,0.871663,1.05953,139.858,144.272,540672,1.2725,1.2947,0,1.06,0,1,1
box_detour_wall_far,oi_face_auto_mppi,11154,256,16,0,0,1,1,1,127,0.230822,0.0202377,15.4142,0,0.707914,0.804515,1.07862,136.984,140.689,520192,1.2709,1.296,0,1.07904,0,1,1
box_detour_wall_far,oi_face_auto_mppi,11161,256,16,0,0,1,1,1,133,0.248588,0.0384085,15.7002,0,0.6841,0.721302,1.07996,143.635,147.539,544768,1.2631,1.289,0,1.08041,0,1,1
box_detour_wall_far,oi_face_auto_mppi,11168,256,16,0,0,1,1,1,180,0.247316,0.0141791,16.9839,0,0.727272,0.866316,1.05353,189.636,195.499,737280,1.2741,1.397,0,1.05402,0,1,1
box_detour_wall_far,oi_face_auto_mppi,11175,256,16,0,0,1,1,1,131,0.22942,0.00962349,15.3035,0,0.724147,0.90073,1.08448,142.067,147.53,536576,1.2607,1.2773,0,1.08493,0,1,1
box_detour_wall_far,oi_face_auto_mppi,11182,256,16,0,0,1,1,1,133,0.241926,0.0461286,14.3218,0,0.65754,0.702933,1.01369,134.821,140.433,544768,1.282,1.3115,0,1.01416,0,1,1
box_detour_wall_far,oi_face_auto_mppi,11189,256,16,0,0,1,1,1,134,0.245762,0.00120624,16.2997,0,0.728822,0.919984,1.01787,136.395,141.431,548864,1.2763,1.2882,0,1.01836,0,1,1
box_detour_wall_far,oi_face_auto_mppi,11196,256,16,0,0,1,1,1,133,0.232634,0.0156781,15.2171,0,0.627401,0.662751,1.03311,137.403,141.945,544768,1.2748,1.3229,0,1.03353,0,1,1
box_detour_wall_far,oi_face_auto_mppi,11203,256,16,0,0,1,1,1,174,0.241787,0.0410815,17.0898,0,0.6119,0.591982,1.04792,182.338,187.456,712704,1.2728,1.2938,0,1.04843,0,1,1
box_detour_wall_far,oi_face_auto_mppi,11210,256,16,0,0,1,1,1,128,0.232127,0.0216461,14.2968,0,0.714812,0.820721,1.04394,133.625,138.177,524288,1.255,1.3067,0,1.04449,0,1,1
box_detour_wall_far,oi_face_auto_mppi,11217,256,16,0,0,1,1,1,126,0.235021,0.0268602,14.2336,0,0.69506,0.89853,1.08366,136.542,140.121,516096,1.2669,1.2855,0,1.0841,0,1,1
box_detour_wall_far,oi_face_auto_mppi,11224,256,16,0,0,1,1,1,127,0.243361,0.0116007,14.7386,0,0.624981,0.654606,1.02339,129.971,134.01,520192,1.2631,1.3842,0,1.02386,0,1,1
box_detour_wall_far,oi_face_auto_mppi,11231,256,16,0,0,1,1,1,127,0.241296,0.0244176,15.3303,0,0.662835,0.775173,1.07646,136.711,140.383,520192,1.2766,1.2982,0,1.0769,0,1,1
box_detour_wall_far,oi_face_auto_mppi,11238,256,16,0,0,1,1,1,138,0.243609,0.056538,15.6828,0,0.816259,1.07968,1.06627,147.145,151.128,565248,1.2703,1.3006,0,1.06669,0,1,1
box_detour_wall_far,oi_face_auto_mppi,11245,256,16,0,0,1,1,1,142,0.22796,0.0124093,17.7743,0,0.699912,0.782671,1.06217,150.829,155.249,581632,1.2532,1.2715,0,1.06276,0,1,1
box_detour_wall_far,oi_face_auto_mppi,11252,256,16,0,0,1,1,1,148,0.241667,0.0272254,18.5431,0,0.739872,0.840224,1.07233,158.705,163.544,606208,1.2501,1.2863,0,1.07282,0,1,1
box_detour_wall_far,oi_face_auto_mppi,11259,256,16,0,0,1,1,1,121,0.238311,0.00612113,15.8847,0,0.791739,1.02867,1.07631,130.233,134.539,495616,1.264,1.2847,0,1.07697,0,1,1
box_detour_wall_far,oi_face_rot_mppi,11056,256,16,0,0,1,1,1,129,0.239109,0.0244461,15.1605,0,0.668448,0.687256,1.07972,139.284,143.04,528384,1.2655,1.2852,0,1.08015,0,1,1
box_detour_wall_far,oi_face_rot_mppi,11063,256,16,0,0,1,1,1,123,0.230831,0.046094,14.4472,0,0.666542,0.759347,1.07331,132.017,138.013,503808,1.2636,1.2902,0,1.07384,0,1,1
box_detour_wall_far,oi_face_rot_mppi,11070,256,16,0,0,1,1,1,133,0.232351,0.0343894,14.9223,0,0.640899,0.672144,1.07223,142.606,146.465,544768,1.2704,1.2941,0,1.07263,0,1,1
box_detour_wall_far,oi_face_rot_mppi,11077,256,16,0,0,1,1,1,139,0.241858,0.101797,15.1147,0,0.732883,0.848095,1.0752,149.453,155.877,569344,1.2565,1.4234,0,1.07561,0,1,1
box_detour_wall_far,oi_face_rot_mppi,11084,256,16,0,0,1,1,1,139,0.238716,0.0547917,15.0957,0,0.692713,0.831407,1.03389,143.71,148.2,569344,1.2618,1.2869,0,1.03433,0,1,1
box_detour_wall_far,oi_face_rot_mppi,11091,256,16,0,0,1,1,1,142,0.227825,0.0210238,15.3494,0,0.644475,0.677867,1.03517,146.995,152.959,581632,1.28,1.3329,0,1.03566,0,1,1
box_detour_wall_far,oi_face_rot_mppi,11098,256,16,0,0,1,1,1,126,0.24314,0.0231494,14.6128,0,0.637547,0.649874,1.05833,133.35,138.208,516096,1.2653,1.2916,0,1.05889,0,1,1
box_detour_wall_far,oi_face_rot_mppi,11105,256,16,0,0,1,1,1,143,0.246821,0.00726686,17.6911,0,0.742357,0.88593,0.998736,142.819,148.343,585728,1.2485,1.3048,0,0.999245,0,1,1
box_detour_wall_far,oi_face_rot_mppi,11112,256,16,0,0,1,1,1,128,0.22989,0.0442625,15.2583,0,0.671737,0.70537,1.0056,128.717,134.155,524288,1.261,1.6869,0,1.00618,0,1,1
box_detour_wall_far,oi_face_rot_mppi,11119,256,16,0,0,1,1,1,156,0.2289,0.0749968,15.4938,0,0.67419,0.703257,1.03167,160.94,167.103,638976,1.2599,1.8609,0,1.03218,0,1,1
box_detour_wall_far,oi_face_rot_mppi,11126,256,16,0,0,1,1,1,148,0.24585,0.0203608,15.5515,0,0.630196,0.608694,1.04229,154.259,161.886,606208,1.2582,2.427,0,1.04287,0,1,1
box_detour_wall_far,oi_face_rot_mppi,11133,256,16,0,0,1,1,1,142,0.237148,0.0249107,16.183,0,0.693278,0.7707,1.02427,145.446,151.919,581632,1.2564,1.5506,0,1.02481,0,1,1
box_detour_wall_far,oi_face_rot_mppi,11140,256,16,0,0,1,1,1,149,0.22857,0.0337689,16.2268,0,0.739016,0.888381,1.03437,154.12,160.525,610304,1.2614,1.2936,0,1.03486,0,1,1
box_detour_wall_far,oi_face_rot_mppi,11147,256,16,0,0,1,1,1,158,0.248375,0.0339452,14.9785,0,0.675166,0.77879,1.05957,167.412,173.834,647168,1.2729,1.353,0,1.06005,0,1,1
box_detour_wall_far,oi_face_rot_mppi,11154,256,16,0,0,1,1,1,156,0.235055,0.30198,16.0688,0,0.701076,0.777426,1.01895,158.956,165.195,638976,1.2441,1.2815,0,1.01943,0,1,1
box_detour_wall_far,oi_face_rot_mppi,11161,256,16,0,0,1,1,1,134,0.23134,0.0546317,15.7192,0,0.647144,0.660549,1.06231,142.35,148.782,548864,1.245,1.2908,0,1.06292,0,1,1
box_detour_wall_far,oi_face_rot_mppi,11168,256,16,0,0,1,1,1,154,0.247216,0.0462113,16.3488,0,0.678595,0.731234,1.05935,163.14,169.382,630784,1.2835,1.3009,0,1.05987,0,1,1
box_detour_wall_far,oi_face_rot_mppi,11175,256,16,0,0,1,1,1,131,0.22942,0.00962349,15.3035,0,0.724147,0.90073,1.02181,133.857,140.523,536576,1.2415,1.5893,0,1.02244,0,1,1
box_detour_wall_far,oi_face_rot_mppi,11182,256,16,0,0,1,1,1,144,0.228402,0.0403979,14.4568,0,0.629425,0.643312,1.02161,147.112,154.344,589824,1.2387,2.0645,0,1.02217,0,1,1
box_detour_wall_far,oi_face_rot_mppi,11189,256,16,0,0,1,1,1,136,0.245291,0.0517095,16.3768,0,0.715127,0.898533,1.05555,143.555,149.783,557056,1.2578,1.6314,0,1.05615,0,1,1
box_detour_wall_far,oi_face_rot_mppi,11196,256,16,0,0,1,1,1,132,0.239047,0.0510241,15.1973,0,0.615012,0.626136,1.05521,139.288,144.99,540672,1.2656,1.3714,0,1.05587,0,1,1
box_detour_wall_far,oi_face_rot_mppi,11203,256,16,0,0,1,1,1,156,0.245335,0.0107424,16.4226,0,0.643975,0.664366,1.05979,165.327,171.538,638976,1.2477,1.35,0,1.06029,0,1,1
box_detour_wall_far,oi_face_rot_mppi,11210,256,16,0,0,1,1,1,125,0.238329,0.0375001,14.1764,0,0.70251,0.783504,0.951052,118.882,124.084,512000,1.251,1.3166,0,0.951634,0,1,1
box_detour_wall_far,oi_face_rot_mppi,11217,256,16,0,0,1,1,1,131,0.229124,0.010421,13.9236,0,0.690457,0.880261,1.06877,140.009,145.199,536576,1.2652,1.288,0,1.06946,0,1,1
box_detour_wall_far,oi_face_rot_mppi,11224,256,16,0,0,1,1,1,128,0.238585,0.0565952,14.7857,0,0.605579,0.637803,1.06814,136.722,142.05,524288,1.2398,1.2864,0,1.06867,0,1,1
box_detour_wall_far,oi_face_rot_mppi,11231,256,16,0,0,1,1,1,127,0.241296,0.0244176,15.3303,0,0.662835,0.775173,1.08307,137.55,142.17,520192,1.2509,1.2915,0,1.08355,0,1,1
box_detour_wall_far,oi_face_rot_mppi,11238,256,16,0,0,1,1,1,136,0.235613,0.00229835,15.8549,0,0.72812,0.898767,1.07131,145.698,150.95,557056,1.2725,1.3286,0,1.07182,0,1,1
box_detour_wall_far,oi_face_rot_mppi,11245,256,16,0,0,1,1,1,145,0.226622,0.00538468,17.8698,0,0.681634,0.762278,1.02935,149.255,154.231,593920,1.2508,1.2858,0,1.02985,0,1,1
box_detour_wall_far,oi_face_rot_mppi,11252,256,16,0,0,1,1,1,148,0.241919,0.000839911,18.7797,0,0.72117,0.797701,1.08278,160.252,164.164,606208,1.2683,1.2953,0,1.08315,0,1,1
box_detour_wall_far,oi_face_rot_mppi,11259,256,16,0,0,1,1,1,140,0.229174,6.15669e-05,16.4044,0,0.789783,0.992712,1.07835,150.968,154.716,573440,1.2628,1.2903,0,1.07871,0,1,1
box_detour_wall_far,soppi_fast,11056,256,16,1,0.01,1,1,1,218,0.245647,0.0231187,28.089,0,0.618474,0.708822,4.98161,1085.99,1097.22,892928,5.9562,6.2246,0,4.98208,0,1,1
box_detour_wall_far,soppi_fast,11063,256,16,1,0.01,1,1,1,129,0.245104,0.00130071,16.9334,0,0.881599,1.23243,4.69775,606.01,612.797,528384,5.3242,5.5636,0,4.69834,0,1,1
box_detour_wall_far,soppi_fast,11070,256,16,1,0.01,0,1,0,420,0.826349,0.208269,34.4962,0,0.414321,0.358922,4.61471,1938.18,1962.94,1720320,5.2836,6.0722,0,4.61519,0,1,0
box_detour_wall_far,soppi_fast,11077,256,16,1,0.01,0,1,0,420,0.836953,0.225631,46.9922,0,0.40986,0.342171,4.77088,2003.77,2026.35,1720320,5.369,5.8811,0,4.77134,0,1,0
box_detour_wall_far,soppi_fast,11084,256,16,1,0.01,0,1,0,420,0.82568,0.234975,37.4979,0,0.417925,0.389554,4.73232,1987.57,2011.95,1720320,5.299,5.894,0,4.7328,0,1,0
box_detour_wall_far,soppi_fast,11091,256,16,1,0.01,0,1,0,420,1.35903,0.0396437,63.4995,0,0.414637,0.406519,4.79423,2013.58,2038.25,1720320,5.3663,5.5223,0,4.79476,0,1,0
box_detour_wall_far,soppi_fast,11098,256,16,1,0.01,1,1,1,150,0.233926,0.0262861,19.3882,0,0.796875,1.09996,4.63507,695.261,703.929,614400,5.2769,5.5241,0,4.63597,0,1,1
box_detour_wall_far,soppi_fast,11105,256,16,1,0.01,1,1,1,209,0.241918,0.0253127,26.6531,0,0.590153,0.664084,4.9138,1026.99,1038.87,856064,5.815,6.167,0,4.91435,0,1,1
box_detour_wall_far,soppi_fast,11112,256,16,1,0.01,1,1,1,138,0.233417,0.0103955,17.7084,0,0.820584,1.19095,4.61382,636.707,645.858,565248,5.2522,5.4938,0,4.61459,0,1,1
box_detour_wall_far,soppi_fast,11119,256,16,1,0.01,0,1,0,420,1.31075,0.000529862,59.4059,0,0.375949,0.306761,4.65533,1955.24,1985.05,1720320,5.1747,6.4381,0,4.65588,0,1,0
box_detour_wall_far,soppi_fast,11126,256,16,1,0.01,1,1,1,158,0.24145,0.00891012,19.2309,0,0.67447,0.771151,4.65079,734.825,747.51,647168,5.324,5.4541,0,4.65152,0,1,1
box_detour_wall_far,soppi_fast,11133,256,16,1,0.01,1,1,1,181,0.234164,0.0249928,22.7349,0,0.613893,0.624159,4.85075,877.986,889.708,741376,5.7748,6.3243,0,4.85151,0,1,1
box_detour_wall_far,soppi_fast,11140,256,16,1,0.01,1,1,1,129,0.246086,0.00870687,16.8097,0,0.772759,0.9402,4.61007,594.699,602.909,528384,5.2118,5.3371,0,4.61083,0,1,1
box_detour_wall_far,soppi_fast,11147,256,16,1,0.01,0,1,0,420,1.21732,0.00573175,52.467,0,0.388512,0.367977,4.82564,2026.77,2053.67,1720320,5.4453,6.0955,0,4.82616,0,1,0
box_detour_wall_far,soppi_fast,11154,256,16,1,0.01,0,1,0,420,0.76859,0.22798,33.6373,0,0.389663,0.298305,4.6603,1957.33,1985.15,1720320,5.2439,5.8051,0,4.66082,0,1,0
box_detour_wall_far,soppi_fast,11161,256,16,1,0.01,0,1,0,420,0.815811,0.254086,39.0438,0,0.44065,0.42208,4.77296,2004.64,2028.38,1720320,5.3031,6.13,0,4.77344,0,1,0
box_detour_wall_far,soppi_fast,11168,256,16,1,0.01,1,1,1,128,0.234986,0.00377483,16.3151,0,0.880849,1.28691,4.86345,622.522,630.02,524288,5.5839,5.9016,0,4.86415,0,1,1
box_detour_wall_far,soppi_fast,11175,256,16,1,0.01,1,1,1,157,0.23711,0.0221404,18.6701,0,0.698296,0.935726,4.78153,750.7,760.077,643072,5.4151,5.5608,0,4.78215,0,1,1
box_detour_wall_far,soppi_fast,11182,256,16,1,0.01,1,1,1,141,0.24475,0.0121111,18.1314,0,0.770359,1.00217,4.73846,668.124,677.635,577536,5.3423,5.645,0,4.73913,0,1,1
box_detour_wall_far,soppi_fast,11189,256,16,1,0.01,1,1,1,150,0.24599,0.0398542,18.4836,0,0.801592,1.09988,4.83763,725.645,733.627,614400,5.4703,6.1618,0,4.83828,0,1,1
box_detour_wall_far,soppi_fast,11196,256,16,1,0.01,1,1,1,140,0.244884,0.0399756,18.0495,0,0.680933,0.812403,4.82849,675.989,683.178,573440,5.3899,5.6434,0,4.82903,0,1,1
box_detour_wall_far,soppi_fast,11203,256,16,1,0.01,1,1,1,149,0.237975,0.0203184,19.5649,0,0.798282,1.08299,4.8032,715.677,723.995,610304,5.3507,5.4625,0,4.80378,0,1,1
box_detour_wall_far,soppi_fast,11210,256,16,1,0.01,1,1,1,167,0.248652,0.0244811,20.4327,0,0.689241,0.901006,4.84437,809.01,817.217,684032,5.4301,5.6587,0,4.84488,0,1,1
box_detour_wall_far,soppi_fast,11217,256,16,1,0.01,1,1,1,211,0.240004,0.0237534,26.5479,0,0.640516,0.831901,5.11925,1080.16,1094.83,864256,6.0314,6.2113,0,5.11987,0,1,1
box_detour_wall_far,soppi_fast,11224,256,16,1,0.01,0,1,0,420,1.36479,0.0262682,63.6182,0,0.405458,0.404235,4.80165,2016.69,2038.7,1720320,5.3028,5.417,0,4.80208,0,1,0
box_detour_wall_far,soppi_fast,11231,256,16,1,0.01,1,1,1,202,0.248484,0.0444604,24.0802,0,0.589304,0.752104,4.75264,960.034,975.662,827392,5.3216,5.4385,0,4.75331,0,1,1
box_detour_wall_far,soppi_fast,11238,256,16,1,0.01,1,1,1,142,0.243081,0.0620019,18.4338,0,0.823614,1.20278,4.71665,669.764,680.051,581632,5.5941,6.0511,0,4.71744,0,1,1
box_detour_wall_far,soppi_fast,11245,256,16,1,0.01,1,1,1,175,0.236882,0.0100881,21.8109,0,0.64982,0.780054,4.71909,825.84,835.79,716800,5.3521,6.0966,0,4.72005,0,1,1
box_detour_wall_far,soppi_fast,11252,256,16,1,0.01,1,1,1,135,0.247299,0.0264296,16.9781,0,0.811278,1.08393,4.6642,629.667,638.729,552960,5.3196,6.021,0,4.665,0,1,1
box_detour_wall_far,soppi_fast,11259,256,16,1,0.01,1,1,1,150,0.233348,0.0192038,19.9205,0,0.785412,1.09053,4.80877,721.316,731.415,614400,5.69,6.0654,0,4.8097,0,1,1
box_detour_wall_left,diff_mppi_3,10956,256,16,3,0.01,0,1,0,420,0.779565,0.207566,27.95,0,0.360808,0.250719,8.54826,3590.27,3617.69,1720320,9.4738,9.6575,0,8.54884,0,1,0
box_detour_wall_left,diff_mppi_3,10963,256,16,3,0.01,0,1,0,420,1.27825,0.0502603,52.9613,0,0.328632,0.167348,9.35165,3927.69,3955.21,1720320,9.6653,9.7009,0,9.3522,0,1,0
box_detour_wall_left,diff_mppi_3,10970,256,16,3,0.01,0,1,0,420,0.824674,0.201295,34.9705,0,0.382534,0.293791,8.60359,3613.51,3644.73,1720320,9.5676,9.7706,0,8.60416,0,1,0
box_detour_wall_left,diff_mppi_3,10977,256,16,3,0.01,0,1,0,420,1.2543,0.0281199,51.6115,0,0.362809,0.272164,9.24922,3884.67,3918.95,1720320,9.5703,10.8199,0,9.24981,0,1,0
box_detour_wall_left,diff_mppi_3,10984,256,16,3,0.01,0,1,0,420,0.761897,0.233762,25.2151,0,0.349882,0.216528,7.95402,3340.69,3372.33,1720320,8.6416,19.2705,0,7.95464,0,1,0
box_detour_wall_left,diff_mppi_3,10991,256,16,3,0.01,0,1,0,420,0.805527,0.218258,44.7827,0,0.388619,0.248728,5.80268,2437.13,2466.47,1720320,6.4025,6.7472,0,5.80325,0,1,0
box_detour_wall_left,diff_mppi_3,10998,256,16,3,0.01,0,1,0,420,0.802172,0.204525,30.8422,0,0.359981,0.219657,5.62988,2364.55,2388.12,1720320,6.2515,6.5783,0,5.63042,0,1,0
box_detour_wall_left,diff_mppi_3,11005,256,16,3,0.01,0,1,0,420,1.27604,0.0432235,52.8015,0,0.330995,0.183162,6.60101,2772.42,2799.95,1720320,8.8369,11.0798,0,6.60174,0,1,0
box_detour_wall_left,diff_mppi_3,11012,256,16,3,0.01,0,1,0,420,1.29878,0.0640063,54.6496,0,0.360211,0.205362,8.62426,3622.19,3652.9,1720320,9.2758,9.8972,0,8.62474,0,1,0
box_detour_wall_left,diff_mppi_3,11019,256,16,3,0.01,0,1,0,420,1.2525,0.05396,51.0905,0,0.387304,0.286448,8.5692,3599.06,3635.01,1720320,9.1396,10.3607,0,8.56978,0,1,0
box_detour_wall_left,diff_mppi_3,11026,256,16,3,0.01,0,1,0,420,1.24762,0.0430995,50.7134,0,0.328667,0.190277,8.67488,3643.45,3673.58,1720320,9.3117,9.6293,0,8.67544,0,1,0
box_detour_wall_left,diff_mppi_3,11033,256,16,3,0.01,0,1,0,420,1.27563,0.029739,52.7563,0,0.329864,0.178886,8.61499,3618.29,3654.11,1720320,9.1783,10.4338,0,8.61569,0,1,0
box_detour_wall_left,diff_mppi_3,11040,256,16,3,0.01,0,1,0,420,0.818216,0.219087,31.2027,0,0.35083,0.23485,7.91463,3324.15,3360.96,1720320,9.0093,9.5339,0,7.91524,0,1,0
box_detour_wall_left,diff_mppi_3,11047,256,16,3,0.01,0,1,0,420,1.29112,0.0525508,54.5131,0,0.37484,0.27272,8.54661,3589.58,3627.47,1720320,9.1565,9.7975,0,8.54722,0,1,0
box_detour_wall_left,diff_mppi_3,11054,256,16,3,0.01,0,1,0,420,1.29563,0.0476961,54.462,0,0.348434,0.192931,8.60765,3615.21,3654.09,1720320,9.2505,9.7034,0,8.60826,0,1,0
box_detour_wall_left,diff_mppi_3,11061,256,16,3,0.01,0,1,0,420,0.774621,0.214157,36.015,0,0.372535,0.285987,8.19956,3443.82,3476.42,1720320,9.0605,9.597,0,8.20015,0,1,0
box_detour_wall_left,diff_mppi_3,11068,256,16,3,0.01,0,1,0,420,0.795819,0.28832,28.9666,0,0.359981,0.233942,7.8571,3299.98,3332.9,1720320,8.8229,9.3785,0,7.8577,0,1,0
box_detour_wall_left,diff_mppi_3,11075,256,16,3,0.01,0,1,0,420,0.805585,0.203799,28.5036,0,0.384001,0.297481,7.85452,3298.9,3330.94,1720320,8.6692,9.133,0,7.85509,0,1,0
box_detour_wall_left,diff_mppi_3,11082,256,16,3,0.01,0,1,0,420,1.29967,0.0611699,54.6547,0,0.378193,0.248395,8.68364,3647.13,3686.63,1720320,9.2854,10.1438,0,8.6842,0,1,0
box_detour_wall_left,diff_mppi_3,11089,256,16,3,0.01,0,1,0,420,0.743497,0.233063,26.398,0,0.367344,0.237286,7.87534,3307.64,3340.09,1720320,8.8364,9.6078,0,7.87594,0,1,0
box_detour_wall_left,diff_mppi_3,11096,256,16,3,0.01,0,1,0,420,0.80518,0.217458,28.8481,0,0.393465,0.301771,7.90558,3320.34,3359.79,1720320,8.7158,9.2904,0,7.90619,0,1,0
box_detour_wall_left,diff_mppi_3,11103,256,16,3,0.01,0,1,0,420,1.28309,0.0523506,53.4034,0,0.364796,0.214913,8.657,3635.94,3677.2,1720320,9.2842,10.0075,0,8.65763,0,1,0
box_detour_wall_left,diff_mppi_3,11110,256,16,3,0.01,1,1,1,112,0.232928,0.0010566,11.0295,0,0.792064,1.00945,8.00217,896.243,906.824,458752,8.9668,9.1932,0,8.00316,0,1,1
box_detour_wall_left,diff_mppi_3,11117,256,16,3,0.01,0,1,0,420,1.23289,0.0573804,49.6176,0,0.346763,0.204249,8.69828,3653.28,3700.28,1720320,9.2811,10.9924,0,8.69905,0,1,0
box_detour_wall_left,diff_mppi_3,11124,256,16,3,0.01,0,1,0,420,0.821258,0.215273,28.9555,0,0.342259,0.215571,8.14986,3422.94,3457.59,1720320,8.8626,10.6719,0,8.1505,0,1,0
box_detour_wall_left,diff_mppi_3,11131,256,16,3,0.01,0,1,0,420,1.25061,0.0362784,50.8768,0,0.341159,0.218517,11.89,4993.78,5046.61,1720320,25.5854,41.25,0,11.8906,0,1,0
box_detour_wall_left,diff_mppi_3,11138,256,16,3,0.01,0,1,0,420,0.796103,0.217208,32.8335,0,0.38166,0.261977,7.98873,3355.27,3430.4,1720320,10.0234,16.376,0,7.9893,0,1,0
box_detour_wall_left,diff_mppi_3,11145,256,16,3,0.01,1,1,1,283,0.241912,0.00695583,31.2948,0,0.444465,0.403158,8.59665,2432.85,2460.54,1159168,9.3824,11.8718,0,8.59734,0,1,1
box_detour_wall_left,diff_mppi_3,11152,256,16,3,0.01,0,1,0,420,1.2779,0.0516297,53.2956,0,0.367951,0.24683,8.84057,3713.04,3757.39,1720320,9.4924,10.3399,0,8.84119,0,1,0
box_detour_wall_left,diff_mppi_3,11159,256,16,3,0.01,0,1,0,420,1.26469,0.0436743,51.9689,0,0.338552,0.224303,8.92673,3749.23,3788.13,1720320,9.5641,9.7491,0,8.92739,0,1,0
box_detour_wall_left,oi_face_auto_mppi,10956,256,16,0,0,1,1,1,120,0.232643,0.00451376,10.7811,0,0.596915,0.583179,0.977939,117.353,121.181,491520,1.275,1.2923,0,0.978349,0,1,1
box_detour_wall_left,oi_face_auto_mppi,10963,256,16,0,0,1,1,1,144,0.238795,0.0297816,13.189,0,0.683414,0.747033,0.999278,143.896,149.367,589824,1.2881,1.3761,0,0.999703,0,1,1
box_detour_wall_left,oi_face_auto_mppi,10970,256,16,0,0,1,1,1,135,0.248242,0.00227511,12.0692,0,0.619228,0.689109,0.940063,126.909,130.995,552960,1.2829,1.2968,0,0.940491,0,1,1
box_detour_wall_left,oi_face_auto_mppi,10977,256,16,0,0,1,1,1,125,0.234874,0.0317876,10.9658,0,0.68698,0.750977,0.998234,124.779,128.593,512000,1.2847,1.3092,0,0.998662,0,1,1
box_detour_wall_left,oi_face_auto_mppi,10984,256,16,0,0,1,1,1,131,0.240534,0.0139466,11.7367,0,0.660024,0.771361,0.978689,128.208,133.103,536576,1.2753,1.2961,0,0.979184,0,1,1
box_detour_wall_left,oi_face_auto_mppi,10991,256,16,0,0,1,1,1,129,0.246768,0.0151401,11.4024,0,0.639011,0.676079,1.0042,129.541,133.999,528384,1.2642,1.382,0,1.00465,0,1,1
box_detour_wall_left,oi_face_auto_mppi,10998,256,16,0,0,1,1,1,118,0.232703,0.00150477,10.3449,0,0.591346,0.630837,0.86765,102.383,106.111,483328,1.275,1.2958,0,0.868119,0,1,1
box_detour_wall_left,oi_face_auto_mppi,11005,256,16,0,0,1,1,1,158,0.228176,0.00210198,12.5495,0,0.728377,0.867345,0.973033,153.739,158.748,647168,1.283,1.3185,0,0.973463,0,1,1
box_detour_wall_left,oi_face_auto_mppi,11012,256,16,0,0,1,1,1,125,0.239218,0.0394953,11.8431,0,0.617187,0.6314,1.01121,126.401,130.074,512000,1.2793,1.3052,0,1.01166,0,1,1
box_detour_wall_left,oi_face_auto_mppi,11019,256,16,0,0,1,1,1,139,0.239532,0.0081775,11.0979,0,0.603566,0.588403,0.970967,134.964,139.051,569344,1.2806,1.2965,0,0.971385,0,1,1
box_detour_wall_left,oi_face_auto_mppi,11026,256,16,0,0,1,1,1,149,0.247689,0.0321696,12.8222,0,0.645896,0.67116,1.0001,149.015,154.297,610304,1.2768,1.3147,0,1.00054,0,1,1
box_detour_wall_left,oi_face_auto_mppi,11033,256,16,0,0,1,1,1,149,0.237731,0.0539903,12.4009,0,0.67193,0.785605,1.00005,149.008,153.775,610304,1.2852,1.3052,0,1.00048,0,1,1
box_detour_wall_left,oi_face_auto_mppi,11040,256,16,0,0,1,1,1,139,0.248188,0.0879525,12.1953,0,0.662336,0.686184,0.992641,137.977,142.593,569344,1.2721,1.2952,0,0.993037,0,1,1
box_detour_wall_left,oi_face_auto_mppi,11047,256,16,0,0,1,1,1,149,0.247321,0.0828537,11.4868,0,0.688029,0.862394,0.97095,144.672,149.473,610304,1.2737,1.2901,0,0.971384,0,1,1
box_detour_wall_left,oi_face_auto_mppi,11054,256,16,0,0,1,1,1,130,0.226946,0.00018949,11.6586,0,0.691719,0.787029,0.991479,128.892,133.044,532480,1.2707,1.3243,0,0.991928,0,1,1
box_detour_wall_left,oi_face_auto_mppi,11061,256,16,0,0,1,1,1,166,0.247885,0.0361528,13.8228,0,0.650173,0.712132,0.986919,163.829,172.41,679936,1.2721,1.2987,0,0.987391,0,1,1
box_detour_wall_left,oi_face_auto_mppi,11068,256,16,0,0,1,1,1,119,0.227864,0.00275898,10.3933,0,0.622172,0.637695,0.973385,115.833,121.463,487424,1.2452,1.3005,0,0.97397,0,1,1
box_detour_wall_left,oi_face_auto_mppi,11075,256,16,0,0,1,1,1,121,0.22741,0.0101999,10.7707,0,0.594628,0.566646,1.01968,123.381,129.932,495616,1.2908,3.3966,0,1.02031,0,1,1
box_detour_wall_left,oi_face_auto_mppi,11082,256,16,0,0,1,1,1,133,0.244318,0.0137549,11.031,0,0.661989,0.65485,0.997977,132.731,140.535,544768,1.3446,1.5388,0,0.998561,0,1,1
box_detour_wall_left,oi_face_auto_mppi,11089,256,16,0,0,1,1,1,120,0.24566,0.00710761,10.4163,0,0.574401,0.547084,0.96264,115.517,120.753,491520,1.2755,4.9473,0,0.963178,0,1,1
box_detour_wall_left,oi_face_auto_mppi,11096,256,16,0,0,1,1,1,169,0.23443,0.0674396,10.8731,0,0.614341,0.590958,0.927269,156.708,165.882,692224,1.2698,1.7424,0,0.92782,0,1,1
box_detour_wall_left,oi_face_auto_mppi,11103,256,16,0,0,1,1,1,124,0.230265,0.00151167,10.096,0,0.585156,0.566303,0.99068,122.844,128.629,507904,1.2677,2.259,0,0.991274,0,1,1
box_detour_wall_left,oi_face_auto_mppi,11110,256,16,0,0,1,1,1,117,0.245273,0.00259738,9.998,0,0.593476,0.56482,0.982321,114.932,120.043,479232,1.2676,1.3003,0,0.983201,0,1,1
box_detour_wall_left,oi_face_auto_mppi,11117,256,16,0,0,1,1,1,120,0.245951,0.0033914,10.5633,0,0.574012,0.496482,0.984031,118.084,122.872,491520,1.2614,1.6996,0,0.984563,0,1,1
box_detour_wall_left,oi_face_auto_mppi,11124,256,16,0,0,1,1,1,159,0.237484,0.00963675,14.3777,0,0.706884,0.819468,0.949582,150.984,155.959,651264,1.2756,1.3069,0,0.949978,0,1,1
box_detour_wall_left,oi_face_auto_mppi,11131,256,16,0,0,1,1,1,116,0.230627,0.0295537,10.3538,0,0.628671,0.569855,0.970674,112.598,117.924,475136,1.2581,1.2814,0,0.971163,0,1,1
box_detour_wall_left,oi_face_auto_mppi,11138,256,16,0,0,1,1,1,119,0.22796,0.0536157,11.2398,0,0.588534,0.53952,1.00916,120.09,123.72,487424,1.2852,1.3035,0,1.0096,0,1,1
box_detour_wall_left,oi_face_auto_mppi,11145,256,16,0,0,1,1,1,99,0.247125,0.00183202,9.63623,0,0.759575,1.00696,0.998366,98.8382,102.803,405504,1.2815,1.5595,0,0.998894,0,1,1
box_detour_wall_left,oi_face_auto_mppi,11152,256,16,0,0,1,1,1,175,0.247864,0.00606148,16.9265,0,0.659638,0.623527,0.985448,172.453,178.897,716800,1.2854,1.3657,0,0.985856,0,1,1
box_detour_wall_left,oi_face_auto_mppi,11159,256,16,0,0,1,1,1,326,0.246699,0.0287262,32.877,0,0.83225,1.04543,0.989626,322.618,332.771,1335296,1.2655,1.3039,0,0.989941,0,1,1
box_detour_wall_left,oi_face_rot_mppi,10956,256,16,0,0,1,1,1,120,0.243265,0.00436027,10.7931,0,0.587093,0.586776,0.967482,116.098,119.909,491520,1.2789,1.31,0,0.967908,0,1,1
box_detour_wall_left,oi_face_rot_mppi,10963,256,16,0,0,1,1,1,146,0.235933,0.0257262,13.2303,0,0.661282,0.712798,0.997926,145.697,151.321,598016,1.2706,1.2983,0,0.998416,0,1,1
box_detour_wall_left,oi_face_rot_mppi,10970,256,16,0,0,1,1,1,135,0.245422,0.0111715,12.0303,0,0.581894,0.59735,0.97094,131.077,135.704,552960,1.2785,1.3011,0,0.971384,0,1,1
box_detour_wall_left,oi_face_rot_mppi,10977,256,16,0,0,1,1,1,122,0.241964,0.0313485,10.8393,0,0.674491,0.691375,0.928954,113.332,117.488,499712,1.2764,1.2873,0,0.929421,0,1,1
box_detour_wall_left,oi_face_rot_mppi,10984,256,16,0,0,1,1,1,134,0.232496,0.0028119,11.8311,0,0.638153,0.711027,0.997156,133.619,138.462,548864,1.279,1.3124,0,0.997628,0,1,1
box_detour_wall_left,oi_face_rot_mppi,10991,256,16,0,0,1,1,1,133,0.237415,0.0582883,11.5789,0,0.594171,0.600883,0.907845,120.743,127.862,544768,1.2807,1.7968,0,0.90875,0,1,1
box_detour_wall_left,oi_face_rot_mppi,10998,256,16,0,0,1,1,1,115,0.249626,0.0462022,10.1841,0,0.585669,0.60655,1.00922,116.06,123.441,471040,1.3163,4.0385,0,1.00988,0,1,1
box_detour_wall_left,oi_face_rot_mppi,11005,256,16,0,0,1,1,1,134,0.227876,0.000162866,11.4218,0,0.679727,0.786689,1.00344,134.461,142.484,548864,1.2748,2.7083,0,1.00401,0,1,1
box_detour_wall_left,oi_face_rot_mppi,11012,256,16,0,0,1,1,1,129,0.243438,0.0265689,12.007,0,0.602398,0.608971,0.978393,126.213,132.342,528384,1.2778,2.0844,0,0.978981,0,1,1
box_detour_wall_left,oi_face_rot_mppi,11019,256,16,0,0,1,1,1,136,0.228323,0.0352525,11.6499,0,0.631251,0.608173,0.989628,134.589,141.508,557056,1.2847,1.8596,0,0.990171,0,1,1
box_detour_wall_left,oi_face_rot_mppi,11026,256,16,0,0,1,1,1,146,0.24868,0.0495588,12.5642,0,0.611398,0.609438,0.960209,140.191,145.965,598016,1.2778,1.2991,0,0.960762,0,1,1
box_detour_wall_left,oi_face_rot_mppi,11033,256,16,0,0,1,1,1,149,0.237731,0.0539903,12.4009,0,0.67193,0.785605,0.933515,139.094,144.816,610304,1.2703,1.2952,0,0.934035,0,1,1
box_detour_wall_left,oi_face_rot_mppi,11040,256,16,0,0,1,1,1,159,0.24779,0.0694009,12.5021,0,0.654212,0.651549,0.8794,139.825,146.023,651264,1.2528,1.3276,0,0.879876,0,1,1
box_detour_wall_left,oi_face_rot_mppi,11047,256,16,0,0,1,1,1,127,0.236393,0.030719,11.1611,0,0.712212,0.920474,1.00628,127.798,133.774,520192,1.2863,1.3298,0,1.00678,0,1,1
box_detour_wall_left,oi_face_rot_mppi,11054,256,16,0,0,1,1,1,128,0.247666,0.034316,11.5104,0,0.687534,0.775351,0.959503,122.816,127.928,524288,1.2856,1.3204,0,0.96003,0,1,1
box_detour_wall_left,oi_face_rot_mppi,11061,256,16,0,0,1,1,1,166,0.247885,0.0361528,13.8228,0,0.650173,0.712132,0.935701,155.326,163.678,679936,1.2809,1.5569,0,0.936295,0,1,1
box_detour_wall_left,oi_face_rot_mppi,11068,256,16,0,0,1,1,1,114,0.237991,0.0425114,10.2149,0,0.650587,0.678404,0.928175,105.812,110.959,466944,1.2611,1.4553,0,0.928814,0,1,1
box_detour_wall_left,oi_face_rot_mppi,11075,256,16,0,0,1,1,1,123,0.241159,0.00407012,10.8732,0,0.595652,0.540526,0.952079,117.106,123.808,503808,1.2592,1.6818,0,0.952664,0,1,1
box_detour_wall_left,oi_face_rot_mppi,11082,256,16,0,0,1,1,1,120,0.237157,0.0473686,10.2314,0,0.624708,0.621586,0.950862,114.103,118.594,491520,1.2614,1.3255,0,0.951427,0,1,1
box_detour_wall_left,oi_face_rot_mppi,11089,256,16,0,0,1,1,1,119,0.238645,0.0460515,10.3959,0,0.585139,0.545629,0.981886,116.844,121.86,487424,1.2685,1.2896,0,0.982387,0,1,1
box_detour_wall_left,oi_face_rot_mppi,11096,256,16,0,0,1,1,1,163,0.245676,0.0217586,10.7782,0,0.624358,0.603334,0.986173,160.746,166.288,667648,1.2693,1.3027,0,0.986626,0,1,1
box_detour_wall_left,oi_face_rot_mppi,11103,256,16,0,0,1,1,1,124,0.230265,0.00151167,10.096,0,0.585156,0.566303,0.997567,123.698,128.178,507904,1.2796,1.3407,0,0.998062,0,1,1
box_detour_wall_left,oi_face_rot_mppi,11110,256,16,0,0,1,1,1,118,0.2414,0.0333739,10.0277,0,0.559629,0.474061,0.993178,117.195,121.434,483328,1.2911,1.5372,0,0.993717,0,1,1
box_detour_wall_left,oi_face_rot_mppi,11117,256,16,0,0,1,1,1,116,0.23475,0.0234467,10.4142,0,0.572225,0.518714,0.938075,108.817,112.768,475136,1.2694,1.2865,0,0.938581,0,1,1
box_detour_wall_left,oi_face_rot_mppi,11124,256,16,0,0,1,1,1,157,0.230572,0.0161331,14.2646,0,0.698863,0.79942,0.994852,156.192,163.423,643072,1.264,1.2923,0,0.995574,0,1,1
box_detour_wall_left,oi_face_rot_mppi,11131,256,16,0,0,1,1,1,115,0.2431,0.0366949,10.325,0,0.592676,0.52879,0.915683,105.304,109.181,471040,1.2682,1.2859,0,0.916206,0,1,1
box_detour_wall_left,oi_face_rot_mppi,11138,256,16,0,0,1,1,1,140,0.238835,0.0107463,11.408,0,0.602063,0.558214,0.991144,138.76,145.798,573440,1.276,1.2938,0,0.991717,0,1,1
box_detour_wall_left,oi_face_rot_mppi,11145,256,16,0,0,1,1,1,150,0.22828,0.00253564,10.8734,0,0.720108,0.866395,1.01079,151.619,160.607,614400,1.2709,1.4844,0,1.01143,0,1,1
box_detour_wall_left,oi_face_rot_mppi,11152,256,16,0,0,1,1,1,172,0.249619,0.0402187,16.7457,0,0.654782,0.635278,0.985754,169.55,175.783,704512,1.2654,1.3043,0,0.986215,0,1,1
box_detour_wall_left,oi_face_rot_mppi,11159,256,16,0,0,1,1,1,329,0.232286,0.0312567,32.9371,0,0.82509,1.0381,0.995342,327.468,341.51,1347584,1.2878,1.8588,0,0.995718,0,1,1
box_detour_wall_left,soppi_fast,10956,256,16,1,0.01,1,1,1,286,0.248583,0.0218529,32.1036,0,0.421627,0.298213,5.0497,1444.22,1461.1,1171456,5.7083,6.0608,0,5.05029,0,1,1
box_detour_wall_left,soppi_fast,10963,256,16,1,0.01,1,1,1,127,0.234935,0.00126433,12.7063,0,0.51579,0.403319,4.55433,578.4,586.365,520192,5.2752,5.4622,0,4.55506,0,1,1
box_detour_wall_left,soppi_fast,10970,256,16,1,0.01,0,1,0,420,0.838015,0.212455,33.1781,0,0.372211,0.222905,4.54356,1908.29,1949.36,1720320,5.4301,5.8402,0,4.54413,0,1,0
box_detour_wall_left,soppi_fast,10977,256,16,1,0.01,1,1,1,174,0.24982,0.00625457,19.0736,0,0.477208,0.372075,4.59917,800.255,815.895,712704,5.2027,7.7628,0,4.6001,0,1,1
box_detour_wall_left,soppi_fast,10984,256,16,1,0.01,1,1,1,126,0.23442,0.0229038,12.8918,0,0.70013,0.792512,4.52025,569.552,579.424,516096,5.2571,5.4715,0,4.5211,0,1,1
box_detour_wall_left,soppi_fast,10991,256,16,1,0.01,1,1,1,186,0.229848,0.000376244,20.614,0,0.55924,0.528454,4.58653,853.094,864.674,761856,5.3238,5.6293,0,4.58722,0,1,1
box_detour_wall_left,soppi_fast,10998,256,16,1,0.01,0,1,0,420,1.22605,0.00579596,49.5266,0,0.320691,0.187577,4.47814,1880.82,1911.95,1720320,5.1491,5.4499,0,4.47871,0,1,0
box_detour_wall_left,soppi_fast,11005,256,16,1,0.01,1,1,1,417,0.239335,0.0171378,48.2421,0,0.375208,0.252014,5.02239,2094.34,2128.77,1708032,5.6689,7.0349,0,5.02296,0,1,1
box_detour_wall_left,soppi_fast,11012,256,16,1,0.01,0,1,0,420,1.30607,0.0404797,55.2453,0,0.33982,0.185568,4.75424,1996.78,2027.15,1720320,5.4467,5.8642,0,4.75482,0,1,0
box_detour_wall_left,soppi_fast,11019,256,16,1,0.01,1,1,1,132,0.241946,0.0136725,13.3279,0,0.785627,1.2617,4.60727,608.16,619.956,540672,5.3113,5.479,0,4.60829,0,1,1
box_detour_wall_left,soppi_fast,11026,256,16,1,0.01,0,1,0,420,0.839289,0.223069,32.5308,0,0.354354,0.229269,4.60436,1933.83,1968.25,1720320,5.4044,5.9604,0,4.60491,0,1,0
box_detour_wall_left,soppi_fast,11033,256,16,1,0.01,0,1,0,420,0.825069,0.246527,31.8644,0,0.363791,0.235315,4.51042,1894.38,1933.56,1720320,5.2074,7.3126,0,4.51106,0,1,0
box_detour_wall_left,soppi_fast,11040,256,16,1,0.01,1,1,1,145,0.249929,0.0266739,15.0199,0,0.58545,0.529617,4.51824,655.144,669.323,593920,5.2123,5.5336,0,4.51923,0,1,1
box_detour_wall_left,soppi_fast,11047,256,16,1,0.01,1,1,1,355,0.238896,0.0388009,29.8711,0,0.393682,0.264554,4.67474,1659.53,1694.19,1454080,5.4344,12.4508,0,4.67541,0,1,1
box_detour_wall_left,soppi_fast,11054,256,16,1,0.01,1,1,1,117,0.231607,0.0317115,11.1161,0,0.69877,0.803138,4.35574,509.622,525.009,479232,5.4005,5.6596,0,4.35684,0,1,1
box_detour_wall_left,soppi_fast,11061,256,16,1,0.01,1,1,1,241,0.237864,0.0087034,26.7268,0,0.466659,0.35059,4.89182,1178.93,1199.42,987136,5.6212,5.7943,0,4.89248,0,1,1
box_detour_wall_left,soppi_fast,11068,256,16,1,0.01,0,1,0,420,0.825263,0.273369,34.6109,0,0.370107,0.227109,4.53976,1906.7,1936.78,1720320,5.2917,5.7103,0,4.54031,0,1,0
box_detour_wall_left,soppi_fast,11075,256,16,1,0.01,0,1,0,420,0.824158,0.225919,29.242,0,0.329574,0.170296,4.50936,1893.93,1923.19,1720320,5.3005,5.8966,0,4.50993,0,1,0
box_detour_wall_left,soppi_fast,11082,256,16,1,0.01,1,1,1,132,0.242926,0.02009,13.808,0,0.651573,0.666102,4.57236,603.552,613.675,540672,5.2468,5.6074,0,4.57316,0,1,1
box_detour_wall_left,soppi_fast,11089,256,16,1,0.01,1,1,1,126,0.24253,0.0065225,12.8167,0,0.71743,0.835389,4.6277,583.091,594.183,516096,5.2838,5.6389,0,4.62859,0,1,1
box_detour_wall_left,soppi_fast,11096,256,16,1,0.01,1,1,1,132,0.241161,0.0177754,12.9079,0,0.551008,0.491298,4.66576,615.88,625.069,540672,5.4338,6.4778,0,4.6666,0,1,1
box_detour_wall_left,soppi_fast,11103,256,16,1,0.01,1,1,1,148,0.233147,0.00419337,15.8239,0,0.601002,0.622337,4.63736,686.329,696.858,606208,5.3391,5.5682,0,4.63811,0,1,1
box_detour_wall_left,soppi_fast,11110,256,16,1,0.01,1,1,1,117,0.242097,0.0136048,11.131,0,0.606957,0.591087,4.75235,556.025,563.696,479232,5.4031,5.7602,0,4.7532,0,1,1
box_detour_wall_left,soppi_fast,11117,256,16,1,0.01,1,1,1,132,0.243788,0.00261012,13.2769,0,0.588325,0.553553,4.68711,618.699,628.833,540672,5.221,5.5496,0,4.68808,0,1,1
box_detour_wall_left,soppi_fast,11124,256,16,1,0.01,1,1,1,122,0.248004,0.00871995,12.7011,0,0.64767,0.654906,4.7281,576.828,585.479,499712,5.5095,5.6748,0,4.72893,0,1,1
box_detour_wall_left,soppi_fast,11131,256,16,1,0.01,1,1,1,153,0.236574,0.0132197,15.7729,0,0.590631,0.587847,4.76193,728.575,738.807,626688,5.5222,5.9565,0,4.76267,0,1,1
box_detour_wall_left,soppi_fast,11138,256,16,1,0.01,1,1,1,183,0.246737,0.000145494,20.1082,0,0.521356,0.436722,4.84379,886.413,899.744,749568,5.5122,5.8836,0,4.8445,0,1,1
box_detour_wall_left,soppi_fast,11145,256,16,1,0.01,0,1,0,420,0.821083,0.206907,29.3504,0,0.342204,0.214909,4.52579,1900.83,1938.54,1720320,5.3436,8.12,0,4.52641,0,1,0
box_detour_wall_left,soppi_fast,11152,256,16,1,0.01,1,1,1,146,0.242681,0.01037,15.2732,0,0.626909,0.778952,4.53974,662.803,675.773,598016,5.2391,6.4812,0,4.5406,0,1,1
box_detour_wall_left,soppi_fast,11159,256,16,1,0.01,1,1,1,140,0.244782,0.0327083,13.839,0,0.607253,0.557675,4.58737,642.232,655.938,573440,5.2524,5.7449,0,4.58827,0,1,1
box_open_turn,diff_mppi_3,11156,256,16,3,0.01,0,1,0,420,1.09827,0.199989,41.9314,0,0.344881,0.210626,5.89648,2476.52,2520.13,1720320,6.3589,8.5377,0,5.89715,0,1,0
box_open_turn,diff_mppi_3,11163,256,16,3,0.01,0,1,0,420,1.15406,0.183987,45.5152,0,0.330691,0.246749,5.99743,2518.92,2556.77,1720320,6.2817,7.2626,0,5.99805,0,1,0
box_open_turn,diff_mppi_3,11170,256,16,3,0.01,0,1,0,420,1.14631,0.199406,44.9584,0,0.339346,0.242328,5.78241,2428.61,2467.65,1720320,6.3472,9.6423,0,5.78303,0,1,0
box_open_turn,diff_mppi_3,11177,256,16,3,0.01,0,1,0,420,1.12347,0.205239,43.2189,0,0.317273,0.183843,5.96964,2507.25,2545.39,1720320,6.2741,6.4216,0,5.97028,0,1,0
box_open_turn,diff_mppi_3,11184,256,16,3,0.01,0,1,0,420,1.15442,0.175269,45.4374,0,0.328743,0.206534,3.80105,1596.44,1634.88,1720320,4.1491,7.8645,0,3.80187,0,1,0
box_open_turn,diff_mppi_3,11191,256,16,3,0.01,0,1,0,420,1.09733,0.181198,42.1609,0,0.341232,0.234485,3.92918,1650.26,1679.04,1720320,4.1219,9.9651,0,3.92976,0,1,0
box_open_turn,diff_mppi_3,11198,256,16,3,0.01,0,1,0,420,1.23203,0.208317,50.8901,0,0.334121,0.213025,3.92728,1649.46,1676.95,1720320,4.1362,5.5523,0,3.92781,0,1,0
box_open_turn,diff_mppi_3,11205,256,16,3,0.01,0,1,0,420,1.32865,0.18239,57.8971,0,0.320485,0.189125,3.92059,1646.65,1675.29,1720320,4.1218,10.5999,0,3.92156,0,1,0
box_open_turn,diff_mppi_3,11212,256,16,3,0.01,0,1,0,420,1.217,0.202522,49.9686,0,0.317049,0.166691,3.91157,1642.86,1677.31,1720320,4.1357,6.1304,0,3.91223,0,1,0
box_open_turn,diff_mppi_3,11219,256,16,3,0.01,0,1,0,420,1.17245,0.186956,47.1679,0,0.340318,0.218208,5.56246,2336.23,2373.77,1720320,6.2492,6.9034,0,5.56308,0,1,0
box_open_turn,diff_mppi_3,11226,256,16,3,0.01,0,1,0,420,1.16187,0.185563,45.8939,0,0.321919,0.187045,5.64897,2372.57,2407.1,1720320,6.2417,7.5349,0,5.64959,0,1,0
box_open_turn,diff_mppi_3,11233,256,16,3,0.01,0,1,0,420,1.2174,0.185222,49.9441,0,0.339351,0.237515,5.63005,2364.62,2405.28,1720320,6.292,8.6132,0,5.63076,0,1,0
box_open_turn,diff_mppi_3,11240,256,16,3,0.01,0,1,0,420,1.18033,0.187976,47.2232,0,0.328267,0.189898,5.67798,2384.75,2427.24,1720320,6.3015,9.3177,0,5.67863,0,1,0
box_open_turn,diff_mppi_3,11247,256,16,3,0.01,0,1,0,420,1.21097,0.183459,49.3743,0,0.336153,0.213338,5.64675,2371.64,2410.48,1720320,6.2867,6.7869,0,5.64737,0,1,0
box_open_turn,diff_mppi_3,11254,256,16,3,0.01,0,1,0,420,1.11454,0.193845,42.774,0,0.345263,0.225264,5.19142,2180.4,2223.83,1720320,6.1859,10.3139,0,5.19205,0,1,0
box_open_turn,diff_mppi_3,11261,256,16,3,0.01,0,1,0,420,1.20824,0.197823,49.7959,0,0.316067,0.200362,5.59852,2351.38,2393.47,1720320,6.2626,9.0664,0,5.59937,0,1,0
box_open_turn,diff_mppi_3,11268,256,16,3,0.01,0,1,0,420,1.23097,0.186213,50.6769,0,0.313887,0.165791,5.61981,2360.32,2398.85,1720320,6.2541,7.8933,0,5.62057,0,1,0
box_open_turn,diff_mppi_3,11275,256,16,3,0.01,0,1,0,420,1.14776,0.192683,44.8918,0,0.351067,0.282707,5.61451,2358.09,2396.94,1720320,6.2465,7.2448,0,5.61519,0,1,0
box_open_turn,diff_mppi_3,11282,256,16,3,0.01,0,1,0,420,1.19081,0.190854,47.9552,0,0.331505,0.195426,5.5572,2334.02,2365.32,1720320,6.3047,7.4729,0,5.5578,0,1,0
box_open_turn,diff_mppi_3,11289,256,16,3,0.01,0,1,0,420,1.24725,0.179828,51.6849,0,0.32132,0.189069,5.40343,2269.44,2307.61,1720320,6.1236,7.107,0,5.40411,0,1,0
box_open_turn,diff_mppi_3,11296,256,16,3,0.01,0,1,0,420,1.20609,0.193971,48.8712,0,0.342996,0.221525,5.45991,2293.16,2345.98,1720320,6.0084,8.1667,0,5.46055,0,1,0
box_open_turn,diff_mppi_3,11303,256,16,3,0.01,0,1,0,420,1.20024,0.204708,48.8067,0,0.312657,0.163226,5.30459,2227.93,2287.9,1720320,6.063,8.0383,0,5.30523,0,1,0
box_open_turn,diff_mppi_3,11310,256,16,3,0.01,0,1,0,420,1.16067,0.205812,46.1104,0,0.308525,0.18034,5.53294,2323.84,2366.14,1720320,6.0224,6.321,0,5.53354,0,1,0
box_open_turn,diff_mppi_3,11317,256,16,3,0.01,0,1,0,420,1.23474,0.207353,51.2053,0,0.325619,0.196175,5.25614,2207.58,2251.14,1720320,6.0027,9.1991,0,5.25689,0,1,0
box_open_turn,diff_mppi_3,11324,256,16,3,0.01,0,1,0,420,1.13086,0.215432,44.0666,0,0.311136,0.171638,5.20056,2184.23,2228.19,1720320,5.9699,7.7385,0,5.20156,0,1,0
box_open_turn,diff_mppi_3,11331,256,16,3,0.01,0,1,0,420,1.16547,0.186209,46.1681,0,0.333405,0.217669,5.37937,2259.34,2298.38,1720320,6.0147,6.1874,0,5.37996,0,1,0
box_open_turn,diff_mppi_3,11338,256,16,3,0.01,0,1,0,420,1.16684,0.203447,46.3781,0,0.304611,0.165539,5.50844,2313.55,2356.58,1720320,6.0153,6.1418,0,5.50906,0,1,0
box_open_turn,diff_mppi_3,11345,256,16,3,0.01,0,1,0,420,1.17171,0.203245,46.9077,0,0.327823,0.180142,5.47413,2299.14,2378.49,1720320,6.7743,26.0283,0,5.47486,0,1,0
box_open_turn,diff_mppi_3,11352,256,16,3,0.01,0,1,0,420,1.13809,0.226695,44.1895,0,0.339937,0.237753,3.70492,1556.07,1605.51,1720320,6.1854,25.5519,0,3.7056,0,1,0
box_open_turn,diff_mppi_3,11359,256,16,3,0.01,0,1,0,420,1.15405,0.198308,45.4565,0,0.339372,0.239383,2.5242,1060.16,1100.51,1720320,2.6046,2.9571,0,2.52475,0,1,0
box_open_turn,oi_face_auto_mppi,11156,256,16,0,0,0,1,0,420,1.29065,0.275865,55.9418,0,0.582082,0.504431,0.178997,75.1789,88.1208,1720320,0.241,1.0621,0,0.179285,0,1,0
box_open_turn,oi_face_auto_mppi,11163,256,16,0,0,1,1,1,358,0.244029,0.120191,16.1614,0,0.731255,0.897784,0.204708,73.2853,85.3535,1466368,0.2718,2.2171,0,0.204998,0,1,1
box_open_turn,oi_face_auto_mppi,11170,256,16,0,0,0,1,0,420,1.09324,0.292181,42.4415,0,0.609025,0.582752,0.177554,74.5728,87.7945,1720320,0.2202,0.4514,0,0.1778,0,1,0
box_open_turn,oi_face_auto_mppi,11177,256,16,0,0,1,1,1,163,0.247439,0.0888174,15.1187,0,0.791319,0.969889,0.174875,28.5047,33.7084,667648,0.2021,0.3823,0,0.175223,0,1,1
box_open_turn,oi_face_auto_mppi,11184,256,16,0,0,1,1,1,318,0.197196,0.242392,15.7894,0,0.693995,0.775161,0.233431,74.2311,93.344,1302528,0.4459,3.9486,0,0.233783,0,1,1
box_open_turn,oi_face_auto_mppi,11191,256,16,0,0,0,1,0,420,1.21801,0.274069,50.9176,0,0.651975,0.684422,0.181807,76.3589,91.4557,1720320,0.2199,0.478,0,0.182076,0,1,0
box_open_turn,oi_face_auto_mppi,11198,256,16,0,0,0,1,0,420,1.14022,0.276751,45.3802,0,0.607238,0.541316,0.229429,96.3601,111.465,1720320,0.3421,8.9995,0,0.229672,0,1,0
box_open_turn,oi_face_auto_mppi,11205,256,16,0,0,1,1,1,151,0.236682,0.172157,14.0685,0,0.810307,1.04261,0.175451,26.4931,31.1958,618496,0.2187,0.2836,0,0.175868,0,1,1
box_open_turn,oi_face_auto_mppi,11212,256,16,0,0,1,1,1,143,0.225132,0.0685452,15.7667,0,0.802678,0.994263,0.158999,22.7368,26.4517,585728,0.1935,0.2451,0,0.159399,0,1,1
box_open_turn,oi_face_auto_mppi,11219,256,16,0,0,1,1,1,127,0.239298,0.0399528,14.4767,0,0.748157,0.824769,0.186962,23.7442,28.369,520192,0.3698,0.4528,0,0.187353,0,1,1
box_open_turn,oi_face_auto_mppi,11226,256,16,0,0,1,1,1,303,0.249604,0.235997,17.4364,0,0.706393,0.815406,0.202032,61.2156,73.815,1241088,0.3139,0.4372,0,0.202315,0,1,1
box_open_turn,oi_face_auto_mppi,11233,256,16,0,0,0,1,0,420,0.292702,0.120033,19.8027,0,0.696778,0.870682,0.164192,68.9607,81.4707,1720320,0.1893,0.2578,0,0.164423,0,1,0
box_open_turn,oi_face_auto_mppi,11240,256,16,0,0,1,1,1,141,0.245787,0.131828,13.7418,0,0.749295,0.92624,0.153274,21.6116,24.744,577536,0.1846,0.2398,0,0.153574,0,1,1
box_open_turn,oi_face_auto_mppi,11247,256,16,0,0,1,1,1,132,0.245091,0.20459,13.0266,0,0.865362,1.21228,0.168667,22.264,26.2904,540672,0.21,0.34,0,0.168999,0,1,1
box_open_turn,oi_face_auto_mppi,11254,256,16,0,0,1,1,1,192,0.249887,0.0140634,14.3903,0,0.757461,0.982553,0.152735,29.3251,33.6134,786432,0.1789,0.2864,0,0.152991,0,1,1
box_open_turn,oi_face_auto_mppi,11261,256,16,0,0,1,1,1,126,0.234396,0.0997568,15.564,0,0.928717,1.25395,0.164088,20.6751,23.8978,516096,0.188,0.2945,0,0.16442,0,1,1
box_open_turn,oi_face_auto_mppi,11268,256,16,0,0,0,1,0,420,1.2091,0.271396,49.9737,0,0.612838,0.607951,0.155906,65.4805,74.9627,1720320,0.184,0.2711,0,0.156175,0,1,0
box_open_turn,oi_face_auto_mppi,11275,256,16,0,0,1,1,1,146,0.245331,0.138532,15.5515,0,0.730277,0.834558,0.143184,20.9048,23.6994,598016,0.1643,0.1817,0,0.143434,0,1,1
box_open_turn,oi_face_auto_mppi,11282,256,16,0,0,1,1,1,123,0.238064,0.0800229,14.6916,0,0.874432,1.1766,0.169472,20.845,24.273,503808,0.2138,0.2668,0,0.169846,0,1,1
box_open_turn,oi_face_auto_mppi,11289,256,16,0,0,1,1,1,148,0.225098,0.101856,16.3258,0,0.889698,1.26009,0.153107,22.6599,26.0571,606208,0.2014,0.3285,0,0.153405,0,1,1
box_open_turn,oi_face_auto_mppi,11296,256,16,0,0,0,1,0,420,0.414557,0.0657869,15.1132,0,0.628692,0.650983,0.16638,69.8795,81.3514,1720320,0.2053,0.2695,0,0.166677,0,1,0
box_open_turn,oi_face_auto_mppi,11303,256,16,0,0,1,1,1,120,0.241689,0.0864641,13.3352,0,0.82627,1.04244,0.164359,19.7231,22.8952,491520,0.1998,0.4264,0,0.164733,0,1,1
box_open_turn,oi_face_auto_mppi,11310,256,16,0,0,1,1,1,329,0.233405,0.172454,15.1948,0,0.639922,0.676315,0.144951,47.6888,53.9937,1347584,0.1763,0.2225,0,0.14516,0,1,1
box_open_turn,oi_face_auto_mppi,11317,256,16,0,0,1,1,1,115,0.248907,0.110709,13.2132,0,0.692228,0.700042,0.147306,16.9402,19.1486,471040,0.1783,0.2262,0,0.14764,0,1,1
box_open_turn,oi_face_auto_mppi,11324,256,16,0,0,0,1,0,420,1.33637,0.353043,60.0651,0,0.505183,0.36614,0.157854,66.2987,76.1063,1720320,0.1871,0.2393,0,0.15805,0,1,0
box_open_turn,oi_face_auto_mppi,11331,256,16,0,0,0,1,0,420,0.307709,0.177775,19.0391,0,0.646716,0.686414,0.141773,59.5447,66.8407,1720320,0.1762,0.3007,0,0.141924,0,1,0
box_open_turn,oi_face_auto_mppi,11338,256,16,0,0,0,1,0,420,1.18042,0.289282,48.3389,0,0.665759,0.716343,0.164092,68.9184,79.0414,1720320,0.1914,0.2522,0,0.164279,0,1,0
box_open_turn,oi_face_auto_mppi,11345,256,16,0,0,0,1,0,420,0.985284,0.314309,36.8136,0,0.591582,0.54065,0.154649,64.9525,73.8997,1720320,0.1847,0.2498,0,0.154846,0,1,0
box_open_turn,oi_face_auto_mppi,11352,256,16,0,0,1,1,1,119,0.244846,0.0670021,13.8043,0,0.843278,1.17253,0.141618,16.8525,18.843,487424,0.1698,0.199,0,0.14189,0,1,1
box_open_turn,oi_face_auto_mppi,11359,256,16,0,0,1,1,1,136,0.245421,0.157682,14.3246,0,0.917432,1.319,0.139548,18.9785,21.176,557056,0.1682,0.196,0,0.139786,0,1,1
box_open_turn,oi_face_rot_mppi,11156,256,16,0,0,0,1,0,420,1.29065,0.275865,55.9418,0,0.582082,0.504431,0.156988,65.9348,75.5078,1720320,0.19,0.286,0,0.157179,0,1,0
box_open_turn,oi_face_rot_mppi,11163,256,16,0,0,1,1,1,128,0.241478,0.0204927,14.2248,0,0.946242,1.422,0.157244,20.1272,22.9355,524288,0.1842,0.2115,0,0.157545,0,1,1
box_open_turn,oi_face_rot_mppi,11170,256,16,0,0,0,1,0,420,1.09324,0.292181,42.4415,0,0.609025,0.582752,0.14745,61.9289,70.017,1720320,0.1858,0.2575,0,0.14762,0,1,0
box_open_turn,oi_face_rot_mppi,11177,256,16,0,0,1,1,1,239,0.227929,0.143117,15.6846,0,0.738173,0.846833,0.154378,36.8963,41.7663,978944,0.1755,0.214,0,0.154603,0,1,1
box_open_turn,oi_face_rot_mppi,11184,256,16,0,0,1,1,1,134,0.249954,0.165284,13.3138,0,0.77736,0.966329,0.142098,19.0411,21.3311,548864,0.1788,0.2173,0,0.14234,0,1,1
box_open_turn,oi_face_rot_mppi,11191,256,16,0,0,0,1,0,420,1.21801,0.274069,50.9176,0,0.651975,0.684422,0.146252,61.4257,69.4233,1720320,0.1772,0.24,0,0.146426,0,1,0
box_open_turn,oi_face_rot_mppi,11198,256,16,0,0,0,1,0,420,1.14022,0.276751,45.3802,0,0.607238,0.541316,0.160586,67.4462,77.7494,1720320,0.1935,0.2741,0,0.160779,0,1,0
box_open_turn,oi_face_rot_mppi,11205,256,16,0,0,1,1,1,140,0.244184,0.0881199,13.9828,0,0.829315,1.07904,0.152449,21.3429,24.2114,573440,0.1991,0.2175,0,0.152694,0,1,1
box_open_turn,oi_face_rot_mppi,11212,256,16,0,0,1,1,1,131,0.233393,0.0644559,15.6922,0,0.804567,0.999889,0.163317,21.3945,24.7832,536576,0.1962,0.2655,0,0.163716,0,1,1
box_open_turn,oi_face_rot_mppi,11219,256,16,0,0,1,1,1,127,0.239298,0.0399528,14.4767,0,0.748157,0.824769,0.169174,21.4851,24.7881,520192,0.2071,0.3094,0,0.169585,0,1,1
box_open_turn,oi_face_rot_mppi,11226,256,16,0,0,1,1,1,292,0.248388,0.0999929,17.1735,0,0.709772,0.83661,0.157962,46.1248,52.9975,1196032,0.1873,0.2333,0,0.158215,0,1,1
box_open_turn,oi_face_rot_mppi,11233,256,16,0,0,1,1,1,213,0.247025,0.15551,17.7837,0,0.842138,1.20861,0.155271,33.0727,37.8048,872448,0.1802,0.2498,0,0.155554,0,1,1
box_open_turn,oi_face_rot_mppi,11240,256,16,0,0,1,1,1,141,0.245787,0.131828,13.7418,0,0.749295,0.92624,0.140218,19.7707,21.9471,577536,0.1605,0.2004,0,0.140455,0,1,1
box_open_turn,oi_face_rot_mppi,11247,256,16,0,0,1,1,1,121,0.24302,0.0683185,12.9189,0,0.8556,1.16445,0.162763,19.6943,22.3757,495616,0.1927,0.2365,0,0.163093,0,1,1
box_open_turn,oi_face_rot_mppi,11254,256,16,0,0,1,1,1,123,0.237311,0.040904,13.9405,0,0.884995,1.27611,0.170755,21.0029,23.9762,503808,0.203,0.5041,0,0.171076,0,1,1
box_open_turn,oi_face_rot_mppi,11261,256,16,0,0,1,1,1,126,0.234396,0.0997568,15.564,0,0.928717,1.25395,0.157694,19.8694,22.7315,516096,0.1941,0.2142,0,0.157998,0,1,1
box_open_turn,oi_face_rot_mppi,11268,256,16,0,0,0,1,0,420,1.2091,0.271396,49.9737,0,0.612838,0.607951,0.147992,62.1565,70.1674,1720320,0.1749,0.2307,0,0.148158,0,1,0
box_open_turn,oi_face_rot_mppi,11275,256,16,0,0,1,1,1,146,0.245331,0.138532,15.5515,0,0.730277,0.834558,0.165224,24.1227,27.9105,598016,0.1868,0.2078,0,0.16552,0,1,1
box_open_turn,oi_face_rot_mppi,11282,256,16,0,0,1,1,1,123,0.238064,0.0800229,14.6916,0,0.874432,1.1766,0.161096,19.8148,22.8188,503808,0.1878,0.2225,0,0.161421,0,1,1
box_open_turn,oi_face_rot_mppi,11289,256,16,0,0,1,1,1,148,0.225098,0.101856,16.3258,0,0.889698,1.26009,0.144222,21.3448,23.9489,606208,0.1893,0.2447,0,0.144461,0,1,1
box_open_turn,oi_face_rot_mppi,11296,256,16,0,0,0,1,0,420,0.414557,0.0657869,15.1132,0,0.628692,0.650983,0.155428,65.2797,74.3007,1720320,0.1841,0.2656,0,0.155616,0,1,0
box_open_turn,oi_face_rot_mppi,11303,256,16,0,0,1,1,1,120,0.241689,0.0864641,13.3352,0,0.82627,1.04244,0.168333,20.2,23.4678,491520,0.2041,0.2495,0,0.168684,0,1,1
box_open_turn,oi_face_rot_mppi,11310,256,16,0,0,1,1,1,142,0.220298,0.0785448,13.8666,0,0.814846,1.0466,0.174009,24.7093,28.7758,581632,0.2155,0.3054,0,0.174336,0,1,1
box_open_turn,oi_face_rot_mppi,11317,256,16,0,0,1,1,1,126,0.235492,0.080137,13.3295,0,0.700415,0.691445,0.166433,20.9706,24.513,516096,0.2164,0.272,0,0.166806,0,1,1
box_open_turn,oi_face_rot_mppi,11324,256,16,0,0,0,1,0,420,1.33637,0.353043,60.0651,0,0.505183,0.36614,0.164282,68.9983,79.9127,1720320,0.2024,0.3713,0,0.164478,0,1,0
box_open_turn,oi_face_rot_mppi,11331,256,16,0,0,0,1,0,420,0.299015,0.0385495,17.9588,0,0.612022,0.616232,0.159259,66.8887,76.7374,1720320,0.194,0.2463,0,0.159455,0,1,0
box_open_turn,oi_face_rot_mppi,11338,256,16,0,0,0,1,0,420,1.18042,0.289282,48.3389,0,0.665759,0.716343,0.165925,69.6883,80.6652,1720320,0.1876,0.2532,0,0.166126,0,1,0
box_open_turn,oi_face_rot_mppi,11345,256,16,0,0,0,1,0,420,0.985284,0.314309,36.8136,0,0.591582,0.54065,0.156915,65.9041,75.4738,1720320,0.1878,0.2795,0,0.157106,0,1,0
box_open_turn,oi_face_rot_mppi,11352,256,16,0,0,1,1,1,119,0.244846,0.0670021,13.8043,0,0.843278,1.17253,0.164361,19.5589,22.334,487424,0.179,0.1991,0,0.164679,0,1,1
box_open_turn,oi_face_rot_mppi,11359,256,16,0,0,1,1,1,144,0.238294,0.0210595,14.4121,0,0.906331,1.26287,0.167774,24.1594,27.9759,589824,0.1867,0.2218,0,0.16809,0,1,1
box_open_turn,soppi_fast,11156,256,16,1,0.01,0,1,0,420,1.2636,0.177873,53.2818,0,0.320422,0.171726,1.34304,564.077,582.286,1720320,1.4172,1.7021,0,1.34334,0,1,0
box_open_turn,soppi_fast,11163,256,16,1,0.01,0,1,0,420,1.25213,0.200667,52.7272,0,0.326297,0.210256,1.37574,577.81,602.323,1720320,1.4468,1.7715,0,1.37621,0,1,0
box_open_turn,soppi_fast,11170,256,16,1,0.01,0,1,0,420,1.21511,0.19929,49.9741,0,0.336237,0.226547,1.35238,568.001,588.25,1720320,1.4282,1.5738,0,1.35276,0,1,0
box_open_turn,soppi_fast,11177,256,16,1,0.01,0,1,0,420,1.25566,0.208049,52.6376,0,0.31859,0.202122,1.39884,587.512,619.496,1720320,1.5496,2.529,0,1.39928,0,1,0
box_open_turn,soppi_fast,11184,256,16,1,0.01,0,1,0,420,1.28111,0.181816,54.7673,0,0.327735,0.203015,1.33769,561.831,582.896,1720320,1.4187,1.7333,0,1.33809,0,1,0
box_open_turn,soppi_fast,11191,256,16,1,0.01,0,1,0,420,1.24315,0.219696,51.934,0,0.314755,0.160438,1.35311,568.307,586.761,1720320,1.4019,1.5574,0,1.35345,0,1,0
box_open_turn,soppi_fast,11198,256,16,1,0.01,0,1,0,420,1.22172,0.224782,50.3911,0,0.315352,0.164669,1.339,562.379,579.63,1720320,1.3842,1.4592,0,1.33934,0,1,0
box_open_turn,soppi_fast,11205,256,16,1,0.01,0,1,0,420,1.25955,0.179999,52.6749,0,0.323303,0.182572,1.33001,558.602,574.236,1720320,1.3861,1.4333,0,1.33031,0,1,0
box_open_turn,soppi_fast,11212,256,16,1,0.01,0,1,0,420,1.26762,0.204569,53.9413,0,0.331477,0.223767,1.99745,838.93,856.053,1720320,2.782,3.0002,0,1.99782,0,1,0
box_open_turn,soppi_fast,11219,256,16,1,0.01,0,1,0,420,1.28021,0.183308,54.4784,0,0.31851,0.192367,2.20056,924.234,940.649,1720320,2.7622,3.0118,0,2.20091,0,1,0
box_open_turn,soppi_fast,11226,256,16,1,0.01,0,1,0,420,1.28097,0.197312,54.6713,0,0.305353,0.158726,2.20441,925.852,945.56,1720320,2.7747,2.9749,0,2.20485,0,1,0
box_open_turn,soppi_fast,11233,256,16,1,0.01,0,1,0,420,1.32848,0.182563,58.3361,0,0.3175,0.179731,2.22581,934.842,955.304,1720320,2.8335,3.2802,0,2.22627,0,1,0
box_open_turn,soppi_fast,11240,256,16,1,0.01,0,1,0,420,1.27002,0.185267,53.7078,0,0.325709,0.203305,2.23706,939.566,955.967,1720320,2.81,3.0293,0,2.23744,0,1,0
box_open_turn,soppi_fast,11247,256,16,1,0.01,0,1,0,420,1.33119,0.199968,58.4822,0,0.302272,0.144114,2.21527,930.413,947.303,1720320,2.7075,2.9067,0,2.21563,0,1,0
box_open_turn,soppi_fast,11254,256,16,1,0.01,0,1,0,420,1.25633,0.198656,53.0806,0,0.33818,0.21224,2.24583,943.25,961.008,1720320,2.82,3.0634,0,2.24623,0,1,0
box_open_turn,soppi_fast,11261,256,16,1,0.01,0,1,0,420,1.25675,0.199632,52.8744,0,0.300346,0.165315,2.26623,951.816,969.372,1720320,2.84,3.0113,0,2.26659,0,1,0
box_open_turn,soppi_fast,11268,256,16,1,0.01,0,1,0,420,1.3163,0.178734,57.1978,0,0.30474,0.147102,2.19619,922.4,943.783,1720320,2.8108,2.9325,0,2.19665,0,1,0
box_open_turn,soppi_fast,11275,256,16,1,0.01,0,1,0,420,1.25262,0.214257,52.4693,0,0.324856,0.185926,2.19267,920.922,938.173,1720320,2.7637,3.0299,0,2.19306,0,1,0
box_open_turn,soppi_fast,11282,256,16,1,0.01,0,1,0,420,1.25266,0.199355,52.8046,0,0.358614,0.253823,2.30713,968.996,984.271,1720320,2.8719,3.1412,0,2.30744,0,1,0
box_open_turn,soppi_fast,11289,256,16,1,0.01,0,1,0,420,1.29647,0.219516,55.8119,0,0.319102,0.161645,2.30401,967.684,981.446,1720320,2.9181,3.0168,0,2.30428,0,1,0
box_open_turn,soppi_fast,11296,256,16,1,0.01,0,1,0,420,1.31503,0.201097,57.2068,0,0.326693,0.194773,2.25459,946.927,964.331,1720320,2.7971,3.1344,0,2.25493,0,1,0
box_open_turn,soppi_fast,11303,256,16,1,0.01,0,1,0,420,1.32735,0.19963,58.2355,0,0.302258,0.148844,2.05888,864.731,889.453,1720320,2.6209,3.2427,0,2.05943,0,1,0
box_open_turn,soppi_fast,11310,256,16,1,0.01,0,1,0,420,1.30775,0.230519,56.9653,0,0.298859,0.144388,2.07009,869.436,895.577,1720320,2.6193,3.7556,0,2.07062,0,1,0
box_open_turn,soppi_fast,11317,256,16,1,0.01,0,1,0,420,1.31704,0.182728,57.4878,0,0.314058,0.156079,2.20347,925.457,942.008,1720320,2.7831,3.0092,0,2.20381,0,1,0
box_open_turn,soppi_fast,11324,256,16,1,0.01,0,1,0,420,1.307,0.201151,56.7571,0,0.302485,0.145689,2.22337,933.817,948.941,1720320,2.8771,3.0176,0,2.22369,0,1,0
box_open_turn,soppi_fast,11331,256,16,1,0.01,0,1,0,420,1.25755,0.179922,52.8387,0,0.313372,0.161654,2.19879,923.493,939.468,1720320,2.7937,3.0018,0,2.19917,0,1,0
box_open_turn,soppi_fast,11338,256,16,1,0.01,0,1,0,420,1.24915,0.213341,52.4719,0,0.318816,0.202712,2.16407,908.907,927.697,1720320,2.5626,2.7887,0,2.16446,0,1,0
box_open_turn,soppi_fast,11345,256,16,1,0.01,0,1,0,420,1.27807,0.218162,54.5296,0,0.308104,0.141577,2.15069,903.288,925.496,1720320,2.6728,3.0617,0,2.15115,0,1,0
box_open_turn,soppi_fast,11352,256,16,1,0.01,0,1,0,420,1.30893,0.203997,56.5647,0,0.322983,0.198364,2.14466,900.759,923.503,1720320,2.6983,5.0046,0,2.14524,0,1,0
box_open_turn,soppi_fast,11359,256,16,1,0.01,0,1,0,420,1.27719,0.216381,54.7683,0,0.317543,0.179154,2.18565,917.971,937.687,1720320,2.7192,2.8558,0,2.1861,0,1,0
