scenario,planner,seed,k_samples,t_horizon,grad_steps,alpha,reached_goal,collision_free,success,steps,final_distance,min_goal_distance,cumulative_cost,collisions,mean_control_delta,control_roughness,avg_control_ms,total_control_ms,episode_ms,sample_budget,p95_control_ms,max_control_ms,control_deadline_ms,avg_control_slot_ms,deadline_misses,deadline_feasible,real_time_success
box_gap_return,oi_face_rot_anchor_mppi,18556,256,16,0,0,1,1,1,140,0.245702,0.167532,21.8752,0,0.881984,1.41997,0.291478,40.8069,45.5712,573440,0.356,0.4408,0,0.291846,0,1,1
box_gap_return,oi_face_rot_anchor_mppi,18563,256,16,0,0,1,1,1,130,0.210216,0.0908121,20.0158,0,0.902062,1.39547,0.284176,36.9429,41.5726,532480,0.3553,0.4208,0,0.284526,0,1,1
box_gap_return,oi_face_rot_anchor_mppi,18570,256,16,0,0,1,1,1,73,0.248574,0.168634,12.6339,0,0.913923,1.26967,0.307548,22.451,25.4195,299008,0.3722,0.3932,0,0.308181,0,1,1
box_gap_return,oi_face_rot_anchor_mppi,18577,256,16,0,0,1,1,1,307,0.230292,0.153887,59.0817,0,0.718731,0.854469,0.335079,102.869,115.958,1257472,0.4286,1.4901,0,0.335386,0,1,1
box_gap_return,oi_face_rot_anchor_mppi,18584,256,16,0,0,1,1,1,129,0.195939,0.344767,22.2069,0,0.887994,1.27783,0.297428,38.3682,42.7446,528384,0.3818,0.5087,0,0.297812,0,1,1
box_gap_return,oi_face_rot_anchor_mppi,18591,256,16,0,0,1,1,1,148,0.208595,0.0899391,21.9639,0,0.879595,1.35376,0.301811,44.6681,50.8869,606208,0.3954,0.4975,0,0.302249,0,1,1
box_gap_return,oi_face_rot_anchor_mppi,18598,256,16,0,0,1,1,1,284,0.177896,0.183413,46.4782,0,0.771141,1.06465,0.311464,88.4558,99.3464,1163264,0.3992,1.805,0,0.311722,0,1,1
box_gap_return,oi_face_rot_anchor_mppi,18605,256,16,0,0,1,1,1,158,0.243767,0.129211,27.2161,0,0.777933,1.1049,0.322613,50.9728,57.8091,647168,0.4592,0.7974,0,0.323051,0,1,1
box_gap_return,oi_face_rot_anchor_mppi,18612,256,16,0,0,1,1,1,293,0.223502,0.185715,48.7521,0,0.79426,1.15357,0.295891,86.6961,96.1097,1200128,0.3779,0.7052,0,0.296149,0,1,1
box_gap_return,oi_face_rot_anchor_mppi,18619,256,16,0,0,1,1,1,127,0.247932,0.141541,20.9363,0,0.933311,1.504,0.288828,36.6812,41.0182,520192,0.3861,0.4413,0,0.289295,0,1,1
box_gap_return,oi_face_rot_anchor_mppi,18626,256,16,0,0,1,1,1,129,0.248894,0.107638,20.8805,0,0.854145,1.21775,0.287741,37.1186,41.3889,528384,0.3752,0.4536,0,0.288209,0,1,1
box_gap_return,oi_face_rot_anchor_mppi,18633,256,16,0,0,1,1,1,89,0.192652,0.178313,13.9059,0,0.86843,1.16914,0.277809,24.725,27.7321,364544,0.3508,0.4009,0,0.278224,0,1,1
box_gap_return,oi_face_rot_anchor_mppi,18640,256,16,0,0,1,1,1,123,0.203741,0.0589415,19.1468,0,0.880206,1.28077,0.282274,34.7197,38.313,503808,0.4314,0.5706,0,0.282629,0,1,1
box_gap_return,oi_face_rot_anchor_mppi,18647,256,16,0,0,1,1,1,310,0.227285,0.232046,52.0762,0,0.785185,1.01657,0.27603,85.5694,93.1215,1269760,0.3839,0.4488,0,0.276219,0,1,1
box_gap_return,oi_face_rot_anchor_mppi,18654,256,16,0,0,1,1,1,169,0.215558,0.0116106,28.8349,0,0.872691,1.27426,0.315784,53.3675,60.0257,692224,0.4991,0.617,0,0.316158,0,1,1
box_gap_return,oi_face_rot_anchor_mppi,18661,256,16,0,0,1,1,1,105,0.207797,0.0123444,14.4151,0,0.844091,1.14327,0.267487,28.0861,31.1402,430080,0.332,0.3888,0,0.267829,0,1,1
box_gap_return,oi_face_rot_anchor_mppi,18668,256,16,0,0,1,1,1,203,0.221504,0.186065,25.0916,0,0.891612,1.40377,0.249865,50.7225,54.7395,831488,0.3446,0.3983,0,0.25008,0,1,1
box_gap_return,oi_face_rot_anchor_mppi,18675,256,16,0,0,1,1,1,123,0.22188,0.0727673,18.0218,0,0.806355,1.05771,0.257303,31.6483,33.9321,503808,0.3748,0.4174,0,0.257569,0,1,1
box_gap_return,oi_face_rot_anchor_mppi,18682,256,16,0,0,1,1,1,196,0.227643,0.221106,28.4239,0,0.850654,1.24309,0.269962,52.9125,57.1663,802816,0.3547,0.4581,0,0.270172,0,1,1
box_gap_return,oi_face_rot_anchor_mppi,18689,256,16,0,0,1,1,1,229,0.249813,0.114484,36.7742,0,0.732588,0.885614,0.27771,63.5956,69.2082,937984,0.3706,0.4468,0,0.277953,0,1,1
box_gap_return,oi_face_rot_anchor_mppi,18696,256,16,0,0,1,1,1,186,0.236144,0.170743,28.7686,0,0.81708,1.14598,0.296203,55.0937,61.6672,761856,0.3928,0.5621,0,0.296504,0,1,1
box_gap_return,oi_face_rot_anchor_mppi,18703,256,16,0,0,1,1,1,141,0.221752,0.135666,20.4914,0,0.923338,1.46567,0.30073,42.4029,47.8199,577536,0.377,0.4253,0,0.30115,0,1,1
box_gap_return,oi_face_rot_anchor_mppi,18710,256,16,0,0,1,1,1,92,0.207507,0.0143971,14.747,0,0.873682,1.33309,0.30219,27.8015,31.7818,376832,0.389,0.4423,0,0.3027,0,1,1
box_gap_return,oi_face_rot_anchor_mppi,18717,256,16,0,0,1,1,1,111,0.0525302,0.299477,19.2794,0,0.89945,1.4091,0.299632,33.2591,37.7517,454656,0.3893,0.431,0,0.300148,0,1,1
box_gap_return,oi_face_rot_anchor_mppi,18724,256,16,0,0,1,1,1,158,0.191351,0.317847,25.37,0,0.737406,0.962008,0.296385,46.8289,52.3861,647168,0.3906,1.0937,0,0.296773,0,1,1
box_gap_return,oi_face_rot_anchor_mppi,18731,256,16,0,0,1,1,1,116,0.229615,0.139712,16.3516,0,1.04937,1.83391,0.297542,34.5149,39.1123,475136,0.3775,0.4698,0,0.298072,0,1,1
box_gap_return,oi_face_rot_anchor_mppi,18738,256,16,0,0,1,1,1,86,0.247625,0.180073,13.4325,0,0.81539,1.15861,0.278752,23.9727,27.2443,352256,0.3682,0.432,0,0.279226,0,1,1
box_gap_return,oi_face_rot_anchor_mppi,18745,256,16,0,0,1,1,1,237,0.174171,0.0410654,38.1435,0,0.778441,1.01553,0.311493,73.8239,82.6111,970752,0.3907,0.709,0,0.311844,0,1,1
box_gap_return,oi_face_rot_anchor_mppi,18752,256,16,0,0,1,1,1,291,0.242059,0.0726609,44.4813,0,0.847239,1.3283,0.305153,88.7995,99.6957,1191936,0.3969,0.4846,0,0.305413,0,1,1
box_gap_return,oi_face_rot_anchor_mppi,18759,256,16,0,0,1,1,1,89,0.181183,0.307668,14.7166,0,0.765266,0.875258,0.287257,25.5659,28.7177,364544,0.3629,0.4232,0,0.287819,0,1,1
box_gap_return,oi_face_rot_anchor_mppi,18766,256,16,0,0,1,1,1,146,0.233597,0.197951,24.1373,0,0.873189,1.30992,0.286517,41.8315,46.1828,598016,0.3942,0.4759,0,0.286888,0,1,1
box_gap_return,oi_face_rot_anchor_mppi,18773,256,16,0,0,1,1,1,139,0.207489,7.26115e-05,23.1201,0,0.774378,1.00116,0.310073,43.1001,48.7231,569344,0.4064,0.4512,0,0.310472,0,1,1
box_gap_return,oi_face_rot_anchor_mppi,18780,256,16,0,0,1,1,1,249,0.0573222,0.331975,46.5098,0,0.678179,0.80181,0.314988,78.4321,87.5389,1019904,0.3999,0.6611,0,0.315251,0,1,1
box_gap_return,oi_face_rot_anchor_mppi,18787,256,16,0,0,1,1,1,91,0.154292,0.246889,16.2187,0,0.930411,1.23953,0.291248,26.5036,29.8124,372736,0.3635,0.3877,0,0.291705,0,1,1
box_gap_return,oi_face_rot_anchor_mppi,18794,256,16,0,0,1,1,1,222,0.199936,0.116628,34.7875,0,0.817251,1.14283,0.303944,67.4756,75.6285,909312,0.3848,0.4563,0,0.304269,0,1,1
box_gap_return,oi_face_rot_anchor_mppi,18801,256,16,0,0,1,1,1,192,0.234593,0.0429525,34.0957,0,0.776958,1.02797,0.308891,59.307,66.0301,786432,0.3905,0.4415,0,0.309222,0,1,1
box_gap_return,oi_face_rot_anchor_mppi,18808,256,16,0,0,1,1,1,137,0.242823,0.224379,19.4581,0,0.948468,1.65381,0.291716,39.9651,44.9099,561152,0.3618,0.4403,0,0.292069,0,1,1
box_gap_return,oi_face_rot_anchor_mppi,18815,256,16,0,0,1,1,1,184,0.161673,0.274997,33.375,0,0.747171,0.968138,0.306384,56.3747,63.2477,753664,0.3854,0.4481,0,0.306699,0,1,1
box_gap_return,oi_face_rot_anchor_mppi,18822,256,16,0,0,1,1,1,149,0.177379,0.103851,22.8594,0,0.855858,1.20055,0.29233,43.5572,48.7679,610304,0.3908,0.5685,0,0.29274,0,1,1
box_gap_return,oi_face_rot_anchor_mppi,18829,256,16,0,0,1,1,1,471,0.246778,0.186788,83.7221,0,0.742875,0.966945,0.326707,153.879,173.14,1929216,0.4051,0.497,0,0.327012,0,1,1
box_gap_return,oi_face_rot_anchor_mppi,18836,256,16,0,0,1,1,1,213,0.234888,0.11851,33.1707,0,0.719781,0.910703,0.299686,63.8332,71.7279,872448,0.3804,0.4819,0,0.300071,0,1,1
box_gap_return,oi_face_rot_anchor_mppi,18843,256,16,0,0,1,1,1,252,0.24476,0.102266,43.1359,0,0.818106,1.22205,0.27455,69.1866,75.1096,1032192,0.3736,0.4286,0,0.274795,0,1,1
box_gap_return,oi_face_rot_anchor_mppi,18850,256,16,0,0,1,1,1,210,0.22753,0.104392,38.3836,0,0.765246,0.984124,0.268567,56.3991,60.7415,860160,0.3576,0.4147,0,0.268762,0,1,1
box_gap_return,oi_face_rot_anchor_mppi,18857,256,16,0,0,1,1,1,137,0.240091,0.129201,22.5736,0,0.795103,1.02002,0.266712,36.5396,39.5438,561152,0.3551,0.4044,0,0.266937,0,1,1
box_gap_return,oi_face_rot_anchor_mppi,18864,256,16,0,0,1,1,1,98,0.220168,0.162851,13.8403,0,0.956523,1.49063,0.306041,29.992,35.0248,401408,0.3994,0.6259,0,0.306411,0,1,1
box_gap_return,oi_face_rot_anchor_mppi,18871,256,16,0,0,1,1,1,185,0.112897,0.250002,34.064,0,0.786054,1.01848,0.297118,54.9668,61.1616,757760,0.3758,0.4326,0,0.297418,0,1,1
box_gap_return,oi_face_rot_anchor_mppi,18878,256,16,0,0,1,1,1,215,0.132086,0.245563,36.3976,0,0.858753,1.31501,0.296215,63.6863,70.4523,880640,0.3939,0.4103,0,0.296503,0,1,1
box_gap_return,oi_face_rot_anchor_mppi,18885,256,16,0,0,1,1,1,112,0.226526,0.310336,19.6723,0,0.865571,1.36283,0.288332,32.2932,35.5864,458752,0.3885,0.4081,0,0.288671,0,1,1
box_gap_return,oi_face_rot_anchor_mppi,18892,256,16,0,0,1,1,1,81,0.243492,0.124488,13.4414,0,0.944384,1.51032,0.261115,21.1503,23.2842,331776,0.3692,0.4145,0,0.261473,0,1,1
box_gap_return,oi_face_rot_anchor_mppi,18899,256,16,0,0,1,1,1,100,0.243281,0.0114383,14.0905,0,0.789266,1.08919,0.273352,27.3352,30.5826,409600,0.3608,0.4332,0,0.273785,0,1,1
box_gap_return,oi_face_rot_anchor_mppi,18906,256,16,0,0,1,1,1,176,0.243489,0.0990437,19.3902,0,0.959623,1.66838,0.253664,44.6449,49.7963,720896,0.3522,0.4525,0,0.253952,0,1,1
box_gap_return,oi_face_rot_anchor_mppi,18913,256,16,0,0,1,1,1,135,0.24061,0.227719,21.9506,0,0.884477,1.33774,0.262199,35.3969,38.2289,552960,0.3561,0.444,0,0.262486,0,1,1
box_gap_return,oi_face_rot_anchor_mppi,18920,256,16,0,0,1,1,1,102,0.216651,0.255309,16.413,0,0.921207,1.43704,0.258511,26.3681,28.254,417792,0.3644,0.3976,0,0.258823,0,1,1
box_gap_return,oi_face_rot_anchor_mppi,18927,256,16,0,0,1,1,1,96,0.214657,0.000775315,13.4684,0,1.01743,1.61632,0.245009,23.5209,25.2194,393216,0.3353,0.3883,0,0.245286,0,1,1
box_gap_return,oi_face_rot_anchor_mppi,18934,256,16,0,0,1,1,1,144,0.240378,0.150914,19.39,0,0.835037,1.17983,0.270656,38.9745,43.3046,589824,0.3766,0.4457,0,0.270963,0,1,1
box_gap_return,oi_face_rot_anchor_mppi,18941,256,16,0,0,1,1,1,87,0.248768,0.20176,14.3595,0,0.959429,1.4301,0.253021,22.0128,23.7476,356352,0.3806,0.4198,0,0.253302,0,1,1
box_gap_return,oi_face_rot_anchor_mppi,18948,256,16,0,0,1,1,1,113,0.222483,0.234621,17.956,0,0.827181,1.03791,0.271139,30.6387,33.821,462848,0.3701,0.4349,0,0.271516,0,1,1
box_gap_return,oi_face_rot_anchor_mppi,18955,256,16,0,0,1,1,1,109,0.240878,0.104501,15.2133,0,0.996627,1.68867,0.255305,27.8283,30.2854,446464,0.3302,0.4143,0,0.255623,0,1,1
box_gap_return,oi_face_rot_anchor_mppi,18962,256,16,0,0,1,1,1,123,0.230481,0.0681023,16.4765,0,0.809772,1.09058,0.30148,37.082,42.3714,503808,0.4395,0.7787,0,0.301758,0,1,1
box_gap_return,oi_face_rot_anchor_mppi,18969,256,16,0,0,1,1,1,452,0.228916,0.0228488,78.0064,0,0.684403,0.809077,0.300374,135.769,148.282,1851392,0.3962,0.4608,0,0.300547,0,1,1
box_gap_return,oi_face_rot_anchor_mppi,18976,256,16,0,0,1,1,1,104,0.241624,0.240843,15.0241,0,0.902636,1.36223,0.275823,28.6856,31.8125,425984,0.3704,0.4059,0,0.276179,0,1,1
box_gap_return,oi_face_rot_anchor_mppi,18983,256,16,0,0,1,1,1,122,0.246329,0.0750417,20.2299,0,0.949482,1.52105,0.290237,35.4089,39.7273,499712,0.3624,0.4221,0,0.290647,0,1,1
box_gap_return,oi_face_rot_anchor_mppi,18990,256,16,0,0,1,1,1,274,0.240618,0.179766,61.7483,0,0.739715,0.890154,0.297256,81.4482,89.6775,1122304,0.3898,0.4485,0,0.297491,0,1,1
box_gap_return,oi_face_rot_anchor_mppi,18997,256,16,0,0,1,1,1,110,0.233757,0.249065,18.6548,0,0.756168,0.95299,0.265204,29.1724,31.5602,450560,0.37,0.4115,0,0.265502,0,1,1
box_gap_return,oi_face_rot_anchor_mppi,19004,256,16,0,0,1,1,1,110,0.218438,0.0117915,15.3332,0,0.822137,1.25136,0.27109,29.8199,33.1161,450560,0.386,0.4373,0,0.271465,0,1,1
box_gap_return,oi_face_rot_anchor_mppi,19011,256,16,0,0,1,1,1,142,0.16924,0.136618,23.7182,0,0.900978,1.41213,0.28006,39.7685,43.8837,581632,0.3718,0.425,0,0.280351,0,1,1
box_gap_return,oi_face_rot_anchor_mppi,19018,256,16,0,0,1,1,1,97,0.248747,0.0827651,14.2518,0,1.00945,1.6023,0.272381,26.421,29.0214,397312,0.369,0.4622,0,0.272743,0,1,1
box_gap_return,oi_face_rot_anchor_mppi,19025,256,16,0,0,1,1,1,118,0.186346,0.119721,13.298,0,0.755192,0.977971,0.259653,30.639,34.1029,483328,0.3453,0.4382,0,0.260041,0,1,1
box_gap_return,oi_face_rot_anchor_mppi,19032,256,16,0,0,1,1,1,122,0.204268,0.126456,17.803,0,0.874903,1.19953,0.266502,32.5133,36.0506,499712,0.3935,0.4096,0,0.266839,0,1,1
box_gap_return,oi_face_rot_anchor_mppi,19039,256,16,0,0,1,1,1,171,0.242256,0.0794303,29.7595,0,0.771837,1.04937,0.278678,47.654,52.6017,700416,0.3803,0.4548,0,0.278987,0,1,1
box_gap_return,oi_face_rot_anchor_mppi,19046,256,16,0,0,1,1,1,84,0.107034,0.320688,15.0158,0,0.886947,1.31333,0.308599,25.9223,29.3915,344064,0.4061,0.5691,0,0.309017,0,1,1
box_gap_return,oi_face_rot_anchor_mppi,19053,256,16,0,0,1,1,1,103,0.0392634,0.303886,18.4517,0,0.873728,1.21525,0.293063,30.1855,33.7577,421888,0.3673,0.4147,0,0.293435,0,1,1
box_gap_return,oi_face_rot_anchor_mppi,19060,256,16,0,0,1,1,1,178,0.248128,0.215231,33.1913,0,0.879716,1.25812,0.287182,51.1184,55.8649,729088,0.3888,0.44,0,0.287428,0,1,1
box_gap_return,oi_face_rot_anchor_mppi,19067,256,16,0,0,1,1,1,265,0.124962,0.303625,49.2817,0,0.730018,0.89359,0.281828,74.6844,80.4226,1085440,0.3915,0.451,0,0.282012,0,1,1
box_gap_return,oi_face_rot_anchor_mppi,19074,256,16,0,0,1,1,1,151,0.230294,0.0846558,23.0903,0,0.907233,1.38337,0.25678,38.7738,41.9807,618496,0.3607,0.5583,0,0.257101,0,1,1
box_gap_return,oi_face_rot_anchor_mppi,19081,256,16,0,0,1,1,1,110,0.191175,0.102381,14.707,0,0.880187,1.42941,0.249093,27.4002,29.7305,450560,0.3859,0.4636,0,0.249384,0,1,1
box_gap_return,oi_face_rot_anchor_mppi,19088,256,16,0,0,1,1,1,98,0.242974,0.0987735,16.0223,0,0.837869,1.19666,0.256665,25.1532,27.2214,401408,0.3364,0.3874,0,0.256987,0,1,1
box_gap_return,oi_face_rot_anchor_mppi,19095,256,16,0,0,1,1,1,94,0.228063,0.0645722,15.1842,0,0.873057,1.27411,0.26794,25.1864,27.6194,385024,0.3868,0.4791,0,0.268338,0,1,1
box_gap_return,oi_face_rot_anchor_mppi,19102,256,16,0,0,1,1,1,143,0.245934,0.0856025,22.0556,0,0.887081,1.31103,0.27077,38.7201,41.8355,585728,0.3607,0.4208,0,0.271074,0,1,1
box_gap_return,oi_face_rot_anchor_mppi,19109,256,16,0,0,1,1,1,120,0.179819,0.105596,19.1507,0,0.905021,1.35009,0.285423,34.2507,38.6713,491520,0.3785,0.3999,0,0.2858,0,1,1
box_gap_return,oi_face_rot_anchor_mppi,19116,256,16,0,0,1,1,1,98,0.210705,0.0418823,15.8632,0,0.826819,1.05063,0.281187,27.5563,30.8676,401408,0.3936,0.4409,0,0.281672,0,1,1
box_gap_return,oi_face_rot_anchor_mppi,19123,256,16,0,0,1,1,1,105,0.0879853,0.323797,19.3846,0,0.738427,0.900043,0.28951,30.3986,33.8973,430080,0.3755,0.4321,0,0.289951,0,1,1
box_gap_return,oi_face_rot_anchor_mppi,19130,256,16,0,0,1,1,1,172,0.224651,0.347299,32.7963,0,0.72737,0.90839,0.299165,51.4564,56.9573,704512,0.3907,0.4752,0,0.299512,0,1,1
box_gap_return,oi_face_rot_anchor_mppi,19137,256,16,0,0,1,1,1,124,0.0752635,0.282829,22.5207,0,0.816746,1.07365,0.28581,35.4404,39.0611,507904,0.3978,0.4094,0,0.286133,0,1,1
box_gap_return,oi_face_rot_anchor_mppi,19144,256,16,0,0,1,1,1,78,0.0835985,0.302162,14.3715,0,0.977775,1.46973,0.277217,21.6229,23.7629,319488,0.3862,0.4678,0,0.277618,0,1,1
box_gap_return,oi_face_rot_anchor_mppi,19151,256,16,0,0,1,1,1,88,0.233765,0.0997683,14.308,0,0.909219,1.29874,0.264924,23.3133,25.4881,360448,0.3748,0.4105,0,0.265273,0,1,1
box_gap_return,oi_face_rot_anchor_mppi,19158,256,16,0,0,1,1,1,86,0.241182,0.0213772,12.4292,0,0.977726,1.58527,0.26324,22.6386,24.8296,352256,0.3665,0.4093,0,0.263563,0,1,1
box_gap_return,oi_face_rot_anchor_mppi,19165,256,16,0,0,1,1,1,227,0.162171,0.043085,33.5461,0,0.79984,1.24782,0.277645,63.0254,68.0167,929792,0.3862,0.4206,0,0.277894,0,1,1
box_gap_return,oi_face_rot_anchor_mppi,19172,256,16,0,0,1,1,1,83,0.247861,0.107236,15.7843,0,0.780265,1.12022,0.258966,21.4942,23.3188,339968,0.353,0.4341,0,0.259308,0,1,1
box_gap_return,oi_face_rot_anchor_mppi,19179,256,16,0,0,1,1,1,157,0.234272,0.0595118,28.1292,0,0.824167,1.10749,0.298666,46.8905,51.5689,643072,0.3987,0.4282,0,0.298974,0,1,1
box_gap_return,oi_face_rot_anchor_mppi,19186,256,16,0,0,1,1,1,100,0.220231,0.342017,14.3524,0,0.8055,1.07979,0.264622,26.4622,28.9984,409600,0.3496,0.4147,0,0.264969,0,1,1
box_gap_return,oi_face_rot_anchor_mppi,19193,256,16,0,0,1,1,1,145,0.238493,0.245768,21.8894,0,0.907423,1.43265,0.271614,39.3841,42.8851,593920,0.3776,0.4115,0,0.271923,0,1,1
box_gap_return,oi_face_rot_anchor_mppi,19200,256,16,0,0,1,1,1,200,0.242687,0.332737,30.2496,0,0.838404,1.22555,0.285267,57.0535,63.4051,819200,0.3718,0.421,0,0.285551,0,1,1
box_gap_return,oi_face_rot_anchor_mppi,19207,256,16,0,0,1,1,1,109,0.0690535,0.28531,19.1484,0,0.913022,1.50784,0.268764,29.2953,31.7723,446464,0.3836,0.4066,0,0.26915,0,1,1
box_gap_return,oi_face_rot_anchor_mppi,19214,256,16,0,0,1,1,1,131,0.205298,0.0712045,22.5824,0,0.791188,1.00917,0.264987,34.7133,37.5067,536576,0.3683,0.4024,0,0.265308,0,1,1
box_gap_return,oi_face_rot_anchor_mppi,19221,256,16,0,0,1,1,1,129,0.196108,0.00193647,21.2005,0,0.718345,0.853868,0.254601,32.8435,35.3656,528384,0.3404,0.4077,0,0.254833,0,1,1
box_gap_return,oi_face_rot_anchor_mppi,19228,256,16,0,0,1,1,1,164,0.225564,0.22106,23.7235,0,0.952374,1.8274,0.277074,45.4402,49.5673,671744,0.3887,0.4359,0,0.277366,0,1,1
box_gap_return,oi_face_rot_anchor_mppi,19235,256,16,0,0,1,1,1,160,0.194713,0.0296279,21.4772,0,0.890073,1.40986,0.286876,45.9001,51.2169,655360,0.4941,0.6591,0,0.287175,0,1,1
box_gap_return,oi_face_rot_anchor_mppi,19242,256,16,0,0,1,1,1,173,0.239051,0.25883,32.1978,0,0.841549,1.17456,0.296268,51.2543,56.2306,708608,0.3817,0.4166,0,0.296564,0,1,1
box_gap_return,oi_face_rot_anchor_mppi,19249,256,16,0,0,1,1,1,103,0.1963,0.212478,13.463,0,0.950443,1.51309,0.243302,25.0601,27.3015,421888,0.3398,0.4196,0,0.243634,0,1,1
box_gap_return,oi_face_rot_turnpath_mppi,18556,256,16,0,0,1,1,1,157,0.175086,0.277155,32.233,0,0.796648,1.29854,0.287253,45.0987,49.422,643072,0.3644,0.434,0,0.287528,0,1,1
box_gap_return,oi_face_rot_turnpath_mppi,18563,256,16,0,0,1,1,1,340,0.23456,0.20392,96.9521,0,0.806661,1.21317,0.359105,122.096,130.772,1392640,0.406,4.8015,0,0.359283,0,1,1
box_gap_return,oi_face_rot_turnpath_mppi,18570,256,16,0,0,1,1,1,164,0.219903,0.275475,31.594,0,0.739923,1.09622,0.301562,49.4562,54.547,671744,0.3683,0.4167,0,0.301911,0,1,1
box_gap_return,oi_face_rot_turnpath_mppi,18577,256,16,0,0,1,1,1,230,0.214172,0.0266112,46.8654,0,0.841473,1.2879,0.277649,63.8592,68.9074,942080,0.3658,0.4606,0,0.277986,0,1,1
box_gap_return,oi_face_rot_turnpath_mppi,18584,256,16,0,0,1,1,1,222,0.213605,0.130212,61.1848,0,0.734091,0.915153,0.296538,65.8314,70.832,909312,0.3731,3.7882,0,0.29675,0,1,1
box_gap_return,oi_face_rot_turnpath_mppi,18591,256,16,0,0,1,1,1,200,0.248957,0.198295,38.5316,0,0.790042,1.25728,0.285457,57.0914,61.3554,819200,0.3669,0.5132,0,0.285679,0,1,1
box_gap_return,oi_face_rot_turnpath_mppi,18598,256,16,0,0,1,1,1,186,0.224311,0.162909,38.3706,0,0.782389,1.37158,0.290165,53.9707,58.581,761856,0.3963,0.4439,0,0.290467,0,1,1
box_gap_return,oi_face_rot_turnpath_mppi,18605,256,16,0,0,1,1,1,236,0.235887,0.106245,37.607,0,0.894513,1.48289,0.281489,66.4315,71.8303,966656,0.365,0.4743,0,0.281711,0,1,1
box_gap_return,oi_face_rot_turnpath_mppi,18612,256,16,0,0,1,1,1,209,0.213452,0.296053,34.9699,0,0.888892,1.95254,0.285856,59.7438,65.5085,856064,0.372,0.6692,0,0.28616,0,1,1
box_gap_return,oi_face_rot_turnpath_mppi,18619,256,16,0,0,1,1,1,322,0.247333,0.174351,107.655,0,0.75398,0.963032,0.401951,129.428,139.45,1318912,0.4341,7.2908,0,0.402184,0,1,1
box_gap_return,oi_face_rot_turnpath_mppi,18626,256,16,0,0,1,1,1,173,0.248665,0.201925,38.2447,0,0.793028,1.29932,0.318054,55.0233,60.4629,708608,0.397,0.5241,0,0.318361,0,1,1
box_gap_return,oi_face_rot_turnpath_mppi,18633,256,16,0,0,1,1,1,238,0.193307,0.321394,59.3003,0,0.835006,1.29068,0.358774,85.3883,92.6238,974848,0.4102,5.6051,0,0.359076,0,1,1
box_gap_return,oi_face_rot_turnpath_mppi,18640,256,16,0,0,1,1,1,208,0.210291,0.311666,41.4762,0,0.77634,1.44935,0.301437,62.699,69.5233,851968,0.387,0.4453,0,0.301693,0,1,1
box_gap_return,oi_face_rot_turnpath_mppi,18647,256,16,0,0,1,1,1,197,0.192417,0.0898063,32.4928,0,0.819666,1.40998,0.301594,59.4141,65.9767,806912,0.3789,0.4281,0,0.301905,0,1,1
box_gap_return,oi_face_rot_turnpath_mppi,18654,256,16,0,0,1,1,1,171,0.240225,0.257947,37.2418,0,0.684664,0.920748,0.299664,51.2426,56.3931,700416,0.3843,0.4464,0,0.299962,0,1,1
box_gap_return,oi_face_rot_turnpath_mppi,18661,256,16,0,0,1,1,1,172,0.132935,0.320157,42.2583,0,0.870327,1.84837,0.362171,62.2934,66.3701,704512,0.3899,6.8554,0,0.36242,0,1,1
box_gap_return,oi_face_rot_turnpath_mppi,18668,256,16,0,0,0,1,0,500,3.35445,0.154793,351.151,0,0.869648,1.30968,0.355746,177.873,192.361,2048000,0.4656,5.9539,0,0.355901,0,1,0
box_gap_return,oi_face_rot_turnpath_mppi,18675,256,16,0,0,1,1,1,171,0.225843,0.153487,30.9886,0,0.828957,1.6154,0.287657,49.1893,53.8489,700416,0.4011,0.8027,0,0.287913,0,1,1
box_gap_return,oi_face_rot_turnpath_mppi,18682,256,16,0,0,1,1,1,200,0.217137,0.248283,43.4683,0,0.842323,1.39581,0.274806,54.9612,59.564,819200,0.3569,0.3943,0,0.275041,0,1,1
box_gap_return,oi_face_rot_turnpath_mppi,18689,256,16,0,0,1,1,1,225,0.20047,0.155961,43.7456,0,0.742499,1.10485,0.282401,63.5403,70.1667,921600,0.3683,0.4495,0,0.282692,0,1,1
box_gap_return,oi_face_rot_turnpath_mppi,18696,256,16,0,0,1,1,1,201,0.246021,0.0650772,39.1419,0,0.687029,0.979653,0.296687,59.6341,65.2246,823296,0.3755,0.5513,0,0.296963,0,1,1
box_gap_return,oi_face_rot_turnpath_mppi,18703,256,16,0,0,1,1,1,146,0.244391,0.189219,31.0664,0,0.692232,0.934813,0.308856,45.093,50.1671,598016,0.3957,0.4462,0,0.309219,0,1,1
box_gap_return,oi_face_rot_turnpath_mppi,18710,256,16,0,0,1,1,1,181,0.246508,0.0739494,34.6447,0,0.643887,0.848306,0.284263,51.4516,56.6434,741376,0.3635,0.4303,0,0.284605,0,1,1
box_gap_return,oi_face_rot_turnpath_mppi,18717,256,16,0,0,0,1,0,500,1.24364,1.00389,106.668,0,0.698654,0.977958,0.293099,146.55,161.469,2048000,0.361,6.538,0,0.293295,0,1,0
box_gap_return,oi_face_rot_turnpath_mppi,18724,256,16,0,0,1,1,1,305,0.242019,0.0664412,71.5501,0,0.90481,1.60835,0.347358,105.944,114.612,1249280,0.3891,6.2269,0,0.347595,0,1,1
box_gap_return,oi_face_rot_turnpath_mppi,18731,256,16,0,0,1,1,1,226,0.195384,0.0374505,42.4103,0,0.756014,1.14878,0.30215,68.2858,75.3752,925696,0.3675,0.4309,0,0.302463,0,1,1
box_gap_return,oi_face_rot_turnpath_mppi,18738,256,16,0,0,1,1,1,241,0.201957,0.172415,66.361,0,0.769567,1.09304,0.313654,75.5907,82.026,987136,0.3953,4.3898,0,0.313891,0,1,1
box_gap_return,oi_face_rot_turnpath_mppi,18745,256,16,0,0,0,1,0,500,1.17654,1.12338,201.753,0,0.820784,1.12127,0.264283,132.141,144.946,2048000,0.3482,0.8491,0,0.26445,0,1,0
box_gap_return,oi_face_rot_turnpath_mppi,18752,256,16,0,0,1,1,1,143,0.21354,0.0507289,29.4798,0,0.707209,0.951977,0.276651,39.5611,43.6286,585728,0.3541,0.4148,0,0.276932,0,1,1
box_gap_return,oi_face_rot_turnpath_mppi,18759,256,16,0,0,1,1,1,188,0.245086,0.0445124,35.8385,0,0.692937,0.980296,0.285595,53.6919,58.3983,770048,0.3676,0.4048,0,0.285825,0,1,1
box_gap_return,oi_face_rot_turnpath_mppi,18766,256,16,0,0,1,1,1,182,0.20613,0.100154,32.8446,0,0.875817,1.4756,0.292435,53.2231,57.9363,745472,0.3572,0.4472,0,0.292722,0,1,1
box_gap_return,oi_face_rot_turnpath_mppi,18773,256,16,0,0,1,1,1,195,0.221473,0.0311175,38.9254,0,0.838391,1.41309,0.289131,56.3805,62.0333,798720,0.3716,0.4271,0,0.289395,0,1,1
box_gap_return,oi_face_rot_turnpath_mppi,18780,256,16,0,0,1,1,1,166,0.192287,0.344662,37.7957,0,0.807561,1.4219,0.295616,49.0722,53.9293,679936,0.3713,0.4379,0,0.29589,0,1,1
box_gap_return,oi_face_rot_turnpath_mppi,18787,256,16,0,0,1,1,1,288,0.223927,0.238685,75.3974,0,0.860629,1.44544,0.356756,102.746,109.848,1179648,0.3931,6.9116,0,0.356964,0,1,1
box_gap_return,oi_face_rot_turnpath_mppi,18794,256,16,0,0,1,1,1,245,0.244744,0.13895,45.7018,0,0.725327,1.01696,0.294888,72.2475,78.4928,1003520,0.3726,0.4754,0,0.295145,0,1,1
box_gap_return,oi_face_rot_turnpath_mppi,18801,256,16,0,0,1,1,1,278,0.249346,0.242921,53.0962,0,0.814883,1.29061,0.357651,99.427,106.764,1138688,0.4296,4.5715,0,0.357873,0,1,1
box_gap_return,oi_face_rot_turnpath_mppi,18808,256,16,0,0,1,1,1,255,0.18681,0.0893695,36.7563,0,0.725299,1.06367,0.289954,73.9383,81.559,1044480,0.3729,0.4013,0,0.290189,0,1,1
box_gap_return,oi_face_rot_turnpath_mppi,18815,256,16,0,0,1,1,1,324,0.190377,0.058159,102.765,0,0.961534,1.51027,0.339043,109.85,121.694,1327104,0.4158,5.5195,0,0.339288,0,1,1
box_gap_return,oi_face_rot_turnpath_mppi,18822,256,16,0,0,1,1,1,331,0.199124,0.269538,120.706,0,0.967056,1.52512,0.345937,114.505,123.631,1355776,0.3815,6.2019,0,0.346155,0,1,1
box_gap_return,oi_face_rot_turnpath_mppi,18829,256,16,0,0,1,1,1,262,0.195986,0.335875,85.1703,0,0.819373,1.1317,0.291799,76.4513,84.0495,1073152,0.3616,4.3033,0,0.292057,0,1,1
box_gap_return,oi_face_rot_turnpath_mppi,18836,256,16,0,0,1,1,1,250,0.230309,0.0621784,45.4576,0,0.820183,1.49219,0.284948,71.2369,77.9299,1024000,0.3783,0.5082,0,0.285182,0,1,1
box_gap_return,oi_face_rot_turnpath_mppi,18843,256,16,0,0,1,1,1,298,0.24343,0.0683433,41.6018,0,0.799832,1.54812,0.274732,81.87,90.0664,1220608,0.3627,0.4911,0,0.27493,0,1,1
box_gap_return,oi_face_rot_turnpath_mppi,18850,256,16,0,0,1,1,1,168,0.243993,0.29075,36.7356,0,0.661294,0.943197,0.304149,51.0971,56.449,688128,0.3981,0.4723,0,0.304458,0,1,1
box_gap_return,oi_face_rot_turnpath_mppi,18857,256,16,0,0,1,1,1,297,0.205718,0.0339396,78.9364,0,0.709622,0.970432,0.399637,118.692,128.721,1216512,0.4064,7.4082,0,0.399922,0,1,1
box_gap_return,oi_face_rot_turnpath_mppi,18864,256,16,0,0,1,1,1,185,0.246717,0.342337,40.4654,0,0.63078,0.825927,0.321501,59.4777,67.3885,757760,0.4208,0.6415,0,0.32178,0,1,1
box_gap_return,oi_face_rot_turnpath_mppi,18871,256,16,0,0,1,1,1,222,0.243224,0.158665,45.1827,0,0.849761,1.47268,0.293658,65.1922,71.0169,909312,0.3805,0.4917,0,0.293954,0,1,1
box_gap_return,oi_face_rot_turnpath_mppi,18878,256,16,0,0,1,1,1,171,0.162296,0.155841,37.761,0,0.74595,1.14411,0.284268,48.6098,52.7175,700416,0.3699,0.4871,0,0.284561,0,1,1
box_gap_return,oi_face_rot_turnpath_mppi,18885,256,16,0,0,1,1,1,165,0.218448,0.322308,32.2167,0,0.825188,1.45498,0.261494,43.1465,46.249,675840,0.3444,0.4344,0,0.261767,0,1,1
box_gap_return,oi_face_rot_turnpath_mppi,18892,256,16,0,0,1,1,1,184,0.1892,0.191313,35.712,0,0.687366,0.995524,0.29592,54.4492,59.6173,753664,0.3753,0.6124,0,0.296165,0,1,1
box_gap_return,oi_face_rot_turnpath_mppi,18899,256,16,0,0,1,1,1,271,0.202551,0.0986444,42.7432,0,0.896591,1.59682,0.296392,80.3223,87.9361,1110016,0.3834,0.4526,0,0.296616,0,1,1
box_gap_return,oi_face_rot_turnpath_mppi,18906,256,16,0,0,1,1,1,221,0.230574,0.178483,42.5813,0,0.813153,1.38446,0.28934,63.9442,70.3361,905216,0.3709,0.4253,0,0.289646,0,1,1
box_gap_return,oi_face_rot_turnpath_mppi,18913,256,16,0,0,0,1,0,500,3.53706,1.1705,398.042,0,0.727726,1.21582,0.298683,149.341,161.472,2048000,0.3708,4.2972,0,0.298835,0,1,0
box_gap_return,oi_face_rot_turnpath_mppi,18920,256,16,0,0,1,1,1,353,0.240022,0.208742,63.0473,0,0.815577,1.21301,0.305927,107.992,119.339,1445888,0.3807,0.5742,0,0.306135,0,1,1
box_gap_return,oi_face_rot_turnpath_mppi,18927,256,16,0,0,1,1,1,211,0.241529,0.194796,39.7387,0,0.719953,1.04308,0.292539,61.7257,67.9111,864256,0.3755,0.4429,0,0.292763,0,1,1
box_gap_return,oi_face_rot_turnpath_mppi,18934,256,16,0,0,1,1,1,150,0.218613,0.324231,38.6265,0,0.751497,1.24493,0.281429,42.2143,45.1564,614400,0.3574,0.4253,0,0.281666,0,1,1
box_gap_return,oi_face_rot_turnpath_mppi,18941,256,16,0,0,1,1,1,222,0.174122,0.0711321,39.4394,0,0.678729,0.901969,0.308884,68.5722,75.3415,909312,0.4017,0.4897,0,0.309157,0,1,1
box_gap_return,oi_face_rot_turnpath_mppi,18948,256,16,0,0,1,1,1,166,0.237163,0.212232,34.1473,0,0.799263,1.30823,0.279846,46.4544,50.3288,679936,0.4052,0.4839,0,0.280137,0,1,1
box_gap_return,oi_face_rot_turnpath_mppi,18955,256,16,0,0,1,1,1,192,0.248145,0.00461878,40.2762,0,0.722112,1.06654,0.302626,58.1041,63.3431,786432,0.4097,0.5237,0,0.302904,0,1,1
box_gap_return,oi_face_rot_turnpath_mppi,18962,256,16,0,0,1,1,1,206,0.141567,0.249103,41.1248,0,0.715373,0.97144,0.271826,55.9962,59.6916,843776,0.3601,0.8119,0,0.272002,0,1,1
box_gap_return,oi_face_rot_turnpath_mppi,18969,256,16,0,0,1,1,1,276,0.2281,0.0121677,48.5891,0,0.820876,1.35302,0.291516,80.4585,88.8116,1130496,0.4237,0.5545,0,0.291731,0,1,1
box_gap_return,oi_face_rot_turnpath_mppi,18976,256,16,0,0,1,1,1,248,0.234236,0.111974,40.9233,0,0.710183,0.976255,0.306765,76.0777,83.5559,1015808,0.3892,0.4964,0,0.307004,0,1,1
box_gap_return,oi_face_rot_turnpath_mppi,18983,256,16,0,0,1,1,1,162,0.238079,0.279563,38.3195,0,0.713291,1.05003,0.296134,47.9737,52.8405,663552,0.3584,0.5466,0,0.296456,0,1,1
box_gap_return,oi_face_rot_turnpath_mppi,18990,256,16,0,0,1,1,1,234,0.20404,0.166808,40.9082,0,0.895241,1.64671,0.290995,68.0927,76.3248,958464,0.3928,0.6092,0,0.291301,0,1,1
box_gap_return,oi_face_rot_turnpath_mppi,18997,256,16,0,0,1,1,1,239,0.220357,0.104822,37.6266,0,0.866175,1.48533,0.301555,72.0716,80.843,978944,0.3984,1.0605,0,0.301842,0,1,1
box_gap_return,oi_face_rot_turnpath_mppi,19004,256,16,0,0,1,1,1,249,0.229462,0.20841,40.3474,0,0.80107,1.25782,0.309321,77.0208,85.6601,1019904,0.3815,0.465,0,0.309623,0,1,1
box_gap_return,oi_face_rot_turnpath_mppi,19011,256,16,0,0,1,1,1,348,0.244028,0.00787184,107.904,0,0.890792,1.39147,0.341402,118.808,132.725,1425408,0.4657,6.8633,0,0.34165,0,1,1
box_gap_return,oi_face_rot_turnpath_mppi,19018,256,16,0,0,1,1,1,244,0.0346864,0.257757,68.1813,0,0.655377,0.768425,0.291828,71.2059,78.2363,999424,0.3874,0.4567,0,0.292104,0,1,1
box_gap_return,oi_face_rot_turnpath_mppi,19025,256,16,0,0,1,1,1,169,0.208332,0.281279,39.3872,0,0.711261,1.04303,0.322151,54.4436,61.0893,692224,0.4606,0.7609,0,0.322517,0,1,1
box_gap_return,oi_face_rot_turnpath_mppi,19032,256,16,0,0,1,1,1,157,0.203064,0.17768,28.0859,0,0.7332,1.16787,0.306198,48.0731,52.314,643072,0.3581,4.0399,0,0.306466,0,1,1
box_gap_return,oi_face_rot_turnpath_mppi,19039,256,16,0,0,1,1,1,189,0.191773,0.0557254,38.0921,0,0.822587,1.47127,0.304184,57.4907,63.4128,774144,0.3862,1.02,0,0.304537,0,1,1
box_gap_return,oi_face_rot_turnpath_mppi,19046,256,16,0,0,1,1,1,195,0.225313,0.127285,42.6147,0,0.742405,1.12869,0.300473,58.5923,65.2167,798720,0.3689,0.4758,0,0.300774,0,1,1
box_gap_return,oi_face_rot_turnpath_mppi,19053,256,16,0,0,1,1,1,279,0.204764,0.182374,58.1674,0,0.930974,1.50766,0.314611,87.7764,95.3717,1142784,0.3785,3.8821,0,0.314818,0,1,1
box_gap_return,oi_face_rot_turnpath_mppi,19060,256,16,0,0,1,1,1,158,0.247872,0.0525455,33.9974,0,0.733644,1.1159,0.287724,45.4604,49.4457,647168,0.3963,0.4448,0,0.288115,0,1,1
box_gap_return,oi_face_rot_turnpath_mppi,19067,256,16,0,0,0,1,0,500,1.40046,0.695183,94.675,0,0.851796,1.33454,0.274214,137.107,152.719,2048000,0.373,0.4295,0,0.274409,0,1,0
box_gap_return,oi_face_rot_turnpath_mppi,19074,256,16,0,0,1,1,1,145,0.236302,0.213705,34.9217,0,0.588572,0.660535,0.306701,44.4716,48.7541,593920,0.3863,0.4058,0,0.30702,0,1,1
box_gap_return,oi_face_rot_turnpath_mppi,19081,256,16,0,0,1,1,1,143,0.221867,0.0518475,29.7419,0,0.617312,0.844408,0.28931,41.3714,46.0293,585728,0.3645,0.443,0,0.289679,0,1,1
box_gap_return,oi_face_rot_turnpath_mppi,19088,256,16,0,0,1,1,1,199,0.140488,0.343109,36.1715,0,0.805494,1.33172,0.291168,57.9424,63.7509,815104,0.3708,0.5127,0,0.291431,0,1,1
box_gap_return,oi_face_rot_turnpath_mppi,19095,256,16,0,0,0,1,0,500,1.57269,0.472605,156.992,0,0.924081,1.48145,0.273295,136.648,149.521,2048000,0.373,5.5055,0,0.273475,0,1,0
box_gap_return,oi_face_rot_turnpath_mppi,19102,256,16,0,0,1,1,1,177,0.226812,0.0497163,41.0122,0,0.763255,1.11197,0.28157,49.8379,53.9497,724992,0.3628,0.4324,0,0.281854,0,1,1
box_gap_return,oi_face_rot_turnpath_mppi,19109,256,16,0,0,1,1,1,215,0.198394,0.0212663,37.1902,0,0.71948,1.1121,0.289602,62.2644,68.6201,880640,0.3581,0.4274,0,0.289915,0,1,1
box_gap_return,oi_face_rot_turnpath_mppi,19116,256,16,0,0,1,1,1,298,0.241443,0.105534,55.3183,0,0.681297,0.930243,0.304257,90.6685,100.554,1220608,0.3807,0.4246,0,0.304502,0,1,1
box_gap_return,oi_face_rot_turnpath_mppi,19123,256,16,0,0,1,1,1,193,0.24692,0.202239,33.1409,0,0.784379,1.2528,0.304817,58.8296,65.6822,790528,0.3678,0.4228,0,0.305135,0,1,1
box_gap_return,oi_face_rot_turnpath_mppi,19130,256,16,0,0,1,1,1,327,0.242065,0.162569,56.7477,0,0.827191,1.3618,0.288286,94.2694,103.199,1339392,0.365,0.4586,0,0.28853,0,1,1
box_gap_return,oi_face_rot_turnpath_mppi,19137,256,16,0,0,1,1,1,185,0.199319,0.276942,39.131,0,0.781176,1.35446,0.299356,55.3808,60.9212,757760,0.3763,0.4508,0,0.299648,0,1,1
box_gap_return,oi_face_rot_turnpath_mppi,19144,256,16,0,0,1,1,1,184,0.231936,0.321837,37.2075,0,0.70022,0.930317,0.293466,53.9978,59.0687,753664,0.3677,0.405,0,0.293712,0,1,1
box_gap_return,oi_face_rot_turnpath_mppi,19151,256,16,0,0,1,1,1,294,0.20416,0.020827,96.8993,0,0.877165,1.35455,0.28429,83.5812,91.9257,1204224,0.3606,0.4294,0,0.284523,0,1,1
box_gap_return,oi_face_rot_turnpath_mppi,19158,256,16,0,0,1,1,1,180,0.229777,0.149618,37.6936,0,0.701142,1.07179,0.31254,56.2571,62.8238,737280,0.3825,0.4315,0,0.312872,0,1,1
box_gap_return,oi_face_rot_turnpath_mppi,19165,256,16,0,0,1,1,1,223,0.230211,0.129957,38.8239,0,0.729343,1.19992,0.281358,62.7429,69.5252,913408,0.3661,0.4666,0,0.281614,0,1,1
box_gap_return,oi_face_rot_turnpath_mppi,19172,256,16,0,0,1,1,1,167,0.213083,0.33957,37.6252,0,0.638484,0.844592,0.29805,49.7743,55.0384,684032,0.3678,0.427,0,0.298368,0,1,1
box_gap_return,oi_face_rot_turnpath_mppi,19179,256,16,0,0,1,1,1,209,0.224566,0.149598,38.4463,0,0.781187,1.31883,0.295024,61.66,67.816,856064,0.3608,0.4837,0,0.295277,0,1,1
box_gap_return,oi_face_rot_turnpath_mppi,19186,256,16,0,0,1,1,1,205,0.213817,0.00967059,37.4479,0,0.801766,1.38886,0.303487,62.2149,68.7831,839680,0.3816,0.477,0,0.303835,0,1,1
box_gap_return,oi_face_rot_turnpath_mppi,19193,256,16,0,0,1,1,1,189,0.249372,0.0619496,39.3089,0,0.719791,1.05384,0.310985,58.7762,65.0212,774144,0.3898,0.4977,0,0.311304,0,1,1
box_gap_return,oi_face_rot_turnpath_mppi,19200,256,16,0,0,1,1,1,162,0.226374,0.0758186,29.869,0,0.803111,1.33816,0.303951,49.2401,54.6402,663552,0.3835,0.4251,0,0.304354,0,1,1
box_gap_return,oi_face_rot_turnpath_mppi,19207,256,16,0,0,1,1,1,216,0.216904,0.108014,34.0182,0,0.748841,1.18944,0.316217,68.3029,75.6821,884736,0.4031,0.6952,0,0.316559,0,1,1
box_gap_return,oi_face_rot_turnpath_mppi,19214,256,16,0,0,1,1,1,208,0.214866,0.328407,45.0842,0,0.910782,1.93135,0.30172,62.7577,69.0655,851968,0.3626,0.7898,0,0.302012,0,1,1
box_gap_return,oi_face_rot_turnpath_mppi,19221,256,16,0,0,1,1,1,170,0.221354,0.21676,32.0433,0,0.727721,1.09884,0.31377,53.3409,59.5214,696320,0.3817,0.786,0,0.314135,0,1,1
box_gap_return,oi_face_rot_turnpath_mppi,19228,256,16,0,0,1,1,1,205,0.203759,0.304931,42.7549,0,0.935077,1.54796,0.299685,61.4355,67.4233,839680,0.3743,0.4626,0,0.29999,0,1,1
box_gap_return,oi_face_rot_turnpath_mppi,19235,256,16,0,0,1,1,1,154,0.18939,0.124128,35.9046,0,0.799962,1.13143,0.307512,47.3569,52.32,630784,0.4096,0.4556,0,0.307864,0,1,1
box_gap_return,oi_face_rot_turnpath_mppi,19242,256,16,0,0,1,1,1,228,0.249839,0.170389,44.9129,0,0.79415,1.31721,0.2909,66.3251,73.0945,933888,0.36,0.6614,0,0.291181,0,1,1
box_gap_return,oi_face_rot_turnpath_mppi,19249,256,16,0,0,1,1,1,191,0.235643,0.0549387,31.6505,0,0.868085,1.54503,0.295126,56.3691,62.7406,782336,0.3777,0.4565,0,0.295447,0,1,1
box_gap_return,oi_face_rot_wide_mppi,18556,256,16,0,0,0,1,0,500,1.52409,0.350592,91.9027,0,0.613468,0.614106,0.296969,148.484,165.047,2048000,0.3813,0.4683,0,0.297179,0,1,0
box_gap_return,oi_face_rot_wide_mppi,18563,256,16,0,0,1,1,1,130,0.210216,0.0908121,20.0158,0,0.902062,1.39547,0.274535,35.6895,39.5575,532480,0.3731,0.4434,0,0.274848,0,1,1
box_gap_return,oi_face_rot_wide_mppi,18570,256,16,0,0,1,1,1,73,0.248574,0.168634,12.6339,0,0.913923,1.26967,0.250819,18.3098,19.9876,299008,0.383,0.4131,0,0.251158,0,1,1
box_gap_return,oi_face_rot_wide_mppi,18577,256,16,0,0,1,1,1,225,0.233014,0.117021,40.3315,0,0.745667,0.865589,0.289958,65.2405,73.1683,921600,0.3785,0.4586,0,0.290229,0,1,1
box_gap_return,oi_face_rot_wide_mppi,18584,256,16,0,0,1,1,1,129,0.195939,0.344767,22.2069,0,0.887994,1.27783,0.276261,35.6377,38.9996,528384,0.3701,0.4434,0,0.276587,0,1,1
box_gap_return,oi_face_rot_wide_mppi,18591,256,16,0,0,1,1,1,239,0.237495,0.0285292,37.9943,0,0.749906,0.949467,0.288528,68.9583,76.9614,978944,0.3766,0.4783,0,0.28889,0,1,1
box_gap_return,oi_face_rot_wide_mppi,18598,256,16,0,0,0,1,0,500,1.52221,0.334721,92.0781,0,0.594696,0.548919,0.299482,149.741,166.791,2048000,0.387,0.5195,0,0.299683,0,1,0
box_gap_return,oi_face_rot_wide_mppi,18605,256,16,0,0,1,1,1,158,0.243767,0.129211,27.2161,0,0.777933,1.1049,0.287738,45.4626,50.1392,647168,0.3956,0.6069,0,0.288062,0,1,1
box_gap_return,oi_face_rot_wide_mppi,18612,256,16,0,0,1,1,1,330,0.225338,0.21289,59.4055,0,0.66074,0.732956,0.293508,96.8575,107.139,1351680,0.3882,0.4608,0,0.293747,0,1,1
box_gap_return,oi_face_rot_wide_mppi,18619,256,16,0,0,0,1,0,500,1.52336,0.290256,91.2847,0,0.572321,0.508834,0.302308,151.154,168.714,2048000,0.3833,0.4822,0,0.302511,0,1,0
box_gap_return,oi_face_rot_wide_mppi,18626,256,16,0,0,0,1,0,500,1.51605,0.348626,91.5217,0,0.616887,0.602947,0.295052,147.526,162.797,2048000,0.3887,0.4447,0,0.295256,0,1,0
box_gap_return,oi_face_rot_wide_mppi,18633,256,16,0,0,1,1,1,89,0.192652,0.178313,13.9059,0,0.86843,1.16914,0.274101,24.395,27.3767,364544,0.3448,0.4085,0,0.274485,0,1,1
box_gap_return,oi_face_rot_wide_mppi,18640,256,16,0,0,0,1,0,500,1.51641,0.333002,91.094,0,0.609658,0.562467,0.301033,150.516,167.983,2048000,0.388,0.6165,0,0.301225,0,1,0
box_gap_return,oi_face_rot_wide_mppi,18647,256,16,0,0,0,1,0,500,1.5057,0.431798,91.7359,0,0.608605,0.573597,0.302062,151.031,168.717,2048000,0.382,1.0281,0,0.302317,0,1,0
box_gap_return,oi_face_rot_wide_mppi,18654,256,16,0,0,0,1,0,500,1.53847,0.206665,92.8456,0,0.576562,0.54167,0.33932,169.66,189.264,2048000,0.4177,0.6732,0,0.33954,0,1,0
box_gap_return,oi_face_rot_wide_mppi,18661,256,16,0,0,1,1,1,105,0.207797,0.0123444,14.4151,0,0.844091,1.14327,0.300675,31.5709,35.976,430080,0.4266,0.5516,0,0.301211,0,1,1
box_gap_return,oi_face_rot_wide_mppi,18668,256,16,0,0,1,1,1,202,0.23981,0.179371,25.085,0,0.893362,1.41129,0.284809,57.5315,64.9833,827392,0.3799,0.7643,0,0.285174,0,1,1
box_gap_return,oi_face_rot_wide_mppi,18675,256,16,0,0,1,1,1,123,0.22188,0.0727673,18.0218,0,0.806355,1.05771,0.294103,36.1746,40.6778,503808,0.3923,0.5954,0,0.294554,0,1,1
box_gap_return,oi_face_rot_wide_mppi,18682,256,16,0,0,0,1,0,500,1.51511,0.33673,91.6055,0,0.595546,0.573685,0.365884,182.942,206.275,2048000,0.4481,2.3572,0,0.366131,0,1,0
box_gap_return,oi_face_rot_wide_mppi,18689,256,16,0,0,1,1,1,229,0.249813,0.114484,36.7742,0,0.732588,0.885614,0.314567,72.0359,80.8489,937984,0.4099,0.9522,0,0.314903,0,1,1
box_gap_return,oi_face_rot_wide_mppi,18696,256,16,0,0,1,1,1,243,0.196434,0.274497,36.0591,0,0.755218,0.968891,0.297701,72.3413,84.5597,995328,0.3945,0.4785,0,0.298039,0,1,1
box_gap_return,oi_face_rot_wide_mppi,18703,256,16,0,0,0,1,0,500,1.50122,0.453359,90.594,0,0.627215,0.618971,0.299964,149.982,167.338,2048000,0.3844,0.4624,0,0.300177,0,1,0
box_gap_return,oi_face_rot_wide_mppi,18710,256,16,0,0,1,1,1,92,0.207507,0.0143971,14.747,0,0.873682,1.33309,0.292003,26.8643,30.4912,376832,0.3957,0.734,0,0.292489,0,1,1
box_gap_return,oi_face_rot_wide_mppi,18717,256,16,0,0,0,1,0,500,1.52231,0.325622,91.5574,0,0.606505,0.610556,0.29701,148.505,164.155,2048000,0.4065,0.6194,0,0.297199,0,1,0
box_gap_return,oi_face_rot_wide_mppi,18724,256,16,0,0,1,1,1,158,0.191351,0.317847,25.37,0,0.737406,0.962008,0.276497,43.6865,48.1487,647168,0.3677,0.4146,0,0.27679,0,1,1
box_gap_return,oi_face_rot_wide_mppi,18731,256,16,0,0,1,1,1,116,0.229615,0.139712,16.3516,0,1.04937,1.83391,0.271843,31.5338,35.2599,475136,0.3596,0.3919,0,0.272229,0,1,1
box_gap_return,oi_face_rot_wide_mppi,18738,256,16,0,0,1,1,1,86,0.247625,0.180073,13.4325,0,0.81539,1.15861,0.263656,22.6744,24.8766,352256,0.3541,0.4099,0,0.264028,0,1,1
box_gap_return,oi_face_rot_wide_mppi,18745,256,16,0,0,0,1,0,500,1.50385,0.454146,91.2814,0,0.613121,0.57796,0.290428,145.214,159.178,2048000,0.3787,0.4954,0,0.290605,0,1,0
box_gap_return,oi_face_rot_wide_mppi,18752,256,16,0,0,1,1,1,215,0.227111,0.324902,40.8057,0,0.798584,1.0664,0.287365,61.7835,67.0851,880640,0.3972,0.4647,0,0.287615,0,1,1
box_gap_return,oi_face_rot_wide_mppi,18759,256,16,0,0,1,1,1,89,0.181183,0.307668,14.7166,0,0.765266,0.875258,0.263763,23.4749,26.0019,364544,0.366,0.4399,0,0.264308,0,1,1
box_gap_return,oi_face_rot_wide_mppi,18766,256,16,0,0,0,1,0,500,1.54559,0.218031,93.4741,0,0.574269,0.545724,0.289365,144.682,159.25,2048000,0.3818,0.4953,0,0.28954,0,1,0
box_gap_return,oi_face_rot_wide_mppi,18773,256,16,0,0,1,1,1,139,0.207489,7.26115e-05,23.1201,0,0.774378,1.00116,0.288176,40.0565,44.3258,569344,0.3953,0.4426,0,0.288452,0,1,1
box_gap_return,oi_face_rot_wide_mppi,18780,256,16,0,0,1,1,1,249,0.0573222,0.331975,46.5098,0,0.678179,0.80181,0.30416,75.7358,83.5171,1019904,0.3993,0.4758,0,0.304456,0,1,1
box_gap_return,oi_face_rot_wide_mppi,18787,256,16,0,0,1,1,1,91,0.154292,0.246889,16.2187,0,0.930411,1.23953,0.266547,24.2558,26.4315,372736,0.366,0.384,0,0.266898,0,1,1
box_gap_return,oi_face_rot_wide_mppi,18794,256,16,0,0,0,1,0,500,1.5039,0.438611,91.6366,0,0.623222,0.58289,0.302236,151.118,167.33,2048000,0.3912,0.7807,0,0.302447,0,1,0
box_gap_return,oi_face_rot_wide_mppi,18801,256,16,0,0,0,1,0,500,1.52948,0.262502,91.7733,0,0.571123,0.531617,0.323719,161.859,182.889,2048000,0.4312,1.1086,0,0.323951,0,1,0
box_gap_return,oi_face_rot_wide_mppi,18808,256,16,0,0,1,1,1,137,0.242823,0.224379,19.4581,0,0.948468,1.65381,0.319544,43.7775,49.4285,561152,0.5115,1.2738,0,0.319982,0,1,1
box_gap_return,oi_face_rot_wide_mppi,18815,256,16,0,0,1,1,1,185,0.227542,0.0174868,33.4616,0,0.779823,0.955613,0.320347,59.2641,66.9683,757760,0.4403,0.8097,0,0.320724,0,1,1
box_gap_return,oi_face_rot_wide_mppi,18822,256,16,0,0,0,1,0,500,1.54111,0.208247,93.0984,0,0.568263,0.517916,0.320684,160.342,180.2,2048000,0.4119,0.5193,0,0.320926,0,1,0
box_gap_return,oi_face_rot_wide_mppi,18829,256,16,0,0,0,1,0,500,1.5089,0.384573,90.9071,0,0.638547,0.64223,0.31705,158.525,179.024,2048000,0.4158,0.6232,0,0.317292,0,1,0
box_gap_return,oi_face_rot_wide_mppi,18836,256,16,0,0,1,1,1,213,0.234888,0.11851,33.1707,0,0.719781,0.910703,0.310032,66.0368,74.6945,872448,0.3903,0.5108,0,0.310375,0,1,1
box_gap_return,oi_face_rot_wide_mppi,18843,256,16,0,0,0,1,0,500,1.53667,0.215788,94.1061,0,0.578002,0.550313,0.333719,166.86,185.704,2048000,0.4046,0.5082,0,0.333939,0,1,0
box_gap_return,oi_face_rot_wide_mppi,18850,256,16,0,0,1,1,1,138,0.248271,0.188079,29.818,0,0.785755,0.991341,0.318156,43.9055,49.242,565248,0.4253,0.4872,0,0.318563,0,1,1
box_gap_return,oi_face_rot_wide_mppi,18857,256,16,0,0,0,1,0,500,1.50521,0.4249,90.5471,0,0.6285,0.627807,0.315815,157.908,177.347,2048000,0.3978,0.5547,0,0.316039,0,1,0
box_gap_return,oi_face_rot_wide_mppi,18864,256,16,0,0,1,1,1,98,0.220168,0.162851,13.8403,0,0.956523,1.49063,0.279315,27.3729,30.7138,401408,0.3645,0.4189,0,0.279784,0,1,1
box_gap_return,oi_face_rot_wide_mppi,18871,256,16,0,0,0,1,0,500,1.51925,0.326291,92.5291,0,0.586054,0.541941,0.31654,158.27,177.738,2048000,0.3874,2.19,0,0.316763,0,1,0
box_gap_return,oi_face_rot_wide_mppi,18878,256,16,0,0,0,1,0,500,1.5362,0.245998,93.0225,0,0.578291,0.536676,0.305472,152.736,170.503,2048000,0.3949,0.5774,0,0.305714,0,1,0
box_gap_return,oi_face_rot_wide_mppi,18885,256,16,0,0,1,1,1,112,0.226526,0.310336,19.6723,0,0.865571,1.36283,0.299547,33.5493,37.8579,458752,0.3819,0.487,0,0.299987,0,1,1
box_gap_return,oi_face_rot_wide_mppi,18892,256,16,0,0,1,1,1,81,0.243492,0.124488,13.4414,0,0.944384,1.51032,0.27648,22.3949,25.1111,331776,0.3536,0.4464,0,0.276939,0,1,1
box_gap_return,oi_face_rot_wide_mppi,18899,256,16,0,0,1,1,1,100,0.243281,0.0114383,14.0905,0,0.789266,1.08919,0.254956,25.4956,27.6844,409600,0.3246,0.4039,0,0.255279,0,1,1
box_gap_return,oi_face_rot_wide_mppi,18906,256,16,0,0,1,1,1,166,0.159413,0.333382,19.8627,0,0.94144,1.61434,0.255532,42.4183,47.1231,679936,0.3603,0.3988,0,0.25586,0,1,1
box_gap_return,oi_face_rot_wide_mppi,18913,256,16,0,0,1,1,1,450,0.229253,0.0149442,80.0698,0,0.609806,0.623896,0.301922,135.865,152.177,1843200,0.4193,0.6047,0,0.302094,0,1,1
box_gap_return,oi_face_rot_wide_mppi,18920,256,16,0,0,1,1,1,102,0.216651,0.255309,16.413,0,0.921207,1.43704,0.282158,28.7801,31.8047,417792,0.3602,0.4227,0,0.282579,0,1,1
box_gap_return,oi_face_rot_wide_mppi,18927,256,16,0,0,1,1,1,96,0.214657,0.000775315,13.4684,0,1.01743,1.61632,0.263046,25.2524,27.8879,393216,0.3648,0.4328,0,0.263518,0,1,1
box_gap_return,oi_face_rot_wide_mppi,18934,256,16,0,0,1,1,1,144,0.240378,0.150914,19.39,0,0.835037,1.17983,0.263576,37.955,41.4722,589824,0.3725,0.4399,0,0.263881,0,1,1
box_gap_return,oi_face_rot_wide_mppi,18941,256,16,0,0,1,1,1,87,0.248768,0.20176,14.3595,0,0.959429,1.4301,0.277562,24.1479,26.942,356352,0.3777,0.4367,0,0.27799,0,1,1
box_gap_return,oi_face_rot_wide_mppi,18948,256,16,0,0,1,1,1,113,0.222483,0.234621,17.956,0,0.827181,1.03791,0.281418,31.8002,35.4279,462848,0.4101,0.4392,0,0.281804,0,1,1
box_gap_return,oi_face_rot_wide_mppi,18955,256,16,0,0,1,1,1,109,0.240878,0.104501,15.2133,0,0.996627,1.68867,0.272096,29.6585,32.8321,446464,0.3967,0.4203,0,0.272433,0,1,1
box_gap_return,oi_face_rot_wide_mppi,18962,256,16,0,0,1,1,1,123,0.230481,0.0681023,16.4765,0,0.809772,1.09058,0.258331,31.7747,35.2174,503808,0.3428,0.3976,0,0.258719,0,1,1
box_gap_return,oi_face_rot_wide_mppi,18969,256,16,0,0,1,1,1,290,0.229974,0.217877,52.1284,0,0.734011,0.873526,0.31676,91.8605,101.882,1187840,0.4092,0.5191,0,0.317009,0,1,1
box_gap_return,oi_face_rot_wide_mppi,18976,256,16,0,0,1,1,1,104,0.241624,0.240843,15.0241,0,0.902636,1.36223,0.270212,28.1021,31.1414,425984,0.3483,0.4196,0,0.270662,0,1,1
box_gap_return,oi_face_rot_wide_mppi,18983,256,16,0,0,0,1,0,500,1.51113,0.376056,91.4094,0,0.621616,0.63319,0.299358,149.679,166.18,2048000,0.3855,0.5534,0,0.299572,0,1,0
box_gap_return,oi_face_rot_wide_mppi,18990,256,16,0,0,1,1,1,339,0.219498,0.154399,91.2895,0,0.838158,1.11812,0.286899,97.2588,108.177,1388544,0.3868,0.4292,0,0.287146,0,1,1
box_gap_return,oi_face_rot_wide_mppi,18997,256,16,0,0,1,1,1,110,0.233757,0.249065,18.6548,0,0.756168,0.95299,0.274099,30.1509,33.3337,450560,0.358,0.4016,0,0.274545,0,1,1
box_gap_return,oi_face_rot_wide_mppi,19004,256,16,0,0,1,1,1,110,0.218438,0.0117915,15.3332,0,0.822137,1.25136,0.277393,30.5132,34.0798,450560,0.3499,0.3964,0,0.277799,0,1,1
box_gap_return,oi_face_rot_wide_mppi,19011,256,16,0,0,0,1,0,500,1.53691,0.236508,93.269,0,0.571838,0.554506,0.29696,148.48,165.513,2048000,0.3808,0.4705,0,0.297161,0,1,0
box_gap_return,oi_face_rot_wide_mppi,19018,256,16,0,0,1,1,1,97,0.248747,0.0827651,14.2518,0,1.00945,1.6023,0.271322,26.3182,29.3103,397312,0.3784,0.4025,0,0.271754,0,1,1
box_gap_return,oi_face_rot_wide_mppi,19025,256,16,0,0,1,1,1,117,0.199096,0.213382,13.2893,0,0.762358,0.981814,0.282155,33.0121,37.6583,479232,0.3785,0.7841,0,0.282585,0,1,1
box_gap_return,oi_face_rot_wide_mppi,19032,256,16,0,0,1,1,1,122,0.204268,0.126456,17.803,0,0.874903,1.19953,0.304584,37.1592,42.2622,499712,0.4728,0.5941,0,0.305053,0,1,1
box_gap_return,oi_face_rot_wide_mppi,19039,256,16,0,0,1,1,1,171,0.242256,0.0794303,29.7595,0,0.771837,1.04937,0.301717,51.5936,57.755,700416,0.4107,0.48,0,0.302102,0,1,1
box_gap_return,oi_face_rot_wide_mppi,19046,256,16,0,0,1,1,1,84,0.107034,0.320688,15.0158,0,0.886947,1.31333,0.27742,23.3033,25.8747,344064,0.3574,0.3898,0,0.277824,0,1,1
box_gap_return,oi_face_rot_wide_mppi,19053,256,16,0,0,1,1,1,103,0.0392634,0.303886,18.4517,0,0.873728,1.21525,0.28033,28.874,31.6062,421888,0.3884,0.416,0,0.280724,0,1,1
box_gap_return,oi_face_rot_wide_mppi,19060,256,16,0,0,1,1,1,178,0.248128,0.215231,33.1913,0,0.879716,1.25812,0.297066,52.8777,58.9959,729088,0.3979,0.5659,0,0.297385,0,1,1
box_gap_return,oi_face_rot_wide_mppi,19067,256,16,0,0,1,1,1,238,0.217177,0.122947,39.0163,0,0.734991,0.915811,0.296005,70.4491,78.3653,974848,0.384,0.6544,0,0.296323,0,1,1
box_gap_return,oi_face_rot_wide_mppi,19074,256,16,0,0,0,1,0,500,1.51238,0.393995,92.5806,0,0.616644,0.609431,0.29648,148.24,164.62,2048000,0.3873,0.6969,0,0.296685,0,1,0
box_gap_return,oi_face_rot_wide_mppi,19081,256,16,0,0,1,1,1,109,0.191012,0.15851,14.6963,0,0.868579,1.41837,0.272756,29.7304,33.2523,446464,0.3847,0.4319,0,0.273151,0,1,1
box_gap_return,oi_face_rot_wide_mppi,19088,256,16,0,0,1,1,1,98,0.242974,0.0987735,16.0223,0,0.837869,1.19666,0.284706,27.9012,31.1477,401408,0.3648,0.3924,0,0.285125,0,1,1
box_gap_return,oi_face_rot_wide_mppi,19095,256,16,0,0,1,1,1,121,0.146365,0.25025,23.1101,0,0.864253,1.23246,0.286982,34.7248,38.471,495616,0.386,0.4117,0,0.287469,0,1,1
box_gap_return,oi_face_rot_wide_mppi,19102,256,16,0,0,1,1,1,486,0.183059,0.200839,81.0914,0,0.647779,0.714264,0.292555,142.182,157.116,1990656,0.384,0.4487,0,0.292794,0,1,1
box_gap_return,oi_face_rot_wide_mppi,19109,256,16,0,0,1,1,1,120,0.179819,0.105596,19.1507,0,0.905021,1.35009,0.286749,34.4099,38.3766,491520,0.3649,0.4449,0,0.287145,0,1,1
box_gap_return,oi_face_rot_wide_mppi,19116,256,16,0,0,1,1,1,98,0.210705,0.0418823,15.8632,0,0.826819,1.05063,0.276441,27.0912,29.9356,401408,0.3603,0.4504,0,0.276904,0,1,1
box_gap_return,oi_face_rot_wide_mppi,19123,256,16,0,0,1,1,1,105,0.0879853,0.323797,19.3846,0,0.738427,0.900043,0.274728,28.8464,31.8268,430080,0.3611,0.4332,0,0.275118,0,1,1
box_gap_return,oi_face_rot_wide_mppi,19130,256,16,0,0,1,1,1,172,0.224651,0.347299,32.7963,0,0.72737,0.90839,0.301531,51.8633,57.0944,704512,0.3983,0.4495,0,0.301846,0,1,1
box_gap_return,oi_face_rot_wide_mppi,19137,256,16,0,0,1,1,1,124,0.0752635,0.282829,22.5207,0,0.816746,1.07365,0.292146,36.2261,40.0318,507904,0.3932,0.4504,0,0.292521,0,1,1
box_gap_return,oi_face_rot_wide_mppi,19144,256,16,0,0,1,1,1,78,0.0835985,0.302162,14.3715,0,0.977775,1.46973,0.284722,22.2083,24.7462,319488,0.3795,0.3952,0,0.285203,0,1,1
box_gap_return,oi_face_rot_wide_mppi,19151,256,16,0,0,1,1,1,88,0.233765,0.0997683,14.308,0,0.909219,1.29874,0.269091,23.68,26.2775,360448,0.3978,0.5325,0,0.269453,0,1,1
box_gap_return,oi_face_rot_wide_mppi,19158,256,16,0,0,1,1,1,86,0.241182,0.0213772,12.4292,0,0.977726,1.58527,0.269413,23.1695,25.6485,352256,0.3993,0.6178,0,0.269851,0,1,1
box_gap_return,oi_face_rot_wide_mppi,19165,256,16,0,0,0,1,0,500,1.51903,0.313042,91.4379,0,0.586556,0.536916,0.292742,146.371,162.134,2048000,0.385,0.4592,0,0.292945,0,1,0
box_gap_return,oi_face_rot_wide_mppi,19172,256,16,0,0,1,1,1,83,0.247861,0.107236,15.7843,0,0.780265,1.12022,0.268248,22.2646,24.4771,339968,0.3649,0.4146,0,0.268613,0,1,1
box_gap_return,oi_face_rot_wide_mppi,19179,256,16,0,0,0,1,0,500,1.55144,0.146295,93.5664,0,0.561234,0.512558,0.291536,145.768,158.893,2048000,0.3889,0.5721,0,0.29171,0,1,0
box_gap_return,oi_face_rot_wide_mppi,19186,256,16,0,0,1,1,1,100,0.220231,0.342017,14.3524,0,0.8055,1.07979,0.259804,25.9804,28.5175,409600,0.3651,0.4292,0,0.260151,0,1,1
box_gap_return,oi_face_rot_wide_mppi,19193,256,16,0,0,0,1,0,500,1.51232,0.362144,90.8531,0,0.614968,0.612567,0.33835,169.175,186.929,2048000,0.4195,0.6187,0,0.338637,0,1,0
box_gap_return,oi_face_rot_wide_mppi,19200,256,16,0,0,1,1,1,333,0.186848,0.179322,57.6399,0,0.739626,0.884344,0.307232,102.308,112.955,1363968,0.4029,0.4922,0,0.307459,0,1,1
box_gap_return,oi_face_rot_wide_mppi,19207,256,16,0,0,0,1,0,500,1.51976,0.310781,91.2651,0,0.600983,0.574133,0.284542,142.271,154.699,2048000,0.3831,0.4551,0,0.284724,0,1,0
box_gap_return,oi_face_rot_wide_mppi,19214,256,16,0,0,1,1,1,131,0.205298,0.0712045,22.5824,0,0.791188,1.00917,0.284819,37.3113,41.5257,536576,0.3848,0.4434,0,0.285167,0,1,1
box_gap_return,oi_face_rot_wide_mppi,19221,256,16,0,0,1,1,1,129,0.196108,0.00193647,21.2005,0,0.718345,0.853868,0.283999,36.6359,40.5597,528384,0.3807,0.4654,0,0.284312,0,1,1
box_gap_return,oi_face_rot_wide_mppi,19228,256,16,0,0,1,1,1,164,0.225564,0.22106,23.7235,0,0.952374,1.8274,0.272304,44.6579,48.7452,671744,0.3578,0.4208,0,0.272591,0,1,1
box_gap_return,oi_face_rot_wide_mppi,19235,256,16,0,0,0,1,0,500,1.50058,0.450097,90.8607,0,0.619766,0.617978,0.285784,142.892,155.616,2048000,0.3771,0.4288,0,0.285952,0,1,0
box_gap_return,oi_face_rot_wide_mppi,19242,256,16,0,0,0,1,0,500,1.5393,0.238289,93.7939,0,0.57634,0.553066,0.298319,149.16,165.008,2048000,0.3868,0.4404,0,0.298506,0,1,0
box_gap_return,oi_face_rot_wide_mppi,19249,256,16,0,0,1,1,1,103,0.1963,0.212478,13.463,0,0.950443,1.51309,0.25881,26.6574,29.6359,421888,0.3563,0.3972,0,0.259401,0,1,1
box_gap_turn,oi_face_rot_anchor_mppi,18556,256,16,0,0,1,1,1,98,0.217371,0.275066,13.7516,0,1.12995,2.18601,0.245865,24.0948,26.2694,401408,0.341,0.4016,0,0.246147,0,1,1
box_gap_turn,oi_face_rot_anchor_mppi,18563,256,16,0,0,1,1,1,341,0.22859,0.304172,70.1907,0,0.919678,1.43654,0.273349,93.2119,101.551,1396736,0.3841,0.7073,0,0.273588,0,1,1
box_gap_turn,oi_face_rot_anchor_mppi,18570,256,16,0,0,1,1,1,77,0.0166857,0.326013,12.2776,0,1.10085,1.79004,0.257481,19.826,21.666,315392,0.3178,0.3739,0,0.257847,0,1,1
box_gap_turn,oi_face_rot_anchor_mppi,18577,256,16,0,0,0,1,0,500,0.279447,0.0596747,131.494,0,1.01985,1.65691,0.251519,125.759,136.67,2048000,0.3555,0.5323,0,0.251675,0,1,0
box_gap_turn,oi_face_rot_anchor_mppi,18584,256,16,0,0,1,1,1,474,0.249855,0.175659,134.698,0,0.848765,1.13954,0.272081,128.966,142.826,1941504,0.3596,0.5036,0,0.272272,0,1,1
box_gap_turn,oi_face_rot_anchor_mppi,18591,256,16,0,0,1,1,1,450,0.239713,0.00621295,98.5174,0,0.839946,1.13863,0.261019,117.459,128.022,1843200,0.3609,1.3699,0,0.261214,0,1,1
box_gap_turn,oi_face_rot_anchor_mppi,18598,256,16,0,0,1,1,1,130,0.123615,0.342932,23.4046,0,1.02812,1.78067,0.27173,35.3249,39.2282,532480,0.3759,0.4503,0,0.272138,0,1,1
box_gap_turn,oi_face_rot_anchor_mppi,18605,256,16,0,0,1,1,1,201,0.237216,0.295478,32.6559,0,0.8414,1.17424,0.2613,52.5213,56.9662,823296,0.3559,0.458,0,0.261521,0,1,1
box_gap_turn,oi_face_rot_anchor_mppi,18612,256,16,0,0,1,1,1,124,0.165715,0.348207,18.9508,0,0.905787,1.34195,0.279747,34.6886,38.5308,507904,0.361,0.4083,0,0.280043,0,1,1
box_gap_turn,oi_face_rot_anchor_mppi,18619,256,16,0,0,1,1,1,90,0.0881684,0.290266,16.3754,0,0.847342,1.13137,0.264257,23.7831,26.036,368640,0.3529,0.4204,0,0.264588,0,1,1
box_gap_turn,oi_face_rot_anchor_mppi,18626,256,16,0,0,1,1,1,215,0.246838,0.189292,34.6937,0,0.952709,1.54579,0.267427,57.4969,63.7877,880640,0.331,0.4515,0,0.267684,0,1,1
box_gap_turn,oi_face_rot_anchor_mppi,18633,256,16,0,0,1,1,1,108,0.213875,0.313543,18.5677,0,0.827952,1.1491,0.270369,29.1999,32.5474,442368,0.3789,0.4969,0,0.271502,0,1,1
box_gap_turn,oi_face_rot_anchor_mppi,18640,256,16,0,0,1,1,1,102,0.232448,0.141152,17.5704,0,0.806929,1.01497,0.264474,26.9763,30.169,417792,0.3271,0.3523,0,0.264889,0,1,1
box_gap_turn,oi_face_rot_anchor_mppi,18647,256,16,0,0,0,1,0,500,1.52716,1.01288,133.305,0,0.828758,1.05497,0.270094,135.047,145.868,2048000,0.3716,0.4234,0,0.270242,0,1,0
box_gap_turn,oi_face_rot_anchor_mppi,18654,256,16,0,0,1,1,1,108,0.179757,0.34893,20.5373,0,1.06186,1.63067,0.287135,31.0106,34.6806,442368,0.3504,0.4263,0,0.287516,0,1,1
box_gap_turn,oi_face_rot_anchor_mppi,18661,256,16,0,0,0,1,0,500,1.87871,0.631146,124.852,0,0.775771,0.933546,0.291248,145.624,162.53,2048000,0.3972,0.6016,0,0.291454,0,1,0
box_gap_turn,oi_face_rot_anchor_mppi,18668,256,16,0,0,1,1,1,108,0.234009,0.261915,19.0489,0,0.942722,1.41734,0.247437,26.7232,29.0882,442368,0.3146,0.3869,0,0.247735,0,1,1
box_gap_turn,oi_face_rot_anchor_mppi,18675,256,16,0,0,1,1,1,144,0.231064,0.312793,26.1819,0,1.09068,1.81462,0.255179,36.7457,39.5395,589824,0.3458,0.3876,0,0.255405,0,1,1
box_gap_turn,oi_face_rot_anchor_mppi,18682,256,16,0,0,1,1,1,316,0.237415,0.279451,65.4428,0,0.883968,1.18907,0.26712,84.4098,92.1371,1294336,0.34,0.9495,0,0.267384,0,1,1
box_gap_turn,oi_face_rot_anchor_mppi,18689,256,16,0,0,1,1,1,146,0.247376,0.328454,26.5319,0,0.892403,1.20791,0.270011,39.4216,44.0001,598016,0.3638,0.4772,0,0.270375,0,1,1
box_gap_turn,oi_face_rot_anchor_mppi,18696,256,16,0,0,1,1,1,452,0.244678,0.251671,91.9532,0,0.924427,1.37594,0.285614,129.097,142.986,1851392,0.3751,0.4379,0,0.285796,0,1,1
box_gap_turn,oi_face_rot_anchor_mppi,18703,256,16,0,0,1,1,1,238,0.181569,0.347267,60.7527,0,0.937606,1.41063,0.262445,62.4619,68.9843,974848,0.3585,0.4572,0,0.262697,0,1,1
box_gap_turn,oi_face_rot_anchor_mppi,18710,256,16,0,0,1,1,1,137,0.233662,0.247746,22.7786,0,1.0372,1.89036,0.249937,34.2413,37.2624,561152,0.3733,0.4385,0,0.250197,0,1,1
box_gap_turn,oi_face_rot_anchor_mppi,18717,256,16,0,0,1,1,1,420,0.086386,0.337917,93.5021,0,0.819402,1.04792,0.293649,123.333,136.495,1720320,0.3892,0.4734,0,0.293844,0,1,1
box_gap_turn,oi_face_rot_anchor_mppi,18724,256,16,0,0,1,1,1,97,0.241506,0.286978,14.4085,0,0.87468,1.32491,0.238085,23.0942,24.9986,397312,0.3239,0.3566,0,0.238417,0,1,1
box_gap_turn,oi_face_rot_anchor_mppi,18731,256,16,0,0,1,1,1,254,0.157077,0.344964,50.6728,0,1.02538,1.705,0.265448,67.4237,72.7269,1040384,0.3535,0.4198,0,0.265643,0,1,1
box_gap_turn,oi_face_rot_anchor_mppi,18738,256,16,0,0,1,1,1,260,0.238683,0.110683,48.7116,0,0.843615,1.16286,0.254754,66.236,71.4406,1064960,0.3876,0.4498,0,0.254958,0,1,1
box_gap_turn,oi_face_rot_anchor_mppi,18745,256,16,0,0,1,1,1,121,0.153357,0.331333,17.8509,0,0.928253,1.39892,0.307914,37.2576,43.1159,495616,0.4801,0.5822,0,0.308315,0,1,1
box_gap_turn,oi_face_rot_anchor_mppi,18752,256,16,0,0,1,1,1,318,0.175563,0.322546,63.7701,0,0.805117,1.05334,0.273781,87.0623,96.3668,1302528,0.3716,0.4529,0,0.273994,0,1,1
box_gap_turn,oi_face_rot_anchor_mppi,18759,256,16,0,0,1,1,1,102,0.234089,0.303029,14.9627,0,1.87414,5.84317,0.265258,27.0563,30.2768,417792,0.3447,0.4086,0,0.265654,0,1,1
box_gap_turn,oi_face_rot_anchor_mppi,18766,256,16,0,0,1,1,1,276,0.0742782,0.349687,63.0136,0,0.936178,1.31491,0.273651,75.5278,82.9772,1130496,0.3681,0.4278,0,0.273884,0,1,1
box_gap_turn,oi_face_rot_anchor_mppi,18773,256,16,0,0,1,1,1,139,0.204213,0.261202,29.1315,0,0.88508,1.25824,0.263803,36.6686,40.3269,569344,0.3372,0.4122,0,0.264069,0,1,1
box_gap_turn,oi_face_rot_anchor_mppi,18780,256,16,0,0,1,1,1,390,0.125228,0.216114,92.8291,0,0.728308,0.855237,0.285521,111.353,125.162,1597440,0.3995,0.6147,0,0.285728,0,1,1
box_gap_turn,oi_face_rot_anchor_mppi,18787,256,16,0,0,1,1,1,115,0.230039,0.164892,16.0862,0,0.879906,1.26811,0.245233,28.2018,30.5035,471040,0.3448,0.5227,0,0.245581,0,1,1
box_gap_turn,oi_face_rot_anchor_mppi,18794,256,16,0,0,1,1,1,75,0.228922,0.309126,14.3064,0,0.955826,1.35303,0.251607,18.8705,20.6447,307200,0.3296,0.3971,0,0.252037,0,1,1
box_gap_turn,oi_face_rot_anchor_mppi,18801,256,16,0,0,0,1,0,500,1.83758,0.245395,146.499,0,0.899786,1.22813,0.268309,134.154,147.818,2048000,0.3653,0.4374,0,0.268479,0,1,0
box_gap_turn,oi_face_rot_anchor_mppi,18808,256,16,0,0,1,1,1,104,0.223801,0.189816,16.4634,0,0.816766,1.06689,0.274488,28.5467,32.0954,425984,0.3716,0.4128,0,0.274916,0,1,1
box_gap_turn,oi_face_rot_anchor_mppi,18815,256,16,0,0,1,1,1,87,0.218005,0.259804,15.6179,0,1.10248,1.75141,0.265764,23.1215,25.2283,356352,0.3432,0.4024,0,0.266149,0,1,1
box_gap_turn,oi_face_rot_anchor_mppi,18822,256,16,0,0,1,1,1,78,0.0249708,0.332099,13.6714,0,1.12402,2.02403,0.272455,21.2515,23.7359,319488,0.3461,0.3936,0,0.272887,0,1,1
box_gap_turn,oi_face_rot_anchor_mppi,18829,256,16,0,0,1,1,1,142,0.249491,0.0853046,16.4033,0,1.05972,1.76788,0.237687,33.7516,36.5081,581632,0.3157,0.3704,0,0.23797,0,1,1
box_gap_turn,oi_face_rot_anchor_mppi,18836,256,16,0,0,1,1,1,458,0.179305,0.0431086,99.1335,0,1.1879,2.66305,0.274125,125.549,138.249,1875968,0.388,0.4301,0,0.274345,0,1,1
box_gap_turn,oi_face_rot_anchor_mppi,18843,256,16,0,0,1,1,1,207,0.213079,0.331041,49.8738,0,0.936162,1.3108,0.270038,55.8979,61.2841,847872,0.355,0.4599,0,0.270322,0,1,1
box_gap_turn,oi_face_rot_anchor_mppi,18850,256,16,0,0,1,1,1,108,0.138737,0.34515,18.315,0,1.09201,1.75317,0.260658,28.1511,30.5464,442368,0.3751,0.4416,0,0.26104,0,1,1
box_gap_turn,oi_face_rot_anchor_mppi,18857,256,16,0,0,0,1,0,500,1.85423,0.923211,116.075,0,0.783045,1.01549,0.295912,147.956,164.146,2048000,0.4285,1.0895,0,0.296081,0,1,0
box_gap_turn,oi_face_rot_anchor_mppi,18864,256,16,0,0,1,1,1,404,0.2262,0.0961839,88.834,0,0.947053,1.34023,0.29385,118.715,130.885,1654784,0.386,0.4485,0,0.294039,0,1,1
box_gap_turn,oi_face_rot_anchor_mppi,18871,256,16,0,0,1,1,1,143,0.0600701,0.319925,24.7872,0,0.957933,1.38452,0.286539,40.9751,45.8036,585728,0.3611,0.405,0,0.286899,0,1,1
box_gap_turn,oi_face_rot_anchor_mppi,18878,256,16,0,0,1,1,1,173,0.232927,0.0536082,24.5124,0,1.07667,2.08459,0.270973,46.8784,52.278,708608,0.3466,0.9882,0,0.271313,0,1,1
box_gap_turn,oi_face_rot_anchor_mppi,18885,256,16,0,0,1,1,1,466,0.140847,0.310062,115.831,0,1.04,1.69813,0.267968,124.873,139.089,1908736,0.364,0.4629,0,0.268159,0,1,1
box_gap_turn,oi_face_rot_anchor_mppi,18892,256,16,0,0,0,1,0,500,1.9873,0.484162,190.329,0,0.957897,1.37182,0.288525,144.263,162.646,2048000,0.3786,1.1363,0,0.288758,0,1,0
box_gap_turn,oi_face_rot_anchor_mppi,18899,256,16,0,0,1,1,1,121,0.167191,0.332234,18.13,0,0.930875,1.55346,0.281159,34.0202,38.4673,495616,0.4171,0.5294,0,0.281587,0,1,1
box_gap_turn,oi_face_rot_anchor_mppi,18906,256,16,0,0,1,1,1,73,0.247249,0.110421,12.8787,0,1.08788,1.94557,0.276842,20.2095,22.9141,299008,0.3342,0.4022,0,0.277337,0,1,1
box_gap_turn,oi_face_rot_anchor_mppi,18913,256,16,0,0,1,1,1,247,0.125471,0.280863,51.7758,0,0.90828,1.26629,0.316271,78.119,89.1491,1011712,0.405,1.112,0,0.316602,0,1,1
box_gap_turn,oi_face_rot_anchor_mppi,18920,256,16,0,0,0,1,0,500,1.57515,0.674648,114.221,0,0.762917,1.02339,0.286472,143.236,160.404,2048000,0.3812,0.5807,0,0.286688,0,1,0
box_gap_turn,oi_face_rot_anchor_mppi,18927,256,16,0,0,1,1,1,162,0.246764,0.327265,36.9556,0,0.907201,1.18649,0.310189,50.2506,56.6898,663552,0.4184,0.6499,0,0.310552,0,1,1
box_gap_turn,oi_face_rot_anchor_mppi,18934,256,16,0,0,0,1,0,500,1.76841,1.89913,136.147,0,0.877956,1.22338,0.269976,134.988,149.766,2048000,0.3554,0.4216,0,0.270182,0,1,0
box_gap_turn,oi_face_rot_anchor_mppi,18941,256,16,0,0,1,1,1,99,0.225868,0.209976,18.5711,0,0.838537,1.10931,0.259713,25.7116,28.3138,405504,0.3258,0.346,0,0.260118,0,1,1
box_gap_turn,oi_face_rot_anchor_mppi,18948,256,16,0,0,1,1,1,268,0.210829,0.175953,77.5792,0,1.0059,1.69758,0.252644,67.7087,74.3189,1097728,0.3471,0.4537,0,0.252863,0,1,1
box_gap_turn,oi_face_rot_anchor_mppi,18955,256,16,0,0,1,1,1,89,0.0798065,0.265132,11.8348,0,0.99296,1.7139,0.243031,21.6298,23.9038,364544,0.3149,0.3479,0,0.243363,0,1,1
box_gap_turn,oi_face_rot_anchor_mppi,18962,256,16,0,0,1,1,1,148,0.228766,0.134762,17.4066,0,1.0429,1.85302,0.247532,36.6347,40.3501,606208,0.3268,0.4118,0,0.247851,0,1,1
box_gap_turn,oi_face_rot_anchor_mppi,18969,256,16,0,0,1,1,1,194,0.216611,0.290924,37.7983,0,0.916068,1.39609,0.270099,52.3992,57.1932,794624,0.3696,0.4144,0,0.270343,0,1,1
box_gap_turn,oi_face_rot_anchor_mppi,18976,256,16,0,0,1,1,1,130,0.220006,0.196448,29.062,0,0.810016,1.01937,0.284978,37.0471,41.0802,532480,0.3658,0.407,0,0.285344,0,1,1
box_gap_turn,oi_face_rot_anchor_mppi,18983,256,16,0,0,1,1,1,191,0.101535,0.295376,32.9366,0,0.957264,1.43692,0.253126,48.347,52.0692,782336,0.3261,0.4004,0,0.253326,0,1,1
box_gap_turn,oi_face_rot_anchor_mppi,18990,256,16,0,0,1,1,1,95,0.207309,0.261094,19.2597,0,1.10526,1.85285,0.278341,26.4424,29.2658,389120,0.3962,0.4356,0,0.278753,0,1,1
box_gap_turn,oi_face_rot_anchor_mppi,18997,256,16,0,0,1,1,1,100,0.0748554,0.30213,17.596,0,1.02663,1.73422,0.263623,26.3623,28.9894,409600,0.3872,0.4183,0,0.264024,0,1,1
box_gap_turn,oi_face_rot_anchor_mppi,19004,256,16,0,0,1,1,1,292,0.237149,0.3471,55.5611,0,0.868618,1.19365,0.290065,84.699,94.0344,1196032,0.3913,0.4471,0,0.290283,0,1,1
box_gap_turn,oi_face_rot_anchor_mppi,19011,256,16,0,0,1,1,1,244,0.22705,0.275245,54.9619,0,0.915904,1.29186,0.274351,66.9416,75.7019,999424,0.3528,0.4245,0,0.274637,0,1,1
box_gap_turn,oi_face_rot_anchor_mppi,19018,256,16,0,0,1,1,1,124,0.242778,0.174152,17.8158,0,1.18318,2.56025,0.274648,34.0563,38.6247,507904,0.3505,0.4149,0,0.275021,0,1,1
box_gap_turn,oi_face_rot_anchor_mppi,19025,256,16,0,0,1,1,1,72,0.228706,0.0812263,12.2073,0,1.10245,1.92105,0.266282,19.1723,21.5568,294912,0.3319,0.3478,0,0.266807,0,1,1
box_gap_turn,oi_face_rot_anchor_mppi,19032,256,16,0,0,1,1,1,229,0.21237,0.349714,39.987,0,0.974841,1.51263,0.278605,63.8006,70.3355,937984,0.3692,0.51,0,0.278871,0,1,1
box_gap_turn,oi_face_rot_anchor_mppi,19039,256,16,0,0,1,1,1,142,0.24284,0.281735,23.619,0,0.935359,1.477,0.249722,35.4606,38.7497,581632,0.3264,0.4712,0,0.250003,0,1,1
box_gap_turn,oi_face_rot_anchor_mppi,19046,256,16,0,0,1,1,1,157,0.183885,0.0561543,24.4078,0,0.927727,1.49759,0.273033,42.8662,47.9681,643072,0.36,0.4608,0,0.273367,0,1,1
box_gap_turn,oi_face_rot_anchor_mppi,19053,256,16,0,0,1,1,1,443,0.243406,0.0495051,112.511,0,0.950218,1.55277,0.269139,119.229,132.669,1814528,0.357,0.4607,0,0.269368,0,1,1
box_gap_turn,oi_face_rot_anchor_mppi,19060,256,16,0,0,1,1,1,121,0.0397477,0.297399,18.0636,0,1.0151,1.66573,0.256559,31.0436,34.2924,495616,0.3235,0.3799,0,0.256866,0,1,1
box_gap_turn,oi_face_rot_anchor_mppi,19067,256,16,0,0,1,1,1,447,0.233142,0.321922,113.229,0,0.932969,1.33237,0.279997,125.159,136.212,1830912,0.3857,0.4712,0,0.280164,0,1,1
box_gap_turn,oi_face_rot_anchor_mppi,19074,256,16,0,0,1,1,1,199,0.240893,0.0376596,65.3261,0,1.18472,2.06681,0.278782,55.4776,60.8351,815104,0.3965,0.4496,0,0.27903,0,1,1
box_gap_turn,oi_face_rot_anchor_mppi,19081,256,16,0,0,1,1,1,378,0.146414,0.254529,124.252,0,1.07408,1.75936,0.250085,94.532,104.6,1548288,0.347,0.4413,0,0.250274,0,1,1
box_gap_turn,oi_face_rot_anchor_mppi,19088,256,16,0,0,1,1,1,197,0.233526,0.311796,24.1707,0,0.924287,1.55349,0.258857,50.9949,55.368,806912,0.3669,0.4477,0,0.259104,0,1,1
box_gap_turn,oi_face_rot_anchor_mppi,19095,256,16,0,0,1,1,1,93,0.107895,0.342907,15.6529,0,0.717792,0.980103,0.256685,23.8717,26.549,380928,0.3357,0.3806,0,0.257325,0,1,1
box_gap_turn,oi_face_rot_anchor_mppi,19102,256,16,0,0,1,1,1,108,0.215555,0.227538,14.2067,0,0.913404,1.44598,0.249888,26.9879,30.4097,442368,0.3408,0.4055,0,0.250298,0,1,1
box_gap_turn,oi_face_rot_anchor_mppi,19109,256,16,0,0,1,1,1,238,0.155395,0.330696,66.7997,0,1.06063,1.69822,0.278551,66.2951,74.6365,974848,0.3732,0.4544,0,0.278882,0,1,1
box_gap_turn,oi_face_rot_anchor_mppi,19116,256,16,0,0,1,1,1,144,0.204141,0.288687,23.2554,0,0.907041,1.25636,0.297211,42.7984,47.9138,589824,0.3844,0.5668,0,0.297663,0,1,1
box_gap_turn,oi_face_rot_anchor_mppi,19123,256,16,0,0,1,1,1,260,0.213742,0.311493,55.7421,0,0.922192,1.29879,0.271342,70.549,77.8359,1064960,0.3434,0.5774,0,0.271632,0,1,1
box_gap_turn,oi_face_rot_anchor_mppi,19130,256,16,0,0,1,1,1,133,0.225774,0.170508,26.5414,0,0.978039,1.34255,0.306969,40.8269,47.3911,544768,0.5424,0.7408,0,0.307399,0,1,1
box_gap_turn,oi_face_rot_anchor_mppi,19137,256,16,0,0,1,1,1,81,0.186913,0.348935,14.2598,0,0.945877,1.36756,0.33062,26.7802,31.1329,331776,0.5236,0.8935,0,0.331631,0,1,1
box_gap_turn,oi_face_rot_anchor_mppi,19144,256,16,0,0,0,1,0,500,1.64899,2.1234,164.17,0,0.968988,1.48046,0.284258,142.129,159.907,2048000,0.3786,0.9885,0,0.284479,0,1,0
box_gap_turn,oi_face_rot_anchor_mppi,19151,256,16,0,0,1,1,1,182,0.182797,0.316606,33.7768,0,1.03363,1.8881,0.258325,47.0151,51.5127,745472,0.3434,0.7287,0,0.258587,0,1,1
box_gap_turn,oi_face_rot_anchor_mppi,19158,256,16,0,0,1,1,1,246,0.102293,0.299435,52.9837,0,1.05428,1.6806,0.292948,72.0651,80.4195,1007616,0.3901,0.6246,0,0.293248,0,1,1
box_gap_turn,oi_face_rot_anchor_mppi,19165,256,16,0,0,1,1,1,223,0.180838,0.326046,41.285,0,1.023,1.83989,0.292061,65.1297,73.1382,913408,0.4057,1.017,0,0.292378,0,1,1
box_gap_turn,oi_face_rot_anchor_mppi,19172,256,16,0,0,1,1,1,308,0.210178,0.00403285,61.7286,0,0.887644,1.27636,0.29265,90.1363,102.151,1261568,0.3931,0.5035,0,0.292924,0,1,1
box_gap_turn,oi_face_rot_anchor_mppi,19179,256,16,0,0,1,1,1,198,0.201289,0.184366,54.0883,0,1.06926,1.74911,0.298999,59.2018,66.8101,811008,0.4096,1.4474,0,0.299361,0,1,1
box_gap_turn,oi_face_rot_anchor_mppi,19186,256,16,0,0,1,1,1,193,0.114793,0.346916,36.4458,0,0.893236,1.2926,0.319185,61.6027,70.6978,790528,0.4119,1.0157,0,0.31969,0,1,1
box_gap_turn,oi_face_rot_anchor_mppi,19193,256,16,0,0,1,1,1,214,0.220475,0.0874572,39.8742,0,0.799342,0.951353,0.305265,65.3267,73.1773,876544,0.4381,0.7088,0,0.305613,0,1,1
box_gap_turn,oi_face_rot_anchor_mppi,19200,256,16,0,0,1,1,1,108,0.0228199,0.342483,16.2824,0,0.78523,1.10139,0.276888,29.9039,33.7978,442368,0.3382,0.4017,0,0.277314,0,1,1
box_gap_turn,oi_face_rot_anchor_mppi,19207,256,16,0,0,1,1,1,427,0.0957147,0.295371,89.9879,0,0.949111,1.60379,0.281959,120.397,134.584,1748992,0.3933,0.674,0,0.282175,0,1,1
box_gap_turn,oi_face_rot_anchor_mppi,19214,256,16,0,0,1,1,1,228,0.188308,0.322612,48.2794,0,1.07039,1.64622,0.296134,67.5185,74.8004,933888,0.3913,0.4456,0,0.296403,0,1,1
box_gap_turn,oi_face_rot_anchor_mppi,19221,256,16,0,0,1,1,1,97,0.245597,0.0169886,19.0043,0,1.06719,1.77473,0.268011,25.9971,28.425,397312,0.3832,0.4282,0,0.268392,0,1,1
box_gap_turn,oi_face_rot_anchor_mppi,19228,256,16,0,0,1,1,1,74,0.232752,0.278709,12.9938,0,0.980532,1.65447,0.289355,21.4123,23.7973,303104,0.4068,0.8569,0,0.289924,0,1,1
box_gap_turn,oi_face_rot_anchor_mppi,19235,256,16,0,0,1,1,1,154,0.242672,0.0760965,26.0566,0,0.933627,1.46805,0.290352,44.7142,50.5324,630784,0.5004,0.6602,0,0.290673,0,1,1
box_gap_turn,oi_face_rot_anchor_mppi,19242,256,16,0,0,1,1,1,140,0.0508325,0.247545,19.9845,0,0.915349,1.40245,0.283322,39.6651,44.7763,573440,0.3659,0.4067,0,0.283717,0,1,1
box_gap_turn,oi_face_rot_anchor_mppi,19249,256,16,0,0,1,1,1,133,0.240091,0.285877,28.0807,0,1.17352,2.0856,0.272767,36.278,40.9526,544768,0.3585,0.4573,0,0.27328,0,1,1
box_gap_turn,oi_face_rot_turnpath_mppi,18556,256,16,0,0,0,1,0,500,1.90148,0.226982,158.348,0,0.748206,1.18888,0.350992,175.496,197.361,2048000,0.4601,1.6746,0,0.351226,0,1,0
box_gap_turn,oi_face_rot_turnpath_mppi,18563,256,16,0,0,1,1,1,161,0.248121,0.127054,33.2344,0,0.702437,0.946026,0.293224,47.209,52.3214,659456,0.371,0.4427,0,0.293589,0,1,1
box_gap_turn,oi_face_rot_turnpath_mppi,18570,256,16,0,0,1,1,1,175,0.247831,0.160385,25.0356,0,0.874233,1.5559,0.280642,49.1123,54.9771,716800,0.3624,0.4389,0,0.28098,0,1,1
box_gap_turn,oi_face_rot_turnpath_mppi,18577,256,16,0,0,1,1,1,128,0.233938,0.0383955,28.3758,0,0.763686,1.15733,0.307146,39.3147,44.2119,524288,0.3858,0.456,0,0.307548,0,1,1
box_gap_turn,oi_face_rot_turnpath_mppi,18584,256,16,0,0,0,1,0,500,0.739089,0.479714,137.997,0,0.807278,1.13357,0.34328,171.64,188.952,2048000,0.4093,6.6823,0,0.343485,0,1,0
box_gap_turn,oi_face_rot_turnpath_mppi,18591,256,16,0,0,1,1,1,119,0.211901,0.262242,26.6775,0,0.856251,1.39523,0.294582,35.0552,39.0751,487424,0.387,0.4645,0,0.294991,0,1,1
box_gap_turn,oi_face_rot_turnpath_mppi,18598,256,16,0,0,1,1,1,184,0.248428,0.11253,29.6449,0,1.06225,2.30875,0.345555,63.5822,69.9514,753664,0.3868,4.0281,0,0.345867,0,1,1
box_gap_turn,oi_face_rot_turnpath_mppi,18605,256,16,0,0,1,1,1,296,0.22029,0.202945,70.2349,0,1.01634,1.96735,0.429276,127.066,137.387,1212416,0.4436,5.6382,0,0.429504,0,1,1
box_gap_turn,oi_face_rot_turnpath_mppi,18612,256,16,0,0,1,1,1,211,0.239147,0.158453,43.9865,0,0.901626,1.38196,0.998488,210.681,219.744,864256,5.7731,7.5578,0,0.998836,0,1,1
box_gap_turn,oi_face_rot_turnpath_mppi,18619,256,16,0,0,1,1,1,153,0.235522,0.000470996,32.886,0,0.800531,1.1354,0.344098,52.647,60.0912,626688,0.4829,0.9935,0,0.344577,0,1,1
box_gap_turn,oi_face_rot_turnpath_mppi,18626,256,16,0,0,1,1,1,138,0.0838172,0.349349,27.4995,0,1.12509,2.56557,0.350515,48.3711,55.1776,565248,0.4929,0.7652,0,0.350988,0,1,1
box_gap_turn,oi_face_rot_turnpath_mppi,18633,256,16,0,0,1,1,1,172,0.131787,0.346133,45.0779,0,0.973638,1.68223,0.465744,80.1079,88.1445,704512,0.5869,9.0778,0,0.466199,0,1,1
box_gap_turn,oi_face_rot_turnpath_mppi,18640,256,16,0,0,1,1,1,151,0.186955,0.263151,31.255,0,0.676157,1.1056,0.357451,53.9751,61.9126,618496,0.4422,3.0639,0,0.363773,0,1,1
box_gap_turn,oi_face_rot_turnpath_mppi,18647,256,16,0,0,1,1,1,350,0.220285,0.188644,100.739,0,0.917551,1.38068,0.319,111.65,128.398,1433600,0.4428,1.1516,0,0.319293,0,1,1
box_gap_turn,oi_face_rot_turnpath_mppi,18654,256,16,0,0,1,1,1,158,0.0421365,0.30568,31.864,0,0.743372,0.990205,0.307401,48.5694,54.9238,647168,0.4225,0.8671,0,0.307787,0,1,1
box_gap_turn,oi_face_rot_turnpath_mppi,18661,256,16,0,0,1,1,1,136,0.245923,0.337091,32.3974,0,0.998917,2.16117,0.406111,55.2311,60.2556,557056,0.4118,6.9013,0,0.406484,0,1,1
box_gap_turn,oi_face_rot_turnpath_mppi,18668,256,16,0,0,1,1,1,157,0.231283,0.141456,31.8129,0,0.916288,1.56375,0.298134,46.807,52.07,643072,0.3717,0.439,0,0.298505,0,1,1
box_gap_turn,oi_face_rot_turnpath_mppi,18675,256,16,0,0,1,1,1,163,0.246073,0.285772,28.3473,0,0.843415,1.25422,0.298731,48.6931,55.4944,667648,0.3678,0.6231,0,0.299229,0,1,1
box_gap_turn,oi_face_rot_turnpath_mppi,18682,256,16,0,0,1,1,1,168,0.234724,0.247033,36.3254,0,0.795207,1.12773,0.306589,51.507,57.6794,688128,0.4274,0.5605,0,0.306967,0,1,1
box_gap_turn,oi_face_rot_turnpath_mppi,18689,256,16,0,0,1,1,1,202,0.228123,0.117655,47.0246,0,0.848169,1.24158,0.347701,70.2357,76.8296,827392,0.4133,5.3254,0,0.348263,0,1,1
box_gap_turn,oi_face_rot_turnpath_mppi,18696,256,16,0,0,1,1,1,243,0.179379,0.276476,45.6042,0,0.841463,1.27646,0.289382,70.3199,77.1841,995328,0.4087,0.5249,0,0.289591,0,1,1
box_gap_turn,oi_face_rot_turnpath_mppi,18703,256,16,0,0,1,1,1,124,0.130914,0.298719,29.667,0,1.03602,1.85741,0.286287,35.4996,39.0114,507904,0.389,0.447,0,0.286598,0,1,1
box_gap_turn,oi_face_rot_turnpath_mppi,18710,256,16,0,0,0,1,0,500,3.60562,0.631378,276.91,0,0.698393,0.838042,0.308521,154.261,167.293,2048000,0.3846,7.3176,0,0.308699,0,1,0
box_gap_turn,oi_face_rot_turnpath_mppi,18717,256,16,0,0,0,1,0,500,1.31897,0.990163,272.547,0,0.877869,1.29315,0.354476,177.238,191.686,2048000,0.3618,8.9035,0,0.354663,0,1,0
box_gap_turn,oi_face_rot_turnpath_mppi,18724,256,16,0,0,0,1,0,500,3.4046,1.35564,344.358,0,0.886274,1.51838,0.537946,268.973,283.604,2048000,3.8388,7.3594,0,0.538147,0,1,0
box_gap_turn,oi_face_rot_turnpath_mppi,18731,256,16,0,0,1,1,1,144,0.231265,0.253383,32.2628,0,0.985103,1.7352,0.375675,54.0972,58.5015,589824,0.3926,4.7333,0,0.376012,0,1,1
box_gap_turn,oi_face_rot_turnpath_mppi,18738,256,16,0,0,1,1,1,339,0.235093,0.218156,63.405,0,0.771047,1.2361,0.285237,96.6954,106.009,1388544,0.3609,0.9141,0,0.285462,0,1,1
box_gap_turn,oi_face_rot_turnpath_mppi,18745,256,16,0,0,1,1,1,226,0.244643,0.246251,55.6235,0,0.845125,1.18647,0.287073,64.8784,71.3768,925696,0.3747,0.4765,0,0.28733,0,1,1
box_gap_turn,oi_face_rot_turnpath_mppi,18752,256,16,0,0,1,1,1,458,0.17659,0.252539,121.685,0,0.870193,1.25595,0.281798,129.063,143.999,1875968,0.3577,0.628,0,0.28199,0,1,1
box_gap_turn,oi_face_rot_turnpath_mppi,18759,256,16,0,0,1,1,1,439,0.209102,0.134062,160.376,0,1.10951,1.84119,0.404417,177.539,187.438,1798144,0.4446,4.3589,0,0.404566,0,1,1
box_gap_turn,oi_face_rot_turnpath_mppi,18766,256,16,0,0,1,1,1,291,0.231891,0.205001,50.8508,0,1.02193,1.99468,0.269981,78.5645,85.0549,1191936,0.3506,0.9182,0,0.270164,0,1,1
box_gap_turn,oi_face_rot_turnpath_mppi,18773,256,16,0,0,1,1,1,182,0.189839,0.344472,40.2583,0,0.949951,1.61112,0.434712,79.1176,87.1303,745472,0.5406,8.2096,0,0.435221,0,1,1
box_gap_turn,oi_face_rot_turnpath_mppi,18780,256,16,0,0,0,1,0,500,0.350883,0.431872,150.224,0,0.903287,1.30079,0.853501,426.751,447.945,2048000,4.7911,8.8952,0,0.853773,0,1,0
box_gap_turn,oi_face_rot_turnpath_mppi,18787,256,16,0,0,1,1,1,308,0.186024,0.0104645,64.9471,0,0.829927,1.16303,0.285992,88.0854,99.1307,1261568,0.373,0.451,0,0.286302,0,1,1
box_gap_turn,oi_face_rot_turnpath_mppi,18794,256,16,0,0,1,1,1,157,0.243035,0.121121,34.803,0,0.810181,1.13796,0.31079,48.794,54.7481,643072,0.3883,0.4969,0,0.311185,0,1,1
box_gap_turn,oi_face_rot_turnpath_mppi,18801,256,16,0,0,1,1,1,118,0.0707391,0.329034,24.7352,0,0.985901,1.63914,0.371729,43.864,48.6098,483328,0.4081,4.9826,0,0.372181,0,1,1
box_gap_turn,oi_face_rot_turnpath_mppi,18808,256,16,0,0,0,1,0,500,1.49454,0.901643,141.157,0,0.901398,1.26485,0.430901,215.451,234.867,2048000,0.4374,7.6875,0,0.431122,0,1,0
box_gap_turn,oi_face_rot_turnpath_mppi,18815,256,16,0,0,1,1,1,405,0.246865,0.224006,97.4204,0,0.83234,1.25533,0.314599,127.412,141.474,1658880,0.3749,5.6305,0,0.314835,0,1,1
box_gap_turn,oi_face_rot_turnpath_mppi,18822,256,16,0,0,1,1,1,454,0.18273,0.319231,82.4799,0,0.935793,1.69394,0.374201,169.887,187.32,1859584,0.4375,6.464,0,0.374426,0,1,1
box_gap_turn,oi_face_rot_turnpath_mppi,18829,256,16,0,0,1,1,1,113,0.0610348,0.312066,25.6178,0,0.959492,1.64834,0.295712,33.4155,37.1582,462848,0.3994,0.4355,0,0.296153,0,1,1
box_gap_turn,oi_face_rot_turnpath_mppi,18836,256,16,0,0,1,1,1,195,0.136803,0.333899,38.1131,0,0.967656,1.59855,0.305606,59.5932,66.2142,798720,0.3865,0.4444,0,0.305932,0,1,1
box_gap_turn,oi_face_rot_turnpath_mppi,18843,256,16,0,0,1,1,1,181,0.0719706,0.330901,38.5744,0,0.771995,1.00296,0.317431,57.455,63.7782,741376,0.4165,0.4434,0,0.317741,0,1,1
box_gap_turn,oi_face_rot_turnpath_mppi,18850,256,16,0,0,0,1,0,500,1.50945,0.791861,130.571,0,0.806149,0.996933,0.392313,196.157,212.696,2048000,0.4304,5.4022,0,0.392524,0,1,0
box_gap_turn,oi_face_rot_turnpath_mppi,18857,256,16,0,0,1,1,1,249,0.0176094,0.299041,60.6055,0,0.921672,1.44233,0.300532,74.8324,83.1683,1019904,0.3806,0.4531,0,0.300801,0,1,1
box_gap_turn,oi_face_rot_turnpath_mppi,18864,256,16,0,0,1,1,1,211,0.223127,0.0450091,41.5209,0,0.770137,1.01551,0.311353,65.6954,73.535,864256,0.4035,0.8826,0,0.311688,0,1,1
box_gap_turn,oi_face_rot_turnpath_mppi,18871,256,16,0,0,1,1,1,301,0.230879,0.234205,65.071,0,0.815355,1.16549,0.300437,90.4315,100.304,1232896,0.3901,0.4543,0,0.30069,0,1,1
box_gap_turn,oi_face_rot_turnpath_mppi,18878,256,16,0,0,1,1,1,181,0.217357,0.0757459,35.1293,0,0.801906,1.31659,0.279632,50.6133,55.6307,741376,0.3706,0.4488,0,0.279954,0,1,1
box_gap_turn,oi_face_rot_turnpath_mppi,18885,256,16,0,0,1,1,1,187,0.236205,0.185107,52.2139,0,0.802635,1.11431,0.35242,65.9026,72.5445,765952,0.4194,5.74,0,0.352737,0,1,1
box_gap_turn,oi_face_rot_turnpath_mppi,18892,256,16,0,0,0,1,0,500,2.00542,0.166776,155.318,0,0.959399,1.62156,0.319069,159.534,172.398,2048000,0.3935,6.4605,0,0.319243,0,1,0
box_gap_turn,oi_face_rot_turnpath_mppi,18899,256,16,0,0,1,1,1,219,0.220702,0.254221,51.7217,0,0.907206,1.39669,0.359437,78.7167,85.4784,897024,0.4124,5.5654,0,0.359719,0,1,1
box_gap_turn,oi_face_rot_turnpath_mppi,18906,256,16,0,0,1,1,1,125,0.236511,0.153742,27.985,0,0.897444,1.42709,0.273,34.125,36.9699,512000,0.3435,0.3784,0,0.273274,0,1,1
box_gap_turn,oi_face_rot_turnpath_mppi,18913,256,16,0,0,1,1,1,317,0.156214,0.340379,80.2519,0,0.884331,1.29839,0.304478,96.5194,104.852,1298432,0.371,4.943,0,0.304705,0,1,1
box_gap_turn,oi_face_rot_turnpath_mppi,18920,256,16,0,0,0,1,0,500,1.00958,2.99476,167.07,0,0.942471,1.43445,0.272331,136.166,148.773,2048000,0.3744,0.4523,0,0.272521,0,1,0
box_gap_turn,oi_face_rot_turnpath_mppi,18927,256,16,0,0,1,1,1,333,0.208056,0.0160065,108.892,0,0.956205,1.55195,0.378572,126.064,136.412,1363968,0.4016,6.5281,0,0.378852,0,1,1
box_gap_turn,oi_face_rot_turnpath_mppi,18934,256,16,0,0,0,1,0,500,1.84478,0.967444,159.457,0,0.946034,1.56206,0.49429,247.145,263.15,2048000,0.4752,8.561,0,0.494474,0,1,0
box_gap_turn,oi_face_rot_turnpath_mppi,18941,256,16,0,0,1,1,1,146,0.249247,0.0254841,27.3607,0,0.801743,1.2779,0.292379,42.6874,47.4543,598016,0.3942,0.4619,0,0.292706,0,1,1
box_gap_turn,oi_face_rot_turnpath_mppi,18948,256,16,0,0,1,1,1,183,0.220894,0.176443,42.6985,0,0.881499,1.37742,0.293431,53.6978,59.2104,749568,0.367,0.429,0,0.2937,0,1,1
box_gap_turn,oi_face_rot_turnpath_mppi,18955,256,16,0,0,1,1,1,125,0.242811,0.249775,28.1942,0,0.966429,1.64734,0.292821,36.6026,40.3073,512000,0.4057,0.4665,0,0.293154,0,1,1
box_gap_turn,oi_face_rot_turnpath_mppi,18962,256,16,0,0,1,1,1,298,0.232471,0.268033,73.4636,0,0.784716,1.10497,0.402329,119.894,129.161,1220608,0.4332,7.3302,0,0.402572,0,1,1
box_gap_turn,oi_face_rot_turnpath_mppi,18969,256,16,0,0,0,1,0,500,2.27121,0.164527,154.875,0,0.697208,0.829825,0.356776,178.388,192.893,2048000,0.3998,6.9893,0,0.356947,0,1,0
box_gap_turn,oi_face_rot_turnpath_mppi,18976,256,16,0,0,1,1,1,150,0.0867458,0.314974,37.01,0,0.934608,1.50224,0.363921,54.5881,59.1851,614400,0.3926,5.3016,0,0.364275,0,1,1
box_gap_turn,oi_face_rot_turnpath_mppi,18983,256,16,0,0,1,1,1,222,0.248327,0.0900755,48.139,0,1.05252,1.94977,0.29641,65.8031,71.7907,909312,0.3813,0.4562,0,0.296673,0,1,1
box_gap_turn,oi_face_rot_turnpath_mppi,18990,256,16,0,0,1,1,1,231,0.201868,0.0554324,73.2957,0,0.934607,1.37827,0.512516,118.391,125.708,946176,2.9153,4.9887,0,0.51278,0,1,1
box_gap_turn,oi_face_rot_turnpath_mppi,18997,256,16,0,0,1,1,1,264,0.203641,0.272933,65.8538,0,0.838339,1.19068,0.314792,83.105,90.4699,1081344,0.3677,4.6635,0,0.314997,0,1,1
box_gap_turn,oi_face_rot_turnpath_mppi,19004,256,16,0,0,1,1,1,282,0.228401,0.0848112,93.5434,0,0.92131,1.31291,0.606685,171.085,179.724,1155072,3.2894,4.5029,0,0.606907,0,1,1
box_gap_turn,oi_face_rot_turnpath_mppi,19011,256,16,0,0,1,1,1,249,0.0868676,0.289398,70.605,0,1.06676,2.38879,0.353479,88.0162,95.3829,1019904,0.3642,6.4764,0,0.3537,0,1,1
box_gap_turn,oi_face_rot_turnpath_mppi,19018,256,16,0,0,1,1,1,119,0.0498875,0.312414,27.5553,0,0.80786,1.16079,0.632004,75.2085,79.1332,487424,4.0334,4.2092,0,0.632356,0,1,1
box_gap_turn,oi_face_rot_turnpath_mppi,19025,256,16,0,0,1,1,1,239,0.0716288,0.283816,40.0459,0,0.886658,1.59746,0.275892,65.9382,72.2313,978944,0.3565,0.4158,0,0.276112,0,1,1
box_gap_turn,oi_face_rot_turnpath_mppi,19032,256,16,0,0,1,1,1,121,0.111804,0.268964,25.556,0,0.815642,1.46618,0.303251,36.6934,39.0646,495616,0.3517,4.1305,0,0.303481,0,1,1
box_gap_turn,oi_face_rot_turnpath_mppi,19039,256,16,0,0,1,1,1,296,0.243898,0.241149,78.7567,0,0.923337,1.37955,0.395983,117.211,127.158,1212416,0.4351,5.5843,0,0.39624,0,1,1
box_gap_turn,oi_face_rot_turnpath_mppi,19046,256,16,0,0,1,1,1,138,0.222774,0.159107,30.7338,0,0.817484,1.12227,0.302998,41.8137,46.6093,565248,0.3713,0.4364,0,0.303306,0,1,1
box_gap_turn,oi_face_rot_turnpath_mppi,19053,256,16,0,0,1,1,1,230,0.168533,0.211401,65.6739,0,0.894612,1.32723,0.360139,82.8319,88.0666,942080,0.3768,4.7063,0,0.360376,0,1,1
box_gap_turn,oi_face_rot_turnpath_mppi,19060,256,16,0,0,1,1,1,160,0.177373,0.344131,32.0936,0,0.723293,0.927572,0.295173,47.2276,52.1822,655360,0.3648,0.4972,0,0.295489,0,1,1
box_gap_turn,oi_face_rot_turnpath_mppi,19067,256,16,0,0,1,1,1,191,0.235879,0.219415,31.3095,0,0.856767,1.4931,0.267745,51.1393,55.6459,782336,0.3473,0.4073,0,0.268002,0,1,1
box_gap_turn,oi_face_rot_turnpath_mppi,19074,256,16,0,0,1,1,1,142,0.226523,0.295269,27.6028,0,0.723024,1.00376,0.278713,39.5773,43.2701,581632,0.3575,0.4148,0,0.279011,0,1,1
box_gap_turn,oi_face_rot_turnpath_mppi,19081,256,16,0,0,1,1,1,106,0.246268,0.214759,26.7605,0,0.827432,1.15846,0.270037,28.6239,31.0384,434176,0.3678,0.4087,0,0.270479,0,1,1
box_gap_turn,oi_face_rot_turnpath_mppi,19088,256,16,0,0,1,1,1,218,0.246543,0.0163873,42.1355,0,0.823043,1.12335,0.313461,68.3345,76.5776,892928,0.4253,0.6982,0,0.313779,0,1,1
box_gap_turn,oi_face_rot_turnpath_mppi,19095,256,16,0,0,1,1,1,182,0.245597,0.245021,46.0713,0,0.859164,1.30451,0.304302,55.3829,61.3727,745472,0.3905,0.435,0,0.304619,0,1,1
box_gap_turn,oi_face_rot_turnpath_mppi,19102,256,16,0,0,1,1,1,473,0.203902,0.25791,148.227,0,0.740389,1.05276,0.428145,202.513,216.831,1937408,0.4122,7.9152,0,0.428333,0,1,1
box_gap_turn,oi_face_rot_turnpath_mppi,19109,256,16,0,0,1,1,1,164,0.237592,0.213836,29.0646,0,0.800637,1.25302,0.272978,44.7683,49.4298,671744,0.3494,0.4789,0,0.273229,0,1,1
box_gap_turn,oi_face_rot_turnpath_mppi,19116,256,16,0,0,1,1,1,108,0.216644,0.137094,22.8929,0,0.893048,1.46939,0.289812,31.2997,34.7444,442368,0.3518,0.3869,0,0.290219,0,1,1
box_gap_turn,oi_face_rot_turnpath_mppi,19123,256,16,0,0,1,1,1,324,0.17125,0.256444,82.7929,0,0.783982,1.09524,0.546698,177.13,188.002,1327104,3.4742,6.4336,0,0.546928,0,1,1
box_gap_turn,oi_face_rot_turnpath_mppi,19130,256,16,0,0,0,1,0,500,1.81228,0.607402,150.459,0,0.843664,1.21915,0.33993,169.965,182.917,2048000,0.403,4.9735,0,0.340109,0,1,0
box_gap_turn,oi_face_rot_turnpath_mppi,19137,256,16,0,0,1,1,1,122,0.248861,0.00504959,27.3488,0,0.846465,1.16178,0.269836,32.92,35.4826,499712,0.3563,0.439,0,0.270125,0,1,1
box_gap_turn,oi_face_rot_turnpath_mppi,19144,256,16,0,0,1,1,1,158,0.00896008,0.342172,32.0831,0,0.778727,1.19069,0.29366,46.3982,51.0419,647168,0.3941,0.4211,0,0.29396,0,1,1
box_gap_turn,oi_face_rot_turnpath_mppi,19151,256,16,0,0,1,1,1,156,0.239448,0.091156,37.3554,0,0.794525,1.13192,0.273617,42.6843,45.8823,638976,0.3832,0.4486,0,0.273857,0,1,1
box_gap_turn,oi_face_rot_turnpath_mppi,19158,256,16,0,0,1,1,1,268,0.248706,0.100792,53.4953,0,0.832695,1.23399,0.480388,128.744,135.877,1097728,2.6808,4.6855,0,0.480587,0,1,1
box_gap_turn,oi_face_rot_turnpath_mppi,19165,256,16,0,0,1,1,1,110,0.0575364,0.32708,23.364,0,0.902431,1.61076,0.256887,28.2576,30.1935,450560,0.3468,0.4379,0,0.257106,0,1,1
box_gap_turn,oi_face_rot_turnpath_mppi,19172,256,16,0,0,1,1,1,352,0.216158,0.299172,79.5861,0,0.782094,1.09058,0.310068,109.144,118.582,1441792,0.4001,3.6449,0,0.310293,0,1,1
box_gap_turn,oi_face_rot_turnpath_mppi,19179,256,16,0,0,1,1,1,347,0.222134,0.295343,90.5929,0,0.833872,1.12881,0.339492,117.804,129.771,1421312,0.4123,6.0086,0,0.339714,0,1,1
box_gap_turn,oi_face_rot_turnpath_mppi,19186,256,16,0,0,1,1,1,109,0.198963,0.33198,24.5777,0,1.01574,1.82189,0.29281,31.9163,35.3311,446464,0.3831,0.4242,0,0.293177,0,1,1
box_gap_turn,oi_face_rot_turnpath_mppi,19193,256,16,0,0,1,1,1,319,0.161516,0.318915,70.3754,0,1.00322,1.75728,0.303722,96.8872,105.519,1306624,0.4156,3.5554,0,0.303913,0,1,1
box_gap_turn,oi_face_rot_turnpath_mppi,19200,256,16,0,0,1,1,1,144,0.249899,0.280212,31.7325,0,0.839457,1.17431,0.296233,42.6576,47.3137,589824,0.3823,0.444,0,0.296561,0,1,1
box_gap_turn,oi_face_rot_turnpath_mppi,19207,256,16,0,0,1,1,1,494,0.228714,0.233154,128.125,0,0.877109,1.35491,0.367226,181.41,195.262,2023424,0.4026,5.6537,0,0.367386,0,1,1
box_gap_turn,oi_face_rot_turnpath_mppi,19214,256,16,0,0,0,1,0,500,2.24727,1.25526,205.744,0,0.91134,1.35636,0.596815,298.408,311.202,2048000,3.4425,5.4687,0,0.596979,0,1,0
box_gap_turn,oi_face_rot_turnpath_mppi,19221,256,16,0,0,1,1,1,126,0.181785,0.337673,24.8484,0,0.797026,1.15839,0.284579,35.857,39.8127,516096,0.3529,0.4244,0,0.284951,0,1,1
box_gap_turn,oi_face_rot_turnpath_mppi,19228,256,16,0,0,1,1,1,278,0.155611,0.259125,67.3981,0,0.834342,1.18529,0.543527,151.101,160.775,1138688,3.2924,5.543,0,0.543786,0,1,1
box_gap_turn,oi_face_rot_turnpath_mppi,19235,256,16,0,0,1,1,1,249,0.212192,0.27057,61.4191,0,0.86572,1.30684,0.407555,101.481,109.765,1019904,0.4483,5.5345,0,0.40784,0,1,1
box_gap_turn,oi_face_rot_turnpath_mppi,19242,256,16,0,0,1,1,1,174,0.203333,0.0205454,31.5773,0,0.874397,1.37806,0.273572,47.6015,52.1706,712704,0.3525,0.417,0,0.273855,0,1,1
box_gap_turn,oi_face_rot_turnpath_mppi,19249,256,16,0,0,0,1,0,500,1.48354,0.692411,129.023,0,0.888423,1.36596,0.332883,166.441,181.803,2048000,0.3905,6.4487,0,0.333083,0,1,0
box_gap_turn,oi_face_rot_wide_mppi,18556,256,16,0,0,1,1,1,98,0.217371,0.275066,13.7516,0,1.12995,2.18601,0.268611,26.3239,29.486,401408,0.3846,0.4127,0,0.269007,0,1,1
box_gap_turn,oi_face_rot_wide_mppi,18563,256,16,0,0,1,1,1,212,0.0594662,0.343873,47.2174,0,0.898001,1.32757,0.280789,59.5273,65.9142,868352,0.385,0.794,0,0.28106,0,1,1
box_gap_turn,oi_face_rot_wide_mppi,18570,256,16,0,0,1,1,1,77,0.0166857,0.326013,12.2776,0,1.10085,1.79004,0.279113,21.4917,24.016,315392,0.3798,0.4726,0,0.27954,0,1,1
box_gap_turn,oi_face_rot_wide_mppi,18577,256,16,0,0,0,1,0,500,1.68167,0.493132,113.596,0,0.59892,0.547553,0.26288,131.44,146.616,2048000,0.3527,0.6081,0,0.263058,0,1,0
box_gap_turn,oi_face_rot_wide_mppi,18584,256,16,0,0,0,1,0,500,1.71305,0.632705,119.029,0,0.612294,0.551215,0.292837,146.418,168.519,2048000,0.4589,0.9392,0,0.293025,0,1,0
box_gap_turn,oi_face_rot_wide_mppi,18591,256,16,0,0,0,1,0,500,1.72564,0.573449,126.7,0,0.656667,0.66777,0.27619,138.095,154.456,2048000,0.3571,0.4202,0,0.276372,0,1,0
box_gap_turn,oi_face_rot_wide_mppi,18598,256,16,0,0,1,1,1,130,0.123615,0.342932,23.4046,0,1.02812,1.78067,0.289942,37.6925,42.0707,532480,0.4002,0.4381,0,0.290316,0,1,1
box_gap_turn,oi_face_rot_wide_mppi,18605,256,16,0,0,1,1,1,198,0.224002,0.120667,32.2522,0,0.866131,1.27216,0.298454,59.0939,67.2267,811008,0.4025,0.5839,0,0.298751,0,1,1
box_gap_turn,oi_face_rot_wide_mppi,18612,256,16,0,0,1,1,1,124,0.165715,0.348207,18.9508,0,0.905787,1.34195,0.290559,36.0293,40.0991,507904,0.3747,0.5007,0,0.290946,0,1,1
box_gap_turn,oi_face_rot_wide_mppi,18619,256,16,0,0,1,1,1,90,0.0881684,0.290266,16.3754,0,0.847342,1.13137,0.280789,25.271,28.1369,368640,0.3711,0.4479,0,0.281183,0,1,1
box_gap_turn,oi_face_rot_wide_mppi,18626,256,16,0,0,1,1,1,227,0.115424,0.266886,34.8995,0,0.948341,1.52743,0.288429,65.4735,73.5102,929792,0.3951,1.1885,0,0.288708,0,1,1
box_gap_turn,oi_face_rot_wide_mppi,18633,256,16,0,0,1,1,1,108,0.213875,0.313543,18.5677,0,0.827952,1.1491,0.294748,31.8328,36.6361,442368,0.4547,0.9994,0,0.295159,0,1,1
box_gap_turn,oi_face_rot_wide_mppi,18640,256,16,0,0,1,1,1,102,0.232448,0.141152,17.5704,0,0.806929,1.01497,0.292747,29.8602,33.6688,417792,0.3693,0.9281,0,0.293232,0,1,1
box_gap_turn,oi_face_rot_wide_mppi,18647,256,16,0,0,1,1,1,97,0.216853,0.251862,17.2076,0,1.55081,3.92751,0.282437,27.3964,30.9709,397312,0.3797,0.4614,0,0.282915,0,1,1
box_gap_turn,oi_face_rot_wide_mppi,18654,256,16,0,0,1,1,1,108,0.179757,0.34893,20.5373,0,1.06186,1.63067,0.29273,31.6148,35.6141,442368,0.418,0.5056,0,0.293113,0,1,1
box_gap_turn,oi_face_rot_wide_mppi,18661,256,16,0,0,0,1,0,500,0.376097,0.579735,127.678,0,0.839082,1.13114,0.283351,141.675,157.897,2048000,0.3692,0.5418,0,0.283541,0,1,0
box_gap_turn,oi_face_rot_wide_mppi,18668,256,16,0,0,1,1,1,108,0.234009,0.261915,19.0489,0,0.942722,1.41734,0.272808,29.4633,33.6683,442368,0.3772,0.4835,0,0.273349,0,1,1
box_gap_turn,oi_face_rot_wide_mppi,18675,256,16,0,0,1,1,1,268,0.144881,0.311898,63.3268,0,0.886374,1.21563,0.301955,80.9239,90.701,1097728,0.3971,0.804,0,0.302232,0,1,1
box_gap_turn,oi_face_rot_wide_mppi,18682,256,16,0,0,0,1,0,500,0.808924,0.0345416,124.854,0,1.0322,1.53461,0.287961,143.981,159.2,2048000,0.3829,0.5116,0,0.288142,0,1,0
box_gap_turn,oi_face_rot_wide_mppi,18689,256,16,0,0,1,1,1,146,0.247376,0.328454,26.5319,0,0.892403,1.20791,0.266034,38.8409,42.5569,598016,0.3805,0.4115,0,0.26635,0,1,1
box_gap_turn,oi_face_rot_wide_mppi,18696,256,16,0,0,1,1,1,312,0.0803383,0.298589,65.9121,0,0.94466,1.28774,0.292675,91.3145,101.116,1277952,0.3826,0.4453,0,0.292874,0,1,1
box_gap_turn,oi_face_rot_wide_mppi,18703,256,16,0,0,1,1,1,281,0.24436,0.173693,74.1168,0,0.828551,1.10615,0.273498,76.853,84.8186,1150976,0.3777,0.4416,0,0.273704,0,1,1
box_gap_turn,oi_face_rot_wide_mppi,18710,256,16,0,0,1,1,1,137,0.233662,0.247746,22.7786,0,1.0372,1.89036,0.265541,36.3791,40.5917,561152,0.3335,0.3753,0,0.26585,0,1,1
box_gap_turn,oi_face_rot_wide_mppi,18717,256,16,0,0,1,1,1,496,0.217096,0.248004,120.285,0,0.957371,1.5338,0.280722,139.238,153.094,2031616,0.3735,0.4549,0,0.28095,0,1,1
box_gap_turn,oi_face_rot_wide_mppi,18724,256,16,0,0,1,1,1,97,0.241506,0.286978,14.4085,0,0.87468,1.32491,0.257552,24.9825,27.7816,397312,0.3253,0.3914,0,0.257879,0,1,1
box_gap_turn,oi_face_rot_wide_mppi,18731,256,16,0,0,1,1,1,207,0.142275,0.271973,38.4105,0,0.948072,1.48384,0.295557,61.1803,67.2085,847872,0.4014,0.5464,0,0.295797,0,1,1
box_gap_turn,oi_face_rot_wide_mppi,18738,256,16,0,0,0,1,0,500,1.62987,0.623437,110.833,0,0.655424,0.684954,0.256194,128.097,140.034,2048000,0.3431,0.4329,0,0.256357,0,1,0
box_gap_turn,oi_face_rot_wide_mppi,18745,256,16,0,0,1,1,1,121,0.153357,0.331333,17.8509,0,0.928253,1.39892,0.263536,31.8879,35.8831,495616,0.3388,0.4123,0,0.263865,0,1,1
box_gap_turn,oi_face_rot_wide_mppi,18752,256,16,0,0,1,1,1,318,0.175563,0.322546,63.7701,0,0.805117,1.05334,0.274351,87.2435,97.6488,1302528,0.3608,0.425,0,0.274594,0,1,1
box_gap_turn,oi_face_rot_wide_mppi,18759,256,16,0,0,1,1,1,102,0.234089,0.303029,14.9627,0,1.87414,5.84317,0.229844,23.4441,25.3166,417792,0.3349,0.4006,0,0.230088,0,1,1
box_gap_turn,oi_face_rot_wide_mppi,18766,256,16,0,0,0,1,0,500,1.68009,0.584996,115.387,0,0.615258,0.585156,0.253668,126.834,140.269,2048000,0.3401,0.406,0,0.253834,0,1,0
box_gap_turn,oi_face_rot_wide_mppi,18773,256,16,0,0,1,1,1,139,0.204213,0.261202,29.1315,0,0.88508,1.25824,0.264432,36.756,40.3858,569344,0.3468,0.3918,0,0.264719,0,1,1
box_gap_turn,oi_face_rot_wide_mppi,18780,256,16,0,0,1,1,1,308,0.248871,0.0155866,84.4748,0,0.871711,1.20333,0.268925,82.8288,92.1473,1261568,0.3551,0.9837,0,0.269157,0,1,1
box_gap_turn,oi_face_rot_wide_mppi,18787,256,16,0,0,1,1,1,117,0.124922,0.311639,16.1093,0,0.910074,1.34479,0.241834,28.2946,31.1284,479232,0.3674,0.4332,0,0.242142,0,1,1
box_gap_turn,oi_face_rot_wide_mppi,18794,256,16,0,0,1,1,1,75,0.228922,0.309126,14.3064,0,0.955826,1.35303,0.269953,20.2465,22.6537,307200,0.3336,0.3441,0,0.270375,0,1,1
box_gap_turn,oi_face_rot_wide_mppi,18801,256,16,0,0,1,1,1,237,0.231245,0.277799,42.0252,0,1.07744,1.87892,0.267145,63.3133,70.9031,970752,0.3518,0.4065,0,0.267385,0,1,1
box_gap_turn,oi_face_rot_wide_mppi,18808,256,16,0,0,1,1,1,104,0.223801,0.189816,16.4634,0,0.816766,1.06689,0.249922,25.9919,28.1316,425984,0.3391,0.4213,0,0.250364,0,1,1
box_gap_turn,oi_face_rot_wide_mppi,18815,256,16,0,0,1,1,1,87,0.218005,0.259804,15.6179,0,1.10248,1.75141,0.255221,22.2042,24.1288,356352,0.3493,0.423,0,0.255462,0,1,1
box_gap_turn,oi_face_rot_wide_mppi,18822,256,16,0,0,1,1,1,78,0.0249708,0.332099,13.6714,0,1.12402,2.02403,0.237972,18.5618,19.93,319488,0.3174,0.3478,0,0.238229,0,1,1
box_gap_turn,oi_face_rot_wide_mppi,18829,256,16,0,0,1,1,1,139,0.24402,0.0517634,16.3477,0,1.04762,1.68216,0.239283,33.2603,35.993,569344,0.3481,0.4832,0,0.239505,0,1,1
box_gap_turn,oi_face_rot_wide_mppi,18836,256,16,0,0,1,1,1,347,0.208545,0.338999,75.2161,0,0.799836,1.08212,0.284476,98.7131,109.003,1421312,0.3642,0.4298,0,0.284642,0,1,1
box_gap_turn,oi_face_rot_wide_mppi,18843,256,16,0,0,0,1,0,500,1.74822,0.524789,119.301,0,0.726332,0.852076,0.276482,138.241,154.701,2048000,0.3742,0.4391,0,0.276675,0,1,0
box_gap_turn,oi_face_rot_wide_mppi,18850,256,16,0,0,1,1,1,108,0.138737,0.34515,18.315,0,1.09201,1.75317,0.270728,29.2386,32.2843,442368,0.3346,0.3727,0,0.271127,0,1,1
box_gap_turn,oi_face_rot_wide_mppi,18857,256,16,0,0,0,1,0,500,1.59647,1.42888,111.557,0,0.773823,1.00949,0.290373,145.187,161.517,2048000,0.3824,0.6235,0,0.290562,0,1,0
box_gap_turn,oi_face_rot_wide_mppi,18864,256,16,0,0,1,1,1,113,0.155614,0.345273,20.1354,0,1.07639,1.90363,0.285306,32.2396,36.5568,462848,0.3817,0.5825,0,0.285994,0,1,1
box_gap_turn,oi_face_rot_wide_mppi,18871,256,16,0,0,1,1,1,143,0.0600701,0.319925,24.7872,0,0.957933,1.38452,0.284364,40.664,45.187,585728,0.4042,0.4634,0,0.284741,0,1,1
box_gap_turn,oi_face_rot_wide_mppi,18878,256,16,0,0,1,1,1,173,0.232927,0.0536082,24.5124,0,1.07667,2.08459,0.291602,50.4471,56.8208,708608,0.3839,0.508,0,0.291911,0,1,1
box_gap_turn,oi_face_rot_wide_mppi,18885,256,16,0,0,1,1,1,341,0.16745,0.241613,73.038,0,0.782446,1.06364,0.284916,97.1565,108.506,1396736,0.3857,0.7212,0,0.285144,0,1,1
box_gap_turn,oi_face_rot_wide_mppi,18892,256,16,0,0,1,1,1,250,0.213408,0.33834,59.9958,0,0.886043,1.21975,0.279663,69.9157,77.6159,1024000,0.3907,0.4258,0,0.279915,0,1,1
box_gap_turn,oi_face_rot_wide_mppi,18899,256,16,0,0,1,1,1,121,0.167191,0.332234,18.13,0,0.930875,1.55346,0.268598,32.5004,36.6366,495616,0.3426,0.4218,0,0.268964,0,1,1
box_gap_turn,oi_face_rot_wide_mppi,18906,256,16,0,0,1,1,1,73,0.247249,0.110421,12.8787,0,1.08788,1.94557,0.265775,19.4016,21.3426,299008,0.358,0.4051,0,0.266199,0,1,1
box_gap_turn,oi_face_rot_wide_mppi,18913,256,16,0,0,1,1,1,184,0.244081,0.217282,35.912,0,1.05935,1.83003,0.270558,49.7826,55.5335,753664,0.3397,0.4077,0,0.270871,0,1,1
box_gap_turn,oi_face_rot_wide_mppi,18920,256,16,0,0,0,1,0,500,1.72899,0.483673,119.521,0,0.586896,0.512836,0.333584,166.792,184.941,2048000,0.4138,1.0968,0,0.333785,0,1,0
box_gap_turn,oi_face_rot_wide_mppi,18927,256,16,0,0,1,1,1,207,0.242104,0.18639,39.7274,0,1.32681,3.25291,0.259532,53.7232,57.6304,847872,0.3414,0.4423,0,0.259716,0,1,1
box_gap_turn,oi_face_rot_wide_mppi,18934,256,16,0,0,1,1,1,260,0.188588,0.34687,54.0818,0,0.9971,1.64018,0.26697,69.4121,75.9473,1064960,0.3623,0.4189,0,0.267183,0,1,1
box_gap_turn,oi_face_rot_wide_mppi,18941,256,16,0,0,1,1,1,99,0.225868,0.209976,18.5711,0,0.838537,1.10931,0.27326,27.0527,30.2225,405504,0.3482,0.4078,0,0.273704,0,1,1
box_gap_turn,oi_face_rot_wide_mppi,18948,256,16,0,0,1,1,1,229,0.170328,0.250024,73.3654,0,1.08632,1.84851,0.253096,57.9591,63.7601,937984,0.3266,0.4367,0,0.25331,0,1,1
box_gap_turn,oi_face_rot_wide_mppi,18955,256,16,0,0,1,1,1,89,0.0798065,0.265132,11.8348,0,0.99296,1.7139,0.260198,23.1576,25.7759,364544,0.3732,0.4054,0,0.260529,0,1,1
box_gap_turn,oi_face_rot_wide_mppi,18962,256,16,0,0,1,1,1,148,0.228766,0.134762,17.4066,0,1.0429,1.85302,0.264399,39.1311,43.5233,606208,0.3353,0.4156,0,0.264718,0,1,1
box_gap_turn,oi_face_rot_wide_mppi,18969,256,16,0,0,1,1,1,240,0.237169,0.153687,51.6855,0,0.818379,1.04913,0.276211,66.2907,72.8867,983040,0.3812,0.4903,0,0.276496,0,1,1
box_gap_turn,oi_face_rot_wide_mppi,18976,256,16,0,0,1,1,1,214,0.245368,0.214891,44.2918,0,0.819649,1.05533,0.266444,57.019,61.7499,876544,0.3647,0.4554,0,0.266668,0,1,1
box_gap_turn,oi_face_rot_wide_mppi,18983,256,16,0,0,1,1,1,191,0.101535,0.295376,32.9366,0,0.957264,1.43692,0.280866,53.6454,60.0853,782336,0.369,0.4726,0,0.281153,0,1,1
box_gap_turn,oi_face_rot_wide_mppi,18990,256,16,0,0,1,1,1,294,0.234165,0.337934,66.3544,0,0.922107,1.31651,0.273738,80.4791,88.095,1204224,0.3775,0.4914,0,0.273936,0,1,1
box_gap_turn,oi_face_rot_wide_mppi,18997,256,16,0,0,1,1,1,312,0.211268,0.0422473,52.5413,0,0.97905,1.63413,0.267033,83.3144,93.2541,1277952,0.3465,0.4156,0,0.267251,0,1,1
box_gap_turn,oi_face_rot_wide_mppi,19004,256,16,0,0,0,1,0,500,1.72993,1.62597,135.74,0,0.910969,1.21032,0.282778,141.389,155.492,2048000,0.3822,0.4398,0,0.282945,0,1,0
box_gap_turn,oi_face_rot_wide_mppi,19011,256,16,0,0,1,1,1,234,0.221047,0.337577,63.6593,0,1.06097,1.60831,0.271675,63.572,71.2743,958464,0.3565,0.4469,0,0.271943,0,1,1
box_gap_turn,oi_face_rot_wide_mppi,19018,256,16,0,0,1,1,1,124,0.242778,0.174152,17.8158,0,1.18318,2.56025,0.28519,35.3635,40.4513,507904,0.3805,0.4413,0,0.285549,0,1,1
box_gap_turn,oi_face_rot_wide_mppi,19025,256,16,0,0,1,1,1,72,0.228706,0.0812263,12.2073,0,1.10245,1.92105,0.295158,21.2514,24.1387,294912,0.4012,1.0734,0,0.295708,0,1,1
box_gap_turn,oi_face_rot_wide_mppi,19032,256,16,0,0,1,1,1,229,0.21237,0.349714,39.987,0,0.974841,1.51263,0.266762,61.0884,66.3711,937984,0.3621,0.4112,0,0.267004,0,1,1
box_gap_turn,oi_face_rot_wide_mppi,19039,256,16,0,0,1,1,1,142,0.241804,0.305883,23.6196,0,0.935479,1.47736,0.278353,39.5261,44.4618,581632,0.3811,0.4527,0,0.278732,0,1,1
box_gap_turn,oi_face_rot_wide_mppi,19046,256,16,0,0,1,1,1,157,0.183885,0.0561543,24.4078,0,0.927727,1.49759,0.272401,42.767,47.8359,643072,0.37,0.4358,0,0.27269,0,1,1
box_gap_turn,oi_face_rot_wide_mppi,19053,256,16,0,0,1,1,1,300,0.248863,0.127366,58.6611,0,0.883111,1.36015,0.279786,83.9357,94.706,1228800,0.365,0.4445,0,0.280001,0,1,1
box_gap_turn,oi_face_rot_wide_mppi,19060,256,16,0,0,1,1,1,121,0.0397477,0.297399,18.0636,0,1.0151,1.66573,0.304595,36.856,42.3518,495616,0.3817,0.9277,0,0.305046,0,1,1
box_gap_turn,oi_face_rot_wide_mppi,19067,256,16,0,0,0,1,0,500,1.27506,0.0753558,133.733,0,0.810439,1.03568,0.328755,164.377,189.38,2048000,0.4225,2.0358,0,0.328996,0,1,0
box_gap_turn,oi_face_rot_wide_mppi,19074,256,16,0,0,1,1,1,276,0.216397,0.228253,67.885,0,0.991127,1.40843,0.314426,86.7817,98.3026,1130496,0.4269,1.3957,0,0.314718,0,1,1
box_gap_turn,oi_face_rot_wide_mppi,19081,256,16,0,0,0,1,0,500,1.67452,0.52469,113.098,0,0.629414,0.615757,0.305782,152.891,173.793,2048000,0.3911,1.3835,0,0.306015,0,1,0
box_gap_turn,oi_face_rot_wide_mppi,19088,256,16,0,0,1,1,1,197,0.233526,0.311796,24.1707,0,0.924287,1.55349,0.288587,56.8516,64.714,806912,0.4017,0.4788,0,0.288888,0,1,1
box_gap_turn,oi_face_rot_wide_mppi,19095,256,16,0,0,1,1,1,93,0.107895,0.342907,15.6529,0,0.717792,0.980103,0.296002,27.5282,31.015,380928,0.3653,0.8401,0,0.296505,0,1,1
box_gap_turn,oi_face_rot_wide_mppi,19102,256,16,0,0,1,1,1,108,0.215555,0.227538,14.2067,0,0.913404,1.44598,0.290032,31.3235,35.404,442368,0.3584,0.7156,0,0.29047,0,1,1
box_gap_turn,oi_face_rot_wide_mppi,19109,256,16,0,0,1,1,1,435,0.107489,0.30014,119.499,0,0.986626,1.52115,0.291071,126.616,145.35,1781760,0.4174,0.9015,0,0.291338,0,1,1
box_gap_turn,oi_face_rot_wide_mppi,19116,256,16,0,0,1,1,1,144,0.204141,0.288687,23.2554,0,0.907041,1.25636,0.298345,42.9617,48.6232,589824,0.3954,0.619,0,0.298765,0,1,1
box_gap_turn,oi_face_rot_wide_mppi,19123,256,16,0,0,1,1,1,220,0.244488,0.131294,48.9721,0,0.983291,1.43285,0.296255,65.1762,73.2417,901120,0.38,0.5373,0,0.296586,0,1,1
box_gap_turn,oi_face_rot_wide_mppi,19130,256,16,0,0,1,1,1,158,0.14341,0.317852,19.1727,0,1.1639,2.29859,0.266861,42.1641,47.1271,647168,0.3544,0.4136,0,0.267223,0,1,1
box_gap_turn,oi_face_rot_wide_mppi,19137,256,16,0,0,1,1,1,81,0.186913,0.348935,14.2598,0,0.945877,1.36756,0.27356,22.1584,24.8509,331776,0.3345,0.348,0,0.273978,0,1,1
box_gap_turn,oi_face_rot_wide_mppi,19144,256,16,0,0,0,1,0,500,0.303056,0.532207,191.387,0,1.03429,1.75255,0.257903,128.951,142.422,2048000,0.3661,0.5656,0,0.258044,0,1,0
box_gap_turn,oi_face_rot_wide_mppi,19151,256,16,0,0,0,1,0,500,1.5149,0.14041,129.238,0,0.924858,1.32589,0.280815,140.408,153.882,2048000,0.3939,0.5575,0,0.280963,0,1,0
box_gap_turn,oi_face_rot_wide_mppi,19158,256,16,0,0,1,1,1,497,0.241828,0.149315,169.202,0,1.02267,1.59267,0.280478,139.398,154.533,2035712,0.3746,0.464,0,0.280661,0,1,1
box_gap_turn,oi_face_rot_wide_mppi,19165,256,16,0,0,0,1,0,500,1.73685,0.570731,122.189,0,0.679723,0.754792,0.276653,138.326,153.673,2048000,0.3579,0.4714,0,0.276819,0,1,0
box_gap_turn,oi_face_rot_wide_mppi,19172,256,16,0,0,0,1,0,500,1.63221,1.63626,131.349,0,0.904168,1.21961,0.269819,134.91,147.95,2048000,0.3796,0.5017,0,0.269991,0,1,0
box_gap_turn,oi_face_rot_wide_mppi,19179,256,16,0,0,0,1,0,500,1.5669,0.47791,133.15,0,0.825688,1.11056,0.246576,123.288,135.267,2048000,0.3267,0.4058,0,0.246778,0,1,0
box_gap_turn,oi_face_rot_wide_mppi,19186,256,16,0,0,1,1,1,164,0.205106,0.100654,35.3922,0,1.01875,1.55668,0.277224,45.4647,49.5172,671744,0.3884,0.46,0,0.277537,0,1,1
box_gap_turn,oi_face_rot_wide_mppi,19193,256,16,0,0,1,1,1,214,0.220475,0.0874572,39.8742,0,0.799342,0.951353,0.26241,56.1558,60.5639,876544,0.3557,0.4074,0,0.262649,0,1,1
box_gap_turn,oi_face_rot_wide_mppi,19200,256,16,0,0,1,1,1,108,0.0228199,0.342483,16.2824,0,0.78523,1.10139,0.272957,29.4794,32.921,442368,0.3571,0.4191,0,0.273332,0,1,1
box_gap_turn,oi_face_rot_wide_mppi,19207,256,16,0,0,0,1,0,500,1.61144,0.17167,130.918,0,0.869358,1.1877,0.263645,131.822,143.162,2048000,0.3411,0.4428,0,0.263802,0,1,0
box_gap_turn,oi_face_rot_wide_mppi,19214,256,16,0,0,1,1,1,309,0.245956,0.167677,71.7585,0,0.923057,1.2482,0.291718,90.1408,100.286,1265664,0.3667,0.461,0,0.291995,0,1,1
box_gap_turn,oi_face_rot_wide_mppi,19221,256,16,0,0,1,1,1,304,0.0715187,0.342991,99.9751,0,0.987609,1.47517,0.278071,84.5335,94.7278,1245184,0.3503,0.6355,0,0.278252,0,1,1
box_gap_turn,oi_face_rot_wide_mppi,19228,256,16,0,0,1,1,1,74,0.232752,0.278709,12.9938,0,0.980532,1.65447,0.26992,19.9741,22.1552,303104,0.3447,0.4233,0,0.270384,0,1,1
box_gap_turn,oi_face_rot_wide_mppi,19235,256,16,0,0,1,1,1,154,0.242672,0.0760965,26.0566,0,0.933627,1.46805,0.25552,39.3501,42.9216,630784,0.3832,0.4223,0,0.255812,0,1,1
box_gap_turn,oi_face_rot_wide_mppi,19242,256,16,0,0,1,1,1,140,0.0508325,0.247545,19.9845,0,0.915349,1.40245,0.287637,40.2692,44.9872,573440,0.3893,0.5417,0,0.287906,0,1,1
box_gap_turn,oi_face_rot_wide_mppi,19249,256,16,0,0,1,1,1,165,0.247165,0.184492,35.7014,0,1.05351,1.76638,0.254395,41.9752,45.9542,675840,0.3362,0.438,0,0.254638,0,1,1
