scenario,planner,seed,k_samples,t_horizon,grad_steps,alpha,reached_goal,collision_free,success,steps,final_distance,min_goal_distance,cumulative_cost,collisions,mean_control_delta,control_roughness,avg_control_ms,total_control_ms,episode_ms,sample_budget,p95_control_ms,max_control_ms,control_deadline_ms,avg_control_slot_ms,deadline_misses,deadline_feasible,real_time_success
box_detour_open,diff_mppi_3,10756,256,16,3,0.01,0,1,0,420,0.55559,0.00266135,13.3204,0,0.309901,0.186244,5.75758,2418.18,2443.99,1720320,7.4596,8.1952,0,5.75792,0,1,0
box_detour_open,diff_mppi_3,10763,256,16,3,0.01,0,1,0,420,0.425744,0.00430484,9.41281,0,0.313216,0.176459,5.61506,2358.32,2384.77,1720320,5.6621,6.2896,0,5.61539,0,1,0
box_detour_open,diff_mppi_3,10770,256,16,3,0.01,0,1,0,420,0.481474,0.0713913,11.1847,0,0.337545,0.233818,5.63824,2368.06,2394.99,1720320,5.679,6.3702,0,5.63856,0,1,0
box_detour_open,diff_mppi_3,10777,256,16,3,0.01,0,1,0,420,0.981993,0.0283925,32.9387,0,0.344683,0.262024,5.64031,2368.93,2394.91,1720320,5.6772,6.5063,0,5.64063,0,1,0
box_detour_open,diff_mppi_3,10784,256,16,3,0.01,1,1,1,43,0.243486,0.111118,3.64599,0,0.776789,0.988818,5.75012,247.255,249.664,176128,6.3043,6.4,0,5.75145,0,1,1
box_detour_open,diff_mppi_3,10791,256,16,3,0.01,1,1,1,36,0.240823,0.0849054,3.1397,0,0.900997,1.13345,5.76809,207.651,209.57,147456,6.3786,6.5717,0,5.76904,0,1,1
box_detour_open,diff_mppi_3,10798,256,16,3,0.01,0,1,0,420,0.518677,0.0811231,12.2915,0,0.33603,0.216269,5.65472,2374.98,2397.59,1720320,5.6925,6.3615,0,5.65501,0,1,0
box_detour_open,diff_mppi_3,10805,256,16,3,0.01,0,1,0,420,0.464417,0.0813484,9.85986,0,0.293619,0.150288,5.63565,2366.97,2392.85,1720320,5.6904,6.4167,0,5.63597,0,1,0
box_detour_open,diff_mppi_3,10812,256,16,3,0.01,0,1,0,420,0.334028,0.0243592,6.77111,0,0.317731,0.196674,5.63758,2367.78,2397.05,1720320,5.6824,8.0686,0,5.63793,0,1,0
box_detour_open,diff_mppi_3,10819,256,16,3,0.01,0,1,0,420,0.623062,0.0120728,15.3306,0,0.315053,0.199654,5.64244,2369.82,2395.39,1720320,5.6852,6.6264,0,5.64277,0,1,0
box_detour_open,diff_mppi_3,10826,256,16,3,0.01,0,1,0,420,0.71605,0.0160461,19.5401,0,0.328827,0.214036,5.64525,2371,2396.76,1720320,5.688,6.3872,0,5.64552,0,1,0
box_detour_open,diff_mppi_3,10833,256,16,3,0.01,1,1,1,49,0.249596,0.00872547,3.70419,0,0.952268,1.49931,5.7977,284.087,287.199,200704,6.3747,6.6353,0,5.7988,0,1,1
box_detour_open,diff_mppi_3,10840,256,16,3,0.01,1,1,1,37,0.239462,0.0881918,3.31284,0,0.973138,1.43815,5.71666,211.516,214.019,151552,6.2603,6.2706,0,5.71778,0,1,1
box_detour_open,diff_mppi_3,10847,256,16,3,0.01,0,1,0,420,0.726392,0.0871378,19.6755,0,0.322338,0.189385,5.64704,2371.76,2397.99,1720320,5.6948,6.5489,0,5.64735,0,1,0
box_detour_open,diff_mppi_3,10854,256,16,3,0.01,0,1,0,420,0.687853,0.0834215,17.9626,0,0.315214,0.183776,5.63786,2367.9,2392.24,1720320,5.6886,6.3146,0,5.63815,0,1,0
box_detour_open,diff_mppi_3,10861,256,16,3,0.01,1,1,1,38,0.247419,0.139321,3.64887,0,0.877936,1.0608,5.76219,218.963,220.994,155648,6.272,6.62,0,5.76309,0,1,1
box_detour_open,diff_mppi_3,10868,256,16,3,0.01,0,1,0,420,0.365595,0.05023,8.2616,0,0.351196,0.25189,5.64022,2368.89,2392.65,1720320,5.6974,6.4318,0,5.64052,0,1,0
box_detour_open,diff_mppi_3,10875,256,16,3,0.01,1,1,1,45,0.248736,0.149053,3.92774,0,0.995093,1.53078,5.71701,257.265,259.587,184320,6.2738,6.3543,0,5.71794,0,1,1
box_detour_open,diff_mppi_3,10882,256,16,3,0.01,1,1,1,47,0.244228,0.0755863,4.28999,0,1.01463,1.56632,5.78403,271.85,274.611,192512,6.3591,6.3831,0,5.78479,0,1,1
box_detour_open,diff_mppi_3,10889,256,16,3,0.01,0,1,0,420,0.60902,0.0828297,15.2123,0,0.31501,0.18974,5.639,2368.38,2394.59,1720320,5.6884,6.3945,0,5.63929,0,1,0
box_detour_open,diff_mppi_3,10896,256,16,3,0.01,1,1,1,42,0.239479,0.0692165,3.72078,0,0.938038,1.29872,5.85283,245.819,248.755,172032,6.4546,6.5728,0,5.85363,0,1,1
box_detour_open,diff_mppi_3,10903,256,16,3,0.01,1,1,1,40,0.244228,0.119827,3.43884,0,1.08732,1.80403,5.77022,230.809,233.28,163840,6.3478,6.4229,0,5.77097,0,1,1
box_detour_open,diff_mppi_3,10910,256,16,3,0.01,1,1,1,41,0.237611,0.19792,3.97946,0,1.06641,1.6649,5.73108,234.974,237.854,167936,6.2952,6.6029,0,5.73213,0,1,1
box_detour_open,diff_mppi_3,10917,256,16,3,0.01,0,1,0,420,0.809079,0.0998473,23.9537,0,0.306369,0.156364,5.63355,2366.09,2390.52,1720320,5.6749,6.5316,0,5.63387,0,1,0
box_detour_open,diff_mppi_3,10924,256,16,3,0.01,0,1,0,420,0.330201,0.0366299,7.05988,0,0.34159,0.267006,5.63077,2364.92,2393.12,1720320,5.6776,6.3196,0,5.63108,0,1,0
box_detour_open,diff_mppi_3,10931,256,16,3,0.01,0,1,0,420,0.750454,0.0914246,21.2961,0,0.332644,0.237264,5.65216,2373.91,2397.58,1720320,5.7151,6.4493,0,5.65247,0,1,0
box_detour_open,diff_mppi_3,10938,256,16,3,0.01,0,1,0,420,0.368648,0.0662988,8.32126,0,0.341311,0.245797,5.6507,2373.3,2394.66,1720320,5.695,6.6215,0,5.65098,0,1,0
box_detour_open,diff_mppi_3,10945,256,16,3,0.01,0,1,0,420,0.572951,0.137458,13.8234,0,0.356829,0.25701,5.63674,2367.43,2394.94,1720320,5.6828,6.4406,0,5.63705,0,1,0
box_detour_open,diff_mppi_3,10952,256,16,3,0.01,0,1,0,420,0.410194,0.111491,9.12926,0,0.332341,0.201984,5.64722,2371.83,2395.81,1720320,5.7062,6.5488,0,5.64753,0,1,0
box_detour_open,diff_mppi_3,10959,256,16,3,0.01,0,1,0,420,0.795932,0.0127379,22.4917,0,0.313084,0.171041,5.64339,2370.23,2395.1,1720320,5.6854,6.4664,0,5.64372,0,1,0
box_detour_open,oi_face_auto_mppi,10756,256,16,0,0,1,1,1,92,0.217794,0.325315,5.53721,0,0.664809,0.79643,1.0122,93.1224,95.1186,376832,1.152,1.1712,0,1.01253,0,1,1
box_detour_open,oi_face_auto_mppi,10763,256,16,0,0,1,1,1,72,0.23318,0.152862,5.07461,0,0.623992,0.648823,1.01313,72.9453,74.6278,294912,1.1505,1.1719,0,1.01355,0,1,1
box_detour_open,oi_face_auto_mppi,10770,256,16,0,0,1,1,1,72,0.233756,0.0394696,5.57581,0,0.597776,0.546168,0.994981,71.6386,73.3761,294912,1.1526,1.1642,0,0.995493,0,1,1
box_detour_open,oi_face_auto_mppi,10777,256,16,0,0,1,1,1,172,0.2259,0.0509202,6.76305,0,0.60796,0.603827,0.968268,166.542,170.188,704512,1.1516,1.1727,0,0.968536,0,1,1
box_detour_open,oi_face_auto_mppi,10784,256,16,0,0,1,1,1,113,0.181939,0.138732,5.40414,0,0.605411,0.677286,0.999525,112.946,115.552,462848,1.1546,1.1559,0,0.999883,0,1,1
box_detour_open,oi_face_auto_mppi,10791,256,16,0,0,1,1,1,68,0.203742,0.324743,4.64471,0,0.710927,0.766266,1.01181,68.8029,70.429,278528,1.152,1.1802,0,1.01228,0,1,1
box_detour_open,oi_face_auto_mppi,10798,256,16,0,0,1,1,1,48,0.242946,0.349012,4.33838,0,0.667849,0.600955,1.01029,48.4937,49.4969,196608,1.1526,1.1539,0,1.01079,0,1,1
box_detour_open,oi_face_auto_mppi,10805,256,16,0,0,1,1,1,95,0.185202,0.274398,5.63731,0,0.672866,0.681681,1.00859,95.8156,97.8733,389120,1.1521,1.158,0,1.00894,0,1,1
box_detour_open,oi_face_auto_mppi,10812,256,16,0,0,1,1,1,108,0.19211,0.328768,7.41642,0,0.765439,0.869799,1.00622,108.672,111.249,442368,1.1521,1.1638,0,1.00658,0,1,1
box_detour_open,oi_face_auto_mppi,10819,256,16,0,0,1,1,1,65,0.222775,0.12499,4.98055,0,0.807995,1.04221,0.988418,64.2472,66.0008,266240,1.1492,1.1653,0,0.988971,0,1,1
box_detour_open,oi_face_auto_mppi,10826,256,16,0,0,1,1,1,102,0.242044,0.174942,4.91403,0,0.690097,0.744898,1.009,102.918,106.48,417792,1.1519,1.1826,0,1.00947,0,1,1
box_detour_open,oi_face_auto_mppi,10833,256,16,0,0,1,1,1,66,0.247791,0.0873795,5.10842,0,0.715805,0.8329,1.00331,66.2183,68.2173,270336,1.1441,1.149,0,1.00392,0,1,1
box_detour_open,oi_face_auto_mppi,10840,256,16,0,0,1,1,1,46,0.247094,0.330576,4.41239,0,0.701196,0.703819,1.00005,46.0021,47.1505,188416,1.1486,1.1581,0,1.00061,0,1,1
box_detour_open,oi_face_auto_mppi,10847,256,16,0,0,1,1,1,98,0.227026,0.34528,5.48669,0,0.625353,0.575099,1.00786,98.7703,101.261,401408,1.1508,1.1632,0,1.00829,0,1,1
box_detour_open,oi_face_auto_mppi,10854,256,16,0,0,1,1,1,112,0.217517,0.0827542,5.2215,0,0.616949,0.656494,0.94769,106.141,108.822,458752,1.1493,1.1521,0,0.948035,0,1,1
box_detour_open,oi_face_auto_mppi,10861,256,16,0,0,1,1,1,132,0.249022,0.155996,6.08393,0,0.678262,0.715184,0.984975,130.017,133.055,540672,1.1494,1.1706,0,0.985312,0,1,1
box_detour_open,oi_face_auto_mppi,10868,256,16,0,0,1,1,1,122,0.214479,0.0833572,5.43975,0,0.648397,0.710815,1.00706,122.862,125.569,499712,1.1526,1.1702,0,1.00734,0,1,1
box_detour_open,oi_face_auto_mppi,10875,256,16,0,0,1,1,1,109,0.249876,0.0917707,5.16469,0,0.658592,0.623115,0.982849,107.131,111.776,446464,1.1487,1.153,0,0.983264,0,1,1
box_detour_open,oi_face_auto_mppi,10882,256,16,0,0,1,1,1,50,0.135928,0.333246,4.07493,0,0.702836,0.720419,1.00082,50.0412,51.2924,204800,1.149,1.15,0,1.00134,0,1,1
box_detour_open,oi_face_auto_mppi,10889,256,16,0,0,1,1,1,128,0.182682,0.0720855,6.47192,0,0.716599,0.845052,1.00578,128.739,131.928,524288,1.1493,1.1712,0,1.0061,0,1,1
box_detour_open,oi_face_auto_mppi,10896,256,16,0,0,1,1,1,40,0.249932,0.0951144,3.7159,0,0.645733,0.577806,0.99579,39.8316,40.7273,163840,1.1513,1.1537,0,0.996287,0,1,1
box_detour_open,oi_face_auto_mppi,10903,256,16,0,0,1,1,1,93,0.241219,0.0455525,5.19358,0,0.810383,0.935157,1.01242,94.1554,95.8231,380928,1.154,1.166,0,1.01271,0,1,1
box_detour_open,oi_face_auto_mppi,10910,256,16,0,0,1,1,1,100,0.245573,0.343562,5.65878,0,0.637137,0.628228,1.0088,100.88,103.021,409600,1.1501,1.1655,0,1.00914,0,1,1
box_detour_open,oi_face_auto_mppi,10917,256,16,0,0,1,1,1,55,0.231385,0.335579,4.63647,0,0.745639,0.81161,1.0186,56.0229,57.1031,225280,1.158,1.17,0,1.019,0,1,1
box_detour_open,oi_face_auto_mppi,10924,256,16,0,0,1,1,1,42,0.241891,0.018235,4.23907,0,0.622768,0.586387,1.0147,42.6176,43.4317,172032,1.1559,1.1637,0,1.0152,0,1,1
box_detour_open,oi_face_auto_mppi,10931,256,16,0,0,1,1,1,73,0.231621,0.0205924,5.91049,0,0.768549,0.889799,1.01261,73.9204,75.3626,299008,1.1539,1.1596,0,1.01298,0,1,1
box_detour_open,oi_face_auto_mppi,10938,256,16,0,0,1,1,1,47,0.219279,0.287445,4.81643,0,0.769651,0.886672,1.00965,47.4535,48.2931,192512,1.1528,1.1545,0,1.01012,0,1,1
box_detour_open,oi_face_auto_mppi,10945,256,16,0,0,1,1,1,67,0.22106,0.296498,4.93693,0,0.706953,0.774485,1.01285,67.8612,69.3124,274432,1.1543,1.1658,0,1.01326,0,1,1
box_detour_open,oi_face_auto_mppi,10952,256,16,0,0,1,1,1,92,0.245202,0.0263474,5.12182,0,0.695256,0.741947,0.964762,88.7581,92.2914,376832,1.1471,1.1529,0,0.965226,0,1,1
box_detour_open,oi_face_auto_mppi,10959,256,16,0,0,1,1,1,87,0.216832,0.32459,5.5702,0,0.712877,0.806619,1.00379,87.3295,90.1083,356352,1.1466,1.1636,0,1.0043,0,1,1
box_detour_open,oi_face_rot_mppi,10756,256,16,0,0,1,1,1,77,0.246029,0.197363,5.3481,0,0.575363,0.531004,1.00461,77.3551,80.1691,315392,1.1502,1.245,0,1.00524,0,1,1
box_detour_open,oi_face_rot_mppi,10763,256,16,0,0,1,1,1,62,0.225152,0.0124106,4.62979,0,0.590667,0.563865,1.01216,62.7539,64.5393,253952,1.1485,1.1527,0,1.01272,0,1,1
box_detour_open,oi_face_rot_mppi,10770,256,16,0,0,1,1,1,74,0.218064,0.0308369,5.60202,0,0.584936,0.524055,0.879312,65.0691,66.9755,303104,1.1493,1.1544,0,0.879897,0,1,1
box_detour_open,oi_face_rot_mppi,10777,256,16,0,0,1,1,1,65,0.244181,0.0468687,5.1408,0,0.633336,0.640759,0.992548,64.5156,66.0886,266240,1.1523,1.1711,0,0.993077,0,1,1
box_detour_open,oi_face_rot_mppi,10784,256,16,0,0,1,1,1,61,0.244577,0.00748194,4.94029,0,0.682823,0.808867,1.00126,61.0768,62.9976,249856,1.1488,1.1885,0,1.0018,0,1,1
box_detour_open,oi_face_rot_mppi,10791,256,16,0,0,1,1,1,82,0.242433,0.218261,4.87199,0,0.563304,0.509546,1.01219,82.9996,85.8837,335872,1.1494,1.1818,0,1.01265,0,1,1
box_detour_open,oi_face_rot_mppi,10798,256,16,0,0,1,1,1,61,0.230381,0.0139236,4.47657,0,0.619281,0.553998,0.999106,60.9455,63.7844,249856,1.1514,1.171,0,0.99967,0,1,1
box_detour_open,oi_face_rot_mppi,10805,256,16,0,0,1,1,1,58,0.247586,0.0251695,4.16547,0,0.60614,0.571161,0.989264,57.3773,59.4527,237568,1.1422,1.1651,0,0.989915,0,1,1
box_detour_open,oi_face_rot_mppi,10812,256,16,0,0,1,1,1,69,0.223985,0.0839924,5.53494,0,0.663678,0.701228,0.955738,65.9459,68.0945,282624,1.1514,1.171,0,0.956431,0,1,1
box_detour_open,oi_face_rot_mppi,10819,256,16,0,0,1,1,1,65,0.222775,0.12499,4.98055,0,0.807995,1.04221,1.00376,65.2446,67.0818,266240,1.1489,1.1917,0,1.00436,0,1,1
box_detour_open,oi_face_rot_mppi,10826,256,16,0,0,1,1,1,58,0.238981,0.0493775,4.34596,0,0.658158,0.710092,1.02732,59.5845,61.6309,237568,1.1519,1.6102,0,1.02803,0,1,1
box_detour_open,oi_face_rot_mppi,10833,256,16,0,0,1,1,1,65,0.238028,0.109462,5.03268,0,0.703937,0.847883,1.00724,65.4705,67.6811,266240,1.1507,1.1666,0,1.0078,0,1,1
box_detour_open,oi_face_rot_mppi,10840,256,16,0,0,1,1,1,60,0.243238,0.128596,4.667,0,0.6121,0.584922,0.973683,58.421,60.1831,245760,1.1504,1.1538,0,0.974503,0,1,1
box_detour_open,oi_face_rot_mppi,10847,256,16,0,0,1,1,1,61,0.249929,0.0896321,4.71992,0,0.638824,0.592467,1.01551,61.9461,63.2059,249856,1.1558,1.1668,0,1.01596,0,1,1
box_detour_open,oi_face_rot_mppi,10854,256,16,0,0,1,1,1,60,0.241488,0.22094,4.74464,0,0.697529,0.772325,1.00316,60.1895,61.597,245760,1.1519,1.1719,0,1.00357,0,1,1
box_detour_open,oi_face_rot_mppi,10861,256,16,0,0,1,1,1,61,0.230619,0.0238726,4.97667,0,0.699629,0.798098,1.00596,61.3637,62.6996,249856,1.1534,1.1721,0,1.0064,0,1,1
box_detour_open,oi_face_rot_mppi,10868,256,16,0,0,1,1,1,75,0.20352,0.279,4.77129,0,0.632341,0.64424,1.01634,76.2253,78.0586,307200,1.1536,1.172,0,1.01678,0,1,1
box_detour_open,oi_face_rot_mppi,10875,256,16,0,0,1,1,1,60,0.240264,0.0628796,4.65887,0,0.603137,0.602868,1.00441,60.2648,61.5652,245760,1.1542,1.1602,0,1.00485,0,1,1
box_detour_open,oi_face_rot_mppi,10882,256,16,0,0,1,1,1,56,0.234381,0.0851906,4.20614,0,0.685608,0.669913,1.01365,56.7643,57.8158,229376,1.1526,1.1716,0,1.01402,0,1,1
box_detour_open,oi_face_rot_mppi,10889,256,16,0,0,1,1,1,63,0.249144,0.162426,5.42552,0,0.697048,0.772182,1.01715,64.0802,65.1352,258048,1.1553,1.1647,0,1.01755,0,1,1
box_detour_open,oi_face_rot_mppi,10896,256,16,0,0,1,1,1,55,0.240332,0.134722,3.87271,0,0.568016,0.48598,1.00901,55.4957,56.7395,225280,1.1525,1.1546,0,1.00951,0,1,1
box_detour_open,oi_face_rot_mppi,10903,256,16,0,0,1,1,1,66,0.244445,0.0058944,4.84947,0,0.748435,0.826508,0.987285,65.1608,66.6341,270336,1.1511,1.1531,0,0.9877,0,1,1
box_detour_open,oi_face_rot_mppi,10910,256,16,0,0,1,1,1,65,0.235561,0.0180196,5.06746,0,0.597277,0.53229,1.00697,65.453,66.8989,266240,1.148,1.1717,0,1.00744,0,1,1
box_detour_open,oi_face_rot_mppi,10917,256,16,0,0,1,1,1,61,0.233143,0.0574236,4.90721,0,0.736281,0.814851,0.980926,59.8365,61.8559,249856,1.149,1.1543,0,0.981526,0,1,1
box_detour_open,oi_face_rot_mppi,10924,256,16,0,0,1,1,1,45,0.238161,0.0247194,4.27703,0,0.605467,0.551121,0.898409,40.4284,41.8569,184320,1.1435,1.1706,0,0.899231,0,1,1
box_detour_open,oi_face_rot_mppi,10931,256,16,0,0,1,1,1,71,0.229872,0.0932751,5.80757,0,0.701757,0.7837,0.972308,69.0339,70.8576,290816,1.1497,1.1682,0,0.972921,0,1,1
box_detour_open,oi_face_rot_mppi,10938,256,16,0,0,1,1,1,64,0.233838,0.130515,5.00322,0,0.698809,0.71223,0.951851,60.9185,62.7936,262144,1.1521,1.1579,0,0.95245,0,1,1
box_detour_open,oi_face_rot_mppi,10945,256,16,0,0,1,1,1,67,0.242508,0.0373683,5.14877,0,0.680056,0.746862,0.943615,63.2222,64.9978,274432,1.1511,1.1692,0,0.944242,0,1,1
box_detour_open,oi_face_rot_mppi,10952,256,16,0,0,1,1,1,61,0.247438,0.349334,4.66669,0,0.637015,0.590582,1.00041,61.0252,62.8946,249856,1.1462,1.1708,0,1.00102,0,1,1
box_detour_open,oi_face_rot_mppi,10959,256,16,0,0,1,1,1,123,0.245133,0.322142,5.98845,0,0.593281,0.558237,1.0004,123.049,126.67,503808,1.1457,1.1514,0,1.00082,0,1,1
box_detour_open,soppi_fast,10756,256,16,1,0.01,0,1,0,420,0.453349,0.0656327,10.3991,0,0.312722,0.180677,3.60501,1514.11,1532.63,1720320,3.9497,3.9801,0,3.6053,0,1,0
box_detour_open,soppi_fast,10763,256,16,1,0.01,0,1,0,420,0.489288,0.0955961,11.3828,0,0.34822,0.270706,3.58671,1506.42,1524.35,1720320,3.9518,4.0256,0,3.58694,0,1,0
box_detour_open,soppi_fast,10770,256,16,1,0.01,0,1,0,420,0.412949,0.0460219,9.44197,0,0.348523,0.257948,3.59378,1509.39,1526.97,1720320,3.9443,3.9938,0,3.59401,0,1,0
box_detour_open,soppi_fast,10777,256,16,1,0.01,0,1,0,420,0.371846,0.00303409,8.86343,0,0.341248,0.232036,3.58181,1504.36,1521.78,1720320,3.9583,4.0361,0,3.58205,0,1,0
box_detour_open,soppi_fast,10784,256,16,1,0.01,0,1,0,420,0.736863,0.0660606,20.9411,0,0.343058,0.217474,3.5998,1511.92,1531.64,1720320,3.9478,4.0166,0,3.60006,0,1,0
box_detour_open,soppi_fast,10791,256,16,1,0.01,0,1,0,420,0.460866,0.0313347,10.6325,0,0.32548,0.210113,3.59496,1509.88,1529.33,1720320,3.9491,3.9979,0,3.59523,0,1,0
box_detour_open,soppi_fast,10798,256,16,1,0.01,0,1,0,420,0.612391,0.0104678,15.7349,0,0.34458,0.249755,3.60962,1516.04,1536.17,1720320,3.9471,3.9831,0,3.60997,0,1,0
box_detour_open,soppi_fast,10805,256,16,1,0.01,0,1,0,420,0.466105,0.0233167,10.1241,0,0.31435,0.199172,3.62211,1521.29,1539.95,1720320,3.9532,3.9868,0,3.62239,0,1,0
box_detour_open,soppi_fast,10812,256,16,1,0.01,0,1,0,420,0.612643,0.0232631,16.4099,0,0.346897,0.251711,2.29097,962.208,977.601,1720320,3.558,4.0252,0,2.29122,0,1,0
box_detour_open,soppi_fast,10819,256,16,1,0.01,0,1,0,420,0.89798,0.0575499,28.6925,0,0.336394,0.251379,2.1193,890.108,907.169,1720320,2.195,2.4145,0,2.11962,0,1,0
box_detour_open,soppi_fast,10826,256,16,1,0.01,0,1,0,420,0.657862,0.0924456,17.0069,0,0.302773,0.151583,2.13177,895.341,907.752,1720320,2.2106,2.625,0,2.132,0,1,0
box_detour_open,soppi_fast,10833,256,16,1,0.01,0,1,0,420,0.467933,0.0376445,11.351,0,0.310623,0.17616,2.12989,894.552,906.852,1720320,2.211,2.2508,0,2.13009,0,1,0
box_detour_open,soppi_fast,10840,256,16,1,0.01,0,1,0,420,0.544217,0.130515,12.7639,0,0.331459,0.265628,2.13481,896.619,909.51,1720320,2.2127,2.3187,0,2.13501,0,1,0
box_detour_open,soppi_fast,10847,256,16,1,0.01,0,1,0,420,0.891487,0.0814647,28.4228,0,0.339583,0.219519,2.12915,894.242,906.614,1720320,2.2066,2.2628,0,2.12936,0,1,0
box_detour_open,soppi_fast,10854,256,16,1,0.01,0,1,0,420,0.661425,0.0268786,17.1952,0,0.315644,0.181778,2.11818,889.637,901.669,1720320,2.2061,2.3494,0,2.11839,0,1,0
box_detour_open,soppi_fast,10861,256,16,1,0.01,1,1,1,43,0.237021,0.000891726,3.90227,0,0.874735,1.14591,2.16707,93.1841,94.5925,176128,2.2445,2.2514,0,2.16776,0,1,1
box_detour_open,soppi_fast,10868,256,16,1,0.01,0,1,0,420,0.842123,0.0634154,26.2733,0,0.371675,0.272516,2.13141,895.194,906.499,1720320,2.2061,2.2752,0,2.13161,0,1,0
box_detour_open,soppi_fast,10875,256,16,1,0.01,0,1,0,420,0.415683,0.0731339,10.2476,0,0.363136,0.27986,2.13402,896.288,907.72,1720320,2.2119,2.2878,0,2.13422,0,1,0
box_detour_open,soppi_fast,10882,256,16,1,0.01,0,1,0,420,0.891941,0.0895637,28.2161,0,0.350352,0.248103,2.91734,1225.28,1242.35,1720320,3.2423,3.4642,0,2.91758,0,1,0
box_detour_open,soppi_fast,10889,256,16,1,0.01,0,1,0,420,0.346232,0.0549411,8.25083,0,0.341005,0.283003,3.18982,1339.73,1362.79,1720320,3.2522,3.3869,0,3.1902,0,1,0
box_detour_open,soppi_fast,10896,256,16,1,0.01,0,1,0,420,0.254053,0.0275514,6.32411,0,0.346255,0.255736,3.18667,1338.4,1370.58,1720320,3.2636,8.5215,0,3.18709,0,1,0
box_detour_open,soppi_fast,10903,256,16,1,0.01,0,1,0,420,0.30538,0.00340759,7.04633,0,0.358512,0.272064,3.20143,1344.6,1365.42,1720320,3.2488,3.3939,0,3.20173,0,1,0
box_detour_open,soppi_fast,10910,256,16,1,0.01,0,1,0,420,0.282359,0.05856,6.26601,0,0.334926,0.20948,3.19422,1341.57,1364.49,1720320,3.2538,3.3959,0,3.19456,0,1,0
box_detour_open,soppi_fast,10917,256,16,1,0.01,1,1,1,48,0.239552,0.0618795,4.4669,0,1.08037,1.59579,3.21487,154.314,156.293,196608,3.2533,3.3379,0,3.21582,0,1,1
box_detour_open,soppi_fast,10924,256,16,1,0.01,1,1,1,46,0.234841,0.000553574,4.06844,0,0.78125,0.847613,3.22688,148.436,150.361,188416,3.2623,3.3137,0,3.22778,0,1,1
box_detour_open,soppi_fast,10931,256,16,1,0.01,0,1,0,420,0.545982,0.0629918,13.4539,0,0.330521,0.223035,3.19635,1342.47,1364.74,1720320,3.259,3.3569,0,3.19669,0,1,0
box_detour_open,soppi_fast,10938,256,16,1,0.01,0,1,0,420,0.581312,0.0029756,15.1874,0,0.355706,0.27513,4.51617,1896.79,1955.29,1720320,14.0828,28.073,0,4.51653,0,1,0
box_detour_open,soppi_fast,10945,256,16,1,0.01,0,1,0,420,0.369879,0.0631776,8.44584,0,0.349939,0.216066,4.10737,1725.1,1785.63,1720320,11.9787,33.8335,0,4.10809,0,1,0
box_detour_open,soppi_fast,10952,256,16,1,0.01,0,1,0,420,0.682369,0.0852139,18.1566,0,0.329731,0.193512,3.19582,1342.25,1394.05,1720320,4.4687,6.2277,0,3.19625,0,1,0
box_detour_open,soppi_fast,10959,256,16,1,0.01,0,1,0,420,0.379451,0.0395881,8.57482,0,0.326887,0.211539,3.15426,1324.79,1366.64,1720320,3.3049,7.0537,0,3.15471,0,1,0
box_detour_turn,diff_mppi_3,11156,256,16,3,0.01,0,1,0,420,1.7133,1.49345,119.057,0,0.318775,0.174884,6.79602,2854.33,2885.35,1720320,7.2151,8.3448,0,6.79638,0,1,0
box_detour_turn,diff_mppi_3,11163,256,16,3,0.01,0,1,0,420,1.89884,1.03445,125.875,0,0.287944,0.133778,6.85662,2879.78,2909.85,1720320,7.3855,8.3037,0,6.85699,0,1,0
box_detour_turn,diff_mppi_3,11170,256,16,3,0.01,0,1,0,420,1.89677,1.57878,142.31,0,0.320925,0.20868,6.77197,2844.23,2871.98,1720320,7.2372,8.2272,0,6.77229,0,1,0
box_detour_turn,diff_mppi_3,11177,256,16,3,0.01,0,1,0,420,1.86662,1.4273,133.584,0,0.295967,0.156975,6.9502,2919.08,2950.09,1720320,7.3314,8.2983,0,6.95054,0,1,0
box_detour_turn,diff_mppi_3,11184,256,16,3,0.01,0,1,0,420,1.84925,0.982078,118.922,0,0.299654,0.153076,7.32783,3077.69,3107.08,1720320,7.4134,8.3058,0,7.32813,0,1,0
box_detour_turn,diff_mppi_3,11191,256,16,3,0.01,0,1,0,420,1.94231,1.10976,132.076,0,0.302277,0.144598,7.30917,3069.85,3096.25,1720320,7.4214,8.3209,0,7.30949,0,1,0
box_detour_turn,diff_mppi_3,11198,256,16,3,0.01,0,1,0,420,1.88594,0.856948,120.054,0,0.293503,0.123514,7.34103,3083.23,3110.64,1720320,7.4173,11.832,0,7.34133,0,1,0
box_detour_turn,diff_mppi_3,11205,256,16,3,0.01,0,1,0,420,1.4967,1.81151,105.744,0,0.561512,0.721521,7.00705,2942.96,2969.13,1720320,7.3976,9.8349,0,7.00735,0,1,0
box_detour_turn,diff_mppi_3,11212,256,16,3,0.01,0,1,0,420,1.83828,0.963629,116.926,0,0.287722,0.1292,7.32644,3077.1,3105.05,1720320,7.4235,8.305,0,7.32678,0,1,0
box_detour_turn,diff_mppi_3,11219,256,16,3,0.01,0,1,0,420,1.89741,0.853552,121.441,0,0.294573,0.136632,7.30957,3070.02,3097.79,1720320,7.3701,8.2501,0,7.30984,0,1,0
box_detour_turn,diff_mppi_3,11226,256,16,3,0.01,0,1,0,420,1.96135,0.716123,126.201,0,0.295354,0.148867,7.68405,3227.3,3255.12,1720320,8.1828,8.6248,0,7.68435,0,1,0
box_detour_turn,diff_mppi_3,11233,256,16,3,0.01,0,1,0,420,1.82836,1.07323,118.667,0,0.309948,0.191927,8.04328,3378.18,3408.17,1720320,8.3802,9.0931,0,8.0436,0,1,0
box_detour_turn,diff_mppi_3,11240,256,16,3,0.01,0,1,0,420,1.86541,1.06249,122.481,0,0.307254,0.160199,8.14182,3419.56,3452.55,1720320,8.2104,9.1031,0,8.14216,0,1,0
box_detour_turn,diff_mppi_3,11247,256,16,3,0.01,0,1,0,420,1.99989,1.02782,136.991,0,0.323589,0.20333,8.15059,3423.25,3451.33,1720320,8.2033,9.1062,0,8.15097,0,1,0
box_detour_turn,diff_mppi_3,11254,256,16,3,0.01,0,1,0,420,1.88423,1.05118,124.118,0,0.310147,0.150549,8.13299,3415.85,3447.55,1720320,8.2953,9.3194,0,8.13329,0,1,0
box_detour_turn,diff_mppi_3,11261,256,16,3,0.01,0,1,0,420,1.81042,1.20944,120.039,0,0.273514,0.121312,8.15063,3423.27,3453.64,1720320,8.3501,9.2039,0,8.15092,0,1,0
box_detour_turn,diff_mppi_3,11268,256,16,3,0.01,0,1,0,420,1.7912,1.14085,116.408,0,0.3048,0.154208,8.14376,3420.38,3450.86,1720320,8.2106,9.1989,0,8.14412,0,1,0
box_detour_turn,diff_mppi_3,11275,256,16,3,0.01,0,1,0,420,1.92916,1.03563,129.366,0,0.298219,0.143172,7.54566,3169.18,3199.9,1720320,8.1362,10.0897,0,7.54604,0,1,0
box_detour_turn,diff_mppi_3,11282,256,16,3,0.01,0,1,0,420,1.90532,1.00215,125.136,0,0.306817,0.143422,8.14189,3419.59,3450.26,1720320,8.2054,9.1526,0,8.14216,0,1,0
box_detour_turn,diff_mppi_3,11289,256,16,3,0.01,0,1,0,420,1.98317,1.59675,153.124,0,0.3124,0.16699,7.48104,3142.04,3169.75,1720320,8.0275,9.3114,0,7.48132,0,1,0
box_detour_turn,diff_mppi_3,11296,256,16,3,0.01,0,1,0,420,1.88877,0.79525,119.15,0,0.305182,0.138172,8.14933,3422.72,3452.39,1720320,8.2379,9.1347,0,8.14964,0,1,0
box_detour_turn,diff_mppi_3,11303,256,16,3,0.01,0,1,0,420,1.96017,0.87838,129.357,0,0.297423,0.129796,8.14121,3419.31,3452.29,1720320,8.2404,9.1433,0,8.1416,0,1,0
box_detour_turn,diff_mppi_3,11310,256,16,3,0.01,0,1,0,420,1.93572,1.19017,133.992,0,0.297969,0.155167,7.46135,3133.77,3170.11,1720320,8.0364,9.0805,0,7.46195,0,1,0
box_detour_turn,diff_mppi_3,11317,256,16,3,0.01,0,1,0,420,1.86573,0.964625,120.159,0,0.291326,0.125887,8.13776,3417.86,3450.3,1720320,8.3277,9.1489,0,8.13819,0,1,0
box_detour_turn,diff_mppi_3,11324,256,16,3,0.01,0,1,0,420,1.9394,1.2899,137.688,0,0.294914,0.141667,7.56073,3175.51,3203.7,1720320,8.0507,9.1417,0,7.56106,0,1,0
box_detour_turn,diff_mppi_3,11331,256,16,3,0.01,0,1,0,420,1.82312,1.07345,118.019,0,0.301125,0.143776,8.14645,3421.51,3450.85,1720320,8.2146,9.0845,0,8.14676,0,1,0
box_detour_turn,diff_mppi_3,11338,256,16,3,0.01,0,1,0,420,1.88945,1.13014,126.959,0,0.268308,0.0999055,7.76558,3261.54,3299.6,1720320,8.1898,9.0462,0,7.76595,0,1,0
box_detour_turn,diff_mppi_3,11345,256,16,3,0.01,0,1,0,420,1.90075,0.91432,123.371,0,0.308065,0.139173,7.81516,3282.37,3309.75,1720320,8.2177,9.0629,0,7.81548,0,1,0
box_detour_turn,diff_mppi_3,11352,256,16,3,0.01,0,1,0,420,2.03692,1.10534,139.673,0,0.296258,0.133702,7.87269,3306.53,3335.99,1720320,8.9452,9.1705,0,7.87302,0,1,0
box_detour_turn,diff_mppi_3,11359,256,16,3,0.01,0,1,0,420,1.96116,1.06878,133.333,0,0.285921,0.115216,8.14948,3422.78,3454.37,1720320,8.3013,9.1625,0,8.14977,0,1,0
box_detour_turn,oi_face_auto_mppi,11156,256,16,0,0,1,1,1,112,0.242653,0.108222,14.4909,0,0.738756,0.884342,1.03411,115.82,119.329,458752,1.2019,1.2134,0,1.03452,0,1,1
box_detour_turn,oi_face_auto_mppi,11163,256,16,0,0,1,1,1,84,0.134084,0.223056,9.73007,0,0.677278,0.618045,1.0057,84.4789,87.4024,344064,1.1983,1.2076,0,1.00624,0,1,1
box_detour_turn,oi_face_auto_mppi,11170,256,16,0,0,1,1,1,88,0.242319,0.127258,10.9388,0,0.823454,0.990002,1.03356,90.9535,93.3047,360448,1.2,1.2135,0,1.03402,0,1,1
box_detour_turn,oi_face_auto_mppi,11177,256,16,0,0,1,1,1,73,0.233829,0.242576,7.40698,0,0.809175,0.975459,1.04665,76.4052,78.4199,299008,1.1965,1.2082,0,1.04718,0,1,1
box_detour_turn,oi_face_auto_mppi,11184,256,16,0,0,1,1,1,99,0.242986,0.137312,10.7069,0,0.905287,1.19813,0.925747,91.6489,95.0298,405504,1.2007,1.2111,0,0.926216,0,1,1
box_detour_turn,oi_face_auto_mppi,11191,256,16,0,0,1,1,1,131,0.234536,0.0648857,9.6735,0,0.677814,0.695842,0.988981,129.557,134.209,536576,1.1987,1.2098,0,0.98943,0,1,1
box_detour_turn,oi_face_auto_mppi,11198,256,16,0,0,1,1,1,92,0.246031,0.153409,12.8617,0,0.868049,1.12139,1.01422,93.3079,97.4765,376832,1.1902,1.2065,0,1.01491,0,1,1
box_detour_turn,oi_face_auto_mppi,11205,256,16,0,0,1,1,1,191,0.161377,0.228005,8.64727,0,0.621988,0.620781,1.02349,195.487,202.587,782336,1.1807,1.4284,0,1.02386,0,1,1
box_detour_turn,oi_face_auto_mppi,11212,256,16,0,0,1,1,1,116,0.192124,0.0656892,11.0603,0,0.690056,0.688936,0.996767,115.625,121.532,475136,1.1664,1.1885,0,0.99734,0,1,1
box_detour_turn,oi_face_auto_mppi,11219,256,16,0,0,1,1,1,128,0.249622,0.00867653,10.5333,0,0.570966,0.48728,1.03244,132.152,135.373,524288,1.1877,1.2045,0,1.03285,0,1,1
box_detour_turn,oi_face_auto_mppi,11226,256,16,0,0,1,1,1,75,0.1273,0.233723,7.78853,0,0.677561,0.716953,1.04284,78.213,80.3647,307200,1.2079,1.2822,0,1.04335,0,1,1
box_detour_turn,oi_face_auto_mppi,11233,256,16,0,0,0,1,0,420,0.195797,0.303912,15.4097,0,0.609382,0.570682,1.02848,431.963,445.933,1720320,1.1938,2.3053,0,1.02874,0,1,0
box_detour_turn,oi_face_auto_mppi,11240,256,16,0,0,1,1,1,107,0.142647,0.202884,8.95687,0,0.720206,0.708798,1.02819,110.017,113.475,438272,1.1846,1.196,0,1.02874,0,1,1
box_detour_turn,oi_face_auto_mppi,11247,256,16,0,0,1,1,1,94,0.241677,0.127437,8.81394,0,0.776362,0.874238,0.953464,89.6256,93.7793,385024,1.1675,1.7137,0,0.954014,0,1,1
box_detour_turn,oi_face_auto_mppi,11254,256,16,0,0,1,1,1,102,0.138545,0.194848,9.04579,0,0.767856,0.908561,0.990956,101.078,107.416,417792,1.1848,1.5702,0,0.991532,0,1,1
box_detour_turn,oi_face_auto_mppi,11261,256,16,0,0,1,1,1,99,0.244034,0.17169,13.9296,0,0.845928,0.984558,1.00959,99.9494,109.331,405504,1.4527,1.938,0,1.01018,0,1,1
box_detour_turn,oi_face_auto_mppi,11268,256,16,0,0,1,1,1,142,0.237227,0.239073,11.9199,0,0.659885,0.633334,1.15235,163.633,183.02,581632,2.2904,7.9238,0,1.15287,0,1,1
box_detour_turn,oi_face_auto_mppi,11275,256,16,0,0,1,1,1,73,0.230612,0.210591,8.6401,0,0.846727,1.03677,0.876266,63.9674,71.0578,299008,2.0088,6.2044,0,0.877149,0,1,1
box_detour_turn,oi_face_auto_mppi,11282,256,16,0,0,1,1,1,165,0.243881,0.184989,12.2627,0,0.784944,0.964966,1.11411,183.828,204.521,675840,2.0305,3.6321,0,1.11459,0,1,1
box_detour_turn,oi_face_auto_mppi,11289,256,16,0,0,1,1,1,106,0.220264,0.231083,11.8218,0,0.767118,0.873178,0.916518,97.1509,113.8,434176,1.7845,4.018,0,0.917395,0,1,1
box_detour_turn,oi_face_auto_mppi,11296,256,16,0,0,1,1,1,90,0.177474,0.228322,8.88249,0,0.583257,0.472934,1.13605,102.244,116.478,368640,2.2444,4.3995,0,1.13667,0,1,1
box_detour_turn,oi_face_auto_mppi,11303,256,16,0,0,1,1,1,66,0.155337,0.222423,7.76753,0,0.914623,1.16559,1.21367,80.1019,85.4669,270336,2.0449,4.6902,0,1.21447,0,1,1
box_detour_turn,oi_face_auto_mppi,11310,256,16,0,0,1,1,1,128,0.230089,0.110556,10.8702,0,0.792928,0.962005,1.02476,131.169,135.02,524288,1.1907,1.2085,0,1.02521,0,1,1
box_detour_turn,oi_face_auto_mppi,11317,256,16,0,0,1,1,1,95,0.186514,0.229514,7.8342,0,0.653302,0.634728,1.0238,97.2614,100.488,389120,1.2085,1.2257,0,1.02433,0,1,1
box_detour_turn,oi_face_auto_mppi,11324,256,16,0,0,1,1,1,172,0.249763,0.228052,10.3008,0,0.635407,0.661051,1.01892,175.255,181.11,704512,1.1778,1.2061,0,1.01933,0,1,1
box_detour_turn,oi_face_auto_mppi,11331,256,16,0,0,1,1,1,133,0.117141,0.190649,13.2365,0,0.720566,0.772286,1.03065,137.077,141.682,544768,1.1928,1.2146,0,1.03109,0,1,1
box_detour_turn,oi_face_auto_mppi,11338,256,16,0,0,1,1,1,103,0.0884049,0.238748,8.2347,0,0.765072,0.867128,1.01652,104.701,107.54,421888,1.2009,1.2096,0,1.01698,0,1,1
box_detour_turn,oi_face_auto_mppi,11345,256,16,0,0,1,1,1,73,0.213494,0.241342,7.03175,0,0.805856,1.08787,1.03046,75.2234,86.3197,299008,2.3088,3.2045,0,1.03116,0,1,1
box_detour_turn,oi_face_auto_mppi,11352,256,16,0,0,1,1,1,100,0.152376,0.244613,9.98604,0,0.756138,0.800248,1.07658,107.658,121.911,409600,1.9843,4.2193,0,1.08115,0,1,1
box_detour_turn,oi_face_auto_mppi,11359,256,16,0,0,1,1,1,87,0.214615,0.176381,10.8221,0,0.888977,1.08175,1.05153,91.483,101.424,356352,1.856,2.3313,0,1.05254,0,1,1
box_detour_turn,oi_face_rot_mppi,11156,256,16,0,0,1,1,1,115,0.235101,0.0971767,14.5306,0,0.72672,0.847719,1.03231,118.716,130.3,471040,1.5509,2.6903,0,1.03314,0,1,1
box_detour_turn,oi_face_rot_mppi,11163,256,16,0,0,1,1,1,101,0.24119,0.176708,9.94582,0,0.641337,0.562224,1.15393,116.546,133.126,413696,2.0332,3.436,0,1.15452,0,1,1
box_detour_turn,oi_face_rot_mppi,11170,256,16,0,0,1,1,1,143,0.193391,0.223746,12.7614,0,0.789533,0.911962,1.03829,148.476,162.471,585728,1.8689,3.0109,0,1.03882,0,1,1
box_detour_turn,oi_face_rot_mppi,11177,256,16,0,0,1,1,1,115,0.238637,0.0564104,7.68227,0,0.693305,0.765822,0.989312,113.771,126.727,471040,1.8325,3.2341,0,0.990014,0,1,1
box_detour_turn,oi_face_rot_mppi,11184,256,16,0,0,1,1,1,97,0.236531,0.0204248,10.7019,0,0.857765,1.1393,1.02418,99.3453,105.934,397312,1.6884,2.4249,0,1.02477,0,1,1
box_detour_turn,oi_face_rot_mppi,11191,256,16,0,0,1,1,1,85,0.241774,0.0719258,8.87049,0,0.760984,0.834601,1.03421,87.9081,92.3922,348160,1.1976,1.2165,0,1.03488,0,1,1
box_detour_turn,oi_face_rot_mppi,11198,256,16,0,0,1,1,1,96,0.247335,0.135228,12.8898,0,0.828984,1.05563,1.03622,99.4774,104.008,393216,1.1871,1.2109,0,1.0369,0,1,1
box_detour_turn,oi_face_rot_mppi,11205,256,16,0,0,1,1,1,74,0.239655,0.0152094,8.04447,0,0.718285,0.822366,1.00934,74.6908,78.0066,303104,1.1955,1.2099,0,1.01006,0,1,1
box_detour_turn,oi_face_rot_mppi,11212,256,16,0,0,0,1,0,420,0.492776,0.0213704,17.1922,0,0.631792,0.609506,1.03481,434.62,459.674,1720320,1.1866,6.2718,0,1.03544,0,1,0
box_detour_turn,oi_face_rot_mppi,11219,256,16,0,0,1,1,1,81,0.244032,0.0138804,9.57822,0,0.64493,0.5795,1.1375,92.1373,99.4931,331776,2.8353,4.3386,0,1.1382,0,1,1
box_detour_turn,oi_face_rot_mppi,11226,256,16,0,0,1,1,1,75,0.24738,0.145718,7.90473,0,0.705,0.721055,1.22724,92.0428,103.977,307200,2.9845,5.1721,0,1.22802,0,1,1
box_detour_turn,oi_face_rot_mppi,11233,256,16,0,0,1,1,1,128,0.24547,0.198901,13.279,0,0.748226,0.808234,1.08454,138.821,175.65,524288,2.0931,3.7676,0,1.08507,0,1,1
box_detour_turn,oi_face_rot_mppi,11240,256,16,0,0,0,1,0,420,0.26467,0.0201043,10.2308,0,0.601438,0.550333,1.12553,472.721,524.701,1720320,2.0451,7.4501,0,1.1266,0,1,0
box_detour_turn,oi_face_rot_mppi,11247,256,16,0,0,0,1,0,420,0.46206,0.102065,14.5789,0,0.653733,0.673208,0.966807,406.059,446.169,1720320,1.6049,7.0191,0,0.967284,0,1,0
box_detour_turn,oi_face_rot_mppi,11254,256,16,0,0,1,1,1,149,0.242894,0.0579917,9.74342,0,0.669125,0.755219,0.977828,145.696,152.421,610304,1.1671,1.2514,0,0.978325,0,1,1
box_detour_turn,oi_face_rot_mppi,11261,256,16,0,0,1,1,1,105,0.234948,0.118225,13.9929,0,0.763592,0.81044,1.0119,106.249,111.474,430080,1.1843,1.1903,0,1.01248,0,1,1
box_detour_turn,oi_face_rot_mppi,11268,256,16,0,0,1,1,1,92,0.23373,0.0644127,10.2862,0,0.712409,0.714167,1.00263,92.2423,96.7275,376832,1.1841,1.2083,0,1.00325,0,1,1
box_detour_turn,oi_face_rot_mppi,11275,256,16,0,0,1,1,1,73,0.243318,0.0747904,8.59394,0,0.77525,0.912509,1.01488,74.0863,77.3258,299008,1.1979,1.1996,0,1.0156,0,1,1
box_detour_turn,oi_face_rot_mppi,11282,256,16,0,0,1,1,1,108,0.182047,0.176741,9.86329,0,0.821059,1.02942,1.01191,109.286,114.953,442368,1.1828,1.2266,0,1.01249,0,1,1
box_detour_turn,oi_face_rot_mppi,11289,256,16,0,0,1,1,1,110,0.0202521,0.232492,12.0294,0,0.733658,0.795507,1.00854,110.939,115.917,450560,1.1813,1.1888,0,1.00906,0,1,1
box_detour_turn,oi_face_rot_mppi,11296,256,16,0,0,1,1,1,138,0.23583,0.10261,9.59801,0,0.543981,0.454809,1.02739,141.78,147.223,565248,1.1989,1.2057,0,1.02786,0,1,1
box_detour_turn,oi_face_rot_mppi,11303,256,16,0,0,1,1,1,67,0.237965,0.0360248,7.77241,0,0.87949,1.1297,1.0222,68.4876,71.4214,274432,1.1818,1.2219,0,1.02297,0,1,1
box_detour_turn,oi_face_rot_mppi,11310,256,16,0,0,1,1,1,80,0.249467,0.00381494,10.0569,0,0.780769,0.849209,0.979986,78.3989,81.8669,327680,1.1998,1.2071,0,0.980586,0,1,1
box_detour_turn,oi_face_rot_mppi,11317,256,16,0,0,1,1,1,71,0.21895,0.0657952,7.63085,0,0.703556,0.685974,1.03455,73.4531,75.8754,290816,1.2062,1.2677,0,1.03517,0,1,1
box_detour_turn,oi_face_rot_mppi,11324,256,16,0,0,1,1,1,68,0.187307,0.113252,7.83092,0,0.667104,0.632867,1.03481,70.3673,72.5704,278528,1.1958,1.204,0,1.03537,0,1,1
box_detour_turn,oi_face_rot_mppi,11331,256,16,0,0,1,1,1,102,0.22572,0.0153529,12.9982,0,0.773215,0.814588,1.02486,104.536,107.724,417792,1.1917,1.2063,0,1.02534,0,1,1
box_detour_turn,oi_face_rot_mppi,11338,256,16,0,0,1,1,1,76,0.245977,0.145822,7.90707,0,0.829055,0.990147,0.989929,75.2346,77.6987,311296,1.2006,1.2086,0,0.990517,0,1,1
box_detour_turn,oi_face_rot_mppi,11345,256,16,0,0,0,1,0,420,0.362501,0.0575825,10.7596,0,0.555785,0.540195,1.02485,430.438,443.727,1720320,1.1688,1.206,0,1.02511,0,1,0
box_detour_turn,oi_face_rot_mppi,11352,256,16,0,0,1,1,1,82,0.234162,0.119579,9.8015,0,0.760612,0.799084,1.04879,86.0007,88.422,335872,1.1948,1.212,0,1.04923,0,1,1
box_detour_turn,oi_face_rot_mppi,11359,256,16,0,0,1,1,1,95,0.237105,0.129723,11.0087,0,0.811232,0.957465,1.04523,99.2973,101.797,389120,1.2097,1.2179,0,1.04568,0,1,1
box_detour_turn,soppi_fast,11156,256,16,1,0.01,0,1,0,420,1.87685,0.962193,120.657,0,0.295441,0.121912,4.57668,1922.21,1949.48,1720320,4.9559,5.2236,0,4.57701,0,1,0
box_detour_turn,soppi_fast,11163,256,16,1,0.01,0,1,0,420,1.90444,0.671865,118.76,0,0.316844,0.202276,4.56824,1918.66,1944.54,1720320,4.9539,5.7814,0,4.56856,0,1,0
box_detour_turn,soppi_fast,11170,256,16,1,0.01,0,1,0,420,1.92203,0.815357,123.18,0,0.30471,0.165653,4.57933,1923.32,1949.7,1720320,4.9604,5.7848,0,4.57965,0,1,0
box_detour_turn,soppi_fast,11177,256,16,1,0.01,0,1,0,420,1.81468,0.88287,112.056,0,0.305505,0.166225,4.56422,1916.97,1946.65,1720320,4.953,5.726,0,4.5646,0,1,0
box_detour_turn,soppi_fast,11184,256,16,1,0.01,0,1,0,420,1.86485,0.873737,117.449,0,0.287232,0.118277,4.55763,1914.21,1938.19,1720320,4.9685,5.7894,0,4.55792,0,1,0
box_detour_turn,soppi_fast,11191,256,16,1,0.01,0,1,0,420,1.86491,1.05826,121.906,0,0.293528,0.121884,3.21372,1349.76,1368.01,1720320,4.9314,5.8188,0,3.21401,0,1,0
box_detour_turn,soppi_fast,11198,256,16,1,0.01,0,1,0,420,1.77285,0.91213,107.948,0,0.302378,0.14243,2.86066,1201.48,1221.09,1720320,2.9528,3.3729,0,2.86099,0,1,0
box_detour_turn,soppi_fast,11205,256,16,1,0.01,0,1,0,420,1.8795,0.914418,119.788,0,0.291963,0.12345,2.87668,1208.21,1227.05,1720320,2.9583,5.8673,0,2.877,0,1,0
box_detour_turn,soppi_fast,11212,256,16,1,0.01,0,1,0,420,2.02944,0.917943,137.265,0,0.320445,0.195614,2.85051,1197.21,1220.3,1720320,2.9604,3.5359,0,2.85089,0,1,0
box_detour_turn,soppi_fast,11219,256,16,1,0.01,0,1,0,420,1.80849,0.945103,112.927,0,0.311667,0.177132,2.8792,1209.26,1226.36,1720320,2.9828,3.4112,0,2.87948,0,1,0
box_detour_turn,soppi_fast,11226,256,16,1,0.01,0,1,0,420,1.86499,0.702242,114.339,0,0.283409,0.118798,2.8637,1202.75,1219.82,1720320,2.9493,3.3714,0,2.86397,0,1,0
box_detour_turn,soppi_fast,11233,256,16,1,0.01,0,1,0,420,1.84863,0.910811,116.447,0,0.298502,0.148672,2.86561,1203.56,1219,1720320,2.9652,3.4735,0,2.86585,0,1,0
box_detour_turn,soppi_fast,11240,256,16,1,0.01,0,1,0,420,1.90263,0.853469,121.358,0,0.310827,0.165629,2.85818,1200.44,1224.03,1720320,2.9773,4.4634,0,2.85851,0,1,0
box_detour_turn,soppi_fast,11247,256,16,1,0.01,0,1,0,420,1.91185,0.610738,118.497,0,0.29793,0.136916,2.79102,1172.23,1202.58,1720320,3.011,4.6754,0,2.79153,0,1,0
box_detour_turn,soppi_fast,11254,256,16,1,0.01,0,1,0,420,1.84841,0.959253,117.686,0,0.319562,0.164748,2.84839,1196.32,1225.47,1720320,3.077,4.6278,0,2.8488,0,1,0
box_detour_turn,soppi_fast,11261,256,16,1,0.01,0,1,0,420,1.51187,0.245406,73.6288,0,0.280871,0.132404,2.87663,1208.19,1238,1720320,3.1042,15.6594,0,2.87762,0,1,0
box_detour_turn,soppi_fast,11268,256,16,1,0.01,0,1,0,420,1.87209,0.551593,113.16,0,0.291152,0.119709,2.86414,1202.94,1233.3,1720320,3.0966,7.7956,0,2.86457,0,1,0
box_detour_turn,soppi_fast,11275,256,16,1,0.01,0,1,0,420,1.93541,0.921261,126.546,0,0.305227,0.158422,2.85053,1197.22,1228.45,1720320,2.9848,8.7491,0,2.85102,0,1,0
box_detour_turn,soppi_fast,11282,256,16,1,0.01,0,1,0,420,1.87196,0.912883,119.4,0,0.318879,0.190519,2.79527,1174.01,1201.92,1720320,2.9796,8.0036,0,2.7957,0,1,0
box_detour_turn,soppi_fast,11289,256,16,1,0.01,0,1,0,420,1.82959,0.911385,114.442,0,0.306719,0.146565,3.32016,1394.47,1427.82,1720320,4.3907,6.9349,0,3.32058,0,1,0
box_detour_turn,soppi_fast,11296,256,16,1,0.01,0,1,0,420,1.88198,0.84139,118.67,0,0.316137,0.163222,4.24255,1781.87,1819.62,1720320,4.4219,7.907,0,4.24298,0,1,0
box_detour_turn,soppi_fast,11303,256,16,1,0.01,0,1,0,420,1.84465,0.777791,113.561,0,0.307099,0.150179,4.26335,1790.61,1837.71,1720320,4.4637,7.5781,0,4.26379,0,1,0
box_detour_turn,soppi_fast,11310,256,16,1,0.01,0,1,0,420,1.88244,0.927817,120.676,0,0.290254,0.133143,4.18932,1759.51,1799.19,1720320,4.4966,52.2132,0,4.18978,0,1,0
box_detour_turn,soppi_fast,11317,256,16,1,0.01,0,1,0,420,1.85552,0.752536,114.247,0,0.297386,0.129805,4.28344,1799.05,1841.35,1720320,4.5497,11.9871,0,4.28388,0,1,0
box_detour_turn,soppi_fast,11324,256,16,1,0.01,0,1,0,420,1.87996,1.05668,123.695,0,0.290321,0.137674,4.25426,1786.79,1822.93,1720320,4.4035,5.7805,0,4.25467,0,1,0
box_detour_turn,soppi_fast,11331,256,16,1,0.01,0,1,0,420,1.86377,0.736439,114.978,0,0.301555,0.150058,4.23573,1779.01,1817.51,1720320,4.5143,6.1352,0,4.2362,0,1,0
box_detour_turn,soppi_fast,11338,256,16,1,0.01,0,1,0,420,1.88652,0.871482,120.01,0,0.286678,0.137809,4.39179,1844.55,1892.9,1720320,6.4476,12.6482,0,4.39223,0,1,0
box_detour_turn,soppi_fast,11345,256,16,1,0.01,0,1,0,420,1.86261,0.860063,117.199,0,0.296425,0.130895,4.89784,2057.09,2440.04,1720320,8.7067,16.3402,0,4.89831,0,1,0
box_detour_turn,soppi_fast,11352,256,16,1,0.01,0,1,0,420,1.86374,0.93744,118.434,0,0.311675,0.175776,4.04048,1697,1739.56,1720320,4.8576,6.676,0,4.04094,0,1,0
box_detour_turn,soppi_fast,11359,256,16,1,0.01,0,1,0,420,0.390242,0.0118464,13.8889,0,0.388389,0.343398,2.51482,1056.22,1107.67,1720320,4.233,4.712,0,2.51537,0,1,0
box_detour_turn90,diff_mppi_3,11356,256,16,3,0.01,0,1,0,420,1.53476,0.08772,75.5159,0,0.300024,0.139479,7.48171,3142.32,3191.98,1720320,8.1717,9.9615,0,7.48221,0,1,0
box_detour_turn90,diff_mppi_3,11363,256,16,3,0.01,0,1,0,420,1.56445,0.0233868,78.4681,0,0.288145,0.128947,6.35371,2668.56,2721.81,1720320,8.1798,12.652,0,6.35417,0,1,0
box_detour_turn90,diff_mppi_3,11370,256,16,3,0.01,0,1,0,420,1.62121,0.0550946,83.8677,0,0.294892,0.141286,9.31032,3910.33,3965.4,1720320,20.8402,76.1448,0,9.31078,0,1,0
box_detour_turn90,diff_mppi_3,11377,256,16,3,0.01,0,1,0,420,1.51543,0.0384325,73.7134,0,0.296748,0.14746,7.71646,3240.91,3298.4,1720320,8.1831,19.9037,0,7.7169,0,1,0
box_detour_turn90,diff_mppi_3,11384,256,16,3,0.01,0,1,0,420,1.70078,0.0616107,92.035,0,0.296043,0.138888,7.09302,2979.07,3045.19,1720320,8.5455,11.0832,0,7.09348,0,1,0
box_detour_turn90,diff_mppi_3,11391,256,16,3,0.01,0,1,0,420,1.4953,0.23597,72.4914,0,0.281579,0.120546,7.68737,3228.69,3282.81,1720320,8.4183,13.3356,0,7.68785,0,1,0
box_detour_turn90,diff_mppi_3,11398,256,16,3,0.01,0,1,0,420,1.57753,0.0313978,79.6122,0,0.296903,0.137208,6.98104,2932.03,2987.23,1720320,8.2031,12.8602,0,6.98152,0,1,0
box_detour_turn90,diff_mppi_3,11405,256,16,3,0.01,0,1,0,420,1.58189,0.0756722,80.3103,0,0.298766,0.12554,7.77826,3266.87,3366.13,1720320,11.1525,19.9149,0,7.77874,0,1,0
box_detour_turn90,diff_mppi_3,11412,256,16,3,0.01,0,1,0,420,1.53038,0.0743407,75.1559,0,0.296604,0.141262,7.84887,3296.52,3455.71,1720320,12.1074,28.4125,0,7.84938,0,1,0
box_detour_turn90,diff_mppi_3,11419,256,16,3,0.01,0,1,0,420,1.65024,0.134251,86.9115,0,0.314309,0.180851,7.60061,3192.26,3310.37,1720320,11.5034,23.9629,0,7.60113,0,1,0
box_detour_turn90,diff_mppi_3,11426,256,16,3,0.01,0,1,0,420,1.63103,0.117052,84.979,0,0.294394,0.134837,7.31892,3073.95,3195.22,1720320,9.5865,12.0169,0,7.3195,0,1,0
box_detour_turn90,diff_mppi_3,11433,256,16,3,0.01,0,1,0,420,1.60353,0.18697,82.4577,0,0.297858,0.165191,8.06461,3387.14,3511.61,1720320,12.7773,28.4793,0,8.06583,0,1,0
box_detour_turn90,diff_mppi_3,11440,256,16,3,0.01,0,1,0,420,1.62577,0.0694867,84.4109,0,0.30715,0.140962,9.26208,3890.07,3993.76,1720320,14.2491,21.0931,0,9.26285,0,1,0
box_detour_turn90,diff_mppi_3,11447,256,16,3,0.01,0,1,0,420,1.56566,0.383374,80.1272,0,0.285482,0.138405,8.89612,3736.37,3863.55,1720320,13.1409,22.6916,0,8.89664,0,1,0
box_detour_turn90,diff_mppi_3,11454,256,16,3,0.01,0,1,0,420,1.68201,0.000809193,90.3111,0,0.296795,0.157787,8.94061,3755.05,3893.28,1720320,13.8052,17.6273,0,8.94132,0,1,0
box_detour_turn90,diff_mppi_3,11461,256,16,3,0.01,0,1,0,420,1.55494,0.0519704,77.2378,0,0.291977,0.127948,8.07878,3393.09,3522.26,1720320,11.0452,19.7912,0,8.07931,0,1,0
box_detour_turn90,diff_mppi_3,11468,256,16,3,0.01,0,1,0,420,1.5281,0.121788,75.0745,0,0.291876,0.131868,7.93934,3334.52,3477.18,1720320,10.6263,14.7501,0,7.93984,0,1,0
box_detour_turn90,diff_mppi_3,11475,256,16,3,0.01,0,1,0,420,1.59232,0.0810437,81.1257,0,0.288054,0.122619,7.97155,3348.05,3473.94,1720320,12.3865,31.9455,0,7.97203,0,1,0
box_detour_turn90,diff_mppi_3,11482,256,16,3,0.01,0,1,0,420,1.65226,0.113979,87.0476,0,0.293164,0.122394,8.65725,3636.04,3740.71,1720320,13.6692,28.2039,0,8.65774,0,1,0
box_detour_turn90,diff_mppi_3,11489,256,16,3,0.01,0,1,0,420,1.75428,0.283537,98.8891,0,0.321275,0.193394,5.6216,2361.07,2421,1720320,8.0061,9.5563,0,5.62211,0,1,0
box_detour_turn90,diff_mppi_3,11496,256,16,3,0.01,0,1,0,420,1.53684,0.0899922,75.6435,0,0.311852,0.177261,8.60127,3612.53,3741.55,1720320,13.2785,19.5568,0,8.60174,0,1,0
box_detour_turn90,diff_mppi_3,11503,256,16,3,0.01,0,1,0,420,1.63135,0.116259,84.9709,0,0.293781,0.146623,8.31826,3493.67,3612.27,1720320,12.9682,17.4524,0,8.31874,0,1,0
box_detour_turn90,diff_mppi_3,11510,256,16,3,0.01,0,1,0,420,1.54267,0.00752795,76.3087,0,0.316447,0.173484,8.60007,3612.03,3767.21,1720320,12.568,21.796,0,8.6006,0,1,0
box_detour_turn90,diff_mppi_3,11517,256,16,3,0.01,0,1,0,420,1.62967,0.25111,85.3779,0,0.317578,0.176709,9.26701,3892.14,3993.19,1720320,14.4577,23.2846,0,9.26766,0,1,0
box_detour_turn90,diff_mppi_3,11524,256,16,3,0.01,0,1,0,420,1.50067,0.0621581,72.0749,0,0.288713,0.14827,9.51483,3996.23,4079.49,1720320,13.9175,21.8627,0,9.51535,0,1,0
box_detour_turn90,diff_mppi_3,11531,256,16,3,0.01,0,1,0,420,1.55731,0.0631739,78.0138,0,0.300951,0.145274,9.34237,3923.79,3997.29,1720320,13.4318,17.8866,0,9.34289,0,1,0
box_detour_turn90,diff_mppi_3,11538,256,16,3,0.01,0,1,0,420,1.5496,0.117104,77.1838,0,0.301044,0.147062,10.4423,4385.79,4513.35,1720320,15.2754,23.8571,0,10.4429,0,1,0
box_detour_turn90,diff_mppi_3,11545,256,16,3,0.01,0,1,0,420,1.56825,0.0626562,78.9403,0,0.30056,0.136184,9.29421,3903.57,4036.8,1720320,13.9026,24.1488,0,9.29471,0,1,0
box_detour_turn90,diff_mppi_3,11552,256,16,3,0.01,0,1,0,420,1.67671,0.105483,89.7872,0,0.279368,0.122839,8.73426,3668.39,3815.45,1720320,13.102,21.0228,0,8.73477,0,1,0
box_detour_turn90,diff_mppi_3,11559,256,16,3,0.01,0,1,0,420,1.57728,0.255049,80.7211,0,0.295613,0.143708,8.03877,3376.29,3489.74,1720320,13.9393,20.0886,0,8.03929,0,1,0
box_detour_turn90,oi_face_auto_mppi,11356,256,16,0,0,0,1,0,420,0.0926453,0.399974,12.4933,0,0.668666,0.689695,1.50411,631.726,707.811,1720320,3.7221,6.9017,0,1.50452,0,1,0
box_detour_turn90,oi_face_auto_mppi,11363,256,16,0,0,0,1,0,420,0.148577,0.475775,25.6142,0,0.706944,0.811617,1.25994,529.175,572.357,1720320,3.0905,8.8473,0,1.2604,0,1,0
box_detour_turn90,oi_face_auto_mppi,11370,256,16,0,0,0,1,0,420,0.0546257,0.298705,16.9967,0,0.71382,0.822529,1.99464,837.747,937.413,1720320,5.0177,8.6885,0,1.99508,0,1,0
box_detour_turn90,oi_face_auto_mppi,11377,256,16,0,0,1,1,1,133,0.246567,0.234478,9.19481,0,0.696908,0.794125,1.96377,261.181,300.409,544768,5.7752,8.2686,0,1.96443,0,1,1
box_detour_turn90,oi_face_auto_mppi,11384,256,16,0,0,0,1,0,420,0.251447,0.254624,25.7616,0,0.679043,0.739355,0.636448,267.308,300.171,1720320,1.3372,6.3175,0,0.636958,0,1,0
box_detour_turn90,oi_face_auto_mppi,11391,256,16,0,0,1,1,1,101,0.116288,0.235007,9.8574,0,0.721026,0.816106,2.00133,202.134,222.281,413696,10.3124,38.3189,0,2.0033,0,1,1
box_detour_turn90,oi_face_auto_mppi,11398,256,16,0,0,0,1,0,420,0.393042,0.460856,23.3804,0,0.653717,0.687911,1.28766,540.817,667.081,1720320,7.3492,21.3695,0,1.28981,0,1,0
box_detour_turn90,oi_face_auto_mppi,11405,256,16,0,0,1,1,1,141,0.144117,0.215006,13.5562,0,0.832307,1.1162,1.25002,176.253,194.072,577536,5.2068,11.3902,0,1.25052,0,1,1
box_detour_turn90,oi_face_auto_mppi,11412,256,16,0,0,1,1,1,171,0.0714645,0.174344,11.9368,0,0.679087,0.758855,1.40018,239.431,284.418,700416,6.3076,8.8025,0,1.40072,0,1,1
box_detour_turn90,oi_face_auto_mppi,11419,256,16,0,0,1,1,1,175,0.162063,0.219966,13.5995,0,0.758606,0.847952,1.25431,219.505,258.077,716800,6.2765,12.7562,0,1.25479,0,1,1
box_detour_turn90,oi_face_auto_mppi,11426,256,16,0,0,0,1,0,420,0.345659,0.242225,14.6203,0,0.667032,0.675274,1.24782,524.086,641.661,1720320,6.9191,14.475,0,1.24815,0,1,0
box_detour_turn90,oi_face_auto_mppi,11433,256,16,0,0,1,1,1,190,0.103936,0.238957,18.869,0,0.827867,1.14859,1.25373,238.21,283.16,778240,7.2614,16.4564,0,1.2542,0,1,1
box_detour_turn90,oi_face_auto_mppi,11440,256,16,0,0,1,1,1,142,0.110166,0.213921,14.9363,0,0.853047,1.04058,1.84673,262.235,313.781,581632,8.2497,16.2598,0,1.8473,0,1,1
box_detour_turn90,oi_face_auto_mppi,11447,256,16,0,0,0,1,0,420,0.30908,0.513105,18.8258,0,0.66938,0.723746,1.38803,582.974,679.007,1720320,7.0063,13.1199,0,1.38838,0,1,0
box_detour_turn90,oi_face_auto_mppi,11454,256,16,0,0,0,1,0,420,0.263977,0.480057,16.9193,0,0.648916,0.656705,1.71539,720.463,874.974,1720320,8.6668,24.1868,0,1.73037,0,1,0
box_detour_turn90,oi_face_auto_mppi,11461,256,16,0,0,0,1,0,420,0.242473,0.511972,20.2088,0,0.688708,0.760344,1.51333,635.597,719.693,1720320,8.9423,20.0723,0,1.51368,0,1,0
box_detour_turn90,oi_face_auto_mppi,11468,256,16,0,0,0,1,0,420,0.221629,0.597026,26.2222,0,0.693785,0.747568,1.47003,617.411,713.198,1720320,7.7776,19.5268,0,1.4704,0,1,0
box_detour_turn90,oi_face_auto_mppi,11475,256,16,0,0,0,1,0,420,0.415617,0.513034,24.0345,0,0.677473,0.70711,1.26347,530.655,583.091,1720320,4.5194,13.9824,0,1.26387,0,1,0
box_detour_turn90,oi_face_auto_mppi,11482,256,16,0,0,1,1,1,271,0.155121,0.223997,22.5369,0,0.778033,1.02462,0.728184,197.338,221.893,1110016,1.3927,9.9214,0,0.728624,0,1,1
box_detour_turn90,oi_face_auto_mppi,11489,256,16,0,0,0,1,0,420,0.450022,0.55841,25.6581,0,0.626592,0.593032,1.36312,572.509,665.919,1720320,3.9807,9.5165,0,1.36354,0,1,0
box_detour_turn90,oi_face_auto_mppi,11496,256,16,0,0,0,1,0,420,0.310121,0.505104,12.1439,0,0.615081,0.583014,1.18195,496.419,569.723,1720320,4.4998,7.9909,0,1.1825,0,1,0
box_detour_turn90,oi_face_auto_mppi,11503,256,16,0,0,0,1,0,420,0.0569354,0.653648,17.4131,0,0.712464,0.817587,1.11919,470.061,560.339,1720320,4.0618,11.3192,0,1.11955,0,1,0
box_detour_turn90,oi_face_auto_mppi,11510,256,16,0,0,0,1,0,420,0.393488,0.278683,16.6518,0,0.61157,0.601516,1.18189,496.394,574.277,1720320,4.2436,7.0785,0,1.18227,0,1,0
box_detour_turn90,oi_face_auto_mppi,11517,256,16,0,0,1,1,1,129,0.125879,0.226342,12.7046,0,0.75846,0.923365,1.42899,184.339,205.533,528384,4.9035,7.1669,0,1.42955,0,1,1
box_detour_turn90,oi_face_auto_mppi,11524,256,16,0,0,0,1,0,420,0.203827,0.65895,15.1335,0,0.61758,0.62241,1.11728,469.257,554.569,1720320,4.0224,8.2943,0,1.11764,0,1,0
box_detour_turn90,oi_face_auto_mppi,11531,256,16,0,0,0,1,0,420,0.891223,0.702966,50.2271,0,0.75745,0.900345,0.943568,396.299,437.214,1720320,2.3697,10.1993,0,0.943933,0,1,0
box_detour_turn90,oi_face_auto_mppi,11538,256,16,0,0,1,1,1,123,0.210022,0.23928,10.0521,0,0.780105,0.928138,1.76815,217.482,251.144,503808,9.5004,21.84,0,1.76875,0,1,1
box_detour_turn90,oi_face_auto_mppi,11545,256,16,0,0,0,1,0,420,0.0760889,0.312777,10.8761,0,0.667325,0.722098,1.91394,803.854,928.167,1720320,8.2108,21.8831,0,1.91456,0,1,0
box_detour_turn90,oi_face_auto_mppi,11552,256,16,0,0,0,1,0,420,0.0379606,0.277547,12.8078,0,0.678877,0.69655,1.92698,809.33,916.377,1720320,6.9876,13.2551,0,1.92736,0,1,0
box_detour_turn90,oi_face_auto_mppi,11559,256,16,0,0,1,1,1,245,0.240727,0.0360566,16.0745,0,0.599992,0.604819,2.13435,522.916,561.021,1003520,6.5763,18.8039,0,2.13499,0,1,1
box_detour_turn90,oi_face_rot_mppi,11356,256,16,0,0,1,1,1,298,0.109046,0.13114,38.9122,0,0.886671,1.2416,1.57973,470.759,552.87,1220608,4.5268,7.506,0,1.58018,0,1,1
box_detour_turn90,oi_face_rot_mppi,11363,256,16,0,0,1,1,1,110,0.190379,0.173355,12.3687,0,0.741758,0.847313,1.3402,147.422,159.097,450560,5.0114,6.1168,0,1.34093,0,1,1
box_detour_turn90,oi_face_rot_mppi,11370,256,16,0,0,1,1,1,102,0.246011,0.179843,14.8275,0,0.874496,1.19981,1.4459,147.482,168.895,417792,4.8816,7.5839,0,1.44662,0,1,1
box_detour_turn90,oi_face_rot_mppi,11377,256,16,0,0,1,1,1,83,0.235908,0.0172206,8.23731,0,0.699376,0.755511,0.736886,61.1615,70.1935,339968,1.353,3.9209,0,0.737658,0,1,1
box_detour_turn90,oi_face_rot_mppi,11384,256,16,0,0,1,1,1,165,0.0928086,0.219503,14.3037,0,0.663894,0.670457,1.19689,197.486,223.207,675840,4.8681,7.2977,0,1.19741,0,1,1
box_detour_turn90,oi_face_rot_mppi,11391,256,16,0,0,0,1,0,420,0.273282,0.0049901,11.7525,0,0.563698,0.491925,1.32428,556.196,676.017,1720320,6.1743,12.5716,0,1.32465,0,1,0
box_detour_turn90,oi_face_rot_mppi,11398,256,16,0,0,1,1,1,207,0.237556,0.0497676,18.7873,0,0.7138,0.88199,1.28302,265.584,292.937,847872,4.4957,5.7919,0,1.2835,0,1,1
box_detour_turn90,oi_face_rot_mppi,11405,256,16,0,0,1,1,1,104,0.10663,0.203395,13.401,0,0.917593,1.24789,1.2496,129.958,145.899,425984,4.0812,6.1259,0,1.25071,0,1,1
box_detour_turn90,oi_face_rot_mppi,11412,256,16,0,0,0,1,0,420,0.256374,0.0428431,12.7627,0,0.562598,0.485309,1.25574,527.41,603.806,1720320,4.8266,7.2665,0,1.25613,0,1,0
box_detour_turn90,oi_face_rot_mppi,11419,256,16,0,0,1,1,1,112,0.178623,0.167873,11.5488,0,0.679746,0.683978,1.13377,126.983,148.544,458752,4.678,9.6799,0,1.13457,0,1,1
box_detour_turn90,oi_face_rot_mppi,11426,256,16,0,0,1,1,1,89,0.247962,0.123147,9.15579,0,0.814274,1.02909,1.73007,153.976,173.569,364544,7.4409,8.3961,0,1.73083,0,1,1
box_detour_turn90,oi_face_rot_mppi,11433,256,16,0,0,1,1,1,254,0.207248,0.187703,18.6395,0,0.754967,0.959572,1.2676,321.97,401.293,1040384,6.782,18.0297,0,1.29231,0,1,1
box_detour_turn90,oi_face_rot_mppi,11440,256,16,0,0,1,1,1,153,0.131173,0.24168,14.3705,0,0.812944,0.980667,1.47583,225.802,286.94,626688,9.2675,27.6668,0,1.47632,0,1,1
box_detour_turn90,oi_face_rot_mppi,11447,256,16,0,0,1,1,1,108,0.227156,0.0225819,13.6245,0,0.882318,1.22188,0.915749,98.9009,138.358,442368,6.8186,10.1991,0,0.916323,0,1,1
box_detour_turn90,oi_face_rot_mppi,11454,256,16,0,0,1,1,1,100,0.243481,0.071404,11.7709,0,0.811055,1.04824,1.26407,126.407,177.41,409600,7.5434,14.2236,0,1.26489,0,1,1
box_detour_turn90,oi_face_rot_mppi,11461,256,16,0,0,1,1,1,104,0.246145,0.215865,15.2032,0,0.915162,1.33276,1.53069,159.192,200.207,425984,8.3969,12.5265,0,1.5314,0,1,1
box_detour_turn90,oi_face_rot_mppi,11468,256,16,0,0,1,1,1,72,0.218247,0.138682,8.55149,0,0.726876,0.814418,1.26887,91.3588,114.582,294912,8.3008,13.9892,0,1.26967,0,1,1
box_detour_turn90,oi_face_rot_mppi,11475,256,16,0,0,1,1,1,192,0.206684,0.0897126,18.7938,0,0.695445,0.805637,1.78833,343.359,464.259,786432,7.6002,11.3585,0,1.78882,0,1,1
box_detour_turn90,oi_face_rot_mppi,11482,256,16,0,0,1,1,1,95,0.244896,0.218684,13.0063,0,0.791224,0.86775,1.55787,147.998,175.454,389120,8.8842,16.1432,0,1.55857,0,1,1
box_detour_turn90,oi_face_rot_mppi,11489,256,16,0,0,1,1,1,262,0.224406,0.0340041,22.201,0,0.615552,0.616409,2.5697,673.263,770.533,1073152,17.1546,36.578,0,2.5701,0,1,1
box_detour_turn90,oi_face_rot_mppi,11496,256,16,0,0,1,1,1,96,0.209089,0.215783,6.8116,0,0.546854,0.449196,1.61798,155.326,183.188,393216,14.4054,17.1977,0,1.61866,0,1,1
box_detour_turn90,oi_face_rot_mppi,11503,256,16,0,0,1,1,1,136,0.24364,0.178415,13.5682,0,0.661044,0.673173,1.80727,245.789,272.464,557056,12.9281,21.1964,0,1.80781,0,1,1
box_detour_turn90,oi_face_rot_mppi,11510,256,16,0,0,1,1,1,107,0.233718,0.055843,12.3611,0,0.760111,0.859642,1.96134,209.863,273.043,438272,16.6833,34.2142,0,1.96194,0,1,1
box_detour_turn90,oi_face_rot_mppi,11517,256,16,0,0,1,1,1,109,0.249492,0.157106,12.1151,0,0.752004,0.896761,1.48857,162.255,256.583,446464,12.1674,32.2861,0,1.48923,0,1,1
box_detour_turn90,oi_face_rot_mppi,11524,256,16,0,0,1,1,1,84,0.204848,0.237891,9.45086,0,0.869388,1.20166,1.65524,139.04,197.158,344064,14.4967,20.4183,0,1.6559,0,1,1
box_detour_turn90,oi_face_rot_mppi,11531,256,16,0,0,1,1,1,111,0.244687,0.168123,16.0931,0,0.924765,1.36076,1.995,221.445,269.119,454656,13.694,39.4732,0,1.99559,0,1,1
box_detour_turn90,oi_face_rot_mppi,11538,256,16,0,0,1,1,1,97,0.214969,0.227066,9.01553,0,0.773632,0.975626,2.57339,249.619,276.998,397312,15.5854,27.1787,0,2.57416,0,1,1
box_detour_turn90,oi_face_rot_mppi,11545,256,16,0,0,1,1,1,85,0.14304,0.182221,9.07989,0,0.825172,1.05038,2.30373,195.817,233.604,348160,12.3321,23.9551,0,2.3045,0,1,1
box_detour_turn90,oi_face_rot_mppi,11552,256,16,0,0,1,1,1,103,0.248986,0.00794053,10.611,0,0.735428,0.873368,1.73391,178.592,229.315,421888,9.4162,20.5481,0,1.73454,0,1,1
box_detour_turn90,oi_face_rot_mppi,11559,256,16,0,0,1,1,1,107,0.100039,0.234308,9.61335,0,0.67108,0.666709,2.172,232.404,246.514,438272,10.3118,17.1721,0,2.17261,0,1,1
box_detour_turn90,soppi_fast,11356,256,16,1,0.01,0,1,0,420,1.52843,0.305276,76.3939,0,0.317237,0.192757,5.97499,2509.5,2976.61,1720320,13.4813,20.2757,0,5.9755,0,1,0
box_detour_turn90,soppi_fast,11363,256,16,1,0.01,0,1,0,420,1.45706,0.164764,68.7494,0,0.291903,0.141,6.89651,2896.53,3340.17,1720320,12.6222,22.5612,0,6.89701,0,1,0
box_detour_turn90,soppi_fast,11370,256,16,1,0.01,0,1,0,420,1.63318,0.296492,86.3135,0,0.306336,0.176816,5.51185,2314.98,2498.73,1720320,9.13,22.5696,0,5.51235,0,1,0
box_detour_turn90,soppi_fast,11377,256,16,1,0.01,0,1,0,420,1.47843,0.309771,71.6922,0,0.300014,0.152963,4.09718,1720.82,1768.94,1720320,4.9403,5.5861,0,4.0977,0,1,0
box_detour_turn90,soppi_fast,11384,256,16,1,0.01,0,1,0,420,1.59648,0.140238,81.917,0,0.293694,0.133493,4.41741,1855.31,1944.06,1720320,6.5048,9.4241,0,4.41797,0,1,0
box_detour_turn90,soppi_fast,11391,256,16,1,0.01,0,1,0,420,1.54491,0.282794,77.8714,0,0.28325,0.128347,7.33173,3079.33,3814.72,1720320,16.716,25.6866,0,7.33223,0,1,0
box_detour_turn90,soppi_fast,11398,256,16,1,0.01,0,1,0,420,1.50333,0.0258195,72.7945,0,0.29513,0.123628,2.29112,962.269,1006.05,1720320,2.8813,4.106,0,2.29162,0,1,0
box_detour_turn90,soppi_fast,11405,256,16,1,0.01,0,1,0,420,1.54007,0.147777,76.3351,0,0.298941,0.125783,2.31695,973.12,1017.16,1720320,2.9579,4.0025,0,2.31745,0,1,0
box_detour_turn90,soppi_fast,11412,256,16,1,0.01,0,1,0,420,1.57147,0.368515,80.891,0,0.282104,0.11465,2.50878,1053.69,1103.52,1720320,3.9468,7.9575,0,2.50937,0,1,0
box_detour_turn90,soppi_fast,11419,256,16,1,0.01,0,1,0,420,1.59176,0.324378,82.3824,0,0.308895,0.162477,2.91209,1223.08,1291.41,1720320,4.1858,8.5834,0,2.91257,0,1,0
box_detour_turn90,soppi_fast,11426,256,16,1,0.01,0,1,0,420,1.51395,0.337452,74.9902,0,0.305392,0.162605,4.08188,1714.39,1951.54,1720320,8.7941,24.0057,0,4.08293,0,1,0
box_detour_turn90,soppi_fast,11433,256,16,1,0.01,0,1,0,420,1.64769,0.286788,87.8593,0,0.289524,0.135848,2.54918,1070.66,1116.87,1720320,3.8879,8.0861,0,2.54967,0,1,0
box_detour_turn90,soppi_fast,11440,256,16,1,0.01,0,1,0,420,1.52938,0.175627,75.4807,0,0.29805,0.123762,2.71686,1141.08,1232.65,1720320,5.8301,9.513,0,2.71732,0,1,0
box_detour_turn90,soppi_fast,11447,256,16,1,0.01,0,1,0,420,1.60505,0.410351,84.619,0,0.309801,0.210478,5.05562,2123.36,2574.69,1720320,9.5684,24.3011,0,5.06417,0,1,0
box_detour_turn90,soppi_fast,11454,256,16,1,0.01,0,1,0,420,1.62955,0.21661,85.6055,0,0.294176,0.148625,5.63481,2366.62,2822.2,1720320,12.0438,26.8233,0,5.65003,0,1,0
box_detour_turn90,soppi_fast,11461,256,16,1,0.01,0,1,0,420,1.58524,0.347936,81.935,0,0.292613,0.121595,4.03121,1693.11,1840.84,1720320,10.8658,22.5903,0,4.03176,0,1,0
box_detour_turn90,soppi_fast,11468,256,16,1,0.01,0,1,0,420,1.51009,0.306088,74.9145,0,0.304365,0.157849,2.57442,1081.26,1117.58,1720320,2.9511,5.307,0,2.57488,0,1,0
box_detour_turn90,soppi_fast,11475,256,16,1,0.01,0,1,0,420,1.47731,0.220405,70.8888,0,0.27942,0.104474,2.67096,1121.8,1176.01,1720320,3.4015,4.3848,0,2.67161,0,1,0
box_detour_turn90,soppi_fast,11482,256,16,1,0.01,0,1,0,420,1.68152,0.247259,91.1905,0,0.297677,0.138657,2.92503,1228.51,1272.17,1720320,3.5957,11.8783,0,2.92558,0,1,0
box_detour_turn90,soppi_fast,11489,256,16,1,0.01,0,1,0,420,1.62426,0.358028,85.7798,0,0.331305,0.215073,2.13114,895.077,934.082,1720320,2.8679,3.4297,0,2.13158,0,1,0
box_detour_turn90,soppi_fast,11496,256,16,1,0.01,0,1,0,420,1.53168,0.380729,77.1451,0,0.311996,0.170183,4.91271,2063.34,2377.07,1720320,14.7068,52.0429,0,4.91318,0,1,0
box_detour_turn90,soppi_fast,11503,256,16,1,0.01,0,1,0,420,1.45436,0.095103,68.1893,0,0.305166,0.182665,2.68367,1127.14,1169.97,1720320,3.1124,6.4047,0,2.68464,0,1,0
box_detour_turn90,soppi_fast,11510,256,16,1,0.01,0,1,0,420,1.52979,0.11861,75.4405,0,0.310658,0.159601,4.09765,1721.01,1786.48,1720320,6.4869,11.2935,0,4.09816,0,1,0
box_detour_turn90,soppi_fast,11517,256,16,1,0.01,0,1,0,420,1.63151,0.341396,86.6726,0,0.314088,0.154201,4.22373,1773.97,1817.03,1720320,4.383,5.8666,0,4.22423,0,1,0
box_detour_turn90,soppi_fast,11524,256,16,1,0.01,0,1,0,420,1.48594,0.0782592,71.3207,0,0.278567,0.115642,4.38192,1840.41,1903.73,1720320,7.6496,22.4176,0,4.38241,0,1,0
box_detour_turn90,soppi_fast,11531,256,16,1,0.01,0,1,0,420,1.51552,0.110424,73.8775,0,0.294364,0.134964,5.10987,2146.14,2229.19,1720320,11.3727,27.024,0,5.11035,0,1,0
box_detour_turn90,soppi_fast,11538,256,16,1,0.01,0,1,0,420,1.64492,0.497712,89.5342,0,0.313388,0.165625,4.35636,1829.67,1891.96,1720320,6.6002,16.5643,0,4.35683,0,1,0
box_detour_turn90,soppi_fast,11545,256,16,1,0.01,0,1,0,420,1.55589,0.310213,78.982,0,0.289126,0.124572,3.99971,1679.88,1734.75,1720320,6.0443,18.9719,0,4.0002,0,1,0
box_detour_turn90,soppi_fast,11552,256,16,1,0.01,0,1,0,420,1.63882,0.529657,89.404,0,0.295349,0.160991,4.07746,1712.53,1756.5,1720320,4.3662,6.3387,0,4.07793,0,1,0
box_detour_turn90,soppi_fast,11559,256,16,1,0.01,0,1,0,420,1.62149,0.437998,86.7203,0,0.295954,0.143702,4.06925,1709.08,1759.31,1720320,4.6947,9.6186,0,4.06983,0,1,0
box_detour_turn_neg,diff_mppi_3,11456,256,16,3,0.01,0,1,0,420,0.915984,0.139541,31.6268,0,0.336599,0.222582,7.03792,2955.93,3007.65,1720320,8.1943,13.457,0,7.03842,0,1,0
box_detour_turn_neg,diff_mppi_3,11463,256,16,3,0.01,0,1,0,420,0.897508,0.0909384,29.6703,0,0.343531,0.217685,7.17641,3014.09,3067.94,1720320,8.1719,10.7817,0,7.17694,0,1,0
box_detour_turn_neg,diff_mppi_3,11470,256,16,3,0.01,0,1,0,420,0.836391,0.113858,26.9523,0,0.340978,0.208447,4.76661,2001.98,2063.29,1720320,7.9661,11.2115,0,4.76709,0,1,0
box_detour_turn_neg,diff_mppi_3,11477,256,16,3,0.01,0,1,0,420,0.856647,0.00168622,27.7051,0,0.32741,0.19778,6.91903,2905.99,2998.47,1720320,14.765,44.1098,0,6.97529,0,1,0
box_detour_turn_neg,diff_mppi_3,11484,256,16,3,0.01,0,1,0,420,0.890227,0.0831512,29.4823,0,0.334451,0.188785,10.0249,4210.45,4379.62,1720320,17.3616,42.0932,0,10.0256,0,1,0
box_detour_turn_neg,diff_mppi_3,11491,256,16,3,0.01,0,1,0,420,0.69954,0.0440867,21.2032,0,0.350809,0.216773,5.46822,2296.65,2383.45,1720320,9.1192,16.2625,0,5.4699,0,1,0
box_detour_turn_neg,diff_mppi_3,11498,256,16,3,0.01,0,1,0,420,0.977935,0.175618,34.4892,0,0.327755,0.191416,7.42679,3119.25,3214.05,1720320,11.291,29.3935,0,7.42725,0,1,0
box_detour_turn_neg,diff_mppi_3,11505,256,16,3,0.01,0,1,0,420,1.10771,0.0892057,42.0901,0,0.343063,0.225674,9.35423,3928.78,4050.51,1720320,19.2383,69.7778,0,9.3548,0,1,0
box_detour_turn_neg,diff_mppi_3,11512,256,16,3,0.01,0,1,0,420,0.77863,0.0383028,23.8578,0,0.352138,0.253848,11.2456,4723.16,4878.59,1720320,26.2941,52.8009,0,11.2461,0,1,0
box_detour_turn_neg,diff_mppi_3,11519,256,16,3,0.01,0,1,0,420,0.785269,0.0593965,24.1338,0,0.366232,0.271343,7.29739,3064.91,3212.34,1720320,10.2251,14.3143,0,7.2982,0,1,0
box_detour_turn_neg,diff_mppi_3,11526,256,16,3,0.01,0,1,0,420,0.713112,0.126249,21.3264,0,0.334163,0.21958,7.61571,3198.6,3319.24,1720320,11.2933,14.3694,0,7.61619,0,1,0
box_detour_turn_neg,diff_mppi_3,11533,256,16,3,0.01,0,1,0,420,0.869751,0.102206,28.404,0,0.331312,0.196017,7.0073,2943.07,3000.41,1720320,8.3159,14.353,0,7.00839,0,1,0
box_detour_turn_neg,diff_mppi_3,11540,256,16,3,0.01,0,1,0,420,1.02113,0.0515325,37.2326,0,0.333934,0.224983,7.43233,3121.58,3172.02,1720320,8.3626,12.5333,0,7.43286,0,1,0
box_detour_turn_neg,diff_mppi_3,11547,256,16,3,0.01,0,1,0,420,0.68631,0.0533963,19.8248,0,0.36457,0.254867,7.30529,3068.22,3121.22,1720320,8.2437,18.942,0,7.30578,0,1,0
box_detour_turn_neg,diff_mppi_3,11554,256,16,3,0.01,0,1,0,420,0.670586,0.0422008,19.4515,0,0.341278,0.208603,6.2773,2636.47,2725.03,1720320,9.757,15.8615,0,6.27779,0,1,0
box_detour_turn_neg,diff_mppi_3,11561,256,16,3,0.01,0,1,0,420,0.760224,0.0638748,22.9698,0,0.351888,0.258154,8.48977,3565.7,3725.43,1720320,11.981,18.7924,0,8.49037,0,1,0
box_detour_turn_neg,diff_mppi_3,11568,256,16,3,0.01,0,1,0,420,0.7087,0.160773,21.8592,0,0.381727,0.305769,8.39977,3527.9,3655.4,1720320,13.1034,21.9401,0,8.40027,0,1,0
box_detour_turn_neg,diff_mppi_3,11575,256,16,3,0.01,0,1,0,420,0.706579,0.105009,21.2794,0,0.327724,0.184747,8.84518,3714.98,3891.21,1720320,13.7231,19.1056,0,8.84567,0,1,0
box_detour_turn_neg,diff_mppi_3,11582,256,16,3,0.01,0,1,0,420,0.859001,0.156081,28.4348,0,0.334896,0.193938,9.35381,3928.6,4103.85,1720320,14.259,24.3799,0,9.35466,0,1,0
box_detour_turn_neg,diff_mppi_3,11589,256,16,3,0.01,0,1,0,420,0.773477,0.0959393,23.8061,0,0.337066,0.207539,10.3428,4343.96,4454.35,1720320,17.3856,78.3313,0,10.3434,0,1,0
box_detour_turn_neg,diff_mppi_3,11596,256,16,3,0.01,0,1,0,420,1.00538,0.0691079,35.8463,0,0.335703,0.208178,8.99988,3779.95,3905.52,1720320,13.007,16.8557,0,9.00038,0,1,0
box_detour_turn_neg,diff_mppi_3,11603,256,16,3,0.01,0,1,0,420,0.645463,0.00450933,18.5371,0,0.351779,0.239354,9.08333,3815,3924.77,1720320,14.1132,29.7167,0,9.08383,0,1,0
box_detour_turn_neg,diff_mppi_3,11610,256,16,3,0.01,0,1,0,420,0.913997,0.0892127,30.827,0,0.343356,0.187779,7.46736,3136.29,3205.88,1720320,9.2718,15.8159,0,7.46787,0,1,0
box_detour_turn_neg,diff_mppi_3,11617,256,16,3,0.01,0,1,0,420,0.654226,0.0825497,19.9594,0,0.371777,0.286554,8.46791,3556.52,3675.68,1720320,11.4506,21.2324,0,8.46839,0,1,0
box_detour_turn_neg,diff_mppi_3,11624,256,16,3,0.01,0,1,0,420,0.672187,0.0203785,19.9394,0,0.380607,0.325851,8.17484,3433.43,3545.56,1720320,11.0893,18.4002,0,8.17531,0,1,0
box_detour_turn_neg,diff_mppi_3,11631,256,16,3,0.01,0,1,0,420,0.818702,0.000638843,26.0209,0,0.336688,0.20106,7.99018,3355.87,3472,1720320,10.5283,16.4498,0,7.99066,0,1,0
box_detour_turn_neg,diff_mppi_3,11638,256,16,3,0.01,0,1,0,420,0.772138,0.0652477,23.8871,0,0.349181,0.225113,8.69403,3651.49,3820.9,1720320,13.5368,23.7107,0,8.69452,0,1,0
box_detour_turn_neg,diff_mppi_3,11645,256,16,3,0.01,0,1,0,420,0.896378,0.0797111,29.8572,0,0.350071,0.245272,8.38437,3521.44,3666.26,1720320,12.5345,30.0982,0,8.38507,0,1,0
box_detour_turn_neg,diff_mppi_3,11652,256,16,3,0.01,0,1,0,420,0.541373,0.0221474,15.1885,0,0.341147,0.203125,8.69924,3653.68,3763.6,1720320,13.9622,27.5135,0,8.69973,0,1,0
box_detour_turn_neg,diff_mppi_3,11659,256,16,3,0.01,0,1,0,420,0.618138,0.013358,17.2665,0,0.354049,0.255358,8.58382,3605.2,3714.22,1720320,12.6393,21.2568,0,8.58431,0,1,0
box_detour_turn_neg,oi_face_auto_mppi,11456,256,16,0,0,1,1,1,171,0.20927,0.175092,11.6948,0,0.59972,0.636009,0.944786,161.558,200.362,700416,7.1029,10.3308,0,0.945315,0,1,1
box_detour_turn_neg,oi_face_auto_mppi,11463,256,16,0,0,1,1,1,100,0.086857,0.244544,9.24017,0,0.641484,0.688154,0.963206,96.3206,117.074,409600,5.4546,7.5687,0,0.963928,0,1,1
box_detour_turn_neg,oi_face_auto_mppi,11470,256,16,0,0,0,1,0,420,0.112908,0.345474,10.4261,0,0.604395,0.600732,1.35329,568.38,678.812,1720320,6.6519,10.6313,0,1.35365,0,1,0
box_detour_turn_neg,oi_face_auto_mppi,11477,256,16,0,0,0,1,0,420,0.781718,0.393871,27.262,0,0.661405,0.611349,1.06887,448.925,498.796,1720320,5.2869,8.5814,0,1.0692,0,1,0
box_detour_turn_neg,oi_face_auto_mppi,11484,256,16,0,0,1,1,1,170,0.228466,0.219068,11.7956,0,0.661023,0.68468,1.02883,174.901,190.825,696320,6.536,8.2189,0,1.02932,0,1,1
box_detour_turn_neg,oi_face_auto_mppi,11491,256,16,0,0,0,1,0,420,0.76843,2.16487,60.7102,0,0.869054,1.22742,1.18609,498.159,569.788,1720320,6.1655,8.8046,0,1.18646,0,1,0
box_detour_turn_neg,oi_face_auto_mppi,11498,256,16,0,0,0,1,0,420,0.132584,0.268995,12.3286,0,0.577138,0.500462,1.56881,658.899,728.935,1720320,9.0696,29.0686,0,1.56915,0,1,0
box_detour_turn_neg,oi_face_auto_mppi,11505,256,16,0,0,0,1,0,420,0.924789,0.283748,32.3583,0,0.621906,0.563966,1.65916,696.847,885.526,1720320,11.6405,29.3097,0,1.65948,0,1,0
box_detour_turn_neg,oi_face_auto_mppi,11512,256,16,0,0,1,1,1,224,0.0649096,0.244476,15.6139,0,0.584247,0.508841,1.70475,381.864,446.526,917504,8.0192,14.8281,0,1.70523,0,1,1
box_detour_turn_neg,oi_face_auto_mppi,11519,256,16,0,0,1,1,1,95,0.154499,0.148024,8.09929,0,0.678736,0.692252,1.27237,120.875,151.342,389120,7.8339,11.8265,0,1.27308,0,1,1
box_detour_turn_neg,oi_face_auto_mppi,11526,256,16,0,0,1,1,1,114,0.224706,0.214442,11.9066,0,0.8136,0.920809,0.887224,101.144,121.2,466944,4.7389,8.3796,0,0.88784,0,1,1
box_detour_turn_neg,oi_face_auto_mppi,11533,256,16,0,0,1,1,1,124,0.182251,0.214846,10.2196,0,0.641528,0.695165,1.57406,195.184,255.574,507904,8.5548,23.0809,0,1.57462,0,1,1
box_detour_turn_neg,oi_face_auto_mppi,11540,256,16,0,0,0,1,0,420,0.434315,0.154613,44.4542,0,0.591363,0.55311,1.80028,756.12,873.082,1720320,10.6281,30.6991,0,1.80064,0,1,0
box_detour_turn_neg,oi_face_auto_mppi,11547,256,16,0,0,1,1,1,185,0.234926,0.0380386,13.6562,0,0.745965,0.88757,1.55291,287.288,311.904,757760,7.7816,12.2258,0,1.55341,0,1,1
box_detour_turn_neg,oi_face_auto_mppi,11554,256,16,0,0,0,1,0,420,0.0111389,0.643622,18.1741,0,0.657969,0.662988,1.49313,627.113,692.698,1720320,7.0769,11.5731,0,1.50339,0,1,0
box_detour_turn_neg,oi_face_auto_mppi,11561,256,16,0,0,0,1,0,420,0.318094,0.506757,13.1491,0,0.59873,0.531807,1.8416,773.471,878.901,1720320,6.9722,12.5494,0,1.84204,0,1,0
box_detour_turn_neg,oi_face_auto_mppi,11568,256,16,0,0,0,1,0,420,0.284271,0.416481,48.1738,0,0.638381,0.64215,1.22721,515.426,591.863,1720320,6.2936,18.4647,0,1.22756,0,1,0
box_detour_turn_neg,oi_face_auto_mppi,11575,256,16,0,0,0,1,0,420,0.847756,2.53263,68.6037,0,0.954347,1.38918,1.23049,516.805,624.724,1720320,7.0565,12.7705,0,1.23082,0,1,0
box_detour_turn_neg,oi_face_auto_mppi,11582,256,16,0,0,1,1,1,116,0.0699852,0.218539,9.45668,0,0.627254,0.632427,0.920326,106.758,129.525,475136,6.4247,8.969,0,0.921149,0,1,1
box_detour_turn_neg,oi_face_auto_mppi,11589,256,16,0,0,0,1,0,420,0.326849,0.417523,23.987,0,0.673952,0.679505,1.24537,523.057,598.257,1720320,6.3115,10.3237,0,1.24573,0,1,0
box_detour_turn_neg,oi_face_auto_mppi,11596,256,16,0,0,0,1,0,420,0.310701,0.396642,17.5972,0,0.570447,0.538475,1.35109,567.457,684.972,1720320,8.4645,16.4753,0,1.35142,0,1,0
box_detour_turn_neg,oi_face_auto_mppi,11603,256,16,0,0,0,1,0,420,0.606634,0.318498,18.7798,0,0.622948,0.569331,1.46175,613.933,711.57,1720320,8.5277,18.5091,0,1.46213,0,1,0
box_detour_turn_neg,oi_face_auto_mppi,11610,256,16,0,0,0,1,0,420,0.388963,0.278565,28.4435,0,0.606611,0.544516,1.58007,663.63,812.31,1720320,8.4157,20.2424,0,1.58044,0,1,0
box_detour_turn_neg,oi_face_auto_mppi,11617,256,16,0,0,1,1,1,213,0.215982,0.0889827,12.2976,0,0.616519,0.654318,1.2297,261.926,308.4,872448,8.327,14.6312,0,1.23016,0,1,1
box_detour_turn_neg,oi_face_auto_mppi,11624,256,16,0,0,0,1,0,420,0.0775564,0.313184,9.21542,0,0.630068,0.605493,1.62781,683.678,804.397,1720320,8.0869,26.7802,0,1.62816,0,1,0
box_detour_turn_neg,oi_face_auto_mppi,11631,256,16,0,0,0,1,0,420,0.472138,0.220376,14.5631,0,0.620017,0.591024,1.29751,544.956,645.266,1720320,6.9968,14.5846,0,1.29786,0,1,0
box_detour_turn_neg,oi_face_auto_mppi,11638,256,16,0,0,0,1,0,420,0.701044,0.162262,27.4074,0,0.568,0.481349,1.15875,486.674,559.031,1720320,6.375,11.2289,0,1.15909,0,1,0
box_detour_turn_neg,oi_face_auto_mppi,11645,256,16,0,0,1,1,1,72,0.248273,0.184456,7.82064,0,0.803215,0.957893,1.50188,108.136,113.507,294912,5.9611,7.1351,0,1.50273,0,1,1
box_detour_turn_neg,oi_face_auto_mppi,11652,256,16,0,0,1,1,1,101,0.108128,0.22816,10.1778,0,0.694912,0.742129,1.32783,134.111,144.835,413696,6.4426,8.3704,0,1.32861,0,1,1
box_detour_turn_neg,oi_face_auto_mppi,11659,256,16,0,0,0,1,0,420,0.702848,0.265328,22.4778,0,0.610543,0.557271,1.24351,522.272,620.914,1720320,6.7012,11.3017,0,1.24387,0,1,0
box_detour_turn_neg,oi_face_rot_mppi,11456,256,16,0,0,1,1,1,68,0.241034,0.126575,7.83513,0,0.63601,0.804637,1.56655,106.526,111.734,278528,6.8884,10.5778,0,1.56753,0,1,1
box_detour_turn_neg,oi_face_rot_mppi,11463,256,16,0,0,1,1,1,110,0.242719,0.209286,9.15571,0,0.607126,0.60243,1.83434,201.777,226.177,450560,9.141,12.7459,0,1.83499,0,1,1
box_detour_turn_neg,oi_face_rot_mppi,11470,256,16,0,0,1,1,1,95,0.181881,0.192631,8.94387,0,0.654165,0.678654,1.06182,100.873,113.91,389120,5.9918,9.5406,0,1.06262,0,1,1
box_detour_turn_neg,oi_face_rot_mppi,11477,256,16,0,0,1,1,1,111,0.184576,0.121854,11.0869,0,0.591513,0.50901,1.11256,123.494,139.94,454656,6.9335,9.1928,0,1.11325,0,1,1
box_detour_turn_neg,oi_face_rot_mppi,11484,256,16,0,0,1,1,1,116,0.249666,0.0342261,8.78886,0,0.618951,0.6423,1.063,123.308,145.278,475136,6.8128,9.8364,0,1.06366,0,1,1
box_detour_turn_neg,oi_face_rot_mppi,11491,256,16,0,0,1,1,1,114,0.196056,0.0571535,9.12431,0,0.522069,0.456418,1.36942,156.113,184.042,466944,5.2537,8.9594,0,1.37008,0,1,1
box_detour_turn_neg,oi_face_rot_mppi,11498,256,16,0,0,1,1,1,126,0.239659,0.0422869,12.0591,0,0.71256,0.788505,2.13228,268.667,311.151,516096,8.1235,11.4625,0,2.13299,0,1,1
box_detour_turn_neg,oi_face_rot_mppi,11505,256,16,0,0,0,1,0,420,0.924789,0.283748,32.3583,0,0.621906,0.563966,1.46091,613.584,689.021,1720320,7.7379,15.7505,0,1.46127,0,1,0
box_detour_turn_neg,oi_face_rot_mppi,11512,256,16,0,0,1,1,1,83,0.227575,0.0900685,10.865,0,0.668724,0.62957,2.06621,171.495,195.525,339968,9.1979,10.6736,0,2.06706,0,1,1
box_detour_turn_neg,oi_face_rot_mppi,11519,256,16,0,0,1,1,1,93,0.113007,0.182134,8.38609,0,0.601043,0.538698,1.62878,151.476,166.067,380928,9.3375,13.2088,0,1.6297,0,1,1
box_detour_turn_neg,oi_face_rot_mppi,11526,256,16,0,0,1,1,1,121,0.201008,0.223159,12.5338,0,0.780318,0.862076,1.35597,164.072,187.461,495616,7.7733,14.8039,0,1.3566,0,1,1
box_detour_turn_neg,oi_face_rot_mppi,11533,256,16,0,0,1,1,1,107,0.239529,0.0278667,9.89383,0,0.656537,0.731213,1.06685,114.153,134.468,438272,5.9016,8.9425,0,1.06753,0,1,1
box_detour_turn_neg,oi_face_rot_mppi,11540,256,16,0,0,0,1,0,420,0.272642,0.0479375,44.392,0,0.598634,0.558799,1.59055,668.029,746.888,1720320,6.3914,24.6927,0,1.5909,0,1,0
box_detour_turn_neg,oi_face_rot_mppi,11547,256,16,0,0,1,1,1,64,0.230517,0.217268,7.35249,0,0.743124,0.932284,2.9691,190.022,207.316,262144,12.2313,18.3167,0,2.97005,0,1,1
box_detour_turn_neg,oi_face_rot_mppi,11554,256,16,0,0,1,1,1,117,0.150641,0.209799,13.7567,0,0.596902,0.608787,2.14063,250.454,287.299,479232,10.2835,15.8636,0,2.14125,0,1,1
box_detour_turn_neg,oi_face_rot_mppi,11561,256,16,0,0,1,1,1,121,0.238913,0.0381011,8.31601,0,0.525936,0.449365,2.02149,244.6,331.784,495616,9.3108,34.3941,0,2.02283,0,1,1
box_detour_turn_neg,oi_face_rot_mppi,11568,256,16,0,0,0,1,0,420,0.102109,0.577438,48.098,0,0.610959,0.597122,1.9672,826.222,934.422,1720320,10.4465,30.875,0,1.96761,0,1,0
box_detour_turn_neg,oi_face_rot_mppi,11575,256,16,0,0,1,1,1,320,0.240999,0.186712,39.1542,0,0.817085,1.03057,1.23684,395.789,496.077,1310720,7.1251,13.7863,0,1.23728,0,1,1
box_detour_turn_neg,oi_face_rot_mppi,11582,256,16,0,0,1,1,1,98,0.199692,0.0733362,8.33146,0,0.573753,0.527362,1.03878,101.8,122.045,401408,4.8201,6.3323,0,1.03951,0,1,1
box_detour_turn_neg,oi_face_rot_mppi,11589,256,16,0,0,1,1,1,172,0.239478,0.205178,20.6911,0,0.760141,0.871178,1.5968,274.649,310.124,704512,6.9192,11.8091,0,1.59734,0,1,1
box_detour_turn_neg,oi_face_rot_mppi,11596,256,16,0,0,1,1,1,160,0.221101,0.0365582,15.2396,0,0.693873,0.782907,1.20316,192.506,231.119,655360,5.9168,8.6364,0,1.20373,0,1,1
box_detour_turn_neg,oi_face_rot_mppi,11603,256,16,0,0,1,1,1,96,0.23401,0.238231,8.06634,0,0.556531,0.524736,2.25351,216.337,250.02,393216,7.7953,14.6206,0,2.25431,0,1,1
box_detour_turn_neg,oi_face_rot_mppi,11610,256,16,0,0,1,1,1,265,0.164364,0.249629,26.8004,0,0.617548,0.584826,1.57669,417.822,454.029,1085440,8.5421,13.2144,0,1.57711,0,1,1
box_detour_turn_neg,oi_face_rot_mppi,11617,256,16,0,0,1,1,1,82,0.249609,0.227637,8.06911,0,0.645401,0.738823,0.857568,70.3206,126.558,335872,6.373,16.9336,0,0.858282,0,1,1
box_detour_turn_neg,oi_face_rot_mppi,11624,256,16,0,0,1,1,1,80,0.244971,0.116929,7.7436,0,0.669079,0.737295,1.60997,128.798,161.469,327680,8.6075,12.191,0,1.61084,0,1,1
box_detour_turn_neg,oi_face_rot_mppi,11631,256,16,0,0,1,1,1,127,0.20241,0.0246561,9.16235,0,0.610234,0.636311,1.10002,139.702,146.833,520192,6.7556,11.0155,0,1.1006,0,1,1
box_detour_turn_neg,oi_face_rot_mppi,11638,256,16,0,0,1,1,1,176,0.170775,0.185165,16.5395,0,0.553996,0.444473,1.31142,230.809,258.129,720896,6.9208,11.4342,0,1.31197,0,1,1
box_detour_turn_neg,oi_face_rot_mppi,11645,256,16,0,0,1,1,1,107,0.241705,0.0515256,8.25576,0,0.732545,0.872201,1.78037,190.5,213.635,438272,8.5261,13.1278,0,1.78098,0,1,1
box_detour_turn_neg,oi_face_rot_mppi,11652,256,16,0,0,1,1,1,93,0.0772866,0.243203,10.2827,0,0.708281,0.724069,2.25696,209.897,224.004,380928,10.2937,12.9039,0,2.25767,0,1,1
box_detour_turn_neg,oi_face_rot_mppi,11659,256,16,0,0,1,1,1,78,0.228901,0.00052011,8.46741,0,0.575258,0.543813,1.52233,118.742,123.473,319488,9.6675,13.9302,0,1.52308,0,1,1
box_detour_turn_neg,soppi_fast,11456,256,16,1,0.01,0,1,0,420,1.00332,0.102663,35.8137,0,0.330299,0.22339,6.52961,2742.44,3006.36,1720320,11.5367,17.8524,0,6.53024,0,1,0
box_detour_turn_neg,soppi_fast,11463,256,16,1,0.01,0,1,0,420,0.699997,0.104182,21.4537,0,0.365757,0.247893,5.0992,2141.67,2330.58,1720320,8.8671,14.9465,0,5.09976,0,1,0
box_detour_turn_neg,soppi_fast,11470,256,16,1,0.01,0,1,0,420,0.890972,0.152508,30.3264,0,0.355631,0.222892,4.33685,1821.48,1875.49,1720320,6.6137,10.0222,0,4.33764,0,1,0
box_detour_turn_neg,soppi_fast,11477,256,16,1,0.01,0,1,0,420,0.755118,0.162767,23.8629,0,0.339477,0.252931,5.45547,2291.3,2393.86,1720320,8.7163,24.0935,0,5.45603,0,1,0
box_detour_turn_neg,soppi_fast,11484,256,16,1,0.01,0,1,0,420,0.612844,0.076919,17.5469,0,0.350034,0.233152,5.09567,2140.18,2253.44,1720320,8.0865,15.621,0,5.09618,0,1,0
box_detour_turn_neg,soppi_fast,11491,256,16,1,0.01,0,1,0,420,0.968161,0.180697,33.9624,0,0.34831,0.229899,4.72823,1985.86,2086.56,1720320,6.7873,16.9546,0,4.72875,0,1,0
box_detour_turn_neg,soppi_fast,11498,256,16,1,0.01,0,1,0,420,1.00243,0.138106,35.5951,0,0.339486,0.223132,4.59419,1929.56,1990.8,1720320,5.491,8.1666,0,4.5947,0,1,0
box_detour_turn_neg,soppi_fast,11505,256,16,1,0.01,0,1,0,420,0.714503,0.163511,21.9745,0,0.335308,0.190637,4.52,1898.4,1948.08,1720320,4.9493,6.5086,0,4.52056,0,1,0
box_detour_turn_neg,soppi_fast,11512,256,16,1,0.01,0,1,0,420,0.857802,0.187063,28.4013,0,0.375832,0.318057,4.55711,1913.98,1957.94,1720320,4.9593,8.8067,0,4.55767,0,1,0
box_detour_turn_neg,soppi_fast,11519,256,16,1,0.01,0,1,0,420,0.89188,0.0825782,29.7368,0,0.322091,0.170228,4.55328,1912.38,1949.52,1720320,4.9473,5.0595,0,4.55375,0,1,0
box_detour_turn_neg,soppi_fast,11526,256,16,1,0.01,0,1,0,420,0.824525,0.117764,26.178,0,0.33713,0.222398,4.46839,1876.72,1933.52,1720320,5.0393,7.4054,0,4.46891,0,1,0
box_detour_turn_neg,soppi_fast,11533,256,16,1,0.01,0,1,0,420,0.628302,0.0270623,17.85,0,0.324001,0.183117,4.51729,1897.26,1948.72,1720320,4.9613,6.133,0,4.5178,0,1,0
box_detour_turn_neg,soppi_fast,11540,256,16,1,0.01,0,1,0,420,0.727645,0.0841252,23.024,0,0.355172,0.245045,3.33002,1398.61,1444.6,1720320,4.9095,5.5245,0,3.33083,0,1,0
box_detour_turn_neg,soppi_fast,11547,256,16,1,0.01,0,1,0,420,0.894757,0.0906494,29.7412,0,0.368478,0.259722,2.86223,1202.14,1249.04,1720320,3.7427,6.9035,0,2.86275,0,1,0
box_detour_turn_neg,soppi_fast,11554,256,16,1,0.01,0,1,0,420,0.717504,0.0331579,21.6112,0,0.336659,0.220818,3.97755,1670.57,1825.5,1720320,10.599,22.5133,0,3.97804,0,1,0
box_detour_turn_neg,soppi_fast,11561,256,16,1,0.01,0,1,0,420,1.00552,0.0352361,36.3823,0,0.315495,0.16229,2.83404,1190.3,1227.99,1720320,3.5118,5.5968,0,2.83452,0,1,0
box_detour_turn_neg,soppi_fast,11568,256,16,1,0.01,0,1,0,420,0.857006,0.17008,28.688,0,0.371011,0.273543,3.23086,1356.96,1435.82,1720320,5.5567,12.1033,0,3.23173,0,1,0
box_detour_turn_neg,soppi_fast,11575,256,16,1,0.01,0,1,0,420,0.620248,0.0666464,20.7217,0,0.383209,0.306555,2.88011,1209.65,1256.42,1720320,3.8096,7.2146,0,2.88108,0,1,0
box_detour_turn_neg,soppi_fast,11582,256,16,1,0.01,0,1,0,420,0.88927,0.125519,29.821,0,0.349555,0.219287,3.00446,1261.87,1323.83,1720320,4.614,10.0505,0,3.00506,0,1,0
box_detour_turn_neg,soppi_fast,11589,256,16,1,0.01,0,1,0,420,0.548052,0.147844,15.6355,0,0.364423,0.274806,2.7892,1171.47,1209.27,1720320,3.1262,5.3351,0,2.78973,0,1,0
box_detour_turn_neg,soppi_fast,11596,256,16,1,0.01,0,1,0,420,0.96902,0.0982088,33.9618,0,0.336741,0.204448,2.83539,1190.86,1229.64,1720320,3.2749,4.1063,0,2.83593,0,1,0
box_detour_turn_neg,soppi_fast,11603,256,16,1,0.01,0,1,0,420,0.850304,0.0195464,27.2401,0,0.329416,0.195114,2.80992,1180.17,1213.84,1720320,2.9525,4.2865,0,2.81047,0,1,0
box_detour_turn_neg,soppi_fast,11610,256,16,1,0.01,0,1,0,420,1.20238,0.115385,48.5349,0,0.368825,0.270424,2.84865,1196.43,1240.9,1720320,3.2926,7.4609,0,2.84922,0,1,0
box_detour_turn_neg,soppi_fast,11617,256,16,1,0.01,0,1,0,420,0.774603,0.00404239,24.8083,0,0.344848,0.213909,2.81455,1182.11,1214.04,1720320,2.9701,4.0411,0,2.81509,0,1,0
box_detour_turn_neg,soppi_fast,11624,256,16,1,0.01,0,1,0,420,0.8961,0.0691115,30.2731,0,0.346893,0.220669,2.7736,1164.91,1196.68,1720320,2.9424,3.9793,0,2.77418,0,1,0
box_detour_turn_neg,soppi_fast,11631,256,16,1,0.01,0,1,0,420,0.929557,0.0785383,31.7749,0,0.332958,0.189481,2.84365,1194.33,1231.03,1720320,3.2269,4.3655,0,2.84441,0,1,0
box_detour_turn_neg,soppi_fast,11638,256,16,1,0.01,0,1,0,420,0.679585,0.0696608,20.0434,0,0.354228,0.227043,3.45571,1451.4,1583.8,1720320,7.6494,15.9665,0,3.45632,0,1,0
box_detour_turn_neg,soppi_fast,11645,256,16,1,0.01,0,1,0,420,1.00759,0.0777202,35.9655,0,0.364146,0.279193,4.62823,1943.86,2076.01,1720320,8.9408,15.9118,0,4.62918,0,1,0
box_detour_turn_neg,soppi_fast,11652,256,16,1,0.01,0,1,0,420,1.02392,0.118226,36.853,0,0.336859,0.206789,4.06185,1705.98,1758.66,1720320,4.3133,7.5041,0,4.06242,0,1,0
box_detour_turn_neg,soppi_fast,11659,256,16,1,0.01,0,1,0,420,1.02192,0.137082,36.9907,0,0.338482,0.234669,4.07057,1709.64,1764.3,1720320,4.4101,7.9695,0,4.0712,0,1,0
box_detour_wall,diff_mppi_3,10756,256,16,3,0.01,0,1,0,420,1.54375,0.658879,80.6113,0,0.281908,0.124768,7.67258,3222.48,3270.28,1720320,8.2256,9.7692,0,7.67312,0,1,0
box_detour_wall,diff_mppi_3,10763,256,16,3,0.01,0,1,0,420,0.937573,2.11806,84.3086,0,0.289765,0.136904,7.46198,3134.03,3166.23,1720320,7.939,8.8517,0,7.46246,0,1,0
box_detour_wall,diff_mppi_3,10770,256,16,3,0.01,0,1,0,420,1.23669,0.101599,73.3099,0,0.483467,0.58858,7.6724,3222.41,3255.98,1720320,8.1772,8.8183,0,7.67285,0,1,0
box_detour_wall,diff_mppi_3,10777,256,16,3,0.01,0,1,0,420,0.482563,0.00996247,17.4191,0,0.440978,0.47566,7.69047,3230,3265.55,1720320,8.1882,8.8915,0,7.69108,0,1,0
box_detour_wall,diff_mppi_3,10784,256,16,3,0.01,0,1,0,420,0.893346,2.31037,91.9037,0,0.305041,0.156249,7.46691,3136.1,3174.93,1720320,7.9699,8.7809,0,7.46745,0,1,0
box_detour_wall,diff_mppi_3,10791,256,16,3,0.01,0,1,0,420,0.327669,0.0359248,10.7978,0,0.349027,0.223919,7.6809,3225.98,3265.23,1720320,8.1804,9.9701,0,7.68142,0,1,0
box_detour_wall,diff_mppi_3,10798,256,16,3,0.01,0,1,0,420,0.622213,0.200306,22.1038,0,0.444416,0.45591,7.6998,3233.91,3269.52,1720320,8.2302,8.8247,0,7.70028,0,1,0
box_detour_wall,diff_mppi_3,10805,256,16,3,0.01,0,1,0,420,0.49866,0.0950132,65.6679,0,0.383727,0.375302,7.57316,3180.73,3210.5,1720320,8.1384,16.2798,0,7.57355,0,1,0
box_detour_wall,diff_mppi_3,10812,256,16,3,0.01,1,1,1,60,0.249413,0.0626888,7.12769,0,1.04312,1.58707,7.70416,462.25,466.817,245760,8.263,8.8421,0,7.70512,0,1,1
box_detour_wall,diff_mppi_3,10819,256,16,3,0.01,0,1,0,420,2.29655,0.520299,164.977,0,0.290423,0.142705,7.70452,3235.9,3271,1720320,8.1796,13.3911,0,7.705,0,1,0
box_detour_wall,diff_mppi_3,10826,256,16,3,0.01,0,1,0,420,1.24786,2.05635,101.028,0,0.300343,0.153855,7.70367,3235.54,3273.64,1720320,8.1807,8.8523,0,7.70413,0,1,0
box_detour_wall,diff_mppi_3,10833,256,16,3,0.01,0,1,0,420,2.24909,1.13727,170.434,0,0.294906,0.148005,7.48193,3142.41,3171.05,1720320,7.9554,9.0055,0,7.48234,0,1,0
box_detour_wall,diff_mppi_3,10840,256,16,3,0.01,1,1,1,55,0.228455,0.075159,5.44752,0,1.03317,1.42729,7.70224,423.623,427.847,225280,8.4034,8.7702,0,7.70319,0,1,1
box_detour_wall,diff_mppi_3,10847,256,16,3,0.01,0,1,0,420,0.977902,2.75038,122.935,0,0.301909,0.149246,7.62844,3203.94,3236.18,1720320,8.1753,8.8509,0,7.62889,0,1,0
box_detour_wall,diff_mppi_3,10854,256,16,3,0.01,0,1,0,420,0.839094,1.94281,70.5558,0,0.286881,0.133473,7.42931,3120.31,3151.05,1720320,7.9305,8.815,0,7.42976,0,1,0
box_detour_wall,diff_mppi_3,10861,256,16,3,0.01,0,1,0,420,0.489909,0.892354,21.2743,0,0.304625,0.18215,7.7051,3236.14,3268.02,1720320,8.1858,8.8563,0,7.70551,0,1,0
box_detour_wall,diff_mppi_3,10868,256,16,3,0.01,0,1,0,420,1.38954,0.0739186,138.709,0,0.455743,0.472298,7.5699,3179.36,3217.74,1720320,8.1686,9.4907,0,7.57037,0,1,0
box_detour_wall,diff_mppi_3,10875,256,16,3,0.01,0,1,0,420,0.687139,0.166752,19.7787,0,0.318011,0.18023,7.76157,3259.86,3291.95,1720320,8.2872,8.8281,0,7.76196,0,1,0
box_detour_wall,diff_mppi_3,10882,256,16,3,0.01,0,1,0,420,0.94616,2.61397,112.944,0,0.329385,0.202667,7.58675,3186.44,3217.95,1720320,8.0678,9.2201,0,7.58709,0,1,0
box_detour_wall,diff_mppi_3,10889,256,16,3,0.01,0,1,0,420,2.43029,0.666444,185.455,0,0.293441,0.153217,8.23729,3459.66,3492.9,1720320,8.6867,9.2478,0,8.23767,0,1,0
box_detour_wall,diff_mppi_3,10896,256,16,3,0.01,1,1,1,51,0.244947,0.0907746,4.63583,0,0.825351,1.03332,8.33544,425.107,428.99,208896,9.0986,9.2683,0,8.33653,0,1,1
box_detour_wall,diff_mppi_3,10903,256,16,3,0.01,0,1,0,420,2.3003,0.415991,163.743,0,0.317821,0.171413,7.66749,3220.35,3254.76,1720320,8.262,15.0381,0,7.6679,0,1,0
box_detour_wall,diff_mppi_3,10910,256,16,3,0.01,1,1,1,51,0.221084,0.0634664,4.94483,0,0.786021,0.932717,8.26797,421.666,426.134,208896,8.7674,9.2699,0,8.26929,0,1,1
box_detour_wall,diff_mppi_3,10917,256,16,3,0.01,0,1,0,420,1.19473,0.0453268,48.0349,0,0.29757,0.145535,8.2978,3485.08,3517.6,1720320,8.6843,9.2468,0,8.2982,0,1,0
box_detour_wall,diff_mppi_3,10924,256,16,3,0.01,1,1,1,371,0.249404,0.0654346,40.2133,0,0.33212,0.179012,8.16114,3027.78,3054.82,1519616,8.6477,9.2139,0,8.16149,0,1,1
box_detour_wall,diff_mppi_3,10931,256,16,3,0.01,0,1,0,420,0.98492,0.149794,82.7084,0,0.471476,0.566724,8.15813,3426.41,3458.06,1720320,8.4302,9.1831,0,8.15853,0,1,0
box_detour_wall,diff_mppi_3,10938,256,16,3,0.01,1,1,1,98,0.249268,0.13598,16.0696,0,0.886453,1.36394,8.28018,811.458,818.687,401408,9.0225,9.2125,0,8.28087,0,1,1
box_detour_wall,diff_mppi_3,10945,256,16,3,0.01,0,1,0,420,0.600519,1.75073,52.182,0,0.334488,0.208704,7.58783,3186.89,3218.04,1720320,8.1522,15.4162,0,7.5882,0,1,0
box_detour_wall,diff_mppi_3,10952,256,16,3,0.01,0,1,0,420,1.07184,0.0232957,71.6254,0,0.460093,0.458173,8.27177,3474.14,3510.18,1720320,8.6559,18.4586,0,8.27219,0,1,0
box_detour_wall,diff_mppi_3,10959,256,16,3,0.01,0,1,0,420,0.70692,2.01363,67.6885,0,0.298975,0.155605,7.57797,3182.75,3214.99,1720320,8.1206,10.2255,0,7.57842,0,1,0
box_detour_wall,oi_face_auto_mppi,10756,256,16,0,0,1,1,1,312,0.218363,0.140197,23.9715,0,0.742211,0.961891,1.03895,324.151,332.728,1277952,1.1847,1.224,0,1.03918,0,1,1
box_detour_wall,oi_face_auto_mppi,10763,256,16,0,0,1,1,1,135,0.242104,0.0385293,9.52573,0,0.663615,0.7343,1.03201,139.321,142.906,552960,1.2026,1.2139,0,1.03237,0,1,1
box_detour_wall,oi_face_auto_mppi,10770,256,16,0,0,1,1,1,102,0.225547,0.0666168,8.37676,0,0.691181,0.757097,1.0514,107.243,109.679,417792,1.2069,1.2128,0,1.05182,0,1,1
box_detour_wall,oi_face_auto_mppi,10777,256,16,0,0,1,1,1,77,0.242017,0.249552,8.93874,0,0.788685,0.884511,1.03617,79.7853,81.6066,315392,1.2046,1.2122,0,1.03664,0,1,1
box_detour_wall,oi_face_auto_mppi,10784,256,16,0,0,1,1,1,114,0.245098,0.0703841,6.4172,0,0.66665,0.732235,1.03931,118.481,121.597,466944,1.2099,1.216,0,1.03966,0,1,1
box_detour_wall,oi_face_auto_mppi,10791,256,16,0,0,1,1,1,65,0.239176,0.244784,7.18948,0,0.685258,0.617416,1.03332,67.1661,69.1895,266240,1.2049,1.2515,0,1.03423,0,1,1
box_detour_wall,oi_face_auto_mppi,10798,256,16,0,0,1,1,1,95,0.239343,0.129496,8.58899,0,0.712836,0.706749,1.04427,99.206,101.781,389120,1.2089,1.2152,0,1.04466,0,1,1
box_detour_wall,oi_face_auto_mppi,10805,256,16,0,0,1,1,1,164,0.103128,0.330956,9.26681,0,0.607057,0.57288,1.03987,170.539,174.651,671744,1.1993,1.2233,0,1.04017,0,1,1
box_detour_wall,oi_face_auto_mppi,10812,256,16,0,0,1,1,1,94,0.247787,0.0674165,7.51611,0,0.663283,0.642974,1.05024,98.7229,101.016,385024,1.2087,1.2186,0,1.05061,0,1,1
box_detour_wall,oi_face_auto_mppi,10819,256,16,0,0,1,1,1,107,0.190388,0.0856259,7.29741,0,0.637513,0.632552,1.03469,110.712,114.256,438272,1.2049,1.2127,0,1.0351,0,1,1
box_detour_wall,oi_face_auto_mppi,10826,256,16,0,0,1,1,1,81,0.231813,0.113488,8.53698,0,0.701714,0.682498,1.05257,85.2579,87.3817,331776,1.2092,1.2111,0,1.05294,0,1,1
box_detour_wall,oi_face_auto_mppi,10833,256,16,0,0,1,1,1,94,0.226068,0.0877238,7.82341,0,0.687716,0.76453,0.989706,93.0324,95.3099,385024,1.2074,1.2174,0,0.990134,0,1,1
box_detour_wall,oi_face_auto_mppi,10840,256,16,0,0,0,1,0,420,0.314945,0.33191,10.9208,0,0.592198,0.550753,1.02906,432.204,444.143,1720320,1.1854,1.2657,0,1.02925,0,1,0
box_detour_wall,oi_face_auto_mppi,10847,256,16,0,0,1,1,1,95,0.241956,0.17108,7.91601,0,0.735042,0.826744,1.05231,99.9692,102.31,389120,1.2078,1.2138,0,1.05269,0,1,1
box_detour_wall,oi_face_auto_mppi,10854,256,16,0,0,1,1,1,52,0.224973,0.122319,5.0795,0,0.827686,1.06744,1.06482,55.3707,56.8678,212992,1.2091,1.2118,0,1.06537,0,1,1
box_detour_wall,oi_face_auto_mppi,10861,256,16,0,0,1,1,1,104,0.248797,0.235248,8.23612,0,0.662567,0.729347,1.05144,109.35,112.288,425984,1.1995,1.2055,0,1.0519,0,1,1
box_detour_wall,oi_face_auto_mppi,10868,256,16,0,0,1,1,1,137,0.192637,0.272934,10.5952,0,0.650871,0.642361,1.06433,145.813,149.931,561152,1.2119,1.2179,0,1.06461,0,1,1
box_detour_wall,oi_face_auto_mppi,10875,256,16,0,0,1,1,1,90,0.220555,0.191066,8.64591,0,0.557795,0.477579,1.07761,96.9849,99.1353,368640,1.2102,1.2166,0,1.078,0,1,1
box_detour_wall,oi_face_auto_mppi,10882,256,16,0,0,0,1,0,420,0.825406,1.94572,64.5583,0,0.671017,0.766774,1.04983,440.928,451.186,1720320,1.1846,1.2152,0,1.04999,0,1,0
box_detour_wall,oi_face_auto_mppi,10889,256,16,0,0,1,1,1,110,0.169384,0.274383,7.87143,0,0.628102,0.603572,1.05501,116.051,119.056,450560,1.2103,1.2238,0,1.05549,0,1,1
box_detour_wall,oi_face_auto_mppi,10896,256,16,0,0,1,1,1,114,0.223209,0.273914,6.3522,0,0.677553,0.686008,1.04869,119.55,123.506,466944,1.1978,1.2091,0,1.04912,0,1,1
box_detour_wall,oi_face_auto_mppi,10903,256,16,0,0,1,1,1,93,0.2059,0.117997,7.9231,0,0.679237,0.627932,1.04568,97.2483,100.403,380928,1.1956,1.2057,0,1.0462,0,1,1
box_detour_wall,oi_face_auto_mppi,10910,256,16,0,0,1,1,1,196,0.226711,0.2296,9.25037,0,0.63709,0.673977,1.03134,202.143,210.365,802816,1.1996,1.9807,0,1.03168,0,1,1
box_detour_wall,oi_face_auto_mppi,10917,256,16,0,0,1,1,1,134,0.19317,0.297688,11.8401,0,0.703686,0.78901,1.04977,140.669,144.168,548864,1.204,1.2123,0,1.05013,0,1,1
box_detour_wall,oi_face_auto_mppi,10924,256,16,0,0,1,1,1,114,0.224232,0.122892,6.5706,0,0.615231,0.595429,1.03898,118.444,122.234,466944,1.1967,1.2109,0,1.03947,0,1,1
box_detour_wall,oi_face_auto_mppi,10931,256,16,0,0,1,1,1,101,0.235294,0.307189,6.27143,0,0.646683,0.653302,1.04464,105.509,110.038,413696,1.1791,1.2223,0,1.04515,0,1,1
box_detour_wall,oi_face_auto_mppi,10938,256,16,0,0,1,1,1,95,0.223989,0.148582,6.15423,0,0.642404,0.642975,0.994412,94.4691,97.9835,389120,1.1868,1.2036,0,0.994943,0,1,1
box_detour_wall,oi_face_auto_mppi,10945,256,16,0,0,1,1,1,52,0.237548,0.0400733,5.13165,0,0.550167,0.409321,1.02606,53.3551,55.7675,212992,1.1983,1.1995,0,1.027,0,1,1
box_detour_wall,oi_face_auto_mppi,10952,256,16,0,0,0,1,0,420,0.167411,0.438062,10.4417,0,0.663516,0.681803,1.02754,431.567,446.459,1720320,1.1681,1.4438,0,1.02782,0,1,0
box_detour_wall,oi_face_auto_mppi,10959,256,16,0,0,1,1,1,128,0.237462,0.0150344,9.08293,0,0.666983,0.66596,1.05461,134.991,138.77,524288,1.2014,1.2116,0,1.05505,0,1,1
box_detour_wall,oi_face_rot_mppi,10756,256,16,0,0,1,1,1,81,0.248396,0.0663725,8.17614,0,0.65107,0.692344,1.06935,86.6177,89.5909,331776,1.2068,1.2153,0,1.06991,0,1,1
box_detour_wall,oi_face_rot_mppi,10763,256,16,0,0,1,1,1,147,0.238432,0.0127224,9.63425,0,0.668789,0.739371,1.03623,152.325,157.872,602112,1.2031,1.2122,0,1.03666,0,1,1
box_detour_wall,oi_face_rot_mppi,10770,256,16,0,0,1,1,1,100,0.217618,0.172385,8.47043,0,0.682395,0.779919,1.04634,104.634,108.052,409600,1.2028,1.2116,0,1.04687,0,1,1
box_detour_wall,oi_face_rot_mppi,10777,256,16,0,0,1,1,1,102,0.236466,0.0525182,9.45245,0,0.717675,0.760942,1.04574,106.665,109.922,417792,1.1919,1.214,0,1.04623,0,1,1
box_detour_wall,oi_face_rot_mppi,10784,256,16,0,0,1,1,1,97,0.245209,0.126018,6.28381,0,0.713341,0.799134,1.0597,102.791,105.605,397312,1.2084,1.2149,0,1.06011,0,1,1
box_detour_wall,oi_face_rot_mppi,10791,256,16,0,0,1,1,1,68,0.214555,0.205855,7.23338,0,0.672254,0.604631,1.05202,71.5371,73.4638,278528,1.1922,1.22,0,1.05247,0,1,1
box_detour_wall,oi_face_rot_mppi,10798,256,16,0,0,1,1,1,117,0.212241,0.0906283,9.06501,0,0.654935,0.640519,1.05228,123.116,126.035,479232,1.2091,1.2151,0,1.05266,0,1,1
box_detour_wall,oi_face_rot_mppi,10805,256,16,0,0,1,1,1,67,0.239382,0.11766,6.38777,0,0.630202,0.573855,1.04441,69.9754,73.1383,274432,1.1782,1.1925,0,1.04499,0,1,1
box_detour_wall,oi_face_rot_mppi,10812,256,16,0,0,1,1,1,116,0.181869,0.284499,7.84873,0,0.641476,0.582174,1.05835,122.769,126.326,475136,1.2048,1.2218,0,1.05878,0,1,1
box_detour_wall,oi_face_rot_mppi,10819,256,16,0,0,1,1,1,91,0.244208,0.20351,7.10249,0,0.590599,0.554789,1.05305,95.8273,98.5512,372736,1.2043,1.2135,0,1.05353,0,1,1
box_detour_wall,oi_face_rot_mppi,10826,256,16,0,0,1,1,1,108,0.243182,0.226936,9.06798,0,0.687433,0.698068,1.05433,113.868,117.313,442368,1.2023,1.2167,0,1.0548,0,1,1
box_detour_wall,oi_face_rot_mppi,10833,256,16,0,0,1,1,1,96,0.219606,0.00741497,7.88823,0,0.673739,0.752643,1.0642,102.163,105.038,393216,1.2083,1.2169,0,1.06468,0,1,1
box_detour_wall,oi_face_rot_mppi,10840,256,16,0,0,1,1,1,83,0.249935,0.0425207,6.43107,0,0.591472,0.633924,1.04717,86.9153,89.3497,339968,1.2089,1.2204,0,1.0477,0,1,1
box_detour_wall,oi_face_rot_mppi,10847,256,16,0,0,1,1,1,105,0.249398,0.170768,8.01961,0,0.684629,0.727993,1.05474,110.748,114.031,430080,1.1961,1.2105,0,1.05523,0,1,1
box_detour_wall,oi_face_rot_mppi,10854,256,16,0,0,1,1,1,52,0.224973,0.122319,5.0795,0,0.827686,1.06744,1.06465,55.362,56.6452,212992,1.2125,1.2172,0,1.06564,0,1,1
box_detour_wall,oi_face_rot_mppi,10861,256,16,0,0,1,1,1,125,0.248744,0.330261,8.54992,0,0.626006,0.650332,1.00261,125.327,128.517,512000,1.1978,1.2125,0,1.00298,0,1,1
box_detour_wall,oi_face_rot_mppi,10868,256,16,0,0,1,1,1,143,0.249954,0.287644,10.645,0,0.6247,0.597004,1.04029,148.762,152.383,585728,1.2081,1.2427,0,1.04064,0,1,1
box_detour_wall,oi_face_rot_mppi,10875,256,16,0,0,1,1,1,125,0.248679,0.312541,9.36445,0,0.571162,0.499476,1.05257,131.572,134.642,512000,1.2082,1.2158,0,1.05291,0,1,1
box_detour_wall,oi_face_rot_mppi,10882,256,16,0,0,1,1,1,150,0.20964,0.18637,17.7292,0,0.882596,1.28367,1.03882,155.823,159.864,614400,1.2056,1.2244,0,1.03914,0,1,1
box_detour_wall,oi_face_rot_mppi,10889,256,16,0,0,1,1,1,115,0.22897,0.183231,7.83758,0,0.639442,0.623996,0.975091,112.136,115.311,471040,1.1864,1.2311,0,0.975503,0,1,1
box_detour_wall,oi_face_rot_mppi,10896,256,16,0,0,1,1,1,113,0.247521,0.317801,6.34863,0,0.667039,0.683326,1.0467,118.278,120.993,462848,1.2113,1.2175,0,1.04701,0,1,1
box_detour_wall,oi_face_rot_mppi,10903,256,16,0,0,1,1,1,155,0.218069,0.0203815,9.78825,0,0.710416,0.791771,1.0243,158.767,163.52,634880,1.2083,1.2177,0,1.02464,0,1,1
box_detour_wall,oi_face_rot_mppi,10910,256,16,0,0,1,1,1,98,0.233521,0.0301771,7.84105,0,0.684079,0.728497,1.03419,101.351,104.509,401408,1.2041,1.219,0,1.03466,0,1,1
box_detour_wall,oi_face_rot_mppi,10917,256,16,0,0,1,1,1,126,0.244039,0.148211,11.6915,0,0.717937,0.80459,0.996793,125.596,130.541,516096,1.1974,1.2198,0,0.99725,0,1,1
box_detour_wall,oi_face_rot_mppi,10924,256,16,0,0,1,1,1,63,0.24911,0.248954,5.66815,0,0.647977,0.623226,1.01378,63.8682,66.5146,258048,1.1999,1.2052,0,1.01446,0,1,1
box_detour_wall,oi_face_rot_mppi,10931,256,16,0,0,1,1,1,86,0.249791,0.0780316,5.91422,0,0.679077,0.706322,0.985872,84.785,88.2053,352256,1.2039,1.2328,0,0.986441,0,1,1
box_detour_wall,oi_face_rot_mppi,10938,256,16,0,0,1,1,1,76,0.24397,0.154475,5.53752,0,0.555006,0.536517,1.03068,78.3314,81.4421,311296,1.2,1.2047,0,1.03138,0,1,1
box_detour_wall,oi_face_rot_mppi,10945,256,16,0,0,1,1,1,74,0.244042,0.142905,5.36995,0,0.56784,0.469303,1.02327,75.7219,78.7015,303104,1.1984,1.2419,0,1.02388,0,1,1
box_detour_wall,oi_face_rot_mppi,10952,256,16,0,0,1,1,1,116,0.23813,0.247912,7.83055,0,0.760388,0.917612,1.04238,120.917,125.606,475136,1.1964,1.2221,0,1.04289,0,1,1
box_detour_wall,oi_face_rot_mppi,10959,256,16,0,0,1,1,1,110,0.172799,0.220599,8.70449,0,0.572194,0.526301,1.04621,115.083,119.461,450560,1.1975,2.0765,0,1.0468,0,1,1
box_detour_wall,soppi_fast,10756,256,16,1,0.01,0,1,0,420,1.19584,0.186178,64.0352,0,0.397803,0.324688,4.57313,1920.71,1948.78,1720320,4.9681,5.7498,0,4.57348,0,1,0
box_detour_wall,soppi_fast,10763,256,16,1,0.01,0,1,0,420,0.395125,0.171718,11.4838,0,0.35931,0.240876,4.5587,1914.65,1942.82,1720320,4.9488,5.7988,0,4.55904,0,1,0
box_detour_wall,soppi_fast,10770,256,16,1,0.01,0,1,0,420,0.954666,0.0654956,158.089,0,0.577563,0.771644,4.53119,1903.1,1929.57,1720320,5.0133,5.7919,0,4.53151,0,1,0
box_detour_wall,soppi_fast,10777,256,16,1,0.01,0,1,0,420,2.00653,1.86051,164.635,0,0.321125,0.205891,4.58917,1927.45,1952.28,1720320,4.9656,5.7927,0,4.58948,0,1,0
box_detour_wall,soppi_fast,10784,256,16,1,0.01,0,1,0,420,1.09177,0.0171869,108.876,0,0.492534,0.603258,4.40082,1848.34,1872.23,1720320,4.9828,5.7749,0,4.40113,0,1,0
box_detour_wall,soppi_fast,10791,256,16,1,0.01,0,1,0,420,1.98826,2.1978,178.974,0,0.295281,0.132014,4.44705,1867.76,1897.8,1720320,4.8544,5.7313,0,4.4474,0,1,0
box_detour_wall,soppi_fast,10798,256,16,1,0.01,1,1,1,70,0.212867,0.0608735,6.89666,0,0.835287,1.03926,4.64462,325.124,330.386,286720,5.0557,5.0942,0,4.64553,0,1,1
box_detour_wall,soppi_fast,10805,256,16,1,0.01,0,1,0,420,0.39076,0.969522,20.0519,0,0.297391,0.172542,4.60977,1936.1,1959.86,1720320,4.9715,5.3486,0,4.61008,0,1,0
box_detour_wall,soppi_fast,10812,256,16,1,0.01,0,1,0,420,1.20141,0.17249,105.977,0,0.427612,0.436911,4.50537,1892.26,1919.4,1720320,4.9938,5.2976,0,4.5057,0,1,0
box_detour_wall,soppi_fast,10819,256,16,1,0.01,0,1,0,420,1.05342,0.131671,58.3537,0,0.469256,0.54425,4.57848,1922.96,1950.59,1720320,4.9928,5.9775,0,4.5788,0,1,0
box_detour_wall,soppi_fast,10826,256,16,1,0.01,0,1,0,420,2.46563,0.604818,189.34,0,0.303287,0.151899,4.57523,1921.6,1954.13,1720320,4.9439,5.5958,0,4.57564,0,1,0
box_detour_wall,soppi_fast,10833,256,16,1,0.01,0,1,0,420,0.373556,0.0550759,58.0313,0,0.408567,0.388663,4.44709,1867.78,1900.25,1720320,4.9372,5.6488,0,4.44751,0,1,0
box_detour_wall,soppi_fast,10840,256,16,1,0.01,0,1,0,420,2.83727,2.78848,330.363,0,0.382709,0.361122,4.57364,1920.93,1948.29,1720320,4.9642,5.7324,0,4.574,0,1,0
box_detour_wall,soppi_fast,10847,256,16,1,0.01,1,1,1,71,0.239675,0.0946152,7.49841,0,0.836863,0.978212,4.61206,327.456,332.482,290816,5.0744,5.1034,0,4.61281,0,1,1
box_detour_wall,soppi_fast,10854,256,16,1,0.01,0,1,0,420,0.502987,0.0898168,25.7566,0,0.465285,0.492646,4.61615,1938.78,1965.16,1720320,4.9952,5.663,0,4.61649,0,1,0
box_detour_wall,soppi_fast,10861,256,16,1,0.01,0,1,0,420,2.04956,2.40738,188.042,0,0.300171,0.161748,4.28732,1800.67,1832.31,1720320,5.0028,5.7431,0,4.28774,0,1,0
box_detour_wall,soppi_fast,10868,256,16,1,0.01,0,1,0,420,1.97618,1.73169,156.302,0,0.331394,0.196665,4.73317,1987.93,2091.17,1720320,5.7602,32.6228,0,4.73354,0,1,0
box_detour_wall,soppi_fast,10875,256,16,1,0.01,0,1,0,420,1.28261,0.122425,58.2524,0,0.403557,0.316614,6.69422,2811.57,3228.58,1720320,19.8743,36.0969,0,6.69478,0,1,0
box_detour_wall,soppi_fast,10882,256,16,1,0.01,0,1,0,420,1.34222,0.110049,96.9775,0,0.51117,0.568827,4.58302,1924.87,1985.8,1720320,6.3542,20.591,0,4.58353,0,1,0
box_detour_wall,soppi_fast,10889,256,16,1,0.01,0,1,0,420,0.458872,1.36744,33.8827,0,0.313148,0.197838,5.41747,2275.34,2505.28,1720320,11.855,24.0718,0,5.41819,0,1,0
box_detour_wall,soppi_fast,10896,256,16,1,0.01,0,1,0,420,0.487321,0.0248475,40.0559,0,0.688901,0.872236,4.65739,1956.11,1987.86,1720320,5.0958,5.7753,0,4.65777,0,1,0
box_detour_wall,soppi_fast,10903,256,16,1,0.01,0,1,0,420,0.659332,0.292665,21.6833,0,0.337315,0.208133,4.63512,1946.75,1972.66,1720320,5.079,5.8102,0,4.63544,0,1,0
box_detour_wall,soppi_fast,10910,256,16,1,0.01,0,1,0,420,0.340987,0.0583378,22.0219,0,0.475424,0.516598,4.60027,1932.11,1965.35,1720320,4.9793,6.0152,0,4.60069,0,1,0
box_detour_wall,soppi_fast,10917,256,16,1,0.01,1,1,1,69,0.237482,0.0480942,7.96832,0,0.97965,1.40697,4.67288,322.429,326.765,282624,5.2024,5.6491,0,4.67364,0,1,1
box_detour_wall,soppi_fast,10924,256,16,1,0.01,0,1,0,420,2.16207,0.894207,151.79,0,0.308893,0.178066,4.29831,1805.29,1832.29,1720320,4.8378,6.0432,0,4.29869,0,1,0
box_detour_wall,soppi_fast,10931,256,16,1,0.01,0,1,0,420,1.96043,2.05157,168.274,0,0.304613,0.163533,4.27273,1794.55,1819.01,1720320,4.8431,5.1593,0,4.27301,0,1,0
box_detour_wall,soppi_fast,10938,256,16,1,0.01,0,1,0,420,1.96775,2.10583,170.836,0,0.314201,0.17734,4.56742,1918.31,1946.95,1720320,4.9511,5.754,0,4.56783,0,1,0
box_detour_wall,soppi_fast,10945,256,16,1,0.01,1,1,1,80,0.236692,0.340922,6.89383,0,0.983365,1.24471,4.60437,368.35,373.235,327680,4.9575,5.1802,0,4.60508,0,1,1
box_detour_wall,soppi_fast,10952,256,16,1,0.01,0,1,0,420,0.350638,0.00980271,13.7362,0,0.388763,0.303208,4.52448,1900.28,1928.97,1720320,4.9625,5.4302,0,4.5248,0,1,0
box_detour_wall,soppi_fast,10959,256,16,1,0.01,1,1,1,97,0.244946,0.0745637,11.7066,0,0.669458,0.661497,3.45884,335.508,340.471,397312,5.0161,5.7885,0,3.45941,0,1,1
box_detour_wall_far,diff_mppi_3,11056,256,16,3,0.01,0,1,0,420,2.04091,2.33199,194.153,0,0.325244,0.190254,4.96066,2083.48,2108.6,1720320,5.2843,10.193,0,4.96103,0,1,0
box_detour_wall_far,diff_mppi_3,11063,256,16,3,0.01,0,1,0,420,0.962589,0.704989,198.171,0,0.45698,0.47129,5.02505,2110.52,2132.09,1720320,5.4387,6.1657,0,5.0256,0,1,0
box_detour_wall_far,diff_mppi_3,11070,256,16,3,0.01,0,1,0,420,2.05883,1.8995,172.264,0,0.333937,0.204113,5.35471,2248.98,2272.83,1720320,5.5234,6.2388,0,5.35509,0,1,0
box_detour_wall_far,diff_mppi_3,11077,256,16,3,0.01,1,1,1,64,0.238556,0.0705618,7.3456,0,1.00448,1.48439,5.3766,344.102,347.716,262144,5.9314,6.2199,0,5.37746,0,1,1
box_detour_wall_far,diff_mppi_3,11084,256,16,3,0.01,0,1,0,420,0.258208,0.0862195,15.8916,0,0.351254,0.243762,5.39211,2264.68,2284.48,1720320,5.5305,8.2012,0,5.39242,0,1,0
box_detour_wall_far,diff_mppi_3,11091,256,16,3,0.01,0,1,0,420,2.12166,0.357138,138.457,0,0.337552,0.200344,7.87878,3309.09,3345.99,1720320,8.3835,8.9722,0,7.87918,0,1,0
box_detour_wall_far,diff_mppi_3,11098,256,16,3,0.01,1,1,1,97,0.239856,0.0167285,13.9009,0,1.07472,1.76572,8.21872,797.216,804.233,397312,9.134,9.3262,0,8.21944,0,1,1
box_detour_wall_far,diff_mppi_3,11105,256,16,3,0.01,0,1,0,420,0.517658,1.47723,40.4986,0,0.330749,0.220243,7.53328,3163.98,3192.19,1720320,8.083,9.2067,0,7.53368,0,1,0
box_detour_wall_far,diff_mppi_3,11112,256,16,3,0.01,1,1,1,73,0.238033,0.101755,9.84661,0,0.954953,1.45468,7.71944,563.519,569.476,299008,8.4691,8.843,0,7.72022,0,1,1
box_detour_wall_far,diff_mppi_3,11119,256,16,3,0.01,0,1,0,420,0.965643,1.76053,70.9242,0,0.338724,0.204715,7.6856,3227.95,3262.57,1720320,8.2138,8.5895,0,7.68608,0,1,0
box_detour_wall_far,diff_mppi_3,11126,256,16,3,0.01,0,1,0,420,2.16625,0.103983,143.228,0,0.350249,0.256185,7.56898,3178.97,3211.53,1720320,8.136,8.764,0,7.56937,0,1,0
box_detour_wall_far,diff_mppi_3,11133,256,16,3,0.01,0,1,0,420,2.11057,2.07528,188.613,0,0.31188,0.174496,7.75439,3256.84,3289.51,1720320,8.2828,8.7935,0,7.75479,0,1,0
box_detour_wall_far,diff_mppi_3,11140,256,16,3,0.01,0,1,0,420,0.997973,0.248088,96.4645,0,0.512513,0.647476,7.59563,3190.17,3224.12,1720320,8.1481,10.0024,0,7.59604,0,1,0
box_detour_wall_far,diff_mppi_3,11147,256,16,3,0.01,0,1,0,420,1.9239,1.69089,149.203,0,0.34017,0.246407,7.45819,3132.44,3161.81,1720320,8.0443,9.1979,0,7.45857,0,1,0
box_detour_wall_far,diff_mppi_3,11154,256,16,3,0.01,0,1,0,420,0.500412,0.178586,25.6444,0,0.507654,0.599911,7.74543,3253.08,3289.87,1720320,8.2699,12.4887,0,7.74584,0,1,0
box_detour_wall_far,diff_mppi_3,11161,256,16,3,0.01,1,1,1,65,0.239788,0.133198,8.09684,0,1.11022,1.839,7.56923,492,498.253,266240,8.0903,8.244,0,7.57022,0,1,1
box_detour_wall_far,diff_mppi_3,11168,256,16,3,0.01,0,1,0,420,2.50827,0.654901,197.451,0,0.303858,0.142589,7.76527,3261.41,3292.94,1720320,8.3631,9.2526,0,7.76565,0,1,0
box_detour_wall_far,diff_mppi_3,11175,256,16,3,0.01,0,1,0,420,0.439615,1.26021,30.9317,0,0.336476,0.2271,7.55662,3173.78,3202.71,1720320,8.1021,8.7127,0,7.55697,0,1,0
box_detour_wall_far,diff_mppi_3,11182,256,16,3,0.01,0,1,0,420,2.03141,1.81786,168.337,0,0.318532,0.23104,7.49907,3149.61,3180.43,1720320,8.0319,9.0407,0,7.49944,0,1,0
box_detour_wall_far,diff_mppi_3,11189,256,16,3,0.01,0,1,0,420,1.31713,1.05467,72.2984,0,0.338672,0.226212,7.6066,3194.77,3228.79,1720320,8.188,9.2625,0,7.60699,0,1,0
box_detour_wall_far,diff_mppi_3,11196,256,16,3,0.01,1,1,1,255,0.234512,0.0270141,59.3228,0,0.513241,0.535698,8.19613,2090.01,2111.69,1044480,8.5834,9.2567,0,8.19665,0,1,1
box_detour_wall_far,diff_mppi_3,11203,256,16,3,0.01,0,1,0,420,0.760909,0.0630814,24.8531,0,0.327669,0.219483,8.22337,3453.82,3490.2,1720320,8.4325,9.232,0,8.22379,0,1,0
box_detour_wall_far,diff_mppi_3,11210,256,16,3,0.01,1,1,1,66,0.219884,0.0101288,8.90868,0,1.02077,1.53744,8.20412,541.472,546.61,270336,8.9967,9.3992,0,8.20527,0,1,1
box_detour_wall_far,diff_mppi_3,11217,256,16,3,0.01,1,1,1,50,0.249208,0.0402441,6.76169,0,1.04962,1.76691,8.17303,408.652,412.324,204800,8.3242,9.1992,0,8.17405,0,1,1
box_detour_wall_far,diff_mppi_3,11224,256,16,3,0.01,0,1,0,420,2.22657,2.03171,196.857,0,0.361729,0.245036,7.62806,3203.79,3240.57,1720320,8.2048,9.2014,0,7.62844,0,1,0
box_detour_wall_far,diff_mppi_3,11231,256,16,3,0.01,0,1,0,420,1.99879,1.36407,147.446,0,0.318925,0.213212,8.24808,3464.19,3497.26,1720320,8.658,9.2197,0,8.24844,0,1,0
box_detour_wall_far,diff_mppi_3,11238,256,16,3,0.01,1,1,1,54,0.240277,0.0681715,7.19658,0,1.15675,2.10634,8.30804,448.634,452.385,221184,9.1487,9.1767,0,8.30888,0,1,1
box_detour_wall_far,diff_mppi_3,11245,256,16,3,0.01,0,1,0,420,0.838899,1.99742,74.5178,0,0.337518,0.242273,7.60315,3193.32,3231.51,1720320,8.1517,9.1629,0,7.60354,0,1,0
box_detour_wall_far,diff_mppi_3,11252,256,16,3,0.01,0,1,0,420,2.09398,0.262143,135.863,0,0.307266,0.157718,7.59134,3188.36,3230.62,1720320,8.2501,10.7853,0,7.59178,0,1,0
box_detour_wall_far,diff_mppi_3,11259,256,16,3,0.01,1,1,1,52,0.237969,0.0139168,6.18824,0,0.90872,1.32552,8.22355,427.625,431.264,212992,9.0197,9.1491,0,8.22446,0,1,1
box_detour_wall_far,oi_face_auto_mppi,11056,256,16,0,0,1,1,1,104,0.246667,0.238392,9.17739,0,0.628964,0.60656,1.04255,108.425,111.061,425984,1.1972,1.2158,0,1.04295,0,1,1
box_detour_wall_far,oi_face_auto_mppi,11063,256,16,0,0,1,1,1,122,0.24973,0.233444,10.8295,0,0.64737,0.667731,1.03092,125.772,128.635,499712,1.2065,1.2177,0,1.03121,0,1,1
box_detour_wall_far,oi_face_auto_mppi,11070,256,16,0,0,1,1,1,128,0.208997,0.256362,11.3637,0,0.710538,0.792751,1.03425,132.384,136.39,524288,1.1931,1.2201,0,1.03462,0,1,1
box_detour_wall_far,oi_face_auto_mppi,11077,256,16,0,0,1,1,1,168,0.227352,0.10479,11.9692,0,0.617499,0.643329,1.02565,172.309,176.691,688128,1.1998,1.2175,0,1.02593,0,1,1
box_detour_wall_far,oi_face_auto_mppi,11084,256,16,0,0,1,1,1,62,0.222971,0.0543932,8.2401,0,0.753793,0.820923,1.05345,65.3139,67.0503,253952,1.2039,1.2047,0,1.0539,0,1,1
box_detour_wall_far,oi_face_auto_mppi,11091,256,16,0,0,1,1,1,101,0.244641,0.122115,8.90758,0,0.665993,0.666119,1.01335,102.348,104.942,413696,1.1956,1.2039,0,1.01369,0,1,1
box_detour_wall_far,oi_face_auto_mppi,11098,256,16,0,0,1,1,1,58,0.247163,0.105836,8.00636,0,0.85538,1.13947,0.980043,56.8425,58.8525,237568,1.1979,1.2032,0,0.980584,0,1,1
box_detour_wall_far,oi_face_auto_mppi,11105,256,16,0,0,1,1,1,66,0.230067,0.0557505,8.88748,0,0.816913,1.03621,1.03684,68.4313,70.1256,270336,1.2007,1.2161,0,1.03738,0,1,1
box_detour_wall_far,oi_face_auto_mppi,11112,256,16,0,0,1,1,1,115,0.122296,0.332675,12.6645,0,0.788883,0.978512,1.04178,119.805,122.486,471040,1.2013,1.2165,0,1.04209,0,1,1
box_detour_wall_far,oi_face_auto_mppi,11119,256,16,0,0,1,1,1,90,0.23293,0.197545,10.0657,0,0.761305,0.918587,1.03081,92.7732,95.8094,368640,1.1868,1.1988,0,1.03122,0,1,1
box_detour_wall_far,oi_face_auto_mppi,11126,256,16,0,0,1,1,1,58,0.243807,0.0135417,7.97052,0,0.832349,0.927547,1.04451,60.5814,62.385,237568,1.2107,1.2832,0,1.04511,0,1,1
box_detour_wall_far,oi_face_auto_mppi,11133,256,16,0,0,1,1,1,80,0.249857,0.15441,10.1244,0,0.738703,0.787524,1.05021,84.0168,86.3044,327680,1.2131,1.2183,0,1.05065,0,1,1
box_detour_wall_far,oi_face_auto_mppi,11140,256,16,0,0,1,1,1,101,0.248351,0.128095,8.65072,0,0.680086,0.668327,1.02353,103.377,106.456,413696,1.172,1.1962,0,1.02401,0,1,1
box_detour_wall_far,oi_face_auto_mppi,11147,256,16,0,0,1,1,1,97,0.216471,0.0947945,10.1989,0,0.754186,0.943655,1.06262,103.074,105.629,397312,1.2071,1.2163,0,1.06307,0,1,1
box_detour_wall_far,oi_face_auto_mppi,11154,256,16,0,0,1,1,1,140,0.126491,0.333196,13.7861,0,0.614285,0.566327,1.03636,145.091,149.078,573440,1.1937,1.2168,0,1.0367,0,1,1
box_detour_wall_far,oi_face_auto_mppi,11161,256,16,0,0,1,1,1,117,0.246898,0.210029,12.5119,0,0.66836,0.718306,1.03282,120.84,124.126,479232,1.2129,1.2278,0,1.03315,0,1,1
box_detour_wall_far,oi_face_auto_mppi,11168,256,16,0,0,1,1,1,71,0.246626,0.00887525,8.16568,0,0.679605,0.752079,1.01933,72.3724,74.6219,290816,1.1906,1.2094,0,1.01984,0,1,1
box_detour_wall_far,oi_face_auto_mppi,11175,256,16,0,0,1,1,1,109,0.225736,0.0371227,8.90287,0,0.715002,0.953009,1.03166,112.451,115.246,446464,1.1691,1.1938,0,1.03203,0,1,1
box_detour_wall_far,oi_face_auto_mppi,11182,256,16,0,0,1,1,1,92,0.239285,0.0382101,8.86242,0,0.761914,0.929787,1.04008,95.6877,98.6666,376832,1.1976,1.24,0,1.04057,0,1,1
box_detour_wall_far,oi_face_auto_mppi,11189,256,16,0,0,1,1,1,148,0.206196,0.308466,13.5517,0,0.705866,0.754065,1.04522,154.692,160.246,606208,1.2044,1.2121,0,1.04556,0,1,1
box_detour_wall_far,oi_face_auto_mppi,11196,256,16,0,0,1,1,1,218,0.240146,0.0346417,15.8893,0,0.706447,0.797226,1.00138,218.3,225.508,892928,1.1951,1.2087,0,1.00167,0,1,1
box_detour_wall_far,oi_face_auto_mppi,11203,256,16,0,0,1,1,1,186,0.174838,0.320567,14.5502,0,0.679939,0.758987,1.02954,191.495,198.11,761856,1.19,1.2031,0,1.02984,0,1,1
box_detour_wall_far,oi_face_auto_mppi,11210,256,16,0,0,1,1,1,145,0.245985,0.321478,11.8289,0,0.640176,0.675267,1.04168,151.044,155.563,593920,1.1978,1.2091,0,1.04207,0,1,1
box_detour_wall_far,oi_face_auto_mppi,11217,256,16,0,0,1,1,1,102,0.242462,0.0777953,8.81943,0,0.698523,0.843699,1.0266,104.714,107.596,417792,1.182,1.2101,0,1.0271,0,1,1
box_detour_wall_far,oi_face_auto_mppi,11224,256,16,0,0,1,1,1,99,0.235623,0.302573,8.18684,0,0.638493,0.614953,0.997342,98.7369,101.386,405504,1.2003,1.2047,0,0.997731,0,1,1
box_detour_wall_far,oi_face_auto_mppi,11231,256,16,0,0,0,1,0,420,0.276336,0.360131,12.4154,0,0.607225,0.547044,1.03304,433.875,446.615,1720320,1.1688,1.3826,0,1.03324,0,1,0
box_detour_wall_far,oi_face_auto_mppi,11238,256,16,0,0,1,1,1,109,0.242731,0.0853772,11.6688,0,0.686766,0.681553,1.02724,111.969,115.269,446464,1.1981,1.2146,0,1.0276,0,1,1
box_detour_wall_far,oi_face_auto_mppi,11245,256,16,0,0,0,1,0,420,0.171905,0.443012,15.8148,0,0.64617,0.66097,1.0216,429.071,440.719,1720320,1.1824,1.225,0,1.0218,0,1,0
box_detour_wall_far,oi_face_auto_mppi,11252,256,16,0,0,1,1,1,62,0.231134,0.128171,9.0675,0,1.0112,1.56388,1.04763,64.9533,66.9629,253952,1.1995,1.2078,0,1.04822,0,1,1
box_detour_wall_far,oi_face_auto_mppi,11259,256,16,0,0,1,1,1,121,0.237035,0.16419,16.0947,0,0.885614,1.19989,1.05169,127.254,132.815,495616,1.2095,3.2037,0,1.05214,0,1,1
box_detour_wall_far,oi_face_rot_mppi,11056,256,16,0,0,1,1,1,112,0.245531,0.0069635,9.48692,0,0.639471,0.63044,1.0252,114.822,120.039,458752,1.1852,1.2097,0,1.02574,0,1,1
box_detour_wall_far,oi_face_rot_mppi,11063,256,16,0,0,1,1,1,111,0.233004,0.130914,10.7579,0,0.642479,0.621115,1.02855,114.169,119.066,454656,1.1805,1.2025,0,1.02912,0,1,1
box_detour_wall_far,oi_face_rot_mppi,11070,256,16,0,0,1,1,1,116,0.244653,0.201423,10.97,0,0.721392,0.74795,0.904787,104.955,110.977,475136,1.1867,1.2342,0,0.905518,0,1,1
box_detour_wall_far,oi_face_rot_mppi,11077,256,16,0,0,1,1,1,115,0.228743,0.233132,10.8575,0,0.681807,0.779855,1.02114,117.431,122.445,471040,1.183,1.2024,0,1.02168,0,1,1
box_detour_wall_far,oi_face_rot_mppi,11084,256,16,0,0,1,1,1,81,0.240152,0.0115017,8.50985,0,0.733771,0.76248,1.03816,84.0913,88.2048,331776,1.2065,2.9699,0,1.03878,0,1,1
box_detour_wall_far,oi_face_rot_mppi,11091,256,16,0,0,1,1,1,111,0.235193,0.146727,9.26137,0,0.634273,0.652658,1.04122,115.576,119.923,454656,1.1928,1.3205,0,1.04167,0,1,1
box_detour_wall_far,oi_face_rot_mppi,11098,256,16,0,0,1,1,1,60,0.227905,0.0321913,8.05329,0,0.85857,1.13957,1.02751,61.6509,63.5397,245760,1.1932,1.203,0,1.02814,0,1,1
box_detour_wall_far,oi_face_rot_mppi,11105,256,16,0,0,1,1,1,82,0.243309,0.110522,9.16459,0,0.75738,0.931931,1.03809,85.1234,88.1214,335872,1.1998,1.2111,0,1.03874,0,1,1
box_detour_wall_far,oi_face_rot_mppi,11112,256,16,0,0,1,1,1,115,0.218422,0.139304,12.3227,0,0.751601,0.906786,1.03606,119.147,123.072,471040,1.1874,1.2001,0,1.03653,0,1,1
box_detour_wall_far,oi_face_rot_mppi,11119,256,16,0,0,1,1,1,105,0.247477,0.061814,10.3824,0,0.753178,0.884656,1.00458,105.481,108.598,430080,1.1827,1.2059,0,1.00504,0,1,1
box_detour_wall_far,oi_face_rot_mppi,11126,256,16,0,0,1,1,1,58,0.243807,0.0135417,7.97052,0,0.832349,0.927547,1.04832,60.8026,62.0283,237568,1.2143,1.2177,0,1.04877,0,1,1
box_detour_wall_far,oi_face_rot_mppi,11133,256,16,0,0,1,1,1,84,0.24935,0.161094,10.1429,0,0.724748,0.766224,1.05054,88.2453,90.415,344064,1.2104,1.2158,0,1.05098,0,1,1
box_detour_wall_far,oi_face_rot_mppi,11140,256,16,0,0,1,1,1,100,0.248893,0.206358,8.64898,0,0.689127,0.683124,1.03206,103.206,105.92,409600,1.1784,1.2062,0,1.03248,0,1,1
box_detour_wall_far,oi_face_rot_mppi,11147,256,16,0,0,1,1,1,121,0.23389,0.111157,10.2859,0,0.743585,0.937574,1.05513,127.671,130.775,495616,1.2013,1.2088,0,1.05552,0,1,1
box_detour_wall_far,oi_face_rot_mppi,11154,256,16,0,0,1,1,1,116,0.225744,0.240729,13.2344,0,0.635622,0.593375,1.05318,122.169,125.322,475136,1.2078,1.2169,0,1.05354,0,1,1
box_detour_wall_far,oi_face_rot_mppi,11161,256,16,0,0,1,1,1,130,0.247445,0.146897,12.7452,0,0.586278,0.577481,1.02594,133.372,137.022,532480,1.2074,1.2129,0,1.02627,0,1,1
box_detour_wall_far,oi_face_rot_mppi,11168,256,16,0,0,1,1,1,83,0.242852,0.16523,8.52161,0,0.716681,0.791854,1.05724,87.7507,90.1225,339968,1.1927,1.2103,0,1.05763,0,1,1
box_detour_wall_far,oi_face_rot_mppi,11175,256,16,0,0,1,1,1,58,0.235271,0.0829137,7.51176,0,0.853717,1.26086,1.04915,60.8507,62.4316,237568,1.173,1.1911,0,1.0497,0,1,1
box_detour_wall_far,oi_face_rot_mppi,11182,256,16,0,0,1,1,1,132,0.0964736,0.321374,9.72144,0,0.684376,0.770809,1.03559,136.697,141.738,540672,1.1667,1.1795,0,1.03595,0,1,1
box_detour_wall_far,oi_face_rot_mppi,11189,256,16,0,0,1,1,1,178,0.237638,0.253681,14.7162,0,0.683093,0.726351,1.05489,187.771,193.047,729088,1.1903,1.2196,0,1.05517,0,1,1
box_detour_wall_far,oi_face_rot_mppi,11196,256,16,0,0,1,1,1,189,0.231972,0.164162,15.8474,0,0.713582,0.771577,1.04838,198.143,203.534,774144,1.1988,1.2199,0,1.04862,0,1,1
box_detour_wall_far,oi_face_rot_mppi,11203,256,16,0,0,1,1,1,116,0.249774,0.195525,12.6054,0,0.738099,0.830038,1.0514,121.962,125.734,475136,1.1966,1.2059,0,1.0518,0,1,1
box_detour_wall_far,oi_face_rot_mppi,11210,256,16,0,0,1,1,1,150,0.239759,0.269631,11.883,0,0.662741,0.695051,1.04591,156.886,161.841,614400,1.2036,1.2109,0,1.04624,0,1,1
box_detour_wall_far,oi_face_rot_mppi,11217,256,16,0,0,1,1,1,100,0.225928,0.126029,8.75688,0,0.7099,0.846299,1.04797,104.797,107.261,409600,1.1775,1.2095,0,1.04836,0,1,1
box_detour_wall_far,oi_face_rot_mppi,11224,256,16,0,0,1,1,1,101,0.239615,0.0435595,8.55563,0,0.64171,0.598355,1.04623,105.669,108.544,413696,1.1939,1.2098,0,1.04661,0,1,1
box_detour_wall_far,oi_face_rot_mppi,11231,256,16,0,0,1,1,1,70,0.244431,0.0829843,8.38488,0,0.669816,0.700357,1.05639,73.9475,76.1575,286720,1.1952,1.2066,0,1.05692,0,1,1
box_detour_wall_far,oi_face_rot_mppi,11238,256,16,0,0,1,1,1,108,0.234313,0.343637,11.6034,0,0.686372,0.657846,1.04853,113.241,116.513,442368,1.2035,1.2583,0,1.04899,0,1,1
box_detour_wall_far,oi_face_rot_mppi,11245,256,16,0,0,1,1,1,131,0.245394,0.272877,12.89,0,0.661136,0.727801,1.0657,139.607,144.291,536576,1.2009,1.226,0,1.06605,0,1,1
box_detour_wall_far,oi_face_rot_mppi,11252,256,16,0,0,1,1,1,65,0.246222,0.0841701,9.15628,0,0.96007,1.47835,1.05605,68.6432,70.151,266240,1.2075,1.212,0,1.05651,0,1,1
box_detour_wall_far,oi_face_rot_mppi,11259,256,16,0,0,1,1,1,120,0.22572,0.0238626,16.0565,0,0.884247,1.19784,1.02116,122.539,125.65,491520,1.2,1.208,0,1.02151,0,1,1
box_detour_wall_far,soppi_fast,11056,256,16,1,0.01,0,1,0,420,0.729988,0.105646,25.1733,0,0.351575,0.250667,4.46666,1876,1902.51,1720320,4.955,5.1232,0,4.46698,0,1,0
box_detour_wall_far,soppi_fast,11063,256,16,1,0.01,0,1,0,420,2.46304,1.80889,476.014,0,1.16104,2.36979,4.52915,1902.24,1928.06,1720320,5.0771,5.193,0,4.52945,0,1,0
box_detour_wall_far,soppi_fast,11070,256,16,1,0.01,0,1,0,420,0.786226,0.0102236,27.0003,0,0.328616,0.189964,4.58245,1924.63,1960.67,1720320,4.9693,5.9228,0,4.58287,0,1,0
box_detour_wall_far,soppi_fast,11077,256,16,1,0.01,1,1,1,121,0.249812,0.0393128,20.8097,0,0.792927,1.06719,4.59488,555.981,565.036,495616,5.0974,5.6914,0,4.5955,0,1,1
box_detour_wall_far,soppi_fast,11084,256,16,1,0.01,1,1,1,105,0.243997,0.0425166,16.7397,0,1.13854,1.95207,4.75587,499.366,505.442,430080,5.2487,5.8252,0,4.75651,0,1,1
box_detour_wall_far,soppi_fast,11091,256,16,1,0.01,0,1,0,420,2.52063,0.624066,181.812,0,0.390699,0.312385,4.62472,1942.38,1968.39,1720320,5.0257,5.8002,0,4.62504,0,1,0
box_detour_wall_far,soppi_fast,11098,256,16,1,0.01,0,1,0,420,1.9288,1.18242,133.709,0,0.356704,0.316911,4.40485,1850.04,1876.96,1720320,4.853,5.7323,0,4.40515,0,1,0
box_detour_wall_far,soppi_fast,11105,256,16,1,0.01,0,1,0,420,1.50132,0.233579,80.9558,0,0.46956,0.470568,4.44009,1864.84,1895.63,1720320,4.9595,5.7296,0,4.44047,0,1,0
box_detour_wall_far,soppi_fast,11112,256,16,1,0.01,0,1,0,420,1.14229,0.284678,49.8593,0,0.418012,0.389569,4.64179,1949.55,1977.11,1720320,5.04,5.8159,0,4.64212,0,1,0
box_detour_wall_far,soppi_fast,11119,256,16,1,0.01,0,1,0,420,1.07377,0.0449447,77.8905,0,0.449292,0.41533,4.60315,1933.32,1960.58,1720320,4.9684,5.3761,0,4.60347,0,1,0
box_detour_wall_far,soppi_fast,11126,256,16,1,0.01,1,1,1,87,0.241585,0.0280893,12.3279,0,0.85456,1.35448,4.6945,408.422,414.228,356352,5.1655,5.7352,0,4.6951,0,1,1
box_detour_wall_far,soppi_fast,11133,256,16,1,0.01,0,1,0,420,1.92213,1.48632,138.993,0,0.333359,0.220551,4.60752,1935.16,1960.31,1720320,4.9666,5.6592,0,4.60785,0,1,0
box_detour_wall_far,soppi_fast,11140,256,16,1,0.01,0,1,0,420,2.13006,2.18109,195.668,0,0.317075,0.190451,4.25106,1785.45,1815.4,1720320,4.8346,7.178,0,4.25141,0,1,0
box_detour_wall_far,soppi_fast,11147,256,16,1,0.01,1,1,1,97,0.244936,0.0213695,11.7434,0,0.657064,0.859957,4.84648,470.108,479.436,397312,5.7291,5.7475,0,4.8473,0,1,1
box_detour_wall_far,soppi_fast,11154,256,16,1,0.01,0,1,0,420,1.4515,0.521582,73.4679,0,0.342953,0.227438,4.35559,1829.35,1860.71,1720320,4.8416,5.731,0,4.35598,0,1,0
box_detour_wall_far,soppi_fast,11161,256,16,1,0.01,1,1,1,139,0.244466,0.0872396,19.6953,0,0.770423,1.03448,4.68906,651.779,660.698,569344,5.1759,5.7763,0,4.68958,0,1,1
box_detour_wall_far,soppi_fast,11168,256,16,1,0.01,0,1,0,420,1.53847,0.247161,151.179,0,0.551496,0.715808,4.50102,1890.43,1916.28,1720320,4.967,5.7742,0,4.50132,0,1,0
box_detour_wall_far,soppi_fast,11175,256,16,1,0.01,0,1,0,420,1.36176,0.0199512,62.1983,0,0.422517,0.406979,4.62692,1943.31,1969.29,1720320,5.0037,5.7836,0,4.62725,0,1,0
box_detour_wall_far,soppi_fast,11182,256,16,1,0.01,0,1,0,420,2.0603,1.72653,166.222,0,0.320124,0.209354,4.33075,1818.91,1850.2,1720320,4.8497,8.3164,0,4.33115,0,1,0
box_detour_wall_far,soppi_fast,11189,256,16,1,0.01,0,1,0,420,2.02853,2.02722,149.243,0,0.556242,0.66177,4.65552,1955.32,1980.62,1720320,5.0784,5.7928,0,4.65583,0,1,0
box_detour_wall_far,soppi_fast,11196,256,16,1,0.01,1,1,1,79,0.238081,0.0224036,11.0961,0,0.910923,1.31882,4.66146,368.255,373.902,323584,5.0526,5.1195,0,4.66219,0,1,1
box_detour_wall_far,soppi_fast,11203,256,16,1,0.01,0,1,0,420,0.275013,0.83373,18.8394,0,0.333947,0.2356,4.82706,2027.36,2050.32,1720320,5.3695,14.5023,0,4.82741,0,1,0
box_detour_wall_far,soppi_fast,11210,256,16,1,0.01,0,1,0,420,0.509718,1.3878,37.6162,0,0.341997,0.254379,4.57101,1919.82,1940.84,1720320,5.2161,5.6303,0,4.57134,0,1,0
box_detour_wall_far,soppi_fast,11217,256,16,1,0.01,0,1,0,420,0.286371,0.0946456,16.0986,0,0.488436,0.56086,4.66,1957.2,1990.29,1720320,5.2587,6.565,0,4.66047,0,1,0
box_detour_wall_far,soppi_fast,11224,256,16,1,0.01,0,1,0,420,1.79284,1.25849,120.677,0,0.330684,0.209498,4.62016,1940.47,1964.73,1720320,5.1459,6.1147,0,4.62054,0,1,0
box_detour_wall_far,soppi_fast,11231,256,16,1,0.01,1,1,1,302,0.237636,0.0104581,70.309,0,0.485479,0.52668,4.77552,1442.21,1458.34,1236992,5.301,6.229,0,4.7759,0,1,1
box_detour_wall_far,soppi_fast,11238,256,16,1,0.01,0,1,0,420,1.00115,0.0938369,65.027,0,0.47401,0.505109,4.81683,2023.07,2045.65,1720320,5.3313,5.7607,0,4.81725,0,1,0
box_detour_wall_far,soppi_fast,11245,256,16,1,0.01,0,1,0,420,1.85223,1.40926,110.53,0,0.515969,0.582914,4.82125,2024.92,2054.19,1720320,5.3436,6.0437,0,4.82167,0,1,0
box_detour_wall_far,soppi_fast,11252,256,16,1,0.01,0,1,0,420,1.11917,0.0269713,62.6785,0,0.468767,0.484857,4.83089,2028.97,2050.4,1720320,5.3483,5.8493,0,4.83123,0,1,0
box_detour_wall_far,soppi_fast,11259,256,16,1,0.01,1,1,1,114,0.241338,0.0311684,15.6695,0,1.01306,1.46526,4.85473,553.439,559.566,466944,5.4992,6.061,0,4.85538,0,1,1
box_detour_wall_left,diff_mppi_3,10956,256,16,3,0.01,1,1,1,46,0.236673,0.0862138,4.33858,0,0.819285,1.0405,8.50406,391.187,394.252,188416,8.9875,9.0888,0,8.50513,0,1,1
box_detour_wall_left,diff_mppi_3,10963,256,16,3,0.01,1,1,1,75,0.234141,0.131157,9.60355,0,0.969496,1.35979,8.55354,641.516,645.978,307200,9.5808,9.867,0,8.55436,0,1,1
box_detour_wall_left,diff_mppi_3,10970,256,16,3,0.01,0,1,0,420,0.840924,0.2436,26.6996,0,0.318711,0.17154,8.48105,3562.04,3590.76,1720320,8.874,9.7316,0,8.48145,0,1,0
box_detour_wall_left,diff_mppi_3,10977,256,16,3,0.01,0,1,0,420,1.94386,2.35597,182.929,0,0.321141,0.189981,8.06611,3387.77,3418.65,1720320,8.7869,9.73,0,8.06655,0,1,0
box_detour_wall_left,diff_mppi_3,10984,256,16,3,0.01,0,1,0,420,0.558275,0.0262489,113.417,0,0.455922,0.544183,8.54674,3589.63,3617.92,1720320,9.019,9.8033,0,8.54712,0,1,0
box_detour_wall_left,diff_mppi_3,10991,256,16,3,0.01,0,1,0,420,1.93052,2.48982,190.055,0,0.316523,0.163683,7.69418,3231.56,3266.17,1720320,8.7056,9.6908,0,7.69464,0,1,0
box_detour_wall_left,diff_mppi_3,10998,256,16,3,0.01,1,1,1,155,0.246302,0.0471118,19.4259,0,0.461809,0.375097,5.26631,816.279,824.377,634880,5.7757,6.3678,0,5.2669,0,1,1
box_detour_wall_left,diff_mppi_3,11005,256,16,3,0.01,0,1,0,420,0.628595,1.74158,52.3558,0,0.30681,0.160966,5.14187,2159.59,2185.84,1720320,5.6344,6.5804,0,5.14235,0,1,0
box_detour_wall_left,diff_mppi_3,11012,256,16,3,0.01,0,1,0,420,2.23567,0.82294,161.781,0,0.321117,0.192723,5.09733,2140.88,2164.97,1720320,5.6393,6.6061,0,5.09774,0,1,0
box_detour_wall_left,diff_mppi_3,11019,256,16,3,0.01,1,1,1,61,0.241868,0.171921,6.64737,0,0.952779,1.29768,5.41792,330.493,334.506,249856,5.9873,6.5825,0,5.41902,0,1,1
box_detour_wall_left,diff_mppi_3,11026,256,16,3,0.01,0,1,0,420,1.93358,2.14598,170.82,0,0.310965,0.16589,5.45871,2292.66,2324.06,1720320,5.8366,6.9651,0,5.45935,0,1,0
box_detour_wall_left,diff_mppi_3,11033,256,16,3,0.01,0,1,0,420,0.444441,1.0141,23.6777,0,0.297361,0.126283,6.32555,2656.73,2681.89,1720320,8.2032,8.4794,0,6.32594,0,1,0
box_detour_wall_left,diff_mppi_3,11040,256,16,3,0.01,0,1,0,420,2.37654,0.464519,175.24,0,0.313362,0.178454,7.79668,3274.61,3302.21,1720320,8.4622,9.0053,0,7.7971,0,1,0
box_detour_wall_left,diff_mppi_3,11047,256,16,3,0.01,1,1,1,67,0.23802,0.0404122,8.24287,0,1.08668,1.59663,8.04204,538.817,542.561,274432,9.0491,9.188,0,8.04291,0,1,1
box_detour_wall_left,diff_mppi_3,11054,256,16,3,0.01,0,1,0,420,1.02356,0.173034,107.502,0,0.441643,0.417229,8.01272,3365.34,3394.8,1720320,8.6177,9.0627,0,8.01318,0,1,0
box_detour_wall_left,diff_mppi_3,11061,256,16,3,0.01,0,1,0,420,2.18932,0.763816,154.147,0,0.305236,0.155277,7.77353,3264.88,3293.06,1720320,8.3958,9.5109,0,7.77401,0,1,0
box_detour_wall_left,diff_mppi_3,11068,256,16,3,0.01,1,1,1,193,0.247691,0.0719692,37.0881,0,0.507989,0.485953,7.84271,1513.64,1529.58,790528,8.4759,8.8921,0,7.84337,0,1,1
box_detour_wall_left,diff_mppi_3,11075,256,16,3,0.01,0,1,0,420,2.0171,2.46204,196.646,0,0.308618,0.154446,7.72233,3243.38,3275.33,1720320,8.3178,8.9094,0,7.72286,0,1,0
box_detour_wall_left,diff_mppi_3,11082,256,16,3,0.01,0,1,0,420,1.17329,0.105314,156.121,0,0.454311,0.455762,7.93825,3334.06,3365.4,1720320,8.5535,9.3336,0,7.93872,0,1,0
box_detour_wall_left,diff_mppi_3,11089,256,16,3,0.01,0,1,0,420,1.868,2.06758,159.122,0,0.313376,0.162531,7.98103,3352.03,3380.46,1720320,8.674,9.0159,0,7.98149,0,1,0
box_detour_wall_left,diff_mppi_3,11096,256,16,3,0.01,1,1,1,67,0.249839,0.138394,6.09544,0,0.848096,1.10363,7.97114,534.067,538.641,274432,8.7238,9.2847,0,7.97215,0,1,1
box_detour_wall_left,diff_mppi_3,11103,256,16,3,0.01,0,1,0,420,0.889707,0.0419609,43.625,0,0.445128,0.442653,8.03094,3372.99,3400.21,1720320,8.6449,9.326,0,8.03135,0,1,0
box_detour_wall_left,diff_mppi_3,11110,256,16,3,0.01,0,1,0,420,1.10439,0.0232283,77.3858,0,0.462277,0.501671,8.01823,3367.66,3394.79,1720320,8.5476,9.1852,0,8.01863,0,1,0
box_detour_wall_left,diff_mppi_3,11117,256,16,3,0.01,0,1,0,420,2.41752,0.836691,175.464,0,0.313162,0.157469,7.85084,3297.35,3329.08,1720320,8.888,9.9551,0,7.85133,0,1,0
box_detour_wall_left,diff_mppi_3,11124,256,16,3,0.01,0,1,0,420,2.27706,0.582493,161.244,0,0.309452,0.177388,8.44193,3545.61,3575.64,1720320,8.6645,9.2629,0,8.44266,0,1,0
box_detour_wall_left,diff_mppi_3,11131,256,16,3,0.01,0,1,0,420,1.38743,0.174252,71.1324,0,0.451325,0.468331,8.5188,3577.89,3605.59,1720320,8.9654,9.6693,0,8.51923,0,1,0
box_detour_wall_left,diff_mppi_3,11138,256,16,3,0.01,0,1,0,420,0.954708,0.0152073,37.2196,0,0.324402,0.174855,8.57147,3600.02,3631.35,1720320,9.5453,9.7115,0,8.57194,0,1,0
box_detour_wall_left,diff_mppi_3,11145,256,16,3,0.01,1,1,1,61,0.247969,0.153236,6.67723,0,0.965519,1.39736,8.3663,510.344,514.537,249856,8.9512,9.4744,0,8.36735,0,1,1
box_detour_wall_left,diff_mppi_3,11152,256,16,3,0.01,0,1,0,420,0.847265,0.0445277,27.7074,0,0.319056,0.198284,8.49422,3567.57,3599.89,1720320,9.053,9.5778,0,8.49474,0,1,0
box_detour_wall_left,diff_mppi_3,11159,256,16,3,0.01,0,1,0,420,0.478305,0.067077,42.4431,0,0.358429,0.261935,8.36692,3514.11,3546.81,1720320,8.609,18.6214,0,8.3674,0,1,0
box_detour_wall_left,oi_face_auto_mppi,10956,256,16,0,0,1,1,1,117,0.243101,0.262603,9.34897,0,0.683541,0.733944,1.06792,124.947,129.035,479232,1.2517,1.2887,0,1.06843,0,1,1
box_detour_wall_left,oi_face_auto_mppi,10963,256,16,0,0,1,1,1,146,0.247912,0.204372,6.71274,0,0.527568,0.450819,1.05149,153.518,159.515,598016,1.2426,1.2884,0,1.052,0,1,1
box_detour_wall_left,oi_face_auto_mppi,10970,256,16,0,0,1,1,1,56,0.229029,0.13898,5.69606,0,0.765599,0.902806,1.02073,57.1608,59.2181,229376,1.2762,1.2879,0,1.02145,0,1,1
box_detour_wall_left,oi_face_auto_mppi,10977,256,16,0,0,1,1,1,57,0.223682,0.131558,5.74591,0,0.700956,0.780502,1.06478,60.6923,62.8286,233472,1.2911,1.5587,0,1.06554,0,1,1
box_detour_wall_left,oi_face_auto_mppi,10984,256,16,0,0,1,1,1,93,0.23414,0.120156,7.42972,0,0.679646,0.73936,1.07254,99.7466,103.054,380928,1.2696,1.371,0,1.07307,0,1,1
box_detour_wall_left,oi_face_auto_mppi,10991,256,16,0,0,1,1,1,113,0.232059,0.0778717,6.34236,0,0.754111,0.910893,1.08427,122.523,127.099,462848,1.2695,1.3032,0,1.08476,0,1,1
box_detour_wall_left,oi_face_auto_mppi,10998,256,16,0,0,1,1,1,55,0.234044,0.199806,5.69735,0,0.758333,0.855292,1.09203,60.0618,61.9107,225280,1.2829,1.2961,0,1.09275,0,1,1
box_detour_wall_left,oi_face_auto_mppi,11005,256,16,0,0,1,1,1,135,0.215134,0.274444,7.7459,0,0.663516,0.739359,1.05842,142.887,149.553,552960,1.2416,1.2682,0,1.05893,0,1,1
box_detour_wall_left,oi_face_auto_mppi,11012,256,16,0,0,1,1,1,103,0.246764,0.16395,6.77568,0,0.739704,0.944743,1.07827,111.062,114.45,421888,1.2565,1.2947,0,1.07884,0,1,1
box_detour_wall_left,oi_face_auto_mppi,11019,256,16,0,0,1,1,1,128,0.249738,0.116023,11.0809,0,0.635719,0.632512,1.05872,135.516,139.911,524288,1.2874,1.2975,0,1.05921,0,1,1
box_detour_wall_left,oi_face_auto_mppi,11026,256,16,0,0,1,1,1,113,0.160587,0.288291,8.89655,0,0.659148,0.744575,1.05819,119.576,123.796,462848,1.2676,1.2957,0,1.05871,0,1,1
box_detour_wall_left,oi_face_auto_mppi,11033,256,16,0,0,1,1,1,71,0.22655,0.204654,6.96401,0,0.645583,0.725624,1.08047,76.7133,79.0763,290816,1.2762,1.2959,0,1.08121,0,1,1
box_detour_wall_left,oi_face_auto_mppi,11040,256,16,0,0,1,1,1,259,0.245779,0.011313,25.2402,0,0.703134,0.791487,1.07418,278.211,286.653,1060864,1.2841,1.2972,0,1.07449,0,1,1
box_detour_wall_left,oi_face_auto_mppi,11047,256,16,0,0,1,1,1,77,0.248899,0.113138,7.49961,0,0.723699,0.746403,1.08544,83.5788,85.8414,315392,1.2879,1.2928,0,1.086,0,1,1
box_detour_wall_left,oi_face_auto_mppi,11054,256,16,0,0,1,1,1,109,0.207579,0.0956548,6.3955,0,0.687744,0.814709,1.01402,110.528,114.25,446464,1.2426,1.2575,0,1.01457,0,1,1
box_detour_wall_left,oi_face_auto_mppi,11061,256,16,0,0,1,1,1,101,0.243353,0.279758,7.67289,0,0.603901,0.534289,1.08131,109.212,112.577,413696,1.2521,1.2928,0,1.08182,0,1,1
box_detour_wall_left,oi_face_auto_mppi,11068,256,16,0,0,1,1,1,124,0.197086,0.330684,6.73995,0,0.65965,0.663252,1.05549,130.881,134.838,507904,1.2506,1.2868,0,1.05598,0,1,1
box_detour_wall_left,oi_face_auto_mppi,11075,256,16,0,0,1,1,1,67,0.247686,0.0127886,8.86734,0,0.829354,1.00233,1.0321,69.1509,71.3872,274432,1.2605,1.2726,0,1.03299,0,1,1
box_detour_wall_left,oi_face_auto_mppi,11082,256,16,0,0,1,1,1,104,0.246362,0.119449,9.30387,0,0.730347,0.842299,1.03012,107.132,110.397,425984,1.2727,1.2937,0,1.03074,0,1,1
box_detour_wall_left,oi_face_auto_mppi,11089,256,16,0,0,1,1,1,104,0.247467,0.155501,9.04537,0,0.667928,0.679101,1.05968,110.207,113.294,425984,1.2405,1.2602,0,1.06022,0,1,1
box_detour_wall_left,oi_face_auto_mppi,11096,256,16,0,0,1,1,1,93,0.245073,0.112698,8.55404,0,0.770506,0.887808,1.04446,97.1348,100.029,380928,1.2494,1.2934,0,1.04495,0,1,1
box_detour_wall_left,oi_face_auto_mppi,11103,256,16,0,0,1,1,1,74,0.118178,0.348261,7.49833,0,0.896547,1.2038,1.05161,77.819,80.6613,303104,1.2793,1.302,0,1.05232,0,1,1
box_detour_wall_left,oi_face_auto_mppi,11110,256,16,0,0,1,1,1,76,0.209344,0.0206906,5.66481,0,0.737795,0.774056,1.06312,80.7969,83.2583,311296,1.2684,1.2833,0,1.06377,0,1,1
box_detour_wall_left,oi_face_auto_mppi,11117,256,16,0,0,1,1,1,121,0.228204,0.0281566,9.03933,0,0.625032,0.576872,0.918491,111.137,115.314,495616,1.2666,1.2851,0,0.918956,0,1,1
box_detour_wall_left,oi_face_auto_mppi,11124,256,16,0,0,1,1,1,101,0.154977,0.266113,6.3772,0,0.628999,0.613209,1.01478,102.493,106.11,413696,1.2417,1.2867,0,1.01533,0,1,1
box_detour_wall_left,oi_face_auto_mppi,11131,256,16,0,0,1,1,1,61,0.238704,0.0123438,6.40588,0,0.762342,0.850428,1.06804,65.1505,67.1323,249856,1.2503,1.2887,0,1.06866,0,1,1
box_detour_wall_left,oi_face_auto_mppi,11138,256,16,0,0,1,1,1,266,0.117144,0.329876,30.7217,0,0.786661,0.94443,1.08015,287.319,296.151,1089536,1.2524,1.3054,0,1.08045,0,1,1
box_detour_wall_left,oi_face_auto_mppi,11145,256,16,0,0,1,1,1,95,0.234973,0.302476,6.45662,0,0.802635,1.22713,1.12491,106.866,110.001,389120,1.2826,1.2915,0,1.12555,0,1,1
box_detour_wall_left,oi_face_auto_mppi,11152,256,16,0,0,1,1,1,112,0.211553,0.309117,8.88587,0,0.588073,0.522669,1.07381,120.266,124.164,458752,1.2695,1.2889,0,1.07429,0,1,1
box_detour_wall_left,oi_face_auto_mppi,11159,256,16,0,0,1,1,1,141,0.165982,0.323602,15.6272,0,0.791487,0.939434,1.08068,152.375,157.255,577536,1.283,1.2922,0,1.08112,0,1,1
box_detour_wall_left,oi_face_rot_mppi,10956,256,16,0,0,1,1,1,116,0.249334,0.230796,9.54337,0,0.662202,0.652567,1.06077,123.049,128.199,475136,1.2647,1.297,0,1.06134,0,1,1
box_detour_wall_left,oi_face_rot_mppi,10963,256,16,0,0,1,1,1,90,0.242318,0.0890033,5.94715,0,0.60123,0.572612,1.0798,97.1823,100.454,368640,1.2745,1.2946,0,1.08169,0,1,1
box_detour_wall_left,oi_face_rot_mppi,10970,256,16,0,0,1,1,1,57,0.229458,0.117184,5.7298,0,0.769654,0.90126,1.07027,61.0052,63.6502,233472,1.2492,1.2791,0,1.0713,0,1,1
box_detour_wall_left,oi_face_rot_mppi,10977,256,16,0,0,1,1,1,57,0.223528,0.155808,5.76105,0,0.711275,0.786883,1.0873,61.9761,63.9788,233472,1.2803,1.2934,0,1.08791,0,1,1
box_detour_wall_left,oi_face_rot_mppi,10984,256,16,0,0,1,1,1,126,0.163948,0.33059,7.67785,0,0.636594,0.673892,1.07059,134.894,139.282,516096,1.2769,1.2948,0,1.07104,0,1,1
box_detour_wall_left,oi_face_rot_mppi,10991,256,16,0,0,1,1,1,92,0.247169,0.273496,6.2305,0,0.789863,1.01621,1.07844,99.2168,102.216,376832,1.2824,1.2894,0,1.07898,0,1,1
box_detour_wall_left,oi_face_rot_mppi,10998,256,16,0,0,1,1,1,73,0.241436,0.161256,5.8811,0,0.693469,0.74565,1.08728,79.3713,81.7886,299008,1.2856,1.3023,0,1.08791,0,1,1
box_detour_wall_left,oi_face_rot_mppi,11005,256,16,0,0,1,1,1,108,0.246594,0.162229,7.63613,0,0.704886,0.829126,1.06416,114.93,119.571,442368,1.2529,1.2964,0,1.06465,0,1,1
box_detour_wall_left,oi_face_rot_mppi,11012,256,16,0,0,1,1,1,99,0.247013,0.163115,6.62989,0,0.769753,0.981224,1.08217,107.135,110.209,405504,1.2791,1.2922,0,1.08274,0,1,1
box_detour_wall_left,oi_face_rot_mppi,11019,256,16,0,0,1,1,1,144,0.241948,0.154945,10.9587,0,0.5884,0.536519,1.08314,155.972,161.046,589824,1.2783,1.2973,0,1.08359,0,1,1
box_detour_wall_left,oi_face_rot_mppi,11026,256,16,0,0,1,1,1,112,0.228098,0.197723,8.92018,0,0.647868,0.717156,1.06245,118.995,122.525,458752,1.2817,1.2899,0,1.06293,0,1,1
box_detour_wall_left,oi_face_rot_mppi,11033,256,16,0,0,1,1,1,73,0.237895,0.109757,7.03704,0,0.612461,0.689968,1.05558,77.057,79.3472,299008,1.2784,1.2858,0,1.05622,0,1,1
box_detour_wall_left,oi_face_rot_mppi,11040,256,16,0,0,1,1,1,252,0.234981,0.12254,24.8292,0,0.707584,0.786667,1.0658,268.582,276.813,1032192,1.2892,1.5006,0,1.06614,0,1,1
box_detour_wall_left,oi_face_rot_mppi,11047,256,16,0,0,1,1,1,100,0.202385,0.247244,7.77719,0,0.729782,0.772055,1.07045,107.045,110.031,409600,1.2926,1.316,0,1.07095,0,1,1
box_detour_wall_left,oi_face_rot_mppi,11054,256,16,0,0,1,1,1,92,0.249802,0.121881,6.12806,0,0.705301,0.863259,1.08979,100.261,103.469,376832,1.2758,1.2948,0,1.09032,0,1,1
box_detour_wall_left,oi_face_rot_mppi,11061,256,16,0,0,1,1,1,94,0.240484,0.0164512,7.67953,0,0.593686,0.540784,1.082,101.708,104.46,385024,1.2786,1.2998,0,1.08245,0,1,1
box_detour_wall_left,oi_face_rot_mppi,11068,256,16,0,0,1,1,1,96,0.248488,0.185184,6.10391,0,0.662023,0.662562,1.08641,104.296,107.141,393216,1.2623,1.3079,0,1.08689,0,1,1
box_detour_wall_left,oi_face_rot_mppi,11075,256,16,0,0,1,1,1,67,0.247686,0.0127886,8.86734,0,0.829354,1.00233,1.06628,71.4408,74.0547,274432,1.2495,1.2718,0,1.06696,0,1,1
box_detour_wall_left,oi_face_rot_mppi,11082,256,16,0,0,1,1,1,104,0.247196,0.195336,9.32138,0,0.702241,0.76908,0.977581,101.668,111.109,425984,1.2351,1.7078,0,0.978238,0,1,1
box_detour_wall_left,oi_face_rot_mppi,11089,256,16,0,0,1,1,1,125,0.242509,0.16052,9.09782,0,0.583745,0.514399,1.06842,133.552,137.893,512000,1.2522,1.2789,0,1.06895,0,1,1
box_detour_wall_left,oi_face_rot_mppi,11096,256,16,0,0,1,1,1,102,0.245848,0.164158,8.74327,0,0.731129,0.835263,1.0859,110.761,114.509,417792,1.2536,1.2823,0,1.08647,0,1,1
box_detour_wall_left,oi_face_rot_mppi,11103,256,16,0,0,1,1,1,144,0.228609,0.204069,10.2206,0,0.772497,0.962485,1.08178,155.777,161.606,589824,1.2621,1.325,0,1.08226,0,1,1
box_detour_wall_left,oi_face_rot_mppi,11110,256,16,0,0,1,1,1,84,0.222684,0.321896,6.02266,0,0.654119,0.632877,1.06415,89.3883,93.3817,344064,1.2718,1.2836,0,1.06475,0,1,1
box_detour_wall_left,oi_face_rot_mppi,11117,256,16,0,0,1,1,1,127,0.242885,0.0362285,9.01451,0,0.601654,0.534894,1.0587,134.455,139.643,520192,1.255,1.3056,0,1.05922,0,1,1
box_detour_wall_left,oi_face_rot_mppi,11124,256,16,0,0,1,1,1,97,0.244921,0.0355526,6.26421,0,0.613823,0.593443,1.08753,105.49,108.98,397312,1.2591,1.2859,0,1.08811,0,1,1
box_detour_wall_left,oi_face_rot_mppi,11131,256,16,0,0,1,1,1,61,0.238704,0.0123438,6.40588,0,0.762342,0.850428,1.07893,65.8146,68.1216,249856,1.2732,1.2975,0,1.07973,0,1,1
box_detour_wall_left,oi_face_rot_mppi,11138,256,16,0,0,1,1,1,110,0.244705,0.0166213,10.0324,0,0.697232,0.740513,1.06635,117.298,121.466,450560,1.2801,1.3945,0,1.06686,0,1,1
box_detour_wall_left,oi_face_rot_mppi,11145,256,16,0,0,1,1,1,96,0.242576,0.100505,6.42628,0,0.810091,1.26003,1.08804,104.452,108.355,393216,1.2516,1.2641,0,1.08863,0,1,1
box_detour_wall_left,oi_face_rot_mppi,11152,256,16,0,0,1,1,1,109,0.249796,0.236963,8.66394,0,0.589067,0.522138,1.03413,112.721,118.093,446464,1.2704,1.2865,0,1.03469,0,1,1
box_detour_wall_left,oi_face_rot_mppi,11159,256,16,0,0,1,1,1,137,0.235133,0.0157447,15.1316,0,0.785078,0.933162,1.16566,159.695,164.289,561152,1.2838,10.1623,0,1.16613,0,1,1
box_detour_wall_left,soppi_fast,10956,256,16,1,0.01,0,1,0,420,0.335411,1.14379,24.737,0,0.295514,0.142977,4.67005,1961.42,1985.1,1720320,5.2316,6.1074,0,4.67062,0,1,0
box_detour_wall_left,soppi_fast,10963,256,16,1,0.01,0,1,0,420,0.678745,0.0720429,20.1238,0,0.282639,0.126758,4.73853,1990.18,2017.05,1720320,5.2816,6.0639,0,4.73908,0,1,0
box_detour_wall_left,soppi_fast,10970,256,16,1,0.01,0,1,0,420,0.794651,0.0389842,25.2767,0,0.316263,0.150871,4.72148,1983.02,2016.41,1720320,5.1902,5.9669,0,4.72201,0,1,0
box_detour_wall_left,soppi_fast,10977,256,16,1,0.01,0,1,0,420,1.95717,2.18911,175.207,0,0.311096,0.156204,4.5725,1920.45,1960.22,1720320,5.0988,6.0868,0,4.57296,0,1,0
box_detour_wall_left,soppi_fast,10984,256,16,1,0.01,0,1,0,420,0.930971,0.117673,49.5641,0,0.482746,0.598213,4.74032,1990.93,2016.31,1720320,5.2749,5.5294,0,4.74084,0,1,0
box_detour_wall_left,soppi_fast,10991,256,16,1,0.01,0,1,0,420,2.0319,1.79229,155.625,0,0.363336,0.239355,4.64588,1951.27,1977.17,1720320,5.3081,6.142,0,4.64628,0,1,0
box_detour_wall_left,soppi_fast,10998,256,16,1,0.01,0,1,0,420,0.554067,1.57582,43.2378,0,0.307408,0.165014,4.52474,1900.39,1930.48,1720320,5.1625,5.9314,0,4.52527,0,1,0
box_detour_wall_left,soppi_fast,11005,256,16,1,0.01,0,1,0,420,1.33319,0.862298,160.374,0,0.428357,0.450438,4.70998,1978.19,2009.29,1720320,5.2073,7.7374,0,4.71067,0,1,0
box_detour_wall_left,soppi_fast,11012,256,16,1,0.01,0,1,0,420,2.38413,0.262916,172.576,0,0.3176,0.159744,4.52102,1898.83,1932.48,1720320,5.1388,6.0897,0,4.52148,0,1,0
box_detour_wall_left,soppi_fast,11019,256,16,1,0.01,0,1,0,420,1.57349,0.148521,90.5304,0,0.495278,0.588783,4.68973,1969.69,1998.62,1720320,5.2174,5.6124,0,4.69018,0,1,0
box_detour_wall_left,soppi_fast,11026,256,16,1,0.01,0,1,0,420,0.91101,0.451843,33.1865,0,0.445662,0.449315,4.55449,1912.89,1948.32,1720320,5.1221,6.3387,0,4.55495,0,1,0
box_detour_wall_left,soppi_fast,11033,256,16,1,0.01,1,1,1,71,0.247641,0.0524465,6.66784,0,0.736301,0.812509,4.69345,333.235,338.513,290816,5.2007,5.422,0,4.69447,0,1,1
box_detour_wall_left,soppi_fast,11040,256,16,1,0.01,0,1,0,420,1.05258,2.01422,85.3726,0,0.292203,0.123838,4.53774,1905.85,1946.17,1720320,5.0632,6.2271,0,4.53831,0,1,0
box_detour_wall_left,soppi_fast,11047,256,16,1,0.01,0,1,0,420,1.43741,1.2158,81.9053,0,0.711762,1.09827,4.73127,1987.13,2017.01,1720320,5.247,5.5012,0,4.73174,0,1,0
box_detour_wall_left,soppi_fast,11054,256,16,1,0.01,0,1,0,420,1.29002,0.0494265,130.027,0,0.462298,0.515639,4.69115,1970.28,2000.23,1720320,5.2188,6.1518,0,4.69164,0,1,0
box_detour_wall_left,soppi_fast,11061,256,16,1,0.01,0,1,0,420,1.22579,0.136883,66.8639,0,0.451648,0.480826,4.70686,1976.88,2006.84,1720320,5.2274,5.8207,0,4.70733,0,1,0
box_detour_wall_left,soppi_fast,11068,256,16,1,0.01,0,1,0,420,1.19968,1.75604,83.6399,0,0.310784,0.165157,4.67804,1964.78,2000.6,1720320,5.1856,13.6802,0,4.67851,0,1,0
box_detour_wall_left,soppi_fast,11075,256,16,1,0.01,0,1,0,420,2.02586,2.0719,177.311,0,0.310413,0.166114,4.59419,1929.56,1959.87,1720320,5.1051,5.7308,0,4.59465,0,1,0
box_detour_wall_left,soppi_fast,11082,256,16,1,0.01,0,1,0,420,1.96748,2.19844,176.9,0,0.292303,0.128266,4.65878,1956.69,1984.69,1720320,5.2086,5.4171,0,4.65922,0,1,0
box_detour_wall_left,soppi_fast,11089,256,16,1,0.01,0,1,0,420,0.654124,1.42321,41.4544,0,0.314894,0.173015,4.72459,1984.33,2020.94,1720320,5.2043,7.7484,0,4.72537,0,1,0
box_detour_wall_left,soppi_fast,11096,256,16,1,0.01,0,1,0,420,1.23077,0.0131875,55.5263,0,0.416807,0.344044,4.72682,1985.26,2019.88,1720320,5.2128,5.7731,0,4.72728,0,1,0
box_detour_wall_left,soppi_fast,11103,256,16,1,0.01,0,1,0,420,1.20566,0.00607225,149.835,0,0.542854,0.692438,4.67148,1962.02,1992.76,1720320,5.2162,6.2485,0,4.67191,0,1,0
box_detour_wall_left,soppi_fast,11110,256,16,1,0.01,1,1,1,115,0.228082,0.00815902,15.7639,0,0.953864,1.45179,4.68653,538.951,546.654,471040,5.298,5.547,0,4.68728,0,1,1
box_detour_wall_left,soppi_fast,11117,256,16,1,0.01,0,1,0,420,1.19479,0.143185,94.6292,0,0.434082,0.418899,4.64635,1951.47,1984.63,1720320,5.1894,5.773,0,4.64683,0,1,0
box_detour_wall_left,soppi_fast,11124,256,16,1,0.01,0,1,0,420,1.59542,0.159506,79.205,0,0.363577,0.260375,4.67052,1961.62,2002.49,1720320,5.221,6.3193,0,4.67104,0,1,0
box_detour_wall_left,soppi_fast,11131,256,16,1,0.01,0,1,0,420,0.692777,0.11462,24.9284,0,0.443859,0.450111,4.73253,1987.66,2031.2,1720320,5.2057,9.3942,0,4.73305,0,1,0
box_detour_wall_left,soppi_fast,11138,256,16,1,0.01,0,1,0,420,1.25868,0.149833,87.3495,0,0.473543,0.46669,4.76108,1999.65,2035.49,1720320,5.3198,6.0389,0,4.76164,0,1,0
box_detour_wall_left,soppi_fast,11145,256,16,1,0.01,0,1,0,420,0.920177,0.0438771,112.041,0,0.818225,1.44411,4.69396,1971.46,2012.19,1720320,5.2053,5.6125,0,4.69454,0,1,0
box_detour_wall_left,soppi_fast,11152,256,16,1,0.01,0,1,0,420,1.1887,0.142276,149.905,0,0.454884,0.462458,4.66909,1961.02,2003.14,1720320,5.1833,7.2309,0,4.66962,0,1,0
box_detour_wall_left,soppi_fast,11159,256,16,1,0.01,1,1,1,68,0.2134,0.00426718,7.3255,0,1.05684,1.53308,4.75684,323.465,329.283,278528,5.2689,5.8112,0,4.75795,0,1,1
box_open_turn,diff_mppi_3,11156,256,16,3,0.01,0,1,0,420,0.893582,0.103015,28.4643,0,0.311497,0.157273,6.4222,2697.32,2732.33,1720320,6.9269,7.2096,0,6.42299,0,1,0
box_open_turn,diff_mppi_3,11163,256,16,3,0.01,0,1,0,420,1.38349,0.272245,63.091,0,0.301272,0.163384,9.06282,3806.39,3852.58,1720320,22.489,40.2269,0,9.0633,0,1,0
box_open_turn,diff_mppi_3,11170,256,16,3,0.01,0,1,0,420,1.10072,0.140951,40.962,0,0.324602,0.212098,6.916,2904.72,2998.28,1720320,12.319,33.9943,0,6.91644,0,1,0
box_open_turn,diff_mppi_3,11177,256,16,3,0.01,0,1,0,420,1.10981,0.0916443,41.4714,0,0.313796,0.185758,6.26161,2629.88,2678.87,1720320,7.5296,10.2467,0,6.26238,0,1,0
box_open_turn,diff_mppi_3,11184,256,16,3,0.01,0,1,0,420,1.30122,0.0059011,55.1561,0,0.3078,0.165829,6.34974,2666.89,2705.23,1720320,6.9607,9.0142,0,6.35025,0,1,0
box_open_turn,diff_mppi_3,11191,256,16,3,0.01,0,1,0,420,0.837771,0.128713,25.4075,0,0.320177,0.186909,6.38721,2682.63,2719.94,1720320,6.9657,9.1604,0,6.38768,0,1,0
box_open_turn,diff_mppi_3,11198,256,16,3,0.01,0,1,0,420,1.15288,0.0525518,44.0881,0,0.292186,0.123916,6.44328,2706.18,2740.19,1720320,7.0014,8.3554,0,6.44375,0,1,0
box_open_turn,diff_mppi_3,11205,256,16,3,0.01,0,1,0,420,1.14088,0.0877953,43.1165,0,0.298006,0.13547,5.05329,2122.38,2150.4,1720320,6.9748,7.3077,0,5.05369,0,1,0
box_open_turn,diff_mppi_3,11212,256,16,3,0.01,0,1,0,420,1.07143,0.0579212,38.9467,0,0.291675,0.13237,4.02917,1692.25,1716.45,1720320,4.3435,4.8352,0,4.02957,0,1,0
box_open_turn,diff_mppi_3,11219,256,16,3,0.01,0,1,0,420,1.46933,0.22491,70.2432,0,0.314107,0.188276,4.02824,1691.86,1718.08,1720320,4.3074,6.4218,0,4.02873,0,1,0
box_open_turn,diff_mppi_3,11226,256,16,3,0.01,0,1,0,420,1.0364,0.0775765,36.4006,0,0.311073,0.171663,4.05053,1701.22,1735.08,1720320,4.3794,6.542,0,4.05095,0,1,0
box_open_turn,diff_mppi_3,11233,256,16,3,0.01,0,1,0,420,1.20176,0.0781559,47.8662,0,0.312987,0.196698,4.04728,1699.86,1730.8,1720320,4.3485,5.7553,0,4.04791,0,1,0
box_open_turn,diff_mppi_3,11240,256,16,3,0.01,0,1,0,420,1.15036,0.192748,44.4684,0,0.317359,0.189329,5.05131,2121.55,2147.83,1720320,6.4213,6.7297,0,5.05179,0,1,0
box_open_turn,diff_mppi_3,11247,256,16,3,0.01,0,1,0,420,1.33269,0.104417,58.0262,0,0.335266,0.225406,5.96139,2503.78,2539.7,1720320,6.4622,8.4328,0,5.96188,0,1,0
box_open_turn,diff_mppi_3,11254,256,16,3,0.01,0,1,0,420,1.00893,0.0931322,34.9425,0,0.309955,0.137699,6.01175,2524.94,2557.52,1720320,6.5263,7.0356,0,6.01223,0,1,0
box_open_turn,diff_mppi_3,11261,256,16,3,0.01,0,1,0,420,1.05785,0.120658,37.9962,0,0.285119,0.13336,5.98037,2511.76,2544.42,1720320,6.4309,6.6991,0,5.98087,0,1,0
box_open_turn,diff_mppi_3,11268,256,16,3,0.01,0,1,0,420,1.1359,0.00662547,43.0283,0,0.314812,0.174029,6.02947,2532.38,2565.82,1720320,6.5254,6.8837,0,6.02997,0,1,0
box_open_turn,diff_mppi_3,11275,256,16,3,0.01,0,1,0,420,1.32532,0.225981,57.6679,0,0.308086,0.171211,6.10788,2565.31,2598.28,1720320,6.6384,6.8163,0,6.10836,0,1,0
box_open_turn,diff_mppi_3,11282,256,16,3,0.01,0,1,0,420,0.933744,0.115333,30.2511,0,0.302142,0.141022,5.92599,2488.92,2523.88,1720320,6.4039,6.871,0,5.92654,0,1,0
box_open_turn,diff_mppi_3,11289,256,16,3,0.01,0,1,0,420,0.949325,0.080475,30.8943,0,0.332581,0.205984,5.7696,2423.23,2462.25,1720320,6.3485,9.1967,0,5.77016,0,1,0
box_open_turn,diff_mppi_3,11296,256,16,3,0.01,0,1,0,420,1.14306,0.0776243,43.3473,0,0.31702,0.166825,5.96343,2504.64,2543.94,1720320,6.51,15.4806,0,5.964,0,1,0
box_open_turn,diff_mppi_3,11303,256,16,3,0.01,0,1,0,420,1.28237,0.0870407,54.1502,0,0.300066,0.131077,5.98561,2513.96,2546.2,1720320,6.4986,6.7283,0,5.98613,0,1,0
box_open_turn,diff_mppi_3,11310,256,16,3,0.01,0,1,0,420,1.18645,0.170182,47.0252,0,0.305358,0.162703,5.97789,2510.71,2545.34,1720320,6.4748,6.6942,0,5.97894,0,1,0
box_open_turn,diff_mppi_3,11317,256,16,3,0.01,0,1,0,420,0.869345,0.199188,27.0825,0,0.304298,0.151933,5.62417,2362.15,2393.93,1720320,6.4739,6.8396,0,5.62464,0,1,0
box_open_turn,diff_mppi_3,11324,256,16,3,0.01,0,1,0,420,1.38961,0.0301362,62.4748,0,0.298034,0.146569,5.86379,2462.79,2497.53,1720320,6.4209,9.6105,0,5.86429,0,1,0
box_open_turn,diff_mppi_3,11331,256,16,3,0.01,0,1,0,420,1.05839,0.0129299,37.9711,0,0.313215,0.165843,5.83001,2448.6,2488.26,1720320,6.3898,7.4938,0,5.83059,0,1,0
box_open_turn,diff_mppi_3,11338,256,16,3,0.01,0,1,0,420,1.25439,0.116376,51.7005,0,0.29387,0.150194,5.93974,2494.69,2538.93,1720320,6.3736,8.4583,0,5.94032,0,1,0
box_open_turn,diff_mppi_3,11345,256,16,3,0.01,0,1,0,420,1.13567,0.112221,43.096,0,0.308527,0.149365,5.98067,2511.88,2550.26,1720320,6.2716,6.9284,0,5.9812,0,1,0
box_open_turn,diff_mppi_3,11352,256,16,3,0.01,0,1,0,420,0.834401,0.0347957,24.7715,0,0.300793,0.133358,6.06164,2545.89,2585.61,1720320,6.4916,9.2616,0,6.06217,0,1,0
box_open_turn,diff_mppi_3,11359,256,16,3,0.01,0,1,0,420,1.01665,0.143959,35.4592,0,0.30438,0.153962,6.00587,2522.47,2561.24,1720320,6.3089,7.4517,0,6.00652,0,1,0
box_open_turn,oi_face_auto_mppi,11156,256,16,0,0,1,1,1,123,0.246301,0.0207009,8.95236,0,0.661881,0.78645,0.745887,91.7441,98.6754,503808,1.2166,1.6898,0,0.746413,0,1,1
box_open_turn,oi_face_auto_mppi,11163,256,16,0,0,1,1,1,94,0.249111,0.231077,8.61882,0,0.839078,1.09907,0.935672,87.9532,93.5177,385024,1.2141,1.2354,0,0.936885,0,1,1
box_open_turn,oi_face_auto_mppi,11170,256,16,0,0,1,1,1,108,0.194532,0.240858,6.96177,0,0.992072,1.58046,0.936607,101.154,107.016,442368,1.2049,1.7631,0,0.937211,0,1,1
box_open_turn,oi_face_auto_mppi,11177,256,16,0,0,1,1,1,140,0.236627,0.121667,13.2559,0,0.694373,0.774932,0.971196,135.967,143.257,573440,1.2389,2.0179,0,0.971721,0,1,1
box_open_turn,oi_face_auto_mppi,11184,256,16,0,0,1,1,1,168,0.125375,0.187032,16.7888,0,0.851328,1.17298,0.866871,145.634,155.101,688128,1.2089,1.5423,0,0.867405,0,1,1
box_open_turn,oi_face_auto_mppi,11191,256,16,0,0,1,1,1,109,0.246401,0.0551696,8.17588,0,0.642597,0.669267,0.898279,97.9124,102.828,446464,1.2202,1.825,0,0.898956,0,1,1
box_open_turn,oi_face_auto_mppi,11198,256,16,0,0,1,1,1,95,0.0520533,0.246288,6.77543,0,0.757086,0.847345,0.899751,85.4763,89.1969,389120,1.2284,1.2743,0,0.900431,0,1,1
box_open_turn,oi_face_auto_mppi,11205,256,16,0,0,1,1,1,92,0.238612,0.216565,7.61402,0,0.711221,0.737736,0.969241,89.1702,93.5548,376832,1.2374,1.3966,0,0.96987,0,1,1
box_open_turn,oi_face_auto_mppi,11212,256,16,0,0,1,1,1,103,0.208858,0.243743,8.78261,0,0.777161,0.827185,0.950818,97.9342,102.109,421888,1.2188,1.2357,0,0.951439,0,1,1
box_open_turn,oi_face_auto_mppi,11219,256,16,0,0,1,1,1,98,0.112698,0.229862,6.1438,0,0.728969,0.878108,0.881596,86.3964,90.8852,401408,1.241,1.3149,0,0.882328,0,1,1
box_open_turn,oi_face_auto_mppi,11226,256,16,0,0,1,1,1,161,0.0787552,0.142731,10.9635,0,0.772102,1.01642,0.924017,148.767,154.742,659456,1.2235,1.2331,0,0.92448,0,1,1
box_open_turn,oi_face_auto_mppi,11233,256,16,0,0,1,1,1,61,0.238332,0.220437,7.3067,0,0.837763,0.976921,0.995202,60.7073,63.1629,249856,1.2322,1.2513,0,0.995949,0,1,1
box_open_turn,oi_face_auto_mppi,11240,256,16,0,0,0,1,0,420,0.299456,0.476657,40.7777,0,0.771724,0.93073,0.880432,369.781,387.188,1720320,1.22,1.2349,0,0.880761,0,1,0
box_open_turn,oi_face_auto_mppi,11247,256,16,0,0,1,1,1,210,0.0918475,0.20872,21.4592,0,0.675924,0.712962,0.964383,202.52,211.454,860160,1.2201,1.2552,0,0.964782,0,1,1
box_open_turn,oi_face_auto_mppi,11254,256,16,0,0,1,1,1,193,0.199231,0.228733,12.6655,0,0.712466,0.866775,0.95711,184.722,191.655,790528,1.2285,1.2413,0,0.957508,0,1,1
box_open_turn,oi_face_auto_mppi,11261,256,16,0,0,1,1,1,90,0.23676,0.212973,8.47104,0,0.850625,1.0958,0.957426,86.1683,90.2681,368640,1.2237,1.3887,0,0.958077,0,1,1
box_open_turn,oi_face_auto_mppi,11268,256,16,0,0,1,1,1,154,0.248138,0.00352943,11.3308,0,0.70856,0.795145,0.914483,140.83,146.604,630784,1.2262,1.3517,0,0.915101,0,1,1
box_open_turn,oi_face_auto_mppi,11275,256,16,0,0,1,1,1,94,0.0872627,0.197832,7.87977,0,0.759016,0.887913,0.950812,89.3763,93.3517,385024,1.2239,1.3175,0,0.951348,0,1,1
box_open_turn,oi_face_auto_mppi,11282,256,16,0,0,0,1,0,420,0.445558,0.355206,53.1097,0,0.852832,1.19368,0.96803,406.572,424.175,1720320,1.2261,9.0546,0,0.968326,0,1,0
box_open_turn,oi_face_auto_mppi,11289,256,16,0,0,1,1,1,77,0.0876576,0.219302,5.88864,0,0.780004,0.865953,0.916377,70.561,76.3118,315392,1.2309,1.5044,0,0.917077,0,1,1
box_open_turn,oi_face_auto_mppi,11296,256,16,0,0,1,1,1,183,0.132729,0.223509,14.3145,0,0.655658,0.662859,0.939704,171.966,180.405,749568,1.2216,1.4163,0,0.940155,0,1,1
box_open_turn,oi_face_auto_mppi,11303,256,16,0,0,1,1,1,185,0.156048,0.181672,12.8399,0,0.666885,0.696579,0.747242,138.24,144.663,757760,1.2231,1.2969,0,0.747629,0,1,1
box_open_turn,oi_face_auto_mppi,11310,256,16,0,0,0,1,0,420,0.0790409,0.326824,8.11628,0,0.669124,0.719626,0.949537,398.806,415.745,1720320,1.2304,1.3965,0,0.950258,0,1,0
box_open_turn,oi_face_auto_mppi,11317,256,16,0,0,0,1,0,420,1.11579,0.887601,45.0459,0,0.779768,0.964239,0.91654,384.947,400.05,1720320,1.2314,1.3107,0,0.916814,0,1,0
box_open_turn,oi_face_auto_mppi,11324,256,16,0,0,1,1,1,343,0.191615,0.213082,18.3002,0,0.800282,1.04502,0.912515,312.993,327.746,1404928,1.2261,1.4943,0,0.912864,0,1,1
box_open_turn,oi_face_auto_mppi,11331,256,16,0,0,1,1,1,99,0.063782,0.208811,6.48394,0,0.592893,0.540186,0.950597,94.1091,97.6132,405504,1.2317,1.2555,0,0.951195,0,1,1
box_open_turn,oi_face_auto_mppi,11338,256,16,0,0,1,1,1,88,0.121123,0.24928,7.36059,0,0.923245,1.24239,0.969789,85.3414,90.7013,360448,1.2255,1.2639,0,0.970482,0,1,1
box_open_turn,oi_face_auto_mppi,11345,256,16,0,0,1,1,1,80,0.216466,0.171625,7.251,0,0.688358,0.740138,0.96656,77.3248,80.1672,327680,1.2275,1.2332,0,0.967168,0,1,1
box_open_turn,oi_face_auto_mppi,11352,256,16,0,0,0,1,0,420,0.272415,0.285074,9.66254,0,0.640179,0.618686,0.939332,394.519,409.981,1720320,1.2276,1.3321,0,0.939617,0,1,0
box_open_turn,oi_face_auto_mppi,11359,256,16,0,0,1,1,1,212,0.234616,0.125055,15.9855,0,0.762679,0.965908,0.984811,208.78,220.153,868352,1.2328,1.313,0,0.985551,0,1,1
box_open_turn,oi_face_rot_mppi,11156,256,16,0,0,1,1,1,139,0.240644,0.0785469,9.15253,0,0.685402,0.739462,0.937896,130.367,135.243,569344,1.2304,1.2568,0,0.938294,0,1,1
box_open_turn,oi_face_rot_mppi,11163,256,16,0,0,1,1,1,85,0.0472074,0.223945,8.408,0,0.857914,1.11401,0.975227,82.8943,86.7305,348160,1.2287,1.2356,0,0.975754,0,1,1
box_open_turn,oi_face_rot_mppi,11170,256,16,0,0,1,1,1,88,0.172858,0.214522,6.263,0,0.763772,0.83707,0.969882,85.3496,88.2981,360448,1.2303,1.6429,0,0.970508,0,1,1
box_open_turn,oi_face_rot_mppi,11177,256,16,0,0,1,1,1,104,0.12483,0.213501,10.809,0,0.789693,0.98716,0.961997,100.048,103.477,425984,1.2277,1.2385,0,0.962514,0,1,1
box_open_turn,oi_face_rot_mppi,11184,256,16,0,0,1,1,1,230,0.225296,0.0252436,19.669,0,0.895163,1.2068,0.900981,207.226,217.841,942080,1.2273,1.7606,0,0.901404,0,1,1
box_open_turn,oi_face_rot_mppi,11191,256,16,0,0,1,1,1,67,0.190082,0.245534,6.40943,0,0.765545,0.799136,0.96254,64.4902,67.1339,274432,1.2315,1.2357,0,0.963236,0,1,1
box_open_turn,oi_face_rot_mppi,11198,256,16,0,0,1,1,1,75,0.089284,0.243608,6.57519,0,0.766025,0.858816,0.994927,74.6195,78.3994,307200,1.2621,1.7339,0,0.995657,0,1,1
box_open_turn,oi_face_rot_mppi,11205,256,16,0,0,1,1,1,59,0.0759355,0.246688,6.56801,0,0.744933,0.779176,0.655585,38.6795,40.9054,241664,1.2147,1.2262,0,0.656346,0,1,1
box_open_turn,oi_face_rot_mppi,11212,256,16,0,0,1,1,1,91,0.112941,0.19868,8.83242,0,0.754103,0.712011,0.935709,85.1495,88.9332,372736,1.2257,1.2752,0,0.936285,0,1,1
box_open_turn,oi_face_rot_mppi,11219,256,16,0,0,1,1,1,72,0.245806,0.159677,5.49579,0,0.716531,0.829552,1.05022,75.6156,79.1038,294912,1.2231,8.0514,0,1.05091,0,1,1
box_open_turn,oi_face_rot_mppi,11226,256,16,0,0,1,1,1,77,0.0484721,0.172186,6.00586,0,0.738187,0.841253,0.95653,73.6528,76.9948,315392,1.2237,1.2862,0,0.957225,0,1,1
box_open_turn,oi_face_rot_mppi,11233,256,16,0,0,1,1,1,94,0.241892,0.139585,7.69078,0,0.743165,0.838779,0.953964,89.6726,94.4315,385024,1.2232,1.2444,0,0.954596,0,1,1
box_open_turn,oi_face_rot_mppi,11240,256,16,0,0,1,1,1,125,0.236309,0.197766,9.97402,0,0.684862,0.743511,0.911453,113.932,119.907,512000,1.2168,1.7419,0,0.911978,0,1,1
box_open_turn,oi_face_rot_mppi,11247,256,16,0,0,1,1,1,188,0.243706,0.234572,21.5932,0,0.717232,0.802371,0.902271,169.627,177.498,770048,1.2249,1.2656,0,0.902697,0,1,1
box_open_turn,oi_face_rot_mppi,11254,256,16,0,0,1,1,1,85,0.238764,0.166165,7.27955,0,0.777462,0.917613,0.955001,81.1751,84.8101,348160,1.2229,1.233,0,0.955616,0,1,1
box_open_turn,oi_face_rot_mppi,11261,256,16,0,0,1,1,1,78,0.243482,0.181095,8.68295,0,1.01132,1.50045,0.949049,74.0258,77.4184,319488,1.2184,1.2612,0,0.949847,0,1,1
box_open_turn,oi_face_rot_mppi,11268,256,16,0,0,1,1,1,73,0.240751,0.0735418,7.23831,0,0.686575,0.697608,0.972885,71.0206,75.0688,299008,1.2712,1.3785,0,0.973704,0,1,1
box_open_turn,oi_face_rot_mppi,11275,256,16,0,0,1,1,1,115,0.23,0.0126917,9.24543,0,0.862017,1.0855,0.955082,109.834,116.603,471040,1.2286,1.8762,0,0.956358,0,1,1
box_open_turn,oi_face_rot_mppi,11282,256,16,0,0,1,1,1,79,0.17242,0.171892,6.08585,0,0.619047,0.641754,0.931475,73.5865,77.7827,323584,1.2846,1.5534,0,0.932313,0,1,1
box_open_turn,oi_face_rot_mppi,11289,256,16,0,0,1,1,1,60,0.177546,0.242663,6.10678,0,0.850135,0.963856,0.88405,53.043,56.0158,245760,1.2192,1.2473,0,0.884883,0,1,1
box_open_turn,oi_face_rot_mppi,11296,256,16,0,0,1,1,1,143,0.245402,0.0530859,12.4461,0,0.722623,0.769717,0.924064,132.141,139.223,585728,1.2246,1.3625,0,0.9246,0,1,1
box_open_turn,oi_face_rot_mppi,11303,256,16,0,0,1,1,1,128,0.145404,0.182868,9.96827,0,0.656634,0.665876,0.791755,101.345,106.136,524288,1.2242,1.2344,0,0.792232,0,1,1
box_open_turn,oi_face_rot_mppi,11310,256,16,0,0,1,1,1,99,0.240181,0.141139,5.79501,0,0.717935,0.817551,0.954132,94.4591,98.0134,405504,1.2317,1.2613,0,0.954725,0,1,1
box_open_turn,oi_face_rot_mppi,11317,256,16,0,0,1,1,1,141,0.236776,0.133037,10.3505,0,0.675137,0.838659,0.953871,134.496,139.129,577536,1.2291,1.246,0,0.954313,0,1,1
box_open_turn,oi_face_rot_mppi,11324,256,16,0,0,1,1,1,136,0.249965,0.0206883,10.5404,0,0.798104,1.00456,0.956797,130.124,136.207,557056,1.2286,1.3017,0,0.957272,0,1,1
box_open_turn,oi_face_rot_mppi,11331,256,16,0,0,1,1,1,53,0.240637,0.0902109,5.89307,0,0.687662,0.659912,0.952528,50.484,52.4348,217088,1.2222,1.2267,0,0.953302,0,1,1
box_open_turn,oi_face_rot_mppi,11338,256,16,0,0,1,1,1,76,0.188832,0.194903,7.61921,0,0.907775,1.13144,0.954765,72.5621,75.3718,311296,1.225,1.2562,0,0.955471,0,1,1
box_open_turn,oi_face_rot_mppi,11345,256,16,0,0,1,1,1,58,0.217144,0.22701,6.23306,0,0.709241,0.768615,0.633079,36.7186,38.7134,237568,1.2259,1.2328,0,0.633853,0,1,1
box_open_turn,oi_face_rot_mppi,11352,256,16,0,0,1,1,1,126,0.243975,0.0726839,6.3195,0,0.642403,0.708667,0.836797,105.436,111.56,516096,1.223,1.2338,0,0.837704,0,1,1
box_open_turn,oi_face_rot_mppi,11359,256,16,0,0,1,1,1,60,0.247262,0.00744319,6.68321,0,0.838047,1.03053,0.971665,58.2999,60.904,245760,1.2261,1.2461,0,0.97243,0,1,1
box_open_turn,soppi_fast,11156,256,16,1,0.01,0,1,0,420,1.23189,0.00496095,49.9661,0,0.301095,0.138878,3.52326,1479.77,1512.49,1720320,4.1175,8.5536,0,3.52374,0,1,0
box_open_turn,soppi_fast,11163,256,16,1,0.01,0,1,0,420,1.47295,0.187894,70.37,0,0.318121,0.211935,3.5233,1479.79,1511.27,1720320,4.1218,4.7127,0,3.52376,0,1,0
box_open_turn,soppi_fast,11170,256,16,1,0.01,0,1,0,420,1.39154,0.134827,63.0008,0,0.321138,0.193123,3.53547,1484.9,1514.2,1720320,4.1225,5.834,0,3.53591,0,1,0
box_open_turn,soppi_fast,11177,256,16,1,0.01,0,1,0,420,1.20188,0.178027,47.7225,0,0.301847,0.162858,3.52211,1479.29,1517.67,1720320,4.1918,7.4137,0,3.52274,0,1,0
box_open_turn,soppi_fast,11184,256,16,1,0.01,0,1,0,420,1.12132,0.0680714,41.9725,0,0.299495,0.137286,3.51538,1476.46,1506.84,1720320,4.1374,8.1783,0,3.51584,0,1,0
box_open_turn,soppi_fast,11191,256,16,1,0.01,0,1,0,420,1.35133,0.0858766,59.5268,0,0.303155,0.136609,3.51184,1474.97,1506.18,1720320,4.1307,4.4453,0,3.51234,0,1,0
box_open_turn,soppi_fast,11198,256,16,1,0.01,0,1,0,420,1.02188,0.102048,35.5446,0,0.316147,0.183693,3.50849,1473.56,1508.08,1720320,4.1138,4.4311,0,3.50899,0,1,0
box_open_turn,soppi_fast,11205,256,16,1,0.01,0,1,0,420,1.18557,0.0144186,46.2,0,0.314443,0.162644,3.51015,1474.26,1507.48,1720320,4.1217,4.3403,0,3.51065,0,1,0
box_open_turn,soppi_fast,11212,256,16,1,0.01,0,1,0,420,0.990212,0.0771337,33.7221,0,0.316404,0.195422,3.76069,1579.49,1627.91,1720320,4.9475,30.2394,0,3.76139,0,1,0
box_open_turn,soppi_fast,11219,256,16,1,0.01,0,1,0,420,1.26009,0.0341897,52.2501,0,0.307143,0.172736,3.50658,1472.76,1508.12,1720320,4.1173,8.9264,0,3.50709,0,1,0
box_open_turn,soppi_fast,11226,256,16,1,0.01,0,1,0,420,1.18333,0.0856526,46.3594,0,0.283107,0.122049,3.5334,1484.03,1511.65,1720320,4.1136,4.2754,0,3.53383,0,1,0
box_open_turn,soppi_fast,11233,256,16,1,0.01,0,1,0,420,1.38094,0.0149402,61.8943,0,0.305724,0.160463,3.50262,1471.1,1509.6,1720320,4.0691,5.7449,0,3.50312,0,1,0
box_open_turn,soppi_fast,11240,256,16,1,0.01,0,1,0,420,1.32574,0.154335,57.7894,0,0.320132,0.18068,3.53149,1483.22,1517.27,1720320,4.1331,4.7224,0,3.532,0,1,0
box_open_turn,soppi_fast,11247,256,16,1,0.01,0,1,0,420,1.51572,0.129405,73.7842,0,0.298842,0.140253,3.54286,1488,1523.83,1720320,4.1183,5.6112,0,3.54334,0,1,0
box_open_turn,soppi_fast,11254,256,16,1,0.01,0,1,0,420,1.28533,0.210298,54.5787,0,0.317687,0.168511,3.4814,1462.19,1488.11,1720320,4.1212,4.5432,0,3.48182,0,1,0
box_open_turn,soppi_fast,11261,256,16,1,0.01,0,1,0,420,1.0674,0.0981208,38.5584,0,0.288029,0.140246,3.53987,1486.75,1514.16,1720320,4.1365,4.3594,0,3.54033,0,1,0
box_open_turn,soppi_fast,11268,256,16,1,0.01,0,1,0,420,1.31189,0.0533136,55.9809,0,0.298379,0.136772,3.49454,1467.71,1504.49,1720320,3.9695,4.179,0,3.49503,0,1,0
box_open_turn,soppi_fast,11275,256,16,1,0.01,0,1,0,420,1.31777,0.182852,56.8686,0,0.301133,0.14601,3.4029,1429.22,1474.7,1720320,3.9605,6.7292,0,3.40349,0,1,0
box_open_turn,soppi_fast,11282,256,16,1,0.01,0,1,0,420,1.3254,0.0117774,57.48,0,0.332072,0.209643,3.49496,1467.88,1513.41,1720320,4.1591,8.5976,0,3.49547,0,1,0
box_open_turn,soppi_fast,11289,256,16,1,0.01,0,1,0,420,1.15271,0.0142654,44.0936,0,0.3191,0.178325,3.46608,1455.75,1514.07,1720320,4.1971,8.1663,0,3.46657,0,1,0
box_open_turn,soppi_fast,11296,256,16,1,0.01,0,1,0,420,1.34411,0.134132,59.0105,0,0.313358,0.162091,3.43023,1440.7,1478.04,1720320,3.9578,6.5289,0,3.43074,0,1,0
box_open_turn,soppi_fast,11303,256,16,1,0.01,0,1,0,420,1.35465,0.159447,59.7839,0,0.297904,0.137248,3.44934,1448.72,1477.15,1720320,3.966,4.2154,0,3.44975,0,1,0
box_open_turn,soppi_fast,11310,256,16,1,0.01,0,1,0,420,1.19451,0.199374,47.4294,0,0.300962,0.157736,3.42719,1439.42,1476.4,1720320,3.9851,4.7915,0,3.42765,0,1,0
box_open_turn,soppi_fast,11317,256,16,1,0.01,0,1,0,420,1.22603,0.0920327,49.7843,0,0.300244,0.135142,3.4388,1444.3,1476.97,1720320,3.9442,4.0518,0,3.43929,0,1,0
box_open_turn,soppi_fast,11324,256,16,1,0.01,0,1,0,420,1.14553,0.00472063,43.7639,0,0.304376,0.155437,3.51515,1476.36,1513.23,1720320,3.961,7.7859,0,3.51562,0,1,0
box_open_turn,soppi_fast,11331,256,16,1,0.01,0,1,0,420,1.05276,0.117024,37.7135,0,0.316026,0.168798,3.45175,1449.73,1479.52,1720320,3.9697,4.1786,0,3.45217,0,1,0
box_open_turn,soppi_fast,11338,256,16,1,0.01,0,1,0,420,1.29548,0.089711,55.0249,0,0.298624,0.162841,3.47257,1458.48,1498.02,1720320,3.9664,4.1995,0,3.47303,0,1,0
box_open_turn,soppi_fast,11345,256,16,1,0.01,0,1,0,420,1.33841,0.23583,58.7437,0,0.292053,0.120077,3.44431,1446.61,1484.67,1720320,3.9728,4.3284,0,3.44482,0,1,0
box_open_turn,soppi_fast,11352,256,16,1,0.01,0,1,0,420,0.828063,0.109444,24.5174,0,0.324019,0.19349,3.44559,1447.15,1488.06,1720320,3.9711,4.9417,0,3.44606,0,1,0
box_open_turn,soppi_fast,11359,256,16,1,0.01,0,1,0,420,0.937265,0.175791,30.9338,0,0.303854,0.144133,4.03467,1694.56,1796,1720320,8.6927,49.3707,0,4.0352,0,1,0
