scenario,planner,seed,k_samples,t_horizon,grad_steps,alpha,reached_goal,collision_free,success,steps,final_distance,min_goal_distance,cumulative_cost,collisions,mean_control_delta,control_roughness,avg_control_ms,total_control_ms,episode_ms,sample_budget,p95_control_ms,max_control_ms,control_deadline_ms,avg_control_slot_ms,deadline_misses,deadline_feasible,real_time_success
box_gap_return,oi_face_rot_anchor_mppi,18556,256,16,0,0,0,1,0,500,1.50676,0.394342,94.3453,0,0.789556,1.06264,0.493128,246.564,256.853,2048000,1.3543,1.4205,0,0.493317,0,1,0
box_gap_return,oi_face_rot_anchor_mppi,18563,256,16,0,0,0,1,0,500,1.49244,0.601436,95.6901,0,0.785053,1.09673,0.516951,258.475,267.331,2048000,1.3766,1.4067,0,0.517106,0,1,0
box_gap_return,oi_face_rot_anchor_mppi,18570,256,16,0,0,0,1,0,500,1.51481,0.376381,94.2662,0,0.784803,1.06981,0.52185,260.925,269.335,2048000,1.3906,1.4193,0,0.521989,0,1,0
box_gap_return,oi_face_rot_anchor_mppi,18577,256,16,0,0,0,1,0,500,1.50876,0.424191,94.4457,0,0.827176,1.2104,0.542914,271.457,282.216,2048000,1.3726,1.4115,0,0.543076,0,1,0
box_gap_return,oi_face_rot_anchor_mppi,18584,256,16,0,0,0,1,0,500,1.4977,0.479109,95.7764,0,0.718152,0.868117,0.533143,266.571,275.751,2048000,1.3747,1.4152,0,0.533295,0,1,0
box_gap_return,oi_face_rot_anchor_mppi,18591,256,16,0,0,0,1,0,500,1.48519,0.773974,96.7626,0,0.692243,0.855087,0.534326,267.163,276.374,2048000,1.3777,1.4274,0,0.534486,0,1,0
box_gap_return,oi_face_rot_anchor_mppi,18598,256,16,0,0,0,1,0,500,1.49299,0.563835,95.4093,0,0.840764,1.23351,0.514871,257.436,266.934,2048000,1.379,1.418,0,0.515013,0,1,0
box_gap_return,oi_face_rot_anchor_mppi,18605,256,16,0,0,0,1,0,500,1.49607,0.554013,96.3283,0,0.755314,1.00093,0.514856,257.428,269.747,2048000,1.3665,1.4159,0,0.515024,0,1,0
box_gap_return,oi_face_rot_anchor_mppi,18612,256,16,0,0,0,1,0,500,1.49302,0.562669,95.1668,0,0.768694,1.00897,0.506231,253.115,268.21,2048000,1.3643,1.4115,0,0.506454,0,1,0
box_gap_return,oi_face_rot_anchor_mppi,18619,256,16,0,0,0,1,0,500,1.51009,0.503078,97.9793,0,0.787284,1.09267,0.549964,274.982,290.551,2048000,1.3645,1.4068,0,0.550183,0,1,0
box_gap_return,oi_face_rot_anchor_mppi,18626,256,16,0,0,0,1,0,500,1.5037,0.419186,95.0388,0,0.753318,0.974294,0.561175,280.588,295.678,2048000,1.3774,1.4254,0,0.561395,0,1,0
box_gap_return,oi_face_rot_anchor_mppi,18633,256,16,0,0,0,1,0,500,1.50276,0.518035,95.0585,0,0.733605,0.932641,0.599578,299.789,312.227,2048000,1.3682,1.4078,0,0.599764,0,1,0
box_gap_return,oi_face_rot_anchor_mppi,18640,256,16,0,0,0,1,0,500,1.55288,0.209662,96.2888,0,0.811464,1.10446,0.548877,274.439,289.097,2048000,1.3765,1.6563,0,0.549092,0,1,0
box_gap_return,oi_face_rot_anchor_mppi,18647,256,16,0,0,0,1,0,500,1.49377,0.57933,95.8167,0,0.835443,1.21853,0.863341,431.671,451.221,2048000,2.1225,2.4224,0,0.863628,0,1,0
box_gap_return,oi_face_rot_anchor_mppi,18654,256,16,0,0,0,1,0,500,1.52122,0.394638,95.6143,0,0.817931,1.16405,1.14494,572.468,589.499,2048000,2.2312,3.2112,0,1.14522,0,1,0
box_gap_return,oi_face_rot_anchor_mppi,18661,256,16,0,0,0,1,0,500,1.50206,0.458053,95.2768,0,0.763514,0.994069,1.1356,567.801,580.294,2048000,2.1518,2.4565,0,1.13582,0,1,0
box_gap_return,oi_face_rot_anchor_mppi,18668,256,16,0,0,0,1,0,500,1.49576,0.562821,95.8489,0,0.813103,1.10059,1.13714,568.568,582.249,2048000,2.1639,2.4495,0,1.13735,0,1,0
box_gap_return,oi_face_rot_anchor_mppi,18675,256,16,0,0,0,1,0,500,1.50395,0.417273,95.687,0,0.78394,1.0401,1.24229,621.145,635.246,2048000,2.0832,2.439,0,1.24254,0,1,0
box_gap_return,oi_face_rot_anchor_mppi,18682,256,16,0,0,0,1,0,500,1.49246,0.609048,95.1242,0,0.78563,1.08859,1.24156,620.779,637.597,2048000,2.2155,2.4545,0,1.24183,0,1,0
box_gap_return,oi_face_rot_anchor_mppi,18689,256,16,0,0,0,1,0,500,1.49644,0.504324,95.9557,0,0.830434,1.18973,1.09706,548.53,567.404,2048000,2.1306,4.8087,0,1.09734,0,1,0
box_gap_return,oi_face_rot_anchor_mppi,18696,256,16,0,0,0,1,0,500,1.54938,0.306336,96.9216,0,0.757867,0.964321,0.53503,267.515,286.075,2048000,1.366,5.0041,0,0.535307,0,1,0
box_gap_return,oi_face_rot_anchor_mppi,18703,256,16,0,0,0,1,0,500,1.49315,0.558308,94.1607,0,0.899235,1.3776,0.530318,265.159,282.433,2048000,1.368,1.7527,0,0.530576,0,1,0
box_gap_return,oi_face_rot_anchor_mppi,18710,256,16,0,0,0,1,0,500,1.49356,0.628591,95.3972,0,0.827764,1.21484,1.04213,521.064,536.511,2048000,2.2016,2.4608,0,1.04237,0,1,0
box_gap_return,oi_face_rot_anchor_mppi,18717,256,16,0,0,0,1,0,500,1.49333,0.562946,95.0326,0,0.809124,1.10632,1.66672,833.359,848.292,2048000,2.3759,2.6073,0,1.66697,0,1,0
box_gap_return,oi_face_rot_anchor_mppi,18724,256,16,0,0,0,1,0,500,1.4925,0.616313,96.0339,0,0.788447,1.09545,1.68299,841.493,858.31,2048000,2.3759,2.4385,0,1.68323,0,1,0
box_gap_return,oi_face_rot_anchor_mppi,18731,256,16,0,0,0,1,0,500,1.49506,0.516202,95.7699,0,0.82937,1.19838,1.69852,849.26,863.05,2048000,2.396,2.4477,0,1.69879,0,1,0
box_gap_return,oi_face_rot_anchor_mppi,18738,256,16,0,0,0,1,0,500,1.49701,0.609903,95.5322,0,0.726407,0.920783,1.66934,834.67,849.613,2048000,2.4066,2.4731,0,1.6696,0,1,0
box_gap_return,oi_face_rot_anchor_mppi,18745,256,16,0,0,0,1,0,500,1.49292,0.566427,95.2764,0,0.814957,1.17106,1.67845,839.223,853.057,2048000,2.3895,2.4711,0,1.67872,0,1,0
box_gap_return,oi_face_rot_anchor_mppi,18752,256,16,0,0,0,1,0,500,1.50004,0.453195,95.8649,0,0.82853,1.17119,1.71947,859.736,874.766,2048000,2.3777,2.4525,0,1.71974,0,1,0
box_gap_return,oi_face_rot_anchor_mppi,18759,256,16,0,0,0,1,0,500,1.50816,0.440004,94.7699,0,0.795912,1.10536,1.56374,781.872,802.903,2048000,2.3669,2.6489,0,1.56406,0,1,0
box_gap_return,oi_face_rot_anchor_mppi,18766,256,16,0,0,0,1,0,500,1.51944,0.524084,95.2578,0,0.821621,1.14527,1.51581,757.903,779.289,2048000,2.3854,2.4271,0,1.5162,0,1,0
box_gap_return,oi_face_rot_anchor_mppi,18773,256,16,0,0,0,1,0,500,1.49331,0.556473,94.8767,0,0.7389,0.961029,1.61058,805.289,821.648,2048000,2.3993,2.4572,0,1.61088,0,1,0
box_gap_return,oi_face_rot_anchor_mppi,18780,256,16,0,0,0,1,0,500,1.53539,0.267335,96.0085,0,0.792483,1.06816,1.65857,829.284,844.03,2048000,2.3895,2.441,0,1.65881,0,1,0
box_gap_return,oi_face_rot_anchor_mppi,18787,256,16,0,0,0,1,0,500,1.50558,0.509587,95.825,0,0.830311,1.20352,1.63468,817.342,834.449,2048000,2.3808,2.4754,0,1.63497,0,1,0
box_gap_return,oi_face_rot_anchor_mppi,18794,256,16,0,0,0,1,0,500,1.49519,0.650467,96.1779,0,0.803624,1.09859,1.6297,814.849,831.042,2048000,2.3693,2.4377,0,1.63,0,1,0
box_gap_return,oi_face_rot_anchor_mppi,18801,256,16,0,0,1,1,1,467,0.240673,0.0184765,83.8443,0,0.730254,0.895199,1.60796,750.917,766.027,1912832,2.361,2.4321,0,1.60829,0,1,1
box_gap_return,oi_face_rot_anchor_mppi,18808,256,16,0,0,0,1,0,500,1.51535,0.393616,94.7991,0,0.841178,1.21792,1.57251,786.257,802.47,2048000,2.3527,2.4385,0,1.5728,0,1,0
box_gap_return,oi_face_rot_anchor_mppi,18815,256,16,0,0,0,1,0,500,1.49249,0.592298,96.7426,0,0.793653,1.06834,1.64147,820.734,838.321,2048000,2.3779,3.0789,0,1.64173,0,1,0
box_gap_return,oi_face_rot_anchor_mppi,18822,256,16,0,0,0,1,0,500,1.51932,0.310399,96.03,0,0.726126,0.917162,1.65706,828.53,841.602,2048000,2.3794,2.4607,0,1.65732,0,1,0
box_gap_return,oi_face_rot_anchor_mppi,18829,256,16,0,0,0,1,0,500,1.50172,0.576214,94.9203,0,0.821941,1.15434,1.69253,846.264,862.856,2048000,2.3675,2.4655,0,1.69286,0,1,0
box_gap_return,oi_face_rot_anchor_mppi,18836,256,16,0,0,0,1,0,500,1.51229,0.387593,95.5698,0,0.799555,1.06379,1.50026,750.13,772.204,2048000,2.3667,2.45,0,1.50062,0,1,0
box_gap_return,oi_face_rot_anchor_mppi,18843,256,16,0,0,0,1,0,500,1.49626,0.523974,95.7471,0,0.814179,1.15106,1.6351,817.551,833.118,2048000,2.362,2.4471,0,1.63539,0,1,0
box_gap_return,oi_face_rot_anchor_mppi,18850,256,16,0,0,0,1,0,500,1.49745,0.482169,95.2397,0,0.805772,1.13368,1.6754,837.699,852.15,2048000,2.3626,2.468,0,1.67566,0,1,0
box_gap_return,oi_face_rot_anchor_mppi,18857,256,16,0,0,0,1,0,500,1.51906,0.356553,95.0607,0,0.869362,1.28303,1.64913,824.566,838.512,2048000,2.3717,2.4704,0,1.64941,0,1,0
box_gap_return,oi_face_rot_anchor_mppi,18864,256,16,0,0,0,1,0,500,1.50365,0.473922,95.5923,0,0.93379,1.43428,1.67753,838.763,852.707,2048000,2.3835,2.4523,0,1.67779,0,1,0
box_gap_return,oi_face_rot_anchor_mppi,18871,256,16,0,0,0,1,0,500,1.51443,0.375169,95.8941,0,0.829527,1.17786,1.64705,823.526,837.025,2048000,2.3831,2.4454,0,1.64736,0,1,0
box_gap_return,oi_face_rot_anchor_mppi,18878,256,16,0,0,0,1,0,500,1.50937,0.388731,94.9629,0,0.871066,1.29877,1.67837,839.187,853.182,2048000,2.353,2.4553,0,1.67862,0,1,0
box_gap_return,oi_face_rot_anchor_mppi,18885,256,16,0,0,0,1,0,500,1.50498,0.513069,97.571,0,0.748338,0.952163,1.63224,816.12,830.158,2048000,2.3754,2.4494,0,1.6325,0,1,0
box_gap_return,oi_face_rot_anchor_mppi,18892,256,16,0,0,0,1,0,500,1.52534,0.312409,95.9812,0,0.805428,1.11954,1.64809,824.047,840.015,2048000,2.3462,2.4596,0,1.64838,0,1,0
box_gap_return,oi_face_rot_anchor_mppi,18899,256,16,0,0,0,1,0,500,1.49553,0.525557,94.9445,0,0.768542,1.02265,1.51435,757.177,780.038,2048000,2.344,2.587,0,1.51468,0,1,0
box_gap_return,oi_face_rot_anchor_mppi,18906,256,16,0,0,0,1,0,500,1.49383,0.665188,97.236,0,0.717919,0.855668,1.57392,786.961,807.596,2048000,2.3405,2.4504,0,1.57427,0,1,0
box_gap_return,oi_face_rot_anchor_mppi,18913,256,16,0,0,0,1,0,500,1.52498,0.353139,95.1352,0,0.811914,1.18115,1.55716,778.58,792.436,2048000,2.3397,2.4465,0,1.55743,0,1,0
box_gap_return,oi_face_rot_anchor_mppi,18920,256,16,0,0,0,1,0,500,1.54042,0.627452,96.9869,0,0.711151,0.879927,1.47664,738.32,755.248,2048000,2.1573,2.4237,0,1.47698,0,1,0
box_gap_return,oi_face_rot_anchor_mppi,18927,256,16,0,0,0,1,0,500,1.52107,0.368676,96.2571,0,0.741303,0.966438,1.58098,790.491,806.709,2048000,2.3082,2.4552,0,1.58127,0,1,0
box_gap_return,oi_face_rot_anchor_mppi,18934,256,16,0,0,0,1,0,500,1.50878,0.457274,95.7757,0,0.748044,0.986066,1.50019,750.094,766.983,2048000,2.2384,2.9344,0,1.5005,0,1,0
box_gap_return,oi_face_rot_anchor_mppi,18941,256,16,0,0,0,1,0,500,1.49614,0.501936,95.6079,0,0.752077,0.995531,1.50366,751.83,767.63,2048000,2.2237,2.4358,0,1.50394,0,1,0
box_gap_return,oi_face_rot_anchor_mppi,18948,256,16,0,0,0,1,0,500,1.49374,0.648916,97.9104,0,0.701323,0.816119,1.56007,780.033,794.865,2048000,2.2433,2.4311,0,1.56033,0,1,0
box_gap_return,oi_face_rot_anchor_mppi,18955,256,16,0,0,0,1,0,500,1.49955,0.48032,96.8475,0,0.698002,0.824252,1.59495,797.473,812.702,2048000,2.3049,2.4389,0,1.5952,0,1,0
box_gap_return,oi_face_rot_anchor_mppi,18962,256,16,0,0,0,1,0,500,1.49871,0.492795,97.1697,0,0.686747,0.795911,1.59354,796.768,809.06,2048000,2.2831,2.428,0,1.59377,0,1,0
box_gap_return,oi_face_rot_anchor_mppi,18969,256,16,0,0,0,1,0,500,1.50366,0.465418,95.1636,0,0.726796,0.911601,1.51761,758.806,779.59,2048000,2.3301,3.2985,0,1.51792,0,1,0
box_gap_return,oi_face_rot_anchor_mppi,18976,256,16,0,0,0,1,0,500,1.49251,0.589348,96.0364,0,0.746506,0.973668,1.51622,758.112,774.825,2048000,2.3095,2.4434,0,1.51653,0,1,0
box_gap_return,oi_face_rot_anchor_mppi,18983,256,16,0,0,0,1,0,500,1.49785,0.477222,97.4663,0,0.70439,0.855141,1.58583,792.914,805.801,2048000,2.3151,2.4457,0,1.58608,0,1,0
box_gap_return,oi_face_rot_anchor_mppi,18990,256,16,0,0,0,1,0,500,1.50607,0.399727,96.0854,0,0.825307,1.20129,1.58197,790.986,805.374,2048000,2.3022,2.4394,0,1.58223,0,1,0
box_gap_return,oi_face_rot_anchor_mppi,18997,256,16,0,0,0,1,0,500,1.51474,0.360948,95.7826,0,0.767047,1.00565,1.61128,805.642,819.166,2048000,2.2878,2.4485,0,1.61155,0,1,0
box_gap_return,oi_face_rot_anchor_mppi,19004,256,16,0,0,0,1,0,500,1.4961,0.659631,95.1183,0,0.796755,1.09063,1.59964,799.819,813.732,2048000,2.3216,2.4457,0,1.5999,0,1,0
box_gap_return,oi_face_rot_anchor_mppi,19011,256,16,0,0,0,1,0,500,1.5095,0.394718,96.2961,0,0.760174,1.03007,1.49678,748.39,765.322,2048000,2.2743,2.42,0,1.49706,0,1,0
box_gap_return,oi_face_rot_anchor_mppi,19018,256,16,0,0,0,1,0,500,1.52484,0.707074,97.073,0,0.770752,1.01212,1.52972,764.858,778.631,2048000,2.1996,2.4121,0,1.53001,0,1,0
box_gap_return,oi_face_rot_anchor_mppi,19025,256,16,0,0,0,1,0,500,1.49297,0.573756,95.7164,0,0.810886,1.13859,1.62086,810.432,824.439,2048000,2.3267,2.4788,0,1.62115,0,1,0
box_gap_return,oi_face_rot_anchor_mppi,19032,256,16,0,0,0,1,0,500,1.50218,0.478523,95.5833,0,0.79917,1.08669,1.54751,773.753,788.36,2048000,2.3166,2.4395,0,1.54776,0,1,0
box_gap_return,oi_face_rot_anchor_mppi,19039,256,16,0,0,0,1,0,500,1.49481,0.520474,94.7476,0,0.736943,0.931342,1.49408,747.042,769.99,2048000,2.294,2.4673,0,1.49443,0,1,0
box_gap_return,oi_face_rot_anchor_mppi,19046,256,16,0,0,0,1,0,500,1.50858,0.427353,95.6666,0,0.760123,0.979546,1.5199,759.949,780.5,2048000,2.3194,2.447,0,1.52023,0,1,0
box_gap_return,oi_face_rot_anchor_mppi,19053,256,16,0,0,0,1,0,500,1.4973,0.548816,94.4234,0,0.843268,1.22291,1.60264,801.322,815.989,2048000,2.3646,2.4511,0,1.60292,0,1,0
box_gap_return,oi_face_rot_anchor_mppi,19060,256,16,0,0,0,1,0,500,1.49486,0.586286,96.4311,0,0.794934,1.05316,1.57004,785.022,802.846,2048000,2.3426,2.437,0,1.57034,0,1,0
box_gap_return,oi_face_rot_anchor_mppi,19067,256,16,0,0,0,1,0,500,1.51579,0.449803,96.341,0,0.773771,1.05006,1.58441,792.206,808.025,2048000,2.2716,2.4443,0,1.58468,0,1,0
box_gap_return,oi_face_rot_anchor_mppi,19074,256,16,0,0,0,1,0,500,1.50558,0.515806,96.3649,0,0.806453,1.10666,1.548,773.999,790.102,2048000,2.3338,2.4384,0,1.54829,0,1,0
box_gap_return,oi_face_rot_anchor_mppi,19081,256,16,0,0,0,1,0,500,1.51956,0.454423,95.5929,0,0.859591,1.28703,1.61535,807.676,821.366,2048000,2.3383,2.4623,0,1.61563,0,1,0
box_gap_return,oi_face_rot_anchor_mppi,19088,256,16,0,0,0,1,0,500,1.49702,0.55203,94.9997,0,0.812078,1.12653,1.62398,811.989,825.63,2048000,2.271,2.4589,0,1.62422,0,1,0
box_gap_return,oi_face_rot_anchor_mppi,19095,256,16,0,0,0,1,0,500,1.51511,0.413317,96.6595,0,0.723132,0.881149,1.59854,799.268,813.55,2048000,2.2769,2.4396,0,1.59882,0,1,0
box_gap_return,oi_face_rot_anchor_mppi,19102,256,16,0,0,0,1,0,500,1.50065,0.525317,96.2811,0,0.797367,1.13278,1.55374,776.869,793.342,2048000,2.2425,2.4753,0,1.55407,0,1,0
box_gap_return,oi_face_rot_anchor_mppi,19109,256,16,0,0,0,1,0,500,1.49272,0.626594,94.8858,0,0.751953,0.93729,1.43151,715.754,739.137,2048000,2.2102,5.6127,0,1.43188,0,1,0
box_gap_return,oi_face_rot_anchor_mppi,19116,256,16,0,0,0,1,0,500,1.53821,0.351086,96.7462,0,0.747055,0.950013,1.5707,785.351,800.284,2048000,2.2229,2.4269,0,1.57097,0,1,0
box_gap_return,oi_face_rot_anchor_mppi,19123,256,16,0,0,0,1,0,500,1.49296,0.564709,95.2575,0,0.86764,1.27074,1.54553,772.763,787.19,2048000,2.2278,2.4608,0,1.54579,0,1,0
box_gap_return,oi_face_rot_anchor_mppi,19130,256,16,0,0,0,1,0,500,1.49267,0.577782,96.0351,0,0.684454,0.817835,1.39455,697.277,713.067,2048000,2.2009,2.9377,0,1.39481,0,1,0
box_gap_return,oi_face_rot_anchor_mppi,19137,256,16,0,0,0,1,0,500,1.50778,0.530214,96.9869,0,0.730954,0.915181,1.51933,759.663,774.67,2048000,2.1993,2.4234,0,1.5196,0,1,0
box_gap_return,oi_face_rot_anchor_mppi,19144,256,16,0,0,0,1,0,500,1.51321,0.40086,96.4971,0,0.781535,1.09338,1.62778,813.888,827.661,2048000,2.2915,2.4387,0,1.62803,0,1,0
box_gap_return,oi_face_rot_anchor_mppi,19151,256,16,0,0,0,1,0,500,1.52154,0.386108,96.3445,0,0.715298,0.865979,1.61589,807.944,822.642,2048000,2.3168,2.4664,0,1.61616,0,1,0
box_gap_return,oi_face_rot_anchor_mppi,19158,256,16,0,0,0,1,0,500,1.5021,0.433254,94.9873,0,0.803374,1.11525,1.62746,813.729,827.507,2048000,2.3407,2.4376,0,1.62774,0,1,0
box_gap_return,oi_face_rot_anchor_mppi,19165,256,16,0,0,0,1,0,500,1.50368,0.503861,96.0377,0,0.701893,0.842931,1.62272,811.359,825.351,2048000,2.3422,2.4582,0,1.62299,0,1,0
box_gap_return,oi_face_rot_anchor_mppi,19172,256,16,0,0,0,1,0,500,1.50237,0.467834,96.8876,0,0.720524,0.894984,1.60427,802.134,817.729,2048000,2.2944,2.4525,0,1.60455,0,1,0
box_gap_return,oi_face_rot_anchor_mppi,19179,256,16,0,0,0,1,0,500,1.49468,0.524888,94.6156,0,0.845481,1.26634,1.47042,735.212,753.539,2048000,2.2183,2.4612,0,1.47072,0,1,0
box_gap_return,oi_face_rot_anchor_mppi,19186,256,16,0,0,0,1,0,500,1.54541,0.239397,95.1245,0,0.852683,1.25336,1.35234,676.171,700.521,2048000,2.1636,3.5274,0,1.35275,0,1,0
box_gap_return,oi_face_rot_anchor_mppi,19193,256,16,0,0,0,1,0,500,1.497,0.636854,95.9931,0,0.763261,0.97565,1.36608,683.04,701.957,2048000,2.065,2.4048,0,1.36639,0,1,0
box_gap_return,oi_face_rot_anchor_mppi,19200,256,16,0,0,0,1,0,500,1.49271,0.575856,95.1797,0,0.850182,1.23091,1.49002,745.011,763.755,2048000,2.1875,2.4381,0,1.49039,0,1,0
box_gap_return,oi_face_rot_anchor_mppi,19207,256,16,0,0,0,1,0,500,1.50166,0.441449,93.7496,0,0.835952,1.21076,1.50032,750.16,768.017,2048000,2.1293,2.4533,0,1.50063,0,1,0
box_gap_return,oi_face_rot_anchor_mppi,19214,256,16,0,0,0,1,0,500,1.49766,0.542467,96.1339,0,0.778084,1.05815,1.51083,755.413,771.983,2048000,2.1408,2.445,0,1.51112,0,1,0
box_gap_return,oi_face_rot_anchor_mppi,19221,256,16,0,0,0,1,0,500,1.52529,0.311402,95.2135,0,0.766811,1.04017,1.58977,794.887,809.294,2048000,2.3274,2.4467,0,1.59005,0,1,0
box_gap_return,oi_face_rot_anchor_mppi,19228,256,16,0,0,0,1,0,500,1.49793,0.496017,94.9989,0,0.768604,0.986191,1.57889,789.447,803.341,2048000,2.3318,2.4498,0,1.57916,0,1,0
box_gap_return,oi_face_rot_anchor_mppi,19235,256,16,0,0,0,1,0,500,1.50098,0.588961,96.9512,0,0.695016,0.816408,1.58038,790.188,804.369,2048000,2.3349,2.4572,0,1.58064,0,1,0
box_gap_return,oi_face_rot_anchor_mppi,19242,256,16,0,0,0,1,0,500,1.51619,0.379578,94.9524,0,0.819544,1.14203,1.59537,797.686,813.855,2048000,2.32,2.4639,0,1.59564,0,1,0
box_gap_return,oi_face_rot_anchor_mppi,19249,256,16,0,0,0,1,0,500,1.50428,0.442633,94.9309,0,0.813567,1.14255,1.47051,735.256,756.965,2048000,2.282,9.1838,0,1.47085,0,1,0
box_gap_return,oi_face_rot_turnpath_mppi,18556,256,16,0,0,1,1,1,346,0.240654,0.0720705,64.7199,0,1.3361,3.6324,1.56595,541.817,552.36,1417216,2.2723,2.4122,0,1.56629,0,1,1
box_gap_return,oi_face_rot_turnpath_mppi,18563,256,16,0,0,1,1,1,237,0.248154,0.0382744,45.0617,0,0.774224,1.44443,1.50504,356.695,364.284,970752,2.2045,2.4158,0,1.50542,0,1,1
box_gap_return,oi_face_rot_turnpath_mppi,18570,256,16,0,0,0,1,0,500,1.99561,0.914144,163.905,0,2.31926,6.78681,1.63967,819.835,835.201,2048000,2.3075,2.4182,0,1.63993,0,1,0
box_gap_return,oi_face_rot_turnpath_mppi,18577,256,16,0,0,1,1,1,236,0.225263,0.00908587,40.0988,0,0.785584,1.47036,1.65309,390.129,396.662,966656,2.3378,2.4252,0,1.65342,0,1,1
box_gap_return,oi_face_rot_turnpath_mppi,18584,256,16,0,0,1,1,1,283,0.248726,0.0295428,52.4568,0,0.873348,1.69947,1.6467,466.016,473.76,1159168,2.3585,2.4093,0,1.647,0,1,1
box_gap_return,oi_face_rot_turnpath_mppi,18591,256,16,0,0,1,1,1,172,0.248327,0.0756133,34.0332,0,0.539537,0.693473,1.67093,287.4,292.692,704512,2.3711,2.4398,0,1.67133,0,1,1
box_gap_return,oi_face_rot_turnpath_mppi,18598,256,16,0,0,1,1,1,242,0.24357,0.0203684,38.7222,0,0.689323,1.03973,1.66757,403.551,411.434,991232,2.3542,2.4642,0,1.66793,0,1,1
box_gap_return,oi_face_rot_turnpath_mppi,18605,256,16,0,0,1,1,1,264,0.238002,0.116209,55.3416,0,0.835915,1.4502,1.66897,440.608,448.241,1081344,2.3704,2.4201,0,1.6693,0,1,1
box_gap_return,oi_face_rot_turnpath_mppi,18612,256,16,0,0,1,1,1,214,0.232173,0.0830915,37.2135,0,0.756432,1.48582,1.69417,362.552,368.572,876544,2.3738,2.4337,0,1.69453,0,1,1
box_gap_return,oi_face_rot_turnpath_mppi,18619,256,16,0,0,1,1,1,270,0.227922,0.166018,53.4974,0,0.880577,1.79681,1.6765,452.656,459.829,1105920,2.3259,2.4496,0,1.6768,0,1,1
box_gap_return,oi_face_rot_turnpath_mppi,18626,256,16,0,0,1,1,1,239,0.247724,0.154631,40.1295,0,0.640777,0.949997,1.67179,399.558,406.106,978944,2.3858,2.4946,0,1.67214,0,1,1
box_gap_return,oi_face_rot_turnpath_mppi,18633,256,16,0,0,1,1,1,267,0.237385,0.0161676,53.084,0,0.819716,1.55032,1.67634,447.582,455.698,1093632,2.3564,2.4295,0,1.67664,0,1,1
box_gap_return,oi_face_rot_turnpath_mppi,18640,256,16,0,0,1,1,1,326,0.239135,0.00656012,61.8914,0,0.887959,1.69885,1.66652,543.285,552.219,1335296,2.386,2.4471,0,1.66681,0,1,1
box_gap_return,oi_face_rot_turnpath_mppi,18647,256,16,0,0,1,1,1,255,0.234878,0.0262366,48.5723,0,0.803231,1.48883,1.65914,423.081,430.671,1044480,2.358,2.4332,0,1.65948,0,1,1
box_gap_return,oi_face_rot_turnpath_mppi,18654,256,16,0,0,1,1,1,228,0.231303,0.00547669,38.5267,0,0.748962,1.35926,1.68695,384.625,390.457,933888,2.3794,2.4494,0,1.68732,0,1,1
box_gap_return,oi_face_rot_turnpath_mppi,18661,256,16,0,0,1,1,1,271,0.227454,0.000724464,55.5706,0,0.753618,1.19272,1.65629,448.855,456.592,1110016,2.37,2.4395,0,1.65661,0,1,1
box_gap_return,oi_face_rot_turnpath_mppi,18668,256,16,0,0,1,1,1,232,0.225568,0.0145378,47.8759,0,0.697126,1.05928,1.66509,386.302,393.132,950272,2.3153,2.4291,0,1.66546,0,1,1
box_gap_return,oi_face_rot_turnpath_mppi,18675,256,16,0,0,1,1,1,268,0.23216,0.0323235,50.8162,0,0.761223,1.29992,1.61553,432.963,443.706,1097728,2.3478,2.4643,0,1.61594,0,1,1
box_gap_return,oi_face_rot_turnpath_mppi,18682,256,16,0,0,1,1,1,338,0.225995,0.0451096,64.7704,0,0.955003,1.89615,1.49123,504.037,522.169,1384448,2.3262,3.6638,0,1.49165,0,1,1
box_gap_return,oi_face_rot_turnpath_mppi,18689,256,16,0,0,1,1,1,236,0.248858,0.112369,38.2282,0,0.86388,1.86179,1.49175,352.053,362.64,966656,2.3274,2.4364,0,1.49216,0,1,1
box_gap_return,oi_face_rot_turnpath_mppi,18696,256,16,0,0,1,1,1,254,0.243737,0.106012,49.2975,0,0.758734,1.43304,1.51796,385.562,395.637,1040384,2.2832,2.4081,0,1.51845,0,1,1
box_gap_return,oi_face_rot_turnpath_mppi,18703,256,16,0,0,1,1,1,171,0.235325,0.117726,34.1843,0,0.627187,0.904991,1.39999,239.398,248.796,700416,2.3345,3.1117,0,1.40056,0,1,1
box_gap_return,oi_face_rot_turnpath_mppi,18710,256,16,0,0,1,1,1,234,0.230367,0.040638,36.8112,0,0.706402,1.17035,1.46676,343.221,351.314,958464,2.3537,2.4695,0,1.46716,0,1,1
box_gap_return,oi_face_rot_turnpath_mppi,18717,256,16,0,0,1,1,1,240,0.241146,0.103363,36.4933,0,0.672775,1.05676,1.52598,366.235,375.88,983040,2.2791,2.4016,0,1.52641,0,1,1
box_gap_return,oi_face_rot_turnpath_mppi,18724,256,16,0,0,1,1,1,301,0.240117,0.131414,55.6637,0,0.979096,2.07881,1.51942,457.345,468.582,1232896,2.2221,2.4096,0,1.51978,0,1,1
box_gap_return,oi_face_rot_turnpath_mppi,18731,256,16,0,0,1,1,1,275,0.232123,0.0080154,41.9569,0,0.63934,0.948272,1.5634,429.934,439.265,1126400,2.2884,2.4132,0,1.56375,0,1,1
box_gap_return,oi_face_rot_turnpath_mppi,18738,256,16,0,0,1,1,1,180,0.237265,0.000862489,35.7735,0,0.517962,0.562594,1.58307,284.953,290.386,737280,2.2514,2.4721,0,1.58346,0,1,1
box_gap_return,oi_face_rot_turnpath_mppi,18745,256,16,0,0,1,1,1,283,0.244211,0.0992856,53.7955,0,0.914229,1.9271,1.58706,449.138,457.277,1159168,2.3066,2.4124,0,1.58736,0,1,1
box_gap_return,oi_face_rot_turnpath_mppi,18752,256,16,0,0,1,1,1,248,0.236906,0.0636263,39.5088,0,0.662947,1.1716,1.60322,397.598,405.205,1015808,2.2823,2.4342,0,1.60356,0,1,1
box_gap_return,oi_face_rot_turnpath_mppi,18759,256,16,0,0,1,1,1,257,0.231842,0.0854615,48.0175,0,0.83169,1.47752,1.5808,406.266,413.479,1052672,2.3564,2.4242,0,1.58113,0,1,1
box_gap_return,oi_face_rot_turnpath_mppi,18766,256,16,0,0,1,1,1,243,0.227878,0.00452639,48.6415,0,0.71689,1.08754,1.6517,401.363,408.899,995328,2.3752,2.4048,0,1.65202,0,1,1
box_gap_return,oi_face_rot_turnpath_mppi,18773,256,16,0,0,1,1,1,233,0.23309,0.0683381,52.9576,0,0.548508,0.6023,1.64156,382.484,390.008,954368,2.3199,2.4704,0,1.64192,0,1,1
box_gap_return,oi_face_rot_turnpath_mppi,18780,256,16,0,0,1,1,1,250,0.232079,0.0512173,39.0491,0,0.732081,1.34254,1.5677,391.925,398.294,1024000,2.3081,2.4337,0,1.568,0,1,1
box_gap_return,oi_face_rot_turnpath_mppi,18787,256,16,0,0,1,1,1,259,0.245917,0.00562024,49.1895,0,0.78862,1.37803,1.53129,396.604,404.37,1060864,2.2436,2.3952,0,1.5316,0,1,1
box_gap_return,oi_face_rot_turnpath_mppi,18794,256,16,0,0,1,1,1,183,0.22382,0.109995,40.5848,0,0.681161,1.24872,1.41662,259.241,269.045,749568,2.2396,2.4154,0,1.41712,0,1,1
box_gap_return,oi_face_rot_turnpath_mppi,18801,256,16,0,0,1,1,1,422,0.230157,0.0298797,69.7892,0,1.29882,3.26068,1.42683,602.122,621.354,1728512,2.24,2.5141,0,1.42716,0,1,1
box_gap_return,oi_face_rot_turnpath_mppi,18808,256,16,0,0,1,1,1,258,0.242306,0.0852785,51.0541,0,0.707204,1.18876,1.64651,424.8,432.107,1056768,2.311,2.4148,0,1.64682,0,1,1
box_gap_return,oi_face_rot_turnpath_mppi,18815,256,16,0,0,1,1,1,260,0.249597,0.0317678,48.5722,0,0.902418,1.98374,1.63963,426.305,433.796,1064960,2.3493,2.4186,0,1.63995,0,1,1
box_gap_return,oi_face_rot_turnpath_mppi,18822,256,16,0,0,1,1,1,229,0.225937,0.103502,48.93,0,0.694158,1.06955,1.6786,384.399,393.084,937984,2.3596,2.4223,0,1.67895,0,1,1
box_gap_return,oi_face_rot_turnpath_mppi,18829,256,16,0,0,1,1,1,250,0.22963,0.0514309,46.9579,0,0.798102,1.44146,1.67513,418.784,426.001,1024000,2.3644,2.4296,0,1.67549,0,1,1
box_gap_return,oi_face_rot_turnpath_mppi,18836,256,16,0,0,1,1,1,269,0.229106,0.0108361,42.044,0,0.680361,0.987553,1.64772,443.237,450.429,1101824,2.3709,2.4487,0,1.64802,0,1,1
box_gap_return,oi_face_rot_turnpath_mppi,18843,256,16,0,0,1,1,1,245,0.235286,0.0330498,48.9944,0,0.729295,1.12524,1.67655,410.754,418.117,1003520,2.3239,2.4262,0,1.67686,0,1,1
box_gap_return,oi_face_rot_turnpath_mppi,18850,256,16,0,0,1,1,1,227,0.249564,0.00950515,35.9109,0,0.766514,1.4378,1.66989,379.064,386.087,929792,2.3715,2.4391,0,1.67023,0,1,1
box_gap_return,oi_face_rot_turnpath_mppi,18857,256,16,0,0,1,1,1,262,0.226563,0.0438186,39.2159,0,0.682024,0.968101,1.67812,439.666,447.491,1073152,2.3414,2.4722,0,1.67843,0,1,1
box_gap_return,oi_face_rot_turnpath_mppi,18864,256,16,0,0,1,1,1,229,0.228224,0.0134507,41.7926,0,0.686902,1.27115,1.69722,388.663,395.492,937984,2.3756,2.4428,0,1.69755,0,1,1
box_gap_return,oi_face_rot_turnpath_mppi,18871,256,16,0,0,1,1,1,249,0.247196,0.0637811,36.9909,0,0.763258,1.34091,1.70036,423.39,430.841,1019904,2.3464,2.4107,0,1.70071,0,1,1
box_gap_return,oi_face_rot_turnpath_mppi,18878,256,16,0,0,1,1,1,260,0.249329,0.131615,43.3004,0,0.710891,1.23214,1.65372,429.967,436.838,1064960,2.3331,2.4274,0,1.65403,0,1,1
box_gap_return,oi_face_rot_turnpath_mppi,18885,256,16,0,0,1,1,1,272,0.230112,0.135246,50.2798,0,0.854406,1.62404,1.60975,437.852,447.245,1114112,2.3041,2.4153,0,1.61007,0,1,1
box_gap_return,oi_face_rot_turnpath_mppi,18892,256,16,0,0,1,1,1,205,0.238375,0.105115,44.3778,0,0.635484,0.949341,1.57862,323.618,330.113,839680,2.3378,2.3991,0,1.57899,0,1,1
box_gap_return,oi_face_rot_turnpath_mppi,18899,256,16,0,0,1,1,1,288,0.245273,0.0219928,46.201,0,0.700115,1.16382,1.63694,471.438,480.097,1179648,2.3283,2.4956,0,1.63726,0,1,1
box_gap_return,oi_face_rot_turnpath_mppi,18906,256,16,0,0,1,1,1,232,0.236626,0.0436891,37.5265,0,0.719184,1.1312,1.63811,380.042,386.349,950272,2.3344,2.4374,0,1.63844,0,1,1
box_gap_return,oi_face_rot_turnpath_mppi,18913,256,16,0,0,1,1,1,257,0.23693,0.0466673,51.5795,0,0.827446,1.50163,1.62194,416.838,425.207,1052672,2.3661,2.4259,0,1.62229,0,1,1
box_gap_return,oi_face_rot_turnpath_mppi,18920,256,16,0,0,1,1,1,194,0.232018,0.0651763,37.9558,0,0.722462,1.27985,1.73673,336.925,341.993,794624,2.3962,2.4437,0,1.73705,0,1,1
box_gap_return,oi_face_rot_turnpath_mppi,18927,256,16,0,0,0,1,0,500,1.75689,1.32015,144.343,0,0.970709,1.87253,1.7432,871.599,885.542,2048000,2.4292,2.4967,0,1.74345,0,1,0
box_gap_return,oi_face_rot_turnpath_mppi,18934,256,16,0,0,1,1,1,221,0.230576,0.0649325,45.1094,0,0.683813,1.12515,1.62085,358.208,366.178,905216,2.363,2.4125,0,1.62122,0,1,1
box_gap_return,oi_face_rot_turnpath_mppi,18941,256,16,0,0,0,1,0,500,1.75824,1.3759,146.038,0,0.555178,0.656867,1.6545,827.25,848.895,2048000,2.3972,3.0261,0,1.65484,0,1,0
box_gap_return,oi_face_rot_turnpath_mppi,18948,256,16,0,0,1,1,1,215,0.230928,0.137475,36.2006,0,0.662703,1.12094,1.52303,327.451,337.679,880640,2.3511,2.3964,0,1.52352,0,1,1
box_gap_return,oi_face_rot_turnpath_mppi,18955,256,16,0,0,1,1,1,223,0.245161,0.075886,44.5447,0,0.740011,1.36333,1.48319,330.751,341.634,913408,2.339,2.4107,0,1.48366,0,1,1
box_gap_return,oi_face_rot_turnpath_mppi,18962,256,16,0,0,1,1,1,238,0.233282,0.111522,37.1008,0,0.664319,1.21919,1.52652,363.312,375.506,974848,2.2918,3.185,0,1.527,0,1,1
box_gap_return,oi_face_rot_turnpath_mppi,18969,256,16,0,0,1,1,1,222,0.239758,0.045018,36.8094,0,0.615323,0.891571,1.50509,334.129,346.349,909312,2.3256,2.4394,0,1.50558,0,1,1
box_gap_return,oi_face_rot_turnpath_mppi,18976,256,16,0,0,1,1,1,288,0.244548,0.0133525,46.3791,0,0.711458,1.18916,1.59329,458.868,469.06,1179648,2.3209,2.4345,0,1.59366,0,1,1
box_gap_return,oi_face_rot_turnpath_mppi,18983,256,16,0,0,1,1,1,265,0.240572,0.022178,50.9573,0,0.821639,1.52542,1.61772,428.696,437.023,1085440,2.291,2.4116,0,1.61804,0,1,1
box_gap_return,oi_face_rot_turnpath_mppi,18990,256,16,0,0,1,1,1,280,0.230961,0.0153428,62.2661,0,0.825365,1.46309,1.58747,444.492,453.594,1146880,2.2567,2.4682,0,1.58786,0,1,1
box_gap_return,oi_face_rot_turnpath_mppi,18997,256,16,0,0,1,1,1,218,0.234918,0.0293128,35.7749,0,0.783096,1.42842,1.49098,325.034,331.255,892928,2.132,2.4234,0,1.49134,0,1,1
box_gap_return,oi_face_rot_turnpath_mppi,19004,256,16,0,0,1,1,1,269,0.24735,0.0448904,40.1591,0,0.816739,1.49708,1.51763,408.243,417.046,1101824,2.2109,2.4206,0,1.51795,0,1,1
box_gap_return,oi_face_rot_turnpath_mppi,19011,256,16,0,0,1,1,1,215,0.243283,0.118445,44.8004,0,0.695375,1.07073,1.59657,343.262,351.815,880640,2.2358,2.3874,0,1.59691,0,1,1
box_gap_return,oi_face_rot_turnpath_mppi,19018,256,16,0,0,1,1,1,171,0.245161,0.13016,34.1107,0,0.581269,0.833135,1.62373,277.657,282.283,700416,2.3594,2.4022,0,1.62413,0,1,1
box_gap_return,oi_face_rot_turnpath_mppi,19025,256,16,0,0,1,1,1,239,0.247572,0.0532561,37.4846,0,0.780551,1.51492,1.58703,379.3,386.031,978944,2.2528,2.452,0,1.58737,0,1,1
box_gap_return,oi_face_rot_turnpath_mppi,19032,256,16,0,0,1,1,1,260,0.235757,0.114239,51.3817,0,0.760372,1.44744,1.60237,416.615,424.486,1064960,2.3288,2.4187,0,1.60268,0,1,1
box_gap_return,oi_face_rot_turnpath_mppi,19039,256,16,0,0,1,1,1,283,0.22919,0.0349356,52.1578,0,0.872309,1.66712,1.5589,441.168,451.57,1159168,2.2602,2.4076,0,1.55922,0,1,1
box_gap_return,oi_face_rot_turnpath_mppi,19046,256,16,0,0,1,1,1,171,0.239678,0.0516345,33.9177,0,0.557759,0.664201,1.45108,248.134,256.184,700416,2.2309,2.6247,0,1.45158,0,1,1
box_gap_return,oi_face_rot_turnpath_mppi,19053,256,16,0,0,1,1,1,239,0.227535,0.0358057,48.7622,0,0.703957,1.14024,1.53631,367.177,376.462,978944,2.2601,2.4023,0,1.53673,0,1,1
box_gap_return,oi_face_rot_turnpath_mppi,19060,256,16,0,0,0,1,0,500,1.75966,1.41281,147.554,0,0.517935,0.520275,1.67996,839.981,855.351,2048000,2.3858,2.4898,0,1.68027,0,1,0
box_gap_return,oi_face_rot_turnpath_mppi,19067,256,16,0,0,1,1,1,200,0.246891,0.01956,34.1683,0,0.776319,1.24258,1.51863,303.726,311.387,819200,2.2663,2.4717,0,1.51899,0,1,1
box_gap_return,oi_face_rot_turnpath_mppi,19074,256,16,0,0,1,1,1,250,0.231681,0.0394379,49.7846,0,0.7283,1.08586,1.48546,371.365,380.394,1024000,2.2706,2.4188,0,1.48583,0,1,1
box_gap_return,oi_face_rot_turnpath_mppi,19081,256,16,0,0,1,1,1,251,0.240051,0.0480073,38.2079,0,0.740569,1.31331,1.57006,394.085,405.268,1028096,2.3065,2.4316,0,1.57048,0,1,1
box_gap_return,oi_face_rot_turnpath_mppi,19088,256,16,0,0,1,1,1,186,0.246245,0.102622,35.1437,0,0.68723,1.17179,1.50714,280.328,287.154,761856,2.1682,2.4181,0,1.50763,0,1,1
box_gap_return,oi_face_rot_turnpath_mppi,19095,256,16,0,0,1,1,1,273,0.232346,0.0722594,51.2735,0,0.963324,2.11939,1.52959,417.578,426.049,1118208,2.2572,2.3975,0,1.52992,0,1,1
box_gap_return,oi_face_rot_turnpath_mppi,19102,256,16,0,0,1,1,1,225,0.244901,0.0338656,45.1725,0,0.717424,1.29784,1.56052,351.118,358.029,921600,2.2458,2.3984,0,1.56091,0,1,1
box_gap_return,oi_face_rot_turnpath_mppi,19109,256,16,0,0,1,1,1,221,0.247731,0.0435204,38.5992,0,0.687077,1.20507,1.5573,344.164,351.38,905216,2.2535,2.4416,0,1.5577,0,1,1
box_gap_return,oi_face_rot_turnpath_mppi,19116,256,16,0,0,0,1,0,500,0.791095,0.651647,52.4698,0,2.12026,6.13557,1.59202,796.012,814.438,2048000,2.2406,2.4046,0,1.59231,0,1,0
box_gap_return,oi_face_rot_turnpath_mppi,19123,256,16,0,0,1,1,1,253,0.246338,0.00983953,48.6602,0,0.794989,1.47388,1.55653,393.802,402.741,1036288,2.2644,2.4161,0,1.55688,0,1,1
box_gap_return,oi_face_rot_turnpath_mppi,19130,256,16,0,0,1,1,1,212,0.239772,0.0229247,35.5377,0,0.737174,1.25941,1.56884,332.594,339.053,868352,2.1872,2.385,0,1.5692,0,1,1
box_gap_return,oi_face_rot_turnpath_mppi,19137,256,16,0,0,1,1,1,246,0.248195,0.0991813,37.6169,0,0.765483,1.44441,1.51383,372.401,380.441,1007616,2.1782,2.4289,0,1.51419,0,1,1
box_gap_return,oi_face_rot_turnpath_mppi,19144,256,16,0,0,1,1,1,176,0.241291,0.156469,36.6435,0,0.591739,0.744447,1.51851,267.258,273.853,720896,2.2378,2.4772,0,1.5189,0,1,1
box_gap_return,oi_face_rot_turnpath_mppi,19151,256,16,0,0,1,1,1,241,0.245862,0.0846783,39.2504,0,0.609869,0.965755,1.47709,355.979,363.629,987136,2.198,2.3674,0,1.47747,0,1,1
box_gap_return,oi_face_rot_turnpath_mppi,19158,256,16,0,0,1,1,1,201,0.231185,0.0372687,35.2318,0,0.612294,0.99521,1.46032,293.525,299.565,823296,2.2313,2.5078,0,1.46066,0,1,1
box_gap_return,oi_face_rot_turnpath_mppi,19165,256,16,0,0,1,1,1,232,0.230432,0.0843207,48.5252,0,0.766817,1.39121,1.54153,357.636,364.524,950272,2.2314,2.4372,0,1.54191,0,1,1
box_gap_return,oi_face_rot_turnpath_mppi,19172,256,16,0,0,1,1,1,179,0.228488,0.106421,34.9809,0,0.640454,1.01243,1.65374,296.02,301.446,733184,2.2437,2.4246,0,1.65415,0,1,1
box_gap_return,oi_face_rot_turnpath_mppi,19179,256,16,0,0,1,1,1,211,0.243854,0.0654925,34.7598,0,0.747427,1.31604,1.52601,321.989,330.576,864256,2.1905,2.3871,0,1.52639,0,1,1
box_gap_return,oi_face_rot_turnpath_mppi,19186,256,16,0,0,1,1,1,230,0.229752,0.0526928,36.4584,0,0.697552,1.28938,1.4133,325.06,332.809,942080,2.0853,2.4753,0,1.41368,0,1,1
box_gap_return,oi_face_rot_turnpath_mppi,19193,256,16,0,0,1,1,1,249,0.235329,0.096473,39.2521,0,0.712566,1.17925,1.54443,384.564,392.978,1019904,2.2196,2.4308,0,1.54477,0,1,1
box_gap_return,oi_face_rot_turnpath_mppi,19200,256,16,0,0,1,1,1,243,0.240513,0.0466431,46.2193,0,0.770991,1.45569,1.54996,376.641,385.63,995328,2.1978,2.4049,0,1.55033,0,1,1
box_gap_return,oi_face_rot_turnpath_mppi,19207,256,16,0,0,1,1,1,210,0.235594,0.0662931,35.8905,0,0.78511,1.52317,1.47991,310.782,317.66,860160,2.2139,2.425,0,1.48027,0,1,1
box_gap_return,oi_face_rot_turnpath_mppi,19214,256,16,0,0,1,1,1,148,0.247414,0.0678823,29.8684,0,0.660896,0.977888,1.48684,220.053,226.845,606208,2.1811,2.3997,0,1.48741,0,1,1
box_gap_return,oi_face_rot_turnpath_mppi,19221,256,16,0,0,1,1,1,187,0.227436,0.0393834,37.4112,0,0.698694,1.1564,1.48897,278.438,286.326,765952,2.2016,2.432,0,1.48945,0,1,1
box_gap_return,oi_face_rot_turnpath_mppi,19228,256,16,0,0,1,1,1,288,0.226479,0.120501,53.651,0,0.658957,1.07612,1.48119,426.584,438.165,1179648,2.2238,2.4711,0,1.48157,0,1,1
box_gap_return,oi_face_rot_turnpath_mppi,19235,256,16,0,0,1,1,1,217,0.24495,0.0197146,36.1693,0,0.737307,1.40605,1.35085,293.135,306.221,888832,2.163,4.1376,0,1.35142,0,1,1
box_gap_return,oi_face_rot_turnpath_mppi,19242,256,16,0,0,1,1,1,205,0.230933,0.0135343,35.6497,0,0.65701,0.961231,1.2324,252.641,265.92,839680,2.1173,3.5952,0,1.2329,0,1,1
box_gap_return,oi_face_rot_turnpath_mppi,19249,256,16,0,0,1,1,1,280,0.230411,0.0332576,53.295,0,0.666764,1.01061,1.29423,362.385,377.833,1146880,2.1717,2.4065,0,1.29467,0,1,1
box_gap_return,oi_face_rot_wide_mppi,18556,256,16,0,0,0,1,0,500,1.549,0.199728,96.0061,0,0.578305,0.536076,1.37044,685.22,710.769,2048000,2.1858,2.4258,0,1.37083,0,1,0
box_gap_return,oi_face_rot_wide_mppi,18563,256,16,0,0,0,1,0,500,1.55317,0.20554,96.2902,0,0.604782,0.627743,1.59234,796.168,810.34,2048000,2.205,2.4361,0,1.5926,0,1,0
box_gap_return,oi_face_rot_wide_mppi,18570,256,16,0,0,0,1,0,500,1.54577,0.216891,95.0866,0,0.565779,0.506364,1.5729,786.45,801.434,2048000,2.2388,2.4603,0,1.57317,0,1,0
box_gap_return,oi_face_rot_wide_mppi,18577,256,16,0,0,0,1,0,500,1.5501,0.213409,96.3452,0,0.578331,0.530864,1.57784,788.919,803.521,2048000,2.2685,2.4354,0,1.5781,0,1,0
box_gap_return,oi_face_rot_wide_mppi,18584,256,16,0,0,0,1,0,500,1.55452,0.166933,96.3814,0,0.562114,0.48721,1.60669,803.346,818.064,2048000,2.288,2.4787,0,1.60695,0,1,0
box_gap_return,oi_face_rot_wide_mppi,18591,256,16,0,0,0,1,0,500,1.55267,0.209942,96.0482,0,0.593759,0.581862,1.49449,747.244,770.742,2048000,2.2692,2.6869,0,1.49483,0,1,0
box_gap_return,oi_face_rot_wide_mppi,18598,256,16,0,0,0,1,0,500,1.55523,0.207774,97.0147,0,0.607434,0.601899,1.60647,803.234,816.98,2048000,2.2816,2.4691,0,1.60672,0,1,0
box_gap_return,oi_face_rot_wide_mppi,18605,256,16,0,0,0,1,0,500,1.55241,0.18863,96.4143,0,0.584286,0.546586,1.59399,796.995,811.778,2048000,2.2907,2.4749,0,1.59425,0,1,0
box_gap_return,oi_face_rot_wide_mppi,18612,256,16,0,0,0,1,0,500,1.54571,0.296467,96.9829,0,0.622392,0.604051,1.46718,733.589,747.406,2048000,2.1206,2.4103,0,1.46742,0,1,0
box_gap_return,oi_face_rot_wide_mppi,18619,256,16,0,0,0,1,0,500,1.55849,0.231353,97.3694,0,0.632237,0.663756,1.45507,727.535,742.505,2048000,2.1227,2.4352,0,1.45534,0,1,0
box_gap_return,oi_face_rot_wide_mppi,18626,256,16,0,0,0,1,0,500,1.55312,0.26525,97.0247,0,0.609327,0.585331,1.57025,785.124,798.824,2048000,2.2128,2.456,0,1.57047,0,1,0
box_gap_return,oi_face_rot_wide_mppi,18633,256,16,0,0,0,1,0,500,1.55344,0.222495,96.2422,0,0.590512,0.55191,1.65339,826.693,841.576,2048000,2.3665,2.4904,0,1.65364,0,1,0
box_gap_return,oi_face_rot_wide_mppi,18640,256,16,0,0,0,1,0,500,1.55015,0.187189,96.4255,0,0.60494,0.592222,1.60091,800.457,816.448,2048000,2.2503,2.4384,0,1.60118,0,1,0
box_gap_return,oi_face_rot_wide_mppi,18647,256,16,0,0,0,1,0,500,1.55812,0.17814,96.9412,0,0.56943,0.507771,1.56747,783.735,797.394,2048000,2.2922,2.466,0,1.56771,0,1,0
box_gap_return,oi_face_rot_wide_mppi,18654,256,16,0,0,0,1,0,500,1.556,0.176253,96.8472,0,0.587811,0.566666,1.64385,821.923,835.603,2048000,2.3625,2.4401,0,1.64413,0,1,0
box_gap_return,oi_face_rot_wide_mppi,18661,256,16,0,0,0,1,0,500,1.55475,0.22101,96.4635,0,0.594237,0.565476,1.54395,771.977,787.475,2048000,2.2044,2.4675,0,1.5442,0,1,0
box_gap_return,oi_face_rot_wide_mppi,18668,256,16,0,0,0,1,0,500,1.55556,0.167219,96.2444,0,0.573275,0.529863,1.58392,791.958,806.385,2048000,2.2876,2.4476,0,1.58417,0,1,0
box_gap_return,oi_face_rot_wide_mppi,18675,256,16,0,0,0,1,0,500,1.55153,0.179472,96.3315,0,0.570192,0.511791,1.61133,805.665,819.789,2048000,2.2157,2.465,0,1.61162,0,1,0
box_gap_return,oi_face_rot_wide_mppi,18682,256,16,0,0,0,1,0,500,1.54952,0.219784,96.0799,0,0.590116,0.576026,1.54351,771.756,790.155,2048000,2.3018,2.4516,0,1.54382,0,1,0
box_gap_return,oi_face_rot_wide_mppi,18689,256,16,0,0,0,1,0,500,1.55478,0.136893,96.9284,0,0.578159,0.546549,1.47302,736.512,761.623,2048000,2.2953,6.8163,0,1.47336,0,1,0
box_gap_return,oi_face_rot_wide_mppi,18696,256,16,0,0,0,1,0,500,1.55352,0.255154,96.8376,0,0.633411,0.625895,1.39946,699.729,727.763,2048000,2.2796,4.1486,0,1.39983,0,1,0
box_gap_return,oi_face_rot_wide_mppi,18703,256,16,0,0,0,1,0,500,1.55348,0.22212,96.4905,0,0.613669,0.613532,1.51683,758.414,776.245,2048000,2.2211,2.4462,0,1.51714,0,1,0
box_gap_return,oi_face_rot_wide_mppi,18710,256,16,0,0,0,1,0,500,1.55377,0.202827,96.8198,0,0.594357,0.583504,1.62324,811.619,825.974,2048000,2.3712,2.4538,0,1.62349,0,1,0
box_gap_return,oi_face_rot_wide_mppi,18717,256,16,0,0,0,1,0,500,1.55031,0.274993,96.749,0,0.617875,0.62184,1.58811,794.055,811.24,2048000,2.3114,2.4429,0,1.58836,0,1,0
box_gap_return,oi_face_rot_wide_mppi,18724,256,16,0,0,0,1,0,500,1.55067,0.200462,96.6943,0,0.625544,0.672471,1.56856,784.279,802.124,2048000,2.3257,2.4491,0,1.56888,0,1,0
box_gap_return,oi_face_rot_wide_mppi,18731,256,16,0,0,0,1,0,500,1.55532,0.18111,97.0211,0,0.594836,0.590118,1.62859,814.295,835.084,2048000,2.3618,12.5158,0,1.62891,0,1,0
box_gap_return,oi_face_rot_wide_mppi,18738,256,16,0,0,0,1,0,500,1.55271,0.206349,96.2983,0,0.587906,0.551441,1.60634,803.171,817.249,2048000,2.3792,2.4653,0,1.6066,0,1,0
box_gap_return,oi_face_rot_wide_mppi,18745,256,16,0,0,0,1,0,500,1.55755,0.214448,96.9683,0,0.611308,0.613128,1.65594,827.972,842.962,2048000,2.3713,2.4581,0,1.65619,0,1,0
box_gap_return,oi_face_rot_wide_mppi,18752,256,16,0,0,0,1,0,500,1.55654,0.207181,96.6995,0,0.591206,0.579576,1.61564,807.822,821.971,2048000,2.3065,2.4564,0,1.6159,0,1,0
box_gap_return,oi_face_rot_wide_mppi,18759,256,16,0,0,0,1,0,500,1.55051,0.159343,96.3655,0,0.581563,0.566823,1.63047,815.233,828.656,2048000,2.3405,2.4677,0,1.63073,0,1,0
box_gap_return,oi_face_rot_wide_mppi,18766,256,16,0,0,0,1,0,500,1.55359,0.19614,96.3882,0,0.594185,0.554026,1.56627,783.134,797.324,2048000,2.3249,2.4592,0,1.56652,0,1,0
box_gap_return,oi_face_rot_wide_mppi,18773,256,16,0,0,0,1,0,500,1.55383,0.197343,95.9773,0,0.572485,0.52815,1.61685,808.426,822.414,2048000,2.3518,2.4484,0,1.61711,0,1,0
box_gap_return,oi_face_rot_wide_mppi,18780,256,16,0,0,0,1,0,500,1.55328,0.205064,96.3859,0,0.602756,0.596985,1.65832,829.159,843.488,2048000,2.3737,2.4552,0,1.65857,0,1,0
box_gap_return,oi_face_rot_wide_mppi,18787,256,16,0,0,0,1,0,500,1.55572,0.181315,96.9138,0,0.592341,0.588325,1.61575,807.876,822.539,2048000,2.2877,2.4643,0,1.616,0,1,0
box_gap_return,oi_face_rot_wide_mppi,18794,256,16,0,0,0,1,0,500,1.55558,0.203606,97.0006,0,0.603441,0.597172,1.62715,813.574,827.669,2048000,2.3374,2.4538,0,1.6274,0,1,0
box_gap_return,oi_face_rot_wide_mppi,18801,256,16,0,0,0,1,0,500,1.4987,0.474395,97.7723,0,0.685717,0.760511,1.63842,819.21,835.979,2048000,2.3536,2.4628,0,1.6387,0,1,0
box_gap_return,oi_face_rot_wide_mppi,18808,256,16,0,0,0,1,0,500,1.55298,0.178747,96.4196,0,0.587367,0.569938,1.68292,841.458,855.767,2048000,2.3796,2.4772,0,1.68317,0,1,0
box_gap_return,oi_face_rot_wide_mppi,18815,256,16,0,0,0,1,0,500,1.55428,0.241446,97.2627,0,0.613311,0.609042,1.65619,828.097,845.526,2048000,2.3627,2.4577,0,1.65648,0,1,0
box_gap_return,oi_face_rot_wide_mppi,18822,256,16,0,0,0,1,0,500,1.55003,0.215526,96.4158,0,0.587189,0.552217,1.62483,812.413,829.725,2048000,2.3793,2.4638,0,1.62511,0,1,0
box_gap_return,oi_face_rot_wide_mppi,18829,256,16,0,0,0,1,0,500,1.55133,0.199048,96.5121,0,0.599847,0.590301,1.4663,733.148,762.998,2048000,2.4101,3.8248,0,1.46667,0,1,0
box_gap_return,oi_face_rot_wide_mppi,18836,256,16,0,0,0,1,0,500,1.5563,0.120219,96.4254,0,0.558874,0.500026,1.56411,782.055,805.052,2048000,2.328,2.4539,0,1.56448,0,1,0
box_gap_return,oi_face_rot_wide_mppi,18843,256,16,0,0,0,1,0,500,1.55085,0.19522,96.6088,0,0.601264,0.582762,1.63813,819.065,835.269,2048000,2.3433,2.4614,0,1.63842,0,1,0
box_gap_return,oi_face_rot_wide_mppi,18850,256,16,0,0,0,1,0,500,1.55377,0.153259,96.7291,0,0.580177,0.541333,1.68467,842.336,857.291,2048000,2.3956,2.473,0,1.68492,0,1,0
box_gap_return,oi_face_rot_wide_mppi,18857,256,16,0,0,0,1,0,500,1.55495,0.178959,96.466,0,0.586434,0.548102,1.61562,807.812,828.494,2048000,2.3932,2.4838,0,1.61592,0,1,0
box_gap_return,oi_face_rot_wide_mppi,18864,256,16,0,0,0,1,0,500,1.55527,0.21433,97.2538,0,0.60756,0.603923,1.59965,799.826,820.304,2048000,2.3738,5.9668,0,1.60061,0,1,0
box_gap_return,oi_face_rot_wide_mppi,18871,256,16,0,0,0,1,0,500,1.55335,0.259844,97.1189,0,0.625912,0.632146,1.68465,842.323,858.135,2048000,2.3794,2.4768,0,1.6849,0,1,0
box_gap_return,oi_face_rot_wide_mppi,18878,256,16,0,0,0,1,0,500,1.54938,0.204805,96.0331,0,0.589686,0.549098,1.67554,837.769,854.755,2048000,2.3789,2.4662,0,1.67582,0,1,0
box_gap_return,oi_face_rot_wide_mppi,18885,256,16,0,0,0,1,0,500,1.55019,0.290371,97.433,0,0.618837,0.580186,1.68937,844.686,858.844,2048000,2.384,2.4545,0,1.68963,0,1,0
box_gap_return,oi_face_rot_wide_mppi,18892,256,16,0,0,0,1,0,500,1.5515,0.210754,96.5369,0,0.593159,0.601204,1.67141,835.705,851.264,2048000,2.3779,2.4769,0,1.67167,0,1,0
box_gap_return,oi_face_rot_wide_mppi,18899,256,16,0,0,0,1,0,500,1.55363,0.137652,96.1317,0,0.568135,0.537828,1.69106,845.531,860.53,2048000,2.3866,2.4637,0,1.69136,0,1,0
box_gap_return,oi_face_rot_wide_mppi,18906,256,16,0,0,0,1,0,500,1.55775,0.113374,97.1053,0,0.562872,0.511647,1.72014,860.069,876.247,2048000,2.4051,2.4964,0,1.72042,0,1,0
box_gap_return,oi_face_rot_wide_mppi,18913,256,16,0,0,0,1,0,500,1.55178,0.251955,96.1802,0,0.606588,0.6021,1.72172,860.86,875.39,2048000,2.3567,2.4515,0,1.72199,0,1,0
box_gap_return,oi_face_rot_wide_mppi,18920,256,16,0,0,0,1,0,500,1.56597,0.0747706,96.9069,0,0.555756,0.503187,1.67105,835.526,849.998,2048000,2.2868,2.4706,0,1.6713,0,1,0
box_gap_return,oi_face_rot_wide_mppi,18927,256,16,0,0,0,1,0,500,1.55231,0.255699,96.699,0,0.591038,0.587074,1.57874,789.371,803.888,2048000,2.2494,2.4363,0,1.57902,0,1,0
box_gap_return,oi_face_rot_wide_mppi,18934,256,16,0,0,0,1,0,500,1.55154,0.201237,96.3746,0,0.594758,0.589557,1.65367,826.837,840.187,2048000,2.3451,2.4642,0,1.65393,0,1,0
box_gap_return,oi_face_rot_wide_mppi,18941,256,16,0,0,0,1,0,500,1.55155,0.297757,97.7206,0,0.616808,0.625637,1.60518,802.59,816.541,2048000,2.3536,2.4566,0,1.60542,0,1,0
box_gap_return,oi_face_rot_wide_mppi,18948,256,16,0,0,0,1,0,500,1.54023,0.343293,96.8603,0,0.64811,0.649253,1.58356,791.782,809.407,2048000,2.3356,2.451,0,1.58386,0,1,0
box_gap_return,oi_face_rot_wide_mppi,18955,256,16,0,0,0,1,0,500,1.49306,0.561151,97.7144,0,0.652312,0.666245,1.59242,796.209,814.399,2048000,2.339,2.4731,0,1.59272,0,1,0
box_gap_return,oi_face_rot_wide_mppi,18962,256,16,0,0,0,1,0,500,1.54045,0.675825,98.9474,0,0.647474,0.699361,1.56615,783.074,805.771,2048000,2.3708,11.4189,0,1.56652,0,1,0
box_gap_return,oi_face_rot_wide_mppi,18969,256,16,0,0,0,1,0,500,1.55309,0.163185,96.4528,0,0.579818,0.559461,1.55142,775.71,798.727,2048000,2.3943,2.6921,0,1.55177,0,1,0
box_gap_return,oi_face_rot_wide_mppi,18976,256,16,0,0,0,1,0,500,1.55436,0.172288,96.1277,0,0.574875,0.539255,1.6552,827.598,844.639,2048000,2.3981,2.4679,0,1.65549,0,1,0
box_gap_return,oi_face_rot_wide_mppi,18983,256,16,0,0,0,1,0,500,1.54442,0.333969,97.2511,0,0.625456,0.593172,1.72802,864.009,877.519,2048000,2.4059,2.4754,0,1.72826,0,1,0
box_gap_return,oi_face_rot_wide_mppi,18990,256,16,0,0,0,1,0,500,1.5499,0.264047,97.3127,0,0.610075,0.605701,1.55717,778.583,801.513,2048000,2.3781,2.7489,0,1.5575,0,1,0
box_gap_return,oi_face_rot_wide_mppi,18997,256,16,0,0,0,1,0,500,1.5618,0.0943241,97.2776,0,0.569664,0.518881,1.69587,847.934,864.875,2048000,2.4297,2.4882,0,1.69619,0,1,0
box_gap_return,oi_face_rot_wide_mppi,19004,256,16,0,0,0,1,0,500,1.55237,0.220177,96.1239,0,0.587627,0.531731,1.69425,847.125,862.538,2048000,2.4085,2.468,0,1.69452,0,1,0
box_gap_return,oi_face_rot_wide_mppi,19011,256,16,0,0,0,1,0,500,1.53357,0.388783,97.2286,0,0.651861,0.679919,1.69504,847.52,860.832,2048000,2.4029,2.4791,0,1.69528,0,1,0
box_gap_return,oi_face_rot_wide_mppi,19018,256,16,0,0,0,1,0,500,1.55665,0.118569,96.7257,0,0.576804,0.557774,1.72476,862.378,877.545,2048000,2.4332,2.482,0,1.72502,0,1,0
box_gap_return,oi_face_rot_wide_mppi,19025,256,16,0,0,0,1,0,500,1.55516,0.203325,96.7522,0,0.620802,0.642399,1.72659,863.295,876.946,2048000,2.417,2.4852,0,1.72683,0,1,0
box_gap_return,oi_face_rot_wide_mppi,19032,256,16,0,0,0,1,0,500,1.55334,0.203715,96.7365,0,0.589701,0.549933,1.71418,857.092,872.052,2048000,2.3899,2.47,0,1.71444,0,1,0
box_gap_return,oi_face_rot_wide_mppi,19039,256,16,0,0,0,1,0,500,1.54924,0.295011,96.971,0,0.612148,0.594315,1.69698,848.489,862.959,2048000,2.3767,2.4624,0,1.69724,0,1,0
box_gap_return,oi_face_rot_wide_mppi,19046,256,16,0,0,0,1,0,500,1.55471,0.21004,96.6987,0,0.574135,0.513494,1.68159,840.796,855.102,2048000,2.4068,2.4649,0,1.68184,0,1,0
box_gap_return,oi_face_rot_wide_mppi,19053,256,16,0,0,0,1,0,500,1.55174,0.203988,96.0828,0,0.593561,0.563398,1.68094,840.471,855.03,2048000,2.4087,2.4638,0,1.68121,0,1,0
box_gap_return,oi_face_rot_wide_mppi,19060,256,16,0,0,0,1,0,500,1.55353,0.165159,96.2914,0,0.575419,0.523044,1.68101,840.503,855.478,2048000,2.3898,2.469,0,1.68126,0,1,0
box_gap_return,oi_face_rot_wide_mppi,19067,256,16,0,0,0,1,0,500,1.51724,0.439602,97.2689,0,0.652305,0.704307,1.44824,724.122,739.918,2048000,2.233,2.4351,0,1.44851,0,1,0
box_gap_return,oi_face_rot_wide_mppi,19074,256,16,0,0,0,1,0,500,1.55167,0.199029,96.972,0,0.600681,0.592335,1.69318,846.59,861.15,2048000,2.3859,2.4557,0,1.69345,0,1,0
box_gap_return,oi_face_rot_wide_mppi,19081,256,16,0,0,0,1,0,500,1.55229,0.140886,96.233,0,0.585586,0.578558,1.60628,803.141,820.318,2048000,2.3522,2.456,0,1.60656,0,1,0
box_gap_return,oi_face_rot_wide_mppi,19088,256,16,0,0,0,1,0,500,1.55578,0.1227,96.1707,0,0.574556,0.557206,1.50324,751.62,772.917,2048000,2.318,3.0058,0,1.50358,0,1,0
box_gap_return,oi_face_rot_wide_mppi,19095,256,16,0,0,0,1,0,500,1.49312,0.559267,97.9956,0,0.632897,0.611565,1.53603,768.014,789.4,2048000,2.3146,3.1406,0,1.53635,0,1,0
box_gap_return,oi_face_rot_wide_mppi,19102,256,16,0,0,0,1,0,500,1.55577,0.122746,95.9495,0,0.570935,0.554686,1.5467,773.352,797.557,2048000,2.356,2.4798,0,1.54702,0,1,0
box_gap_return,oi_face_rot_wide_mppi,19109,256,16,0,0,0,1,0,500,1.54475,0.255339,95.5301,0,0.587905,0.556438,1.54705,773.526,792.826,2048000,2.365,2.4745,0,1.54737,0,1,0
box_gap_return,oi_face_rot_wide_mppi,19116,256,16,0,0,0,1,0,500,1.55109,0.231282,96.2522,0,0.578553,0.53721,1.57859,789.295,804.833,2048000,2.3669,2.4613,0,1.57887,0,1,0
box_gap_return,oi_face_rot_wide_mppi,19123,256,16,0,0,0,1,0,500,1.55289,0.179217,96.2993,0,0.600453,0.614817,1.46794,733.972,758.091,2048000,2.3385,2.4526,0,1.46829,0,1,0
box_gap_return,oi_face_rot_wide_mppi,19130,256,16,0,0,0,1,0,500,1.55031,0.227916,96.2356,0,0.591726,0.569319,1.63948,819.741,833.523,2048000,2.3818,2.4664,0,1.63974,0,1,0
box_gap_return,oi_face_rot_wide_mppi,19137,256,16,0,0,0,1,0,500,1.55023,0.19196,96.3079,0,0.588942,0.568624,1.64254,821.269,837.867,2048000,2.3698,2.4717,0,1.64282,0,1,0
box_gap_return,oi_face_rot_wide_mppi,19144,256,16,0,0,0,1,0,500,1.55326,0.180981,96.7692,0,0.6055,0.626928,1.58481,792.404,812.645,2048000,2.3604,2.4609,0,1.58514,0,1,0
box_gap_return,oi_face_rot_wide_mppi,19151,256,16,0,0,0,1,0,500,1.54887,0.233081,96.5631,0,0.594695,0.562816,1.63521,817.606,834.416,2048000,2.3827,2.4786,0,1.63549,0,1,0
box_gap_return,oi_face_rot_wide_mppi,19158,256,16,0,0,0,1,0,500,1.55941,0.105582,96.3763,0,0.566681,0.527249,1.67442,837.208,851.754,2048000,2.4049,2.4875,0,1.67471,0,1,0
box_gap_return,oi_face_rot_wide_mppi,19165,256,16,0,0,0,1,0,500,1.55265,0.212425,95.9784,0,0.577363,0.543604,1.68157,840.783,855.737,2048000,2.3881,2.4696,0,1.68183,0,1,0
box_gap_return,oi_face_rot_wide_mppi,19172,256,16,0,0,0,1,0,500,1.55424,0.189813,97.1318,0,0.595453,0.559874,1.71107,855.535,869.671,2048000,2.3861,2.4654,0,1.71131,0,1,0
box_gap_return,oi_face_rot_wide_mppi,19179,256,16,0,0,0,1,0,500,1.55313,0.203729,96.1486,0,0.605348,0.594079,1.71658,858.29,875.113,2048000,2.3826,2.4757,0,1.71688,0,1,0
box_gap_return,oi_face_rot_wide_mppi,19186,256,16,0,0,0,1,0,500,1.55381,0.196153,95.8886,0,0.566964,0.514606,1.69489,847.447,863.088,2048000,2.402,2.4746,0,1.69515,0,1,0
box_gap_return,oi_face_rot_wide_mppi,19193,256,16,0,0,0,1,0,500,1.55456,0.128451,95.9745,0,0.57093,0.532145,1.67638,838.191,854.234,2048000,2.3955,3.5333,0,1.67663,0,1,0
box_gap_return,oi_face_rot_wide_mppi,19200,256,16,0,0,0,1,0,500,1.55593,0.203482,96.372,0,0.588653,0.545937,1.68614,843.07,860.398,2048000,2.3941,2.4748,0,1.68639,0,1,0
box_gap_return,oi_face_rot_wide_mppi,19207,256,16,0,0,0,1,0,500,1.55148,0.169343,95.7588,0,0.578345,0.536097,1.65884,829.422,844.474,2048000,2.3801,2.4637,0,1.65914,0,1,0
box_gap_return,oi_face_rot_wide_mppi,19214,256,16,0,0,0,1,0,500,1.55404,0.164362,96.1425,0,0.595424,0.555115,1.6712,835.602,852.653,2048000,2.402,2.4684,0,1.67147,0,1,0
box_gap_return,oi_face_rot_wide_mppi,19221,256,16,0,0,0,1,0,500,1.54788,0.240466,95.6811,0,0.597276,0.596359,1.51136,755.682,781.301,2048000,2.3538,4.985,0,1.51172,0,1,0
box_gap_return,oi_face_rot_wide_mppi,19228,256,16,0,0,0,1,0,500,1.55577,0.148515,96.332,0,0.561569,0.493681,1.57451,787.253,808.148,2048000,2.3944,2.5077,0,1.57485,0,1,0
box_gap_return,oi_face_rot_wide_mppi,19235,256,16,0,0,0,1,0,500,1.55986,0.103433,96.9584,0,0.577699,0.558365,1.60538,802.69,824.568,2048000,2.387,2.4682,0,1.60569,0,1,0
box_gap_return,oi_face_rot_wide_mppi,19242,256,16,0,0,0,1,0,500,1.55066,0.194927,96.1178,0,0.610752,0.592163,1.63585,817.927,837.57,2048000,2.373,2.4544,0,1.63614,0,1,0
box_gap_return,oi_face_rot_wide_mppi,19249,256,16,0,0,0,1,0,500,1.55375,0.145043,95.631,0,0.555235,0.49556,1.6312,815.602,833.396,2048000,2.3895,9.2287,0,1.63149,0,1,0
box_gap_turn,oi_face_rot_anchor_mppi,18556,256,16,0,0,0,1,0,500,1.69029,0.65223,120.45,0,0.849591,1.21665,1.64705,823.523,838.165,2048000,2.3594,2.4422,0,1.6473,0,1,0
box_gap_turn,oi_face_rot_anchor_mppi,18563,256,16,0,0,0,1,0,500,1.73722,0.567112,122.719,0,0.901912,1.36854,1.64587,822.933,834.318,2048000,2.3475,2.405,0,1.64605,0,1,0
box_gap_turn,oi_face_rot_anchor_mppi,18570,256,16,0,0,1,1,1,214,0.226658,0.0575907,26.2405,0,1.10965,2.02312,1.60079,342.568,348.04,876544,2.3458,2.4531,0,1.60114,0,1,1
box_gap_turn,oi_face_rot_anchor_mppi,18577,256,16,0,0,1,1,1,144,0.247745,0.0505544,23.2629,0,0.837691,1.24105,1.62908,234.587,238.484,589824,2.335,2.3831,0,1.62945,0,1,1
box_gap_turn,oi_face_rot_anchor_mppi,18584,256,16,0,0,1,1,1,175,0.231144,0.00153637,37.0761,0,0.778625,1.06822,1.67162,292.534,296.905,716800,2.3116,2.3967,0,1.67193,0,1,1
box_gap_turn,oi_face_rot_anchor_mppi,18591,256,16,0,0,1,1,1,233,0.229891,0.0305363,29.0087,0,1.04932,1.85717,1.71998,400.755,407.243,954368,2.35,2.3969,0,1.72027,0,1,1
box_gap_turn,oi_face_rot_anchor_mppi,18598,256,16,0,0,0,1,0,500,1.75444,0.637253,125.358,0,0.829019,1.15688,1.66419,832.094,844.721,2048000,2.3322,2.4013,0,1.6644,0,1,0
box_gap_turn,oi_face_rot_anchor_mppi,18605,256,16,0,0,1,1,1,305,0.246121,0.0470068,30.4327,0,1.09928,2.09267,1.5949,486.445,494.566,1249280,2.3228,2.3875,0,1.59515,0,1,1
box_gap_turn,oi_face_rot_anchor_mppi,18612,256,16,0,0,0,1,0,500,1.79614,0.540107,132.937,0,0.85991,1.25486,1.62753,813.767,827.712,2048000,2.3347,2.4106,0,1.62775,0,1,0
box_gap_turn,oi_face_rot_anchor_mppi,18619,256,16,0,0,0,1,0,500,1.51576,0.628985,99.6659,0,1.11355,2.0795,1.66952,834.76,848.761,2048000,2.3477,2.4456,0,1.66975,0,1,0
box_gap_turn,oi_face_rot_anchor_mppi,18626,256,16,0,0,1,1,1,135,0.242746,0.000581145,26.2088,0,0.775598,1.11057,1.67811,226.545,230.158,552960,2.3575,2.424,0,1.67844,0,1,1
box_gap_turn,oi_face_rot_anchor_mppi,18633,256,16,0,0,1,1,1,303,0.238265,0.0486028,32.5893,0,1.09229,2.01051,1.43915,436.061,444.077,1241088,2.3427,10.4495,0,1.43939,0,1,1
box_gap_turn,oi_face_rot_anchor_mppi,18640,256,16,0,0,1,1,1,233,0.249399,0.0451974,33.3428,0,1.09582,2.4543,1.11354,259.456,264.995,954368,2.0773,2.3635,0,1.11382,0,1,1
box_gap_turn,oi_face_rot_anchor_mppi,18647,256,16,0,0,1,1,1,169,0.24416,0.0603175,21.5539,0,1.15757,2.24434,1.92147,324.729,330.263,692224,2.3482,2.4481,0,1.92181,0,1,1
box_gap_turn,oi_face_rot_anchor_mppi,18654,256,16,0,0,1,1,1,246,0.236652,0.0568925,29.4802,0,1.00585,1.76796,1.91989,472.293,481.314,1007616,2.3455,2.4136,0,1.92028,0,1,1
box_gap_turn,oi_face_rot_anchor_mppi,18661,256,16,0,0,0,1,0,500,1.53626,0.567439,101.517,0,0.916114,1.43536,1.93538,967.689,982.055,2048000,2.3631,2.4416,0,1.93562,0,1,0
box_gap_turn,oi_face_rot_anchor_mppi,18668,256,16,0,0,0,1,0,500,1.74205,0.660428,124.596,0,0.85358,1.20522,1.92963,964.815,976.175,2048000,2.361,2.4018,0,1.92982,0,1,0
box_gap_turn,oi_face_rot_anchor_mppi,18675,256,16,0,0,1,1,1,192,0.233221,0.048017,21.5968,0,1.29846,3.0203,1.97842,379.858,384.954,786432,2.3749,2.4454,0,1.97871,0,1,1
box_gap_turn,oi_face_rot_anchor_mppi,18682,256,16,0,0,1,1,1,233,0.240517,0.0518956,31.1246,0,1.13041,2.10686,1.98442,462.369,468.411,954368,2.3613,2.412,0,1.98466,0,1,1
box_gap_turn,oi_face_rot_anchor_mppi,18689,256,16,0,0,0,1,0,500,1.79887,0.744108,127.39,0,0.964812,1.57939,1.97956,989.779,1002.1,2048000,2.3823,2.4719,0,1.97974,0,1,0
box_gap_turn,oi_face_rot_anchor_mppi,18696,256,16,0,0,1,1,1,286,0.231825,0.0479857,42.9192,0,1.00518,1.68046,1.92408,550.286,563.16,1171456,2.3775,2.6805,0,1.92448,0,1,1
box_gap_turn,oi_face_rot_anchor_mppi,18703,256,16,0,0,1,1,1,223,0.231101,0.0207108,35.4547,0,0.921459,1.54487,1.95531,436.034,444.225,913408,2.3723,2.4526,0,1.9557,0,1,1
box_gap_turn,oi_face_rot_anchor_mppi,18710,256,16,0,0,1,1,1,325,0.245143,0.0554481,72.229,0,1.01136,1.79739,1.94656,632.631,643.129,1331200,2.357,2.4084,0,1.94687,0,1,1
box_gap_turn,oi_face_rot_anchor_mppi,18717,256,16,0,0,1,1,1,268,0.241215,0.0355364,30.344,0,1.07684,2.05628,1.9655,526.753,533.274,1097728,2.3696,2.4175,0,1.96572,0,1,1
box_gap_turn,oi_face_rot_anchor_mppi,18724,256,16,0,0,1,1,1,317,0.230539,0.0509911,33.1679,0,1.11198,2.02953,1.94344,616.07,629.167,1298432,2.3555,2.4078,0,1.94375,0,1,1
box_gap_turn,oi_face_rot_anchor_mppi,18731,256,16,0,0,1,1,1,271,0.239351,0.0506301,27.2327,0,1.25208,2.62734,1.95444,529.654,539.048,1110016,2.3754,2.4457,0,1.95476,0,1,1
box_gap_turn,oi_face_rot_anchor_mppi,18738,256,16,0,0,0,1,0,500,1.72413,0.737523,122.206,0,0.816733,1.07136,1.93574,967.868,987.74,2048000,2.3624,2.4665,0,1.93603,0,1,0
box_gap_turn,oi_face_rot_anchor_mppi,18745,256,16,0,0,1,1,1,227,0.231341,0.0532318,26.2121,0,1.05534,1.97478,1.94952,442.542,449.152,929792,2.3729,2.438,0,1.94988,0,1,1
box_gap_turn,oi_face_rot_anchor_mppi,18752,256,16,0,0,1,1,1,240,0.237028,0.0621066,28.5716,0,0.982159,1.55898,1.94388,466.531,473.123,983040,2.366,2.4109,0,1.94415,0,1,1
box_gap_turn,oi_face_rot_anchor_mppi,18759,256,16,0,0,1,1,1,141,0.246692,0.006127,26.7312,0,0.925953,1.71342,1.95913,276.237,279.642,577536,2.3784,2.418,0,1.95943,0,1,1
box_gap_turn,oi_face_rot_anchor_mppi,18766,256,16,0,0,1,1,1,206,0.235231,0.0482855,23.9083,0,1.17134,2.3259,1.99278,410.513,415.286,843776,2.3761,2.4384,0,1.99307,0,1,1
box_gap_turn,oi_face_rot_anchor_mppi,18773,256,16,0,0,1,1,1,216,0.238282,0.0525992,28.2339,0,1.14,2.30028,1.96499,424.438,429.63,884736,2.3715,2.4146,0,1.96531,0,1,1
box_gap_turn,oi_face_rot_anchor_mppi,18780,256,16,0,0,1,1,1,174,0.2423,0.0580893,21.8176,0,1.10804,2.02686,1.96433,341.794,346.498,712704,2.3735,2.4384,0,1.9647,0,1,1
box_gap_turn,oi_face_rot_anchor_mppi,18787,256,16,0,0,0,1,0,500,1.72485,0.768794,122.545,0,0.808451,1.07361,1.9776,988.798,1001.69,2048000,2.3615,2.4188,0,1.97781,0,1,0
box_gap_turn,oi_face_rot_anchor_mppi,18794,256,16,0,0,1,1,1,202,0.246735,0.0564514,28.0343,0,1.10549,2.00527,1.97314,398.575,402.951,827392,2.3764,2.41,0,1.97338,0,1,1
box_gap_turn,oi_face_rot_anchor_mppi,18801,256,16,0,0,1,1,1,235,0.247722,0.00929952,26.4648,0,1.14178,2.2025,1.97564,464.276,469.62,962560,2.3769,2.4422,0,1.9759,0,1,1
box_gap_turn,oi_face_rot_anchor_mppi,18808,256,16,0,0,1,1,1,146,0.231268,0.0490714,25.9047,0,0.8672,1.54522,1.96976,287.584,291.159,598016,2.3724,2.393,0,1.97012,0,1,1
box_gap_turn,oi_face_rot_anchor_mppi,18815,256,16,0,0,1,1,1,458,0.245074,0.0519663,87.9931,0,0.95802,1.56082,1.98126,907.415,917.992,1875968,2.3642,2.6336,0,1.98146,0,1,1
box_gap_turn,oi_face_rot_anchor_mppi,18822,256,16,0,0,0,1,0,500,1.85078,0.76747,134.899,0,0.877099,1.21097,1.97779,988.893,1000.96,2048000,2.3663,2.4499,0,1.97798,0,1,0
box_gap_turn,oi_face_rot_anchor_mppi,18829,256,16,0,0,1,1,1,315,0.245384,0.0438756,30.949,0,1.16465,2.26527,1.99772,629.281,636.976,1290240,2.3778,2.4851,0,1.99795,0,1,1
box_gap_turn,oi_face_rot_anchor_mppi,18836,256,16,0,0,1,1,1,166,0.234291,0.0229547,29.9205,0,1.22284,3.44528,1.98571,329.627,333.941,679936,2.3735,2.4206,0,1.98604,0,1,1
box_gap_turn,oi_face_rot_anchor_mppi,18843,256,16,0,0,0,1,0,500,1.82768,0.481892,134.333,0,0.966214,1.55199,1.95143,975.716,987.641,2048000,2.3642,2.4207,0,1.95164,0,1,0
box_gap_turn,oi_face_rot_anchor_mppi,18850,256,16,0,0,0,1,0,500,1.80685,0.679546,131.286,0,0.853747,1.1818,1.20589,602.946,614.441,2048000,2.263,2.4029,0,1.20608,0,1,0
box_gap_turn,oi_face_rot_anchor_mppi,18857,256,16,0,0,0,1,0,500,1.78168,0.818682,125.711,0,0.858523,1.19285,0.963814,481.907,493.654,2048000,1.3407,1.4013,0,0.963989,0,1,0
box_gap_turn,oi_face_rot_anchor_mppi,18864,256,16,0,0,1,1,1,320,0.249192,0.0367779,31.5195,0,1.1803,2.36316,0.923985,295.675,303.31,1310720,1.3408,1.4158,0,0.924211,0,1,1
box_gap_turn,oi_face_rot_anchor_mppi,18871,256,16,0,0,1,1,1,247,0.24327,0.0566381,29.0876,0,1.11125,2.08867,0.894929,221.048,229.386,1011712,1.3506,7.1436,0,0.895239,0,1,1
box_gap_turn,oi_face_rot_anchor_mppi,18878,256,16,0,0,1,1,1,445,0.228954,0.0373739,83.4011,0,1.04266,1.77181,0.938374,417.576,431.733,1822720,1.3305,1.3914,0,0.938637,0,1,1
box_gap_turn,oi_face_rot_anchor_mppi,18885,256,16,0,0,1,1,1,266,0.228168,0.0612754,30.0405,0,1.06733,2.00456,0.971713,258.476,264.258,1089536,1.3327,1.3719,0,0.971935,0,1,1
box_gap_turn,oi_face_rot_anchor_mppi,18892,256,16,0,0,1,1,1,465,0.248497,0.048824,90.1274,0,0.9476,1.47879,0.920072,427.833,440.581,1904640,1.3255,1.3896,0,0.920278,0,1,1
box_gap_turn,oi_face_rot_anchor_mppi,18899,256,16,0,0,0,1,0,500,0.373823,0.0377946,104.068,0,1.15206,2.2042,0.868247,434.124,453.58,2048000,1.3304,2.3285,0,0.86852,0,1,0
box_gap_turn,oi_face_rot_anchor_mppi,18906,256,16,0,0,1,1,1,288,0.236318,0.0540229,30.9257,0,1.13392,2.13942,0.941964,271.286,281.973,1179648,1.3358,1.4014,0,0.942295,0,1,1
box_gap_turn,oi_face_rot_anchor_mppi,18913,256,16,0,0,1,1,1,233,0.231309,0.0351037,27.1207,0,1.10393,2.02343,0.905404,210.959,220.036,954368,1.3245,2.1098,0,0.905811,0,1,1
box_gap_turn,oi_face_rot_anchor_mppi,18920,256,16,0,0,1,1,1,240,0.241799,0.0476162,32.0877,0,1.06075,1.88529,0.902208,216.53,225.804,983040,1.3239,3.2603,0,0.90256,0,1,1
box_gap_turn,oi_face_rot_anchor_mppi,18927,256,16,0,0,1,1,1,381,0.233631,0.0538764,70.7042,0,0.989996,1.63035,0.89659,341.601,357.441,1560576,1.3312,2.8297,0,0.896911,0,1,1
box_gap_turn,oi_face_rot_anchor_mppi,18934,256,16,0,0,1,1,1,190,0.239505,0.0475417,27.2011,0,0.972063,1.67858,0.892164,169.511,177.507,778240,1.328,1.4266,0,0.892603,0,1,1
box_gap_turn,oi_face_rot_anchor_mppi,18941,256,16,0,0,1,1,1,244,0.249731,0.0687033,26.0772,0,1.22923,2.52728,0.952115,232.316,238.331,999424,1.3528,1.4429,0,0.952415,0,1,1
box_gap_turn,oi_face_rot_anchor_mppi,18948,256,16,0,0,1,1,1,189,0.228275,0.047794,26.1777,0,1.08046,2.20321,0.95948,181.342,186.6,774144,1.3425,1.3843,0,0.95978,0,1,1
box_gap_turn,oi_face_rot_anchor_mppi,18955,256,16,0,0,0,1,0,500,1.79754,0.678231,130.614,0,0.879968,1.27806,0.91207,456.035,472.827,2048000,1.3278,1.3639,0,0.912328,0,1,0
box_gap_turn,oi_face_rot_anchor_mppi,18962,256,16,0,0,1,1,1,279,0.234874,0.0645376,30.1285,0,1.15112,2.28798,0.919356,256.5,268.81,1142784,1.3247,1.5569,0,0.919747,0,1,1
box_gap_turn,oi_face_rot_anchor_mppi,18969,256,16,0,0,1,1,1,135,0.236541,0.0330954,25.5845,0,0.869091,1.4099,0.90347,121.968,126.866,552960,1.3221,1.3476,0,0.903893,0,1,1
box_gap_turn,oi_face_rot_anchor_mppi,18976,256,16,0,0,1,1,1,279,0.241267,0.0454987,32.1109,0,1.15189,2.24657,0.924388,257.904,268.838,1142784,1.3122,1.343,0,0.924724,0,1,1
box_gap_turn,oi_face_rot_anchor_mppi,18983,256,16,0,0,1,1,1,275,0.230727,0.0387253,30.6837,0,1.12469,2.18299,0.824448,226.723,239.78,1126400,1.3214,2.3014,0,0.824825,0,1,1
box_gap_turn,oi_face_rot_anchor_mppi,18990,256,16,0,0,1,1,1,134,0.243702,0.050685,25.6808,0,0.824113,1.28822,0.857755,114.939,122.078,548864,1.3291,2.7672,0,0.858285,0,1,1
box_gap_turn,oi_face_rot_anchor_mppi,18997,256,16,0,0,0,1,0,500,0.87765,0.111184,130.602,0,1.03386,1.80662,0.773884,386.942,412.254,2048000,1.308,4.5835,0,0.774204,0,1,0
box_gap_turn,oi_face_rot_anchor_mppi,19004,256,16,0,0,1,1,1,141,0.226708,1.49012e-05,25.8925,0,0.935899,1.57967,0.837744,118.122,123.768,577536,1.3219,1.8493,0,0.83827,0,1,1
box_gap_turn,oi_face_rot_anchor_mppi,19011,256,16,0,0,0,1,0,500,1.62259,0.355186,111.114,0,0.875423,1.26598,0.831293,415.647,427.829,2048000,1.3305,1.4104,0,0.831505,0,1,0
box_gap_turn,oi_face_rot_anchor_mppi,19018,256,16,0,0,1,1,1,141,0.248771,0.0543556,20.5495,0,0.975828,1.78477,0.892175,125.797,129.732,577536,1.3285,1.3908,0,0.892645,0,1,1
box_gap_turn,oi_face_rot_anchor_mppi,19025,256,16,0,0,1,1,1,383,0.243203,0.0451826,93.1746,0,0.909143,1.34287,0.938438,359.422,369.737,1568768,1.3183,1.3692,0,0.938672,0,1,1
box_gap_turn,oi_face_rot_anchor_mppi,19032,256,16,0,0,1,1,1,432,0.234747,0.0522835,63.5591,0,1.11346,2.07635,0.960204,414.808,426.206,1769472,1.3272,1.384,0,0.960416,0,1,1
box_gap_turn,oi_face_rot_anchor_mppi,19039,256,16,0,0,1,1,1,232,0.249436,0.0471739,34.6359,0,1.06257,1.94616,0.91593,212.496,218.192,950272,1.3187,1.3429,0,0.916189,0,1,1
box_gap_turn,oi_face_rot_anchor_mppi,19046,256,16,0,0,1,1,1,287,0.248542,0.050974,30.8981,0,1.05263,1.93813,0.93343,267.894,275.531,1175552,1.3313,1.4281,0,0.933679,0,1,1
box_gap_turn,oi_face_rot_anchor_mppi,19053,256,16,0,0,1,1,1,296,0.234681,0.0546203,29.4416,0,1.13954,2.12777,0.949212,280.967,288.495,1212416,1.3412,1.3957,0,0.949434,0,1,1
box_gap_turn,oi_face_rot_anchor_mppi,19060,256,16,0,0,1,1,1,288,0.249017,0.0585107,27.7293,0,1.2028,2.33188,0.925419,266.521,276.38,1179648,1.3175,1.4029,0,0.925737,0,1,1
box_gap_turn,oi_face_rot_anchor_mppi,19067,256,16,0,0,0,1,0,500,1.79101,0.882826,128.587,0,0.892162,1.26662,0.913057,456.529,474.284,2048000,1.3426,1.3936,0,0.913326,0,1,0
box_gap_turn,oi_face_rot_anchor_mppi,19074,256,16,0,0,0,1,0,500,1.85969,0.726219,135.962,0,0.89241,1.3237,0.927332,463.666,480.216,2048000,1.3178,1.36,0,0.927609,0,1,0
box_gap_turn,oi_face_rot_anchor_mppi,19081,256,16,0,0,1,1,1,248,0.232732,0.0620273,26.5096,0,1.1312,2.19119,0.931084,230.909,239.421,1015808,1.3254,1.4044,0,0.931415,0,1,1
box_gap_turn,oi_face_rot_anchor_mppi,19088,256,16,0,0,0,1,0,500,1.582,0.6377,104.226,0,0.917225,1.42238,0.898065,449.033,467.397,2048000,1.3201,1.3987,0,0.898325,0,1,0
box_gap_turn,oi_face_rot_anchor_mppi,19095,256,16,0,0,0,1,0,500,1.67803,0.715747,116.463,0,0.85624,1.19046,0.946927,473.464,490.843,2048000,1.3299,1.4058,0,0.947171,0,1,0
box_gap_turn,oi_face_rot_anchor_mppi,19102,256,16,0,0,0,1,0,500,1.51261,0.68475,98.21,0,1.05678,1.83344,0.955783,477.892,492.929,2048000,1.3377,1.4174,0,0.956006,0,1,0
box_gap_turn,oi_face_rot_anchor_mppi,19109,256,16,0,0,1,1,1,219,0.238115,0.0255463,26.0552,0,1.17844,2.31222,0.930849,203.856,210.672,897024,1.3272,1.3696,0,0.931223,0,1,1
box_gap_turn,oi_face_rot_anchor_mppi,19116,256,16,0,0,1,1,1,235,0.243722,0.0580591,28.5698,0,1.05857,1.79266,0.912552,214.45,222.085,962560,1.3201,1.3847,0,0.912843,0,1,1
box_gap_turn,oi_face_rot_anchor_mppi,19123,256,16,0,0,0,1,0,500,1.78217,0.704596,128.721,0,0.850451,1.19678,0.921867,460.934,475.818,2048000,1.3225,1.3838,0,0.922098,0,1,0
box_gap_turn,oi_face_rot_anchor_mppi,19130,256,16,0,0,1,1,1,161,0.239051,0.0379585,22.3046,0,1.35304,3.49091,1.02874,165.628,169.554,659456,1.365,1.427,0,1.02909,0,1,1
box_gap_turn,oi_face_rot_anchor_mppi,19137,256,16,0,0,0,1,0,500,1.82427,0.58988,131.506,0,0.927905,1.49755,0.887284,443.642,457.302,2048000,1.3186,1.3531,0,0.887506,0,1,0
box_gap_turn,oi_face_rot_anchor_mppi,19144,256,16,0,0,0,1,0,500,0.329202,0.059521,106.013,0,1.0171,1.73725,0.895693,447.846,462.139,2048000,1.3189,1.4012,0,0.895902,0,1,0
box_gap_turn,oi_face_rot_anchor_mppi,19151,256,16,0,0,0,1,0,500,1.82046,0.682225,130.588,0,0.929088,1.39669,0.841654,420.827,434.83,2048000,1.3188,1.3657,0,0.841868,0,1,0
box_gap_turn,oi_face_rot_anchor_mppi,19158,256,16,0,0,1,1,1,195,0.235186,0.00433397,25.307,0,1.12737,2.24526,0.853532,166.439,172.533,798720,1.3254,1.4247,0,0.853889,0,1,1
box_gap_turn,oi_face_rot_anchor_mppi,19165,256,16,0,0,1,1,1,136,0.239064,0.013208,24.8329,0,0.961305,1.59283,0.883975,120.221,124.254,557056,1.369,1.4181,0,0.884332,0,1,1
box_gap_turn,oi_face_rot_anchor_mppi,19172,256,16,0,0,0,1,0,500,1.77294,0.677072,130.376,0,0.855521,1.26096,0.842236,421.118,436.903,2048000,1.3124,1.353,0,0.842473,0,1,0
box_gap_turn,oi_face_rot_anchor_mppi,19179,256,16,0,0,1,1,1,172,0.231132,0.0517526,28.3189,0,0.973427,1.54897,0.888675,152.852,157.663,704512,1.3218,1.358,0,0.889012,0,1,1
box_gap_turn,oi_face_rot_anchor_mppi,19186,256,16,0,0,0,1,0,500,1.84924,0.733173,132.906,0,0.870697,1.26436,0.932808,466.404,479.945,2048000,1.3227,1.3869,0,0.93302,0,1,0
box_gap_turn,oi_face_rot_anchor_mppi,19193,256,16,0,0,1,1,1,290,0.231659,0.0479547,28.1335,0,1.09802,2.06728,0.971237,281.659,289.304,1187840,1.335,1.4194,0,0.971482,0,1,1
box_gap_turn,oi_face_rot_anchor_mppi,19200,256,16,0,0,1,1,1,307,0.23196,0.0514612,36.0434,0,1.0463,1.91136,0.895306,274.859,283.762,1257472,1.3365,1.4026,0,0.895593,0,1,1
box_gap_turn,oi_face_rot_anchor_mppi,19207,256,16,0,0,1,1,1,199,0.235607,0.0514292,22.6374,0,1.21839,2.48708,0.923099,183.697,188.69,815104,1.3404,1.4116,0,0.92341,0,1,1
box_gap_turn,oi_face_rot_anchor_mppi,19214,256,16,0,0,1,1,1,182,0.243016,0.047914,25.439,0,0.998699,1.75664,0.948532,172.633,178.168,745472,1.3234,1.3417,0,0.948856,0,1,1
box_gap_turn,oi_face_rot_anchor_mppi,19221,256,16,0,0,0,1,0,500,1.81019,0.862133,128.781,0,0.881844,1.28659,0.861373,430.686,444.035,2048000,1.3389,1.4103,0,0.861575,0,1,0
box_gap_turn,oi_face_rot_anchor_mppi,19228,256,16,0,0,1,1,1,134,0.247929,0.0124298,25.761,0,0.807115,1.20188,0.882262,118.223,122.438,548864,1.3171,1.357,0,0.88265,0,1,1
box_gap_turn,oi_face_rot_anchor_mppi,19235,256,16,0,0,0,1,0,500,1.74636,0.82957,121.029,0,0.912577,1.33985,0.895826,447.913,461.361,2048000,1.3585,1.4272,0,0.896036,0,1,0
box_gap_turn,oi_face_rot_anchor_mppi,19242,256,16,0,0,1,1,1,250,0.227972,0.0172629,27.9997,0,1.09092,2.01816,0.852835,213.209,220.93,1024000,1.332,1.3726,0,0.853136,0,1,1
box_gap_turn,oi_face_rot_anchor_mppi,19249,256,16,0,0,0,1,0,500,1.82766,0.707872,131.704,0,0.868372,1.2848,0.831617,415.809,435.697,2048000,1.3173,1.6474,0,0.831897,0,1,0
box_gap_turn,oi_face_rot_turnpath_mppi,18556,256,16,0,0,1,1,1,308,0.242767,0.0419451,51.5688,0,1.00724,1.82762,0.800931,246.687,256.611,1261568,1.334,1.3671,0,0.801264,0,1,1
box_gap_turn,oi_face_rot_turnpath_mppi,18563,256,16,0,0,1,1,1,263,0.23608,0.0495465,40.1495,0,1.01587,1.84138,0.823696,216.632,225.701,1077248,1.3464,1.3662,0,0.824,0,1,1
box_gap_turn,oi_face_rot_turnpath_mppi,18570,256,16,0,0,0,1,0,500,1.99561,0.656656,160.107,0,2.31926,6.78681,0.981936,490.968,514.763,2048000,1.3434,3.4153,0,0.982222,0,1,0
box_gap_turn,oi_face_rot_turnpath_mppi,18577,256,16,0,0,1,1,1,312,0.240788,0.0493857,32.5908,0,1.10839,2.16808,0.94876,296.013,309.238,1277952,1.3413,4.8262,0,0.949108,0,1,1
box_gap_turn,oi_face_rot_turnpath_mppi,18584,256,16,0,0,1,1,1,233,0.247333,0.0381693,42.3334,0,0.934209,1.60339,0.941485,219.366,228.407,954368,1.3473,1.812,0,0.941863,0,1,1
box_gap_turn,oi_face_rot_turnpath_mppi,18591,256,16,0,0,1,1,1,161,0.235083,0.0505863,25.9099,0,0.882366,1.57125,0.96024,154.599,160.375,659456,1.344,1.367,0,0.960666,0,1,1
box_gap_turn,oi_face_rot_turnpath_mppi,18598,256,16,0,0,1,1,1,182,0.242942,0.0495632,36.1638,0,0.699745,0.938521,0.885235,161.113,167.427,745472,1.3636,1.4246,0,0.885684,0,1,1
box_gap_turn,oi_face_rot_turnpath_mppi,18605,256,16,0,0,1,1,1,311,0.227156,0.0481911,43.0602,0,1.13215,2.26322,0.859786,267.393,276.201,1273856,1.3391,1.3771,0,0.860049,0,1,1
box_gap_turn,oi_face_rot_turnpath_mppi,18612,256,16,0,0,1,1,1,250,0.238757,0.0391954,32.7307,0,1.07898,2.0742,0.834623,208.656,215.379,1024000,1.3507,1.3907,0,0.834893,0,1,1
box_gap_turn,oi_face_rot_turnpath_mppi,18619,256,16,0,0,1,1,1,228,0.232538,0.0461462,38.0588,0,0.947547,1.74938,0.937758,213.809,219.932,933888,1.3398,1.3686,0,0.938045,0,1,1
box_gap_turn,oi_face_rot_turnpath_mppi,18626,256,16,0,0,1,1,1,208,0.22604,0.0179359,28.9316,0,0.973777,1.80692,0.925826,192.572,198.479,851968,1.3437,1.3806,0,0.92614,0,1,1
box_gap_turn,oi_face_rot_turnpath_mppi,18633,256,16,0,0,1,1,1,204,0.233519,0.0542302,43.4506,0,0.861565,1.42076,0.858347,175.103,183.573,835584,1.3424,1.3633,0,0.858731,0,1,1
box_gap_turn,oi_face_rot_turnpath_mppi,18640,256,16,0,0,1,1,1,312,0.230114,0.056165,49.9937,0,0.972617,1.74762,0.798362,249.089,266.245,1277952,1.3312,1.6105,0,0.798781,0,1,1
box_gap_turn,oi_face_rot_turnpath_mppi,18647,256,16,0,0,1,1,1,316,0.235038,0.04914,44.643,0,0.984829,1.83484,0.837578,264.675,283.511,1294336,1.3388,10.2976,0,0.837938,0,1,1
box_gap_turn,oi_face_rot_turnpath_mppi,18654,256,16,0,0,1,1,1,249,0.226408,0.0597223,31.0113,0,1.05713,2.03432,0.803229,200.004,211.27,1019904,1.329,4.228,0,0.803618,0,1,1
box_gap_turn,oi_face_rot_turnpath_mppi,18661,256,16,0,0,1,1,1,245,0.23103,0.0609289,43.3464,0,1.03064,1.98022,0.849357,208.093,220.089,1003520,1.3326,2.309,0,0.849763,0,1,1
box_gap_turn,oi_face_rot_turnpath_mppi,18668,256,16,0,0,1,1,1,251,0.247642,0.0401607,40.6466,0,0.907551,1.55139,0.773902,194.249,205.878,1028096,1.3279,1.4412,0,0.774315,0,1,1
box_gap_turn,oi_face_rot_turnpath_mppi,18675,256,16,0,0,1,1,1,393,0.231336,0.01367,48.0383,0,1.10487,2.21782,0.801795,315.105,329.852,1609728,1.339,1.3762,0,0.802081,0,1,1
box_gap_turn,oi_face_rot_turnpath_mppi,18682,256,16,0,0,1,1,1,279,0.249215,0.0348768,49.7654,0,1.05937,1.987,0.847379,236.419,245.706,1142784,1.3387,1.3668,0,0.847683,0,1,1
box_gap_turn,oi_face_rot_turnpath_mppi,18689,256,16,0,0,1,1,1,200,0.240535,0.0531591,30.2578,0,1.05485,2.04296,0.883623,176.725,181.647,819200,1.3564,1.3772,0,0.883878,0,1,1
box_gap_turn,oi_face_rot_turnpath_mppi,18696,256,16,0,0,1,1,1,218,0.243445,0.0597607,40.7099,0,0.948922,1.6861,0.89099,194.236,199.294,892928,1.354,1.3704,0,0.891306,0,1,1
box_gap_turn,oi_face_rot_turnpath_mppi,18703,256,16,0,0,1,1,1,295,0.236008,0.065357,33.6916,0,1.16274,2.50391,0.882603,260.368,267.118,1208320,1.3658,1.4095,0,0.882848,0,1,1
box_gap_turn,oi_face_rot_turnpath_mppi,18710,256,16,0,0,1,1,1,221,0.244331,0.024371,26.4843,0,1.03756,2.06479,0.866195,191.429,197.113,905216,1.3484,1.3658,0,0.866563,0,1,1
box_gap_turn,oi_face_rot_turnpath_mppi,18717,256,16,0,0,1,1,1,256,0.2349,0.0532277,30.5801,0,1.0859,2.08602,0.883958,226.293,233.027,1048576,1.3434,1.4031,0,0.884216,0,1,1
box_gap_turn,oi_face_rot_turnpath_mppi,18724,256,16,0,0,1,1,1,355,0.225514,0.0490659,51.5588,0,1.10714,2.22,0.906533,321.819,331.245,1454080,1.3539,1.4098,0,0.90677,0,1,1
box_gap_turn,oi_face_rot_turnpath_mppi,18731,256,16,0,0,1,1,1,161,0.244953,0.0480716,28.2213,0,0.923543,1.70938,0.852783,137.298,141.535,659456,1.3472,1.3735,0,0.853093,0,1,1
box_gap_turn,oi_face_rot_turnpath_mppi,18738,256,16,0,0,1,1,1,258,0.24271,0.0574251,32.9701,0,1.35251,3.57014,0.899177,231.988,238.622,1056768,1.3578,1.3908,0,0.899424,0,1,1
box_gap_turn,oi_face_rot_turnpath_mppi,18745,256,16,0,0,1,1,1,323,0.232271,0.0575262,44.7537,0,1.14286,2.2938,0.87557,282.809,291.594,1323008,1.3478,1.3705,0,0.875823,0,1,1
box_gap_turn,oi_face_rot_turnpath_mppi,18752,256,16,0,0,1,1,1,288,0.243634,0.0522672,33.483,0,1.1226,2.24688,0.905151,260.684,268.957,1179648,1.3569,1.3919,0,0.905407,0,1,1
box_gap_turn,oi_face_rot_turnpath_mppi,18759,256,16,0,0,1,1,1,159,0.235747,0.00182271,38.6804,0,0.600176,0.800947,0.903021,143.58,147.062,651264,1.3582,1.3696,0,0.903312,0,1,1
box_gap_turn,oi_face_rot_turnpath_mppi,18766,256,16,0,0,1,1,1,161,0.244162,0.0102874,38.6634,0,0.665982,0.900436,0.941612,151.6,156.696,659456,1.3479,1.4004,0,0.941974,0,1,1
box_gap_turn,oi_face_rot_turnpath_mppi,18773,256,16,0,0,1,1,1,316,0.242896,0.0445842,44.3625,0,1.02067,1.89799,0.923605,291.859,301.898,1294336,1.3406,1.3596,0,0.923818,0,1,1
box_gap_turn,oi_face_rot_turnpath_mppi,18780,256,16,0,0,1,1,1,179,0.230061,0.0509071,27.5543,0,0.888953,1.57869,0.867075,155.206,161.279,733184,1.3507,1.3796,0,0.867417,0,1,1
box_gap_turn,oi_face_rot_turnpath_mppi,18787,256,16,0,0,1,1,1,261,0.243913,0.047649,38.5144,0,1.01759,1.8712,0.922947,240.889,248.39,1069056,1.3436,1.3726,0,0.923234,0,1,1
box_gap_turn,oi_face_rot_turnpath_mppi,18794,256,16,0,0,1,1,1,164,0.227062,0.042323,36.0484,0,0.671582,1.01523,0.897061,147.118,152.11,671744,1.3529,1.3608,0,0.897407,0,1,1
box_gap_turn,oi_face_rot_turnpath_mppi,18801,256,16,0,0,1,1,1,318,0.243194,0.0616323,45.873,0,1.01396,1.87335,0.890973,283.33,291.457,1302528,1.3496,1.3836,0,0.891228,0,1,1
box_gap_turn,oi_face_rot_turnpath_mppi,18808,256,16,0,0,1,1,1,250,0.24052,0.0307893,38.8638,0,1.00763,1.83727,0.917498,229.374,236.297,1024000,1.3494,1.3704,0,0.917772,0,1,1
box_gap_turn,oi_face_rot_turnpath_mppi,18815,256,16,0,0,1,1,1,321,0.241647,0.0533458,42.3915,0,1.05482,2.03121,0.867822,278.571,287.207,1314816,1.3486,1.3805,0,0.868064,0,1,1
box_gap_turn,oi_face_rot_turnpath_mppi,18822,256,16,0,0,1,1,1,280,0.23604,0.066403,43.0618,0,1.01615,1.87649,0.840719,235.401,242.08,1146880,1.3545,1.3782,0,0.840981,0,1,1
box_gap_turn,oi_face_rot_turnpath_mppi,18829,256,16,0,0,1,1,1,282,0.2252,0.0572969,39.4286,0,1.01051,1.85271,0.843684,237.919,246.225,1155072,1.3317,1.3707,0,0.84396,0,1,1
box_gap_turn,oi_face_rot_turnpath_mppi,18836,256,16,0,0,1,1,1,249,0.24503,0.0380636,29.1186,0,1.12583,2.25888,0.959018,238.795,246.043,1019904,1.3479,1.3719,0,0.959272,0,1,1
box_gap_turn,oi_face_rot_turnpath_mppi,18843,256,16,0,0,1,1,1,207,0.240054,0.046645,40.5113,0,0.88913,1.49874,0.991342,205.208,212.617,847872,1.3529,1.3903,0,0.991623,0,1,1
box_gap_turn,oi_face_rot_turnpath_mppi,18850,256,16,0,0,1,1,1,205,0.235758,0.0430921,28.4184,0,0.948366,1.67579,0.969778,198.804,204.88,839680,1.3511,1.4135,0,0.970106,0,1,1
box_gap_turn,oi_face_rot_turnpath_mppi,18857,256,16,0,0,1,1,1,250,0.230902,0.0262539,30.5643,0,0.989233,1.75519,0.97785,244.463,252.035,1024000,1.3571,1.367,0,0.978145,0,1,1
box_gap_turn,oi_face_rot_turnpath_mppi,18864,256,16,0,0,1,1,1,268,0.234375,0.0503558,32.9594,0,1.05841,2.00499,0.989663,265.23,273.203,1097728,1.3629,1.3913,0,0.989965,0,1,1
box_gap_turn,oi_face_rot_turnpath_mppi,18871,256,16,0,0,1,1,1,272,0.229865,0.0451648,30.8268,0,1.09281,2.11125,0.985638,268.093,275.003,1114112,1.3637,1.4015,0,0.985874,0,1,1
box_gap_turn,oi_face_rot_turnpath_mppi,18878,256,16,0,0,1,1,1,229,0.244636,0.0415992,28.565,0,1.14527,2.49782,1.04554,239.428,248.194,937984,1.3569,1.3949,0,1.04582,0,1,1
box_gap_turn,oi_face_rot_turnpath_mppi,18885,256,16,0,0,1,1,1,303,0.236486,0.0526921,41.5434,0,1.12378,2.18895,0.945365,286.446,293.736,1241088,1.3585,1.3769,0,0.945579,0,1,1
box_gap_turn,oi_face_rot_turnpath_mppi,18892,256,16,0,0,1,1,1,175,0.238896,0.0534775,35.8931,0,0.826905,1.42506,0.929809,162.717,167.576,716800,1.3542,1.3784,0,0.930167,0,1,1
box_gap_turn,oi_face_rot_turnpath_mppi,18899,256,16,0,0,1,1,1,249,0.248982,0.0538369,29.6247,0,1.0974,2.19819,0.919575,228.974,236.309,1019904,1.348,1.4063,0,0.919847,0,1,1
box_gap_turn,oi_face_rot_turnpath_mppi,18906,256,16,0,0,1,1,1,290,0.233837,0.0466143,31.4735,0,1.0723,2.13208,0.90545,262.58,269.138,1187840,1.3501,1.4092,0,0.905659,0,1,1
box_gap_turn,oi_face_rot_turnpath_mppi,18913,256,16,0,0,1,1,1,284,0.230891,0.0488471,44.7716,0,1.08854,2.11547,0.982809,279.118,287.706,1163264,1.3476,1.4209,0,0.98308,0,1,1
box_gap_turn,oi_face_rot_turnpath_mppi,18920,256,16,0,0,1,1,1,247,0.227724,0.0379926,31.2108,0,1.1275,2.229,0.95622,236.186,243.658,1011712,1.3496,1.3863,0,0.956501,0,1,1
box_gap_turn,oi_face_rot_turnpath_mppi,18927,256,16,0,0,1,1,1,340,0.242045,0.0476714,36.0124,0,1.16822,2.45014,0.944648,321.18,331.237,1392640,1.3491,1.3872,0,0.944887,0,1,1
box_gap_turn,oi_face_rot_turnpath_mppi,18934,256,16,0,0,1,1,1,169,0.241994,0.0453638,37.5015,0,0.813344,1.33986,0.963467,162.826,167.408,692224,1.3473,1.3888,0,0.963782,0,1,1
box_gap_turn,oi_face_rot_turnpath_mppi,18941,256,16,0,0,1,1,1,193,0.236374,0.0462307,26.0329,0,0.962552,1.80199,0.937672,180.971,186.872,790528,1.3511,1.3797,0,0.937992,0,1,1
box_gap_turn,oi_face_rot_turnpath_mppi,18948,256,16,0,0,1,1,1,127,0.239471,0.0434355,25.6566,0,0.675237,0.991805,0.933091,118.503,122.242,520192,1.352,1.384,0,0.933436,0,1,1
box_gap_turn,oi_face_rot_turnpath_mppi,18955,256,16,0,0,1,1,1,263,0.244613,0.0494033,39.4771,0,0.999361,1.8389,0.979664,257.652,265.313,1077248,1.3442,1.3772,0,0.979941,0,1,1
box_gap_turn,oi_face_rot_turnpath_mppi,18962,256,16,0,0,1,1,1,274,0.232048,0.0467786,29.8963,0,1.08345,2.1769,1.0232,280.358,290.367,1122304,1.3463,1.7476,0,1.02348,0,1,1
box_gap_turn,oi_face_rot_turnpath_mppi,18969,256,16,0,0,1,1,1,226,0.2489,0.0561792,30.2514,0,1.19353,2.68844,0.958601,216.644,223.309,925696,1.3563,1.3928,0,0.958933,0,1,1
box_gap_turn,oi_face_rot_turnpath_mppi,18976,256,16,0,0,1,1,1,268,0.228185,0.0172997,33.0559,0,1.15876,2.56064,0.958881,256.98,266.542,1097728,1.3516,1.5107,0,0.959204,0,1,1
box_gap_turn,oi_face_rot_turnpath_mppi,18983,256,16,0,0,1,1,1,260,0.225962,0.0402087,42.823,0,1.03912,1.93463,0.947276,246.292,256.336,1064960,1.343,1.3613,0,0.947638,0,1,1
box_gap_turn,oi_face_rot_turnpath_mppi,18990,256,16,0,0,1,1,1,344,0.241971,0.0484383,49.5476,0,1.17399,2.37648,0.985582,339.04,350.848,1409024,1.3425,1.7671,0,0.985874,0,1,1
box_gap_turn,oi_face_rot_turnpath_mppi,18997,256,16,0,0,1,1,1,238,0.24259,0.0491418,27.664,0,1.08106,2.14154,0.98162,233.626,240.389,974848,1.346,1.3892,0,0.981927,0,1,1
box_gap_turn,oi_face_rot_turnpath_mppi,19004,256,16,0,0,1,1,1,231,0.245858,0.0493776,30.235,0,1.20477,2.70392,1.01706,234.941,240.895,946176,1.3521,1.378,0,1.01738,0,1,1
box_gap_turn,oi_face_rot_turnpath_mppi,19011,256,16,0,0,1,1,1,272,0.228494,0.0577857,40.7564,0,1.04879,1.97087,1.00771,274.096,282.671,1114112,1.347,1.3715,0,1.00799,0,1,1
box_gap_turn,oi_face_rot_turnpath_mppi,19018,256,16,0,0,1,1,1,222,0.238142,0.0499184,30.0265,0,1.03432,1.96211,0.957898,212.653,221.015,909312,1.3406,1.3599,0,0.958275,0,1,1
box_gap_turn,oi_face_rot_turnpath_mppi,19025,256,16,0,0,1,1,1,186,0.235838,0.0592344,29.0178,0,0.928653,1.73583,0.940825,174.994,182.311,761856,1.3435,1.4706,0,0.941209,0,1,1
box_gap_turn,oi_face_rot_turnpath_mppi,19032,256,16,0,0,1,1,1,190,0.228376,0.0230833,39.1315,0,0.821634,1.37546,1.00551,191.046,201.052,778240,1.374,1.6995,0,1.00595,0,1,1
box_gap_turn,oi_face_rot_turnpath_mppi,19039,256,16,0,0,1,1,1,271,0.234402,0.0552495,40.6979,0,1.28056,3.36109,0.993826,269.327,279.899,1110016,1.3774,1.3961,0,0.994166,0,1,1
box_gap_turn,oi_face_rot_turnpath_mppi,19046,256,16,0,0,1,1,1,360,0.246238,0.0467941,36.7837,0,1.2389,2.72618,0.983546,354.076,366.45,1474560,1.3491,1.4235,0,0.983882,0,1,1
box_gap_turn,oi_face_rot_turnpath_mppi,19053,256,16,0,0,1,1,1,262,0.228385,0.0528871,42.6664,0,1.01234,1.86925,0.957369,250.831,260.231,1073152,1.3511,1.387,0,0.957668,0,1,1
box_gap_turn,oi_face_rot_turnpath_mppi,19060,256,16,0,0,1,1,1,232,0.229044,0.0583004,27.473,0,1.05685,2.05358,0.994519,230.728,237.432,950272,1.3471,1.3859,0,0.994833,0,1,1
box_gap_turn,oi_face_rot_turnpath_mppi,19067,256,16,0,0,1,1,1,266,0.233197,0.0563576,32.8417,0,1.11543,2.1968,1.01707,270.54,278.34,1089536,1.3582,1.3855,0,1.01734,0,1,1
box_gap_turn,oi_face_rot_turnpath_mppi,19074,256,16,0,0,1,1,1,334,0.231626,0.0602696,46.2343,0,1.08469,2.15659,0.990698,330.893,339.546,1368064,1.3492,1.3769,0,0.990935,0,1,1
box_gap_turn,oi_face_rot_turnpath_mppi,19081,256,16,0,0,1,1,1,250,0.227479,0.0445299,30.3415,0,1.04942,1.99881,0.999468,249.867,259.656,1024000,1.3563,1.9855,0,0.999795,0,1,1
box_gap_turn,oi_face_rot_turnpath_mppi,19088,256,16,0,0,1,1,1,254,0.232951,0.0583252,31.8686,0,1.08641,2.14742,0.895291,227.404,238.953,1040384,1.3433,1.4212,0,0.895666,0,1,1
box_gap_turn,oi_face_rot_turnpath_mppi,19095,256,16,0,0,1,1,1,282,0.234371,0.0524579,40.6733,0,1.05732,2.02593,0.948555,267.492,285.706,1155072,1.6605,5.8087,0,0.94898,0,1,1
box_gap_turn,oi_face_rot_turnpath_mppi,19102,256,16,0,0,1,1,1,356,0.23339,0.0676353,44.3314,0,1.07383,2.02483,0.909062,323.626,344.663,1458176,1.4674,2.0854,0,0.909517,0,1,1
box_gap_turn,oi_face_rot_turnpath_mppi,19109,256,16,0,0,1,1,1,303,0.236137,0.0475881,35.8133,0,1.08926,2.09763,0.982944,297.832,311.702,1241088,1.412,1.8214,0,0.983323,0,1,1
box_gap_turn,oi_face_rot_turnpath_mppi,19116,256,16,0,0,1,1,1,162,0.23443,0.0284078,27.1375,0,0.981142,2.07298,0.872096,141.28,150.341,663552,1.3699,1.4318,0,0.872606,0,1,1
box_gap_turn,oi_face_rot_turnpath_mppi,19123,256,16,0,0,1,1,1,313,0.249697,0.0688502,44.5545,0,1.00917,1.84988,0.862759,270.043,284.255,1282048,1.3833,1.5807,0,0.863105,0,1,1
box_gap_turn,oi_face_rot_turnpath_mppi,19130,256,16,0,0,1,1,1,235,0.246144,0.0442194,29.6786,0,1.11718,2.25658,0.850493,199.866,209.069,962560,1.4033,1.4744,0,0.850866,0,1,1
box_gap_turn,oi_face_rot_turnpath_mppi,19137,256,16,0,0,1,1,1,273,0.236867,0.0348463,32.6255,0,1.09844,2.17052,0.884989,241.602,256.625,1118208,1.3575,1.758,0,0.88595,0,1,1
box_gap_turn,oi_face_rot_turnpath_mppi,19144,256,16,0,0,1,1,1,166,0.243144,0.0275058,31.7999,0,1.13419,3.03201,0.858446,142.502,148.197,679936,1.4251,1.464,0,0.858836,0,1,1
box_gap_turn,oi_face_rot_turnpath_mppi,19151,256,16,0,0,1,1,1,116,0.228652,0.0268085,24.8378,0,0.569394,0.667266,0.930299,107.915,111.18,475136,1.3994,1.5023,0,0.930731,0,1,1
box_gap_turn,oi_face_rot_turnpath_mppi,19158,256,16,0,0,1,1,1,261,0.240139,0.0452883,31.4812,0,1.04149,1.8889,0.910365,237.605,250.924,1069056,1.4049,1.5082,0,0.910714,0,1,1
box_gap_turn,oi_face_rot_turnpath_mppi,19165,256,16,0,0,1,1,1,285,0.231588,0.0534102,43.1471,0,1.06044,2.01469,0.895565,255.236,266.426,1167360,1.4015,1.4717,0,0.89591,0,1,1
box_gap_turn,oi_face_rot_turnpath_mppi,19172,256,16,0,0,1,1,1,251,0.228874,0.0640303,31.3493,0,1.05424,2.04325,0.797884,200.269,208.579,1028096,1.386,1.4423,0,0.798217,0,1,1
box_gap_turn,oi_face_rot_turnpath_mppi,19179,256,16,0,0,1,1,1,200,0.230426,0.0251502,29.2289,0,1.00425,1.97391,0.882514,176.503,183.485,819200,1.3975,1.4356,0,0.882881,0,1,1
box_gap_turn,oi_face_rot_turnpath_mppi,19186,256,16,0,0,1,1,1,198,0.245315,0.0432823,27.5696,0,1.009,1.99857,0.812688,160.912,167.802,811008,1.4047,1.4459,0,0.813128,0,1,1
box_gap_turn,oi_face_rot_turnpath_mppi,19193,256,16,0,0,1,1,1,300,0.249969,0.0646436,32.5585,0,1.08025,2.06104,0.826386,247.916,258.687,1228800,1.3813,1.4424,0,0.826706,0,1,1
box_gap_turn,oi_face_rot_turnpath_mppi,19200,256,16,0,0,1,1,1,257,0.243038,0.0544002,40.2639,0,1.03595,1.90373,0.772887,198.632,207.355,1052672,1.3395,1.4367,0,0.773286,0,1,1
box_gap_turn,oi_face_rot_turnpath_mppi,19207,256,16,0,0,1,1,1,301,0.238657,0.0540539,33.3725,0,1.13607,2.36319,0.937979,282.332,300.108,1232896,1.3787,1.4742,0,0.938302,0,1,1
box_gap_turn,oi_face_rot_turnpath_mppi,19214,256,16,0,0,1,1,1,302,0.244887,0.0573272,33.9489,0,1.07174,2.08298,0.835207,252.232,263.49,1236992,1.4006,1.4534,0,0.83551,0,1,1
box_gap_turn,oi_face_rot_turnpath_mppi,19221,256,16,0,0,1,1,1,250,0.249024,0.046334,32.5639,0,1.09513,2.16306,0.917467,229.367,238.254,1024000,1.4118,1.4718,0,0.917844,0,1,1
box_gap_turn,oi_face_rot_turnpath_mppi,19228,256,16,0,0,1,1,1,300,0.232347,0.046528,44.5601,0,1.04188,2.00218,0.913775,274.132,284.747,1228800,1.4172,1.4461,0,0.9141,0,1,1
box_gap_turn,oi_face_rot_turnpath_mppi,19235,256,16,0,0,1,1,1,315,0.249834,0.0645998,34.3809,0,1.44285,3.94791,0.92307,290.767,300.815,1290240,1.4216,1.5297,0,0.923343,0,1,1
box_gap_turn,oi_face_rot_turnpath_mppi,19242,256,16,0,0,1,1,1,325,0.236763,0.0440918,34.3046,0,1.08461,2.14843,0.9821,319.183,326.959,1331200,1.4341,1.5484,0,0.982319,0,1,1
box_gap_turn,oi_face_rot_turnpath_mppi,19249,256,16,0,0,1,1,1,221,0.231934,0.0480678,41.6866,0,0.884555,1.52556,0.968616,214.064,220.184,905216,1.4318,1.459,0,0.968904,0,1,1
box_gap_turn,oi_face_rot_wide_mppi,18556,256,16,0,0,0,1,0,500,1.69009,0.600011,117.786,0,0.628442,0.59661,0.99891,499.455,514.67,2048000,1.4519,1.5682,0,0.999167,0,1,0
box_gap_turn,oi_face_rot_wide_mppi,18563,256,16,0,0,0,1,0,500,1.71123,0.518676,119.17,0,0.625512,0.618338,0.936695,468.348,482.902,2048000,1.3894,1.4236,0,0.936911,0,1,0
box_gap_turn,oi_face_rot_wide_mppi,18570,256,16,0,0,1,1,1,214,0.226658,0.0575907,26.2405,0,1.10965,2.02312,0.95224,203.779,210.357,876544,1.3998,1.492,0,0.952564,0,1,1
box_gap_turn,oi_face_rot_wide_mppi,18577,256,16,0,0,1,1,1,144,0.247745,0.0505544,23.2629,0,0.837691,1.24105,0.91381,131.589,135.71,589824,1.4026,1.4345,0,0.914235,0,1,1
box_gap_turn,oi_face_rot_wide_mppi,18584,256,16,0,0,1,1,1,175,0.231144,0.00153637,37.0761,0,0.778625,1.06822,0.919682,160.944,166.336,716800,1.39,1.4283,0,0.92005,0,1,1
box_gap_turn,oi_face_rot_wide_mppi,18591,256,16,0,0,1,1,1,233,0.229891,0.0305363,29.0087,0,1.04932,1.85717,0.838598,195.393,202.572,954368,1.3881,1.4218,0,0.838913,0,1,1
box_gap_turn,oi_face_rot_wide_mppi,18598,256,16,0,0,0,1,0,500,1.69009,0.570753,118.221,0,0.640346,0.631879,0.943673,471.837,489.19,2048000,1.3852,1.6245,0,0.943907,0,1,0
box_gap_turn,oi_face_rot_wide_mppi,18605,256,16,0,0,1,1,1,305,0.246121,0.0470068,30.4327,0,1.09928,2.09267,0.900199,274.561,282.353,1249280,1.3949,1.4392,0,0.900443,0,1,1
box_gap_turn,oi_face_rot_wide_mppi,18612,256,16,0,0,0,1,0,500,1.77368,0.621826,128.178,0,0.63343,0.632072,0.93305,466.525,482.578,2048000,1.385,1.689,0,0.933256,0,1,0
box_gap_turn,oi_face_rot_wide_mppi,18619,256,16,0,0,0,1,0,500,1.50074,0.494654,97.5282,0,0.657209,0.694993,1.03028,515.141,529.514,2048000,1.4841,1.5954,0,1.0305,0,1,0
box_gap_turn,oi_face_rot_wide_mppi,18626,256,16,0,0,1,1,1,135,0.242746,0.000581145,26.2088,0,0.775598,1.11057,0.942754,127.272,133.161,552960,1.3852,1.4107,0,0.943153,0,1,1
box_gap_turn,oi_face_rot_wide_mppi,18633,256,16,0,0,1,1,1,303,0.238265,0.0486028,32.5893,0,1.09229,2.01051,0.953947,289.046,298.01,1241088,1.4014,1.4439,0,0.954218,0,1,1
box_gap_turn,oi_face_rot_wide_mppi,18640,256,16,0,0,1,1,1,233,0.249399,0.0451974,33.3428,0,1.09582,2.4543,0.861348,200.694,207.332,954368,1.4229,1.4875,0,0.861628,0,1,1
box_gap_turn,oi_face_rot_wide_mppi,18647,256,16,0,0,1,1,1,169,0.24416,0.0603175,21.5539,0,1.15757,2.24434,0.921552,155.742,159.811,692224,1.3966,1.4724,0,0.921842,0,1,1
box_gap_turn,oi_face_rot_wide_mppi,18654,256,16,0,0,1,1,1,246,0.236652,0.0568925,29.4802,0,1.00585,1.76796,0.838527,206.278,213.34,1007616,1.3988,1.4564,0,0.838807,0,1,1
box_gap_turn,oi_face_rot_wide_mppi,18661,256,16,0,0,0,1,0,500,1.51733,0.524702,99.0189,0,0.639833,0.633929,0.908985,454.493,472.516,2048000,1.3859,1.4691,0,0.909226,0,1,0
box_gap_turn,oi_face_rot_wide_mppi,18668,256,16,0,0,0,1,0,500,1.73031,0.62818,122.86,0,0.58722,0.507081,0.863804,431.902,450.702,2048000,1.3724,1.4193,0,0.86406,0,1,0
box_gap_turn,oi_face_rot_wide_mppi,18675,256,16,0,0,1,1,1,192,0.233221,0.048017,21.5968,0,1.29846,3.0203,0.905644,173.884,182.926,786432,1.3823,1.4283,0,0.906035,0,1,1
box_gap_turn,oi_face_rot_wide_mppi,18682,256,16,0,0,1,1,1,233,0.240517,0.0518956,31.1246,0,1.13041,2.10686,0.84834,197.663,207.001,954368,1.3859,1.897,0,0.848721,0,1,1
box_gap_turn,oi_face_rot_wide_mppi,18689,256,16,0,0,0,1,0,500,1.69645,0.676812,120.115,0,0.619163,0.568771,1.00107,500.533,516.37,2048000,1.4892,1.5939,0,1.00131,0,1,0
box_gap_turn,oi_face_rot_wide_mppi,18696,256,16,0,0,1,1,1,237,0.23285,0.0619749,45.3354,0,0.825894,1.21332,0.933849,221.322,228.833,970752,1.4287,1.4786,0,0.934153,0,1,1
box_gap_turn,oi_face_rot_wide_mppi,18703,256,16,0,0,1,1,1,223,0.231101,0.0207108,35.4547,0,0.921459,1.54487,0.857492,191.221,197.477,913408,1.4036,1.4852,0,0.857827,0,1,1
box_gap_turn,oi_face_rot_wide_mppi,18710,256,16,0,0,0,1,0,500,1.96913,0.481728,151.976,0,0.596281,0.540643,0.910729,455.365,473.48,2048000,1.3898,1.9072,0,0.910973,0,1,0
box_gap_turn,oi_face_rot_wide_mppi,18717,256,16,0,0,1,1,1,268,0.241215,0.0355364,30.344,0,1.07684,2.05628,0.864973,231.813,243.577,1097728,1.3833,1.4316,0,0.865322,0,1,1
box_gap_turn,oi_face_rot_wide_mppi,18724,256,16,0,0,1,1,1,317,0.230539,0.0509911,33.1679,0,1.11198,2.02953,0.880333,279.066,292.155,1298432,1.3968,1.5091,0,0.880696,0,1,1
box_gap_turn,oi_face_rot_wide_mppi,18731,256,16,0,0,1,1,1,271,0.239351,0.0506301,27.2327,0,1.25208,2.62734,0.784923,212.714,224.841,1110016,1.3731,1.4341,0,0.785299,0,1,1
box_gap_turn,oi_face_rot_wide_mppi,18738,256,16,0,0,0,1,0,500,1.68608,0.622151,117.709,0,0.608764,0.545388,0.878002,439.001,458.182,2048000,1.3858,1.6301,0,0.878285,0,1,0
box_gap_turn,oi_face_rot_wide_mppi,18745,256,16,0,0,1,1,1,227,0.231341,0.0532318,26.2121,0,1.05534,1.97478,0.769637,174.708,181.823,929792,1.3567,1.4156,0,0.769964,0,1,1
box_gap_turn,oi_face_rot_wide_mppi,18752,256,16,0,0,1,1,1,240,0.237028,0.0621066,28.5716,0,0.982159,1.55898,0.831787,199.629,207.565,983040,1.3701,1.4271,0,0.832131,0,1,1
box_gap_turn,oi_face_rot_wide_mppi,18759,256,16,0,0,1,1,1,141,0.246692,0.006127,26.7312,0,0.925953,1.71342,0.978669,137.992,141.543,577536,1.4107,1.4435,0,0.97897,0,1,1
box_gap_turn,oi_face_rot_wide_mppi,18766,256,16,0,0,1,1,1,206,0.235231,0.0482855,23.9083,0,1.17134,2.3259,0.892909,183.939,189.959,843776,1.4003,1.4849,0,0.893225,0,1,1
box_gap_turn,oi_face_rot_wide_mppi,18773,256,16,0,0,1,1,1,216,0.238282,0.0525992,28.2339,0,1.14,2.30028,0.839471,181.326,189.972,884736,1.3856,1.5328,0,0.839825,0,1,1
box_gap_turn,oi_face_rot_wide_mppi,18780,256,16,0,0,1,1,1,174,0.2423,0.0580893,21.8176,0,1.10804,2.02686,0.902714,157.072,162.578,712704,1.3671,1.4158,0,0.903109,0,1,1
box_gap_turn,oi_face_rot_wide_mppi,18787,256,16,0,0,0,1,0,500,1.70333,0.594208,119.222,0,0.607135,0.569851,0.914506,457.253,481.316,2048000,1.3914,2.1596,0,0.914807,0,1,0
box_gap_turn,oi_face_rot_wide_mppi,18794,256,16,0,0,1,1,1,202,0.246735,0.0564514,28.0343,0,1.10549,2.00527,0.903477,182.502,194.554,827392,1.3916,2.4439,0,0.903935,0,1,1
box_gap_turn,oi_face_rot_wide_mppi,18801,256,16,0,0,1,1,1,235,0.247722,0.00929952,26.4648,0,1.14178,2.2025,0.953303,224.026,234.153,962560,1.3917,5.425,0,0.95378,0,1,1
box_gap_turn,oi_face_rot_wide_mppi,18808,256,16,0,0,1,1,1,146,0.231268,0.0490714,25.9047,0,0.8672,1.54522,0.949341,138.604,144.32,598016,1.3865,1.4138,0,0.949844,0,1,1
box_gap_turn,oi_face_rot_wide_mppi,18815,256,16,0,0,0,1,0,500,1.83157,0.488439,133.675,0,0.60807,0.563686,0.867548,433.774,455.773,2048000,1.3717,1.4441,0,0.867886,0,1,0
box_gap_turn,oi_face_rot_wide_mppi,18822,256,16,0,0,0,1,0,500,1.80109,0.643009,132.259,0,0.644966,0.617199,0.923032,461.516,481.758,2048000,1.3796,1.8873,0,0.923347,0,1,0
box_gap_turn,oi_face_rot_wide_mppi,18829,256,16,0,0,1,1,1,315,0.245384,0.0438756,30.949,0,1.16465,2.26527,0.921819,290.373,302.531,1290240,1.3996,1.4938,0,0.922108,0,1,1
box_gap_turn,oi_face_rot_wide_mppi,18836,256,16,0,0,1,1,1,166,0.234291,0.0229547,29.9205,0,1.22284,3.44528,0.953391,158.263,164.563,679936,1.3904,1.4436,0,0.953815,0,1,1
box_gap_turn,oi_face_rot_wide_mppi,18843,256,16,0,0,0,1,0,500,1.76274,0.619999,127.299,0,0.631542,0.623299,0.941269,470.635,485.694,2048000,1.3948,1.4937,0,0.941532,0,1,0
box_gap_turn,oi_face_rot_wide_mppi,18850,256,16,0,0,0,1,0,500,1.77438,0.594538,128.542,0,0.639203,0.632791,0.978903,489.452,504.387,2048000,1.3977,1.47,0,0.979156,0,1,0
box_gap_turn,oi_face_rot_wide_mppi,18857,256,16,0,0,0,1,0,500,1.69148,0.676648,118.908,0,0.628474,0.595284,1.03752,518.76,535.711,2048000,1.4154,1.517,0,1.03776,0,1,0
box_gap_turn,oi_face_rot_wide_mppi,18864,256,16,0,0,1,1,1,320,0.249192,0.0367779,31.5195,0,1.1803,2.36316,1.01326,324.242,332.755,1310720,1.4331,1.5389,0,1.01351,0,1,1
box_gap_turn,oi_face_rot_wide_mppi,18871,256,16,0,0,1,1,1,247,0.24327,0.0566381,29.0876,0,1.11125,2.08867,1.00638,248.575,256.589,1011712,1.3936,1.4494,0,1.00671,0,1,1
box_gap_turn,oi_face_rot_wide_mppi,18878,256,16,0,0,0,1,0,500,1.90538,0.511465,143.145,0,0.628333,0.603183,0.993104,496.552,510.81,2048000,1.4121,1.4949,0,0.993326,0,1,0
box_gap_turn,oi_face_rot_wide_mppi,18885,256,16,0,0,1,1,1,266,0.228168,0.0612754,30.0405,0,1.06733,2.00456,0.998976,265.728,273.403,1089536,1.3989,1.4716,0,0.999262,0,1,1
box_gap_turn,oi_face_rot_wide_mppi,18892,256,16,0,0,0,1,0,500,1.84039,0.521068,134.93,0,0.623426,0.593015,0.941993,470.996,486.285,2048000,1.3842,1.4421,0,0.942217,0,1,0
box_gap_turn,oi_face_rot_wide_mppi,18899,256,16,0,0,0,1,0,500,1.92928,0.496156,146.207,0,0.608774,0.568923,1.00065,500.323,521.421,2048000,1.4013,1.6395,0,1.00093,0,1,0
box_gap_turn,oi_face_rot_wide_mppi,18906,256,16,0,0,1,1,1,288,0.236318,0.0540229,30.9257,0,1.13392,2.13942,0.992099,285.724,295.239,1179648,1.3998,1.501,0,0.992437,0,1,1
box_gap_turn,oi_face_rot_wide_mppi,18913,256,16,0,0,1,1,1,233,0.231309,0.0351037,27.1207,0,1.10393,2.02343,0.990304,230.741,237.665,954368,1.4076,1.4694,0,0.99065,0,1,1
box_gap_turn,oi_face_rot_wide_mppi,18920,256,16,0,0,1,1,1,240,0.241799,0.0476162,32.0877,0,1.06075,1.88529,0.997581,239.419,246.016,983040,1.403,1.4986,0,0.99788,0,1,1
box_gap_turn,oi_face_rot_wide_mppi,18927,256,16,0,0,0,1,0,500,1.8204,0.521016,132.402,0,0.608444,0.576004,0.99205,496.025,511.149,2048000,1.3968,1.473,0,0.992291,0,1,0
box_gap_turn,oi_face_rot_wide_mppi,18934,256,16,0,0,1,1,1,190,0.239505,0.0475417,27.2011,0,0.972063,1.67858,0.989558,188.016,193.851,778240,1.4062,1.4648,0,0.989878,0,1,1
box_gap_turn,oi_face_rot_wide_mppi,18941,256,16,0,0,1,1,1,244,0.249731,0.0687033,26.0772,0,1.22923,2.52728,1.0454,255.078,261.815,999424,1.4604,1.5406,0,1.04568,0,1,1
box_gap_turn,oi_face_rot_wide_mppi,18948,256,16,0,0,1,1,1,189,0.228275,0.047794,26.1777,0,1.08046,2.20321,1.03387,195.401,200.365,774144,1.4136,1.5033,0,1.03423,0,1,1
box_gap_turn,oi_face_rot_wide_mppi,18955,256,16,0,0,0,1,0,500,1.78013,0.524097,127.087,0,0.613269,0.560665,1.03756,518.779,533.29,2048000,1.4067,1.4375,0,1.03778,0,1,0
box_gap_turn,oi_face_rot_wide_mppi,18962,256,16,0,0,1,1,1,279,0.234874,0.0645376,30.1285,0,1.15112,2.28798,1.05974,295.668,304.401,1142784,1.4127,1.4411,0,1.06003,0,1,1
box_gap_turn,oi_face_rot_wide_mppi,18969,256,16,0,0,1,1,1,135,0.236541,0.0330954,25.5845,0,0.869091,1.4099,1.03625,139.893,144.874,552960,1.4113,1.4706,0,1.03664,0,1,1
box_gap_turn,oi_face_rot_wide_mppi,18976,256,16,0,0,1,1,1,279,0.241267,0.0454987,32.1109,0,1.15189,2.24657,1.01431,282.992,291.46,1142784,1.4105,1.4468,0,1.01458,0,1,1
box_gap_turn,oi_face_rot_wide_mppi,18983,256,16,0,0,1,1,1,275,0.230727,0.0387253,30.6837,0,1.12469,2.18299,0.984618,270.77,278.863,1126400,1.4175,1.4604,0,0.984902,0,1,1
box_gap_turn,oi_face_rot_wide_mppi,18990,256,16,0,0,1,1,1,134,0.243702,0.050685,25.6808,0,0.824113,1.28822,1.0633,142.482,146.84,548864,1.4064,1.4387,0,1.06371,0,1,1
box_gap_turn,oi_face_rot_wide_mppi,18997,256,16,0,0,0,1,0,500,1.95028,0.512434,149.645,0,0.635356,0.619971,1.01017,505.084,520.526,2048000,1.4038,1.486,0,1.0104,0,1,0
box_gap_turn,oi_face_rot_wide_mppi,19004,256,16,0,0,1,1,1,141,0.226708,1.49012e-05,25.8925,0,0.935899,1.57967,0.975429,137.536,141.861,577536,1.4141,1.4783,0,0.975806,0,1,1
box_gap_turn,oi_face_rot_wide_mppi,19011,256,16,0,0,0,1,0,500,1.61485,0.5391,107.718,0,0.628999,0.621845,1.10261,551.304,568.163,2048000,1.4951,1.5889,0,1.10288,0,1,0
box_gap_turn,oi_face_rot_wide_mppi,19018,256,16,0,0,1,1,1,141,0.248771,0.0543556,20.5495,0,0.975828,1.78477,0.901366,127.093,133.853,577536,1.3882,1.4819,0,0.901799,0,1,1
box_gap_turn,oi_face_rot_wide_mppi,19025,256,16,0,0,0,1,0,500,1.94974,0.491655,149.007,0,0.603241,0.552144,0.963636,481.818,501.8,2048000,1.3953,1.7519,0,0.963893,0,1,0
box_gap_turn,oi_face_rot_wide_mppi,19032,256,16,0,0,0,1,0,500,1.77842,0.542967,127.726,0,0.598835,0.547381,0.568178,284.089,299.477,2048000,1.3858,1.449,0,0.568395,0,1,0
box_gap_turn,oi_face_rot_wide_mppi,19039,256,16,0,0,1,1,1,232,0.249436,0.0471739,34.6359,0,1.06257,1.94616,0.255803,59.3462,66.1516,950272,0.3299,0.4132,0,0.256057,0,1,1
box_gap_turn,oi_face_rot_wide_mppi,19046,256,16,0,0,1,1,1,287,0.248542,0.050974,30.8981,0,1.05263,1.93813,0.243395,69.8544,76.4511,1175552,0.3247,0.4632,0,0.243574,0,1,1
box_gap_turn,oi_face_rot_wide_mppi,19053,256,16,0,0,1,1,1,296,0.234681,0.0546203,29.4416,0,1.13954,2.12777,0.253306,74.9785,83.4559,1212416,0.3266,0.4006,0,0.253564,0,1,1
box_gap_turn,oi_face_rot_wide_mppi,19060,256,16,0,0,1,1,1,288,0.249017,0.0585107,27.7293,0,1.2028,2.33188,0.229206,66.0112,71.9946,1179648,0.3115,0.3969,0,0.22941,0,1,1
box_gap_turn,oi_face_rot_wide_mppi,19067,256,16,0,0,0,1,0,500,1.73606,0.590084,123.347,0,0.613184,0.566512,0.277229,138.615,153.531,2048000,0.3507,0.3952,0,0.277434,0,1,0
box_gap_turn,oi_face_rot_wide_mppi,19074,256,16,0,0,0,1,0,500,1.81362,0.511984,131.053,0,0.62432,0.599588,0.233274,116.637,128.1,2048000,0.3268,0.5668,0,0.233423,0,1,0
box_gap_turn,oi_face_rot_wide_mppi,19081,256,16,0,0,1,1,1,248,0.232732,0.0620273,26.5096,0,1.1312,2.19119,0.249765,61.9417,68.7421,1015808,0.3303,0.5013,0,0.250021,0,1,1
box_gap_turn,oi_face_rot_wide_mppi,19088,256,16,0,0,0,1,0,500,1.53841,0.491415,100.585,0,0.647786,0.655418,0.257809,128.904,142.245,2048000,0.3409,0.4332,0,0.257979,0,1,0
box_gap_turn,oi_face_rot_wide_mppi,19095,256,16,0,0,0,1,0,500,1.64443,0.535868,111.715,0,0.610831,0.560214,0.343732,171.866,187.612,2048000,0.4,8.9507,0,0.343948,0,1,0
box_gap_turn,oi_face_rot_wide_mppi,19102,256,16,0,0,0,1,0,500,1.49473,0.536288,96.0361,0,0.635101,0.632127,0.264351,132.175,147.917,2048000,0.3353,0.6174,0,0.264573,0,1,0
box_gap_turn,oi_face_rot_wide_mppi,19109,256,16,0,0,1,1,1,219,0.238115,0.0255463,26.0552,0,1.17844,2.31222,0.25914,56.7517,64.0628,897024,0.3429,0.4023,0,0.259445,0,1,1
box_gap_turn,oi_face_rot_wide_mppi,19116,256,16,0,0,1,1,1,235,0.243722,0.0580591,28.5698,0,1.05857,1.79266,0.249421,58.6139,65.3225,962560,0.3264,0.407,0,0.249669,0,1,1
box_gap_turn,oi_face_rot_wide_mppi,19123,256,16,0,0,0,1,0,500,1.73564,0.579562,122.749,0,0.62275,0.590075,0.258482,129.241,144.508,2048000,0.3283,0.7357,0,0.258675,0,1,0
box_gap_turn,oi_face_rot_wide_mppi,19130,256,16,0,0,1,1,1,161,0.239051,0.0379585,22.3046,0,1.35304,3.49091,0.259709,41.8131,46.5608,659456,0.355,0.4675,0,0.260026,0,1,1
box_gap_turn,oi_face_rot_wide_mppi,19137,256,16,0,0,0,1,0,500,1.77356,0.592902,127.626,0,0.631882,0.623683,0.24985,124.925,140.568,2048000,0.3415,0.599,0,0.250049,0,1,0
box_gap_turn,oi_face_rot_wide_mppi,19144,256,16,0,0,0,1,0,500,2.00476,0.495939,156.898,0,0.60055,0.554398,0.240423,120.211,134.686,2048000,0.3203,0.4121,0,0.240627,0,1,0
box_gap_turn,oi_face_rot_wide_mppi,19151,256,16,0,0,0,1,0,500,1.75553,0.543511,124.208,0,0.62776,0.572769,0.258986,129.493,146.765,2048000,0.3513,0.5131,0,0.259196,0,1,0
box_gap_turn,oi_face_rot_wide_mppi,19158,256,16,0,0,1,1,1,195,0.235186,0.00433397,25.307,0,1.12737,2.24526,0.284809,55.5377,63.2038,798720,0.353,1.5265,0,0.285172,0,1,1
box_gap_turn,oi_face_rot_wide_mppi,19165,256,16,0,0,1,1,1,136,0.239064,0.013208,24.8329,0,0.961305,1.59283,0.279488,38.0104,42.2378,557056,0.3663,0.4171,0,0.279885,0,1,1
box_gap_turn,oi_face_rot_wide_mppi,19172,256,16,0,0,0,1,0,500,1.78133,0.641042,129.553,0,0.599739,0.539164,0.255172,127.586,143.838,2048000,0.3323,0.494,0,0.255396,0,1,0
box_gap_turn,oi_face_rot_wide_mppi,19179,256,16,0,0,1,1,1,172,0.231132,0.0517526,28.3189,0,0.973427,1.54897,0.25048,43.0826,48.4447,704512,0.3129,0.3637,0,0.25082,0,1,1
box_gap_turn,oi_face_rot_wide_mppi,19186,256,16,0,0,0,1,0,500,1.76075,0.52827,124.606,0,0.61188,0.59239,0.27067,135.335,153.033,2048000,0.3487,0.6113,0,0.2709,0,1,0
box_gap_turn,oi_face_rot_wide_mppi,19193,256,16,0,0,1,1,1,290,0.231659,0.0479547,28.1335,0,1.09802,2.06728,0.262812,76.2155,85.5506,1187840,0.3469,0.4386,0,0.263059,0,1,1
box_gap_turn,oi_face_rot_wide_mppi,19200,256,16,0,0,1,1,1,307,0.23196,0.0514612,36.0434,0,1.0463,1.91136,0.262985,80.7363,90.1798,1257472,0.3604,0.5639,0,0.263224,0,1,1
box_gap_turn,oi_face_rot_wide_mppi,19207,256,16,0,0,1,1,1,199,0.235607,0.0514292,22.6374,0,1.21839,2.48708,0.293005,58.3079,66.9545,815104,0.4298,0.7415,0,0.29329,0,1,1
box_gap_turn,oi_face_rot_wide_mppi,19214,256,16,0,0,1,1,1,182,0.243016,0.047914,25.439,0,0.998699,1.75664,0.24859,45.2434,50.3389,745472,0.325,0.429,0,0.248997,0,1,1
box_gap_turn,oi_face_rot_wide_mppi,19221,256,16,0,0,0,1,0,500,1.70955,0.618855,120.486,0,0.613475,0.57063,0.27632,138.16,153.803,2048000,0.3514,0.4292,0,0.276522,0,1,0
box_gap_turn,oi_face_rot_wide_mppi,19228,256,16,0,0,1,1,1,134,0.247929,0.0124298,25.761,0,0.807115,1.20188,0.272997,36.5816,41.7058,548864,0.3476,1.0682,0,0.273372,0,1,1
box_gap_turn,oi_face_rot_wide_mppi,19235,256,16,0,0,0,1,0,500,1.65817,0.712763,116.877,0,0.641015,0.596878,0.283389,141.695,159.425,2048000,0.3555,0.7652,0,0.283599,0,1,0
box_gap_turn,oi_face_rot_wide_mppi,19242,256,16,0,0,1,1,1,250,0.227972,0.0172629,27.9997,0,1.09092,2.01816,0.245033,61.2582,68.1263,1024000,0.3198,0.3579,0,0.245266,0,1,1
box_gap_turn,oi_face_rot_wide_mppi,19249,256,16,0,0,0,1,0,500,1.76844,0.636402,128.094,0,0.608013,0.562657,0.242331,121.166,135.161,2048000,0.3157,0.4058,0,0.242521,0,1,0
