scenario,planner,seed,k_samples,t_horizon,grad_steps,alpha,reached_goal,collision_free,success,steps,final_distance,min_goal_distance,cumulative_cost,collisions,mean_control_delta,control_roughness,avg_control_ms,total_control_ms,episode_ms,sample_budget,p95_control_ms,max_control_ms,control_deadline_ms,avg_control_slot_ms,deadline_misses,deadline_feasible,real_time_success
box_detour_open,oi_face_rot_mppi,12156,256,16,0,0,1,1,1,80,0.216753,0.0936527,5.9039,0,0.699867,0.692945,0.335204,26.8163,28.298,327680,1.2425,1.2876,0,0.335554,0,1,1
box_detour_open,oi_face_rot_mppi,12163,256,16,0,0,1,1,1,44,0.23444,0.200346,4.2724,0,0.670281,0.650959,0.355268,15.6318,16.2841,180224,1.2487,1.2678,0,0.355561,0,1,1
box_detour_open,oi_face_rot_mppi,12170,256,16,0,0,1,1,1,59,0.228931,0.27623,4.75587,0,0.701371,0.793598,0.287786,16.9794,17.835,241664,1.2503,1.2623,0,0.288071,0,1,1
box_detour_open,oi_face_rot_mppi,12177,256,16,0,0,1,1,1,63,0.237035,0.0652127,4.73474,0,0.598372,0.534649,0.298489,18.8048,19.6001,258048,1.2035,1.26,0,0.29871,0,1,1
box_detour_open,oi_face_rot_mppi,12184,256,16,0,0,1,1,1,56,0.248435,0.149556,4.01224,0,0.759657,1.0125,0.419,23.464,24.286,229376,1.2589,1.2638,0,0.419354,0,1,1
box_detour_open,oi_face_rot_mppi,12191,256,16,0,0,1,1,1,60,0.248919,0.0388155,4.47162,0,0.605724,0.612413,0.357093,21.4256,22.2913,245760,1.2118,1.263,0,0.357408,0,1,1
box_detour_open,oi_face_rot_mppi,12198,256,16,0,0,1,1,1,66,0.248789,0.214185,5.05052,0,0.657234,0.633474,0.306891,20.2548,21.3163,270336,1.2389,1.2709,0,0.307255,0,1,1
box_detour_open,oi_face_rot_mppi,12205,256,16,0,0,1,1,1,65,0.241406,0.191023,4.75273,0,0.656657,0.665866,0.300755,19.5491,20.7388,266240,1.2321,1.2663,0,0.301112,0,1,1
box_detour_open,oi_face_rot_mppi,12212,256,16,0,0,1,1,1,68,0.249595,0.00940877,5.09245,0,0.690204,0.778449,0.302154,20.5465,22.2213,278528,1.2369,1.264,0,0.302625,0,1,1
box_detour_open,oi_face_rot_mppi,12219,256,16,0,0,1,1,1,85,0.208681,0.0940276,4.94486,0,0.564803,0.506378,0.247914,21.0727,22.3062,348160,1.2139,1.2703,0,0.248185,0,1,1
box_detour_open,oi_face_rot_mppi,12226,256,16,0,0,1,1,1,72,0.248062,0.0716394,5.5014,0,0.590918,0.550442,0.302621,21.7887,22.8287,294912,1.2113,1.2671,0,0.302929,0,1,1
box_detour_open,oi_face_rot_mppi,12233,256,16,0,0,1,1,1,62,0.245499,0.100833,4.91966,0,0.667544,0.68642,0.306968,19.032,19.9252,253952,1.2067,1.2597,0,0.307231,0,1,1
box_detour_open,oi_face_rot_mppi,12240,256,16,0,0,1,1,1,61,0.218617,0.0213982,4.77011,0,0.681836,0.691066,0.296298,18.0742,18.9273,249856,1.2426,1.2594,0,0.296569,0,1,1
box_detour_open,oi_face_rot_mppi,12247,256,16,0,0,1,1,1,62,0.240421,0.168398,4.52393,0,0.688798,0.767909,0.218432,13.5428,14.2461,253952,0.497,1.2669,0,0.218661,0,1,1
box_detour_open,oi_face_rot_mppi,12254,256,16,0,0,1,1,1,66,0.245248,0.061943,5.03584,0,0.717011,0.798751,0.370494,24.4526,25.2643,270336,1.2482,1.2823,0,0.370747,0,1,1
box_detour_open,oi_face_rot_mppi,12261,256,16,0,0,1,1,1,87,0.243929,0.0108124,5.40199,0,0.666834,0.713405,0.356355,31.0029,32.1057,356352,1.2364,1.2805,0,0.356545,0,1,1
box_detour_open,oi_face_rot_mppi,12268,256,16,0,0,1,1,1,58,0.245537,0.00852599,4.85674,0,0.738481,0.817703,0.300269,17.4156,18.1847,237568,1.251,1.2658,0,0.300545,0,1,1
box_detour_open,oi_face_rot_mppi,12275,256,16,0,0,1,1,1,67,0.202981,0.175865,4.47915,0,0.647592,0.651502,0.268355,17.9798,18.8432,274432,1.2045,1.2657,0,0.26864,0,1,1
box_detour_open,oi_face_rot_mppi,12282,256,16,0,0,1,1,1,73,0.239243,0.115396,5.06451,0,0.709844,0.79106,0.397737,29.0348,29.9854,299008,1.2576,1.2638,0,0.398006,0,1,1
box_detour_open,oi_face_rot_mppi,12289,256,16,0,0,1,1,1,63,0.235729,0.00291139,4.86391,0,0.66235,0.68587,0.290121,18.2776,19.1351,258048,1.2377,1.2661,0,0.290365,0,1,1
box_detour_open,oi_face_rot_mppi,12296,256,16,0,0,1,1,1,59,0.245236,0.0357246,4.64492,0,0.706253,0.832327,0.313586,18.5016,19.3586,241664,1.2388,1.2649,0,0.313937,0,1,1
box_detour_open,oi_face_rot_mppi,12303,256,16,0,0,1,1,1,58,0.200799,0.30758,4.47513,0,0.630474,0.573598,0.2885,16.733,17.6034,237568,1.2477,1.2671,0,0.288798,0,1,1
box_detour_open,oi_face_rot_mppi,12310,256,16,0,0,1,1,1,59,0.249608,0.109033,4.41942,0,0.721304,0.701566,0.321546,18.9712,19.9903,241664,1.2477,1.2652,0,0.321864,0,1,1
box_detour_open,oi_face_rot_mppi,12317,256,16,0,0,1,1,1,57,0.226291,0.059293,4.11645,0,0.629346,0.726967,0.34116,19.4461,20.7205,233472,1.2335,1.2649,0,0.341619,0,1,1
box_detour_open,oi_face_rot_mppi,12324,256,16,0,0,1,1,1,59,0.235752,0.0807915,4.91573,0,0.64932,0.668709,0.294761,17.3909,18.2935,241664,1.2376,1.2551,0,0.295076,0,1,1
box_detour_open,oi_face_rot_mppi,12331,256,16,0,0,1,1,1,64,0.234026,0.0645843,4.73726,0,0.607023,0.639122,0.268422,17.179,18.0819,262144,1.2457,1.2613,0,0.268712,0,1,1
box_detour_open,oi_face_rot_mppi,12338,256,16,0,0,1,1,1,71,0.249244,0.152475,4.68678,0,0.557065,0.475126,0.381504,27.0868,28.0281,290816,1.2615,1.2677,0,0.381769,0,1,1
box_detour_open,oi_face_rot_mppi,12345,256,16,0,0,1,1,1,59,0.240511,0.0310095,4.51907,0,0.665996,0.664857,0.325793,19.2218,20.5574,241664,1.2255,1.2663,0,0.326161,0,1,1
box_detour_open,oi_face_rot_mppi,12352,256,16,0,0,1,1,1,63,0.248512,0.297059,4.89238,0,0.588749,0.551672,0.245133,15.4434,16.4685,258048,0.943,1.2514,0,0.245444,0,1,1
box_detour_open,oi_face_rot_mppi,12359,256,16,0,0,1,1,1,65,0.238663,0.0577498,5.14971,0,0.608143,0.569551,0.285074,18.5298,19.9054,266240,1.1185,1.2616,0,0.285508,0,1,1
box_detour_open,oi_face_rot_near_mppi,12156,256,16,0,0,1,1,1,71,0.211859,0.0158079,5.94915,0,0.874671,1.20504,0.349962,24.8473,26.1376,290816,1.2449,1.2735,0,0.350308,0,1,1
box_detour_open,oi_face_rot_near_mppi,12163,256,16,0,0,1,1,1,38,0.240012,0.19815,4.13172,0,0.677288,0.714114,0.382218,14.5243,15.3159,155648,1.2461,1.2556,0,0.382613,0,1,1
box_detour_open,oi_face_rot_near_mppi,12170,256,16,0,0,1,1,1,51,0.225963,0.226082,4.55598,0,0.91707,1.32435,0.325243,16.5874,17.5675,208896,1.2421,1.2614,0,0.325725,0,1,1
box_detour_open,oi_face_rot_near_mppi,12177,256,16,0,0,1,1,1,53,0.242411,0.193075,4.61414,0,0.863984,1.1068,0.302553,16.0353,17.1041,217088,1.2453,1.2606,0,0.30297,0,1,1
box_detour_open,oi_face_rot_near_mppi,12184,256,16,0,0,1,1,1,50,0.248028,0.318465,3.95804,0,1.05837,1.69502,0.338604,16.9302,18.1906,204800,1.2343,1.2722,0,0.339194,0,1,1
box_detour_open,oi_face_rot_near_mppi,12191,256,16,0,0,1,1,1,58,0.243839,0.26945,4.45989,0,0.940088,1.36779,0.302095,17.5215,18.6636,237568,1.2377,1.2641,0,0.302526,0,1,1
box_detour_open,oi_face_rot_near_mppi,12198,256,16,0,0,1,1,1,59,0.213173,0.180961,4.95415,0,0.932003,1.36692,0.446569,26.3476,27.4257,241664,1.2472,1.2614,0,0.446952,0,1,1
box_detour_open,oi_face_rot_near_mppi,12205,256,16,0,0,1,1,1,49,0.249744,0.10071,4.50541,0,0.907695,1.29917,0.313741,15.3733,16.0637,200704,1.2507,1.2642,0,0.314116,0,1,1
box_detour_open,oi_face_rot_near_mppi,12212,256,16,0,0,1,1,1,59,0.249715,0.134968,5.08071,0,1.01228,1.52488,0.300761,17.7449,18.5702,241664,1.2158,1.2501,0,0.301073,0,1,1
box_detour_open,oi_face_rot_near_mppi,12219,256,16,0,0,1,1,1,62,0.219392,0.00781702,4.6319,0,0.822314,1.12022,0.434944,26.9665,27.9141,253952,1.2432,1.2636,0,0.4352,0,1,1
box_detour_open,oi_face_rot_near_mppi,12226,256,16,0,0,1,1,1,379,0.182236,0.230149,17.2654,0,1.62092,3.92698,0.380556,144.231,149.35,1552384,1.2413,1.2713,0,0.380713,0,1,1
box_detour_open,oi_face_rot_near_mppi,12233,256,16,0,0,1,1,1,52,0.246774,0.240323,4.8103,0,0.971948,1.47481,0.285287,14.8349,15.5465,212992,1.1663,1.2594,0,0.28565,0,1,1
box_detour_open,oi_face_rot_near_mppi,12240,256,16,0,0,1,1,1,50,0.215379,0.0553106,4.55471,0,0.783425,0.953831,0.360778,18.0389,18.8393,204800,1.2376,1.2631,0,0.361196,0,1,1
box_detour_open,oi_face_rot_near_mppi,12247,256,16,0,0,1,1,1,54,0.235365,0.093135,4.67197,0,0.937996,1.31628,0.344641,18.6106,20.1662,221184,1.2397,1.2713,0,0.345139,0,1,1
box_detour_open,oi_face_rot_near_mppi,12254,256,16,0,0,1,1,1,51,0.24376,0.273525,4.79822,0,0.911138,1.2118,0.317486,16.1918,16.993,208896,1.2446,1.253,0,0.317857,0,1,1
box_detour_open,oi_face_rot_near_mppi,12261,256,16,0,0,1,1,1,69,0.222683,0.0110606,5.2663,0,0.940108,1.38525,0.254614,17.5684,18.5506,282624,1.2306,1.2644,0,0.254919,0,1,1
box_detour_open,oi_face_rot_near_mppi,12268,256,16,0,0,1,1,1,53,0.239382,0.036003,4.7115,0,0.92722,1.34182,0.353191,18.7191,19.4344,217088,1.2507,1.274,0,0.353459,0,1,1
box_detour_open,oi_face_rot_near_mppi,12275,256,16,0,0,1,1,1,46,0.233185,0.00480731,4.25721,0,0.860681,1.08955,0.341441,15.7063,16.3495,188416,1.227,1.2681,0,0.341807,0,1,1
box_detour_open,oi_face_rot_near_mppi,12282,256,16,0,0,1,1,1,59,0.249849,0.0191318,4.85262,0,0.925245,1.33824,0.416754,24.5885,25.4313,241664,1.2497,1.2608,0,0.417073,0,1,1
box_detour_open,oi_face_rot_near_mppi,12289,256,16,0,0,1,1,1,53,0.201325,0.239234,4.61152,0,0.85916,1.25734,0.144421,7.6543,8.4758,217088,0.1929,0.2956,0,0.14476,0,1,1
box_detour_open,oi_face_rot_near_mppi,12296,256,16,0,0,1,1,1,55,0.226898,0.253073,4.59907,0,0.986265,1.71764,0.156567,8.6112,9.5108,225280,0.2924,0.4565,0,0.156922,0,1,1
box_detour_open,oi_face_rot_near_mppi,12303,256,16,0,0,1,1,1,49,0.234615,0.116945,4.3714,0,0.803962,0.960337,0.179414,8.7913,9.6428,200704,0.167,1.2676,0,0.179759,0,1,1
box_detour_open,oi_face_rot_near_mppi,12310,256,16,0,0,1,1,1,56,0.248193,0.203217,4.45081,0,0.975237,1.61496,0.35877,20.0911,21.0729,229376,1.2434,1.2827,0,0.359073,0,1,1
box_detour_open,oi_face_rot_near_mppi,12317,256,16,0,0,1,1,1,51,0.249805,0.233526,4.15409,0,0.903217,1.38337,0.223435,11.3952,12.408,208896,0.4766,1.2231,0,0.223873,0,1,1
box_detour_open,oi_face_rot_near_mppi,12324,256,16,0,0,1,1,1,49,0.236018,0.0642656,4.7267,0,0.831842,1.11601,0.326929,16.0195,16.8005,200704,1.2408,1.2588,0,0.327316,0,1,1
box_detour_open,oi_face_rot_near_mppi,12331,256,16,0,0,1,1,1,71,0.219605,0.130272,4.90949,0,0.937919,1.59596,0.316263,22.4547,23.922,290816,1.2298,1.2604,0,0.316628,0,1,1
box_detour_open,oi_face_rot_near_mppi,12338,256,16,0,0,1,1,1,49,0.243278,0.137406,4.34979,0,0.947853,1.38522,0.293445,14.3788,15.1955,200704,1.244,1.2482,0,0.293829,0,1,1
box_detour_open,oi_face_rot_near_mppi,12345,256,16,0,0,1,1,1,47,0.249238,0.228167,4.26052,0,0.944693,1.30388,0.338543,15.9115,16.8763,192512,1.2353,1.2713,0,0.339066,0,1,1
box_detour_open,oi_face_rot_near_mppi,12352,256,16,0,0,1,1,1,50,0.235284,0.11753,4.68101,0,0.774913,0.963603,0.466086,23.3043,24.2198,204800,1.2456,1.2699,0,0.466592,0,1,1
box_detour_open,oi_face_rot_near_mppi,12359,256,16,0,0,1,1,1,60,0.228977,0.200113,5.09556,0,0.892703,1.30706,0.289992,17.3995,18.4395,245760,1.1935,1.2565,0,0.290325,0,1,1
box_detour_open,oi_face_rot_stall_mppi,12156,256,16,0,0,1,1,1,68,0.236158,0.077125,6.10492,0,0.874432,1.17686,0.25654,17.4447,18.5318,278528,1.2376,1.254,0,0.25685,0,1,1
box_detour_open,oi_face_rot_stall_mppi,12163,256,16,0,0,1,1,1,44,0.249055,0.211014,4.35422,0,0.958571,1.47155,0.34067,14.9895,15.8223,180224,1.2432,1.2652,0,0.34112,0,1,1
box_detour_open,oi_face_rot_stall_mppi,12170,256,16,0,0,1,1,1,69,0.24038,0.0402082,4.90259,0,1.46499,3.85833,0.279449,19.282,20.3211,282624,1.2279,1.2622,0,0.279758,0,1,1
box_detour_open,oi_face_rot_stall_mppi,12177,256,16,0,0,1,1,1,51,0.227451,0.0306534,4.58126,0,0.85503,1.26136,0.314249,16.0267,16.9244,208896,1.1904,1.2687,0,0.314675,0,1,1
box_detour_open,oi_face_rot_stall_mppi,12184,256,16,0,0,1,1,1,34,0.236521,0.202072,3.47744,0,0.948301,1.47197,0.213091,7.2451,7.8411,139264,0.4636,1.2407,0,0.213594,0,1,1
box_detour_open,oi_face_rot_stall_mppi,12191,256,16,0,0,1,1,1,60,0.24983,0.0297769,4.51386,0,1.19507,2.66179,0.280143,16.8086,18.3404,245760,1.2256,1.2514,0,0.280567,0,1,1
box_detour_open,oi_face_rot_stall_mppi,12198,256,16,0,0,1,1,1,62,0.200313,0.0211618,5.26432,0,0.847506,1.16978,0.428089,26.5415,28.322,253952,1.2329,1.2633,0,0.428619,0,1,1
box_detour_open,oi_face_rot_stall_mppi,12205,256,16,0,0,1,1,1,53,0.243575,0.184922,4.59599,0,0.910226,1.25669,0.576977,30.5798,33.7691,217088,1.2274,1.3679,0,0.577459,0,1,1
box_detour_open,oi_face_rot_stall_mppi,12212,256,16,0,0,1,1,1,57,0.235973,0.253361,5.20773,0,0.898024,1.30095,0.391247,22.3011,24.4275,233472,1.2096,1.2674,0,0.391707,0,1,1
box_detour_open,oi_face_rot_stall_mppi,12219,256,16,0,0,1,1,1,52,0.241904,0.209668,4.45555,0,0.870622,1.19672,0.315515,16.4068,17.307,212992,1.1276,1.2388,0,0.31585,0,1,1
box_detour_open,oi_face_rot_stall_mppi,12226,256,16,0,0,1,1,1,60,0.240095,0.0765765,5.38675,0,0.937094,1.57529,0.280243,16.8146,18.0641,245760,1.0056,1.259,0,0.280607,0,1,1
box_detour_open,oi_face_rot_stall_mppi,12233,256,16,0,0,1,1,1,57,0.24987,0.266591,4.9758,0,0.960762,1.38687,0.369961,21.0878,22.3014,233472,1.2384,1.2529,0,0.370365,0,1,1
box_detour_open,oi_face_rot_stall_mppi,12240,256,16,0,0,1,1,1,83,0.178859,0.105494,5.5542,0,1.04569,2.14656,0.360089,29.8874,31.7655,339968,1.2254,1.2679,0,0.360476,0,1,1
box_detour_open,oi_face_rot_stall_mppi,12247,256,16,0,0,1,1,1,57,0.220619,0.285057,4.93415,0,0.962677,1.37042,0.331212,18.8791,20.4442,233472,1.1644,1.2737,0,0.331635,0,1,1
box_detour_open,oi_face_rot_stall_mppi,12254,256,16,0,0,1,1,1,51,0.228316,0.0773458,4.8776,0,0.965402,1.44735,0.403757,20.5916,21.818,208896,1.2467,1.2558,0,0.404257,0,1,1
box_detour_open,oi_face_rot_stall_mppi,12261,256,16,0,0,1,1,1,56,0.242117,0.142462,5.07409,0,1.14447,2.0697,0.437768,24.515,25.4912,229376,1.2272,1.2421,0,0.43813,0,1,1
box_detour_open,oi_face_rot_stall_mppi,12268,256,16,0,0,1,1,1,54,0.213497,0.186297,4.79133,0,1.06839,1.88968,0.346537,18.713,19.7157,221184,1.2469,1.2511,0,0.346928,0,1,1
box_detour_open,oi_face_rot_stall_mppi,12275,256,16,0,0,1,1,1,58,0.211607,0.260923,4.67561,0,1.01232,1.65512,0.33001,19.1406,20.1658,237568,1.2381,1.2504,0,0.330433,0,1,1
box_detour_open,oi_face_rot_stall_mppi,12282,256,16,0,0,1,1,1,104,0.245311,0.260786,6.50831,0,0.897937,1.41007,0.353957,36.8115,38.5281,425984,1.2357,1.2651,0,0.354261,0,1,1
box_detour_open,oi_face_rot_stall_mppi,12289,256,16,0,0,1,1,1,63,0.243734,0.0639803,5.05187,0,0.851985,1.34103,0.266571,16.794,18.087,258048,1.0179,1.3044,0,0.266932,0,1,1
box_detour_open,oi_face_rot_stall_mppi,12296,256,16,0,0,1,1,1,64,0.242628,0.173318,4.87722,0,0.959977,1.74931,0.314833,20.1493,21.1615,262144,1.2313,1.24,0,0.315167,0,1,1
box_detour_open,oi_face_rot_stall_mppi,12303,256,16,0,0,1,1,1,56,0.225619,0.194452,4.72526,0,0.839242,1.09245,0.401823,22.5021,23.3056,229376,1.2349,1.2521,0,0.402155,0,1,1
box_detour_open,oi_face_rot_stall_mppi,12310,256,16,0,0,1,1,1,61,0.165082,0.249107,4.56119,0,0.840469,1.17511,0.277284,16.9143,17.7572,249856,1.0586,1.2645,0,0.277534,0,1,1
box_detour_open,oi_face_rot_stall_mppi,12317,256,16,0,0,1,1,1,69,0.205119,0.165486,4.71365,0,0.859205,1.37794,0.404357,27.9006,28.873,282624,1.2382,1.2582,0,0.404672,0,1,1
box_detour_open,oi_face_rot_stall_mppi,12324,256,16,0,0,1,1,1,71,0.240852,0.194486,5.33419,0,0.859618,1.4124,0.25301,17.9637,18.9692,290816,1.0519,1.2495,0,0.253268,0,1,1
box_detour_open,oi_face_rot_stall_mppi,12331,256,16,0,0,1,1,1,62,0.216193,0.195485,4.9288,0,1.03538,1.9301,0.288308,17.8751,19.1037,253952,1.2128,1.2799,0,0.288634,0,1,1
box_detour_open,oi_face_rot_stall_mppi,12338,256,16,0,0,1,1,1,61,0.228329,0.00766695,4.79418,0,0.824019,1.20422,0.30677,18.713,19.6705,249856,1.0635,1.2666,0,0.30708,0,1,1
box_detour_open,oi_face_rot_stall_mppi,12345,256,16,0,0,1,1,1,53,0.245954,0.142071,4.4914,0,1.02289,1.56772,0.542821,28.7695,31.6291,217088,1.2226,1.2499,0,0.543275,0,1,1
box_detour_open,oi_face_rot_stall_mppi,12352,256,16,0,0,1,1,1,48,0.227608,0.114751,4.70701,0,0.910398,1.38213,0.367923,17.6603,18.4999,196608,1.2324,1.2533,0,0.368308,0,1,1
box_detour_open,oi_face_rot_stall_mppi,12359,256,16,0,0,1,1,1,73,0.248983,0.286186,5.5334,0,1.08151,2.08238,0.453131,33.0786,35.2819,299008,1.2109,1.2684,0,0.453525,0,1,1
box_detour_turn,oi_face_rot_mppi,12556,256,16,0,0,1,1,1,283,0.249379,0.0109562,18.049,0,0.672809,0.756746,0.357023,101.037,107.868,1159168,1.2071,1.3345,0,0.357274,0,1,1
box_detour_turn,oi_face_rot_mppi,12563,256,16,0,0,1,1,1,112,0.216725,0.043188,15.1379,0,0.74935,0.777224,0.307412,34.4302,36.4672,458752,1.2593,1.2909,0,0.307697,0,1,1
box_detour_turn,oi_face_rot_mppi,12570,256,16,0,0,1,1,1,126,0.248985,0.146335,8.15965,0,0.58031,0.571673,0.349047,43.9799,45.9856,516096,1.1922,1.2611,0,0.34927,0,1,1
box_detour_turn,oi_face_rot_mppi,12577,256,16,0,0,1,1,1,126,0.198014,0.194248,12.1768,0,0.753809,0.861042,0.311853,39.2935,41.7529,516096,1.0005,1.332,0,0.312108,0,1,1
box_detour_turn,oi_face_rot_mppi,12584,256,16,0,0,1,1,1,85,0.249247,0.220467,8.61159,0,0.705879,0.673048,0.353247,30.026,31.6928,348160,1.2199,1.2529,0,0.353541,0,1,1
box_detour_turn,oi_face_rot_mppi,12591,256,16,0,0,0,1,0,420,0.287861,0.0246087,11.804,0,0.613224,0.605443,0.324272,136.194,144.578,1720320,1.1394,1.2979,0,0.324445,0,1,0
box_detour_turn,oi_face_rot_mppi,12598,256,16,0,0,1,1,1,53,0.240428,0.0137414,6.65715,0,1.00462,1.46006,0.355434,18.838,19.995,217088,1.2305,1.2676,0,0.355838,0,1,1
box_detour_turn,oi_face_rot_mppi,12605,256,16,0,0,1,1,1,91,0.243483,0.0661721,10.5618,0,0.818523,0.971137,0.370209,33.689,35.816,372736,1.2298,1.295,0,0.370534,0,1,1
box_detour_turn,oi_face_rot_mppi,12612,256,16,0,0,1,1,1,141,0.195418,0.226785,9.06363,0,0.622493,0.63625,0.295361,41.6459,44.8402,577536,0.8987,1.2658,0,0.295619,0,1,1
box_detour_turn,oi_face_rot_mppi,12619,256,16,0,0,1,1,1,72,0.221054,0.0839731,7.74075,0,0.803074,0.956845,0.315418,22.7101,23.8482,294912,0.9863,1.2665,0,0.315718,0,1,1
box_detour_turn,oi_face_rot_mppi,12626,256,16,0,0,1,1,1,113,0.237643,0.0692263,11.9753,0,0.7081,0.758576,0.291894,32.984,35.0619,462848,0.9106,1.2796,0,0.292184,0,1,1
box_detour_turn,oi_face_rot_mppi,12633,256,16,0,0,1,1,1,73,0.237443,0.034224,8.02314,0,0.77355,0.954446,0.351936,25.6913,26.9005,299008,1.0489,1.2842,0,0.352247,0,1,1
box_detour_turn,oi_face_rot_mppi,12640,256,16,0,0,1,1,1,68,0.240366,0.0810366,7.24215,0,0.762094,0.808171,0.39875,27.115,28.39,278528,1.2468,1.2789,0,0.399116,0,1,1
box_detour_turn,oi_face_rot_mppi,12647,256,16,0,0,0,1,0,420,0.270925,0.0898159,11.4661,0,0.602911,0.562749,0.347179,145.815,156.387,1720320,1.1375,1.2581,0,0.347378,0,1,0
box_detour_turn,oi_face_rot_mppi,12654,256,16,0,0,1,1,1,82,0.241406,0.148461,6.86817,0,0.651289,0.680869,0.345257,28.3111,30.8679,335872,1.0075,1.2617,0,0.345719,0,1,1
box_detour_turn,oi_face_rot_mppi,12661,256,16,0,0,1,1,1,105,0.24388,0.107758,8.63347,0,0.639357,0.636263,0.334478,35.1202,38.4423,430080,0.9733,1.2775,0,0.334853,0,1,1
box_detour_turn,oi_face_rot_mppi,12668,256,16,0,0,1,1,1,108,0.229253,0.160511,8.13886,0,0.683876,0.706366,0.284263,30.7004,33.7049,442368,0.5389,1.2475,0,0.28465,0,1,1
box_detour_turn,oi_face_rot_mppi,12675,256,16,0,0,1,1,1,85,0.0882814,0.180439,8.73728,0,0.691879,0.677676,0.351305,29.8609,33.1496,348160,0.8832,1.3538,0,0.351778,0,1,1
box_detour_turn,oi_face_rot_mppi,12682,256,16,0,0,1,1,1,78,0.210504,0.238887,8.77767,0,0.856703,0.98266,0.339915,26.5134,28.6495,319488,1.2126,1.2396,0,0.340388,0,1,1
box_detour_turn,oi_face_rot_mppi,12689,256,16,0,0,1,1,1,93,0.24817,0.124617,10.1014,0,0.717872,0.823847,0.330554,30.7415,33.5395,380928,0.9038,1.2861,0,0.330976,0,1,1
box_detour_turn,oi_face_rot_mppi,12696,256,16,0,0,1,1,1,106,0.236189,0.17498,9.58274,0,0.673534,0.661523,0.415338,44.0258,46.4501,434176,1.1779,1.2872,0,0.415702,0,1,1
box_detour_turn,oi_face_rot_mppi,12703,256,16,0,0,1,1,1,99,0.0452726,0.223772,8.41121,0,0.648215,0.637902,0.360117,35.6516,37.8974,405504,1.1885,1.2337,0,0.360544,0,1,1
box_detour_turn,oi_face_rot_mppi,12710,256,16,0,0,1,1,1,97,0.236554,0.118564,8.14371,0,0.651442,0.653113,0.421414,40.8772,43.8063,397312,1.2386,1.2923,0,0.421878,0,1,1
box_detour_turn,oi_face_rot_mppi,12717,256,16,0,0,1,1,1,167,0.237472,0.235674,16.9685,0,0.803299,1.0947,0.361711,60.4058,65.1231,684032,1.0746,1.3016,0,0.362015,0,1,1
box_detour_turn,oi_face_rot_mppi,12724,256,16,0,0,1,1,1,87,0.249819,0.133327,8.76916,0,0.768832,0.877398,0.440993,38.3664,40.5471,356352,1.2469,1.2845,0,0.441661,0,1,1
box_detour_turn,oi_face_rot_mppi,12731,256,16,0,0,1,1,1,122,0.21534,0.0691268,11.7939,0,0.659421,0.662361,0.408014,49.7777,53.5108,499712,1.2142,1.3164,0,0.408336,0,1,1
box_detour_turn,oi_face_rot_mppi,12738,256,16,0,0,1,1,1,76,0.232313,0.0950119,8.37768,0,0.711932,0.799915,0.476895,36.244,41.1023,311296,1.2097,1.2416,0,0.478147,0,1,1
box_detour_turn,oi_face_rot_mppi,12745,256,16,0,0,1,1,1,107,0.236197,0.0512887,16.4808,0,0.795979,0.904764,0.353935,37.8711,40.6034,438272,0.9588,1.2922,0,0.354283,0,1,1
box_detour_turn,oi_face_rot_mppi,12752,256,16,0,0,1,1,1,79,0.241277,0.0782899,7.79024,0,0.715453,0.730911,0.447765,35.3734,37.3317,323584,1.2395,1.3047,0,0.448171,0,1,1
box_detour_turn,oi_face_rot_mppi,12759,256,16,0,0,1,1,1,78,0.245762,0.0425644,7.86169,0,0.69488,0.691845,0.29164,22.7479,24.1664,319488,1.1846,1.2573,0,0.291973,0,1,1
box_detour_turn,oi_face_rot_near_mppi,12556,256,16,0,0,1,1,1,123,0.231813,0.0333573,15.0402,0,1.04952,1.7971,0.423775,52.1243,55.1901,503808,1.2494,1.2965,0,0.424123,0,1,1
box_detour_turn,oi_face_rot_near_mppi,12563,256,16,0,0,1,1,1,129,0.235618,0.138694,15.4605,0,0.792715,1.12817,0.402185,51.8819,55.6764,528384,1.2158,1.2704,0,0.402509,0,1,1
box_detour_turn,oi_face_rot_near_mppi,12570,256,16,0,0,1,1,1,79,0.166171,0.230676,7.42082,0,0.816799,1.10031,0.423948,33.4919,35.7385,323584,1.2311,1.2905,0,0.424367,0,1,1
box_detour_turn,oi_face_rot_near_mppi,12577,256,16,0,0,1,1,1,105,0.216757,0.15075,11.6005,0,0.921997,1.30299,0.372292,39.0906,41.754,430080,1.2019,1.2586,0,0.372666,0,1,1
box_detour_turn,oi_face_rot_near_mppi,12584,256,16,0,0,1,1,1,107,0.194406,0.24868,8.99326,0,0.818496,1.03878,0.334863,35.8303,37.9393,438272,1.1762,1.2988,0,0.335258,0,1,1
box_detour_turn,oi_face_rot_near_mppi,12591,256,16,0,0,1,1,1,173,0.20382,0.129764,11.356,0,0.988458,1.6429,0.386113,66.7975,71.9819,708608,1.1953,1.3286,0,0.38639,0,1,1
box_detour_turn,oi_face_rot_near_mppi,12598,256,16,0,0,1,1,1,59,0.249355,0.192981,6.72956,0,1.00619,1.50527,0.334722,19.7486,20.8853,241664,1.2396,1.3052,0,0.33509,0,1,1
box_detour_turn,oi_face_rot_near_mppi,12605,256,16,0,0,1,1,1,84,0.212219,0.143062,10.4369,0,0.941594,1.20245,0.463125,38.9025,41.0139,344064,1.2138,1.2679,0,0.463518,0,1,1
box_detour_turn,oi_face_rot_near_mppi,12612,256,16,0,0,1,1,1,81,0.214054,0.113962,8.28386,0,0.758027,0.86184,0.327254,26.5076,28.5512,331776,1.2322,1.3009,0,0.327673,0,1,1
box_detour_turn,oi_face_rot_near_mppi,12619,256,16,0,0,1,1,1,69,0.203821,0.104007,7.67409,0,0.856577,1.11021,0.375914,25.9381,27.9002,282624,1.1891,1.2784,0,0.37642,0,1,1
box_detour_turn,oi_face_rot_near_mppi,12626,256,16,0,0,1,1,1,86,0.249087,0.0165218,11.7274,0,0.841111,1.03145,0.486528,41.8414,44.3396,352256,1.2598,1.2921,0,0.486929,0,1,1
box_detour_turn,oi_face_rot_near_mppi,12633,256,16,0,0,1,1,1,81,0.205759,0.170359,8.11728,0,0.810003,1.03625,0.361154,29.2535,31.531,331776,1.1355,1.3104,0,0.361653,0,1,1
box_detour_turn,oi_face_rot_near_mppi,12640,256,16,0,0,1,1,1,116,0.216837,0.228552,7.76384,0,0.907579,1.51508,0.372881,43.2542,45.6374,475136,1.2449,1.2721,0,0.373234,0,1,1
box_detour_turn,oi_face_rot_near_mppi,12647,256,16,0,0,1,1,1,88,0.143286,0.247084,9.22859,0,0.789089,0.906777,0.382349,33.6467,35.2801,360448,1.2321,1.3018,0,0.382612,0,1,1
box_detour_turn,oi_face_rot_near_mppi,12654,256,16,0,0,1,1,1,91,0.234006,0.105366,7.11522,0,0.81797,1.16575,0.35893,32.6626,35.5004,372736,1.2224,1.4294,0,0.359331,0,1,1
box_detour_turn,oi_face_rot_near_mppi,12661,256,16,0,0,1,1,1,88,0.214437,0.0333381,8.52279,0,0.773727,1.00991,0.354233,31.1725,32.7793,360448,1.2516,1.2983,0,0.354599,0,1,1
box_detour_turn,oi_face_rot_near_mppi,12668,256,16,0,0,1,1,1,130,0.180602,0.0182227,8.60078,0,0.824766,1.22251,0.358967,46.6657,49.2876,532480,1.2339,1.2714,0,0.359242,0,1,1
box_detour_turn,oi_face_rot_near_mppi,12675,256,16,0,0,1,1,1,83,0.237196,0.10211,8.56645,0,0.850352,1.25509,0.37532,31.1516,33.5429,339968,1.2584,1.2927,0,0.375746,0,1,1
box_detour_turn,oi_face_rot_near_mppi,12682,256,16,0,0,1,1,1,70,0.228446,0.0126613,8.64737,0,0.95007,1.18552,0.255861,17.9103,19.6847,286720,0.4841,1.2645,0,0.256294,0,1,1
box_detour_turn,oi_face_rot_near_mppi,12689,256,16,0,0,1,1,1,87,0.246575,0.242355,10.0383,0,0.822282,1.0419,0.310631,27.0249,29.0364,356352,1.1518,1.2544,0,0.310946,0,1,1
box_detour_turn,oi_face_rot_near_mppi,12696,256,16,0,0,1,1,1,124,0.237461,0.110994,9.93687,0,0.882251,1.46347,0.409666,50.7986,54.0421,507904,1.2498,1.2823,0,0.409979,0,1,1
box_detour_turn,oi_face_rot_near_mppi,12703,256,16,0,0,1,1,1,78,0.219318,0.181556,8.18765,0,0.839895,1.15064,0.377941,29.4794,30.9591,319488,1.2452,1.2983,0,0.378341,0,1,1
box_detour_turn,oi_face_rot_near_mppi,12710,256,16,0,0,1,1,1,107,0.243859,0.210538,8.23015,0,0.835984,1.21192,0.372907,39.9011,42.1738,438272,1.2571,1.2892,0,0.373254,0,1,1
box_detour_turn,oi_face_rot_near_mppi,12717,256,16,0,0,1,1,1,163,0.236998,0.195283,16.7411,0,0.854042,1.21543,0.403482,65.7675,70.4465,667648,1.1553,1.299,0,0.403804,0,1,1
box_detour_turn,oi_face_rot_near_mppi,12724,256,16,0,0,1,1,1,74,0.247184,0.178068,8.56885,0,0.865653,1.10798,0.524576,38.8186,42.7114,303104,1.204,1.2624,0,0.525173,0,1,1
box_detour_turn,oi_face_rot_near_mppi,12731,256,16,0,0,1,1,1,83,0.208119,0.0758896,10.1657,0,0.865258,1.24046,0.441739,36.6643,39.057,339968,1.2332,1.3022,0,0.442163,0,1,1
box_detour_turn,oi_face_rot_near_mppi,12738,256,16,0,0,1,1,1,114,0.199851,0.220366,9.06632,0,0.773073,1.18595,0.326555,37.2273,39.5012,466944,1.1805,1.314,0,0.326849,0,1,1
box_detour_turn,oi_face_rot_near_mppi,12745,256,16,0,0,1,1,1,115,0.236597,0.160854,16.5049,0,0.859223,1.09416,0.376017,43.242,46.1854,471040,1.2462,1.3058,0,0.376339,0,1,1
box_detour_turn,oi_face_rot_near_mppi,12752,256,16,0,0,1,1,1,112,0.240634,0.018093,8.26953,0,0.995642,1.78756,0.442682,49.5804,52.4435,458752,1.2566,1.2937,0,0.443072,0,1,1
box_detour_turn,oi_face_rot_near_mppi,12759,256,16,0,0,1,1,1,68,0.224334,0.0737069,7.60741,0,0.78526,0.898917,0.387456,26.347,28.5569,278528,1.245,1.301,0,0.387946,0,1,1
box_detour_turn,oi_face_rot_stall_mppi,12556,256,16,0,0,1,1,1,102,0.244661,0.0629427,14.8509,0,1.09295,1.82984,0.412296,42.0542,45.1901,417792,1.2509,1.3049,0,0.412774,0,1,1
box_detour_turn,oi_face_rot_stall_mppi,12563,256,16,0,0,1,1,1,109,0.218771,0.185204,15.1629,0,0.870026,1.22726,0.401483,43.7617,46.6524,446464,1.2601,1.3079,0,0.401908,0,1,1
box_detour_turn,oi_face_rot_stall_mppi,12570,256,16,0,0,1,1,1,59,0.195702,0.185122,7.21709,0,0.818425,0.982167,0.407708,24.0548,26.1581,241664,1.2447,1.2546,0,0.408236,0,1,1
box_detour_turn,oi_face_rot_stall_mppi,12577,256,16,0,0,1,1,1,112,0.215336,0.0450381,12.9227,0,1.80075,5.55898,0.402103,45.0356,48.8725,458752,1.2147,1.2895,0,0.402495,0,1,1
box_detour_turn,oi_face_rot_stall_mppi,12584,256,16,0,0,1,1,1,72,0.244503,0.00276649,7.94421,0,0.89116,1.3619,0.324311,23.3504,25.2193,294912,1.2064,1.2936,0,0.324732,0,1,1
box_detour_turn,oi_face_rot_stall_mppi,12591,256,16,0,0,1,1,1,74,0.230116,0.180602,9.017,0,0.908144,1.29222,0.41965,31.0541,32.844,303104,1.2489,1.2943,0,0.420127,0,1,1
box_detour_turn,oi_face_rot_stall_mppi,12598,256,16,0,0,1,1,1,90,0.224817,0.248726,7.17154,0,0.955554,1.6908,0.504537,45.4083,47.4211,368640,1.2384,1.2714,0,0.504893,0,1,1
box_detour_turn,oi_face_rot_stall_mppi,12605,256,16,0,0,1,1,1,101,0.18461,0.249877,10.9396,0,1.13238,2.20809,0.459,46.359,49.006,413696,1.2467,1.3012,0,0.459377,0,1,1
box_detour_turn,oi_face_rot_stall_mppi,12612,256,16,0,0,1,1,1,86,0.249788,0.108761,8.3504,0,0.924432,1.75891,0.380586,32.7304,35.5735,352256,1.2207,1.2785,0,0.381063,0,1,1
box_detour_turn,oi_face_rot_stall_mppi,12619,256,16,0,0,1,1,1,68,0.218311,0.151917,7.68126,0,0.879817,1.20516,0.394437,26.8217,28.9505,278528,1.1766,1.2987,0,0.394918,0,1,1
box_detour_turn,oi_face_rot_stall_mppi,12626,256,16,0,0,1,1,1,109,0.22408,0.155384,12.9411,0,0.830045,1.07694,0.399517,43.5474,46.2712,446464,1.2307,1.3141,0,0.399925,0,1,1
box_detour_turn,oi_face_rot_stall_mppi,12633,256,16,0,0,1,1,1,92,0.237778,0.0678992,9.56925,0,1.13549,2.10468,0.328266,30.2005,32.3009,376832,1.2612,1.2857,0,0.328754,0,1,1
box_detour_turn,oi_face_rot_stall_mppi,12640,256,16,0,0,1,1,1,86,0.215608,0.0113107,8.47149,0,1.09929,1.97575,0.437188,37.5982,40.3469,352256,1.2029,1.2881,0,0.437598,0,1,1
box_detour_turn,oi_face_rot_stall_mppi,12647,256,16,0,0,1,1,1,68,0.187227,0.0282443,8.92438,0,0.736908,0.839698,0.390935,26.5836,28.2704,278528,1.2421,1.2911,0,0.391422,0,1,1
box_detour_turn,oi_face_rot_stall_mppi,12654,256,16,0,0,1,1,1,116,0.130772,0.221034,7.5701,0,0.931938,1.89972,0.394012,45.7054,48.6272,475136,1.2411,1.2724,0,0.394416,0,1,1
box_detour_turn,oi_face_rot_stall_mppi,12661,256,16,0,0,1,1,1,82,0.235545,0.117291,8.32772,0,0.858786,1.5804,0.321479,26.3613,28.321,335872,1.0771,1.2712,0,0.321835,0,1,1
box_detour_turn,oi_face_rot_stall_mppi,12668,256,16,0,0,1,1,1,94,0.211079,0.0204624,8.14166,0,1.16995,2.97876,0.417018,39.1997,41.147,385024,1.2466,1.3108,0,0.417305,0,1,1
box_detour_turn,oi_face_rot_stall_mppi,12675,256,16,0,0,1,1,1,80,0.240782,0.00772381,8.77097,0,1.00512,1.62953,0.41768,33.4144,35.8618,327680,1.2471,1.2976,0,0.418178,0,1,1
box_detour_turn,oi_face_rot_stall_mppi,12682,256,16,0,0,1,1,1,67,0.170765,0.0615055,8.57648,0,0.846562,1.07139,0.33743,22.6078,24.0495,274432,1.1908,1.2918,0,0.337831,0,1,1
box_detour_turn,oi_face_rot_stall_mppi,12689,256,16,0,0,1,1,1,100,0.228308,0.048035,11.7621,0,1.45362,4.13966,0.356998,35.6998,38.7691,409600,1.2505,1.2922,0,0.357427,0,1,1
box_detour_turn,oi_face_rot_stall_mppi,12696,256,16,0,0,1,1,1,97,0.215372,0.19464,9.3858,0,0.862105,1.23035,0.422836,41.0151,43.5831,397312,1.2612,1.3179,0,0.423462,0,1,1
box_detour_turn,oi_face_rot_stall_mppi,12703,256,16,0,0,1,1,1,84,0.238809,0.0113843,8.7429,0,0.901138,1.53155,0.359701,30.2149,32.8129,344064,1.1791,1.2517,0,0.360187,0,1,1
box_detour_turn,oi_face_rot_stall_mppi,12710,256,16,0,0,1,1,1,80,0.216094,0.0381566,8.04702,0,1.0436,1.76527,0.397923,31.8338,34.2794,327680,1.1912,1.2674,0,0.398411,0,1,1
box_detour_turn,oi_face_rot_stall_mppi,12717,256,16,0,0,1,1,1,94,0.232241,0.190762,11.2139,0,1.14305,2.1212,0.392154,36.8625,39.8695,385024,1.248,1.302,0,0.392625,0,1,1
box_detour_turn,oi_face_rot_stall_mppi,12724,256,16,0,0,1,1,1,73,0.242672,0.169013,8.55467,0,0.8645,1.10135,0.391101,28.5504,30.6834,299008,1.2207,1.2901,0,0.391608,0,1,1
box_detour_turn,oi_face_rot_stall_mppi,12731,256,16,0,0,1,1,1,100,0.240317,0.124558,12.1285,0,1.31389,3.42273,0.36507,36.507,39.2781,409600,1.2327,1.2952,0,0.365581,0,1,1
box_detour_turn,oi_face_rot_stall_mppi,12738,256,16,0,0,1,1,1,102,0.193736,0.00739217,10.6993,0,1.25757,3.20308,0.374708,38.2202,41.5041,417792,1.1962,1.303,0,0.375175,0,1,1
box_detour_turn,oi_face_rot_stall_mppi,12745,256,16,0,0,1,1,1,119,0.234552,0.1889,17.241,0,0.913158,1.29591,0.355671,42.3249,45.8179,487424,1.2178,1.3022,0,0.356062,0,1,1
box_detour_turn,oi_face_rot_stall_mppi,12752,256,16,0,0,1,1,1,109,0.227251,0.175099,7.85506,0,0.989606,1.71869,0.396665,43.2365,46.9854,446464,1.2231,1.3049,0,0.397164,0,1,1
box_detour_turn,oi_face_rot_stall_mppi,12759,256,16,0,0,1,1,1,81,0.0994933,0.230139,8.63737,0,1.04018,1.88509,0.339363,27.4884,30.186,331776,1.2181,1.2453,0,0.33989,0,1,1
box_detour_turn90,oi_face_rot_mppi,12756,256,16,0,0,1,1,1,93,0.241662,0.182596,10.8265,0,1.00956,1.45545,0.40689,37.8408,41.1179,380928,1.2294,1.2654,0,0.40741,0,1,1
box_detour_turn90,oi_face_rot_mppi,12763,256,16,0,0,1,1,1,160,0.224887,0.0631196,13.29,0,0.654085,0.781604,0.355701,56.9121,61.2737,655360,1.1876,1.2964,0,0.356083,0,1,1
box_detour_turn90,oi_face_rot_mppi,12770,256,16,0,0,1,1,1,105,0.243827,0.0739924,12.1087,0,0.719439,0.723906,0.36301,38.116,41.3313,430080,1.2345,1.3064,0,0.36349,0,1,1
box_detour_turn90,oi_face_rot_mppi,12777,256,16,0,0,1,1,1,125,0.22689,0.185689,16.4337,0,0.760446,0.86082,0.287415,35.9269,39.5209,512000,0.8941,1.301,0,0.28779,0,1,1
box_detour_turn90,oi_face_rot_mppi,12784,256,16,0,0,1,1,1,119,0.0734041,0.240395,14.8786,0,0.901994,1.17052,0.358877,42.7064,45.945,487424,1.217,1.2926,0,0.359317,0,1,1
box_detour_turn90,oi_face_rot_mppi,12791,256,16,0,0,1,1,1,164,0.139222,0.225032,25.1671,0,0.854579,1.04889,0.370285,60.7268,66.1093,671744,1.2257,1.2745,0,0.370652,0,1,1
box_detour_turn90,oi_face_rot_mppi,12798,256,16,0,0,1,1,1,129,0.2478,0.151943,15.8304,0,0.894816,1.27113,0.383897,49.5227,54.71,528384,1.2245,1.2928,0,0.384304,0,1,1
box_detour_turn90,oi_face_rot_mppi,12805,256,16,0,0,1,1,1,120,0.230867,0.15775,13.4272,0,0.775615,0.887707,0.325817,39.098,42.5521,491520,1.1908,1.2873,0,0.326286,0,1,1
box_detour_turn90,oi_face_rot_mppi,12812,256,16,0,0,1,1,1,88,0.23878,0.125413,10.1907,0,0.726802,0.865026,0.346159,30.462,32.9701,360448,1.2136,1.2949,0,0.346585,0,1,1
box_detour_turn90,oi_face_rot_mppi,12819,256,16,0,0,1,1,1,92,0.23999,0.0393882,11.8022,0,0.820445,1.02032,0.346025,31.8343,34.7983,376832,1.0865,1.2976,0,0.346514,0,1,1
box_detour_turn90,oi_face_rot_mppi,12826,256,16,0,0,1,1,1,63,0.245375,0.0641483,8.74187,0,0.854025,1.14216,0.426084,26.8433,29.4882,258048,1.1892,2.1863,0,0.426862,0,1,1
box_detour_turn90,oi_face_rot_mppi,12833,256,16,0,0,1,1,1,114,0.140608,0.186942,14.6053,0,0.763837,0.900453,0.414715,47.2775,51.0155,466944,1.235,1.2977,0,0.415168,0,1,1
box_detour_turn90,oi_face_rot_mppi,12840,256,16,0,0,1,1,1,83,0.243487,0.197278,10.0714,0,0.800377,1.0262,0.369247,30.6475,33.3992,339968,1.2341,1.2978,0,0.369764,0,1,1
box_detour_turn90,oi_face_rot_mppi,12847,256,16,0,0,1,1,1,123,0.24756,0.161735,10.8776,0,0.762834,0.920615,0.381455,46.919,51.1953,503808,1.0908,1.314,0,0.381892,0,1,1
box_detour_turn90,oi_face_rot_mppi,12854,256,16,0,0,1,1,1,164,0.196231,0.210186,22.4405,0,0.782596,0.933632,0.372334,61.0628,66.5945,671744,1.0912,1.2632,0,0.37275,0,1,1
box_detour_turn90,oi_face_rot_mppi,12861,256,16,0,0,1,1,1,66,0.236561,0.0618608,8.79823,0,0.850062,1.01212,0.335244,22.1261,24.4968,270336,1.1196,1.2932,0,0.335911,0,1,1
box_detour_turn90,oi_face_rot_mppi,12868,256,16,0,0,1,1,1,91,0.235199,0.0192626,12.9846,0,0.879145,1.0722,0.313588,28.5365,31.653,372736,0.8615,1.2841,0,0.314031,0,1,1
box_detour_turn90,oi_face_rot_mppi,12875,256,16,0,0,1,1,1,177,0.118301,0.197267,20.8743,0,1.00844,1.64706,0.388147,68.702,73.7588,724992,1.2425,1.2963,0,0.388501,0,1,1
box_detour_turn90,oi_face_rot_mppi,12882,256,16,0,0,1,1,1,108,0.23204,0.00161159,12.8669,0,0.90313,1.21999,0.376633,40.6764,44.0076,442368,1.2325,1.2982,0,0.377091,0,1,1
box_detour_turn90,oi_face_rot_mppi,12889,256,16,0,0,1,1,1,84,0.240877,0.0293576,11.3071,0,0.939335,1.30076,0.398668,33.4881,36.4863,344064,1.2163,1.2562,0,0.399177,0,1,1
box_detour_turn90,oi_face_rot_mppi,12896,256,16,0,0,1,1,1,102,0.210455,0.20623,10.8143,0,0.716508,0.822255,0.372509,37.9959,41.3854,417792,1.106,1.2828,0,0.37301,0,1,1
box_detour_turn90,oi_face_rot_mppi,12903,256,16,0,0,1,1,1,105,0.237384,0.201952,12.4828,0,0.725425,0.768127,0.424156,44.5364,47.3335,430080,1.2434,1.2909,0,0.424566,0,1,1
box_detour_turn90,oi_face_rot_mppi,12910,256,16,0,0,1,1,1,127,0.231729,0.142533,17.0926,0,0.824391,0.982401,0.373064,47.3792,51.0669,520192,1.2457,1.2692,0,0.373433,0,1,1
box_detour_turn90,oi_face_rot_mppi,12917,256,16,0,0,1,1,1,105,0.245175,0.0518789,8.01564,0,0.632705,0.712941,0.383397,40.2567,43.3885,430080,1.1104,1.26,0,0.38379,0,1,1
box_detour_turn90,oi_face_rot_mppi,12924,256,16,0,0,1,1,1,95,0.217659,0.223684,9.11626,0,0.687777,0.73961,0.394463,37.474,40.484,389120,1.2361,1.2661,0,0.394948,0,1,1
box_detour_turn90,oi_face_rot_mppi,12931,256,16,0,0,1,1,1,101,0.156121,0.193142,9.64112,0,0.711137,0.72939,0.447224,45.1696,49.9789,413696,1.2186,1.2612,0,0.447754,0,1,1
box_detour_turn90,oi_face_rot_mppi,12938,256,16,0,0,1,1,1,101,0.181171,0.195493,13.624,0,0.866103,1.14327,0.433848,43.8186,46.8993,413696,1.2426,1.2877,0,0.434324,0,1,1
box_detour_turn90,oi_face_rot_mppi,12945,256,16,0,0,1,1,1,80,0.238571,0.00758827,9.56969,0,0.731307,0.762685,0.372638,29.811,32.0821,327680,1.2246,1.2963,0,0.373044,0,1,1
box_detour_turn90,oi_face_rot_mppi,12952,256,16,0,0,1,1,1,112,0.222662,0.034659,13.7452,0,0.811226,1.00158,0.394333,44.1653,47.9727,458752,1.2466,1.2729,0,0.394802,0,1,1
box_detour_turn90,oi_face_rot_mppi,12959,256,16,0,0,1,1,1,256,0.224776,0.193167,23.6396,0,0.64949,0.700769,0.377066,96.5288,103.568,1048576,1.2459,1.3144,0,0.377311,0,1,1
box_detour_turn90,oi_face_rot_near_mppi,12756,256,16,0,0,1,1,1,60,0.235252,0.00739431,9.05455,0,1.12194,1.81223,0.321268,19.2761,21.1806,245760,1.0494,1.2847,0,0.321845,0,1,1
box_detour_turn90,oi_face_rot_near_mppi,12763,256,16,0,0,1,1,1,79,0.232475,0.226279,11.5604,0,0.859115,1.26863,0.398747,31.501,34.3137,323584,1.2399,1.2828,0,0.399372,0,1,1
box_detour_turn90,oi_face_rot_near_mppi,12770,256,16,0,0,1,1,1,108,0.203712,0.0774186,12.3537,0,0.905971,1.26557,0.422759,45.658,50.4987,442368,1.185,1.2753,0,0.423225,0,1,1
box_detour_turn90,oi_face_rot_near_mppi,12777,256,16,0,0,1,1,1,119,0.245559,0.0896475,16.3421,0,0.819669,0.971918,0.366819,43.6515,45.7943,487424,1.2588,1.2762,0,0.367092,0,1,1
box_detour_turn90,oi_face_rot_near_mppi,12784,256,16,0,0,1,1,1,130,0.169436,0.203318,14.8675,0,0.871846,1.28549,0.378498,49.2047,51.5346,532480,1.12,1.3084,0,0.378738,0,1,1
box_detour_turn90,oi_face_rot_near_mppi,12791,256,16,0,0,1,1,1,281,0.228259,0.11282,34.2397,0,1.02914,1.71614,0.369894,103.94,110.901,1150976,1.1588,1.322,0,0.3701,0,1,1
box_detour_turn90,oi_face_rot_near_mppi,12798,256,16,0,0,1,1,1,158,0.0180418,0.164415,16.9704,0,0.994554,1.63781,0.384949,60.8219,65.5029,647168,1.24,1.2963,0,0.38528,0,1,1
box_detour_turn90,oi_face_rot_near_mppi,12805,256,16,0,0,1,1,1,94,0.236449,0.0340738,11.4459,0,0.874057,1.22766,0.348687,32.7766,35.4435,385024,1.095,1.2739,0,0.349085,0,1,1
box_detour_turn90,oi_face_rot_near_mppi,12812,256,16,0,0,1,1,1,75,0.121413,0.212904,9.88352,0,0.797153,1.0102,0.373965,28.0474,30.1112,307200,1.2387,1.2743,0,0.374472,0,1,1
box_detour_turn90,oi_face_rot_near_mppi,12819,256,16,0,0,1,1,1,98,0.245973,0.131269,12.0972,0,1.05539,1.61243,0.360872,35.3655,36.9706,401408,1.2645,1.2971,0,0.361183,0,1,1
box_detour_turn90,oi_face_rot_near_mppi,12826,256,16,0,0,1,1,1,86,0.217802,0.178826,8.95723,0,1.055,1.84444,0.473803,40.7471,42.942,352256,1.2303,1.3045,0,0.474162,0,1,1
box_detour_turn90,oi_face_rot_near_mppi,12833,256,16,0,0,1,1,1,105,0.215632,0.159326,14.8053,0,0.82408,1.13103,0.468191,49.16,51.7161,430080,1.2555,1.2972,0,0.468602,0,1,1
box_detour_turn90,oi_face_rot_near_mppi,12840,256,16,0,0,1,1,1,72,0.229463,0.2306,9.83297,0,0.921026,1.2866,0.475401,34.2289,35.7769,294912,1.2442,1.265,0,0.4758,0,1,1
box_detour_turn90,oi_face_rot_near_mppi,12847,256,16,0,0,1,1,1,118,0.128155,0.13205,11.0689,0,1.08571,2.1003,0.422431,49.8468,52.4925,483328,1.2252,1.2962,0,0.422731,0,1,1
box_detour_turn90,oi_face_rot_near_mppi,12854,256,16,0,0,1,1,1,202,0.218442,0.0270692,24.7153,0,1.30867,3.22746,0.450539,91.0089,95.7062,827392,1.2307,1.2652,0,0.450784,0,1,1
box_detour_turn90,oi_face_rot_near_mppi,12861,256,16,0,0,1,1,1,69,0.0982207,0.23174,8.72113,0,0.843621,1.13513,0.323659,22.3325,24.1002,282624,1.2103,1.2806,0,0.324181,0,1,1
box_detour_turn90,oi_face_rot_near_mppi,12868,256,16,0,0,1,1,1,84,0.236903,0.0163685,12.6889,0,0.942825,1.29005,0.38501,32.3408,34.538,344064,1.2498,1.2859,0,0.385395,0,1,1
box_detour_turn90,oi_face_rot_near_mppi,12875,256,16,0,0,1,1,1,169,0.0683701,0.24626,20.6056,0,1.09907,1.90007,0.360789,60.9734,65.8943,692224,1.2262,1.3198,0,0.361075,0,1,1
box_detour_turn90,oi_face_rot_near_mppi,12882,256,16,0,0,1,1,1,98,0.249684,0.087455,12.7479,0,0.962401,1.41771,0.437385,42.8637,45.3165,401408,1.2492,1.3036,0,0.43776,0,1,1
box_detour_turn90,oi_face_rot_near_mppi,12889,256,16,0,0,1,1,1,92,0.228635,0.0218203,11.2808,0,0.989799,1.57266,0.415637,38.2386,40.5513,376832,1.2423,1.2652,0,0.416,0,1,1
box_detour_turn90,oi_face_rot_near_mppi,12896,256,16,0,0,1,1,1,81,0.239548,0.020876,10.3631,0,0.896886,1.24849,0.442435,35.8372,37.7311,331776,1.2294,1.2776,0,0.442791,0,1,1
box_detour_turn90,oi_face_rot_near_mppi,12903,256,16,0,0,1,1,1,116,0.224057,0.190618,12.561,0,0.959059,1.54287,0.433013,50.2295,52.8229,475136,1.23,1.2927,0,0.433394,0,1,1
box_detour_turn90,oi_face_rot_near_mppi,12910,256,16,0,0,1,1,1,112,0.238815,0.0156323,16.9219,0,0.94394,1.24684,0.461696,51.7099,54.9524,458752,1.2349,1.289,0,0.462105,0,1,1
box_detour_turn90,oi_face_rot_near_mppi,12917,256,16,0,0,1,1,1,83,0.235705,0.146649,7.88372,0,0.868567,1.32652,0.386101,32.0464,33.9014,339968,1.2277,1.2813,0,0.386512,0,1,1
box_detour_turn90,oi_face_rot_near_mppi,12924,256,16,0,0,1,1,1,112,0.188801,0.200593,9.51795,0,0.937514,1.68261,0.395523,44.2986,47.1883,458752,1.2441,1.3073,0,0.395943,0,1,1
box_detour_turn90,oi_face_rot_near_mppi,12931,256,16,0,0,1,1,1,84,0.227047,0.044438,9.26633,0,0.816209,1.00491,0.380719,31.9804,34.7459,344064,1.238,1.2993,0,0.381217,0,1,1
box_detour_turn90,oi_face_rot_near_mppi,12938,256,16,0,0,1,1,1,94,0.220166,0.182576,13.6241,0,0.986892,1.52647,0.379615,35.6838,37.5097,385024,1.2532,1.3147,0,0.379936,0,1,1
box_detour_turn90,oi_face_rot_near_mppi,12945,256,16,0,0,1,1,1,72,0.215201,0.145992,9.35571,0,0.899682,1.26611,0.5116,36.8352,38.9761,294912,1.2572,1.2918,0,0.51206,0,1,1
box_detour_turn90,oi_face_rot_near_mppi,12952,256,16,0,0,1,1,1,141,0.204084,0.165571,14.3036,0,0.961404,1.57323,0.435541,61.4113,67.8482,577536,1.2252,1.5811,0,0.435843,0,1,1
box_detour_turn90,oi_face_rot_near_mppi,12959,256,16,0,0,1,1,1,120,0.093558,0.16233,20.1706,0,0.74434,0.974737,0.407376,48.8851,52.4106,491520,1.2396,1.3003,0,0.407703,0,1,1
box_detour_turn90,oi_face_rot_stall_mppi,12756,256,16,0,0,1,1,1,107,0.183538,0.226014,9.72112,0,1.10842,2.16142,0.406184,43.4617,47.2042,438272,1.2345,1.2529,0,0.40663,0,1,1
box_detour_turn90,oi_face_rot_stall_mppi,12763,256,16,0,0,1,1,1,95,0.198472,0.161049,11.8842,0,0.975442,1.73707,0.329794,31.3304,33.4545,389120,1.2132,1.3225,0,0.330202,0,1,1
box_detour_turn90,oi_face_rot_stall_mppi,12770,256,16,0,0,1,1,1,71,0.182318,0.103731,11.5634,0,0.914045,1.48554,0.354207,25.1487,26.2723,290816,1.2498,1.3079,0,0.354514,0,1,1
box_detour_turn90,oi_face_rot_stall_mppi,12777,256,16,0,0,1,1,1,95,0.221961,0.0734211,13.0961,0,0.838752,1.15626,0.45242,42.9799,45.2638,389120,1.2407,1.2567,0,0.452815,0,1,1
box_detour_turn90,oi_face_rot_stall_mppi,12784,256,16,0,0,1,1,1,190,0.232756,0.0905041,21.32,0,1.16561,2.64796,0.426441,81.0238,86.466,778240,1.2509,1.2924,0,0.426738,0,1,1
box_detour_turn90,oi_face_rot_stall_mppi,12791,256,16,0,0,1,1,1,155,0.221458,0.151537,24.6781,0,0.836176,1.08732,0.375702,58.2338,62.6519,634880,1.2341,1.3001,0,0.37607,0,1,1
box_detour_turn90,oi_face_rot_stall_mppi,12798,256,16,0,0,1,1,1,141,0.246749,0.185915,15.516,0,0.954614,1.56158,0.365214,51.4952,54.9791,577536,1.2128,1.2961,0,0.365545,0,1,1
box_detour_turn90,oi_face_rot_stall_mppi,12805,256,16,0,0,1,1,1,101,0.195658,0.0897303,11.651,0,0.956809,1.54516,0.369365,37.3059,40.5777,413696,1.2192,1.2865,0,0.369805,0,1,1
box_detour_turn90,oi_face_rot_stall_mppi,12812,256,16,0,0,1,1,1,81,0.100914,0.193792,10.7933,0,0.864089,1.37296,0.388905,31.5013,34.8978,331776,1.1936,1.2872,0,0.389416,0,1,1
box_detour_turn90,oi_face_rot_stall_mppi,12819,256,16,0,0,1,1,1,87,0.224394,0.0210668,11.6653,0,0.936808,1.35945,0.404274,35.1718,37.7025,356352,1.2274,1.2931,0,0.404735,0,1,1
box_detour_turn90,oi_face_rot_stall_mppi,12826,256,16,0,0,1,1,1,83,0.132829,0.172996,10.3908,0,1.16628,2.60797,0.326173,27.0724,29.7671,339968,1.0191,1.2812,0,0.326717,0,1,1
box_detour_turn90,oi_face_rot_stall_mppi,12833,256,16,0,0,1,1,1,116,0.221788,0.165626,14.5124,0,0.904414,1.53547,0.316093,36.6668,40.6789,475136,0.9669,1.2741,0,0.316531,0,1,1
box_detour_turn90,oi_face_rot_stall_mppi,12840,256,16,0,0,1,1,1,81,0.237278,0.0601584,9.89514,0,0.914897,1.3208,0.465917,37.7393,39.9442,331776,1.2441,1.2594,0,0.466348,0,1,1
box_detour_turn90,oi_face_rot_stall_mppi,12847,256,16,0,0,1,1,1,78,0.243747,0.0521321,10.3152,0,0.943798,1.34849,0.373919,29.1657,31.5831,319488,1.2398,1.2916,0,0.374503,0,1,1
box_detour_turn90,oi_face_rot_stall_mppi,12854,256,16,0,0,1,1,1,129,0.126294,0.24465,18.8888,0,0.744425,0.910576,0.460949,59.4625,64.1804,528384,1.2531,8.5427,0,0.461354,0,1,1
box_detour_turn90,oi_face_rot_stall_mppi,12861,256,16,0,0,1,1,1,128,0.225743,0.180003,9.23499,0,0.79726,1.22708,0.383217,49.0517,53.2287,524288,1.2153,1.2973,0,0.383623,0,1,1
box_detour_turn90,oi_face_rot_stall_mppi,12868,256,16,0,0,1,1,1,88,0.202201,0.181543,12.7989,0,0.932035,1.30903,0.415694,36.5811,39.0412,360448,1.2516,1.2692,0,0.416344,0,1,1
box_detour_turn90,oi_face_rot_stall_mppi,12875,256,16,0,0,1,1,1,161,0.111627,0.208758,16.3417,0,1.14352,2.25481,0.382593,61.5974,66.4753,659456,1.2395,1.2944,0,0.382924,0,1,1
box_detour_turn90,oi_face_rot_stall_mppi,12882,256,16,0,0,1,1,1,124,0.0719022,0.182111,14.6864,0,1.16675,2.20328,0.438271,54.3456,58.177,507904,1.25,1.2777,0,0.438675,0,1,1
box_detour_turn90,oi_face_rot_stall_mppi,12889,256,16,0,0,1,1,1,108,0.0816509,0.220673,11.6687,0,1.03725,1.74765,0.350407,37.844,40.3497,442368,1.2232,1.2809,0,0.350765,0,1,1
box_detour_turn90,oi_face_rot_stall_mppi,12896,256,16,0,0,1,1,1,85,0.200499,0.00308251,10.5273,0,0.925417,1.3906,0.379182,32.2305,34.5461,348160,1.2339,1.2929,0,0.379559,0,1,1
box_detour_turn90,oi_face_rot_stall_mppi,12903,256,16,0,0,1,1,1,91,0.236254,0.156152,12.3201,0,0.885722,1.30323,0.429809,39.1126,42.0763,372736,1.2634,1.3321,0,0.430176,0,1,1
box_detour_turn90,oi_face_rot_stall_mppi,12910,256,16,0,0,1,1,1,125,0.0670296,0.175745,17.1632,0,0.952928,1.31593,0.461022,57.6278,62.9542,512000,1.2462,1.318,0,0.461363,0,1,1
box_detour_turn90,oi_face_rot_stall_mppi,12917,256,16,0,0,1,1,1,63,0.249981,0.244993,7.96328,0,1.04862,1.91209,0.415902,26.2018,27.7217,258048,1.2553,1.29,0,0.416392,0,1,1
box_detour_turn90,oi_face_rot_stall_mppi,12924,256,16,0,0,1,1,1,66,0.243595,0.133906,8.41225,0,1.00534,1.58353,0.280886,18.5385,19.6394,270336,0.9821,1.2575,0,0.281224,0,1,1
box_detour_turn90,oi_face_rot_stall_mppi,12931,256,16,0,0,1,1,1,64,0.232807,0.165668,8.48964,0,0.808791,0.981954,0.393502,25.1841,27.049,262144,1.221,1.2834,0,0.394006,0,1,1
box_detour_turn90,oi_face_rot_stall_mppi,12938,256,16,0,0,1,1,1,125,0.239849,0.125757,19.5187,0,1.33918,3.07802,0.460272,57.534,60.3779,512000,1.2542,1.29,0,0.46055,0,1,1
box_detour_turn90,oi_face_rot_stall_mppi,12945,256,16,0,0,1,1,1,75,0.0552158,0.213142,9.04688,0,0.824642,1.05058,0.451393,33.8545,35.7001,307200,1.2064,1.2999,0,0.451896,0,1,1
box_detour_turn90,oi_face_rot_stall_mppi,12952,256,16,0,0,1,1,1,143,0.238878,0.106384,15.0853,0,0.939409,1.5819,0.392145,56.0768,59.9305,585728,1.2491,1.2897,0,0.392489,0,1,1
box_detour_turn90,oi_face_rot_stall_mppi,12959,256,16,0,0,1,1,1,120,0.062204,0.177042,20.0319,0,0.732755,0.972035,0.360487,43.2584,46.1813,491520,1.2533,1.2605,0,0.360842,0,1,1
box_detour_turn_neg,oi_face_rot_mppi,12856,256,16,0,0,1,1,1,92,0.236131,0.0878924,10.3997,0,0.633227,0.586743,0.418431,38.4956,41.1065,376832,1.2316,1.2741,0,0.418747,0,1,1
box_detour_turn_neg,oi_face_rot_mppi,12863,256,16,0,0,1,1,1,90,0.235134,0.158127,11.0354,0,0.625116,0.564316,0.419852,37.7867,41.2391,368640,1.2381,1.2541,0,0.420354,0,1,1
box_detour_turn_neg,oi_face_rot_mppi,12870,256,16,0,0,1,1,1,89,0.241042,0.113432,12.0729,0,0.793508,0.919897,0.3486,31.0254,34.4519,364544,1.1542,1.2479,0,0.349085,0,1,1
box_detour_turn_neg,oi_face_rot_mppi,12877,256,16,0,0,1,1,1,78,0.231097,0.109215,7.57898,0,0.696649,0.754553,0.388729,30.3209,32.8524,319488,1.2473,1.2668,0,0.389313,0,1,1
box_detour_turn_neg,oi_face_rot_mppi,12884,256,16,0,0,1,1,1,82,0.243718,0.155142,8.02922,0,0.689977,0.798856,0.327468,26.8524,28.8022,335872,1.0936,1.2641,0,0.327883,0,1,1
box_detour_turn_neg,oi_face_rot_mppi,12891,256,16,0,0,1,1,1,191,0.0468244,0.173847,12.2008,0,0.643988,0.667684,0.358431,68.4603,71.6395,782336,1.2496,1.3174,0,0.358631,0,1,1
box_detour_turn_neg,oi_face_rot_mppi,12898,256,16,0,0,1,1,1,109,0.24955,0.128993,10.2556,0,0.742856,0.791458,0.404941,44.1386,46.1309,446464,1.2559,1.2719,0,0.405229,0,1,1
box_detour_turn_neg,oi_face_rot_mppi,12905,256,16,0,0,1,1,1,121,0.221104,0.169137,10.2684,0,0.561918,0.477753,0.338128,40.9135,44.14,495616,1.1782,1.2497,0,0.338467,0,1,1
box_detour_turn_neg,oi_face_rot_mppi,12912,256,16,0,0,1,1,1,96,0.204277,0.201773,8.90006,0,0.603146,0.594951,0.427267,41.0176,43.939,393216,1.2511,1.2741,0,0.427726,0,1,1
box_detour_turn_neg,oi_face_rot_mppi,12919,256,16,0,0,1,1,1,95,0.247707,0.24869,8.80307,0,0.755702,0.847865,0.334934,31.8187,34.8619,389120,1.0789,1.2609,0,0.335388,0,1,1
box_detour_turn_neg,oi_face_rot_mppi,12926,256,16,0,0,0,1,0,420,0.914737,0.312387,34.024,0,0.598617,0.518493,0.355726,149.405,162.153,1720320,1.2213,1.2856,0,0.35595,0,1,0
box_detour_turn_neg,oi_face_rot_mppi,12933,256,16,0,0,1,1,1,71,0.0907691,0.218529,8.06418,0,0.610315,0.600484,0.331924,23.5666,25.6041,290816,1.1918,1.2544,0,0.332401,0,1,1
box_detour_turn_neg,oi_face_rot_mppi,12940,256,16,0,0,1,1,1,80,0.138729,0.225545,7.62864,0,0.645376,0.604446,0.340086,27.2069,30.1055,327680,1.0109,1.2784,0,0.340683,0,1,1
box_detour_turn_neg,oi_face_rot_mppi,12947,256,16,0,0,1,1,1,79,0.237285,0.24167,7.70184,0,0.555365,0.441207,0.386728,30.5515,33.1211,323584,1.253,1.2551,0,0.387235,0,1,1
box_detour_turn_neg,oi_face_rot_mppi,12954,256,16,0,0,1,1,1,120,0.113892,0.194869,8.96368,0,0.592124,0.527673,0.371285,44.5542,48.5357,491520,1.1666,1.2918,0,0.371727,0,1,1
box_detour_turn_neg,oi_face_rot_mppi,12961,256,16,0,0,0,1,0,420,1.05426,0.162115,40.2097,0,0.622324,0.574853,0.370591,155.648,168.335,1720320,1.1663,10.8227,0,0.370803,0,1,0
box_detour_turn_neg,oi_face_rot_mppi,12968,256,16,0,0,1,1,1,108,0.242515,0.180684,10.0483,0,0.757095,0.833546,0.444835,48.0422,52.3981,442368,1.2557,1.321,0,0.445244,0,1,1
box_detour_turn_neg,oi_face_rot_mppi,12975,256,16,0,0,1,1,1,154,0.236919,0.0677177,11.7726,0,0.501092,0.390062,0.331766,51.092,56.5808,630784,1.2301,1.2886,0,0.332142,0,1,1
box_detour_turn_neg,oi_face_rot_mppi,12982,256,16,0,0,1,1,1,131,0.080557,0.181871,9.17379,0,0.586339,0.568201,0.239097,31.3217,34.7958,536576,0.5505,1.2758,0,0.239444,0,1,1
box_detour_turn_neg,oi_face_rot_mppi,12989,256,16,0,0,1,1,1,92,0.220676,0.208509,9.0969,0,0.701289,0.719779,0.337229,31.0251,33.1215,376832,1.2243,1.2806,0,0.337656,0,1,1
box_detour_turn_neg,oi_face_rot_mppi,12996,256,16,0,0,1,1,1,94,0.237854,0.226626,11.1913,0,0.816239,0.986795,0.345239,32.4525,34.1528,385024,1.2468,1.2909,0,0.345489,0,1,1
box_detour_turn_neg,oi_face_rot_mppi,13003,256,16,0,0,1,1,1,86,0.155166,0.205879,7.64363,0,0.512127,0.420122,0.509135,43.7856,50.4573,352256,1.1771,1.2363,0,0.509574,0,1,1
box_detour_turn_neg,oi_face_rot_mppi,13010,256,16,0,0,1,1,1,139,0.242401,0.10947,12.4805,0,0.558411,0.500618,0.401195,55.7661,59.744,569344,1.2469,1.2911,0,0.40151,0,1,1
box_detour_turn_neg,oi_face_rot_mppi,13017,256,16,0,0,1,1,1,84,0.225856,0.190879,10.1169,0,0.818487,0.971663,0.459876,38.6296,41.3915,344064,1.1663,1.2697,0,0.46031,0,1,1
box_detour_turn_neg,oi_face_rot_mppi,13024,256,16,0,0,1,1,1,78,0.111396,0.22607,7.69695,0,0.710194,0.810718,0.425749,33.2084,35.6496,319488,1.2464,1.2583,0,0.426227,0,1,1
box_detour_turn_neg,oi_face_rot_mppi,13031,256,16,0,0,1,1,1,84,0.249308,0.0981058,9.7402,0,0.744949,0.820025,0.444218,37.3143,39.4154,344064,1.2482,1.2672,0,0.44461,0,1,1
box_detour_turn_neg,oi_face_rot_mppi,13038,256,16,0,0,1,1,1,90,0.0988938,0.226934,9.11295,0,0.639205,0.583584,0.43716,39.3444,41.3472,368640,1.2472,1.2985,0,0.437526,0,1,1
box_detour_turn_neg,oi_face_rot_mppi,13045,256,16,0,0,1,1,1,74,0.231394,0.234258,7.73961,0,0.603285,0.566027,0.374277,27.6965,29.9942,303104,1.2429,1.2551,0,0.374745,0,1,1
box_detour_turn_neg,oi_face_rot_mppi,13052,256,16,0,0,1,1,1,331,0.207948,0.0623076,39.6578,0,0.596636,0.55576,0.371971,123.122,131.014,1355776,1.2162,1.3281,0,0.372201,0,1,1
box_detour_turn_neg,oi_face_rot_mppi,13059,256,16,0,0,0,1,0,420,0.84973,0.246086,28.3365,0,0.609479,0.538834,0.388293,163.083,175.182,1720320,1.2156,1.3097,0,0.388485,0,1,0
box_detour_turn_neg,oi_face_rot_near_mppi,12856,256,16,0,0,1,1,1,123,0.117446,0.221184,10.8794,0,0.910717,1.9102,0.34785,42.7856,45.4685,503808,1.2411,1.2834,0,0.348087,0,1,1
box_detour_turn_neg,oi_face_rot_near_mppi,12863,256,16,0,0,1,1,1,133,0.240051,0.18357,11.9874,0,0.705337,0.970052,0.422183,56.1504,60.2308,544768,1.2427,1.2788,0,0.422495,0,1,1
box_detour_turn_neg,oi_face_rot_near_mppi,12870,256,16,0,0,1,1,1,135,0.112822,0.189447,12.7534,0,0.935962,1.77735,0.289102,39.0288,42.4598,552960,1.0022,1.2656,0,0.289434,0,1,1
box_detour_turn_neg,oi_face_rot_near_mppi,12877,256,16,0,0,1,1,1,65,0.232322,0.0910106,7.25665,0,0.843635,1.14193,0.369988,24.0492,25.1633,266240,1.2488,1.2623,0,0.370325,0,1,1
box_detour_turn_neg,oi_face_rot_near_mppi,12884,256,16,0,0,1,1,1,68,0.226634,0.157387,7.66166,0,0.846047,1.26074,0.359163,24.4231,25.628,278528,1.2365,1.2649,0,0.35954,0,1,1
box_detour_turn_neg,oi_face_rot_near_mppi,12891,256,16,0,0,1,1,1,160,0.236381,0.105295,11.4027,0,0.813585,1.22314,0.3994,63.904,69.0734,655360,1.2297,1.3088,0,0.399688,0,1,1
box_detour_turn_neg,oi_face_rot_near_mppi,12898,256,16,0,0,1,1,1,136,0.20404,0.230183,10.3496,0,1.31884,3.05455,0.384093,52.2366,56.3432,557056,1.2313,1.2598,0,0.384468,0,1,1
box_detour_turn_neg,oi_face_rot_near_mppi,12905,256,16,0,0,1,1,1,84,0.0747685,0.205167,9.43658,0,0.710425,0.825947,0.41314,34.7038,37.3191,344064,1.2238,1.2905,0,0.413682,0,1,1
box_detour_turn_neg,oi_face_rot_near_mppi,12912,256,16,0,0,1,1,1,75,0.143206,0.207632,7.68882,0,0.729983,0.968369,0.391908,29.3931,31.8251,307200,1.2443,1.2699,0,0.392467,0,1,1
box_detour_turn_neg,oi_face_rot_near_mppi,12919,256,16,0,0,1,1,1,71,0.249933,0.0440705,8.51226,0,0.763408,0.889141,0.464613,32.9875,34.9624,290816,1.2343,6.5996,0,0.465101,0,1,1
box_detour_turn_neg,oi_face_rot_near_mppi,12926,256,16,0,0,0,1,0,420,0.914737,0.312387,34.024,0,0.598617,0.518493,0.380381,159.76,171.897,1720320,1.1912,1.267,0,0.380595,0,1,0
box_detour_turn_neg,oi_face_rot_near_mppi,12933,256,16,0,0,1,1,1,70,0.0719855,0.241438,7.95476,0,0.608687,0.638323,0.359366,25.1556,27.3855,286720,1.1791,1.2437,0,0.359916,0,1,1
box_detour_turn_neg,oi_face_rot_near_mppi,12940,256,16,0,0,1,1,1,64,0.249236,0.175566,7.02395,0,0.801354,1.05496,0.376344,24.086,26.146,262144,1.2172,1.2803,0,0.377066,0,1,1
box_detour_turn_neg,oi_face_rot_near_mppi,12947,256,16,0,0,1,1,1,64,0.214939,0.143213,7.30884,0,0.679377,0.80719,0.32388,20.7283,22.3192,262144,1.0827,1.2684,0,0.324388,0,1,1
box_detour_turn_neg,oi_face_rot_near_mppi,12954,256,16,0,0,1,1,1,59,0.215235,0.0535135,6.73018,0,0.733643,0.929282,0.442722,26.1206,28.082,241664,1.2478,1.3006,0,0.443285,0,1,1
box_detour_turn_neg,oi_face_rot_near_mppi,12961,256,16,0,0,0,1,0,420,1.05426,0.162115,40.2097,0,0.622324,0.574853,0.369503,155.191,169.375,1720320,1.1885,1.3016,0,0.369756,0,1,0
box_detour_turn_neg,oi_face_rot_near_mppi,12968,256,16,0,0,1,1,1,107,0.11768,0.188765,10.4696,0,1.38281,3.80405,0.331104,35.4281,40.9502,438272,0.7825,3.912,0,0.331618,0,1,1
box_detour_turn_neg,oi_face_rot_near_mppi,12975,256,16,0,0,1,1,1,79,0.220305,0.200916,9.06849,0,0.601937,0.716847,0.365813,28.8992,32.4222,323584,1.0794,1.5536,0,0.366456,0,1,1
box_detour_turn_neg,oi_face_rot_near_mppi,12982,256,16,0,0,1,1,1,100,0.0648534,0.199413,7.78861,0,0.986604,2.11234,0.318477,31.8477,35.9476,409600,0.5005,2.1329,0,0.319016,0,1,1
box_detour_turn_neg,oi_face_rot_near_mppi,12989,256,16,0,0,1,1,1,79,0.128968,0.129423,8.90782,0,0.730566,0.888472,0.572229,45.2061,48.3825,323584,1.2994,12.8347,0,0.572862,0,1,1
box_detour_turn_neg,oi_face_rot_near_mppi,12996,256,16,0,0,1,1,1,179,0.173061,0.141013,12.7219,0,0.920683,1.86306,0.317857,56.8964,63.7036,733184,0.9683,1.2739,0,0.318268,0,1,1
box_detour_turn_neg,oi_face_rot_near_mppi,13003,256,16,0,0,1,1,1,58,0.212655,0.0539166,6.68519,0,0.704741,0.906408,0.290024,16.8214,18.7379,237568,0.512,1.2378,0,0.290669,0,1,1
box_detour_turn_neg,oi_face_rot_near_mppi,13010,256,16,0,0,1,1,1,104,0.16689,0.228393,11.9776,0,0.643252,0.855968,0.311593,32.4057,36.1292,425984,0.5368,1.2452,0,0.312203,0,1,1
box_detour_turn_neg,oi_face_rot_near_mppi,13017,256,16,0,0,1,1,1,76,0.23813,0.230886,9.11944,0,0.70495,0.789784,0.284137,21.5944,24.2765,311296,0.4973,1.2352,0,0.284715,0,1,1
box_detour_turn_neg,oi_face_rot_near_mppi,13024,256,16,0,0,1,1,1,63,0.0792428,0.210682,7.10237,0,0.792646,1.01807,0.301022,18.9644,21.6897,258048,0.7164,1.4345,0,0.301537,0,1,1
box_detour_turn_neg,oi_face_rot_near_mppi,13031,256,16,0,0,1,1,1,89,0.230483,0.0964892,10.0656,0,0.762551,0.939999,0.369864,32.9179,36.3999,364544,1.0413,1.255,0,0.370354,0,1,1
box_detour_turn_neg,oi_face_rot_near_mppi,13038,256,16,0,0,1,1,1,88,0.122352,0.200559,8.96705,0,0.629681,0.642723,0.339972,29.9175,33.1917,360448,1.1573,1.2548,0,0.340469,0,1,1
box_detour_turn_neg,oi_face_rot_near_mppi,13045,256,16,0,0,1,1,1,62,0.227181,0.059988,7.44079,0,0.705183,0.879901,0.349584,21.6742,23.9882,253952,1.1664,1.2519,0,0.3502,0,1,1
box_detour_turn_neg,oi_face_rot_near_mppi,13052,256,16,0,0,1,1,1,284,0.192163,0.238652,38.5807,0,0.631943,0.620329,0.385736,109.549,120.082,1163264,1.224,1.3075,0,0.386006,0,1,1
box_detour_turn_neg,oi_face_rot_near_mppi,13059,256,16,0,0,0,1,0,420,0.84973,0.246086,28.3365,0,0.609479,0.538834,0.309343,129.924,143.477,1720320,0.9476,1.3008,0,0.309574,0,1,0
box_detour_turn_neg,oi_face_rot_stall_mppi,12856,256,16,0,0,1,1,1,75,0.233291,0.0301033,8.8961,0,0.652871,0.781825,0.333553,25.0165,27.3872,307200,1.0464,1.2541,0,0.334117,0,1,1
box_detour_turn_neg,oi_face_rot_stall_mppi,12863,256,16,0,0,1,1,1,91,0.220933,0.241113,10.6144,0,0.653648,0.827831,0.371687,33.8235,37.3109,372736,1.0553,1.2684,0,0.372153,0,1,1
box_detour_turn_neg,oi_face_rot_stall_mppi,12870,256,16,0,0,1,1,1,125,0.215638,0.0830824,12.3744,0,0.757692,1.12871,0.322785,40.3481,44.9794,512000,1.0788,1.296,0,0.323147,0,1,1
box_detour_turn_neg,oi_face_rot_stall_mppi,12877,256,16,0,0,1,1,1,60,0.228503,0.093689,7.09489,0,0.801716,1.04712,0.361322,21.6793,23.7572,245760,1.0862,1.2606,0,0.361953,0,1,1
box_detour_turn_neg,oi_face_rot_stall_mppi,12884,256,16,0,0,1,1,1,100,0.248491,0.0582964,9.53226,0,1.00271,1.7215,0.314199,31.4199,34.5593,409600,1.0322,1.2884,0,0.314678,0,1,1
box_detour_turn_neg,oi_face_rot_stall_mppi,12891,256,16,0,0,1,1,1,87,0.232765,0.110643,9.03375,0,0.801659,1.16803,0.469778,40.8707,43.9152,356352,1.2067,9.1898,0,0.470457,0,1,1
box_detour_turn_neg,oi_face_rot_stall_mppi,12898,256,16,0,0,1,1,1,66,0.214701,0.0657283,7.77289,0,0.82902,1.00843,0.332676,21.9566,24.4151,270336,0.8628,1.2477,0,0.333286,0,1,1
box_detour_turn_neg,oi_face_rot_stall_mppi,12905,256,16,0,0,1,1,1,78,0.217493,0.229196,9.0923,0,0.72968,0.901349,0.358819,27.9879,30.6123,319488,1.2515,1.2813,0,0.359345,0,1,1
box_detour_turn_neg,oi_face_rot_stall_mppi,12912,256,16,0,0,1,1,1,67,0.249922,0.0441656,7.5054,0,1.03392,1.81236,0.366366,24.5465,27.0941,274432,1.1716,1.2397,0,0.366976,0,1,1
box_detour_turn_neg,oi_face_rot_stall_mppi,12919,256,16,0,0,1,1,1,69,0.236025,0.144968,7.60967,0,0.76587,0.962359,0.309752,21.3729,23.2859,282624,1.0618,1.2694,0,0.310325,0,1,1
box_detour_turn_neg,oi_face_rot_stall_mppi,12926,256,16,0,0,1,1,1,146,0.0541904,0.191232,13.3993,0,0.804775,1.27497,0.393501,57.4512,63.1188,598016,1.1582,1.2804,0,0.39392,0,1,1
box_detour_turn_neg,oi_face_rot_stall_mppi,12933,256,16,0,0,1,1,1,63,0.246269,0.119087,7.64214,0,0.804109,1.16903,0.368502,23.2156,25.3991,258048,1.214,1.2744,0,0.368962,0,1,1
box_detour_turn_neg,oi_face_rot_stall_mppi,12940,256,16,0,0,1,1,1,68,0.246928,0.00899971,7.1513,0,0.828047,1.18586,0.367968,25.0218,27.6934,278528,1.0954,1.2771,0,0.368537,0,1,1
box_detour_turn_neg,oi_face_rot_stall_mppi,12947,256,16,0,0,1,1,1,65,0.244568,0.143228,7.34524,0,0.761236,1.12826,0.341525,22.1991,24.9637,266240,0.9743,1.2624,0,0.342303,0,1,1
box_detour_turn_neg,oi_face_rot_stall_mppi,12954,256,16,0,0,1,1,1,53,0.239008,0.232785,6.36003,0,0.789378,1.02286,0.304938,16.1617,17.7726,217088,0.8866,1.298,0,0.30553,0,1,1
box_detour_turn_neg,oi_face_rot_stall_mppi,12961,256,16,0,0,1,1,1,165,0.111589,0.15884,17.231,0,0.808877,1.09553,0.347302,57.3049,63.2276,675840,1.0044,1.2389,0,0.34767,0,1,1
box_detour_turn_neg,oi_face_rot_stall_mppi,12968,256,16,0,0,1,1,1,80,0.204553,0.0740261,7.91752,0,0.88099,1.51183,0.333268,26.6614,29.4405,327680,0.9678,1.3142,0,0.333775,0,1,1
box_detour_turn_neg,oi_face_rot_stall_mppi,12975,256,16,0,0,1,1,1,78,0.188881,0.207581,8.91477,0,0.644191,0.769897,0.368878,28.7725,31.3401,319488,1.2273,1.301,0,0.369382,0,1,1
box_detour_turn_neg,oi_face_rot_stall_mppi,12982,256,16,0,0,1,1,1,148,0.0610684,0.200027,11.5792,0,0.871722,1.49753,0.371617,54.9993,59.6359,606208,1.1656,1.2945,0,0.372001,0,1,1
box_detour_turn_neg,oi_face_rot_stall_mppi,12989,256,16,0,0,1,1,1,67,0.248545,0.226694,8.0207,0,0.876197,1.23808,0.345076,23.1201,25.5134,274432,1.2185,1.2477,0,0.345695,0,1,1
box_detour_turn_neg,oi_face_rot_stall_mppi,12996,256,16,0,0,1,1,1,103,0.211997,0.146009,10.0276,0,0.745766,1.05699,0.382722,39.4204,42.7335,421888,1.2041,1.2662,0,0.383162,0,1,1
box_detour_turn_neg,oi_face_rot_stall_mppi,13003,256,16,0,0,1,1,1,133,0.209592,0.221744,9.89384,0,0.791927,1.18754,0.357551,47.5543,51.9011,544768,1.2076,1.2666,0,0.357941,0,1,1
box_detour_turn_neg,oi_face_rot_stall_mppi,13010,256,16,0,0,1,1,1,105,0.066521,0.224197,12.3312,0,0.614741,0.621401,0.359408,37.7378,40.9926,430080,1.1838,1.2777,0,0.359825,0,1,1
box_detour_turn_neg,oi_face_rot_stall_mppi,13017,256,16,0,0,1,1,1,114,0.167984,0.184075,10.9568,0,1.28884,3.25538,0.346248,39.4723,42.2767,466944,1.1974,1.2588,0,0.346575,0,1,1
box_detour_turn_neg,oi_face_rot_stall_mppi,13024,256,16,0,0,1,1,1,50,0.222428,0.11709,6.63757,0,0.713603,0.783654,0.285772,14.2886,16.0708,204800,0.8187,1.2374,0,0.286362,0,1,1
box_detour_turn_neg,oi_face_rot_stall_mppi,13031,256,16,0,0,1,1,1,81,0.249426,0.0784318,9.2268,0,0.723918,0.953191,0.411036,33.2939,35.5668,331776,1.1981,1.2603,0,0.41152,0,1,1
box_detour_turn_neg,oi_face_rot_stall_mppi,13038,256,16,0,0,1,1,1,59,0.223621,0.156265,7.5363,0,0.696715,0.82381,0.381651,22.5174,23.9735,241664,1.2512,1.2995,0,0.382041,0,1,1
box_detour_turn_neg,oi_face_rot_stall_mppi,13045,256,16,0,0,1,1,1,63,0.23398,0.225598,7.26181,0,0.891114,1.34058,0.378411,23.8399,25.9933,258048,1.213,1.2664,0,0.378887,0,1,1
box_detour_turn_neg,oi_face_rot_stall_mppi,13052,256,16,0,0,1,1,1,106,0.210192,0.0825304,13.1289,0,0.829189,1.27671,0.363181,38.4972,41.6061,434176,1.1783,1.2618,0,0.363582,0,1,1
box_detour_turn_neg,oi_face_rot_stall_mppi,13059,256,16,0,0,1,1,1,64,0.212449,0.058682,7.81304,0,0.675994,0.724895,0.426916,27.3226,29.5159,262144,1.1605,1.2846,0,0.427558,0,1,1
box_detour_wall,oi_face_rot_mppi,12156,256,16,0,0,1,1,1,89,0.241388,0.173331,6.26664,0,0.684078,0.796667,0.33798,30.0802,32.6418,364544,1.1307,1.2975,0,0.33836,0,1,1
box_detour_wall,oi_face_rot_mppi,12163,256,16,0,0,1,1,1,95,0.249798,0.0177402,7.37536,0,0.638699,0.583034,0.41222,39.1609,41.2834,389120,1.2369,1.3039,0,0.412628,0,1,1
box_detour_wall,oi_face_rot_mppi,12170,256,16,0,0,1,1,1,118,0.246682,0.0868281,10.8546,0,0.723602,0.785912,0.405389,47.8359,50.7966,483328,1.2471,1.3037,0,0.405701,0,1,1
box_detour_wall,oi_face_rot_mppi,12177,256,16,0,0,1,1,1,110,0.237649,0.051281,9.22409,0,0.625096,0.577209,0.376833,41.4516,44.9138,450560,1.2381,1.2933,0,0.377216,0,1,1
box_detour_wall,oi_face_rot_mppi,12184,256,16,0,0,1,1,1,57,0.214665,0.0206682,5.76471,0,0.693749,0.751316,0.380147,21.6684,23.711,233472,1.211,1.2685,0,0.38077,0,1,1
box_detour_wall,oi_face_rot_mppi,12191,256,16,0,0,1,1,1,123,0.235217,0.0427959,9.33443,0,0.683288,0.740776,0.375836,46.2278,49.7361,503808,1.2157,1.2565,0,0.376181,0,1,1
box_detour_wall,oi_face_rot_mppi,12198,256,16,0,0,1,1,1,117,0.246219,0.075687,10.3925,0,0.666346,0.676533,0.391016,45.7489,48.529,479232,1.2229,1.292,0,0.391345,0,1,1
box_detour_wall,oi_face_rot_mppi,12205,256,16,0,0,1,1,1,90,0.222603,0.184157,5.94691,0,0.640072,0.632516,0.409806,36.8825,39.2423,368640,1.2595,1.2821,0,0.410202,0,1,1
box_detour_wall,oi_face_rot_mppi,12212,256,16,0,0,1,1,1,122,0.211425,0.0597708,11.4899,0,0.664451,0.681871,0.337869,41.22,43.5598,499712,1.1655,1.2808,0,0.338161,0,1,1
box_detour_wall,oi_face_rot_mppi,12219,256,16,0,0,1,1,1,125,0.244899,0.0200997,9.89624,0,0.65132,0.672016,0.420106,52.5133,55.1764,512000,1.2162,1.3124,0,0.420389,0,1,1
box_detour_wall,oi_face_rot_mppi,12226,256,16,0,0,1,1,1,251,0.22619,0.286091,34.9193,0,0.84541,1.16606,0.320856,80.5349,84.7359,1028096,1.2026,1.2987,0,0.321111,0,1,1
box_detour_wall,oi_face_rot_mppi,12233,256,16,0,0,1,1,1,151,0.247825,0.0310085,10.9573,0,0.703642,0.883186,0.403575,60.9399,64.6022,618496,1.2447,1.295,0,0.403894,0,1,1
box_detour_wall,oi_face_rot_mppi,12240,256,16,0,0,1,1,1,87,0.17287,0.330155,8.89621,0,0.7699,0.836543,0.413385,35.9645,37.9356,356352,1.2504,1.3045,0,0.413736,0,1,1
box_detour_wall,oi_face_rot_mppi,12247,256,16,0,0,1,1,1,95,0.243655,0.214087,6.35525,0,0.598447,0.58563,0.430863,40.932,43.083,389120,1.2426,1.3033,0,0.431224,0,1,1
box_detour_wall,oi_face_rot_mppi,12254,256,16,0,0,1,1,1,63,0.24674,0.050492,5.95054,0,0.638606,0.565056,0.321357,20.2455,22.1561,258048,1.036,1.2663,0,0.321832,0,1,1
box_detour_wall,oi_face_rot_mppi,12261,256,16,0,0,1,1,1,109,0.238921,0.12874,9.56274,0,0.625933,0.559526,0.355513,38.7509,41.6805,446464,1.23,1.2893,0,0.355928,0,1,1
box_detour_wall,oi_face_rot_mppi,12268,256,16,0,0,1,1,1,339,0.151875,0.29534,38.8778,0,0.650412,0.609775,0.343564,116.468,121.859,1388544,1.2333,1.3114,0,0.343727,0,1,1
box_detour_wall,oi_face_rot_mppi,12275,256,16,0,0,1,1,1,117,0.208401,0.0670082,10.0291,0,0.589926,0.503608,0.345233,40.3923,44.5785,479232,1.0813,1.2867,0,0.345623,0,1,1
box_detour_wall,oi_face_rot_mppi,12282,256,16,0,0,1,1,1,76,0.247836,0.180725,6.21604,0,0.664299,0.6572,0.372625,28.3195,29.7395,311296,1.2369,1.2774,0,0.372938,0,1,1
box_detour_wall,oi_face_rot_mppi,12289,256,16,0,0,1,1,1,89,0.236313,0.144124,6.31342,0,0.615626,0.653839,0.27307,24.3032,26.0954,364544,0.6021,1.2662,0,0.273465,0,1,1
box_detour_wall,oi_face_rot_mppi,12296,256,16,0,0,1,1,1,110,0.20956,0.184785,6.52732,0,0.587142,0.512222,0.384066,42.2473,45.8649,450560,1.2283,1.5547,0,0.384498,0,1,1
box_detour_wall,oi_face_rot_mppi,12303,256,16,0,0,1,1,1,74,0.233905,0.180676,5.31958,0,0.723027,0.856179,0.30993,22.9348,24.5454,303104,1.1247,1.3065,0,0.310391,0,1,1
box_detour_wall,oi_face_rot_mppi,12310,256,16,0,0,1,1,1,91,0.248992,0.151335,6.56729,0,0.649703,0.638661,0.31998,29.1182,31.9336,372736,0.8933,1.2718,0,0.320365,0,1,1
box_detour_wall,oi_face_rot_mppi,12317,256,16,0,0,1,1,1,98,0.234057,0.180436,6.26098,0,0.614387,0.666177,0.333474,32.6804,34.8074,401408,1.2324,1.3214,0,0.333845,0,1,1
box_detour_wall,oi_face_rot_mppi,12324,256,16,0,0,1,1,1,48,0.239763,0.0695798,4.95974,0,0.709673,0.701575,0.290548,13.9463,15.2195,196608,0.7996,1.2748,0,0.291146,0,1,1
box_detour_wall,oi_face_rot_mppi,12331,256,16,0,0,1,1,1,110,0.241157,0.0608063,8.35939,0,0.627468,0.574212,0.379743,41.7717,45.4355,450560,1.2373,1.3229,0,0.380147,0,1,1
box_detour_wall,oi_face_rot_mppi,12338,256,16,0,0,1,1,1,120,0.245547,0.201169,9.34936,0,0.645862,0.631861,0.279025,33.483,36.6155,491520,0.5911,1.2815,0,0.2794,0,1,1
box_detour_wall,oi_face_rot_mppi,12345,256,16,0,0,1,1,1,90,0.243844,0.162514,7.63676,0,0.678618,0.775715,0.385581,34.7023,36.221,368640,1.2407,1.2658,0,0.385877,0,1,1
box_detour_wall,oi_face_rot_mppi,12352,256,16,0,0,1,1,1,147,0.212753,0.294067,11.5511,0,0.618783,0.606353,0.279826,41.1344,44.2443,602112,0.8566,1.2731,0,0.280133,0,1,1
box_detour_wall,oi_face_rot_mppi,12359,256,16,0,0,1,1,1,61,0.243591,0.0288398,5.91085,0,0.776038,0.880472,0.29699,18.1164,19.7566,249856,0.8575,1.2533,0,0.297529,0,1,1
box_detour_wall,oi_face_rot_near_mppi,12156,256,16,0,0,1,1,1,69,0.24811,0.173772,6.04385,0,1.03982,1.70247,0.361699,24.9572,26.6688,282624,1.2343,1.2697,0,0.362196,0,1,1
box_detour_wall,oi_face_rot_near_mppi,12163,256,16,0,0,1,1,1,110,0.245762,0.104191,7.6495,0,0.718152,0.952168,0.354765,39.0241,41.5552,450560,1.2307,1.2731,0,0.355124,0,1,1
box_detour_wall,oi_face_rot_near_mppi,12170,256,16,0,0,1,1,1,115,0.247952,0.175892,10.6919,0,0.80392,1.07233,0.408574,46.986,49.8795,471040,1.235,1.2798,0,0.40894,0,1,1
box_detour_wall,oi_face_rot_near_mppi,12177,256,16,0,0,1,1,1,85,0.212584,0.044509,8.76076,0,0.680743,0.66979,0.293579,24.9542,26.8497,348160,1.2717,1.3305,0,0.293932,0,1,1
box_detour_wall,oi_face_rot_near_mppi,12184,256,16,0,0,1,1,1,53,0.243381,0.0421083,5.66378,0,0.752793,0.922175,0.340811,18.063,19.0237,217088,1.2572,1.2855,0,0.341283,0,1,1
box_detour_wall,oi_face_rot_near_mppi,12191,256,16,0,0,1,1,1,95,0.21668,0.220535,8.8684,0,0.902713,1.22466,0.323996,30.7796,32.5914,389120,1.1362,1.3142,0,0.324326,0,1,1
box_detour_wall,oi_face_rot_near_mppi,12198,256,16,0,0,1,1,1,109,0.192122,0.102527,9.92568,0,0.862892,1.2247,0.261161,28.4666,31.3705,446464,0.5113,1.3035,0,0.261476,0,1,1
box_detour_wall,oi_face_rot_near_mppi,12205,256,16,0,0,1,1,1,65,0.221186,0.0176725,5.46645,0,1.0276,1.75391,0.298229,19.3849,21.4289,266240,1.2,1.335,0,0.298646,0,1,1
box_detour_wall,oi_face_rot_near_mppi,12212,256,16,0,0,1,1,1,109,0.225438,0.165989,11.246,0,0.704873,0.788337,0.460615,50.207,53.5868,446464,1.2698,1.3231,0,0.461006,0,1,1
box_detour_wall,oi_face_rot_near_mppi,12219,256,16,0,0,1,1,1,111,0.201918,0.0104324,9.48484,0,0.876929,1.35253,0.357766,39.712,43.4204,454656,1.1056,1.3011,0,0.358202,0,1,1
box_detour_wall,oi_face_rot_near_mppi,12226,256,16,0,0,1,1,1,179,0.209028,0.125897,22.3982,0,1.03693,1.78964,0.34955,62.5694,68.1049,733184,1.0952,1.298,0,0.34986,0,1,1
box_detour_wall,oi_face_rot_near_mppi,12233,256,16,0,0,1,1,1,84,0.19886,0.0886771,8.14517,0,0.735684,0.896079,0.408202,34.289,37.3396,344064,1.2173,1.338,0,0.408632,0,1,1
box_detour_wall,oi_face_rot_near_mppi,12240,256,16,0,0,1,1,1,77,0.247803,0.121923,7.92716,0,0.779014,1.04151,0.394803,30.3998,32.499,315392,1.258,1.2942,0,0.395182,0,1,1
box_detour_wall,oi_face_rot_near_mppi,12247,256,16,0,0,1,1,1,57,0.23167,0.0566949,5.71258,0,0.70432,0.81012,0.386214,22.0142,23.309,233472,1.2349,1.2846,0,0.386667,0,1,1
box_detour_wall,oi_face_rot_near_mppi,12254,256,16,0,0,1,1,1,80,0.249545,0.0506473,6.30725,0,0.82747,1.07159,0.351646,28.1317,30.4271,327680,1.0404,1.293,0,0.35209,0,1,1
box_detour_wall,oi_face_rot_near_mppi,12261,256,16,0,0,1,1,1,127,0.213844,0.0367605,9.90602,0,0.694849,0.964217,0.407767,51.7864,55.1395,520192,1.2687,1.2915,0,0.408135,0,1,1
box_detour_wall,oi_face_rot_near_mppi,12268,256,16,0,0,1,1,1,333,0.205427,0.00242847,38.0099,0,0.667416,0.659594,0.411343,136.977,146.767,1363968,1.253,1.2831,0,0.411571,0,1,1
box_detour_wall,oi_face_rot_near_mppi,12275,256,16,0,0,1,1,1,100,0.190988,0.154005,9.60032,0,0.647961,0.70862,0.40707,40.707,43.0784,409600,1.2469,1.2992,0,0.407425,0,1,1
box_detour_wall,oi_face_rot_near_mppi,12282,256,16,0,0,1,1,1,63,0.246094,0.089319,6.09672,0,0.865784,1.22834,0.388281,24.4617,26.7161,258048,1.236,1.5187,0,0.388878,0,1,1
box_detour_wall,oi_face_rot_near_mppi,12289,256,16,0,0,1,1,1,82,0.230813,0.153132,6.49841,0,0.871893,1.43142,0.341,27.962,30.752,335872,1.1349,1.2507,0,0.341607,0,1,1
box_detour_wall,oi_face_rot_near_mppi,12296,256,16,0,0,1,1,1,85,0.232485,0.144048,6.55703,0,0.807375,1.21623,0.326014,27.7112,30.6948,348160,0.8736,1.1542,0,0.326482,0,1,1
box_detour_wall,oi_face_rot_near_mppi,12303,256,16,0,0,1,1,1,70,0.158848,0.0376496,5.18976,0,0.867685,1.45244,0.365684,25.5979,28.2029,286720,0.9869,1.2409,0,0.366291,0,1,1
box_detour_wall,oi_face_rot_near_mppi,12310,256,16,0,0,1,1,1,77,0.243796,0.101118,6.40622,0,0.885383,1.40873,0.30719,23.6536,25.8403,315392,0.8339,1.2477,0,0.307626,0,1,1
box_detour_wall,oi_face_rot_near_mppi,12317,256,16,0,0,1,1,1,94,0.232756,0.159465,6.8659,0,1.18791,2.60876,0.374624,35.2147,38.6213,385024,1.2136,1.2692,0,0.375087,0,1,1
box_detour_wall,oi_face_rot_near_mppi,12324,256,16,0,0,1,1,1,46,0.231756,0.175943,4.89748,0,0.802801,0.945615,0.375741,17.2841,18.9452,188416,1.2065,1.2974,0,0.376489,0,1,1
box_detour_wall,oi_face_rot_near_mppi,12331,256,16,0,0,1,1,1,91,0.215646,0.154279,7.89283,0,0.755315,0.927328,0.318526,28.9859,32.4791,372736,0.8674,1.2463,0,0.319076,0,1,1
box_detour_wall,oi_face_rot_near_mppi,12338,256,16,0,0,1,1,1,111,0.203693,0.0309386,9.41862,0,0.87626,1.35903,0.309677,34.3741,37.3882,454656,0.8972,1.2685,0,0.310097,0,1,1
box_detour_wall,oi_face_rot_near_mppi,12345,256,16,0,0,1,1,1,79,0.219863,0.0541512,7.40766,0,0.925622,1.46422,0.346586,27.3803,29.5869,323584,1.2587,1.2782,0,0.347032,0,1,1
box_detour_wall,oi_face_rot_near_mppi,12352,256,16,0,0,1,1,1,127,0.24194,0.0716128,11.2817,0,0.757539,0.957583,0.384994,48.8943,52.1905,520192,1.2344,1.2891,0,0.385352,0,1,1
box_detour_wall,oi_face_rot_near_mppi,12359,256,16,0,0,1,1,1,80,0.237923,0.045434,6.44059,0,0.933769,1.55874,0.341931,27.3545,29.7578,327680,1.0296,1.2817,0,0.34244,0,1,1
box_detour_wall,oi_face_rot_stall_mppi,12156,256,16,0,0,1,1,1,85,0.224011,0.0439295,6.19653,0,0.850795,1.38092,0.368653,31.3355,34.0802,348160,1.1956,1.294,0,0.369108,0,1,1
box_detour_wall,oi_face_rot_stall_mppi,12163,256,16,0,0,1,1,1,89,0.243159,0.227957,7.25044,0,0.8319,1.04943,0.355925,31.6773,34.1746,364544,1.2357,1.3362,0,0.356367,0,1,1
box_detour_wall,oi_face_rot_stall_mppi,12170,256,16,0,0,1,1,1,91,0.247338,0.0895726,10.1846,0,0.825156,1.07836,0.379824,34.564,36.9807,372736,1.1536,1.2647,0,0.380242,0,1,1
box_detour_wall,oi_face_rot_stall_mppi,12177,256,16,0,0,1,1,1,101,0.214101,0.181614,8.6968,0,0.736871,0.902381,0.270626,27.3332,29.9985,413696,0.5072,1.283,0,0.27105,0,1,1
box_detour_wall,oi_face_rot_stall_mppi,12184,256,16,0,0,1,1,1,74,0.247305,0.00191229,6.10152,0,0.925598,1.56628,0.334442,24.7487,26.1932,303104,1.07,1.3017,0,0.334814,0,1,1
box_detour_wall,oi_face_rot_stall_mppi,12191,256,16,0,0,1,1,1,106,0.228551,0.101335,9.30137,0,0.900974,1.40623,0.280231,29.7045,32.2552,434176,0.8609,1.2639,0,0.280601,0,1,1
box_detour_wall,oi_face_rot_stall_mppi,12198,256,16,0,0,1,1,1,101,0.223078,0.0887649,9.82182,0,1.04617,1.88747,0.416581,42.0747,44.4924,413696,1.2454,1.26,0,0.416985,0,1,1
box_detour_wall,oi_face_rot_stall_mppi,12205,256,16,0,0,1,1,1,96,0.231592,0.120395,6.48124,0,0.897038,1.60437,0.411455,39.4997,42.1075,393216,1.2329,1.2594,0,0.411883,0,1,1
box_detour_wall,oi_face_rot_stall_mppi,12212,256,16,0,0,1,1,1,225,0.232593,0.275283,18.5113,0,0.882564,1.41394,0.393669,88.5756,94.493,921600,1.1904,1.3076,0,0.393987,0,1,1
box_detour_wall,oi_face_rot_stall_mppi,12219,256,16,0,0,1,1,1,111,0.203646,0.0497484,10.2366,0,0.97894,1.80998,0.350418,38.8964,42.1812,454656,1.1843,1.308,0,0.350859,0,1,1
box_detour_wall,oi_face_rot_stall_mppi,12226,256,16,0,0,1,1,1,110,0.0851862,0.303859,14.1581,0,0.819344,1.29842,0.395531,43.5084,47.0704,450560,1.2491,1.2771,0,0.395954,0,1,1
box_detour_wall,oi_face_rot_stall_mppi,12233,256,16,0,0,1,1,1,101,0.24145,0.110628,8.18736,0,0.792928,1.09205,0.373313,37.7046,41.0944,413696,1.2204,1.2975,0,0.373738,0,1,1
box_detour_wall,oi_face_rot_stall_mppi,12240,256,16,0,0,1,1,1,109,0.22602,0.109639,7.92856,0,0.744993,0.922009,0.358102,39.0331,42.3415,446464,1.259,1.3024,0,0.358515,0,1,1
box_detour_wall,oi_face_rot_stall_mppi,12247,256,16,0,0,1,1,1,47,0.198117,0.0685294,5.4671,0,0.616492,0.704122,0.45647,21.4541,22.849,192512,1.2488,1.293,0,0.457083,0,1,1
box_detour_wall,oi_face_rot_stall_mppi,12254,256,16,0,0,1,1,1,84,0.244806,0.250403,6.51375,0,0.941451,1.56369,0.336831,28.2938,30.1282,344064,1.1694,1.2736,0,0.337204,0,1,1
box_detour_wall,oi_face_rot_stall_mppi,12261,256,16,0,0,1,1,1,113,0.245673,0.0637145,9.64902,0,0.850332,1.34791,0.391322,44.2194,46.5012,462848,1.1966,1.2637,0,0.39163,0,1,1
box_detour_wall,oi_face_rot_stall_mppi,12268,256,16,0,0,0,1,0,420,1.23136,0.327887,52.047,0,3.26887,12.634,0.346516,145.537,158.34,1720320,0.952,1.2689,0,0.346727,0,1,0
box_detour_wall,oi_face_rot_stall_mppi,12275,256,16,0,0,1,1,1,121,0.239742,0.127615,10.0487,0,0.845906,1.39747,0.393663,47.6332,51.2202,495616,1.184,1.2886,0,0.394035,0,1,1
box_detour_wall,oi_face_rot_stall_mppi,12282,256,16,0,0,1,1,1,90,0.231112,0.0195771,6.83431,0,0.773395,1.1371,0.368016,33.1214,35.9195,368640,1.2399,1.2762,0,0.368453,0,1,1
box_detour_wall,oi_face_rot_stall_mppi,12289,256,16,0,0,1,1,1,85,0.196478,0.206734,6.77406,0,0.890453,1.35342,0.334298,28.4153,30.2293,348160,1.0406,1.314,0,0.334653,0,1,1
box_detour_wall,oi_face_rot_stall_mppi,12296,256,16,0,0,1,1,1,99,0.239531,0.0266035,7.08575,0,0.848497,1.47841,0.372695,36.8968,38.9666,405504,1.2449,1.2713,0,0.373216,0,1,1
box_detour_wall,oi_face_rot_stall_mppi,12303,256,16,0,0,1,1,1,66,0.219626,0.0171855,5.22236,0,0.862001,1.40108,0.433023,28.5795,30.8267,270336,1.251,1.2989,0,0.433556,0,1,1
box_detour_wall,oi_face_rot_stall_mppi,12310,256,16,0,0,1,1,1,90,0.220335,0.344374,7.61315,0,0.840072,1.34547,0.399883,35.9895,39.1206,368640,1.2433,1.2832,0,0.400322,0,1,1
box_detour_wall,oi_face_rot_stall_mppi,12317,256,16,0,0,1,1,1,85,0.224584,0.205652,7.24708,0,1.06346,2.23109,0.363175,30.8699,33.5395,348160,1.1928,1.2947,0,0.363676,0,1,1
box_detour_wall,oi_face_rot_stall_mppi,12324,256,16,0,0,1,1,1,66,0.213407,0.118955,5.48112,0,0.889208,1.30648,0.36558,24.1283,26.4427,270336,1.0599,1.2494,0,0.366212,0,1,1
box_detour_wall,oi_face_rot_stall_mppi,12331,256,16,0,0,1,1,1,126,0.229595,0.130361,8.62758,0,0.885561,1.34072,0.430377,54.2275,59.5783,516096,1.2299,1.2703,0,0.430796,0,1,1
box_detour_wall,oi_face_rot_stall_mppi,12338,256,16,0,0,1,1,1,119,0.229033,0.047166,9.97053,0,0.946631,1.7019,0.394819,46.9835,49.9752,487424,1.2166,1.2565,0,0.395372,0,1,1
box_detour_wall,oi_face_rot_stall_mppi,12345,256,16,0,0,1,1,1,113,0.236052,0.218795,8.01236,0,0.978194,1.87797,0.394202,44.5448,47.4993,462848,1.1572,1.2951,0,0.394549,0,1,1
box_detour_wall,oi_face_rot_stall_mppi,12352,256,16,0,0,1,1,1,139,0.248412,0.0506359,11.4249,0,0.744789,1.10893,0.395463,54.9693,58.5643,569344,1.2383,1.3039,0,0.395794,0,1,1
box_detour_wall,oi_face_rot_stall_mppi,12359,256,16,0,0,1,1,1,126,0.245022,0.070599,8.07745,0,0.79721,1.29651,0.347394,43.7716,47.9263,516096,1.1791,1.2813,0,0.347753,0,1,1
box_detour_wall_far,oi_face_rot_mppi,12456,256,16,0,0,1,1,1,67,0.239031,0.29083,7.19651,0,0.756357,0.835904,0.41847,28.0375,29.8241,274432,1.2325,1.2588,0,0.419064,0,1,1
box_detour_wall_far,oi_face_rot_mppi,12463,256,16,0,0,1,1,1,100,0.23322,0.347697,10.7192,0,0.694682,0.765575,0.404216,40.4216,43.0758,409600,1.2482,1.3728,0,0.404593,0,1,1
box_detour_wall_far,oi_face_rot_mppi,12470,256,16,0,0,1,1,1,110,0.248151,0.0633385,11.7699,0,0.679455,0.670964,0.385605,42.4165,45.642,450560,1.2404,1.2822,0,0.385938,0,1,1
box_detour_wall_far,oi_face_rot_mppi,12477,256,16,0,0,1,1,1,116,0.23992,0.137071,10.5266,0,0.718886,0.75202,0.409296,47.4784,51.1216,475136,1.2442,1.2897,0,0.40971,0,1,1
box_detour_wall_far,oi_face_rot_mppi,12484,256,16,0,0,1,1,1,105,0.247067,0.10794,10.6075,0,0.751886,0.924444,0.34737,36.4738,39.9503,430080,1.0343,1.274,0,0.347789,0,1,1
box_detour_wall_far,oi_face_rot_mppi,12491,256,16,0,0,1,1,1,116,0.226511,0.0249959,14.0918,0,0.911424,1.18021,0.397532,46.1137,49.7759,475136,1.2463,1.2948,0,0.397968,0,1,1
box_detour_wall_far,oi_face_rot_mppi,12498,256,16,0,0,1,1,1,213,0.232573,0.234968,33.5292,0,0.885869,1.17013,0.363002,77.3195,83.4741,872448,1.2377,1.2951,0,0.363302,0,1,1
box_detour_wall_far,oi_face_rot_mppi,12505,256,16,0,0,1,1,1,98,0.249963,0.344636,7.8143,0,0.66955,0.71273,0.355867,34.875,37.9269,401408,1.2325,1.3957,0,0.35665,0,1,1
box_detour_wall_far,oi_face_rot_mppi,12512,256,16,0,0,1,1,1,104,0.226091,0.104168,10.5704,0,0.747949,0.866202,0.745242,77.5052,81.001,425984,1.9634,2.255,0,0.745803,0,1,1
box_detour_wall_far,oi_face_rot_mppi,12519,256,16,0,0,1,1,1,122,0.244923,0.108565,11.577,0,0.586923,0.51487,0.722834,88.1857,92.7412,499712,1.7122,2.1076,0,0.723325,0,1,1
box_detour_wall_far,oi_face_rot_mppi,12526,256,16,0,0,1,1,1,119,0.230755,0.259338,10.2026,0,0.648234,0.704649,0.710314,84.5274,88.4686,487424,1.8876,2.2777,0,0.710789,0,1,1
box_detour_wall_far,oi_face_rot_mppi,12533,256,16,0,0,1,1,1,120,0.225685,0.164344,12.2625,0,0.750866,0.872798,0.616329,73.9595,78.2393,491520,1.7937,2.3165,0,0.616811,0,1,1
box_detour_wall_far,oi_face_rot_mppi,12540,256,16,0,0,1,1,1,67,0.244286,0.0496203,8.20796,0,0.665877,0.713021,0.687503,46.0627,48.4833,274432,1.8473,2.2183,0,0.688158,0,1,1
box_detour_wall_far,oi_face_rot_mppi,12547,256,16,0,0,1,1,1,100,0.24821,0.218585,9.56662,0,0.80284,1.05947,0.779126,77.9126,81.6723,409600,1.8971,2.0247,0,0.779635,0,1,1
box_detour_wall_far,oi_face_rot_mppi,12554,256,16,0,0,1,1,1,120,0.231633,0.122751,12.7787,0,0.722991,0.820863,0.606961,72.8353,76.5074,491520,1.5518,2.0512,0,0.607392,0,1,1
box_detour_wall_far,oi_face_rot_mppi,12561,256,16,0,0,1,1,1,80,0.249052,0.161746,8.40277,0,0.617295,0.568784,0.650366,52.0293,54.942,327680,1.9785,2.265,0,0.650891,0,1,1
box_detour_wall_far,oi_face_rot_mppi,12568,256,16,0,0,1,1,1,118,0.238798,0.0713066,11.9081,0,0.725796,0.793062,0.711851,83.9984,87.6535,483328,1.9846,2.2896,0,0.712271,0,1,1
box_detour_wall_far,oi_face_rot_mppi,12575,256,16,0,0,1,1,1,111,0.242209,0.152123,8.89666,0,0.617771,0.584842,0.727389,80.7402,84.3746,454656,1.8173,2.1943,0,0.727891,0,1,1
box_detour_wall_far,oi_face_rot_mppi,12582,256,16,0,0,1,1,1,132,0.248651,0.184786,14.4977,0,0.587658,0.542902,0.806558,106.466,111.144,540672,1.7748,2.322,0,0.806942,0,1,1
box_detour_wall_far,oi_face_rot_mppi,12589,256,16,0,0,1,1,1,82,0.244608,0.0379735,7.88811,0,0.746936,0.817791,0.610513,50.0621,52.7837,335872,1.598,2.287,0,0.611107,0,1,1
box_detour_wall_far,oi_face_rot_mppi,12596,256,16,0,0,1,1,1,54,0.240614,0.0803619,7.53124,0,0.833654,1.09999,0.751393,40.5752,42.6202,221184,1.8397,2.303,0,0.75203,0,1,1
box_detour_wall_far,oi_face_rot_mppi,12603,256,16,0,0,1,1,1,92,0.227371,0.293059,8.05249,0,0.723193,0.872046,0.706217,64.972,67.5585,376832,1.8282,2.2768,0,0.70674,0,1,1
box_detour_wall_far,oi_face_rot_mppi,12610,256,16,0,0,1,1,1,58,0.230389,0.0817139,8.25594,0,0.737177,0.752405,0.693446,40.2199,41.6432,237568,2.0552,2.3027,0,0.694064,0,1,1
box_detour_wall_far,oi_face_rot_mppi,12617,256,16,0,0,1,1,1,124,0.236526,0.18042,12.6189,0,0.759195,1.03682,0.785607,97.4153,101.622,507904,1.9886,2.3177,0,0.786085,0,1,1
box_detour_wall_far,oi_face_rot_mppi,12624,256,16,0,0,1,1,1,59,0.234901,0.0998773,8.39434,0,0.783038,0.900288,0.734353,43.3268,45.2119,241664,1.9972,2.2834,0,0.735066,0,1,1
box_detour_wall_far,oi_face_rot_mppi,12631,256,16,0,0,1,1,1,99,0.216424,0.0529527,12.3812,0,0.864542,1.14713,0.652015,64.5495,67.4254,405504,1.8431,2.2679,0,0.652488,0,1,1
box_detour_wall_far,oi_face_rot_mppi,12638,256,16,0,0,1,1,1,145,0.2113,0.232988,13.4243,0,0.644469,0.755574,0.774913,112.362,117.298,593920,1.8726,2.2971,0,0.775317,0,1,1
box_detour_wall_far,oi_face_rot_mppi,12645,256,16,0,0,1,1,1,69,0.222317,0.229148,8.2407,0,0.753718,0.963059,0.835175,57.6271,61.059,282624,2.0418,2.3351,0,0.835803,0,1,1
box_detour_wall_far,oi_face_rot_mppi,12652,256,16,0,0,1,1,1,114,0.237614,0.144519,11.7805,0,0.725437,0.873408,0.856631,97.6559,101.492,466944,2.0504,2.247,0,0.857297,0,1,1
box_detour_wall_far,oi_face_rot_mppi,12659,256,16,0,0,1,1,1,91,0.241219,0.000285849,11.8738,0,0.832879,1.12772,0.736643,67.0345,69.9401,372736,1.9675,2.3072,0,0.737074,0,1,1
box_detour_wall_far,oi_face_rot_near_mppi,12456,256,16,0,0,1,1,1,50,0.24824,0.181976,7.00318,0,0.772737,0.874433,0.8516,42.58,43.9063,204800,1.9303,2.0984,0,0.852328,0,1,1
box_detour_wall_far,oi_face_rot_near_mppi,12463,256,16,0,0,1,1,1,102,0.185346,0.109421,10.6222,0,0.768392,0.968067,0.854459,87.1548,89.8471,417792,1.9775,2.2148,0,0.854998,0,1,1
box_detour_wall_far,oi_face_rot_near_mppi,12470,256,16,0,0,1,1,1,100,0.209788,0.00778089,11.5604,0,0.68728,0.724982,0.852686,85.2686,88.3978,409600,1.9584,2.3246,0,0.853172,0,1,1
box_detour_wall_far,oi_face_rot_near_mppi,12477,256,16,0,0,1,1,1,119,0.206754,0.0787856,10.4131,0,0.817215,1.21981,0.665634,79.2104,82.8939,487424,1.8928,2.3134,0,0.666053,0,1,1
box_detour_wall_far,oi_face_rot_near_mppi,12484,256,16,0,0,1,1,1,99,0.205135,0.216912,10.5893,0,1.06551,1.87329,0.666273,65.961,68.303,405504,1.9116,2.2966,0,0.666747,0,1,1
box_detour_wall_far,oi_face_rot_near_mppi,12491,256,16,0,0,1,1,1,106,0.199327,0.078695,13.9777,0,0.971322,1.37966,0.708153,75.0642,78.6142,434176,1.8721,2.251,0,0.708649,0,1,1
box_detour_wall_far,oi_face_rot_near_mppi,12498,256,16,0,0,1,1,1,126,0.106079,0.312871,15.3119,0,0.824866,1.05311,0.770086,97.0308,101.191,516096,1.8278,2.1731,0,0.770533,0,1,1
box_detour_wall_far,oi_face_rot_near_mppi,12505,256,16,0,0,1,1,1,76,0.24861,0.209295,7.70832,0,0.822504,1.23022,0.587988,44.6871,49.4599,311296,1.5344,1.9191,0,0.588626,0,1,1
box_detour_wall_far,oi_face_rot_near_mppi,12512,256,16,0,0,1,1,1,88,0.242201,0.0210839,10.048,0,0.884856,1.19055,0.723336,63.6536,66.7054,360448,1.8118,2.2858,0,0.723814,0,1,1
box_detour_wall_far,oi_face_rot_near_mppi,12519,256,16,0,0,1,1,1,135,0.22246,0.116572,12.1126,0,0.777937,1.18143,0.663104,89.519,94.5267,552960,1.7672,2.2349,0,0.663773,0,1,1
box_detour_wall_far,oi_face_rot_near_mppi,12526,256,16,0,0,1,1,1,126,0.221164,0.0710086,10.5343,0,0.778884,1.17163,0.681837,85.9115,90.3319,516096,1.7955,2.2914,0,0.68228,0,1,1
box_detour_wall_far,oi_face_rot_near_mppi,12533,256,16,0,0,1,1,1,100,0.214786,0.0927936,11.8709,0,0.818288,1.06217,0.724252,72.4252,75.8573,409600,1.7738,2.2865,0,0.724763,0,1,1
box_detour_wall_far,oi_face_rot_near_mppi,12540,256,16,0,0,1,1,1,82,0.237235,0.00110207,8.5735,0,0.831791,1.19077,0.709356,58.1672,61.3116,335872,1.7225,2.14,0,0.709937,0,1,1
box_detour_wall_far,oi_face_rot_near_mppi,12547,256,16,0,0,1,1,1,78,0.185694,0.172896,9.14808,0,1.02707,1.64156,0.693982,54.1306,56.4206,319488,1.8551,2.2564,0,0.694492,0,1,1
box_detour_wall_far,oi_face_rot_near_mppi,12554,256,16,0,0,1,1,1,127,0.248091,0.14289,13.1775,0,0.920125,1.59089,0.674793,85.6987,90.2718,520192,1.6797,2.1611,0,0.675208,0,1,1
box_detour_wall_far,oi_face_rot_near_mppi,12561,256,16,0,0,1,1,1,67,0.228646,0.135395,8.24696,0,0.809403,1.09361,0.851818,57.0718,59.7417,274432,1.912,2.3203,0,0.852598,0,1,1
box_detour_wall_far,oi_face_rot_near_mppi,12568,256,16,0,0,1,1,1,127,0.230891,0.0588237,12.0935,0,0.939142,1.60121,0.877993,111.505,115.939,520192,1.9269,2.2892,0,0.878469,0,1,1
box_detour_wall_far,oi_face_rot_near_mppi,12575,256,16,0,0,1,1,1,94,0.244854,0.145373,8.59609,0,0.841719,1.19153,0.709058,66.6515,69.8692,385024,1.8407,2.2949,0,0.709518,0,1,1
box_detour_wall_far,oi_face_rot_near_mppi,12582,256,16,0,0,1,1,1,151,0.176665,0.0535839,14.5639,0,0.666348,0.846069,0.840355,126.894,131.151,618496,1.9663,2.2974,0,0.840714,0,1,1
box_detour_wall_far,oi_face_rot_near_mppi,12589,256,16,0,0,1,1,1,60,0.235033,0.249522,7.67124,0,1.03465,1.50585,0.6271,37.626,39.3142,245760,1.8013,2.0138,0,0.627553,0,1,1
box_detour_wall_far,oi_face_rot_near_mppi,12596,256,16,0,0,1,1,1,49,0.235824,0.0864752,7.4211,0,0.8515,1.17931,0.845588,41.4338,43.2186,200704,2.1944,2.2921,0,0.846239,0,1,1
box_detour_wall_far,oi_face_rot_near_mppi,12603,256,16,0,0,1,1,1,133,0.231417,0.258772,10.3788,0,1.07154,1.86844,0.732436,97.414,101.633,544768,1.7911,2.2708,0,0.732873,0,1,1
box_detour_wall_far,oi_face_rot_near_mppi,12610,256,16,0,0,1,1,1,54,0.241512,0.161312,8.20073,0,0.699231,0.750896,0.669007,36.1264,38.0471,221184,1.8412,2.1924,0,0.669644,0,1,1
box_detour_wall_far,oi_face_rot_near_mppi,12617,256,16,0,0,1,1,1,133,0.218951,0.102882,12.7638,0,1.12672,2.38693,0.70962,94.3795,98.7898,544768,1.958,2.3267,0,0.710011,0,1,1
box_detour_wall_far,oi_face_rot_near_mppi,12624,256,16,0,0,1,1,1,55,0.219762,0.137845,8.33335,0,0.744344,0.892765,0.749922,41.2457,43.0817,225280,2.1097,2.2747,0,0.750571,0,1,1
box_detour_wall_far,oi_face_rot_near_mppi,12631,256,16,0,0,1,1,1,97,0.248267,0.00550513,12.4555,0,0.972035,1.39821,0.961839,93.2984,95.8236,397312,1.9494,2.2837,0,0.962276,0,1,1
box_detour_wall_far,oi_face_rot_near_mppi,12638,256,16,0,0,1,1,1,114,0.159245,0.332443,12.9966,0,0.769476,1.11147,0.676952,77.1725,80.2715,466944,2.0698,2.3117,0,0.677375,0,1,1
box_detour_wall_far,oi_face_rot_near_mppi,12645,256,16,0,0,1,1,1,103,0.248304,0.057423,8.85262,0,1.04721,2.14356,0.81733,84.185,87.2432,421888,2.1152,2.2942,0,0.817773,0,1,1
box_detour_wall_far,oi_face_rot_near_mppi,12652,256,16,0,0,1,1,1,95,0.246995,0.0975005,11.5161,0,0.865716,1.23474,0.831424,78.9853,81.7112,389120,1.9387,2.2617,0,0.831883,0,1,1
box_detour_wall_far,oi_face_rot_near_mppi,12659,256,16,0,0,1,1,1,85,0.246155,0.102076,11.2855,0,0.797194,0.998297,0.938187,79.7459,82.6521,348160,1.9879,2.176,0,0.938735,0,1,1
box_detour_wall_far,oi_face_rot_stall_mppi,12456,256,16,0,0,1,1,1,97,0.21515,0.064955,7.86764,0,0.972357,1.70787,0.901427,87.4384,89.8903,397312,1.891,2.0817,0,0.901843,0,1,1
box_detour_wall_far,oi_face_rot_stall_mppi,12463,256,16,0,0,1,1,1,106,0.247503,0.172309,10.9634,0,0.999038,1.70893,0.929883,98.5676,101.405,434176,2.0735,2.2228,0,0.93029,0,1,1
box_detour_wall_far,oi_face_rot_stall_mppi,12470,256,16,0,0,1,1,1,112,0.194944,0.107524,11.2658,0,0.871877,1.21448,0.887135,99.3591,103.249,458752,2.0596,2.2649,0,0.887594,0,1,1
box_detour_wall_far,oi_face_rot_stall_mppi,12477,256,16,0,0,1,1,1,173,0.247545,0.206738,15.753,0,1.07813,1.99976,0.861811,149.093,155.581,708608,2.0742,2.3043,0,0.862148,0,1,1
box_detour_wall_far,oi_face_rot_stall_mppi,12484,256,16,0,0,1,1,1,131,0.224177,0.0603488,11.2932,0,1.01773,1.94901,0.818474,107.22,111.187,536576,1.9433,2.2855,0,0.81884,0,1,1
box_detour_wall_far,oi_face_rot_stall_mppi,12491,256,16,0,0,1,1,1,125,0.177076,0.0456571,13.6982,0,0.880031,1.26823,0.872435,109.054,114.73,512000,1.9893,2.2508,0,0.872888,0,1,1
box_detour_wall_far,oi_face_rot_stall_mppi,12498,256,16,0,0,1,1,1,97,0.187098,0.021702,11.8051,0,0.822016,1.12894,0.904124,87.7,90.9144,397312,2.2313,2.2944,0,0.904693,0,1,1
box_detour_wall_far,oi_face_rot_stall_mppi,12505,256,16,0,0,1,1,1,77,0.248351,0.257677,7.71295,0,1.00465,1.64099,0.773012,59.5219,61.479,315392,1.9785,2.358,0,0.773562,0,1,1
box_detour_wall_far,oi_face_rot_stall_mppi,12512,256,16,0,0,1,1,1,117,0.188732,0.0522498,10.1435,0,0.921011,1.505,0.921962,107.87,111.197,479232,2.1728,2.3181,0,0.922365,0,1,1
box_detour_wall_far,oi_face_rot_stall_mppi,12519,256,16,0,0,1,1,1,157,0.20574,0.0524745,12.9226,0,0.739901,1.10294,0.913834,143.472,148.231,643072,2.1793,2.3078,0,0.914192,0,1,1
box_detour_wall_far,oi_face_rot_stall_mppi,12526,256,16,0,0,1,1,1,128,0.223686,0.157934,10.7675,0,0.737344,1.14915,0.858214,109.851,114.357,524288,2.0472,2.2754,0,0.858628,0,1,1
box_detour_wall_far,oi_face_rot_stall_mppi,12533,256,16,0,0,1,1,1,190,0.153914,0.269624,15.2794,0,1.03379,1.8336,0.900634,171.12,176.96,778240,1.9887,2.2853,0,0.900929,0,1,1
box_detour_wall_far,oi_face_rot_stall_mppi,12540,256,16,0,0,1,1,1,93,0.222642,0.0522827,9.23202,0,0.921528,1.64329,0.675055,62.7801,65.8354,380928,2.0472,2.1121,0,0.675573,0,1,1
box_detour_wall_far,oi_face_rot_stall_mppi,12547,256,16,0,0,1,1,1,100,0.246699,0.0302764,9.55353,0,0.90855,1.45556,0.766691,76.6691,81.313,409600,1.8707,2.2814,0,0.767308,0,1,1
box_detour_wall_far,oi_face_rot_stall_mppi,12554,256,16,0,0,1,1,1,104,0.223306,0.138603,12.5106,0,0.892065,1.30041,0.724291,75.3263,80.0326,425984,1.5909,2.3041,0,0.724887,0,1,1
box_detour_wall_far,oi_face_rot_stall_mppi,12561,256,16,0,0,1,1,1,114,0.222981,0.0201305,9.27066,0,0.880622,1.62591,0.767441,87.4883,92.2831,466944,1.8773,2.3056,0,0.768222,0,1,1
box_detour_wall_far,oi_face_rot_stall_mppi,12568,256,16,0,0,1,1,1,84,0.242862,0.321672,10.8135,0,0.892787,1.2737,0.743557,62.4588,65.968,344064,1.5735,2.2981,0,0.744202,0,1,1
box_detour_wall_far,oi_face_rot_stall_mppi,12575,256,16,0,0,1,1,1,130,0.19202,0.158652,9.08082,0,0.814904,1.36772,0.814064,105.828,111.076,532480,1.8701,2.2881,0,0.81453,0,1,1
box_detour_wall_far,oi_face_rot_stall_mppi,12582,256,16,0,0,1,1,1,125,0.247327,0.102991,14.4709,0,0.690734,0.793357,0.814797,101.85,107.015,512000,1.8434,2.3205,0,0.815329,0,1,1
box_detour_wall_far,oi_face_rot_stall_mppi,12589,256,16,0,0,1,1,1,108,0.219201,0.0337496,8.63885,0,1.06464,1.926,0.855475,92.3913,96.7582,442368,1.8433,2.3005,0,0.855974,0,1,1
box_detour_wall_far,oi_face_rot_stall_mppi,12596,256,16,0,0,1,1,1,89,0.192466,0.0309442,8.42069,0,0.979235,1.60812,0.963982,85.7944,88.9819,364544,2.0866,2.2811,0,0.9645,0,1,1
box_detour_wall_far,oi_face_rot_stall_mppi,12603,256,16,0,0,1,1,1,75,0.224721,0.0143794,7.88573,0,1.06135,1.71934,1.06945,80.2086,82.5865,307200,1.9684,2.3295,0,1.07,0,1,1
box_detour_wall_far,oi_face_rot_stall_mppi,12610,256,16,0,0,1,1,1,81,0.231262,0.0494485,8.7515,0,0.794371,1.23533,1.06252,86.0644,88.3599,331776,1.9011,2.2796,0,1.06297,0,1,1
box_detour_wall_far,oi_face_rot_stall_mppi,12617,256,16,0,0,1,1,1,117,0.24694,0.0311638,12.6014,0,1.00426,1.7477,0.865501,101.264,105.264,479232,2.0364,2.3178,0,0.86595,0,1,1
box_detour_wall_far,oi_face_rot_stall_mppi,12624,256,16,0,0,1,1,1,55,0.209323,0.00722268,8.30114,0,0.701104,0.814649,0.64176,35.2968,37.131,225280,1.8798,1.9624,0,0.642429,0,1,1
box_detour_wall_far,oi_face_rot_stall_mppi,12631,256,16,0,0,1,1,1,90,0.247914,0.0360198,12.0419,0,0.975139,1.53427,0.910978,81.988,84.4897,368640,2.0844,2.2917,0,0.91156,0,1,1
box_detour_wall_far,oi_face_rot_stall_mppi,12638,256,16,0,0,1,1,1,185,0.237987,0.0576006,15.2644,0,0.861318,1.47632,0.869708,160.896,167.12,757760,1.9451,2.2727,0,0.87006,0,1,1
box_detour_wall_far,oi_face_rot_stall_mppi,12645,256,16,0,0,1,1,1,84,0.220987,0.102599,8.66741,0,0.933451,1.47495,1.0079,84.6637,87.3543,344064,2.0878,2.3226,0,1.0084,0,1,1
box_detour_wall_far,oi_face_rot_stall_mppi,12652,256,16,0,0,1,1,1,96,0.238759,0.0150513,11.6016,0,1.02795,1.68181,0.808265,77.5934,81.2919,393216,2.0595,2.2898,0,0.808829,0,1,1
box_detour_wall_far,oi_face_rot_stall_mppi,12659,256,16,0,0,1,1,1,94,0.241177,0.0310427,11.2822,0,0.874669,1.23471,0.634631,59.6553,63.0718,385024,1.8963,2.312,0,0.635151,0,1,1
box_detour_wall_left,oi_face_rot_mppi,12356,256,16,0,0,1,1,1,113,0.243438,0.282439,10.2115,0,0.710481,0.750377,0.666346,75.2971,79.6955,462848,2.0607,2.268,0,0.66683,0,1,1
box_detour_wall_left,oi_face_rot_mppi,12363,256,16,0,0,1,1,1,129,0.233538,0.144107,9.29815,0,0.673998,0.681111,0.790876,102.023,107.28,528384,2.0215,2.2989,0,0.791372,0,1,1
box_detour_wall_left,oi_face_rot_mppi,12370,256,16,0,0,1,1,1,113,0.24798,0.168744,8.46715,0,0.670731,0.643939,0.77573,87.6575,91.9136,462848,1.8779,2.241,0,0.776245,0,1,1
box_detour_wall_left,oi_face_rot_mppi,12377,256,16,0,0,1,1,1,118,0.249465,0.0494327,7.06827,0,0.666147,0.672448,0.869518,102.603,106.9,483328,1.6506,2.3061,0,0.87003,0,1,1
box_detour_wall_left,oi_face_rot_mppi,12384,256,16,0,0,1,1,1,126,0.24077,0.124977,8.73827,0,0.616829,0.630863,0.855401,107.781,112.025,516096,1.738,2.3035,0,0.855851,0,1,1
box_detour_wall_left,oi_face_rot_mppi,12391,256,16,0,0,1,1,1,107,0.241657,0.299883,8.42748,0,0.652229,0.626325,0.869105,92.9942,96.3007,438272,2.0028,2.2992,0,0.869634,0,1,1
box_detour_wall_left,oi_face_rot_mppi,12398,256,16,0,0,1,1,1,76,0.245615,0.277865,6.37303,0,0.723426,0.806117,0.556058,42.2604,44.1935,311296,1.4993,2.2774,0,0.556561,0,1,1
box_detour_wall_left,oi_face_rot_mppi,12405,256,16,0,0,1,1,1,67,0.226325,0.200802,5.35678,0,0.67036,0.741124,0.399161,26.7438,28.4478,274432,1.2642,1.4863,0,0.399622,0,1,1
box_detour_wall_left,oi_face_rot_mppi,12412,256,16,0,0,1,1,1,94,0.214501,0.0871682,8.26358,0,0.712263,0.744123,1.03616,97.3992,100.017,385024,1.7978,2.2971,0,1.03656,0,1,1
box_detour_wall_left,oi_face_rot_mppi,12419,256,16,0,0,1,1,1,64,0.242831,0.288973,5.01231,0,0.713201,0.724129,1.01686,65.0793,67.1491,262144,1.9251,2.1022,0,1.01754,0,1,1
box_detour_wall_left,oi_face_rot_mppi,12426,256,16,0,0,1,1,1,115,0.242175,0.344249,7.98963,0,0.612055,0.5527,0.799693,91.9647,94.8289,471040,2.0682,2.2961,0,0.800076,0,1,1
box_detour_wall_left,oi_face_rot_mppi,12433,256,16,0,0,1,1,1,78,0.242331,0.0688489,8.59775,0,0.692557,0.714631,1.06352,82.9548,85.5542,319488,1.9274,2.3395,0,1.06402,0,1,1
box_detour_wall_left,oi_face_rot_mppi,12440,256,16,0,0,1,1,1,117,0.232011,0.0200559,10.0906,0,0.618442,0.55515,1.01805,119.112,122.264,479232,1.9678,2.3331,0,1.0184,0,1,1
box_detour_wall_left,oi_face_rot_mppi,12447,256,16,0,0,1,1,1,312,0.238132,0.197801,32.2251,0,0.640329,0.61121,0.908236,283.37,293.32,1277952,1.8868,2.3416,0,0.908506,0,1,1
box_detour_wall_left,oi_face_rot_mppi,12454,256,16,0,0,1,1,1,192,0.191474,0.325684,17.6045,0,0.719655,0.799289,0.913585,175.408,182.783,786432,2.0133,2.2879,0,0.913914,0,1,1
box_detour_wall_left,oi_face_rot_mppi,12461,256,16,0,0,1,1,1,90,0.237251,0.295998,7.45355,0,0.652466,0.621268,0.797508,71.7757,75.4328,368640,1.9299,2.2248,0,0.798087,0,1,1
box_detour_wall_left,oi_face_rot_mppi,12468,256,16,0,0,1,1,1,54,0.247193,0.0142553,5.54444,0,0.70173,0.737749,0.821104,44.3396,46.3923,221184,1.727,2.0186,0,0.821843,0,1,1
box_detour_wall_left,oi_face_rot_mppi,12475,256,16,0,0,1,1,1,111,0.241447,0.241641,8.00048,0,0.652526,0.662557,0.735469,81.6371,85.6545,454656,2.0216,2.2805,0,0.736011,0,1,1
box_detour_wall_left,oi_face_rot_mppi,12482,256,16,0,0,1,1,1,90,0.222949,0.0880051,8.11118,0,0.653039,0.634532,0.738619,66.4757,69.7776,368640,1.9361,3.6987,0,0.739091,0,1,1
box_detour_wall_left,oi_face_rot_mppi,12489,256,16,0,0,1,1,1,71,0.225332,0.333864,7.20969,0,0.706436,0.711308,0.810924,57.5756,60.2109,290816,2.0435,2.3135,0,0.811669,0,1,1
box_detour_wall_left,oi_face_rot_mppi,12496,256,16,0,0,1,1,1,92,0.24211,0.00821013,7.03805,0,0.686426,0.710587,0.829686,76.3311,79.1085,376832,2.0217,4.1536,0,0.830175,0,1,1
box_detour_wall_left,oi_face_rot_mppi,12503,256,16,0,0,1,1,1,113,0.227301,0.10879,7.57363,0,0.616867,0.623176,0.768289,86.8167,90.2183,462848,1.8608,2.2492,0,0.768791,0,1,1
box_detour_wall_left,oi_face_rot_mppi,12510,256,16,0,0,1,1,1,137,0.235475,0.0806995,10.6571,0,0.642276,0.633078,0.692396,94.8582,99.2971,561152,2.0699,2.2927,0,0.692758,0,1,1
box_detour_wall_left,oi_face_rot_mppi,12517,256,16,0,0,1,1,1,89,0.249327,0.0992791,8.79681,0,0.750437,0.833083,0.872802,77.6794,80.2926,364544,2.0981,2.2455,0,0.87334,0,1,1
box_detour_wall_left,oi_face_rot_mppi,12524,256,16,0,0,1,1,1,91,0.238201,0.0420752,7.28973,0,0.593686,0.475843,0.929625,84.5959,87.3355,372736,2.0957,2.2917,0,0.930054,0,1,1
box_detour_wall_left,oi_face_rot_mppi,12531,256,16,0,0,1,1,1,92,0.207989,0.284403,7.47455,0,0.683251,0.719474,0.869179,79.9645,82.8285,376832,2.0888,2.2861,0,0.869659,0,1,1
box_detour_wall_left,oi_face_rot_mppi,12538,256,16,0,0,1,1,1,186,0.233396,0.0849345,15.8533,0,0.625968,0.604339,0.84622,157.397,163.549,761856,2.0025,2.3141,0,0.846566,0,1,1
box_detour_wall_left,oi_face_rot_mppi,12545,256,16,0,0,1,1,1,113,0.223434,0.258573,8.70387,0,0.637151,0.590743,0.853608,96.4577,100.808,462848,1.915,2.3463,0,0.854102,0,1,1
box_detour_wall_left,oi_face_rot_mppi,12552,256,16,0,0,1,1,1,124,0.177427,0.293319,13.2634,0,0.774709,0.997002,0.667723,82.7976,88.8688,507904,1.6341,3.2766,0,0.668187,0,1,1
box_detour_wall_left,oi_face_rot_mppi,12559,256,16,0,0,1,1,1,173,0.249058,0.0171818,15.7345,0,0.823232,1.02789,0.564659,97.6859,106.414,708608,1.7815,3.1446,0,0.565076,0,1,1
box_detour_wall_left,oi_face_rot_near_mppi,12356,256,16,0,0,1,1,1,86,0.23364,0.262731,9.63684,0,0.964233,1.4076,0.621482,53.4475,56.5353,352256,1.7733,2.2793,0,0.622141,0,1,1
box_detour_wall_left,oi_face_rot_near_mppi,12363,256,16,0,0,1,1,1,188,0.225074,0.11139,13.2696,0,0.954917,1.55079,0.652009,122.578,130.765,770048,1.8678,2.261,0,0.652412,0,1,1
box_detour_wall_left,oi_face_rot_near_mppi,12370,256,16,0,0,1,1,1,106,0.247493,0.0614097,8.50667,0,0.796592,1.02708,0.725706,76.9248,81.1958,434176,1.883,2.1006,0,0.726248,0,1,1
box_detour_wall_left,oi_face_rot_near_mppi,12377,256,16,0,0,1,1,1,89,0.228197,0.0332701,6.52252,0,0.885271,1.35551,0.634791,56.4964,60.577,364544,1.5368,1.8742,0,0.635417,0,1,1
box_detour_wall_left,oi_face_rot_near_mppi,12384,256,16,0,0,1,1,1,110,0.197066,0.0743206,8.54655,0,0.772043,0.975123,0.616011,67.7612,73.2933,450560,1.3826,1.9051,0,0.616543,0,1,1
box_detour_wall_left,oi_face_rot_near_mppi,12391,256,16,0,0,1,1,1,104,0.24465,0.140124,8.09702,0,0.865617,1.42601,0.687303,71.4795,75.6316,425984,2.0851,2.3211,0,0.687859,0,1,1
box_detour_wall_left,oi_face_rot_near_mppi,12398,256,16,0,0,1,1,1,112,0.245264,0.25406,7.16904,0,1.04016,2.11494,0.613192,68.6775,72.923,458752,1.8085,2.3002,0,0.613638,0,1,1
box_detour_wall_left,oi_face_rot_near_mppi,12405,256,16,0,0,1,1,1,57,0.230267,0.0553795,5.26355,0,0.883859,1.14575,0.68869,39.2553,41.7993,233472,1.8853,2.1095,0,0.689391,0,1,1
box_detour_wall_left,oi_face_rot_near_mppi,12412,256,16,0,0,1,1,1,103,0.175958,0.0807478,8.34117,0,0.776237,0.989922,0.581559,59.9006,64.1498,421888,1.8595,2.2664,0,0.582042,0,1,1
box_detour_wall_left,oi_face_rot_near_mppi,12419,256,16,0,0,1,1,1,54,0.226219,0.0924834,4.83072,0,0.930379,1.34278,0.562613,30.3811,32.5244,221184,1.5527,2.2954,0,0.563317,0,1,1
box_detour_wall_left,oi_face_rot_near_mppi,12426,256,16,0,0,1,1,1,107,0.238468,0.0201698,7.77508,0,0.820713,1.21527,0.677892,72.5344,76.7043,438272,1.4972,2.0931,0,0.678405,0,1,1
box_detour_wall_left,oi_face_rot_near_mppi,12433,256,16,0,0,1,1,1,84,0.223084,0.131888,8.5507,0,0.80665,1.16831,0.6205,52.122,55.7217,344064,1.4796,2.0875,0,0.621082,0,1,1
box_detour_wall_left,oi_face_rot_near_mppi,12440,256,16,0,0,1,1,1,98,0.213033,0.190342,9.83968,0,0.792482,1.00707,0.701312,68.7286,73.1751,401408,1.8962,2.2674,0,0.701894,0,1,1
box_detour_wall_left,oi_face_rot_near_mppi,12447,256,16,0,0,1,1,1,303,0.245737,0.0673066,32.0405,0,0.71341,0.780965,0.551243,167.027,179.471,1241088,1.7182,2.3082,0,0.551538,0,1,1
box_detour_wall_left,oi_face_rot_near_mppi,12454,256,16,0,0,1,1,1,109,0.153105,0.236003,10.0687,0,0.818873,1.15939,0.402933,43.9197,47.7307,446464,1.2447,1.3088,0,0.403386,0,1,1
box_detour_wall_left,oi_face_rot_near_mppi,12461,256,16,0,0,1,1,1,123,0.199728,0.311586,8.52354,0,0.913119,1.561,0.396645,48.7874,53.2355,503808,1.2473,1.31,0,0.397038,0,1,1
box_detour_wall_left,oi_face_rot_near_mppi,12468,256,16,0,0,1,1,1,49,0.209773,0.00820198,5.4306,0,0.69639,0.770707,0.746082,36.558,38.5037,200704,1.6449,2.3225,0,0.746839,0,1,1
box_detour_wall_left,oi_face_rot_near_mppi,12475,256,16,0,0,1,1,1,65,0.233843,0.138752,7.39365,0,0.795493,1.02801,0.619115,40.2425,42.6938,266240,1.8898,2.1784,0,0.619688,0,1,1
box_detour_wall_left,oi_face_rot_near_mppi,12482,256,16,0,0,1,1,1,102,0.241042,0.0502634,8.44569,0,0.843817,1.33339,0.658174,67.1338,70.5571,417792,2.1497,2.262,0,0.658839,0,1,1
box_detour_wall_left,oi_face_rot_near_mppi,12489,256,16,0,0,1,1,1,72,0.225409,0.0115965,6.78093,0,0.856069,1.25375,0.665108,47.8878,50.2273,294912,2.004,2.3195,0,0.665649,0,1,1
box_detour_wall_left,oi_face_rot_near_mppi,12496,256,16,0,0,1,1,1,107,0.185539,0.181954,7.36659,0,0.993847,1.75681,0.751982,80.4621,84.4405,438272,1.9518,2.2973,0,0.752474,0,1,1
box_detour_wall_left,oi_face_rot_near_mppi,12503,256,16,0,0,1,1,1,94,0.247283,0.133032,7.45433,0,0.727379,1.00653,0.858938,80.7402,83.8283,385024,1.6551,1.8765,0,0.859416,0,1,1
box_detour_wall_left,oi_face_rot_near_mppi,12510,256,16,0,0,1,1,1,131,0.240397,0.0760841,10.7245,0,0.81289,1.21518,0.956391,125.287,128.475,536576,1.8883,2.2804,0,0.956811,0,1,1
box_detour_wall_left,oi_face_rot_near_mppi,12517,256,16,0,0,1,1,1,87,0.249027,0.303484,8.72864,0,0.817226,0.997302,0.785053,68.2996,70.9909,356352,2.1205,2.2867,0,0.78553,0,1,1
box_detour_wall_left,oi_face_rot_near_mppi,12524,256,16,0,0,1,1,1,74,0.236129,0.00286895,7.04867,0,0.834944,1.03548,0.761184,56.3276,58.2249,303104,1.6794,2.2347,0,0.761726,0,1,1
box_detour_wall_left,oi_face_rot_near_mppi,12531,256,16,0,0,1,1,1,76,0.245248,0.140158,7.31855,0,0.862826,1.24107,0.933595,70.9532,72.8749,311296,1.8823,2.1128,0,0.934015,0,1,1
box_detour_wall_left,oi_face_rot_near_mppi,12538,256,16,0,0,1,1,1,160,0.201541,0.0451811,15.3905,0,0.69632,0.760135,0.969219,155.075,160.178,655360,1.8717,2.3183,0,0.96957,0,1,1
box_detour_wall_left,oi_face_rot_near_mppi,12545,256,16,0,0,1,1,1,116,0.225092,0.120974,8.81437,0,0.748064,1.12428,0.698981,81.0818,84.9894,475136,1.5514,2.088,0,0.699379,0,1,1
box_detour_wall_left,oi_face_rot_near_mppi,12552,256,16,0,0,1,1,1,136,0.229574,0.342667,13.7253,0,0.826375,1.21602,0.808892,110.009,113.7,557056,1.9446,2.3364,0,0.809218,0,1,1
box_detour_wall_left,oi_face_rot_near_mppi,12559,256,16,0,0,1,1,1,146,0.24123,0.0215334,11.9025,0,0.957759,1.50621,0.716004,104.537,108.813,598016,1.9336,2.2688,0,0.716361,0,1,1
box_detour_wall_left,oi_face_rot_stall_mppi,12356,256,16,0,0,1,1,1,105,0.247845,0.0962105,10.4163,0,0.912041,1.25405,0.700497,73.5522,76.9385,430080,1.9181,2.3145,0,0.70093,0,1,1
box_detour_wall_left,oi_face_rot_stall_mppi,12363,256,16,0,0,1,1,1,110,0.233815,0.00556247,8.6182,0,0.8103,1.25051,0.57363,63.0993,66.2513,450560,1.6976,2.0438,0,0.573981,0,1,1
box_detour_wall_left,oi_face_rot_stall_mppi,12370,256,16,0,0,1,1,1,114,0.242923,0.130935,8.73782,0,0.798507,1.12972,0.742788,84.6778,87.5712,466944,1.9698,2.3316,0,0.743159,0,1,1
box_detour_wall_left,oi_face_rot_stall_mppi,12377,256,16,0,0,1,1,1,103,0.215155,0.029511,7.60401,0,0.904823,1.59387,0.803654,82.7764,85.7347,421888,1.5673,2.0909,0,0.804121,0,1,1
box_detour_wall_left,oi_face_rot_stall_mppi,12384,256,16,0,0,1,1,1,105,0.241319,0.0144379,8.08067,0,0.80655,1.31569,0.757175,79.5034,81.9668,430080,2.1009,2.318,0,0.757559,0,1,1
box_detour_wall_left,oi_face_rot_stall_mppi,12391,256,16,0,0,1,1,1,116,0.223425,0.00185867,8.98643,0,0.854195,1.40963,0.770505,89.3786,94.5198,475136,2.0412,2.2854,0,0.770914,0,1,1
box_detour_wall_left,oi_face_rot_stall_mppi,12398,256,16,0,0,1,1,1,86,0.232,0.331051,6.47516,0,1.09599,2.05691,0.786986,67.6808,70.0347,352256,2.0715,2.3081,0,0.787367,0,1,1
box_detour_wall_left,oi_face_rot_stall_mppi,12405,256,16,0,0,1,1,1,77,0.243381,0.128477,5.71868,0,0.966571,1.63559,0.759574,58.4872,61.2788,315392,1.9289,2.2706,0,0.76016,0,1,1
box_detour_wall_left,oi_face_rot_stall_mppi,12412,256,16,0,0,1,1,1,99,0.179533,0.0774112,7.59267,0,0.891825,1.32766,0.534297,52.8954,56.3928,405504,1.9751,2.4158,0,0.534778,0,1,1
box_detour_wall_left,oi_face_rot_stall_mppi,12419,256,16,0,0,1,1,1,72,0.228967,0.0217388,5.2235,0,0.913127,1.44315,0.849554,61.1679,65.1876,294912,2.1004,2.2827,0,0.850167,0,1,1
box_detour_wall_left,oi_face_rot_stall_mppi,12426,256,16,0,0,1,1,1,125,0.220813,0.0096679,8.84933,0,0.845635,1.38072,0.666618,83.3272,88.3649,512000,2.091,2.3466,0,0.667102,0,1,1
box_detour_wall_left,oi_face_rot_stall_mppi,12433,256,16,0,0,1,1,1,105,0.167834,0.00155166,8.63058,0,0.778149,1.0286,0.731039,76.7591,80.6087,430080,1.9941,2.1979,0,0.731573,0,1,1
box_detour_wall_left,oi_face_rot_stall_mppi,12440,256,16,0,0,1,1,1,121,0.21592,0.0579494,10.4573,0,0.742802,1.00279,0.831686,100.634,104.879,495616,1.7592,2.3056,0,0.832156,0,1,1
box_detour_wall_left,oi_face_rot_stall_mppi,12447,256,16,0,0,0,1,0,420,1.22268,0.267272,50.649,0,3.43813,13.6398,0.702137,294.898,312.038,1720320,1.9456,2.3032,0,0.702448,0,1,0
box_detour_wall_left,oi_face_rot_stall_mppi,12454,256,16,0,0,1,1,1,98,0.217536,0.0029358,8.71405,0,0.700435,0.852727,0.665838,65.2521,68.3659,401408,1.507,2.0841,0,0.666269,0,1,1
box_detour_wall_left,oi_face_rot_stall_mppi,12461,256,16,0,0,1,1,1,92,0.231751,0.0895002,7.45898,0,0.911839,1.46818,0.742301,68.2917,72.2449,376832,1.7011,2.0884,0,0.742838,0,1,1
box_detour_wall_left,oi_face_rot_stall_mppi,12468,256,16,0,0,1,1,1,89,0.24713,0.0394268,6.20194,0,0.810477,1.19871,0.742489,66.0815,67.895,364544,2.0647,2.2094,0,0.742845,0,1,1
box_detour_wall_left,oi_face_rot_stall_mppi,12475,256,16,0,0,1,1,1,89,0.231373,0.0138243,7.90148,0,0.906582,1.35286,0.652988,58.1159,59.8198,364544,2.0178,2.2881,0,0.653374,0,1,1
box_detour_wall_left,oi_face_rot_stall_mppi,12482,256,16,0,0,1,1,1,97,0.248654,0.0344888,8.03917,0,0.803174,1.21027,0.882039,85.5578,88.3377,397312,2.0274,2.3187,0,0.882437,0,1,1
box_detour_wall_left,oi_face_rot_stall_mppi,12489,256,16,0,0,1,1,1,84,0.187676,0.0932795,6.51353,0,0.791926,1.19785,0.84726,71.1698,73.0565,344064,1.6026,1.6768,0,0.847683,0,1,1
box_detour_wall_left,oi_face_rot_stall_mppi,12496,256,16,0,0,1,1,1,106,0.241975,0.161284,7.54343,0,0.849894,1.32976,0.945679,100.242,102.921,434176,1.8703,2.2645,0,0.946093,0,1,1
box_detour_wall_left,oi_face_rot_stall_mppi,12503,256,16,0,0,1,1,1,101,0.237495,0.0299459,7.46393,0,0.846919,1.19857,0.946018,95.5478,98.3297,413696,1.8857,2.3445,0,0.94648,0,1,1
box_detour_wall_left,oi_face_rot_stall_mppi,12510,256,16,0,0,1,1,1,136,0.237126,0.0446502,10.7619,0,0.805663,1.31573,0.901796,122.644,126.084,557056,2.0462,2.3125,0,0.902145,0,1,1
box_detour_wall_left,oi_face_rot_stall_mppi,12517,256,16,0,0,1,1,1,93,0.243232,0.105837,8.18462,0,0.914072,1.49083,0.894287,83.1687,84.9419,380928,1.851,2.0573,0,0.894524,0,1,1
box_detour_wall_left,oi_face_rot_stall_mppi,12524,256,16,0,0,1,1,1,108,0.205073,0.135122,8.78349,0,0.791417,1.14759,0.841314,90.8619,92.9332,442368,1.8689,2.2977,0,0.84171,0,1,1
box_detour_wall_left,oi_face_rot_stall_mppi,12531,256,16,0,0,1,1,1,92,0.226169,0.320514,7.28876,0,1.0523,2.07723,0.931085,85.6598,88.0547,376832,1.9816,2.2904,0,0.931373,0,1,1
box_detour_wall_left,oi_face_rot_stall_mppi,12538,256,16,0,0,0,1,0,420,1.19719,0.217845,48.2438,0,3.50601,13.6286,1.08321,454.946,465.064,1720320,2.1042,2.3377,0,1.08336,0,1,0
box_detour_wall_left,oi_face_rot_stall_mppi,12545,256,16,0,0,1,1,1,110,0.233283,0.00931282,8.61621,0,0.781184,1.16829,0.896396,98.6036,101.387,450560,2.1385,2.3264,0,0.89677,0,1,1
box_detour_wall_left,oi_face_rot_stall_mppi,12552,256,16,0,0,1,1,1,134,0.22549,0.0989033,12.2118,0,0.841895,1.37514,1.05835,141.818,145.282,548864,1.9762,2.2206,0,1.05861,0,1,1
box_detour_wall_left,oi_face_rot_stall_mppi,12559,256,16,0,0,1,1,1,100,0.231423,0.0987257,10.1079,0,0.855436,1.19577,0.95522,95.522,98.3972,409600,2.2738,2.3036,0,0.955664,0,1,1
box_open_turn,oi_face_rot_mppi,12556,256,16,0,0,1,1,1,67,0.0779403,0.194793,6.64379,0,0.931126,1.2076,0.678942,45.4891,46.583,274432,1.9333,2.2337,0,0.679303,0,1,1
box_open_turn,oi_face_rot_mppi,12563,256,16,0,0,1,1,1,74,0.0594635,0.246385,8.01833,0,0.832332,0.951811,1.17373,86.8561,88.7421,303104,2.0201,2.0872,0,1.1741,0,1,1
box_open_turn,oi_face_rot_mppi,12570,256,16,0,0,1,1,1,81,0.0336744,0.208466,6.62625,0,0.785154,0.95176,1.00054,81.0435,82.5904,331776,2.0136,2.0811,0,1.00092,0,1,1
box_open_turn,oi_face_rot_mppi,12577,256,16,0,0,1,1,1,82,0.213145,0.0551049,10.6913,0,0.891037,1.10294,0.735406,60.3033,62.3507,335872,1.9037,2.2846,0,0.735799,0,1,1
box_open_turn,oi_face_rot_mppi,12584,256,16,0,0,1,1,1,81,0.220774,0.135679,7.86507,0,0.75986,0.898332,0.694115,56.2233,58.1348,331776,2.0766,2.2713,0,0.694504,0,1,1
box_open_turn,oi_face_rot_mppi,12591,256,16,0,0,1,1,1,144,0.241744,0.0388517,18.8317,0,0.794071,0.927379,1.08614,156.403,160.007,589824,1.8058,2.2618,0,1.08642,0,1,1
box_open_turn,oi_face_rot_mppi,12598,256,16,0,0,1,1,1,69,0.24745,0.118152,7.40595,0,0.813185,0.925339,0.829636,57.2449,58.5713,282624,1.8916,2.286,0,0.830059,0,1,1
box_open_turn,oi_face_rot_mppi,12605,256,16,0,0,1,1,1,75,0.159899,0.189326,5.85687,0,0.698127,0.719457,0.860105,64.5079,66.3671,307200,2.0778,2.2206,0,0.860472,0,1,1
box_open_turn,oi_face_rot_mppi,12612,256,16,0,0,1,1,1,75,0.247055,0.141942,7.91609,0,0.706148,0.724529,0.968772,72.6579,74.2875,307200,2.0765,2.2783,0,0.969192,0,1,1
box_open_turn,oi_face_rot_mppi,12619,256,16,0,0,1,1,1,114,0.213915,0.239906,12.0658,0,0.770934,0.902483,0.774923,88.3412,91.0964,466944,1.9605,2.2641,0,0.775282,0,1,1
box_open_turn,oi_face_rot_mppi,12626,256,16,0,0,1,1,1,99,0.219785,0.0875385,7.00445,0,0.743911,0.91611,0.768199,76.0517,78.3395,405504,1.8238,2.2612,0,0.768619,0,1,1
box_open_turn,oi_face_rot_mppi,12633,256,16,0,0,1,1,1,195,0.180338,0.247346,14.7348,0,0.759038,0.937368,0.755454,147.314,152.392,798720,1.9107,2.2558,0,0.755707,0,1,1
box_open_turn,oi_face_rot_mppi,12640,256,16,0,0,1,1,1,64,0.243205,0.228714,6.64136,0,0.878167,1.08325,0.731294,46.8028,47.8217,262144,1.9359,2.0905,0,0.731666,0,1,1
box_open_turn,oi_face_rot_mppi,12647,256,16,0,0,1,1,1,107,0.220243,0.0771019,7.65342,0,0.672207,0.709243,0.716585,76.6746,78.4444,438272,1.718,2.2743,0,0.716852,0,1,1
box_open_turn,oi_face_rot_mppi,12654,256,16,0,0,1,1,1,129,0.24711,0.0975686,13.3674,0,0.790586,0.908399,0.911815,117.624,120.93,528384,1.9715,2.2851,0,0.912132,0,1,1
box_open_turn,oi_face_rot_mppi,12661,256,16,0,0,1,1,1,69,0.243267,0.177068,7.55484,0,0.841926,0.995828,0.934828,64.5031,66.2925,282624,2.0127,2.2791,0,0.935298,0,1,1
box_open_turn,oi_face_rot_mppi,12668,256,16,0,0,1,1,1,80,0.242359,0.178177,8.72358,0,0.826877,1.05162,0.921172,73.6938,75.8505,327680,2.0589,2.2677,0,0.921567,0,1,1
box_open_turn,oi_face_rot_mppi,12675,256,16,0,0,1,1,1,48,0.246807,0.200491,4.65561,0,0.813213,0.999877,0.928338,44.5602,45.8534,196608,2.0532,2.2571,0,0.928796,0,1,1
box_open_turn,oi_face_rot_mppi,12682,256,16,0,0,1,1,1,125,0.22023,0.0886927,9.40229,0,0.638256,0.6557,0.935409,116.926,120.203,512000,1.9829,2.2741,0,0.935731,0,1,1
box_open_turn,oi_face_rot_mppi,12689,256,16,0,0,1,1,1,73,0.1999,0.231304,8.0509,0,0.992122,1.48962,0.851784,62.1802,63.6018,299008,1.7775,2.2569,0,0.852182,0,1,1
box_open_turn,oi_face_rot_mppi,12696,256,16,0,0,1,1,1,56,0.247495,0.240483,6.56144,0,0.748098,0.81266,0.589991,33.0395,33.9482,229376,2.0872,2.231,0,0.590521,0,1,1
box_open_turn,oi_face_rot_mppi,12703,256,16,0,0,1,1,1,139,0.209033,0.197422,19.0744,0,0.797174,1.03076,0.905055,125.803,128.552,569344,1.9688,2.2899,0,0.905371,0,1,1
box_open_turn,oi_face_rot_mppi,12710,256,16,0,0,1,1,1,81,0.222373,0.223881,7.88609,0,0.882015,1.13872,0.644473,52.2023,53.7384,331776,2.045,2.278,0,0.644894,0,1,1
box_open_turn,oi_face_rot_mppi,12717,256,16,0,0,1,1,1,79,0.0772783,0.177659,6.59353,0,0.776939,1.0269,0.881612,69.6474,72.0739,323584,2.0638,2.2605,0,0.882154,0,1,1
box_open_turn,oi_face_rot_mppi,12724,256,16,0,0,1,1,1,136,0.221796,0.221266,13.2577,0,0.814897,1.02628,0.691949,94.105,98.5916,557056,1.8371,2.0985,0,0.69231,0,1,1
box_open_turn,oi_face_rot_mppi,12731,256,16,0,0,1,1,1,197,0.112087,0.240034,22.6725,0,0.852999,1.22044,0.795366,156.687,163.379,806912,1.8912,2.235,0,0.79572,0,1,1
box_open_turn,oi_face_rot_mppi,12738,256,16,0,0,1,1,1,107,0.234612,0.248948,9.1144,0,0.701393,0.77425,0.801866,85.7997,89.9148,438272,1.6742,11.8157,0,0.802398,0,1,1
box_open_turn,oi_face_rot_mppi,12745,256,16,0,0,1,1,1,375,0.214741,0.249813,18.5305,0,0.730748,0.857293,0.764973,286.865,297.208,1536000,1.9411,2.286,0,0.765208,0,1,1
box_open_turn,oi_face_rot_mppi,12752,256,16,0,0,1,1,1,111,0.19781,0.199584,9.9831,0,0.82265,1.04696,0.654586,72.659,75.4433,454656,1.9407,2.2272,0,0.654994,0,1,1
box_open_turn,oi_face_rot_mppi,12759,256,16,0,0,1,1,1,71,0.219304,0.230781,7.441,0,0.736716,0.931938,0.469618,33.3429,34.8148,290816,1.927,2.2688,0,0.469992,0,1,1
box_open_turn,oi_face_rot_near_mppi,12556,256,16,0,0,1,1,1,62,0.0650136,0.146613,6.44563,0,0.94438,1.32494,0.770031,47.7419,49.0371,253952,1.8484,2.0168,0,0.770362,0,1,1
box_open_turn,oi_face_rot_near_mppi,12563,256,16,0,0,1,1,1,74,0.171863,0.232218,7.65323,0,0.823904,1.03255,0.747382,55.3063,57.4421,303104,1.5249,1.8789,0,0.747866,0,1,1
box_open_turn,oi_face_rot_near_mppi,12570,256,16,0,0,1,1,1,100,0.202944,0.249419,7.39698,0,1.05667,2.40114,0.805411,80.5411,82.7133,409600,1.8779,2.0695,0,0.805763,0,1,1
box_open_turn,oi_face_rot_near_mppi,12577,256,16,0,0,1,1,1,74,0.21821,0.229167,10.6305,0,1.01098,1.40783,0.677253,50.1167,52.0045,303104,1.8513,2.0472,0,0.677739,0,1,1
box_open_turn,oi_face_rot_near_mppi,12584,256,16,0,0,1,1,1,60,0.245998,0.0207659,7.54128,0,0.864684,1.17285,0.888453,53.3072,54.6682,245760,1.6183,1.7206,0,0.888975,0,1,1
box_open_turn,oi_face_rot_near_mppi,12591,256,16,0,0,1,1,1,148,0.241815,0.129613,18.7963,0,0.884058,1.22973,0.758293,112.227,114.95,606208,2.0184,2.2683,0,0.758579,0,1,1
box_open_turn,oi_face_rot_near_mppi,12598,256,16,0,0,1,1,1,61,0.244503,0.000965714,6.93542,0,0.832908,1.13696,0.926587,56.5218,58.3505,249856,1.8672,2.0762,0,0.926993,0,1,1
box_open_turn,oi_face_rot_near_mppi,12605,256,16,0,0,1,1,1,51,0.0728484,0.208723,5.18791,0,0.721184,0.862061,0.896404,45.7166,46.8307,208896,2.0785,2.2801,0,0.896843,0,1,1
box_open_turn,oi_face_rot_near_mppi,12612,256,16,0,0,1,1,1,59,0.223826,0.150139,7.6628,0,0.781364,0.923362,0.811395,47.8723,49.6517,241664,1.5197,1.5651,0,0.812219,0,1,1
box_open_turn,oi_face_rot_near_mppi,12619,256,16,0,0,1,1,1,116,0.24414,0.234318,11.6491,0,0.793722,0.973659,0.835435,96.9104,98.9494,475136,1.9551,2.238,0,0.835706,0,1,1
box_open_turn,oi_face_rot_near_mppi,12626,256,16,0,0,1,1,1,47,0.216336,0.247805,5.76046,0,0.846381,1.18998,0.683343,32.1171,33.4416,192512,2.1918,2.2596,0,0.683834,0,1,1
box_open_turn,oi_face_rot_near_mppi,12633,256,16,0,0,1,1,1,171,0.15756,0.173148,14.1491,0,0.823135,1.1247,0.649512,111.067,114.707,700416,1.9923,2.1738,0,0.649809,0,1,1
box_open_turn,oi_face_rot_near_mppi,12640,256,16,0,0,1,1,1,54,0.0327421,0.227139,6.15414,0,0.944488,1.38509,1.06739,57.6388,59.0329,221184,2.021,2.2894,0,1.06792,0,1,1
box_open_turn,oi_face_rot_near_mppi,12647,256,16,0,0,1,1,1,56,0.0298997,0.23723,6.79674,0,0.938769,1.29613,0.798584,44.7207,46.3942,229376,2.2485,2.283,0,0.799041,0,1,1
box_open_turn,oi_face_rot_near_mppi,12654,256,16,0,0,1,1,1,120,0.177229,0.237568,13.0039,0,0.913655,1.29328,0.484956,58.1947,61.5545,491520,1.6507,2.2682,0,0.485274,0,1,1
box_open_turn,oi_face_rot_near_mppi,12661,256,16,0,0,1,1,1,59,0.232722,0.102437,6.96081,0,0.881646,1.22454,0.920417,54.3046,56.1879,241664,2.0766,2.2651,0,0.921036,0,1,1
box_open_turn,oi_face_rot_near_mppi,12668,256,16,0,0,1,1,1,99,0.158954,0.238621,8.96507,0,1.12444,2.10172,1.02691,101.664,104.07,405504,2.0568,2.2918,0,1.02728,0,1,1
box_open_turn,oi_face_rot_near_mppi,12675,256,16,0,0,1,1,1,47,0.246428,0.0899184,4.56572,0,0.872618,1.42006,1.29815,61.0131,62.0167,192512,2.0587,2.2628,0,1.2986,0,1,1
box_open_turn,oi_face_rot_near_mppi,12682,256,16,0,0,1,1,1,89,0.124116,0.15468,9.06734,0,0.85543,1.10219,0.655873,58.3727,59.7771,364544,1.8515,2.2919,0,0.656145,0,1,1
box_open_turn,oi_face_rot_near_mppi,12689,256,16,0,0,1,1,1,75,0.0842405,0.241379,7.71617,0,0.877679,1.36312,0.697212,52.2909,53.6778,307200,1.6797,1.8508,0,0.697601,0,1,1
box_open_turn,oi_face_rot_near_mppi,12696,256,16,0,0,1,1,1,57,0.153079,0.130598,6.33404,0,0.848629,1.1518,0.866554,49.3936,50.298,233472,1.7349,1.8306,0,0.866849,0,1,1
box_open_turn,oi_face_rot_near_mppi,12703,256,16,0,0,1,1,1,152,0.229788,0.188524,19.3108,0,0.849543,1.16373,0.860973,130.868,134.281,622592,1.9434,2.2629,0,0.861244,0,1,1
box_open_turn,oi_face_rot_near_mppi,12710,256,16,0,0,1,1,1,60,0.240439,0.228399,7.18867,0,0.900301,1.21564,0.70423,42.2538,44.1553,245760,1.6031,1.6674,0,0.704625,0,1,1
box_open_turn,oi_face_rot_near_mppi,12717,256,16,0,0,0,1,0,420,0.433195,0.794277,19.3522,0,3.18981,13.7597,0.725199,304.584,315.09,1720320,1.6179,2.2478,0,0.725443,0,1,0
box_open_turn,oi_face_rot_near_mppi,12724,256,16,0,0,1,1,1,125,0.0352833,0.245534,12.8995,0,0.858022,1.21363,0.715553,89.4441,91.7965,512000,1.7422,2.0001,0,0.71587,0,1,1
box_open_turn,oi_face_rot_near_mppi,12731,256,16,0,0,1,1,1,181,0.232142,0.22423,22.4203,0,1.00159,1.66107,0.547515,99.1002,102.179,741376,1.5981,2.2855,0,0.547719,0,1,1
box_open_turn,oi_face_rot_near_mppi,12738,256,16,0,0,1,1,1,99,0.168521,0.232873,8.66207,0,0.883049,1.37381,0.657981,65.1401,66.8694,405504,1.9404,2.0524,0,0.658283,0,1,1
box_open_turn,oi_face_rot_near_mppi,12745,256,16,0,0,1,1,1,171,0.189964,0.20507,15.4981,0,0.994639,1.72064,0.906551,155.02,158.379,700416,1.9378,2.1064,0,0.906796,0,1,1
box_open_turn,oi_face_rot_near_mppi,12752,256,16,0,0,1,1,1,88,0.249564,0.0873211,9.26132,0,0.831844,1.13733,0.595929,52.4418,54.2071,360448,1.7059,2.0042,0,0.596261,0,1,1
box_open_turn,oi_face_rot_near_mppi,12759,256,16,0,0,1,1,1,81,0.235994,0.151431,7.53432,0,0.944473,1.70879,0.697442,56.4928,58.5872,331776,1.7069,2.2588,0,0.697931,0,1,1
box_open_turn,oi_face_rot_stall_mppi,12556,256,16,0,0,1,1,1,155,0.248687,0.142349,9.24753,0,1.06797,2.24268,0.622387,96.47,101.082,634880,1.8757,2.1712,0,0.622739,0,1,1
box_open_turn,oi_face_rot_stall_mppi,12563,256,16,0,0,0,1,0,420,0.0963766,0.802059,14.89,0,4.02163,17.6119,0.721925,303.209,317.821,1720320,1.8191,2.2419,0,0.72216,0,1,0
box_open_turn,oi_face_rot_stall_mppi,12570,256,16,0,0,1,1,1,43,0.212645,0.17805,5.34909,0,0.817088,1.06594,0.815719,35.0759,36.5559,176128,1.4961,1.9807,0,0.816467,0,1,1
box_open_turn,oi_face_rot_stall_mppi,12577,256,16,0,0,1,1,1,71,0.19734,0.147612,10.2548,0,0.980701,1.44404,0.600766,42.6544,44.7186,290816,1.5171,2.2559,0,0.601351,0,1,1
box_open_turn,oi_face_rot_stall_mppi,12584,256,16,0,0,1,1,1,71,0.21105,0.159488,7.99887,0,1.06892,2.10202,0.755089,53.6113,55.1725,290816,2.0526,2.2569,0,0.755528,0,1,1
box_open_turn,oi_face_rot_stall_mppi,12591,256,16,0,0,1,1,1,175,0.226821,0.0662213,19.5452,0,0.871773,1.29896,0.902996,158.024,162.033,716800,1.9844,2.277,0,0.903264,0,1,1
box_open_turn,oi_face_rot_stall_mppi,12598,256,16,0,0,1,1,1,54,0.247213,0.163925,6.34799,0,0.826917,1.09251,0.888624,47.9857,49.4935,221184,1.9004,2.2875,0,0.88913,0,1,1
box_open_turn,oi_face_rot_stall_mppi,12605,256,16,0,0,1,1,1,56,0.10736,0.248272,5.16064,0,0.681389,0.992397,0.807236,45.2052,46.9083,229376,2.0167,2.1278,0,0.807666,0,1,1
box_open_turn,oi_face_rot_stall_mppi,12612,256,16,0,0,1,1,1,64,0.240641,0.0665803,7.81776,0,0.9413,1.58747,0.799377,51.1601,52.6218,262144,1.7388,2.2575,0,0.799808,0,1,1
box_open_turn,oi_face_rot_stall_mppi,12619,256,16,0,0,1,1,1,47,0.143826,0.236365,5.7273,0,0.692022,0.849574,0.438647,20.6164,21.5563,192512,1.4022,2.0927,0,0.439057,0,1,1
box_open_turn,oi_face_rot_stall_mppi,12626,256,16,0,0,1,1,1,46,0.227877,0.0463874,5.64867,0,0.948031,1.46237,0.753104,34.6428,36.2071,188416,1.547,2.2457,0,0.753859,0,1,1
box_open_turn,oi_face_rot_stall_mppi,12633,256,16,0,0,1,1,1,41,0.234586,0.240955,5.22629,0,0.853368,1.26487,0.792517,32.4932,33.3778,167936,1.6381,1.8375,0,0.79302,0,1,1
box_open_turn,oi_face_rot_stall_mppi,12640,256,16,0,0,1,1,1,46,0.172795,0.238904,5.42077,0,0.882267,1.27275,0.753589,34.6651,36.1708,188416,1.8667,2.254,0,0.754241,0,1,1
box_open_turn,oi_face_rot_stall_mppi,12647,256,16,0,0,1,1,1,51,0.220646,0.106383,6.53906,0,0.927318,1.31758,0.750637,38.2825,39.6348,208896,1.7284,2.081,0,0.751092,0,1,1
box_open_turn,oi_face_rot_stall_mppi,12654,256,16,0,0,1,1,1,111,0.239305,0.0357586,12.7411,0,0.952776,1.42175,0.789885,87.6772,90.785,454656,1.6143,2.2332,0,0.790195,0,1,1
box_open_turn,oi_face_rot_stall_mppi,12661,256,16,0,0,1,1,1,61,0.233543,0.0853626,7.04057,0,0.977253,1.54304,0.9083,55.4063,56.6692,249856,1.9416,2.2819,0,0.908652,0,1,1
box_open_turn,oi_face_rot_stall_mppi,12668,256,16,0,0,1,1,1,75,0.249704,0.10384,8.93645,0,0.938167,1.48751,0.604836,45.3627,47.1127,307200,1.9251,2.0056,0,0.605251,0,1,1
box_open_turn,oi_face_rot_stall_mppi,12675,256,16,0,0,1,1,1,38,0.204645,0.0507346,4.29465,0,1.08055,1.75227,0.90475,34.3805,34.9597,155648,1.775,2.0777,0,0.905197,0,1,1
box_open_turn,oi_face_rot_stall_mppi,12682,256,16,0,0,1,1,1,105,0.227947,0.0525196,9.3019,0,0.869747,1.33839,0.784285,82.3499,85.1296,430080,1.7341,2.2817,0,0.784669,0,1,1
box_open_turn,oi_face_rot_stall_mppi,12689,256,16,0,0,1,1,1,53,0.235672,0.0457592,5.87264,0,0.750564,0.977309,0.739394,39.1879,40.8868,217088,1.8236,2.0766,0,0.740074,0,1,1
box_open_turn,oi_face_rot_stall_mppi,12696,256,16,0,0,1,1,1,53,0.137225,0.242628,6.43894,0,0.807307,1.03886,0.589738,31.2561,33.0577,217088,1.8695,2.0765,0,0.590296,0,1,1
box_open_turn,oi_face_rot_stall_mppi,12703,256,16,0,0,1,1,1,146,0.228493,0.0733063,19.3955,0,0.798803,1.16181,0.789425,115.256,120.745,598016,1.8799,2.2792,0,0.78984,0,1,1
box_open_turn,oi_face_rot_stall_mppi,12710,256,16,0,0,0,1,0,420,0.315957,0.809645,17.5911,0,3.18416,12.9477,0.747345,313.885,328.374,1720320,1.8415,2.3177,0,0.747586,0,1,0
box_open_turn,oi_face_rot_stall_mppi,12717,256,16,0,0,1,1,1,101,0.21603,0.173569,7.15746,0,1.03042,2.26445,0.773481,78.1216,80.6025,413696,1.6678,2.2523,0,0.773932,0,1,1
box_open_turn,oi_face_rot_stall_mppi,12724,256,16,0,0,1,1,1,96,0.201532,0.0541362,10.1625,0,0.977598,1.62128,0.978532,93.9391,95.7012,393216,2.0809,2.27,0,0.978903,0,1,1
box_open_turn,oi_face_rot_stall_mppi,12731,256,16,0,0,1,1,1,56,0.2258,0.102551,5.92004,0,0.942406,1.47107,0.955375,53.501,54.6303,229376,2.2744,2.2935,0,0.955691,0,1,1
box_open_turn,oi_face_rot_stall_mppi,12738,256,16,0,0,1,1,1,56,0.142312,0.234,6.46098,0,0.706859,0.826461,1.03654,58.0462,59.7025,229376,1.8306,2.0023,0,1.03703,0,1,1
box_open_turn,oi_face_rot_stall_mppi,12745,256,16,0,0,1,1,1,86,0.232893,0.151008,8.35315,0,1.05253,1.95599,0.950429,81.7369,83.6698,352256,2.0571,2.2539,0,0.95078,0,1,1
box_open_turn,oi_face_rot_stall_mppi,12752,256,16,0,0,1,1,1,132,0.150314,0.183591,10.0483,0,0.979017,1.7218,0.971737,128.269,131.617,540672,2.067,2.3039,0,0.972092,0,1,1
box_open_turn,oi_face_rot_stall_mppi,12759,256,16,0,0,1,1,1,78,0.131143,0.224308,7.4856,0,0.83741,1.37419,1.02866,80.2353,82.2677,319488,2.2493,2.2889,0,1.02916,0,1,1
