scenario,planner,seed,k_samples,t_horizon,grad_steps,alpha,reached_goal,collision_free,success,steps,final_distance,min_goal_distance,cumulative_cost,collisions,mean_control_delta,control_roughness,avg_control_ms,total_control_ms,episode_ms,sample_budget,p95_control_ms,max_control_ms,control_deadline_ms,avg_control_slot_ms,deadline_misses,deadline_feasible,real_time_success
box_detour_open,oi_face_auto_mppi,11456,256,16,0,0,1,1,1,76,0.249049,0.331108,5.24452,0,0.869087,1.08413,0.179003,13.6042,15.5065,311296,0.2486,0.2849,0,0.179479,0,1,1
box_detour_open,oi_face_auto_mppi,11463,256,16,0,0,1,1,1,93,0.246114,0.137917,5.71275,0,0.70997,0.803593,0.156713,14.5743,16.7171,380928,0.2446,0.3438,0,0.157043,0,1,1
box_detour_open,oi_face_auto_mppi,11470,256,16,0,0,1,1,1,120,0.196305,0.173537,5.11107,0,0.695467,0.841886,0.163908,19.669,22.1701,491520,0.2571,0.3123,0,0.164192,0,1,1
box_detour_open,oi_face_auto_mppi,11477,256,16,0,0,1,1,1,102,0.249943,0.138206,6.24876,0,0.636504,0.68067,0.170515,17.3925,19.9462,417792,0.2584,0.3288,0,0.171026,0,1,1
box_detour_open,oi_face_auto_mppi,11484,256,16,0,0,1,1,1,70,0.234746,0.239389,5.91205,0,0.660492,0.678869,0.168587,11.8011,13.7562,286720,0.2533,0.2842,0,0.169077,0,1,1
box_detour_open,oi_face_auto_mppi,11491,256,16,0,0,1,1,1,62,0.0506979,0.347719,4.66872,0,0.59582,0.537322,0.158205,9.8087,11.214,253952,0.2138,0.2626,0,0.158679,0,1,1
box_detour_open,oi_face_auto_mppi,11498,256,16,0,0,1,1,1,172,0.190476,0.259833,7.13706,0,0.584255,0.561804,0.159784,27.4828,31.0705,704512,0.261,0.3879,0,0.160077,0,1,1
box_detour_open,oi_face_auto_mppi,11505,256,16,0,0,1,1,1,54,0.244548,0.203792,4.30972,0,0.667148,0.732633,0.149739,8.0859,9.0565,221184,0.2461,0.2846,0,0.150122,0,1,1
box_detour_open,oi_face_auto_mppi,11512,256,16,0,0,1,1,1,39,0.241412,0.203164,3.45593,0,0.685872,0.714451,0.154503,6.0256,6.7593,159744,0.2532,0.2621,0,0.154918,0,1,1
box_detour_open,oi_face_auto_mppi,11519,256,16,0,0,1,1,1,182,0.237254,0.00482795,7.07876,0,0.556248,0.540321,0.167768,30.5337,34.8637,745472,0.2502,0.4056,0,0.16804,0,1,1
box_detour_open,oi_face_auto_mppi,11526,256,16,0,0,1,1,1,45,0.244755,0.304951,4.49741,0,0.810057,0.894015,0.163124,7.3406,8.2244,184320,0.2528,0.2689,0,0.163524,0,1,1
box_detour_open,oi_face_auto_mppi,11533,256,16,0,0,1,1,1,42,0.249923,0.320194,4.05117,0,0.64121,0.687717,0.167569,7.0379,8.0996,172032,0.2026,0.2476,0,0.168062,0,1,1
box_detour_open,oi_face_auto_mppi,11540,256,16,0,0,1,1,1,101,0.242474,0.34971,6.17523,0,0.678307,0.762186,0.175134,17.6885,20.1005,413696,0.2604,0.5741,0,0.175495,0,1,1
box_detour_open,oi_face_auto_mppi,11547,256,16,0,0,1,1,1,50,0.245106,0.342034,4.36571,0,0.758621,0.809392,0.170398,8.5199,9.53,204800,0.243,0.2719,0,0.170742,0,1,1
box_detour_open,oi_face_auto_mppi,11554,256,16,0,0,1,1,1,70,0.202488,0.0852766,4.86321,0,0.652316,0.674821,0.155853,10.9097,12.3046,286720,0.2498,0.299,0,0.156189,0,1,1
box_detour_open,oi_face_auto_mppi,11561,256,16,0,0,1,1,1,81,0.228084,0.257164,7.23742,0,0.683213,0.67551,0.161223,13.0591,14.6789,331776,0.2612,0.3051,0,0.161531,0,1,1
box_detour_open,oi_face_auto_mppi,11568,256,16,0,0,0,1,0,420,0.280411,0.532035,16.2912,0,0.646132,0.615602,0.159277,66.8963,76.229,1720320,0.2451,0.5163,0,0.159466,0,1,0
box_detour_open,oi_face_auto_mppi,11575,256,16,0,0,1,1,1,62,0.227979,0.140687,4.80415,0,0.648002,0.614863,0.174458,10.8164,12.7411,253952,0.2587,0.3279,0,0.174997,0,1,1
box_detour_open,oi_face_auto_mppi,11582,256,16,0,0,1,1,1,182,0.226424,0.0603546,8.10158,0,0.540321,0.462292,0.165358,30.0951,34.2381,745472,0.249,0.3085,0,0.165623,0,1,1
box_detour_open,oi_face_auto_mppi,11589,256,16,0,0,1,1,1,68,0.245521,0.0430704,5.30899,0,0.67019,0.659997,0.168582,11.4636,12.9149,278528,0.2681,0.3045,0,0.168923,0,1,1
box_detour_open,oi_face_auto_mppi,11596,256,16,0,0,1,1,1,41,0.220461,0.238891,3.91625,0,0.804517,0.937483,0.136722,5.6056,6.3363,167936,0.1504,0.2659,0,0.137039,0,1,1
box_detour_open,oi_face_auto_mppi,11603,256,16,0,0,1,1,1,78,0.233028,0.199027,5.88786,0,0.651778,0.683097,0.169783,13.2431,15.0831,319488,0.2496,0.2957,0,0.170151,0,1,1
box_detour_open,oi_face_auto_mppi,11610,256,16,0,0,1,1,1,114,0.238282,0.103396,5.15841,0,0.640795,0.690927,0.165328,18.8474,21.6621,466944,0.2401,0.2938,0,0.165628,0,1,1
box_detour_open,oi_face_auto_mppi,11617,256,16,0,0,1,1,1,62,0.16905,0.320616,5.15651,0,0.74193,0.926922,0.170658,10.5808,12.1369,253952,0.261,0.3116,0,0.171031,0,1,1
box_detour_open,oi_face_auto_mppi,11624,256,16,0,0,1,1,1,48,0.231988,0.306315,4.70587,0,0.751659,0.867981,0.16321,7.8341,8.9903,196608,0.2409,0.2553,0,0.163563,0,1,1
box_detour_open,oi_face_auto_mppi,11631,256,16,0,0,1,1,1,122,0.210998,0.0850269,5.93366,0,0.669813,0.74328,0.152998,18.6657,20.9619,499712,0.2449,0.3045,0,0.153258,0,1,1
box_detour_open,oi_face_auto_mppi,11638,256,16,0,0,1,1,1,45,0.22473,0.325714,4.78358,0,0.865834,0.949549,0.144456,6.5005,7.3435,184320,0.2373,0.2528,0,0.144831,0,1,1
box_detour_open,oi_face_auto_mppi,11645,256,16,0,0,1,1,1,54,0.200266,0.316368,4.27645,0,0.703317,0.75872,0.185122,9.9966,11.6741,221184,0.263,0.2834,0,0.1856,0,1,1
box_detour_open,oi_face_auto_mppi,11652,256,16,0,0,1,1,1,96,0.204674,0.301826,5.27546,0,0.794897,0.963526,0.214241,20.5671,25.1076,393216,0.4499,0.665,0,0.214708,0,1,1
box_detour_open,oi_face_auto_mppi,11659,256,16,0,0,1,1,1,66,0.245707,0.0681043,4.81047,0,0.565622,0.506796,0.178688,11.7934,13.4579,270336,0.2506,0.4136,0,0.179155,0,1,1
box_detour_open,oi_face_rot_mppi,11456,256,16,0,0,1,1,1,69,0.243805,0.285067,5.10756,0,0.688338,0.739436,0.165274,11.4039,12.7938,282624,0.2311,0.3103,0,0.165632,0,1,1
box_detour_open,oi_face_rot_mppi,11463,256,16,0,0,1,1,1,66,0.235845,0.0219765,5.26926,0,0.674823,0.728476,0.156494,10.3286,11.6548,270336,0.2346,0.2604,0,0.156874,0,1,1
box_detour_open,oi_face_rot_mppi,11470,256,16,0,0,1,1,1,62,0.242615,0.0211054,4.557,0,0.608793,0.57538,0.156397,9.6966,10.9471,253952,0.2388,0.2854,0,0.156708,0,1,1
box_detour_open,oi_face_rot_mppi,11477,256,16,0,0,1,1,1,80,0.241743,0.278357,5.8566,0,0.645131,0.66638,0.153248,12.2598,13.7635,327680,0.242,0.3651,0,0.1535,0,1,1
box_detour_open,oi_face_rot_mppi,11484,256,16,0,0,1,1,1,75,0.212756,0.0177117,6.00476,0,0.645352,0.631057,0.173505,13.0129,15.0302,307200,0.2386,0.3297,0,0.173997,0,1,1
box_detour_open,oi_face_rot_mppi,11491,256,16,0,0,1,1,1,60,0.237607,0.0321699,4.80175,0,0.635745,0.60492,0.17736,10.6416,12.132,245760,0.248,0.2888,0,0.178098,0,1,1
box_detour_open,oi_face_rot_mppi,11498,256,16,0,0,1,1,1,68,0.218695,0.0572866,5.27378,0,0.574926,0.513464,0.160446,10.9103,12.3639,278528,0.2432,0.2692,0,0.160872,0,1,1
box_detour_open,oi_face_rot_mppi,11505,256,16,0,0,1,1,1,122,0.237301,0.146012,7.80992,0,0.545193,0.465203,0.166494,20.3123,23.1863,499712,0.2532,0.3878,0,0.166833,0,1,1
box_detour_open,oi_face_rot_mppi,11512,256,16,0,0,1,1,1,55,0.21566,0.184107,3.65424,0,0.621124,0.624855,0.152475,8.3861,9.363,225280,0.2308,0.3014,0,0.152785,0,1,1
box_detour_open,oi_face_rot_mppi,11519,256,16,0,0,1,1,1,64,0.219525,0.00260723,4.79503,0,0.611804,0.588779,0.168225,10.7664,12.1499,262144,0.2586,0.3532,0,0.168637,0,1,1
box_detour_open,oi_face_rot_mppi,11526,256,16,0,0,1,1,1,59,0.247899,0.29676,4.77409,0,0.737615,0.78716,0.182642,10.7759,12.2472,241664,0.2548,0.2585,0,0.183047,0,1,1
box_detour_open,oi_face_rot_mppi,11533,256,16,0,0,1,1,1,62,0.245016,0.0521648,4.38259,0,0.584218,0.581758,0.200381,12.4236,14.909,253952,0.3905,0.4583,0,0.200855,0,1,1
box_detour_open,oi_face_rot_mppi,11540,256,16,0,0,1,1,1,77,0.195069,0.0977159,5.65666,0,0.65299,0.73888,0.158319,12.1906,13.7268,315392,0.2408,0.2805,0,0.158612,0,1,1
box_detour_open,oi_face_rot_mppi,11547,256,16,0,0,1,1,1,60,0.243032,0.0473003,4.54424,0,0.676128,0.713857,0.177435,10.6461,11.9922,245760,0.2446,0.2858,0,0.17783,0,1,1
box_detour_open,oi_face_rot_mppi,11554,256,16,0,0,1,1,1,65,0.247317,0.0337087,4.801,0,0.669986,0.696025,0.148226,9.6347,10.681,266240,0.2507,0.2752,0,0.148532,0,1,1
box_detour_open,oi_face_rot_mppi,11561,256,16,0,0,1,1,1,81,0.247622,0.256738,7.23872,0,0.674747,0.670092,0.15754,12.7607,13.9973,331776,0.2603,0.2925,0,0.157746,0,1,1
box_detour_open,oi_face_rot_mppi,11568,256,16,0,0,1,1,1,69,0.244119,0.00466557,5.53322,0,0.627792,0.521334,0.169751,11.7128,13.3452,282624,0.2805,0.359,0,0.170083,0,1,1
box_detour_open,oi_face_rot_mppi,11575,256,16,0,0,1,1,1,67,0.245213,0.0190802,5.10563,0,0.649742,0.624524,0.154106,10.3251,11.5746,274432,0.2381,0.2539,0,0.154434,0,1,1
box_detour_open,oi_face_rot_mppi,11582,256,16,0,0,1,1,1,65,0.238055,0.0237771,4.93917,0,0.58292,0.535529,0.175905,11.4338,13.076,266240,0.2496,0.3177,0,0.176343,0,1,1
box_detour_open,oi_face_rot_mppi,11589,256,16,0,0,1,1,1,69,0.243371,0.233064,5.36199,0,0.627684,0.597038,0.147865,10.2027,11.5001,282624,0.2416,0.2592,0,0.148146,0,1,1
box_detour_open,oi_face_rot_mppi,11596,256,16,0,0,1,1,1,46,0.240504,0.290423,4.02332,0,0.78114,0.859451,0.180835,8.3184,9.3055,188416,0.3031,0.369,0,0.181276,0,1,1
box_detour_open,oi_face_rot_mppi,11603,256,16,0,0,1,1,1,79,0.230866,0.0422532,5.89323,0,0.656245,0.686268,0.162811,12.8621,14.4414,323584,0.2481,0.2923,0,0.163137,0,1,1
box_detour_open,oi_face_rot_mppi,11610,256,16,0,0,1,1,1,143,0.218288,0.0293252,6.87865,0,0.551598,0.502637,0.158737,22.6994,25.5052,585728,0.2503,0.329,0,0.159012,0,1,1
box_detour_open,oi_face_rot_mppi,11617,256,16,0,0,1,1,1,71,0.238083,0.00211363,5.33703,0,0.587621,0.570543,0.179007,12.7095,14.732,290816,0.2576,0.4001,0,0.179551,0,1,1
box_detour_open,oi_face_rot_mppi,11624,256,16,0,0,1,1,1,64,0.249575,0.0762226,4.96819,0,0.73185,0.812373,0.16333,10.4531,11.7648,262144,0.2461,0.3277,0,0.163709,0,1,1
box_detour_open,oi_face_rot_mppi,11631,256,16,0,0,1,1,1,65,0.239695,0.00982894,5.37609,0,0.685686,0.724624,0.156069,10.1445,11.4777,266240,0.234,0.2575,0,0.156478,0,1,1
box_detour_open,oi_face_rot_mppi,11638,256,16,0,0,1,1,1,64,0.249235,0.101226,5.15706,0,0.780102,0.874143,0.168989,10.8153,12.1699,262144,0.2548,0.2991,0,0.169442,0,1,1
box_detour_open,oi_face_rot_mppi,11645,256,16,0,0,1,1,1,65,0.237187,0.0582525,4.65524,0,0.761324,0.837236,0.153402,9.9711,11.3666,266240,0.2379,0.2579,0,0.154,0,1,1
box_detour_open,oi_face_rot_mppi,11652,256,16,0,0,1,1,1,63,0.248551,0.0529749,4.85896,0,0.777041,0.948908,0.1586,9.9918,11.4139,258048,0.2501,0.3035,0,0.158956,0,1,1
box_detour_open,oi_face_rot_mppi,11659,256,16,0,0,1,1,1,71,0.243616,0.274875,4.91409,0,0.561157,0.559364,0.174934,12.4203,14.6369,290816,0.2802,0.2905,0,0.175321,0,1,1
box_detour_open,oi_face_rot_near_mppi,11456,256,16,0,0,1,1,1,55,0.237515,0.0445082,4.92075,0,0.905125,1.27331,0.156555,8.6105,9.5854,225280,0.2548,0.2588,0,0.156916,0,1,1
box_detour_open,oi_face_rot_near_mppi,11463,256,16,0,0,1,1,1,51,0.23997,0.0464742,4.96378,0,0.875284,1.14256,0.162435,8.2842,9.2653,208896,0.2657,0.3137,0,0.162755,0,1,1
box_detour_open,oi_face_rot_near_mppi,11470,256,16,0,0,1,1,1,50,0.229674,0.00886161,4.2962,0,0.803828,1.02386,0.13445,6.7225,7.4819,204800,0.1658,0.1691,0,0.134796,0,1,1
box_detour_open,oi_face_rot_near_mppi,11477,256,16,0,0,1,1,1,72,0.249741,0.0772695,5.71767,0,0.837276,1.22472,0.173397,12.4846,15.3495,294912,0.4121,0.6392,0,0.173806,0,1,1
box_detour_open,oi_face_rot_near_mppi,11484,256,16,0,0,1,1,1,64,0.215036,0.0169502,5.66371,0,0.859645,1.2544,0.184647,11.8174,13.7365,262144,0.2912,0.3003,0,0.185067,0,1,1
box_detour_open,oi_face_rot_near_mppi,11491,256,16,0,0,1,1,1,54,0.218442,0.145403,4.74655,0,0.813451,1.07324,0.156933,8.4744,9.5245,221184,0.2516,0.2679,0,0.157265,0,1,1
box_detour_open,oi_face_rot_near_mppi,11498,256,16,0,0,1,1,1,52,0.222846,0.135488,5.0437,0,0.713501,0.83579,0.153988,8.0074,8.9696,212992,0.203,0.2738,0,0.154308,0,1,1
box_detour_open,oi_face_rot_near_mppi,11505,256,16,0,0,1,1,1,48,0.232568,0.0810595,4.19584,0,0.908157,1.30108,0.172354,8.273,9.2497,196608,0.3208,0.3517,0,0.172737,0,1,1
box_detour_open,oi_face_rot_near_mppi,11512,256,16,0,0,1,1,1,53,0.231645,0.147451,3.72811,0,1.04646,1.79474,0.138092,7.3189,8.1111,217088,0.1575,0.2363,0,0.138392,0,1,1
box_detour_open,oi_face_rot_near_mppi,11519,256,16,0,0,1,1,1,49,0.236391,0.0891856,4.52213,0,0.905534,1.2541,0.15082,7.3902,8.3692,200704,0.2446,0.2824,0,0.151161,0,1,1
box_detour_open,oi_face_rot_near_mppi,11526,256,16,0,0,1,1,1,51,0.219373,0.135484,4.61336,0,0.949072,1.30139,0.17429,8.8888,10.1772,208896,0.2871,0.3048,0,0.174843,0,1,1
box_detour_open,oi_face_rot_near_mppi,11533,256,16,0,0,1,1,1,50,0.247372,0.0626728,4.26472,0,0.798823,1.18362,0.139044,6.9522,7.7933,204800,0.1654,0.2364,0,0.139422,0,1,1
box_detour_open,oi_face_rot_near_mppi,11540,256,16,0,0,1,1,1,68,0.218124,0.0209068,5.62673,0,0.893375,1.34136,0.180599,12.2807,14.1803,278528,0.266,0.2997,0,0.181051,0,1,1
box_detour_open,oi_face_rot_near_mppi,11547,256,16,0,0,1,1,1,51,0.233889,0.176958,4.47323,0,0.987901,1.42588,0.148551,7.5761,8.3778,208896,0.2395,0.2834,0,0.1488,0,1,1
box_detour_open,oi_face_rot_near_mppi,11554,256,16,0,0,1,1,1,51,0.222871,0.0718971,4.5852,0,0.823527,1.042,0.173731,8.8603,10.1717,208896,0.2481,0.2582,0,0.174202,0,1,1
box_detour_open,oi_face_rot_near_mppi,11561,256,16,0,0,1,1,1,71,0.23402,0.233732,6.92796,0,0.846,1.11582,0.16562,11.759,13.1135,290816,0.2592,0.2981,0,0.166004,0,1,1
box_detour_open,oi_face_rot_near_mppi,11568,256,16,0,0,1,1,1,55,0.238827,0.086306,5.26371,0,0.856277,1.16107,0.147029,8.0866,8.887,225280,0.2405,0.2932,0,0.147318,0,1,1
box_detour_open,oi_face_rot_near_mppi,11575,256,16,0,0,1,1,1,76,0.184006,0.0713964,5.19587,0,0.873327,1.301,0.159196,12.0989,13.3798,311296,0.2435,0.2841,0,0.159434,0,1,1
box_detour_open,oi_face_rot_near_mppi,11582,256,16,0,0,1,1,1,100,0.231934,0.320992,5.91778,0,0.84719,1.47172,0.157811,15.7811,17.6445,409600,0.2816,0.3595,0,0.158103,0,1,1
box_detour_open,oi_face_rot_near_mppi,11589,256,16,0,0,1,1,1,62,0.245638,0.0309672,5.13011,0,1.10303,2.12298,0.137677,8.536,9.6809,253952,0.155,0.1857,0,0.137969,0,1,1
box_detour_open,oi_face_rot_near_mppi,11596,256,16,0,0,1,1,1,45,0.217131,0.21781,4.01727,0,1.01325,1.51234,0.180944,8.1425,9.1256,184320,0.305,0.348,0,0.181387,0,1,1
box_detour_open,oi_face_rot_near_mppi,11603,256,16,0,0,1,1,1,64,0.239887,0.192442,5.63713,0,0.944168,1.42081,0.155509,9.9526,11.0673,262144,0.2445,0.2674,0,0.155822,0,1,1
box_detour_open,oi_face_rot_near_mppi,11610,256,16,0,0,1,1,1,50,0.240435,0.0173014,4.49693,0,0.906214,1.31984,0.144804,7.2402,8.3257,204800,0.1899,0.2361,0,0.145132,0,1,1
box_detour_open,oi_face_rot_near_mppi,11617,256,16,0,0,1,1,1,54,0.218168,0.0593959,4.99276,0,0.868797,1.28773,0.151122,8.1606,9.3158,221184,0.2485,0.2843,0,0.151446,0,1,1
box_detour_open,oi_face_rot_near_mppi,11624,256,16,0,0,1,1,1,59,0.231354,0.136025,4.89489,0,0.94265,1.45245,0.150266,8.8657,9.9285,241664,0.2354,0.2675,0,0.150588,0,1,1
box_detour_open,oi_face_rot_near_mppi,11631,256,16,0,0,1,1,1,62,0.231016,0.0120226,5.35979,0,0.982808,1.64837,0.191465,11.8708,14.0102,253952,0.2632,0.3152,0,0.191897,0,1,1
box_detour_open,oi_face_rot_near_mppi,11638,256,16,0,0,1,1,1,66,0.199386,0.106216,5.26999,0,0.954545,1.3297,0.148338,9.7903,10.9914,270336,0.2255,0.2475,0,0.148695,0,1,1
box_detour_open,oi_face_rot_near_mppi,11645,256,16,0,0,1,1,1,60,0.209966,0.0561153,4.57726,0,0.899717,1.1996,0.1559,9.354,10.5476,245760,0.24,0.2579,0,0.156218,0,1,1
box_detour_open,oi_face_rot_near_mppi,11652,256,16,0,0,1,1,1,66,0.192881,0.0769439,4.95878,0,0.967338,1.52833,0.140156,9.2503,10.4516,270336,0.1622,0.2054,0,0.140509,0,1,1
box_detour_open,oi_face_rot_near_mppi,11659,256,16,0,0,1,1,1,56,0.218662,0.121731,4.63405,0,0.778494,1.0279,0.166136,9.3036,10.6089,229376,0.2516,0.2567,0,0.166471,0,1,1
box_detour_turn,oi_face_auto_mppi,11856,256,16,0,0,1,1,1,66,0.234356,0.215096,6.94787,0,0.730306,0.730091,0.211955,13.989,15.7901,270336,0.3034,0.3402,0,0.212436,0,1,1
box_detour_turn,oi_face_auto_mppi,11863,256,16,0,0,1,1,1,118,0.12955,0.188965,13.5051,0,0.702785,0.669776,0.195328,23.0487,25.5281,483328,0.3215,0.4048,0,0.195658,0,1,1
box_detour_turn,oi_face_auto_mppi,11870,256,16,0,0,1,1,1,77,0.0823717,0.228135,8.75777,0,0.887737,1.23424,0.188775,14.5357,16.0381,315392,0.3082,0.3945,0,0.189109,0,1,1
box_detour_turn,oi_face_auto_mppi,11877,256,16,0,0,1,1,1,116,0.180272,0.249405,9.34002,0,0.636563,0.630362,0.20203,23.4355,26.5827,475136,0.2822,0.4424,0,0.202412,0,1,1
box_detour_turn,oi_face_auto_mppi,11884,256,16,0,0,1,1,1,100,0.096859,0.221878,12.2612,0,0.856934,1.05949,0.194527,19.4527,21.4333,409600,0.3039,0.3722,0,0.194823,0,1,1
box_detour_turn,oi_face_auto_mppi,11891,256,16,0,0,1,1,1,134,0.236026,0.196885,13.1369,0,0.760207,0.927434,0.171818,23.0236,24.9354,548864,0.2596,0.3797,0,0.171985,0,1,1
box_detour_turn,oi_face_auto_mppi,11898,256,16,0,0,1,1,1,66,0.138642,0.246503,7.79676,0,0.750311,0.772628,0.203723,13.4457,15.0237,270336,0.2878,0.3687,0,0.204191,0,1,1
box_detour_turn,oi_face_auto_mppi,11905,256,16,0,0,1,1,1,132,0.165557,0.235569,9.2885,0,0.655547,0.616039,0.210422,27.7757,30.8907,540672,0.3156,0.3765,0,0.210757,0,1,1
box_detour_turn,oi_face_auto_mppi,11912,256,16,0,0,1,1,1,99,0.0463182,0.249876,8.38192,0,0.797051,1.00846,0.205348,20.3295,22.7566,405504,0.2847,0.3048,0,0.205746,0,1,1
box_detour_turn,oi_face_auto_mppi,11919,256,16,0,0,0,1,0,420,0.11738,0.318322,16.3207,0,0.691917,0.691096,0.188011,78.9646,87.6384,1720320,0.2678,0.3447,0,0.188188,0,1,0
box_detour_turn,oi_face_auto_mppi,11926,256,16,0,0,1,1,1,125,0.138699,0.229453,14.806,0,0.681227,0.77098,0.188473,23.5591,25.7761,512000,0.3067,0.3544,0,0.188746,0,1,1
box_detour_turn,oi_face_auto_mppi,11933,256,16,0,0,1,1,1,105,0.087329,0.242145,8.79637,0,0.7943,0.941008,0.201019,21.107,23.4749,430080,0.3009,0.351,0,0.201344,0,1,1
box_detour_turn,oi_face_auto_mppi,11940,256,16,0,0,1,1,1,69,0.152136,0.233807,7.7093,0,0.747533,0.783836,0.202128,13.9468,15.5412,282624,0.3018,0.3207,0,0.202501,0,1,1
box_detour_turn,oi_face_auto_mppi,11947,256,16,0,0,0,1,0,420,0.0826332,0.315244,14.9481,0,0.626636,0.65321,0.191994,80.6376,91.4005,1720320,0.2921,0.4961,0,0.192193,0,1,0
box_detour_turn,oi_face_auto_mppi,11954,256,16,0,0,1,1,1,105,0.158296,0.168286,8.86057,0,0.713873,0.739785,0.18814,19.7547,21.9495,430080,0.2737,0.332,0,0.188471,0,1,1
box_detour_turn,oi_face_auto_mppi,11961,256,16,0,0,1,1,1,54,0.237979,0.242913,6.98145,0,0.892718,1.08376,0.209637,11.3204,12.4999,221184,0.3225,0.3829,0,0.210093,0,1,1
box_detour_turn,oi_face_auto_mppi,11968,256,16,0,0,1,1,1,110,0.194994,0.213411,9.46498,0,0.730289,0.848626,0.18544,20.3984,22.5624,450560,0.292,0.327,0,0.185706,0,1,1
box_detour_turn,oi_face_auto_mppi,11975,256,16,0,0,1,1,1,83,0.246428,0.195064,9.46466,0,0.831345,1.00044,0.220843,18.33,20.4139,339968,0.3066,0.3354,0,0.221177,0,1,1
box_detour_turn,oi_face_auto_mppi,11982,256,16,0,0,1,1,1,130,0.149621,0.16667,13.219,0,0.739699,0.802867,0.218105,28.3537,31.9079,532480,0.3503,0.8408,0,0.218439,0,1,1
box_detour_turn,oi_face_auto_mppi,11989,256,16,0,0,1,1,1,77,0.22072,0.217407,8.01995,0,0.755491,0.915433,0.220152,16.9517,19.1068,315392,0.3533,0.3899,0,0.220575,0,1,1
box_detour_turn,oi_face_auto_mppi,11996,256,16,0,0,1,1,1,85,0.218327,0.217473,7.29655,0,0.637522,0.596873,0.207429,17.6315,19.8892,348160,0.3192,0.4155,0,0.207771,0,1,1
box_detour_turn,oi_face_auto_mppi,12003,256,16,0,0,1,1,1,91,0.231952,0.201691,12.0363,0,0.908477,1.15978,0.223307,20.3209,22.8918,372736,0.3244,0.3505,0,0.223726,0,1,1
box_detour_turn,oi_face_auto_mppi,12010,256,16,0,0,1,1,1,90,0.227963,0.186863,9.78043,0,0.741576,0.846536,0.203399,18.3059,20.3116,368640,0.2799,0.3368,0,0.203764,0,1,1
box_detour_turn,oi_face_auto_mppi,12017,256,16,0,0,1,1,1,82,0.240569,0.247992,8.38268,0,0.854963,1.14269,0.212957,17.4625,19.7009,335872,0.2781,0.3134,0,0.213374,0,1,1
box_detour_turn,oi_face_auto_mppi,12024,256,16,0,0,1,1,1,164,0.133785,0.237493,10.6938,0,0.622986,0.648356,0.174961,28.6936,31.3994,671744,0.2561,0.3157,0,0.175204,0,1,1
box_detour_turn,oi_face_auto_mppi,12031,256,16,0,0,1,1,1,66,0.23825,0.237398,7.55914,0,0.792724,0.874751,0.229392,15.1399,17.2857,270336,0.316,0.3395,0,0.229888,0,1,1
box_detour_turn,oi_face_auto_mppi,12038,256,16,0,0,1,1,1,99,0.20663,0.196169,9.58893,0,0.735141,0.842683,0.188725,18.6838,20.724,405504,0.2662,0.2886,0,0.188982,0,1,1
box_detour_turn,oi_face_auto_mppi,12045,256,16,0,0,1,1,1,97,0.168806,0.199633,8.45565,0,0.675503,0.705256,0.19483,18.8985,21.1081,397312,0.2726,0.3105,0,0.195232,0,1,1
box_detour_turn,oi_face_auto_mppi,12052,256,16,0,0,1,1,1,107,0.248031,0.149913,14.3828,0,0.748181,0.803162,0.205207,21.9572,24.3165,438272,0.2868,0.3397,0,0.205518,0,1,1
box_detour_turn,oi_face_auto_mppi,12059,256,16,0,0,1,1,1,131,0.238257,0.0915148,10.9026,0,0.665034,0.651393,0.190231,24.9203,27.4415,536576,0.2733,0.3646,0,0.190494,0,1,1
box_detour_turn,oi_face_rot_mppi,11856,256,16,0,0,1,1,1,69,0.193013,0.159473,6.97177,0,0.691234,0.666174,0.208875,14.4124,16.21,282624,0.2887,0.3297,0,0.209342,0,1,1
box_detour_turn,oi_face_rot_mppi,11863,256,16,0,0,1,1,1,99,0.227657,0.0100675,13.4095,0,0.692014,0.638552,0.205167,20.3115,22.188,405504,0.3006,0.3582,0,0.205477,0,1,1
box_detour_turn,oi_face_rot_mppi,11870,256,16,0,0,0,1,0,420,0.370803,0.050338,12.7696,0,0.621657,0.613993,0.197181,82.816,92.8896,1720320,0.2902,0.402,0,0.1974,0,1,0
box_detour_turn,oi_face_rot_mppi,11877,256,16,0,0,1,1,1,102,0.248892,0.110833,9.22997,0,0.674361,0.660937,0.191675,19.5509,21.4352,417792,0.2859,0.3221,0,0.191968,0,1,1
box_detour_turn,oi_face_rot_mppi,11884,256,16,0,0,1,1,1,161,0.230415,0.19576,13.1517,0,0.691381,0.751012,0.197266,31.7598,35.1332,659456,0.3098,0.409,0,0.197517,0,1,1
box_detour_turn,oi_face_rot_mppi,11891,256,16,0,0,1,1,1,125,0.228386,0.0562616,13.2832,0,0.794508,0.972941,0.198256,24.782,27.8315,512000,0.2878,0.3196,0,0.19873,0,1,1
box_detour_turn,oi_face_rot_mppi,11898,256,16,0,0,0,1,0,420,0.333501,0.0279198,11.1742,0,0.571444,0.514387,0.183711,77.1587,85.8941,1720320,0.2633,0.3148,0,0.183898,0,1,0
box_detour_turn,oi_face_rot_mppi,11905,256,16,0,0,1,1,1,86,0.244736,0.0414954,8.56938,0,0.677971,0.6597,0.194266,16.7069,18.5231,352256,0.2929,0.3026,0,0.194543,0,1,1
box_detour_turn,oi_face_rot_mppi,11912,256,16,0,0,1,1,1,77,0.242076,0.119834,8.23884,0,0.833688,1.07569,0.190562,14.6733,16.3617,315392,0.2599,0.3199,0,0.190851,0,1,1
box_detour_turn,oi_face_rot_mppi,11919,256,16,0,0,1,1,1,99,0.239374,0.0177574,14.6717,0,0.838668,0.927259,0.2338,23.1462,26.5894,405504,0.3859,0.4605,0,0.234147,0,1,1
box_detour_turn,oi_face_rot_mppi,11926,256,16,0,0,0,1,0,420,0.315318,0.0290142,17.4014,0,0.602252,0.579662,0.194171,81.552,92.0955,1720320,0.2674,0.3677,0,0.194369,0,1,0
box_detour_turn,oi_face_rot_mppi,11933,256,16,0,0,1,1,1,77,0.221047,0.0303693,8.18042,0,0.822084,1.03703,0.205139,15.7957,17.5829,315392,0.313,0.3537,0,0.205522,0,1,1
box_detour_turn,oi_face_rot_mppi,11940,256,16,0,0,1,1,1,70,0.219958,0.0167329,7.73589,0,0.756824,0.798474,0.215927,15.1149,17.0168,286720,0.3732,0.3918,0,0.21638,0,1,1
box_detour_turn,oi_face_rot_mppi,11947,256,16,0,0,1,1,1,90,0.234555,0.0780861,10.5839,0,0.690987,0.774509,0.210367,18.933,21.3202,368640,0.2963,0.3456,0,0.210821,0,1,1
box_detour_turn,oi_face_rot_mppi,11954,256,16,0,0,0,1,0,420,0.326213,0.100111,11.8459,0,0.621618,0.576802,0.190098,79.841,89.4639,1720320,0.2636,0.4202,0,0.190315,0,1,0
box_detour_turn,oi_face_rot_mppi,11961,256,16,0,0,0,1,0,420,0.271777,0.0217658,9.3516,0,0.610278,0.574433,0.2053,86.2258,100.841,1720320,0.3011,0.8896,0,0.205515,0,1,0
box_detour_turn,oi_face_rot_mppi,11968,256,16,0,0,1,1,1,79,0.19592,0.106189,8.91436,0,0.826107,0.99826,0.305913,24.1671,27.6936,323584,0.3768,3.7217,0,0.306494,0,1,1
box_detour_turn,oi_face_rot_mppi,11975,256,16,0,0,1,1,1,99,0.120272,0.175491,9.61017,0,0.748131,0.846948,0.271235,26.8523,31.8362,405504,0.4769,1.6755,0,0.271833,0,1,1
box_detour_turn,oi_face_rot_mppi,11982,256,16,0,0,1,1,1,105,0.237506,0.180713,13.0471,0,0.802137,0.899734,0.304923,32.0169,38.9374,430080,0.7531,2.145,0,0.30545,0,1,1
box_detour_turn,oi_face_rot_mppi,11989,256,16,0,0,1,1,1,122,0.221572,0.15133,7.55702,0,0.610262,0.638911,0.228542,27.8821,32.9126,499712,0.3686,0.454,0,0.229027,0,1,1
box_detour_turn,oi_face_rot_mppi,11996,256,16,0,0,1,1,1,89,0.170326,0.203075,7.10394,0,0.595162,0.519458,0.2533,22.5437,26.3439,364544,0.4074,0.5107,0,0.253867,0,1,1
box_detour_turn,oi_face_rot_mppi,12003,256,16,0,0,1,1,1,95,0.206005,0.165427,12.0991,0,0.857222,1.0855,0.26368,25.0496,29.1182,389120,0.446,0.8349,0,0.264209,0,1,1
box_detour_turn,oi_face_rot_mppi,12010,256,16,0,0,1,1,1,75,0.225578,0.0967453,8.69317,0,0.757247,0.880222,0.264409,19.8307,23.7194,307200,0.3586,0.6315,0,0.265007,0,1,1
box_detour_turn,oi_face_rot_mppi,12017,256,16,0,0,1,1,1,364,0.212822,0.0559335,17.5724,0,0.655316,0.73973,0.258294,94.0192,109.868,1490944,0.3871,4.2725,0,0.258568,0,1,1
box_detour_turn,oi_face_rot_mppi,12024,256,16,0,0,1,1,1,84,0.249006,0.172803,8.68864,0,0.68976,0.743782,0.274222,23.0346,27.8209,344064,0.4495,1.1403,0,0.274826,0,1,1
box_detour_turn,oi_face_rot_mppi,12031,256,16,0,0,1,1,1,92,0.199722,0.199186,7.84339,0,0.686199,0.716654,0.213619,19.6529,22.7119,376832,0.2707,0.8679,0,0.214049,0,1,1
box_detour_turn,oi_face_rot_mppi,12038,256,16,0,0,1,1,1,85,0.247266,0.188315,9.47997,0,0.777305,0.880721,0.264235,22.46,26.143,348160,0.5479,1.0518,0,0.264814,0,1,1
box_detour_turn,oi_face_rot_mppi,12045,256,16,0,0,0,1,0,420,0.362745,0.0532514,11.9419,0,0.594507,0.551648,0.221726,93.1249,110.086,1720320,0.3357,0.9597,0,0.221973,0,1,0
box_detour_turn,oi_face_rot_mppi,12052,256,16,0,0,0,1,0,420,0.317667,0.0515946,17.131,0,0.598171,0.55897,0.258178,108.435,126.2,1720320,0.4477,2.5946,0,0.258448,0,1,0
box_detour_turn,oi_face_rot_mppi,12059,256,16,0,0,1,1,1,83,0.247112,0.137279,9.92766,0,0.732168,0.781235,0.220401,18.2933,21.8894,339968,0.2843,0.4914,0,0.220896,0,1,1
box_detour_turn,oi_face_rot_near_mppi,11856,256,16,0,0,1,1,1,62,0.230138,0.175841,6.84575,0,0.76015,0.880079,0.267385,16.5779,19.5366,253952,0.4795,0.6785,0,0.268005,0,1,1
box_detour_turn,oi_face_rot_near_mppi,11863,256,16,0,0,1,1,1,97,0.203846,0.0264406,13.4856,0,0.718486,0.720426,0.256353,24.8662,30.0388,397312,0.3947,0.8157,0,0.2569,0,1,1
box_detour_turn,oi_face_rot_near_mppi,11870,256,16,0,0,1,1,1,82,0.189197,0.246037,8.91285,0,0.985924,1.55402,0.211191,17.3177,20.0697,335872,0.2708,0.5488,0,0.211694,0,1,1
box_detour_turn,oi_face_rot_near_mppi,11877,256,16,0,0,1,1,1,93,0.202177,0.212752,9.05432,0,0.78767,0.894343,0.281627,26.1913,31.9653,380928,0.4922,1.6884,0,0.282234,0,1,1
box_detour_turn,oi_face_rot_near_mppi,11884,256,16,0,0,1,1,1,103,0.222494,0.0894124,12.3603,0,0.922261,1.29368,0.300433,30.9446,36.7664,421888,0.5561,2.3242,0,0.300959,0,1,1
box_detour_turn,oi_face_rot_near_mppi,11891,256,16,0,0,1,1,1,208,0.0967228,0.211311,15.5349,0,1.48013,4.56355,0.241769,50.288,58.8406,851968,0.4344,1.3417,0,0.2421,0,1,1
box_detour_turn,oi_face_rot_near_mppi,11898,256,16,0,0,1,1,1,121,0.248115,0.0635521,8.55949,0,0.815156,1.25377,0.234154,28.3326,33.231,495616,0.359,0.8694,0,0.23473,0,1,1
box_detour_turn,oi_face_rot_near_mppi,11905,256,16,0,0,1,1,1,80,0.19983,0.0415546,8.36863,0,0.765489,0.849406,0.291862,23.349,27.1345,327680,0.8155,1.5197,0,0.292486,0,1,1
box_detour_turn,oi_face_rot_near_mppi,11912,256,16,0,0,1,1,1,79,0.195011,0.235391,8.27557,0,0.897405,1.24724,0.269756,21.3107,25.3977,323584,0.547,1.0928,0,0.271906,0,1,1
box_detour_turn,oi_face_rot_near_mppi,11919,256,16,0,0,1,1,1,93,0.237138,0.00232911,14.48,0,0.880198,1.0343,0.225658,20.9862,24.4001,380928,0.3291,0.5239,0,0.226135,0,1,1
box_detour_turn,oi_face_rot_near_mppi,11926,256,16,0,0,1,1,1,116,0.203303,0.197303,14.8263,0,0.7323,0.888943,0.26936,31.2458,36.2878,475136,0.3442,2.1992,0,0.269848,0,1,1
box_detour_turn,oi_face_rot_near_mppi,11933,256,16,0,0,1,1,1,71,0.226912,0.113723,8.08034,0,0.862181,1.19969,0.323241,22.9501,26.2588,290816,0.6992,2.1933,0,0.32391,0,1,1
box_detour_turn,oi_face_rot_near_mppi,11940,256,16,0,0,1,1,1,65,0.241115,0.0218118,7.60901,0,0.783894,0.905532,0.220335,14.3218,16.4522,266240,0.269,0.2972,0,0.220972,0,1,1
box_detour_turn,oi_face_rot_near_mppi,11947,256,16,0,0,1,1,1,88,0.248415,0.00476325,10.5562,0,0.833493,1.11269,0.247893,21.8146,25.8226,360448,0.3445,1.0078,0,0.248406,0,1,1
box_detour_turn,oi_face_rot_near_mppi,11954,256,16,0,0,1,1,1,91,0.223647,0.0680373,8.92628,0,0.799061,0.944704,0.251598,22.8954,28.0275,372736,0.4244,1.6554,0,0.252184,0,1,1
box_detour_turn,oi_face_rot_near_mppi,11961,256,16,0,0,1,1,1,78,0.226973,0.225906,7.28985,0,0.929618,1.29258,0.313805,24.4768,28.3479,319488,0.9562,2.1248,0,0.314627,0,1,1
box_detour_turn,oi_face_rot_near_mppi,11968,256,16,0,0,1,1,1,84,0.23745,0.19726,9.08332,0,1.02457,1.69008,0.279431,23.4722,28.8332,344064,0.4401,2.0323,0,0.280051,0,1,1
box_detour_turn,oi_face_rot_near_mppi,11975,256,16,0,0,1,1,1,94,0.235685,0.0972614,9.48056,0,0.85811,1.18212,0.291514,27.4023,33.4203,385024,0.7054,0.9956,0,0.292197,0,1,1
box_detour_turn,oi_face_rot_near_mppi,11982,256,16,0,0,1,1,1,118,0.227098,0.104121,13.2625,0,0.871692,1.20837,0.265563,31.3364,41.1165,483328,0.4094,1.7636,0,0.266003,0,1,1
box_detour_turn,oi_face_rot_near_mppi,11989,256,16,0,0,1,1,1,61,0.246491,0.0725327,6.72682,0,0.820696,1.18281,0.305189,18.6165,22.51,249856,0.5753,1.6042,0,0.305866,0,1,1
box_detour_turn,oi_face_rot_near_mppi,11996,256,16,0,0,1,1,1,89,0.231845,0.115503,6.94559,0,0.849962,1.26404,0.323996,28.8356,39.0359,364544,0.7154,2.3331,0,0.32451,0,1,1
box_detour_turn,oi_face_rot_near_mppi,12003,256,16,0,0,1,1,1,87,0.215506,0.0687072,11.8816,0,0.902542,1.22206,0.276602,24.0644,27.0046,356352,0.4679,2.2199,0,0.277118,0,1,1
box_detour_turn,oi_face_rot_near_mppi,12010,256,16,0,0,1,1,1,84,0.1563,0.243268,8.83004,0,0.873816,1.27138,0.383839,32.2425,37.4507,344064,1.5161,4.1867,0,0.384417,0,1,1
box_detour_turn,oi_face_rot_near_mppi,12017,256,16,0,0,1,1,1,130,0.246871,0.110762,11.4284,0,1.11673,2.10555,0.322107,41.8739,49.0679,532480,1.412,2.7437,0,0.322561,0,1,1
box_detour_turn,oi_face_rot_near_mppi,12024,256,16,0,0,1,1,1,240,0.218848,0.182737,14.8044,0,1.19978,3.25024,0.290444,69.7065,86.3272,983040,0.4425,6.545,0,0.2908,0,1,1
box_detour_turn,oi_face_rot_near_mppi,12031,256,16,0,0,1,1,1,76,0.223352,0.199929,7.78724,0,0.787853,0.918496,0.484599,36.8295,46.7372,311296,3.1259,4.8976,0,0.485324,0,1,1
box_detour_turn,oi_face_rot_near_mppi,12038,256,16,0,0,1,1,1,86,0.242219,0.136734,9.51234,0,0.893914,1.21583,0.232131,19.9633,24.1531,352256,0.3418,0.7514,0,0.232678,0,1,1
box_detour_turn,oi_face_rot_near_mppi,12045,256,16,0,0,1,1,1,85,0.233226,0.166774,8.38087,0,0.766892,0.862842,0.337965,28.727,33.6319,348160,0.9701,2.3024,0,0.338704,0,1,1
box_detour_turn,oi_face_rot_near_mppi,12052,256,16,0,0,1,1,1,119,0.236888,0.137697,14.4419,0,0.872373,1.27304,0.300181,35.7215,46.6832,487424,0.4742,3.1127,0,0.300623,0,1,1
box_detour_turn,oi_face_rot_near_mppi,12059,256,16,0,0,1,1,1,90,0.219277,0.132941,10.0855,0,0.78557,0.921142,0.309638,27.8674,31.7948,368640,0.6324,2.9701,0,0.310182,0,1,1
box_detour_turn90,oi_face_auto_mppi,12056,256,16,0,0,0,1,0,420,0.30086,0.311328,20.0631,0,0.653622,0.67199,0.295333,124.04,142.439,1720320,0.6556,3.7774,0,0.295585,0,1,0
box_detour_turn90,oi_face_auto_mppi,12063,256,16,0,0,0,1,0,420,0.30467,0.494813,15.0059,0,0.627455,0.638242,0.311839,130.973,153.202,1720320,0.5106,4.4332,0,0.312106,0,1,0
box_detour_turn90,oi_face_auto_mppi,12070,256,16,0,0,1,1,1,95,0.174503,0.245847,9.90736,0,0.733002,0.778984,0.254169,24.1461,27.647,389120,0.5027,1.6008,0,0.254765,0,1,1
box_detour_turn90,oi_face_auto_mppi,12077,256,16,0,0,1,1,1,68,0.246365,0.246771,9.87515,0,1.0399,1.43096,0.322263,21.9139,25.2675,278528,0.5072,3.3821,0,0.322924,0,1,1
box_detour_turn90,oi_face_auto_mppi,12084,256,16,0,0,1,1,1,135,0.225217,0.248871,15.8115,0,0.859421,1.20257,0.234819,31.7005,38.2539,552960,0.4022,1.3319,0,0.235218,0,1,1
box_detour_turn90,oi_face_auto_mppi,12091,256,16,0,0,0,1,0,420,0.218693,0.260754,20.8374,0,0.698175,0.766656,0.281264,118.131,133.971,1720320,0.5218,3.3686,0,0.281527,0,1,0
box_detour_turn90,oi_face_auto_mppi,12098,256,16,0,0,0,1,0,420,0.037581,0.263144,16.2094,0,0.646748,0.642413,0.277723,116.644,136.531,1720320,0.5809,3.0767,0,0.278101,0,1,0
box_detour_turn90,oi_face_auto_mppi,12105,256,16,0,0,0,1,0,420,0.466902,0.431997,19.263,0,0.673407,0.690538,0.270173,113.473,132.325,1720320,0.4295,3.8779,0,0.270421,0,1,0
box_detour_turn90,oi_face_auto_mppi,12112,256,16,0,0,1,1,1,113,0.135716,0.220296,11.9337,0,0.81493,1.04709,0.255176,28.8349,33.2761,462848,0.4769,0.7308,0,0.255668,0,1,1
box_detour_turn90,oi_face_auto_mppi,12119,256,16,0,0,1,1,1,110,0.202258,0.225269,12.6687,0,0.87661,1.19072,0.308316,33.9148,41.6217,450560,0.7746,1.9645,0,0.312975,0,1,1
box_detour_turn90,oi_face_auto_mppi,12126,256,16,0,0,1,1,1,116,0.129553,0.240861,11.0362,0,0.700694,0.711984,0.267111,30.9849,35.8698,475136,0.6581,2.4593,0,0.267608,0,1,1
box_detour_turn90,oi_face_auto_mppi,12133,256,16,0,0,1,1,1,243,0.240983,0.0682132,27.0305,0,0.706947,0.812809,0.351122,85.3228,97.3635,995328,0.6778,4.2753,0,0.351476,0,1,1
box_detour_turn90,oi_face_auto_mppi,12140,256,16,0,0,0,1,0,420,0.236676,0.50553,16.6562,0,0.650306,0.648311,0.288984,121.373,145.346,1720320,0.6235,3.9794,0,0.289535,0,1,0
box_detour_turn90,oi_face_auto_mppi,12147,256,16,0,0,1,1,1,143,0.0649355,0.237403,21.1502,0,0.958124,1.42128,0.355801,50.8796,61.7169,585728,0.8156,4.9127,0,0.35627,0,1,1
box_detour_turn90,oi_face_auto_mppi,12154,256,16,0,0,0,1,0,420,0.20558,0.506772,15.1722,0,0.625419,0.608396,0.276123,115.972,134.768,1720320,0.4515,4.0801,0,0.276387,0,1,0
box_detour_turn90,oi_face_auto_mppi,12161,256,16,0,0,1,1,1,143,0.215933,0.0575773,11.6684,0,0.759628,0.901908,0.295124,42.2028,49.2268,585728,0.4299,4.4091,0,0.295582,0,1,1
box_detour_turn90,oi_face_auto_mppi,12168,256,16,0,0,0,1,0,420,0.328988,0.47064,18.3204,0,0.652225,0.618498,0.25526,107.209,124.026,1720320,0.3954,3.0279,0,0.255567,0,1,0
box_detour_turn90,oi_face_auto_mppi,12175,256,16,0,0,0,1,0,420,0.56404,0.517457,49.7631,0,0.747799,0.86683,0.230389,96.7634,113.383,1720320,0.3475,1.9329,0,0.230653,0,1,0
box_detour_turn90,oi_face_auto_mppi,12182,256,16,0,0,1,1,1,144,0.201629,0.184254,16.6068,0,0.775055,0.91116,0.240617,34.6488,40.8374,589824,0.395,0.8802,0,0.241063,0,1,1
box_detour_turn90,oi_face_auto_mppi,12189,256,16,0,0,0,1,0,420,0.936799,0.438942,39.3905,0,0.728724,0.926519,0.26368,110.746,131.42,1720320,0.4756,2.2915,0,0.263962,0,1,0
box_detour_turn90,oi_face_auto_mppi,12196,256,16,0,0,1,1,1,114,0.181781,0.193766,13.2391,0,0.832846,1.07967,0.333257,37.9913,42.4785,466944,0.7996,5.1367,0,0.333701,0,1,1
box_detour_turn90,oi_face_auto_mppi,12203,256,16,0,0,0,1,0,420,0.209455,0.403008,16.7789,0,0.617584,0.586699,0.26239,110.204,129.042,1720320,0.4969,3.0111,0,0.262687,0,1,0
box_detour_turn90,oi_face_auto_mppi,12210,256,16,0,0,0,1,0,420,0.211114,0.476723,19.2098,0,0.694224,0.747737,0.353922,148.647,175.965,1720320,0.7156,7.5588,0,0.354193,0,1,0
box_detour_turn90,oi_face_auto_mppi,12217,256,16,0,0,0,1,0,420,0.503685,1.34436,25.7591,0,0.717285,0.844055,0.407149,171.003,201.898,1720320,1.3699,6.4303,0,0.407433,0,1,0
box_detour_turn90,oi_face_auto_mppi,12224,256,16,0,0,0,1,0,420,0.239693,0.74394,22.908,0,0.65558,0.632573,0.25485,107.037,125.162,1720320,0.5132,3.1846,0,0.255119,0,1,0
box_detour_turn90,oi_face_auto_mppi,12231,256,16,0,0,0,1,0,420,0.169159,0.581816,19.2926,0,0.638664,0.648317,0.24501,102.904,117.676,1720320,0.5019,2.3167,0,0.245284,0,1,0
box_detour_turn90,oi_face_auto_mppi,12238,256,16,0,0,1,1,1,162,0.127093,0.233951,13.2801,0,0.724306,0.853547,0.301438,48.8329,56.109,663552,0.7587,3.6737,0,0.301853,0,1,1
box_detour_turn90,oi_face_auto_mppi,12245,256,16,0,0,1,1,1,253,0.0512697,0.206281,18.3552,0,0.741222,1.00544,0.256744,64.9563,76.034,1036288,0.5466,2.3183,0,0.257086,0,1,1
box_detour_turn90,oi_face_auto_mppi,12252,256,16,0,0,1,1,1,177,0.150282,0.223855,19.431,0,0.770805,0.96565,0.244297,43.2406,50.638,724992,0.4227,1.8563,0,0.244758,0,1,1
box_detour_turn90,oi_face_auto_mppi,12259,256,16,0,0,1,1,1,152,0.192444,0.235038,12.2657,0,0.743091,0.846297,0.240738,36.5922,43.1676,622592,0.2924,2.979,0,0.24117,0,1,1
box_detour_turn90,oi_face_rot_mppi,12056,256,16,0,0,1,1,1,114,0.239343,0.0832613,16.471,0,0.852673,1.08143,0.229348,26.1457,29.5181,466944,0.3193,1.3306,0,0.229831,0,1,1
box_detour_turn90,oi_face_rot_mppi,12063,256,16,0,0,1,1,1,86,0.0960664,0.248046,9.61449,0,0.744899,0.921742,0.252566,21.7207,25.2185,352256,0.459,1.0194,0,0.253191,0,1,1
box_detour_turn90,oi_face_rot_mppi,12070,256,16,0,0,1,1,1,66,0.233622,0.103002,9.74284,0,0.778208,0.809012,0.236044,15.5789,18.1468,270336,0.4071,0.5162,0,0.236747,0,1,1
box_detour_turn90,oi_face_rot_mppi,12077,256,16,0,0,1,1,1,86,0.21431,0.214936,10.0176,0,0.86506,1.12908,0.242303,20.8381,24.3817,352256,0.3407,0.5147,0,0.242814,0,1,1
box_detour_turn90,oi_face_rot_mppi,12084,256,16,0,0,1,1,1,107,0.244492,0.243585,13.2749,0,0.83782,1.15318,0.220365,23.5791,27.0076,438272,0.2691,0.3877,0,0.22087,0,1,1
box_detour_turn90,oi_face_rot_mppi,12091,256,16,0,0,1,1,1,95,0.215209,0.247583,10.4911,0,0.756339,0.843331,0.219347,20.838,24.4213,389120,0.3137,0.4267,0,0.219893,0,1,1
box_detour_turn90,oi_face_rot_mppi,12098,256,16,0,0,1,1,1,120,0.155088,0.178365,17.4834,0,0.863246,1.08428,0.216128,25.9354,29.5093,491520,0.3075,0.3888,0,0.216512,0,1,1
box_detour_turn90,oi_face_rot_mppi,12105,256,16,0,0,1,1,1,104,0.235937,0.164055,10.0371,0,0.731543,0.849319,0.21397,22.2529,25.1552,425984,0.3053,0.36,0,0.214435,0,1,1
box_detour_turn90,oi_face_rot_mppi,12112,256,16,0,0,1,1,1,106,0.221002,0.0382507,11.9058,0,0.770299,1.02862,0.24065,25.5089,29.0722,434176,0.3624,1.2125,0,0.241149,0,1,1
box_detour_turn90,oi_face_rot_mppi,12119,256,16,0,0,1,1,1,107,0.20488,0.163554,12.9395,0,0.974402,1.41015,0.223577,23.9227,27.9456,438272,0.2936,0.3867,0,0.224004,0,1,1
box_detour_turn90,oi_face_rot_mppi,12126,256,16,0,0,1,1,1,103,0.206774,0.243671,10.4833,0,0.652017,0.616653,0.221066,22.7698,26.1108,421888,0.2896,0.3613,0,0.221538,0,1,1
box_detour_turn90,oi_face_rot_mppi,12133,256,16,0,0,1,1,1,180,0.223828,0.0399572,25.2331,0,0.735975,0.866275,0.211647,38.0965,44.6736,737280,0.3084,0.3756,0,0.211988,0,1,1
box_detour_turn90,oi_face_rot_mppi,12140,256,16,0,0,1,1,1,91,0.19065,0.231676,12.4991,0,0.842758,1.02468,0.226677,20.6276,24.0083,372736,0.3082,0.5203,0,0.227162,0,1,1
box_detour_turn90,oi_face_rot_mppi,12147,256,16,0,0,1,1,1,109,0.247779,0.188765,20.6736,0,1.057,1.59842,0.233438,25.4447,28.9648,446464,0.3204,0.5311,0,0.233901,0,1,1
box_detour_turn90,oi_face_rot_mppi,12154,256,16,0,0,1,1,1,110,0.23927,0.0445559,11.6086,0,0.758232,0.882355,0.197115,21.6827,24.6639,450560,0.2624,0.3419,0,0.197541,0,1,1
box_detour_turn90,oi_face_rot_mppi,12161,256,16,0,0,1,1,1,101,0.233925,0.0820792,10.6941,0,0.777351,0.933865,0.214994,21.7144,24.6487,413696,0.3015,0.3543,0,0.215593,0,1,1
box_detour_turn90,oi_face_rot_mppi,12168,256,16,0,0,1,1,1,106,0.162998,0.199023,12.709,0,0.780672,0.870107,0.220089,23.3294,26.796,434176,0.3056,0.4196,0,0.220576,0,1,1
box_detour_turn90,oi_face_rot_mppi,12175,256,16,0,0,1,1,1,227,0.243632,0.120096,26.0954,0,0.65611,0.718759,0.208619,47.3566,54.6733,929792,0.2786,0.5103,0,0.208914,0,1,1
box_detour_turn90,oi_face_rot_mppi,12182,256,16,0,0,1,1,1,130,0.23956,0.228398,16.4597,0,0.781041,0.88537,0.216595,28.1574,32.2556,532480,0.3049,0.3867,0,0.217015,0,1,1
box_detour_turn90,oi_face_rot_mppi,12189,256,16,0,0,1,1,1,117,0.245759,0.0114361,14.4993,0,1.01455,1.53907,0.215944,25.2654,28.9497,479232,0.2896,0.4766,0,0.216344,0,1,1
box_detour_turn90,oi_face_rot_mppi,12196,256,16,0,0,1,1,1,96,0.249215,0.0718558,13.0036,0,0.845825,1.1196,0.226851,21.7777,25.1554,393216,0.3295,0.4266,0,0.227701,0,1,1
box_detour_turn90,oi_face_rot_mppi,12203,256,16,0,0,1,1,1,103,0.0993355,0.240067,12.2238,0,0.742064,0.795786,0.223621,23.033,26.7081,421888,0.3358,0.4275,0,0.224065,0,1,1
box_detour_turn90,oi_face_rot_mppi,12210,256,16,0,0,1,1,1,170,0.199992,0.158396,15.798,0,0.71745,0.799168,0.269572,45.8273,55.1897,696320,0.5055,0.7679,0,0.26992,0,1,1
box_detour_turn90,oi_face_rot_mppi,12217,256,16,0,0,1,1,1,237,0.0130099,0.156042,25.7975,0,0.841035,1.11297,0.214204,50.7664,57.8624,970752,0.3053,0.4397,0,0.21452,0,1,1
box_detour_turn90,oi_face_rot_mppi,12224,256,16,0,0,1,1,1,140,0.155937,0.167176,15.9937,0,0.707115,0.755432,0.217941,30.5117,35.2444,573440,0.3169,0.4268,0,0.218324,0,1,1
box_detour_turn90,oi_face_rot_mppi,12231,256,16,0,0,1,1,1,101,0.229016,0.129405,14.9357,0,0.842681,1.06113,0.216884,21.9053,24.9555,413696,0.2909,0.3891,0,0.217426,0,1,1
box_detour_turn90,oi_face_rot_mppi,12238,256,16,0,0,1,1,1,98,0.237361,0.0829198,11.744,0,0.769778,0.959555,0.227288,22.2742,25.5517,401408,0.3767,0.5628,0,0.227955,0,1,1
box_detour_turn90,oi_face_rot_mppi,12245,256,16,0,0,1,1,1,92,0.238527,0.23308,10.9111,0,0.93874,1.30428,0.239159,22.0026,24.9345,376832,0.407,0.8656,0,0.239612,0,1,1
box_detour_turn90,oi_face_rot_mppi,12252,256,16,0,0,1,1,1,158,0.244193,0.165283,17.4807,0,0.765153,0.937339,0.230308,36.3886,41.6668,647168,0.3146,1.5618,0,0.230742,0,1,1
box_detour_turn90,oi_face_rot_mppi,12259,256,16,0,0,1,1,1,125,0.209985,0.230889,11.3788,0,0.716362,0.766003,0.234728,29.341,33.4825,512000,0.4058,1.2755,0,0.235158,0,1,1
box_detour_turn90,oi_face_rot_near_mppi,12056,256,16,0,0,1,1,1,108,0.244622,0.19504,16.2762,0,0.967767,1.36983,0.213511,23.0592,25.7752,442368,0.313,1.0626,0,0.213884,0,1,1
box_detour_turn90,oi_face_rot_near_mppi,12063,256,16,0,0,1,1,1,95,0.143197,0.190169,11.069,0,0.999948,1.80006,0.243957,23.1759,27.4021,389120,0.3523,0.4857,0,0.244462,0,1,1
box_detour_turn90,oi_face_rot_near_mppi,12070,256,16,0,0,1,1,1,65,0.220501,0.213194,9.62049,0,0.739823,0.830849,0.213257,13.8617,16.0123,266240,0.2612,0.3259,0,0.213825,0,1,1
box_detour_turn90,oi_face_rot_near_mppi,12077,256,16,0,0,1,1,1,86,0.226353,0.010294,9.96836,0,0.995758,1.50343,0.24432,21.0115,24.7862,352256,0.3565,0.4562,0,0.244888,0,1,1
box_detour_turn90,oi_face_rot_near_mppi,12084,256,16,0,0,1,1,1,109,0.236384,0.165051,13.7018,0,0.978579,1.51222,0.209728,22.8603,25.8602,446464,0.2612,0.3863,0,0.210142,0,1,1
box_detour_turn90,oi_face_rot_near_mppi,12091,256,16,0,0,1,1,1,90,0.207645,0.17473,10.477,0,0.919954,1.33718,0.239041,21.5137,24.7355,368640,0.3906,0.7407,0,0.239553,0,1,1
box_detour_turn90,oi_face_rot_near_mppi,12098,256,16,0,0,1,1,1,91,0.227751,0.209206,13.8956,0,0.839478,1.07545,0.28013,25.4918,30.7383,372736,0.4979,0.7552,0,0.280628,0,1,1
box_detour_turn90,oi_face_rot_near_mppi,12105,256,16,0,0,1,1,1,77,0.11286,0.19731,9.33238,0,0.893712,1.40235,0.211851,16.3125,18.4684,315392,0.2629,0.3267,0,0.212404,0,1,1
box_detour_turn90,oi_face_rot_near_mppi,12112,256,16,0,0,1,1,1,133,0.0983072,0.154827,12.8752,0,0.948107,1.59402,0.293405,39.0229,45.5163,544768,0.8019,1.6683,0,0.294111,0,1,1
box_detour_turn90,oi_face_rot_near_mppi,12119,256,16,0,0,1,1,1,87,0.198609,0.129226,11.7514,0,1.02622,1.62262,0.268125,23.3269,27.9274,356352,0.5753,1.1371,0,0.268701,0,1,1
box_detour_turn90,oi_face_rot_near_mppi,12126,256,16,0,0,1,1,1,92,0.231612,0.15622,10.112,0,0.837626,1.21024,0.278403,25.6131,29.2463,376832,0.7975,1.8266,0,0.278874,0,1,1
box_detour_turn90,oi_face_rot_near_mppi,12133,256,16,0,0,1,1,1,201,0.248479,0.217129,25.503,0,0.850719,1.21225,0.234263,47.0868,55.9457,823296,0.3424,0.7702,0,0.234629,0,1,1
box_detour_turn90,oi_face_rot_near_mppi,12140,256,16,0,0,1,1,1,91,0.223061,0.0584515,12.4947,0,0.925343,1.27137,0.216075,19.6628,22.246,372736,0.2696,0.8445,0,0.216551,0,1,1
box_detour_turn90,oi_face_rot_near_mppi,12147,256,16,0,0,1,1,1,113,0.244682,0.110507,21.4242,0,1.054,1.64527,0.241752,27.318,30.8504,462848,0.3468,1.1351,0,0.24221,0,1,1
box_detour_turn90,oi_face_rot_near_mppi,12154,256,16,0,0,1,1,1,94,0.124896,0.11685,10.9883,0,0.848958,1.15352,0.23642,22.2235,25.7369,385024,0.3813,0.4164,0,0.23687,0,1,1
box_detour_turn90,oi_face_rot_near_mppi,12161,256,16,0,0,1,1,1,95,0.244184,0.129793,10.5731,0,0.949598,1.37064,0.23562,22.3839,25.4994,389120,0.3188,0.9238,0,0.236158,0,1,1
box_detour_turn90,oi_face_rot_near_mppi,12168,256,16,0,0,1,1,1,99,0.221565,0.221541,11.6298,0,0.936389,1.30181,0.238192,23.581,27.1189,405504,0.3473,0.5176,0,0.238878,0,1,1
box_detour_turn90,oi_face_rot_near_mppi,12175,256,16,0,0,1,1,1,186,0.241011,0.134762,25.1217,0,0.771984,1.00277,0.228209,42.4469,48.7988,761856,0.3279,0.7674,0,0.22858,0,1,1
box_detour_turn90,oi_face_rot_near_mppi,12182,256,16,0,0,1,1,1,122,0.217344,0.195212,16.3071,0,0.826322,1.00332,0.217139,26.491,30.4929,499712,0.2891,0.6212,0,0.217619,0,1,1
box_detour_turn90,oi_face_rot_near_mppi,12189,256,16,0,0,1,1,1,107,0.0733473,0.189413,15.3872,0,1.25131,2.31542,0.215877,23.0988,26.0414,438272,0.2785,0.5526,0,0.216344,0,1,1
box_detour_turn90,oi_face_rot_near_mppi,12196,256,16,0,0,1,1,1,100,0.239734,0.139839,13.2123,0,1.02283,1.5996,0.232979,23.2979,26.5382,409600,0.3233,0.7703,0,0.23364,0,1,1
box_detour_turn90,oi_face_rot_near_mppi,12203,256,16,0,0,1,1,1,91,0.248295,0.105484,11.8811,0,0.907987,1.17198,0.237107,21.5767,24.7513,372736,0.3556,0.4079,0,0.237578,0,1,1
box_detour_turn90,oi_face_rot_near_mppi,12210,256,16,0,0,1,1,1,101,0.210219,0.0753361,14.1539,0,1.05759,1.65207,0.221691,22.3908,25.8687,413696,0.2912,0.6575,0,0.222182,0,1,1
box_detour_turn90,oi_face_rot_near_mppi,12217,256,16,0,0,1,1,1,161,0.141603,0.21219,19.0105,0,1.0001,1.59233,0.236901,38.141,43.8868,659456,0.3403,0.6517,0,0.237319,0,1,1
box_detour_turn90,oi_face_rot_near_mppi,12224,256,16,0,0,1,1,1,122,0.0278321,0.177441,16.3571,0,0.876082,1.28884,0.277334,33.8348,44.1772,499712,0.7162,1.1527,0,0.277715,0,1,1
box_detour_turn90,oi_face_rot_near_mppi,12231,256,16,0,0,1,1,1,99,0.23805,0.146163,15.0593,0,0.903092,1.24264,0.389458,38.5563,46.5445,405504,1.2769,2.1974,0,0.390477,0,1,1
box_detour_turn90,oi_face_rot_near_mppi,12238,256,16,0,0,1,1,1,83,0.246658,0.0262702,11.3855,0,0.950722,1.39648,0.324864,26.9637,30.9312,339968,0.6601,3.4231,0,0.326449,0,1,1
box_detour_turn90,oi_face_rot_near_mppi,12245,256,16,0,0,1,1,1,98,0.156952,0.174448,13.0026,0,1.30167,2.64314,0.364432,35.7143,41.5299,401408,1.1774,2.8707,0,0.365628,0,1,1
box_detour_turn90,oi_face_rot_near_mppi,12252,256,16,0,0,1,1,1,113,0.232774,0.115028,16.684,0,0.94299,1.45987,0.240683,27.1972,31.2538,462848,0.3612,0.5305,0,0.241119,0,1,1
box_detour_turn90,oi_face_rot_near_mppi,12259,256,16,0,0,1,1,1,94,0.210537,0.240449,11.2433,0,0.912775,1.37596,0.220951,20.7694,23.9275,385024,0.3396,0.4308,0,0.221361,0,1,1
box_detour_turn_neg,oi_face_auto_mppi,12156,256,16,0,0,0,1,0,420,0.762973,0.373464,25.1364,0,0.676753,0.638555,0.203258,85.3685,98.4143,1720320,0.2941,0.4864,0,0.203488,0,1,0
box_detour_turn_neg,oi_face_auto_mppi,12163,256,16,0,0,1,1,1,175,0.119188,0.246556,9.50707,0,0.611127,0.580055,0.198686,34.7701,39.5122,716800,0.2671,0.351,0,0.199023,0,1,1
box_detour_turn_neg,oi_face_auto_mppi,12170,256,16,0,0,0,1,0,420,1.07589,0.155344,41.6042,0,0.596011,0.538581,0.210329,88.3383,100.628,1720320,0.3106,0.5014,0,0.210574,0,1,0
box_detour_turn_neg,oi_face_auto_mppi,12177,256,16,0,0,0,1,0,420,0.569568,0.585453,19.7925,0,0.613166,0.608218,0.209918,88.1655,101.367,1720320,0.3107,0.5474,0,0.210134,0,1,0
box_detour_turn_neg,oi_face_auto_mppi,12184,256,16,0,0,1,1,1,104,0.138152,0.248315,7.3031,0,0.644246,0.633162,0.203898,21.2054,24.3297,425984,0.265,0.3822,0,0.204341,0,1,1
box_detour_turn_neg,oi_face_auto_mppi,12191,256,16,0,0,1,1,1,110,0.180953,0.239693,9.93099,0,0.656619,0.697141,0.201261,22.1387,25.1754,450560,0.292,0.4213,0,0.202043,0,1,1
box_detour_turn_neg,oi_face_auto_mppi,12198,256,16,0,0,1,1,1,378,0.111703,0.19141,54.0689,0,0.903387,1.28677,0.217531,82.2266,95.8546,1548288,0.3026,0.6727,0,0.217782,0,1,1
box_detour_turn_neg,oi_face_auto_mppi,12205,256,16,0,0,0,1,0,420,0.209893,0.369412,49.4085,0,0.822475,1.16167,0.220196,92.4824,106.019,1720320,0.3194,0.7476,0,0.220453,0,1,0
box_detour_turn_neg,oi_face_auto_mppi,12212,256,16,0,0,1,1,1,187,0.224069,0.220651,10.3835,0,0.589477,0.542386,0.207467,38.7963,45.0367,765952,0.2874,0.5078,0,0.207819,0,1,1
box_detour_turn_neg,oi_face_auto_mppi,12219,256,16,0,0,1,1,1,303,0.236288,0.220294,18.1615,0,0.64581,0.681914,0.21094,63.9147,73.4462,1241088,0.298,0.5117,0,0.211343,0,1,1
box_detour_turn_neg,oi_face_auto_mppi,12226,256,16,0,0,0,1,0,420,0.272262,0.625914,17.5224,0,0.5445,0.451417,0.211503,88.8314,102.19,1720320,0.3021,0.9587,0,0.211763,0,1,0
box_detour_turn_neg,oi_face_auto_mppi,12233,256,16,0,0,0,1,0,420,0.754181,0.308443,24.6089,0,0.641437,0.579061,0.204326,85.817,98.9859,1720320,0.2751,0.4958,0,0.204655,0,1,0
box_detour_turn_neg,oi_face_auto_mppi,12240,256,16,0,0,1,1,1,92,0.045765,0.2443,7.92778,0,0.617681,0.592209,0.222457,20.466,23.6268,376832,0.3065,0.3452,0,0.222962,0,1,1
box_detour_turn_neg,oi_face_auto_mppi,12247,256,16,0,0,1,1,1,294,0.248436,0.0806019,19.1374,0,0.609427,0.633063,0.21318,62.675,71.7777,1204224,0.2954,0.4674,0,0.213443,0,1,1
box_detour_turn_neg,oi_face_auto_mppi,12254,256,16,0,0,0,1,0,420,0.142284,0.74964,15.8301,0,0.724127,0.87933,0.195021,81.9088,92.399,1720320,0.2685,0.38,0,0.195222,0,1,0
box_detour_turn_neg,oi_face_auto_mppi,12261,256,16,0,0,1,1,1,112,0.210781,0.225562,9.72464,0,0.659312,0.640521,0.195834,21.9334,25.1208,458752,0.2771,0.3541,0,0.196218,0,1,1
box_detour_turn_neg,oi_face_auto_mppi,12268,256,16,0,0,0,1,0,420,0.61579,0.400543,19.9283,0,0.664385,0.618739,0.195346,82.0453,93.8686,1720320,0.2612,0.3971,0,0.195568,0,1,0
box_detour_turn_neg,oi_face_auto_mppi,12275,256,16,0,0,0,1,0,420,1.62183,0.534709,60.6898,0,0.708998,0.84179,0.217293,91.2632,104.538,1720320,0.3343,0.4624,0,0.217533,0,1,0
box_detour_turn_neg,oi_face_auto_mppi,12282,256,16,0,0,0,1,0,420,0.62204,0.265377,18.8997,0,0.624058,0.56527,0.196199,82.4035,94.5019,1720320,0.2771,0.4187,0,0.196425,0,1,0
box_detour_turn_neg,oi_face_auto_mppi,12289,256,16,0,0,1,1,1,116,0.17886,0.243683,11.2874,0,0.723157,0.757392,0.217966,25.2841,29.2608,475136,0.3004,0.432,0,0.21839,0,1,1
box_detour_turn_neg,oi_face_auto_mppi,12296,256,16,0,0,1,1,1,99,0.187152,0.224644,8.28477,0,0.618119,0.600421,0.210515,20.841,23.7122,405504,0.3058,0.3734,0,0.210935,0,1,1
box_detour_turn_neg,oi_face_auto_mppi,12303,256,16,0,0,0,1,0,420,0.223273,0.35489,11.7738,0,0.580484,0.536347,0.200414,84.1738,96.5643,1720320,0.2706,0.8359,0,0.200607,0,1,0
box_detour_turn_neg,oi_face_auto_mppi,12310,256,16,0,0,1,1,1,124,0.0669941,0.238277,14.4655,0,0.694476,0.775406,0.203599,25.2463,28.9199,507904,0.2746,0.435,0,0.204044,0,1,1
box_detour_turn_neg,oi_face_auto_mppi,12317,256,16,0,0,0,1,0,420,0.943896,0.271759,33.1084,0,0.61318,0.561731,0.351797,147.755,182.788,1720320,0.8156,4.553,0,0.353508,0,1,0
box_detour_turn_neg,oi_face_auto_mppi,12324,256,16,0,0,0,1,0,420,0.852173,0.301361,28.6176,0,0.624993,0.55239,0.200136,84.0571,96.7637,1720320,0.2737,0.4568,0,0.2004,0,1,0
box_detour_turn_neg,oi_face_auto_mppi,12331,256,16,0,0,1,1,1,127,0.0505778,0.235521,11.7613,0,0.646938,0.666161,0.230103,29.2231,33.1901,520192,0.3241,1.6854,0,0.230585,0,1,1
box_detour_turn_neg,oi_face_auto_mppi,12338,256,16,0,0,0,1,0,420,0.245659,0.685021,17.4974,0,0.575901,0.509706,0.193136,81.1171,93.0577,1720320,0.252,0.9413,0,0.193406,0,1,0
box_detour_turn_neg,oi_face_auto_mppi,12345,256,16,0,0,0,1,0,420,0.710138,0.258142,22.2411,0,0.640549,0.599702,0.253294,106.383,124.546,1720320,0.2895,4.1123,0,0.25358,0,1,0
box_detour_turn_neg,oi_face_auto_mppi,12352,256,16,0,0,1,1,1,112,0.246357,0.238967,8.93403,0,0.65468,0.619548,0.199572,22.3521,25.0359,458752,0.2843,0.3577,0,0.199957,0,1,1
box_detour_turn_neg,oi_face_auto_mppi,12359,256,16,0,0,0,1,0,420,1.40561,0.2932,64.862,0,0.638364,0.638223,0.221059,92.8449,104.156,1720320,0.303,0.388,0,0.221299,0,1,0
box_detour_turn_neg,oi_face_rot_mppi,12156,256,16,0,0,1,1,1,99,0.232603,0.240636,8.57164,0,0.6223,0.620246,0.208676,20.6589,23.4806,405504,0.2793,0.3143,0,0.20909,0,1,1
box_detour_turn_neg,oi_face_rot_mppi,12163,256,16,0,0,1,1,1,81,0.240729,0.0185138,7.53262,0,0.658605,0.64925,0.202514,16.4036,18.687,331776,0.2855,0.3493,0,0.202904,0,1,1
box_detour_turn_neg,oi_face_rot_mppi,12170,256,16,0,0,0,1,0,420,1.07589,0.155344,41.6042,0,0.596011,0.538581,0.194891,81.8542,91.8943,1720320,0.2677,0.5408,0,0.195106,0,1,0
box_detour_turn_neg,oi_face_rot_mppi,12177,256,16,0,0,1,1,1,92,0.0356113,0.19296,8.41401,0,0.640107,0.650107,0.207026,19.0464,21.6439,376832,0.2697,0.3287,0,0.207435,0,1,1
box_detour_turn_neg,oi_face_rot_mppi,12184,256,16,0,0,1,1,1,80,0.225202,0.113815,7.07685,0,0.578798,0.502443,0.205725,16.458,18.3779,327680,0.3127,0.3689,0,0.206193,0,1,1
box_detour_turn_neg,oi_face_rot_mppi,12191,256,16,0,0,1,1,1,92,0.135868,0.211485,10.0447,0,0.648599,0.66228,0.209004,19.2284,21.5706,376832,0.3146,0.3532,0,0.20935,0,1,1
box_detour_turn_neg,oi_face_rot_mppi,12198,256,16,0,0,1,1,1,208,0.240326,0.14434,26.2256,0,0.807545,1.12764,0.209234,43.5206,49.2594,851968,0.3052,0.3922,0,0.209539,0,1,1
box_detour_turn_neg,oi_face_rot_mppi,12205,256,16,0,0,1,1,1,125,0.248906,0.174438,14.1044,0,0.553376,0.526857,0.214034,26.7543,30.391,512000,0.3008,0.3781,0,0.214406,0,1,1
box_detour_turn_neg,oi_face_rot_mppi,12212,256,16,0,0,1,1,1,90,0.104501,0.188584,8.74133,0,0.702381,0.693945,0.209802,18.8822,21.2967,368640,0.3003,0.3248,0,0.210211,0,1,1
box_detour_turn_neg,oi_face_rot_mppi,12219,256,16,0,0,1,1,1,154,0.237362,0.179432,14.2552,0,0.711924,0.812582,0.210448,32.409,36.684,630784,0.2987,0.3695,0,0.21082,0,1,1
box_detour_turn_neg,oi_face_rot_mppi,12226,256,16,0,0,1,1,1,276,0.220734,0.0468078,19.3919,0,0.638779,0.664361,0.212564,58.6678,66.2849,1130496,0.3178,0.39,0,0.212852,0,1,1
box_detour_turn_neg,oi_face_rot_mppi,12233,256,16,0,0,1,1,1,105,0.21147,0.172364,9.92191,0,0.584181,0.513171,0.195123,20.4879,23.2047,430080,0.2654,0.3319,0,0.195463,0,1,1
box_detour_turn_neg,oi_face_rot_mppi,12240,256,16,0,0,1,1,1,82,0.241589,0.16343,7.82611,0,0.660963,0.669548,0.20549,16.8502,19.0324,335872,0.2965,0.3292,0,0.205857,0,1,1
box_detour_turn_neg,oi_face_rot_mppi,12247,256,16,0,0,1,1,1,141,0.218863,0.0180522,12.9412,0,0.538021,0.461139,0.201623,28.4288,32.1791,577536,0.2921,0.3538,0,0.201936,0,1,1
box_detour_turn_neg,oi_face_rot_mppi,12254,256,16,0,0,1,1,1,95,0.209799,0.238313,10.7131,0,0.666246,0.655239,0.203784,19.3595,21.9519,389120,0.2612,0.3032,0,0.204186,0,1,1
box_detour_turn_neg,oi_face_rot_mppi,12261,256,16,0,0,1,1,1,125,0.0732408,0.186786,10.8552,0,0.698616,0.74254,0.205818,25.7273,29.1941,512000,0.2993,0.3529,0,0.206177,0,1,1
box_detour_turn_neg,oi_face_rot_mppi,12268,256,16,0,0,1,1,1,120,0.247776,0.123551,8.79579,0,0.59923,0.591882,0.250007,30.0009,34.8488,491520,0.4332,1.1391,0,0.250361,0,1,1
box_detour_turn_neg,oi_face_rot_mppi,12275,256,16,0,0,1,1,1,74,0.241731,0.15646,8.34058,0,0.650725,0.655702,0.203201,15.0369,16.7048,303104,0.2972,0.3582,0,0.203596,0,1,1
box_detour_turn_neg,oi_face_rot_mppi,12282,256,16,0,0,1,1,1,82,0.18358,0.248587,7.8337,0,0.5953,0.613571,0.198679,16.2917,18.185,335872,0.3042,0.3813,0,0.199057,0,1,1
box_detour_turn_neg,oi_face_rot_mppi,12289,256,16,0,0,1,1,1,112,0.201449,0.207445,12.1067,0,0.681489,0.662177,0.200226,22.4253,24.8761,458752,0.3037,0.3629,0,0.200545,0,1,1
box_detour_turn_neg,oi_face_rot_mppi,12296,256,16,0,0,1,1,1,86,0.120422,0.126366,8.40869,0,0.694668,0.722489,0.201352,17.3163,19.7408,352256,0.2816,0.3127,0,0.201733,0,1,1
box_detour_turn_neg,oi_face_rot_mppi,12303,256,16,0,0,1,1,1,88,0.0150716,0.203142,8.01921,0,0.536458,0.423426,0.209159,18.406,20.9404,360448,0.2778,0.3096,0,0.20957,0,1,1
box_detour_turn_neg,oi_face_rot_mppi,12310,256,16,0,0,1,1,1,136,0.0611653,0.122378,14.6567,0,0.616081,0.650212,0.20201,27.4734,30.9123,557056,0.3054,0.384,0,0.202315,0,1,1
box_detour_turn_neg,oi_face_rot_mppi,12317,256,16,0,0,0,1,0,420,0.943896,0.271759,33.1084,0,0.61318,0.561731,0.193765,81.3813,91.6342,1720320,0.2747,0.3798,0,0.193971,0,1,0
box_detour_turn_neg,oi_face_rot_mppi,12324,256,16,0,0,0,1,0,420,0.852173,0.301361,28.6176,0,0.624993,0.55239,0.187735,78.8486,89.683,1720320,0.2695,0.3974,0,0.187942,0,1,0
box_detour_turn_neg,oi_face_rot_mppi,12331,256,16,0,0,1,1,1,107,0.0901856,0.242259,11.5557,0,0.658976,0.677409,0.215721,23.0821,25.9589,438272,0.2984,0.3767,0,0.216098,0,1,1
box_detour_turn_neg,oi_face_rot_mppi,12338,256,16,0,0,1,1,1,162,0.0928603,0.2467,13.103,0,0.578596,0.52961,0.204954,33.2026,37.4904,663552,0.3007,0.4085,0,0.205268,0,1,1
box_detour_turn_neg,oi_face_rot_mppi,12345,256,16,0,0,1,1,1,215,0.21128,0.202278,15.505,0,0.900076,1.54442,0.207135,44.5341,50.1822,880640,0.3066,0.3637,0,0.207418,0,1,1
box_detour_turn_neg,oi_face_rot_mppi,12352,256,16,0,0,1,1,1,77,0.0473761,0.193213,8.34682,0,0.627446,0.557944,0.202199,15.5693,17.715,315392,0.2736,0.3488,0,0.202593,0,1,1
box_detour_turn_neg,oi_face_rot_mppi,12359,256,16,0,0,0,1,0,420,1.40561,0.2932,64.862,0,0.638364,0.638223,0.221067,92.848,103.907,1720320,0.3261,0.6132,0,0.221267,0,1,0
box_detour_turn_neg,oi_face_rot_near_mppi,12156,256,16,0,0,1,1,1,79,0.209616,0.211288,7.7908,0,0.707921,0.913609,0.209125,16.5209,18.9135,323584,0.3108,0.5558,0,0.209553,0,1,1
box_detour_turn_neg,oi_face_rot_near_mppi,12163,256,16,0,0,1,1,1,92,0.196539,0.214974,7.59138,0,0.814758,1.12104,0.217194,19.9818,23.3323,376832,0.3198,0.4051,0,0.217677,0,1,1
box_detour_turn_neg,oi_face_rot_near_mppi,12170,256,16,0,0,0,1,0,420,1.07589,0.155344,41.6042,0,0.596011,0.538581,0.207388,87.1029,101.48,1720320,0.2882,0.4101,0,0.208189,0,1,0
box_detour_turn_neg,oi_face_rot_near_mppi,12177,256,16,0,0,1,1,1,63,0.162145,0.226573,7.68986,0,0.756306,0.938751,0.212054,13.3594,15.34,258048,0.2942,0.4609,0,0.212657,0,1,1
box_detour_turn_neg,oi_face_rot_near_mppi,12184,256,16,0,0,1,1,1,59,0.242141,0.00647581,6.39711,0,0.783978,1.04654,0.210041,12.3924,13.9595,241664,0.303,0.3202,0,0.210529,0,1,1
box_detour_turn_neg,oi_face_rot_near_mppi,12191,256,16,0,0,1,1,1,94,0.116739,0.235999,9.10963,0,0.773334,1.11872,0.263671,24.7851,29.5035,385024,0.453,0.9808,0,0.26406,0,1,1
box_detour_turn_neg,oi_face_rot_near_mppi,12198,256,16,0,0,1,1,1,223,0.108909,0.16543,26.1502,0,0.854878,1.32456,0.213182,47.5396,53.5517,913408,0.3063,0.3692,0,0.213467,0,1,1
box_detour_turn_neg,oi_face_rot_near_mppi,12205,256,16,0,0,1,1,1,99,0.22842,0.245722,13.3141,0,0.660718,0.749771,0.211249,20.9136,23.1168,405504,0.307,0.3678,0,0.21154,0,1,1
box_detour_turn_neg,oi_face_rot_near_mppi,12212,256,16,0,0,1,1,1,93,0.231471,0.0570853,8.74025,0,0.724402,0.961595,0.190309,17.6987,19.534,380928,0.2653,0.3082,0,0.190581,0,1,1
box_detour_turn_neg,oi_face_rot_near_mppi,12219,256,16,0,0,1,1,1,110,0.236822,0.133345,12.5126,0,0.774435,1.07502,0.193619,21.2981,23.5187,450560,0.2883,0.339,0,0.193912,0,1,1
box_detour_turn_neg,oi_face_rot_near_mppi,12226,256,16,0,0,1,1,1,84,0.2373,0.0784818,10.2396,0,0.758205,0.905041,0.201143,16.896,18.6492,344064,0.2906,0.3651,0,0.201473,0,1,1
box_detour_turn_neg,oi_face_rot_near_mppi,12233,256,16,0,0,1,1,1,67,0.248968,0.0248507,7.93333,0,0.69777,0.849463,0.191972,12.8621,14.7052,274432,0.2872,0.3645,0,0.192424,0,1,1
box_detour_turn_neg,oi_face_rot_near_mppi,12240,256,16,0,0,1,1,1,70,0.248876,0.123435,7.53759,0,0.775506,0.988113,0.213691,14.9584,16.9929,286720,0.3006,0.3685,0,0.214179,0,1,1
box_detour_turn_neg,oi_face_rot_near_mppi,12247,256,16,0,0,1,1,1,105,0.0542247,0.247685,12.1273,0,0.637205,0.731248,0.215204,22.5964,25.4699,430080,0.3078,0.3568,0,0.21558,0,1,1
box_detour_turn_neg,oi_face_rot_near_mppi,12254,256,16,0,0,1,1,1,85,0.202032,0.213988,9.77597,0,0.601222,0.540379,0.210032,17.8527,20.2401,348160,0.2877,0.381,0,0.210468,0,1,1
box_detour_turn_neg,oi_face_rot_near_mppi,12261,256,16,0,0,1,1,1,90,0.189926,0.19471,8.97406,0,0.672011,0.909205,0.208186,18.7367,21.2136,368640,0.2989,0.3412,0,0.20852,0,1,1
box_detour_turn_neg,oi_face_rot_near_mppi,12268,256,16,0,0,1,1,1,66,0.194778,0.0678027,7.72789,0,0.769884,1.05901,0.187427,12.3702,13.6414,270336,0.2617,0.2876,0,0.187802,0,1,1
box_detour_turn_neg,oi_face_rot_near_mppi,12275,256,16,0,0,1,1,1,69,0.225703,0.195156,8.20228,0,0.681074,0.776727,0.207009,14.2836,16.0302,282624,0.2732,0.3006,0,0.207393,0,1,1
box_detour_turn_neg,oi_face_rot_near_mppi,12282,256,16,0,0,1,1,1,80,0.211784,0.184975,7.56651,0,0.736768,1.0507,0.193691,15.4953,17.0137,327680,0.2654,0.3369,0,0.193976,0,1,1
box_detour_turn_neg,oi_face_rot_near_mppi,12289,256,16,0,0,1,1,1,97,0.156083,0.244387,10.8449,0,0.691447,0.798927,0.198126,19.2182,21.6292,397312,0.2657,0.3095,0,0.198461,0,1,1
box_detour_turn_neg,oi_face_rot_near_mppi,12296,256,16,0,0,1,1,1,73,0.195816,0.204446,8.04729,0,0.722634,0.892063,0.168357,12.2901,13.5101,299008,0.2516,0.2643,0,0.168612,0,1,1
box_detour_turn_neg,oi_face_rot_near_mppi,12303,256,16,0,0,1,1,1,65,0.226509,0.0538647,7.34774,0,0.572915,0.615474,0.191129,12.4234,13.6151,266240,0.2936,0.3068,0,0.191494,0,1,1
box_detour_turn_neg,oi_face_rot_near_mppi,12310,256,16,0,0,1,1,1,120,0.0672938,0.0998152,14.3693,0,0.657534,0.779628,0.181648,21.7977,23.9096,491520,0.2889,0.313,0,0.181888,0,1,1
box_detour_turn_neg,oi_face_rot_near_mppi,12317,256,16,0,0,0,1,0,420,0.943896,0.271759,33.1084,0,0.61318,0.561731,0.19644,82.5047,92.8169,1720320,0.2786,0.3804,0,0.196634,0,1,0
box_detour_turn_neg,oi_face_rot_near_mppi,12324,256,16,0,0,0,1,0,420,0.852173,0.301361,28.6176,0,0.624993,0.55239,0.187114,78.588,87.6907,1720320,0.275,0.3938,0,0.187299,0,1,0
box_detour_turn_neg,oi_face_rot_near_mppi,12331,256,16,0,0,1,1,1,85,0.109032,0.242687,10.7927,0,0.790738,0.998726,0.213494,18.147,20.4729,348160,0.2956,0.3685,0,0.213863,0,1,1
box_detour_turn_neg,oi_face_rot_near_mppi,12338,256,16,0,0,1,1,1,202,0.141937,0.218138,16.2459,0,1.17385,2.74258,0.200204,40.4412,45.2707,827392,0.2925,0.3702,0,0.200442,0,1,1
box_detour_turn_neg,oi_face_rot_near_mppi,12345,256,16,0,0,1,1,1,66,0.230235,0.231984,7.55707,0,0.746255,1.00799,0.215674,14.2345,16.1725,270336,0.3033,0.3531,0,0.216129,0,1,1
box_detour_turn_neg,oi_face_rot_near_mppi,12352,256,16,0,0,1,1,1,78,0.143567,0.235995,8.23714,0,0.735655,0.866661,0.215597,16.8166,19.0143,319488,0.3047,0.3458,0,0.216049,0,1,1
box_detour_turn_neg,oi_face_rot_near_mppi,12359,256,16,0,0,0,1,0,420,1.40561,0.2932,64.862,0,0.638364,0.638223,0.23008,96.6335,109.602,1720320,0.3303,0.6376,0,0.230291,0,1,0
box_detour_wall,oi_face_auto_mppi,11456,256,16,0,0,0,1,0,420,0.736988,1.08927,41.6865,0,0.79409,0.980659,0.193735,81.3685,90.3541,1720320,0.2915,0.425,0,0.193909,0,1,0
box_detour_wall,oi_face_auto_mppi,11463,256,16,0,0,1,1,1,271,0.202033,0.340065,15.9227,0,0.699864,0.733242,0.197936,53.6405,60.9185,1110016,0.2976,0.3549,0,0.198204,0,1,1
box_detour_wall,oi_face_auto_mppi,11470,256,16,0,0,1,1,1,100,0.247475,0.128666,9.12283,0,0.653463,0.716312,0.197172,19.7172,21.8664,409600,0.2722,0.3112,0,0.197569,0,1,1
box_detour_wall,oi_face_auto_mppi,11477,256,16,0,0,1,1,1,122,0.23174,0.247871,9.08465,0,0.580392,0.511906,0.208124,25.3911,28.3959,499712,0.2954,0.3146,0,0.208558,0,1,1
box_detour_wall,oi_face_auto_mppi,11484,256,16,0,0,1,1,1,75,0.233422,0.124492,8.10723,0,0.687624,0.65573,0.257011,19.2758,21.9587,307200,0.4732,0.7572,0,0.257443,0,1,1
box_detour_wall,oi_face_auto_mppi,11491,256,16,0,0,1,1,1,130,0.246745,0.00632897,8.8516,0,0.656244,0.680268,0.203059,26.3977,29.8743,532480,0.2816,0.3607,0,0.203402,0,1,1
box_detour_wall,oi_face_auto_mppi,11498,256,16,0,0,1,1,1,91,0.243149,0.0629518,6.59769,0,0.754244,0.896935,0.217937,19.8323,22.3359,372736,0.32,0.5265,0,0.218292,0,1,1
box_detour_wall,oi_face_auto_mppi,11505,256,16,0,0,1,1,1,135,0.133308,0.337948,8.35206,0,0.611509,0.612703,0.208921,28.2043,31.7964,552960,0.3041,0.3685,0,0.209227,0,1,1
box_detour_wall,oi_face_auto_mppi,11512,256,16,0,0,1,1,1,82,0.249329,0.29497,6.06711,0,0.59837,0.55108,0.203749,16.7074,18.7077,335872,0.3011,0.3221,0,0.204106,0,1,1
box_detour_wall,oi_face_auto_mppi,11519,256,16,0,0,1,1,1,77,0.178158,0.305215,8.72947,0,0.733703,0.718215,0.199736,15.3797,17.0237,315392,0.3022,0.3081,0,0.200095,0,1,1
box_detour_wall,oi_face_auto_mppi,11526,256,16,0,0,1,1,1,96,0.226707,0.0191208,8.4464,0,0.641379,0.647645,0.211115,20.267,22.4816,393216,0.302,0.6804,0,0.211491,0,1,1
box_detour_wall,oi_face_auto_mppi,11533,256,16,0,0,1,1,1,179,0.226022,0.163041,28.6767,0,0.932298,1.50254,0.194104,34.7446,38.0429,733184,0.2832,0.3137,0,0.194305,0,1,1
box_detour_wall,oi_face_auto_mppi,11540,256,16,0,0,1,1,1,86,0.244397,0.340542,6.04202,0,0.647083,0.674542,0.189979,16.3382,18.0629,352256,0.2989,0.3279,0,0.190221,0,1,1
box_detour_wall,oi_face_auto_mppi,11547,256,16,0,0,1,1,1,52,0.225781,0.14074,5.44174,0,0.711523,0.759709,0.218058,11.339,12.8698,212992,0.2952,0.3187,0,0.218602,0,1,1
box_detour_wall,oi_face_auto_mppi,11554,256,16,0,0,1,1,1,186,0.208879,0.277296,11.3512,0,0.629749,0.607288,0.206388,38.3881,43.5686,761856,0.2978,0.3746,0,0.206683,0,1,1
box_detour_wall,oi_face_auto_mppi,11561,256,16,0,0,1,1,1,86,0.222135,0.0434034,6.94683,0,0.659137,0.661031,0.20008,17.2069,19.1065,352256,0.32,0.4066,0,0.200458,0,1,1
box_detour_wall,oi_face_auto_mppi,11568,256,16,0,0,1,1,1,131,0.184176,0.256309,9.48551,0,0.582973,0.538463,0.195506,25.6113,28.6537,536576,0.2911,0.3786,0,0.195776,0,1,1
box_detour_wall,oi_face_auto_mppi,11575,256,16,0,0,1,1,1,114,0.222896,0.259916,11.9096,0,0.62277,0.554056,0.290012,33.0614,36.1434,466944,0.3111,8.1932,0,0.290537,0,1,1
box_detour_wall,oi_face_auto_mppi,11582,256,16,0,0,1,1,1,73,0.137023,0.324801,7.52659,0,0.882403,0.992949,0.198808,14.513,16.0613,299008,0.2931,0.3678,0,0.199197,0,1,1
box_detour_wall,oi_face_auto_mppi,11589,256,16,0,0,1,1,1,144,0.206808,0.293331,10.4492,0,0.632623,0.573632,0.201875,29.07,32.5326,589824,0.275,0.3105,0,0.202202,0,1,1
box_detour_wall,oi_face_auto_mppi,11596,256,16,0,0,1,1,1,121,0.244653,0.103898,11.0683,0,0.659156,0.655801,0.187069,22.6354,24.7149,495616,0.2768,0.3137,0,0.187286,0,1,1
box_detour_wall,oi_face_auto_mppi,11603,256,16,0,0,1,1,1,95,0.218525,0.328018,6.95202,0,0.692246,0.725005,0.182066,17.2963,19.0542,389120,0.2705,0.3201,0,0.182414,0,1,1
box_detour_wall,oi_face_auto_mppi,11610,256,16,0,0,1,1,1,127,0.147766,0.334392,9.53701,0,0.61062,0.630497,0.202958,25.7757,29.0445,520192,0.3008,0.3437,0,0.203267,0,1,1
box_detour_wall,oi_face_auto_mppi,11617,256,16,0,0,1,1,1,82,0.236951,0.200825,6.26821,0,0.678691,0.700067,0.229382,18.8093,21.314,335872,0.3772,0.4955,0,0.229722,0,1,1
box_detour_wall,oi_face_auto_mppi,11624,256,16,0,0,0,1,0,420,0.258415,0.535044,13.7246,0,0.602095,0.56486,0.193433,81.2421,90.8156,1720320,0.2715,0.3813,0,0.19361,0,1,0
box_detour_wall,oi_face_auto_mppi,11631,256,16,0,0,1,1,1,94,0.247534,0.277492,6.31193,0,0.64111,0.632197,0.209188,19.6637,22.33,385024,0.306,0.3161,0,0.209528,0,1,1
box_detour_wall,oi_face_auto_mppi,11638,256,16,0,0,1,1,1,107,0.181034,0.342626,6.41438,0,0.635787,0.599409,0.206547,22.1005,24.856,438272,0.3133,0.3617,0,0.206933,0,1,1
box_detour_wall,oi_face_auto_mppi,11645,256,16,0,0,1,1,1,82,0.231357,0.0514309,6.82922,0,0.605184,0.62463,0.204416,16.7621,18.5777,335872,0.2901,0.3896,0,0.204772,0,1,1
box_detour_wall,oi_face_auto_mppi,11652,256,16,0,0,1,1,1,245,0.24355,0.332204,23.9494,0,0.777531,0.966702,0.20142,49.3478,54.685,1003520,0.301,0.377,0,0.201656,0,1,1
box_detour_wall,oi_face_auto_mppi,11659,256,16,0,0,1,1,1,102,0.247012,0.041661,6.3669,0,0.608788,0.576332,0.20015,20.4153,22.7604,417792,0.2813,0.3338,0,0.200506,0,1,1
box_detour_wall,oi_face_rot_mppi,11456,256,16,0,0,1,1,1,108,0.247808,0.0176384,8.59135,0,0.560361,0.468218,0.212505,22.9505,26.0388,442368,0.3017,0.4492,0,0.212901,0,1,1
box_detour_wall,oi_face_rot_mppi,11463,256,16,0,0,1,1,1,98,0.236178,0.253226,8.57939,0,0.685479,0.667703,0.207055,20.2914,23.0268,401408,0.3011,0.3137,0,0.207485,0,1,1
box_detour_wall,oi_face_rot_mppi,11470,256,16,0,0,1,1,1,107,0.2229,0.19941,9.3585,0,0.691855,0.761011,0.204333,21.8636,24.2333,438272,0.3067,0.3357,0,0.204687,0,1,1
box_detour_wall,oi_face_rot_mppi,11477,256,16,0,0,1,1,1,121,0.2421,0.248213,9.07457,0,0.590677,0.529645,0.211393,25.5785,28.5901,495616,0.304,0.3148,0,0.211697,0,1,1
box_detour_wall,oi_face_rot_mppi,11484,256,16,0,0,1,1,1,134,0.249222,0.24314,9.12468,0,0.637703,0.595059,0.182701,24.482,27.2943,548864,0.2626,0.3192,0,0.182972,0,1,1
box_detour_wall,oi_face_rot_mppi,11491,256,16,0,0,1,1,1,97,0.226379,0.0657094,8.14265,0,0.660973,0.66328,0.210715,20.4394,23.1958,397312,0.2789,0.2973,0,0.211143,0,1,1
box_detour_wall,oi_face_rot_mppi,11498,256,16,0,0,1,1,1,79,0.234652,0.109796,6.18276,0,0.672114,0.706281,0.200971,15.8767,17.8556,323584,0.306,0.3473,0,0.201319,0,1,1
box_detour_wall,oi_face_rot_mppi,11505,256,16,0,0,1,1,1,103,0.220256,0.217821,7.44827,0,0.606628,0.597802,0.192735,19.8517,21.9441,421888,0.2645,0.304,0,0.193045,0,1,1
box_detour_wall,oi_face_rot_mppi,11512,256,16,0,0,1,1,1,111,0.240018,0.263539,6.71118,0,0.598515,0.576909,0.199299,22.1222,24.7365,454656,0.2721,0.3605,0,0.199562,0,1,1
box_detour_wall,oi_face_rot_mppi,11519,256,16,0,0,1,1,1,84,0.241102,0.196001,8.86042,0,0.721523,0.720442,0.205008,17.2207,19.283,344064,0.301,0.3382,0,0.205375,0,1,1
box_detour_wall,oi_face_rot_mppi,11526,256,16,0,0,1,1,1,98,0.230296,0.0352749,8.49739,0,0.604514,0.564533,0.218779,21.4403,24.3245,401408,0.3193,0.3416,0,0.219173,0,1,1
box_detour_wall,oi_face_rot_mppi,11533,256,16,0,0,1,1,1,156,0.249734,0.179758,11.2461,0,0.621059,0.626755,0.266022,41.4994,51.0924,638976,0.5206,0.9559,0,0.266831,0,1,1
box_detour_wall,oi_face_rot_mppi,11540,256,16,0,0,1,1,1,109,0.245316,0.0878047,6.30908,0,0.643129,0.660709,0.202133,22.0325,24.8425,446464,0.2807,0.3514,0,0.202509,0,1,1
box_detour_wall,oi_face_rot_mppi,11547,256,16,0,0,1,1,1,80,0.244655,0.0632541,5.79968,0,0.589564,0.584588,0.20681,16.5448,18.5434,327680,0.3043,0.4238,0,0.207146,0,1,1
box_detour_wall,oi_face_rot_mppi,11554,256,16,0,0,1,1,1,112,0.241439,0.224169,8.87696,0,0.698841,0.679423,0.203504,22.7925,25.5676,458752,0.3039,0.3223,0,0.203836,0,1,1
box_detour_wall,oi_face_rot_mppi,11561,256,16,0,0,1,1,1,90,0.203497,0.195668,6.99114,0,0.690057,0.719179,0.213967,19.257,21.5642,368640,0.295,0.3517,0,0.214277,0,1,1
box_detour_wall,oi_face_rot_mppi,11568,256,16,0,0,1,1,1,124,0.234263,0.0321673,9.25442,0,0.601482,0.585419,0.219726,27.246,30.7731,507904,0.3242,0.8099,0,0.22004,0,1,1
box_detour_wall,oi_face_rot_mppi,11575,256,16,0,0,1,1,1,129,0.249575,0.289024,12.1615,0,0.598012,0.527878,0.210276,27.1256,30.617,528384,0.3012,0.3706,0,0.210555,0,1,1
box_detour_wall,oi_face_rot_mppi,11582,256,16,0,0,1,1,1,69,0.173435,0.243862,7.325,0,0.847929,0.962564,0.219493,15.145,16.9342,282624,0.301,0.3403,0,0.219877,0,1,1
box_detour_wall,oi_face_rot_mppi,11589,256,16,0,0,1,1,1,137,0.240277,0.122804,10.4025,0,0.643804,0.607329,0.206094,28.2349,31.7722,561152,0.3132,0.3525,0,0.206393,0,1,1
box_detour_wall,oi_face_rot_mppi,11596,256,16,0,0,1,1,1,124,0.241626,0.19352,11.0095,0,0.633541,0.606925,0.213134,26.4286,29.9123,507904,0.3089,0.3812,0,0.213475,0,1,1
box_detour_wall,oi_face_rot_mppi,11603,256,16,0,0,1,1,1,114,0.231677,0.0263516,6.83757,0,0.660077,0.672396,0.200699,22.8797,25.6591,466944,0.2864,0.3796,0,0.20103,0,1,1
box_detour_wall,oi_face_rot_mppi,11610,256,16,0,0,1,1,1,114,0.231874,0.0206772,9.17582,0,0.628093,0.632883,0.206052,23.4899,26.5337,466944,0.3178,0.4081,0,0.20638,0,1,1
box_detour_wall,oi_face_rot_mppi,11617,256,16,0,0,1,1,1,81,0.249983,0.170783,6.42127,0,0.608694,0.627639,0.202537,16.4055,17.9331,331776,0.3041,0.331,0,0.202847,0,1,1
box_detour_wall,oi_face_rot_mppi,11624,256,16,0,0,1,1,1,138,0.245156,0.0450989,9.02973,0,0.608664,0.583237,0.190528,26.2929,28.9148,565248,0.2784,0.3736,0,0.19076,0,1,1
box_detour_wall,oi_face_rot_mppi,11631,256,16,0,0,1,1,1,100,0.230922,0.113139,6.36775,0,0.629184,0.605314,0.208029,20.8029,23.448,409600,0.3122,0.4172,0,0.208433,0,1,1
box_detour_wall,oi_face_rot_mppi,11638,256,16,0,0,1,1,1,96,0.233283,0.0402876,6.58079,0,0.616326,0.567918,0.210477,20.2058,22.5171,393216,0.3247,0.433,0,0.210887,0,1,1
box_detour_wall,oi_face_rot_mppi,11645,256,16,0,0,1,1,1,90,0.242021,0.0905781,6.99704,0,0.586163,0.530851,0.209833,18.885,21.4258,368640,0.2942,0.315,0,0.210182,0,1,1
box_detour_wall,oi_face_rot_mppi,11652,256,16,0,0,1,1,1,239,0.249854,0.00981405,23.5784,0,0.768525,0.931034,0.204475,48.8696,54.3678,978944,0.2876,0.3444,0,0.204721,0,1,1
box_detour_wall,oi_face_rot_mppi,11659,256,16,0,0,1,1,1,116,0.246156,0.1391,6.90233,0,0.609691,0.589842,0.211995,24.5914,27.6516,475136,0.3255,0.4204,0,0.212347,0,1,1
box_detour_wall,oi_face_rot_near_mppi,11456,256,16,0,0,1,1,1,122,0.193518,0.0394318,8.98607,0,0.779095,1.28905,0.206174,25.1532,28.1063,499712,0.2702,0.3114,0,0.206437,0,1,1
box_detour_wall,oi_face_rot_near_mppi,11463,256,16,0,0,1,1,1,82,0.189529,0.100742,7.71553,0,0.787997,0.927005,0.204424,16.7628,18.4982,335872,0.2997,0.3434,0,0.204741,0,1,1
box_detour_wall,oi_face_rot_near_mppi,11470,256,16,0,0,1,1,1,87,0.23972,0.20877,8.7879,0,0.813636,1.09691,0.218891,19.0435,21.2473,356352,0.3033,0.3792,0,0.219203,0,1,1
box_detour_wall,oi_face_rot_near_mppi,11477,256,16,0,0,1,1,1,117,0.234942,0.0246479,9.15331,0,0.723122,1.09504,0.210669,24.6483,27.8114,479232,0.3135,0.4196,0,0.210993,0,1,1
box_detour_wall,oi_face_rot_near_mppi,11484,256,16,0,0,1,1,1,96,0.16927,0.126404,8.59588,0,0.801118,0.979345,0.198206,19.0278,21.3938,393216,0.2867,0.3743,0,0.198585,0,1,1
box_detour_wall,oi_face_rot_near_mppi,11491,256,16,0,0,1,1,1,126,0.188901,0.103021,8.61752,0,0.786196,1.28448,0.199648,25.1557,28.3196,516096,0.2742,0.3215,0,0.199965,0,1,1
box_detour_wall,oi_face_rot_near_mppi,11498,256,16,0,0,1,1,1,83,0.204504,0.0055466,5.96784,0,0.916578,1.44813,0.210651,17.484,19.8528,339968,0.285,0.3281,0,0.211048,0,1,1
box_detour_wall,oi_face_rot_near_mppi,11505,256,16,0,0,1,1,1,120,0.23806,0.202334,8.04537,0,0.832616,1.40913,0.20719,24.8628,28.2386,491520,0.2721,0.3443,0,0.207537,0,1,1
box_detour_wall,oi_face_rot_near_mppi,11512,256,16,0,0,1,1,1,87,0.193043,0.0986352,6.27718,0,0.913808,1.59256,0.198444,17.2646,19.2637,356352,0.3003,0.426,0,0.198882,0,1,1
box_detour_wall,oi_face_rot_near_mppi,11519,256,16,0,0,1,1,1,69,0.187594,0.326595,7.72624,0,0.73868,0.919049,0.20628,14.2333,15.7191,282624,0.3629,0.4027,0,0.206671,0,1,1
box_detour_wall,oi_face_rot_near_mppi,11526,256,16,0,0,1,1,1,97,0.249863,0.175152,8.11091,0,0.725274,0.902658,0.206924,20.0716,22.4979,397312,0.2962,0.3721,0,0.207323,0,1,1
box_detour_wall,oi_face_rot_near_mppi,11533,256,16,0,0,1,1,1,83,0.247008,0.172024,8.7364,0,0.809582,1.12943,0.207055,17.1856,19.1163,339968,0.3025,0.378,0,0.207441,0,1,1
box_detour_wall,oi_face_rot_near_mppi,11540,256,16,0,0,1,1,1,78,0.236238,0.11805,5.62054,0,0.951313,1.61248,0.206651,16.1188,18.0899,319488,0.2889,0.3281,0,0.207055,0,1,1
box_detour_wall,oi_face_rot_near_mppi,11547,256,16,0,0,1,1,1,64,0.246022,0.244459,5.63092,0,0.96026,1.70777,0.213436,13.6599,15.3511,262144,0.2984,0.3197,0,0.213869,0,1,1
box_detour_wall,oi_face_rot_near_mppi,11554,256,16,0,0,1,1,1,88,0.194574,0.181657,8.3572,0,0.832043,0.988466,0.201115,17.6981,19.5201,360448,0.3084,0.3469,0,0.201458,0,1,1
box_detour_wall,oi_face_rot_near_mppi,11561,256,16,0,0,1,1,1,74,0.235474,0.175491,6.66235,0,0.752102,0.912136,0.210535,15.5796,17.4216,303104,0.3082,0.3891,0,0.210905,0,1,1
box_detour_wall,oi_face_rot_near_mppi,11568,256,16,0,0,1,1,1,122,0.239737,0.0940439,9.27689,0,0.696606,0.964562,0.213478,26.0443,29.4099,499712,0.2912,0.3724,0,0.213764,0,1,1
box_detour_wall,oi_face_rot_near_mppi,11575,256,16,0,0,1,1,1,142,0.244961,0.173983,12.8237,0,0.738882,0.959307,0.205667,29.2047,33.0121,581632,0.3092,0.3625,0,0.206008,0,1,1
box_detour_wall,oi_face_rot_near_mppi,11582,256,16,0,0,1,1,1,68,0.245478,0.161679,6.98836,0,0.892564,1.17796,0.216788,14.7416,16.6563,278528,0.2967,0.3085,0,0.217331,0,1,1
box_detour_wall,oi_face_rot_near_mppi,11589,256,16,0,0,1,1,1,106,0.172513,0.098348,9.7459,0,0.746349,0.878633,0.214554,22.7427,25.7246,434176,0.3111,0.3888,0,0.215168,0,1,1
box_detour_wall,oi_face_rot_near_mppi,11596,256,16,0,0,1,1,1,115,0.186936,0.00598669,10.6082,0,0.782101,1.05998,0.201293,23.1487,25.9047,471040,0.2862,0.3153,0,0.201618,0,1,1
box_detour_wall,oi_face_rot_near_mppi,11603,256,16,0,0,1,1,1,84,0.248524,0.197478,6.80047,0,1.21595,2.57228,0.214536,18.021,20.6077,344064,0.2857,0.3107,0,0.214899,0,1,1
box_detour_wall,oi_face_rot_near_mppi,11610,256,16,0,0,1,1,1,99,0.236493,0.0548003,8.85411,0,0.761367,0.969964,0.202575,20.0549,22.672,405504,0.2886,0.3131,0,0.203132,0,1,1
box_detour_wall,oi_face_rot_near_mppi,11617,256,16,0,0,1,1,1,62,0.248005,0.0941403,6.0935,0,0.94629,1.45905,0.218363,13.5385,15.3539,253952,0.2773,0.3134,0,0.218782,0,1,1
box_detour_wall,oi_face_rot_near_mppi,11624,256,16,0,0,1,1,1,134,0.227114,0.172819,8.99765,0,0.712597,0.984144,0.195925,26.254,29.1296,548864,0.2934,0.3512,0,0.196192,0,1,1
box_detour_wall,oi_face_rot_near_mppi,11631,256,16,0,0,1,1,1,72,0.240744,0.173318,5.81583,0,0.744338,1.09723,0.240133,17.2896,19.8629,294912,0.452,0.4813,0,0.240537,0,1,1
box_detour_wall,oi_face_rot_near_mppi,11638,256,16,0,0,1,1,1,80,0.187679,0.0116535,6.03728,0,0.829766,1.29354,0.191489,15.3191,16.8322,327680,0.2711,0.3053,0,0.191786,0,1,1
box_detour_wall,oi_face_rot_near_mppi,11645,256,16,0,0,1,1,1,75,0.218771,0.0140921,6.63803,0,0.731343,0.950922,0.194283,14.5712,16.2776,307200,0.2889,0.3154,0,0.194576,0,1,1
box_detour_wall,oi_face_rot_near_mppi,11652,256,16,0,0,1,1,1,218,0.22339,0.184602,23.0316,0,0.846591,1.14231,0.216989,47.3037,52.4688,892928,0.3153,0.3753,0,0.217252,0,1,1
box_detour_wall,oi_face_rot_near_mppi,11659,256,16,0,0,1,1,1,87,0.2464,0.0764535,6.25416,0,0.842585,1.33628,0.208179,18.1116,20.3824,356352,0.3017,0.3211,0,0.208526,0,1,1
box_detour_wall_far,oi_face_auto_mppi,11756,256,16,0,0,1,1,1,56,0.243174,0.138116,7.94687,0,0.64251,0.650591,0.200684,11.2383,12.8849,229376,0.271,0.2909,0,0.201125,0,1,1
box_detour_wall_far,oi_face_auto_mppi,11763,256,16,0,0,1,1,1,99,0.240771,0.313798,11.1284,0,0.804743,0.876948,0.207542,20.5467,23.1497,405504,0.2997,0.3226,0,0.208304,0,1,1
box_detour_wall_far,oi_face_auto_mppi,11770,256,16,0,0,1,1,1,277,0.246217,0.0971484,27.2125,0,0.955387,1.41508,0.200044,55.4122,62.6004,1134592,0.2757,0.3462,0,0.200268,0,1,1
box_detour_wall_far,oi_face_auto_mppi,11777,256,16,0,0,1,1,1,125,0.24592,0.256011,10.7341,0,0.744759,0.864332,0.223456,27.932,32.3518,512000,0.3205,0.5177,0,0.223794,0,1,1
box_detour_wall_far,oi_face_auto_mppi,11784,256,16,0,0,1,1,1,146,0.217239,0.193429,12.7515,0,0.574743,0.521629,0.209366,30.5674,34.0627,598016,0.3064,0.5715,0,0.209662,0,1,1
box_detour_wall_far,oi_face_auto_mppi,11791,256,16,0,0,1,1,1,60,0.23892,0.076697,8.9203,0,0.932109,1.23305,0.19389,11.6334,13.2321,245760,0.2664,0.2788,0,0.194277,0,1,1
box_detour_wall_far,oi_face_auto_mppi,11798,256,16,0,0,0,1,0,420,0.930746,1.87136,71.8788,0,0.673135,0.804655,0.181858,76.3803,84.797,1720320,0.2656,0.3469,0,0.182023,0,1,0
box_detour_wall_far,oi_face_auto_mppi,11805,256,16,0,0,1,1,1,112,0.241149,0.0853356,12.8455,0,0.674985,0.784862,0.200215,22.4241,25.1653,458752,0.2849,0.4225,0,0.200542,0,1,1
box_detour_wall_far,oi_face_auto_mppi,11812,256,16,0,0,1,1,1,63,0.243982,0.0399286,8.56005,0,0.880099,1.14917,0.195979,12.3467,14.0668,258048,0.2596,0.3963,0,0.196419,0,1,1
box_detour_wall_far,oi_face_auto_mppi,11819,256,16,0,0,1,1,1,103,0.209273,0.313652,11.033,0,0.730926,0.781128,0.241142,24.8376,29.8715,421888,0.4956,0.6578,0,0.241503,0,1,1
box_detour_wall_far,oi_face_auto_mppi,11826,256,16,0,0,1,1,1,114,0.246481,0.127102,11.7483,0,0.64687,0.706142,0.194418,22.1637,24.7051,466944,0.2871,0.3658,0,0.194742,0,1,1
box_detour_wall_far,oi_face_auto_mppi,11833,256,16,0,0,1,1,1,189,0.207262,0.258622,14.5069,0,0.672826,0.734833,0.190329,35.9722,39.9244,774144,0.2691,0.3689,0,0.190569,0,1,1
box_detour_wall_far,oi_face_auto_mppi,11840,256,16,0,0,1,1,1,114,0.218476,0.306106,9.12577,0,0.676782,0.819039,0.199308,22.7211,25.6636,466944,0.2755,0.4666,0,0.199626,0,1,1
box_detour_wall_far,oi_face_auto_mppi,11847,256,16,0,0,1,1,1,319,0.220322,0.299428,86.4241,0,1.0284,1.60397,0.19841,63.2927,71.3514,1306624,0.2773,0.4058,0,0.198625,0,1,1
box_detour_wall_far,oi_face_auto_mppi,11854,256,16,0,0,1,1,1,55,0.236172,0.187777,8.22244,0,0.862311,1.09891,0.211233,11.6178,12.9664,225280,0.3312,0.3492,0,0.211665,0,1,1
box_detour_wall_far,oi_face_auto_mppi,11861,256,16,0,0,1,1,1,58,0.243435,0.0722444,8.36739,0,0.736428,0.86913,0.191791,11.1239,12.7122,237568,0.26,0.3089,0,0.192241,0,1,1
box_detour_wall_far,oi_face_auto_mppi,11868,256,16,0,0,1,1,1,92,0.249506,0.0950604,8.44618,0,0.700179,0.819106,0.202076,18.591,21.2048,376832,0.2705,0.3513,0,0.202471,0,1,1
box_detour_wall_far,oi_face_auto_mppi,11875,256,16,0,0,1,1,1,320,0.238496,0.253008,22.8748,0,0.727167,0.852352,0.191427,61.2568,69.024,1310720,0.2724,0.4151,0,0.191668,0,1,1
box_detour_wall_far,oi_face_auto_mppi,11882,256,16,0,0,1,1,1,95,0.241302,0.145551,9.7814,0,0.661494,0.684528,0.203167,19.3009,21.837,389120,0.3087,0.4331,0,0.203574,0,1,1
box_detour_wall_far,oi_face_auto_mppi,11889,256,16,0,0,1,1,1,155,0.175974,0.341233,13.6829,0,0.626634,0.653509,0.198824,30.8178,34.755,634880,0.3038,0.3949,0,0.199136,0,1,1
box_detour_wall_far,oi_face_auto_mppi,11896,256,16,0,0,1,1,1,112,0.231448,0.0509468,12.0734,0,0.706127,0.753356,0.197072,22.0721,24.8157,458752,0.2749,0.3177,0,0.197401,0,1,1
box_detour_wall_far,oi_face_auto_mppi,11903,256,16,0,0,1,1,1,148,0.221141,0.0222603,12.2906,0,0.645209,0.642967,0.186955,27.6694,30.751,606208,0.2669,0.3248,0,0.187209,0,1,1
box_detour_wall_far,oi_face_auto_mppi,11910,256,16,0,0,0,1,0,420,0.239606,0.483349,16.0215,0,0.621313,0.600834,0.19509,81.9377,92.5014,1720320,0.2707,0.3554,0,0.19529,0,1,0
box_detour_wall_far,oi_face_auto_mppi,11917,256,16,0,0,1,1,1,374,0.18409,0.302108,29.4042,0,0.713735,0.873247,0.18516,69.2497,77.2365,1531904,0.2803,0.3639,0,0.185359,0,1,1
box_detour_wall_far,oi_face_auto_mppi,11924,256,16,0,0,1,1,1,120,0.240335,0.0317205,11.3128,0,0.669093,0.755927,0.198608,23.833,27.0241,491520,0.3018,0.4166,0,0.198925,0,1,1
box_detour_wall_far,oi_face_auto_mppi,11931,256,16,0,0,1,1,1,117,0.0973757,0.345702,10.6278,0,0.596185,0.541581,0.199992,23.3991,26.2733,479232,0.2765,0.307,0,0.200298,0,1,1
box_detour_wall_far,oi_face_auto_mppi,11938,256,16,0,0,1,1,1,237,0.145902,0.33843,38.1039,0,0.97388,1.35674,0.200413,47.4979,53.8995,970752,0.2805,0.3949,0,0.200678,0,1,1
box_detour_wall_far,oi_face_auto_mppi,11945,256,16,0,0,1,1,1,114,0.244853,0.317742,10.538,0,0.740554,0.885081,0.200614,22.87,25.4931,466944,0.3084,0.4165,0,0.200934,0,1,1
box_detour_wall_far,oi_face_auto_mppi,11952,256,16,0,0,1,1,1,109,0.239524,0.300452,9.12212,0,0.660138,0.742719,0.199193,21.712,24.7943,446464,0.2627,0.3756,0,0.199571,0,1,1
box_detour_wall_far,oi_face_auto_mppi,11959,256,16,0,0,1,1,1,57,0.249177,0.0635071,8.30208,0,0.889856,1.27001,0.198098,11.2916,12.8364,233472,0.2634,0.3176,0,0.198611,0,1,1
box_detour_wall_far,oi_face_rot_mppi,11756,256,16,0,0,1,1,1,56,0.243174,0.138116,7.94687,0,0.64251,0.650591,0.199027,11.1455,12.6672,229376,0.2901,0.3118,0,0.199466,0,1,1
box_detour_wall_far,oi_face_rot_mppi,11763,256,16,0,0,1,1,1,245,0.227637,0.165778,51.0095,0,0.908763,1.26368,0.194488,47.6495,52.9162,1003520,0.294,0.4405,0,0.194702,0,1,1
box_detour_wall_far,oi_face_rot_mppi,11770,256,16,0,0,1,1,1,79,0.248211,0.347431,10.3406,0,0.866972,1.19733,0.185099,14.6228,16.0185,323584,0.2663,0.3037,0,0.1854,0,1,1
box_detour_wall_far,oi_face_rot_mppi,11777,256,16,0,0,1,1,1,128,0.208325,0.100027,9.93852,0,0.684189,0.775735,0.193557,24.7753,27.3338,524288,0.3037,0.3771,0,0.193813,0,1,1
box_detour_wall_far,oi_face_rot_mppi,11784,256,16,0,0,1,1,1,107,0.222756,0.0151756,12.253,0,0.580551,0.539123,0.204578,21.8898,24.7247,438272,0.2693,0.3868,0,0.204916,0,1,1
box_detour_wall_far,oi_face_rot_mppi,11791,256,16,0,0,1,1,1,60,0.23892,0.076697,8.9203,0,0.932109,1.23305,0.17527,10.5162,11.5849,245760,0.2182,0.3778,0,0.175573,0,1,1
box_detour_wall_far,oi_face_rot_mppi,11798,256,16,0,0,1,1,1,163,0.228626,0.128364,17.0173,0,0.780146,0.966987,0.199564,32.5289,36.9526,667648,0.2677,0.3474,0,0.199858,0,1,1
box_detour_wall_far,oi_face_rot_mppi,11805,256,16,0,0,1,1,1,107,0.246911,0.138392,12.7375,0,0.720454,0.860101,0.203764,21.8027,24.3805,438272,0.3099,0.4143,0,0.204077,0,1,1
box_detour_wall_far,oi_face_rot_mppi,11812,256,16,0,0,1,1,1,63,0.243982,0.0399286,8.56005,0,0.880099,1.14917,0.194035,12.2242,13.6222,258048,0.31,0.3842,0,0.194421,0,1,1
box_detour_wall_far,oi_face_rot_mppi,11819,256,16,0,0,1,1,1,115,0.247176,0.0110196,10.8093,0,0.686585,0.707378,0.188178,21.6405,23.9729,471040,0.2621,0.3783,0,0.188469,0,1,1
box_detour_wall_far,oi_face_rot_mppi,11826,256,16,0,0,1,1,1,114,0.246481,0.127102,11.7483,0,0.64687,0.706142,0.203705,23.2224,25.9172,466944,0.3017,0.3339,0,0.204052,0,1,1
box_detour_wall_far,oi_face_rot_mppi,11833,256,16,0,0,1,1,1,118,0.236337,0.0544873,13.3358,0,0.822594,1.00883,0.206765,24.3983,27.6611,483328,0.2962,0.4158,0,0.207134,0,1,1
box_detour_wall_far,oi_face_rot_mppi,11840,256,16,0,0,1,1,1,128,0.203,0.326625,9.14355,0,0.685231,0.789676,0.201943,25.8487,29.1299,524288,0.3219,0.3717,0,0.202264,0,1,1
box_detour_wall_far,oi_face_rot_mppi,11847,256,16,0,0,1,1,1,358,0.243083,0.207967,54.8239,0,0.906671,1.30385,0.198659,71.1198,80.2871,1466368,0.2767,0.3618,0,0.198877,0,1,1
box_detour_wall_far,oi_face_rot_mppi,11854,256,16,0,0,1,1,1,74,0.229907,0.249566,8.49766,0,0.783077,0.955309,0.202381,14.9762,16.9602,303104,0.284,0.4098,0,0.202773,0,1,1
box_detour_wall_far,oi_face_rot_mppi,11861,256,16,0,0,1,1,1,58,0.243435,0.0722444,8.36739,0,0.736428,0.86913,0.206081,11.9527,13.6092,237568,0.312,0.3497,0,0.206498,0,1,1
box_detour_wall_far,oi_face_rot_mppi,11868,256,16,0,0,1,1,1,83,0.245378,0.114337,8.45947,0,0.770638,0.921433,0.182953,15.1851,16.7582,339968,0.2688,0.3016,0,0.18327,0,1,1
box_detour_wall_far,oi_face_rot_mppi,11875,256,16,0,0,1,1,1,92,0.13754,0.344158,13.6632,0,0.887301,1.20396,0.185989,17.111,18.9236,376832,0.265,0.3186,0,0.186284,0,1,1
box_detour_wall_far,oi_face_rot_mppi,11882,256,16,0,0,1,1,1,78,0.233812,0.0865905,9.59221,0,0.651568,0.674682,0.203323,15.8592,17.9113,319488,0.3047,0.3321,0,0.203754,0,1,1
box_detour_wall_far,oi_face_rot_mppi,11889,256,16,0,0,1,1,1,115,0.185141,0.290207,12.7737,0,0.69418,0.746569,0.196095,22.5509,25.0041,471040,0.2681,0.3145,0,0.196382,0,1,1
box_detour_wall_far,oi_face_rot_mppi,11896,256,16,0,0,1,1,1,120,0.248668,0.0963863,12.2675,0,0.677227,0.688093,0.192553,23.1063,25.7997,491520,0.2807,0.3531,0,0.192825,0,1,1
box_detour_wall_far,oi_face_rot_mppi,11903,256,16,0,0,1,1,1,117,0.248815,0.0480005,11.8253,0,0.658582,0.662446,0.199576,23.3504,26.0758,479232,0.282,0.4054,0,0.200011,0,1,1
box_detour_wall_far,oi_face_rot_mppi,11910,256,16,0,0,1,1,1,107,0.242414,0.125061,11.0316,0,0.657885,0.689022,0.208535,22.3132,25.1773,438272,0.2884,0.3211,0,0.208921,0,1,1
box_detour_wall_far,oi_face_rot_mppi,11917,256,16,0,0,1,1,1,117,0.232186,0.184172,10.5247,0,0.692601,0.779374,0.179761,21.032,23.2995,479232,0.2655,0.3168,0,0.180038,0,1,1
box_detour_wall_far,oi_face_rot_mppi,11924,256,16,0,0,1,1,1,126,0.248204,0.190925,11.3407,0,0.677728,0.725218,0.204416,25.7564,28.8167,516096,0.2915,0.3415,0,0.204699,0,1,1
box_detour_wall_far,oi_face_rot_mppi,11931,256,16,0,0,1,1,1,105,0.24967,0.168314,10.0872,0,0.611205,0.572729,0.198181,20.809,23.4713,430080,0.2605,0.302,0,0.198518,0,1,1
box_detour_wall_far,oi_face_rot_mppi,11938,256,16,0,0,1,1,1,119,0.100445,0.336152,13.4741,0,0.725901,0.767692,0.211355,25.1513,28.0361,487424,0.3134,0.3696,0,0.211639,0,1,1
box_detour_wall_far,oi_face_rot_mppi,11945,256,16,0,0,1,1,1,119,0.213068,0.220724,10.5689,0,0.741668,0.868737,0.200339,23.8403,26.9152,487424,0.2889,0.6271,0,0.200632,0,1,1
box_detour_wall_far,oi_face_rot_mppi,11952,256,16,0,0,1,1,1,87,0.245908,0.160518,8.86396,0,0.659946,0.786269,0.209891,18.2605,20.6048,356352,0.3163,0.4004,0,0.210309,0,1,1
box_detour_wall_far,oi_face_rot_mppi,11959,256,16,0,0,1,1,1,57,0.249177,0.0635071,8.30208,0,0.889856,1.27001,0.184928,10.5409,11.6654,233472,0.2733,0.308,0,0.185163,0,1,1
box_detour_wall_far,oi_face_rot_near_mppi,11756,256,16,0,0,1,1,1,59,0.22763,0.0396874,7.93104,0,0.768851,1.03142,0.201697,11.9001,13.442,241664,0.3115,0.3146,0,0.202169,0,1,1
box_detour_wall_far,oi_face_rot_near_mppi,11763,256,16,0,0,1,1,1,80,0.197928,0.0865481,9.23302,0,0.845598,1.08708,0.218094,17.4475,19.6014,327680,0.3075,0.3541,0,0.218485,0,1,1
box_detour_wall_far,oi_face_rot_near_mppi,11770,256,16,0,0,1,1,1,85,0.238194,0.00532707,10.3311,0,0.99134,1.5699,0.214434,18.2269,20.5537,348160,0.2713,0.3761,0,0.214767,0,1,1
box_detour_wall_far,oi_face_rot_near_mppi,11777,256,16,0,0,1,1,1,103,0.236985,0.0146722,9.96817,0,1.15811,2.23533,0.19838,20.4331,22.9414,421888,0.2661,0.3271,0,0.198754,0,1,1
box_detour_wall_far,oi_face_rot_near_mppi,11784,256,16,0,0,1,1,1,126,0.244564,0.0642518,12.6149,0,0.739657,0.998585,0.19275,24.2865,27.2274,516096,0.3142,0.4397,0,0.19307,0,1,1
box_detour_wall_far,oi_face_rot_near_mppi,11791,256,16,0,0,1,1,1,54,0.24434,0.14638,8.795,0,0.962691,1.33235,0.206946,11.1751,12.2492,221184,0.343,0.3576,0,0.207296,0,1,1
box_detour_wall_far,oi_face_rot_near_mppi,11798,256,16,0,0,1,1,1,142,0.187076,0.31436,16.2025,0,0.960034,1.57537,0.186335,26.4595,29.4353,581632,0.2661,0.3181,0,0.186635,0,1,1
box_detour_wall_far,oi_face_rot_near_mppi,11805,256,16,0,0,1,1,1,116,0.189029,0.181502,12.8819,0,0.845506,1.20571,0.191111,22.1689,24.3926,475136,0.2962,0.3936,0,0.191384,0,1,1
box_detour_wall_far,oi_face_rot_near_mppi,11812,256,16,0,0,1,1,1,57,0.236548,0.0473724,8.4272,0,0.904407,1.2187,0.209433,11.9377,13.3276,233472,0.3534,0.3998,0,0.209763,0,1,1
box_detour_wall_far,oi_face_rot_near_mppi,11819,256,16,0,0,1,1,1,113,0.241569,0.05143,10.6581,0,0.876358,1.30285,0.182436,20.6153,22.4141,462848,0.2607,0.3118,0,0.182637,0,1,1
box_detour_wall_far,oi_face_rot_near_mppi,11826,256,16,0,0,1,1,1,122,0.237759,0.0664265,11.8255,0,0.779312,1.22289,0.186535,22.7573,24.8262,499712,0.2856,0.3222,0,0.186741,0,1,1
box_detour_wall_far,oi_face_rot_near_mppi,11833,256,16,0,0,1,1,1,107,0.249866,0.287425,13.1255,0,0.907114,1.31603,0.203597,21.7849,24.2867,438272,0.3046,0.3236,0,0.203904,0,1,1
box_detour_wall_far,oi_face_rot_near_mppi,11840,256,16,0,0,1,1,1,73,0.230186,0.050624,8.38531,0,0.934771,1.52636,0.202426,14.7771,16.7002,299008,0.3008,0.3448,0,0.20283,0,1,1
box_detour_wall_far,oi_face_rot_near_mppi,11847,256,16,0,0,1,1,1,117,0.191841,0.253294,13.8704,0,0.872106,1.30919,0.203214,23.776,26.8235,479232,0.2707,0.4415,0,0.203548,0,1,1
box_detour_wall_far,oi_face_rot_near_mppi,11854,256,16,0,0,1,1,1,77,0.231626,0.00804617,8.46067,0,0.905763,1.3835,0.194796,14.9993,17.1644,315392,0.2724,0.3515,0,0.195266,0,1,1
box_detour_wall_far,oi_face_rot_near_mppi,11861,256,16,0,0,1,1,1,54,0.213545,0.0626069,8.2763,0,0.725877,0.908043,0.21032,11.3573,13.0095,221184,0.2811,0.3154,0,0.210917,0,1,1
box_detour_wall_far,oi_face_rot_near_mppi,11868,256,16,0,0,1,1,1,65,0.206258,0.275392,8.24855,0,1.09276,1.7743,0.211126,13.7232,15.5563,266240,0.2746,0.3276,0,0.211615,0,1,1
box_detour_wall_far,oi_face_rot_near_mppi,11875,256,16,0,0,1,1,1,86,0.159791,0.330908,13.3892,0,0.891895,1.32714,0.203805,17.5272,19.9691,352256,0.2773,0.3018,0,0.20424,0,1,1
box_detour_wall_far,oi_face_rot_near_mppi,11882,256,16,0,0,1,1,1,84,0.248259,0.279108,9.66231,0,0.834394,1.14653,0.203057,17.0568,19.4155,344064,0.2856,0.3488,0,0.203402,0,1,1
box_detour_wall_far,oi_face_rot_near_mppi,11889,256,16,0,0,1,1,1,108,0.247092,0.205338,12.6822,0,0.812563,1.0468,0.206248,22.2748,25.1852,442368,0.2796,0.3926,0,0.206632,0,1,1
box_detour_wall_far,oi_face_rot_near_mppi,11896,256,16,0,0,1,1,1,146,0.212525,0.156178,12.4641,0,0.880891,1.42529,0.195158,28.493,31.685,598016,0.278,0.3451,0,0.195453,0,1,1
box_detour_wall_far,oi_face_rot_near_mppi,11903,256,16,0,0,1,1,1,129,0.241236,0.19045,11.9363,0,0.767877,1.0966,0.206894,26.6893,30.4862,528384,0.2876,0.3634,0,0.207203,0,1,1
box_detour_wall_far,oi_face_rot_near_mppi,11910,256,16,0,0,1,1,1,141,0.159932,0.194041,11.235,0,0.731019,1.07044,0.213462,30.0981,33.8575,577536,0.3015,0.3298,0,0.213736,0,1,1
box_detour_wall_far,oi_face_rot_near_mppi,11917,256,16,0,0,1,1,1,114,0.207361,0.0117826,10.4418,0,0.80658,1.13099,0.19056,21.7238,23.9265,466944,0.2949,0.3391,0,0.190809,0,1,1
box_detour_wall_far,oi_face_rot_near_mppi,11924,256,16,0,0,1,1,1,125,0.241787,0.0480107,11.5538,0,0.863364,1.48852,0.205878,25.7347,29.0184,512000,0.2819,0.3133,0,0.206219,0,1,1
box_detour_wall_far,oi_face_rot_near_mppi,11931,256,16,0,0,1,1,1,79,0.246626,0.179814,9.6311,0,0.706327,0.759394,0.210953,16.6653,18.9026,323584,0.299,0.3151,0,0.211385,0,1,1
box_detour_wall_far,oi_face_rot_near_mppi,11938,256,16,0,0,1,1,1,86,0.163788,0.307856,11.6965,0,0.837328,1.03428,0.212623,18.2856,20.3645,352256,0.3019,0.3538,0,0.213006,0,1,1
box_detour_wall_far,oi_face_rot_near_mppi,11945,256,16,0,0,1,1,1,94,0.217298,0.0584561,10.1629,0,0.856991,1.20686,0.207864,19.5392,22.0262,385024,0.2795,0.323,0,0.208366,0,1,1
box_detour_wall_far,oi_face_rot_near_mppi,11952,256,16,0,0,1,1,1,91,0.199053,0.101048,8.80727,0,0.874494,1.3818,0.19182,17.4556,19.2912,372736,0.2684,0.3402,0,0.192088,0,1,1
box_detour_wall_far,oi_face_rot_near_mppi,11959,256,16,0,0,1,1,1,53,0.240471,0.139352,8.2073,0,0.980814,1.45782,0.18797,9.9624,10.8645,217088,0.303,0.3376,0,0.188266,0,1,1
box_detour_wall_left,oi_face_auto_mppi,11656,256,16,0,0,1,1,1,89,0.241797,0.0551782,7.39534,0,0.642451,0.654988,0.206493,18.3779,20.2844,364544,0.3133,0.329,0,0.206785,0,1,1
box_detour_wall_left,oi_face_auto_mppi,11663,256,16,0,0,1,1,1,134,0.239322,0.316826,13.3491,0,0.787333,1.10448,0.208035,27.8767,31.3586,548864,0.2941,0.3452,0,0.208349,0,1,1
box_detour_wall_left,oi_face_auto_mppi,11670,256,16,0,0,1,1,1,60,0.236684,0.124982,6.08497,0,0.59865,0.476874,0.209287,12.5572,14.1817,245760,0.2864,0.3421,0,0.209662,0,1,1
box_detour_wall_left,oi_face_auto_mppi,11677,256,16,0,0,1,1,1,106,0.18967,0.262941,11.4689,0,0.72188,0.750838,0.215309,22.8228,25.7163,434176,0.2967,0.331,0,0.215754,0,1,1
box_detour_wall_left,oi_face_auto_mppi,11684,256,16,0,0,1,1,1,94,0.245365,0.12618,7.10933,0,0.541157,0.420859,0.212009,19.9288,22.5786,385024,0.3114,0.3386,0,0.212362,0,1,1
box_detour_wall_left,oi_face_auto_mppi,11691,256,16,0,0,1,1,1,78,0.155982,0.338265,8.05679,0,0.735629,0.752297,0.213354,16.6416,18.7804,319488,0.2723,0.2905,0,0.213729,0,1,1
box_detour_wall_left,oi_face_auto_mppi,11698,256,16,0,0,1,1,1,84,0.218109,0.216142,8.91954,0,0.71732,0.750607,0.207901,17.4637,19.7015,344064,0.2671,0.4259,0,0.208312,0,1,1
box_detour_wall_left,oi_face_auto_mppi,11705,256,16,0,0,0,1,0,420,0.139892,0.544332,13.3192,0,0.629402,0.594515,0.188111,79.0068,87.2251,1720320,0.2706,0.4206,0,0.18828,0,1,0
box_detour_wall_left,oi_face_auto_mppi,11712,256,16,0,0,0,1,0,420,0.322441,0.352987,15.4368,0,0.618166,0.60659,0.190006,79.8027,88.5211,1720320,0.2826,0.3732,0,0.190173,0,1,0
box_detour_wall_left,oi_face_auto_mppi,11719,256,16,0,0,1,1,1,55,0.227889,0.160712,5.66167,0,0.657835,0.628825,0.216587,11.9123,13.4925,225280,0.3201,0.3438,0,0.21704,0,1,1
box_detour_wall_left,oi_face_auto_mppi,11726,256,16,0,0,1,1,1,248,0.196152,0.3316,19.7006,0,0.714593,0.890435,0.203666,50.5091,56.51,1015808,0.2984,0.344,0,0.203887,0,1,1
box_detour_wall_left,oi_face_auto_mppi,11733,256,16,0,0,1,1,1,86,0.236133,0.115343,6.72638,0,0.773729,0.984663,0.205,17.63,19.945,352256,0.3054,0.4077,0,0.205437,0,1,1
box_detour_wall_left,oi_face_auto_mppi,11740,256,16,0,0,1,1,1,104,0.228018,0.300687,8.70706,0,0.678311,0.721814,0.207653,21.5959,24.2033,425984,0.2989,0.4168,0,0.208005,0,1,1
box_detour_wall_left,oi_face_auto_mppi,11747,256,16,0,0,1,1,1,118,0.248078,0.235918,7.77844,0,0.62943,0.655635,0.191877,22.6415,25.5462,483328,0.279,0.3087,0,0.192208,0,1,1
box_detour_wall_left,oi_face_auto_mppi,11754,256,16,0,0,1,1,1,86,0.242156,0.136344,7.50093,0,0.655136,0.68134,0.206758,17.7812,20.0225,352256,0.2836,0.3242,0,0.207126,0,1,1
box_detour_wall_left,oi_face_auto_mppi,11761,256,16,0,0,1,1,1,127,0.243303,0.163945,8.60976,0,0.681392,0.688216,0.182456,23.1719,25.4685,520192,0.2657,0.3234,0,0.182695,0,1,1
box_detour_wall_left,oi_face_auto_mppi,11768,256,16,0,0,1,1,1,101,0.236214,0.0520601,6.99775,0,0.690728,0.733073,0.193556,19.5492,21.4833,413696,0.3006,0.3142,0,0.193856,0,1,1
box_detour_wall_left,oi_face_auto_mppi,11775,256,16,0,0,1,1,1,53,0.244804,0.11404,5.57689,0,0.657426,0.603872,0.187047,9.9135,10.9239,217088,0.3187,0.3585,0,0.187338,0,1,1
box_detour_wall_left,oi_face_auto_mppi,11782,256,16,0,0,1,1,1,345,0.22419,0.139632,19.596,0,0.666519,0.68922,0.195522,67.4552,75.5976,1413120,0.2717,1.1234,0,0.195738,0,1,1
box_detour_wall_left,oi_face_auto_mppi,11789,256,16,0,0,1,1,1,114,0.222208,0.264172,9.71012,0,0.76163,0.850869,0.201876,23.0139,25.9204,466944,0.3002,0.3336,0,0.202211,0,1,1
box_detour_wall_left,oi_face_auto_mppi,11796,256,16,0,0,1,1,1,106,0.243166,0.115982,8.14645,0,0.653129,0.689555,0.205189,21.75,24.2253,434176,0.2749,0.4003,0,0.20551,0,1,1
box_detour_wall_left,oi_face_auto_mppi,11803,256,16,0,0,1,1,1,141,0.215021,0.00257039,9.71373,0,0.606179,0.59121,0.203458,28.6876,32.2407,577536,0.2968,0.3577,0,0.203719,0,1,1
box_detour_wall_left,oi_face_auto_mppi,11810,256,16,0,0,1,1,1,91,0.246091,0.121968,6.86865,0,0.733578,0.78983,0.202679,18.4438,20.4177,372736,0.2991,0.3785,0,0.202995,0,1,1
box_detour_wall_left,oi_face_auto_mppi,11817,256,16,0,0,1,1,1,62,0.232384,0.0663127,6.00007,0,0.733708,0.859339,0.198089,12.2815,13.7055,253952,0.2669,0.3307,0,0.198494,0,1,1
box_detour_wall_left,oi_face_auto_mppi,11824,256,16,0,0,0,1,0,420,0.186959,0.373286,9.26203,0,0.620638,0.613882,0.170303,71.5272,78.2205,1720320,0.2575,0.3323,0,0.170435,0,1,0
box_detour_wall_left,oi_face_auto_mppi,11831,256,16,0,0,1,1,1,144,0.248882,0.182245,13.1561,0,0.791842,1.03907,0.190989,27.5024,30.5231,589824,0.2909,0.3438,0,0.191248,0,1,1
box_detour_wall_left,oi_face_auto_mppi,11838,256,16,0,0,1,1,1,105,0.227455,0.347258,8.1072,0,0.606142,0.541139,0.215294,22.6059,25.6413,430080,0.2684,0.3892,0,0.215725,0,1,1
box_detour_wall_left,oi_face_auto_mppi,11845,256,16,0,0,1,1,1,99,0.247828,0.326534,8.70972,0,0.648099,0.607592,0.207748,20.567,23.3917,405504,0.278,0.459,0,0.208136,0,1,1
box_detour_wall_left,oi_face_auto_mppi,11852,256,16,0,0,1,1,1,90,0.247917,0.110552,6.31586,0,0.687018,0.770092,0.204451,18.4006,21.03,368640,0.2609,0.3293,0,0.204841,0,1,1
box_detour_wall_left,oi_face_auto_mppi,11859,256,16,0,0,1,1,1,97,0.235544,0.180686,8.6156,0,0.692572,0.675326,0.199987,19.3987,21.9808,397312,0.3036,0.3338,0,0.200404,0,1,1
box_detour_wall_left,oi_face_rot_mppi,11656,256,16,0,0,1,1,1,90,0.209023,0.0314727,7.43153,0,0.617818,0.633113,0.213074,19.1767,21.8143,368640,0.3093,0.317,0,0.213713,0,1,1
box_detour_wall_left,oi_face_rot_mppi,11663,256,16,0,0,1,1,1,83,0.246551,0.193635,8.99308,0,0.633943,0.670161,0.213951,17.7579,20.0677,339968,0.2932,0.3535,0,0.214348,0,1,1
box_detour_wall_left,oi_face_rot_mppi,11670,256,16,0,0,1,1,1,83,0.247756,0.124959,6.55367,0,0.535405,0.38667,0.204989,17.0141,19.5505,339968,0.2606,0.4524,0,0.205451,0,1,1
box_detour_wall_left,oi_face_rot_mppi,11677,256,16,0,0,1,1,1,106,0.195944,0.280167,11.578,0,0.715936,0.753102,0.211597,22.4293,25.0546,434176,0.2924,0.47,0,0.211982,0,1,1
box_detour_wall_left,oi_face_rot_mppi,11684,256,16,0,0,1,1,1,106,0.247863,0.263715,7.1546,0,0.512756,0.440856,0.208493,22.1003,25.1885,434176,0.302,0.3435,0,0.208946,0,1,1
box_detour_wall_left,oi_face_rot_mppi,11691,256,16,0,0,1,1,1,78,0.181467,0.299498,8.01507,0,0.745944,0.81395,0.217327,16.9515,19.2311,319488,0.3079,0.4042,0,0.217781,0,1,1
box_detour_wall_left,oi_face_rot_mppi,11698,256,16,0,0,1,1,1,80,0.246213,0.149545,8.30402,0,0.802554,0.871737,0.222561,17.8049,20.2192,327680,0.3119,0.3712,0,0.22304,0,1,1
box_detour_wall_left,oi_face_rot_mppi,11705,256,16,0,0,1,1,1,116,0.211825,0.170545,9.23427,0,0.606307,0.526761,0.196886,22.8388,26.1062,475136,0.2694,0.3378,0,0.197303,0,1,1
box_detour_wall_left,oi_face_rot_mppi,11712,256,16,0,0,1,1,1,123,0.232721,0.110283,11.457,0,0.679147,0.76958,0.204309,25.13,28.115,503808,0.3043,0.3671,0,0.204654,0,1,1
box_detour_wall_left,oi_face_rot_mppi,11719,256,16,0,0,1,1,1,55,0.206628,0.11067,5.6548,0,0.687434,0.652117,0.220449,12.1247,13.7383,225280,0.3071,0.329,0,0.220909,0,1,1
box_detour_wall_left,oi_face_rot_mppi,11726,256,16,0,0,1,1,1,193,0.249279,0.0262051,18.7536,0,0.737415,0.888897,0.223506,43.1367,48.9903,790528,0.3069,0.3926,0,0.223801,0,1,1
box_detour_wall_left,oi_face_rot_mppi,11733,256,16,0,0,1,1,1,83,0.218898,0.177756,6.27722,0,0.694649,0.772503,0.215537,17.8896,20.7665,339968,0.2991,0.3243,0,0.216081,0,1,1
box_detour_wall_left,oi_face_rot_mppi,11740,256,16,0,0,1,1,1,97,0.19268,0.0339994,8.63843,0,0.686543,0.754486,0.248799,24.1335,27.8716,397312,0.4213,0.9197,0,0.249285,0,1,1
box_detour_wall_left,oi_face_rot_mppi,11747,256,16,0,0,1,1,1,118,0.235531,0.0349628,7.60631,0,0.638706,0.662666,0.212996,25.1335,28.8003,483328,0.2911,0.3574,0,0.213359,0,1,1
box_detour_wall_left,oi_face_rot_mppi,11754,256,16,0,0,1,1,1,97,0.237297,0.0520584,7.64823,0,0.675964,0.701472,0.211877,20.5521,23.397,397312,0.2959,0.3734,0,0.212335,0,1,1
box_detour_wall_left,oi_face_rot_mppi,11761,256,16,0,0,1,1,1,102,0.240471,0.102587,7.64615,0,0.604897,0.568112,0.21065,21.4863,24.4506,417792,0.2909,0.3045,0,0.211077,0,1,1
box_detour_wall_left,oi_face_rot_mppi,11768,256,16,0,0,1,1,1,63,0.237923,0.0512689,6.55866,0,0.764277,0.838486,0.241898,15.2396,17.3883,258048,0.3386,0.6011,0,0.24249,0,1,1
box_detour_wall_left,oi_face_rot_mppi,11775,256,16,0,0,1,1,1,82,0.237571,0.00481841,5.94855,0,0.577479,0.487504,0.215877,17.7019,20.1498,335872,0.2667,0.3164,0,0.216346,0,1,1
box_detour_wall_left,oi_face_rot_mppi,11782,256,16,0,0,1,1,1,131,0.23752,0.308808,10.7655,0,0.643027,0.639137,0.219325,28.7316,32.6286,536576,0.3039,0.3433,0,0.219679,0,1,1
box_detour_wall_left,oi_face_rot_mppi,11789,256,16,0,0,1,1,1,100,0.237649,0.256788,9.34413,0,0.75596,0.864408,0.203755,20.3755,23.183,409600,0.2839,0.3233,0,0.204193,0,1,1
box_detour_wall_left,oi_face_rot_mppi,11796,256,16,0,0,1,1,1,124,0.224957,0.294851,8.3619,0,0.638885,0.66105,0.197598,24.5022,27.4121,507904,0.3033,0.359,0,0.197899,0,1,1
box_detour_wall_left,oi_face_rot_mppi,11803,256,16,0,0,1,1,1,143,0.216819,0.0604912,9.71137,0,0.652386,0.651362,0.212977,30.4557,34.4993,585728,0.3072,0.6277,0,0.213366,0,1,1
box_detour_wall_left,oi_face_rot_mppi,11810,256,16,0,0,1,1,1,102,0.226162,0.23885,7.03916,0,0.679595,0.695852,0.195504,19.9414,22.1589,417792,0.3118,0.4019,0,0.195799,0,1,1
box_detour_wall_left,oi_face_rot_mppi,11817,256,16,0,0,1,1,1,108,0.240362,0.107499,6.74986,0,0.660059,0.699729,0.208083,22.473,25.3201,442368,0.275,0.3425,0,0.20844,0,1,1
box_detour_wall_left,oi_face_rot_mppi,11824,256,16,0,0,1,1,1,96,0.245011,0.00298051,6.16078,0,0.64612,0.705499,0.215829,20.7196,23.597,393216,0.3045,0.3329,0,0.216305,0,1,1
box_detour_wall_left,oi_face_rot_mppi,11831,256,16,0,0,1,1,1,132,0.23892,0.279427,11.7614,0,0.743876,0.873615,0.213883,28.2326,32.0968,540672,0.291,0.4327,0,0.214227,0,1,1
box_detour_wall_left,oi_face_rot_mppi,11838,256,16,0,0,1,1,1,103,0.214121,0.287953,8.16416,0,0.626331,0.618996,0.20469,21.0831,23.8805,421888,0.3064,0.3974,0,0.205166,0,1,1
box_detour_wall_left,oi_face_rot_mppi,11845,256,16,0,0,1,1,1,96,0.243318,0.228407,8.68115,0,0.592584,0.511189,0.212871,20.4356,22.9863,393216,0.3093,0.444,0,0.213503,0,1,1
box_detour_wall_left,oi_face_rot_mppi,11852,256,16,0,0,1,1,1,95,0.247979,0.0905354,6.22845,0,0.674094,0.664783,0.210145,19.9638,22.6204,389120,0.3588,0.4362,0,0.210629,0,1,1
box_detour_wall_left,oi_face_rot_mppi,11859,256,16,0,0,1,1,1,99,0.217489,0.158136,8.6977,0,0.698543,0.69092,0.216276,21.4113,23.9099,405504,0.3149,0.3484,0,0.216657,0,1,1
box_detour_wall_left,oi_face_rot_near_mppi,11656,256,16,0,0,1,1,1,79,0.189631,0.027051,7.16104,0,0.702897,0.85127,0.219208,17.3174,19.4829,323584,0.3525,0.4017,0,0.219773,0,1,1
box_detour_wall_left,oi_face_rot_near_mppi,11663,256,16,0,0,1,1,1,69,0.239659,0.228105,8.17117,0,0.737305,1.16139,0.223967,15.4537,17.1902,282624,0.2988,0.3515,0,0.22438,0,1,1
box_detour_wall_left,oi_face_rot_near_mppi,11670,256,16,0,0,1,1,1,71,0.210379,0.0447273,6.33846,0,0.751335,0.924778,0.214538,15.2322,17.1432,290816,0.3212,0.325,0,0.215027,0,1,1
box_detour_wall_left,oi_face_rot_near_mppi,11677,256,16,0,0,1,1,1,103,0.245639,0.0946791,10.9494,0,0.804756,0.985932,0.199588,20.5576,22.8783,421888,0.2833,0.3272,0,0.199946,0,1,1
box_detour_wall_left,oi_face_rot_near_mppi,11684,256,16,0,0,1,1,1,85,0.245328,0.195018,6.86363,0,0.647928,0.847343,0.201451,17.1233,19.0892,348160,0.2993,0.3771,0,0.201843,0,1,1
box_detour_wall_left,oi_face_rot_near_mppi,11691,256,16,0,0,1,1,1,82,0.236267,0.0371435,7.52757,0,0.79881,1.00076,0.216817,17.779,19.9511,335872,0.3079,0.3769,0,0.217212,0,1,1
box_detour_wall_left,oi_face_rot_near_mppi,11698,256,16,0,0,1,1,1,81,0.247954,0.175156,8.09413,0,0.778624,0.989542,0.225259,18.246,20.4374,331776,0.3163,0.3547,0,0.225661,0,1,1
box_detour_wall_left,oi_face_rot_near_mppi,11705,256,16,0,0,1,1,1,104,0.221077,0.074997,9.11898,0,0.708467,0.820517,0.209382,21.7757,24.6486,425984,0.3066,0.521,0,0.209758,0,1,1
box_detour_wall_left,oi_face_rot_near_mppi,11712,256,16,0,0,1,1,1,141,0.222092,0.239323,11.5218,0,1.01785,2.09633,0.207504,29.258,32.8554,577536,0.3566,0.4362,0,0.207841,0,1,1
box_detour_wall_left,oi_face_rot_near_mppi,11719,256,16,0,0,1,1,1,51,0.23816,0.18439,5.58352,0,0.867553,1.03915,0.220769,11.2592,12.5814,208896,0.3741,0.397,0,0.221198,0,1,1
box_detour_wall_left,oi_face_rot_near_mppi,11726,256,16,0,0,1,1,1,205,0.227647,0.188356,18.9973,0,0.782397,1.11127,0.199925,40.9846,45.2149,839680,0.3034,0.3814,0,0.200149,0,1,1
box_detour_wall_left,oi_face_rot_near_mppi,11733,256,16,0,0,1,1,1,84,0.194508,0.197665,6.44611,0,0.872624,1.26017,0.213708,17.9515,20.3176,344064,0.2979,0.3453,0,0.214098,0,1,1
box_detour_wall_left,oi_face_rot_near_mppi,11740,256,16,0,0,1,1,1,86,0.207431,0.0782848,8.4144,0,0.825906,1.13418,0.219213,18.8523,21.1209,352256,0.2974,0.3547,0,0.21958,0,1,1
box_detour_wall_left,oi_face_rot_near_mppi,11747,256,16,0,0,1,1,1,120,0.22378,0.0709476,7.7388,0,0.751931,1.08029,0.199328,23.9193,26.7854,491520,0.2971,0.3607,0,0.199638,0,1,1
box_detour_wall_left,oi_face_rot_near_mppi,11754,256,16,0,0,1,1,1,99,0.236962,0.0162558,7.77006,0,0.927946,1.47873,0.191319,18.9406,20.7683,405504,0.2935,0.3269,0,0.191622,0,1,1
box_detour_wall_left,oi_face_rot_near_mppi,11761,256,16,0,0,1,1,1,117,0.249809,0.216077,8.12448,0,1.0418,2.18679,0.203303,23.7864,26.8321,479232,0.2886,0.4228,0,0.203633,0,1,1
box_detour_wall_left,oi_face_rot_near_mppi,11768,256,16,0,0,1,1,1,59,0.239656,0.215427,6.44776,0,0.84694,1.01318,0.22161,13.075,14.6836,241664,0.3252,0.3467,0,0.221975,0,1,1
box_detour_wall_left,oi_face_rot_near_mppi,11775,256,16,0,0,1,1,1,59,0.228025,0.117421,5.64036,0,0.753443,0.829432,0.197658,11.6618,13.1774,241664,0.2785,0.341,0,0.197986,0,1,1
box_detour_wall_left,oi_face_rot_near_mppi,11782,256,16,0,0,1,1,1,120,0.223978,0.066858,10.56,0,0.79956,1.15738,0.198812,23.8575,26.6831,491520,0.3017,0.3256,0,0.199087,0,1,1
box_detour_wall_left,oi_face_rot_near_mppi,11789,256,16,0,0,1,1,1,106,0.240658,0.219601,9.64874,0,0.902698,1.30159,0.200127,21.2135,23.9576,434176,0.2724,0.3599,0,0.200507,0,1,1
box_detour_wall_left,oi_face_rot_near_mppi,11796,256,16,0,0,1,1,1,97,0.230683,0.0669592,7.76954,0,0.810472,1.20231,0.216259,20.9771,23.6337,397312,0.3182,0.3438,0,0.216625,0,1,1
box_detour_wall_left,oi_face_rot_near_mppi,11803,256,16,0,0,1,1,1,133,0.219833,0.0340503,9.89665,0,0.887755,1.53218,0.209256,27.8311,31.3638,544768,0.2851,0.3793,0,0.20958,0,1,1
box_detour_wall_left,oi_face_rot_near_mppi,11810,256,16,0,0,1,1,1,159,0.24342,0.0424257,9.53373,0,0.961419,1.59752,0.201951,32.1102,35.857,651264,0.3144,0.4112,0,0.202226,0,1,1
box_detour_wall_left,oi_face_rot_near_mppi,11817,256,16,0,0,1,1,1,73,0.233035,0.0674472,6.20493,0,0.9535,1.44629,0.202892,14.8111,16.688,299008,0.3022,0.4203,0,0.203305,0,1,1
box_detour_wall_left,oi_face_rot_near_mppi,11824,256,16,0,0,1,1,1,51,0.243793,0.134955,5.43532,0,0.703439,0.804313,0.194639,9.9266,10.8349,208896,0.294,0.374,0,0.194996,0,1,1
box_detour_wall_left,oi_face_rot_near_mppi,11831,256,16,0,0,1,1,1,80,0.0963979,0.306412,8.68017,0,0.768582,0.938779,0.20567,16.4536,18.0821,327680,0.3106,0.3389,0,0.206056,0,1,1
box_detour_wall_left,oi_face_rot_near_mppi,11838,256,16,0,0,1,1,1,100,0.238403,0.218756,8.36876,0,0.727456,0.937569,0.19798,19.798,22.033,409600,0.3022,0.3729,0,0.198322,0,1,1
box_detour_wall_left,oi_face_rot_near_mppi,11845,256,16,0,0,1,1,1,83,0.238077,0.050184,8.30844,0,0.648316,0.650872,0.206448,17.1352,19.2239,339968,0.3099,0.4647,0,0.206829,0,1,1
box_detour_wall_left,oi_face_rot_near_mppi,11852,256,16,0,0,1,1,1,73,0.249714,0.102045,6.00981,0,1.07097,1.95536,0.210301,15.352,17.103,299008,0.295,0.3183,0,0.210651,0,1,1
box_detour_wall_left,oi_face_rot_near_mppi,11859,256,16,0,0,1,1,1,87,0.225115,0.208873,8.39916,0,0.744303,0.80028,0.210914,18.3495,20.5975,356352,0.3157,0.4095,0,0.211232,0,1,1
box_open_turn,oi_face_auto_mppi,11856,256,16,0,0,0,1,0,420,0.249164,0.536139,45.3124,0,0.816672,1.03593,0.170377,71.5583,81.8384,1720320,0.2555,0.3876,0,0.170572,0,1,0
box_open_turn,oi_face_auto_mppi,11863,256,16,0,0,1,1,1,85,0.186151,0.134457,7.29132,0,0.765378,0.874405,0.150474,12.7903,14.3667,348160,0.2207,0.2764,0,0.150756,0,1,1
box_open_turn,oi_face_auto_mppi,11870,256,16,0,0,1,1,1,193,0.178348,0.241807,24.8241,0,0.71557,0.863184,0.157118,30.3238,34.209,790528,0.2505,0.3788,0,0.157351,0,1,1
box_open_turn,oi_face_auto_mppi,11877,256,16,0,0,0,1,0,420,0.0879957,0.863637,15.3561,0,0.64473,0.633894,0.168848,70.9161,81.3389,1720320,0.2527,0.3529,0,0.169029,0,1,0
box_open_turn,oi_face_auto_mppi,11884,256,16,0,0,1,1,1,103,0.0515215,0.245689,7.47597,0,0.757974,0.892497,0.170991,17.6121,20.1145,421888,0.2679,0.361,0,0.171332,0,1,1
box_open_turn,oi_face_auto_mppi,11891,256,16,0,0,1,1,1,190,0.0363064,0.246837,20.045,0,0.707257,0.746413,0.157419,29.9097,33.5464,778240,0.2487,0.3268,0,0.15766,0,1,1
box_open_turn,oi_face_auto_mppi,11898,256,16,0,0,1,1,1,225,0.122646,0.244991,11.6232,0,0.621359,0.699183,0.155969,35.093,39.4919,921600,0.2479,0.316,0,0.156204,0,1,1
box_open_turn,oi_face_auto_mppi,11905,256,16,0,0,1,1,1,161,0.0452529,0.246613,11.0043,0,0.677562,0.687951,0.171772,27.6553,31.6686,659456,0.2548,0.3016,0,0.17206,0,1,1
box_open_turn,oi_face_auto_mppi,11912,256,16,0,0,1,1,1,112,0.163649,0.210755,6.80153,0,0.661281,0.68404,0.175152,19.617,22.4947,458752,0.2686,0.3966,0,0.175525,0,1,1
box_open_turn,oi_face_auto_mppi,11919,256,16,0,0,1,1,1,84,0.12214,0.238275,7.02165,0,0.683251,0.714712,0.145392,12.2129,13.6869,344064,0.2373,0.2575,0,0.145779,0,1,1
box_open_turn,oi_face_auto_mppi,11926,256,16,0,0,1,1,1,184,0.0576306,0.226069,12.3006,0,0.769269,0.886407,0.170778,31.4231,36.0892,753664,0.2526,0.4078,0,0.171068,0,1,1
box_open_turn,oi_face_auto_mppi,11933,256,16,0,0,1,1,1,186,0.0517796,0.229973,23.3462,0,0.831935,1.08041,0.169973,31.6149,36.2002,761856,0.2565,0.3349,0,0.170241,0,1,1
box_open_turn,oi_face_auto_mppi,11940,256,16,0,0,1,1,1,180,0.0980914,0.174833,19.4719,0,0.773049,0.976931,0.16703,30.0654,34.3667,737280,0.2457,0.2677,0,0.167305,0,1,1
box_open_turn,oi_face_auto_mppi,11947,256,16,0,0,1,1,1,89,0.0864211,0.168268,7.77458,0,0.858486,1.06951,0.143322,12.7557,14.0533,364544,0.2413,0.2532,0,0.143549,0,1,1
box_open_turn,oi_face_auto_mppi,11954,256,16,0,0,1,1,1,102,0.0580451,0.246459,7.4278,0,0.883424,1.20079,0.158266,16.1431,17.9586,417792,0.2506,0.2916,0,0.158577,0,1,1
box_open_turn,oi_face_auto_mppi,11961,256,16,0,0,1,1,1,359,0.0409732,0.241454,16.5143,0,0.752338,0.96635,0.162056,58.1782,65.8512,1470464,0.2518,0.3369,0,0.162244,0,1,1
box_open_turn,oi_face_auto_mppi,11968,256,16,0,0,1,1,1,97,0.15706,0.16882,7.38238,0,0.698181,0.73875,0.17305,16.7859,19.5454,397312,0.255,0.2936,0,0.173427,0,1,1
box_open_turn,oi_face_auto_mppi,11975,256,16,0,0,1,1,1,160,0.247096,0.116254,8.88628,0,0.801772,0.974798,0.165674,26.5079,30.2984,655360,0.2566,0.3157,0,0.16598,0,1,1
box_open_turn,oi_face_auto_mppi,11982,256,16,0,0,1,1,1,176,0.115015,0.229383,11.424,0,0.702437,0.765335,0.176406,31.0475,35.4509,720896,0.259,0.364,0,0.176693,0,1,1
box_open_turn,oi_face_auto_mppi,11989,256,16,0,0,1,1,1,158,0.240027,0.158899,11.2192,0,0.690151,0.746074,0.169365,26.7597,30.9547,647168,0.2462,0.3046,0,0.169662,0,1,1
box_open_turn,oi_face_auto_mppi,11996,256,16,0,0,1,1,1,118,0.144476,0.245648,7.95296,0,0.669895,0.686983,0.17131,20.2146,23.1532,483328,0.2494,0.2735,0,0.171642,0,1,1
box_open_turn,oi_face_auto_mppi,12003,256,16,0,0,1,1,1,101,0.241859,0.039682,8.54974,0,0.678631,0.677827,0.172414,17.4138,19.9011,413696,0.251,0.3332,0,0.172809,0,1,1
box_open_turn,oi_face_auto_mppi,12010,256,16,0,0,1,1,1,93,0.10692,0.189553,7.0859,0,0.811673,1.01243,0.163526,15.2079,16.9279,380928,0.2755,0.3352,0,0.163772,0,1,1
box_open_turn,oi_face_auto_mppi,12017,256,16,0,0,1,1,1,279,0.0951227,0.228233,26.6046,0,0.813427,1.05374,0.170829,47.6613,54.3634,1142784,0.2597,0.5818,0,0.171028,0,1,1
box_open_turn,oi_face_auto_mppi,12024,256,16,0,0,1,1,1,151,0.246313,0.229434,8.25764,0,0.667965,0.687093,0.171416,25.8838,29.8541,618496,0.2582,0.3106,0,0.171766,0,1,1
box_open_turn,oi_face_auto_mppi,12031,256,16,0,0,1,1,1,71,0.0876546,0.240524,7.93654,0,0.868053,1.00844,0.187137,13.2867,15.1028,290816,0.2681,0.3605,0,0.187615,0,1,1
box_open_turn,oi_face_auto_mppi,12038,256,16,0,0,1,1,1,191,0.0628781,0.233928,12.4854,0,0.625369,0.607728,0.162925,31.1187,35.8688,782336,0.2478,0.3349,0,0.163219,0,1,1
box_open_turn,oi_face_auto_mppi,12045,256,16,0,0,1,1,1,134,0.156485,0.22616,8.48234,0,0.665531,0.80026,0.165354,22.1574,25.5541,548864,0.2523,0.342,0,0.165839,0,1,1
box_open_turn,oi_face_auto_mppi,12052,256,16,0,0,0,1,0,420,0.0692092,0.610669,15.3362,0,0.727629,0.897145,0.172676,72.5241,83.849,1720320,0.2523,0.6808,0,0.17292,0,1,0
box_open_turn,oi_face_auto_mppi,12059,256,16,0,0,1,1,1,143,0.157834,0.24463,6.16644,0,0.564561,0.496868,0.164355,23.5028,26.8009,585728,0.2512,0.3004,0,0.16469,0,1,1
box_open_turn,oi_face_rot_mppi,11856,256,16,0,0,1,1,1,119,0.229806,0.00396609,6.98871,0,0.671446,0.707128,0.175837,20.9246,24.0457,487424,0.2536,0.3365,0,0.176216,0,1,1
box_open_turn,oi_face_rot_mppi,11863,256,16,0,0,1,1,1,62,0.24997,0.0747126,7.06058,0,0.746692,0.805878,0.16609,10.2976,11.8633,253952,0.2032,0.2212,0,0.16651,0,1,1
box_open_turn,oi_face_rot_mppi,11870,256,16,0,0,1,1,1,218,0.0976653,0.205276,25.8825,0,0.709365,0.830906,0.176277,38.4284,44.5686,892928,0.2518,0.3309,0,0.176597,0,1,1
box_open_turn,oi_face_rot_mppi,11877,256,16,0,0,1,1,1,60,0.22482,0.171158,6.18915,0,0.898975,1.16748,0.182738,10.9643,12.7297,245760,0.2661,0.3052,0,0.183263,0,1,1
box_open_turn,oi_face_rot_mppi,11884,256,16,0,0,1,1,1,132,0.192547,0.22417,9.6964,0,0.810793,0.937974,0.170476,22.5029,25.9129,540672,0.2596,0.3285,0,0.170795,0,1,1
box_open_turn,oi_face_rot_mppi,11891,256,16,0,0,1,1,1,214,0.241715,0.15396,20.5964,0,0.64438,0.659765,0.173209,37.0667,43.2504,876544,0.2504,0.3331,0,0.173489,0,1,1
box_open_turn,oi_face_rot_mppi,11898,256,16,0,0,1,1,1,67,0.169132,0.2355,7.62416,0,0.867344,1.16193,0.194133,13.0069,15.3076,274432,0.3268,0.4416,0,0.194703,0,1,1
box_open_turn,oi_face_rot_mppi,11905,256,16,0,0,1,1,1,127,0.208579,0.0793185,9.83877,0,0.655324,0.63957,0.17671,22.4422,26.1526,520192,0.2502,0.391,0,0.17707,0,1,1
box_open_turn,oi_face_rot_mppi,11912,256,16,0,0,1,1,1,108,0.174387,0.237864,6.92351,0,0.671447,0.663366,0.159515,17.2276,19.788,442368,0.2459,0.3238,0,0.159834,0,1,1
box_open_turn,oi_face_rot_mppi,11919,256,16,0,0,1,1,1,95,0.12138,0.220467,7.79462,0,0.724955,0.7648,0.224906,21.3661,25.8996,389120,0.4494,0.9254,0,0.225434,0,1,1
box_open_turn,oi_face_rot_mppi,11926,256,16,0,0,1,1,1,133,0.222491,0.169165,9.88749,0,0.724408,0.793064,0.177655,23.6281,27.1143,544768,0.2422,0.2895,0,0.178142,0,1,1
box_open_turn,oi_face_rot_mppi,11933,256,16,0,0,1,1,1,186,0.115519,0.171866,23.285,0,0.811874,1.04612,0.177416,32.9994,39.5706,761856,0.2662,0.3319,0,0.177754,0,1,1
box_open_turn,oi_face_rot_mppi,11940,256,16,0,0,1,1,1,191,0.235749,0.0614693,19.6718,0,0.749299,0.925061,0.182982,34.9496,40.9458,782336,0.2643,0.4903,0,0.183296,0,1,1
box_open_turn,oi_face_rot_mppi,11947,256,16,0,0,1,1,1,72,0.237667,0.0143068,7.80844,0,0.864356,1.10326,0.200911,14.4656,17.3842,294912,0.3006,0.4076,0,0.201437,0,1,1
box_open_turn,oi_face_rot_mppi,11954,256,16,0,0,1,1,1,66,0.137596,0.248981,7.16401,0,0.953727,1.36239,0.205548,13.5662,16.0737,270336,0.3152,0.3718,0,0.206127,0,1,1
box_open_turn,oi_face_rot_mppi,11961,256,16,0,0,1,1,1,128,0.182843,0.24592,11.1301,0,0.765329,0.918086,0.180843,23.1479,26.9592,524288,0.2526,0.3573,0,0.181255,0,1,1
box_open_turn,oi_face_rot_mppi,11968,256,16,0,0,1,1,1,87,0.144874,0.134784,7.71969,0,0.716014,0.73121,0.179708,15.6346,18.5903,356352,0.2756,0.411,0,0.180187,0,1,1
box_open_turn,oi_face_rot_mppi,11975,256,16,0,0,1,1,1,66,0.244226,0.0134397,7.06595,0,0.91761,1.13846,0.197035,13.0043,15.2547,270336,0.2583,0.7907,0,0.197648,0,1,1
box_open_turn,oi_face_rot_mppi,11982,256,16,0,0,1,1,1,94,0.0187527,0.214012,8.46539,0,0.749569,0.801943,0.212556,19.9803,24.0507,385024,0.3079,0.4682,0,0.213022,0,1,1
box_open_turn,oi_face_rot_mppi,11989,256,16,0,0,1,1,1,128,0.233721,0.0220335,9.57177,0,0.686315,0.747797,0.177297,22.694,26.0652,524288,0.257,0.352,0,0.177676,0,1,1
box_open_turn,oi_face_rot_mppi,11996,256,16,0,0,1,1,1,61,0.0670453,0.231218,6.73875,0,0.846704,0.987027,0.180756,11.0261,12.6797,249856,0.2416,0.5499,0,0.181274,0,1,1
box_open_turn,oi_face_rot_mppi,12003,256,16,0,0,1,1,1,60,0.209838,0.245291,6.35087,0,0.792384,0.848694,0.189942,11.3965,13.3505,245760,0.2676,0.3349,0,0.190453,0,1,1
box_open_turn,oi_face_rot_mppi,12010,256,16,0,0,1,1,1,130,0.21713,0.04976,8.70098,0,0.715901,0.7693,0.200192,26.025,31.0129,532480,0.2996,0.5382,0,0.20173,0,1,1
box_open_turn,oi_face_rot_mppi,12017,256,16,0,0,1,1,1,81,0.247218,0.220454,8.37027,0,0.793924,0.919576,0.184764,14.9659,17.3934,331776,0.2743,0.3041,0,0.1852,0,1,1
box_open_turn,oi_face_rot_mppi,12024,256,16,0,0,1,1,1,155,0.197723,0.223422,7.49621,0,0.60229,0.564579,0.18567,28.7789,33.2911,634880,0.2858,0.3675,0,0.185994,0,1,1
box_open_turn,oi_face_rot_mppi,12031,256,16,0,0,1,1,1,73,0.223768,0.16651,7.9982,0,0.881671,1.07338,0.183647,13.4062,15.6122,299008,0.284,0.3624,0,0.184115,0,1,1
box_open_turn,oi_face_rot_mppi,12038,256,16,0,0,1,1,1,144,0.210882,0.24204,10.4927,0,0.639862,0.600664,0.178626,25.7221,29.9341,589824,0.254,0.3385,0,0.179007,0,1,1
box_open_turn,oi_face_rot_mppi,12045,256,16,0,0,1,1,1,58,0.236385,0.0841014,7.19631,0,0.866882,1.18121,0.20199,11.7154,13.8455,237568,0.3338,0.595,0,0.2025,0,1,1
box_open_turn,oi_face_rot_mppi,12052,256,16,0,0,1,1,1,137,0.0734475,0.219659,11.4168,0,0.743581,0.94954,0.178687,24.4801,28.2179,561152,0.2661,0.329,0,0.179006,0,1,1
box_open_turn,oi_face_rot_mppi,12059,256,16,0,0,1,1,1,78,0.199347,0.132619,5.13591,0,0.563391,0.519635,0.176577,13.773,15.8955,319488,0.2585,0.4139,0,0.177023,0,1,1
box_open_turn,oi_face_rot_near_mppi,11856,256,16,0,0,1,1,1,46,0.117223,0.210485,5.90207,0,0.951219,1.24232,0.194424,8.9435,10.3459,188416,0.2684,0.8381,0,0.195093,0,1,1
box_open_turn,oi_face_rot_near_mppi,11863,256,16,0,0,1,1,1,107,0.241672,0.0140685,7.79541,0,0.805654,1.17451,0.17624,18.8577,21.8789,438272,0.254,0.3714,0,0.176625,0,1,1
box_open_turn,oi_face_rot_near_mppi,11870,256,16,0,0,1,1,1,190,0.214969,0.164716,24.6199,0,0.807317,1.19926,0.178886,33.9883,39.9155,778240,0.2575,0.7487,0,0.179195,0,1,1
box_open_turn,oi_face_rot_near_mppi,11877,256,16,0,0,1,1,1,54,0.187499,0.0608995,6.19068,0,1.03728,1.5556,0.184337,9.9542,11.4202,221184,0.2754,1.3794,0,0.184772,0,1,1
box_open_turn,oi_face_rot_near_mppi,11884,256,16,0,0,1,1,1,88,0.116955,0.187931,7.80122,0,1.45462,4.09854,0.191901,16.8873,19.5241,360448,0.2849,0.3374,0,0.192666,0,1,1
box_open_turn,oi_face_rot_near_mppi,11891,256,16,0,0,1,1,1,186,0.145808,0.104254,20.1001,0,0.772165,1.00587,0.186334,34.6581,41.471,761856,0.2546,0.5523,0,0.18665,0,1,1
box_open_turn,oi_face_rot_near_mppi,11898,256,16,0,0,1,1,1,56,0.225073,0.0414311,7.39673,0,0.996418,1.59722,0.189943,10.6368,12.4932,229376,0.2826,0.3738,0,0.191132,0,1,1
box_open_turn,oi_face_rot_near_mppi,11905,256,16,0,0,1,1,1,65,0.210881,0.138935,8.96305,0,0.859917,1.08495,0.200629,13.0409,15.5077,266240,0.3276,0.3642,0,0.201206,0,1,1
box_open_turn,oi_face_rot_near_mppi,11912,256,16,0,0,1,1,1,62,0.0891901,0.237236,5.64728,0,0.820381,1.16807,0.163252,10.1216,11.7449,253952,0.2047,0.2578,0,0.163734,0,1,1
box_open_turn,oi_face_rot_near_mppi,11919,256,16,0,0,1,1,1,90,0.0310424,0.203222,7.46511,0,1.3369,3.61138,0.180919,16.2827,18.9943,368640,0.2704,0.3348,0,0.181382,0,1,1
box_open_turn,oi_face_rot_near_mppi,11926,256,16,0,0,1,1,1,101,0.226776,0.0152996,9.87581,0,0.835745,1.08635,0.190371,19.2275,23.1518,413696,0.2886,0.4099,0,0.190813,0,1,1
box_open_turn,oi_face_rot_near_mppi,11933,256,16,0,0,1,1,1,182,0.229153,0.0637649,23.1873,0,0.983134,1.67271,0.184121,33.51,38.9544,745472,0.2486,0.3233,0,0.184458,0,1,1
box_open_turn,oi_face_rot_near_mppi,11940,256,16,0,0,1,1,1,179,0.0632329,0.225037,19.5049,0,0.862191,1.32752,0.190164,34.0393,39.7376,733184,0.2713,0.3383,0,0.190518,0,1,1
box_open_turn,oi_face_rot_near_mppi,11947,256,16,0,0,1,1,1,59,0.228128,0.243139,7.37836,0,0.927851,1.34297,0.167561,9.8861,11.4171,241664,0.2517,0.3178,0,0.168002,0,1,1
box_open_turn,oi_face_rot_near_mppi,11954,256,16,0,0,1,1,1,84,0.221055,0.246954,7.41848,0,1.19114,2.95047,0.187279,15.7314,17.9738,344064,0.3021,0.5209,0,0.187638,0,1,1
box_open_turn,oi_face_rot_near_mppi,11961,256,16,0,0,1,1,1,75,0.0866587,0.233436,10.5007,0,0.977071,1.34525,0.171891,12.8918,15.0637,307200,0.2171,0.2411,0,0.172333,0,1,1
box_open_turn,oi_face_rot_near_mppi,11968,256,16,0,0,1,1,1,103,0.229476,0.244473,7.5599,0,0.989699,1.97267,0.186924,19.2532,22.4772,421888,0.2663,0.3237,0,0.187362,0,1,1
box_open_turn,oi_face_rot_near_mppi,11975,256,16,0,0,1,1,1,72,0.241509,0.0559747,7.04908,0,1.088,1.92044,0.17384,12.5165,14.4146,294912,0.2723,0.3091,0,0.174258,0,1,1
box_open_turn,oi_face_rot_near_mppi,11982,256,16,0,0,1,1,1,67,0.0909139,0.144612,7.39967,0,0.915309,1.29831,0.174861,11.7157,13.7092,274432,0.2401,0.265,0,0.175466,0,1,1
box_open_turn,oi_face_rot_near_mppi,11989,256,16,0,0,1,1,1,122,0.247831,0.0682334,10.8425,0,0.80685,1.08074,0.16756,20.4423,23.507,499712,0.2547,0.4941,0,0.167888,0,1,1
box_open_turn,oi_face_rot_near_mppi,11996,256,16,0,0,1,1,1,70,0.206261,0.210442,7.02453,0,0.870414,1.18092,0.173363,12.1354,13.9975,286720,0.2685,0.2967,0,0.173839,0,1,1
box_open_turn,oi_face_rot_near_mppi,12003,256,16,0,0,1,1,1,54,0.159492,0.244752,6.12559,0,0.998347,1.54097,0.162639,8.7825,10.0337,221184,0.2589,0.3212,0,0.16305,0,1,1
box_open_turn,oi_face_rot_near_mppi,12010,256,16,0,0,1,1,1,93,0.0688241,0.209182,7.80013,0,0.998633,2.02009,0.21051,19.5774,23.2565,380928,0.3514,0.5692,0,0.210912,0,1,1
box_open_turn,oi_face_rot_near_mppi,12017,256,16,0,0,1,1,1,108,0.243196,0.17186,9.0989,0,0.933704,1.5884,0.174457,18.8414,21.836,442368,0.2488,0.2964,0,0.174827,0,1,1
box_open_turn,oi_face_rot_near_mppi,12024,256,16,0,0,1,1,1,75,0.225217,0.119586,6.58007,0,0.811711,1.07445,0.176251,13.2188,15.4069,307200,0.2497,0.2927,0,0.176624,0,1,1
box_open_turn,oi_face_rot_near_mppi,12031,256,16,0,0,1,1,1,66,0.235343,0.116339,7.40671,0,0.911801,1.22873,0.173617,11.4587,13.5208,270336,0.2147,0.3289,0,0.17422,0,1,1
box_open_turn,oi_face_rot_near_mppi,12038,256,16,0,0,1,1,1,99,0.241059,0.0116068,8.47241,0,0.90624,1.3835,0.185217,18.3365,21.3035,405504,0.2588,0.2904,0,0.185709,0,1,1
box_open_turn,oi_face_rot_near_mppi,12045,256,16,0,0,1,1,1,57,0.249203,0.096217,7.00651,0,1.00777,1.74483,0.164761,9.3914,10.9195,233472,0.2184,0.2898,0,0.165123,0,1,1
box_open_turn,oi_face_rot_near_mppi,12052,256,16,0,0,1,1,1,72,0.249706,0.0240723,8.80539,0,0.975292,1.57687,0.179617,12.9324,15.3161,294912,0.257,0.3224,0,0.180442,0,1,1
box_open_turn,oi_face_rot_near_mppi,12059,256,16,0,0,1,1,1,60,0.221315,0.128081,4.85188,0,0.797937,1.27777,0.214088,12.8453,15.4876,245760,0.4128,0.6196,0,0.214498,0,1,1
