tag,height,seed,scan,box,cls_mlp,iou,centre
v1,0.8,1,0,1,1,0.43304,0.74977
v1,0.8,1,0,2,1,0.69243,0.19437
v1,0.8,1,1,0,0,0.66371,0.34049
v1,0.8,1,1,1,0,0.39149,0.79032
v1,0.8,1,1,2,-1,0.88813,0.03531
v1,0.8,1,1,4,1,0.77574,0.23211
v1,0.8,1,2,0,1,0.54916,0.27656
v1,0.8,1,2,2,1,0.63963,0.66155
v1,0.8,1,2,4,-1,0.01069,1.81999
v1,0.8,1,3,0,0,0.62073,0.67268
v1,0.8,1,3,4,1,0.94014,0.04640
v1,0.8,1,4,0,0,0.69678,0.40895
v1,0.8,1,4,2,-1,0.03108,0.95531
v1,0.8,1,4,4,1,0.89863,0.06576
v1,0.8,1,5,0,1,0.36099,2.28820
v1,0.8,1,5,1,-1,0.07735,1.96146
v1,0.8,1,5,4,-1,0.04628,2.08779
v1,0.8,1,6,0,1,0.50138,1.00598
v1,0.8,1,6,1,-1,0.00581,2.15172
v1,0.8,1,6,2,1,0.30287,1.05204
v1,0.8,1,6,4,-1,0.01506,1.33706
v1,0.8,1,7,0,0,0.69351,0.31365
v1,0.8,1,7,2,-1,0.08483,0.83107
v1,0.8,1,7,4,0,0.75061,0.77872
v1,0.8,2,0,0,0,0.68776,0.36105
v1,0.8,2,0,1,1,0.22422,1.25195
v1,0.8,2,0,2,0,0.24282,2.17050
v1,0.8,2,0,4,0,0.29674,1.16769
v1,0.8,2,1,0,1,0.58343,0.35021
v1,0.8,2,1,1,1,0.48743,0.33976
v1,0.8,2,1,2,-1,0.01094,1.66962
v1,0.8,2,2,0,0,0.86271,0.28212
v1,0.8,2,2,1,1,0.33193,1.02874
v1,0.8,2,2,2,-1,0.00499,1.66194
v1,0.8,2,2,4,1,0.52385,0.55036
v1,0.8,2,3,0,1,0.74273,0.48093
v1,0.8,2,3,1,1,0.63586,0.82918
v1,0.8,2,4,0,1,0.74381,0.35230
v1,0.8,2,4,1,1,0.63586,0.80233
v1,0.8,2,4,4,-1,0.00314,2.06563
v1,0.8,2,5,0,1,0.72694,0.47773
v1,0.8,2,5,1,1,0.63586,0.83547
v1,0.8,2,5,2,1,0.29897,0.80784
v1,0.8,2,6,0,1,0.55660,0.62706
v1,0.8,2,6,1,1,0.50616,0.73222
v1,0.8,2,6,2,1,0.19566,2.11021
v1,0.8,2,7,0,1,0.53432,0.37966
v1,0.8,2,7,1,1,0.63586,0.82735
v1,0.8,2,7,2,1,0.60424,0.02367
v1,0.8,3,0,0,-1,0.00649,2.43886
v1,0.8,3,0,1,1,0.69487,0.72992
v1,0.8,3,0,2,1,0.49965,0.82025
v1,0.8,3,1,0,-1,0.10462,2.19322
v1,0.8,3,1,1,1,0.63794,0.75014
v1,0.8,3,1,2,-1,0.01157,2.19992
v1,0.8,3,1,4,-1,0.10967,2.51647
v1,0.8,3,2,0,1,0.43193,1.37445
v1,0.8,3,2,1,1,0.69487,0.40584
v1,0.8,3,2,2,1,0.60543,0.39888
v1,0.8,3,3,1,1,0.52526,0.79428
v1,0.8,3,3,2,1,0.60543,0.82839
v1,0.8,3,4,0,1,0.55869,1.24231
v1,0.8,3,4,1,1,0.66935,0.72786
v1,0.8,3,4,2,1,0.56267,0.85083
v1,0.8,3,5,0,1,0.63788,0.82367
v1,0.8,3,5,1,1,0.66940,0.74985
v1,0.8,3,5,2,-1,0.01431,2.12031
v1,0.8,3,6,0,1,0.65718,0.40441
v1,0.8,3,6,1,1,0.52912,0.71687
v1,0.8,3,6,2,1,0.60543,0.55979
v1,0.8,3,6,4,-1,0.01851,2.78342
v1,0.8,3,7,0,0,0.94661,0.05060
v1,0.8,3,7,1,0,0.65940,0.14686
v1,0.8,3,7,2,-1,0.85311,0.19558
v1,0.8,3,7,4,1,0.53857,0.55699
v1,0.8,4,0,0,-1,0.00042,2.17167
v1,0.8,4,0,1,0,0.67965,0.33065
v1,0.8,4,0,4,1,0.38602,0.83169
v1,0.8,4,1,0,1,0.43043,0.51401
v1,0.8,4,1,2,1,0.68542,0.58892
v1,0.8,4,2,0,0,0.82819,0.19563
v1,0.8,4,2,1,0,0.92253,0.11161
v1,0.8,4,2,2,-1,0.02137,2.31400
v1,0.8,4,2,4,1,0.34876,0.17225
v1,0.8,4,3,0,1,0.24055,2.04652
v1,0.8,4,3,1,1,0.62572,0.71584
v1,0.8,4,3,2,1,0.46958,0.51368
v1,0.8,4,4,0,1,0.55033,0.82542
v1,0.8,4,4,1,-1,0.07447,1.18156
v1,0.8,4,4,2,1,0.57543,0.54160
v1,0.8,4,4,4,-1,0.00629,2.84442
v1,0.8,4,5,1,1,0.24510,0.56347
v1,0.8,4,5,4,1,0.88979,0.03608
v1,0.8,4,6,0,1,0.31201,2.58779
v1,0.8,4,6,1,1,0.66788,0.69550
v1,0.8,4,6,2,1,0.58995,0.38691
v1,0.8,4,6,4,-1,0.00299,0.98669
v1,0.8,4,7,0,1,0.29994,0.84365
v1,0.8,4,7,1,1,0.63549,0.64304
v1,0.8,4,7,2,1,0.62699,0.64460
v1,0.8,5,0,0,-1,0.01193,2.47819
v1,0.8,5,0,1,1,0.61163,0.99454
v1,0.8,5,0,2,1,0.48464,0.43418
v1,0.8,5,1,0,1,0.08044,4.03066
v1,0.8,5,1,1,1,0.56967,0.95964
v1,0.8,5,1,2,1,0.59174,0.19175
v1,0.8,5,2,0,1,0.67403,0.42508
v1,0.8,5,2,1,-1,0.01377,1.33441
v1,0.8,5,2,2,1,0.60776,0.74965
v1,0.8,5,3,0,1,0.59572,0.33489
v1,0.8,5,3,1,1,0.52762,0.97514
v1,0.8,5,3,2,1,0.40103,2.00750
v1,0.8,5,3,4,-1,0.00553,1.80451
v1,0.8,5,4,0,1,0.55657,0.35993
v1,0.8,5,4,1,1,0.46479,0.97497
v1,0.8,5,4,2,1,0.35546,2.27827
v1,0.8,5,4,4,-1,0.00552,3.13783
v1,0.8,5,5,0,1,0.56743,0.34114
v1,0.8,5,5,1,-1,0.02391,1.16369
v1,0.8,5,5,2,1,0.22123,2.07772
v1,0.8,5,6,0,1,0.49195,0.42874
v1,0.8,5,6,1,1,0.58214,0.95544
v1,0.8,5,6,2,1,0.58833,0.21806
v1,0.8,5,6,4,-1,0.00316,3.08663
v1,0.8,5,7,0,1,0.43811,0.39656
v1,0.8,5,7,1,-1,0.28580,1.45952
v1,0.8,5,7,2,1,0.65506,0.70593
v1,0.8,6,0,0,0,0.82778,0.24529
v1,0.8,6,0,1,0,0.43728,0.81964
v1,0.8,6,0,2,-1,0.00651,1.51442
v1,0.8,6,0,4,1,0.84074,0.21325
v1,0.8,6,1,0,1,0.57134,0.44863
v1,0.8,6,1,1,1,0.39780,0.34338
v1,0.8,6,1,2,1,0.66021,0.66845
v1,0.8,6,2,4,1,0.93725,0.12807
v1,0.8,6,3,0,1,0.50744,0.85028
v1,0.8,6,3,1,1,0.57847,0.42800
v1,0.8,6,3,4,-1,0.01286,1.51622
v1,0.8,6,4,1,1,0.21039,1.50433
v1,0.8,6,4,2,1,0.43822,0.68633
v1,0.8,6,5,0,1,0.55889,0.90345
v1,0.8,6,5,1,-1,0.00568,2.50811
v1,0.8,6,5,2,1,0.22210,2.02869
v1,0.8,6,5,4,-1,0.01566,1.35413
v1,0.8,6,6,0,0,0.67763,0.33287
v1,0.8,6,6,1,0,0.44195,0.67565
v1,0.8,6,6,2,-1,0.07915,0.83799
v1,0.8,6,6,4,1,0.80174,0.24846
v1,0.8,6,7,0,0,0.79188,0.12671
v1,0.8,6,7,1,0,0.73936,0.29508
v1,0.8,6,7,2,-1,0.27169,0.65704
v1,0.8,6,7,4,1,0.67689,0.26310
v1,0.8,7,0,1,1,0.64897,0.78283
v1,0.8,7,0,4,1,0.71772,0.33430
v1,0.8,7,1,0,1,0.45473,0.91289
v1,0.8,7,1,1,-1,0.31116,1.48212
v1,0.8,7,1,2,1,0.28176,1.08721
v1,0.8,7,2,0,1,0.37154,0.78150
v1,0.8,7,2,1,-1,0.00881,2.17432
v1,0.8,7,2,2,1,0.61608,0.30618
v1,0.8,7,2,4,-1,0.47518,1.54736
v1,0.8,7,3,0,0,0.43524,0.67538
v1,0.8,7,3,1,0,0.34289,0.95657
v1,0.8,7,3,4,1,0.19254,2.32469
v1,0.8,7,4,1,-1,0.44793,0.45150
v1,0.8,7,5,1,0,0.46648,0.19522
v1,0.8,7,5,4,1,0.60639,0.27128
v1,0.8,7,6,0,1,0.28551,0.55352
v1,0.8,7,6,1,1,0.64897,0.80206
v1,0.8,7,6,2,1,0.28028,0.55470
v1,0.8,7,7,4,1,0.83614,0.26127
v1,0.8,8,0,0,1,0.57692,0.57111
v1,0.8,8,0,1,1,0.62734,0.73842
v1,0.8,8,0,2,1,0.15787,2.42433
v1,0.8,8,1,0,1,0.45965,0.83880
v1,0.8,8,1,1,1,0.62626,0.71695
v1,0.8,8,1,2,1,0.60431,0.75317
v1,0.8,8,2,0,0,0.42083,0.72848
v1,0.8,8,2,1,1,0.33221,0.78335
v1,0.8,8,2,4,-1,0.01115,2.81955
v1,0.8,8,3,0,-1,0.01553,2.21153
v1,0.8,8,3,1,1,0.61420,0.76711
v1,0.8,8,3,2,1,0.56392,0.73572
v1,0.8,8,4,0,1,0.34049,0.99466
v1,0.8,8,4,1,1,0.62734,0.74471
v1,0.8,8,4,2,1,0.51251,0.71885
v1,0.8,8,5,0,1,0.64953,0.83442
v1,0.8,8,5,1,1,0.62734,0.75287
v1,0.8,8,5,4,-1,0.00317,2.33548
v1,0.8,8,6,0,0,0.79801,0.17279
v1,0.8,8,6,1,0,0.51807,0.48068
v1,0.8,8,6,2,0,0.72035,0.64723
v1,0.8,8,6,4,1,0.93898,0.11020
v1,0.8,8,7,0,1,0.64869,0.83227
v1,0.8,8,7,1,1,0.62734,0.75679
v1,0.8,9,0,0,0,0.91995,0.07142
v1,0.8,9,0,1,0,0.53742,0.45901
v1,0.8,9,0,2,-1,0.91592,0.07472
v1,0.8,9,0,4,1,0.51209,0.63965
v1,0.8,9,1,0,1,0.53894,0.70527
v1,0.8,9,1,2,-1,0.01787,2.07039
v1,0.8,9,2,1,1,0.38784,0.77832
v1,0.8,9,2,2,-1,0.00572,2.28922
v1,0.8,9,3,0,1,0.34676,0.65955
v1,0.8,9,3,1,1,0.41072,0.96531
v1,0.8,9,3,2,1,0.59210,0.87007
v1,0.8,9,4,0,1,0.67455,0.37091
v1,0.8,9,4,1,-1,0.40662,0.56110
v1,0.8,9,4,2,1,0.59210,0.88690
v1,0.8,9,5,0,0,0.91970,0.07062
v1,0.8,9,5,1,0,0.34904,0.68858
v1,0.8,9,5,2,-1,0.84266,0.17023
v1,0.8,9,5,4,1,0.61342,0.46422
v1,0.8,9,6,0,0,0.91281,0.07819
v1,0.8,9,6,1,0,0.76834,0.26315
v1,0.8,9,6,2,-1,0.94273,0.04697
v1,0.8,9,6,4,1,0.55443,0.55110
v1,0.8,9,7,0,1,0.67455,0.06194
v1,0.8,9,7,1,-1,0.02364,1.95803
v1,0.8,9,7,2,-1,0.03233,2.12820
v1,0.8,9,7,4,-1,0.00272,2.92742
v1,0.8,10,0,0,1,0.36126,0.91977
v1,0.8,10,0,1,1,0.66648,0.47458
v1,0.8,10,0,2,1,0.61631,0.07394
v1,0.8,10,1,0,0,0.86448,0.12859
v1,0.8,10,1,1,1,0.39865,0.63550
v1,0.8,10,1,2,0,0.91305,0.10157
v1,0.8,10,1,4,1,0.88386,0.22241
v1,0.8,10,2,0,1,0.61518,0.51243
v1,0.8,10,2,1,1,0.37325,0.52451
v1,0.8,10,2,4,-1,0.00585,3.11479
v1,0.8,10,3,0,1,0.02183,3.13960
v1,0.8,10,3,1,1,0.62406,0.57090
v1,0.8,10,3,2,1,0.20106,2.12641
v1,0.8,10,4,0,1,0.47627,0.58458
v1,0.8,10,4,1,-1,0.01893,1.47496
v1,0.8,10,4,2,1,0.61631,0.86531
v1,0.8,10,5,0,1,0.23959,2.08027
v1,0.8,10,5,1,1,0.60587,0.36364
v1,0.8,10,5,2,-1,0.01400,1.32402
v1,0.8,10,6,0,1,0.49575,0.85947
v1,0.8,10,6,1,1,0.66648,0.70119
v1,0.8,10,6,2,1,0.60513,0.91783
v1,0.8,10,7,1,1,0.60815,0.35785
v1,0.8,10,7,2,1,0.60120,0.86401
v1,0.8,11,0,0,1,0.45823,0.51867
v1,0.8,11,0,1,1,0.46746,0.39935
v1,0.8,11,0,2,1,0.71441,0.55854
v1,0.8,11,0,4,-1,0.00924,3.26469
v1,0.8,11,1,0,1,0.56889,0.63939
v1,0.8,11,1,1,-1,0.06597,1.14073
v1,0.8,11,1,2,1,0.51912,0.74441
v1,0.8,11,1,4,-1,0.18431,2.54045
v1,0.8,11,2,0,1,0.66941,0.38398
v1,0.8,11,2,1,-1,0.01366,1.07738
v1,0.8,11,2,2,1,0.42983,0.63638
v1,0.8,11,3,0,0,0.74906,0.19608
v1,0.8,11,3,1,1,0.24408,2.04321
v1,0.8,11,3,2,0,0.57198,0.64165
v1,0.8,11,3,4,-1,0.00956,3.19160
v1,0.8,11,4,0,1,0.50891,0.47299
v1,0.8,11,4,1,-1,0.00876,1.43444
v1,0.8,11,4,2,1,0.70451,0.54161
v1,0.8,11,5,0,1,0.45673,0.52229
v1,0.8,11,5,1,1,0.54757,0.65293
v1,0.8,11,6,0,1,0.62750,0.53153
v1,0.8,11,6,1,1,0.61478,0.93078
v1,0.8,11,6,2,1,0.75946,0.55316
v1,0.8,11,7,0,0,0.87561,0.23588
v1,0.8,11,7,1,1,0.20317,2.29399
v1,0.8,11,7,2,0,0.67008,0.72003
v1,0.8,11,7,4,-1,0.06046,2.94372
v1,0.8,12,0,0,1,0.64668,0.24917
v1,0.8,12,0,1,-1,0.03492,2.28509
v1,0.8,12,0,2,1,0.64347,0.68310
v1,0.8,12,1,1,1,0.67664,0.75931
v1,0.8,12,1,2,1,0.42480,0.51793
v1,0.8,12,2,0,1,0.70440,0.37062
v1,0.8,12,2,1,-1,0.00936,2.17491
v1,0.8,12,2,2,1,0.48377,0.38280
v1,0.8,12,2,4,-1,0.13487,2.38967
v1,0.8,12,3,0,-1,0.01220,2.43763
v1,0.8,12,3,1,-1,0.01141,2.18095
v1,0.8,12,3,2,1,0.63871,0.61964
v1,0.8,12,3,4,-1,0.00800,1.33836
v1,0.8,12,4,0,1,0.55704,0.37623
v1,0.8,12,4,4,-1,0.01561,1.19277
v1,0.8,12,5,0,1,0.35453,0.98335
v1,0.8,12,5,2,1,0.39939,0.71439
v1,0.8,12,5,4,-1,0.01908,3.01815
v1,0.8,12,6,0,1,0.59225,0.18098
v1,0.8,12,6,1,1,0.44553,0.52235
v1,0.8,12,7,0,1,0.47872,0.51062
v1,0.8,12,7,1,1,0.49613,0.88258
v1,0.8,13,0,2,-1,0.01492,0.93289
v1,0.8,13,1,0,1,0.44511,1.14736
v1,0.8,13,1,1,-1,0.01122,2.37938
v1,0.8,13,1,2,1,0.73042,0.01661
v1,0.8,13,2,0,1,0.75518,0.09218
v1,0.8,13,2,1,-1,0.01083,2.50826
v1,0.8,13,2,2,1,0.73042,0.36689
v1,0.8,13,3,1,0,0.64339,0.30972
v1,0.8,13,3,4,1,0.79719,0.21674
v1,0.8,13,4,0,1,0.62516,0.46903
v1,0.8,13,4,1,-1,0.01107,2.37520
v1,0.8,13,4,2,1,0.21153,2.26534
v1,0.8,13,5,0,1,0.65984,0.35231
v1,0.8,13,5,1,-1,0.01091,2.37803
v1,0.8,13,5,2,1,0.62443,0.25087
v1,0.8,13,6,0,0,0.61159,0.19124
v1,0.8,13,6,1,0,0.21255,2.38775
v1,0.8,13,6,4,1,0.64209,0.42699
v1,0.8,13,7,0,0,0.34893,0.85492
v1,0.8,13,7,1,0,0.51662,0.56566
v1,0.8,13,7,4,1,0.61846,0.47804
v1,0.8,14,0,0,-1,0.00912,2.42330
v1,0.8,14,0,1,1,0.64907,0.95004
v1,0.8,14,0,2,1,0.49577,0.65475
v1,0.8,14,1,0,0,0.91757,0.11360
v1,0.8,14,1,1,0,0.58908,0.43029
v1,0.8,14,1,2,-1,0.94618,0.04749
v1,0.8,14,1,4,1,0.63173,0.27239
v1,0.8,14,2,0,1,0.72763,0.34186
v1,0.8,14,2,1,1,0.66224,0.89390
v1,0.8,14,2,2,1,0.56383,0.80294
v1,0.8,14,2,4,-1,0.00260,3.04006
v1,0.8,14,3,0,0,0.71927,0.31730
v1,0.8,14,3,1,0,0.60798,0.40204
v1,0.8,14,3,4,1,0.46585,0.23525
v1,0.8,14,4,0,1,0.60357,1.12412
v1,0.8,14,4,1,-1,0.01533,1.04572
v1,0.8,14,4,4,-1,0.29587,1.26553
v1,0.8,14,5,0,-1,0.01443,2.32938
v1,0.8,14,5,1,1,0.63180,0.85206
v1,0.8,14,5,2,1,0.65027,0.61494
v1,0.8,14,5,4,-1,0.00094,3.08642
v1,0.8,14,6,0,1,0.47162,0.24057
v1,0.8,14,6,1,-1,0.08276,1.25795
v1,0.8,14,6,2,1,0.53472,0.82451
v1,0.8,14,6,4,-1,0.00668,3.02176
v1,0.8,14,7,0,1,0.66796,0.38256
v1,0.8,14,7,2,1,0.29878,1.08550
v1,0.8,14,7,4,-1,0.33224,0.81982
v1,0.8,15,0,1,1,0.74146,0.48101
v1,0.8,15,0,2,1,0.64843,0.16337
v1,0.8,15,1,0,-1,0.07049,2.13414
v1,0.8,15,1,1,0,0.72001,0.18988
v1,0.8,15,1,4,1,0.56929,0.48481
v1,0.8,15,2,0,1,0.32506,0.53703
v1,0.8,15,2,1,1,0.65752,0.24778
v1,0.8,15,2,4,-1,0.40212,1.10116
v1,0.8,15,3,0,1,0.52009,0.37752
v1,0.8,15,3,2,1,0.67745,0.60467
v1,0.8,15,3,4,-1,0.29287,1.61957
v1,0.8,15,4,0,0,0.83097,0.15806
v1,0.8,15,4,1,0,0.81799,0.17599
v1,0.8,15,4,2,-1,0.94900,0.04497
v1,0.8,15,4,4,1,0.53012,0.55687
v1,0.8,15,5,0,1,0.38758,2.05767
v1,0.8,15,5,1,1,0.73922,0.49250
v1,0.8,15,5,2,1,0.20860,1.30184
v1,0.8,15,6,0,1,0.01310,3.05728
v1,0.8,15,6,1,1,0.63613,0.26748
v1,0.8,15,7,1,1,0.74146,0.50085
v1,0.8,15,7,2,-1,0.01275,2.53414
v1,0.8,16,0,0,1,0.28958,1.35683
v1,0.8,16,0,1,1,0.64370,0.59387
v1,0.8,16,0,2,1,0.56614,0.43317
v1,0.8,16,1,0,1,0.30952,2.08932
v1,0.8,16,1,1,1,0.68396,0.62545
v1,0.8,16,1,2,1,0.54935,0.41804
v1,0.8,16,2,0,1,0.33483,0.72153
v1,0.8,16,2,1,1,0.61112,0.71345
v1,0.8,16,2,2,1,0.69464,0.52234
v1,0.8,16,2,4,-1,0.01199,1.64697
v1,0.8,16,3,0,1,0.36246,2.18547
v1,0.8,16,3,1,1,0.68396,0.62952
v1,0.8,16,3,2,1,0.28674,1.02501
v1,0.8,16,4,0,0,0.84211,0.06995
v1,0.8,16,4,1,0,0.68623,0.30727
v1,0.8,16,4,4,-1,0.42029,0.59765
v1,0.8,16,5,0,1,0.44725,0.97640
v1,0.8,16,5,1,1,0.68396,0.64930
v1,0.8,16,5,2,1,0.68136,0.54039
v1,0.8,16,6,0,1,0.34878,2.26513
v1,0.8,16,6,1,1,0.68396,0.61697
v1,0.8,16,6,2,1,0.48692,0.70701
v1,0.8,16,7,0,1,0.46587,0.82463
v1,0.8,16,7,1,1,0.68396,0.17189
v1,0.8,16,7,2,1,0.52386,0.53051
v1,0.8,17,0,0,1,0.56998,0.34104
v1,0.8,17,0,1,1,0.44405,0.51681
v1,0.8,17,0,4,-1,0.00524,3.12440
v1,0.8,17,1,0,1,0.16483,2.81050
v1,0.8,17,1,1,1,0.53333,0.52565
v1,0.8,17,1,2,1,0.25136,2.75113
v1,0.8,17,2,0,1,0.67302,0.17525
v1,0.8,17,2,1,1,0.66324,0.79906
v1,0.8,17,2,2,1,0.63392,0.18580
v1,0.8,17,3,0,1,0.50071,0.64168
v1,0.8,17,3,1,1,0.61047,0.77004
v1,0.8,17,3,2,1,0.64240,0.65005
v1,0.8,17,4,1,1,0.40664,0.57800
v1,0.8,17,4,2,1,0.21681,2.39384
v1,0.8,17,4,4,-1,0.00701,3.15874
v1,0.8,17,5,0,1,0.60027,0.30030
v1,0.8,17,5,1,1,0.22179,2.37378
v1,0.8,17,5,2,1,0.65890,0.04606
v1,0.8,17,6,0,1,0.54645,0.64088
v1,0.8,17,6,4,1,0.73348,0.50998
v1,0.8,17,7,1,1,0.57042,0.81517
v1,0.8,17,7,2,1,0.63865,0.60781
v1,0.8,18,0,0,1,0.53666,0.98164
v1,0.8,18,0,1,1,0.59839,0.88566
v1,0.8,18,0,2,1,0.50212,0.53361
v1,0.8,18,1,0,1,0.55575,0.51906
v1,0.8,18,1,1,1,0.47704,0.40633
v1,0.8,18,1,4,-1,0.21885,1.55814
v1,0.8,18,2,0,0,0.56917,0.47585
v1,0.8,18,2,1,1,0.02993,3.57032
v1,0.8,18,2,2,0,0.93983,0.08072
v1,0.8,18,2,4,1,0.78398,0.23727
v1,0.8,18,3,0,1,0.28375,2.37513
v1,0.8,18,3,1,1,0.43340,0.90912
v1,0.8,18,3,2,1,0.53324,0.69502
v1,0.8,18,4,0,1,0.58859,0.42661
v1,0.8,18,4,2,1,0.14699,2.78516
v1,0.8,18,5,0,1,0.34103,0.75022
v1,0.8,18,5,1,1,0.64812,0.86730
v1,0.8,18,5,2,1,0.66686,0.65235
v1,0.8,18,5,4,-1,0.06958,2.71348
v1,0.8,18,6,0,1,0.52082,1.35938
v1,0.8,18,6,1,1,0.59640,0.88001
v1,0.8,18,6,2,1,0.31581,0.80994
v1,0.8,18,7,0,0,0.74759,0.25298
v1,0.8,18,7,1,0,0.91318,0.07924
v1,0.8,18,7,2,-1,0.02703,2.26525
v1,0.8,18,7,4,1,0.63441,0.33296
v1,0.8,19,0,0,1,0.31086,0.75732
v1,0.8,19,0,1,1,0.44736,0.78952
v1,0.8,19,0,2,1,0.48611,1.62337
v1,0.8,19,1,1,-1,0.38442,0.17745
v1,0.8,19,1,2,1,0.23587,2.26265
v1,0.8,19,2,0,-1,0.01271,2.42047
v1,0.8,19,2,1,1,0.56469,0.71816
v1,0.8,19,2,2,1,0.55909,0.20265
v1,0.8,19,3,0,0,0.80274,0.43024
v1,0.8,19,3,1,0,0.60310,0.09048
v1,0.8,19,3,4,1,0.61909,0.46445
v1,0.8,19,4,0,1,0.55101,0.28713
v1,0.8,19,4,1,1,0.55605,0.34194
v1,0.8,19,5,0,1,0.59310,0.84700
v1,0.8,19,5,1,1,0.54177,0.35434
v1,0.8,19,5,2,1,0.53242,1.37647
v1,0.8,19,6,0,-1,0.00752,1.09951
v1,0.8,19,6,1,1,0.65403,0.65581
v1,0.8,19,6,2,1,0.53680,1.02121
v1,0.8,19,7,0,-1,0.08697,2.04118
v1,0.8,19,7,1,1,0.66258,0.60854
v1,0.8,19,7,2,1,0.52689,0.26072
v1,0.8,20,0,0,1,0.76121,0.44077
v1,0.8,20,0,1,-1,0.01099,2.32965
v1,0.8,20,0,2,1,0.53839,0.98216
v1,0.8,20,1,0,-1,0.02915,2.45481
v1,0.8,20,1,1,-1,0.01003,2.32202
v1,0.8,20,1,2,1,0.45892,0.41080
v1,0.8,20,1,4,1,0.89443,0.16873
v1,0.8,20,2,0,0,0.77884,0.12696
v1,0.8,20,2,1,0,0.60957,0.43881
v1,0.8,20,2,4,0,0.46061,0.70479
v1,0.8,20,3,1,0,0.63674,0.39120
v1,0.8,20,3,4,1,0.83729,0.17775
v1,0.8,20,4,0,-1,0.34176,0.62674
v1,0.8,20,4,1,-1,0.01171,2.31992
v1,0.8,20,4,2,1,0.40925,1.02080
v1,0.8,20,4,4,1,0.89210,0.16416
v1,0.8,20,5,0,1,0.55616,0.66725
v1,0.8,20,5,1,1,0.02369,3.68499
v1,0.8,20,5,2,-1,0.01785,1.96800
v1,0.8,20,5,4,-1,0.01949,1.15860
v1,0.8,20,6,0,1,0.60973,0.31050
v1,0.8,20,6,2,1,0.61681,0.96569
v1,0.8,20,6,4,-1,0.01637,1.55924
v1,0.8,20,7,0,-1,0.04474,1.52313
v1,0.8,20,7,1,-1,0.07745,2.16183
v1,0.8,20,7,2,1,0.52836,0.97651
v1,0.8,20,7,4,1,0.90189,0.15866
v1,1.2,1,0,0,1,0.62371,0.61026
v1,1.2,1,0,1,1,0.58509,0.49326
v1,1.2,1,0,2,0,0.91903,0.09773
v1,1.2,1,1,0,0,0.66704,0.33576
v1,1.2,1,1,1,0,0.50884,0.23984
v1,1.2,1,1,2,0,0.93795,0.10192
v1,1.2,1,1,4,1,0.34289,0.96429
v1,1.2,1,2,0,1,0.48088,0.29844
v1,1.2,1,2,2,1,0.59960,0.31286
v1,1.2,1,2,4,-1,0.02041,1.32775
v1,1.2,1,3,0,0,0.73496,0.60860
v1,1.2,1,3,1,0,0.83894,0.12584
v1,1.2,1,3,2,-1,0.00334,2.00743
v1,1.2,1,3,4,1,0.93292,0.04510
v1,1.2,1,4,0,0,0.48690,0.63643
v1,1.2,1,4,1,0,0.52711,0.37172
v1,1.2,1,4,2,-1,0.86098,0.12599
v1,1.2,1,4,4,1,0.84544,0.03862
v1,1.2,1,5,0,0,0.43844,1.55834
v1,1.2,1,5,1,1,0.58404,0.84622
v1,1.2,1,5,2,0,0.64420,0.27101
v1,1.2,1,5,4,-1,0.01648,1.17484
v1,1.2,1,6,0,0,0.37087,0.79247
v1,1.2,1,6,1,-1,0.00971,2.12265
v1,1.2,1,6,2,1,0.30036,1.06300
v1,1.2,1,6,4,1,0.81876,0.40917
v1,1.2,1,7,0,0,0.80382,0.09387
v1,1.2,1,7,1,0,0.63845,0.30724
v1,1.2,1,7,2,-1,0.93614,0.07215
v1,1.2,1,7,4,1,0.82472,0.18550
v1,1.2,2,0,0,0,0.71209,0.33879
v1,1.2,2,0,1,1,0.54832,1.26940
v1,1.2,2,0,2,0,0.33478,2.10328
v1,1.2,2,0,4,1,0.76485,0.28766
v1,1.2,2,1,0,1,0.02108,2.70543
v1,1.2,2,1,1,1,0.48777,0.59888
v1,1.2,2,1,2,-1,0.01121,1.67664
v1,1.2,2,2,0,0,0.87666,0.27815
v1,1.2,2,2,1,0,0.46743,0.61305
v1,1.2,2,2,2,-1,0.00435,1.66605
v1,1.2,2,2,4,1,0.46054,0.42492
v1,1.2,2,3,0,1,0.70936,0.15746
v1,1.2,2,3,1,1,0.54990,0.86966
v1,1.2,2,3,2,1,0.46074,0.77004
v1,1.2,2,3,4,-1,0.00399,2.53877
v1,1.2,2,4,0,1,0.74381,0.48131
v1,1.2,2,4,1,1,0.58072,0.84857
v1,1.2,2,4,2,0,0.58870,0.43546
v1,1.2,2,4,4,-1,0.00707,2.05732
v1,1.2,2,5,0,1,0.66029,0.48516
v1,1.2,2,5,1,1,0.63586,0.83547
v1,1.2,2,5,2,1,0.39417,0.97834
v1,1.2,2,6,0,1,0.32733,1.19505
v1,1.2,2,6,1,1,0.36663,0.95331
v1,1.2,2,6,2,0,0.25643,1.64098
v1,1.2,2,6,4,-1,0.51327,1.26468
v1,1.2,2,7,0,1,0.48334,0.48147
v1,1.2,2,7,1,1,0.63586,0.82104
v1,1.2,2,7,2,0,0.63974,0.32631
v1,1.2,3,0,0,0,0.14653,2.21936
v1,1.2,3,0,1,1,0.59777,0.77113
v1,1.2,3,0,2,0,0.89238,0.07099
v1,1.2,3,1,0,0,0.84440,0.24501
v1,1.2,3,1,1,1,0.63647,0.75064
v1,1.2,3,1,2,0,0.83417,0.12908
v1,1.2,3,1,4,1,0.89324,0.15261
v1,1.2,3,2,0,0,0.59830,0.63020
v1,1.2,3,2,1,1,0.69487,0.74093
v1,1.2,3,2,2,0,0.89325,0.07782
v1,1.2,3,3,0,0,0.79885,0.26018
v1,1.2,3,3,1,1,0.49255,0.63081
v1,1.2,3,3,2,0,0.66112,0.05803
v1,1.2,3,4,0,0,0.69267,0.33334
v1,1.2,3,4,1,1,0.67678,0.71648
v1,1.2,3,4,2,1,0.58405,0.77750
v1,1.2,3,4,4,-1,0.00775,2.82677
v1,1.2,3,5,0,1,0.56537,0.83880
v1,1.2,3,5,1,1,0.66865,0.74892
v1,1.2,3,5,2,0,0.82296,0.13563
v1,1.2,3,6,0,1,0.64068,0.20171
v1,1.2,3,6,1,1,0.60351,0.75898
v1,1.2,3,6,2,0,0.89280,0.08281
v1,1.2,3,6,4,-1,0.01226,2.88454
v1,1.2,3,7,0,0,0.89650,0.09624
v1,1.2,3,7,1,0,0.45239,0.26813
v1,1.2,3,7,2,0,0.89693,0.08361
v1,1.2,3,7,4,1,0.60483,0.44473
v1,1.2,4,0,1,0,0.81290,0.14798
v1,1.2,4,0,2,-1,0.43468,1.32136
v1,1.2,4,0,4,1,0.79546,0.25994
v1,1.2,4,1,0,0,0.40415,0.74519
v1,1.2,4,1,2,0,0.81056,0.21088
v1,1.2,4,1,4,-1,0.00289,1.73917
v1,1.2,4,2,0,0,0.72978,0.25169
v1,1.2,4,2,1,0,0.92539,0.10554
v1,1.2,4,2,2,-1,0.02286,2.30834
v1,1.2,4,2,4,1,0.28131,0.86568
v1,1.2,4,3,0,1,0.46434,1.19100
v1,1.2,4,3,1,1,0.66788,0.69200
v1,1.2,4,3,2,1,0.41655,0.63605
v1,1.2,4,4,0,1,0.44816,0.66251
v1,1.2,4,4,1,-1,0.10267,1.18851
v1,1.2,4,4,2,1,0.65732,0.57285
v1,1.2,4,4,4,-1,0.00827,2.75205
v1,1.2,4,5,1,0,0.20437,1.34030
v1,1.2,4,5,2,-1,0.42711,1.28746
v1,1.2,4,5,4,1,0.88979,0.20855
v1,1.2,4,6,0,1,0.25674,2.60826
v1,1.2,4,6,1,1,0.66788,0.69550
v1,1.2,4,6,2,1,0.60224,0.54260
v1,1.2,4,6,4,-1,0.00511,0.98291
v1,1.2,4,7,0,0,0.45066,0.65121
v1,1.2,4,7,1,1,0.56666,0.65257
v1,1.2,4,7,2,1,0.62421,0.64625
v1,1.2,5,0,0,1,0.69216,0.52130
v1,1.2,5,0,1,1,0.56937,0.98324
v1,1.2,5,0,2,1,0.53128,0.72877
v1,1.2,5,1,0,-1,0.01478,2.41707
v1,1.2,5,1,1,1,0.60606,0.94714
v1,1.2,5,1,2,0,0.94518,0.04759
v1,1.2,5,2,0,1,0.60339,0.60226
v1,1.2,5,2,1,1,0.23273,2.22610
v1,1.2,5,2,2,0,0.96070,0.03971
v1,1.2,5,2,4,-1,0.19735,2.46531
v1,1.2,5,3,0,0,0.63850,0.38928
v1,1.2,5,3,1,1,0.52574,0.97602
v1,1.2,5,3,2,0,0.44722,1.28253
v1,1.2,5,3,4,-1,0.02424,1.02667
v1,1.2,5,4,0,0,0.59134,0.45367
v1,1.2,5,4,1,1,0.49244,0.85911
v1,1.2,5,4,2,0,0.47530,1.52849
v1,1.2,5,5,0,1,0.60427,0.27935
v1,1.2,5,5,1,1,0.47485,0.37978
v1,1.2,5,5,2,0,0.83965,0.15173
v1,1.2,5,5,4,-1,0.02699,1.18557
v1,1.2,5,6,0,1,0.49979,0.43339
v1,1.2,5,6,1,1,0.62109,0.94192
v1,1.2,5,6,2,0,0.61857,0.37643
v1,1.2,5,6,4,-1,0.00465,3.08920
v1,1.2,5,7,0,1,0.43438,0.40573
v1,1.2,5,7,1,-1,0.28082,1.48499
v1,1.2,5,7,2,1,0.59321,0.78184
v1,1.2,5,7,4,-1,0.00202,3.14205
v1,1.2,6,0,0,0,0.84412,0.13803
v1,1.2,6,0,1,0,0.86354,0.29978
v1,1.2,6,0,2,0,0.96269,0.03171
v1,1.2,6,0,4,1,0.84071,0.21687
v1,1.2,6,1,0,1,0.41100,0.90445
v1,1.2,6,1,1,1,0.75565,0.37626
v1,1.2,6,1,2,0,0.39477,0.55873
v1,1.2,6,1,4,-1,0.00358,2.70318
v1,1.2,6,2,0,-1,0.20847,1.14869
v1,1.2,6,2,1,0,0.86122,0.30351
v1,1.2,6,2,4,1,0.80465,0.22032
v1,1.2,6,3,0,0,0.62737,0.37850
v1,1.2,6,3,1,0,0.57224,0.48037
v1,1.2,6,3,2,-1,0.91652,0.07249
v1,1.2,6,3,4,-1,0.04870,1.48331
v1,1.2,6,4,0,0,0.17206,3.14383
v1,1.2,6,4,1,1,0.49815,0.46774
v1,1.2,6,4,2,0,0.26925,1.70345
v1,1.2,6,4,4,-1,0.20832,1.38277
v1,1.2,6,5,0,0,0.82932,0.16889
v1,1.2,6,5,1,1,0.73821,0.47155
v1,1.2,6,5,2,0,0.74857,0.14067
v1,1.2,6,5,4,1,0.79910,0.47839
v1,1.2,6,6,0,0,0.72787,0.28867
v1,1.2,6,6,1,0,0.71132,0.24008
v1,1.2,6,6,2,0,0.96325,0.03372
v1,1.2,6,6,4,1,0.77367,0.17982
v1,1.2,6,7,0,0,0.87626,0.21895
v1,1.2,6,7,1,0,0.68203,0.29750
v1,1.2,6,7,2,0,0.96204,0.03634
v1,1.2,6,7,4,1,0.59553,0.31789
v1,1.2,7,0,1,0,0.94077,0.03432
v1,1.2,7,0,4,1,0.77681,0.36620
v1,1.2,7,1,0,0,0.68784,0.30470
v1,1.2,7,1,1,1,0.64897,0.78788
v1,1.2,7,1,2,1,0.27620,1.12364
v1,1.2,7,2,0,1,0.31548,1.05365
v1,1.2,7,2,1,-1,0.01296,2.17952
v1,1.2,7,2,2,0,0.82087,0.16970
v1,1.2,7,2,4,1,0.77511,0.31117
v1,1.2,7,3,0,0,0.87612,0.18794
v1,1.2,7,3,1,0,0.59971,0.24766
v1,1.2,7,3,4,1,0.44290,1.07069
v1,1.2,7,4,0,0,0.63693,0.37005
v1,1.2,7,4,1,1,0.64686,0.37008
v1,1.2,7,5,1,0,0.61393,0.19281
v1,1.2,7,5,4,1,0.87887,0.16195
v1,1.2,7,6,0,1,0.36378,0.63586
v1,1.2,7,6,1,1,0.64897,0.78970
v1,1.2,7,6,2,1,0.60293,0.53394
v1,1.2,7,7,1,0,0.66413,0.24781
v1,1.2,7,7,4,1,0.81299,0.27808
v1,1.2,8,0,0,0,0.36231,0.91773
v1,1.2,8,0,1,1,0.62734,0.73834
v1,1.2,8,0,2,1,0.21753,2.21143
v1,1.2,8,0,4,-1,0.16926,2.36499
v1,1.2,8,1,0,1,0.45722,0.82588
v1,1.2,8,1,1,1,0.59697,0.76957
v1,1.2,8,1,2,1,0.66195,0.31896
v1,1.2,8,1,4,-1,0.13425,2.39007
v1,1.2,8,2,0,0,0.91742,0.02937
v1,1.2,8,2,1,0,0.37143,0.63959
v1,1.2,8,2,4,1,0.93664,0.11977
v1,1.2,8,3,0,1,0.66200,0.58415
v1,1.2,8,3,1,1,0.57900,0.78299
v1,1.2,8,3,2,0,0.75522,0.26323
v1,1.2,8,4,0,1,0.51885,0.78111
v1,1.2,8,4,1,1,0.62734,0.74471
v1,1.2,8,4,2,1,0.62142,0.49816
v1,1.2,8,4,4,-1,0.00322,2.82257
v1,1.2,8,5,0,-1,0.01270,2.13068
v1,1.2,8,5,1,1,0.62734,0.75119
v1,1.2,8,5,2,0,0.83759,0.13130
v1,1.2,8,5,4,-1,0.01838,1.04443
v1,1.2,8,6,0,0,0.91665,0.08482
v1,1.2,8,6,1,0,0.35841,1.07495
v1,1.2,8,6,2,0,0.94946,0.03472
v1,1.2,8,6,4,1,0.93898,0.07500
v1,1.2,8,7,0,0,0.88446,0.09888
v1,1.2,8,7,1,1,0.62734,0.73310
v1,1.2,8,7,2,1,0.44418,0.59693
v1,1.2,9,0,0,0,0.92747,0.06434
v1,1.2,9,0,1,0,0.59373,0.44089
v1,1.2,9,0,2,-1,0.91356,0.07327
v1,1.2,9,0,4,1,0.51863,0.62653
v1,1.2,9,1,0,0,0.55868,0.42274
v1,1.2,9,1,1,0,0.59139,0.39871
v1,1.2,9,1,2,0,0.71081,0.27400
v1,1.2,9,2,0,0,0.59984,0.25926
v1,1.2,9,2,1,1,0.39766,0.79126
v1,1.2,9,2,2,-1,0.00514,2.11241
v1,1.2,9,3,0,1,0.30965,0.64431
v1,1.2,9,3,1,1,0.42059,0.95812
v1,1.2,9,3,2,0,0.87719,0.11410
v1,1.2,9,3,4,-1,0.00583,1.91717
v1,1.2,9,4,0,1,0.66936,0.38589
v1,1.2,9,4,1,1,0.30446,0.66374
v1,1.2,9,4,2,0,0.87719,0.13285
v1,1.2,9,5,0,0,0.92495,0.06804
v1,1.2,9,5,1,0,0.53969,0.41878
v1,1.2,9,5,2,-1,0.84990,0.15852
v1,1.2,9,5,4,1,0.65250,0.41591
v1,1.2,9,6,0,0,0.92501,0.06653
v1,1.2,9,6,1,0,0.76874,0.26463
v1,1.2,9,6,2,-1,0.89600,0.13780
v1,1.2,9,6,4,1,0.62105,0.43917
v1,1.2,9,7,0,0,0.91536,0.07742
v1,1.2,9,7,1,-1,0.02410,1.94170
v1,1.2,9,7,2,0,0.79176,0.15637
v1,1.2,9,7,4,-1,0.92693,0.09031
v1,1.2,10,0,0,1,0.32078,1.00831
v1,1.2,10,0,1,1,0.66648,0.47334
v1,1.2,10,0,2,0,0.91185,0.03854
v1,1.2,10,1,0,0,0.79068,0.11376
v1,1.2,10,1,1,0,0.69073,0.30942
v1,1.2,10,1,2,0,0.91305,0.10387
v1,1.2,10,1,4,1,0.65075,0.08958
v1,1.2,10,2,0,0,0.82472,0.18763
v1,1.2,10,2,1,1,0.30522,0.42183
v1,1.2,10,2,4,-1,0.00544,3.25593
v1,1.2,10,3,0,0,0.40682,0.69731
v1,1.2,10,3,1,1,0.65319,0.65100
v1,1.2,10,3,2,-1,0.31797,1.44830
v1,1.2,10,3,4,-1,0.01467,1.07250
v1,1.2,10,4,0,1,0.31705,0.82234
v1,1.2,10,4,1,1,0.66648,0.06692
v1,1.2,10,4,2,0,0.71285,0.26319
v1,1.2,10,4,4,-1,0.00084,3.21389
v1,1.2,10,5,0,0,0.79254,0.13340
v1,1.2,10,5,1,1,0.57600,0.34780
v1,1.2,10,5,2,-1,0.01393,1.31911
v1,1.2,10,6,0,1,0.58717,0.75806
v1,1.2,10,6,1,1,0.66648,0.70265
v1,1.2,10,6,2,0,0.83265,0.18216
v1,1.2,10,7,0,1,0.46838,1.35133
v1,1.2,10,7,1,1,0.63615,0.71602
v1,1.2,10,7,2,0,0.84584,0.14286
v1,1.2,11,0,0,0,0.53756,0.51734
v1,1.2,11,0,1,1,0.48961,0.35465
v1,1.2,11,0,2,0,0.84504,0.19729
v1,1.2,11,0,4,-1,0.01523,3.25904
v1,1.2,11,1,0,1,0.45521,0.67952
v1,1.2,11,1,1,1,0.61443,0.94867
v1,1.2,11,1,2,0,0.86189,0.13479
v1,1.2,11,1,4,-1,0.18833,2.53169
v1,1.2,11,2,0,0,0.85554,0.25392
v1,1.2,11,2,1,1,0.35271,2.24152
v1,1.2,11,2,2,0,0.50248,0.59093
v1,1.2,11,2,4,-1,0.01077,1.24866
v1,1.2,11,3,0,0,0.65515,0.28885
v1,1.2,11,3,1,0,0.80423,0.19946
v1,1.2,11,3,2,0,0.71029,0.56458
v1,1.2,11,3,4,-1,0.01038,3.21816
v1,1.2,11,4,0,1,0.43335,0.44790
v1,1.2,11,4,1,-1,0.00866,1.45138
v1,1.2,11,4,2,0,0.52122,0.57029
v1,1.2,11,5,0,1,0.47188,0.49120
v1,1.2,11,5,1,1,0.44385,0.48993
v1,1.2,11,5,4,-1,0.58015,0.68717
v1,1.2,11,6,0,1,0.54326,0.34964
v1,1.2,11,6,1,1,0.61478,0.93695
v1,1.2,11,6,2,0,0.90517,0.10993
v1,1.2,11,6,4,-1,0.21169,2.46116
v1,1.2,11,7,0,0,0.57750,0.28210
v1,1.2,11,7,1,0,0.60595,0.24467
v1,1.2,11,7,2,0,0.67230,0.71696
v1,1.2,11,7,4,1,0.91206,0.16508
v1,1.2,12,0,0,1,0.63561,0.16631
v1,1.2,12,0,1,1,0.51893,0.54531
v1,1.2,12,0,2,0,0.86239,0.05093
v1,1.2,12,1,1,1,0.67664,0.75931
v1,1.2,12,1,2,0,0.55834,0.47853
v1,1.2,12,1,4,-1,0.01361,1.98764
v1,1.2,12,2,0,0,0.93463,0.05524
v1,1.2,12,2,1,1,0.65314,0.78128
v1,1.2,12,2,2,0,0.54530,0.48518
v1,1.2,12,2,4,1,0.92619,0.10850
v1,1.2,12,3,0,1,0.71178,0.50321
v1,1.2,12,3,1,1,0.66584,0.75765
v1,1.2,12,3,2,0,0.51937,0.54240
v1,1.2,12,3,4,1,0.20528,1.57236
v1,1.2,12,4,0,0,0.55699,0.48602
v1,1.2,12,4,1,1,0.52885,0.66064
v1,1.2,12,4,4,-1,0.02778,1.33516
v1,1.2,12,5,0,1,0.33091,0.78308
v1,1.2,12,5,2,0,0.53237,0.03563
v1,1.2,12,5,4,-1,0.15521,2.44225
v1,1.2,12,6,0,0,0.67016,0.25079
v1,1.2,12,6,1,0,0.59268,0.44994
v1,1.2,12,6,2,-1,0.00908,2.05043
v1,1.2,12,7,0,0,0.84623,0.15643
v1,1.2,12,7,1,1,0.50238,0.87576
v1,1.2,12,7,2,-1,0.00889,2.03783
v1,1.2,13,0,0,0,0.89185,0.24818
v1,1.2,13,0,1,1,0.52748,0.45622
v1,1.2,13,0,2,0,0.66497,0.79536
v1,1.2,13,0,4,-1,0.38579,0.66566
v1,1.2,13,1,0,0,0.57114,0.50787
v1,1.2,13,1,1,1,0.69747,0.57917
v1,1.2,13,1,2,1,0.73042,0.01643
v1,1.2,13,2,0,1,0.75518,0.00593
v1,1.2,13,2,1,1,0.63559,0.60886
v1,1.2,13,2,2,0,0.89901,0.07570
v1,1.2,13,2,4,-1,0.01019,1.16283
v1,1.2,13,3,1,0,0.87669,0.18961
v1,1.2,13,3,4,1,0.60145,0.48635
v1,1.2,13,4,0,1,0.73819,0.63320
v1,1.2,13,4,1,1,0.65965,0.59836
v1,1.2,13,4,2,0,0.23729,2.00685
v1,1.2,13,5,0,1,0.51268,0.65531
v1,1.2,13,5,1,1,0.68177,0.57106
v1,1.2,13,5,2,0,0.70311,0.30749
v1,1.2,13,6,0,0,0.59802,0.17768
v1,1.2,13,6,1,1,0.71010,0.57075
v1,1.2,13,6,2,-1,0.02075,0.93033
v1,1.2,13,6,4,1,0.77580,0.24532
v1,1.2,13,7,0,0,0.53633,0.46219
v1,1.2,13,7,1,-1,0.07542,1.02537
v1,1.2,13,7,4,1,0.63181,0.45306
v1,1.2,14,0,0,1,0.62909,0.60402
v1,1.2,14,0,1,1,0.62382,0.95523
v1,1.2,14,0,2,1,0.65747,0.49595
v1,1.2,14,1,0,0,0.79841,0.21135
v1,1.2,14,1,1,0,0.60829,0.40461
v1,1.2,14,1,2,0,0.93968,0.04248
v1,1.2,14,1,4,1,0.48151,0.77444
v1,1.2,14,2,0,1,0.49107,0.40064
v1,1.2,14,2,1,1,0.66224,0.89390
v1,1.2,14,2,2,0,0.94140,0.03190
v1,1.2,14,2,4,-1,0.00418,3.02979
v1,1.2,14,3,0,0,0.83903,0.17009
v1,1.2,14,3,1,0,0.61226,0.41428
v1,1.2,14,3,2,0,0.92673,0.06444
v1,1.2,14,3,4,1,0.36837,0.80281
v1,1.2,14,4,0,0,0.78481,0.37918
v1,1.2,14,4,1,1,0.65686,0.87283
v1,1.2,14,4,2,0,0.89973,0.06862
v1,1.2,14,4,4,1,0.96401,0.06334
v1,1.2,14,5,0,1,0.72763,0.59304
v1,1.2,14,5,1,1,0.65469,0.88249
v1,1.2,14,5,2,1,0.65027,0.76533
v1,1.2,14,5,4,-1,0.00152,3.08747
v1,1.2,14,6,0,1,0.54110,0.23694
v1,1.2,14,6,1,1,0.51786,0.74622
v1,1.2,14,6,2,0,0.94742,0.03972
v1,1.2,14,6,4,-1,0.00812,3.02031
v1,1.2,14,7,0,1,0.66672,0.39379
v1,1.2,14,7,2,1,0.57865,0.51507
v1,1.2,14,7,4,-1,0.53893,0.45518
v1,1.2,15,0,1,1,0.74146,0.48101
v1,1.2,15,0,2,1,0.64865,0.25132
v1,1.2,15,1,0,-1,0.07634,2.12076
v1,1.2,15,1,1,0,0.55520,0.41754
v1,1.2,15,1,2,-1,0.72362,0.47161
v1,1.2,15,1,4,-1,0.10615,1.09674
v1,1.2,15,2,0,0,0.38901,0.61067
v1,1.2,15,2,1,0,0.40192,0.68439
v1,1.2,15,2,2,-1,0.01119,1.05242
v1,1.2,15,2,4,1,0.46064,0.05178
v1,1.2,15,3,0,0,0.94711,0.02690
v1,1.2,15,3,1,-1,0.03237,1.67884
v1,1.2,15,3,2,0,0.76208,0.23802
v1,1.2,15,3,4,-1,0.65404,0.35955
v1,1.2,15,4,0,0,0.87546,0.12014
v1,1.2,15,4,1,0,0.66296,0.35395
v1,1.2,15,4,2,0,0.94605,0.02821
v1,1.2,15,4,4,1,0.52600,0.56428
v1,1.2,15,5,0,0,0.38229,1.33151
v1,1.2,15,5,1,1,0.67239,0.54485
v1,1.2,15,5,2,1,0.67644,0.35990
v1,1.2,15,6,0,0,0.63108,0.37055
v1,1.2,15,6,1,1,0.63579,0.47795
v1,1.2,15,7,0,0,0.22893,2.04712
v1,1.2,15,7,1,1,0.74146,0.50277
v1,1.2,15,7,2,0,0.74501,0.48458
v1,1.2,15,7,4,-1,0.00777,2.76226
v1,1.2,16,0,0,1,0.59552,0.75156
v1,1.2,16,0,1,1,0.63454,0.36162
v1,1.2,16,0,2,0,0.75328,0.27480
v1,1.2,16,0,4,-1,0.25294,2.12444
v1,1.2,16,1,0,1,0.34968,2.06862
v1,1.2,16,1,1,1,0.62044,0.66191
v1,1.2,16,1,2,0,0.59463,0.38808
v1,1.2,16,2,0,1,0.37577,0.67876
v1,1.2,16,2,1,1,0.54414,0.75987
v1,1.2,16,2,2,1,0.69503,0.44152
v1,1.2,16,2,4,1,0.86633,0.16117
v1,1.2,16,3,0,0,0.40815,1.45340
v1,1.2,16,3,1,1,0.68396,0.62952
v1,1.2,16,3,2,1,0.41196,0.76255
v1,1.2,16,4,0,0,0.84609,0.06032
v1,1.2,16,4,1,0,0.76358,0.22822
v1,1.2,16,4,2,-1,0.75470,0.39445
v1,1.2,16,4,4,1,0.44412,0.05316
v1,1.2,16,5,0,1,0.45409,0.75979
v1,1.2,16,5,1,1,0.66227,0.69920
v1,1.2,16,5,2,1,0.65365,0.55352
v1,1.2,16,6,0,0,0.45059,1.53217
v1,1.2,16,6,1,1,0.68396,0.63226
v1,1.2,16,6,2,1,0.46886,0.72861
v1,1.2,16,6,4,-1,0.02247,1.10343
v1,1.2,16,7,0,1,0.52084,0.82570
v1,1.2,16,7,1,1,0.55327,0.36257
v1,1.2,16,7,2,1,0.69503,0.53083
v1,1.2,16,7,4,-1,0.24240,1.16566
v1,1.2,17,0,0,0,0.59932,0.42684
v1,1.2,17,0,1,1,0.45979,0.49265
v1,1.2,17,0,4,-1,0.00518,3.17353
v1,1.2,17,1,0,0,0.48440,0.96848
v1,1.2,17,1,1,1,0.54600,0.47912
v1,1.2,17,1,2,0,0.29625,2.01218
v1,1.2,17,2,0,1,0.48999,0.48949
v1,1.2,17,2,1,1,0.50109,0.94129
v1,1.2,17,2,2,0,0.70413,0.29975
v1,1.2,17,3,0,0,0.47276,0.68257
v1,1.2,17,3,1,1,0.60434,0.79071
v1,1.2,17,3,2,0,0.76864,0.11724
v1,1.2,17,4,0,1,0.47899,0.45184
v1,1.2,17,4,1,1,0.44012,0.38491
v1,1.2,17,4,2,-1,0.01345,1.42181
v1,1.2,17,4,4,-1,0.00668,3.29060
v1,1.2,17,5,0,0,0.64139,0.37287
v1,1.2,17,5,1,1,0.22168,2.37419
v1,1.2,17,5,2,0,0.57722,0.45428
v1,1.2,17,6,0,0,0.68864,0.32045
v1,1.2,17,6,1,0,0.55074,0.05493
v1,1.2,17,6,4,1,0.75455,0.24637
v1,1.2,17,7,0,1,0.32971,0.80068
v1,1.2,17,7,1,1,0.31950,0.73666
v1,1.2,17,7,2,0,0.42318,0.83420
v1,1.2,18,0,0,0,0.56121,0.49630
v1,1.2,18,0,1,1,0.61501,0.87680
v1,1.2,18,0,2,0,0.72345,0.15039
v1,1.2,18,1,0,0,0.70170,0.31177
v1,1.2,18,1,1,0,0.53608,0.49372
v1,1.2,18,1,4,1,0.78523,0.38968
v1,1.2,18,2,0,0,0.88372,0.11978
v1,1.2,18,2,1,0,0.91512,0.08226
v1,1.2,18,2,2,0,0.94341,0.06759
v1,1.2,18,2,4,1,0.93883,0.07589
v1,1.2,18,3,0,0,0.41485,1.63141
v1,1.2,18,3,1,1,0.64812,0.86421
v1,1.2,18,3,2,1,0.49635,0.72740
v1,1.2,18,4,0,0,0.66047,0.17878
v1,1.2,18,4,1,1,0.51671,0.35177
v1,1.2,18,4,2,0,0.18466,2.24190
v1,1.2,18,4,4,1,0.80210,0.22689
v1,1.2,18,5,0,1,0.48937,0.49413
v1,1.2,18,5,1,1,0.64812,0.85169
v1,1.2,18,5,2,0,0.81036,0.18977
v1,1.2,18,5,4,-1,0.07391,2.70448
v1,1.2,18,6,0,0,0.59978,0.64471
v1,1.2,18,6,1,1,0.62941,0.86827
v1,1.2,18,6,2,1,0.54944,0.51783
v1,1.2,18,7,0,0,0.61277,0.44597
v1,1.2,18,7,1,0,0.92267,0.08339
v1,1.2,18,7,2,-1,0.01006,2.28568
v1,1.2,18,7,4,0,0.52625,0.92405
v1,1.2,19,0,0,1,0.54255,0.49268
v1,1.2,19,0,1,1,0.53542,0.63866
v1,1.2,19,0,2,0,0.60383,0.87893
v1,1.2,19,1,0,0,0.67797,0.32588
v1,1.2,19,1,1,1,0.25650,1.22581
v1,1.2,19,1,2,0,0.21383,1.90415
v1,1.2,19,2,0,1,0.63141,0.40711
v1,1.2,19,2,1,1,0.64622,0.66990
v1,1.2,19,2,2,0,0.63946,0.40323
v1,1.2,19,2,4,1,0.21007,2.81095
v1,1.2,19,3,0,0,0.71710,0.29093
v1,1.2,19,3,1,1,0.24496,1.60535
v1,1.2,19,3,2,-1,0.83533,0.15117
v1,1.2,19,3,4,1,0.80692,0.20725
v1,1.2,19,4,0,0,0.67435,0.33083
v1,1.2,19,4,1,1,0.60817,0.25062
v1,1.2,19,4,2,0,0.23956,2.08449
v1,1.2,19,4,4,-1,0.00592,2.26459
v1,1.2,19,5,0,0,0.81907,0.17342
v1,1.2,19,5,1,1,0.54374,0.35124
v1,1.2,19,5,2,0,0.68377,0.63462
v1,1.2,19,6,0,-1,0.00719,1.19578
v1,1.2,19,6,1,1,0.66812,0.65260
v1,1.2,19,6,2,0,0.65285,0.32498
v1,1.2,19,7,0,1,0.44945,0.83471
v1,1.2,19,7,1,1,0.66885,0.64958
v1,1.2,19,7,2,0,0.79374,0.11482
v1,1.2,20,0,0,1,0.77549,0.45805
v1,1.2,20,0,1,1,0.71088,0.61074
v1,1.2,20,0,2,0,0.56247,0.49440
v1,1.2,20,1,0,-1,0.01914,2.53153
v1,1.2,20,1,1,1,0.71088,0.62967
v1,1.2,20,1,2,1,0.35793,0.84536
v1,1.2,20,1,4,1,0.66904,0.54843
v1,1.2,20,2,0,0,0.65757,0.18193
v1,1.2,20,2,1,0,0.55877,0.51265
v1,1.2,20,2,2,-1,0.01942,0.91661
v1,1.2,20,2,4,1,0.58972,0.51654
v1,1.2,20,3,1,0,0.59338,0.30210
v1,1.2,20,3,4,1,0.87853,0.12523
v1,1.2,20,4,0,-1,0.36295,0.61742
v1,1.2,20,4,1,1,0.68050,0.62190
v1,1.2,20,4,2,0,0.54058,0.52072
v1,1.2,20,4,4,1,0.89134,0.16663
v1,1.2,20,5,0,0,0.56656,0.50664
v1,1.2,20,5,1,1,0.70861,0.61758
v1,1.2,20,5,2,-1,0.01688,1.99255
v1,1.2,20,5,4,1,0.77123,0.23102
v1,1.2,20,6,0,0,0.64508,0.38962
v1,1.2,20,6,1,1,0.45883,0.49974
v1,1.2,20,6,2,0,0.70874,0.31484
v1,1.2,20,6,4,1,0.45341,1.78826
v1,1.2,20,7,0,-1,0.10059,1.43588
v1,1.2,20,7,1,1,0.71088,0.62980
v1,1.2,20,7,2,1,0.50583,0.99498
v1,1.2,20,7,4,1,0.89967,0.16504
v1,1.8,1,0,0,0,0.77273,0.30041
v1,1.8,1,0,1,0,0.83035,0.22950
v1,1.8,1,0,2,0,0.94225,0.08691
v1,1.8,1,0,4,1,0.28367,3.07962
v1,1.8,1,1,0,0,0.78114,0.22402
v1,1.8,1,1,1,0,0.63023,0.22454
v1,1.8,1,1,2,0,0.93776,0.10770
v1,1.8,1,1,4,1,0.79853,0.18197
v1,1.8,1,2,0,0,0.57291,0.35344
v1,1.8,1,2,1,-1,0.01357,2.11878
v1,1.8,1,2,2,0,0.79309,0.20476
v1,1.8,1,2,4,1,0.78111,0.52593
v1,1.8,1,3,0,0,0.78444,0.26271
v1,1.8,1,3,1,0,0.87998,0.09655
v1,1.8,1,3,2,0,0.95760,0.05489
v1,1.8,1,3,4,1,0.85126,0.13969
v1,1.8,1,4,0,0,0.62778,0.38528
v1,1.8,1,4,1,0,0.83528,0.14491
v1,1.8,1,4,2,0,0.94065,0.07757
v1,1.8,1,4,4,1,0.65646,0.43177
v1,1.8,1,5,1,0,0.85943,0.11079
v1,1.8,1,5,2,0,0.82555,0.19134
v1,1.8,1,5,4,1,0.90015,0.07953
v1,1.8,1,6,0,0,0.28271,1.18632
v1,1.8,1,6,1,-1,0.01240,2.11266
v1,1.8,1,6,2,0,0.76613,0.13647
v1,1.8,1,6,4,1,0.89306,0.11869
v1,1.8,1,7,0,0,0.74459,0.10408
v1,1.8,1,7,1,0,0.89871,0.11667
v1,1.8,1,7,2,0,0.94057,0.07029
v1,1.8,1,7,4,1,0.89409,0.01553
v1,1.8,2,0,0,0,0.77590,0.10898
v1,1.8,2,0,1,0,0.44960,2.14984
v1,1.8,2,0,2,0,0.87346,0.19538
v1,1.8,2,0,4,1,0.73982,0.13683
v1,1.8,2,1,0,0,0.79600,0.19577
v1,1.8,2,1,1,0,0.59643,0.30250
v1,1.8,2,1,2,0,0.27207,1.62229
v1,1.8,2,2,0,0,0.87627,0.27381
v1,1.8,2,2,1,0,0.67824,0.36235
v1,1.8,2,2,2,0,0.86112,0.24222
v1,1.8,2,2,4,1,0.45797,0.42185
v1,1.8,2,3,0,0,0.80373,0.20918
v1,1.8,2,3,1,0,0.92220,0.07843
v1,1.8,2,3,2,0,0.66384,0.12735
v1,1.8,2,3,4,1,0.77706,0.24677
v1,1.8,2,4,0,0,0.79130,0.32529
v1,1.8,2,4,1,0,0.78875,0.20589
v1,1.8,2,4,2,0,0.76380,0.26241
v1,1.8,2,4,4,1,0.92383,0.12496
v1,1.8,2,5,0,0,0.34788,1.51381
v1,1.8,2,5,1,0,0.90672,0.09562
v1,1.8,2,5,2,0,0.76965,0.22642
v1,1.8,2,5,4,1,0.93790,0.08001
v1,1.8,2,6,0,0,0.27134,1.76661
v1,1.8,2,6,1,0,0.23028,1.88935
v1,1.8,2,6,2,0,0.25264,1.78043
v1,1.8,2,6,4,1,0.80424,0.25462
v1,1.8,2,7,0,0,0.45306,0.62640
v1,1.8,2,7,1,0,0.92259,0.07832
v1,1.8,2,7,2,0,0.73020,0.22444
v1,1.8,2,7,4,1,0.91279,0.10678
v1,1.8,3,0,0,-1,0.24346,2.18120
v1,1.8,3,0,1,0,0.94598,0.04427
v1,1.8,3,0,2,0,0.88659,0.07491
v1,1.8,3,0,4,1,0.92997,0.12045
v1,1.8,3,1,0,0,0.78158,0.39764
v1,1.8,3,1,1,0,0.85378,0.14366
v1,1.8,3,1,2,0,0.86956,0.10236
v1,1.8,3,1,4,1,0.89324,0.15161
v1,1.8,3,2,0,0,0.60057,0.70553
v1,1.8,3,2,1,0,0.95573,0.02981
v1,1.8,3,2,2,0,0.89306,0.07807
v1,1.8,3,2,4,1,0.92785,0.12890
v1,1.8,3,3,0,0,0.88711,0.22903
v1,1.8,3,3,1,0,0.77896,0.21870
v1,1.8,3,3,2,0,0.89693,0.08062
v1,1.8,3,3,4,1,0.76768,0.25146
v1,1.8,3,4,0,0,0.29716,1.05874
v1,1.8,3,4,1,0,0.88724,0.10343
v1,1.8,3,4,2,0,0.76741,0.05670
v1,1.8,3,4,4,1,0.91346,0.11993
v1,1.8,3,5,0,0,0.39696,0.72735
v1,1.8,3,5,1,0,0.92133,0.04707
v1,1.8,3,5,2,0,0.88951,0.08151
v1,1.8,3,5,4,1,0.91044,0.14343
v1,1.8,3,6,0,0,0.74076,0.52760
v1,1.8,3,6,1,0,0.89885,0.09031
v1,1.8,3,6,2,0,0.89293,0.08266
v1,1.8,3,6,4,1,0.77003,0.22301
v1,1.8,3,7,0,0,0.85988,0.10633
v1,1.8,3,7,1,0,0.77093,0.19685
v1,1.8,3,7,2,0,0.89693,0.09795
v1,1.8,3,7,4,1,0.64385,0.39510
v1,1.8,4,0,0,0,0.86576,0.16955
v1,1.8,4,0,1,0,0.86010,0.12560
v1,1.8,4,0,2,0,0.91405,0.14622
v1,1.8,4,0,4,1,0.79857,0.03789
v1,1.8,4,1,0,0,0.71788,0.22756
v1,1.8,4,1,1,-1,0.03322,0.87496
v1,1.8,4,1,2,0,0.79106,0.22325
v1,1.8,4,1,4,1,0.88979,0.20182
v1,1.8,4,2,0,0,0.83913,0.18629
v1,1.8,4,2,1,0,0.92273,0.11297
v1,1.8,4,2,2,0,0.83285,0.19370
v1,1.8,4,2,4,1,0.24255,2.73585
v1,1.8,4,3,0,0,0.78063,0.23021
v1,1.8,4,3,1,0,0.95979,0.03088
v1,1.8,4,3,2,0,0.40637,0.73445
v1,1.8,4,3,4,1,0.88678,0.21118
v1,1.8,4,4,0,0,0.53608,0.09889
v1,1.8,4,4,1,0,0.83360,0.15052
v1,1.8,4,4,2,0,0.81334,0.10017
v1,1.8,4,4,4,1,0.83100,0.22389
v1,1.8,4,5,0,0,0.83398,0.17943
v1,1.8,4,5,1,0,0.47299,0.69719
v1,1.8,4,5,2,0,0.90942,0.15822
v1,1.8,4,5,4,1,0.88979,0.20695
v1,1.8,4,6,0,0,0.37034,1.85755
v1,1.8,4,6,1,0,0.93889,0.01056
v1,1.8,4,6,2,0,0.71280,0.18670
v1,1.8,4,6,4,1,0.88979,0.20640
v1,1.8,4,7,0,0,0.47227,0.61778
v1,1.8,4,7,1,0,0.86304,0.12655
v1,1.8,4,7,2,0,0.93357,0.05896
v1,1.8,4,7,4,-1,0.00522,2.79148
v1,1.8,5,0,0,0,0.79812,0.27697
v1,1.8,5,0,1,0,0.84127,0.20799
v1,1.8,5,0,2,0,0.51570,0.57351
v1,1.8,5,0,4,1,0.91997,0.12614
v1,1.8,5,1,0,0,0.85646,0.24254
v1,1.8,5,1,1,0,0.83514,0.19744
v1,1.8,5,1,2,0,0.94342,0.04925
v1,1.8,5,1,4,1,0.86393,0.16592
v1,1.8,5,2,0,0,0.88431,0.22187
v1,1.8,5,2,1,0,0.84946,0.06451
v1,1.8,5,2,2,0,0.75527,0.26872
v1,1.8,5,2,4,1,0.19628,2.85023
v1,1.8,5,3,0,0,0.71230,0.29505
v1,1.8,5,3,1,0,0.71242,0.30967
v1,1.8,5,3,2,0,0.71420,0.07132
v1,1.8,5,3,4,1,0.74521,0.40190
v1,1.8,5,4,0,0,0.71136,0.29536
v1,1.8,5,4,1,0,0.66229,0.33860
v1,1.8,5,4,2,0,0.84828,0.11930
v1,1.8,5,4,4,1,0.62154,1.25480
v1,1.8,5,5,0,0,0.71186,0.29046
v1,1.8,5,5,1,0,0.51511,0.51827
v1,1.8,5,5,2,0,0.27183,1.77246
v1,1.8,5,5,4,1,0.86110,0.13596
v1,1.8,5,6,0,0,0.48950,0.33399
v1,1.8,5,6,1,0,0.76752,0.19098
v1,1.8,5,6,2,0,0.58865,0.44892
v1,1.8,5,6,4,1,0.93981,0.07556
v1,1.8,5,7,0,0,0.56702,0.24987
v1,1.8,5,7,1,0,0.87141,0.19130
v1,1.8,5,7,2,0,0.53016,0.53341
v1,1.8,5,7,4,1,0.82009,0.20830
v1,1.8,6,0,0,0,0.80716,0.23504
v1,1.8,6,0,1,0,0.79174,0.50268
v1,1.8,6,0,2,0,0.95654,0.03410
v1,1.8,6,0,4,1,0.78620,0.27386
v1,1.8,6,1,0,0,0.30827,1.25956
v1,1.8,6,1,1,0,0.89254,0.11601
v1,1.8,6,1,2,0,0.96404,0.03247
v1,1.8,6,2,0,0,0.60493,0.41291
v1,1.8,6,2,1,-1,0.48053,1.29704
v1,1.8,6,2,2,0,0.95755,0.04154
v1,1.8,6,2,4,1,0.67375,0.39021
v1,1.8,6,3,0,0,0.50397,0.54884
v1,1.8,6,3,1,0,0.73981,0.34268
v1,1.8,6,3,2,0,0.95585,0.03831
v1,1.8,6,3,4,1,0.52254,1.05042
v1,1.8,6,4,0,1,0.22327,2.99214
v1,1.8,6,4,1,0,0.53367,0.59406
v1,1.8,6,4,2,0,0.26961,1.59345
v1,1.8,6,4,4,1,0.88789,0.15868
v1,1.8,6,5,0,0,0.89154,0.13103
v1,1.8,6,5,1,0,0.85664,0.30026
v1,1.8,6,5,2,0,0.90492,0.05971
v1,1.8,6,5,4,1,0.82927,0.17586
v1,1.8,6,6,0,0,0.72151,0.27988
v1,1.8,6,6,1,0,0.77052,0.21537
v1,1.8,6,6,2,0,0.93787,0.05388
v1,1.8,6,6,4,1,0.78066,0.16350
v1,1.8,6,7,0,0,0.83601,0.28305
v1,1.8,6,7,1,0,0.47861,0.42178
v1,1.8,6,7,2,0,0.95442,0.04414
v1,1.8,6,7,4,1,0.62973,0.30400
v1,1.8,7,0,0,0,0.88808,0.09246
v1,1.8,7,0,1,0,0.94576,0.05762
v1,1.8,7,0,2,-1,0.03363,2.17593
v1,1.8,7,0,4,1,0.67553,0.38121
v1,1.8,7,1,0,0,0.64266,0.10030
v1,1.8,7,1,1,0,0.91563,0.05466
v1,1.8,7,1,2,0,0.37461,0.68176
v1,1.8,7,1,4,1,0.92563,0.07698
v1,1.8,7,2,0,0,0.39470,0.76488
v1,1.8,7,2,1,-1,0.01377,2.15513
v1,1.8,7,2,2,0,0.90249,0.07613
v1,1.8,7,2,4,1,0.91022,0.22890
v1,1.8,7,3,0,0,0.88809,0.18706
v1,1.8,7,3,1,0,0.69089,0.29633
v1,1.8,7,3,2,-1,0.00802,2.21528
v1,1.8,7,3,4,1,0.36506,1.41275
v1,1.8,7,4,0,0,0.81949,0.23639
v1,1.8,7,4,1,0,0.34967,0.83566
v1,1.8,7,5,0,0,0.90425,0.09622
v1,1.8,7,5,1,0,0.92029,0.05360
v1,1.8,7,5,2,-1,0.00624,2.22601
v1,1.8,7,5,4,1,0.89089,0.16285
v1,1.8,7,6,0,0,0.73127,0.22907
v1,1.8,7,6,1,0,0.94524,0.03723
v1,1.8,7,6,2,0,0.70868,0.27724
v1,1.8,7,6,4,1,0.91714,0.08509
v1,1.8,7,7,0,-1,0.50886,0.44391
v1,1.8,7,7,1,0,0.80092,0.21229
v1,1.8,7,7,2,0,0.75639,0.22764
v1,1.8,7,7,4,1,0.80342,0.28774
v1,1.8,8,0,0,0,0.61939,0.07671
v1,1.8,8,0,1,0,0.78603,0.20518
v1,1.8,8,0,2,0,0.88670,0.08940
v1,1.8,8,0,4,1,0.42883,2.22013
v1,1.8,8,1,0,0,0.44027,0.56602
v1,1.8,8,1,1,0,0.84910,0.12119
v1,1.8,8,1,2,0,0.75409,0.23179
v1,1.8,8,1,4,1,0.37965,2.12982
v1,1.8,8,2,0,0,0.89352,0.05655
v1,1.8,8,2,1,0,0.39368,0.72939
v1,1.8,8,2,2,0,0.92757,0.05409
v1,1.8,8,2,4,1,0.87992,0.13852
v1,1.8,8,3,0,0,0.89225,0.21562
v1,1.8,8,3,1,0,0.92939,0.03179
v1,1.8,8,3,2,0,0.79631,0.20641
v1,1.8,8,3,4,1,0.55462,0.75483
v1,1.8,8,4,0,0,0.90498,0.08986
v1,1.8,8,4,1,0,0.92939,0.01957
v1,1.8,8,4,2,0,0.32176,0.83526
v1,1.8,8,4,4,1,0.64787,1.11185
v1,1.8,8,5,0,0,0.89363,0.08494
v1,1.8,8,5,1,0,0.92939,0.01650
v1,1.8,8,5,2,0,0.96333,0.01461
v1,1.8,8,5,4,1,0.89180,0.17817
v1,1.8,8,6,0,0,0.84947,0.09246
v1,1.8,8,6,1,0,0.26006,1.93175
v1,1.8,8,6,2,0,0.94956,0.03980
v1,1.8,8,6,4,1,0.93919,0.06983
v1,1.8,8,7,0,0,0.92756,0.07528
v1,1.8,8,7,1,0,0.92847,0.02079
v1,1.8,8,7,2,0,0.85989,0.08559
v1,1.8,8,7,4,1,0.88479,0.17390
v1,1.8,9,0,0,0,0.93080,0.06338
v1,1.8,9,0,1,0,0.70142,0.18917
v1,1.8,9,0,2,0,0.87719,0.13295
v1,1.8,9,0,4,1,0.73349,0.28652
v1,1.8,9,1,0,0,0.66504,0.15733
v1,1.8,9,1,1,0,0.73184,0.18235
v1,1.8,9,1,2,0,0.87719,0.13851
v1,1.8,9,2,0,0,0.83623,0.14737
v1,1.8,9,2,1,0,0.24080,1.26544
v1,1.8,9,2,2,-1,0.00418,2.11798
v1,1.8,9,2,4,1,0.33338,2.25477
v1,1.8,9,3,0,0,0.41289,0.53047
v1,1.8,9,3,1,0,0.53213,0.34563
v1,1.8,9,3,2,0,0.58519,0.41194
v1,1.8,9,3,4,1,0.22468,2.61043
v1,1.8,9,4,0,0,0.81718,0.42056
v1,1.8,9,4,1,0,0.67300,0.28382
v1,1.8,9,4,2,0,0.85974,0.14368
v1,1.8,9,4,4,-1,0.01124,1.60832
v1,1.8,9,5,0,0,0.91227,0.08041
v1,1.8,9,5,1,0,0.27792,3.01450
v1,1.8,9,5,2,0,0.87719,0.15017
v1,1.8,9,5,4,1,0.72299,0.30111
v1,1.8,9,6,0,0,0.94152,0.05318
v1,1.8,9,6,1,0,0.77152,0.26277
v1,1.8,9,6,2,0,0.87719,0.12629
v1,1.8,9,6,4,1,0.58040,0.51787
v1,1.8,9,7,0,0,0.90345,0.09131
v1,1.8,9,7,1,-1,0.08827,1.84517
v1,1.8,9,7,2,0,0.87719,0.11383
v1,1.8,9,7,4,1,0.91973,0.07692
v1,1.8,10,0,0,0,0.51343,0.41415
v1,1.8,10,0,1,0,0.94686,0.03868
v1,1.8,10,0,2,0,0.91185,0.03837
v1,1.8,10,0,4,1,0.89566,0.13889
v1,1.8,10,1,0,0,0.72224,0.12596
v1,1.8,10,1,1,0,0.79265,0.19485
v1,1.8,10,1,2,0,0.91305,0.10553
v1,1.8,10,1,4,1,0.72905,0.10978
v1,1.8,10,2,0,0,0.96130,0.05650
v1,1.8,10,2,1,0,0.54146,0.17234
v1,1.8,10,2,2,0,0.91305,0.08867
v1,1.8,10,2,4,1,0.62718,0.48746
v1,1.8,10,3,0,0,0.88071,0.19461
v1,1.8,10,3,1,0,0.70315,0.36455
v1,1.8,10,3,2,0,0.22395,1.59677
v1,1.8,10,3,4,1,0.89314,0.13842
v1,1.8,10,4,0,0,0.37755,0.81838
v1,1.8,10,4,1,0,0.94822,0.03795
v1,1.8,10,4,2,0,0.91305,0.11359
v1,1.8,10,4,4,1,0.71195,0.33482
v1,1.8,10,5,0,0,0.95040,0.05508
v1,1.8,10,5,1,0,0.69659,0.16845
v1,1.8,10,5,2,0,0.91305,0.09946
v1,1.8,10,6,0,0,0.61333,0.44420
v1,1.8,10,6,1,0,0.65271,0.36482
v1,1.8,10,6,2,0,0.88699,0.16763
v1,1.8,10,6,4,-1,0.00392,3.10219
v1,1.8,10,7,0,0,0.82937,0.15734
v1,1.8,10,7,1,0,0.79716,0.19235
v1,1.8,10,7,2,0,0.86027,0.13128
v1,1.8,10,7,4,1,0.80031,0.24713
v1,1.8,11,0,0,0,0.63370,0.31070
v1,1.8,11,0,1,0,0.60411,0.38098
v1,1.8,11,0,2,0,0.84029,0.19969
v1,1.8,11,0,4,1,0.66213,0.59666
v1,1.8,11,1,0,0,0.51292,0.60572
v1,1.8,11,1,1,0,0.51085,0.55661
v1,1.8,11,1,2,0,0.89063,0.10579
v1,1.8,11,1,4,1,0.91575,0.15197
v1,1.8,11,2,0,0,0.77432,0.40356
v1,1.8,11,2,1,0,0.88704,0.17950
v1,1.8,11,2,2,0,0.69991,0.30883
v1,1.8,11,2,4,1,0.92767,0.11194
v1,1.8,11,3,0,0,0.72791,0.19363
v1,1.8,11,3,1,0,0.85190,0.15914
v1,1.8,11,3,2,0,0.66566,0.35380
v1,1.8,11,3,4,1,0.83768,0.42856
v1,1.8,11,4,0,0,0.76215,0.22188
v1,1.8,11,4,1,0,0.86184,0.17538
v1,1.8,11,4,2,0,0.75673,0.26161
v1,1.8,11,4,4,1,0.79389,0.21427
v1,1.8,11,5,0,0,0.73229,0.17761
v1,1.8,11,5,1,0,0.47330,0.60132
v1,1.8,11,5,4,1,0.77013,0.28626
v1,1.8,11,6,0,0,0.66190,0.22739
v1,1.8,11,6,1,0,0.74069,0.27172
v1,1.8,11,6,2,0,0.77736,0.24789
v1,1.8,11,6,4,1,0.90802,0.14963
v1,1.8,11,7,0,0,0.86642,0.28200
v1,1.8,11,7,1,0,0.80716,0.20599
v1,1.8,11,7,2,0,0.86835,0.12750
v1,1.8,11,7,4,0,0.64646,0.92072
v1,1.8,12,0,0,0,0.55071,0.40994
v1,1.8,12,0,1,0,0.86395,0.28171
v1,1.8,12,0,2,0,0.86239,0.16386
v1,1.8,12,1,1,0,0.87934,0.08957
v1,1.8,12,1,2,0,0.46609,0.62968
v1,1.8,12,1,4,1,0.75964,0.26899
v1,1.8,12,2,0,0,0.77942,0.11066
v1,1.8,12,2,1,0,0.87730,0.09451
v1,1.8,12,2,2,0,0.62482,0.37835
v1,1.8,12,2,4,1,0.79158,0.22633
v1,1.8,12,3,0,0,0.85825,0.25489
v1,1.8,12,3,1,0,0.93913,0.02428
v1,1.8,12,3,2,0,0.75128,0.22744
v1,1.8,12,3,4,1,0.49171,1.29557
v1,1.8,12,4,0,0,0.73969,0.25706
v1,1.8,12,4,1,0,0.85545,0.11794
v1,1.8,12,4,2,-1,0.41724,1.18401
v1,1.8,12,4,4,1,0.61855,0.72276
v1,1.8,12,5,0,0,0.50102,0.44030
v1,1.8,12,5,1,-1,0.89912,0.13373
v1,1.8,12,5,2,0,0.51552,0.03937
v1,1.8,12,5,4,1,0.90960,0.11995
v1,1.8,12,6,0,0,0.72791,0.15305
v1,1.8,12,6,1,0,0.59867,0.44112
v1,1.8,12,6,2,0,0.86728,0.15222
v1,1.8,12,7,0,0,0.69891,0.09907
v1,1.8,12,7,1,0,0.77451,0.22203
v1,1.8,12,7,2,0,0.83482,0.15583
v1,1.8,13,0,0,0,0.89127,0.24821
v1,1.8,13,0,1,0,0.84999,0.13382
v1,1.8,13,0,2,0,0.91410,0.08412
v1,1.8,13,0,4,1,0.91779,0.08074
v1,1.8,13,1,0,0,0.61666,0.41634
v1,1.8,13,1,1,0,0.90055,0.18561
v1,1.8,13,1,2,0,0.91600,0.07798
v1,1.8,13,1,4,1,0.94157,0.12323
v1,1.8,13,2,0,0,0.88422,0.10750
v1,1.8,13,2,1,1,0.70914,0.57767
v1,1.8,13,2,2,0,0.88765,0.08791
v1,1.8,13,2,4,-1,0.01150,1.19015
v1,1.8,13,3,0,0,0.89285,0.15515
v1,1.8,13,3,1,0,0.95219,0.08336
v1,1.8,13,3,2,0,0.92341,0.06810
v1,1.8,13,3,4,-1,0.02923,1.11520
v1,1.8,13,4,0,0,0.87712,0.10697
v1,1.8,13,4,1,0,0.88787,0.17857
v1,1.8,13,4,2,0,0.90949,0.07356
v1,1.8,13,4,4,1,0.94144,0.11972
v1,1.8,13,5,0,0,0.67640,0.39622
v1,1.8,13,5,1,1,0.70943,0.56517
v1,1.8,13,5,2,0,0.78847,0.20471
v1,1.8,13,5,4,1,0.93561,0.14269
v1,1.8,13,6,0,0,0.57752,0.19848
v1,1.8,13,6,1,0,0.93557,0.12429
v1,1.8,13,6,2,0,0.91177,0.08704
v1,1.8,13,6,4,-1,0.03230,1.15581
v1,1.8,13,7,0,0,0.80667,0.20424
v1,1.8,13,7,1,0,0.79615,0.15160
v1,1.8,13,7,2,0,0.93542,0.07387
v1,1.8,13,7,4,1,0.62316,0.46900
v1,1.8,14,0,0,-1,0.07318,2.52124
v1,1.8,14,0,1,0,0.87500,0.13388
v1,1.8,14,0,2,0,0.85985,0.29152
v1,1.8,14,0,4,1,0.96311,0.06594
v1,1.8,14,1,0,0,0.93449,0.06454
v1,1.8,14,1,1,0,0.79336,0.14387
v1,1.8,14,1,2,0,0.92997,0.04969
v1,1.8,14,1,4,1,0.30546,1.39557
v1,1.8,14,2,0,0,0.85238,0.33526
v1,1.8,14,2,1,0,0.70928,0.29815
v1,1.8,14,2,2,0,0.96311,0.01672
v1,1.8,14,2,4,-1,0.00394,3.03159
v1,1.8,14,3,0,0,0.83057,0.17865
v1,1.8,14,3,1,0,0.74119,0.08460
v1,1.8,14,3,2,0,0.92175,0.05810
v1,1.8,14,3,4,1,0.30864,1.34145
v1,1.8,14,4,0,0,0.66017,0.44531
v1,1.8,14,4,1,0,0.79931,0.06401
v1,1.8,14,4,2,0,0.95386,0.00685
v1,1.8,14,4,4,1,0.80147,0.22058
v1,1.8,14,5,0,0,0.93175,0.15323
v1,1.8,14,5,1,0,0.71802,0.29865
v1,1.8,14,5,2,0,0.95920,0.01001
v1,1.8,14,6,0,0,0.48443,0.37334
v1,1.8,14,6,1,0,0.65336,0.35456
v1,1.8,14,6,2,0,0.94742,0.02563
v1,1.8,14,6,4,1,0.91650,0.09821
v1,1.8,14,7,0,0,0.36736,0.96243
v1,1.8,14,7,1,-1,0.91449,0.07654
v1,1.8,14,7,2,0,0.69013,0.17568
v1,1.8,14,7,4,1,0.97248,0.03725
v1,1.8,15,0,1,0,0.95789,0.01644
v1,1.8,15,0,2,0,0.67636,0.51646
v1,1.8,15,0,4,1,0.86732,0.18929
v1,1.8,15,1,0,-1,0.15964,1.93870
v1,1.8,15,1,1,0,0.54677,0.44803
v1,1.8,15,1,2,0,0.85470,0.13155
v1,1.8,15,1,4,-1,0.29158,0.76495
v1,1.8,15,2,0,0,0.83022,0.16119
v1,1.8,15,2,1,0,0.46934,0.80462
v1,1.8,15,2,2,0,0.91390,0.11041
v1,1.8,15,2,4,1,0.39785,0.12926
v1,1.8,15,3,0,0,0.70221,0.29451
v1,1.8,15,3,1,0,0.58108,0.78173
v1,1.8,15,3,2,0,0.88569,0.16941
v1,1.8,15,3,4,1,0.90034,0.17444
v1,1.8,15,4,0,0,0.86023,0.12858
v1,1.8,15,4,1,0,0.86452,0.12425
v1,1.8,15,4,2,0,0.80365,0.19925
v1,1.8,15,4,4,1,0.50146,0.60864
v1,1.8,15,5,0,0,0.50153,1.23524
v1,1.8,15,5,1,0,0.93572,0.06298
v1,1.8,15,5,2,0,0.84347,0.29914
v1,1.8,15,5,4,-1,0.01118,2.75879
v1,1.8,15,6,0,0,0.85765,0.04442
v1,1.8,15,6,1,0,0.67169,0.33087
v1,1.8,15,6,4,-1,0.00748,2.88959
v1,1.8,15,7,1,0,0.94507,0.04822
v1,1.8,15,7,2,0,0.88066,0.18526
v1,1.8,15,7,4,1,0.90034,0.19036
v1,1.8,16,0,0,0,0.74826,0.11110
v1,1.8,16,0,1,0,0.79835,0.13444
v1,1.8,16,0,2,0,0.62935,0.26162
v1,1.8,16,1,0,0,0.47174,1.20443
v1,1.8,16,1,1,0,0.84906,0.13895
v1,1.8,16,1,2,0,0.58343,0.43659
v1,1.8,16,1,4,1,0.62322,0.92117
v1,1.8,16,2,0,0,0.49588,0.12163
v1,1.8,16,2,1,0,0.54817,0.51327
v1,1.8,16,2,2,0,0.83108,0.25365
v1,1.8,16,2,4,1,0.83483,0.18708
v1,1.8,16,3,0,0,0.46902,1.43691
v1,1.8,16,3,1,0,0.95127,0.04897
v1,1.8,16,3,2,0,0.68240,0.10558
v1,1.8,16,3,4,1,0.73391,0.29133
v1,1.8,16,4,0,0,0.84778,0.05894
v1,1.8,16,4,1,0,0.81763,0.16628
v1,1.8,16,4,2,0,0.90578,0.12533
v1,1.8,16,4,4,0,0.47562,0.47257
v1,1.8,16,5,0,0,0.87222,0.02804
v1,1.8,16,5,1,0,0.93971,0.05445
v1,1.8,16,5,2,0,0.78529,0.14976
v1,1.8,16,5,4,1,0.20719,2.65927
v1,1.8,16,6,0,0,0.40842,1.51438
v1,1.8,16,6,1,0,0.96150,0.02712
v1,1.8,16,6,2,0,0.48538,0.58647
v1,1.8,16,6,4,1,0.66226,0.39077
v1,1.8,16,7,0,0,0.58821,0.43479
v1,1.8,16,7,1,0,0.74943,0.24937
v1,1.8,16,7,2,0,0.85257,0.23827
v1,1.8,16,7,4,1,0.90525,0.13886
v1,1.8,17,0,0,0,0.79133,0.10297
v1,1.8,17,0,1,0,0.56517,0.47013
v1,1.8,17,0,2,0,0.92616,0.05850
v1,1.8,17,0,4,1,0.78720,0.25686
v1,1.8,17,1,0,0,0.83763,0.23389
v1,1.8,17,1,1,0,0.64929,0.07928
v1,1.8,17,1,2,0,0.93954,0.01360
v1,1.8,17,1,4,1,0.60074,0.60614
v1,1.8,17,2,0,0,0.70031,0.30804
v1,1.8,17,2,1,0,0.72236,0.29526
v1,1.8,17,2,2,0,0.67521,0.33593
v1,1.8,17,2,4,-1,0.00876,3.11501
v1,1.8,17,3,0,0,0.50408,0.56525
v1,1.8,17,3,1,0,0.92751,0.05132
v1,1.8,17,3,2,0,0.36713,0.78750
v1,1.8,17,3,4,1,0.90343,0.17889
v1,1.8,17,4,0,0,0.88085,0.10770
v1,1.8,17,4,1,0,0.54454,0.18201
v1,1.8,17,4,2,0,0.93416,0.03585
v1,1.8,17,4,4,1,0.79581,0.25244
v1,1.8,17,5,0,0,0.77239,0.20678
v1,1.8,17,5,1,0,0.85816,0.12638
v1,1.8,17,5,2,0,0.66314,0.35282
v1,1.8,17,5,4,1,0.90138,0.17032
v1,1.8,17,6,0,0,0.68616,0.31517
v1,1.8,17,6,1,0,0.68112,0.07430
v1,1.8,17,6,2,0,0.92356,0.04945
v1,1.8,17,6,4,1,0.73173,0.32646
v1,1.8,17,7,0,0,0.58801,0.28344
v1,1.8,17,7,1,0,0.77238,0.24203
v1,1.8,17,7,2,0,0.94185,0.02187
v1,1.8,17,7,4,1,0.90651,0.17221
v1,1.8,18,0,0,0,0.75157,0.27728
v1,1.8,18,0,1,0,0.89325,0.12286
v1,1.8,18,0,2,0,0.85036,0.13661
v1,1.8,18,0,4,1,0.47433,0.78389
v1,1.8,18,1,0,0,0.72478,0.14988
v1,1.8,18,1,1,0,0.62146,0.35907
v1,1.8,18,1,2,0,0.93215,0.09405
v1,1.8,18,1,4,1,0.71261,0.29074
v1,1.8,18,2,0,0,0.93050,0.08694
v1,1.8,18,2,1,-1,0.80253,0.39967
v1,1.8,18,2,2,0,0.93760,0.08625
v1,1.8,18,2,4,1,0.93231,0.08020
v1,1.8,18,3,0,0,0.29841,1.59304
v1,1.8,18,3,1,0,0.91026,0.10648
v1,1.8,18,3,2,0,0.60781,0.35963
v1,1.8,18,3,4,1,0.54374,0.78988
v1,1.8,18,4,0,0,0.64024,0.16932
v1,1.8,18,4,1,0,0.71807,0.25026
v1,1.8,18,4,2,0,0.93648,0.08896
v1,1.8,18,4,4,1,0.76523,0.34773
v1,1.8,18,5,0,0,0.53455,0.16806
v1,1.8,18,5,1,0,0.88281,0.12140
v1,1.8,18,5,2,0,0.83155,0.16454
v1,1.8,18,5,4,1,0.52220,1.68085
v1,1.8,18,6,0,0,0.53740,0.69743
v1,1.8,18,6,1,0,0.79599,0.19134
v1,1.8,18,6,2,0,0.70773,0.16139
v1,1.8,18,6,4,1,0.54143,0.66921
v1,1.8,18,7,0,0,0.75272,0.19955
v1,1.8,18,7,1,0,0.92454,0.08302
v1,1.8,18,7,2,0,0.93581,0.08092
v1,1.8,18,7,4,1,0.58334,0.33887
v1,1.8,19,0,0,0,0.73971,0.13762
v1,1.8,19,0,1,0,0.57301,0.48372
v1,1.8,19,0,2,0,0.55779,0.74699
v1,1.8,19,1,0,0,0.81705,0.09838
v1,1.8,19,1,1,0,0.22821,2.39417
v1,1.8,19,1,2,0,0.27348,1.68307
v1,1.8,19,2,0,0,0.57413,0.47360
v1,1.8,19,2,1,0,0.67896,0.35726
v1,1.8,19,2,2,0,0.79067,0.27211
v1,1.8,19,2,4,1,0.21007,2.81095
v1,1.8,19,3,0,0,0.79788,0.19925
v1,1.8,19,3,1,1,0.24312,1.87907
v1,1.8,19,3,2,0,0.82442,0.23729
v1,1.8,19,3,4,-1,0.22191,1.00076
v1,1.8,19,4,0,0,0.69903,0.29989
v1,1.8,19,4,1,0,0.69030,0.29750
v1,1.8,19,4,2,0,0.80972,0.25002
v1,1.8,19,4,4,1,0.83841,0.32158
v1,1.8,19,5,0,0,0.71447,0.56466
v1,1.8,19,5,1,0,0.49343,0.57390
v1,1.8,19,5,2,0,0.81507,0.25935
v1,1.8,19,5,4,1,0.92867,0.05987
v1,1.8,19,6,0,0,0.50527,0.79545
v1,1.8,19,6,1,0,0.94619,0.01442
v1,1.8,19,6,2,0,0.67045,0.31667
v1,1.8,19,6,4,1,0.89719,0.19576
v1,1.8,19,7,0,0,0.23484,1.99859
v1,1.8,19,7,1,0,0.93081,0.05941
v1,1.8,19,7,2,0,0.63784,0.32269
v1,1.8,19,7,4,1,0.90252,0.19743
v1,1.8,20,0,0,0,0.85971,0.28842
v1,1.8,20,0,1,0,0.90400,0.14145
v1,1.8,20,0,2,0,0.71653,0.25417
v1,1.8,20,0,4,1,0.89660,0.16218
v1,1.8,20,1,0,0,0.54789,1.09793
v1,1.8,20,1,1,0,0.86096,0.15966
v1,1.8,20,1,2,0,0.31730,0.96929
v1,1.8,20,1,4,1,0.89150,0.17002
v1,1.8,20,2,0,0,0.64160,0.19126
v1,1.8,20,2,1,0,0.95436,0.02937
v1,1.8,20,2,2,0,0.80219,0.34029
v1,1.8,20,2,4,1,0.74855,0.28534
v1,1.8,20,3,1,0,0.92184,0.12252
v1,1.8,20,3,2,-1,0.02413,0.91381
v1,1.8,20,3,4,1,0.89251,0.10218
v1,1.8,20,4,0,0,0.92010,0.14643
v1,1.8,20,4,1,0,0.89228,0.15017
v1,1.8,20,4,2,0,0.53890,0.48301
v1,1.8,20,4,4,1,0.93288,0.06784
v1,1.8,20,5,0,0,0.77096,0.19079
v1,1.8,20,5,1,1,0.71088,0.61419
v1,1.8,20,5,2,0,0.73009,0.32726
v1,1.8,20,5,4,1,0.78382,0.21533
v1,1.8,20,6,0,0,0.65190,0.38048
v1,1.8,20,6,1,0,0.79651,0.27443
v1,1.8,20,6,2,0,0.75463,0.27332
v1,1.8,20,6,4,1,0.40448,1.81215
v1,1.8,20,7,0,-1,0.40440,2.11911
v1,1.8,20,7,1,1,0.71088,0.62980
v1,1.8,20,7,2,0,0.60520,0.50254
v1,1.8,20,7,4,1,0.87818,0.17181
v1,2.5,1,0,0,0,0.91113,0.09908
v1,2.5,1,0,1,0,0.82195,0.25260
v1,2.5,1,0,2,0,0.86491,0.29671
v1,2.5,1,0,4,-1,0.03123,1.11171
v1,2.5,1,1,0,0,0.93724,0.02029
v1,2.5,1,1,1,0,0.71775,0.27933
v1,2.5,1,1,2,0,0.94062,0.10072
v1,2.5,1,1,4,1,0.43442,0.06603
v1,2.5,1,2,0,0,0.72361,0.08530
v1,2.5,1,2,1,0,0.87689,0.09284
v1,2.5,1,2,2,0,0.80491,0.17586
v1,2.5,1,2,4,1,0.89372,0.08387
v1,2.5,1,3,0,0,0.94157,0.01487
v1,2.5,1,3,1,-1,0.74411,0.49398
v1,2.5,1,3,2,0,0.95474,0.05804
v1,2.5,1,3,4,1,0.82456,0.18018
v1,2.5,1,4,0,0,0.75718,0.22413
v1,2.5,1,4,1,0,0.79596,0.40225
v1,2.5,1,4,2,0,0.93606,0.08820
v1,2.5,1,4,4,1,0.69568,0.22780
v1,2.5,1,5,0,0,0.77544,0.23091
v1,2.5,1,5,1,0,0.86465,0.10620
v1,2.5,1,5,2,0,0.96169,0.02002
v1,2.5,1,5,4,-1,0.02828,1.03004
v1,2.5,1,6,0,0,0.87579,0.08495
v1,2.5,1,6,1,0,0.89164,0.09042
v1,2.5,1,6,2,0,0.91568,0.05752
v1,2.5,1,6,4,1,0.88900,0.10942
v1,2.5,1,7,0,0,0.83867,0.05221
v1,2.5,1,7,1,0,0.89810,0.13204
v1,2.5,1,7,2,0,0.77423,0.21452
v1,2.5,1,7,4,1,0.72262,0.32171
v1,2.5,2,0,0,0,0.76821,0.31786
v1,2.5,2,0,1,0,0.44159,2.56115
v1,2.5,2,0,2,0,0.68554,0.32519
v1,2.5,2,0,4,1,0.60237,0.46290
v1,2.5,2,1,0,0,0.94578,0.02244
v1,2.5,2,1,1,0,0.55273,0.41361
v1,2.5,2,1,2,0,0.87510,0.04211
v1,2.5,2,1,4,1,0.94480,0.09495
v1,2.5,2,2,0,0,0.62841,0.49485
v1,2.5,2,2,1,0,0.92353,0.06970
v1,2.5,2,2,2,0,0.87067,0.18805
v1,2.5,2,2,4,1,0.43537,0.39771
v1,2.5,2,3,0,0,0.79445,0.19172
v1,2.5,2,3,1,0,0.92457,0.07694
v1,2.5,2,3,2,0,0.77391,0.22428
v1,2.5,2,3,4,-1,0.75435,0.25833
v1,2.5,2,4,0,0,0.87271,0.27839
v1,2.5,2,4,1,0,0.93081,0.07654
v1,2.5,2,4,2,0,0.87006,0.18264
v1,2.5,2,4,4,-1,0.89706,0.13998
v1,2.5,2,5,0,0,0.65030,0.53232
v1,2.5,2,5,1,0,0.90672,0.09333
v1,2.5,2,5,2,0,0.69174,0.06519
v1,2.5,2,5,4,-1,0.85633,0.14507
v1,2.5,2,6,0,0,0.22426,2.49652
v1,2.5,2,6,1,0,0.17534,2.54579
v1,2.5,2,6,2,0,0.63359,0.33680
v1,2.5,2,6,4,1,0.85825,0.17641
v1,2.5,2,7,0,0,0.19557,2.12086
v1,2.5,2,7,1,0,0.92180,0.07879
v1,2.5,2,7,2,0,0.72812,0.04149
v1,2.5,2,7,4,1,0.93801,0.11064
v1,2.5,3,0,0,0,0.21972,2.03678
v1,2.5,3,0,1,0,0.93965,0.04966
v1,2.5,3,0,2,0,0.89693,0.06367
v1,2.5,3,0,4,-1,0.81033,0.17716
v1,2.5,3,1,0,0,0.88413,0.23427
v1,2.5,3,1,1,0,0.88622,0.10554
v1,2.5,3,1,2,0,0.83462,0.13067
v1,2.5,3,1,4,0,0.92349,0.13181
v1,2.5,3,2,0,0,0.74212,0.27850
v1,2.5,3,2,1,0,0.95793,0.03461
v1,2.5,3,2,2,0,0.89693,0.06655
v1,2.5,3,2,4,-1,0.96885,0.01776
v1,2.5,3,3,0,0,0.97441,0.00558
v1,2.5,3,3,1,0,0.81159,0.19691
v1,2.5,3,3,2,0,0.89693,0.08229
v1,2.5,3,3,4,0,0.84447,0.17452
v1,2.5,3,4,0,0,0.77925,0.17373
v1,2.5,3,4,1,0,0.93945,0.01907
v1,2.5,3,4,2,0,0.51737,0.48809
v1,2.5,3,4,4,0,0.86912,0.30970
v1,2.5,3,5,0,0,0.44144,0.39562
v1,2.5,3,5,1,0,0.95746,0.01403
v1,2.5,3,5,2,0,0.86269,0.10032
v1,2.5,3,5,4,0,0.89497,0.15877
v1,2.5,3,6,0,0,0.35028,1.42418
v1,2.5,3,6,1,0,0.92746,0.05365
v1,2.5,3,6,2,0,0.89693,0.07960
v1,2.5,3,6,4,-1,0.89836,0.25195
v1,2.5,3,7,0,0,0.81827,0.14692
v1,2.5,3,7,1,0,0.91409,0.06992
v1,2.5,3,7,2,0,0.89693,0.09523
v1,2.5,3,7,4,1,0.64490,0.38234
v1,2.5,4,0,0,0,0.74373,0.23913
v1,2.5,4,0,2,0,0.91498,0.14381
v1,2.5,4,0,4,1,0.74037,0.07803
v1,2.5,4,1,0,0,0.88618,0.02921
v1,2.5,4,1,1,0,0.92744,0.05639
v1,2.5,4,1,2,0,0.82626,0.19312
v1,2.5,4,1,4,0,0.92275,0.14629
v1,2.5,4,2,0,0,0.88938,0.16777
v1,2.5,4,2,1,0,0.92015,0.11668
v1,2.5,4,2,2,0,0.83372,0.19066
v1,2.5,4,2,4,1,0.81378,0.23327
v1,2.5,4,3,0,0,0.23704,2.74538
v1,2.5,4,3,1,0,0.96008,0.02900
v1,2.5,4,3,2,0,0.59976,0.49477
v1,2.5,4,3,4,0,0.77862,0.54254
v1,2.5,4,4,0,0,0.60504,0.52190
v1,2.5,4,4,1,0,0.60559,0.60060
v1,2.5,4,4,2,0,0.88882,0.18738
v1,2.5,4,4,4,0,0.78621,0.55146
v1,2.5,4,5,0,0,0.77173,0.22138
v1,2.5,4,5,1,0,0.96423,0.02240
v1,2.5,4,5,2,0,0.91560,0.14201
v1,2.5,4,5,4,1,0.49049,0.72326
v1,2.5,4,6,0,0,0.77104,0.21995
v1,2.5,4,6,1,0,0.94628,0.01306
v1,2.5,4,6,2,0,0.60946,0.31386
v1,2.5,4,6,4,0,0.90170,0.10612
v1,2.5,4,7,0,0,0.74968,0.16034
v1,2.5,4,7,1,0,0.91730,0.07216
v1,2.5,4,7,2,0,0.91183,0.15654
v1,2.5,4,7,4,0,0.78443,0.54894
v1,2.5,5,0,0,0,0.78943,0.27898
v1,2.5,5,0,1,0,0.84127,0.15456
v1,2.5,5,0,2,0,0.60652,0.47167
v1,2.5,5,0,4,-1,0.87819,0.17636
v1,2.5,5,1,0,0,0.74485,0.61758
v1,2.5,5,1,1,0,0.74241,0.27447
v1,2.5,5,1,2,0,0.66250,0.35070
v1,2.5,5,1,4,1,0.79639,0.24440
v1,2.5,5,2,0,0,0.58527,0.29729
v1,2.5,5,2,1,0,0.84441,0.09611
v1,2.5,5,2,2,0,0.95958,0.04097
v1,2.5,5,2,4,-1,0.89728,0.18627
v1,2.5,5,3,0,0,0.84546,0.13984
v1,2.5,5,3,1,0,0.72292,0.29731
v1,2.5,5,3,2,0,0.96209,0.03183
v1,2.5,5,3,4,1,0.89239,0.23583
v1,2.5,5,4,0,0,0.94019,0.01097
v1,2.5,5,4,1,0,0.63823,0.36744
v1,2.5,5,4,2,0,0.74574,0.25971
v1,2.5,5,4,4,1,0.87713,0.13287
v1,2.5,5,5,0,0,0.86446,0.10786
v1,2.5,5,5,1,0,0.71208,0.23472
v1,2.5,5,5,2,0,0.85188,0.13911
v1,2.5,5,5,4,1,0.71889,0.34211
v1,2.5,5,6,0,0,0.39761,0.10125
v1,2.5,5,6,1,0,0.81292,0.04629
v1,2.5,5,6,2,0,0.67181,0.22762
v1,2.5,5,6,4,-1,0.93981,0.07556
v1,2.5,5,7,0,0,0.90785,0.15551
v1,2.5,5,7,1,0,0.87113,0.19351
v1,2.5,5,7,2,0,0.88401,0.11176
v1,2.5,5,7,4,-1,0.86877,0.21581
v1,2.5,6,0,0,0,0.79097,0.08035
v1,2.5,6,0,2,0,0.95626,0.03417
v1,2.5,6,0,4,1,0.79185,0.26723
v1,2.5,6,1,0,0,0.18906,2.12904
v1,2.5,6,1,1,0,0.60983,0.08402
v1,2.5,6,1,2,0,0.96149,0.03556
v1,2.5,6,1,4,1,0.92509,0.07580
v1,2.5,6,2,0,0,0.76378,0.20027
v1,2.5,6,2,2,0,0.93446,0.03253
v1,2.5,6,2,4,1,0.60658,0.27621
v1,2.5,6,3,0,0,0.86534,0.16012
v1,2.5,6,3,1,0,0.80938,0.31986
v1,2.5,6,3,2,0,0.95567,0.03856
v1,2.5,6,3,4,-1,0.07437,1.18099
v1,2.5,6,4,0,0,0.87954,0.17972
v1,2.5,6,4,1,0,0.85846,0.30674
v1,2.5,6,4,2,0,0.85282,0.13743
v1,2.5,6,4,4,1,0.64113,0.43382
v1,2.5,6,5,0,0,0.91092,0.12515
v1,2.5,6,5,1,0,0.85694,0.30022
v1,2.5,6,5,2,0,0.84728,0.10951
v1,2.5,6,5,4,-1,0.02474,1.18904
v1,2.5,6,6,0,0,0.74754,0.24368
v1,2.5,6,6,1,0,0.74167,0.24806
v1,2.5,6,6,2,0,0.71044,0.30629
v1,2.5,6,6,4,1,0.57061,0.49134
v1,2.5,6,7,0,0,0.75619,0.46367
v1,2.5,6,7,1,0,0.90525,0.08721
v1,2.5,6,7,2,0,0.95442,0.04415
v1,2.5,6,7,4,1,0.61143,0.31149
v1,2.5,7,0,0,0,0.86413,0.11755
v1,2.5,7,0,1,-1,0.42629,0.14585
v1,2.5,7,0,2,0,0.80800,0.17495
v1,2.5,7,0,4,1,0.65491,0.38948
v1,2.5,7,1,0,0,0.56136,0.11521
v1,2.5,7,1,1,0,0.94966,0.04959
v1,2.5,7,1,2,0,0.29566,1.42244
v1,2.5,7,1,4,1,0.92162,0.08179
v1,2.5,7,2,0,0,0.57036,0.22640
v1,2.5,7,2,1,0,0.91610,0.05197
v1,2.5,7,2,2,0,0.94496,0.02869
v1,2.5,7,2,4,1,0.88613,0.23379
v1,2.5,7,3,0,0,0.88783,0.19427
v1,2.5,7,3,1,0,0.76628,0.22158
v1,2.5,7,3,2,0,0.90472,0.07333
v1,2.5,7,3,4,1,0.34122,1.75892
v1,2.5,7,4,0,0,0.89969,0.00538
v1,2.5,7,4,1,0,0.48035,0.38772
v1,2.5,7,4,2,0,0.63450,0.37714
v1,2.5,7,4,4,-1,0.28102,2.96722
v1,2.5,7,5,0,0,0.91241,0.09183
v1,2.5,7,5,1,0,0.41608,0.47779
v1,2.5,7,5,2,0,0.83315,0.30734
v1,2.5,7,5,4,1,0.85393,0.11947
v1,2.5,7,6,0,0,0.51737,0.20930
v1,2.5,7,6,1,0,0.94347,0.03780
v1,2.5,7,6,2,0,0.69910,0.10581
v1,2.5,7,6,4,1,0.91566,0.08769
v1,2.5,7,7,0,0,0.49289,0.59129
v1,2.5,7,7,1,0,0.93232,0.07967
v1,2.5,7,7,2,0,0.88451,0.09394
v1,2.5,7,7,4,1,0.81431,0.27904
v1,2.5,8,0,0,0,0.78854,0.20066
v1,2.5,8,0,1,0,0.81234,0.17605
v1,2.5,8,0,2,0,0.54436,0.51272
v1,2.5,8,0,4,1,0.80048,0.06464
v1,2.5,8,1,0,0,0.66875,0.45802
v1,2.5,8,1,1,0,0.76942,0.19516
v1,2.5,8,1,2,0,0.88165,0.08711
v1,2.5,8,1,4,0,0.84496,0.15273
v1,2.5,8,2,0,0,0.91289,0.04071
v1,2.5,8,2,1,0,0.92939,0.01435
v1,2.5,8,2,2,0,0.94409,0.04272
v1,2.5,8,2,4,1,0.93631,0.11681
v1,2.5,8,3,0,0,0.79573,0.16650
v1,2.5,8,3,1,0,0.92939,0.03024
v1,2.5,8,3,2,0,0.82452,0.15217
v1,2.5,8,3,4,1,0.87843,0.18167
v1,2.5,8,4,0,0,0.86928,0.10528
v1,2.5,8,4,1,0,0.92927,0.01298
v1,2.5,8,4,2,0,0.37923,1.64932
v1,2.5,8,4,4,0,0.86600,0.13803
v1,2.5,8,5,0,0,0.90920,0.07227
v1,2.5,8,5,1,0,0.90117,0.06234
v1,2.5,8,5,2,0,0.96373,0.01059
v1,2.5,8,5,4,-1,0.19045,0.83271
v1,2.5,8,6,0,0,0.84722,0.06634
v1,2.5,8,6,1,0,0.92939,0.02837
v1,2.5,8,6,2,0,0.94956,0.03602
v1,2.5,8,6,4,1,0.93914,0.07113
v1,2.5,8,7,0,0,0.68233,0.35408
v1,2.5,8,7,1,0,0.88084,0.09728
v1,2.5,8,7,2,0,0.39803,1.22226
v1,2.5,8,7,4,0,0.66374,0.37138
v1,2.5,9,0,0,0,0.92937,0.06300
v1,2.5,9,0,1,0,0.85218,0.24056
v1,2.5,9,0,2,0,0.87719,0.13421
v1,2.5,9,0,4,1,0.68252,0.35883
v1,2.5,9,1,0,0,0.31441,1.48737
v1,2.5,9,1,1,0,0.85455,0.02207
v1,2.5,9,1,2,0,0.87719,0.13816
v1,2.5,9,1,4,1,0.87815,0.10342
v1,2.5,9,2,0,0,0.45734,1.02238
v1,2.5,9,2,1,0,0.83278,0.19248
v1,2.5,9,2,2,0,0.72648,0.06271
v1,2.5,9,2,4,1,0.70355,0.35909
v1,2.5,9,3,0,0,0.80419,0.16706
v1,2.5,9,3,1,0,0.75133,0.21257
v1,2.5,9,3,2,0,0.79764,0.11988
v1,2.5,9,3,4,0,0.92780,0.09187
v1,2.5,9,4,0,0,0.79495,0.20948
v1,2.5,9,4,1,0,0.66509,0.32408
v1,2.5,9,4,2,0,0.87719,0.13338
v1,2.5,9,4,4,1,0.92914,0.09002
v1,2.5,9,5,0,0,0.88176,0.10856
v1,2.5,9,5,1,0,0.13862,3.50620
v1,2.5,9,5,2,0,0.87719,0.14410
v1,2.5,9,5,4,1,0.65314,0.40260
v1,2.5,9,6,0,0,0.94147,0.05326
v1,2.5,9,6,1,0,0.69105,0.23889
v1,2.5,9,6,2,0,0.87719,0.13868
v1,2.5,9,6,4,1,0.70531,0.32938
v1,2.5,9,7,0,0,0.92202,0.07106
v1,2.5,9,7,1,0,0.78639,0.21999
v1,2.5,9,7,2,0,0.87719,0.11382
v1,2.5,9,7,4,0,0.92678,0.08595
v1,2.5,10,0,0,0,0.70022,0.20645
v1,2.5,10,0,1,0,0.94745,0.03787
v1,2.5,10,0,2,0,0.91261,0.03723
v1,2.5,10,0,4,-1,0.89535,0.20144
v1,2.5,10,1,0,0,0.81252,0.11006
v1,2.5,10,1,1,0,0.93746,0.04988
v1,2.5,10,1,2,0,0.91305,0.10475
v1,2.5,10,1,4,1,0.68224,0.12507
v1,2.5,10,2,0,-1,0.95886,0.06593
v1,2.5,10,2,1,0,0.85544,0.10970
v1,2.5,10,2,2,0,0.90871,0.10014
v1,2.5,10,2,4,-1,0.30143,2.13144
v1,2.5,10,3,0,0,0.95622,0.02440
v1,2.5,10,3,1,0,0.65294,0.39472
v1,2.5,10,3,2,0,0.82215,0.15631
v1,2.5,10,3,4,1,0.92648,0.14665
v1,2.5,10,4,0,0,0.49453,0.37987
v1,2.5,10,4,1,0,0.12211,1.38908
v1,2.5,10,4,2,0,0.91137,0.11830
v1,2.5,10,4,4,-1,0.86153,0.15622
v1,2.5,10,5,0,0,0.98330,0.00600
v1,2.5,10,5,1,0,0.74092,0.08604
v1,2.5,10,5,2,0,0.91305,0.09548
v1,2.5,10,5,4,-1,0.20006,2.94454
v1,2.5,10,6,0,0,0.71665,0.42024
v1,2.5,10,6,1,0,0.73915,0.25784
v1,2.5,10,6,2,0,0.90264,0.12324
v1,2.5,10,6,4,-1,0.80533,0.30681
v1,2.5,10,7,0,0,0.69452,0.37604
v1,2.5,10,7,1,0,0.87612,0.11079
v1,2.5,10,7,2,0,0.89391,0.03042
v1,2.5,10,7,4,1,0.84000,0.16053
v1,2.5,11,0,0,0,0.76912,0.19571
v1,2.5,11,0,1,0,0.60662,0.12090
v1,2.5,11,0,2,0,0.88975,0.10103
v1,2.5,11,0,4,1,0.68556,0.53594
v1,2.5,11,1,0,0,0.32951,1.43153
v1,2.5,11,1,1,0,0.69291,0.29118
v1,2.5,11,1,2,0,0.89770,0.08845
v1,2.5,11,1,4,-1,0.88359,0.14038
v1,2.5,11,2,0,0,0.81190,0.38439
v1,2.5,11,2,1,0,0.72740,0.28526
v1,2.5,11,2,2,0,0.52738,0.58213
v1,2.5,11,2,4,-1,0.87610,0.16183
v1,2.5,11,3,0,0,0.50068,0.36458
v1,2.5,11,3,1,0,0.77452,0.22315
v1,2.5,11,3,2,0,0.64012,0.38780
v1,2.5,11,3,4,1,0.84413,0.40487
v1,2.5,11,4,0,0,0.48984,0.84610
v1,2.5,11,4,1,0,0.76923,0.23804
v1,2.5,11,4,2,0,0.87278,0.08255
v1,2.5,11,4,4,1,0.95019,0.03575
v1,2.5,11,5,0,0,0.73770,0.23095
v1,2.5,11,5,1,0,0.51771,0.43646
v1,2.5,11,5,2,0,0.59790,0.45358
v1,2.5,11,5,4,1,0.48957,0.26117
v1,2.5,11,6,0,0,0.64047,0.06216
v1,2.5,11,6,1,0,0.77275,0.24035
v1,2.5,11,6,2,0,0.83052,0.17379
v1,2.5,11,6,4,1,0.91296,0.10887
v1,2.5,11,7,0,0,0.89188,0.21626
v1,2.5,11,7,1,0,0.88213,0.19232
v1,2.5,11,7,2,0,0.86732,0.12861
v1,2.5,11,7,4,1,0.80757,0.23145
v1,2.5,12,0,0,0,0.87471,0.08830
v1,2.5,12,0,1,0,0.80833,0.30172
v1,2.5,12,0,2,0,0.88935,0.15703
v1,2.5,12,0,4,1,0.92901,0.07023
v1,2.5,12,1,0,0,0.28639,1.39004
v1,2.5,12,1,1,0,0.93504,0.04005
v1,2.5,12,1,2,0,0.63426,0.20678
v1,2.5,12,1,4,-1,0.03139,1.24362
v1,2.5,12,2,0,0,0.57128,0.39481
v1,2.5,12,2,1,0,0.91310,0.05922
v1,2.5,12,2,2,0,0.86618,0.10457
v1,2.5,12,2,4,-1,0.80650,0.19585
v1,2.5,12,3,0,0,0.87725,0.24976
v1,2.5,12,3,1,0,0.93923,0.02425
v1,2.5,12,3,2,0,0.88094,0.13451
v1,2.5,12,3,4,-1,0.17775,0.85378
v1,2.5,12,4,0,0,0.91655,0.11623
v1,2.5,12,4,1,0,0.93398,0.04190
v1,2.5,12,4,2,0,0.85634,0.16967
v1,2.5,12,4,4,-1,0.02836,1.18533
v1,2.5,12,5,0,0,0.59255,0.38576
v1,2.5,12,5,1,0,0.82065,0.16777
v1,2.5,12,5,2,0,0.49291,0.03876
v1,2.5,12,5,4,1,0.95019,0.05700
v1,2.5,12,6,0,0,0.90861,0.06530
v1,2.5,12,6,1,0,0.83266,0.07468
v1,2.5,12,6,2,0,0.86728,0.15204
v1,2.5,12,6,4,1,0.92876,0.07083
v1,2.5,12,7,0,0,0.79764,0.19956
v1,2.5,12,7,1,0,0.72343,0.01429
v1,2.5,12,7,2,0,0.88010,0.13989
v1,2.5,12,7,4,1,0.92406,0.07800
v1,2.5,13,0,0,0,0.89389,0.24812
v1,2.5,13,0,1,0,0.90259,0.04262
v1,2.5,13,0,2,0,0.91186,0.08008
v1,2.5,13,0,4,1,0.76902,0.26787
v1,2.5,13,1,0,0,0.78227,0.24854
v1,2.5,13,1,1,0,0.90081,0.18387
v1,2.5,13,1,2,0,0.86436,0.12589
v1,2.5,13,1,4,-1,0.93278,0.15452
v1,2.5,13,2,0,0,0.88122,0.11080
v1,2.5,13,2,1,0,0.85668,0.20650
v1,2.5,13,2,2,0,0.74146,0.25168
v1,2.5,13,2,4,-1,0.90512,0.19494
v1,2.5,13,3,0,0,0.94099,0.05346
v1,2.5,13,3,1,0,0.95356,0.08263
v1,2.5,13,3,2,0,0.94022,0.05270
v1,2.5,13,3,4,1,0.83565,0.17082
v1,2.5,13,4,0,0,0.73456,0.26811
v1,2.5,13,4,1,0,0.80748,0.23133
v1,2.5,13,4,2,0,0.68292,0.32778
v1,2.5,13,4,4,-1,0.87708,0.17089
v1,2.5,13,5,0,0,0.68164,0.39970
v1,2.5,13,5,1,0,0.91422,0.19475
v1,2.5,13,5,2,0,0.74546,0.25469
v1,2.5,13,5,4,-1,0.93514,0.14830
v1,2.5,13,6,0,0,0.65742,0.41590
v1,2.5,13,6,1,-1,0.70212,0.21787
v1,2.5,13,6,2,0,0.93762,0.05430
v1,2.5,13,6,4,1,0.72419,0.31382
v1,2.5,13,7,0,0,0.75028,0.17825
v1,2.5,13,7,1,0,0.96164,0.02438
v1,2.5,13,7,2,0,0.94058,0.06087
v1,2.5,13,7,4,1,0.62809,0.45867
v1,2.5,14,0,0,-1,0.28763,1.66535
v1,2.5,14,0,1,0,0.82841,0.16899
v1,2.5,14,0,2,0,0.61685,0.34190
v1,2.5,14,0,4,0,0.68808,0.81841
v1,2.5,14,1,0,0,0.93409,0.04974
v1,2.5,14,1,1,0,0.82998,0.11353
v1,2.5,14,1,2,0,0.94265,0.03522
v1,2.5,14,1,4,1,0.25470,2.01534
v1,2.5,14,2,0,0,0.60535,0.27246
v1,2.5,14,2,1,0,0.83412,0.17983
v1,2.5,14,2,2,0,0.90769,0.06076
v1,2.5,14,2,4,0,0.66474,0.83636
v1,2.5,14,3,0,0,0.83308,0.17559
v1,2.5,14,3,1,0,0.83689,0.10562
v1,2.5,14,3,2,0,0.94952,0.04897
v1,2.5,14,3,4,1,0.25619,2.48220
v1,2.5,14,4,0,0,0.91615,0.07392
v1,2.5,14,4,1,0,0.87447,0.10228
v1,2.5,14,4,2,0,0.95565,0.01936
v1,2.5,14,4,4,0,0.78705,0.61654
v1,2.5,14,5,0,0,0.93182,0.15323
v1,2.5,14,5,1,0,0.74729,0.25950
v1,2.5,14,5,2,0,0.66186,0.16283
v1,2.5,14,5,4,0,0.71505,0.82939
v1,2.5,14,6,0,0,0.49255,0.88357
v1,2.5,14,6,1,0,0.66813,0.32823
v1,2.5,14,6,2,0,0.94990,0.02919
v1,2.5,14,6,4,1,0.95972,0.07668
v1,2.5,14,7,0,0,0.69321,0.13547
v1,2.5,14,7,1,0,0.87045,0.13170
v1,2.5,14,7,2,0,0.58452,0.06589
v1,2.5,14,7,4,-1,0.96559,0.04301
v1,2.5,15,0,0,0,0.59619,1.32799
v1,2.5,15,0,1,0,0.88786,0.09439
v1,2.5,15,0,2,0,0.87201,0.11401
v1,2.5,15,0,4,0,0.74335,0.57448
v1,2.5,15,1,0,0,0.91121,0.10060
v1,2.5,15,1,1,0,0.95077,0.04309
v1,2.5,15,1,2,0,0.87564,0.09728
v1,2.5,15,1,4,-1,0.30438,0.74270
v1,2.5,15,2,0,0,0.94169,0.01528
v1,2.5,15,2,1,0,0.61103,0.90463
v1,2.5,15,2,2,0,0.90664,0.12997
v1,2.5,15,2,4,1,0.48858,0.04335
v1,2.5,15,3,0,0,0.88707,0.03919
v1,2.5,15,3,1,0,0.42027,1.16122
v1,2.5,15,3,2,0,0.89590,0.15848
v1,2.5,15,3,4,0,0.85988,0.20163
v1,2.5,15,4,0,0,0.80410,0.13482
v1,2.5,15,4,1,0,0.70717,0.53060
v1,2.5,15,4,2,0,0.94432,0.03314
v1,2.5,15,4,4,1,0.72101,0.34175
v1,2.5,15,5,0,0,0.83571,0.15535
v1,2.5,15,5,1,0,0.93508,0.06013
v1,2.5,15,5,2,0,0.79835,0.21958
v1,2.5,15,5,4,0,0.77008,0.56632
v1,2.5,15,6,0,0,0.94355,0.01189
v1,2.5,15,6,1,0,0.77795,0.09243
v1,2.5,15,6,2,0,0.94553,0.01747
v1,2.5,15,6,4,1,0.89401,0.17917
v1,2.5,15,7,0,0,0.85805,0.22771
v1,2.5,15,7,1,0,0.79200,0.15295
v1,2.5,15,7,2,0,0.88886,0.17630
v1,2.5,15,7,4,0,0.74040,0.55968
v1,2.5,16,0,0,0,0.74819,0.11616
v1,2.5,16,0,1,0,0.91523,0.07469
v1,2.5,16,0,2,0,0.84289,0.20252
v1,2.5,16,0,4,1,0.90528,0.13378
v1,2.5,16,1,0,0,0.71188,0.31874
v1,2.5,16,1,1,0,0.75026,0.26568
v1,2.5,16,1,2,0,0.48229,0.83777
v1,2.5,16,1,4,1,0.90528,0.14919
v1,2.5,16,2,0,0,0.53378,0.64256
v1,2.5,16,2,1,0,0.73851,0.24847
v1,2.5,16,2,2,0,0.81012,0.27776
v1,2.5,16,2,4,1,0.81714,0.15867
v1,2.5,16,3,0,0,0.82308,0.21115
v1,2.5,16,3,1,0,0.75429,0.26574
v1,2.5,16,3,2,0,0.80102,0.17973
v1,2.5,16,3,4,1,0.90528,0.14791
v1,2.5,16,4,0,0,0.82501,0.08412
v1,2.5,16,4,1,0,0.83153,0.16123
v1,2.5,16,4,2,0,0.78828,0.19265
v1,2.5,16,4,4,1,0.42853,0.05165
v1,2.5,16,5,0,0,0.86820,0.03611
v1,2.5,16,5,1,0,0.95006,0.04316
v1,2.5,16,5,2,0,0.81244,0.14216
v1,2.5,16,5,4,1,0.90490,0.14591
v1,2.5,16,6,0,0,0.82646,0.21655
v1,2.5,16,6,1,0,0.96131,0.03111
v1,2.5,16,6,2,0,0.75674,0.14237
v1,2.5,16,6,4,0,0.85790,0.13868
v1,2.5,16,7,0,0,0.25361,1.53479
v1,2.5,16,7,1,0,0.75739,0.23491
v1,2.5,16,7,2,0,0.86469,0.23639
v1,2.5,16,7,4,1,0.90528,0.14121
v1,2.5,17,0,0,0,0.95409,0.02354
v1,2.5,17,0,1,0,0.83132,0.04855
v1,2.5,17,0,2,0,0.92931,0.05058
v1,2.5,17,0,4,1,0.88401,0.24689
v1,2.5,17,1,0,0,0.95775,0.01909
v1,2.5,17,1,1,0,0.63645,0.17712
v1,2.5,17,1,2,0,0.74573,0.24447
v1,2.5,17,1,4,1,0.92636,0.10344
v1,2.5,17,2,0,0,0.73439,0.26050
v1,2.5,17,2,1,0,0.79087,0.21857
v1,2.5,17,2,2,0,0.76044,0.21308
v1,2.5,17,2,4,0,0.68266,0.92723
v1,2.5,17,3,0,0,0.50851,0.39549
v1,2.5,17,3,1,0,0.72536,0.21712
v1,2.5,17,3,2,0,0.76092,0.24522
v1,2.5,17,3,4,0,0.69940,0.92387
v1,2.5,17,4,0,0,0.95426,0.02940
v1,2.5,17,4,1,0,0.56452,0.20264
v1,2.5,17,4,2,0,0.92997,0.04925
v1,2.5,17,4,4,1,0.94804,0.03231
v1,2.5,17,5,0,0,0.94693,0.02060
v1,2.5,17,5,1,0,0.65796,0.41504
v1,2.5,17,5,2,0,0.60023,0.42393
v1,2.5,17,5,4,1,0.76621,0.28586
v1,2.5,17,6,0,0,0.83026,0.09949
v1,2.5,17,6,1,0,0.94914,0.03586
v1,2.5,17,6,2,0,0.92362,0.03757
v1,2.5,17,6,4,1,0.72166,0.35024
v1,2.5,17,7,0,0,0.88258,0.05257
v1,2.5,17,7,1,0,0.80941,0.18220
v1,2.5,17,7,2,0,0.94666,0.02030
v1,2.5,17,7,4,0,0.69024,0.92096
v1,2.5,18,0,0,0,0.88137,0.06540
v1,2.5,18,0,1,0,0.75453,0.24621
v1,2.5,18,0,2,0,0.82468,0.10027
v1,2.5,18,0,4,1,0.94328,0.05691
v1,2.5,18,1,0,0,0.88356,0.13948
v1,2.5,18,1,1,0,0.88840,0.09966
v1,2.5,18,1,2,0,0.84607,0.13885
v1,2.5,18,1,4,1,0.48503,0.66498
v1,2.5,18,2,0,0,0.90062,0.13533
v1,2.5,18,2,1,-1,0.41855,0.26032
v1,2.5,18,2,2,0,0.93760,0.08625
v1,2.5,18,2,4,1,0.93231,0.08414
v1,2.5,18,3,0,0,0.72600,0.33044
v1,2.5,18,3,1,0,0.90458,0.10534
v1,2.5,18,3,2,0,0.34512,1.01524
v1,2.5,18,3,4,0,0.86314,0.14064
v1,2.5,18,4,0,0,0.85635,0.13828
v1,2.5,18,4,1,0,0.83703,0.17942
v1,2.5,18,4,2,0,0.93909,0.08204
v1,2.5,18,4,4,1,0.74772,0.04812
v1,2.5,18,5,0,0,0.41747,0.29440
v1,2.5,18,5,1,0,0.89287,0.11411
v1,2.5,18,5,2,0,0.86717,0.10660
v1,2.5,18,5,4,1,0.91465,0.07971
v1,2.5,18,6,0,0,0.77075,0.22607
v1,2.5,18,6,1,0,0.90936,0.10893
v1,2.5,18,6,2,0,0.29318,2.01266
v1,2.5,18,6,4,0,0.93101,0.09407
v1,2.5,18,7,0,0,0.73724,0.43819
v1,2.5,18,7,2,0,0.93730,0.08014
v1,2.5,18,7,4,1,0.84890,0.11374
v1,2.5,19,0,0,0,0.82523,0.13512
v1,2.5,19,0,1,0,0.61212,0.36431
v1,2.5,19,0,2,0,0.81474,0.23897
v1,2.5,19,0,4,1,0.93753,0.06384
v1,2.5,19,1,0,0,0.93977,0.01746
v1,2.5,19,1,1,0,0.20320,2.29872
v1,2.5,19,1,2,0,0.86560,0.22949
v1,2.5,19,1,4,1,0.85202,0.15651
v1,2.5,19,2,0,0,0.95043,0.02023
v1,2.5,19,2,1,0,0.76599,0.24874
v1,2.5,19,2,2,0,0.79075,0.24449
v1,2.5,19,2,4,1,0.82648,0.19916
v1,2.5,19,3,0,0,0.79935,0.19661
v1,2.5,19,3,1,0,0.95133,0.01187
v1,2.5,19,3,2,0,0.85578,0.22505
v1,2.5,19,3,4,1,0.54670,0.57986
v1,2.5,19,4,0,0,0.74613,0.10901
v1,2.5,19,4,1,0,0.83181,0.03117
v1,2.5,19,4,2,0,0.81524,0.24349
v1,2.5,19,4,4,1,0.90809,0.08952
v1,2.5,19,5,0,0,0.83315,0.14023
v1,2.5,19,5,1,0,0.94968,0.02140
v1,2.5,19,5,2,0,0.80582,0.25682
v1,2.5,19,5,4,1,0.80014,0.20985
v1,2.5,19,6,0,0,0.62360,0.63748
v1,2.5,19,6,1,0,0.94661,0.02216
v1,2.5,19,6,2,0,0.69464,0.28357
v1,2.5,19,6,4,1,0.92308,0.09650
v1,2.5,19,7,0,0,0.92546,0.05340
v1,2.5,19,7,1,0,0.75658,0.25964
v1,2.5,19,7,2,0,0.64706,0.31422
v1,2.5,19,7,4,1,0.93534,0.06483
v1,2.5,20,0,0,0,0.87456,0.28736
v1,2.5,20,0,1,0,0.90585,0.13504
v1,2.5,20,0,2,0,0.70802,0.19808
v1,2.5,20,0,4,-1,0.02627,1.02713
v1,2.5,20,1,0,0,0.46984,2.15323
v1,2.5,20,1,1,0,0.89644,0.12962
v1,2.5,20,1,2,0,0.25874,2.14603
v1,2.5,20,1,4,1,0.92388,0.08005
v1,2.5,20,2,0,0,0.68073,0.16278
v1,2.5,20,2,1,0,0.94156,0.00812
v1,2.5,20,2,2,0,0.80247,0.32442
v1,2.5,20,2,4,1,0.77842,0.24658
v1,2.5,20,3,0,0,0.96553,0.02540
v1,2.5,20,3,1,0,0.83290,0.16088
v1,2.5,20,3,2,0,0.84954,0.22975
v1,2.5,20,3,4,1,0.90388,0.09903
v1,2.5,20,4,0,0,0.89927,0.22653
v1,2.5,20,4,1,0,0.85428,0.16664
v1,2.5,20,4,2,0,0.68747,0.43475
v1,2.5,20,4,4,-1,0.79036,0.21676
v1,2.5,20,5,0,0,0.88748,0.06501
v1,2.5,20,5,1,0,0.93069,0.12572
v1,2.5,20,5,2,0,0.72241,0.30904
v1,2.5,20,5,4,-1,0.02977,1.15392
v1,2.5,20,6,0,0,0.81149,0.17363
v1,2.5,20,6,1,0,0.80658,0.25917
v1,2.5,20,6,2,0,0.65362,0.38547
v1,2.5,20,6,4,1,0.76729,0.25766
v1,2.5,20,7,0,0,0.70402,0.81201
v1,2.5,20,7,1,0,0.23962,1.99238
v1,2.5,20,7,2,0,0.75354,0.35605
v1,2.5,20,7,4,1,0.68719,0.36263
v2,0.8,1,0,1,-1,0.23274,1.72352
v2,0.8,1,0,2,0,0.83374,0.31721
v2,0.8,1,1,0,0,0.66371,0.34049
v2,0.8,1,1,1,0,0.39149,0.79032
v2,0.8,1,1,2,0,0.91176,0.16814
v2,0.8,1,1,4,1,0.77574,0.23211
v2,0.8,1,2,0,0,0.58150,0.11765
v2,0.8,1,2,2,0,0.79610,0.20269
v2,0.8,1,2,4,1,0.56636,1.51941
v2,0.8,1,3,0,0,0.62073,0.67268
v2,0.8,1,3,4,1,0.94014,0.04640
v2,0.8,1,4,0,0,0.69678,0.40895
v2,0.8,1,4,2,-1,0.03108,0.95531
v2,0.8,1,4,4,1,0.89863,0.06576
v2,0.8,1,5,0,0,0.48807,1.53572
v2,0.8,1,5,1,0,0.88555,0.10660
v2,0.8,1,5,4,1,0.49409,1.87665
v2,0.8,1,6,0,0,0.55422,0.49221
v2,0.8,1,6,1,0,0.82258,0.14113
v2,0.8,1,6,2,0,0.36183,0.89771
v2,0.8,1,6,4,1,0.70715,0.87813
v2,0.8,1,7,0,0,0.69351,0.31365
v2,0.8,1,7,2,-1,0.08483,0.83107
v2,0.8,1,7,4,1,0.75061,0.77872
v2,0.8,2,0,0,0,0.68776,0.36105
v2,0.8,2,0,1,0,0.22422,1.25195
v2,0.8,2,0,2,0,0.24282,2.17050
v2,0.8,2,0,4,1,0.29674,1.16769
v2,0.8,2,1,0,0,0.57980,0.44839
v2,0.8,2,1,1,0,0.60940,0.33976
v2,0.8,2,1,2,0,0.15805,2.23127
v2,0.8,2,2,0,0,0.86271,0.28212
v2,0.8,2,2,1,0,0.38987,0.78270
v2,0.8,2,2,2,0,0.15973,2.21825
v2,0.8,2,2,4,1,0.52385,0.55036
v2,0.8,2,3,0,0,0.83626,0.17610
v2,0.8,2,3,1,0,0.92698,0.08264
v2,0.8,2,4,0,0,0.82477,0.40650
v2,0.8,2,4,1,0,0.86007,0.11299
v2,0.8,2,4,4,1,0.20873,2.66159
v2,0.8,2,5,0,0,0.84019,0.28065
v2,0.8,2,5,1,0,0.91709,0.09310
v2,0.8,2,5,2,0,0.36848,0.80784
v2,0.8,2,6,0,0,0.53224,0.53025
v2,0.8,2,6,1,-1,0.33019,0.81633
v2,0.8,2,6,2,0,0.25821,1.49785
v2,0.8,2,7,0,0,0.58663,0.38867
v2,0.8,2,7,1,0,0.92205,0.08314
v2,0.8,2,7,2,0,0.80032,0.12365
v2,0.8,3,0,0,-1,0.00649,2.43886
v2,0.8,3,0,1,0,0.94570,0.04451
v2,0.8,3,0,2,0,0.64228,0.34585
v2,0.8,3,1,0,0,0.84414,0.24535
v2,0.8,3,1,1,0,0.84516,0.15325
v2,0.8,3,1,2,-1,0.01157,2.19992
v2,0.8,3,1,4,1,0.89324,0.15261
v2,0.8,3,2,0,-1,0.01058,1.15182
v2,0.8,3,2,1,0,0.89786,0.19699
v2,0.8,3,2,2,-1,0.01256,2.33324
v2,0.8,3,3,1,0,0.68395,0.37769
v2,0.8,3,3,2,0,0.89693,0.07355
v2,0.8,3,4,0,-1,0.01600,1.06840
v2,0.8,3,4,1,0,0.89171,0.05741
v2,0.8,3,4,2,0,0.74999,0.22226
v2,0.8,3,5,0,-1,0.01458,1.00346
v2,0.8,3,5,1,0,0.89254,0.08774
v2,0.8,3,5,2,0,0.82296,0.14116
v2,0.8,3,6,0,-1,0.09722,2.28145
v2,0.8,3,6,1,0,0.70375,0.05364
v2,0.8,3,6,2,0,0.84898,0.20565
v2,0.8,3,6,4,1,0.92428,0.15081
v2,0.8,3,7,0,0,0.94661,0.05060
v2,0.8,3,7,1,0,0.65940,0.14686
v2,0.8,3,7,2,0,0.89693,0.09676
v2,0.8,3,7,4,-1,0.30937,0.86447
v2,0.8,4,0,0,-1,0.00042,2.17167
v2,0.8,4,0,1,0,0.67965,0.33065
v2,0.8,4,0,4,1,0.38602,0.83169
v2,0.8,4,1,0,0,0.47477,0.61390
v2,0.8,4,1,2,0,0.85429,0.17872
v2,0.8,4,2,0,0,0.82819,0.19563
v2,0.8,4,2,1,0,0.92253,0.11161
v2,0.8,4,2,2,0,0.91808,0.13712
v2,0.8,4,2,4,0,0.37306,0.02762
v2,0.8,4,3,0,0,0.29746,1.45004
v2,0.8,4,3,1,0,0.80005,0.20338
v2,0.8,4,3,2,0,0.47141,0.61096
v2,0.8,4,4,0,0,0.66913,0.32246
v2,0.8,4,4,1,-1,0.07447,1.18156
v2,0.8,4,4,2,0,0.70812,0.13896
v2,0.8,4,4,4,1,0.87228,0.04774
v2,0.8,4,5,1,0,0.24510,0.56347
v2,0.8,4,5,4,1,0.88979,0.03608
v2,0.8,4,6,0,0,0.37423,1.84105
v2,0.8,4,6,1,0,0.92299,0.05943
v2,0.8,4,6,2,0,0.70116,0.22604
v2,0.8,4,6,4,-1,0.00299,0.98669
v2,0.8,4,7,0,0,0.36396,0.85368
v2,0.8,4,7,1,0,0.75995,0.22356
v2,0.8,4,7,2,0,0.78558,0.22307
v2,0.8,5,0,0,-1,0.01193,2.47819
v2,0.8,5,0,1,0,0.83834,0.25112
v2,0.8,5,0,2,0,0.51316,0.53090
v2,0.8,5,1,0,0,0.04364,4.03066
v2,0.8,5,1,1,0,0.75490,0.26504
v2,0.8,5,1,2,0,0.70360,0.29168
v2,0.8,5,2,0,0,0.74118,0.20149
v2,0.8,5,2,1,1,0.23273,2.23756
v2,0.8,5,2,2,0,0.79684,0.20544
v2,0.8,5,3,0,0,0.60275,0.42523
v2,0.8,5,3,1,0,0.69873,0.32649
v2,0.8,5,3,2,0,0.49161,1.26620
v2,0.8,5,3,4,-1,0.00553,1.80451
v2,0.8,5,4,0,0,0.58700,0.45993
v2,0.8,5,4,1,0,0.60746,0.43336
v2,0.8,5,4,2,0,0.43917,1.53324
v2,0.8,5,4,4,-1,0.00552,3.13783
v2,0.8,5,5,0,0,0.60018,0.44114
v2,0.8,5,5,1,-1,0.02391,1.16369
v2,0.8,5,5,2,0,0.67680,0.34735
v2,0.8,5,6,0,0,0.57395,0.26132
v2,0.8,5,6,1,0,0.76010,0.25845
v2,0.8,5,6,2,0,0.66486,0.31663
v2,0.8,5,6,4,1,0.58443,0.51490
v2,0.8,5,7,0,0,0.51000,0.35362
v2,0.8,5,7,1,1,0.22898,2.29772
v2,0.8,5,7,2,0,0.83923,0.14709
v2,0.8,6,0,0,0,0.82778,0.24529
v2,0.8,6,0,1,0,0.43728,0.81964
v2,0.8,6,0,2,-1,0.00651,1.51442
v2,0.8,6,0,4,1,0.84074,0.21325
v2,0.8,6,1,0,0,0.61285,0.50339
v2,0.8,6,1,1,0,0.46261,0.40736
v2,0.8,6,1,2,0,0.76305,0.23926
v2,0.8,6,2,4,1,0.93725,0.12807
v2,0.8,6,3,0,0,0.65806,0.34645
v2,0.8,6,3,1,0,0.54939,0.51523
v2,0.8,6,3,4,-1,0.01286,1.51622
v2,0.8,6,4,1,-1,0.36037,1.50433
v2,0.8,6,4,2,0,0.22531,2.08208
v2,0.8,6,5,0,0,0.74112,0.26810
v2,0.8,6,5,1,0,0.86957,0.29297
v2,0.8,6,5,2,0,0.22210,2.02869
v2,0.8,6,5,4,1,0.70356,0.88836
v2,0.8,6,6,0,0,0.67763,0.33287
v2,0.8,6,6,1,0,0.44195,0.67565
v2,0.8,6,6,2,-1,0.07915,0.83799
v2,0.8,6,6,4,1,0.80174,0.24846
v2,0.8,6,7,0,0,0.79188,0.12671
v2,0.8,6,7,1,0,0.73936,0.29508
v2,0.8,6,7,2,0,0.95797,0.03953
v2,0.8,6,7,4,1,0.67689,0.26310
v2,0.8,7,0,1,0,0.91737,0.04940
v2,0.8,7,0,4,0,0.56869,1.07579
v2,0.8,7,1,0,0,0.50385,0.56762
v2,0.8,7,1,1,0,0.87550,0.06288
v2,0.8,7,1,2,0,0.30820,0.92917
v2,0.8,7,2,0,0,0.37791,0.75859
v2,0.8,7,2,1,-1,0.00881,2.17432
v2,0.8,7,2,2,0,0.72446,0.36459
v2,0.8,7,2,4,1,0.80613,0.27401
v2,0.8,7,3,0,0,0.43524,0.67538
v2,0.8,7,3,1,0,0.34289,0.95657
v2,0.8,7,3,4,-1,0.26829,2.32469
v2,0.8,7,4,1,-1,0.44793,0.45150
v2,0.8,7,5,1,0,0.46648,0.19522
v2,0.8,7,5,4,1,0.60639,0.27128
v2,0.8,7,6,0,0,0.37387,0.55352
v2,0.8,7,6,1,0,0.94343,0.04964
v2,0.8,7,6,2,0,0.36752,0.55470
v2,0.8,7,7,4,1,0.83614,0.26127
v2,0.8,8,0,0,0,0.74191,0.28632
v2,0.8,8,0,1,0,0.87442,0.09266
v2,0.8,8,0,2,0,0.18648,1.97808
v2,0.8,8,1,0,0,0.58771,0.46855
v2,0.8,8,1,1,0,0.83862,0.13077
v2,0.8,8,1,2,0,0.76674,0.22481
v2,0.8,8,2,0,0,0.42083,0.72848
v2,0.8,8,2,1,0,0.40357,0.77402
v2,0.8,8,2,4,0,0.76807,0.63035
v2,0.8,8,3,0,0,0.92695,0.12459
v2,0.8,8,3,1,0,0.79450,0.19416
v2,0.8,8,3,2,0,0.65140,0.35062
v2,0.8,8,4,0,0,0.42562,0.73752
v2,0.8,8,4,1,0,0.92939,0.01957
v2,0.8,8,4,2,0,0.54246,0.47366
v2,0.8,8,5,0,0,0.91020,0.08106
v2,0.8,8,5,1,0,0.92939,0.02803
v2,0.8,8,5,4,1,0.11889,3.24597
v2,0.8,8,6,0,0,0.79801,0.17279
v2,0.8,8,6,1,0,0.51807,0.48068
v2,0.8,8,6,2,0,0.72035,0.64723
v2,0.8,8,6,4,0,0.77469,0.63983
v2,0.8,8,7,0,0,0.92576,0.07965
v2,0.8,8,7,1,0,0.92939,0.02435
v2,0.8,9,0,0,0,0.91995,0.07142
v2,0.8,9,0,1,0,0.53742,0.45901
v2,0.8,9,0,2,0,0.87719,0.15686
v2,0.8,9,0,4,-1,0.05364,1.26608
v2,0.8,9,1,0,0,0.62135,0.38291
v2,0.8,9,1,2,0,0.77004,0.19010
v2,0.8,9,2,1,-1,0.53787,0.28814
v2,0.8,9,2,2,-1,0.00572,2.28922
v2,0.8,9,3,0,0,0.38940,0.65955
v2,0.8,9,3,1,0,0.54762,0.29861
v2,0.8,9,3,2,0,0.87719,0.11426
v2,0.8,9,4,0,0,0.83080,0.38855
v2,0.8,9,4,1,0,0.36355,0.56110
v2,0.8,9,4,2,0,0.87719,0.13078
v2,0.8,9,5,0,0,0.91970,0.07062
v2,0.8,9,5,1,0,0.34904,0.68858
v2,0.8,9,5,2,0,0.87719,0.15491
v2,0.8,9,5,4,1,0.61342,0.46422
v2,0.8,9,6,0,0,0.91281,0.07819
v2,0.8,9,6,1,0,0.76834,0.26315
v2,0.8,9,6,2,0,0.87719,0.15837
v2,0.8,9,6,4,-1,0.18921,1.04037
v2,0.8,9,7,0,0,0.91740,0.07584
v2,0.8,9,7,1,-1,0.02364,1.95803
v2,0.8,9,7,2,0,0.76271,0.17956
v2,0.8,9,7,4,1,0.11268,3.40532
v2,0.8,10,0,0,0,0.34939,0.82568
v2,0.8,10,0,1,1,0.66648,0.47458
v2,0.8,10,0,2,0,0.91305,0.03556
v2,0.8,10,1,0,0,0.86448,0.12859
v2,0.8,10,1,1,0,0.40152,0.73461
v2,0.8,10,1,2,0,0.91305,0.10157
v2,0.8,10,1,4,1,0.88386,0.22241
v2,0.8,10,2,0,0,0.73453,0.33387
v2,0.8,10,2,1,0,0.45828,0.11162
v2,0.8,10,2,4,-1,0.00585,3.11479
v2,0.8,10,3,0,0,0.02520,3.13960
v2,0.8,10,3,1,1,0.62406,0.57090
v2,0.8,10,3,2,0,0.22962,1.66458
v2,0.8,10,4,0,0,0.60821,0.16570
v2,0.8,10,4,1,0,0.17993,1.22475
v2,0.8,10,4,2,0,0.91305,0.11332
v2,0.8,10,5,0,0,0.23959,2.08027
v2,0.8,10,5,1,0,0.71945,0.26068
v2,0.8,10,5,2,0,0.26657,1.70633
v2,0.8,10,6,0,0,0.60278,0.46313
v2,0.8,10,6,1,1,0.66648,0.70119
v2,0.8,10,6,2,0,0.88320,0.16983
v2,0.8,10,7,1,0,0.72012,0.25566
v2,0.8,10,7,2,0,0.76966,0.24666
v2,0.8,11,0,0,0,0.47247,0.61866
v2,0.8,11,0,1,-1,0.03490,1.10782
v2,0.8,11,0,2,0,0.74259,0.29070
v2,0.8,11,0,4,-1,0.00924,3.26469
v2,0.8,11,1,0,0,0.71021,0.24790
v2,0.8,11,1,1,0,0.67612,0.37473
v2,0.8,11,1,2,0,0.60973,0.50766
v2,0.8,11,1,4,1,0.91575,0.15197
v2,0.8,11,2,0,0,0.80426,0.39753
v2,0.8,11,2,1,-1,0.01366,1.07738
v2,0.8,11,2,2,0,0.41280,0.73568
v2,0.8,11,3,0,0,0.74906,0.19608
v2,0.8,11,3,1,0,0.24408,2.04321
v2,0.8,11,3,2,0,0.57198,0.64165
v2,0.8,11,3,4,-1,0.00956,3.19160
v2,0.8,11,4,0,0,0.61248,0.24514
v2,0.8,11,4,1,0,0.25981,1.77107
v2,0.8,11,4,2,0,0.75810,0.24138
v2,0.8,11,5,0,0,0.47147,0.62229
v2,0.8,11,5,1,0,0.72724,0.26396
v2,0.8,11,6,0,0,0.76302,0.15272
v2,0.8,11,6,1,0,0.86735,0.17956
v2,0.8,11,6,2,0,0.93442,0.06554
v2,0.8,11,7,0,0,0.87561,0.23588
v2,0.8,11,7,1,0,0.20317,2.29399
v2,0.8,11,7,2,0,0.67008,0.72003
v2,0.8,11,7,4,-1,0.06046,2.94372
v2,0.8,12,0,0,0,0.72683,0.30859
v2,0.8,12,0,1,-1,0.03492,2.28509
v2,0.8,12,0,2,0,0.86545,0.08262
v2,0.8,12,1,1,0,0.85015,0.12092
v2,0.8,12,1,2,0,0.48674,0.59500
v2,0.8,12,2,0,-1,0.19882,0.77752
v2,0.8,12,2,1,0,0.92881,0.03849
v2,0.8,12,2,2,0,0.54990,0.48031
v2,0.8,12,2,4,1,0.19537,2.90455
v2,0.8,12,3,0,-1,0.01220,2.43763
v2,0.8,12,3,1,1,0.66592,0.76718
v2,0.8,12,3,2,0,0.82876,0.15911
v2,0.8,12,3,4,1,0.20511,1.78165
v2,0.8,12,4,0,0,0.56505,0.47474
v2,0.8,12,4,4,-1,0.01561,1.19277
v2,0.8,12,5,0,0,0.39752,0.76991
v2,0.8,12,5,2,0,0.53237,0.03563
v2,0.8,12,5,4,-1,0.01908,3.01815
v2,0.8,12,6,0,0,0.66965,0.24312
v2,0.8,12,6,1,0,0.47772,0.62235
v2,0.8,12,7,0,0,0.52292,0.51062
v2,0.8,12,7,1,0,0.64095,0.40812
v2,0.8,13,0,2,0,0.67654,0.77888
v2,0.8,13,1,0,0,0.48601,0.62804
v2,0.8,13,1,1,1,0.69747,0.57917
v2,0.8,13,1,2,0,0.90516,0.08734
v2,0.8,13,2,0,0,0.86096,0.13817
v2,0.8,13,2,1,0,0.78421,0.44813
v2,0.8,13,2,2,0,0.78400,0.37807
v2,0.8,13,3,1,0,0.64339,0.30972
v2,0.8,13,3,4,1,0.79719,0.21674
v2,0.8,13,4,0,-1,0.02922,1.13377
v2,0.8,13,4,1,1,0.65965,0.59836
v2,0.8,13,4,2,0,0.23961,1.82545
v2,0.8,13,5,0,0,0.65204,0.41815
v2,0.8,13,5,1,1,0.68177,0.58881
v2,0.8,13,5,2,0,0.66899,0.35038
v2,0.8,13,6,0,0,0.61159,0.19124
v2,0.8,13,6,1,0,0.21255,2.38775
v2,0.8,13,6,4,-1,0.03206,1.16456
v2,0.8,13,7,0,0,0.34893,0.85492
v2,0.8,13,7,1,0,0.51662,0.56566
v2,0.8,13,7,4,1,0.61846,0.47804
v2,0.8,14,0,0,-1,0.00912,2.42330
v2,0.8,14,0,1,0,0.82152,0.22460
v2,0.8,14,0,2,0,0.64209,0.24772
v2,0.8,14,1,0,0,0.91757,0.11360
v2,0.8,14,1,1,0,0.58908,0.43029
v2,0.8,14,1,2,0,0.92868,0.05891
v2,0.8,14,1,4,1,0.63173,0.27239
v2,0.8,14,2,0,0,0.82857,0.41250
v2,0.8,14,2,1,1,0.66224,0.89390
v2,0.8,14,2,2,0,0.24638,1.87820
v2,0.8,14,2,4,1,0.54292,0.57615
v2,0.8,14,3,0,0,0.71927,0.31730
v2,0.8,14,3,1,0,0.60798,0.40204
v2,0.8,14,3,4,1,0.46585,0.23525
v2,0.8,14,4,0,0,0.70539,0.41343
v2,0.8,14,4,1,-1,0.01533,1.04572
v2,0.8,14,4,4,1,0.96421,0.06272
v2,0.8,14,5,0,-1,0.01443,2.32938
v2,0.8,14,5,1,0,0.76137,0.21842
v2,0.8,14,5,2,0,0.92785,0.14486
v2,0.8,14,5,4,-1,0.00094,3.08642
v2,0.8,14,6,0,0,0.53349,0.43038
v2,0.8,14,6,1,-1,0.08276,1.25795
v2,0.8,14,6,2,0,0.71296,0.31025
v2,0.8,14,6,4,-1,0.00668,3.02176
v2,0.8,14,7,0,0,0.72080,0.30538
v2,0.8,14,7,2,0,0.36834,0.86076
v2,0.8,14,7,4,1,0.97209,0.03814
v2,0.8,15,0,1,0,0.94197,0.01956
v2,0.8,15,0,2,0,0.65574,0.59016
v2,0.8,15,1,0,0,0.90696,0.10865
v2,0.8,15,1,1,0,0.72001,0.18988
v2,0.8,15,1,4,-1,0.10597,1.09882
v2,0.8,15,2,0,0,0.38513,0.53703
v2,0.8,15,2,1,0,0.68891,0.13810
v2,0.8,15,2,4,1,0.28149,1.10116
v2,0.8,15,3,0,0,0.56612,0.47752
v2,0.8,15,3,2,0,0.89634,0.15671
v2,0.8,15,3,4,1,0.86238,0.20886
v2,0.8,15,4,0,0,0.83097,0.15806
v2,0.8,15,4,1,0,0.81799,0.17599
v2,0.8,15,4,2,0,0.94583,0.02814
v2,0.8,15,4,4,0,0.47674,0.65089
v2,0.8,15,5,0,-1,0.01528,1.16566
v2,0.8,15,5,1,0,0.79202,0.28097
v2,0.8,15,5,2,0,0.25941,1.30184
v2,0.8,15,6,0,0,0.01355,3.05728
v2,0.8,15,6,1,0,0.64333,0.36978
v2,0.8,15,7,1,0,0.93948,0.05742
v2,0.8,15,7,2,0,0.68051,0.52503
v2,0.8,16,0,0,0,0.38190,0.67113
v2,0.8,16,0,1,0,0.75000,0.23227
v2,0.8,16,0,2,0,0.63475,0.31637
v2,0.8,16,1,0,0,0.34700,1.38739
v2,0.8,16,1,1,0,0.86020,0.12952
v2,0.8,16,1,2,0,0.61952,0.37561
v2,0.8,16,2,0,0,0.44588,0.06630
v2,0.8,16,2,1,-1,0.05795,0.99233
v2,0.8,16,2,2,0,0.79136,0.25002
v2,0.8,16,2,4,-1,0.01199,1.64697
v2,0.8,16,3,0,0,0.46902,1.43691
v2,0.8,16,3,1,0,0.94991,0.05457
v2,0.8,16,3,2,0,0.29530,0.97074
v2,0.8,16,4,0,0,0.84211,0.06995
v2,0.8,16,4,1,0,0.68623,0.30727
v2,0.8,16,4,4,-1,0.42029,0.59765
v2,0.8,16,5,0,0,0.58405,0.46133
v2,0.8,16,5,1,0,0.92499,0.10875
v2,0.8,16,5,2,0,0.81466,0.18069
v2,0.8,16,6,0,0,0.45466,1.51639
v2,0.8,16,6,1,0,0.89003,0.09489
v2,0.8,16,6,2,0,0.52600,0.54349
v2,0.8,16,7,0,0,0.62115,0.13654
v2,0.8,16,7,1,0,0.74143,0.25349
v2,0.8,16,7,2,0,0.54404,0.59217
v2,0.8,17,0,0,0,0.58964,0.44098
v2,0.8,17,0,1,0,0.44763,0.61681
v2,0.8,17,0,4,-1,0.00524,3.12440
v2,0.8,17,1,0,0,0.16116,2.81050
v2,0.8,17,1,1,0,0.65785,0.18264
v2,0.8,17,1,2,0,0.27817,2.02439
v2,0.8,17,2,0,0,0.71359,0.26962
v2,0.8,17,2,1,0,0.82741,0.15909
v2,0.8,17,2,2,0,0.71739,0.28578
v2,0.8,17,3,0,0,0.51295,0.61408
v2,0.8,17,3,1,0,0.81019,0.18773
v2,0.8,17,3,2,0,0.76382,0.22605
v2,0.8,17,4,1,0,0.51923,0.15724
v2,0.8,17,4,2,0,0.32083,2.28828
v2,0.8,17,4,4,-1,0.00701,3.15874
v2,0.8,17,5,0,0,0.62008,0.39720
v2,0.8,17,5,1,0,0.25415,1.84159
v2,0.8,17,5,2,0,0.84411,0.14549
v2,0.8,17,6,0,-1,0.13971,0.99972
v2,0.8,17,6,4,1,0.73348,0.50998
v2,0.8,17,7,1,0,0.75604,0.26446
v2,0.8,17,7,2,0,0.64351,0.63183
v2,0.8,18,0,0,0,0.61357,0.42351
v2,0.8,18,0,1,0,0.79464,0.20099
v2,0.8,18,0,2,0,0.62101,0.21639
v2,0.8,18,1,0,0,0.68701,0.12397
v2,0.8,18,1,1,0,0.53156,0.50623
v2,0.8,18,1,4,1,0.23054,1.29300
v2,0.8,18,2,0,0,0.56917,0.47585
v2,0.8,18,2,1,0,0.03711,3.57032
v2,0.8,18,2,2,0,0.93983,0.08072
v2,0.8,18,2,4,-1,0.13945,2.55890
v2,0.8,18,3,0,0,0.31332,1.66442
v2,0.8,18,3,1,0,0.55504,0.51381
v2,0.8,18,3,2,0,0.59344,0.43184
v2,0.8,18,4,0,0,0.69521,0.09489
v2,0.8,18,4,2,0,0.18032,2.27858
v2,0.8,18,5,0,0,0.38802,0.75022
v2,0.8,18,5,1,0,0.88219,0.12869
v2,0.8,18,5,2,0,0.87164,0.07015
v2,0.8,18,5,4,1,0.20468,2.77090
v2,0.8,18,6,0,0,0.60447,0.64753
v2,0.8,18,6,1,0,0.78747,0.20249
v2,0.8,18,6,2,0,0.37194,0.80994
v2,0.8,18,7,0,0,0.74759,0.25298
v2,0.8,18,7,1,0,0.91318,0.07924
v2,0.8,18,7,2,0,0.59686,0.44110
v2,0.8,18,7,4,0,0.54546,0.96312
v2,0.8,19,0,0,0,0.38135,0.75732
v2,0.8,19,0,1,0,0.49009,0.61477
v2,0.8,19,0,2,0,0.60692,0.87832
v2,0.8,19,1,1,-1,0.38442,0.17745
v2,0.8,19,1,2,0,0.27243,1.69635
v2,0.8,19,2,0,-1,0.01271,2.42047
v2,0.8,19,2,1,0,0.70486,0.31528
v2,0.8,19,2,2,0,0.66196,0.29895
v2,0.8,19,3,0,0,0.80274,0.43024
v2,0.8,19,3,1,0,0.60310,0.09048
v2,0.8,19,3,4,-1,0.11948,1.08553
v2,0.8,19,4,0,0,0.63146,0.38713
v2,0.8,19,4,1,0,0.55085,0.43884
v2,0.8,19,5,0,0,0.67366,0.33520
v2,0.8,19,5,1,0,0.56488,0.45425
v2,0.8,19,5,2,0,0.63276,0.64768
v2,0.8,19,6,0,-1,0.00752,1.09951
v2,0.8,19,6,1,0,0.83151,0.16420
v2,0.8,19,6,2,0,0.62602,0.41773
v2,0.8,19,7,0,0,0.89871,0.06017
v2,0.8,19,7,1,0,0.82181,0.15825
v2,0.8,19,7,2,0,0.61220,0.36071
v2,0.8,20,0,0,0,0.81953,0.32226
v2,0.8,20,0,1,0,0.89677,0.14742
v2,0.8,20,0,2,0,0.71456,0.30897
v2,0.8,20,1,0,-1,0.02915,2.45481
v2,0.8,20,1,1,1,0.66877,0.64511
v2,0.8,20,1,2,0,0.58725,0.42009
v2,0.8,20,1,4,1,0.89443,0.16873
v2,0.8,20,2,0,0,0.77884,0.12696
v2,0.8,20,2,1,0,0.60957,0.43881
v2,0.8,20,2,4,-1,0.02289,1.28310
v2,0.8,20,3,1,0,0.63674,0.39120
v2,0.8,20,3,4,1,0.83729,0.17775
v2,0.8,20,4,0,-1,0.34176,0.62674
v2,0.8,20,4,1,0,0.92362,0.12726
v2,0.8,20,4,2,0,0.52381,0.54379
v2,0.8,20,4,4,1,0.89210,0.16416
v2,0.8,20,5,0,0,0.57173,0.49912
v2,0.8,20,5,1,0,0.02904,3.68499
v2,0.8,20,5,2,-1,0.01785,1.96800
v2,0.8,20,5,4,1,0.68274,0.34710
v2,0.8,20,6,0,0,0.62980,0.41044
v2,0.8,20,6,2,0,0.83104,0.22799
v2,0.8,20,6,4,-1,0.01637,1.55924
v2,0.8,20,7,0,-1,0.04474,1.52313
v2,0.8,20,7,1,0,0.91376,0.12791
v2,0.8,20,7,2,0,0.68409,0.32890
v2,0.8,20,7,4,1,0.90189,0.15866
v2,1.2,1,0,0,0,0.50232,1.15978
v2,1.2,1,0,1,0,0.80673,0.29504
v2,1.2,1,0,2,0,0.91903,0.09773
v2,1.2,1,1,0,0,0.66704,0.33576
v2,1.2,1,1,1,0,0.50884,0.23984
v2,1.2,1,1,2,0,0.93795,0.10192
v2,1.2,1,1,4,1,0.34289,0.96429
v2,1.2,1,2,0,0,0.54551,0.29284
v2,1.2,1,2,2,0,0.63071,0.40604
v2,1.2,1,2,4,1,0.70119,0.85164
v2,1.2,1,3,0,0,0.73496,0.60860
v2,1.2,1,3,1,0,0.83894,0.12584
v2,1.2,1,3,2,-1,0.00334,2.00743
v2,1.2,1,3,4,1,0.93292,0.04510
v2,1.2,1,4,0,0,0.48690,0.63643
v2,1.2,1,4,1,0,0.52711,0.37172
v2,1.2,1,4,2,0,0.93730,0.08077
v2,1.2,1,4,4,1,0.84544,0.03862
v2,1.2,1,5,0,0,0.43844,1.55834
v2,1.2,1,5,1,0,0.85943,0.11130
v2,1.2,1,5,2,0,0.64420,0.27101
v2,1.2,1,5,4,1,0.76712,0.56730
v2,1.2,1,6,0,0,0.37087,0.79247
v2,1.2,1,6,1,-1,0.00971,2.12265
v2,1.2,1,6,2,0,0.34981,0.91168
v2,1.2,1,6,4,1,0.81876,0.40917
v2,1.2,1,7,0,0,0.80382,0.09387
v2,1.2,1,7,1,0,0.63845,0.30724
v2,1.2,1,7,2,0,0.93614,0.07215
v2,1.2,1,7,4,1,0.82472,0.18550
v2,1.2,2,0,0,0,0.71209,0.33879
v2,1.2,2,0,1,0,0.55188,1.27058
v2,1.2,2,0,2,0,0.33478,2.10328
v2,1.2,2,0,4,1,0.76485,0.28766
v2,1.2,2,1,0,0,0.02332,2.70543
v2,1.2,2,1,1,0,0.62169,0.07886
v2,1.2,2,1,2,0,0.15073,2.29577
v2,1.2,2,2,0,0,0.87666,0.27815
v2,1.2,2,2,1,0,0.46743,0.61305
v2,1.2,2,2,2,-1,0.00435,1.66605
v2,1.2,2,2,4,1,0.46054,0.42492
v2,1.2,2,3,0,0,0.73867,0.30144
v2,1.2,2,3,1,0,0.67774,0.32931
v2,1.2,2,3,2,0,0.54139,0.43105
v2,1.2,2,3,4,-1,0.00399,2.53877
v2,1.2,2,4,0,0,0.87144,0.27552
v2,1.2,2,4,1,0,0.77378,0.22284
v2,1.2,2,4,2,0,0.58870,0.43546
v2,1.2,2,4,4,1,0.20980,2.62102
v2,1.2,2,5,0,0,0.22797,2.00848
v2,1.2,2,5,1,0,0.91709,0.09310
v2,1.2,2,5,2,0,0.43172,0.66947
v2,1.2,2,6,0,0,0.27509,1.26111
v2,1.2,2,6,1,-1,0.20580,1.17167
v2,1.2,2,6,2,0,0.25643,1.64098
v2,1.2,2,6,4,1,0.74698,0.32076
v2,1.2,2,7,0,0,0.53654,0.45530
v2,1.2,2,7,1,0,0.90351,0.08884
v2,1.2,2,7,2,0,0.63974,0.32631
v2,1.2,3,0,0,-1,0.03097,2.51929
v2,1.2,3,0,1,0,0.78910,0.22426
v2,1.2,3,0,2,0,0.89238,0.07099
v2,1.2,3,1,0,0,0.84440,0.24501
v2,1.2,3,1,1,0,0.84323,0.15568
v2,1.2,3,1,2,0,0.83417,0.12908
v2,1.2,3,1,4,1,0.89324,0.15261
v2,1.2,3,2,0,-1,0.01503,1.04836
v2,1.2,3,2,1,0,0.93105,0.05494
v2,1.2,3,2,2,0,0.89325,0.07782
v2,1.2,3,3,0,0,0.79885,0.26018
v2,1.2,3,3,1,0,0.54969,0.50828
v2,1.2,3,3,2,0,0.66112,0.05803
v2,1.2,3,4,0,-1,0.01646,1.01144
v2,1.2,3,4,1,0,0.89872,0.03369
v2,1.2,3,4,2,0,0.77869,0.03965
v2,1.2,3,4,4,-1,0.00775,2.82677
v2,1.2,3,5,0,-1,0.01947,1.06336
v2,1.2,3,5,1,0,0.89154,0.07937
v2,1.2,3,5,2,0,0.82296,0.13563
v2,1.2,3,6,0,0,0.62719,0.68201
v2,1.2,3,6,1,0,0.80348,0.21305
v2,1.2,3,6,2,0,0.89280,0.08281
v2,1.2,3,6,4,-1,0.01226,2.88454
v2,1.2,3,7,0,0,0.89650,0.09624
v2,1.2,3,7,1,0,0.45239,0.26813
v2,1.2,3,7,2,0,0.89693,0.08361
v2,1.2,3,7,4,0,0.55090,0.54461
v2,1.2,4,0,1,0,0.81290,0.14798
v2,1.2,4,0,2,-1,0.43468,1.32136
v2,1.2,4,0,4,1,0.79546,0.25994
v2,1.2,4,1,0,0,0.40415,0.74519
v2,1.2,4,1,2,0,0.81056,0.21088
v2,1.2,4,1,4,-1,0.00289,1.73917
v2,1.2,4,2,0,0,0.72978,0.25169
v2,1.2,4,2,1,0,0.92539,0.10554
v2,1.2,4,2,2,0,0.88782,0.14478
v2,1.2,4,2,4,0,0.28131,0.86568
v2,1.2,4,3,0,0,0.41652,1.22549
v2,1.2,4,3,1,0,0.95971,0.03093
v2,1.2,4,3,2,0,0.43381,0.68724
v2,1.2,4,4,0,0,0.47622,0.57583
v2,1.2,4,4,1,0,0.49692,1.14491
v2,1.2,4,4,2,0,0.81728,0.09334
v2,1.2,4,4,4,1,0.83100,0.22389
v2,1.2,4,5,1,0,0.20437,1.34030
v2,1.2,4,5,2,-1,0.42711,1.28746
v2,1.2,4,5,4,0,0.92746,0.08909
v2,1.2,4,6,0,0,0.28665,1.88657
v2,1.2,4,6,1,0,0.92299,0.05943
v2,1.2,4,6,2,0,0.71925,0.28085
v2,1.2,4,6,4,-1,0.00511,0.98291
v2,1.2,4,7,0,0,0.45066,0.65121
v2,1.2,4,7,1,0,0.64155,0.36229
v2,1.2,4,7,2,0,0.78252,0.22750
v2,1.2,5,0,0,0,0.86064,0.25213
v2,1.2,5,0,1,0,0.67041,0.35450
v2,1.2,5,0,2,0,0.57210,0.44408
v2,1.2,5,1,0,0,0.85162,0.24658
v2,1.2,5,1,1,0,0.80225,0.22488
v2,1.2,5,1,2,0,0.94518,0.04759
v2,1.2,5,2,0,0,0.72028,0.30367
v2,1.2,5,2,1,0,0.28787,1.58250
v2,1.2,5,2,2,0,0.96070,0.03971
v2,1.2,5,2,4,1,0.19644,2.85247
v2,1.2,5,3,0,0,0.63850,0.38928
v2,1.2,5,3,1,0,0.69767,0.32953
v2,1.2,5,3,2,0,0.44722,1.28253
v2,1.2,5,3,4,1,0.84111,0.34425
v2,1.2,5,4,0,0,0.59134,0.45367
v2,1.2,5,4,1,0,0.59497,0.35138
v2,1.2,5,4,2,0,0.47530,1.52849
v2,1.2,5,5,0,0,0.64524,0.37931
v2,1.2,5,5,1,0,0.53871,0.47978
v2,1.2,5,5,2,0,0.83965,0.15173
v2,1.2,5,5,4,1,0.64612,0.41758
v2,1.2,5,6,0,0,0.59155,0.20280
v2,1.2,5,6,1,0,0.81873,0.21601
v2,1.2,5,6,2,0,0.61857,0.37643
v2,1.2,5,6,4,-1,0.00465,3.08920
v2,1.2,5,7,0,0,0.50227,0.35858
v2,1.2,5,7,1,0,0.24628,1.56065
v2,1.2,5,7,2,0,0.64657,0.36561
v2,1.2,5,7,4,-1,0.00202,3.14205
v2,1.2,6,0,0,0,0.84412,0.13803
v2,1.2,6,0,1,-1,0.33437,1.67061
v2,1.2,6,0,2,0,0.96269,0.03171
v2,1.2,6,0,4,1,0.84071,0.21687
v2,1.2,6,1,0,0,0.42388,0.90445
v2,1.2,6,1,1,0,0.87161,0.11417
v2,1.2,6,1,2,0,0.39477,0.55873
v2,1.2,6,1,4,-1,0.00358,2.70318
v2,1.2,6,2,0,-1,0.20847,1.14869
v2,1.2,6,2,1,0,0.86122,0.30351
v2,1.2,6,2,4,1,0.80465,0.22032
v2,1.2,6,3,0,0,0.62737,0.37850
v2,1.2,6,3,1,0,0.57224,0.48037
v2,1.2,6,3,2,0,0.96177,0.03118
v2,1.2,6,3,4,1,0.56839,1.01843
v2,1.2,6,4,0,0,0.17206,3.14383
v2,1.2,6,4,1,0,0.54386,0.58019
v2,1.2,6,4,2,0,0.26925,1.70345
v2,1.2,6,4,4,1,0.89724,0.14923
v2,1.2,6,5,0,0,0.82932,0.16889
v2,1.2,6,5,1,0,0.86957,0.29297
v2,1.2,6,5,2,0,0.74857,0.14067
v2,1.2,6,5,4,1,0.79910,0.47839
v2,1.2,6,6,0,0,0.72787,0.28867
v2,1.2,6,6,1,0,0.71132,0.24008
v2,1.2,6,6,2,0,0.96325,0.03372
v2,1.2,6,6,4,1,0.77367,0.17982
v2,1.2,6,7,0,0,0.87626,0.21895
v2,1.2,6,7,1,0,0.68203,0.29750
v2,1.2,6,7,2,0,0.96204,0.03634
v2,1.2,6,7,4,1,0.59553,0.31789
v2,1.2,7,0,1,0,0.94077,0.03432
v2,1.2,7,0,4,0,0.65102,0.89772
v2,1.2,7,1,0,0,0.68784,0.30470
v2,1.2,7,1,1,0,0.91563,0.05466
v2,1.2,7,1,2,0,0.32837,0.93406
v2,1.2,7,2,0,0,0.39947,0.74461
v2,1.2,7,2,1,-1,0.01296,2.17952
v2,1.2,7,2,2,0,0.82087,0.16970
v2,1.2,7,2,4,1,0.77511,0.31117
v2,1.2,7,3,0,0,0.87612,0.18794
v2,1.2,7,3,1,0,0.59971,0.24766
v2,1.2,7,3,4,0,0.39198,1.48968
v2,1.2,7,4,0,0,0.63693,0.37005
v2,1.2,7,4,1,0,0.79994,0.26398
v2,1.2,7,5,1,0,0.61393,0.19281
v2,1.2,7,5,4,1,0.87887,0.16195
v2,1.2,7,6,0,0,0.48128,0.11420
v2,1.2,7,6,1,0,0.94343,0.03783
v2,1.2,7,6,2,0,0.72843,0.13144
v2,1.2,7,7,1,0,0.66413,0.24781
v2,1.2,7,7,4,1,0.81299,0.27808
v2,1.2,8,0,0,0,0.36231,0.91773
v2,1.2,8,0,1,0,0.84927,0.13276
v2,1.2,8,0,2,0,0.24938,1.71693
v2,1.2,8,0,4,1,0.20154,2.44903
v2,1.2,8,1,0,0,0.54044,0.49387
v2,1.2,8,1,1,0,0.79596,0.18694
v2,1.2,8,1,2,0,0.84521,0.24257
v2,1.2,8,1,4,1,0.20638,2.68929
v2,1.2,8,2,0,0,0.91742,0.02937
v2,1.2,8,2,1,0,0.37143,0.63959
v2,1.2,8,2,4,0,0.76808,0.63035
v2,1.2,8,3,0,0,0.91124,0.16690
v2,1.2,8,3,1,1,0.57900,0.78299
v2,1.2,8,3,2,0,0.75522,0.26323
v2,1.2,8,4,0,0,0.66922,0.33248
v2,1.2,8,4,1,0,0.92939,0.01957
v2,1.2,8,4,2,0,0.72064,0.16621
v2,1.2,8,4,4,-1,0.00322,2.82257
v2,1.2,8,5,0,0,0.91134,0.05348
v2,1.2,8,5,1,0,0.92939,0.01827
v2,1.2,8,5,2,0,0.83759,0.13130
v2,1.2,8,5,4,-1,0.01838,1.04443
v2,1.2,8,6,0,0,0.91665,0.08482
v2,1.2,8,6,1,0,0.35841,1.07495
v2,1.2,8,6,2,0,0.94946,0.03472
v2,1.2,8,6,4,0,0.76385,0.67504
v2,1.2,8,7,0,0,0.88446,0.09888
v2,1.2,8,7,1,0,0.91127,0.04665
v2,1.2,8,7,2,0,0.57534,0.16047
v2,1.2,9,0,0,0,0.92747,0.06434
v2,1.2,9,0,1,0,0.59373,0.44089
v2,1.2,9,0,2,0,0.87719,0.15633
v2,1.2,9,0,4,-1,0.07431,1.23176
v2,1.2,9,1,0,0,0.55868,0.42274
v2,1.2,9,1,1,0,0.59139,0.39871
v2,1.2,9,1,2,0,0.71081,0.27400
v2,1.2,9,2,0,0,0.59984,0.25926
v2,1.2,9,2,1,0,0.53021,0.11816
v2,1.2,9,2,2,-1,0.00514,2.11241
v2,1.2,9,3,0,0,0.40175,0.64431
v2,1.2,9,3,1,0,0.56079,0.37211
v2,1.2,9,3,2,0,0.87719,0.11410
v2,1.2,9,3,4,-1,0.00583,1.91717
v2,1.2,9,4,0,0,0.82718,0.37876
v2,1.2,9,4,1,0,0.40586,0.20116
v2,1.2,9,4,2,0,0.87719,0.13285
v2,1.2,9,5,0,0,0.92495,0.06804
v2,1.2,9,5,1,0,0.53969,0.41878
v2,1.2,9,5,2,0,0.87719,0.14911
v2,1.2,9,5,4,1,0.65250,0.41591
v2,1.2,9,6,0,0,0.92501,0.06653
v2,1.2,9,6,1,0,0.76874,0.26463
v2,1.2,9,6,2,0,0.87719,0.15772
v2,1.2,9,6,4,1,0.62105,0.43917
v2,1.2,9,7,0,0,0.91536,0.07742
v2,1.2,9,7,1,-1,0.02410,1.94170
v2,1.2,9,7,2,0,0.79176,0.15637
v2,1.2,9,7,4,1,0.92242,0.07476
v2,1.2,10,0,0,0,0.38235,0.81338
v2,1.2,10,0,1,0,0.78734,0.46944
v2,1.2,10,0,2,0,0.91185,0.03854
v2,1.2,10,1,0,0,0.79068,0.11376
v2,1.2,10,1,1,0,0.69073,0.30942
v2,1.2,10,1,2,0,0.91305,0.10387
v2,1.2,10,1,4,1,0.65075,0.08958
v2,1.2,10,2,0,0,0.82472,0.18763
v2,1.2,10,2,1,0,0.34838,0.42183
v2,1.2,10,2,4,-1,0.00544,3.25593
v2,1.2,10,3,0,0,0.40682,0.69731
v2,1.2,10,3,1,0,0.73190,0.29075
v2,1.2,10,3,2,0,0.24898,1.82936
v2,1.2,10,3,4,1,0.87511,0.13892
v2,1.2,10,4,0,0,0.37375,0.82234
v2,1.2,10,4,1,0,0.94890,0.03726
v2,1.2,10,4,2,0,0.71285,0.26319
v2,1.2,10,4,4,-1,0.00084,3.21389
v2,1.2,10,5,0,0,0.79254,0.13340
v2,1.2,10,5,1,0,0.69619,0.17675
v2,1.2,10,5,2,0,0.26644,1.67021
v2,1.2,10,6,0,0,0.59333,0.49017
v2,1.2,10,6,1,0,0.61604,0.72055
v2,1.2,10,6,2,0,0.83265,0.18216
v2,1.2,10,7,0,0,0.45469,1.35133
v2,1.2,10,7,1,0,0.74678,0.25246
v2,1.2,10,7,2,0,0.84584,0.14286
v2,1.2,11,0,0,0,0.53756,0.51734
v2,1.2,11,0,1,0,0.55874,0.45299
v2,1.2,11,0,2,0,0.84504,0.19729
v2,1.2,11,0,4,-1,0.01523,3.25904
v2,1.2,11,1,0,1,0.45521,0.67952
v2,1.2,11,1,1,0,0.86129,0.20461
v2,1.2,11,1,2,0,0.86189,0.13479
v2,1.2,11,1,4,1,0.91575,0.15197
v2,1.2,11,2,0,0,0.85554,0.25392
v2,1.2,11,2,1,0,0.41016,1.50217
v2,1.2,11,2,2,0,0.50248,0.59093
v2,1.2,11,2,4,-1,0.01077,1.24866
v2,1.2,11,3,0,0,0.65515,0.28885
v2,1.2,11,3,1,0,0.80423,0.19946
v2,1.2,11,3,2,0,0.71029,0.56458
v2,1.2,11,3,4,-1,0.01038,3.21816
v2,1.2,11,4,0,0,0.52706,0.30248
v2,1.2,11,4,1,0,0.25981,1.73098
v2,1.2,11,4,2,0,0.52122,0.57029
v2,1.2,11,5,0,0,0.49048,0.59120
v2,1.2,11,5,1,0,0.57889,0.26050
v2,1.2,11,5,4,1,0.65944,0.43756
v2,1.2,11,6,0,0,0.59541,0.42379
v2,1.2,11,6,1,0,0.87672,0.18868
v2,1.2,11,6,2,0,0.90517,0.10993
v2,1.2,11,6,4,1,0.90807,0.14947
v2,1.2,11,7,0,0,0.57750,0.28210
v2,1.2,11,7,1,0,0.60595,0.24467
v2,1.2,11,7,2,0,0.67230,0.71696
v2,1.2,11,7,4,-1,0.00830,3.10848
v2,1.2,12,0,0,0,0.71656,0.23298
v2,1.2,12,0,1,0,0.61878,0.47905
v2,1.2,12,0,2,0,0.86239,0.05093
v2,1.2,12,1,1,0,0.85015,0.12092
v2,1.2,12,1,2,0,0.55834,0.47853
v2,1.2,12,1,4,-1,0.01361,1.98764
v2,1.2,12,2,0,0,0.93463,0.05524
v2,1.2,12,2,1,0,0.92932,0.03315
v2,1.2,12,2,2,0,0.54530,0.48518
v2,1.2,12,2,4,1,0.92619,0.10850
v2,1.2,12,3,0,0,0.85772,0.25342
v2,1.2,12,3,1,0,0.88811,0.08047
v2,1.2,12,3,2,0,0.51937,0.54240
v2,1.2,12,3,4,1,0.20528,1.57236
v2,1.2,12,4,0,0,0.55699,0.48602
v2,1.2,12,4,1,0,0.69628,0.09365
v2,1.2,12,4,4,1,0.56854,0.76119
v2,1.2,12,5,0,0,0.39707,0.78308
v2,1.2,12,5,2,0,0.53237,0.03563
v2,1.2,12,5,4,1,0.19565,2.90517
v2,1.2,12,6,0,0,0.67016,0.25079
v2,1.2,12,6,1,0,0.59268,0.44994
v2,1.2,12,6,2,0,0.85105,0.16362
v2,1.2,12,7,0,0,0.84623,0.15643
v2,1.2,12,7,1,0,0.64878,0.39380
v2,1.2,12,7,2,-1,0.00889,2.03783
v2,1.2,13,0,0,0,0.89185,0.24818
v2,1.2,13,0,1,0,0.63300,0.18486
v2,1.2,13,0,2,0,0.66497,0.79536
v2,1.2,13,0,4,1,0.81242,0.19775
v2,1.2,13,1,0,0,0.57114,0.50787
v2,1.2,13,1,1,0,0.90055,0.18561
v2,1.2,13,1,2,0,0.90494,0.08756
v2,1.2,13,2,0,0,0.89016,0.10497
v2,1.2,13,2,1,0,0.81299,0.21783
v2,1.2,13,2,2,0,0.89901,0.07570
v2,1.2,13,2,4,-1,0.01019,1.16283
v2,1.2,13,3,1,0,0.87669,0.18961
v2,1.2,13,3,4,-1,0.02466,1.20245
v2,1.2,13,4,0,0,0.88128,0.10749
v2,1.2,13,4,1,0,0.84808,0.19730
v2,1.2,13,4,2,0,0.23729,2.00685
v2,1.2,13,5,0,-1,0.14806,1.03648
v2,1.2,13,5,1,0,0.87523,0.20380
v2,1.2,13,5,2,0,0.70311,0.30749
v2,1.2,13,6,0,0,0.59802,0.17768
v2,1.2,13,6,1,0,0.86578,0.19065
v2,1.2,13,6,2,-1,0.02075,0.93033
v2,1.2,13,6,4,1,0.77580,0.24532
v2,1.2,13,7,0,0,0.53633,0.46219
v2,1.2,13,7,1,0,0.61125,0.42445
v2,1.2,13,7,4,1,0.63181,0.45306
v2,1.2,14,0,0,-1,0.00922,2.36020
v2,1.2,14,0,1,-1,0.01784,1.00466
v2,1.2,14,0,2,0,0.86710,0.25934
v2,1.2,14,1,0,0,0.79841,0.21135
v2,1.2,14,1,1,0,0.60829,0.40461
v2,1.2,14,1,2,0,0.93968,0.04248
v2,1.2,14,1,4,1,0.48151,0.77444
v2,1.2,14,2,0,0,0.57644,0.36340
v2,1.2,14,2,1,0,0.82934,0.18361
v2,1.2,14,2,2,0,0.94140,0.03190
v2,1.2,14,2,4,-1,0.00418,3.02979
v2,1.2,14,3,0,0,0.83903,0.17009
v2,1.2,14,3,1,0,0.61226,0.41428
v2,1.2,14,3,2,0,0.92673,0.06444
v2,1.2,14,3,4,1,0.36837,0.80281
v2,1.2,14,4,0,0,0.78481,0.37918
v2,1.2,14,4,1,0,0.80797,0.18507
v2,1.2,14,4,2,0,0.89973,0.06862
v2,1.2,14,4,4,1,0.96401,0.06334
v2,1.2,14,5,0,0,0.90574,0.15774
v2,1.2,14,5,1,0,0.81232,0.18741
v2,1.2,14,5,2,0,0.96022,0.01114
v2,1.2,14,5,4,-1,0.00152,3.08747
v2,1.2,14,6,0,0,0.62732,0.27364
v2,1.2,14,6,1,0,0.50317,0.79524
v2,1.2,14,6,2,0,0.94742,0.03972
v2,1.2,14,6,4,-1,0.00812,3.02031
v2,1.2,14,7,0,0,0.71997,0.30430
v2,1.2,14,7,2,0,0.70185,0.06823
v2,1.2,14,7,4,1,0.97401,0.03219
v2,1.2,15,0,1,0,0.93534,0.02086
v2,1.2,15,0,2,0,0.68042,0.50145
v2,1.2,15,1,0,-1,0.07634,2.12076
v2,1.2,15,1,1,0,0.55520,0.41754
v2,1.2,15,1,2,0,0.66165,0.85799
v2,1.2,15,1,4,-1,0.10615,1.09674
v2,1.2,15,2,0,0,0.38901,0.61067
v2,1.2,15,2,1,1,0.40192,0.68439
v2,1.2,15,2,2,-1,0.01119,1.05242
v2,1.2,15,2,4,0,0.47578,0.43523
v2,1.2,15,3,0,0,0.94711,0.02690
v2,1.2,15,3,1,0,0.29080,2.16973
v2,1.2,15,3,2,0,0.76208,0.23802
v2,1.2,15,3,4,1,0.90034,0.17444
v2,1.2,15,4,0,0,0.87546,0.12014
v2,1.2,15,4,1,0,0.66296,0.35395
v2,1.2,15,4,2,0,0.94605,0.02821
v2,1.2,15,4,4,1,0.52600,0.56428
v2,1.2,15,5,0,-1,0.01438,1.23488
v2,1.2,15,5,1,0,0.72626,0.32550
v2,1.2,15,5,2,0,0.80076,0.41924
v2,1.2,15,6,0,0,0.63108,0.37055
v2,1.2,15,6,1,0,0.67347,0.33048
v2,1.2,15,7,0,-1,0.10747,2.06427
v2,1.2,15,7,1,0,0.93459,0.05760
v2,1.2,15,7,2,0,0.74501,0.48458
v2,1.2,15,7,4,-1,0.00777,2.76226
v2,1.2,16,0,0,0,0.79403,0.00231
v2,1.2,16,0,1,0,0.75406,0.12324
v2,1.2,16,0,2,0,0.75328,0.27480
v2,1.2,16,0,4,1,0.18997,2.75292
v2,1.2,16,1,0,0,0.40070,1.34506
v2,1.2,16,1,1,0,0.77200,0.23597
v2,1.2,16,1,2,0,0.59463,0.38808
v2,1.2,16,2,0,0,0.50080,0.12067
v2,1.2,16,2,1,0,0.59072,0.45196
v2,1.2,16,2,2,0,0.82245,0.31640
v2,1.2,16,2,4,1,0.86633,0.16117
v2,1.2,16,3,0,0,0.40815,1.45340
v2,1.2,16,3,1,0,0.94991,0.05457
v2,1.2,16,3,2,0,0.41666,0.74164
v2,1.2,16,4,0,0,0.84609,0.06032
v2,1.2,16,4,1,0,0.76358,0.22822
v2,1.2,16,4,2,0,0.87341,0.21151
v2,1.2,16,4,4,0,0.44671,0.52870
v2,1.2,16,5,0,0,0.60544,0.00983
v2,1.2,16,5,1,0,0.79728,0.17805
v2,1.2,16,5,2,0,0.78255,0.21667
v2,1.2,16,6,0,0,0.45059,1.53217
v2,1.2,16,6,1,0,0.96105,0.02977
v2,1.2,16,6,2,0,0.51800,0.56068
v2,1.2,16,6,4,-1,0.02247,1.10343
v2,1.2,16,7,0,0,0.69445,0.07586
v2,1.2,16,7,1,0,0.57633,0.45817
v2,1.2,16,7,2,0,0.86528,0.23476
v2,1.2,16,7,4,1,0.90522,0.13895
v2,1.2,17,0,0,0,0.59932,0.42684
v2,1.2,17,0,1,0,0.48762,0.59110
v2,1.2,17,0,4,-1,0.00518,3.17353
v2,1.2,17,1,0,0,0.48440,0.96848
v2,1.2,17,1,1,0,0.67381,0.13047
v2,1.2,17,1,2,0,0.29625,2.01218
v2,1.2,17,2,0,0,0.48174,0.58877
v2,1.2,17,2,1,0,0.57345,0.47869
v2,1.2,17,2,2,0,0.70413,0.29975
v2,1.2,17,3,0,0,0.47276,0.68257
v2,1.2,17,3,1,0,0.79630,0.20111
v2,1.2,17,3,2,0,0.76864,0.11724
v2,1.2,17,4,0,0,0.56383,0.26684
v2,1.2,17,4,1,0,0.51712,0.38491
v2,1.2,17,4,2,0,0.32372,2.27286
v2,1.2,17,4,4,-1,0.00668,3.29060
v2,1.2,17,5,0,0,0.64139,0.37287
v2,1.2,17,5,1,0,0.25401,1.84216
v2,1.2,17,5,2,0,0.57722,0.45428
v2,1.2,17,6,0,0,0.68864,0.32045
v2,1.2,17,6,1,0,0.55074,0.05493
v2,1.2,17,6,4,1,0.75455,0.24637
v2,1.2,17,7,0,0,0.37155,0.80068
v2,1.2,17,7,1,0,0.40682,0.73666
v2,1.2,17,7,2,0,0.42318,0.83420
v2,1.2,18,0,0,0,0.56121,0.49630
v2,1.2,18,0,1,0,0.81662,0.17613
v2,1.2,18,0,2,0,0.72345,0.15039
v2,1.2,18,1,0,0,0.70170,0.31177
v2,1.2,18,1,1,0,0.53608,0.49372
v2,1.2,18,1,4,1,0.78523,0.38968
v2,1.2,18,2,0,0,0.88372,0.11978
v2,1.2,18,2,1,0,0.91512,0.08226
v2,1.2,18,2,2,0,0.94341,0.06759
v2,1.2,18,2,4,0,0.70026,0.82426
v2,1.2,18,3,0,0,0.41485,1.63141
v2,1.2,18,3,1,0,0.89604,0.12036
v2,1.2,18,3,2,0,0.54067,0.50811
v2,1.2,18,4,0,0,0.66047,0.17878
v2,1.2,18,4,1,0,0.58745,0.44526
v2,1.2,18,4,2,0,0.18466,2.24190
v2,1.2,18,4,4,1,0.80210,0.22689
v2,1.2,18,5,0,0,0.54540,0.21248
v2,1.2,18,5,1,0,0.90459,0.10542
v2,1.2,18,5,2,0,0.81036,0.18977
v2,1.2,18,5,4,1,0.20378,2.76708
v2,1.2,18,6,0,0,0.59978,0.64471
v2,1.2,18,6,1,0,0.83779,0.15372
v2,1.2,18,6,2,0,0.68271,0.19014
v2,1.2,18,7,0,0,0.61277,0.44597
v2,1.2,18,7,1,0,0.92267,0.08339
v2,1.2,18,7,2,0,0.86257,0.13316
v2,1.2,18,7,4,0,0.52625,0.92405
v2,1.2,19,0,0,0,0.68791,0.16308
v2,1.2,19,0,1,0,0.53974,0.49783
v2,1.2,19,0,2,0,0.60383,0.87893
v2,1.2,19,1,0,0,0.67797,0.32588
v2,1.2,19,1,1,0,0.27868,0.98780
v2,1.2,19,1,2,0,0.21383,1.90415
v2,1.2,19,2,0,0,0.80774,0.37238
v2,1.2,19,2,1,0,0.75645,0.24067
v2,1.2,19,2,2,0,0.63946,0.40323
v2,1.2,19,2,4,1,0.21007,2.81095
v2,1.2,19,3,0,0,0.71710,0.29093
v2,1.2,19,3,1,1,0.24496,1.60535
v2,1.2,19,3,2,0,0.80745,0.25559
v2,1.2,19,3,4,-1,0.33521,0.73265
v2,1.2,19,4,0,0,0.67435,0.33083
v2,1.2,19,4,1,0,0.65305,0.34655
v2,1.2,19,4,2,-1,0.01693,1.44388
v2,1.2,19,4,4,-1,0.00592,2.26459
v2,1.2,19,5,0,0,0.81907,0.17342
v2,1.2,19,5,1,0,0.56405,0.45105
v2,1.2,19,5,2,0,0.68377,0.63462
v2,1.2,19,6,0,-1,0.00719,1.19578
v2,1.2,19,6,1,0,0.82737,0.16618
v2,1.2,19,6,2,0,0.65285,0.32498
v2,1.2,19,7,0,0,0.57173,0.51542
v2,1.2,19,7,1,0,0.93067,0.05949
v2,1.2,19,7,2,0,0.79374,0.11482
v2,1.2,20,0,0,0,0.85773,0.29396
v2,1.2,20,0,1,0,0.92154,0.13926
v2,1.2,20,0,2,0,0.56247,0.49440
v2,1.2,20,1,0,-1,0.01914,2.53153
v2,1.2,20,1,1,0,0.88219,0.14098
v2,1.2,20,1,2,0,0.47723,0.62430
v2,1.2,20,1,4,1,0.66904,0.54843
v2,1.2,20,2,0,0,0.65757,0.18193
v2,1.2,20,2,1,0,0.55877,0.51265
v2,1.2,20,2,2,-1,0.01942,0.91661
v2,1.2,20,2,4,-1,0.02455,1.23783
v2,1.2,20,3,1,0,0.59338,0.30210
v2,1.2,20,3,4,1,0.87853,0.12523
v2,1.2,20,4,0,-1,0.36295,0.61742
v2,1.2,20,4,1,0,0.89228,0.15017
v2,1.2,20,4,2,0,0.54058,0.52072
v2,1.2,20,4,4,1,0.89134,0.16663
v2,1.2,20,5,0,0,0.56656,0.50664
v2,1.2,20,5,1,0,0.87204,0.15698
v2,1.2,20,5,2,-1,0.01688,1.99255
v2,1.2,20,5,4,1,0.77123,0.23102
v2,1.2,20,6,0,0,0.64508,0.38962
v2,1.2,20,6,1,0,0.53306,0.08447
v2,1.2,20,6,2,0,0.70874,0.31484
v2,1.2,20,6,4,1,0.45341,1.78826
v2,1.2,20,7,0,-1,0.10059,1.43588
v2,1.2,20,7,1,0,0.91374,0.12797
v2,1.2,20,7,2,0,0.66396,0.36216
v2,1.2,20,7,4,1,0.89967,0.16504
v2,1.8,1,0,0,0,0.77273,0.30041
v2,1.8,1,0,1,0,0.83035,0.22950
v2,1.8,1,0,2,0,0.94225,0.08691
v2,1.8,1,0,4,1,0.28367,3.07962
v2,1.8,1,1,0,0,0.78114,0.22402
v2,1.8,1,1,1,0,0.63023,0.22454
v2,1.8,1,1,2,0,0.93776,0.10770
v2,1.8,1,1,4,1,0.79853,0.18197
v2,1.8,1,2,0,0,0.57291,0.35344
v2,1.8,1,2,1,-1,0.01357,2.11878
v2,1.8,1,2,2,0,0.79309,0.20476
v2,1.8,1,2,4,1,0.78111,0.52593
v2,1.8,1,3,0,0,0.78444,0.26271
v2,1.8,1,3,1,0,0.87998,0.09655
v2,1.8,1,3,2,0,0.95760,0.05489
v2,1.8,1,3,4,1,0.85126,0.13969
v2,1.8,1,4,0,0,0.62778,0.38528
v2,1.8,1,4,1,0,0.83528,0.14491
v2,1.8,1,4,2,0,0.94065,0.07757
v2,1.8,1,4,4,1,0.65646,0.43177
v2,1.8,1,5,1,0,0.85943,0.11079
v2,1.8,1,5,2,0,0.82555,0.19134
v2,1.8,1,5,4,1,0.90015,0.07953
v2,1.8,1,6,0,0,0.28271,1.18632
v2,1.8,1,6,1,0,0.89164,0.09860
v2,1.8,1,6,2,0,0.76613,0.13647
v2,1.8,1,6,4,1,0.89306,0.11869
v2,1.8,1,7,0,0,0.74459,0.10408
v2,1.8,1,7,1,0,0.89871,0.11667
v2,1.8,1,7,2,0,0.94057,0.07029
v2,1.8,1,7,4,1,0.89409,0.01553
v2,1.8,2,0,0,0,0.77590,0.10898
v2,1.8,2,0,1,0,0.44960,2.14984
v2,1.8,2,0,2,0,0.87346,0.19538
v2,1.8,2,0,4,1,0.73982,0.13683
v2,1.8,2,1,0,0,0.79600,0.19577
v2,1.8,2,1,1,0,0.59643,0.30250
v2,1.8,2,1,2,-1,0.01552,1.36151
v2,1.8,2,2,0,0,0.87627,0.27381
v2,1.8,2,2,1,0,0.67824,0.36235
v2,1.8,2,2,2,-1,0.03220,0.87749
v2,1.8,2,2,4,1,0.45797,0.42185
v2,1.8,2,3,0,0,0.80373,0.20918
v2,1.8,2,3,1,0,0.92220,0.07843
v2,1.8,2,3,2,0,0.66384,0.12735
v2,1.8,2,3,4,1,0.77706,0.24677
v2,1.8,2,4,0,0,0.79130,0.32529
v2,1.8,2,4,1,0,0.78875,0.20589
v2,1.8,2,4,2,0,0.76380,0.26241
v2,1.8,2,4,4,1,0.92383,0.12496
v2,1.8,2,5,0,0,0.34788,1.51381
v2,1.8,2,5,1,0,0.90672,0.09562
v2,1.8,2,5,2,0,0.76965,0.22642
v2,1.8,2,5,4,1,0.93790,0.08001
v2,1.8,2,6,0,0,0.27134,1.76661
v2,1.8,2,6,1,0,0.23028,1.88935
v2,1.8,2,6,2,0,0.25264,1.78043
v2,1.8,2,6,4,1,0.80424,0.25462
v2,1.8,2,7,0,0,0.45306,0.62640
v2,1.8,2,7,1,0,0.92259,0.07832
v2,1.8,2,7,2,0,0.73020,0.22444
v2,1.8,2,7,4,1,0.91279,0.10678
v2,1.8,3,0,0,-1,0.24346,2.18120
v2,1.8,3,0,1,0,0.94598,0.04427
v2,1.8,3,0,2,0,0.88659,0.07491
v2,1.8,3,0,4,1,0.92997,0.12045
v2,1.8,3,1,0,0,0.78158,0.39764
v2,1.8,3,1,1,0,0.85378,0.14366
v2,1.8,3,1,2,0,0.86956,0.10236
v2,1.8,3,1,4,1,0.89324,0.15161
v2,1.8,3,2,0,0,0.60057,0.70553
v2,1.8,3,2,1,0,0.95573,0.02981
v2,1.8,3,2,2,0,0.89306,0.07807
v2,1.8,3,2,4,1,0.92785,0.12890
v2,1.8,3,3,0,0,0.88711,0.22903
v2,1.8,3,3,1,0,0.77896,0.21870
v2,1.8,3,3,2,0,0.89693,0.08062
v2,1.8,3,3,4,1,0.76768,0.25146
v2,1.8,3,4,0,0,0.29716,1.05874
v2,1.8,3,4,1,0,0.88724,0.10343
v2,1.8,3,4,2,0,0.76741,0.05670
v2,1.8,3,4,4,1,0.91346,0.11993
v2,1.8,3,5,0,0,0.39696,0.72735
v2,1.8,3,5,1,0,0.92133,0.04707
v2,1.8,3,5,2,0,0.88951,0.08151
v2,1.8,3,5,4,1,0.91044,0.14343
v2,1.8,3,6,0,0,0.74076,0.52760
v2,1.8,3,6,1,0,0.89885,0.09031
v2,1.8,3,6,2,0,0.89293,0.08266
v2,1.8,3,6,4,-1,0.01669,2.82422
v2,1.8,3,7,0,0,0.85988,0.10633
v2,1.8,3,7,1,0,0.77093,0.19685
v2,1.8,3,7,2,0,0.89693,0.09795
v2,1.8,3,7,4,1,0.64385,0.39510
v2,1.8,4,0,0,0,0.86576,0.16955
v2,1.8,4,0,1,0,0.86010,0.12560
v2,1.8,4,0,2,-1,0.20415,1.88242
v2,1.8,4,0,4,1,0.79857,0.03789
v2,1.8,4,1,0,0,0.71788,0.22756
v2,1.8,4,1,1,-1,0.03322,0.87496
v2,1.8,4,1,2,0,0.79106,0.22325
v2,1.8,4,1,4,1,0.88979,0.20182
v2,1.8,4,2,0,0,0.83913,0.18629
v2,1.8,4,2,1,0,0.92273,0.11297
v2,1.8,4,2,2,0,0.83285,0.19370
v2,1.8,4,2,4,1,0.24255,2.73585
v2,1.8,4,3,0,0,0.78063,0.23021
v2,1.8,4,3,1,0,0.95979,0.03088
v2,1.8,4,3,2,0,0.40637,0.73445
v2,1.8,4,3,4,1,0.88678,0.21118
v2,1.8,4,4,0,0,0.53608,0.09889
v2,1.8,4,4,1,0,0.83360,0.15052
v2,1.8,4,4,2,0,0.81334,0.10017
v2,1.8,4,4,4,-1,0.00928,2.74915
v2,1.8,4,5,0,0,0.83398,0.17943
v2,1.8,4,5,1,0,0.47299,0.69719
v2,1.8,4,5,2,-1,0.43069,1.26925
v2,1.8,4,5,4,1,0.88979,0.20695
v2,1.8,4,6,0,0,0.37034,1.85755
v2,1.8,4,6,1,0,0.93889,0.01056
v2,1.8,4,6,2,0,0.71280,0.18670
v2,1.8,4,6,4,1,0.88979,0.20640
v2,1.8,4,7,0,0,0.47227,0.61778
v2,1.8,4,7,1,0,0.86304,0.12655
v2,1.8,4,7,2,0,0.93357,0.05896
v2,1.8,4,7,4,-1,0.00522,2.79148
v2,1.8,5,0,0,0,0.79812,0.27697
v2,1.8,5,0,1,0,0.84127,0.20799
v2,1.8,5,0,2,0,0.51570,0.57351
v2,1.8,5,0,4,1,0.91997,0.12614
v2,1.8,5,1,0,0,0.85646,0.24254
v2,1.8,5,1,1,0,0.83514,0.19744
v2,1.8,5,1,2,0,0.94342,0.04925
v2,1.8,5,1,4,1,0.86393,0.16592
v2,1.8,5,2,0,0,0.88431,0.22187
v2,1.8,5,2,1,0,0.84946,0.06451
v2,1.8,5,2,2,0,0.75527,0.26872
v2,1.8,5,2,4,1,0.19628,2.85023
v2,1.8,5,3,0,0,0.71230,0.29505
v2,1.8,5,3,1,0,0.71242,0.30967
v2,1.8,5,3,2,0,0.71420,0.07132
v2,1.8,5,3,4,1,0.74521,0.40190
v2,1.8,5,4,0,0,0.71136,0.29536
v2,1.8,5,4,1,0,0.66229,0.33860
v2,1.8,5,4,2,0,0.84828,0.11930
v2,1.8,5,4,4,1,0.62154,1.25480
v2,1.8,5,5,0,0,0.71186,0.29046
v2,1.8,5,5,1,0,0.51511,0.51827
v2,1.8,5,5,2,0,0.27183,1.77246
v2,1.8,5,5,4,1,0.86110,0.13596
v2,1.8,5,6,0,0,0.48950,0.33399
v2,1.8,5,6,1,0,0.76752,0.19098
v2,1.8,5,6,2,0,0.58865,0.44892
v2,1.8,5,6,4,1,0.93981,0.07556
v2,1.8,5,7,0,0,0.56702,0.24987
v2,1.8,5,7,1,0,0.87141,0.19130
v2,1.8,5,7,2,0,0.53016,0.53341
v2,1.8,5,7,4,1,0.82009,0.20830
v2,1.8,6,0,0,0,0.80716,0.23504
v2,1.8,6,0,1,0,0.79174,0.50268
v2,1.8,6,0,2,0,0.95654,0.03410
v2,1.8,6,0,4,1,0.78620,0.27386
v2,1.8,6,1,0,0,0.30827,1.25956
v2,1.8,6,1,1,0,0.89254,0.11601
v2,1.8,6,1,2,0,0.96404,0.03247
v2,1.8,6,2,0,0,0.60493,0.41291
v2,1.8,6,2,1,0,0.87455,0.28132
v2,1.8,6,2,2,0,0.95755,0.04154
v2,1.8,6,2,4,1,0.67375,0.39021
v2,1.8,6,3,0,0,0.50397,0.54884
v2,1.8,6,3,1,0,0.73981,0.34268
v2,1.8,6,3,2,0,0.95585,0.03831
v2,1.8,6,3,4,1,0.52254,1.05042
v2,1.8,6,4,0,1,0.22327,2.99214
v2,1.8,6,4,1,0,0.53367,0.59406
v2,1.8,6,4,2,0,0.26961,1.59345
v2,1.8,6,4,4,1,0.88789,0.15868
v2,1.8,6,5,0,0,0.89154,0.13103
v2,1.8,6,5,1,0,0.85664,0.30026
v2,1.8,6,5,2,0,0.90492,0.05971
v2,1.8,6,5,4,1,0.82927,0.17586
v2,1.8,6,6,0,0,0.72151,0.27988
v2,1.8,6,6,1,0,0.77052,0.21537
v2,1.8,6,6,2,0,0.93787,0.05388
v2,1.8,6,6,4,1,0.78066,0.16350
v2,1.8,6,7,0,0,0.83601,0.28305
v2,1.8,6,7,1,0,0.47861,0.42178
v2,1.8,6,7,2,0,0.95442,0.04414
v2,1.8,6,7,4,1,0.62973,0.30400
v2,1.8,7,0,0,0,0.88808,0.09246
v2,1.8,7,0,1,0,0.94576,0.05762
v2,1.8,7,0,2,0,0.74695,0.24026
v2,1.8,7,0,4,0,0.54315,1.11538
v2,1.8,7,1,0,0,0.64266,0.10030
v2,1.8,7,1,1,0,0.91563,0.05466
v2,1.8,7,1,2,0,0.37461,0.68176
v2,1.8,7,1,4,1,0.92563,0.07698
v2,1.8,7,2,0,0,0.39470,0.76488
v2,1.8,7,2,1,1,0.64767,0.78967
v2,1.8,7,2,2,0,0.90249,0.07613
v2,1.8,7,2,4,1,0.91022,0.22890
v2,1.8,7,3,0,0,0.88809,0.18706
v2,1.8,7,3,1,0,0.69089,0.29633
v2,1.8,7,3,2,0,0.90470,0.07372
v2,1.8,7,3,4,1,0.36506,1.41275
v2,1.8,7,4,0,0,0.81949,0.23639
v2,1.8,7,4,1,0,0.34967,0.83566
v2,1.8,7,5,0,0,0.90425,0.09622
v2,1.8,7,5,1,0,0.92029,0.05360
v2,1.8,7,5,2,0,0.82088,0.16140
v2,1.8,7,5,4,1,0.89089,0.16285
v2,1.8,7,6,0,0,0.73127,0.22907
v2,1.8,7,6,1,0,0.94524,0.03723
v2,1.8,7,6,2,0,0.70868,0.27724
v2,1.8,7,6,4,1,0.91714,0.08509
v2,1.8,7,7,0,-1,0.50886,0.44391
v2,1.8,7,7,1,0,0.80092,0.21229
v2,1.8,7,7,2,0,0.75639,0.22764
v2,1.8,7,7,4,1,0.80342,0.28774
v2,1.8,8,0,0,0,0.61939,0.07671
v2,1.8,8,0,1,0,0.78603,0.20518
v2,1.8,8,0,2,0,0.88670,0.08940
v2,1.8,8,0,4,1,0.42883,2.22013
v2,1.8,8,1,0,0,0.44027,0.56602
v2,1.8,8,1,1,0,0.84910,0.12119
v2,1.8,8,1,2,0,0.75409,0.23179
v2,1.8,8,1,4,1,0.37965,2.12982
v2,1.8,8,2,0,0,0.89352,0.05655
v2,1.8,8,2,1,0,0.39368,0.72939
v2,1.8,8,2,2,0,0.92757,0.05409
v2,1.8,8,2,4,1,0.87992,0.13852
v2,1.8,8,3,0,0,0.89225,0.21562
v2,1.8,8,3,1,0,0.92939,0.03179
v2,1.8,8,3,2,0,0.79631,0.20641
v2,1.8,8,3,4,1,0.55462,0.75483
v2,1.8,8,4,0,0,0.90498,0.08986
v2,1.8,8,4,1,0,0.92939,0.01957
v2,1.8,8,4,2,0,0.32176,0.83526
v2,1.8,8,4,4,1,0.64787,1.11185
v2,1.8,8,5,0,0,0.89363,0.08494
v2,1.8,8,5,1,0,0.92939,0.01650
v2,1.8,8,5,2,0,0.96333,0.01461
v2,1.8,8,5,4,1,0.89180,0.17817
v2,1.8,8,6,0,0,0.84947,0.09246
v2,1.8,8,6,1,0,0.26006,1.93175
v2,1.8,8,6,2,0,0.94956,0.03980
v2,1.8,8,6,4,1,0.93919,0.06983
v2,1.8,8,7,0,0,0.92756,0.07528
v2,1.8,8,7,1,0,0.92847,0.02079
v2,1.8,8,7,2,0,0.85989,0.08559
v2,1.8,8,7,4,1,0.88479,0.17390
v2,1.8,9,0,0,0,0.93080,0.06338
v2,1.8,9,0,1,0,0.70142,0.18917
v2,1.8,9,0,2,0,0.87719,0.13295
v2,1.8,9,0,4,1,0.73349,0.28652
v2,1.8,9,1,0,0,0.66504,0.15733
v2,1.8,9,1,1,0,0.73184,0.18235
v2,1.8,9,1,2,-1,0.15765,1.74340
v2,1.8,9,2,0,0,0.83623,0.14737
v2,1.8,9,2,1,0,0.24080,1.26544
v2,1.8,9,2,2,-1,0.00418,2.11798
v2,1.8,9,2,4,1,0.33338,2.25477
v2,1.8,9,3,0,0,0.41289,0.53047
v2,1.8,9,3,1,0,0.53213,0.34563
v2,1.8,9,3,2,0,0.58519,0.41194
v2,1.8,9,3,4,1,0.22468,2.61043
v2,1.8,9,4,0,0,0.81718,0.42056
v2,1.8,9,4,1,0,0.67300,0.28382
v2,1.8,9,4,2,0,0.85974,0.14368
v2,1.8,9,4,4,1,0.31244,2.32223
v2,1.8,9,5,0,0,0.91227,0.08041
v2,1.8,9,5,1,0,0.27792,3.01450
v2,1.8,9,5,2,0,0.87719,0.15017
v2,1.8,9,5,4,1,0.72299,0.30111
v2,1.8,9,6,0,0,0.94152,0.05318
v2,1.8,9,6,1,0,0.77152,0.26277
v2,1.8,9,6,2,0,0.87719,0.12629
v2,1.8,9,6,4,1,0.58040,0.51787
v2,1.8,9,7,0,0,0.90345,0.09131
v2,1.8,9,7,1,-1,0.08827,1.84517
v2,1.8,9,7,2,0,0.87719,0.11383
v2,1.8,9,7,4,1,0.91973,0.07692
v2,1.8,10,0,0,0,0.51343,0.41415
v2,1.8,10,0,1,0,0.94686,0.03868
v2,1.8,10,0,2,0,0.91185,0.03837
v2,1.8,10,0,4,1,0.89566,0.13889
v2,1.8,10,1,0,0,0.72224,0.12596
v2,1.8,10,1,1,0,0.79265,0.19485
v2,1.8,10,1,2,0,0.91305,0.10553
v2,1.8,10,1,4,1,0.72905,0.10978
v2,1.8,10,2,0,0,0.96130,0.05650
v2,1.8,10,2,1,0,0.54146,0.17234
v2,1.8,10,2,2,0,0.91305,0.08867
v2,1.8,10,2,4,-1,0.00803,3.17168
v2,1.8,10,3,0,0,0.88071,0.19461
v2,1.8,10,3,1,0,0.70315,0.36455
v2,1.8,10,3,2,0,0.22395,1.59677
v2,1.8,10,3,4,1,0.89314,0.13842
v2,1.8,10,4,0,0,0.37755,0.81838
v2,1.8,10,4,1,0,0.94822,0.03795
v2,1.8,10,4,2,0,0.91305,0.11359
v2,1.8,10,4,4,1,0.71195,0.33482
v2,1.8,10,5,0,0,0.95040,0.05508
v2,1.8,10,5,1,0,0.69659,0.16845
v2,1.8,10,5,2,0,0.91305,0.09946
v2,1.8,10,6,0,0,0.61333,0.44420
v2,1.8,10,6,1,0,0.65271,0.36482
v2,1.8,10,6,2,0,0.88699,0.16763
v2,1.8,10,6,4,-1,0.00392,3.10219
v2,1.8,10,7,0,0,0.82937,0.15734
v2,1.8,10,7,1,0,0.79716,0.19235
v2,1.8,10,7,2,0,0.86027,0.13128
v2,1.8,10,7,4,1,0.80031,0.24713
v2,1.8,11,0,0,0,0.63370,0.31070
v2,1.8,11,0,1,0,0.60411,0.38098
v2,1.8,11,0,2,0,0.84029,0.19969
v2,1.8,11,0,4,-1,0.01581,3.26779
v2,1.8,11,1,0,0,0.51292,0.60572
v2,1.8,11,1,1,0,0.51085,0.55661
v2,1.8,11,1,2,0,0.89063,0.10579
v2,1.8,11,1,4,1,0.91575,0.15197
v2,1.8,11,2,0,0,0.77432,0.40356
v2,1.8,11,2,1,0,0.88704,0.17950
v2,1.8,11,2,2,0,0.69991,0.30883
v2,1.8,11,2,4,1,0.92767,0.11194
v2,1.8,11,3,0,0,0.72791,0.19363
v2,1.8,11,3,1,0,0.85190,0.15914
v2,1.8,11,3,2,0,0.66566,0.35380
v2,1.8,11,3,4,1,0.83768,0.42856
v2,1.8,11,4,0,0,0.76215,0.22188
v2,1.8,11,4,1,0,0.86184,0.17538
v2,1.8,11,4,2,0,0.75673,0.26161
v2,1.8,11,4,4,1,0.79389,0.21427
v2,1.8,11,5,0,0,0.73229,0.17761
v2,1.8,11,5,1,0,0.47330,0.60132
v2,1.8,11,5,4,1,0.77013,0.28626
v2,1.8,11,6,0,0,0.66190,0.22739
v2,1.8,11,6,1,0,0.74069,0.27172
v2,1.8,11,6,2,0,0.77736,0.24789
v2,1.8,11,6,4,1,0.90802,0.14963
v2,1.8,11,7,0,0,0.86642,0.28200
v2,1.8,11,7,1,0,0.80716,0.20599
v2,1.8,11,7,2,0,0.86835,0.12750
v2,1.8,11,7,4,1,0.84140,0.20147
v2,1.8,12,0,0,0,0.55071,0.40994
v2,1.8,12,0,1,0,0.86395,0.28171
v2,1.8,12,0,2,0,0.86239,0.16386
v2,1.8,12,1,1,0,0.87934,0.08957
v2,1.8,12,1,2,0,0.46609,0.62968
v2,1.8,12,1,4,1,0.75964,0.26899
v2,1.8,12,2,0,0,0.77942,0.11066
v2,1.8,12,2,1,0,0.87730,0.09451
v2,1.8,12,2,2,0,0.62482,0.37835
v2,1.8,12,2,4,1,0.79158,0.22633
v2,1.8,12,3,0,0,0.85825,0.25489
v2,1.8,12,3,1,0,0.93913,0.02428
v2,1.8,12,3,2,0,0.75128,0.22744
v2,1.8,12,3,4,1,0.49171,1.29557
v2,1.8,12,4,0,0,0.73969,0.25706
v2,1.8,12,4,1,0,0.85545,0.11794
v2,1.8,12,4,2,-1,0.41724,1.18401
v2,1.8,12,4,4,1,0.61855,0.72276
v2,1.8,12,5,0,0,0.50102,0.44030
v2,1.8,12,5,1,0,0.92304,0.05385
v2,1.8,12,5,2,0,0.51552,0.03937
v2,1.8,12,5,4,1,0.90960,0.11995
v2,1.8,12,6,0,0,0.72791,0.15305
v2,1.8,12,6,1,0,0.59867,0.44112
v2,1.8,12,6,2,0,0.86728,0.15222
v2,1.8,12,7,0,0,0.69891,0.09907
v2,1.8,12,7,1,0,0.77451,0.22203
v2,1.8,12,7,2,0,0.83482,0.15583
v2,1.8,13,0,0,0,0.89127,0.24821
v2,1.8,13,0,1,0,0.84999,0.13382
v2,1.8,13,0,2,0,0.91410,0.08412
v2,1.8,13,0,4,1,0.91779,0.08074
v2,1.8,13,1,0,0,0.61666,0.41634
v2,1.8,13,1,1,0,0.90055,0.18561
v2,1.8,13,1,2,0,0.91600,0.07798
v2,1.8,13,1,4,1,0.94157,0.12323
v2,1.8,13,2,0,0,0.88422,0.10750
v2,1.8,13,2,1,0,0.91861,0.18219
v2,1.8,13,2,2,0,0.88765,0.08791
v2,1.8,13,2,4,1,0.58286,1.45665
v2,1.8,13,3,0,0,0.89285,0.15515
v2,1.8,13,3,1,0,0.95219,0.08336
v2,1.8,13,3,2,0,0.92341,0.06810
v2,1.8,13,3,4,-1,0.02923,1.11520
v2,1.8,13,4,0,0,0.87712,0.10697
v2,1.8,13,4,1,0,0.88787,0.17857
v2,1.8,13,4,2,0,0.90949,0.07356
v2,1.8,13,4,4,1,0.94144,0.11972
v2,1.8,13,5,0,0,0.67640,0.39622
v2,1.8,13,5,1,0,0.91380,0.19477
v2,1.8,13,5,2,0,0.78847,0.20471
v2,1.8,13,5,4,1,0.93561,0.14269
v2,1.8,13,6,0,0,0.57752,0.19848
v2,1.8,13,6,1,0,0.93557,0.12429
v2,1.8,13,6,2,0,0.91177,0.08704
v2,1.8,13,6,4,-1,0.03230,1.15581
v2,1.8,13,7,0,0,0.80667,0.20424
v2,1.8,13,7,1,0,0.79615,0.15160
v2,1.8,13,7,2,0,0.93542,0.07387
v2,1.8,13,7,4,1,0.62316,0.46900
v2,1.8,14,0,0,0,0.18217,1.60646
v2,1.8,14,0,1,0,0.87500,0.13388
v2,1.8,14,0,2,0,0.85985,0.29152
v2,1.8,14,0,4,1,0.96311,0.06594
v2,1.8,14,1,0,0,0.93449,0.06454
v2,1.8,14,1,1,0,0.79336,0.14387
v2,1.8,14,1,2,0,0.92997,0.04969
v2,1.8,14,1,4,1,0.30546,1.39557
v2,1.8,14,2,0,0,0.85238,0.33526
v2,1.8,14,2,1,0,0.70928,0.29815
v2,1.8,14,2,2,0,0.96311,0.01672
v2,1.8,14,2,4,-1,0.00394,3.03159
v2,1.8,14,3,0,0,0.83057,0.17865
v2,1.8,14,3,1,0,0.74119,0.08460
v2,1.8,14,3,2,0,0.92175,0.05810
v2,1.8,14,3,4,1,0.30864,1.34145
v2,1.8,14,4,0,0,0.66017,0.44531
v2,1.8,14,4,1,0,0.79931,0.06401
v2,1.8,14,4,2,0,0.95386,0.00685
v2,1.8,14,4,4,1,0.80147,0.22058
v2,1.8,14,5,0,0,0.93175,0.15323
v2,1.8,14,5,1,0,0.71802,0.29865
v2,1.8,14,5,2,0,0.95920,0.01001
v2,1.8,14,6,0,0,0.48443,0.37334
v2,1.8,14,6,1,0,0.65336,0.35456
v2,1.8,14,6,2,0,0.94742,0.02563
v2,1.8,14,6,4,-1,0.00812,3.02086
v2,1.8,14,7,0,0,0.36736,0.96243
v2,1.8,14,7,1,0,0.87151,0.13360
v2,1.8,14,7,2,0,0.69013,0.17568
v2,1.8,14,7,4,1,0.97248,0.03725
v2,1.8,15,0,1,0,0.95789,0.01644
v2,1.8,15,0,2,0,0.67636,0.51646
v2,1.8,15,0,4,1,0.86732,0.18929
v2,1.8,15,1,0,-1,0.15964,1.93870
v2,1.8,15,1,1,0,0.54677,0.44803
v2,1.8,15,1,2,0,0.85470,0.13155
v2,1.8,15,1,4,-1,0.29158,0.76495
v2,1.8,15,2,0,0,0.83022,0.16119
v2,1.8,15,2,1,0,0.46934,0.80462
v2,1.8,15,2,2,0,0.91390,0.11041
v2,1.8,15,2,4,0,0.42445,0.55511
v2,1.8,15,3,0,0,0.70221,0.29451
v2,1.8,15,3,1,-1,0.58108,0.78173
v2,1.8,15,3,2,0,0.88569,0.16941
v2,1.8,15,3,4,1,0.90034,0.17444
v2,1.8,15,4,0,0,0.86023,0.12858
v2,1.8,15,4,1,0,0.86452,0.12425
v2,1.8,15,4,2,0,0.80365,0.19925
v2,1.8,15,4,4,1,0.50146,0.60864
v2,1.8,15,5,0,0,0.50153,1.23524
v2,1.8,15,5,1,0,0.93572,0.06298
v2,1.8,15,5,2,0,0.84347,0.29914
v2,1.8,15,5,4,1,0.89455,0.18544
v2,1.8,15,6,0,0,0.85765,0.04442
v2,1.8,15,6,1,0,0.67169,0.33087
v2,1.8,15,6,4,-1,0.00748,2.88959
v2,1.8,15,7,1,0,0.94507,0.04822
v2,1.8,15,7,2,0,0.88066,0.18526
v2,1.8,15,7,4,1,0.90034,0.19036
v2,1.8,16,0,0,0,0.74826,0.11110
v2,1.8,16,0,1,0,0.79835,0.13444
v2,1.8,16,0,2,0,0.62935,0.26162
v2,1.8,16,1,0,0,0.47174,1.20443
v2,1.8,16,1,1,0,0.84906,0.13895
v2,1.8,16,1,2,0,0.58343,0.43659
v2,1.8,16,1,4,1,0.62322,0.92117
v2,1.8,16,2,0,0,0.49588,0.12163
v2,1.8,16,2,1,0,0.54817,0.51327
v2,1.8,16,2,2,0,0.83108,0.25365
v2,1.8,16,2,4,1,0.83483,0.18708
v2,1.8,16,3,0,0,0.46902,1.43691
v2,1.8,16,3,1,0,0.95127,0.04897
v2,1.8,16,3,2,0,0.68240,0.10558
v2,1.8,16,3,4,1,0.73391,0.29133
v2,1.8,16,4,0,0,0.84778,0.05894
v2,1.8,16,4,1,0,0.81763,0.16628
v2,1.8,16,4,2,0,0.90578,0.12533
v2,1.8,16,4,4,0,0.47562,0.47257
v2,1.8,16,5,0,0,0.87222,0.02804
v2,1.8,16,5,1,0,0.93971,0.05445
v2,1.8,16,5,2,0,0.78529,0.14976
v2,1.8,16,5,4,1,0.20719,2.65927
v2,1.8,16,6,0,0,0.40842,1.51438
v2,1.8,16,6,1,0,0.96150,0.02712
v2,1.8,16,6,2,0,0.48538,0.58647
v2,1.8,16,6,4,1,0.66226,0.39077
v2,1.8,16,7,0,0,0.58821,0.43479
v2,1.8,16,7,1,0,0.74943,0.24937
v2,1.8,16,7,2,0,0.85257,0.23827
v2,1.8,16,7,4,1,0.90525,0.13886
v2,1.8,17,0,0,0,0.79133,0.10297
v2,1.8,17,0,1,0,0.56517,0.47013
v2,1.8,17,0,2,-1,0.03288,0.85260
v2,1.8,17,0,4,0,0.65003,0.93534
v2,1.8,17,1,0,0,0.83763,0.23389
v2,1.8,17,1,1,0,0.64929,0.07928
v2,1.8,17,1,2,0,0.93954,0.01360
v2,1.8,17,1,4,1,0.60074,0.60614
v2,1.8,17,2,0,0,0.70031,0.30804
v2,1.8,17,2,1,0,0.72236,0.29526
v2,1.8,17,2,2,0,0.67521,0.33593
v2,1.8,17,2,4,-1,0.00876,3.11501
v2,1.8,17,3,0,0,0.50408,0.56525
v2,1.8,17,3,1,0,0.92751,0.05132
v2,1.8,17,3,2,0,0.36713,0.78750
v2,1.8,17,3,4,-1,0.08769,2.86797
v2,1.8,17,4,0,0,0.88085,0.10770
v2,1.8,17,4,1,0,0.54454,0.18201
v2,1.8,17,4,2,0,0.93416,0.03585
v2,1.8,17,4,4,0,0.65346,0.93915
v2,1.8,17,5,0,0,0.77239,0.20678
v2,1.8,17,5,1,0,0.85816,0.12638
v2,1.8,17,5,2,0,0.66314,0.35282
v2,1.8,17,5,4,-1,0.01844,3.08284
v2,1.8,17,6,0,0,0.68616,0.31517
v2,1.8,17,6,1,0,0.68112,0.07430
v2,1.8,17,6,2,-1,0.03169,0.85100
v2,1.8,17,6,4,1,0.73173,0.32646
v2,1.8,17,7,0,0,0.58801,0.28344
v2,1.8,17,7,1,0,0.77238,0.24203
v2,1.8,17,7,2,0,0.94185,0.02187
v2,1.8,17,7,4,1,0.90651,0.17221
v2,1.8,18,0,0,0,0.75157,0.27728
v2,1.8,18,0,1,0,0.89325,0.12286
v2,1.8,18,0,2,0,0.85036,0.13661
v2,1.8,18,0,4,1,0.47433,0.78389
v2,1.8,18,1,0,0,0.72478,0.14988
v2,1.8,18,1,1,0,0.62146,0.35907
v2,1.8,18,1,2,0,0.93215,0.09405
v2,1.8,18,1,4,1,0.71261,0.29074
v2,1.8,18,2,0,0,0.93050,0.08694
v2,1.8,18,2,1,0,0.92051,0.11018
v2,1.8,18,2,2,0,0.93760,0.08625
v2,1.8,18,2,4,1,0.93231,0.08020
v2,1.8,18,3,0,0,0.29841,1.59304
v2,1.8,18,3,1,0,0.91026,0.10648
v2,1.8,18,3,2,0,0.60781,0.35963
v2,1.8,18,3,4,1,0.54374,0.78988
v2,1.8,18,4,0,0,0.64024,0.16932
v2,1.8,18,4,1,0,0.71807,0.25026
v2,1.8,18,4,2,0,0.93648,0.08896
v2,1.8,18,4,4,1,0.76523,0.34773
v2,1.8,18,5,0,0,0.53455,0.16806
v2,1.8,18,5,1,0,0.88281,0.12140
v2,1.8,18,5,2,0,0.83155,0.16454
v2,1.8,18,5,4,1,0.52220,1.68085
v2,1.8,18,6,0,0,0.53740,0.69743
v2,1.8,18,6,1,0,0.79599,0.19134
v2,1.8,18,6,2,0,0.70773,0.16139
v2,1.8,18,6,4,1,0.54143,0.66921
v2,1.8,18,7,0,0,0.75272,0.19955
v2,1.8,18,7,1,0,0.92454,0.08302
v2,1.8,18,7,2,0,0.93581,0.08092
v2,1.8,18,7,4,0,0.51886,0.93122
v2,1.8,19,0,0,0,0.73971,0.13762
v2,1.8,19,0,1,0,0.57301,0.48372
v2,1.8,19,0,2,0,0.55779,0.74699
v2,1.8,19,1,0,0,0.81705,0.09838
v2,1.8,19,1,1,0,0.22821,2.39417
v2,1.8,19,1,2,0,0.27348,1.68307
v2,1.8,19,2,0,0,0.57413,0.47360
v2,1.8,19,2,1,0,0.67896,0.35726
v2,1.8,19,2,2,0,0.79067,0.27211
v2,1.8,19,2,4,1,0.21007,2.81095
v2,1.8,19,3,0,0,0.79788,0.19925
v2,1.8,19,3,1,1,0.24312,1.87907
v2,1.8,19,3,2,0,0.82442,0.23729
v2,1.8,19,3,4,-1,0.22191,1.00076
v2,1.8,19,4,0,0,0.69903,0.29989
v2,1.8,19,4,1,0,0.69030,0.29750
v2,1.8,19,4,2,0,0.80972,0.25002
v2,1.8,19,4,4,1,0.83841,0.32158
v2,1.8,19,5,0,0,0.71447,0.56466
v2,1.8,19,5,1,0,0.49343,0.57390
v2,1.8,19,5,2,0,0.81507,0.25935
v2,1.8,19,5,4,1,0.92867,0.05987
v2,1.8,19,6,0,0,0.50527,0.79545
v2,1.8,19,6,1,0,0.94619,0.01442
v2,1.8,19,6,2,0,0.67045,0.31667
v2,1.8,19,6,4,1,0.89719,0.19576
v2,1.8,19,7,0,0,0.23484,1.99859
v2,1.8,19,7,1,0,0.93081,0.05941
v2,1.8,19,7,2,0,0.63784,0.32269
v2,1.8,19,7,4,1,0.90252,0.19743
v2,1.8,20,0,0,0,0.85971,0.28842
v2,1.8,20,0,1,0,0.90400,0.14145
v2,1.8,20,0,2,0,0.71653,0.25417
v2,1.8,20,0,4,1,0.89660,0.16218
v2,1.8,20,1,0,-1,0.54789,1.09792
v2,1.8,20,1,1,0,0.86096,0.15966
v2,1.8,20,1,2,0,0.31730,0.96929
v2,1.8,20,1,4,1,0.89150,0.17002
v2,1.8,20,2,0,0,0.64160,0.19126
v2,1.8,20,2,1,0,0.95436,0.02937
v2,1.8,20,2,2,0,0.80219,0.34029
v2,1.8,20,2,4,1,0.74855,0.28534
v2,1.8,20,3,1,0,0.92184,0.12252
v2,1.8,20,3,2,0,0.84782,0.24422
v2,1.8,20,3,4,1,0.89251,0.10218
v2,1.8,20,4,0,0,0.92010,0.14643
v2,1.8,20,4,1,0,0.89228,0.15017
v2,1.8,20,4,2,0,0.53890,0.48301
v2,1.8,20,4,4,1,0.93288,0.06784
v2,1.8,20,5,0,0,0.77096,0.19079
v2,1.8,20,5,1,0,0.90350,0.14307
v2,1.8,20,5,2,-1,0.07813,0.92004
v2,1.8,20,5,4,1,0.78382,0.21533
v2,1.8,20,6,0,0,0.65190,0.38048
v2,1.8,20,6,1,0,0.79651,0.27443
v2,1.8,20,6,2,0,0.75463,0.27332
v2,1.8,20,6,4,1,0.40448,1.81215
v2,1.8,20,7,0,-1,0.40440,2.11911
v2,1.8,20,7,1,0,0.91694,0.12716
v2,1.8,20,7,2,0,0.60520,0.50254
v2,1.8,20,7,4,1,0.87818,0.17181
v2,2.5,1,0,0,0,0.91113,0.09908
v2,2.5,1,0,1,0,0.82195,0.25260
v2,2.5,1,0,2,0,0.86491,0.29671
v2,2.5,1,0,4,1,0.72666,0.31189
v2,2.5,1,1,0,0,0.93724,0.02029
v2,2.5,1,1,1,0,0.71775,0.27933
v2,2.5,1,1,2,0,0.94062,0.10072
v2,2.5,1,1,4,1,0.43442,0.06603
v2,2.5,1,2,0,0,0.72361,0.08530
v2,2.5,1,2,1,0,0.87689,0.09284
v2,2.5,1,2,2,0,0.80491,0.17586
v2,2.5,1,2,4,1,0.89372,0.08387
v2,2.5,1,3,0,0,0.94157,0.01487
v2,2.5,1,3,1,-1,0.74411,0.49398
v2,2.5,1,3,2,0,0.95474,0.05804
v2,2.5,1,3,4,1,0.82456,0.18018
v2,2.5,1,4,0,0,0.75718,0.22413
v2,2.5,1,4,1,-1,0.91081,0.12916
v2,2.5,1,4,2,0,0.93606,0.08820
v2,2.5,1,4,4,1,0.69568,0.22780
v2,2.5,1,5,0,0,0.77544,0.23091
v2,2.5,1,5,1,0,0.86465,0.10620
v2,2.5,1,5,2,0,0.96169,0.02002
v2,2.5,1,5,4,1,0.87667,0.10558
v2,2.5,1,6,0,0,0.87579,0.08495
v2,2.5,1,6,1,0,0.89164,0.09042
v2,2.5,1,6,2,0,0.91568,0.05752
v2,2.5,1,6,4,1,0.88900,0.10942
v2,2.5,1,7,0,0,0.83867,0.05221
v2,2.5,1,7,1,0,0.89810,0.13204
v2,2.5,1,7,2,0,0.77423,0.21452
v2,2.5,1,7,4,1,0.72262,0.32171
v2,2.5,2,0,0,0,0.76821,0.31786
v2,2.5,2,0,1,0,0.44159,2.56115
v2,2.5,2,0,2,0,0.68554,0.32519
v2,2.5,2,0,4,1,0.60237,0.46290
v2,2.5,2,1,0,0,0.94578,0.02244
v2,2.5,2,1,1,0,0.55273,0.41361
v2,2.5,2,1,2,0,0.87510,0.04211
v2,2.5,2,1,4,1,0.94480,0.09495
v2,2.5,2,2,0,0,0.62841,0.49485
v2,2.5,2,2,1,0,0.92353,0.06970
v2,2.5,2,2,2,0,0.87067,0.18805
v2,2.5,2,2,4,1,0.43537,0.39771
v2,2.5,2,3,0,0,0.79445,0.19172
v2,2.5,2,3,1,0,0.92457,0.07694
v2,2.5,2,3,2,0,0.77391,0.22428
v2,2.5,2,3,4,1,0.85790,0.15933
v2,2.5,2,4,0,0,0.87271,0.27839
v2,2.5,2,4,1,0,0.93081,0.07654
v2,2.5,2,4,2,0,0.87006,0.18264
v2,2.5,2,4,4,1,0.92270,0.12869
v2,2.5,2,5,0,0,0.65030,0.53232
v2,2.5,2,5,1,0,0.90672,0.09333
v2,2.5,2,5,2,0,0.69174,0.06519
v2,2.5,2,5,4,1,0.93810,0.07955
v2,2.5,2,6,0,0,0.22426,2.49652
v2,2.5,2,6,1,0,0.17534,2.54579
v2,2.5,2,6,2,0,0.63359,0.33680
v2,2.5,2,6,4,1,0.85825,0.17641
v2,2.5,2,7,0,0,0.19557,2.12086
v2,2.5,2,7,1,0,0.92180,0.07879
v2,2.5,2,7,2,0,0.72812,0.04149
v2,2.5,2,7,4,1,0.93801,0.11064
v2,2.5,3,0,0,0,0.21972,2.03678
v2,2.5,3,0,1,0,0.93965,0.04966
v2,2.5,3,0,2,0,0.89693,0.06367
v2,2.5,3,0,4,1,0.77528,0.21145
v2,2.5,3,1,0,0,0.88413,0.23427
v2,2.5,3,1,1,0,0.88622,0.10554
v2,2.5,3,1,2,-1,0.01070,2.12771
v2,2.5,3,1,4,1,0.91644,0.12943
v2,2.5,3,2,0,0,0.74212,0.27850
v2,2.5,3,2,1,0,0.95793,0.03461
v2,2.5,3,2,2,-1,0.42165,1.23991
v2,2.5,3,2,4,1,0.92414,0.12905
v2,2.5,3,3,0,0,0.97441,0.00558
v2,2.5,3,3,1,0,0.81159,0.19691
v2,2.5,3,3,2,0,0.89693,0.08229
v2,2.5,3,3,4,1,0.82749,0.18533
v2,2.5,3,4,0,0,0.77925,0.17373
v2,2.5,3,4,1,0,0.93945,0.01907
v2,2.5,3,4,2,0,0.51737,0.48809
v2,2.5,3,4,4,1,0.91309,0.12004
v2,2.5,3,5,0,0,0.44144,0.39562
v2,2.5,3,5,1,0,0.95746,0.01403
v2,2.5,3,5,2,-1,0.21862,1.67984
v2,2.5,3,5,4,1,0.91044,0.13810
v2,2.5,3,6,0,0,0.35028,1.42418
v2,2.5,3,6,1,0,0.92746,0.05365
v2,2.5,3,6,2,-1,0.01398,2.11639
v2,2.5,3,6,4,1,0.92267,0.14977
v2,2.5,3,7,0,0,0.81827,0.14692
v2,2.5,3,7,1,0,0.91409,0.06992
v2,2.5,3,7,2,0,0.89693,0.09523
v2,2.5,3,7,4,1,0.64490,0.38234
v2,2.5,4,0,0,0,0.74373,0.23913
v2,2.5,4,0,2,-1,0.20423,1.88124
v2,2.5,4,0,4,1,0.74037,0.07803
v2,2.5,4,1,0,0,0.88618,0.02921
v2,2.5,4,1,1,0,0.92744,0.05639
v2,2.5,4,1,2,0,0.82626,0.19312
v2,2.5,4,1,4,1,0.88979,0.19130
v2,2.5,4,2,0,0,0.88938,0.16777
v2,2.5,4,2,1,0,0.92015,0.11668
v2,2.5,4,2,2,0,0.83372,0.19066
v2,2.5,4,2,4,1,0.81378,0.23327
v2,2.5,4,3,0,0,0.23704,2.74538
v2,2.5,4,3,1,0,0.96008,0.02900
v2,2.5,4,3,2,0,0.59976,0.49477
v2,2.5,4,3,4,1,0.88847,0.20845
v2,2.5,4,4,0,0,0.60504,0.52190
v2,2.5,4,4,1,0,0.60559,0.60060
v2,2.5,4,4,2,0,0.88882,0.18738
v2,2.5,4,4,4,1,0.88979,0.19966
v2,2.5,4,5,0,0,0.77173,0.22138
v2,2.5,4,5,1,-1,0.41813,0.52127
v2,2.5,4,5,2,0,0.91560,0.14201
v2,2.5,4,5,4,-1,0.51134,0.73603
v2,2.5,4,6,0,0,0.77104,0.21995
v2,2.5,4,6,1,0,0.94628,0.01306
v2,2.5,4,6,2,0,0.60946,0.31386
v2,2.5,4,6,4,1,0.88979,0.20640
v2,2.5,4,7,0,0,0.74968,0.16034
v2,2.5,4,7,1,0,0.91730,0.07216
v2,2.5,4,7,2,0,0.91183,0.15654
v2,2.5,4,7,4,1,0.87040,0.20842
v2,2.5,5,0,0,0,0.78943,0.27898
v2,2.5,5,0,1,0,0.84127,0.15456
v2,2.5,5,0,2,0,0.60652,0.47167
v2,2.5,5,0,4,1,0.89745,0.14677
v2,2.5,5,1,0,0,0.74485,0.61758
v2,2.5,5,1,1,0,0.74241,0.27447
v2,2.5,5,1,2,0,0.66250,0.35070
v2,2.5,5,1,4,1,0.79639,0.24440
v2,2.5,5,2,0,0,0.58527,0.29729
v2,2.5,5,2,1,0,0.84441,0.09611
v2,2.5,5,2,2,0,0.95958,0.04097
v2,2.5,5,2,4,1,0.89728,0.18627
v2,2.5,5,3,0,0,0.84546,0.13984
v2,2.5,5,3,1,0,0.72292,0.29731
v2,2.5,5,3,2,0,0.96209,0.03183
v2,2.5,5,3,4,1,0.89239,0.23583
v2,2.5,5,4,0,0,0.94019,0.01097
v2,2.5,5,4,1,0,0.63823,0.36744
v2,2.5,5,4,2,0,0.74574,0.25971
v2,2.5,5,4,4,1,0.87713,0.13287
v2,2.5,5,5,0,0,0.86446,0.10786
v2,2.5,5,5,1,0,0.71208,0.23472
v2,2.5,5,5,2,0,0.85188,0.13911
v2,2.5,5,5,4,1,0.71889,0.34211
v2,2.5,5,6,0,0,0.39761,0.10125
v2,2.5,5,6,1,0,0.81292,0.04629
v2,2.5,5,6,2,0,0.67181,0.22762
v2,2.5,5,6,4,1,0.93981,0.07556
v2,2.5,5,7,0,0,0.90785,0.15551
v2,2.5,5,7,1,0,0.87113,0.19351
v2,2.5,5,7,2,0,0.88401,0.11176
v2,2.5,5,7,4,1,0.88297,0.21035
v2,2.5,6,0,0,0,0.79097,0.08035
v2,2.5,6,0,2,0,0.95626,0.03417
v2,2.5,6,0,4,1,0.79185,0.26723
v2,2.5,6,1,0,0,0.18906,2.12904
v2,2.5,6,1,1,0,0.60983,0.08402
v2,2.5,6,1,2,0,0.96149,0.03556
v2,2.5,6,1,4,1,0.92509,0.07580
v2,2.5,6,2,0,0,0.76378,0.20027
v2,2.5,6,2,2,0,0.93446,0.03253
v2,2.5,6,2,4,1,0.60658,0.27621
v2,2.5,6,3,0,0,0.86534,0.16012
v2,2.5,6,3,1,0,0.80938,0.31986
v2,2.5,6,3,2,0,0.95567,0.03856
v2,2.5,6,3,4,1,0.58274,0.52905
v2,2.5,6,4,0,0,0.87954,0.17972
v2,2.5,6,4,1,0,0.85846,0.30674
v2,2.5,6,4,2,0,0.85282,0.13743
v2,2.5,6,4,4,1,0.64113,0.43382
v2,2.5,6,5,0,0,0.91092,0.12515
v2,2.5,6,5,1,0,0.85694,0.30022
v2,2.5,6,5,2,0,0.84728,0.10951
v2,2.5,6,5,4,1,0.65042,0.41609
v2,2.5,6,6,0,0,0.74754,0.24368
v2,2.5,6,6,1,0,0.74167,0.24806
v2,2.5,6,6,2,0,0.71044,0.30629
v2,2.5,6,6,4,1,0.57061,0.49134
v2,2.5,6,7,0,0,0.75619,0.46367
v2,2.5,6,7,1,0,0.90525,0.08721
v2,2.5,6,7,2,0,0.95442,0.04415
v2,2.5,6,7,4,1,0.61143,0.31149
v2,2.5,7,0,0,0,0.86413,0.11755
v2,2.5,7,0,1,-1,0.42629,0.14585
v2,2.5,7,0,2,0,0.80800,0.17495
v2,2.5,7,0,4,0,0.54705,1.02885
v2,2.5,7,1,0,0,0.56136,0.11521
v2,2.5,7,1,1,0,0.94966,0.04959
v2,2.5,7,1,2,0,0.29566,1.42244
v2,2.5,7,1,4,1,0.92162,0.08179
v2,2.5,7,2,0,0,0.57036,0.22640
v2,2.5,7,2,1,0,0.91610,0.05197
v2,2.5,7,2,2,0,0.94496,0.02869
v2,2.5,7,2,4,1,0.88613,0.23379
v2,2.5,7,3,0,0,0.88783,0.19427
v2,2.5,7,3,1,0,0.76628,0.22158
v2,2.5,7,3,2,0,0.90472,0.07333
v2,2.5,7,3,4,1,0.34122,1.75892
v2,2.5,7,4,0,0,0.89969,0.00538
v2,2.5,7,4,1,0,0.48035,0.38772
v2,2.5,7,4,2,0,0.63450,0.37714
v2,2.5,7,4,4,-1,0.28102,2.96722
v2,2.5,7,5,0,0,0.91241,0.09183
v2,2.5,7,5,1,0,0.41608,0.47779
v2,2.5,7,5,2,0,0.83315,0.30734
v2,2.5,7,5,4,1,0.85393,0.11947
v2,2.5,7,6,0,0,0.51737,0.20930
v2,2.5,7,6,1,0,0.94347,0.03780
v2,2.5,7,6,2,0,0.69910,0.10581
v2,2.5,7,6,4,1,0.91566,0.08769
v2,2.5,7,7,0,0,0.49289,0.59129
v2,2.5,7,7,1,0,0.93232,0.07967
v2,2.5,7,7,2,0,0.88451,0.09394
v2,2.5,7,7,4,1,0.81431,0.27904
v2,2.5,8,0,0,0,0.78854,0.20066
v2,2.5,8,0,1,0,0.81234,0.17605
v2,2.5,8,0,2,0,0.54436,0.51272
v2,2.5,8,0,4,1,0.80048,0.06464
v2,2.5,8,1,0,0,0.66875,0.45802
v2,2.5,8,1,1,0,0.76942,0.19516
v2,2.5,8,1,2,0,0.88165,0.08711
v2,2.5,8,1,4,1,0.89813,0.16745
v2,2.5,8,2,0,0,0.91289,0.04071
v2,2.5,8,2,1,0,0.92939,0.01435
v2,2.5,8,2,2,0,0.94409,0.04272
v2,2.5,8,2,4,1,0.93631,0.11681
v2,2.5,8,3,0,0,0.79573,0.16650
v2,2.5,8,3,1,0,0.92939,0.03024
v2,2.5,8,3,2,0,0.82452,0.15217
v2,2.5,8,3,4,1,0.87843,0.18167
v2,2.5,8,4,0,0,0.86928,0.10528
v2,2.5,8,4,1,0,0.92927,0.01298
v2,2.5,8,4,2,0,0.37923,1.64932
v2,2.5,8,4,4,1,0.89026,0.17113
v2,2.5,8,5,0,-1,0.01189,2.12300
v2,2.5,8,5,1,0,0.90117,0.06234
v2,2.5,8,5,2,0,0.96373,0.01059
v2,2.5,8,5,4,1,0.89180,0.17817
v2,2.5,8,6,0,0,0.84722,0.06634
v2,2.5,8,6,1,0,0.92939,0.02837
v2,2.5,8,6,2,0,0.94956,0.03602
v2,2.5,8,6,4,1,0.93914,0.07113
v2,2.5,8,7,0,0,0.68233,0.35408
v2,2.5,8,7,1,0,0.88084,0.09728
v2,2.5,8,7,2,0,0.39803,1.22226
v2,2.5,8,7,4,1,0.72668,0.31013
v2,2.5,9,0,0,0,0.92937,0.06300
v2,2.5,9,0,1,0,0.85218,0.24056
v2,2.5,9,0,2,0,0.87719,0.13421
v2,2.5,9,0,4,1,0.68252,0.35883
v2,2.5,9,1,0,0,0.31441,1.48737
v2,2.5,9,1,1,0,0.85455,0.02207
v2,2.5,9,1,2,-1,0.14908,1.76193
v2,2.5,9,1,4,1,0.87815,0.10342
v2,2.5,9,2,0,-1,0.45734,1.02238
v2,2.5,9,2,1,0,0.83278,0.19248
v2,2.5,9,2,2,0,0.72648,0.06271
v2,2.5,9,2,4,1,0.70355,0.35909
v2,2.5,9,3,0,0,0.80419,0.16706
v2,2.5,9,3,1,0,0.75133,0.21257
v2,2.5,9,3,2,0,0.79764,0.11988
v2,2.5,9,3,4,1,0.92381,0.09167
v2,2.5,9,4,0,0,0.79495,0.20948
v2,2.5,9,4,1,0,0.66509,0.32408
v2,2.5,9,4,2,0,0.87719,0.13338
v2,2.5,9,4,4,1,0.92914,0.09002
v2,2.5,9,5,0,0,0.88176,0.10856
v2,2.5,9,5,1,0,0.13862,3.50620
v2,2.5,9,5,2,0,0.87719,0.14410
v2,2.5,9,5,4,1,0.65314,0.40260
v2,2.5,9,6,0,0,0.94147,0.05326
v2,2.5,9,6,1,0,0.69105,0.23889
v2,2.5,9,6,2,0,0.87719,0.13868
v2,2.5,9,6,4,1,0.70531,0.32938
v2,2.5,9,7,0,0,0.92202,0.07106
v2,2.5,9,7,1,0,0.78639,0.21999
v2,2.5,9,7,2,0,0.87719,0.11382
v2,2.5,9,7,4,1,0.91973,0.07692
v2,2.5,10,0,0,0,0.70022,0.20645
v2,2.5,10,0,1,0,0.94745,0.03787
v2,2.5,10,0,2,0,0.91261,0.03723
v2,2.5,10,0,4,1,0.91455,0.14212
v2,2.5,10,1,0,0,0.81252,0.11006
v2,2.5,10,1,1,-1,0.64494,0.32219
v2,2.5,10,1,2,0,0.91305,0.10475
v2,2.5,10,1,4,1,0.68224,0.12507
v2,2.5,10,2,0,0,0.97250,0.03433
v2,2.5,10,2,1,0,0.85544,0.10970
v2,2.5,10,2,2,0,0.90871,0.10014
v2,2.5,10,2,4,-1,0.30143,2.13144
v2,2.5,10,3,0,0,0.95622,0.02440
v2,2.5,10,3,1,0,0.65294,0.39472
v2,2.5,10,3,2,0,0.82215,0.15631
v2,2.5,10,3,4,1,0.92648,0.14665
v2,2.5,10,4,0,0,0.49453,0.37987
v2,2.5,10,4,1,0,0.12211,1.38908
v2,2.5,10,4,2,0,0.91137,0.11830
v2,2.5,10,4,4,1,0.86153,0.15622
v2,2.5,10,5,0,0,0.98330,0.00600
v2,2.5,10,5,1,0,0.74092,0.08604
v2,2.5,10,5,2,0,0.91305,0.09548
v2,2.5,10,5,4,-1,0.20006,2.94454
v2,2.5,10,6,0,0,0.71665,0.42024
v2,2.5,10,6,1,0,0.73915,0.25784
v2,2.5,10,6,2,0,0.90264,0.12324
v2,2.5,10,6,4,1,0.84092,0.19479
v2,2.5,10,7,0,0,0.69452,0.37604
v2,2.5,10,7,1,0,0.87612,0.11079
v2,2.5,10,7,2,0,0.89391,0.03042
v2,2.5,10,7,4,1,0.84000,0.16053
v2,2.5,11,0,0,0,0.76912,0.19571
v2,2.5,11,0,1,0,0.60662,0.12090
v2,2.5,11,0,2,0,0.88975,0.10103
v2,2.5,11,0,4,1,0.68556,0.53594
v2,2.5,11,1,0,0,0.32951,1.43153
v2,2.5,11,1,1,0,0.69291,0.29118
v2,2.5,11,1,2,0,0.89770,0.08845
v2,2.5,11,1,4,1,0.91009,0.11802
v2,2.5,11,2,0,0,0.81190,0.38439
v2,2.5,11,2,1,0,0.72740,0.28526
v2,2.5,11,2,2,0,0.52738,0.58213
v2,2.5,11,2,4,1,0.87726,0.16071
v2,2.5,11,3,0,0,0.50068,0.36458
v2,2.5,11,3,1,0,0.77452,0.22315
v2,2.5,11,3,2,0,0.64012,0.38780
v2,2.5,11,3,4,1,0.84413,0.40487
v2,2.5,11,4,0,0,0.48984,0.84610
v2,2.5,11,4,1,0,0.76923,0.23804
v2,2.5,11,4,2,0,0.87278,0.08255
v2,2.5,11,4,4,1,0.95019,0.03575
v2,2.5,11,5,0,0,0.73770,0.23095
v2,2.5,11,5,1,0,0.51771,0.43646
v2,2.5,11,5,2,0,0.59790,0.45358
v2,2.5,11,5,4,1,0.48957,0.26117
v2,2.5,11,6,0,0,0.64047,0.06216
v2,2.5,11,6,1,0,0.77275,0.24035
v2,2.5,11,6,2,0,0.83052,0.17379
v2,2.5,11,6,4,1,0.91296,0.10887
v2,2.5,11,7,0,0,0.89188,0.21626
v2,2.5,11,7,1,0,0.88213,0.19232
v2,2.5,11,7,2,0,0.86732,0.12861
v2,2.5,11,7,4,1,0.80757,0.23145
v2,2.5,12,0,0,0,0.87471,0.08830
v2,2.5,12,0,1,0,0.80833,0.30172
v2,2.5,12,0,2,0,0.88935,0.15703
v2,2.5,12,0,4,1,0.92901,0.07023
v2,2.5,12,1,0,-1,0.28639,1.39004
v2,2.5,12,1,1,0,0.93504,0.04005
v2,2.5,12,1,2,0,0.63426,0.20678
v2,2.5,12,1,4,1,0.56297,0.55751
v2,2.5,12,2,0,0,0.57128,0.39481
v2,2.5,12,2,1,0,0.91310,0.05922
v2,2.5,12,2,2,0,0.86618,0.10457
v2,2.5,12,2,4,1,0.93688,0.06257
v2,2.5,12,3,0,0,0.87725,0.24976
v2,2.5,12,3,1,0,0.93923,0.02425
v2,2.5,12,3,2,0,0.88094,0.13451
v2,2.5,12,3,4,1,0.93089,0.06897
v2,2.5,12,4,0,0,0.91655,0.11623
v2,2.5,12,4,1,0,0.93398,0.04190
v2,2.5,12,4,2,-1,0.28556,1.45908
v2,2.5,12,4,4,1,0.64658,0.42941
v2,2.5,12,5,0,0,0.59255,0.38576
v2,2.5,12,5,1,0,0.82065,0.16777
v2,2.5,12,5,2,0,0.49291,0.03876
v2,2.5,12,5,4,1,0.95019,0.05700
v2,2.5,12,6,0,0,0.90861,0.06530
v2,2.5,12,6,1,0,0.83266,0.07468
v2,2.5,12,6,2,0,0.86728,0.15204
v2,2.5,12,6,4,1,0.92876,0.07083
v2,2.5,12,7,0,0,0.79764,0.19956
v2,2.5,12,7,1,0,0.72343,0.01429
v2,2.5,12,7,2,0,0.88010,0.13989
v2,2.5,12,7,4,1,0.92406,0.07800
v2,2.5,13,0,0,0,0.89389,0.24812
v2,2.5,13,0,1,0,0.90259,0.04262
v2,2.5,13,0,2,0,0.91186,0.08008
v2,2.5,13,0,4,1,0.76902,0.26787
v2,2.5,13,1,0,0,0.78227,0.24854
v2,2.5,13,1,1,0,0.90081,0.18387
v2,2.5,13,1,2,0,0.86436,0.12589
v2,2.5,13,1,4,1,0.94144,0.12337
v2,2.5,13,2,0,0,0.88122,0.11080
v2,2.5,13,2,1,0,0.85668,0.20650
v2,2.5,13,2,2,0,0.74146,0.25168
v2,2.5,13,2,4,1,0.91792,0.19235
v2,2.5,13,3,0,0,0.94099,0.05346
v2,2.5,13,3,1,0,0.95356,0.08263
v2,2.5,13,3,2,0,0.94022,0.05270
v2,2.5,13,3,4,-1,0.03198,1.03999
v2,2.5,13,4,0,0,0.73456,0.26811
v2,2.5,13,4,1,0,0.80748,0.23133
v2,2.5,13,4,2,0,0.68292,0.32778
v2,2.5,13,4,4,1,0.94144,0.11972
v2,2.5,13,5,0,0,0.68164,0.39970
v2,2.5,13,5,1,0,0.91422,0.19475
v2,2.5,13,5,2,0,0.74546,0.25469
v2,2.5,13,5,4,1,0.93540,0.14289
v2,2.5,13,6,0,0,0.65742,0.41590
v2,2.5,13,6,1,0,0.70476,0.79011
v2,2.5,13,6,2,0,0.93762,0.05430
v2,2.5,13,6,4,-1,0.03372,1.10799
v2,2.5,13,7,0,0,0.75028,0.17825
v2,2.5,13,7,1,0,0.96164,0.02438
v2,2.5,13,7,2,0,0.94058,0.06087
v2,2.5,13,7,4,1,0.62809,0.45867
v2,2.5,14,0,0,0,0.28763,1.66535
v2,2.5,14,0,1,0,0.82841,0.16899
v2,2.5,14,0,2,0,0.61685,0.34190
v2,2.5,14,0,4,1,0.96311,0.06594
v2,2.5,14,1,0,0,0.93409,0.04974
v2,2.5,14,1,1,0,0.82998,0.11353
v2,2.5,14,1,2,0,0.94265,0.03522
v2,2.5,14,1,4,1,0.25470,2.01534
v2,2.5,14,2,0,0,0.60535,0.27246
v2,2.5,14,2,1,0,0.83412,0.17983
v2,2.5,14,2,2,0,0.90769,0.06076
v2,2.5,14,2,4,1,0.92558,0.09832
v2,2.5,14,3,0,0,0.83308,0.17559
v2,2.5,14,3,1,0,0.83689,0.10562
v2,2.5,14,3,2,0,0.94952,0.04897
v2,2.5,14,3,4,1,0.25619,2.48220
v2,2.5,14,4,0,0,0.91615,0.07392
v2,2.5,14,4,1,0,0.87447,0.10228
v2,2.5,14,4,2,0,0.95565,0.01936
v2,2.5,14,4,4,1,0.96357,0.06449
v2,2.5,14,5,0,0,0.93182,0.15323
v2,2.5,14,5,1,0,0.74729,0.25950
v2,2.5,14,5,2,0,0.66186,0.16283
v2,2.5,14,5,4,1,0.93035,0.09142
v2,2.5,14,6,0,0,0.49255,0.88357
v2,2.5,14,6,1,0,0.66813,0.32823
v2,2.5,14,6,2,0,0.94990,0.02919
v2,2.5,14,6,4,1,0.95972,0.07668
v2,2.5,14,7,0,0,0.69321,0.13547
v2,2.5,14,7,1,0,0.87045,0.13170
v2,2.5,14,7,2,0,0.58452,0.06589
v2,2.5,14,7,4,1,0.97248,0.03725
v2,2.5,15,0,0,0,0.59619,1.32799
v2,2.5,15,0,1,0,0.88786,0.09439
v2,2.5,15,0,2,0,0.87201,0.11401
v2,2.5,15,0,4,1,0.86732,0.18929
v2,2.5,15,1,0,-1,0.30812,1.59530
v2,2.5,15,1,1,0,0.95077,0.04309
v2,2.5,15,1,2,0,0.87564,0.09728
v2,2.5,15,1,4,-1,0.30438,0.74270
v2,2.5,15,2,0,0,0.94169,0.01528
v2,2.5,15,2,1,0,0.61103,0.90463
v2,2.5,15,2,2,0,0.90664,0.12997
v2,2.5,15,2,4,1,0.48858,0.04335
v2,2.5,15,3,0,0,0.88707,0.03919
v2,2.5,15,3,1,0,0.42027,1.16122
v2,2.5,15,3,2,0,0.89590,0.15848
v2,2.5,15,3,4,1,0.88857,0.18095
v2,2.5,15,4,0,0,0.80410,0.13482
v2,2.5,15,4,1,0,0.70717,0.53060
v2,2.5,15,4,2,0,0.94432,0.03314
v2,2.5,15,4,4,1,0.72101,0.34175
v2,2.5,15,5,0,0,0.83571,0.15535
v2,2.5,15,5,1,0,0.93508,0.06013
v2,2.5,15,5,2,0,0.79835,0.21958
v2,2.5,15,5,4,1,0.89475,0.18539
v2,2.5,15,6,0,0,0.94355,0.01189
v2,2.5,15,6,1,0,0.77795,0.09243
v2,2.5,15,6,2,0,0.94553,0.01747
v2,2.5,15,6,4,1,0.89401,0.17917
v2,2.5,15,7,0,0,0.85805,0.22771
v2,2.5,15,7,1,0,0.79200,0.15295
v2,2.5,15,7,2,0,0.88886,0.17630
v2,2.5,15,7,4,1,0.90034,0.19036
v2,2.5,16,0,0,0,0.74819,0.11616
v2,2.5,16,0,1,0,0.91523,0.07469
v2,2.5,16,0,2,0,0.84289,0.20252
v2,2.5,16,0,4,1,0.90528,0.13378
v2,2.5,16,1,0,0,0.71188,0.31874
v2,2.5,16,1,1,0,0.75026,0.26568
v2,2.5,16,1,2,0,0.48229,0.83777
v2,2.5,16,1,4,1,0.90528,0.14919
v2,2.5,16,2,0,0,0.53378,0.64256
v2,2.5,16,2,1,0,0.73851,0.24847
v2,2.5,16,2,2,0,0.81012,0.27776
v2,2.5,16,2,4,1,0.81714,0.15867
v2,2.5,16,3,0,0,0.82308,0.21115
v2,2.5,16,3,1,0,0.75429,0.26574
v2,2.5,16,3,2,0,0.80102,0.17973
v2,2.5,16,3,4,1,0.90528,0.14791
v2,2.5,16,4,0,0,0.82501,0.08412
v2,2.5,16,4,1,0,0.83153,0.16123
v2,2.5,16,4,2,0,0.78828,0.19265
v2,2.5,16,4,4,1,0.42853,0.05165
v2,2.5,16,5,0,0,0.86820,0.03611
v2,2.5,16,5,1,0,0.95006,0.04316
v2,2.5,16,5,2,0,0.81244,0.14216
v2,2.5,16,5,4,1,0.90490,0.14591
v2,2.5,16,6,0,0,0.82646,0.21655
v2,2.5,16,6,1,0,0.96131,0.03111
v2,2.5,16,6,2,0,0.75674,0.14237
v2,2.5,16,6,4,1,0.90526,0.15055
v2,2.5,16,7,0,0,0.25361,1.53479
v2,2.5,16,7,1,0,0.75739,0.23491
v2,2.5,16,7,2,0,0.86469,0.23639
v2,2.5,16,7,4,1,0.90528,0.14121
v2,2.5,17,0,0,0,0.95409,0.02354
v2,2.5,17,0,1,0,0.83132,0.04855
v2,2.5,17,0,2,0,0.92931,0.05058
v2,2.5,17,0,4,1,0.88401,0.24689
v2,2.5,17,1,0,0,0.95775,0.01909
v2,2.5,17,1,1,0,0.63645,0.17712
v2,2.5,17,1,2,0,0.74573,0.24447
v2,2.5,17,1,4,1,0.92636,0.10344
v2,2.5,17,2,0,0,0.73439,0.26050
v2,2.5,17,2,1,0,0.79087,0.21857
v2,2.5,17,2,2,0,0.76044,0.21308
v2,2.5,17,2,4,1,0.89052,0.18692
v2,2.5,17,3,0,0,0.50851,0.39549
v2,2.5,17,3,1,0,0.72536,0.21712
v2,2.5,17,3,2,0,0.76092,0.24522
v2,2.5,17,3,4,1,0.90343,0.17889
v2,2.5,17,4,0,0,0.95426,0.02940
v2,2.5,17,4,1,0,0.56452,0.20264
v2,2.5,17,4,2,0,0.92997,0.04925
v2,2.5,17,4,4,1,0.94804,0.03231
v2,2.5,17,5,0,0,0.94693,0.02060
v2,2.5,17,5,1,0,0.65796,0.41504
v2,2.5,17,5,2,0,0.60023,0.42393
v2,2.5,17,5,4,1,0.76621,0.28586
v2,2.5,17,6,0,0,0.83026,0.09949
v2,2.5,17,6,1,0,0.94914,0.03586
v2,2.5,17,6,2,0,0.92362,0.03757
v2,2.5,17,6,4,1,0.72166,0.35024
v2,2.5,17,7,0,0,0.88258,0.05257
v2,2.5,17,7,1,0,0.80941,0.18220
v2,2.5,17,7,2,0,0.94666,0.02030
v2,2.5,17,7,4,1,0.90599,0.17328
v2,2.5,18,0,0,0,0.88137,0.06540
v2,2.5,18,0,1,0,0.75453,0.24621
v2,2.5,18,0,2,0,0.82468,0.10027
v2,2.5,18,0,4,1,0.94328,0.05691
v2,2.5,18,1,0,0,0.88356,0.13948
v2,2.5,18,1,1,0,0.88840,0.09966
v2,2.5,18,1,2,0,0.84607,0.13885
v2,2.5,18,1,4,1,0.48503,0.66498
v2,2.5,18,2,0,0,0.90062,0.13533
v2,2.5,18,2,1,-1,0.41855,0.26032
v2,2.5,18,2,2,0,0.93760,0.08625
v2,2.5,18,2,4,1,0.93231,0.08414
v2,2.5,18,3,0,0,0.72600,0.33044
v2,2.5,18,3,1,0,0.90458,0.10534
v2,2.5,18,3,2,0,0.34512,1.01524
v2,2.5,18,3,4,1,0.88838,0.10979
v2,2.5,18,4,0,0,0.85635,0.13828
v2,2.5,18,4,1,0,0.83703,0.17942
v2,2.5,18,4,2,0,0.93909,0.08204
v2,2.5,18,4,4,1,0.74772,0.04812
v2,2.5,18,5,0,0,0.41747,0.29440
v2,2.5,18,5,1,0,0.89287,0.11411
v2,2.5,18,5,2,0,0.86717,0.10660
v2,2.5,18,5,4,1,0.91465,0.07971
v2,2.5,18,6,0,0,0.77075,0.22607
v2,2.5,18,6,1,0,0.90936,0.10893
v2,2.5,18,6,2,0,0.29318,2.01266
v2,2.5,18,6,4,1,0.92919,0.07570
v2,2.5,18,7,0,0,0.73724,0.43819
v2,2.5,18,7,2,0,0.93730,0.08014
v2,2.5,18,7,4,0,0.67882,0.73527
v2,2.5,19,0,0,0,0.82523,0.13512
v2,2.5,19,0,1,0,0.61212,0.36431
v2,2.5,19,0,2,0,0.81474,0.23897
v2,2.5,19,0,4,1,0.93753,0.06384
v2,2.5,19,1,0,0,0.93977,0.01746
v2,2.5,19,1,1,0,0.20320,2.29872
v2,2.5,19,1,2,0,0.86560,0.22949
v2,2.5,19,1,4,1,0.85202,0.15651
v2,2.5,19,2,0,0,0.95043,0.02023
v2,2.5,19,2,1,0,0.76599,0.24874
v2,2.5,19,2,2,0,0.79075,0.24449
v2,2.5,19,2,4,1,0.82648,0.19916
v2,2.5,19,3,0,0,0.79935,0.19661
v2,2.5,19,3,1,0,0.95133,0.01187
v2,2.5,19,3,2,0,0.85578,0.22505
v2,2.5,19,3,4,-1,0.22801,0.99373
v2,2.5,19,4,0,0,0.74613,0.10901
v2,2.5,19,4,1,0,0.83181,0.03117
v2,2.5,19,4,2,0,0.81524,0.24349
v2,2.5,19,4,4,1,0.90809,0.08952
v2,2.5,19,5,0,0,0.83315,0.14023
v2,2.5,19,5,1,0,0.94968,0.02140
v2,2.5,19,5,2,0,0.80582,0.25682
v2,2.5,19,5,4,1,0.80014,0.20985
v2,2.5,19,6,0,0,0.62360,0.63748
v2,2.5,19,6,1,0,0.94661,0.02216
v2,2.5,19,6,2,0,0.69464,0.28357
v2,2.5,19,6,4,1,0.92308,0.09650
v2,2.5,19,7,0,0,0.92546,0.05340
v2,2.5,19,7,1,0,0.75658,0.25964
v2,2.5,19,7,2,0,0.64706,0.31422
v2,2.5,19,7,4,1,0.93534,0.06483
v2,2.5,20,0,0,0,0.87456,0.28736
v2,2.5,20,0,1,0,0.90585,0.13504
v2,2.5,20,0,2,0,0.70802,0.19808
v2,2.5,20,0,4,1,0.89985,0.11065
v2,2.5,20,1,0,-1,0.46984,2.15323
v2,2.5,20,1,1,0,0.89644,0.12962
v2,2.5,20,1,2,0,0.25874,2.14603
v2,2.5,20,1,4,1,0.92388,0.08005
v2,2.5,20,2,0,0,0.68073,0.16278
v2,2.5,20,2,1,0,0.94156,0.00812
v2,2.5,20,2,2,0,0.80247,0.32442
v2,2.5,20,2,4,1,0.77842,0.24658
v2,2.5,20,3,0,0,0.96553,0.02540
v2,2.5,20,3,1,0,0.83290,0.16088
v2,2.5,20,3,2,0,0.84954,0.22975
v2,2.5,20,3,4,1,0.90388,0.09903
v2,2.5,20,4,0,0,0.89927,0.22653
v2,2.5,20,4,1,0,0.85428,0.16664
v2,2.5,20,4,2,0,0.68747,0.43475
v2,2.5,20,4,4,1,0.93269,0.06795
v2,2.5,20,5,0,0,0.88748,0.06501
v2,2.5,20,5,1,0,0.93069,0.12572
v2,2.5,20,5,2,0,0.72241,0.30904
v2,2.5,20,5,4,1,0.68876,0.35801
v2,2.5,20,6,0,0,0.81149,0.17363
v2,2.5,20,6,1,0,0.80658,0.25917
v2,2.5,20,6,2,0,0.65362,0.38547
v2,2.5,20,6,4,1,0.76729,0.25766
v2,2.5,20,7,0,0,0.70402,0.81201
v2,2.5,20,7,1,0,0.23962,1.99238
v2,2.5,20,7,2,0,0.75354,0.35605
v2,2.5,20,7,4,1,0.68719,0.36263
