tag,height,seed,scan,box,cls_mlp,iou,centre
v1_41,0.8,41,0,0,1,0.64435,0.78581
v1_41,0.8,41,0,1,-1,0.05036,2.36789
v1_41,0.8,41,0,4,-1,0.01193,1.78883
v1_41,0.8,41,1,0,1,0.49609,0.65781
v1_41,0.8,41,1,1,1,0.41124,0.67582
v1_41,0.8,41,1,2,0,0.24668,1.94524
v1_41,0.8,41,1,4,-1,0.02717,2.41878
v1_41,0.8,41,2,0,1,0.54300,0.67761
v1_41,0.8,41,2,1,-1,0.00243,2.53061
v1_41,0.8,41,2,2,1,0.68236,0.14293
v1_41,0.8,41,3,0,1,0.44593,0.36850
v1_41,0.8,41,3,1,1,0.69786,0.44991
v1_41,0.8,41,3,2,1,0.73817,0.02090
v1_41,0.8,41,4,2,1,0.22041,2.38355
v1_41,0.8,41,5,0,1,0.44404,0.50309
v1_41,0.8,41,5,1,1,0.67648,0.25108
v1_41,0.8,41,5,2,1,0.73817,0.00401
v1_41,0.8,41,5,4,-1,0.00411,1.72576
v1_41,0.8,41,6,0,1,0.20116,1.99102
v1_41,0.8,41,6,1,-1,0.04194,2.45014
v1_41,0.8,41,6,2,1,0.56883,0.33539
v1_41,0.8,41,7,0,-1,0.09323,1.98415
v1_41,0.8,41,7,1,1,0.72921,0.50378
v1_41,0.8,41,7,2,1,0.57191,0.32827
v1_41,0.8,42,0,0,1,0.64369,0.62893
v1_41,0.8,42,0,1,1,0.64139,0.73944
v1_41,0.8,42,0,2,1,0.64499,0.18239
v1_41,0.8,42,1,0,1,0.52917,0.84849
v1_41,0.8,42,1,1,1,0.64039,0.71167
v1_41,0.8,42,1,2,1,0.31973,0.86748
v1_41,0.8,42,2,0,1,0.48776,0.83211
v1_41,0.8,42,2,1,1,0.55040,0.78494
v1_41,0.8,42,2,2,1,0.60295,0.76438
v1_41,0.8,42,3,1,-1,0.08604,2.09044
v1_41,0.8,42,3,2,-1,0.00509,1.05452
v1_41,0.8,42,4,0,1,0.64369,0.69011
v1_41,0.8,42,4,1,-1,0.02225,2.18751
v1_41,0.8,42,4,2,1,0.53018,0.71857
v1_41,0.8,42,4,4,1,0.90436,0.17456
v1_41,0.8,42,5,0,1,0.64369,0.61661
v1_41,0.8,42,5,1,1,0.27372,1.12169
v1_41,0.8,42,5,2,1,0.55612,0.88546
v1_41,0.8,42,6,1,1,0.64138,0.23790
v1_41,0.8,42,6,2,1,0.55357,0.87177
v1_41,0.8,42,7,0,1,0.64369,0.01839
v1_41,0.8,42,7,1,-1,0.01552,1.13181
v1_41,0.8,42,7,2,1,0.65736,0.81378
v1_41,0.8,43,0,0,1,0.55561,0.44516
v1_41,0.8,43,0,1,1,0.67161,0.27212
v1_41,0.8,43,0,2,1,0.65562,0.67833
v1_41,0.8,43,1,0,1,0.35056,0.70371
v1_41,0.8,43,1,2,1,0.65539,0.68138
v1_41,0.8,43,2,0,1,0.33338,2.02190
v1_41,0.8,43,2,1,1,0.60133,0.65515
v1_41,0.8,43,2,2,1,0.40546,0.55241
v1_41,0.8,43,3,0,0,0.75296,0.29603
v1_41,0.8,43,3,1,0,0.63430,0.37793
v1_41,0.8,43,3,2,-1,0.02976,0.85803
v1_41,0.8,43,3,4,1,0.53501,0.62331
v1_41,0.8,43,4,0,1,0.59037,0.89577
v1_41,0.8,43,4,1,1,0.56290,0.69153
v1_41,0.8,43,4,2,1,0.57940,0.72002
v1_41,0.8,43,4,4,-1,0.00759,2.04447
v1_41,0.8,43,5,0,0,0.27986,1.46424
v1_41,0.8,43,5,1,0,0.45220,0.54182
v1_41,0.8,43,5,2,-1,0.00760,1.74913
v1_41,0.8,43,5,4,1,0.60280,0.49979
v1_41,0.8,43,6,1,1,0.68592,0.54325
v1_41,0.8,43,6,2,1,0.20555,2.46031
v1_41,0.8,43,7,0,1,0.47895,0.38944
v1_41,0.8,44,0,0,-1,0.00778,2.23149
v1_41,0.8,44,0,1,0,0.44143,0.61761
v1_41,0.8,44,0,4,1,0.61937,0.45968
v1_41,0.8,44,1,0,0,0.84340,0.07967
v1_41,0.8,44,1,1,0,0.46817,0.60376
v1_41,0.8,44,1,2,0,0.89808,0.10578
v1_41,0.8,44,1,4,1,0.69553,0.34721
v1_41,0.8,44,2,0,0,0.51692,0.51104
v1_41,0.8,44,2,1,1,0.30039,0.94298
v1_41,0.8,44,2,4,1,0.92662,0.09030
v1_41,0.8,44,3,0,-1,0.01360,1.15189
v1_41,0.8,44,3,1,1,0.65228,0.82028
v1_41,0.8,44,3,2,1,0.33575,0.65479
v1_41,0.8,44,4,0,1,0.12704,4.73335
v1_41,0.8,44,4,1,1,0.55551,0.85110
v1_41,0.8,44,4,2,1,0.64309,0.84137
v1_41,0.8,44,5,0,0,0.65988,0.30938
v1_41,0.8,44,5,1,0,0.60179,0.42197
v1_41,0.8,44,5,2,-1,0.36286,1.24115
v1_41,0.8,44,5,4,1,0.38571,0.89534
v1_41,0.8,44,6,0,1,0.54325,0.98883
v1_41,0.8,44,6,1,1,0.50647,0.91266
v1_41,0.8,44,6,2,1,0.61504,0.77290
v1_41,0.8,44,7,0,1,0.41565,0.74887
v1_41,0.8,44,7,2,1,0.23800,2.29372
v1_41,0.8,45,0,0,1,0.42608,1.89997
v1_41,0.8,45,0,1,1,0.73497,0.52644
v1_41,0.8,45,0,2,-1,0.01277,2.18620
v1_41,0.8,45,1,0,0,0.92715,0.06375
v1_41,0.8,45,1,1,0,0.82092,0.16752
v1_41,0.8,45,1,2,-1,0.10510,1.96043
v1_41,0.8,45,1,4,1,0.36325,0.94696
v1_41,0.8,45,2,0,1,0.54254,0.35793
v1_41,0.8,45,2,1,-1,0.01274,1.24746
v1_41,0.8,45,2,2,1,0.62686,0.54633
v1_41,0.8,45,3,0,1,0.55942,0.58801
v1_41,0.8,45,3,1,1,0.73497,0.43299
v1_41,0.8,45,3,2,1,0.62686,0.76129
v1_41,0.8,45,4,1,1,0.51545,0.27600
v1_41,0.8,45,4,2,1,0.59769,0.78025
v1_41,0.8,45,5,0,1,0.40865,1.12453
v1_41,0.8,45,5,1,1,0.60507,0.60539
v1_41,0.8,45,5,2,-1,0.01841,2.32597
v1_41,0.8,45,6,0,1,0.32893,1.93966
v1_41,0.8,45,6,1,1,0.63637,0.58699
v1_41,0.8,45,6,2,1,0.53241,0.57538
v1_41,0.8,45,7,0,1,0.53143,0.37737
v1_41,0.8,45,7,1,1,0.72090,0.59757
v1_41,0.8,45,7,2,1,0.62686,0.76621
v1_41,0.8,46,0,0,1,0.50899,0.54877
v1_41,0.8,46,0,1,1,0.59416,0.60114
v1_41,0.8,46,0,2,1,0.66658,0.74198
v1_41,0.8,46,1,0,1,0.58290,0.76927
v1_41,0.8,46,1,1,1,0.77838,0.52857
v1_41,0.8,46,1,2,1,0.37820,0.57829
v1_41,0.8,46,1,4,-1,0.00838,2.01010
v1_41,0.8,46,2,0,1,0.27962,0.96246
v1_41,0.8,46,2,1,1,0.46166,0.72347
v1_41,0.8,46,2,2,1,0.53567,1.44090
v1_41,0.8,46,3,1,-1,0.02221,1.14898
v1_41,0.8,46,3,2,1,0.63133,0.72557
v1_41,0.8,46,4,0,1,0.63718,0.19411
v1_41,0.8,46,4,1,1,0.78477,0.48301
v1_41,0.8,46,4,2,1,0.63649,0.71080
v1_41,0.8,46,5,0,-1,0.00748,2.19763
v1_41,0.8,46,5,1,0,0.39558,0.77524
v1_41,0.8,46,5,4,1,0.90231,0.10637
v1_41,0.8,46,6,0,1,0.68304,0.17025
v1_41,0.8,46,6,1,1,0.78481,0.49293
v1_41,0.8,46,6,2,1,0.68933,0.43148
v1_41,0.8,46,6,4,-1,0.00897,1.67751
v1_41,0.8,46,7,0,1,0.53204,0.52422
v1_41,0.8,46,7,1,-1,0.13847,0.85541
v1_41,0.8,46,7,2,1,0.55335,0.75580
v1_41,0.8,47,0,0,1,0.48900,0.66074
v1_41,0.8,47,0,1,1,0.71118,0.14113
v1_41,0.8,47,0,2,1,0.63346,0.74710
v1_41,0.8,47,0,4,-1,0.00584,2.01148
v1_41,0.8,47,1,0,0,0.82033,0.40092
v1_41,0.8,47,1,1,1,0.68666,0.10569
v1_41,0.8,47,1,2,-1,0.00509,2.02268
v1_41,0.8,47,1,4,1,0.61619,0.45678
v1_41,0.8,47,2,0,1,0.68889,0.20218
v1_41,0.8,47,2,1,1,0.35450,0.80374
v1_41,0.8,47,2,2,1,0.37419,0.64284
v1_41,0.8,47,2,4,-1,0.00398,2.21699
v1_41,0.8,47,3,0,1,0.42730,0.46372
v1_41,0.8,47,3,1,1,0.66931,0.53730
v1_41,0.8,47,3,2,1,0.36681,0.65402
v1_41,0.8,47,4,1,0,0.54660,0.51421
v1_41,0.8,47,4,4,1,0.71841,0.38061
v1_41,0.8,47,5,0,1,0.75517,0.15756
v1_41,0.8,47,5,1,1,0.34262,0.99109
v1_41,0.8,47,5,4,-1,0.00561,2.54406
v1_41,0.8,47,6,0,1,0.56489,0.39557
v1_41,0.8,47,6,1,1,0.56856,0.63206
v1_41,0.8,47,6,2,1,0.22218,2.35040
v1_41,0.8,47,7,1,0,0.62181,0.40825
v1_41,0.8,47,7,4,1,0.78216,0.23325
v1_41,0.8,48,0,0,1,0.52922,0.80041
v1_41,0.8,48,0,1,1,0.61415,0.56464
v1_41,0.8,48,0,2,1,0.55415,0.57387
v1_41,0.8,48,0,4,-1,0.19355,2.56004
v1_41,0.8,48,1,0,1,0.42954,0.91887
v1_41,0.8,48,1,1,1,0.34122,0.89248
v1_41,0.8,48,1,2,1,0.58481,0.67710
v1_41,0.8,48,2,0,-1,0.00307,2.31583
v1_41,0.8,48,2,1,1,0.72998,0.48698
v1_41,0.8,48,2,2,1,0.57700,0.25586
v1_41,0.8,48,3,1,1,0.33765,0.89103
v1_41,0.8,48,3,2,1,0.61263,0.51533
v1_41,0.8,48,3,4,-1,0.33236,1.88040
v1_41,0.8,48,4,0,1,0.57343,0.83878
v1_41,0.8,48,4,1,1,0.72998,0.49736
v1_41,0.8,48,4,2,1,0.26751,1.73670
v1_41,0.8,48,4,4,1,0.89889,0.22425
v1_41,0.8,48,5,0,1,0.62467,0.82496
v1_41,0.8,48,5,1,1,0.72998,0.49486
v1_41,0.8,48,5,2,1,0.35085,0.74836
v1_41,0.8,48,5,4,1,0.90019,0.21320
v1_41,0.8,48,6,0,-1,0.00837,2.15037
v1_41,0.8,48,6,1,1,0.72998,0.49295
v1_41,0.8,48,6,2,1,0.32481,0.73598
v1_41,0.8,48,6,4,-1,0.00572,3.18145
v1_41,0.8,48,7,0,1,0.58547,0.19111
v1_41,0.8,48,7,2,0,0.88807,0.16107
v1_41,0.8,49,0,0,1,0.60727,0.57401
v1_41,0.8,49,0,1,1,0.64904,0.85327
v1_41,0.8,49,0,2,1,0.64430,0.38470
v1_41,0.8,49,1,0,0,0.93888,0.09736
v1_41,0.8,49,1,1,0,0.36974,0.55910
v1_41,0.8,49,1,2,-1,0.87643,0.14506
v1_41,0.8,49,1,4,1,0.47692,0.37999
v1_41,0.8,49,2,0,1,0.54917,0.44254
v1_41,0.8,49,2,1,1,0.62022,0.73864
v1_41,0.8,49,2,2,-1,0.01434,2.08891
v1_41,0.8,49,3,0,1,0.58085,0.32404
v1_41,0.8,49,3,1,-1,0.01338,1.06724
v1_41,0.8,49,3,2,1,0.64545,0.85778
v1_41,0.8,49,4,0,1,0.35706,1.05601
v1_41,0.8,49,4,1,1,0.51027,0.35567
v1_41,0.8,49,4,2,0,0.58519,0.44431
v1_41,0.8,49,5,0,0,0.86723,0.13241
v1_41,0.8,49,5,1,1,0.57883,0.31568
v1_41,0.8,49,5,2,-1,0.92616,0.11343
v1_41,0.8,49,5,4,1,0.78124,0.18589
v1_41,0.8,49,6,0,1,0.60228,0.26026
v1_41,0.8,49,7,0,1,0.74805,0.13335
v1_41,0.8,49,7,1,-1,0.01555,1.12364
v1_41,0.8,49,7,2,1,0.64629,0.83885
v1_41,0.8,49,7,4,1,0.95237,0.11903
v1_41,0.8,50,0,1,1,0.65181,0.91791
v1_41,0.8,50,0,2,1,0.65506,0.87672
v1_41,0.8,50,1,0,0,0.60063,0.02770
v1_41,0.8,50,1,1,0,0.41740,0.72408
v1_41,0.8,50,1,4,1,0.62538,0.44748
v1_41,0.8,50,2,0,1,0.55222,0.55197
v1_41,0.8,50,2,2,-1,0.01138,1.14220
v1_41,0.8,50,3,0,1,0.59455,0.06033
v1_41,0.8,50,3,1,1,0.65293,0.88818
v1_41,0.8,50,3,2,1,0.65506,0.87339
v1_41,0.8,50,4,0,1,0.34885,0.65173
v1_41,0.8,50,4,1,-1,0.03884,0.96939
v1_41,0.8,50,4,2,1,0.63322,0.87431
v1_41,0.8,50,5,0,1,0.01987,2.94474
v1_41,0.8,50,5,1,-1,0.53621,0.28719
v1_41,0.8,50,5,2,1,0.22579,2.30365
v1_41,0.8,50,6,0,0,0.84965,0.07256
v1_41,0.8,50,6,1,0,0.57159,0.45061
v1_41,0.8,50,6,4,1,0.73580,0.28160
v1_41,0.8,50,7,0,1,0.50186,0.68879
v1_41,0.8,50,7,1,-1,0.06115,2.21644
v1_41,0.8,51,0,0,1,0.44433,0.54281
v1_41,0.8,51,0,2,1,0.61959,0.60906
v1_41,0.8,51,1,0,1,0.48072,0.67777
v1_41,0.8,51,1,1,-1,0.00345,1.82081
v1_41,0.8,51,1,2,1,0.55235,0.69882
v1_41,0.8,51,2,0,1,0.60280,0.79092
v1_41,0.8,51,2,1,1,0.64000,0.41940
v1_41,0.8,51,2,2,1,0.68808,0.68185
v1_41,0.8,51,3,0,1,0.65256,0.70197
v1_41,0.8,51,3,1,1,0.78099,0.48297
v1_41,0.8,51,3,2,-1,0.05144,2.38269
v1_41,0.8,51,4,0,1,0.65790,0.36566
v1_41,0.8,51,4,1,1,0.63137,0.06111
v1_41,0.8,51,5,0,1,0.63755,0.42278
v1_41,0.8,51,5,2,0,0.25759,1.86802
v1_41,0.8,51,5,4,-1,0.00470,1.89381
v1_41,0.8,51,6,0,1,0.46227,0.41744
v1_41,0.8,51,6,2,1,0.68798,0.70101
v1_41,0.8,51,7,0,1,0.29462,0.51069
v1_41,0.8,51,7,1,1,0.68497,0.50922
v1_41,0.8,51,7,2,1,0.51245,0.81930
v1_41,0.8,52,0,0,1,0.48159,0.54355
v1_41,0.8,52,0,1,-1,0.01437,2.31078
v1_41,0.8,52,0,2,1,0.63716,0.94237
v1_41,0.8,52,1,0,0,0.89178,0.11095
v1_41,0.8,52,1,1,0,0.63514,0.36183
v1_41,0.8,52,1,4,0,0.20693,2.26238
v1_41,0.8,52,2,2,-1,0.27430,1.47746
v1_41,0.8,52,2,4,-1,0.20844,1.14475
v1_41,0.8,52,3,0,0,0.88730,0.12520
v1_41,0.8,52,3,1,0,0.49247,0.56285
v1_41,0.8,52,3,4,1,0.19212,2.90667
v1_41,0.8,52,4,0,1,0.47824,0.67241
v1_41,0.8,52,4,1,1,0.69495,0.46300
v1_41,0.8,52,4,2,1,0.52533,0.98013
v1_41,0.8,52,4,4,-1,0.00392,3.09995
v1_41,0.8,52,5,0,1,0.40291,0.84178
v1_41,0.8,52,5,1,-1,0.07535,2.16439
v1_41,0.8,52,5,2,1,0.51964,0.28221
v1_41,0.8,52,5,4,-1,0.00479,1.86860
v1_41,0.8,52,6,0,1,0.41591,0.71983
v1_41,0.8,52,6,1,1,0.70453,0.07865
v1_41,0.8,52,6,2,1,0.28516,1.18164
v1_41,0.8,52,7,0,1,0.27889,1.10029
v1_41,0.8,52,7,1,-1,0.01238,2.31424
v1_41,0.8,52,7,2,1,0.62563,0.47951
v1_41,0.8,53,0,4,1,0.95833,0.03883
v1_41,0.8,53,1,0,1,0.34808,0.92106
v1_41,0.8,53,1,1,1,0.59423,0.28339
v1_41,0.8,53,1,2,1,0.64458,0.39830
v1_41,0.8,53,2,0,1,0.30163,0.62845
v1_41,0.8,53,2,2,1,0.72913,0.13666
v1_41,0.8,53,2,4,-1,0.00570,2.64495
v1_41,0.8,53,3,1,-1,0.03127,1.12664
v1_41,0.8,53,3,2,-1,0.01240,2.65171
v1_41,0.8,53,3,4,-1,0.03621,3.22898
v1_41,0.8,53,4,0,1,0.71912,0.21236
v1_41,0.8,53,4,1,1,0.57609,0.37769
v1_41,0.8,53,4,2,1,0.61899,0.25096
v1_41,0.8,53,5,0,1,0.53193,0.40138
v1_41,0.8,53,5,1,-1,0.01365,1.50031
v1_41,0.8,53,5,2,1,0.72245,0.52767
v1_41,0.8,53,6,4,1,0.95411,0.03302
v1_41,0.8,53,7,0,1,0.43098,0.41141
v1_41,0.8,53,7,1,1,0.48785,1.27019
v1_41,0.8,53,7,2,1,0.72913,0.52281
v1_41,0.8,54,0,1,0,0.63002,0.18196
v1_41,0.8,54,0,4,1,0.54441,0.05441
v1_41,0.8,54,1,0,1,0.54453,0.24754
v1_41,0.8,54,1,2,1,0.39715,0.63995
v1_41,0.8,54,2,0,1,0.55688,0.91376
v1_41,0.8,54,2,1,1,0.53282,0.85325
v1_41,0.8,54,2,2,1,0.54220,0.31620
v1_41,0.8,54,2,4,-1,0.00530,2.15398
v1_41,0.8,54,3,0,0,0.83926,0.22500
v1_41,0.8,54,3,1,0,0.92836,0.08195
v1_41,0.8,54,3,2,-1,0.01453,1.13090
v1_41,0.8,54,3,4,1,0.79645,0.20929
v1_41,0.8,54,4,0,1,0.54228,0.17441
v1_41,0.8,54,4,1,-1,0.01432,2.09856
v1_41,0.8,54,4,2,1,0.59832,0.23234
v1_41,0.8,54,4,4,-1,0.00380,1.12382
v1_41,0.8,54,5,0,1,0.17862,3.34169
v1_41,0.8,54,5,1,1,0.66551,0.84045
v1_41,0.8,54,5,2,1,0.56644,0.28115
v1_41,0.8,54,6,1,1,0.55990,0.59165
v1_41,0.8,54,6,2,1,0.68759,0.74259
v1_41,0.8,54,6,4,-1,0.00729,1.99880
v1_41,0.8,54,7,0,1,0.32097,0.70030
v1_41,0.8,54,7,1,-1,0.01426,2.10496
v1_41,0.8,54,7,2,1,0.66064,0.75972
v1_41,0.8,55,0,0,0,0.76959,0.55593
v1_41,0.8,55,0,1,0,0.73678,0.23473
v1_41,0.8,55,0,2,-1,0.01574,2.09362
v1_41,0.8,55,0,4,0,0.45190,0.69489
v1_41,0.8,55,1,0,0,0.68165,0.43459
v1_41,0.8,55,1,1,0,0.57446,0.43638
v1_41,0.8,55,1,2,-1,0.01232,2.10571
v1_41,0.8,55,1,4,1,0.60332,0.49676
v1_41,0.8,55,2,0,1,0.60340,0.31538
v1_41,0.8,55,2,1,-1,0.01272,1.75849
v1_41,0.8,55,2,2,1,0.55186,0.76385
v1_41,0.8,55,3,0,1,0.48702,0.59404
v1_41,0.8,55,3,1,1,0.40853,1.90874
v1_41,0.8,55,3,2,1,0.56038,0.88394
v1_41,0.8,55,3,4,-1,0.07049,2.44304
v1_41,0.8,55,4,0,1,0.32678,0.85824
v1_41,0.8,55,4,1,1,0.59197,0.33689
v1_41,0.8,55,4,2,-1,0.13542,1.64138
v1_41,0.8,55,4,4,-1,0.07621,2.61677
v1_41,0.8,55,5,0,1,0.69224,0.48410
v1_41,0.8,55,5,1,1,0.66254,0.75957
v1_41,0.8,55,5,2,1,0.54321,0.26437
v1_41,0.8,55,5,4,1,0.97063,0.03018
v1_41,0.8,55,6,0,0,0.51011,0.66972
v1_41,0.8,55,6,1,1,0.21455,2.41542
v1_41,0.8,55,6,4,1,0.82112,0.20996
v1_41,0.8,55,7,0,0,0.54964,0.41772
v1_41,0.8,55,7,4,-1,0.54854,1.07803
v1_41,0.8,56,0,4,1,0.79470,0.22294
v1_41,0.8,56,1,0,1,0.73876,0.08537
v1_41,0.8,56,1,1,1,0.39950,0.93761
v1_41,0.8,56,1,2,1,0.58181,0.55482
v1_41,0.8,56,2,0,1,0.39441,0.82982
v1_41,0.8,56,2,1,1,0.55772,0.85213
v1_41,0.8,56,2,2,1,0.64019,0.92928
v1_41,0.8,56,3,0,0,0.78467,0.21326
v1_41,0.8,56,3,1,0,0.56813,0.45712
v1_41,0.8,56,3,4,1,0.94212,0.05678
v1_41,0.8,56,4,0,1,0.34067,0.94785
v1_41,0.8,56,4,4,-1,0.04554,1.13261
v1_41,0.8,56,5,0,-1,0.00828,2.02236
v1_41,0.8,56,5,1,1,0.50292,0.87743
v1_41,0.8,56,5,2,1,0.57847,0.71866
v1_41,0.8,56,6,0,1,0.32915,0.37498
v1_41,0.8,56,6,1,1,0.11382,3.49476
v1_41,0.8,56,6,2,-1,0.03602,1.82025
v1_41,0.8,56,6,4,-1,0.01529,1.38322
v1_41,0.8,56,7,0,0,0.93893,0.09120
v1_41,0.8,56,7,1,0,0.84152,0.10349
v1_41,0.8,56,7,2,0,0.82998,0.21564
v1_41,0.8,56,7,4,1,0.54351,0.34345
v1_41,0.8,57,0,0,1,0.33666,0.50372
v1_41,0.8,57,0,1,1,0.43560,1.74444
v1_41,0.8,57,0,2,1,0.60372,0.24320
v1_41,0.8,57,1,1,1,0.59807,1.12234
v1_41,0.8,57,1,2,1,0.66932,0.13626
v1_41,0.8,57,2,0,0,0.77870,0.20120
v1_41,0.8,57,2,1,0,0.35358,0.86481
v1_41,0.8,57,2,4,1,0.65607,0.41851
v1_41,0.8,57,3,1,1,0.57652,0.33609
v1_41,0.8,57,3,2,1,0.64122,0.14808
v1_41,0.8,57,4,0,1,0.22388,2.17947
v1_41,0.8,57,4,1,1,0.72454,0.04382
v1_41,0.8,57,4,2,1,0.49350,0.41569
v1_41,0.8,57,5,0,0,0.92122,0.12256
v1_41,0.8,57,5,1,0,0.71836,0.02185
v1_41,0.8,57,5,4,1,0.64923,0.42505
v1_41,0.8,57,6,0,1,0.57801,0.30010
v1_41,0.8,57,6,1,1,0.59994,0.95767
v1_41,0.8,57,6,2,1,0.60144,0.33223
v1_41,0.8,57,6,4,-1,0.06490,2.50263
v1_41,0.8,57,7,0,1,0.69178,0.65084
v1_41,0.8,57,7,1,1,0.72454,0.05645
v1_41,0.8,57,7,2,1,0.51027,0.97192
v1_41,0.8,57,7,4,-1,0.00463,3.07036
v1_41,0.8,58,0,0,1,0.64390,0.53306
v1_41,0.8,58,0,1,1,0.66475,0.34472
v1_41,0.8,58,0,2,1,0.42037,0.61589
v1_41,0.8,58,1,0,1,0.63979,0.24044
v1_41,0.8,58,1,1,1,0.42766,0.85155
v1_41,0.8,58,2,0,1,0.73338,0.52430
v1_41,0.8,58,2,1,-1,0.00645,1.85247
v1_41,0.8,58,2,2,1,0.32184,0.76202
v1_41,0.8,58,3,0,0,0.93991,0.05253
v1_41,0.8,58,3,1,0,0.68471,0.18612
v1_41,0.8,58,3,4,1,0.35354,0.94924
v1_41,0.8,58,4,0,1,0.61103,1.06257
v1_41,0.8,58,4,1,1,0.43779,1.53726
v1_41,0.8,58,4,2,-1,0.05903,2.16497
v1_41,0.8,58,5,0,1,0.64872,0.57728
v1_41,0.8,58,5,2,1,0.67535,0.48495
v1_41,0.8,58,6,0,1,0.58351,0.96519
v1_41,0.8,58,6,1,1,0.45103,1.73883
v1_41,0.8,58,6,4,-1,0.00381,1.75745
v1_41,0.8,58,7,0,1,0.22144,2.40506
v1_41,0.8,58,7,1,1,0.66475,0.36595
v1_41,0.8,58,7,2,1,0.53628,0.39612
v1_41,0.8,59,0,0,1,0.53918,0.74149
v1_41,0.8,59,0,1,1,0.68773,0.64991
v1_41,0.8,59,0,2,1,0.36291,0.69074
v1_41,0.8,59,0,4,-1,0.24111,0.76638
v1_41,0.8,59,1,0,1,0.56197,0.33189
v1_41,0.8,59,1,1,-1,0.01888,1.33570
v1_41,0.8,59,1,2,1,0.65828,0.70631
v1_41,0.8,59,2,0,1,0.59021,0.71731
v1_41,0.8,59,2,1,1,0.68773,0.53570
v1_41,0.8,59,2,2,1,0.61210,0.31995
v1_41,0.8,59,3,0,-1,0.00495,2.34837
v1_41,0.8,59,3,1,1,0.68773,0.05691
v1_41,0.8,59,3,2,1,0.65701,0.74059
v1_41,0.8,59,4,0,0,0.40447,0.68665
v1_41,0.8,59,4,1,1,0.55504,0.35958
v1_41,0.8,59,4,2,-1,0.01110,1.71719
v1_41,0.8,59,4,4,-1,0.55023,1.19896
v1_41,0.8,59,5,0,0,0.15933,2.15109
v1_41,0.8,59,5,1,1,0.68773,0.07002
v1_41,0.8,59,5,2,1,0.54719,0.30499
v1_41,0.8,59,6,0,0,0.81833,0.19109
v1_41,0.8,59,6,1,0,0.63268,0.32034
v1_41,0.8,59,6,4,1,0.29946,1.14845
v1_41,0.8,59,7,0,1,0.67698,0.21337
v1_41,0.8,59,7,1,1,0.68773,0.07347
v1_41,0.8,59,7,2,1,0.61214,0.75297
v1_41,0.8,60,0,0,1,0.42925,0.57931
v1_41,0.8,60,0,1,-1,0.00908,1.88058
v1_41,0.8,60,0,2,1,0.28100,1.35601
v1_41,0.8,60,0,4,-1,0.64008,0.79591
v1_41,0.8,60,1,0,1,0.17474,1.62986
v1_41,0.8,60,1,1,-1,0.01265,1.39694
v1_41,0.8,60,1,2,1,0.40788,0.31768
v1_41,0.8,60,2,0,1,0.29272,0.51377
v1_41,0.8,60,2,1,-1,0.00664,2.02923
v1_41,0.8,60,2,2,1,0.61026,0.38754
v1_41,0.8,60,2,4,-1,0.00751,1.32733
v1_41,0.8,60,3,0,1,0.29103,0.55632
v1_41,0.8,60,3,2,1,0.67981,0.61687
v1_41,0.8,60,4,1,1,0.41161,0.68270
v1_41,0.8,60,4,2,-1,0.00783,2.36895
v1_41,0.8,60,5,0,1,0.19846,2.53223
v1_41,0.8,60,5,1,1,0.62542,0.23292
v1_41,0.8,60,5,2,1,0.59097,0.30633
v1_41,0.8,60,6,0,1,0.37257,0.47086
v1_41,0.8,60,6,1,1,0.44379,1.50735
v1_41,0.8,60,6,2,1,0.50934,0.37400
v1_41,0.8,60,6,4,-1,0.00112,2.11542
v1_41,0.8,60,7,1,0,0.69815,0.29660
v1_41,0.8,60,7,4,1,0.91751,0.09677
v1_41,1.2,41,0,0,0,0.22491,2.10141
v1_41,1.2,41,0,1,1,0.74718,0.47834
v1_41,1.2,41,0,2,0,0.65614,0.36939
v1_41,1.2,41,0,4,-1,0.01874,1.13249
v1_41,1.2,41,1,0,0,0.73982,0.15606
v1_41,1.2,41,1,1,0,0.46115,0.65875
v1_41,1.2,41,1,2,0,0.86166,0.13052
v1_41,1.2,41,1,4,-1,0.00956,2.11889
v1_41,1.2,41,2,0,1,0.51895,0.67390
v1_41,1.2,41,2,1,-1,0.00252,2.52981
v1_41,1.2,41,2,2,0,0.67267,0.35769
v1_41,1.2,41,2,4,-1,0.00270,2.84467
v1_41,1.2,41,3,0,1,0.29033,1.04640
v1_41,1.2,41,3,1,1,0.72498,0.48699
v1_41,1.2,41,3,2,0,0.86453,0.11772
v1_41,1.2,41,4,0,1,0.48267,0.42996
v1_41,1.2,41,4,1,1,0.62589,0.50694
v1_41,1.2,41,4,2,0,0.24996,1.84390
v1_41,1.2,41,4,4,-1,0.02326,1.19919
v1_41,1.2,41,5,0,0,0.49130,0.57049
v1_41,1.2,41,5,1,1,0.65303,0.31625
v1_41,1.2,41,5,2,0,0.88653,0.10122
v1_41,1.2,41,5,4,-1,0.00739,1.90856
v1_41,1.2,41,6,0,1,0.12679,3.12470
v1_41,1.2,41,6,1,1,0.69167,0.46106
v1_41,1.2,41,6,2,1,0.73817,0.03620
v1_41,1.2,41,7,0,1,0.44235,0.67361
v1_41,1.2,41,7,1,1,0.74446,0.49280
v1_41,1.2,41,7,2,0,0.56193,0.51206
v1_41,1.2,41,7,4,-1,0.00595,2.84441
v1_41,1.2,42,0,0,1,0.64369,0.84905
v1_41,1.2,42,0,1,1,0.64139,0.73428
v1_41,1.2,42,0,2,0,0.80157,0.14508
v1_41,1.2,42,1,0,1,0.54712,0.47830
v1_41,1.2,42,1,1,1,0.58537,0.76985
v1_41,1.2,42,1,2,0,0.54635,0.50554
v1_41,1.2,42,1,4,-1,0.00443,1.76246
v1_41,1.2,42,2,0,1,0.49163,0.78978
v1_41,1.2,42,2,1,1,0.64139,0.43987
v1_41,1.2,42,2,2,0,0.75156,0.22901
v1_41,1.2,42,3,0,0,0.34644,2.01403
v1_41,1.2,42,3,1,1,0.61782,0.68504
v1_41,1.2,42,3,2,-1,0.00541,1.06533
v1_41,1.2,42,4,0,1,0.64369,0.75903
v1_41,1.2,42,4,1,-1,0.02225,2.18751
v1_41,1.2,42,4,2,1,0.53578,0.71639
v1_41,1.2,42,4,4,-1,0.00800,2.78035
v1_41,1.2,42,5,0,0,0.82379,0.09350
v1_41,1.2,42,5,1,1,0.58969,0.53456
v1_41,1.2,42,5,2,0,0.87717,0.12503
v1_41,1.2,42,6,0,-1,0.00306,2.61014
v1_41,1.2,42,6,1,1,0.64139,0.73737
v1_41,1.2,42,6,2,1,0.56705,0.85140
v1_41,1.2,42,6,4,-1,0.00201,2.85613
v1_41,1.2,42,7,0,0,0.62973,0.36161
v1_41,1.2,42,7,1,1,0.44141,1.59008
v1_41,1.2,42,7,2,0,0.90783,0.08286
v1_41,1.2,42,7,4,1,0.22129,2.58513
v1_41,1.2,43,0,0,1,0.55563,0.50504
v1_41,1.2,43,0,1,1,0.71878,0.57941
v1_41,1.2,43,0,2,0,0.64862,0.13451
v1_41,1.2,43,1,0,0,0.56877,0.46426
v1_41,1.2,43,1,2,1,0.65561,0.68882
v1_41,1.2,43,2,0,0,0.51904,1.29673
v1_41,1.2,43,2,1,1,0.75045,0.57399
v1_41,1.2,43,2,2,1,0.57278,0.32441
v1_41,1.2,43,2,4,-1,0.01960,1.04968
v1_41,1.2,43,3,0,0,0.57014,0.43189
v1_41,1.2,43,3,1,0,0.78724,0.20656
v1_41,1.2,43,3,2,-1,0.03215,0.85705
v1_41,1.2,43,3,4,1,0.68051,0.27231
v1_41,1.2,43,4,0,1,0.59037,0.52791
v1_41,1.2,43,4,1,1,0.75045,0.58835
v1_41,1.2,43,4,2,0,0.93485,0.03240
v1_41,1.2,43,5,0,0,0.27977,1.49210
v1_41,1.2,43,5,1,0,0.63953,0.21533
v1_41,1.2,43,5,2,-1,0.02911,0.85160
v1_41,1.2,43,5,4,1,0.74300,0.30091
v1_41,1.2,43,6,0,1,0.48401,0.87908
v1_41,1.2,43,6,1,1,0.56004,0.37350
v1_41,1.2,43,6,2,0,0.23268,1.95693
v1_41,1.2,43,6,4,-1,0.00426,2.51548
v1_41,1.2,43,7,0,0,0.39342,0.70129
v1_41,1.2,43,7,1,0,0.76662,0.45487
v1_41,1.2,44,0,0,-1,0.00486,2.09344
v1_41,1.2,44,0,1,0,0.57240,0.29597
v1_41,1.2,44,0,2,-1,0.89015,0.10065
v1_41,1.2,44,0,4,1,0.85337,0.15275
v1_41,1.2,44,1,0,0,0.73224,0.23263
v1_41,1.2,44,1,1,0,0.31520,1.11874
v1_41,1.2,44,1,2,0,0.90710,0.09668
v1_41,1.2,44,1,4,1,0.62715,0.44589
v1_41,1.2,44,2,0,0,0.53935,0.48319
v1_41,1.2,44,2,1,0,0.26377,1.66118
v1_41,1.2,44,2,2,-1,0.90010,0.09113
v1_41,1.2,44,2,4,1,0.47121,0.70287
v1_41,1.2,44,3,0,1,0.47165,1.64390
v1_41,1.2,44,3,1,1,0.65228,0.82844
v1_41,1.2,44,3,2,1,0.56037,0.42873
v1_41,1.2,44,4,0,1,0.29158,0.57045
v1_41,1.2,44,4,1,1,0.59795,0.82933
v1_41,1.2,44,4,2,0,0.90102,0.10364
v1_41,1.2,44,5,0,0,0.53847,0.46471
v1_41,1.2,44,5,1,0,0.69598,0.29553
v1_41,1.2,44,5,2,0,0.90364,0.10404
v1_41,1.2,44,5,4,1,0.46624,0.70621
v1_41,1.2,44,6,0,0,0.75714,0.07770
v1_41,1.2,44,6,1,1,0.65228,0.84410
v1_41,1.2,44,6,2,0,0.80468,0.17103
v1_41,1.2,44,7,0,1,0.41506,0.67677
v1_41,1.2,44,7,1,1,0.53496,0.30264
v1_41,1.2,44,7,2,0,0.91569,0.08856
v1_41,1.2,45,0,0,0,0.45001,1.12936
v1_41,1.2,45,0,1,1,0.73497,0.52644
v1_41,1.2,45,0,2,0,0.84101,0.25190
v1_41,1.2,45,1,0,0,0.92715,0.06375
v1_41,1.2,45,1,1,0,0.76719,0.22756
v1_41,1.2,45,1,2,-1,0.09095,2.00581
v1_41,1.2,45,1,4,1,0.34209,0.96553
v1_41,1.2,45,2,0,0,0.49625,0.58493
v1_41,1.2,45,2,1,-1,0.01157,1.37140
v1_41,1.2,45,2,2,0,0.89032,0.02132
v1_41,1.2,45,3,0,1,0.46598,0.71083
v1_41,1.2,45,3,1,1,0.68330,0.46741
v1_41,1.2,45,3,2,0,0.23093,1.46101
v1_41,1.2,45,4,0,0,0.51705,0.29056
v1_41,1.2,45,4,1,1,0.51834,0.34072
v1_41,1.2,45,4,2,0,0.87789,0.08907
v1_41,1.2,45,5,0,1,0.60317,1.00069
v1_41,1.2,45,5,1,1,0.73497,0.52628
v1_41,1.2,45,5,2,1,0.62686,0.41133
v1_41,1.2,45,6,0,1,0.34753,1.91493
v1_41,1.2,45,6,1,1,0.73497,0.53300
v1_41,1.2,45,6,2,0,0.61593,0.45806
v1_41,1.2,45,7,0,0,0.76981,0.22978
v1_41,1.2,45,7,1,1,0.72441,0.58652
v1_41,1.2,45,7,2,0,0.75664,0.05490
v1_41,1.2,46,0,0,1,0.67289,0.35549
v1_41,1.2,46,0,1,1,0.78481,0.48979
v1_41,1.2,46,0,2,0,0.59552,0.55931
v1_41,1.2,46,1,0,0,0.61277,0.41526
v1_41,1.2,46,1,1,1,0.77953,0.52445
v1_41,1.2,46,1,2,0,0.34508,0.93864
v1_41,1.2,46,1,4,-1,0.00701,2.01147
v1_41,1.2,46,2,0,1,0.27314,1.94446
v1_41,1.2,46,2,1,1,0.45857,0.73104
v1_41,1.2,46,2,2,0,0.66974,0.68140
v1_41,1.2,46,2,4,1,0.90776,0.13951
v1_41,1.2,46,3,0,1,0.00725,2.57398
v1_41,1.2,46,3,1,1,0.63720,0.56009
v1_41,1.2,46,3,2,0,0.81079,0.18944
v1_41,1.2,46,4,0,1,0.18765,1.68052
v1_41,1.2,46,4,1,1,0.58136,0.40184
v1_41,1.2,46,4,2,1,0.43777,0.58165
v1_41,1.2,46,5,0,-1,0.00323,2.18518
v1_41,1.2,46,5,1,0,0.54687,0.52492
v1_41,1.2,46,5,4,1,0.89595,0.11854
v1_41,1.2,46,6,0,1,0.68304,0.35526
v1_41,1.2,46,6,1,1,0.76382,0.49665
v1_41,1.2,46,6,2,0,0.86112,0.21489
v1_41,1.2,46,7,0,1,0.58924,0.69317
v1_41,1.2,46,7,1,1,0.74194,0.35450
v1_41,1.2,46,7,2,0,0.66720,0.34463
v1_41,1.2,47,0,0,1,0.75517,0.33955
v1_41,1.2,47,0,1,1,0.68479,0.40460
v1_41,1.2,47,0,2,0,0.80847,0.20004
v1_41,1.2,47,0,4,-1,0.00767,1.98288
v1_41,1.2,47,1,0,0,0.87952,0.27315
v1_41,1.2,47,1,1,0,0.74383,0.31164
v1_41,1.2,47,1,2,-1,0.01004,1.23426
v1_41,1.2,47,1,4,1,0.59620,0.50333
v1_41,1.2,47,2,0,1,0.58347,0.25154
v1_41,1.2,47,2,1,1,0.35324,0.80898
v1_41,1.2,47,2,2,0,0.64619,0.12759
v1_41,1.2,47,2,4,-1,0.00676,2.21199
v1_41,1.2,47,3,0,1,0.56240,0.46138
v1_41,1.2,47,3,1,1,0.77160,0.49132
v1_41,1.2,47,3,2,1,0.35203,0.97644
v1_41,1.2,47,4,1,0,0.78321,0.22753
v1_41,1.2,47,4,4,1,0.61392,0.27642
v1_41,1.2,47,5,0,0,0.83560,0.27820
v1_41,1.2,47,5,1,1,0.55141,0.41219
v1_41,1.2,47,6,0,0,0.42454,0.71079
v1_41,1.2,47,6,1,1,0.59042,0.61063
v1_41,1.2,47,6,2,0,0.25477,1.81377
v1_41,1.2,47,7,1,0,0.43148,0.71775
v1_41,1.2,47,7,4,1,0.76068,0.26646
v1_41,1.2,48,0,0,0,0.70728,0.10800
v1_41,1.2,48,0,1,1,0.60788,0.56977
v1_41,1.2,48,0,2,1,0.71587,0.57579
v1_41,1.2,48,1,0,0,0.53245,0.54368
v1_41,1.2,48,1,1,1,0.33935,0.89777
v1_41,1.2,48,1,2,0,0.94563,0.05499
v1_41,1.2,48,2,0,-1,0.00417,2.22126
v1_41,1.2,48,2,1,1,0.72998,0.47370
v1_41,1.2,48,2,2,1,0.42388,0.26799
v1_41,1.2,48,3,0,0,0.54826,0.14760
v1_41,1.2,48,3,1,1,0.63083,0.54519
v1_41,1.2,48,3,2,0,0.92241,0.06892
v1_41,1.2,48,3,4,1,0.90181,0.21383
v1_41,1.2,48,4,0,1,0.62449,0.77653
v1_41,1.2,48,4,1,1,0.72998,0.47937
v1_41,1.2,48,4,2,1,0.66933,0.58573
v1_41,1.2,48,4,4,-1,0.90817,0.13190
v1_41,1.2,48,5,0,1,0.62467,0.82423
v1_41,1.2,48,5,1,1,0.72998,0.48474
v1_41,1.2,48,5,2,1,0.27130,1.25648
v1_41,1.2,48,5,4,-1,0.13899,2.72611
v1_41,1.2,48,6,0,-1,0.01006,2.14676
v1_41,1.2,48,6,1,1,0.68746,0.51667
v1_41,1.2,48,6,2,1,0.32984,0.96095
v1_41,1.2,48,6,4,-1,0.00369,3.19495
v1_41,1.2,48,7,0,0,0.80187,0.15178
v1_41,1.2,48,7,1,0,0.76547,0.29709
v1_41,1.2,48,7,2,0,0.88644,0.15765
v1_41,1.2,49,0,0,1,0.55405,0.56447
v1_41,1.2,49,0,1,1,0.56495,0.92590
v1_41,1.2,49,0,2,1,0.64433,0.48385
v1_41,1.2,49,1,0,0,0.92259,0.13665
v1_41,1.2,49,1,1,0,0.49568,0.13628
v1_41,1.2,49,1,2,0,0.88761,0.12824
v1_41,1.2,49,1,4,1,0.47203,0.39380
v1_41,1.2,49,2,0,0,0.60425,0.43942
v1_41,1.2,49,2,1,1,0.65267,0.67747
v1_41,1.2,49,2,2,1,0.64629,0.85231
v1_41,1.2,49,2,4,-1,0.00944,3.09042
v1_41,1.2,49,3,0,0,0.44002,0.70675
v1_41,1.2,49,3,1,-1,0.01871,1.06140
v1_41,1.2,49,3,2,1,0.62983,0.85688
v1_41,1.2,49,3,4,1,0.93825,0.14640
v1_41,1.2,49,4,0,0,0.32849,1.19923
v1_41,1.2,49,4,1,1,0.35175,0.71911
v1_41,1.2,49,4,2,0,0.88687,0.12850
v1_41,1.2,49,4,4,1,0.94472,0.16451
v1_41,1.2,49,5,0,0,0.77302,0.23357
v1_41,1.2,49,5,1,0,0.69356,0.17446
v1_41,1.2,49,5,2,0,0.90750,0.12196
v1_41,1.2,49,5,4,1,0.78915,0.25646
v1_41,1.2,49,6,0,1,0.30892,0.58797
v1_41,1.2,49,6,1,1,0.22139,1.55063
v1_41,1.2,49,6,4,-1,0.07083,2.89903
v1_41,1.2,49,7,0,1,0.63422,0.23326
v1_41,1.2,49,7,1,1,0.50627,0.72956
v1_41,1.2,49,7,2,1,0.64629,0.84697
v1_41,1.2,49,7,4,1,0.95275,0.12263
v1_41,1.2,50,0,1,1,0.65719,0.91132
v1_41,1.2,50,0,2,0,0.83718,0.17349
v1_41,1.2,50,0,4,-1,0.00285,2.58332
v1_41,1.2,50,1,0,0,0.70922,0.29435
v1_41,1.2,50,1,1,0,0.56242,0.49155
v1_41,1.2,50,1,2,-1,0.79453,0.35987
v1_41,1.2,50,1,4,1,0.56686,0.53487
v1_41,1.2,50,2,0,0,0.23019,1.36071
v1_41,1.2,50,2,1,1,0.52180,0.77350
v1_41,1.2,50,2,2,0,0.44871,1.57399
v1_41,1.2,50,2,4,-1,0.01293,1.72105
v1_41,1.2,50,3,0,0,0.64309,0.31210
v1_41,1.2,50,3,1,1,0.65714,0.88510
v1_41,1.2,50,3,2,0,0.62781,0.38790
v1_41,1.2,50,3,4,1,0.21675,2.32137
v1_41,1.2,50,4,0,0,0.38020,0.75172
v1_41,1.2,50,4,1,1,0.56183,0.22680
v1_41,1.2,50,4,2,0,0.86535,0.13548
v1_41,1.2,50,5,0,0,0.63181,0.32902
v1_41,1.2,50,5,1,1,0.38456,0.82726
v1_41,1.2,50,5,2,0,0.25319,1.83676
v1_41,1.2,50,5,4,1,0.32282,2.87056
v1_41,1.2,50,6,0,0,0.86126,0.17303
v1_41,1.2,50,6,1,0,0.59768,0.41048
v1_41,1.2,50,6,2,-1,0.88900,0.12676
v1_41,1.2,50,6,4,1,0.35439,0.91531
v1_41,1.2,50,7,0,0,0.67676,0.32989
v1_41,1.2,50,7,1,1,0.63811,0.49368
v1_41,1.2,50,7,4,-1,0.01915,1.29399
v1_41,1.2,51,0,0,1,0.42708,0.53952
v1_41,1.2,51,0,2,0,0.83706,0.13999
v1_41,1.2,51,1,0,1,0.53401,0.65051
v1_41,1.2,51,1,1,-1,0.00347,1.82609
v1_41,1.2,51,1,2,1,0.55236,0.69813
v1_41,1.2,51,2,0,0,0.69595,0.31621
v1_41,1.2,51,2,1,1,0.42726,0.75791
v1_41,1.2,51,2,2,0,0.93874,0.05760
v1_41,1.2,51,3,0,1,0.66460,0.69020
v1_41,1.2,51,3,1,1,0.78099,0.48297
v1_41,1.2,51,3,2,0,0.70618,0.42754
v1_41,1.2,51,4,0,0,0.87434,0.12133
v1_41,1.2,51,4,1,0,0.62351,0.29558
v1_41,1.2,51,5,0,0,0.63097,0.41059
v1_41,1.2,51,5,1,0,0.22718,1.68414
v1_41,1.2,51,5,2,0,0.25759,1.86802
v1_41,1.2,51,5,4,-1,0.02363,1.15889
v1_41,1.2,51,6,0,0,0.75670,0.25621
v1_41,1.2,51,6,1,1,0.60482,0.32729
v1_41,1.2,51,6,2,0,0.93782,0.06383
v1_41,1.2,51,6,4,-1,0.02003,1.38724
v1_41,1.2,51,7,0,1,0.31703,0.68142
v1_41,1.2,51,7,1,1,0.77513,0.48521
v1_41,1.2,51,7,2,0,0.84572,0.15593
v1_41,1.2,52,0,0,0,0.64375,0.19329
v1_41,1.2,52,0,1,1,0.70456,0.61942
v1_41,1.2,52,0,2,0,0.61379,0.40395
v1_41,1.2,52,1,0,0,0.85174,0.13619
v1_41,1.2,52,1,1,0,0.63477,0.40931
v1_41,1.2,52,1,2,-1,0.16937,1.67488
v1_41,1.2,52,1,4,1,0.79671,0.26173
v1_41,1.2,52,2,0,0,0.73399,0.17835
v1_41,1.2,52,2,1,1,0.56272,0.55615
v1_41,1.2,52,2,2,-1,0.27471,1.47640
v1_41,1.2,52,2,4,0,0.59551,0.48819
v1_41,1.2,52,3,0,0,0.81901,0.16294
v1_41,1.2,52,3,1,0,0.45463,0.64744
v1_41,1.2,52,3,2,-1,0.31739,1.38401
v1_41,1.2,52,3,4,1,0.19191,2.83664
v1_41,1.2,52,4,0,1,0.38539,0.50902
v1_41,1.2,52,4,1,1,0.66028,0.63406
v1_41,1.2,52,4,2,0,0.62251,0.37228
v1_41,1.2,52,4,4,-1,0.00871,3.21335
v1_41,1.2,52,5,0,-1,0.26874,0.65249
v1_41,1.2,52,5,1,1,0.70456,0.64232
v1_41,1.2,52,5,2,0,0.53601,0.48550
v1_41,1.2,52,5,4,-1,0.00618,1.69630
v1_41,1.2,52,6,0,0,0.41127,0.70034
v1_41,1.2,52,6,1,1,0.70454,0.62697
v1_41,1.2,52,6,2,0,0.55058,0.48924
v1_41,1.2,52,7,0,1,0.24132,1.27614
v1_41,1.2,52,7,1,1,0.67034,0.64190
v1_41,1.2,52,7,2,0,0.87417,0.19285
v1_41,1.2,53,0,1,1,0.24875,1.56055
v1_41,1.2,53,0,4,1,0.78646,0.23145
v1_41,1.2,53,1,0,1,0.39190,0.82263
v1_41,1.2,53,1,1,1,0.71145,0.02712
v1_41,1.2,53,1,2,1,0.72913,0.31809
v1_41,1.2,53,2,0,0,0.71974,0.32114
v1_41,1.2,53,2,1,1,0.35055,0.71266
v1_41,1.2,53,2,2,0,0.70973,0.67527
v1_41,1.2,53,2,4,-1,0.00553,2.69958
v1_41,1.2,53,3,0,0,0.71306,0.35839
v1_41,1.2,53,3,1,1,0.55110,0.35981
v1_41,1.2,53,3,2,0,0.82399,0.25427
v1_41,1.2,53,4,0,1,0.63564,0.62489
v1_41,1.2,53,4,1,1,0.43524,0.60691
v1_41,1.2,53,4,2,0,0.27551,1.32517
v1_41,1.2,53,4,4,-1,0.02295,1.12483
v1_41,1.2,53,5,0,1,0.45838,0.37616
v1_41,1.2,53,5,1,1,0.26217,2.71601
v1_41,1.2,53,5,2,-1,0.01078,2.44399
v1_41,1.2,53,6,1,0,0.40859,0.75615
v1_41,1.2,53,6,4,1,0.95379,0.03358
v1_41,1.2,53,7,0,1,0.42844,0.38249
v1_41,1.2,53,7,1,1,0.45446,1.28773
v1_41,1.2,53,7,2,0,0.88748,0.23419
v1_41,1.2,54,0,1,0,0.40911,0.67512
v1_41,1.2,54,0,4,1,0.71103,0.22511
v1_41,1.2,54,1,0,0,0.61811,0.33822
v1_41,1.2,54,1,2,1,0.56543,0.79746
v1_41,1.2,54,2,0,0,0.76357,0.22689
v1_41,1.2,54,2,1,1,0.51389,0.77622
v1_41,1.2,54,2,2,1,0.53364,0.23380
v1_41,1.2,54,2,4,-1,0.00530,2.15398
v1_41,1.2,54,3,0,0,0.85831,0.21795
v1_41,1.2,54,3,1,0,0.91370,0.08799
v1_41,1.2,54,3,2,-1,0.36712,0.58457
v1_41,1.2,54,3,4,1,0.60087,0.20377
v1_41,1.2,54,4,0,0,0.67016,0.27694
v1_41,1.2,54,4,1,1,0.66551,0.83157
v1_41,1.2,54,4,2,0,0.68073,0.34148
v1_41,1.2,54,4,4,-1,0.00362,1.22245
v1_41,1.2,54,5,0,1,0.17981,2.32018
v1_41,1.2,54,5,1,1,0.66551,0.84045
v1_41,1.2,54,5,2,0,0.63838,0.39315
v1_41,1.2,54,6,0,0,0.24501,1.19901
v1_41,1.2,54,6,1,1,0.56354,0.53102
v1_41,1.2,54,6,2,0,0.75639,0.08149
v1_41,1.2,54,7,0,0,0.37324,0.75309
v1_41,1.2,54,7,1,-1,0.01424,2.10803
v1_41,1.2,54,7,2,0,0.76025,0.24314
v1_41,1.2,55,0,0,0,0.87340,0.30378
v1_41,1.2,55,0,1,0,0.38019,0.80405
v1_41,1.2,55,0,2,-1,0.00871,2.11215
v1_41,1.2,55,0,4,1,0.60397,0.49294
v1_41,1.2,55,1,0,0,0.84937,0.30183
v1_41,1.2,55,1,1,0,0.56351,0.13735
v1_41,1.2,55,1,2,0,0.89319,0.08452
v1_41,1.2,55,1,4,1,0.66974,0.39577
v1_41,1.2,55,2,0,1,0.60297,0.31606
v1_41,1.2,55,2,1,1,0.21830,1.81174
v1_41,1.2,55,2,2,0,0.69828,0.29803
v1_41,1.2,55,2,4,-1,0.01587,1.04282
v1_41,1.2,55,3,0,1,0.39684,0.82331
v1_41,1.2,55,3,1,1,0.64051,0.70050
v1_41,1.2,55,3,2,0,0.89654,0.10187
v1_41,1.2,55,3,4,-1,0.20869,2.33093
v1_41,1.2,55,4,0,1,0.32474,0.86432
v1_41,1.2,55,4,1,1,0.58107,0.30088
v1_41,1.2,55,4,2,-1,0.13322,1.64533
v1_41,1.2,55,4,4,-1,0.36848,0.70229
v1_41,1.2,55,5,0,-1,0.00899,2.49651
v1_41,1.2,55,5,1,1,0.66254,0.75957
v1_41,1.2,55,5,2,0,0.61199,0.38323
v1_41,1.2,55,5,4,1,0.96815,0.03732
v1_41,1.2,55,6,0,0,0.42975,0.91729
v1_41,1.2,55,6,1,0,0.79563,0.21864
v1_41,1.2,55,6,4,1,0.74606,0.08808
v1_41,1.2,55,7,0,0,0.56339,0.27830
v1_41,1.2,55,7,1,1,0.46182,0.76422
v1_41,1.2,55,7,2,-1,0.01170,2.10287
v1_41,1.2,55,7,4,1,0.53341,0.18767
v1_41,1.2,56,0,1,0,0.82445,0.17897
v1_41,1.2,56,0,4,1,0.78931,0.17230
v1_41,1.2,56,1,0,0,0.65664,0.36054
v1_41,1.2,56,1,1,1,0.60670,0.72360
v1_41,1.2,56,1,2,0,0.79786,0.17708
v1_41,1.2,56,2,0,1,0.46023,1.07965
v1_41,1.2,56,2,1,1,0.47837,0.85200
v1_41,1.2,56,2,2,0,0.87522,0.17905
v1_41,1.2,56,3,0,0,0.80472,0.16703
v1_41,1.2,56,3,1,0,0.71002,0.26921
v1_41,1.2,56,3,4,1,0.80584,0.11127
v1_41,1.2,56,4,0,0,0.41379,0.71778
v1_41,1.2,56,4,1,0,0.66509,0.08659
v1_41,1.2,56,4,2,-1,0.01739,1.13489
v1_41,1.2,56,4,4,1,0.79035,0.59982
v1_41,1.2,56,5,0,-1,0.00915,2.00969
v1_41,1.2,56,5,1,1,0.46688,0.83494
v1_41,1.2,56,5,2,0,0.56349,0.46853
v1_41,1.2,56,6,0,0,0.48451,0.11528
v1_41,1.2,56,6,1,1,0.64443,0.84917
v1_41,1.2,56,6,2,-1,0.16633,0.80488
v1_41,1.2,56,6,4,0,0.69534,0.32657
v1_41,1.2,56,7,0,0,0.77549,0.23993
v1_41,1.2,56,7,1,0,0.78841,0.33419
v1_41,1.2,56,7,2,0,0.83007,0.21034
v1_41,1.2,56,7,4,1,0.58433,0.37042
v1_41,1.2,57,0,0,1,0.50588,0.37721
v1_41,1.2,57,0,1,1,0.37077,1.73675
v1_41,1.2,57,0,2,0,0.91886,0.06682
v1_41,1.2,57,1,1,1,0.59807,1.12234
v1_41,1.2,57,1,2,1,0.59975,0.33594
v1_41,1.2,57,2,0,0,0.85357,0.10431
v1_41,1.2,57,2,1,0,0.36352,0.85387
v1_41,1.2,57,2,2,-1,0.56149,0.77510
v1_41,1.2,57,2,4,1,0.57159,0.55227
v1_41,1.2,57,3,1,1,0.67791,0.17756
v1_41,1.2,57,3,2,1,0.28942,1.18107
v1_41,1.2,57,4,0,1,0.22388,2.11079
v1_41,1.2,57,4,1,1,0.72454,0.03982
v1_41,1.2,57,4,2,0,0.63189,0.39932
v1_41,1.2,57,4,4,-1,0.00124,3.13192
v1_41,1.2,57,5,0,0,0.93670,0.08759
v1_41,1.2,57,5,1,0,0.41030,0.82730
v1_41,1.2,57,5,2,-1,0.91949,0.13494
v1_41,1.2,57,5,4,1,0.71532,0.33459
v1_41,1.2,57,6,0,1,0.56194,0.32893
v1_41,1.2,57,6,1,1,0.63568,0.94782
v1_41,1.2,57,6,2,0,0.84187,0.15581
v1_41,1.2,57,6,4,-1,0.03786,2.47226
v1_41,1.2,57,7,0,1,0.69159,0.65037
v1_41,1.2,57,7,1,1,0.72454,0.05583
v1_41,1.2,57,7,2,0,0.34815,1.48741
v1_41,1.2,57,7,4,-1,0.00614,3.06495
v1_41,1.2,58,0,0,1,0.71195,0.57558
v1_41,1.2,58,0,1,1,0.66475,0.34472
v1_41,1.2,58,0,2,0,0.64901,0.10075
v1_41,1.2,58,1,0,0,0.68390,0.33544
v1_41,1.2,58,1,1,1,0.42570,0.85379
v1_41,1.2,58,1,4,-1,0.00829,3.19744
v1_41,1.2,58,2,0,0,0.59184,0.60007
v1_41,1.2,58,2,1,-1,0.00651,1.85358
v1_41,1.2,58,2,2,1,0.40806,0.92167
v1_41,1.2,58,3,0,0,0.49870,0.59380
v1_41,1.2,58,3,1,0,0.46438,0.67558
v1_41,1.2,58,3,4,1,0.36519,0.98727
v1_41,1.2,58,4,0,1,0.60057,1.10973
v1_41,1.2,58,4,1,1,0.49212,1.52037
v1_41,1.2,58,4,2,1,0.46132,0.77980
v1_41,1.2,58,5,0,1,0.66154,0.56449
v1_41,1.2,58,5,1,1,0.22794,2.33152
v1_41,1.2,58,5,2,0,0.92880,0.05545
v1_41,1.2,58,5,4,-1,0.00203,3.24756
v1_41,1.2,58,6,0,1,0.70886,0.65165
v1_41,1.2,58,6,1,1,0.44964,1.74546
v1_41,1.2,58,6,2,1,0.50845,0.58819
v1_41,1.2,58,6,4,-1,0.00532,1.18938
v1_41,1.2,58,7,0,1,0.52745,1.45652
v1_41,1.2,58,7,1,1,0.66475,0.36595
v1_41,1.2,58,7,2,0,0.19166,1.67700
v1_41,1.2,59,0,0,1,0.42234,0.57077
v1_41,1.2,59,0,1,1,0.68773,0.64870
v1_41,1.2,59,0,2,0,0.40590,0.72302
v1_41,1.2,59,0,4,1,0.93291,0.13439
v1_41,1.2,59,1,0,0,0.62195,0.42543
v1_41,1.2,59,1,1,1,0.26601,2.36633
v1_41,1.2,59,1,2,0,0.95164,0.03927
v1_41,1.2,59,1,4,1,0.90828,0.15027
v1_41,1.2,59,2,0,1,0.59606,0.71461
v1_41,1.2,59,2,1,1,0.66523,0.50477
v1_41,1.2,59,2,2,0,0.76509,0.20820
v1_41,1.2,59,3,0,-1,0.00560,2.34929
v1_41,1.2,59,3,1,1,0.68773,0.07488
v1_41,1.2,59,3,2,1,0.54689,0.76712
v1_41,1.2,59,4,0,0,0.66849,0.33061
v1_41,1.2,59,4,1,0,0.55927,0.64516
v1_41,1.2,59,4,2,0,0.22407,1.99934
v1_41,1.2,59,4,4,1,0.49390,0.73773
v1_41,1.2,59,5,0,0,0.15212,2.15388
v1_41,1.2,59,5,1,1,0.68773,0.06725
v1_41,1.2,59,5,2,1,0.51806,0.31403
v1_41,1.2,59,5,4,-1,0.00188,2.49534
v1_41,1.2,59,6,0,0,0.81095,0.19560
v1_41,1.2,59,6,1,0,0.65034,0.28648
v1_41,1.2,59,6,2,0,0.95076,0.04471
v1_41,1.2,59,6,4,1,0.80156,0.25229
v1_41,1.2,59,7,0,0,0.38639,0.87379
v1_41,1.2,59,7,1,1,0.68773,0.06740
v1_41,1.2,59,7,2,1,0.60226,0.75788
v1_41,1.2,60,0,0,1,0.60454,0.68044
v1_41,1.2,60,0,1,-1,0.00888,1.91870
v1_41,1.2,60,0,2,0,0.94655,0.04322
v1_41,1.2,60,0,4,1,0.92947,0.10655
v1_41,1.2,60,1,0,1,0.19404,1.53144
v1_41,1.2,60,1,1,1,0.31695,2.60932
v1_41,1.2,60,1,2,0,0.47083,0.30146
v1_41,1.2,60,2,0,1,0.51625,0.46758
v1_41,1.2,60,2,2,1,0.64522,0.42716
v1_41,1.2,60,2,4,-1,0.01487,1.31879
v1_41,1.2,60,3,0,1,0.31722,0.96712
v1_41,1.2,60,3,1,1,0.18262,2.04567
v1_41,1.2,60,3,2,0,0.89213,0.16563
v1_41,1.2,60,3,4,-1,0.00605,2.88851
v1_41,1.2,60,4,0,0,0.20635,1.72356
v1_41,1.2,60,4,1,1,0.53795,0.39106
v1_41,1.2,60,4,2,-1,0.00707,2.37193
v1_41,1.2,60,4,4,1,0.80497,0.20718
v1_41,1.2,60,5,0,1,0.19686,1.68673
v1_41,1.2,60,5,1,1,0.70421,0.05455
v1_41,1.2,60,5,2,1,0.57130,0.36777
v1_41,1.2,60,6,0,1,0.37848,0.45482
v1_41,1.2,60,6,1,1,0.50909,1.49860
v1_41,1.2,60,6,2,0,0.61601,0.36463
v1_41,1.2,60,6,4,-1,0.00288,2.12926
v1_41,1.2,60,7,1,0,0.65198,0.36105
v1_41,1.2,60,7,4,1,0.91048,0.12746
v1_41,1.8,41,0,0,0,0.95417,0.03053
v1_41,1.8,41,0,1,0,0.84783,0.26375
v1_41,1.8,41,0,2,0,0.79088,0.09305
v1_41,1.8,41,0,4,1,0.90773,0.16372
v1_41,1.8,41,1,0,0,0.93268,0.03162
v1_41,1.8,41,1,1,0,0.69409,0.26839
v1_41,1.8,41,1,2,0,0.85983,0.13330
v1_41,1.8,41,1,4,1,0.20473,2.46749
v1_41,1.8,41,2,0,0,0.80492,0.29342
v1_41,1.8,41,2,1,-1,0.01051,2.46809
v1_41,1.8,41,2,2,0,0.70706,0.31471
v1_41,1.8,41,2,4,1,0.92054,0.15779
v1_41,1.8,41,3,0,0,0.29474,1.73619
v1_41,1.8,41,3,1,0,0.83857,0.19666
v1_41,1.8,41,3,2,0,0.71366,0.29297
v1_41,1.8,41,3,4,1,0.31565,2.98601
v1_41,1.8,41,4,0,0,0.65094,0.19406
v1_41,1.8,41,4,1,1,0.74718,0.46579
v1_41,1.8,41,4,2,0,0.57953,0.47103
v1_41,1.8,41,4,4,1,0.75297,0.69155
v1_41,1.8,41,5,0,0,0.77583,0.14911
v1_41,1.8,41,5,1,-1,0.75732,0.14772
v1_41,1.8,41,5,2,0,0.85765,0.13258
v1_41,1.8,41,5,4,1,0.20562,2.56795
v1_41,1.8,41,6,0,0,0.08848,4.23314
v1_41,1.8,41,6,1,1,0.53394,0.56324
v1_41,1.8,41,6,2,0,0.87228,0.11755
v1_41,1.8,41,6,4,1,0.52106,1.36349
v1_41,1.8,41,7,0,0,0.92365,0.05138
v1_41,1.8,41,7,1,0,0.87999,0.26453
v1_41,1.8,41,7,2,0,0.60961,0.43994
v1_41,1.8,41,7,4,1,0.91606,0.14802
v1_41,1.8,42,0,0,0,0.89938,0.10133
v1_41,1.8,42,0,1,0,0.90672,0.06086
v1_41,1.8,42,0,2,0,0.73900,0.42132
v1_41,1.8,42,0,4,1,0.90695,0.19257
v1_41,1.8,42,1,0,0,0.70954,0.01268
v1_41,1.8,42,1,1,0,0.94865,0.03083
v1_41,1.8,42,1,2,0,0.86335,0.11353
v1_41,1.8,42,1,4,1,0.90821,0.17276
v1_41,1.8,42,2,0,0,0.67544,0.19652
v1_41,1.8,42,2,1,0,0.91081,0.08817
v1_41,1.8,42,2,2,0,0.69420,0.23906
v1_41,1.8,42,2,4,-1,0.25005,2.09808
v1_41,1.8,42,3,0,0,0.23922,2.93747
v1_41,1.8,42,3,1,0,0.65461,0.37816
v1_41,1.8,42,3,2,0,0.93568,0.05996
v1_41,1.8,42,3,4,1,0.67956,0.33358
v1_41,1.8,42,4,0,0,0.85884,0.30032
v1_41,1.8,42,4,1,-1,0.06781,2.08494
v1_41,1.8,42,4,2,0,0.76534,0.15385
v1_41,1.8,42,4,4,1,0.90843,0.17389
v1_41,1.8,42,5,0,0,0.37934,0.79357
v1_41,1.8,42,5,1,0,0.95020,0.01494
v1_41,1.8,42,5,2,0,0.86777,0.13198
v1_41,1.8,42,5,4,1,0.42737,1.20692
v1_41,1.8,42,6,0,-1,0.00264,2.61958
v1_41,1.8,42,6,1,0,0.95020,0.03143
v1_41,1.8,42,6,2,0,0.67148,0.34250
v1_41,1.8,42,6,4,1,0.88219,0.18557
v1_41,1.8,42,7,0,0,0.68845,0.29649
v1_41,1.8,42,7,1,0,0.76981,0.23606
v1_41,1.8,42,7,2,0,0.78274,0.20790
v1_41,1.8,42,7,4,1,0.62293,0.45420
v1_41,1.8,43,0,0,0,0.44602,1.62154
v1_41,1.8,43,0,1,0,0.75203,0.33076
v1_41,1.8,43,0,2,0,0.78229,0.21648
v1_41,1.8,43,0,4,1,0.34501,2.73358
v1_41,1.8,43,1,0,0,0.63559,0.36859
v1_41,1.8,43,1,1,0,0.89366,0.10455
v1_41,1.8,43,1,2,0,0.66814,0.42318
v1_41,1.8,43,1,4,1,0.87390,0.13947
v1_41,1.8,43,2,0,0,0.51857,1.29857
v1_41,1.8,43,2,1,0,0.88716,0.10826
v1_41,1.8,43,2,2,0,0.64517,0.42429
v1_41,1.8,43,2,4,1,0.51208,0.61382
v1_41,1.8,43,3,0,0,0.87462,0.02902
v1_41,1.8,43,3,1,0,0.85574,0.06943
v1_41,1.8,43,3,2,0,0.92131,0.06760
v1_41,1.8,43,3,4,1,0.88133,0.15552
v1_41,1.8,43,4,0,0,0.87461,0.13485
v1_41,1.8,43,4,1,0,0.89102,0.10154
v1_41,1.8,43,4,2,0,0.74058,0.26789
v1_41,1.8,43,5,0,0,0.76851,0.16010
v1_41,1.8,43,5,1,0,0.82449,0.09689
v1_41,1.8,43,5,2,0,0.92404,0.06018
v1_41,1.8,43,5,4,1,0.52713,0.04457
v1_41,1.8,43,6,0,0,0.86223,0.13512
v1_41,1.8,43,6,1,0,0.65479,0.20836
v1_41,1.8,43,6,2,0,0.92986,0.04992
v1_41,1.8,43,6,4,1,0.35999,2.36077
v1_41,1.8,43,7,0,0,0.81125,0.10885
v1_41,1.8,43,7,1,0,0.87698,0.22954
v1_41,1.8,43,7,2,0,0.92585,0.01795
v1_41,1.8,43,7,4,1,0.23070,2.47858
v1_41,1.8,44,0,0,-1,0.14164,1.69123
v1_41,1.8,44,0,1,0,0.68878,0.15738
v1_41,1.8,44,0,2,0,0.91633,0.09467
v1_41,1.8,44,0,4,-1,0.18734,0.83292
v1_41,1.8,44,1,0,0,0.79771,0.11687
v1_41,1.8,44,1,1,0,0.11952,3.48187
v1_41,1.8,44,1,2,0,0.88754,0.11488
v1_41,1.8,44,1,4,-1,0.52632,0.55973
v1_41,1.8,44,2,0,0,0.78969,0.17508
v1_41,1.8,44,2,1,0,0.91406,0.01844
v1_41,1.8,44,2,2,0,0.90175,0.10427
v1_41,1.8,44,2,4,1,0.91034,0.13836
v1_41,1.8,44,3,0,0,0.61748,0.88565
v1_41,1.8,44,3,1,0,0.88615,0.10891
v1_41,1.8,44,3,2,0,0.70117,0.13595
v1_41,1.8,44,4,0,0,0.85770,0.18335
v1_41,1.8,44,4,1,0,0.63804,0.47843
v1_41,1.8,44,4,2,0,0.84572,0.14402
v1_41,1.8,44,4,4,1,0.95313,0.12448
v1_41,1.8,44,5,0,0,0.38700,1.01834
v1_41,1.8,44,5,1,0,0.80626,0.15971
v1_41,1.8,44,5,2,0,0.90891,0.09915
v1_41,1.8,44,5,4,1,0.41820,0.79798
v1_41,1.8,44,6,0,0,0.77829,0.10993
v1_41,1.8,44,6,1,0,0.65301,0.35890
v1_41,1.8,44,6,2,0,0.80932,0.15366
v1_41,1.8,44,6,4,1,0.95510,0.10120
v1_41,1.8,44,7,0,0,0.33511,0.80014
v1_41,1.8,44,7,1,0,0.87612,0.11847
v1_41,1.8,44,7,2,0,0.90234,0.09739
v1_41,1.8,44,7,4,1,0.95220,0.07719
v1_41,1.8,45,0,0,0,0.50319,0.70667
v1_41,1.8,45,0,1,0,0.93272,0.05903
v1_41,1.8,45,0,2,0,0.92034,0.02250
v1_41,1.8,45,0,4,1,0.93852,0.05033
v1_41,1.8,45,1,0,0,0.92947,0.06099
v1_41,1.8,45,1,1,0,0.82829,0.14948
v1_41,1.8,45,1,2,0,0.83508,0.13183
v1_41,1.8,45,1,4,1,0.36409,0.95003
v1_41,1.8,45,2,0,0,0.81881,0.16483
v1_41,1.8,45,2,1,0,0.94758,0.04802
v1_41,1.8,45,2,2,0,0.74366,0.08758
v1_41,1.8,45,2,4,1,0.89666,0.08088
v1_41,1.8,45,3,0,0,0.62144,0.18370
v1_41,1.8,45,3,1,0,0.78788,0.19112
v1_41,1.8,45,3,2,0,0.84313,0.12574
v1_41,1.8,45,3,4,1,0.93465,0.05505
v1_41,1.8,45,4,0,0,0.84276,0.15021
v1_41,1.8,45,4,1,0,0.73119,0.11252
v1_41,1.8,45,4,2,0,0.87760,0.08937
v1_41,1.8,45,4,4,-1,0.00242,2.98453
v1_41,1.8,45,5,0,0,0.70867,0.37469
v1_41,1.8,45,5,1,0,0.77268,0.21634
v1_41,1.8,45,5,2,0,0.80724,0.27515
v1_41,1.8,45,5,4,-1,0.01119,2.89831
v1_41,1.8,45,6,0,0,0.39957,1.20481
v1_41,1.8,45,6,1,0,0.76104,0.24715
v1_41,1.8,45,6,2,0,0.34826,0.66939
v1_41,1.8,45,6,4,-1,0.00752,2.90535
v1_41,1.8,45,7,0,0,0.76042,0.23313
v1_41,1.8,45,7,1,0,0.79448,0.20461
v1_41,1.8,45,7,2,0,0.79986,0.05878
v1_41,1.8,45,7,4,1,0.94063,0.05466
v1_41,1.8,46,0,0,0,0.69698,0.20269
v1_41,1.8,46,0,1,0,0.67899,0.36076
v1_41,1.8,46,0,2,0,0.89319,0.04079
v1_41,1.8,46,0,4,1,0.36990,2.61663
v1_41,1.8,46,1,0,0,0.70287,0.29824
v1_41,1.8,46,1,1,0,0.94639,0.05795
v1_41,1.8,46,1,2,0,0.69563,0.13561
v1_41,1.8,46,1,4,1,0.90682,0.16226
v1_41,1.8,46,2,0,0,0.20099,3.03569
v1_41,1.8,46,2,1,0,0.52032,0.57798
v1_41,1.8,46,2,2,0,0.66864,0.70232
v1_41,1.8,46,2,4,1,0.90776,0.12854
v1_41,1.8,46,3,0,-1,0.29459,1.38978
v1_41,1.8,46,3,1,0,0.84644,0.09492
v1_41,1.8,46,3,2,0,0.55113,0.24778
v1_41,1.8,46,3,4,1,0.90645,0.16395
v1_41,1.8,46,4,0,0,0.71699,0.22519
v1_41,1.8,46,4,1,0,0.92353,0.09679
v1_41,1.8,46,4,2,0,0.60296,0.14305
v1_41,1.8,46,4,4,1,0.76341,0.67157
v1_41,1.8,46,5,0,-1,0.03737,1.67770
v1_41,1.8,46,5,1,0,0.56034,0.30843
v1_41,1.8,46,5,2,0,0.76044,0.25266
v1_41,1.8,46,5,4,1,0.89595,0.11854
v1_41,1.8,46,6,0,0,0.77756,0.51830
v1_41,1.8,46,6,1,0,0.80802,0.19451
v1_41,1.8,46,6,2,0,0.92846,0.04993
v1_41,1.8,46,7,0,0,0.67198,0.41284
v1_41,1.8,46,7,1,0,0.73481,0.28071
v1_41,1.8,46,7,2,0,0.82496,0.14935
v1_41,1.8,46,7,4,1,0.90750,0.15715
v1_41,1.8,47,0,0,0,0.86510,0.15652
v1_41,1.8,47,0,1,0,0.76140,0.15263
v1_41,1.8,47,0,2,0,0.80593,0.20770
v1_41,1.8,47,0,4,1,0.94783,0.01897
v1_41,1.8,47,1,0,0,0.87095,0.28316
v1_41,1.8,47,1,1,0,0.85644,0.18631
v1_41,1.8,47,1,2,0,0.86350,0.12336
v1_41,1.8,47,1,4,-1,0.08505,1.08197
v1_41,1.8,47,2,0,0,0.64721,0.19039
v1_41,1.8,47,2,1,0,0.39558,0.78449
v1_41,1.8,47,2,2,0,0.53279,0.14185
v1_41,1.8,47,2,4,-1,0.08269,1.68491
v1_41,1.8,47,3,0,0,0.59509,0.40516
v1_41,1.8,47,3,1,0,0.88881,0.10376
v1_41,1.8,47,3,2,0,0.49512,0.36436
v1_41,1.8,47,3,4,1,0.94391,0.03341
v1_41,1.8,47,4,0,0,0.93707,0.10885
v1_41,1.8,47,4,1,0,0.82729,0.13356
v1_41,1.8,47,4,2,0,0.93118,0.08829
v1_41,1.8,47,4,4,1,0.78506,0.16370
v1_41,1.8,47,5,0,0,0.88242,0.26908
v1_41,1.8,47,5,1,0,0.23246,2.56839
v1_41,1.8,47,5,2,0,0.92964,0.08859
v1_41,1.8,47,6,0,0,0.87867,0.10579
v1_41,1.8,47,6,1,0,0.66453,0.38418
v1_41,1.8,47,6,2,0,0.25487,1.78975
v1_41,1.8,47,6,4,1,0.41189,2.41472
v1_41,1.8,47,7,1,0,0.79140,0.19513
v1_41,1.8,47,7,2,0,0.90167,0.09530
v1_41,1.8,47,7,4,1,0.83652,0.11006
v1_41,1.8,48,0,0,0,0.40270,0.64321
v1_41,1.8,48,0,1,0,0.74747,0.24820
v1_41,1.8,48,0,2,0,0.94627,0.03860
v1_41,1.8,48,1,0,0,0.62031,0.29003
v1_41,1.8,48,1,1,0,0.71501,0.16012
v1_41,1.8,48,1,2,0,0.86496,0.11408
v1_41,1.8,48,2,0,-1,0.00390,2.31265
v1_41,1.8,48,2,1,0,0.92089,0.11023
v1_41,1.8,48,2,2,0,0.66301,0.35072
v1_41,1.8,48,2,4,1,0.82390,0.18867
v1_41,1.8,48,3,0,0,0.75737,0.07598
v1_41,1.8,48,3,1,0,0.79072,0.21682
v1_41,1.8,48,3,2,0,0.80582,0.20934
v1_41,1.8,48,3,4,1,0.90181,0.21383
v1_41,1.8,48,4,0,0,0.78673,0.18848
v1_41,1.8,48,4,1,0,0.95622,0.05487
v1_41,1.8,48,4,2,0,0.81536,0.19616
v1_41,1.8,48,4,4,1,0.92928,0.11961
v1_41,1.8,48,5,0,-1,0.00875,2.18041
v1_41,1.8,48,5,1,0,0.93184,0.08115
v1_41,1.8,48,5,2,0,0.90368,0.19083
v1_41,1.8,48,5,4,1,0.91860,0.15647
v1_41,1.8,48,6,0,0,0.91455,0.06197
v1_41,1.8,48,6,1,0,0.90770,0.08721
v1_41,1.8,48,6,2,0,0.70823,0.25800
v1_41,1.8,48,6,4,1,0.89901,0.22362
v1_41,1.8,48,7,0,0,0.77286,0.19014
v1_41,1.8,48,7,1,0,0.86618,0.29706
v1_41,1.8,48,7,2,0,0.88415,0.16349
v1_41,1.8,48,7,4,-1,0.24658,0.74137
v1_41,1.8,49,0,0,0,0.36330,0.83286
v1_41,1.8,49,0,1,0,0.66707,0.34874
v1_41,1.8,49,0,2,0,0.60515,0.72017
v1_41,1.8,49,0,4,1,0.95961,0.04434
v1_41,1.8,49,1,0,0,0.91493,0.15853
v1_41,1.8,49,1,1,0,0.84014,0.13030
v1_41,1.8,49,1,2,0,0.88960,0.11030
v1_41,1.8,49,1,4,1,0.47022,0.37698
v1_41,1.8,49,2,0,0,0.64419,0.38268
v1_41,1.8,49,2,1,0,0.78534,0.18744
v1_41,1.8,49,2,2,0,0.89708,0.10013
v1_41,1.8,49,2,4,-1,0.02010,3.04682
v1_41,1.8,49,3,0,0,0.86868,0.11480
v1_41,1.8,49,3,1,0,0.66898,0.05391
v1_41,1.8,49,3,2,0,0.84610,0.13436
v1_41,1.8,49,3,4,1,0.93825,0.14640
v1_41,1.8,49,4,0,0,0.29459,1.61927
v1_41,1.8,49,4,1,0,0.71399,0.20809
v1_41,1.8,49,4,2,0,0.91003,0.11846
v1_41,1.8,49,4,4,1,0.94368,0.16455
v1_41,1.8,49,5,0,0,0.82162,0.18907
v1_41,1.8,49,5,1,0,0.79179,0.30884
v1_41,1.8,49,5,2,0,0.87926,0.09723
v1_41,1.8,49,5,4,1,0.58744,0.30255
v1_41,1.8,49,6,0,0,0.67105,0.26117
v1_41,1.8,49,6,1,1,0.34110,1.12127
v1_41,1.8,49,6,2,0,0.92387,0.10381
v1_41,1.8,49,6,4,1,0.91038,0.15753
v1_41,1.8,49,7,0,0,0.84829,0.14726
v1_41,1.8,49,7,1,0,0.77126,0.20042
v1_41,1.8,49,7,2,0,0.92408,0.09772
v1_41,1.8,49,7,4,1,0.94549,0.14592
v1_41,1.8,50,0,0,0,0.23793,0.67717
v1_41,1.8,50,0,1,0,0.84303,0.18319
v1_41,1.8,50,0,2,0,0.78617,0.17390
v1_41,1.8,50,0,4,1,0.72166,0.83684
v1_41,1.8,50,1,0,0,0.37804,0.59455
v1_41,1.8,50,1,1,0,0.61437,0.38939
v1_41,1.8,50,1,2,0,0.92273,0.09392
v1_41,1.8,50,1,4,-1,0.02407,1.20929
v1_41,1.8,50,2,0,0,0.87629,0.15649
v1_41,1.8,50,2,1,0,0.72917,0.27069
v1_41,1.8,50,2,2,0,0.83965,0.22597
v1_41,1.8,50,2,4,1,0.61585,1.24372
v1_41,1.8,50,3,0,0,0.57312,0.44420
v1_41,1.8,50,3,1,0,0.81513,0.18325
v1_41,1.8,50,3,2,0,0.86046,0.15085
v1_41,1.8,50,3,4,1,0.29634,3.11586
v1_41,1.8,50,4,0,0,0.38020,0.75171
v1_41,1.8,50,4,1,0,0.64833,0.33533
v1_41,1.8,50,4,2,0,0.77181,0.23333
v1_41,1.8,50,4,4,1,0.87361,0.25860
v1_41,1.8,50,5,0,0,0.82467,0.08185
v1_41,1.8,50,5,1,0,0.36511,1.14540
v1_41,1.8,50,5,2,0,0.26025,1.76097
v1_41,1.8,50,5,4,1,0.33238,2.83605
v1_41,1.8,50,6,0,0,0.74604,0.29567
v1_41,1.8,50,6,1,0,0.65329,0.31805
v1_41,1.8,50,6,2,0,0.87740,0.12308
v1_41,1.8,50,6,4,1,0.50551,0.61764
v1_41,1.8,50,7,0,0,0.86063,0.18379
v1_41,1.8,50,7,1,1,0.65707,0.59779
v1_41,1.8,50,7,2,0,0.88991,0.11322
v1_41,1.8,50,7,4,1,0.71743,0.84598
v1_41,1.8,51,0,0,0,0.53283,0.23259
v1_41,1.8,51,0,1,0,0.89224,0.10767
v1_41,1.8,51,0,2,0,0.63805,0.22325
v1_41,1.8,51,0,4,1,0.91739,0.13040
v1_41,1.8,51,1,0,0,0.37135,0.79920
v1_41,1.8,51,1,1,0,0.94560,0.06031
v1_41,1.8,51,1,2,0,0.58569,0.45284
v1_41,1.8,51,1,4,1,0.91739,0.13598
v1_41,1.8,51,2,0,0,0.66611,0.35399
v1_41,1.8,51,2,1,0,0.66248,0.35724
v1_41,1.8,51,2,2,0,0.93762,0.05628
v1_41,1.8,51,2,4,1,0.51551,1.79939
v1_41,1.8,51,3,0,0,0.79574,0.43628
v1_41,1.8,51,3,1,0,0.89478,0.09851
v1_41,1.8,51,3,2,0,0.23801,1.44720
v1_41,1.8,51,3,4,1,0.91366,0.14029
v1_41,1.8,51,4,0,0,0.95473,0.06562
v1_41,1.8,51,4,1,0,0.55524,0.21516
v1_41,1.8,51,4,2,0,0.93376,0.05955
v1_41,1.8,51,5,0,0,0.80352,0.19245
v1_41,1.8,51,5,1,0,0.87839,0.29459
v1_41,1.8,51,5,2,0,0.92103,0.06971
v1_41,1.8,51,5,4,1,0.57809,0.74266
v1_41,1.8,51,6,0,0,0.81026,0.17579
v1_41,1.8,51,6,1,0,0.64168,0.38437
v1_41,1.8,51,6,2,0,0.87952,0.10938
v1_41,1.8,51,6,4,1,0.70897,0.33302
v1_41,1.8,51,7,0,0,0.69242,0.25428
v1_41,1.8,51,7,1,0,0.86918,0.12616
v1_41,1.8,51,7,2,0,0.84705,0.14703
v1_41,1.8,51,7,4,1,0.91102,0.14711
v1_41,1.8,52,0,0,0,0.59724,0.15483
v1_41,1.8,52,0,1,0,0.93339,0.13096
v1_41,1.8,52,0,2,0,0.87480,0.17955
v1_41,1.8,52,0,4,1,0.84349,0.35942
v1_41,1.8,52,1,0,0,0.86812,0.12563
v1_41,1.8,52,1,1,0,0.79698,0.21159
v1_41,1.8,52,1,2,0,0.85473,0.18559
v1_41,1.8,52,1,4,1,0.82621,0.23489
v1_41,1.8,52,2,0,0,0.80044,0.17837
v1_41,1.8,52,2,1,0,0.84313,0.15699
v1_41,1.8,52,2,2,0,0.88470,0.18801
v1_41,1.8,52,2,4,1,0.87692,0.24223
v1_41,1.8,52,3,0,0,0.88970,0.12141
v1_41,1.8,52,3,1,0,0.85606,0.25843
v1_41,1.8,52,3,2,0,0.85628,0.19416
v1_41,1.8,52,3,4,0,0.20667,2.50955
v1_41,1.8,52,4,0,0,0.42095,0.42493
v1_41,1.8,52,4,1,0,0.72079,0.31397
v1_41,1.8,52,4,2,0,0.80552,0.25102
v1_41,1.8,52,4,4,1,0.42757,1.48986
v1_41,1.8,52,5,0,0,0.76040,0.24445
v1_41,1.8,52,5,1,0,0.86193,0.15973
v1_41,1.8,52,5,2,0,0.60646,0.38629
v1_41,1.8,52,5,4,1,0.91393,0.09893
v1_41,1.8,52,6,0,0,0.49777,0.05539
v1_41,1.8,52,6,1,0,0.93325,0.13209
v1_41,1.8,52,6,2,0,0.79579,0.15244
v1_41,1.8,52,6,4,1,0.93157,0.06878
v1_41,1.8,52,7,0,0,0.16009,3.62685
v1_41,1.8,52,7,1,0,0.90576,0.13390
v1_41,1.8,52,7,2,0,0.77971,0.23769
v1_41,1.8,52,7,4,1,0.57265,0.73398
v1_41,1.8,53,0,1,0,0.80867,0.18183
v1_41,1.8,53,0,2,0,0.90212,0.19958
v1_41,1.8,53,0,4,1,0.82625,0.18336
v1_41,1.8,53,1,0,0,0.60413,0.32163
v1_41,1.8,53,1,1,0,0.59668,0.44869
v1_41,1.8,53,1,2,0,0.90066,0.19412
v1_41,1.8,53,1,4,1,0.83927,0.23925
v1_41,1.8,53,2,0,0,0.69524,0.31710
v1_41,1.8,53,2,1,0,0.31289,2.50215
v1_41,1.8,53,2,2,0,0.87889,0.24553
v1_41,1.8,53,2,4,1,0.79605,0.21491
v1_41,1.8,53,3,0,0,0.89328,0.23878
v1_41,1.8,53,3,1,0,0.58426,0.46795
v1_41,1.8,53,3,2,0,0.82938,0.38287
v1_41,1.8,53,3,4,1,0.62574,1.36370
v1_41,1.8,53,4,0,0,0.54397,1.69279
v1_41,1.8,53,4,1,0,0.41620,0.69877
v1_41,1.8,53,4,2,0,0.82710,0.24706
v1_41,1.8,53,4,4,1,0.69761,0.96998
v1_41,1.8,53,5,0,0,0.61816,0.07771
v1_41,1.8,53,5,1,0,0.62289,0.44074
v1_41,1.8,53,5,2,0,0.85001,0.26205
v1_41,1.8,53,5,4,1,0.57420,1.57868
v1_41,1.8,53,6,1,0,0.85572,0.18058
v1_41,1.8,53,6,2,0,0.95916,0.04407
v1_41,1.8,53,6,4,1,0.95140,0.03740
v1_41,1.8,53,7,0,0,0.65353,0.09550
v1_41,1.8,53,7,1,0,0.78238,0.21135
v1_41,1.8,53,7,2,0,0.82415,0.40943
v1_41,1.8,53,7,4,1,0.54526,1.76423
v1_41,1.8,54,0,0,0,0.85831,0.20620
v1_41,1.8,54,0,1,0,0.33070,2.96239
v1_41,1.8,54,0,2,0,0.43541,0.72933
v1_41,1.8,54,0,4,1,0.84464,0.20912
v1_41,1.8,54,1,0,0,0.61162,0.35914
v1_41,1.8,54,1,1,0,0.80683,0.19017
v1_41,1.8,54,1,2,0,0.83572,0.12439
v1_41,1.8,54,1,4,1,0.88032,0.07478
v1_41,1.8,54,2,0,0,0.62925,0.32342
v1_41,1.8,54,2,1,0,0.83624,0.13170
v1_41,1.8,54,2,2,0,0.57127,0.30163
v1_41,1.8,54,2,4,1,0.87757,0.06128
v1_41,1.8,54,3,0,0,0.85818,0.21140
v1_41,1.8,54,3,1,0,0.91605,0.08678
v1_41,1.8,54,3,2,0,0.93589,0.05603
v1_41,1.8,54,3,4,1,0.62946,0.35419
v1_41,1.8,54,4,0,0,0.67016,0.27694
v1_41,1.8,54,4,1,0,0.90829,0.08609
v1_41,1.8,54,4,2,0,0.92096,0.07382
v1_41,1.8,54,4,4,1,0.47767,1.95932
v1_41,1.8,54,5,0,0,0.23468,1.78461
v1_41,1.8,54,5,1,0,0.86218,0.11058
v1_41,1.8,54,5,2,0,0.57277,0.48280
v1_41,1.8,54,5,4,1,0.86246,0.06923
v1_41,1.8,54,6,0,0,0.85831,0.17607
v1_41,1.8,54,6,1,0,0.72855,0.30837
v1_41,1.8,54,6,2,0,0.93442,0.05809
v1_41,1.8,54,7,0,0,0.72099,0.11565
v1_41,1.8,54,7,1,0,0.92169,0.08063
v1_41,1.8,54,7,2,0,0.91723,0.07436
v1_41,1.8,54,7,4,1,0.30908,2.97148
v1_41,1.8,55,0,0,0,0.87817,0.30039
v1_41,1.8,55,0,1,0,0.73840,0.15341
v1_41,1.8,55,0,2,0,0.89150,0.10137
v1_41,1.8,55,0,4,-1,0.06008,1.16606
v1_41,1.8,55,1,0,0,0.84618,0.30240
v1_41,1.8,55,1,1,0,0.56736,0.18031
v1_41,1.8,55,1,2,0,0.85530,0.11809
v1_41,1.8,55,1,4,1,0.69686,0.35693
v1_41,1.8,55,2,0,0,0.61666,0.42545
v1_41,1.8,55,2,1,0,0.40619,0.74895
v1_41,1.8,55,2,2,0,0.71229,0.27805
v1_41,1.8,55,2,4,1,0.82212,0.39627
v1_41,1.8,55,3,0,0,0.29405,1.81040
v1_41,1.8,55,3,1,0,0.74737,0.26727
v1_41,1.8,55,3,2,0,0.89654,0.09997
v1_41,1.8,55,3,4,1,0.95612,0.04066
v1_41,1.8,55,4,0,0,0.64715,0.26278
v1_41,1.8,55,4,1,0,0.65726,0.36415
v1_41,1.8,55,4,2,-1,0.24750,1.59326
v1_41,1.8,55,4,4,1,0.60613,0.49225
v1_41,1.8,55,5,0,0,0.76654,0.32253
v1_41,1.8,55,5,1,0,0.94314,0.05668
v1_41,1.8,55,5,2,0,0.71321,0.24859
v1_41,1.8,55,5,4,1,0.97288,0.03445
v1_41,1.8,55,6,0,0,0.35340,1.36870
v1_41,1.8,55,6,1,0,0.80036,0.21091
v1_41,1.8,55,6,2,-1,0.09929,1.91865
v1_41,1.8,55,6,4,1,0.48893,0.68389
v1_41,1.8,55,7,0,0,0.58089,0.23740
v1_41,1.8,55,7,1,0,0.90209,0.17883
v1_41,1.8,55,7,2,0,0.84680,0.12035
v1_41,1.8,55,7,4,1,0.72957,0.21513
v1_41,1.8,56,0,1,0,0.83867,0.20627
v1_41,1.8,56,0,2,0,0.85003,0.17210
v1_41,1.8,56,0,4,1,0.93746,0.07411
v1_41,1.8,56,1,0,-1,0.00692,4.06730
v1_41,1.8,56,1,1,0,0.85937,0.16261
v1_41,1.8,56,1,2,0,0.77876,0.22600
v1_41,1.8,56,1,4,1,0.92871,0.08935
v1_41,1.8,56,2,0,0,0.23085,2.12063
v1_41,1.8,56,2,1,0,0.43903,0.68367
v1_41,1.8,56,2,2,0,0.86822,0.03196
v1_41,1.8,56,2,4,1,0.57060,1.57534
v1_41,1.8,56,3,0,0,0.79258,0.18257
v1_41,1.8,56,3,1,0,0.89775,0.02588
v1_41,1.8,56,3,2,0,0.84969,0.20128
v1_41,1.8,56,3,4,1,0.75720,0.20762
v1_41,1.8,56,4,0,0,0.79408,0.22393
v1_41,1.8,56,4,1,0,0.82140,0.15663
v1_41,1.8,56,4,2,0,0.81704,0.25533
v1_41,1.8,56,4,4,1,0.67470,0.63341
v1_41,1.8,56,5,0,-1,0.21464,0.90841
v1_41,1.8,56,5,1,0,0.68544,0.16807
v1_41,1.8,56,5,2,0,0.80161,0.18771
v1_41,1.8,56,5,4,1,0.67998,0.34822
v1_41,1.8,56,6,0,0,0.80684,0.20011
v1_41,1.8,56,6,1,0,0.90816,0.10618
v1_41,1.8,56,6,2,0,0.83110,0.21056
v1_41,1.8,56,6,4,1,0.93989,0.04272
v1_41,1.8,56,7,0,0,0.85568,0.14414
v1_41,1.8,56,7,1,0,0.41852,0.94923
v1_41,1.8,56,7,2,0,0.83140,0.22372
v1_41,1.8,56,7,4,1,0.56053,0.39080
v1_41,1.8,57,0,0,0,0.62054,0.28820
v1_41,1.8,57,0,1,-1,0.03622,1.10807
v1_41,1.8,57,0,2,0,0.94316,0.04397
v1_41,1.8,57,0,4,1,0.53633,1.59368
v1_41,1.8,57,1,1,0,0.91498,0.07565
v1_41,1.8,57,1,2,0,0.37229,0.98211
v1_41,1.8,57,1,4,1,0.90492,0.12985
v1_41,1.8,57,2,0,0,0.74916,0.13843
v1_41,1.8,57,2,1,0,0.92497,0.06813
v1_41,1.8,57,2,2,0,0.96210,0.02471
v1_41,1.8,57,2,4,1,0.68401,0.37906
v1_41,1.8,57,3,1,0,0.70253,0.30213
v1_41,1.8,57,3,2,0,0.33699,1.19895
v1_41,1.8,57,3,4,1,0.92404,0.07779
v1_41,1.8,57,4,0,0,0.76979,0.23366
v1_41,1.8,57,4,1,0,0.90975,0.07648
v1_41,1.8,57,4,2,0,0.72272,0.27664
v1_41,1.8,57,4,4,1,0.91154,0.11562
v1_41,1.8,57,5,0,0,0.92710,0.11093
v1_41,1.8,57,5,1,0,0.49464,0.36802
v1_41,1.8,57,5,2,0,0.96814,0.02144
v1_41,1.8,57,5,4,1,0.76575,0.26712
v1_41,1.8,57,6,0,0,0.61270,0.39478
v1_41,1.8,57,6,1,0,0.68959,0.32473
v1_41,1.8,57,6,2,0,0.78643,0.17618
v1_41,1.8,57,6,4,1,0.19733,2.70092
v1_41,1.8,57,7,0,0,0.74623,0.40371
v1_41,1.8,57,7,1,0,0.91883,0.06937
v1_41,1.8,57,7,2,0,0.20989,2.49210
v1_41,1.8,57,7,4,1,0.90960,0.12638
v1_41,1.8,58,0,0,0,0.63585,0.38964
v1_41,1.8,58,0,1,0,0.81349,0.17645
v1_41,1.8,58,0,2,0,0.80775,0.17181
v1_41,1.8,58,1,0,0,0.87082,0.07535
v1_41,1.8,58,1,1,0,0.44017,0.65567
v1_41,1.8,58,1,2,-1,0.50013,0.46988
v1_41,1.8,58,1,4,1,0.85609,0.26268
v1_41,1.8,58,2,0,0,0.81261,0.17775
v1_41,1.8,58,2,1,0,0.94849,0.04626
v1_41,1.8,58,2,2,0,0.60669,0.39484
v1_41,1.8,58,2,4,1,0.89832,0.18773
v1_41,1.8,58,3,0,0,0.86088,0.12882
v1_41,1.8,58,3,1,0,0.18793,2.35747
v1_41,1.8,58,3,2,0,0.89674,0.09076
v1_41,1.8,58,3,4,1,0.66612,0.44517
v1_41,1.8,58,4,0,0,0.58798,1.09334
v1_41,1.8,58,4,1,0,0.62235,0.40871
v1_41,1.8,58,4,2,0,0.55285,0.52290
v1_41,1.8,58,4,4,-1,0.12654,2.79880
v1_41,1.8,58,5,0,0,0.82277,0.16264
v1_41,1.8,58,5,1,0,0.17865,1.22590
v1_41,1.8,58,5,2,0,0.95122,0.02357
v1_41,1.8,58,5,4,-1,0.00471,3.20071
v1_41,1.8,58,6,0,0,0.55205,0.71925
v1_41,1.8,58,6,1,0,0.64664,0.37524
v1_41,1.8,58,6,2,0,0.69106,0.07052
v1_41,1.8,58,6,4,1,0.77467,0.27890
v1_41,1.8,58,7,0,0,0.53106,1.32715
v1_41,1.8,58,7,1,0,0.95155,0.04416
v1_41,1.8,58,7,2,0,0.23203,1.47376
v1_41,1.8,59,0,0,0,0.78771,0.18874
v1_41,1.8,59,0,1,0,0.93358,0.04824
v1_41,1.8,59,0,2,0,0.74914,0.22524
v1_41,1.8,59,0,4,1,0.92822,0.13368
v1_41,1.8,59,1,0,0,0.57717,0.48372
v1_41,1.8,59,1,1,0,0.53790,0.57977
v1_41,1.8,59,1,2,0,0.82419,0.17215
v1_41,1.8,59,1,4,1,0.74986,0.29784
v1_41,1.8,59,2,0,0,0.81474,0.19758
v1_41,1.8,59,2,1,0,0.69202,0.30784
v1_41,1.8,59,2,2,0,0.77408,0.24352
v1_41,1.8,59,2,4,1,0.89055,0.26578
v1_41,1.8,59,3,0,0,0.94533,0.06205
v1_41,1.8,59,3,1,0,0.90875,0.12288
v1_41,1.8,59,3,2,0,0.82294,0.15737
v1_41,1.8,59,3,4,1,0.95535,0.05831
v1_41,1.8,59,4,0,0,0.73463,0.21681
v1_41,1.8,59,4,1,0,0.89951,0.16862
v1_41,1.8,59,4,2,0,0.95862,0.02744
v1_41,1.8,59,4,4,1,0.30022,1.24543
v1_41,1.8,59,5,0,0,0.20410,1.70837
v1_41,1.8,59,5,1,0,0.93251,0.03773
v1_41,1.8,59,5,2,0,0.51793,0.18406
v1_41,1.8,59,5,4,1,0.90553,0.13318
v1_41,1.8,59,6,0,0,0.81559,0.17582
v1_41,1.8,59,6,1,0,0.68507,0.20868
v1_41,1.8,59,6,2,0,0.95091,0.04086
v1_41,1.8,59,6,4,0,0.63683,0.71216
v1_41,1.8,59,7,0,0,0.59010,0.27048
v1_41,1.8,59,7,1,0,0.94351,0.04825
v1_41,1.8,59,7,2,0,0.80313,0.09453
v1_41,1.8,59,7,4,1,0.87006,0.15622
v1_41,1.8,60,0,0,0,0.77344,0.24608
v1_41,1.8,60,0,1,0,0.54808,0.51005
v1_41,1.8,60,0,2,0,0.92336,0.10203
v1_41,1.8,60,0,4,1,0.93117,0.09742
v1_41,1.8,60,1,0,0,0.64274,0.42504
v1_41,1.8,60,1,1,0,0.78364,0.19573
v1_41,1.8,60,1,2,0,0.71330,0.34845
v1_41,1.8,60,1,4,1,0.83176,0.19868
v1_41,1.8,60,2,0,0,0.40727,0.28086
v1_41,1.8,60,2,1,0,0.88982,0.09784
v1_41,1.8,60,2,2,0,0.67091,0.09700
v1_41,1.8,60,2,4,1,0.88136,0.14564
v1_41,1.8,60,3,0,0,0.39864,0.68859
v1_41,1.8,60,3,1,0,0.22227,2.19669
v1_41,1.8,60,3,2,0,0.85442,0.16159
v1_41,1.8,60,3,4,-1,0.00600,2.88853
v1_41,1.8,60,4,0,0,0.67596,0.37531
v1_41,1.8,60,4,1,0,0.44825,0.66078
v1_41,1.8,60,4,2,-1,0.37140,1.48734
v1_41,1.8,60,4,4,1,0.93319,0.08780
v1_41,1.8,60,5,0,0,0.23346,1.99603
v1_41,1.8,60,5,1,0,0.93038,0.05497
v1_41,1.8,60,5,2,0,0.65947,0.40310
v1_41,1.8,60,5,4,1,0.92043,0.12853
v1_41,1.8,60,6,0,0,0.48094,0.31114
v1_41,1.8,60,6,1,0,0.68532,0.31742
v1_41,1.8,60,6,2,0,0.48096,0.43706
v1_41,1.8,60,6,4,1,0.68032,0.36979
v1_41,1.8,60,7,1,0,0.80229,0.19731
v1_41,1.8,60,7,4,1,0.91232,0.10072
v1_41,2.5,41,0,0,0,0.93369,0.04011
v1_41,2.5,41,0,1,0,0.84570,0.26982
v1_41,2.5,41,0,2,0,0.82395,0.17499
v1_41,2.5,41,0,4,-1,0.02474,0.98701
v1_41,2.5,41,1,0,0,0.76065,0.24063
v1_41,2.5,41,1,1,0,0.79209,0.09822
v1_41,2.5,41,1,2,0,0.87065,0.12134
v1_41,2.5,41,1,4,1,0.73696,0.25171
v1_41,2.5,41,2,0,0,0.90675,0.05608
v1_41,2.5,41,2,1,0,0.85728,0.28007
v1_41,2.5,41,2,2,0,0.70843,0.30124
v1_41,2.5,41,2,4,0,0.84893,0.14776
v1_41,2.5,41,3,0,0,0.17638,2.50213
v1_41,2.5,41,3,1,0,0.85458,0.18130
v1_41,2.5,41,3,2,0,0.62051,0.41720
v1_41,2.5,41,3,4,1,0.91640,0.03285
v1_41,2.5,41,4,0,0,0.78193,0.29639
v1_41,2.5,41,4,1,0,0.85819,0.28555
v1_41,2.5,41,4,2,0,0.71983,0.28993
v1_41,2.5,41,4,4,1,0.90079,0.05002
v1_41,2.5,41,5,0,0,0.89032,0.09517
v1_41,2.5,41,5,1,0,0.59146,1.00199
v1_41,2.5,41,5,2,0,0.88278,0.10572
v1_41,2.5,41,5,4,0,0.68340,0.33370
v1_41,2.5,41,6,0,0,0.43244,2.08902
v1_41,2.5,41,6,1,0,0.55650,0.60661
v1_41,2.5,41,6,2,0,0.57942,0.47705
v1_41,2.5,41,6,4,0,0.65846,0.36594
v1_41,2.5,41,7,0,0,0.94890,0.03287
v1_41,2.5,41,7,1,0,0.87703,0.27305
v1_41,2.5,41,7,2,0,0.71341,0.31788
v1_41,2.5,41,7,4,0,0.83930,0.15645
v1_41,2.5,42,0,0,0,0.92400,0.11387
v1_41,2.5,42,0,1,0,0.82898,0.15757
v1_41,2.5,42,0,2,0,0.36356,1.08675
v1_41,2.5,42,0,4,0,0.90336,0.20703
v1_41,2.5,42,1,0,0,0.71034,0.52630
v1_41,2.5,42,1,1,0,0.58009,0.47633
v1_41,2.5,42,1,2,0,0.92797,0.07863
v1_41,2.5,42,1,4,-1,0.87020,0.14350
v1_41,2.5,42,2,0,0,0.84872,0.11662
v1_41,2.5,42,2,1,0,0.92501,0.05316
v1_41,2.5,42,2,2,0,0.75575,0.22853
v1_41,2.5,42,2,4,0,0.92555,0.15325
v1_41,2.5,42,3,0,0,0.89765,0.01355
v1_41,2.5,42,3,1,0,0.94548,0.03876
v1_41,2.5,42,3,2,0,0.74602,0.26149
v1_41,2.5,42,3,4,1,0.88715,0.18213
v1_41,2.5,42,4,0,0,0.27678,1.72105
v1_41,2.5,42,4,1,0,0.94978,0.04096
v1_41,2.5,42,4,2,0,0.34871,1.33687
v1_41,2.5,42,4,4,0,0.78205,0.57774
v1_41,2.5,42,5,0,0,0.31967,1.10808
v1_41,2.5,42,5,1,0,0.87173,0.22859
v1_41,2.5,42,5,2,0,0.77407,0.21588
v1_41,2.5,42,5,4,0,0.90887,0.10028
v1_41,2.5,42,6,0,-1,0.06952,2.39130
v1_41,2.5,42,6,1,0,0.94746,0.04019
v1_41,2.5,42,6,2,0,0.77812,0.22905
v1_41,2.5,42,6,4,0,0.77734,0.52060
v1_41,2.5,42,7,0,0,0.70922,0.26138
v1_41,2.5,42,7,1,0,0.48565,0.37148
v1_41,2.5,42,7,2,0,0.90823,0.08427
v1_41,2.5,42,7,4,1,0.84431,0.21396
v1_41,2.5,43,0,0,0,0.38945,2.57266
v1_41,2.5,43,0,1,0,0.87668,0.12598
v1_41,2.5,43,0,2,0,0.93258,0.04178
v1_41,2.5,43,0,4,1,0.85908,0.20142
v1_41,2.5,43,1,0,0,0.43471,0.69711
v1_41,2.5,43,1,1,0,0.54879,0.42795
v1_41,2.5,43,1,2,0,0.42516,1.02003
v1_41,2.5,43,1,4,1,0.86997,0.08577
v1_41,2.5,43,2,0,0,0.87462,0.17334
v1_41,2.5,43,2,1,0,0.88306,0.11164
v1_41,2.5,43,2,2,0,0.90067,0.12459
v1_41,2.5,43,2,4,-1,0.02776,1.02801
v1_41,2.5,43,3,0,0,0.87462,0.03010
v1_41,2.5,43,3,1,0,0.84419,0.27455
v1_41,2.5,43,3,2,0,0.92163,0.06731
v1_41,2.5,43,3,4,1,0.88124,0.19782
v1_41,2.5,43,4,0,0,0.87462,0.13665
v1_41,2.5,43,4,1,0,0.89269,0.09847
v1_41,2.5,43,4,2,0,0.85230,0.13722
v1_41,2.5,43,4,4,0,0.64872,0.39226
v1_41,2.5,43,5,0,0,0.68697,0.25671
v1_41,2.5,43,5,1,0,0.83689,0.23909
v1_41,2.5,43,5,2,0,0.92416,0.05958
v1_41,2.5,43,5,4,1,0.75319,0.28458
v1_41,2.5,43,6,0,0,0.87235,0.17753
v1_41,2.5,43,6,1,0,0.67994,0.17397
v1_41,2.5,43,6,2,0,0.79420,0.18217
v1_41,2.5,43,6,4,-1,0.02396,1.15505
v1_41,2.5,43,7,0,0,0.87462,0.02124
v1_41,2.5,43,7,1,0,0.91770,0.13834
v1_41,2.5,43,7,2,0,0.92590,0.03435
v1_41,2.5,43,7,4,-1,0.00642,4.92668
v1_41,2.5,44,0,0,0,0.82558,0.18077
v1_41,2.5,44,0,1,0,0.90155,0.14258
v1_41,2.5,44,0,2,0,0.92310,0.09235
v1_41,2.5,44,0,4,1,0.76896,0.25303
v1_41,2.5,44,1,0,0,0.88453,0.02599
v1_41,2.5,44,1,1,0,0.87744,0.07916
v1_41,2.5,44,1,2,0,0.89158,0.07717
v1_41,2.5,44,1,4,1,0.76023,0.26093
v1_41,2.5,44,2,0,0,0.81091,0.14222
v1_41,2.5,44,2,1,0,0.92084,0.00431
v1_41,2.5,44,2,2,0,0.91233,0.09419
v1_41,2.5,44,2,4,1,0.90049,0.17156
v1_41,2.5,44,3,0,0,0.43231,0.97360
v1_41,2.5,44,3,1,0,0.89100,0.10568
v1_41,2.5,44,3,2,0,0.61266,0.11821
v1_41,2.5,44,3,4,0,0.69954,0.87146
v1_41,2.5,44,4,0,0,0.87150,0.22193
v1_41,2.5,44,4,1,0,0.51790,1.17598
v1_41,2.5,44,4,2,0,0.87081,0.09420
v1_41,2.5,44,4,4,0,0.68599,0.87556
v1_41,2.5,44,5,0,0,0.88639,0.18547
v1_41,2.5,44,5,1,0,0.88330,0.07222
v1_41,2.5,44,5,2,0,0.90020,0.10706
v1_41,2.5,44,5,4,1,0.36691,0.93764
v1_41,2.5,44,6,0,0,0.82833,0.20535
v1_41,2.5,44,6,1,0,0.80640,0.18173
v1_41,2.5,44,6,2,0,0.81288,0.15483
v1_41,2.5,44,6,4,0,0.68033,0.86268
v1_41,2.5,44,7,0,0,0.33113,1.77049
v1_41,2.5,44,7,1,0,0.91274,0.02282
v1_41,2.5,44,7,2,0,0.90365,0.09689
v1_41,2.5,44,7,4,1,0.94970,0.07818
v1_41,2.5,45,0,0,0,0.78616,0.10691
v1_41,2.5,45,0,1,0,0.93425,0.05759
v1_41,2.5,45,0,2,0,0.92869,0.02215
v1_41,2.5,45,0,4,0,0.73758,0.71270
v1_41,2.5,45,1,0,0,0.95977,0.03441
v1_41,2.5,45,1,1,0,0.90073,0.08910
v1_41,2.5,45,1,2,0,0.92506,0.05164
v1_41,2.5,45,1,4,1,0.80552,0.25044
v1_41,2.5,45,2,0,0,0.93908,0.01896
v1_41,2.5,45,2,1,0,0.73239,0.29382
v1_41,2.5,45,2,2,0,0.79949,0.06201
v1_41,2.5,45,2,4,1,0.89738,0.08000
v1_41,2.5,45,3,0,0,0.53304,0.48664
v1_41,2.5,45,3,1,0,0.67836,0.10094
v1_41,2.5,45,3,2,0,0.84414,0.09163
v1_41,2.5,45,3,4,0,0.71167,0.71678
v1_41,2.5,45,4,0,0,0.89351,0.07641
v1_41,2.5,45,4,1,0,0.84986,0.13584
v1_41,2.5,45,4,2,0,0.91543,0.05217
v1_41,2.5,45,4,4,-1,0.00935,2.90930
v1_41,2.5,45,5,0,0,0.67304,0.32845
v1_41,2.5,45,5,1,0,0.95452,0.05274
v1_41,2.5,45,5,2,0,0.84204,0.12476
v1_41,2.5,45,5,4,0,0.73381,0.71367
v1_41,2.5,45,6,0,0,0.83938,0.15646
v1_41,2.5,45,6,1,0,0.75914,0.23316
v1_41,2.5,45,6,2,0,0.44783,1.04296
v1_41,2.5,45,6,4,0,0.66128,0.78242
v1_41,2.5,45,7,0,0,0.92456,0.04139
v1_41,2.5,45,7,1,0,0.86482,0.09780
v1_41,2.5,45,7,2,0,0.81135,0.15553
v1_41,2.5,45,7,4,1,0.94432,0.05863
v1_41,2.5,46,0,0,0,0.62143,0.25272
v1_41,2.5,46,0,1,-1,0.18645,3.30699
v1_41,2.5,46,0,2,0,0.91908,0.03835
v1_41,2.5,46,0,4,0,0.87012,0.12867
v1_41,2.5,46,1,0,0,0.83737,0.15712
v1_41,2.5,46,1,1,0,0.93218,0.06554
v1_41,2.5,46,1,2,0,0.89719,0.04912
v1_41,2.5,46,1,4,-1,0.09936,0.89343
v1_41,2.5,46,2,0,0,0.74741,0.26826
v1_41,2.5,46,2,1,0,0.85113,0.14286
v1_41,2.5,46,2,2,0,0.90892,0.07244
v1_41,2.5,46,2,4,1,0.75460,0.26644
v1_41,2.5,46,3,0,0,0.60562,0.25944
v1_41,2.5,46,3,1,0,0.95214,0.05910
v1_41,2.5,46,3,2,0,0.83776,0.14863
v1_41,2.5,46,3,4,0,0.87312,0.12415
v1_41,2.5,46,4,0,0,0.65179,0.20081
v1_41,2.5,46,4,1,0,0.87025,0.16989
v1_41,2.5,46,4,2,0,0.54699,0.15995
v1_41,2.5,46,4,4,0,0.86312,0.13082
v1_41,2.5,46,5,0,0,0.89335,0.09300
v1_41,2.5,46,5,1,0,0.79924,0.46175
v1_41,2.5,46,5,2,0,0.94391,0.04442
v1_41,2.5,46,5,4,1,0.89595,0.11854
v1_41,2.5,46,6,0,0,0.87276,0.26036
v1_41,2.5,46,6,1,0,0.84467,0.15920
v1_41,2.5,46,6,2,0,0.93230,0.04830
v1_41,2.5,46,6,4,1,0.90772,0.14049
v1_41,2.5,46,7,0,0,0.75453,0.17118
v1_41,2.5,46,7,1,0,0.89431,0.09117
v1_41,2.5,46,7,2,0,0.74479,0.18834
v1_41,2.5,46,7,4,1,0.90750,0.15715
v1_41,2.5,47,0,0,0,0.44800,0.37053
v1_41,2.5,47,0,1,0,0.93380,0.06719
v1_41,2.5,47,0,2,0,0.87279,0.14318
v1_41,2.5,47,0,4,-1,0.19341,0.80458
v1_41,2.5,47,1,0,0,0.85483,0.33608
v1_41,2.5,47,1,1,0,0.93500,0.12579
v1_41,2.5,47,1,2,0,0.92068,0.08472
v1_41,2.5,47,1,4,1,0.72854,0.30212
v1_41,2.5,47,2,0,0,0.55284,0.36787
v1_41,2.5,47,2,1,0,0.95519,0.03456
v1_41,2.5,47,2,2,0,0.58976,0.11521
v1_41,2.5,47,2,4,-1,0.18256,0.80136
v1_41,2.5,47,3,0,0,0.51485,0.31104
v1_41,2.5,47,3,1,0,0.89097,0.10208
v1_41,2.5,47,3,2,0,0.62572,0.74839
v1_41,2.5,47,3,4,-1,0.03968,0.95730
v1_41,2.5,47,4,0,0,0.94583,0.05792
v1_41,2.5,47,4,1,0,0.80490,0.33922
v1_41,2.5,47,4,2,0,0.89120,0.05248
v1_41,2.5,47,4,4,1,0.52556,0.79068
v1_41,2.5,47,5,0,-1,0.64622,0.86861
v1_41,2.5,47,5,1,0,0.90981,0.04693
v1_41,2.5,47,5,2,0,0.92666,0.08391
v1_41,2.5,47,5,4,-1,0.04141,0.96234
v1_41,2.5,47,6,0,0,0.94199,0.01776
v1_41,2.5,47,6,1,0,0.82190,0.18202
v1_41,2.5,47,6,2,0,0.92750,0.08068
v1_41,2.5,47,6,4,1,0.94192,0.03533
v1_41,2.5,47,7,0,0,0.96513,0.02231
v1_41,2.5,47,7,1,0,0.89137,0.09967
v1_41,2.5,47,7,2,0,0.89561,0.09750
v1_41,2.5,47,7,4,1,0.85586,0.13528
v1_41,2.5,48,0,0,0,0.33967,1.06718
v1_41,2.5,48,0,1,0,0.81119,0.16863
v1_41,2.5,48,0,2,0,0.95462,0.01200
v1_41,2.5,48,0,4,-1,0.94319,0.06385
v1_41,2.5,48,1,0,0,0.50364,1.13925
v1_41,2.5,48,1,1,0,0.94160,0.09103
v1_41,2.5,48,1,2,0,0.88157,0.11204
v1_41,2.5,48,1,4,1,0.81341,0.19204
v1_41,2.5,48,2,0,-1,0.07284,2.00956
v1_41,2.5,48,2,1,0,0.91404,0.10879
v1_41,2.5,48,2,2,0,0.37192,0.66679
v1_41,2.5,48,2,4,-1,0.89478,0.10849
v1_41,2.5,48,3,0,0,0.92204,0.07257
v1_41,2.5,48,3,1,0,0.78379,0.22486
v1_41,2.5,48,3,2,0,0.81807,0.19024
v1_41,2.5,48,3,4,1,0.95950,0.02041
v1_41,2.5,48,4,0,0,0.78573,0.19261
v1_41,2.5,48,4,1,0,0.95208,0.05064
v1_41,2.5,48,4,2,0,0.85010,0.21787
v1_41,2.5,48,4,4,-1,0.90450,0.13367
v1_41,2.5,48,5,0,-1,0.04459,2.06315
v1_41,2.5,48,5,1,0,0.93827,0.08363
v1_41,2.5,48,5,2,0,0.96785,0.03712
v1_41,2.5,48,5,4,-1,0.88133,0.17065
v1_41,2.5,48,6,0,0,0.90069,0.07115
v1_41,2.5,48,6,1,0,0.94407,0.06943
v1_41,2.5,48,6,2,0,0.67171,0.14824
v1_41,2.5,48,6,4,-1,0.89169,0.14703
v1_41,2.5,48,7,0,0,0.77984,0.18251
v1_41,2.5,48,7,1,0,0.93255,0.12435
v1_41,2.5,48,7,2,0,0.92484,0.09330
v1_41,2.5,48,7,4,1,0.84334,0.16032
v1_41,2.5,49,0,0,0,0.21037,2.85648
v1_41,2.5,49,0,1,0,0.63918,0.38589
v1_41,2.5,49,0,2,0,0.92482,0.09500
v1_41,2.5,49,0,4,1,0.95488,0.05579
v1_41,2.5,49,1,0,0,0.91093,0.15832
v1_41,2.5,49,1,2,0,0.89774,0.11384
v1_41,2.5,49,1,4,1,0.87584,0.18021
v1_41,2.5,49,2,0,0,0.76589,0.20066
v1_41,2.5,49,2,1,0,0.88700,0.13053
v1_41,2.5,49,2,2,0,0.91959,0.09205
v1_41,2.5,49,2,4,-1,0.87072,0.20579
v1_41,2.5,49,3,0,0,0.88283,0.10828
v1_41,2.5,49,3,1,0,0.57196,0.56822
v1_41,2.5,49,3,2,0,0.84379,0.13692
v1_41,2.5,49,3,4,0,0.75988,0.57241
v1_41,2.5,49,4,0,0,0.91035,0.19073
v1_41,2.5,49,4,1,0,0.92544,0.03056
v1_41,2.5,49,4,2,0,0.91950,0.11256
v1_41,2.5,49,4,4,1,0.94366,0.16455
v1_41,2.5,49,5,0,0,0.76629,0.25206
v1_41,2.5,49,5,2,0,0.91081,0.11972
v1_41,2.5,49,5,4,1,0.79640,0.15937
v1_41,2.5,49,6,0,0,0.66694,0.27952
v1_41,2.5,49,6,1,0,0.40824,0.64116
v1_41,2.5,49,6,2,0,0.92499,0.09832
v1_41,2.5,49,6,4,1,0.90980,0.15948
v1_41,2.5,49,7,0,0,0.81430,0.18240
v1_41,2.5,49,7,1,0,0.80146,0.15605
v1_41,2.5,49,7,2,0,0.92469,0.09771
v1_41,2.5,49,7,4,1,0.94338,0.13713
v1_41,2.5,50,0,0,0,0.29011,1.40317
v1_41,2.5,50,0,1,0,0.78506,0.22699
v1_41,2.5,50,0,2,0,0.83335,0.17628
v1_41,2.5,50,0,4,0,0.82505,0.17299
v1_41,2.5,50,1,0,0,0.71284,0.28626
v1_41,2.5,50,1,1,0,0.85856,0.17474
v1_41,2.5,50,1,2,0,0.92257,0.08932
v1_41,2.5,50,1,4,1,0.58553,0.50720
v1_41,2.5,50,2,0,0,0.88082,0.16278
v1_41,2.5,50,2,1,0,0.90186,0.13033
v1_41,2.5,50,2,2,0,0.88499,0.10053
v1_41,2.5,50,2,4,1,0.88165,0.07200
v1_41,2.5,50,3,0,0,0.86728,0.03901
v1_41,2.5,50,3,1,0,0.81941,0.16088
v1_41,2.5,50,3,2,0,0.86565,0.14782
v1_41,2.5,50,3,4,1,0.88942,0.05528
v1_41,2.5,50,4,0,0,0.53406,0.33901
v1_41,2.5,50,4,1,0,0.72003,0.24190
v1_41,2.5,50,4,2,0,0.81476,0.18702
v1_41,2.5,50,4,4,1,0.86075,0.27741
v1_41,2.5,50,5,0,0,0.87309,0.02087
v1_41,2.5,50,5,1,0,0.31336,1.69620
v1_41,2.5,50,5,2,0,0.78930,0.20431
v1_41,2.5,50,5,4,1,0.88203,0.06671
v1_41,2.5,50,6,0,0,0.68961,0.52863
v1_41,2.5,50,6,1,0,0.80884,0.13074
v1_41,2.5,50,6,2,0,0.90220,0.04612
v1_41,2.5,50,6,4,1,0.58307,0.48602
v1_41,2.5,50,7,0,0,0.88082,0.18859
v1_41,2.5,50,7,1,0,0.92054,0.11252
v1_41,2.5,50,7,2,0,0.92119,0.09834
v1_41,2.5,50,7,4,1,0.88580,0.06413
v1_41,2.5,51,0,0,0,0.86667,0.08440
v1_41,2.5,51,0,1,0,0.80310,0.21413
v1_41,2.5,51,0,2,0,0.77316,0.12836
v1_41,2.5,51,0,4,0,0.86327,0.13449
v1_41,2.5,51,1,0,0,0.55896,0.28591
v1_41,2.5,51,1,1,0,0.89061,0.10564
v1_41,2.5,51,1,2,0,0.71517,0.18023
v1_41,2.5,51,1,4,0,0.86657,0.13437
v1_41,2.5,51,2,0,0,0.56259,0.52824
v1_41,2.5,51,2,1,0,0.57344,0.49737
v1_41,2.5,51,2,2,0,0.95721,0.04574
v1_41,2.5,51,2,4,0,0.91174,0.16560
v1_41,2.5,51,3,0,0,0.85517,0.31855
v1_41,2.5,51,3,1,0,0.92395,0.07377
v1_41,2.5,51,3,2,0,0.93976,0.08802
v1_41,2.5,51,3,4,-1,0.86318,0.17241
v1_41,2.5,51,4,0,-1,0.67332,0.73896
v1_41,2.5,51,4,1,0,0.87471,0.08072
v1_41,2.5,51,4,2,0,0.73095,0.28203
v1_41,2.5,51,4,4,1,0.51638,0.38732
v1_41,2.5,51,5,0,0,0.95667,0.06209
v1_41,2.5,51,5,1,0,0.90644,0.04788
v1_41,2.5,51,5,2,0,0.92739,0.06462
v1_41,2.5,51,5,4,1,0.66100,0.39788
v1_41,2.5,51,6,0,0,0.81759,0.15640
v1_41,2.5,51,6,1,0,0.75041,0.19071
v1_41,2.5,51,6,2,0,0.95290,0.04919
v1_41,2.5,51,6,4,1,0.87387,0.18736
v1_41,2.5,51,7,0,0,0.74463,0.19919
v1_41,2.5,51,7,1,0,0.45643,0.82914
v1_41,2.5,51,7,2,0,0.73641,0.21675
v1_41,2.5,51,7,4,0,0.85151,0.14430
v1_41,2.5,52,0,0,0,0.83818,0.16701
v1_41,2.5,52,0,1,0,0.93150,0.13131
v1_41,2.5,52,0,2,0,0.87100,0.19391
v1_41,2.5,52,0,4,1,0.93220,0.09371
v1_41,2.5,52,1,0,0,0.85151,0.10714
v1_41,2.5,52,1,1,0,0.74886,0.21010
v1_41,2.5,52,1,2,0,0.82940,0.20630
v1_41,2.5,52,1,4,1,0.55691,0.67036
v1_41,2.5,52,2,0,0,0.85511,0.14108
v1_41,2.5,52,2,1,0,0.91209,0.04632
v1_41,2.5,52,2,2,0,0.88218,0.18757
v1_41,2.5,52,2,4,1,0.65554,0.41331
v1_41,2.5,52,3,0,0,0.71805,0.06573
v1_41,2.5,52,3,1,0,0.95124,0.02169
v1_41,2.5,52,3,2,0,0.85440,0.19797
v1_41,2.5,52,3,4,1,0.19170,2.83802
v1_41,2.5,52,4,0,0,0.32416,1.24542
v1_41,2.5,52,4,1,0,0.68529,0.16940
v1_41,2.5,52,4,2,0,0.87518,0.19687
v1_41,2.5,52,4,4,1,0.81730,0.22144
v1_41,2.5,52,5,0,0,0.81271,0.10756
v1_41,2.5,52,5,1,0,0.86131,0.16015
v1_41,2.5,52,5,2,0,0.64609,0.13915
v1_41,2.5,52,5,4,-1,0.66883,0.38927
v1_41,2.5,52,6,0,0,0.45351,0.01144
v1_41,2.5,52,6,1,0,0.93404,0.13201
v1_41,2.5,52,6,2,0,0.78412,0.23077
v1_41,2.5,52,6,4,1,0.93175,0.06977
v1_41,2.5,52,7,0,0,0.77697,0.19519
v1_41,2.5,52,7,1,0,0.93307,0.12832
v1_41,2.5,52,7,2,0,0.78953,0.22636
v1_41,2.5,52,7,4,1,0.77184,0.24998
v1_41,2.5,53,0,0,0,0.93876,0.05147
v1_41,2.5,53,0,1,0,0.91592,0.07508
v1_41,2.5,53,0,2,0,0.78066,0.26779
v1_41,2.5,53,0,4,-1,0.03122,1.01173
v1_41,2.5,53,1,0,0,0.80451,0.37860
v1_41,2.5,53,1,1,0,0.91168,0.07463
v1_41,2.5,53,1,2,0,0.87096,0.28807
v1_41,2.5,53,1,4,1,0.95034,0.08677
v1_41,2.5,53,2,0,0,0.56523,0.29859
v1_41,2.5,53,2,1,0,0.27828,3.14988
v1_41,2.5,53,2,2,0,0.88479,0.24497
v1_41,2.5,53,2,4,1,0.75432,0.27095
v1_41,2.5,53,3,0,0,0.77760,0.23072
v1_41,2.5,53,3,1,0,0.82032,0.16906
v1_41,2.5,53,3,2,0,0.85590,0.24671
v1_41,2.5,53,3,4,1,0.95711,0.05556
v1_41,2.5,53,4,0,0,0.47122,2.34449
v1_41,2.5,53,4,1,0,0.61702,0.44936
v1_41,2.5,53,4,2,0,0.92302,0.13977
v1_41,2.5,53,4,4,1,0.84903,0.06136
v1_41,2.5,53,5,0,0,0.48478,0.36236
v1_41,2.5,53,5,1,0,0.74573,0.29689
v1_41,2.5,53,5,2,0,0.89111,0.24219
v1_41,2.5,53,5,4,1,0.93348,0.08089
v1_41,2.5,53,6,0,0,0.94862,0.04906
v1_41,2.5,53,6,1,0,0.92624,0.06606
v1_41,2.5,53,6,2,0,0.93014,0.10846
v1_41,2.5,53,6,4,1,0.94623,0.04274
v1_41,2.5,53,7,0,0,0.71228,0.32056
v1_41,2.5,53,7,1,0,0.48513,0.27828
v1_41,2.5,53,7,2,0,0.83903,0.26995
v1_41,2.5,53,7,4,1,0.95015,0.07330
v1_41,2.5,54,0,0,0,0.70918,0.28881
v1_41,2.5,54,0,1,-1,0.35493,3.60440
v1_41,2.5,54,0,2,0,0.90271,0.08971
v1_41,2.5,54,0,4,1,0.83116,0.21738
v1_41,2.5,54,1,0,0,0.52148,0.18565
v1_41,2.5,54,1,1,0,0.92269,0.08523
v1_41,2.5,54,1,2,0,0.48540,0.60310
v1_41,2.5,54,1,4,0,0.82850,0.16082
v1_41,2.5,54,2,0,0,0.62409,0.33114
v1_41,2.5,54,2,1,0,0.91670,0.08068
v1_41,2.5,54,2,2,0,0.66249,0.07333
v1_41,2.5,54,2,4,0,0.82142,0.15853
v1_41,2.5,54,3,0,0,0.85818,0.21140
v1_41,2.5,54,3,2,0,0.93794,0.05416
v1_41,2.5,54,3,4,0,0.67523,0.31133
v1_41,2.5,54,4,0,0,0.70714,0.32769
v1_41,2.5,54,4,1,0,0.90829,0.08852
v1_41,2.5,54,4,2,0,0.64488,0.38561
v1_41,2.5,54,4,4,-1,0.02559,1.12219
v1_41,2.5,54,5,0,0,0.84695,0.04405
v1_41,2.5,54,5,1,0,0.86210,0.11232
v1_41,2.5,54,5,2,0,0.80830,0.21034
v1_41,2.5,54,5,4,-1,0.02630,1.06776
v1_41,2.5,54,6,0,0,0.85452,0.18365
v1_41,2.5,54,6,1,0,0.78841,0.14694
v1_41,2.5,54,6,2,0,0.84314,0.10245
v1_41,2.5,54,6,4,1,0.83482,0.27118
v1_41,2.5,54,7,0,0,0.84118,0.22519
v1_41,2.5,54,7,1,0,0.89703,0.08272
v1_41,2.5,54,7,2,0,0.92067,0.07310
v1_41,2.5,54,7,4,0,0.83128,0.16483
v1_41,2.5,55,0,0,0,0.87873,0.30038
v1_41,2.5,55,0,1,0,0.82060,0.15643
v1_41,2.5,55,0,2,0,0.89654,0.07002
v1_41,2.5,55,0,4,1,0.66278,0.40309
v1_41,2.5,55,1,0,0,0.82368,0.31220
v1_41,2.5,55,1,1,0,0.44086,0.10297
v1_41,2.5,55,1,2,0,0.89410,0.09209
v1_41,2.5,55,1,4,1,0.67058,0.39459
v1_41,2.5,55,2,0,0,0.78693,0.21215
v1_41,2.5,55,2,1,0,0.77818,0.21231
v1_41,2.5,55,2,2,0,0.75760,0.22454
v1_41,2.5,55,2,4,1,0.96887,0.02069
v1_41,2.5,55,3,0,0,0.19519,2.13791
v1_41,2.5,55,3,1,0,0.61893,0.40771
v1_41,2.5,55,3,2,0,0.87273,0.04453
v1_41,2.5,55,3,4,1,0.94398,0.05357
v1_41,2.5,55,4,0,0,0.86258,0.13655
v1_41,2.5,55,4,1,0,0.65555,0.18114
v1_41,2.5,55,4,2,0,0.89579,0.10268
v1_41,2.5,55,4,4,1,0.90946,0.09172
v1_41,2.5,55,5,0,0,0.76750,0.31962
v1_41,2.5,55,5,1,0,0.93032,0.07266
v1_41,2.5,55,5,2,0,0.89654,0.02510
v1_41,2.5,55,5,4,0,0.72827,0.77943
v1_41,2.5,55,6,0,0,0.36086,1.14183
v1_41,2.5,55,6,1,0,0.97043,0.01090
v1_41,2.5,55,6,2,0,0.89268,0.09238
v1_41,2.5,55,6,4,1,0.52000,0.62923
v1_41,2.5,55,7,0,0,0.88455,0.10745
v1_41,2.5,55,7,1,0,0.90456,0.17705
v1_41,2.5,55,7,2,0,0.87609,0.10311
v1_41,2.5,55,7,4,1,0.87212,0.14148
v1_41,2.5,56,0,0,0,0.94338,0.12517
v1_41,2.5,56,0,1,0,0.81677,0.40810
v1_41,2.5,56,0,2,0,0.83446,0.20291
v1_41,2.5,56,0,4,1,0.93034,0.09749
v1_41,2.5,56,1,0,0,0.09969,2.95873
v1_41,2.5,56,1,1,0,0.88947,0.13368
v1_41,2.5,56,1,2,0,0.40614,0.44246
v1_41,2.5,56,1,4,-1,0.03320,0.95962
v1_41,2.5,56,2,0,0,0.18112,2.59870
v1_41,2.5,56,2,1,0,0.65110,0.01111
v1_41,2.5,56,2,2,0,0.86822,0.06591
v1_41,2.5,56,2,4,1,0.95328,0.02302
v1_41,2.5,56,3,0,0,0.88274,0.10379
v1_41,2.5,56,3,1,0,0.90307,0.00658
v1_41,2.5,56,3,2,0,0.73652,0.21806
v1_41,2.5,56,3,4,1,0.68231,0.35335
v1_41,2.5,56,4,0,0,0.80245,0.21826
v1_41,2.5,56,4,1,0,0.84413,0.09039
v1_41,2.5,56,4,2,0,0.80832,0.25913
v1_41,2.5,56,4,4,1,0.86671,0.13789
v1_41,2.5,56,5,0,0,0.78614,0.19462
v1_41,2.5,56,5,1,0,0.45522,0.86656
v1_41,2.5,56,5,2,0,0.60426,0.37007
v1_41,2.5,56,5,4,-1,0.02944,0.96614
v1_41,2.5,56,6,0,0,0.63247,0.49234
v1_41,2.5,56,6,1,0,0.91420,0.15217
v1_41,2.5,56,6,2,0,0.39238,0.76328
v1_41,2.5,56,6,4,1,0.94872,0.03931
v1_41,2.5,56,7,0,0,0.83339,0.17021
v1_41,2.5,56,7,1,0,0.16443,2.62583
v1_41,2.5,56,7,2,0,0.83288,0.21596
v1_41,2.5,56,7,4,0,0.58396,0.49236
v1_41,2.5,57,0,0,0,0.61803,0.28450
v1_41,2.5,57,0,1,0,0.59786,0.44829
v1_41,2.5,57,0,2,0,0.77372,0.24679
v1_41,2.5,57,0,4,1,0.89939,0.12340
v1_41,2.5,57,1,0,0,0.83822,0.13272
v1_41,2.5,57,1,1,0,0.92290,0.06717
v1_41,2.5,57,1,2,0,0.24984,1.69481
v1_41,2.5,57,1,4,-1,0.82646,0.19654
v1_41,2.5,57,2,0,0,0.80638,0.11749
v1_41,2.5,57,2,1,0,0.92913,0.09178
v1_41,2.5,57,2,2,0,0.96323,0.02011
v1_41,2.5,57,2,4,1,0.64688,0.43378
v1_41,2.5,57,3,0,0,0.45000,0.65939
v1_41,2.5,57,3,1,0,0.71426,0.28779
v1_41,2.5,57,3,2,0,0.22415,2.21400
v1_41,2.5,57,3,4,-1,0.89938,0.10247
v1_41,2.5,57,4,0,0,0.85060,0.14413
v1_41,2.5,57,4,1,0,0.90954,0.07592
v1_41,2.5,57,4,2,0,0.65544,0.34599
v1_41,2.5,57,4,4,-1,0.86930,0.22997
v1_41,2.5,57,5,0,0,0.92459,0.12438
v1_41,2.5,57,5,1,0,0.54071,0.43609
v1_41,2.5,57,5,2,0,0.97436,0.02049
v1_41,2.5,57,5,4,1,0.68582,0.37685
v1_41,2.5,57,6,0,0,0.63187,0.18507
v1_41,2.5,57,6,1,0,0.76828,0.22627
v1_41,2.5,57,6,2,0,0.77524,0.19643
v1_41,2.5,57,6,4,-1,0.89395,0.08703
v1_41,2.5,57,7,0,0,0.86555,0.18390
v1_41,2.5,57,7,1,0,0.92038,0.06817
v1_41,2.5,57,7,2,0,0.95500,0.01985
v1_41,2.5,57,7,4,-1,0.84572,0.24022
v1_41,2.5,58,0,0,0,0.75147,0.20279
v1_41,2.5,58,0,1,0,0.93421,0.05686
v1_41,2.5,58,0,2,0,0.55957,0.14228
v1_41,2.5,58,0,4,0,0.66330,1.00522
v1_41,2.5,58,1,0,0,0.95332,0.02300
v1_41,2.5,58,1,1,0,0.78802,0.19404
v1_41,2.5,58,1,2,0,0.92891,0.04394
v1_41,2.5,58,1,4,1,0.89982,0.25633
v1_41,2.5,58,2,0,0,0.77505,0.21858
v1_41,2.5,58,2,1,0,0.93807,0.05412
v1_41,2.5,58,2,2,0,0.62773,0.31514
v1_41,2.5,58,2,4,1,0.93075,0.18883
v1_41,2.5,58,3,0,0,0.81785,0.17311
v1_41,2.5,58,3,1,0,0.21282,3.06324
v1_41,2.5,58,3,2,0,0.94065,0.05893
v1_41,2.5,58,3,4,1,0.59889,0.31518
v1_41,2.5,58,4,0,0,0.76509,0.30867
v1_41,2.5,58,4,1,0,0.88710,0.09900
v1_41,2.5,58,4,2,0,0.66664,0.02780
v1_41,2.5,58,4,4,-1,0.20887,2.54078
v1_41,2.5,58,5,0,0,0.38455,0.82127
v1_41,2.5,58,5,1,0,0.92345,0.07664
v1_41,2.5,58,5,2,0,0.84651,0.32918
v1_41,2.5,58,5,4,0,0.61036,1.02441
v1_41,2.5,58,6,0,0,0.27262,1.70898
v1_41,2.5,58,6,1,0,0.95430,0.03965
v1_41,2.5,58,6,2,0,0.66218,0.39997
v1_41,2.5,58,6,4,-1,0.91770,0.16636
v1_41,2.5,58,7,0,0,0.92810,0.06380
v1_41,2.5,58,7,1,0,0.95137,0.04445
v1_41,2.5,58,7,2,0,0.92822,0.01800
v1_41,2.5,58,7,4,0,0.63724,0.98802
v1_41,2.5,59,0,0,0,0.81922,0.16909
v1_41,2.5,59,0,1,0,0.92849,0.04652
v1_41,2.5,59,0,2,0,0.72073,0.30325
v1_41,2.5,59,0,4,-1,0.71701,0.32447
v1_41,2.5,59,1,0,0,0.74786,0.16335
v1_41,2.5,59,1,1,0,0.80117,0.18943
v1_41,2.5,59,1,2,0,0.94926,0.04361
v1_41,2.5,59,1,4,1,0.77070,0.27045
v1_41,2.5,59,2,0,0,0.79311,0.23431
v1_41,2.5,59,2,1,0,0.68861,0.10805
v1_41,2.5,59,2,2,0,0.81224,0.19287
v1_41,2.5,59,2,4,1,0.93560,0.11578
v1_41,2.5,59,3,0,0,0.43333,0.57150
v1_41,2.5,59,3,1,0,0.66781,0.31535
v1_41,2.5,59,3,2,0,0.91354,0.06968
v1_41,2.5,59,3,4,1,0.94298,0.06592
v1_41,2.5,59,4,0,0,0.79238,0.26826
v1_41,2.5,59,4,1,0,0.90852,0.16744
v1_41,2.5,59,4,2,0,0.95294,0.03597
v1_41,2.5,59,4,4,1,0.33652,0.59258
v1_41,2.5,59,5,0,0,0.48269,0.61858
v1_41,2.5,59,5,1,0,0.93284,0.03773
v1_41,2.5,59,5,2,0,0.57726,0.25255
v1_41,2.5,59,5,4,1,0.93022,0.12302
v1_41,2.5,59,6,0,0,0.82327,0.16187
v1_41,2.5,59,6,1,0,0.94897,0.04356
v1_41,2.5,59,6,2,0,0.94060,0.05174
v1_41,2.5,59,6,4,1,0.63259,0.49672
v1_41,2.5,59,7,0,0,0.61138,0.28114
v1_41,2.5,59,7,1,0,0.94889,0.04527
v1_41,2.5,59,7,2,0,0.77534,0.37082
v1_41,2.5,59,7,4,1,0.95165,0.05015
v1_41,2.5,60,0,0,0,0.76241,0.26493
v1_41,2.5,60,0,1,0,0.74164,0.26180
v1_41,2.5,60,0,2,0,0.94636,0.04313
v1_41,2.5,60,0,4,0,0.64707,0.68699
v1_41,2.5,60,1,0,0,0.61071,0.20609
v1_41,2.5,60,1,1,0,0.87609,0.09749
v1_41,2.5,60,1,2,0,0.72967,0.28512
v1_41,2.5,60,1,4,1,0.92181,0.10528
v1_41,2.5,60,2,0,0,0.57727,0.24508
v1_41,2.5,60,2,1,0,0.64559,0.37845
v1_41,2.5,60,2,2,0,0.75207,0.26295
v1_41,2.5,60,2,4,0,0.89959,0.10032
v1_41,2.5,60,3,0,0,0.51358,0.30263
v1_41,2.5,60,3,1,0,0.20729,2.75508
v1_41,2.5,60,3,2,0,0.90938,0.13776
v1_41,2.5,60,3,4,1,0.93550,0.09864
v1_41,2.5,60,4,0,0,0.96745,0.02151
v1_41,2.5,60,4,1,0,0.50852,0.70861
v1_41,2.5,60,4,2,0,0.90294,0.15561
v1_41,2.5,60,4,4,1,0.93075,0.08680
v1_41,2.5,60,5,0,0,0.95196,0.04362
v1_41,2.5,60,5,1,0,0.93056,0.05506
v1_41,2.5,60,5,2,0,0.78559,0.30081
v1_41,2.5,60,5,4,0,0.94363,0.07418
v1_41,2.5,60,6,0,0,0.60440,0.30662
v1_41,2.5,60,6,1,0,0.88082,0.09908
v1_41,2.5,60,6,2,0,0.33503,1.22892
v1_41,2.5,60,6,4,0,0.93111,0.07445
v1_41,2.5,60,7,0,-1,0.19894,1.90872
v1_41,2.5,60,7,1,0,0.93873,0.05336
v1_41,2.5,60,7,2,0,0.88373,0.14704
v1_41,2.5,60,7,4,1,0.91945,0.07316
v3_41,0.8,41,0,0,0,0.92440,0.04314
v3_41,0.8,41,0,1,0,0.87107,0.27922
v3_41,0.8,41,0,4,1,0.92121,0.16043
v3_41,0.8,41,1,0,0,0.24095,1.39216
v3_41,0.8,41,1,1,0,0.40696,0.74475
v3_41,0.8,41,1,2,0,0.24668,1.94524
v3_41,0.8,41,1,4,0,0.18494,2.99773
v3_41,0.8,41,2,0,-1,0.38073,1.33677
v3_41,0.8,41,2,1,-1,0.00243,2.53061
v3_41,0.8,41,2,2,0,0.76439,0.24292
v3_41,0.8,41,3,0,0,0.48683,0.13371
v3_41,0.8,41,3,1,0,0.75186,0.27112
v3_41,0.8,41,3,2,0,0.86453,0.11772
v3_41,0.8,41,4,2,0,0.24988,1.87639
v3_41,0.8,41,5,0,0,0.47186,0.60272
v3_41,0.8,41,5,1,0,0.70210,0.30351
v3_41,0.8,41,5,2,0,0.88676,0.10125
v3_41,0.8,41,5,4,0,0.23606,1.66592
v3_41,0.8,41,6,0,0,0.20116,1.99102
v3_41,0.8,41,6,1,0,0.57935,0.56492
v3_41,0.8,41,6,2,0,0.61150,0.43499
v3_41,0.8,41,7,0,0,0.95449,0.03134
v3_41,0.8,41,7,1,0,0.88112,0.25994
v3_41,0.8,41,7,2,0,0.61928,0.42825
v3_41,0.8,42,0,0,0,0.90189,0.12846
v3_41,0.8,42,0,1,0,0.95020,0.02079
v3_41,0.8,42,0,2,0,0.76849,0.24208
v3_41,0.8,42,1,0,0,0.70556,0.21735
v3_41,0.8,42,1,1,0,0.85302,0.12237
v3_41,0.8,42,1,2,0,0.29136,0.96100
v3_41,0.8,42,2,0,0,0.65034,0.09306
v3_41,0.8,42,2,1,0,0.71983,0.29670
v3_41,0.8,42,2,2,0,0.68405,0.32387
v3_41,0.8,42,3,1,0,0.22158,1.46986
v3_41,0.8,42,3,2,-1,0.00509,1.05452
v3_41,0.8,42,4,0,0,0.90226,0.06944
v3_41,0.8,42,4,1,-1,0.02225,2.18751
v3_41,0.8,42,4,2,0,0.68004,0.32823
v3_41,0.8,42,4,4,1,0.90436,0.17456
v3_41,0.8,42,5,0,0,0.88075,0.14322
v3_41,0.8,42,5,1,0,0.19652,2.48200
v3_41,0.8,42,5,2,0,0.64096,0.37820
v3_41,0.8,42,6,1,0,0.84483,0.30266
v3_41,0.8,42,6,2,0,0.69139,0.32104
v3_41,0.8,42,7,0,0,0.85327,0.08164
v3_41,0.8,42,7,1,-1,0.01552,1.13181
v3_41,0.8,42,7,2,0,0.91063,0.08102
v3_41,0.8,43,0,0,0,0.71060,0.30508
v3_41,0.8,43,0,1,1,0.67161,0.27212
v3_41,0.8,43,0,2,0,0.86949,0.11588
v3_41,0.8,43,1,0,0,0.36863,0.79849
v3_41,0.8,43,1,2,0,0.90878,0.06993
v3_41,0.8,43,2,0,0,0.37768,1.31103
v3_41,0.8,43,2,1,0,0.72240,0.30610
v3_41,0.8,43,2,2,0,0.50373,0.34517
v3_41,0.8,43,3,0,0,0.75296,0.29603
v3_41,0.8,43,3,1,0,0.63430,0.37793
v3_41,0.8,43,3,2,0,0.92154,0.06904
v3_41,0.8,43,3,4,1,0.53501,0.62331
v3_41,0.8,43,4,0,-1,0.21883,1.61913
v3_41,0.8,43,4,1,0,0.64012,0.40447
v3_41,0.8,43,4,2,0,0.73701,0.27601
v3_41,0.8,43,4,4,1,0.21130,2.53335
v3_41,0.8,43,5,0,0,0.27986,1.46424
v3_41,0.8,43,5,1,0,0.45220,0.54182
v3_41,0.8,43,5,2,-1,0.00760,1.74913
v3_41,0.8,43,5,4,1,0.60280,0.49979
v3_41,0.8,43,6,1,0,0.84221,0.09829
v3_41,0.8,43,6,2,0,0.23575,1.94308
v3_41,0.8,43,7,0,0,0.52004,0.48335
v3_41,0.8,44,0,0,-1,0.00778,2.23149
v3_41,0.8,44,0,1,0,0.44143,0.61761
v3_41,0.8,44,0,4,-1,0.18297,0.99896
v3_41,0.8,44,1,0,0,0.84340,0.07967
v3_41,0.8,44,1,1,0,0.46817,0.60376
v3_41,0.8,44,1,2,0,0.89808,0.10578
v3_41,0.8,44,1,4,1,0.69553,0.34721
v3_41,0.8,44,2,0,0,0.51692,0.51104
v3_41,0.8,44,2,1,0,0.30587,0.89173
v3_41,0.8,44,2,4,1,0.92662,0.09030
v3_41,0.8,44,3,0,0,0.46134,0.77620
v3_41,0.8,44,3,1,0,0.89016,0.09527
v3_41,0.8,44,3,2,0,0.44467,0.16005
v3_41,0.8,44,4,0,0,0.12704,4.73335
v3_41,0.8,44,4,1,0,0.72132,0.28219
v3_41,0.8,44,4,2,0,0.90864,0.10003
v3_41,0.8,44,5,0,0,0.65988,0.30938
v3_41,0.8,44,5,1,0,0.60179,0.42197
v3_41,0.8,44,5,2,-1,0.36286,1.24115
v3_41,0.8,44,5,4,1,0.38571,0.89534
v3_41,0.8,44,6,0,0,0.71516,0.30953
v3_41,0.8,44,6,1,0,0.57373,0.46797
v3_41,0.8,44,6,2,0,0.76800,0.20038
v3_41,0.8,44,7,0,0,0.50014,0.50173
v3_41,0.8,44,7,2,0,0.92193,0.08624
v3_41,0.8,45,0,0,0,0.51192,1.16151
v3_41,0.8,45,0,1,0,0.93587,0.05629
v3_41,0.8,45,0,2,0,0.92863,0.01811
v3_41,0.8,45,1,0,0,0.92715,0.06375
v3_41,0.8,45,1,1,0,0.82092,0.16752
v3_41,0.8,45,1,2,-1,0.10510,1.96043
v3_41,0.8,45,1,4,1,0.36325,0.94696
v3_41,0.8,45,2,0,0,0.58318,0.45772
v3_41,0.8,45,2,1,0,0.48014,1.60945
v3_41,0.8,45,2,2,0,0.88870,0.16845
v3_41,0.8,45,3,0,0,0.65815,0.17645
v3_41,0.8,45,3,1,0,0.82213,0.32425
v3_41,0.8,45,3,2,0,0.82658,0.14698
v3_41,0.8,45,4,1,0,0.59426,0.17268
v3_41,0.8,45,4,2,0,0.87789,0.08907
v3_41,0.8,45,5,0,0,0.43599,0.68876
v3_41,0.8,45,5,1,0,0.62337,0.40470
v3_41,0.8,45,5,2,0,0.81447,0.31172
v3_41,0.8,45,6,0,0,0.35981,1.25550
v3_41,0.8,45,6,1,0,0.75456,0.25644
v3_41,0.8,45,6,2,-1,0.30541,1.49656
v3_41,0.8,45,7,0,0,0.57528,0.47735
v3_41,0.8,45,7,1,-1,0.02165,0.93643
v3_41,0.8,45,7,2,0,0.91088,0.04493
v3_41,0.8,46,0,0,0,0.62158,0.15789
v3_41,0.8,46,0,1,0,0.63751,0.42988
v3_41,0.8,46,0,2,0,0.88622,0.07023
v3_41,0.8,46,1,0,-1,0.17204,0.98714
v3_41,0.8,46,1,1,-1,0.02658,0.93645
v3_41,0.8,46,1,2,0,0.49373,0.17662
v3_41,0.8,46,1,4,1,0.20204,2.73057
v3_41,0.8,46,2,0,0,0.33785,0.81054
v3_41,0.8,46,2,1,0,0.47220,0.68493
v3_41,0.8,46,2,2,0,0.66078,0.69866
v3_41,0.8,46,3,1,-1,0.02221,1.14898
v3_41,0.8,46,3,2,0,0.83949,0.04859
v3_41,0.8,46,4,0,0,0.56291,0.91279
v3_41,0.8,46,4,1,0,0.90428,0.10411
v3_41,0.8,46,4,2,0,0.84631,0.04568
v3_41,0.8,46,5,0,-1,0.00748,2.19763
v3_41,0.8,46,5,1,0,0.39558,0.77524
v3_41,0.8,46,5,4,0,0.74044,0.64626
v3_41,0.8,46,6,0,-1,0.20732,2.06272
v3_41,0.8,46,6,1,0,0.86868,0.25765
v3_41,0.8,46,6,2,0,0.85042,0.22519
v3_41,0.8,46,6,4,1,0.30121,3.07679
v3_41,0.8,46,7,0,0,0.63407,0.04787
v3_41,0.8,46,7,1,-1,0.13847,0.85541
v3_41,0.8,46,7,2,0,0.63095,0.39091
v3_41,0.8,47,0,0,0,0.52602,0.56192
v3_41,0.8,47,0,1,0,0.69269,0.39405
v3_41,0.8,47,0,2,0,0.79681,0.17379
v3_41,0.8,47,0,4,-1,0.00584,2.01148
v3_41,0.8,47,1,0,0,0.82033,0.40092
v3_41,0.8,47,1,1,0,0.70475,0.44429
v3_41,0.8,47,1,2,-1,0.00509,2.02268
v3_41,0.8,47,1,4,-1,0.04192,1.14898
v3_41,0.8,47,2,0,0,0.73973,0.32481
v3_41,0.8,47,2,1,0,0.40557,0.80374
v3_41,0.8,47,2,2,0,0.49463,0.10947
v3_41,0.8,47,2,4,-1,0.00398,2.21699
v3_41,0.8,47,3,0,0,0.50406,0.45050
v3_41,0.8,47,3,1,0,0.76316,0.24488
v3_41,0.8,47,3,2,0,0.48563,0.09616
v3_41,0.8,47,4,1,0,0.54660,0.51421
v3_41,0.8,47,4,4,1,0.71841,0.38061
v3_41,0.8,47,5,0,0,0.75669,0.59534
v3_41,0.8,47,5,1,0,0.40810,0.87249
v3_41,0.8,47,5,4,-1,0.00561,2.54406
v3_41,0.8,47,6,0,0,0.55842,0.49137
v3_41,0.8,47,6,1,0,0.66999,0.38862
v3_41,0.8,47,6,2,0,0.25477,1.81377
v3_41,0.8,47,7,1,0,0.62181,0.40825
v3_41,0.8,47,7,4,0,0.77530,0.23824
v3_41,0.8,48,0,0,0,0.70150,0.24113
v3_41,0.8,48,0,1,-1,0.43344,0.60763
v3_41,0.8,48,0,2,0,0.68551,0.02586
v3_41,0.8,48,0,4,1,0.18598,3.00027
v3_41,0.8,48,1,0,0,0.48541,0.61514
v3_41,0.8,48,1,1,1,0.34122,0.89248
v3_41,0.8,48,1,2,0,0.70708,0.32566
v3_41,0.8,48,2,0,-1,0.00307,2.31583
v3_41,0.8,48,2,1,0,0.93095,0.09298
v3_41,0.8,48,2,2,0,0.64992,0.33481
v3_41,0.8,48,3,1,0,0.38916,0.77641
v3_41,0.8,48,3,2,0,0.65847,0.34315
v3_41,0.8,48,3,4,1,0.90204,0.21303
v3_41,0.8,48,4,0,0,0.76178,0.22050
v3_41,0.8,48,4,1,0,0.86949,0.25942
v3_41,0.8,48,4,2,0,0.26751,1.73670
v3_41,0.8,48,4,4,1,0.89889,0.22425
v3_41,0.8,48,5,0,0,0.92544,0.06856
v3_41,0.8,48,5,1,0,0.92596,0.08694
v3_41,0.8,48,5,2,0,0.40351,0.77779
v3_41,0.8,48,5,4,1,0.90019,0.21320
v3_41,0.8,48,6,0,0,0.91454,0.06898
v3_41,0.8,48,6,1,0,0.89599,0.09519
v3_41,0.8,48,6,2,0,0.39718,0.73598
v3_41,0.8,48,6,4,1,0.71917,0.34039
v3_41,0.8,48,7,0,0,0.68605,0.29110
v3_41,0.8,48,7,2,0,0.88807,0.16107
v3_41,0.8,49,0,0,0,0.71605,0.24073
v3_41,0.8,49,0,1,-1,0.21953,0.75305
v3_41,0.8,49,0,2,0,0.78946,0.37075
v3_41,0.8,49,1,0,0,0.93888,0.09736
v3_41,0.8,49,1,1,0,0.36974,0.55910
v3_41,0.8,49,1,2,0,0.87278,0.13927
v3_41,0.8,49,1,4,0,0.45737,0.56738
v3_41,0.8,49,2,0,0,0.54456,0.53109
v3_41,0.8,49,2,1,1,0.62022,0.73864
v3_41,0.8,49,2,2,0,0.91965,0.10237
v3_41,0.8,49,3,0,0,0.61713,0.42402
v3_41,0.8,49,3,1,0,0.52000,1.29102
v3_41,0.8,49,3,2,0,0.84241,0.14237
v3_41,0.8,49,4,0,0,0.41374,0.99644
v3_41,0.8,49,4,1,0,0.54621,0.45567
v3_41,0.8,49,4,2,0,0.58519,0.44431
v3_41,0.8,49,5,0,0,0.86723,0.13241
v3_41,0.8,49,5,1,0,0.65266,0.16697
v3_41,0.8,49,5,2,0,0.90935,0.13148
v3_41,0.8,49,5,4,1,0.78124,0.18589
v3_41,0.8,49,6,0,0,0.68633,0.28362
v3_41,0.8,49,7,0,0,0.84014,0.17503
v3_41,0.8,49,7,1,-1,0.01555,1.12364
v3_41,0.8,49,7,2,0,0.89672,0.09471
v3_41,0.8,49,7,4,1,0.95237,0.11903
v3_41,0.8,50,0,1,0,0.82124,0.20168
v3_41,0.8,50,0,2,0,0.86028,0.15362
v3_41,0.8,50,1,0,0,0.60063,0.02770
v3_41,0.8,50,1,1,0,0.41740,0.72408
v3_41,0.8,50,1,4,0,0.57230,0.50730
v3_41,0.8,50,2,0,0,0.72017,0.27319
v3_41,0.8,50,2,2,0,0.44871,1.57399
v3_41,0.8,50,3,0,0,0.86653,0.03968
v3_41,0.8,50,3,1,0,0.79427,0.19984
v3_41,0.8,50,3,2,0,0.85230,0.15615
v3_41,0.8,50,4,0,0,0.38020,0.75172
v3_41,0.8,50,4,1,0,0.77526,0.16911
v3_41,0.8,50,4,2,0,0.83108,0.16955
v3_41,0.8,50,5,0,0,0.01987,2.94474
v3_41,0.8,50,5,1,0,0.53621,0.28719
v3_41,0.8,50,5,2,0,0.25945,1.76404
v3_41,0.8,50,6,0,0,0.84965,0.07256
v3_41,0.8,50,6,1,0,0.57159,0.45061
v3_41,0.8,50,6,4,0,0.74097,0.31530
v3_41,0.8,50,7,0,0,0.65832,0.28210
v3_41,0.8,50,7,1,0,0.56374,0.57229
v3_41,0.8,51,0,0,0,0.56438,0.21150
v3_41,0.8,51,0,2,0,0.70239,0.28325
v3_41,0.8,51,1,0,1,0.48072,0.67777
v3_41,0.8,51,1,1,-1,0.00345,1.82081
v3_41,0.8,51,1,2,0,0.61229,0.41642
v3_41,0.8,51,2,0,0,0.69904,0.31237
v3_41,0.8,51,2,1,1,0.64000,0.41940
v3_41,0.8,51,2,2,0,0.94146,0.05096
v3_41,0.8,51,3,0,0,0.93702,0.06794
v3_41,0.8,51,3,1,0,0.89401,0.10101
v3_41,0.8,51,3,2,0,0.16826,2.16529
v3_41,0.8,51,4,0,0,0.75180,0.38951
v3_41,0.8,51,4,1,0,0.68825,0.28155
v3_41,0.8,51,5,0,0,0.74269,0.38351
v3_41,0.8,51,5,2,0,0.25759,1.86802
v3_41,0.8,51,5,4,-1,0.00470,1.89381
v3_41,0.8,51,6,0,0,0.53627,0.41744
v3_41,0.8,51,6,2,0,0.93782,0.06383
v3_41,0.8,51,7,0,0,0.38719,0.51069
v3_41,0.8,51,7,1,1,0.68497,0.50922
v3_41,0.8,51,7,2,0,0.66452,0.43219
v3_41,0.8,52,0,0,0,0.63379,0.17825
v3_41,0.8,52,0,1,0,0.91741,0.12564
v3_41,0.8,52,0,2,0,0.86491,0.19529
v3_41,0.8,52,1,0,0,0.89178,0.11095
v3_41,0.8,52,1,1,0,0.63514,0.36183
v3_41,0.8,52,1,4,0,0.20693,2.26238
v3_41,0.8,52,2,2,0,0.88609,0.17982
v3_41,0.8,52,2,4,-1,0.20844,1.14475
v3_41,0.8,52,3,0,0,0.88730,0.12520
v3_41,0.8,52,3,1,0,0.49247,0.56285
v3_41,0.8,52,3,4,0,0.20718,2.55484
v3_41,0.8,52,4,0,0,0.53738,0.35422
v3_41,0.8,52,4,1,0,0.76545,0.32315
v3_41,0.8,52,4,2,0,0.69459,0.32946
v3_41,0.8,52,4,4,-1,0.00392,3.09995
v3_41,0.8,52,5,0,0,0.50564,0.54195
v3_41,0.8,52,5,1,0,0.90124,0.12700
v3_41,0.8,52,5,2,0,0.60109,0.38218
v3_41,0.8,52,5,4,1,0.30417,3.16233
v3_41,0.8,52,6,0,0,0.55435,0.03496
v3_41,0.8,52,6,1,0,0.70693,0.76606
v3_41,0.8,52,6,2,0,0.28381,0.98646
v3_41,0.8,52,7,0,0,0.37156,0.94857
v3_41,0.8,52,7,1,0,0.90872,0.12661
v3_41,0.8,52,7,2,0,0.82045,0.27177
v3_41,0.8,53,0,4,-1,0.02994,0.97586
v3_41,0.8,53,1,0,0,0.37397,0.83469
v3_41,0.8,53,1,1,-1,0.02849,1.06195
v3_41,0.8,53,1,2,0,0.73339,0.29545
v3_41,0.8,53,2,0,0,0.39382,0.62845
v3_41,0.8,53,2,2,0,0.71625,0.63704
v3_41,0.8,53,2,4,-1,0.00570,2.64495
v3_41,0.8,53,3,1,0,0.54812,0.52277
v3_41,0.8,53,3,2,0,0.16760,2.36217
v3_41,0.8,53,3,4,-1,0.03621,3.22898
v3_41,0.8,53,4,0,0,0.74282,0.11789
v3_41,0.8,53,4,1,0,0.57448,0.46442
v3_41,0.8,53,4,2,0,0.60785,0.64772
v3_41,0.8,53,5,0,0,0.62094,0.22725
v3_41,0.8,53,5,1,-1,0.01365,1.50031
v3_41,0.8,53,5,2,0,0.89291,0.23435
v3_41,0.8,53,6,4,-1,0.02995,0.97364
v3_41,0.8,53,7,0,0,0.49642,0.39928
v3_41,0.8,53,7,1,0,0.55070,0.61590
v3_41,0.8,53,7,2,0,0.88748,0.23419
v3_41,0.8,54,0,1,0,0.63002,0.18196
v3_41,0.8,54,0,4,0,0.55200,0.36567
v3_41,0.8,54,1,0,0,0.66365,0.32427
v3_41,0.8,54,1,2,0,0.40723,0.73975
v3_41,0.8,54,2,0,0,0.73752,0.21036
v3_41,0.8,54,2,1,0,0.71043,0.11967
v3_41,0.8,54,2,2,0,0.59177,0.31620
v3_41,0.8,54,2,4,0,0.22743,2.21157
v3_41,0.8,54,3,0,0,0.83926,0.22500
v3_41,0.8,54,3,1,0,0.92836,0.08195
v3_41,0.8,54,3,2,0,0.47155,1.54109
v3_41,0.8,54,3,4,0,0.81920,0.18716
v3_41,0.8,54,4,0,0,0.67789,0.26638
v3_41,0.8,54,4,1,0,0.90880,0.10225
v3_41,0.8,54,4,2,0,0.68795,0.33221
v3_41,0.8,54,4,4,1,0.20858,1.96492
v3_41,0.8,54,5,0,0,0.20287,2.60032
v3_41,0.8,54,5,1,0,0.89357,0.09067
v3_41,0.8,54,5,2,0,0.62787,0.38088
v3_41,0.8,54,6,1,0,0.21372,2.01846
v3_41,0.8,54,6,2,0,0.93327,0.06110
v3_41,0.8,54,6,4,-1,0.00729,1.99880
v3_41,0.8,54,7,0,0,0.34586,0.80023
v3_41,0.8,54,7,1,0,0.92158,0.08668
v3_41,0.8,54,7,2,0,0.77784,0.22543
v3_41,0.8,55,0,0,0,0.76959,0.55593
v3_41,0.8,55,0,1,0,0.73678,0.23473
v3_41,0.8,55,0,2,0,0.89144,0.10715
v3_41,0.8,55,0,4,-1,0.20189,1.03522
v3_41,0.8,55,1,0,0,0.68165,0.43459
v3_41,0.8,55,1,1,0,0.57446,0.43638
v3_41,0.8,55,1,2,0,0.89276,0.09193
v3_41,0.8,55,1,4,1,0.60332,0.49676
v3_41,0.8,55,2,0,0,0.62186,0.41533
v3_41,0.8,55,2,1,0,0.26535,1.45210
v3_41,0.8,55,2,2,0,0.73530,0.04374
v3_41,0.8,55,3,0,0,0.54433,0.51311
v3_41,0.8,55,3,1,0,0.46947,1.18862
v3_41,0.8,55,3,2,0,0.74074,0.24483
v3_41,0.8,55,3,4,1,0.92004,0.07815
v3_41,0.8,55,4,0,0,0.34777,0.87364
v3_41,0.8,55,4,1,0,0.58164,0.42379
v3_41,0.8,55,4,2,0,0.80187,0.18122
v3_41,0.8,55,4,4,-1,0.07621,2.61677
v3_41,0.8,55,5,0,0,0.73359,0.34828
v3_41,0.8,55,5,1,-1,0.02509,0.91353
v3_41,0.8,55,5,2,0,0.62985,0.36135
v3_41,0.8,55,5,4,1,0.97063,0.03018
v3_41,0.8,55,6,0,0,0.51011,0.66972
v3_41,0.8,55,6,1,0,0.21455,2.41542
v3_41,0.8,55,6,4,1,0.82112,0.20996
v3_41,0.8,55,7,0,0,0.54964,0.41772
v3_41,0.8,55,7,4,-1,0.54854,1.07803
v3_41,0.8,56,0,4,1,0.79470,0.22294
v3_41,0.8,56,1,0,0,0.88910,0.11210
v3_41,0.8,56,1,1,0,0.43783,0.68599
v3_41,0.8,56,1,2,0,0.72608,0.27914
v3_41,0.8,56,2,0,0,0.33419,0.91591
v3_41,0.8,56,2,1,0,0.74317,0.19468
v3_41,0.8,56,2,2,0,0.87741,0.17910
v3_41,0.8,56,3,0,0,0.78467,0.21326
v3_41,0.8,56,3,1,0,0.56813,0.45712
v3_41,0.8,56,3,4,1,0.94212,0.05678
v3_41,0.8,56,4,0,0,0.37651,0.85064
v3_41,0.8,56,4,4,1,0.74933,0.63362
v3_41,0.8,56,5,0,0,0.18187,2.08993
v3_41,0.8,56,5,1,0,0.67056,0.12744
v3_41,0.8,56,5,2,0,0.72563,0.23020
v3_41,0.8,56,6,0,0,0.39645,0.18649
v3_41,0.8,56,6,1,0,0.06622,3.49476
v3_41,0.8,56,6,2,-1,0.03602,1.82025
v3_41,0.8,56,6,4,-1,0.01529,1.38322
v3_41,0.8,56,7,0,0,0.93893,0.09120
v3_41,0.8,56,7,1,0,0.84152,0.10349
v3_41,0.8,56,7,2,0,0.82998,0.21564
v3_41,0.8,56,7,4,0,0.54351,0.34345
v3_41,0.8,57,0,0,0,0.42366,0.35706
v3_41,0.8,57,0,1,0,0.49291,1.02672
v3_41,0.8,57,0,2,0,0.65916,0.49221
v3_41,0.8,57,1,1,1,0.59807,1.12234
v3_41,0.8,57,1,2,0,0.82509,0.17569
v3_41,0.8,57,2,0,0,0.77870,0.20120
v3_41,0.8,57,2,1,0,0.35358,0.86481
v3_41,0.8,57,2,4,-1,0.02640,1.19653
v3_41,0.8,57,3,1,-1,0.02110,1.09477
v3_41,0.8,57,3,2,0,0.74464,0.23192
v3_41,0.8,57,4,0,0,0.77590,0.22572
v3_41,0.8,57,4,1,-1,0.03058,0.90672
v3_41,0.8,57,4,2,0,0.55069,0.51560
v3_41,0.8,57,5,0,0,0.92122,0.12256
v3_41,0.8,57,5,1,0,0.71836,0.02185
v3_41,0.8,57,5,4,-1,0.02633,1.19962
v3_41,0.8,57,6,0,0,0.61327,0.39928
v3_41,0.8,57,6,1,0,0.69183,0.32794
v3_41,0.8,57,6,2,0,0.73014,0.25512
v3_41,0.8,57,6,4,1,0.31886,1.00207
v3_41,0.8,57,7,0,0,0.93378,0.10598
v3_41,0.8,57,7,1,-1,0.03227,0.90161
v3_41,0.8,57,7,2,0,0.51027,0.97192
v3_41,0.8,57,7,4,1,0.88601,0.13683
v3_41,0.8,58,0,0,0,0.67647,0.32187
v3_41,0.8,58,0,1,0,0.81993,0.34349
v3_41,0.8,58,0,2,0,0.55041,0.13589
v3_41,0.8,58,1,0,0,0.67998,0.34044
v3_41,0.8,58,1,1,0,0.49895,0.59696
v3_41,0.8,58,2,0,0,0.75096,0.52644
v3_41,0.8,58,2,1,-1,0.00645,1.85247
v3_41,0.8,58,2,2,0,0.40333,0.76202
v3_41,0.8,58,3,0,0,0.93991,0.05253
v3_41,0.8,58,3,1,0,0.68471,0.18612
v3_41,0.8,58,3,4,1,0.35354,0.94924
v3_41,0.8,58,4,0,0,0.57297,1.06999
v3_41,0.8,58,4,1,0,0.49621,0.84530
v3_41,0.8,58,4,2,0,0.57113,0.49490
v3_41,0.8,58,5,0,0,0.78268,0.22979
v3_41,0.8,58,5,2,0,0.85360,0.26957
v3_41,0.8,58,6,0,0,0.50280,0.99068
v3_41,0.8,58,6,1,0,0.53652,1.00450
v3_41,0.8,58,6,4,1,0.15846,1.48410
v3_41,0.8,58,7,0,0,0.53139,1.31279
v3_41,0.8,58,7,1,1,0.66475,0.36595
v3_41,0.8,58,7,2,0,0.17216,1.97248
v3_41,0.8,59,0,0,0,0.67052,0.40115
v3_41,0.8,59,0,1,0,0.73199,0.64706
v3_41,0.8,59,0,2,0,0.36874,0.79071
v3_41,0.8,59,0,4,1,0.93582,0.12477
v3_41,0.8,59,1,0,0,0.61731,0.43185
v3_41,0.8,59,1,1,0,0.35176,1.57191
v3_41,0.8,59,1,2,0,0.90616,0.08123
v3_41,0.8,59,2,0,0,0.74842,0.28444
v3_41,0.8,59,2,1,-1,0.04313,0.87447
v3_41,0.8,59,2,2,0,0.73038,0.26420
v3_41,0.8,59,3,0,-1,0.00495,2.34837
v3_41,0.8,59,3,1,-1,0.05486,0.86154
v3_41,0.8,59,3,2,0,0.87306,0.11645
v3_41,0.8,59,4,0,0,0.40447,0.68665
v3_41,0.8,59,4,1,0,0.57816,0.69172
v3_41,0.8,59,4,2,0,0.22645,1.96434
v3_41,0.8,59,4,4,1,0.73988,0.36900
v3_41,0.8,59,5,0,0,0.15933,2.15109
v3_41,0.8,59,5,1,1,0.68773,0.07002
v3_41,0.8,59,5,2,0,0.60491,0.40276
v3_41,0.8,59,6,0,0,0.81833,0.19109
v3_41,0.8,59,6,1,0,0.63268,0.32034
v3_41,0.8,59,6,4,-1,0.19730,2.56955
v3_41,0.8,59,7,0,0,0.70994,0.36791
v3_41,0.8,59,7,1,1,0.68773,0.07347
v3_41,0.8,59,7,2,0,0.80275,0.20426
v3_41,0.8,60,0,0,0,0.43152,0.67921
v3_41,0.8,60,0,1,0,0.21717,1.87118
v3_41,0.8,60,0,2,0,0.37123,0.66545
v3_41,0.8,60,0,4,1,0.80525,0.22321
v3_41,0.8,60,1,0,0,0.21228,1.62986
v3_41,0.8,60,1,1,0,0.34175,1.87762
v3_41,0.8,60,1,2,0,0.47870,0.44111
v3_41,0.8,60,2,0,0,0.38502,0.51377
v3_41,0.8,60,2,1,-1,0.00664,2.02923
v3_41,0.8,60,2,2,0,0.67051,0.33542
v3_41,0.8,60,2,4,-1,0.00751,1.32733
v3_41,0.8,60,3,0,0,0.38187,0.55632
v3_41,0.8,60,3,2,0,0.90671,0.14453
v3_41,0.8,60,4,1,0,0.37997,0.77681
v3_41,0.8,60,4,2,0,0.52208,0.53541
v3_41,0.8,60,5,0,0,0.22459,2.04137
v3_41,0.8,60,5,1,-1,0.02281,1.03683
v3_41,0.8,60,5,2,0,0.59135,0.39891
v3_41,0.8,60,6,0,0,0.46655,0.28024
v3_41,0.8,60,6,1,0,0.49872,0.82256
v3_41,0.8,60,6,2,0,0.58225,0.38396
v3_41,0.8,60,6,4,-1,0.00112,2.11542
v3_41,0.8,60,7,1,0,0.69815,0.29660
v3_41,0.8,60,7,4,0,0.92275,0.11300
v3_41,1.2,41,0,0,0,0.22491,2.10141
v3_41,1.2,41,0,1,0,0.87107,0.27922
v3_41,1.2,41,0,2,0,0.65614,0.36939
v3_41,1.2,41,0,4,1,0.91224,0.16250
v3_41,1.2,41,1,0,0,0.73982,0.15606
v3_41,1.2,41,1,1,0,0.46115,0.65875
v3_41,1.2,41,1,2,0,0.86166,0.13052
v3_41,1.2,41,1,4,0,0.24267,2.06161
v3_41,1.2,41,2,0,0,0.24454,1.36526
v3_41,1.2,41,2,1,-1,0.00252,2.52981
v3_41,1.2,41,2,2,0,0.67267,0.35769
v3_41,1.2,41,2,4,-1,0.00270,2.84467
v3_41,1.2,41,3,0,0,0.32175,0.97284
v3_41,1.2,41,3,1,0,0.82587,0.20695
v3_41,1.2,41,3,2,0,0.86453,0.11772
v3_41,1.2,41,4,0,0,0.51314,0.48987
v3_41,1.2,41,4,1,0,0.22115,1.68249
v3_41,1.2,41,4,2,0,0.24996,1.84390
v3_41,1.2,41,4,4,-1,0.02326,1.19919
v3_41,1.2,41,5,0,0,0.49130,0.57049
v3_41,1.2,41,5,1,0,0.66531,0.31019
v3_41,1.2,41,5,2,0,0.88653,0.10122
v3_41,1.2,41,5,4,1,0.23324,3.37030
v3_41,1.2,41,6,0,0,0.12679,3.12470
v3_41,1.2,41,6,1,0,0.75906,0.35155
v3_41,1.2,41,6,2,0,0.87222,0.11772
v3_41,1.2,41,7,0,0,0.56077,0.54098
v3_41,1.2,41,7,1,0,0.86730,0.26394
v3_41,1.2,41,7,2,0,0.56193,0.51206
v3_41,1.2,41,7,4,-1,0.00595,2.84441
v3_41,1.2,42,0,0,0,0.90189,0.10053
v3_41,1.2,42,0,1,0,0.94874,0.02239
v3_41,1.2,42,0,2,0,0.80157,0.14508
v3_41,1.2,42,1,0,0,0.70021,0.27186
v3_41,1.2,42,1,1,0,0.77214,0.23039
v3_41,1.2,42,1,2,0,0.54635,0.50554
v3_41,1.2,42,1,4,-1,0.00443,1.76246
v3_41,1.2,42,2,0,0,0.65540,0.20648
v3_41,1.2,42,2,1,0,0.88137,0.15419
v3_41,1.2,42,2,2,0,0.75156,0.22901
v3_41,1.2,42,3,0,0,0.34644,2.01403
v3_41,1.2,42,3,1,0,0.80144,0.19359
v3_41,1.2,42,3,2,-1,0.00541,1.06533
v3_41,1.2,42,4,0,0,0.91147,0.00916
v3_41,1.2,42,4,1,-1,0.02225,2.18751
v3_41,1.2,42,4,2,0,0.68957,0.31781
v3_41,1.2,42,4,4,1,0.90725,0.17407
v3_41,1.2,42,5,0,0,0.82379,0.09350
v3_41,1.2,42,5,1,0,0.76269,0.28975
v3_41,1.2,42,5,2,0,0.87717,0.12503
v3_41,1.2,42,6,0,-1,0.00306,2.61014
v3_41,1.2,42,6,1,0,0.95020,0.03143
v3_41,1.2,42,6,2,0,0.68308,0.32425
v3_41,1.2,42,6,4,1,0.17140,1.43868
v3_41,1.2,42,7,0,0,0.62973,0.36161
v3_41,1.2,42,7,1,-1,0.01801,1.09292
v3_41,1.2,42,7,2,0,0.90783,0.08286
v3_41,1.2,42,7,4,1,0.22129,2.58513
v3_41,1.2,43,0,0,0,0.56437,0.45857
v3_41,1.2,43,0,1,0,0.87776,0.12026
v3_41,1.2,43,0,2,0,0.64862,0.13451
v3_41,1.2,43,1,0,0,0.56877,0.46426
v3_41,1.2,43,1,2,0,0.88905,0.14065
v3_41,1.2,43,2,0,0,0.51904,1.29673
v3_41,1.2,43,2,1,0,0.88889,0.10542
v3_41,1.2,43,2,2,0,0.61388,0.55350
v3_41,1.2,43,2,4,1,0.86928,0.22806
v3_41,1.2,43,3,0,0,0.57014,0.43189
v3_41,1.2,43,3,1,0,0.78724,0.20656
v3_41,1.2,43,3,2,0,0.91538,0.08480
v3_41,1.2,43,3,4,1,0.68051,0.27231
v3_41,1.2,43,4,0,-1,0.20161,1.80429
v3_41,1.2,43,4,1,0,0.83750,0.19076
v3_41,1.2,43,4,2,0,0.93485,0.03240
v3_41,1.2,43,5,0,0,0.27977,1.49210
v3_41,1.2,43,5,1,0,0.63953,0.21533
v3_41,1.2,43,5,2,0,0.92585,0.04259
v3_41,1.2,43,5,4,1,0.74300,0.30091
v3_41,1.2,43,6,0,0,0.64327,0.30396
v3_41,1.2,43,6,1,0,0.65749,0.20050
v3_41,1.2,43,6,2,0,0.23268,1.95693
v3_41,1.2,43,6,4,-1,0.00426,2.51548
v3_41,1.2,43,7,0,0,0.39342,0.70129
v3_41,1.2,43,7,1,0,0.76662,0.45487
v3_41,1.2,44,0,0,-1,0.00486,2.09344
v3_41,1.2,44,0,1,0,0.57240,0.29597
v3_41,1.2,44,0,2,0,0.90410,0.10303
v3_41,1.2,44,0,4,-1,0.12972,0.93408
v3_41,1.2,44,1,0,0,0.73224,0.23263
v3_41,1.2,44,1,1,0,0.31520,1.11874
v3_41,1.2,44,1,2,0,0.90710,0.09668
v3_41,1.2,44,1,4,1,0.62715,0.44589
v3_41,1.2,44,2,0,0,0.53935,0.48319
v3_41,1.2,44,2,1,0,0.26377,1.66118
v3_41,1.2,44,2,2,0,0.91687,0.09514
v3_41,1.2,44,2,4,1,0.47121,0.70287
v3_41,1.2,44,3,0,0,0.61235,0.89656
v3_41,1.2,44,3,1,0,0.88615,0.10420
v3_41,1.2,44,3,2,0,0.69590,0.15553
v3_41,1.2,44,4,0,0,0.38685,0.57045
v3_41,1.2,44,4,1,0,0.79377,0.19072
v3_41,1.2,44,4,2,0,0.90102,0.10364
v3_41,1.2,44,5,0,0,0.53847,0.46471
v3_41,1.2,44,5,1,0,0.69598,0.29553
v3_41,1.2,44,5,2,0,0.90364,0.10404
v3_41,1.2,44,5,4,1,0.46624,0.70621
v3_41,1.2,44,6,0,0,0.75714,0.07770
v3_41,1.2,44,6,1,0,0.88119,0.11967
v3_41,1.2,44,6,2,0,0.80468,0.17103
v3_41,1.2,44,7,0,0,0.45941,0.44722
v3_41,1.2,44,7,1,0,0.59317,0.40263
v3_41,1.2,44,7,2,0,0.91569,0.08856
v3_41,1.2,45,0,0,0,0.45001,1.12936
v3_41,1.2,45,0,1,0,0.93587,0.05629
v3_41,1.2,45,0,2,0,0.84101,0.25190
v3_41,1.2,45,1,0,0,0.92715,0.06375
v3_41,1.2,45,1,1,0,0.76719,0.22756
v3_41,1.2,45,1,2,0,0.77421,0.20030
v3_41,1.2,45,1,4,1,0.34209,0.96553
v3_41,1.2,45,2,0,0,0.49625,0.58493
v3_41,1.2,45,2,1,0,0.36314,1.64450
v3_41,1.2,45,2,2,0,0.89032,0.02132
v3_41,1.2,45,3,0,0,0.47284,0.59551
v3_41,1.2,45,3,1,0,0.69337,0.39167
v3_41,1.2,45,3,2,0,0.23093,1.46101
v3_41,1.2,45,4,0,0,0.51705,0.29056
v3_41,1.2,45,4,1,0,0.58885,0.31845
v3_41,1.2,45,4,2,0,0.87789,0.08907
v3_41,1.2,45,5,0,0,0.70340,0.33293
v3_41,1.2,45,5,1,0,0.93648,0.06583
v3_41,1.2,45,5,2,0,0.82138,0.34086
v3_41,1.2,45,6,0,0,0.38346,1.22313
v3_41,1.2,45,6,1,0,0.92910,0.06279
v3_41,1.2,45,6,2,0,0.61593,0.45806
v3_41,1.2,45,7,0,0,0.76981,0.22978
v3_41,1.2,45,7,1,-1,0.02257,0.89908
v3_41,1.2,45,7,2,0,0.75664,0.05490
v3_41,1.2,46,0,0,0,0.78010,0.24072
v3_41,1.2,46,0,1,0,0.79171,0.28695
v3_41,1.2,46,0,2,0,0.59552,0.55931
v3_41,1.2,46,1,0,0,0.61277,0.41526
v3_41,1.2,46,1,1,-1,0.02669,0.93633
v3_41,1.2,46,1,2,0,0.34508,0.93864
v3_41,1.2,46,1,4,1,0.20262,2.68686
v3_41,1.2,46,2,0,0,0.27314,1.94446
v3_41,1.2,46,2,1,0,0.47737,0.66862
v3_41,1.2,46,2,2,0,0.66974,0.68140
v3_41,1.2,46,2,4,1,0.90776,0.13951
v3_41,1.2,46,3,0,1,0.00725,2.57398
v3_41,1.2,46,3,1,-1,0.02353,1.08266
v3_41,1.2,46,3,2,0,0.81079,0.18944
v3_41,1.2,46,4,0,0,0.19416,1.76101
v3_41,1.2,46,4,1,1,0.58136,0.40184
v3_41,1.2,46,4,2,0,0.56703,0.16836
v3_41,1.2,46,5,0,-1,0.00323,2.18518
v3_41,1.2,46,5,1,0,0.54687,0.52492
v3_41,1.2,46,5,4,0,0.75919,0.64438
v3_41,1.2,46,6,0,0,0.81429,0.41226
v3_41,1.2,46,6,1,0,0.83064,0.26612
v3_41,1.2,46,6,2,0,0.86112,0.21489
v3_41,1.2,46,7,0,0,0.64121,0.47441
v3_41,1.2,46,7,1,-1,0.23760,0.77564
v3_41,1.2,46,7,2,0,0.66720,0.34463
v3_41,1.2,47,0,0,0,0.89520,0.13702
v3_41,1.2,47,0,1,0,0.69341,0.32488
v3_41,1.2,47,0,2,0,0.80847,0.20004
v3_41,1.2,47,0,4,1,0.20961,2.65239
v3_41,1.2,47,1,0,0,0.87952,0.27315
v3_41,1.2,47,1,1,0,0.74383,0.31164
v3_41,1.2,47,1,2,0,0.37184,1.72692
v3_41,1.2,47,1,4,1,0.59620,0.50333
v3_41,1.2,47,2,0,0,0.65315,0.30132
v3_41,1.2,47,2,1,0,0.40418,0.80898
v3_41,1.2,47,2,2,0,0.64619,0.12759
v3_41,1.2,47,2,4,1,0.19391,2.83673
v3_41,1.2,47,3,0,0,0.63321,0.37719
v3_41,1.2,47,3,1,0,0.89001,0.10203
v3_41,1.2,47,3,2,0,0.36017,0.81094
v3_41,1.2,47,4,1,0,0.78321,0.22753
v3_41,1.2,47,4,4,1,0.61392,0.27642
v3_41,1.2,47,5,0,0,0.83560,0.27820
v3_41,1.2,47,5,1,0,0.56107,0.51219
v3_41,1.2,47,6,0,0,0.42454,0.71079
v3_41,1.2,47,6,1,0,0.60232,0.51781
v3_41,1.2,47,6,2,0,0.25477,1.81377
v3_41,1.2,47,7,1,0,0.43148,0.71775
v3_41,1.2,47,7,4,1,0.76068,0.26646
v3_41,1.2,48,0,0,0,0.70728,0.10800
v3_41,1.2,48,0,1,0,0.62624,0.40241
v3_41,1.2,48,0,2,0,0.93192,0.04683
v3_41,1.2,48,1,0,0,0.53245,0.54368
v3_41,1.2,48,1,1,0,0.38302,0.80063
v3_41,1.2,48,1,2,0,0.94563,0.05499
v3_41,1.2,48,2,0,-1,0.00417,2.22126
v3_41,1.2,48,2,1,0,0.91825,0.10245
v3_41,1.2,48,2,2,0,0.48184,0.48420
v3_41,1.2,48,3,0,0,0.54826,0.14760
v3_41,1.2,48,3,1,0,0.74813,0.27389
v3_41,1.2,48,3,2,0,0.92241,0.06892
v3_41,1.2,48,3,4,1,0.90181,0.21383
v3_41,1.2,48,4,0,0,0.84071,0.10945
v3_41,1.2,48,4,1,0,0.86286,0.27751
v3_41,1.2,48,4,2,0,0.76405,0.22086
v3_41,1.2,48,4,4,1,0.92928,0.12003
v3_41,1.2,48,5,0,0,0.92544,0.06786
v3_41,1.2,48,5,1,0,0.93604,0.08711
v3_41,1.2,48,5,2,0,0.27130,1.25648
v3_41,1.2,48,5,4,1,0.90059,0.21899
v3_41,1.2,48,6,0,0,0.74780,0.22054
v3_41,1.2,48,6,1,0,0.80632,0.19129
v3_41,1.2,48,6,2,0,0.38667,0.80888
v3_41,1.2,48,6,4,1,0.64821,0.43040
v3_41,1.2,48,7,0,0,0.80187,0.15178
v3_41,1.2,48,7,1,0,0.76547,0.29709
v3_41,1.2,48,7,2,0,0.88644,0.15765
v3_41,1.2,49,0,0,0,0.65581,0.21706
v3_41,1.2,49,0,1,0,0.67064,0.34440
v3_41,1.2,49,0,2,0,0.71985,0.18104
v3_41,1.2,49,1,0,0,0.92259,0.13665
v3_41,1.2,49,1,1,0,0.49568,0.13628
v3_41,1.2,49,1,2,0,0.88761,0.12824
v3_41,1.2,49,1,4,0,0.45284,0.57679
v3_41,1.2,49,2,0,0,0.60425,0.43942
v3_41,1.2,49,2,1,0,0.89857,0.09553
v3_41,1.2,49,2,2,0,0.91965,0.10237
v3_41,1.2,49,2,4,-1,0.00944,3.09042
v3_41,1.2,49,3,0,0,0.44002,0.70675
v3_41,1.2,49,3,1,0,0.52421,1.27555
v3_41,1.2,49,3,2,0,0.82503,0.15366
v3_41,1.2,49,3,4,1,0.93825,0.14640
v3_41,1.2,49,4,0,0,0.32849,1.19923
v3_41,1.2,49,4,1,0,0.36140,0.81827
v3_41,1.2,49,4,2,0,0.88687,0.12850
v3_41,1.2,49,4,4,1,0.94472,0.16451
v3_41,1.2,49,5,0,0,0.77302,0.23357
v3_41,1.2,49,5,1,0,0.69356,0.17446
v3_41,1.2,49,5,2,0,0.90750,0.12196
v3_41,1.2,49,5,4,1,0.78915,0.25646
v3_41,1.2,49,6,0,0,0.40470,0.58797
v3_41,1.2,49,6,1,0,0.22139,1.55063
v3_41,1.2,49,6,4,-1,0.07083,2.89903
v3_41,1.2,49,7,0,0,0.69063,0.33317
v3_41,1.2,49,7,1,-1,0.02788,1.11218
v3_41,1.2,49,7,2,0,0.92408,0.09698
v3_41,1.2,49,7,4,1,0.95275,0.12263
v3_41,1.2,50,0,1,0,0.84363,0.18377
v3_41,1.2,50,0,2,0,0.83718,0.17349
v3_41,1.2,50,0,4,-1,0.00285,2.58332
v3_41,1.2,50,1,0,0,0.70922,0.29435
v3_41,1.2,50,1,1,0,0.56242,0.49155
v3_41,1.2,50,1,2,0,0.64927,0.89547
v3_41,1.2,50,1,4,0,0.51392,0.60121
v3_41,1.2,50,2,0,0,0.23019,1.36071
v3_41,1.2,50,2,1,0,0.69568,0.09591
v3_41,1.2,50,2,2,0,0.44871,1.57399
v3_41,1.2,50,2,4,0,0.36428,1.36541
v3_41,1.2,50,3,0,0,0.64309,0.31210
v3_41,1.2,50,3,1,0,0.81513,0.18103
v3_41,1.2,50,3,2,0,0.62781,0.38790
v3_41,1.2,50,3,4,1,0.21675,2.32137
v3_41,1.2,50,4,0,0,0.38020,0.75172
v3_41,1.2,50,4,1,0,0.65436,0.32680
v3_41,1.2,50,4,2,0,0.86535,0.13548
v3_41,1.2,50,5,0,0,0.63181,0.32902
v3_41,1.2,50,5,1,0,0.41265,0.64658
v3_41,1.2,50,5,2,0,0.25319,1.83676
v3_41,1.2,50,5,4,0,0.35678,2.12616
v3_41,1.2,50,6,0,0,0.86126,0.17303
v3_41,1.2,50,6,1,0,0.59768,0.41048
v3_41,1.2,50,6,2,0,0.89442,0.11586
v3_41,1.2,50,6,4,0,0.33359,0.95229
v3_41,1.2,50,7,0,0,0.67676,0.32989
v3_41,1.2,50,7,1,0,0.81660,0.27545
v3_41,1.2,50,7,4,1,0.72035,0.84521
v3_41,1.2,51,0,0,0,0.54416,0.21562
v3_41,1.2,51,0,2,0,0.83706,0.13999
v3_41,1.2,51,1,0,0,0.57617,0.44279
v3_41,1.2,51,1,1,-1,0.00347,1.82609
v3_41,1.2,51,1,2,0,0.57752,0.44287
v3_41,1.2,51,2,0,0,0.69595,0.31621
v3_41,1.2,51,2,1,0,0.40391,0.76172
v3_41,1.2,51,2,2,0,0.93874,0.05760
v3_41,1.2,51,3,0,0,0.95415,0.06680
v3_41,1.2,51,3,1,0,0.89401,0.10101
v3_41,1.2,51,3,2,0,0.70618,0.42754
v3_41,1.2,51,4,0,0,0.87434,0.12133
v3_41,1.2,51,4,1,0,0.62351,0.29558
v3_41,1.2,51,5,0,0,0.63097,0.41059
v3_41,1.2,51,5,1,0,0.22718,1.68414
v3_41,1.2,51,5,2,0,0.25759,1.86802
v3_41,1.2,51,5,4,1,0.56259,0.75600
v3_41,1.2,51,6,0,0,0.75670,0.25621
v3_41,1.2,51,6,1,0,0.70649,0.32729
v3_41,1.2,51,6,2,0,0.93782,0.06383
v3_41,1.2,51,6,4,1,0.63901,0.42476
v3_41,1.2,51,7,0,0,0.39138,0.68142
v3_41,1.2,51,7,1,0,0.91557,0.08345
v3_41,1.2,51,7,2,0,0.84572,0.15593
v3_41,1.2,52,0,0,0,0.64375,0.19329
v3_41,1.2,52,0,1,0,0.93411,0.13092
v3_41,1.2,52,0,2,0,0.61379,0.40395
v3_41,1.2,52,1,0,0,0.85174,0.13619
v3_41,1.2,52,1,1,0,0.63477,0.40931
v3_41,1.2,52,1,2,-1,0.16937,1.67488
v3_41,1.2,52,1,4,0,0.20383,2.28781
v3_41,1.2,52,2,0,0,0.73399,0.17835
v3_41,1.2,52,2,1,0,0.67973,0.23437
v3_41,1.2,52,2,2,0,0.88496,0.17990
v3_41,1.2,52,2,4,1,0.59551,0.48819
v3_41,1.2,52,3,0,0,0.81901,0.16294
v3_41,1.2,52,3,1,0,0.45463,0.64744
v3_41,1.2,52,3,2,-1,0.31739,1.38401
v3_41,1.2,52,3,4,0,0.20692,2.50809
v3_41,1.2,52,4,0,0,0.43856,0.50902
v3_41,1.2,52,4,1,0,0.82831,0.17086
v3_41,1.2,52,4,2,0,0.62251,0.37228
v3_41,1.2,52,4,4,-1,0.00871,3.21335
v3_41,1.2,52,5,0,-1,0.26874,0.65249
v3_41,1.2,52,5,1,0,0.92681,0.11440
v3_41,1.2,52,5,2,0,0.53601,0.48550
v3_41,1.2,52,5,4,1,0.35197,2.65142
v3_41,1.2,52,6,0,0,0.41127,0.70034
v3_41,1.2,52,6,1,0,0.93505,0.12823
v3_41,1.2,52,6,2,0,0.55058,0.48924
v3_41,1.2,52,7,0,0,0.24132,1.27614
v3_41,1.2,52,7,1,0,0.90717,0.13044
v3_41,1.2,52,7,2,0,0.87417,0.19285
v3_41,1.2,53,0,1,1,0.24875,1.56055
v3_41,1.2,53,0,4,-1,0.02732,1.07331
v3_41,1.2,53,1,0,0,0.41009,0.75555
v3_41,1.2,53,1,1,1,0.71145,0.02712
v3_41,1.2,53,1,2,0,0.88583,0.23078
v3_41,1.2,53,2,0,0,0.71974,0.32114
v3_41,1.2,53,2,1,0,0.35055,0.71266
v3_41,1.2,53,2,2,0,0.70973,0.67527
v3_41,1.2,53,2,4,-1,0.00553,2.69958
v3_41,1.2,53,3,0,0,0.71306,0.35839
v3_41,1.2,53,3,1,0,0.58984,0.45964
v3_41,1.2,53,3,2,0,0.82399,0.25427
v3_41,1.2,53,4,0,0,0.64362,0.62463
v3_41,1.2,53,4,1,0,0.41280,0.70515
v3_41,1.2,53,4,2,0,0.27551,1.32517
v3_41,1.2,53,4,4,1,0.70058,0.97342
v3_41,1.2,53,5,0,0,0.53393,0.31551
v3_41,1.2,53,5,1,0,0.28943,1.98940
v3_41,1.2,53,5,2,0,0.84893,0.26229
v3_41,1.2,53,6,1,0,0.40859,0.75615
v3_41,1.2,53,6,4,-1,0.02994,0.97389
v3_41,1.2,53,7,0,0,0.49968,0.29742
v3_41,1.2,53,7,1,0,0.50650,0.66219
v3_41,1.2,53,7,2,0,0.88748,0.23419
v3_41,1.2,54,0,1,0,0.40911,0.67512
v3_41,1.2,54,0,4,0,0.68350,0.26245
v3_41,1.2,54,1,0,0,0.61811,0.33822
v3_41,1.2,54,1,2,0,0.73073,0.29165
v3_41,1.2,54,2,0,0,0.76357,0.22689
v3_41,1.2,54,2,1,0,0.68517,0.07074
v3_41,1.2,54,2,2,0,0.61609,0.23380
v3_41,1.2,54,2,4,1,0.19407,2.68202
v3_41,1.2,54,3,0,0,0.85831,0.21795
v3_41,1.2,54,3,1,0,0.91370,0.08799
v3_41,1.2,54,3,2,0,0.94306,0.05211
v3_41,1.2,54,3,4,0,0.62236,0.19933
v3_41,1.2,54,4,0,0,0.67016,0.27694
v3_41,1.2,54,4,1,0,0.90877,0.08545
v3_41,1.2,54,4,2,0,0.68073,0.34148
v3_41,1.2,54,4,4,1,0.20858,1.76969
v3_41,1.2,54,5,0,0,0.23746,1.68676
v3_41,1.2,54,5,1,0,0.89357,0.09067
v3_41,1.2,54,5,2,0,0.63838,0.39315
v3_41,1.2,54,6,0,0,0.24501,1.19901
v3_41,1.2,54,6,1,-1,0.30435,1.56393
v3_41,1.2,54,6,2,0,0.75639,0.08149
v3_41,1.2,54,7,0,0,0.37324,0.75309
v3_41,1.2,54,7,1,0,0.92158,0.08054
v3_41,1.2,54,7,2,0,0.76025,0.24314
v3_41,1.2,55,0,0,0,0.87340,0.30378
v3_41,1.2,55,0,1,0,0.38019,0.80405
v3_41,1.2,55,0,2,0,0.89654,0.09415
v3_41,1.2,55,0,4,1,0.60397,0.49294
v3_41,1.2,55,1,0,0,0.84937,0.30183
v3_41,1.2,55,1,1,0,0.56351,0.13735
v3_41,1.2,55,1,2,0,0.89319,0.08452
v3_41,1.2,55,1,4,1,0.66974,0.39577
v3_41,1.2,55,2,0,0,0.62157,0.41602
v3_41,1.2,55,2,1,0,0.15162,2.54095
v3_41,1.2,55,2,2,0,0.69828,0.29803
v3_41,1.2,55,2,4,1,0.82212,0.39627
v3_41,1.2,55,3,0,0,0.46013,0.74273
v3_41,1.2,55,3,1,0,0.55541,0.73361
v3_41,1.2,55,3,2,0,0.89654,0.10187
v3_41,1.2,55,3,4,1,0.91634,0.08224
v3_41,1.2,55,4,0,0,0.35676,0.86432
v3_41,1.2,55,4,1,0,0.61639,0.40059
v3_41,1.2,55,4,2,0,0.81429,0.16412
v3_41,1.2,55,4,4,1,0.81269,0.20249
v3_41,1.2,55,5,0,0,0.73359,0.34828
v3_41,1.2,55,5,1,0,0.92133,0.08050
v3_41,1.2,55,5,2,0,0.61199,0.38323
v3_41,1.2,55,5,4,1,0.96815,0.03732
v3_41,1.2,55,6,0,0,0.42975,0.91729
v3_41,1.2,55,6,1,0,0.79563,0.21864
v3_41,1.2,55,6,4,1,0.74606,0.08808
v3_41,1.2,55,7,0,0,0.56339,0.27830
v3_41,1.2,55,7,1,0,0.54446,0.55658
v3_41,1.2,55,7,2,-1,0.01170,2.10287
v3_41,1.2,55,7,4,1,0.53341,0.18767
v3_41,1.2,56,0,1,0,0.82445,0.17897
v3_41,1.2,56,0,4,1,0.78931,0.17230
v3_41,1.2,56,1,0,0,0.65664,0.36054
v3_41,1.2,56,1,1,0,0.80892,0.02841
v3_41,1.2,56,1,2,0,0.79786,0.17708
v3_41,1.2,56,2,0,0,0.46023,1.07965
v3_41,1.2,56,2,1,0,0.54569,0.50074
v3_41,1.2,56,2,2,0,0.87522,0.17905
v3_41,1.2,56,3,0,0,0.80472,0.16703
v3_41,1.2,56,3,1,0,0.71002,0.26921
v3_41,1.2,56,3,4,1,0.80584,0.11127
v3_41,1.2,56,4,0,0,0.41379,0.71778
v3_41,1.2,56,4,1,0,0.66509,0.08659
v3_41,1.2,56,4,2,0,0.45434,1.51164
v3_41,1.2,56,4,4,1,0.79035,0.59982
v3_41,1.2,56,5,0,0,0.18336,2.09506
v3_41,1.2,56,5,1,0,0.62251,0.08928
v3_41,1.2,56,5,2,0,0.56349,0.46853
v3_41,1.2,56,6,0,0,0.48451,0.11528
v3_41,1.2,56,6,1,0,0.87941,0.10964
v3_41,1.2,56,6,2,-1,0.16633,0.80488
v3_41,1.2,56,6,4,1,0.78605,0.22689
v3_41,1.2,56,7,0,0,0.77549,0.23993
v3_41,1.2,56,7,1,0,0.78841,0.33419
v3_41,1.2,56,7,2,0,0.83007,0.21034
v3_41,1.2,56,7,4,1,0.58433,0.37042
v3_41,1.2,57,0,0,0,0.59982,0.27815
v3_41,1.2,57,0,1,0,0.40661,1.06420
v3_41,1.2,57,0,2,0,0.91886,0.06682
v3_41,1.2,57,1,1,0,0.79444,0.37812
v3_41,1.2,57,1,2,0,0.68336,0.33594
v3_41,1.2,57,2,0,0,0.85357,0.10431
v3_41,1.2,57,2,1,0,0.36352,0.85387
v3_41,1.2,57,2,2,-1,0.56149,0.77510
v3_41,1.2,57,2,4,1,0.57159,0.55227
v3_41,1.2,57,3,1,0,0.71819,0.27296
v3_41,1.2,57,3,2,0,0.37911,0.49688
v3_41,1.2,57,4,0,0,0.74774,0.26299
v3_41,1.2,57,4,1,0,0.91044,0.07660
v3_41,1.2,57,4,2,0,0.63189,0.39932
v3_41,1.2,57,4,4,-1,0.00124,3.13192
v3_41,1.2,57,5,0,0,0.93670,0.08759
v3_41,1.2,57,5,1,0,0.41030,0.82730
v3_41,1.2,57,5,2,0,0.96690,0.01424
v3_41,1.2,57,5,4,1,0.71532,0.33459
v3_41,1.2,57,6,0,0,0.58877,0.42795
v3_41,1.2,57,6,1,0,0.74136,0.27887
v3_41,1.2,57,6,2,0,0.84187,0.15581
v3_41,1.2,57,6,4,1,0.88158,0.14903
v3_41,1.2,57,7,0,0,0.81632,0.18223
v3_41,1.2,57,7,1,0,0.91877,0.06927
v3_41,1.2,57,7,2,0,0.34815,1.48741
v3_41,1.2,57,7,4,1,0.88601,0.13683
v3_41,1.2,58,0,0,0,0.80649,0.18346
v3_41,1.2,58,0,1,0,0.81992,0.34349
v3_41,1.2,58,0,2,0,0.64901,0.10075
v3_41,1.2,58,1,0,0,0.68390,0.33544
v3_41,1.2,58,1,1,0,0.49803,0.59906
v3_41,1.2,58,1,4,0,0.66582,1.00113
v3_41,1.2,58,2,0,0,0.59184,0.60007
v3_41,1.2,58,2,1,0,0.14637,2.41742
v3_41,1.2,58,2,2,0,0.50960,0.62279
v3_41,1.2,58,3,0,0,0.49870,0.59380
v3_41,1.2,58,3,1,0,0.46438,0.67558
v3_41,1.2,58,3,4,1,0.36519,0.98727
v3_41,1.2,58,4,0,0,0.59317,1.10856
v3_41,1.2,58,4,1,0,0.57013,0.79746
v3_41,1.2,58,4,2,0,0.57113,0.49490
v3_41,1.2,58,5,0,0,0.79816,0.20971
v3_41,1.2,58,5,1,0,0.34610,2.16420
v3_41,1.2,58,5,2,0,0.92880,0.05545
v3_41,1.2,58,5,4,-1,0.00203,3.24756
v3_41,1.2,58,6,0,0,0.71670,0.65227
v3_41,1.2,58,6,1,0,0.62121,0.99455
v3_41,1.2,58,6,2,0,0.60087,0.28805
v3_41,1.2,58,6,4,-1,0.00532,1.18938
v3_41,1.2,58,7,0,0,0.44672,1.46630
v3_41,1.2,58,7,1,0,0.81841,0.36294
v3_41,1.2,58,7,2,0,0.19166,1.67700
v3_41,1.2,59,0,0,0,0.52190,0.41114
v3_41,1.2,59,0,1,0,0.72668,0.64700
v3_41,1.2,59,0,2,0,0.40590,0.72302
v3_41,1.2,59,0,4,1,0.93291,0.13439
v3_41,1.2,59,1,0,0,0.62195,0.42543
v3_41,1.2,59,1,1,0,0.28731,1.66961
v3_41,1.2,59,1,2,0,0.95164,0.03927
v3_41,1.2,59,1,4,1,0.90828,0.15027
v3_41,1.2,59,2,0,0,0.75989,0.27493
v3_41,1.2,59,2,1,0,0.77030,0.22540
v3_41,1.2,59,2,2,0,0.76509,0.20820
v3_41,1.2,59,3,0,0,0.15514,2.42443
v3_41,1.2,59,3,1,0,0.94637,0.05124
v3_41,1.2,59,3,2,1,0.54689,0.76712
v3_41,1.2,59,4,0,0,0.66849,0.33061
v3_41,1.2,59,4,1,0,0.55927,0.64516
v3_41,1.2,59,4,2,0,0.22407,1.99934
v3_41,1.2,59,4,4,1,0.49390,0.73773
v3_41,1.2,59,5,0,0,0.15212,2.15388
v3_41,1.2,59,5,1,1,0.68773,0.06725
v3_41,1.2,59,5,2,0,0.62476,0.31403
v3_41,1.2,59,5,4,1,0.13038,4.67843
v3_41,1.2,59,6,0,0,0.81095,0.19560
v3_41,1.2,59,6,1,0,0.65034,0.28648
v3_41,1.2,59,6,2,0,0.95076,0.04471
v3_41,1.2,59,6,4,-1,0.44237,1.63244
v3_41,1.2,59,7,0,0,0.38639,0.87379
v3_41,1.2,59,7,1,1,0.68773,0.06740
v3_41,1.2,59,7,2,0,0.75176,0.25371
v3_41,1.2,60,0,0,0,0.75525,0.26630
v3_41,1.2,60,0,1,-1,0.00888,1.91870
v3_41,1.2,60,0,2,0,0.94655,0.04322
v3_41,1.2,60,0,4,1,0.92947,0.10655
v3_41,1.2,60,1,0,0,0.24098,1.53144
v3_41,1.2,60,1,1,0,0.41375,1.85903
v3_41,1.2,60,1,2,0,0.47083,0.30146
v3_41,1.2,60,2,0,0,0.62429,0.10248
v3_41,1.2,60,2,2,0,0.62944,0.45046
v3_41,1.2,60,2,4,1,0.50436,1.78643
v3_41,1.2,60,3,0,0,0.39502,0.73221
v3_41,1.2,60,3,1,0,0.18262,2.04567
v3_41,1.2,60,3,2,0,0.89213,0.16563
v3_41,1.2,60,3,4,-1,0.00605,2.88851
v3_41,1.2,60,4,0,0,0.20635,1.72356
v3_41,1.2,60,4,1,0,0.56026,0.48949
v3_41,1.2,60,4,2,0,0.49892,0.57186
v3_41,1.2,60,4,4,1,0.80497,0.20718
v3_41,1.2,60,5,0,0,0.21624,1.50275
v3_41,1.2,60,5,1,1,0.70421,0.05455
v3_41,1.2,60,5,2,0,0.55429,0.45544
v3_41,1.2,60,6,0,0,0.47053,0.29625
v3_41,1.2,60,6,1,0,0.68191,0.74962
v3_41,1.2,60,6,2,0,0.61601,0.36463
v3_41,1.2,60,6,4,1,0.18937,3.91954
v3_41,1.2,60,7,1,0,0.65198,0.36105
v3_41,1.2,60,7,4,0,0.94921,0.04092
v3_41,1.8,41,0,0,0,0.95417,0.03053
v3_41,1.8,41,0,1,0,0.84783,0.26375
v3_41,1.8,41,0,2,0,0.79088,0.09305
v3_41,1.8,41,0,4,1,0.90773,0.16372
v3_41,1.8,41,1,0,0,0.93268,0.03162
v3_41,1.8,41,1,1,0,0.69409,0.26839
v3_41,1.8,41,1,2,0,0.85983,0.13330
v3_41,1.8,41,1,4,0,0.24285,2.03486
v3_41,1.8,41,2,0,0,0.80492,0.29342
v3_41,1.8,41,2,1,0,0.85735,0.28006
v3_41,1.8,41,2,2,0,0.70706,0.31471
v3_41,1.8,41,2,4,1,0.92054,0.15779
v3_41,1.8,41,3,0,0,0.29474,1.73619
v3_41,1.8,41,3,1,0,0.83857,0.19666
v3_41,1.8,41,3,2,0,0.71366,0.29297
v3_41,1.8,41,3,4,1,0.31565,2.98601
v3_41,1.8,41,4,0,0,0.65094,0.19406
v3_41,1.8,41,4,1,0,0.85187,0.28883
v3_41,1.8,41,4,2,0,0.57953,0.47103
v3_41,1.8,41,4,4,1,0.75297,0.69155
v3_41,1.8,41,5,0,0,0.77583,0.14911
v3_41,1.8,41,5,1,0,0.75807,0.14682
v3_41,1.8,41,5,2,0,0.85765,0.13258
v3_41,1.8,41,5,4,1,0.20562,2.56795
v3_41,1.8,41,6,0,-1,0.08848,4.23314
v3_41,1.8,41,6,1,0,0.57754,0.57378
v3_41,1.8,41,6,2,0,0.87228,0.11755
v3_41,1.8,41,6,4,1,0.52106,1.36349
v3_41,1.8,41,7,0,0,0.92365,0.05138
v3_41,1.8,41,7,1,0,0.87999,0.26453
v3_41,1.8,41,7,2,0,0.60961,0.43994
v3_41,1.8,41,7,4,1,0.91606,0.14802
v3_41,1.8,42,0,0,0,0.89938,0.10133
v3_41,1.8,42,0,1,0,0.90672,0.06086
v3_41,1.8,42,0,2,0,0.73900,0.42132
v3_41,1.8,42,0,4,1,0.90695,0.19257
v3_41,1.8,42,1,0,0,0.70954,0.01268
v3_41,1.8,42,1,1,0,0.94865,0.03083
v3_41,1.8,42,1,2,0,0.86335,0.11353
v3_41,1.8,42,1,4,1,0.90821,0.17276
v3_41,1.8,42,2,0,0,0.67544,0.19652
v3_41,1.8,42,2,1,0,0.91081,0.08817
v3_41,1.8,42,2,2,0,0.69420,0.23906
v3_41,1.8,42,2,4,1,0.87446,0.18049
v3_41,1.8,42,3,0,0,0.23922,2.93747
v3_41,1.8,42,3,1,0,0.65461,0.37816
v3_41,1.8,42,3,2,0,0.93568,0.05996
v3_41,1.8,42,3,4,1,0.67956,0.33358
v3_41,1.8,42,4,0,0,0.85884,0.30032
v3_41,1.8,42,4,1,-1,0.06781,2.08494
v3_41,1.8,42,4,2,0,0.76534,0.15385
v3_41,1.8,42,4,4,1,0.90843,0.17389
v3_41,1.8,42,5,0,0,0.37934,0.79357
v3_41,1.8,42,5,1,0,0.95020,0.01494
v3_41,1.8,42,5,2,0,0.86777,0.13198
v3_41,1.8,42,5,4,1,0.42737,1.20692
v3_41,1.8,42,6,0,-1,0.00264,2.61958
v3_41,1.8,42,6,1,0,0.95020,0.03143
v3_41,1.8,42,6,2,0,0.67148,0.34250
v3_41,1.8,42,6,4,1,0.88219,0.18557
v3_41,1.8,42,7,0,0,0.68845,0.29649
v3_41,1.8,42,7,1,0,0.76981,0.23606
v3_41,1.8,42,7,2,0,0.78274,0.20790
v3_41,1.8,42,7,4,1,0.62293,0.45420
v3_41,1.8,43,0,0,0,0.44602,1.62154
v3_41,1.8,43,0,1,0,0.75203,0.33076
v3_41,1.8,43,0,2,0,0.78229,0.21648
v3_41,1.8,43,0,4,1,0.34501,2.73358
v3_41,1.8,43,1,0,0,0.63559,0.36859
v3_41,1.8,43,1,1,-1,0.89359,0.10460
v3_41,1.8,43,1,2,0,0.66814,0.42318
v3_41,1.8,43,1,4,1,0.87390,0.13947
v3_41,1.8,43,2,0,0,0.51857,1.29857
v3_41,1.8,43,2,1,0,0.88716,0.10826
v3_41,1.8,43,2,2,0,0.64517,0.42429
v3_41,1.8,43,2,4,1,0.51208,0.61382
v3_41,1.8,43,3,0,0,0.87462,0.02902
v3_41,1.8,43,3,1,0,0.85574,0.06943
v3_41,1.8,43,3,2,0,0.92131,0.06760
v3_41,1.8,43,3,4,1,0.88133,0.15552
v3_41,1.8,43,4,0,0,0.87461,0.13485
v3_41,1.8,43,4,1,0,0.89102,0.10154
v3_41,1.8,43,4,2,0,0.74058,0.26789
v3_41,1.8,43,5,0,0,0.76851,0.16010
v3_41,1.8,43,5,1,0,0.82449,0.09689
v3_41,1.8,43,5,2,0,0.92404,0.06018
v3_41,1.8,43,5,4,1,0.52713,0.04457
v3_41,1.8,43,6,0,0,0.86223,0.13512
v3_41,1.8,43,6,1,0,0.65479,0.20836
v3_41,1.8,43,6,2,0,0.92986,0.04992
v3_41,1.8,43,6,4,1,0.35999,2.36077
v3_41,1.8,43,7,0,0,0.81125,0.10885
v3_41,1.8,43,7,1,0,0.87698,0.22954
v3_41,1.8,43,7,2,0,0.92585,0.01795
v3_41,1.8,43,7,4,0,0.26454,2.68749
v3_41,1.8,44,0,0,-1,0.14164,1.69123
v3_41,1.8,44,0,1,0,0.68878,0.15738
v3_41,1.8,44,0,2,0,0.91633,0.09467
v3_41,1.8,44,0,4,-1,0.18734,0.83292
v3_41,1.8,44,1,0,0,0.79771,0.11687
v3_41,1.8,44,1,1,0,0.11952,3.48187
v3_41,1.8,44,1,2,0,0.88754,0.11488
v3_41,1.8,44,1,4,1,0.66083,0.39659
v3_41,1.8,44,2,0,0,0.78969,0.17508
v3_41,1.8,44,2,1,0,0.91406,0.01844
v3_41,1.8,44,2,2,0,0.90175,0.10427
v3_41,1.8,44,2,4,1,0.91034,0.13836
v3_41,1.8,44,3,0,0,0.61748,0.88565
v3_41,1.8,44,3,1,0,0.88615,0.10891
v3_41,1.8,44,3,2,0,0.70117,0.13595
v3_41,1.8,44,4,0,0,0.85770,0.18335
v3_41,1.8,44,4,1,0,0.63804,0.47843
v3_41,1.8,44,4,2,0,0.84572,0.14402
v3_41,1.8,44,4,4,1,0.95313,0.12448
v3_41,1.8,44,5,0,0,0.38700,1.01834
v3_41,1.8,44,5,1,0,0.80626,0.15971
v3_41,1.8,44,5,2,0,0.90891,0.09915
v3_41,1.8,44,5,4,1,0.41820,0.79798
v3_41,1.8,44,6,0,0,0.77829,0.10993
v3_41,1.8,44,6,1,0,0.65301,0.35890
v3_41,1.8,44,6,2,0,0.80932,0.15366
v3_41,1.8,44,6,4,1,0.95510,0.10120
v3_41,1.8,44,7,0,0,0.33511,0.80014
v3_41,1.8,44,7,1,0,0.87612,0.11847
v3_41,1.8,44,7,2,0,0.90234,0.09739
v3_41,1.8,44,7,4,1,0.95220,0.07719
v3_41,1.8,45,0,0,0,0.50319,0.70667
v3_41,1.8,45,0,1,0,0.93272,0.05903
v3_41,1.8,45,0,2,0,0.92034,0.02250
v3_41,1.8,45,0,4,1,0.93852,0.05033
v3_41,1.8,45,1,0,0,0.92947,0.06099
v3_41,1.8,45,1,1,0,0.82829,0.14948
v3_41,1.8,45,1,2,0,0.83508,0.13183
v3_41,1.8,45,1,4,1,0.36409,0.95003
v3_41,1.8,45,2,0,0,0.81881,0.16483
v3_41,1.8,45,2,1,0,0.94758,0.04802
v3_41,1.8,45,2,2,0,0.74366,0.08758
v3_41,1.8,45,2,4,0,0.71404,0.73173
v3_41,1.8,45,3,0,0,0.62144,0.18370
v3_41,1.8,45,3,1,0,0.78788,0.19112
v3_41,1.8,45,3,2,0,0.84313,0.12574
v3_41,1.8,45,3,4,1,0.93465,0.05505
v3_41,1.8,45,4,0,0,0.84276,0.15021
v3_41,1.8,45,4,1,0,0.73119,0.11252
v3_41,1.8,45,4,2,0,0.87760,0.08937
v3_41,1.8,45,4,4,-1,0.00242,2.98453
v3_41,1.8,45,5,0,0,0.70867,0.37469
v3_41,1.8,45,5,1,0,0.77268,0.21634
v3_41,1.8,45,5,2,0,0.80724,0.27515
v3_41,1.8,45,5,4,1,0.90177,0.08740
v3_41,1.8,45,6,0,0,0.39957,1.20481
v3_41,1.8,45,6,1,0,0.76104,0.24715
v3_41,1.8,45,6,2,0,0.34826,0.66939
v3_41,1.8,45,6,4,1,0.93497,0.05979
v3_41,1.8,45,7,0,0,0.76042,0.23313
v3_41,1.8,45,7,1,0,0.79448,0.20461
v3_41,1.8,45,7,2,0,0.79986,0.05878
v3_41,1.8,45,7,4,0,0.74204,0.70094
v3_41,1.8,46,0,0,0,0.69698,0.20269
v3_41,1.8,46,0,1,0,0.67899,0.36076
v3_41,1.8,46,0,2,0,0.89319,0.04079
v3_41,1.8,46,0,4,1,0.36990,2.61663
v3_41,1.8,46,1,0,0,0.70287,0.29824
v3_41,1.8,46,1,1,0,0.94639,0.05795
v3_41,1.8,46,1,2,0,0.69563,0.13561
v3_41,1.8,46,1,4,1,0.90682,0.16226
v3_41,1.8,46,2,0,0,0.20099,3.03569
v3_41,1.8,46,2,1,0,0.52032,0.57798
v3_41,1.8,46,2,2,0,0.66864,0.70232
v3_41,1.8,46,2,4,1,0.90776,0.12854
v3_41,1.8,46,3,0,0,0.29459,1.38978
v3_41,1.8,46,3,1,0,0.84644,0.09492
v3_41,1.8,46,3,2,0,0.55113,0.24778
v3_41,1.8,46,3,4,1,0.90645,0.16395
v3_41,1.8,46,4,0,0,0.71699,0.22519
v3_41,1.8,46,4,1,0,0.92353,0.09679
v3_41,1.8,46,4,2,0,0.60296,0.14305
v3_41,1.8,46,4,4,1,0.76341,0.67157
v3_41,1.8,46,5,0,-1,0.03737,1.67770
v3_41,1.8,46,5,1,0,0.56034,0.30843
v3_41,1.8,46,5,2,0,0.76044,0.25266
v3_41,1.8,46,5,4,0,0.76017,0.64437
v3_41,1.8,46,6,0,0,0.77756,0.51830
v3_41,1.8,46,6,1,1,0.68166,0.52626
v3_41,1.8,46,6,2,0,0.92846,0.04993
v3_41,1.8,46,7,0,0,0.67198,0.41284
v3_41,1.8,46,7,1,0,0.73481,0.28071
v3_41,1.8,46,7,2,0,0.82496,0.14935
v3_41,1.8,46,7,4,1,0.90750,0.15715
v3_41,1.8,47,0,0,0,0.86510,0.15652
v3_41,1.8,47,0,1,0,0.76140,0.15263
v3_41,1.8,47,0,2,0,0.80593,0.20770
v3_41,1.8,47,0,4,1,0.94783,0.01897
v3_41,1.8,47,1,0,0,0.87095,0.28316
v3_41,1.8,47,1,1,0,0.85644,0.18631
v3_41,1.8,47,1,2,0,0.86350,0.12336
v3_41,1.8,47,1,4,1,0.63843,0.43208
v3_41,1.8,47,2,0,0,0.64721,0.19039
v3_41,1.8,47,2,1,0,0.39558,0.78449
v3_41,1.8,47,2,2,0,0.53279,0.14185
v3_41,1.8,47,2,4,1,0.94380,0.03381
v3_41,1.8,47,3,0,0,0.59509,0.40516
v3_41,1.8,47,3,1,0,0.88881,0.10376
v3_41,1.8,47,3,2,0,0.49512,0.36436
v3_41,1.8,47,3,4,1,0.94391,0.03341
v3_41,1.8,47,4,0,-1,0.93707,0.10885
v3_41,1.8,47,4,1,0,0.82729,0.13356
v3_41,1.8,47,4,2,0,0.93118,0.08829
v3_41,1.8,47,4,4,1,0.78506,0.16370
v3_41,1.8,47,5,0,0,0.88242,0.26908
v3_41,1.8,47,5,1,0,0.23246,2.56839
v3_41,1.8,47,5,2,0,0.92964,0.08859
v3_41,1.8,47,6,0,0,0.87867,0.10579
v3_41,1.8,47,6,1,0,0.66453,0.38418
v3_41,1.8,47,6,2,0,0.25487,1.78975
v3_41,1.8,47,6,4,1,0.41189,2.41472
v3_41,1.8,47,7,1,0,0.79140,0.19513
v3_41,1.8,47,7,2,0,0.90167,0.09530
v3_41,1.8,47,7,4,1,0.83652,0.11006
v3_41,1.8,48,0,0,0,0.40270,0.64321
v3_41,1.8,48,0,1,0,0.74747,0.24820
v3_41,1.8,48,0,2,0,0.94627,0.03860
v3_41,1.8,48,1,0,0,0.62031,0.29003
v3_41,1.8,48,1,1,0,0.71501,0.16012
v3_41,1.8,48,1,2,0,0.86496,0.11408
v3_41,1.8,48,2,0,-1,0.00390,2.31265
v3_41,1.8,48,2,1,0,0.92089,0.11023
v3_41,1.8,48,2,2,0,0.66301,0.35072
v3_41,1.8,48,2,4,1,0.82390,0.18867
v3_41,1.8,48,3,0,0,0.75737,0.07598
v3_41,1.8,48,3,1,0,0.79072,0.21682
v3_41,1.8,48,3,2,0,0.80582,0.20934
v3_41,1.8,48,3,4,1,0.90181,0.21383
v3_41,1.8,48,4,0,0,0.78673,0.18848
v3_41,1.8,48,4,1,0,0.95622,0.05487
v3_41,1.8,48,4,2,0,0.81536,0.19616
v3_41,1.8,48,4,4,1,0.92928,0.11961
v3_41,1.8,48,5,0,0,0.92544,0.00328
v3_41,1.8,48,5,1,0,0.93184,0.08115
v3_41,1.8,48,5,2,0,0.90368,0.19083
v3_41,1.8,48,5,4,1,0.91860,0.15647
v3_41,1.8,48,6,0,0,0.91455,0.06197
v3_41,1.8,48,6,1,0,0.90770,0.08721
v3_41,1.8,48,6,2,0,0.70823,0.25800
v3_41,1.8,48,6,4,1,0.89901,0.22362
v3_41,1.8,48,7,0,0,0.77286,0.19014
v3_41,1.8,48,7,1,0,0.86618,0.29706
v3_41,1.8,48,7,2,0,0.88415,0.16349
v3_41,1.8,48,7,4,-1,0.24658,0.74137
v3_41,1.8,49,0,0,0,0.36330,0.83286
v3_41,1.8,49,0,1,0,0.66707,0.34874
v3_41,1.8,49,0,2,0,0.60515,0.72017
v3_41,1.8,49,0,4,1,0.95961,0.04434
v3_41,1.8,49,1,0,0,0.91493,0.15853
v3_41,1.8,49,1,1,0,0.84014,0.13030
v3_41,1.8,49,1,2,0,0.88960,0.11030
v3_41,1.8,49,1,4,1,0.47022,0.37698
v3_41,1.8,49,2,0,0,0.64419,0.38268
v3_41,1.8,49,2,1,0,0.78534,0.18744
v3_41,1.8,49,2,2,0,0.89708,0.10013
v3_41,1.8,49,2,4,1,0.94835,0.13082
v3_41,1.8,49,3,0,0,0.86868,0.11480
v3_41,1.8,49,3,1,0,0.66898,0.05391
v3_41,1.8,49,3,2,0,0.84610,0.13436
v3_41,1.8,49,3,4,1,0.93825,0.14640
v3_41,1.8,49,4,0,0,0.29459,1.61927
v3_41,1.8,49,4,1,0,0.71399,0.20809
v3_41,1.8,49,4,2,0,0.91003,0.11846
v3_41,1.8,49,4,4,1,0.94368,0.16455
v3_41,1.8,49,5,0,0,0.82162,0.18907
v3_41,1.8,49,5,1,0,0.79179,0.30884
v3_41,1.8,49,5,2,0,0.87926,0.09723
v3_41,1.8,49,5,4,1,0.58744,0.30255
v3_41,1.8,49,6,0,0,0.67105,0.26117
v3_41,1.8,49,6,1,0,0.34110,1.12127
v3_41,1.8,49,6,2,0,0.92387,0.10381
v3_41,1.8,49,6,4,-1,0.07349,2.88830
v3_41,1.8,49,7,0,0,0.84829,0.14726
v3_41,1.8,49,7,1,0,0.77126,0.20042
v3_41,1.8,49,7,2,0,0.92408,0.09772
v3_41,1.8,49,7,4,1,0.94549,0.14592
v3_41,1.8,50,0,0,0,0.23793,0.67717
v3_41,1.8,50,0,1,0,0.84303,0.18319
v3_41,1.8,50,0,2,0,0.78617,0.17390
v3_41,1.8,50,0,4,1,0.72166,0.83684
v3_41,1.8,50,1,0,0,0.37804,0.59455
v3_41,1.8,50,1,1,0,0.61437,0.38939
v3_41,1.8,50,1,2,0,0.92273,0.09392
v3_41,1.8,50,1,4,-1,0.02407,1.20929
v3_41,1.8,50,2,0,0,0.87629,0.15649
v3_41,1.8,50,2,1,0,0.72917,0.27069
v3_41,1.8,50,2,2,0,0.83965,0.22597
v3_41,1.8,50,2,4,0,0.52431,1.25286
v3_41,1.8,50,3,0,0,0.57312,0.44420
v3_41,1.8,50,3,1,0,0.81513,0.18325
v3_41,1.8,50,3,2,0,0.86046,0.15085
v3_41,1.8,50,3,4,1,0.29634,3.11586
v3_41,1.8,50,4,0,0,0.38020,0.75171
v3_41,1.8,50,4,1,0,0.64833,0.33533
v3_41,1.8,50,4,2,0,0.77181,0.23333
v3_41,1.8,50,4,4,1,0.87361,0.25860
v3_41,1.8,50,5,0,0,0.82467,0.08185
v3_41,1.8,50,5,1,1,0.36511,1.14540
v3_41,1.8,50,5,2,0,0.26025,1.76097
v3_41,1.8,50,5,4,1,0.33238,2.83605
v3_41,1.8,50,6,0,0,0.74604,0.29567
v3_41,1.8,50,6,1,0,0.65329,0.31805
v3_41,1.8,50,6,2,0,0.87740,0.12308
v3_41,1.8,50,6,4,1,0.50551,0.61764
v3_41,1.8,50,7,0,0,0.86063,0.18379
v3_41,1.8,50,7,1,0,0.91664,0.15436
v3_41,1.8,50,7,2,0,0.88991,0.11322
v3_41,1.8,50,7,4,1,0.71743,0.84598
v3_41,1.8,51,0,0,0,0.53283,0.23259
v3_41,1.8,51,0,1,0,0.89224,0.10767
v3_41,1.8,51,0,2,0,0.63805,0.22325
v3_41,1.8,51,0,4,1,0.91739,0.13040
v3_41,1.8,51,1,0,0,0.37135,0.79920
v3_41,1.8,51,1,1,0,0.94560,0.06031
v3_41,1.8,51,1,2,0,0.58569,0.45284
v3_41,1.8,51,1,4,1,0.91739,0.13598
v3_41,1.8,51,2,0,0,0.66611,0.35399
v3_41,1.8,51,2,1,1,0.62883,0.40268
v3_41,1.8,51,2,2,0,0.93762,0.05628
v3_41,1.8,51,2,4,1,0.51551,1.79939
v3_41,1.8,51,3,0,0,0.79574,0.43628
v3_41,1.8,51,3,1,0,0.89478,0.09851
v3_41,1.8,51,3,2,0,0.23801,1.44720
v3_41,1.8,51,3,4,1,0.91366,0.14029
v3_41,1.8,51,4,0,0,0.95473,0.06562
v3_41,1.8,51,4,1,0,0.55524,0.21516
v3_41,1.8,51,4,2,0,0.93376,0.05955
v3_41,1.8,51,5,0,0,0.80352,0.19245
v3_41,1.8,51,5,1,0,0.87839,0.29459
v3_41,1.8,51,5,2,0,0.92103,0.06971
v3_41,1.8,51,5,4,1,0.57809,0.74266
v3_41,1.8,51,6,0,0,0.81026,0.17579
v3_41,1.8,51,6,1,0,0.64168,0.38437
v3_41,1.8,51,6,2,0,0.87952,0.10938
v3_41,1.8,51,6,4,1,0.70897,0.33302
v3_41,1.8,51,7,0,0,0.69242,0.25428
v3_41,1.8,51,7,1,0,0.86918,0.12616
v3_41,1.8,51,7,2,0,0.84705,0.14703
v3_41,1.8,51,7,4,1,0.91102,0.14711
v3_41,1.8,52,0,0,0,0.59724,0.15483
v3_41,1.8,52,0,1,0,0.93339,0.13096
v3_41,1.8,52,0,2,0,0.87480,0.17955
v3_41,1.8,52,0,4,1,0.84349,0.35942
v3_41,1.8,52,1,0,0,0.86812,0.12563
v3_41,1.8,52,1,1,0,0.79698,0.21159
v3_41,1.8,52,1,2,0,0.85473,0.18559
v3_41,1.8,52,1,4,-1,0.10152,2.81842
v3_41,1.8,52,2,0,0,0.80044,0.17837
v3_41,1.8,52,2,1,0,0.84313,0.15699
v3_41,1.8,52,2,2,0,0.88470,0.18801
v3_41,1.8,52,2,4,1,0.87692,0.24223
v3_41,1.8,52,3,0,0,0.88970,0.12141
v3_41,1.8,52,3,1,0,0.85606,0.25843
v3_41,1.8,52,3,2,0,0.85628,0.19416
v3_41,1.8,52,3,4,0,0.20667,2.50955
v3_41,1.8,52,4,0,0,0.42095,0.42493
v3_41,1.8,52,4,1,0,0.72079,0.31397
v3_41,1.8,52,4,2,0,0.80552,0.25102
v3_41,1.8,52,4,4,1,0.42757,1.48986
v3_41,1.8,52,5,0,0,0.76040,0.24445
v3_41,1.8,52,5,1,0,0.86193,0.15973
v3_41,1.8,52,5,2,0,0.60646,0.38629
v3_41,1.8,52,5,4,1,0.91393,0.09893
v3_41,1.8,52,6,0,0,0.49777,0.05539
v3_41,1.8,52,6,1,0,0.93325,0.13209
v3_41,1.8,52,6,2,0,0.79579,0.15244
v3_41,1.8,52,6,4,1,0.93157,0.06878
v3_41,1.8,52,7,0,0,0.16009,3.62685
v3_41,1.8,52,7,1,0,0.90576,0.13390
v3_41,1.8,52,7,2,0,0.77971,0.23769
v3_41,1.8,52,7,4,1,0.57265,0.73398
v3_41,1.8,53,0,1,0,0.80867,0.18183
v3_41,1.8,53,0,2,0,0.90212,0.19958
v3_41,1.8,53,0,4,-1,0.03021,1.04675
v3_41,1.8,53,1,0,0,0.60413,0.32163
v3_41,1.8,53,1,1,0,0.59668,0.44869
v3_41,1.8,53,1,2,0,0.90066,0.19412
v3_41,1.8,53,1,4,1,0.83927,0.23925
v3_41,1.8,53,2,0,0,0.69524,0.31710
v3_41,1.8,53,2,1,0,0.31289,2.50215
v3_41,1.8,53,2,2,0,0.87889,0.24553
v3_41,1.8,53,2,4,1,0.79605,0.21491
v3_41,1.8,53,3,0,0,0.89328,0.23878
v3_41,1.8,53,3,1,0,0.58426,0.46795
v3_41,1.8,53,3,2,0,0.82938,0.38287
v3_41,1.8,53,3,4,1,0.62574,1.36370
v3_41,1.8,53,4,0,0,0.54397,1.69279
v3_41,1.8,53,4,1,0,0.41620,0.69877
v3_41,1.8,53,4,2,0,0.82710,0.24706
v3_41,1.8,53,4,4,1,0.69761,0.96998
v3_41,1.8,53,5,0,0,0.61816,0.07771
v3_41,1.8,53,5,1,0,0.62289,0.44074
v3_41,1.8,53,5,2,0,0.85001,0.26205
v3_41,1.8,53,5,4,1,0.57420,1.57868
v3_41,1.8,53,6,1,0,0.85572,0.18058
v3_41,1.8,53,6,2,0,0.95916,0.04407
v3_41,1.8,53,6,4,1,0.95140,0.03740
v3_41,1.8,53,7,0,0,0.65353,0.09550
v3_41,1.8,53,7,1,0,0.78238,0.21135
v3_41,1.8,53,7,2,0,0.82415,0.40943
v3_41,1.8,53,7,4,1,0.54526,1.76423
v3_41,1.8,54,0,0,0,0.85831,0.20620
v3_41,1.8,54,0,1,0,0.33070,2.96239
v3_41,1.8,54,0,2,0,0.43541,0.72933
v3_41,1.8,54,0,4,0,0.87989,0.14225
v3_41,1.8,54,1,0,0,0.61162,0.35914
v3_41,1.8,54,1,1,0,0.80683,0.19017
v3_41,1.8,54,1,2,0,0.83572,0.12439
v3_41,1.8,54,1,4,1,0.88032,0.07478
v3_41,1.8,54,2,0,0,0.62925,0.32342
v3_41,1.8,54,2,1,0,0.83624,0.13170
v3_41,1.8,54,2,2,0,0.57127,0.30163
v3_41,1.8,54,2,4,1,0.87757,0.06128
v3_41,1.8,54,3,0,0,0.85818,0.21140
v3_41,1.8,54,3,1,0,0.91605,0.08678
v3_41,1.8,54,3,2,0,0.93589,0.05603
v3_41,1.8,54,3,4,0,0.65123,0.34955
v3_41,1.8,54,4,0,0,0.67016,0.27694
v3_41,1.8,54,4,1,0,0.90829,0.08609
v3_41,1.8,54,4,2,0,0.92096,0.07382
v3_41,1.8,54,4,4,1,0.47767,1.95932
v3_41,1.8,54,5,0,0,0.23468,1.78461
v3_41,1.8,54,5,1,0,0.86218,0.11058
v3_41,1.8,54,5,2,0,0.57277,0.48280
v3_41,1.8,54,5,4,1,0.86246,0.06923
v3_41,1.8,54,6,0,0,0.85831,0.17607
v3_41,1.8,54,6,1,0,0.72855,0.30837
v3_41,1.8,54,6,2,0,0.93442,0.05809
v3_41,1.8,54,7,0,0,0.72099,0.11565
v3_41,1.8,54,7,1,0,0.92169,0.08063
v3_41,1.8,54,7,2,0,0.91723,0.07436
v3_41,1.8,54,7,4,1,0.30908,2.97148
v3_41,1.8,55,0,0,0,0.87817,0.30039
v3_41,1.8,55,0,1,0,0.73840,0.15341
v3_41,1.8,55,0,2,0,0.89150,0.10137
v3_41,1.8,55,0,4,1,0.62825,0.45504
v3_41,1.8,55,1,0,0,0.84618,0.30240
v3_41,1.8,55,1,1,0,0.56736,0.18031
v3_41,1.8,55,1,2,0,0.85530,0.11809
v3_41,1.8,55,1,4,1,0.69686,0.35693
v3_41,1.8,55,2,0,0,0.61666,0.42545
v3_41,1.8,55,2,1,-1,0.02645,1.23026
v3_41,1.8,55,2,2,0,0.71229,0.27805
v3_41,1.8,55,2,4,1,0.82212,0.39627
v3_41,1.8,55,3,0,0,0.29405,1.81040
v3_41,1.8,55,3,1,0,0.74737,0.26727
v3_41,1.8,55,3,2,0,0.89654,0.09997
v3_41,1.8,55,3,4,1,0.95612,0.04066
v3_41,1.8,55,4,0,0,0.64715,0.26278
v3_41,1.8,55,4,1,0,0.65726,0.36415
v3_41,1.8,55,4,2,0,0.89654,0.09445
v3_41,1.8,55,4,4,1,0.60613,0.49225
v3_41,1.8,55,5,0,0,0.76654,0.32253
v3_41,1.8,55,5,1,0,0.94314,0.05668
v3_41,1.8,55,5,2,0,0.71321,0.24859
v3_41,1.8,55,5,4,1,0.97288,0.03445
v3_41,1.8,55,6,0,0,0.35340,1.36870
v3_41,1.8,55,6,1,0,0.80036,0.21091
v3_41,1.8,55,6,2,-1,0.09929,1.91865
v3_41,1.8,55,6,4,1,0.48893,0.68389
v3_41,1.8,55,7,0,0,0.58089,0.23740
v3_41,1.8,55,7,1,0,0.90209,0.17883
v3_41,1.8,55,7,2,0,0.84680,0.12035
v3_41,1.8,55,7,4,1,0.72957,0.21513
v3_41,1.8,56,0,1,0,0.83867,0.20627
v3_41,1.8,56,0,2,0,0.85003,0.17210
v3_41,1.8,56,0,4,1,0.93746,0.07411
v3_41,1.8,56,1,0,0,0.00692,4.06730
v3_41,1.8,56,1,1,0,0.85937,0.16261
v3_41,1.8,56,1,2,0,0.77876,0.22600
v3_41,1.8,56,1,4,1,0.92871,0.08935
v3_41,1.8,56,2,0,0,0.23085,2.12063
v3_41,1.8,56,2,1,0,0.43903,0.68367
v3_41,1.8,56,2,2,0,0.86822,0.03196
v3_41,1.8,56,2,4,1,0.57060,1.57534
v3_41,1.8,56,3,0,0,0.79258,0.18257
v3_41,1.8,56,3,1,0,0.89775,0.02588
v3_41,1.8,56,3,2,0,0.84969,0.20128
v3_41,1.8,56,3,4,1,0.75720,0.20762
v3_41,1.8,56,4,0,0,0.79408,0.22393
v3_41,1.8,56,4,1,0,0.82140,0.15663
v3_41,1.8,56,4,2,0,0.81704,0.25533
v3_41,1.8,56,4,4,1,0.67470,0.63341
v3_41,1.8,56,5,0,0,0.55539,0.50914
v3_41,1.8,56,5,1,0,0.68544,0.16807
v3_41,1.8,56,5,2,0,0.80161,0.18771
v3_41,1.8,56,5,4,1,0.67998,0.34822
v3_41,1.8,56,6,0,0,0.80684,0.20011
v3_41,1.8,56,6,1,0,0.90816,0.10618
v3_41,1.8,56,6,2,0,0.83110,0.21056
v3_41,1.8,56,6,4,1,0.93989,0.04272
v3_41,1.8,56,7,0,0,0.85568,0.14414
v3_41,1.8,56,7,1,0,0.41852,0.94923
v3_41,1.8,56,7,2,0,0.83140,0.22372
v3_41,1.8,56,7,4,1,0.56053,0.39080
v3_41,1.8,57,0,0,0,0.62054,0.28820
v3_41,1.8,57,0,1,-1,0.03622,1.10807
v3_41,1.8,57,0,2,0,0.94316,0.04397
v3_41,1.8,57,0,4,1,0.53633,1.59368
v3_41,1.8,57,1,1,0,0.91498,0.07565
v3_41,1.8,57,1,2,0,0.37229,0.98211
v3_41,1.8,57,1,4,1,0.90492,0.12985
v3_41,1.8,57,2,0,0,0.74916,0.13843
v3_41,1.8,57,2,1,0,0.92497,0.06813
v3_41,1.8,57,2,2,0,0.96210,0.02471
v3_41,1.8,57,2,4,1,0.68401,0.37906
v3_41,1.8,57,3,1,0,0.70253,0.30213
v3_41,1.8,57,3,2,0,0.33699,1.19895
v3_41,1.8,57,3,4,1,0.92404,0.07779
v3_41,1.8,57,4,0,0,0.76979,0.23366
v3_41,1.8,57,4,1,0,0.90975,0.07648
v3_41,1.8,57,4,2,0,0.72272,0.27664
v3_41,1.8,57,4,4,1,0.91154,0.11562
v3_41,1.8,57,5,0,0,0.92710,0.11093
v3_41,1.8,57,5,1,0,0.49464,0.36802
v3_41,1.8,57,5,2,0,0.96814,0.02144
v3_41,1.8,57,5,4,1,0.76575,0.26712
v3_41,1.8,57,6,0,0,0.61270,0.39478
v3_41,1.8,57,6,1,1,0.64027,0.22515
v3_41,1.8,57,6,2,0,0.78643,0.17618
v3_41,1.8,57,6,4,1,0.19733,2.70092
v3_41,1.8,57,7,0,0,0.74623,0.40371
v3_41,1.8,57,7,1,0,0.91883,0.06937
v3_41,1.8,57,7,2,0,0.20989,2.49210
v3_41,1.8,57,7,4,1,0.90960,0.12638
v3_41,1.8,58,0,0,0,0.63585,0.38964
v3_41,1.8,58,0,1,0,0.81349,0.17645
v3_41,1.8,58,0,2,0,0.80775,0.17181
v3_41,1.8,58,1,0,0,0.87082,0.07535
v3_41,1.8,58,1,1,0,0.44017,0.65567
v3_41,1.8,58,1,2,-1,0.50013,0.46988
v3_41,1.8,58,1,4,0,0.66583,1.00113
v3_41,1.8,58,2,0,0,0.81261,0.17775
v3_41,1.8,58,2,1,0,0.94849,0.04626
v3_41,1.8,58,2,2,0,0.60669,0.39484
v3_41,1.8,58,2,4,1,0.89832,0.18773
v3_41,1.8,58,3,0,0,0.86088,0.12882
v3_41,1.8,58,3,1,0,0.18793,2.35747
v3_41,1.8,58,3,2,0,0.89674,0.09076
v3_41,1.8,58,3,4,1,0.66612,0.44517
v3_41,1.8,58,4,0,0,0.58798,1.09334
v3_41,1.8,58,4,1,0,0.62235,0.40871
v3_41,1.8,58,4,2,0,0.55285,0.52290
v3_41,1.8,58,4,4,1,0.91970,0.22461
v3_41,1.8,58,5,0,0,0.82277,0.16264
v3_41,1.8,58,5,1,0,0.17865,1.22590
v3_41,1.8,58,5,2,0,0.95122,0.02357
v3_41,1.8,58,5,4,1,0.62326,0.46553
v3_41,1.8,58,6,0,0,0.55205,0.71925
v3_41,1.8,58,6,1,0,0.64664,0.37524
v3_41,1.8,58,6,2,0,0.69106,0.07052
v3_41,1.8,58,6,4,1,0.77467,0.27890
v3_41,1.8,58,7,0,0,0.53106,1.32715
v3_41,1.8,58,7,1,0,0.95155,0.04416
v3_41,1.8,58,7,2,0,0.23203,1.47376
v3_41,1.8,59,0,0,0,0.78771,0.18874
v3_41,1.8,59,0,1,0,0.93358,0.04824
v3_41,1.8,59,0,2,0,0.74914,0.22524
v3_41,1.8,59,0,4,1,0.92822,0.13368
v3_41,1.8,59,1,0,0,0.57717,0.48372
v3_41,1.8,59,1,1,1,0.44488,0.82844
v3_41,1.8,59,1,2,0,0.82419,0.17215
v3_41,1.8,59,1,4,1,0.74986,0.29784
v3_41,1.8,59,2,0,0,0.81474,0.19758
v3_41,1.8,59,2,1,0,0.69202,0.30784
v3_41,1.8,59,2,2,0,0.77408,0.24352
v3_41,1.8,59,2,4,1,0.89055,0.26578
v3_41,1.8,59,3,0,0,0.94533,0.06205
v3_41,1.8,59,3,1,0,0.90875,0.12288
v3_41,1.8,59,3,2,0,0.82294,0.15737
v3_41,1.8,59,3,4,1,0.95535,0.05831
v3_41,1.8,59,4,0,0,0.73463,0.21681
v3_41,1.8,59,4,1,0,0.89951,0.16862
v3_41,1.8,59,4,2,0,0.95862,0.02744
v3_41,1.8,59,4,4,1,0.30022,1.24543
v3_41,1.8,59,5,0,0,0.20410,1.70837
v3_41,1.8,59,5,1,0,0.93251,0.03773
v3_41,1.8,59,5,2,0,0.51793,0.18406
v3_41,1.8,59,5,4,1,0.90553,0.13318
v3_41,1.8,59,6,0,0,0.81559,0.17582
v3_41,1.8,59,6,1,0,0.68507,0.20868
v3_41,1.8,59,6,2,0,0.95091,0.04086
v3_41,1.8,59,6,4,0,0.63683,0.71216
v3_41,1.8,59,7,0,0,0.59010,0.27048
v3_41,1.8,59,7,1,0,0.94351,0.04825
v3_41,1.8,59,7,2,0,0.80313,0.09453
v3_41,1.8,59,7,4,1,0.87006,0.15622
v3_41,1.8,60,0,0,0,0.77344,0.24608
v3_41,1.8,60,0,1,1,0.52111,0.41199
v3_41,1.8,60,0,2,0,0.92336,0.10203
v3_41,1.8,60,0,4,1,0.93117,0.09742
v3_41,1.8,60,1,0,0,0.64274,0.42504
v3_41,1.8,60,1,1,0,0.78364,0.19573
v3_41,1.8,60,1,2,0,0.71330,0.34845
v3_41,1.8,60,1,4,1,0.83176,0.19868
v3_41,1.8,60,2,0,0,0.40727,0.28086
v3_41,1.8,60,2,1,-1,0.03455,0.90982
v3_41,1.8,60,2,2,0,0.67091,0.09700
v3_41,1.8,60,2,4,1,0.88136,0.14564
v3_41,1.8,60,3,0,0,0.39864,0.68859
v3_41,1.8,60,3,1,0,0.22227,2.19669
v3_41,1.8,60,3,2,0,0.85442,0.16159
v3_41,1.8,60,3,4,0,0.66085,0.69810
v3_41,1.8,60,4,0,0,0.67596,0.37531
v3_41,1.8,60,4,1,0,0.44825,0.66078
v3_41,1.8,60,4,2,0,0.89110,0.15531
v3_41,1.8,60,4,4,1,0.93319,0.08780
v3_41,1.8,60,5,0,0,0.23346,1.99603
v3_41,1.8,60,5,1,0,0.93038,0.05497
v3_41,1.8,60,5,2,0,0.65947,0.40310
v3_41,1.8,60,5,4,1,0.92043,0.12853
v3_41,1.8,60,6,0,0,0.48094,0.31114
v3_41,1.8,60,6,1,0,0.68532,0.31742
v3_41,1.8,60,6,2,0,0.48096,0.43706
v3_41,1.8,60,6,4,1,0.68032,0.36979
v3_41,1.8,60,7,1,0,0.80229,0.19731
v3_41,1.8,60,7,4,1,0.91232,0.10072
v3_41,2.5,41,0,0,0,0.93369,0.04011
v3_41,2.5,41,0,1,0,0.84570,0.26982
v3_41,2.5,41,0,2,0,0.82395,0.17499
v3_41,2.5,41,0,4,1,0.90773,0.16372
v3_41,2.5,41,1,0,0,0.76065,0.24063
v3_41,2.5,41,1,1,0,0.79209,0.09822
v3_41,2.5,41,1,2,0,0.87065,0.12134
v3_41,2.5,41,1,4,1,0.73696,0.25171
v3_41,2.5,41,2,0,0,0.90675,0.05608
v3_41,2.5,41,2,1,0,0.85728,0.28007
v3_41,2.5,41,2,2,0,0.70843,0.30124
v3_41,2.5,41,2,4,1,0.91622,0.15877
v3_41,2.5,41,3,0,0,0.17638,2.50213
v3_41,2.5,41,3,1,0,0.85458,0.18130
v3_41,2.5,41,3,2,0,0.62051,0.41720
v3_41,2.5,41,3,4,1,0.91640,0.03285
v3_41,2.5,41,4,0,0,0.78193,0.29639
v3_41,2.5,41,4,1,0,0.85819,0.28555
v3_41,2.5,41,4,2,0,0.71983,0.28993
v3_41,2.5,41,4,4,1,0.90079,0.05002
v3_41,2.5,41,5,0,0,0.89032,0.09517
v3_41,2.5,41,5,1,0,0.59146,1.00199
v3_41,2.5,41,5,2,0,0.88278,0.10572
v3_41,2.5,41,5,4,1,0.75134,0.23427
v3_41,2.5,41,6,0,0,0.43244,2.08902
v3_41,2.5,41,6,1,0,0.55650,0.60661
v3_41,2.5,41,6,2,0,0.57942,0.47705
v3_41,2.5,41,6,4,1,0.72738,0.26644
v3_41,2.5,41,7,0,0,0.94890,0.03287
v3_41,2.5,41,7,1,0,0.87703,0.27305
v3_41,2.5,41,7,2,0,0.71341,0.31788
v3_41,2.5,41,7,4,1,0.89959,0.16745
v3_41,2.5,42,0,0,0,0.92400,0.11387
v3_41,2.5,42,0,1,0,0.82898,0.15757
v3_41,2.5,42,0,2,0,0.36356,1.08675
v3_41,2.5,42,0,4,1,0.90124,0.17795
v3_41,2.5,42,1,0,0,0.71034,0.52630
v3_41,2.5,42,1,1,0,0.58009,0.47633
v3_41,2.5,42,1,2,0,0.92797,0.07863
v3_41,2.5,42,1,4,1,0.84037,0.18667
v3_41,2.5,42,2,0,0,0.84872,0.11662
v3_41,2.5,42,2,1,0,0.92501,0.05316
v3_41,2.5,42,2,2,0,0.75575,0.22853
v3_41,2.5,42,2,4,1,0.90535,0.17001
v3_41,2.5,42,3,0,0,0.89765,0.01355
v3_41,2.5,42,3,1,0,0.94548,0.03876
v3_41,2.5,42,3,2,0,0.74602,0.26149
v3_41,2.5,42,3,4,1,0.88715,0.18213
v3_41,2.5,42,4,0,0,0.27678,1.72105
v3_41,2.5,42,4,1,0,0.94978,0.04096
v3_41,2.5,42,4,2,0,0.34871,1.33687
v3_41,2.5,42,4,4,1,0.90843,0.17389
v3_41,2.5,42,5,0,0,0.31967,1.10808
v3_41,2.5,42,5,1,0,0.87173,0.22859
v3_41,2.5,42,5,2,0,0.77407,0.21588
v3_41,2.5,42,5,4,1,0.86503,0.17803
v3_41,2.5,42,6,0,-1,0.06952,2.39130
v3_41,2.5,42,6,1,0,0.94746,0.04019
v3_41,2.5,42,6,2,0,0.77812,0.22905
v3_41,2.5,42,6,4,1,0.88184,0.17861
v3_41,2.5,42,7,0,0,0.70922,0.26138
v3_41,2.5,42,7,1,0,0.48565,0.37148
v3_41,2.5,42,7,2,0,0.90823,0.08427
v3_41,2.5,42,7,4,1,0.84431,0.21396
v3_41,2.5,43,0,0,0,0.38945,2.57266
v3_41,2.5,43,0,1,0,0.87668,0.12598
v3_41,2.5,43,0,2,0,0.93258,0.04178
v3_41,2.5,43,0,4,1,0.85908,0.20142
v3_41,2.5,43,1,0,0,0.43471,0.69711
v3_41,2.5,43,1,1,0,0.54879,0.42795
v3_41,2.5,43,1,2,0,0.42516,1.02003
v3_41,2.5,43,1,4,1,0.86997,0.08577
v3_41,2.5,43,2,0,0,0.87462,0.17334
v3_41,2.5,43,2,1,0,0.88306,0.11164
v3_41,2.5,43,2,2,0,0.90067,0.12459
v3_41,2.5,43,2,4,1,0.86791,0.09192
v3_41,2.5,43,3,0,0,0.87462,0.03010
v3_41,2.5,43,3,1,0,0.84419,0.27455
v3_41,2.5,43,3,2,0,0.92163,0.06731
v3_41,2.5,43,3,4,1,0.88124,0.19782
v3_41,2.5,43,4,0,0,0.87462,0.13665
v3_41,2.5,43,4,1,0,0.89269,0.09847
v3_41,2.5,43,4,2,0,0.85230,0.13722
v3_41,2.5,43,4,4,1,0.69711,0.37658
v3_41,2.5,43,5,0,0,0.68697,0.25671
v3_41,2.5,43,5,1,0,0.83689,0.23909
v3_41,2.5,43,5,2,0,0.92416,0.05958
v3_41,2.5,43,5,4,1,0.75319,0.28458
v3_41,2.5,43,6,0,0,0.87235,0.17753
v3_41,2.5,43,6,1,0,0.67994,0.17397
v3_41,2.5,43,6,2,0,0.79420,0.18217
v3_41,2.5,43,6,4,1,0.67904,0.33767
v3_41,2.5,43,7,0,0,0.87462,0.02124
v3_41,2.5,43,7,1,0,0.91770,0.13834
v3_41,2.5,43,7,2,0,0.92590,0.03435
v3_41,2.5,43,7,4,-1,0.00642,4.92668
v3_41,2.5,44,0,0,-1,0.27112,1.49110
v3_41,2.5,44,0,1,0,0.90155,0.14258
v3_41,2.5,44,0,2,0,0.92310,0.09235
v3_41,2.5,44,0,4,-1,0.10833,1.00075
v3_41,2.5,44,1,0,0,0.88453,0.02599
v3_41,2.5,44,1,1,0,0.87744,0.07916
v3_41,2.5,44,1,2,0,0.89158,0.07717
v3_41,2.5,44,1,4,1,0.76023,0.26093
v3_41,2.5,44,2,0,0,0.81091,0.14222
v3_41,2.5,44,2,1,0,0.92084,0.00431
v3_41,2.5,44,2,2,0,0.91233,0.09419
v3_41,2.5,44,2,4,1,0.90049,0.17156
v3_41,2.5,44,3,0,0,0.43231,0.97360
v3_41,2.5,44,3,1,0,0.89100,0.10568
v3_41,2.5,44,3,2,0,0.61266,0.11821
v3_41,2.5,44,3,4,1,0.95392,0.12119
v3_41,2.5,44,4,0,0,0.87150,0.22193
v3_41,2.5,44,4,1,0,0.51790,1.17598
v3_41,2.5,44,4,2,0,0.87081,0.09420
v3_41,2.5,44,4,4,1,0.95254,0.12453
v3_41,2.5,44,5,0,0,0.88639,0.18547
v3_41,2.5,44,5,1,0,0.88330,0.07222
v3_41,2.5,44,5,2,0,0.90020,0.10706
v3_41,2.5,44,5,4,1,0.36691,0.93764
v3_41,2.5,44,6,0,0,0.82833,0.20535
v3_41,2.5,44,6,1,0,0.80640,0.18173
v3_41,2.5,44,6,2,0,0.81288,0.15483
v3_41,2.5,44,6,4,1,0.95192,0.11131
v3_41,2.5,44,7,0,0,0.33113,1.77049
v3_41,2.5,44,7,1,0,0.91274,0.02282
v3_41,2.5,44,7,2,0,0.90365,0.09689
v3_41,2.5,44,7,4,1,0.94970,0.07818
v3_41,2.5,45,0,0,0,0.78616,0.10691
v3_41,2.5,45,0,1,0,0.93425,0.05759
v3_41,2.5,45,0,2,0,0.92869,0.02215
v3_41,2.5,45,0,4,1,0.93852,0.05033
v3_41,2.5,45,1,0,0,0.95977,0.03441
v3_41,2.5,45,1,1,0,0.90073,0.08910
v3_41,2.5,45,1,2,0,0.92506,0.05164
v3_41,2.5,45,1,4,1,0.80552,0.25044
v3_41,2.5,45,2,0,0,0.93908,0.01896
v3_41,2.5,45,2,1,0,0.73239,0.29382
v3_41,2.5,45,2,2,0,0.79949,0.06201
v3_41,2.5,45,2,4,1,0.89738,0.08000
v3_41,2.5,45,3,0,0,0.53304,0.48664
v3_41,2.5,45,3,1,0,0.67836,0.10094
v3_41,2.5,45,3,2,0,0.84414,0.09163
v3_41,2.5,45,3,4,1,0.93469,0.04809
v3_41,2.5,45,4,0,0,0.89351,0.07641
v3_41,2.5,45,4,1,0,0.84986,0.13584
v3_41,2.5,45,4,2,0,0.91543,0.05217
v3_41,2.5,45,4,4,1,0.89228,0.09088
v3_41,2.5,45,5,0,0,0.67304,0.32845
v3_41,2.5,45,5,1,0,0.95452,0.05274
v3_41,2.5,45,5,2,0,0.84204,0.12476
v3_41,2.5,45,5,4,1,0.94666,0.04454
v3_41,2.5,45,6,0,0,0.83938,0.15646
v3_41,2.5,45,6,1,0,0.75914,0.23316
v3_41,2.5,45,6,2,0,0.44783,1.04296
v3_41,2.5,45,6,4,1,0.80420,0.18846
v3_41,2.5,45,7,0,0,0.92456,0.04139
v3_41,2.5,45,7,1,0,0.86482,0.09780
v3_41,2.5,45,7,2,0,0.81135,0.15553
v3_41,2.5,45,7,4,1,0.94432,0.05863
v3_41,2.5,46,0,0,0,0.62143,0.25272
v3_41,2.5,46,0,1,0,0.18645,3.30699
v3_41,2.5,46,0,2,0,0.91908,0.03835
v3_41,2.5,46,0,4,1,0.90776,0.13645
v3_41,2.5,46,1,0,0,0.83737,0.15712
v3_41,2.5,46,1,1,0,0.93218,0.06554
v3_41,2.5,46,1,2,0,0.89719,0.04912
v3_41,2.5,46,1,4,1,0.90673,0.16150
v3_41,2.5,46,2,0,0,0.74741,0.26826
v3_41,2.5,46,2,1,0,0.85113,0.14286
v3_41,2.5,46,2,2,0,0.90892,0.07244
v3_41,2.5,46,2,4,1,0.75460,0.26644
v3_41,2.5,46,3,0,0,0.60562,0.25944
v3_41,2.5,46,3,1,0,0.95214,0.05910
v3_41,2.5,46,3,2,0,0.83776,0.14863
v3_41,2.5,46,3,4,1,0.90741,0.15782
v3_41,2.5,46,4,0,0,0.65179,0.20081
v3_41,2.5,46,4,1,0,0.87025,0.16989
v3_41,2.5,46,4,2,0,0.54699,0.15995
v3_41,2.5,46,4,4,1,0.90775,0.14672
v3_41,2.5,46,5,0,-1,0.32399,0.62660
v3_41,2.5,46,5,1,0,0.79924,0.46175
v3_41,2.5,46,5,2,0,0.94391,0.04442
v3_41,2.5,46,5,4,0,0.76017,0.64437
v3_41,2.5,46,6,0,0,0.87276,0.26036
v3_41,2.5,46,6,1,0,0.84467,0.15920
v3_41,2.5,46,6,2,0,0.93230,0.04830
v3_41,2.5,46,6,4,1,0.90772,0.14049
v3_41,2.5,46,7,0,0,0.75453,0.17118
v3_41,2.5,46,7,1,0,0.89431,0.09117
v3_41,2.5,46,7,2,0,0.74479,0.18834
v3_41,2.5,46,7,4,1,0.90750,0.15715
v3_41,2.5,47,0,0,0,0.44800,0.37053
v3_41,2.5,47,0,1,0,0.93380,0.06719
v3_41,2.5,47,0,2,0,0.87279,0.14318
v3_41,2.5,47,0,4,1,0.93848,0.04680
v3_41,2.5,47,1,0,0,0.85483,0.33608
v3_41,2.5,47,1,1,0,0.93500,0.12579
v3_41,2.5,47,1,2,0,0.92068,0.08472
v3_41,2.5,47,1,4,1,0.72854,0.30212
v3_41,2.5,47,2,0,0,0.55284,0.36787
v3_41,2.5,47,2,1,0,0.95519,0.03456
v3_41,2.5,47,2,2,0,0.58976,0.11521
v3_41,2.5,47,2,4,1,0.94987,0.01229
v3_41,2.5,47,3,0,0,0.51485,0.31104
v3_41,2.5,47,3,1,0,0.89097,0.10208
v3_41,2.5,47,3,2,0,0.62572,0.74839
v3_41,2.5,47,3,4,1,0.93893,0.04383
v3_41,2.5,47,4,0,0,0.94583,0.05792
v3_41,2.5,47,4,1,0,0.80490,0.33922
v3_41,2.5,47,4,2,0,0.89120,0.05248
v3_41,2.5,47,4,4,1,0.52556,0.79068
v3_41,2.5,47,5,0,0,0.88591,0.25985
v3_41,2.5,47,5,1,0,0.90981,0.04693
v3_41,2.5,47,5,2,0,0.92666,0.08391
v3_41,2.5,47,5,4,1,0.93113,0.05870
v3_41,2.5,47,6,0,0,0.94199,0.01776
v3_41,2.5,47,6,1,0,0.82190,0.18202
v3_41,2.5,47,6,2,0,0.92750,0.08068
v3_41,2.5,47,6,4,1,0.94192,0.03533
v3_41,2.5,47,7,0,0,0.96513,0.02231
v3_41,2.5,47,7,1,0,0.89137,0.09967
v3_41,2.5,47,7,2,0,0.89561,0.09750
v3_41,2.5,47,7,4,1,0.85586,0.13528
v3_41,2.5,48,0,0,0,0.33967,1.06718
v3_41,2.5,48,0,1,0,0.81119,0.16863
v3_41,2.5,48,0,2,0,0.95462,0.01200
v3_41,2.5,48,0,4,1,0.95002,0.04823
v3_41,2.5,48,1,0,0,0.50364,1.13925
v3_41,2.5,48,1,1,0,0.94160,0.09103
v3_41,2.5,48,1,2,0,0.88157,0.11204
v3_41,2.5,48,1,4,1,0.81341,0.19204
v3_41,2.5,48,2,0,-1,0.07284,2.00956
v3_41,2.5,48,2,1,0,0.91404,0.10879
v3_41,2.5,48,2,2,0,0.37192,0.66679
v3_41,2.5,48,2,4,1,0.94446,0.06733
v3_41,2.5,48,3,0,0,0.92204,0.07257
v3_41,2.5,48,3,1,0,0.78379,0.22486
v3_41,2.5,48,3,2,0,0.81807,0.19024
v3_41,2.5,48,3,4,1,0.95950,0.02041
v3_41,2.5,48,4,0,0,0.78573,0.19261
v3_41,2.5,48,4,1,0,0.95208,0.05064
v3_41,2.5,48,4,2,0,0.85010,0.21787
v3_41,2.5,48,4,4,1,0.92928,0.11961
v3_41,2.5,48,5,0,0,0.92544,0.05952
v3_41,2.5,48,5,1,0,0.93827,0.08363
v3_41,2.5,48,5,2,0,0.96785,0.03712
v3_41,2.5,48,5,4,1,0.91921,0.15444
v3_41,2.5,48,6,0,0,0.90069,0.07115
v3_41,2.5,48,6,1,0,0.94407,0.06943
v3_41,2.5,48,6,2,0,0.67171,0.14824
v3_41,2.5,48,6,4,1,0.92646,0.12933
v3_41,2.5,48,7,0,0,0.77984,0.18251
v3_41,2.5,48,7,1,0,0.93255,0.12435
v3_41,2.5,48,7,2,0,0.92484,0.09330
v3_41,2.5,48,7,4,1,0.84334,0.16032
v3_41,2.5,49,0,0,0,0.21037,2.85648
v3_41,2.5,49,0,1,0,0.63918,0.38589
v3_41,2.5,49,0,2,0,0.92482,0.09500
v3_41,2.5,49,0,4,1,0.95488,0.05579
v3_41,2.5,49,1,0,0,0.91093,0.15832
v3_41,2.5,49,1,2,0,0.89774,0.11384
v3_41,2.5,49,1,4,1,0.87584,0.18021
v3_41,2.5,49,2,0,0,0.76589,0.20066
v3_41,2.5,49,2,1,0,0.88700,0.13053
v3_41,2.5,49,2,2,0,0.91959,0.09205
v3_41,2.5,49,2,4,1,0.93252,0.13328
v3_41,2.5,49,3,0,0,0.88283,0.10828
v3_41,2.5,49,3,1,0,0.57196,0.56822
v3_41,2.5,49,3,2,0,0.84379,0.13692
v3_41,2.5,49,3,4,1,0.93825,0.14640
v3_41,2.5,49,4,0,0,0.91035,0.19073
v3_41,2.5,49,4,1,0,0.92544,0.03056
v3_41,2.5,49,4,2,0,0.91950,0.11256
v3_41,2.5,49,4,4,1,0.94366,0.16455
v3_41,2.5,49,5,0,0,0.76629,0.25206
v3_41,2.5,49,5,2,0,0.91081,0.11972
v3_41,2.5,49,5,4,1,0.79640,0.15937
v3_41,2.5,49,6,0,0,0.66694,0.27952
v3_41,2.5,49,6,1,0,0.40824,0.64116
v3_41,2.5,49,6,2,0,0.92499,0.09832
v3_41,2.5,49,6,4,1,0.90980,0.15948
v3_41,2.5,49,7,0,0,0.81430,0.18240
v3_41,2.5,49,7,1,0,0.80146,0.15605
v3_41,2.5,49,7,2,0,0.92469,0.09771
v3_41,2.5,49,7,4,1,0.94338,0.13713
v3_41,2.5,50,0,0,0,0.29011,1.40317
v3_41,2.5,50,0,1,0,0.78506,0.22699
v3_41,2.5,50,0,2,0,0.83335,0.17628
v3_41,2.5,50,0,4,1,0.88762,0.09203
v3_41,2.5,50,1,0,0,0.71284,0.28626
v3_41,2.5,50,1,1,0,0.85856,0.17474
v3_41,2.5,50,1,2,0,0.92257,0.08932
v3_41,2.5,50,1,4,1,0.58553,0.50720
v3_41,2.5,50,2,0,0,0.88082,0.16278
v3_41,2.5,50,2,1,0,0.90186,0.13033
v3_41,2.5,50,2,2,0,0.88499,0.10053
v3_41,2.5,50,2,4,1,0.88165,0.07200
v3_41,2.5,50,3,0,0,0.86728,0.03901
v3_41,2.5,50,3,1,0,0.81941,0.16088
v3_41,2.5,50,3,2,0,0.86565,0.14782
v3_41,2.5,50,3,4,1,0.88942,0.05528
v3_41,2.5,50,4,0,0,0.53406,0.33901
v3_41,2.5,50,4,1,0,0.72003,0.24190
v3_41,2.5,50,4,2,0,0.81476,0.18702
v3_41,2.5,50,4,4,1,0.86075,0.27741
v3_41,2.5,50,5,0,0,0.87309,0.02087
v3_41,2.5,50,5,1,0,0.31336,1.69620
v3_41,2.5,50,5,2,0,0.78930,0.20431
v3_41,2.5,50,5,4,1,0.88203,0.06671
v3_41,2.5,50,6,0,0,0.68961,0.52863
v3_41,2.5,50,6,1,0,0.80884,0.13074
v3_41,2.5,50,6,2,0,0.90220,0.04612
v3_41,2.5,50,6,4,1,0.58307,0.48602
v3_41,2.5,50,7,0,0,0.88082,0.18859
v3_41,2.5,50,7,1,0,0.92054,0.11252
v3_41,2.5,50,7,2,0,0.92119,0.09834
v3_41,2.5,50,7,4,1,0.88580,0.06413
v3_41,2.5,51,0,0,0,0.86667,0.08440
v3_41,2.5,51,0,1,0,0.80310,0.21413
v3_41,2.5,51,0,2,0,0.77316,0.12836
v3_41,2.5,51,0,4,1,0.90538,0.13384
v3_41,2.5,51,1,0,0,0.55896,0.28591
v3_41,2.5,51,1,1,0,0.89061,0.10564
v3_41,2.5,51,1,2,0,0.71517,0.18023
v3_41,2.5,51,1,4,1,0.91092,0.14527
v3_41,2.5,51,2,0,0,0.56259,0.52824
v3_41,2.5,51,2,1,0,0.57344,0.49737
v3_41,2.5,51,2,2,0,0.95721,0.04574
v3_41,2.5,51,2,4,1,0.91090,0.03232
v3_41,2.5,51,3,0,0,0.85517,0.31855
v3_41,2.5,51,3,1,0,0.92395,0.07377
v3_41,2.5,51,3,2,0,0.93976,0.08802
v3_41,2.5,51,3,4,1,0.91241,0.12710
v3_41,2.5,51,4,0,0,0.95473,0.06572
v3_41,2.5,51,4,1,0,0.87471,0.08072
v3_41,2.5,51,4,2,0,0.73095,0.28203
v3_41,2.5,51,4,4,1,0.51638,0.38732
v3_41,2.5,51,5,0,0,0.95667,0.06209
v3_41,2.5,51,5,1,0,0.90644,0.04788
v3_41,2.5,51,5,2,0,0.92739,0.06462
v3_41,2.5,51,5,4,1,0.66100,0.39788
v3_41,2.5,51,6,0,0,0.81759,0.15640
v3_41,2.5,51,6,1,0,0.75041,0.19071
v3_41,2.5,51,6,2,0,0.95290,0.04919
v3_41,2.5,51,6,4,1,0.87387,0.18736
v3_41,2.5,51,7,0,0,0.74463,0.19919
v3_41,2.5,51,7,1,0,0.45643,0.82914
v3_41,2.5,51,7,2,0,0.73641,0.21675
v3_41,2.5,51,7,4,1,0.90153,0.14496
v3_41,2.5,52,0,0,0,0.83818,0.16701
v3_41,2.5,52,0,1,0,0.93150,0.13131
v3_41,2.5,52,0,2,0,0.87100,0.19391
v3_41,2.5,52,0,4,1,0.93220,0.09371
v3_41,2.5,52,1,0,0,0.85151,0.10714
v3_41,2.5,52,1,1,0,0.74886,0.21010
v3_41,2.5,52,1,2,0,0.82940,0.20630
v3_41,2.5,52,1,4,1,0.55691,0.67036
v3_41,2.5,52,2,0,0,0.85511,0.14108
v3_41,2.5,52,2,1,0,0.91209,0.04632
v3_41,2.5,52,2,2,0,0.88218,0.18757
v3_41,2.5,52,2,4,1,0.65554,0.41331
v3_41,2.5,52,3,0,0,0.71805,0.06573
v3_41,2.5,52,3,1,0,0.95124,0.02169
v3_41,2.5,52,3,2,0,0.85440,0.19797
v3_41,2.5,52,3,4,1,0.19170,2.83802
v3_41,2.5,52,4,0,0,0.32416,1.24542
v3_41,2.5,52,4,1,0,0.68529,0.16940
v3_41,2.5,52,4,2,0,0.87518,0.19687
v3_41,2.5,52,4,4,1,0.81730,0.22144
v3_41,2.5,52,5,0,0,0.81271,0.10756
v3_41,2.5,52,5,1,0,0.86131,0.16015
v3_41,2.5,52,5,2,0,0.64609,0.13915
v3_41,2.5,52,5,4,1,0.67319,0.38401
v3_41,2.5,52,6,0,0,0.45351,0.01144
v3_41,2.5,52,6,1,0,0.93404,0.13201
v3_41,2.5,52,6,2,0,0.78412,0.23077
v3_41,2.5,52,6,4,1,0.93175,0.06977
v3_41,2.5,52,7,0,0,0.77697,0.19519
v3_41,2.5,52,7,1,0,0.93307,0.12832
v3_41,2.5,52,7,2,0,0.78953,0.22636
v3_41,2.5,52,7,4,1,0.77184,0.24998
v3_41,2.5,53,0,0,0,0.93876,0.05147
v3_41,2.5,53,0,1,0,0.91592,0.07508
v3_41,2.5,53,0,2,0,0.78066,0.26779
v3_41,2.5,53,0,4,1,0.88758,0.11383
v3_41,2.5,53,1,0,0,0.80451,0.37860
v3_41,2.5,53,1,1,0,0.91168,0.07463
v3_41,2.5,53,1,2,0,0.87096,0.28807
v3_41,2.5,53,1,4,1,0.95034,0.08677
v3_41,2.5,53,2,0,0,0.56523,0.29859
v3_41,2.5,53,2,1,0,0.27828,3.14988
v3_41,2.5,53,2,2,0,0.88479,0.24497
v3_41,2.5,53,2,4,1,0.75432,0.27095
v3_41,2.5,53,3,0,0,0.77760,0.23072
v3_41,2.5,53,3,1,0,0.82032,0.16906
v3_41,2.5,53,3,2,0,0.85590,0.24671
v3_41,2.5,53,3,4,1,0.95711,0.05556
v3_41,2.5,53,4,0,0,0.47122,2.34449
v3_41,2.5,53,4,1,0,0.61702,0.44936
v3_41,2.5,53,4,2,0,0.92302,0.13977
v3_41,2.5,53,4,4,1,0.84903,0.06136
v3_41,2.5,53,5,0,0,0.48478,0.36236
v3_41,2.5,53,5,1,0,0.74573,0.29689
v3_41,2.5,53,5,2,0,0.89111,0.24219
v3_41,2.5,53,5,4,1,0.93348,0.08089
v3_41,2.5,53,6,0,0,0.94862,0.04906
v3_41,2.5,53,6,1,0,0.92624,0.06606
v3_41,2.5,53,6,2,0,0.93014,0.10846
v3_41,2.5,53,6,4,1,0.94623,0.04274
v3_41,2.5,53,7,0,0,0.71228,0.32056
v3_41,2.5,53,7,1,0,0.48513,0.27828
v3_41,2.5,53,7,2,0,0.83903,0.26995
v3_41,2.5,53,7,4,1,0.95015,0.07330
v3_41,2.5,54,0,0,0,0.70918,0.28881
v3_41,2.5,54,0,1,0,0.35493,3.60440
v3_41,2.5,54,0,2,0,0.90271,0.08971
v3_41,2.5,54,0,4,0,0.86806,0.14707
v3_41,2.5,54,1,0,0,0.52148,0.18565
v3_41,2.5,54,1,1,0,0.92269,0.08523
v3_41,2.5,54,1,2,0,0.48540,0.60310
v3_41,2.5,54,1,4,1,0.87076,0.06319
v3_41,2.5,54,2,0,0,0.62409,0.33114
v3_41,2.5,54,2,1,0,0.91670,0.08068
v3_41,2.5,54,2,2,0,0.66249,0.07333
v3_41,2.5,54,2,4,1,0.87448,0.06436
v3_41,2.5,54,3,0,0,0.85818,0.21140
v3_41,2.5,54,3,2,0,0.93794,0.05416
v3_41,2.5,54,3,4,0,0.67523,0.31133
v3_41,2.5,54,4,0,0,0.70714,0.32769
v3_41,2.5,54,4,1,0,0.90829,0.08852
v3_41,2.5,54,4,2,0,0.64488,0.38561
v3_41,2.5,54,4,4,1,0.66041,0.44737
v3_41,2.5,54,5,0,0,0.84695,0.04405
v3_41,2.5,54,5,1,0,0.86210,0.11232
v3_41,2.5,54,5,2,0,0.80830,0.21034
v3_41,2.5,54,5,4,1,0.75625,0.20394
v3_41,2.5,54,6,0,0,0.85452,0.18365
v3_41,2.5,54,6,1,0,0.78841,0.14694
v3_41,2.5,54,6,2,0,0.84314,0.10245
v3_41,2.5,54,6,4,1,0.83482,0.27118
v3_41,2.5,54,7,0,0,0.84118,0.22519
v3_41,2.5,54,7,1,0,0.89703,0.08272
v3_41,2.5,54,7,2,0,0.92067,0.07310
v3_41,2.5,54,7,4,1,0.87143,0.24106
v3_41,2.5,55,0,0,0,0.87873,0.30038
v3_41,2.5,55,0,1,0,0.82060,0.15643
v3_41,2.5,55,0,2,0,0.89654,0.07002
v3_41,2.5,55,0,4,1,0.66278,0.40309
v3_41,2.5,55,1,0,0,0.82368,0.31220
v3_41,2.5,55,1,1,0,0.44086,0.10297
v3_41,2.5,55,1,2,0,0.89410,0.09209
v3_41,2.5,55,1,4,1,0.67058,0.39459
v3_41,2.5,55,2,0,0,0.78693,0.21215
v3_41,2.5,55,2,1,0,0.77818,0.21231
v3_41,2.5,55,2,2,0,0.75760,0.22454
v3_41,2.5,55,2,4,1,0.96887,0.02069
v3_41,2.5,55,3,0,0,0.19519,2.13791
v3_41,2.5,55,3,1,0,0.61893,0.40771
v3_41,2.5,55,3,2,0,0.87273,0.04453
v3_41,2.5,55,3,4,1,0.94398,0.05357
v3_41,2.5,55,4,0,0,0.86258,0.13655
v3_41,2.5,55,4,1,0,0.65555,0.18114
v3_41,2.5,55,4,2,0,0.89579,0.10268
v3_41,2.5,55,4,4,1,0.90946,0.09172
v3_41,2.5,55,5,0,0,0.76750,0.31962
v3_41,2.5,55,5,1,0,0.93032,0.07266
v3_41,2.5,55,5,2,0,0.89654,0.02510
v3_41,2.5,55,5,4,1,0.97508,0.03328
v3_41,2.5,55,6,0,0,0.36086,1.14183
v3_41,2.5,55,6,1,0,0.97043,0.01090
v3_41,2.5,55,6,2,0,0.89268,0.09238
v3_41,2.5,55,6,4,1,0.52000,0.62923
v3_41,2.5,55,7,0,0,0.88455,0.10745
v3_41,2.5,55,7,1,0,0.90456,0.17705
v3_41,2.5,55,7,2,0,0.87609,0.10311
v3_41,2.5,55,7,4,1,0.87212,0.14148
v3_41,2.5,56,0,0,0,0.94338,0.12517
v3_41,2.5,56,0,1,0,0.81677,0.40810
v3_41,2.5,56,0,2,0,0.83446,0.20291
v3_41,2.5,56,0,4,1,0.93034,0.09749
v3_41,2.5,56,1,0,0,0.09969,2.95873
v3_41,2.5,56,1,1,0,0.88947,0.13368
v3_41,2.5,56,1,2,0,0.40614,0.44246
v3_41,2.5,56,1,4,1,0.94608,0.03752
v3_41,2.5,56,2,0,0,0.18112,2.59870
v3_41,2.5,56,2,1,0,0.65110,0.01111
v3_41,2.5,56,2,2,0,0.86822,0.06591
v3_41,2.5,56,2,4,1,0.95328,0.02302
v3_41,2.5,56,3,0,0,0.88274,0.10379
v3_41,2.5,56,3,1,0,0.90307,0.00658
v3_41,2.5,56,3,2,0,0.73652,0.21806
v3_41,2.5,56,3,4,1,0.68231,0.35335
v3_41,2.5,56,4,0,0,0.80245,0.21826
v3_41,2.5,56,4,1,0,0.84413,0.09039
v3_41,2.5,56,4,2,0,0.80832,0.25913
v3_41,2.5,56,4,4,1,0.86671,0.13789
v3_41,2.5,56,5,0,0,0.78614,0.19462
v3_41,2.5,56,5,1,0,0.45522,0.86656
v3_41,2.5,56,5,2,0,0.60426,0.37007
v3_41,2.5,56,5,4,1,0.93490,0.03387
v3_41,2.5,56,6,0,0,0.63247,0.49234
v3_41,2.5,56,6,1,0,0.91420,0.15217
v3_41,2.5,56,6,2,0,0.39238,0.76328
v3_41,2.5,56,6,4,1,0.94872,0.03931
v3_41,2.5,56,7,0,0,0.83339,0.17021
v3_41,2.5,56,7,1,0,0.16443,2.62583
v3_41,2.5,56,7,2,0,0.83288,0.21596
v3_41,2.5,56,7,4,0,0.58396,0.49236
v3_41,2.5,57,0,0,0,0.61803,0.28450
v3_41,2.5,57,0,1,0,0.59786,0.44829
v3_41,2.5,57,0,2,0,0.77372,0.24679
v3_41,2.5,57,0,4,1,0.89939,0.12340
v3_41,2.5,57,1,0,0,0.83822,0.13272
v3_41,2.5,57,1,1,0,0.92290,0.06717
v3_41,2.5,57,1,2,0,0.24984,1.69481
v3_41,2.5,57,1,4,1,0.83044,0.19287
v3_41,2.5,57,2,0,0,0.80638,0.11749
v3_41,2.5,57,2,1,0,0.92913,0.09178
v3_41,2.5,57,2,2,0,0.96323,0.02011
v3_41,2.5,57,2,4,1,0.64688,0.43378
v3_41,2.5,57,3,0,0,0.45000,0.65939
v3_41,2.5,57,3,1,0,0.71426,0.28779
v3_41,2.5,57,3,2,0,0.22415,2.21400
v3_41,2.5,57,3,4,1,0.91667,0.08461
v3_41,2.5,57,4,0,0,0.85060,0.14413
v3_41,2.5,57,4,1,0,0.90954,0.07592
v3_41,2.5,57,4,2,0,0.65544,0.34599
v3_41,2.5,57,4,4,1,0.90924,0.11912
v3_41,2.5,57,5,0,0,0.92459,0.12438
v3_41,2.5,57,5,1,0,0.54071,0.43609
v3_41,2.5,57,5,2,0,0.97436,0.02049
v3_41,2.5,57,5,4,1,0.68582,0.37685
v3_41,2.5,57,6,0,0,0.63187,0.18507
v3_41,2.5,57,6,1,0,0.76828,0.22627
v3_41,2.5,57,6,2,0,0.77524,0.19643
v3_41,2.5,57,6,4,1,0.89395,0.08703
v3_41,2.5,57,7,0,0,0.86555,0.18390
v3_41,2.5,57,7,1,0,0.92038,0.06817
v3_41,2.5,57,7,2,0,0.95500,0.01985
v3_41,2.5,57,7,4,1,0.90939,0.12650
v3_41,2.5,58,0,0,0,0.75147,0.20279
v3_41,2.5,58,0,1,0,0.93421,0.05686
v3_41,2.5,58,0,2,0,0.55957,0.14228
v3_41,2.5,58,0,4,1,0.87334,0.26184
v3_41,2.5,58,1,0,0,0.95332,0.02300
v3_41,2.5,58,1,1,0,0.78802,0.19404
v3_41,2.5,58,1,2,0,0.92891,0.04394
v3_41,2.5,58,1,4,0,0.67748,1.00518
v3_41,2.5,58,2,0,0,0.77505,0.21858
v3_41,2.5,58,2,1,0,0.93807,0.05412
v3_41,2.5,58,2,2,0,0.62773,0.31514
v3_41,2.5,58,2,4,1,0.93075,0.18883
v3_41,2.5,58,3,0,0,0.81785,0.17311
v3_41,2.5,58,3,1,0,0.21282,3.06324
v3_41,2.5,58,3,2,0,0.94065,0.05893
v3_41,2.5,58,3,4,1,0.59889,0.31518
v3_41,2.5,58,4,0,0,0.76509,0.30867
v3_41,2.5,58,4,1,0,0.88710,0.09900
v3_41,2.5,58,4,2,0,0.66664,0.02780
v3_41,2.5,58,4,4,1,0.89277,0.23801
v3_41,2.5,58,5,0,0,0.38455,0.82127
v3_41,2.5,58,5,1,0,0.92345,0.07664
v3_41,2.5,58,5,2,0,0.84651,0.32918
v3_41,2.5,58,5,4,1,0.84413,0.27853
v3_41,2.5,58,6,0,0,0.27262,1.70898
v3_41,2.5,58,6,1,0,0.95430,0.03965
v3_41,2.5,58,6,2,0,0.66218,0.39997
v3_41,2.5,58,6,4,1,0.93858,0.16311
v3_41,2.5,58,7,0,0,0.92810,0.06380
v3_41,2.5,58,7,1,0,0.95137,0.04445
v3_41,2.5,58,7,2,0,0.92822,0.01800
v3_41,2.5,58,7,4,1,0.91681,0.23451
v3_41,2.5,59,0,0,0,0.81922,0.16909
v3_41,2.5,59,0,1,0,0.92849,0.04652
v3_41,2.5,59,0,2,0,0.72073,0.30325
v3_41,2.5,59,0,4,1,0.71701,0.32447
v3_41,2.5,59,1,0,0,0.74786,0.16335
v3_41,2.5,59,1,1,0,0.80117,0.18943
v3_41,2.5,59,1,2,0,0.94926,0.04361
v3_41,2.5,59,1,4,1,0.77070,0.27045
v3_41,2.5,59,2,0,0,0.79311,0.23431
v3_41,2.5,59,2,1,0,0.68861,0.10805
v3_41,2.5,59,2,2,0,0.81224,0.19287
v3_41,2.5,59,2,4,1,0.93560,0.11578
v3_41,2.5,59,3,0,0,0.43333,0.57150
v3_41,2.5,59,3,1,0,0.66781,0.31535
v3_41,2.5,59,3,2,0,0.91354,0.06968
v3_41,2.5,59,3,4,1,0.94298,0.06592
v3_41,2.5,59,4,0,0,0.79238,0.26826
v3_41,2.5,59,4,1,0,0.90852,0.16744
v3_41,2.5,59,4,2,0,0.95294,0.03597
v3_41,2.5,59,4,4,1,0.33652,0.59258
v3_41,2.5,59,5,0,0,0.48269,0.61858
v3_41,2.5,59,5,1,0,0.93284,0.03773
v3_41,2.5,59,5,2,0,0.57726,0.25255
v3_41,2.5,59,5,4,1,0.93022,0.12302
v3_41,2.5,59,6,0,0,0.82327,0.16187
v3_41,2.5,59,6,1,0,0.94897,0.04356
v3_41,2.5,59,6,2,0,0.94060,0.05174
v3_41,2.5,59,6,4,1,0.63259,0.49672
v3_41,2.5,59,7,0,0,0.61138,0.28114
v3_41,2.5,59,7,1,0,0.94889,0.04527
v3_41,2.5,59,7,2,0,0.77534,0.37082
v3_41,2.5,59,7,4,1,0.95165,0.05015
v3_41,2.5,60,0,0,0,0.76241,0.26493
v3_41,2.5,60,0,1,0,0.74164,0.26180
v3_41,2.5,60,0,2,0,0.94636,0.04313
v3_41,2.5,60,0,4,1,0.75973,0.24121
v3_41,2.5,60,1,0,0,0.61071,0.20609
v3_41,2.5,60,1,1,0,0.87609,0.09749
v3_41,2.5,60,1,2,0,0.72967,0.28512
v3_41,2.5,60,1,4,1,0.92181,0.10528
v3_41,2.5,60,2,0,0,0.57727,0.24508
v3_41,2.5,60,2,1,0,0.64559,0.37845
v3_41,2.5,60,2,2,0,0.75207,0.26295
v3_41,2.5,60,2,4,1,0.88136,0.14564
v3_41,2.5,60,3,0,0,0.51358,0.30263
v3_41,2.5,60,3,1,0,0.20729,2.75508
v3_41,2.5,60,3,2,0,0.90938,0.13776
v3_41,2.5,60,3,4,1,0.93550,0.09864
v3_41,2.5,60,4,0,0,0.96745,0.02151
v3_41,2.5,60,4,1,0,0.50852,0.70861
v3_41,2.5,60,4,2,0,0.90294,0.15561
v3_41,2.5,60,4,4,1,0.93075,0.08680
v3_41,2.5,60,5,0,0,0.95196,0.04362
v3_41,2.5,60,5,1,0,0.93056,0.05506
v3_41,2.5,60,5,2,0,0.78559,0.30081
v3_41,2.5,60,5,4,1,0.91703,0.11930
v3_41,2.5,60,6,0,0,0.60440,0.30662
v3_41,2.5,60,6,1,0,0.88082,0.09908
v3_41,2.5,60,6,2,0,0.33503,1.22892
v3_41,2.5,60,6,4,1,0.89862,0.13405
v3_41,2.5,60,7,0,-1,0.19894,1.90872
v3_41,2.5,60,7,1,0,0.93873,0.05336
v3_41,2.5,60,7,2,0,0.88373,0.14704
v3_41,2.5,60,7,4,1,0.91945,0.07316
