condition,scenario,planner,k_samples,episodes,successes,success_rate,success_wilson_low,success_wilson_high,final_distance_mean,cost_mean,control_ms_mean,control_ms_p95,collision_mean
gain_0p8,box_align_contact_arc,diff_mppi_1,128,30,30,1.0,0.8864866068260312,0.9999999999999999,0.29504959999999997,3.092587,0.8524558333333334,0.8584137000000001,0.0
gain_0p8,box_align_contact_arc,diff_mppi_1,256,30,30,1.0,0.8864866068260312,0.9999999999999999,0.2938193,2.925889666666667,0.8853325000000001,0.8912055,0.0
gain_0p8,box_align_contact_arc,diff_mppi_1,512,30,30,1.0,0.8864866068260312,0.9999999999999999,0.2946837666666667,2.880286666666667,0.9146642333333334,0.9206345,0.0
gain_0p8,box_align_contact_arc,diff_mppi_3,128,30,30,1.0,0.8864866068260312,0.9999999999999999,0.2932068666666667,2.9328176666666668,2.424814,2.4498175,0.0
gain_0p8,box_align_contact_arc,diff_mppi_3,256,30,30,1.0,0.8864866068260312,0.9999999999999999,0.2929357,2.7797256666666663,2.439476,2.455069,0.0
gain_0p8,box_align_contact_arc,diff_mppi_3,512,30,30,1.0,0.8864866068260312,0.9999999999999999,0.29354236666666667,2.7368900000000003,2.4731443333333334,2.4776,0.0
gain_0p8,box_align_contact_arc,mppi,128,30,30,1.0,0.8864866068260312,0.9999999999999999,0.2963194333333333,3.6085286666666665,0.08209187,0.10808059999999999,0.0
gain_0p8,box_align_contact_arc,mppi,256,30,30,1.0,0.8864866068260312,0.9999999999999999,0.29616000000000003,3.372440666666667,0.10090584666666666,0.10727985,0.0
gain_0p8,box_align_contact_arc,mppi,512,30,30,1.0,0.8864866068260312,0.9999999999999999,0.29656746666666667,3.303036,0.14876743333333334,0.16341095,0.0
gain_0p8,box_align_contact_arc,mppi_hardmodel,128,30,0,0.0,0.0,0.11351339317396876,0.9280050000000001,26.683873333333334,0.11347063333333333,0.12206909999999999,0.0
gain_0p8,box_align_contact_arc,mppi_hardmodel,256,30,0,0.0,0.0,0.11351339317396876,0.9196947666666666,23.72411333333333,0.14221393333333332,0.15540395,0.0
gain_0p8,box_align_contact_arc,mppi_hardmodel,512,30,0,0.0,0.0,0.11351339317396876,0.9131012333333334,21.091263333333334,0.18070783333333335,0.19621585000000002,0.0
gain_0p8,box_align_contact_arc,soppi,128,30,30,1.0,0.8864866068260312,0.9999999999999999,0.2957501,3.5788676666666666,0.28200916666666664,0.28678715,0.0
gain_0p8,box_align_contact_arc,soppi,256,30,30,1.0,0.8864866068260312,0.9999999999999999,0.2965701,3.326274666666667,0.3805018333333334,0.3855204,0.0
gain_0p8,box_align_contact_arc,soppi,512,30,30,1.0,0.8864866068260312,0.9999999999999999,0.2964714,3.2473466666666666,0.5954861,0.5991934999999999,0.0
gain_0p8,box_align_contact_arc,soppi_fast,128,30,30,1.0,0.8864866068260312,0.9999999999999999,0.2951101666666667,3.295134,1.2631576666666668,1.27104,0.0
gain_0p8,box_align_contact_arc,soppi_fast,256,30,30,1.0,0.8864866068260312,0.9999999999999999,0.29533516666666665,3.097763,1.3435636666666668,1.348233,0.0
gain_0p8,box_align_contact_arc,soppi_fast,512,30,30,1.0,0.8864866068260312,0.9999999999999999,0.2946210666666667,3.011618,1.5467093333333333,1.5478224999999999,0.0
gain_0p8,box_align_contact_loss,diff_mppi_1,128,30,30,1.0,0.8864866068260312,0.9999999999999999,0.27371676666666667,3.089093333333333,0.8588631666666667,0.87325875,0.0
gain_0p8,box_align_contact_loss,diff_mppi_1,256,30,30,1.0,0.8864866068260312,0.9999999999999999,0.27453463333333333,3.00337,0.8818260666666667,0.8911471500000001,0.0
gain_0p8,box_align_contact_loss,diff_mppi_1,512,30,30,1.0,0.8864866068260312,0.9999999999999999,0.27407766666666666,2.9204046666666668,0.9154015666666666,0.92128835,0.0
gain_0p8,box_align_contact_loss,diff_mppi_3,128,30,30,1.0,0.8864866068260312,0.9999999999999999,0.2645711333333333,2.909421,2.4259696666666666,2.439947,0.0
gain_0p8,box_align_contact_loss,diff_mppi_3,256,30,30,1.0,0.8864866068260312,0.9999999999999999,0.2670760666666666,2.8544593333333332,2.442166,2.4544845,0.0
gain_0p8,box_align_contact_loss,diff_mppi_3,512,30,30,1.0,0.8864866068260312,0.9999999999999999,0.2653177666666667,2.7845253333333333,2.475973,2.4872864999999997,0.0
gain_0p8,box_align_contact_loss,mppi,128,30,29,0.9666666666666667,0.8332960900859082,0.9940914096183874,0.2772609,3.661071333333333,0.07910365666666667,0.088846635,0.0
gain_0p8,box_align_contact_loss,mppi,256,30,29,0.9666666666666667,0.8332960900859082,0.9940914096183874,0.27758663333333333,3.5229303333333335,0.10797793333333333,0.11555919999999997,0.0
gain_0p8,box_align_contact_loss,mppi,512,30,30,1.0,0.8864866068260312,0.9999999999999999,0.27758920000000004,3.3575873333333335,0.15228036666666667,0.1694065,0.0
gain_0p8,box_align_contact_loss,mppi_hardmodel,128,30,0,0.0,0.0,0.11351339317396876,0.9245583333333334,26.775876666666665,0.11596113333333333,0.1277366,0.0
gain_0p8,box_align_contact_loss,mppi_hardmodel,256,30,0,0.0,0.0,0.11351339317396876,0.9219903666666667,24.192963333333335,0.14701519999999998,0.1585227,0.0
gain_0p8,box_align_contact_loss,mppi_hardmodel,512,30,0,0.0,0.0,0.11351339317396876,0.9088843999999999,20.110036666666666,0.18027856666666667,0.1931347,0.0
gain_0p8,box_align_contact_loss,soppi,128,30,30,1.0,0.8864866068260312,0.9999999999999999,0.27796040000000005,3.573191,0.28125883333333335,0.28615675,0.0
gain_0p8,box_align_contact_loss,soppi,256,30,29,0.9666666666666667,0.8332960900859082,0.9940914096183874,0.27806453333333336,3.4813913333333333,0.3828856666666667,0.38854655,0.0
gain_0p8,box_align_contact_loss,soppi,512,30,30,1.0,0.8864866068260312,0.9999999999999999,0.27775296666666666,3.335469666666667,0.5950314,0.59959765,0.0
gain_0p8,box_align_contact_loss,soppi_fast,128,30,30,1.0,0.8864866068260312,0.9999999999999999,0.27683820000000003,3.2533856666666665,1.2610606666666666,1.269712,0.0
gain_0p8,box_align_contact_loss,soppi_fast,256,30,30,1.0,0.8864866068260312,0.9999999999999999,0.2760687,3.181118666666667,1.34307,1.350842,0.0
gain_0p8,box_align_contact_loss,soppi_fast,512,30,30,1.0,0.8864866068260312,0.9999999999999999,0.27633026666666666,3.067008,1.543682,1.548751,0.0
gain_0p8,box_align_detour,diff_mppi_1,128,30,0,0.0,0.0,0.11351339317396876,0.24918076666666666,2.4552666666666667,1.1981600000000001,1.2320134999999999,0.0
gain_0p8,box_align_detour,diff_mppi_1,256,30,1,0.03333333333333333,0.005908590381612455,0.16670390991409173,0.2415504,2.320050666666667,1.2097760000000002,1.216424,0.0
gain_0p8,box_align_detour,diff_mppi_1,512,30,0,0.0,0.0,0.11351339317396876,0.23927146666666665,2.329207,1.2476163333333332,1.2534640000000001,0.0
gain_0p8,box_align_detour,diff_mppi_3,128,30,3,0.1,0.03459988874733419,0.25621082579184085,0.24011293333333333,2.2350586666666667,3.3818196666666664,3.4007175,0.0
gain_0p8,box_align_detour,diff_mppi_3,256,30,5,0.16666666666666666,0.0733654237184855,0.3356435050641603,0.23146146666666667,2.076932333333333,3.407018,3.4363124999999997,0.0
gain_0p8,box_align_detour,diff_mppi_3,512,30,6,0.2,0.0950510717728987,0.3730569641314825,0.2286062,2.00436,3.430856,3.4554405,0.0
gain_0p8,box_align_detour,mppi,128,30,0,0.0,0.0,0.11351339317396876,0.2718973666666667,2.773888,0.09807954666666667,0.10784685,0.0
gain_0p8,box_align_detour,mppi,256,30,0,0.0,0.0,0.11351339317396876,0.2674881333333333,2.6943723333333334,0.12453223333333334,0.13501295,0.0
gain_0p8,box_align_detour,mppi,512,30,0,0.0,0.0,0.11351339317396876,0.26977476666666667,2.6968979999999996,0.15461023333333335,0.1609817,0.0
gain_0p8,box_align_detour,mppi_hardmodel,128,30,0,0.0,0.0,0.11351339317396876,0.8539725333333333,17.99964,0.10085561,0.11255544999999997,0.0
gain_0p8,box_align_detour,mppi_hardmodel,256,30,0,0.0,0.0,0.11351339317396876,0.8386023333333333,17.33442666666667,0.14038956666666666,0.1461036,0.0
gain_0p8,box_align_detour,mppi_hardmodel,512,30,0,0.0,0.0,0.11351339317396876,0.8336863666666667,16.998116666666665,0.17067390000000002,0.1787373,0.0
gain_0p8,box_align_detour,soppi,128,30,0,0.0,0.0,0.11351339317396876,0.27362623333333336,2.8002463333333334,0.3311928333333334,0.3419419,0.0
gain_0p8,box_align_detour,soppi,256,30,0,0.0,0.0,0.11351339317396876,0.2679895,2.7086603333333334,0.4381235666666667,0.44710795000000003,0.0
gain_0p8,box_align_detour,soppi,512,30,0,0.0,0.0,0.11351339317396876,0.2722220666666667,2.733484666666667,0.6499366999999999,0.6549338499999999,0.0
gain_0p8,box_align_detour,soppi_fast,128,30,0,0.0,0.0,0.11351339317396876,0.2607331333333333,2.6292109999999997,1.663362,1.6713909999999998,0.0
gain_0p8,box_align_detour,soppi_fast,256,30,0,0.0,0.0,0.11351339317396876,0.2541599,2.538816666666667,1.7676826666666665,1.7992214999999998,0.0
gain_0p8,box_align_detour,soppi_fast,512,30,0,0.0,0.0,0.11351339317396876,0.25485443333333335,2.532910333333333,1.9506766666666666,1.9614544999999999,0.0
gain_0p8,box_align_strict,diff_mppi_1,128,30,29,0.9666666666666667,0.8332960900859082,0.9940914096183874,0.2867169666666667,5.1754706666666666,0.8660636666666667,0.8893431,0.0
gain_0p8,box_align_strict,diff_mppi_1,256,30,30,1.0,0.8864866068260312,0.9999999999999999,0.26558993333333336,3.685891333333333,0.8888032333333334,0.9022850499999999,0.0
gain_0p8,box_align_strict,diff_mppi_1,512,30,30,1.0,0.8864866068260312,0.9999999999999999,0.2636910333333333,3.2647496666666664,0.9154532666666667,0.9357073,0.0
gain_0p8,box_align_strict,diff_mppi_3,128,30,29,0.9666666666666667,0.8332960900859082,0.9940914096183874,0.27142,5.110266333333333,2.450749666666667,2.52285,0.0
gain_0p8,box_align_strict,diff_mppi_3,256,30,30,1.0,0.8864866068260312,0.9999999999999999,0.2452975666666667,3.6388836666666666,2.460976,2.511862,0.0
gain_0p8,box_align_strict,diff_mppi_3,512,30,30,1.0,0.8864866068260312,0.9999999999999999,0.24631523333333333,3.2030293333333333,2.491735,2.5375885,0.0
gain_0p8,box_align_strict,mppi,128,30,28,0.9333333333333333,0.7867654163738308,0.9815229762087295,0.3191910666666667,5.437327,0.07353222666666667,0.08193759,0.0
gain_0p8,box_align_strict,mppi,256,30,30,1.0,0.8864866068260312,0.9999999999999999,0.2760901,3.878360333333333,0.09577019333333332,0.10160169999999999,0.0
gain_0p8,box_align_strict,mppi,512,30,30,1.0,0.8864866068260312,0.9999999999999999,0.2765703666666666,3.452929666666667,0.14023960000000002,0.16296009999999994,0.0
gain_0p8,box_align_strict,mppi_hardmodel,128,30,0,0.0,0.0,0.11351339317396876,0.9047433333333333,18.124933333333335,0.08918503000000001,0.09234555,0.0
gain_0p8,box_align_strict,mppi_hardmodel,256,30,0,0.0,0.0,0.11351339317396876,0.9022452,18.00320333333333,0.1184692,0.1241468,0.0
gain_0p8,box_align_strict,mppi_hardmodel,512,30,0,0.0,0.0,0.11351339317396876,0.9020396333333333,18.036099999999998,0.15860043333333335,0.16200559999999997,0.0
gain_0p8,box_align_strict,soppi,128,30,30,1.0,0.8864866068260312,0.9999999999999999,0.2762540333333333,4.757462666666667,0.26334433333333335,0.26635965000000006,0.0
gain_0p8,box_align_strict,soppi,256,30,30,1.0,0.8864866068260312,0.9999999999999999,0.2766996666666667,3.4193693333333335,0.36826786666666667,0.37530135,0.0
gain_0p8,box_align_strict,soppi,512,30,30,1.0,0.8864866068260312,0.9999999999999999,0.2769349333333333,3.0591756666666665,0.5789536333333333,0.58423205,0.0
gain_0p8,box_align_strict,soppi_fast,128,30,29,0.9666666666666667,0.8332960900859082,0.9940914096183874,0.2746491333333333,4.173342666666667,1.2480393333333335,1.2641385,0.0
gain_0p8,box_align_strict,soppi_fast,256,30,30,1.0,0.8864866068260312,0.9999999999999999,0.2745027,3.067250666666667,1.3252133333333334,1.334667,0.0
gain_0p8,box_align_strict,soppi_fast,512,30,30,1.0,0.8864866068260312,0.9999999999999999,0.27568403333333336,2.804372,1.52173,1.529175,0.0
gain_0p8,box_swivel,diff_mppi_1,128,30,25,0.8333333333333334,0.6643564949358398,0.9266345762815145,0.25245453333333334,2.0920201,0.8362445,0.8862125000000001,0.0
gain_0p8,box_swivel,diff_mppi_1,256,30,28,0.9333333333333333,0.7867654163738308,0.9815229762087295,0.22780646666666668,1.5551430000000002,0.8742526,0.90728525,0.0
gain_0p8,box_swivel,diff_mppi_1,512,30,30,1.0,0.8864866068260312,0.9999999999999999,0.21172576666666665,1.5654099,0.9133890333333333,0.95132765,0.0
gain_0p8,box_swivel,diff_mppi_3,128,30,25,0.8333333333333334,0.6643564949358398,0.9266345762815145,0.24893046666666668,2.0806722333333334,2.3714296666666663,2.5265355,0.0
gain_0p8,box_swivel,diff_mppi_3,256,30,28,0.9333333333333333,0.7867654163738308,0.9815229762087295,0.22835796666666666,1.5383126666666667,2.4238936666666664,2.5349185,0.0
gain_0p8,box_swivel,diff_mppi_3,512,30,30,1.0,0.8864866068260312,0.9999999999999999,0.21191506666666668,1.5486139333333333,2.466791333333333,2.5771230000000003,0.0
gain_0p8,box_swivel,mppi,128,30,24,0.8,0.6269430358685175,0.9049489282271013,0.254984,2.127211066666667,0.08092618333333333,0.094737185,0.0
gain_0p8,box_swivel,mppi,256,30,28,0.9333333333333333,0.7867654163738308,0.9815229762087295,0.23065296666666668,1.5989663,0.10468364999999999,0.15029284999999992,0.0
gain_0p8,box_swivel,mppi,512,30,30,1.0,0.8864866068260312,0.9999999999999999,0.21498019999999998,1.6116221666666666,0.14724783333333333,0.15531214999999998,0.0
gain_0p8,box_swivel,mppi_hardmodel,128,30,25,0.8333333333333334,0.6643564949358398,0.9266345762815145,0.2342601,1.4901973666666668,0.1331352,0.14466459999999998,0.0
gain_0p8,box_swivel,mppi_hardmodel,256,30,20,0.6666666666666666,0.4878005164454384,0.8076950191632386,0.2239391,1.4261800333333334,0.16869733333333334,0.17562885,0.0
gain_0p8,box_swivel,mppi_hardmodel,512,30,7,0.23333333333333334,0.11792388144489496,0.40928326158122164,0.22348103333333333,1.4925824333333333,0.22228393333333332,0.23088915,0.0
gain_0p8,box_swivel,soppi,128,30,25,0.8333333333333334,0.6643564949358398,0.9266345762815145,0.24667223333333332,2.0153889,0.2639915333333333,0.27161685,0.0
gain_0p8,box_swivel,soppi,256,30,29,0.9666666666666667,0.8332960900859082,0.9940914096183874,0.22159469999999998,1.4510726,0.3635441333333333,0.3679163,0.0
gain_0p8,box_swivel,soppi,512,30,30,1.0,0.8864866068260312,0.9999999999999999,0.21540736666666668,1.3913983666666667,0.5828149666666668,0.5923196500000001,0.0
gain_0p8,box_swivel,soppi_fast,128,30,26,0.8666666666666667,0.703186733179637,0.9469034451594526,0.24609833333333334,1.8545760999999998,1.2181583333333335,1.260595,0.0
gain_0p8,box_swivel,soppi_fast,256,30,29,0.9666666666666667,0.8332960900859082,0.9940914096183874,0.22180556666666668,1.3270652,1.3113253333333332,1.3434235,0.0
gain_0p8,box_swivel,soppi_fast,512,30,30,1.0,0.8864866068260312,0.9999999999999999,0.21328966666666668,1.2352804999999998,1.5147906666666666,1.543928,0.0
gain_1p2,box_align_contact_arc,diff_mppi_1,128,30,29,0.9666666666666667,0.8332960900859082,0.9940914096183874,0.2952021,2.9673176666666667,0.8623071,0.8918305,0.0
gain_1p2,box_align_contact_arc,diff_mppi_1,256,30,29,0.9666666666666667,0.8332960900859082,0.9940914096183874,0.29574876666666666,2.778062333333333,0.8783810666666666,0.8845122000000001,0.0
gain_1p2,box_align_contact_arc,diff_mppi_1,512,30,30,1.0,0.8864866068260312,0.9999999999999999,0.2955987,2.6784236666666668,0.9202092666666667,0.92996155,0.0
gain_1p2,box_align_contact_arc,diff_mppi_3,128,30,28,0.9333333333333333,0.7867654163738308,0.9815229762087295,0.29532736666666665,2.907661333333333,2.4659210000000003,2.4998765,0.0
gain_1p2,box_align_contact_arc,diff_mppi_3,256,30,30,1.0,0.8864866068260312,0.9999999999999999,0.29383086666666663,2.566270333333333,2.4399063333333335,2.4526719999999997,0.0
gain_1p2,box_align_contact_arc,diff_mppi_3,512,30,30,1.0,0.8864866068260312,0.9999999999999999,0.29464356666666663,2.5178636666666665,2.474568333333333,2.482648,0.0
gain_1p2,box_align_contact_arc,mppi,128,30,18,0.6,0.42320360253322475,0.7540937188319815,0.30319566666666664,4.234112666666666,0.09324829333333333,0.09992099499999998,0.0
gain_1p2,box_align_contact_arc,mppi,256,30,16,0.5333333333333333,0.36142299619873297,0.6976761109230025,0.30206696666666666,4.046301333333333,0.09973719333333333,0.10642,0.0
gain_1p2,box_align_contact_arc,mppi,512,30,18,0.6,0.42320360253322475,0.7540937188319815,0.30221396666666667,3.771679,0.1420246,0.14749495,0.0
gain_1p2,box_align_contact_arc,mppi_hardmodel,128,30,0,0.0,0.0,0.11351339317396876,0.9205563666666666,27.395699999999998,0.12413566666666667,0.13187269999999998,0.0
gain_1p2,box_align_contact_arc,mppi_hardmodel,256,30,0,0.0,0.0,0.11351339317396876,0.9080561666666667,22.941266666666664,0.13733303333333333,0.15080355,0.0
gain_1p2,box_align_contact_arc,mppi_hardmodel,512,30,0,0.0,0.0,0.11351339317396876,0.9000690333333333,20.154586666666667,0.17487696666666666,0.18974045,0.0
gain_1p2,box_align_contact_arc,soppi,128,30,16,0.5333333333333333,0.36142299619873297,0.6976761109230025,0.3045755,4.326314999999999,0.28235166666666667,0.2902288,0.0
gain_1p2,box_align_contact_arc,soppi,256,30,17,0.5666666666666667,0.3919730700081361,0.7262251442353347,0.30287699999999995,3.872817333333333,0.3786720333333333,0.38673884999999997,0.0
gain_1p2,box_align_contact_arc,soppi,512,30,12,0.4,0.24590628116801852,0.5767963974667752,0.3034572333333333,3.986679666666667,0.5942063,0.60535975,0.0
gain_1p2,box_align_contact_arc,soppi_fast,128,30,26,0.8666666666666667,0.703186733179637,0.9469034451594526,0.29817319999999997,3.379703,1.2628353333333335,1.2741255000000002,0.0
gain_1p2,box_align_contact_arc,soppi_fast,256,30,25,0.8333333333333334,0.6643564949358398,0.9266345762815145,0.29908176666666664,3.189406,1.3460846666666666,1.3533335,0.0
gain_1p2,box_align_contact_arc,soppi_fast,512,30,27,0.9,0.7437891742081593,0.9654001112526658,0.29789903333333334,2.9815633333333333,1.5422306666666665,1.5472709999999998,0.0
gain_1p2,box_align_contact_loss,diff_mppi_1,128,30,25,0.8333333333333334,0.6643564949358398,0.9266345762815145,0.28096313333333334,3.2214206666666665,0.8589569,0.86864575,0.0
gain_1p2,box_align_contact_loss,diff_mppi_1,256,30,28,0.9333333333333333,0.7867654163738308,0.9815229762087295,0.27750553333333333,2.8891183333333337,0.8776122,0.88954785,0.0
gain_1p2,box_align_contact_loss,diff_mppi_1,512,30,24,0.8,0.6269430358685175,0.9049489282271013,0.2779127,3.029904,0.9324293666666666,0.94522245,0.0
gain_1p2,box_align_contact_loss,diff_mppi_3,128,30,26,0.8666666666666667,0.703186733179637,0.9469034451594526,0.27698823333333333,2.944744666666667,2.435305,2.4645975,0.0
gain_1p2,box_align_contact_loss,diff_mppi_3,256,30,26,0.8666666666666667,0.703186733179637,0.9469034451594526,0.27669943333333336,2.854489666666667,2.4445740000000002,2.4784505,0.0
gain_1p2,box_align_contact_loss,diff_mppi_3,512,30,30,1.0,0.8864866068260312,0.9999999999999999,0.27576436666666665,2.563429333333333,2.4853636666666663,2.49704,0.0
gain_1p2,box_align_contact_loss,mppi,128,30,8,0.26666666666666666,0.14182663319596317,0.4444796169518888,0.29193759999999996,4.70842,0.08552726000000001,0.089277385,0.0
gain_1p2,box_align_contact_loss,mppi,256,30,2,0.06666666666666667,0.018477023791270378,0.2132345836261692,0.2956300666666667,4.724397333333333,0.10222715333333333,0.11071334999999999,0.0
gain_1p2,box_align_contact_loss,mppi,512,30,0,0.0,0.0,0.11351339317396876,0.29729386666666663,4.566351333333333,0.1527818,0.15713435000000003,0.0
gain_1p2,box_align_contact_loss,mppi_hardmodel,128,30,0,0.0,0.0,0.11351339317396876,0.9226725333333333,26.95121,0.11876473333333333,0.12997904999999998,0.0
gain_1p2,box_align_contact_loss,mppi_hardmodel,256,30,0,0.0,0.0,0.11351339317396876,0.9145078000000001,23.651216666666667,0.14048153333333332,0.14978785,0.0
gain_1p2,box_align_contact_loss,mppi_hardmodel,512,30,0,0.0,0.0,0.11351339317396876,0.8906529333333334,18.743299999999998,0.18347193333333334,0.19573684999999996,0.0
gain_1p2,box_align_contact_loss,soppi,128,30,3,0.1,0.03459988874733419,0.25621082579184085,0.29474079999999997,5.007170666666667,0.2786367,0.2844838,0.0
gain_1p2,box_align_contact_loss,soppi,256,30,3,0.1,0.03459988874733419,0.25621082579184085,0.29558663333333335,4.642948333333334,0.37697686666666663,0.38057765,0.0
gain_1p2,box_align_contact_loss,soppi,512,30,0,0.0,0.0,0.11351339317396876,0.2980431666666667,4.516083666666666,0.6021867666666666,0.613174,0.0
gain_1p2,box_align_contact_loss,soppi_fast,128,30,13,0.43333333333333335,0.2737748557646652,0.6080269299918639,0.28663099999999997,4.110118,1.2651466666666666,1.2744035,0.0
gain_1p2,box_align_contact_loss,soppi_fast,256,30,12,0.4,0.24590628116801852,0.5767963974667752,0.28440279999999996,3.992957666666667,1.3465673333333332,1.3537635,0.0
gain_1p2,box_align_contact_loss,soppi_fast,512,30,14,0.4666666666666667,0.30232388907699753,0.638577003801267,0.28539183333333334,3.694275333333333,1.5636713333333332,1.5895839999999999,0.0
gain_1p2,box_align_detour,diff_mppi_1,128,30,0,0.0,0.0,0.11351339317396876,0.29506746666666667,2.7872303333333335,1.1840436666666667,1.1887379999999999,0.0
gain_1p2,box_align_detour,diff_mppi_1,256,30,0,0.0,0.0,0.11351339317396876,0.2870281333333333,2.6712443333333336,1.2143626666666667,1.2459095,0.0
gain_1p2,box_align_detour,diff_mppi_1,512,30,0,0.0,0.0,0.11351339317396876,0.2864754666666667,2.649008333333333,1.2448590000000002,1.2498345,0.0
gain_1p2,box_align_detour,diff_mppi_3,128,30,0,0.0,0.0,0.11351339317396876,0.28565039999999997,2.647965,3.3828046666666665,3.3962765,0.0
gain_1p2,box_align_detour,diff_mppi_3,256,30,0,0.0,0.0,0.11351339317396876,0.27570083333333334,2.514793333333333,3.4059096666666666,3.4115745000000004,0.0
gain_1p2,box_align_detour,diff_mppi_3,512,30,0,0.0,0.0,0.11351339317396876,0.274824,2.4842706666666667,3.4442063333333333,3.449436,0.0
gain_1p2,box_align_detour,mppi,128,30,0,0.0,0.0,0.11351339317396876,0.31782716666666666,3.1624146666666664,0.08842083333333334,0.09637222,0.0
gain_1p2,box_align_detour,mppi,256,30,0,0.0,0.0,0.11351339317396876,0.31411723333333336,3.0725106666666666,0.1138472,0.11671089999999999,0.0
gain_1p2,box_align_detour,mppi,512,30,0,0.0,0.0,0.11351339317396876,0.3156165,3.068297333333333,0.15378906666666667,0.15680535,0.0
gain_1p2,box_align_detour,mppi_hardmodel,128,30,0,0.0,0.0,0.11351339317396876,0.8023965000000001,15.258139666666667,0.09712083666666667,0.1013446,0.0
gain_1p2,box_align_detour,mppi_hardmodel,256,30,0,0.0,0.0,0.11351339317396876,0.7727710333333333,14.058457,0.12756716666666665,0.13444655,0.0
gain_1p2,box_align_detour,mppi_hardmodel,512,30,0,0.0,0.0,0.11351339317396876,0.7579849666666667,13.555903333333333,0.1682247,0.17550604999999997,0.0
gain_1p2,box_align_detour,soppi,128,30,0,0.0,0.0,0.11351339317396876,0.31959553333333335,3.1924149999999996,0.3260558666666667,0.33029569999999997,0.0
gain_1p2,box_align_detour,soppi,256,30,0,0.0,0.0,0.11351339317396876,0.31582183333333336,3.097729,0.4287201333333333,0.43402465,0.0
gain_1p2,box_align_detour,soppi,512,30,0,0.0,0.0,0.11351339317396876,0.3174845,3.1042126666666667,0.6478373666666666,0.65061035,0.0
gain_1p2,box_align_detour,soppi_fast,128,30,0,0.0,0.0,0.11351339317396876,0.3062814,2.9805043333333336,1.6648636666666665,1.6739085,0.0
gain_1p2,box_align_detour,soppi_fast,256,30,0,0.0,0.0,0.11351339317396876,0.30117653333333333,2.885381,1.7484556666666669,1.777984,0.0
gain_1p2,box_align_detour,soppi_fast,512,30,0,0.0,0.0,0.11351339317396876,0.30136583333333333,2.8767696666666667,1.9487463333333332,1.9594615000000002,0.0
gain_1p2,box_align_strict,diff_mppi_1,128,30,24,0.8,0.6269430358685175,0.9049489282271013,0.3006440666666667,5.189710666666667,0.8669211666666666,0.89567485,0.0
gain_1p2,box_align_strict,diff_mppi_1,256,30,27,0.9,0.7437891742081593,0.9654001112526658,0.2770924,3.6031923333333333,0.8807302,0.8958841,0.0
gain_1p2,box_align_strict,diff_mppi_1,512,30,30,1.0,0.8864866068260312,0.9999999999999999,0.2750736,3.0671163333333333,0.9266860666666666,0.9485079000000001,0.0
gain_1p2,box_align_strict,diff_mppi_3,128,30,27,0.9,0.7437891742081593,0.9654001112526658,0.2967622,4.958867,2.4669456666666667,2.526051,0.0
gain_1p2,box_align_strict,diff_mppi_3,256,30,30,1.0,0.8864866068260312,0.9999999999999999,0.27212359999999997,3.4281953333333335,2.472369666666667,2.5143649999999997,0.0
gain_1p2,box_align_strict,diff_mppi_3,512,30,30,1.0,0.8864866068260312,0.9999999999999999,0.2737084,2.9888373333333336,2.497530666666667,2.5568665,0.0
gain_1p2,box_align_strict,mppi,128,30,5,0.16666666666666666,0.0733654237184855,0.3356435050641603,0.33529386666666666,6.144951333333334,0.09302234666666667,0.09920009499999999,0.0
gain_1p2,box_align_strict,mppi,256,30,8,0.26666666666666666,0.14182663319596317,0.4444796169518888,0.2899654333333333,4.536610666666666,0.09911268666666667,0.10766945,0.0
gain_1p2,box_align_strict,mppi,512,30,10,0.3333333333333333,0.19230498083676134,0.5121994835545616,0.28692083333333335,4.090273,0.1345679,0.1411599,0.0
gain_1p2,box_align_strict,mppi_hardmodel,128,30,0,0.0,0.0,0.11351339317396876,0.8787377666666667,16.868280000000002,0.09897326999999999,0.11449205,0.0
gain_1p2,box_align_strict,mppi_hardmodel,256,30,0,0.0,0.0,0.11351339317396876,0.8832407666666667,17.05583,0.11819616666666667,0.12375364999999999,0.0
gain_1p2,box_align_strict,mppi_hardmodel,512,30,0,0.0,0.0,0.11351339317396876,0.8839083,17.157453333333333,0.15821033333333334,0.16041465,0.0
gain_1p2,box_align_strict,soppi,128,30,11,0.36666666666666664,0.21873920806100708,0.5448643634520511,0.29173333333333334,5.294380666666667,0.26284603333333334,0.27274519999999997,0.0
gain_1p2,box_align_strict,soppi,256,30,6,0.2,0.0950510717728987,0.3730569641314825,0.2896001,4.172265333333334,0.36224413333333333,0.3688831,0.0
gain_1p2,box_align_strict,soppi,512,30,4,0.13333333333333333,0.053096554840547455,0.296813266820363,0.2909242,3.930338,0.5728096666666667,0.57944465,0.0
gain_1p2,box_align_strict,soppi_fast,128,30,15,0.5,0.33154125640533766,0.6684587435946623,0.2846399333333334,4.569349333333333,1.2415100000000001,1.262517,0.0
gain_1p2,box_align_strict,soppi_fast,256,30,22,0.7333333333333333,0.555520383048111,0.8581733668040368,0.27952736666666667,3.2057119999999997,1.3233026666666667,1.334571,0.0
gain_1p2,box_align_strict,soppi_fast,512,30,27,0.9,0.7437891742081593,0.9654001112526658,0.278781,2.7384126666666666,1.5167706666666667,1.5263165,0.0
gain_1p2,box_swivel,diff_mppi_1,128,30,25,0.8333333333333334,0.6643564949358398,0.9266345762815145,0.2526115,2.0770929333333332,0.8405796,0.88908445,0.0
gain_1p2,box_swivel,diff_mppi_1,256,30,28,0.9333333333333333,0.7867654163738308,0.9815229762087295,0.2264003,1.5383119333333333,0.8705372666666666,0.90583905,0.0
gain_1p2,box_swivel,diff_mppi_1,512,30,30,1.0,0.8864866068260312,0.9999999999999999,0.2115695,1.5466994666666667,0.9151361,0.9536547,0.0
gain_1p2,box_swivel,diff_mppi_3,128,30,25,0.8333333333333334,0.6643564949358398,0.9266345762815145,0.2519963,2.0641291666666666,2.370761,2.52754,0.0
gain_1p2,box_swivel,diff_mppi_3,256,30,28,0.9333333333333333,0.7867654163738308,0.9815229762087295,0.22836946666666666,1.5198190333333335,2.4311256666666665,2.542602,0.0
gain_1p2,box_swivel,diff_mppi_3,512,30,30,1.0,0.8864866068260312,0.9999999999999999,0.21260823333333334,1.5282010666666668,2.4834853333333333,2.588216,0.0
gain_1p2,box_swivel,mppi,128,30,24,0.8,0.6269430358685175,0.9049489282271013,0.25462806666666665,2.1166974,0.07391883666666667,0.07992294999999999,0.0
gain_1p2,box_swivel,mppi,256,30,28,0.9333333333333333,0.7867654163738308,0.9815229762087295,0.23120696666666665,1.5855875666666668,0.09628553333333333,0.10468129999999999,0.0
gain_1p2,box_swivel,mppi,512,30,30,1.0,0.8864866068260312,0.9999999999999999,0.2152601,1.5972827666666667,0.15615686666666667,0.1605178,0.0
gain_1p2,box_swivel,mppi_hardmodel,128,30,19,0.6333333333333333,0.4551356365479487,0.7812607919389929,0.23526893333333332,1.5826094333333331,0.12457529333333334,0.1336944,0.0
gain_1p2,box_swivel,mppi_hardmodel,256,30,12,0.4,0.24590628116801852,0.5767963974667752,0.22475573333333332,1.5231352333333334,0.1679945,0.1794573,0.0
gain_1p2,box_swivel,mppi_hardmodel,512,30,3,0.1,0.03459988874733419,0.25621082579184085,0.2258557,1.5139043333333333,0.23347696666666667,0.23902669999999998,0.0
gain_1p2,box_swivel,soppi,128,30,26,0.8666666666666667,0.703186733179637,0.9469034451594526,0.24598699999999998,2.0041868333333333,0.2615917,0.26960335,0.0
gain_1p2,box_swivel,soppi,256,30,29,0.9666666666666667,0.8332960900859082,0.9940914096183874,0.22409686666666667,1.4357195333333332,0.36646306666666667,0.37742425,0.0
gain_1p2,box_swivel,soppi,512,30,30,1.0,0.8864866068260312,0.9999999999999999,0.2153323666666667,1.3768595333333333,0.5800486666666667,0.58815185,0.0
gain_1p2,box_swivel,soppi_fast,128,30,26,0.8666666666666667,0.703186733179637,0.9469034451594526,0.24459706666666667,1.8402132666666666,1.2173450000000001,1.2632805,0.0
gain_1p2,box_swivel,soppi_fast,256,30,29,0.9666666666666667,0.8332960900859082,0.9940914096183874,0.22153726666666668,1.3091418,1.320281,1.35559,0.0
gain_1p2,box_swivel,soppi_fast,512,30,30,1.0,0.8864866068260312,0.9999999999999999,0.21456533333333333,1.2163673333333334,1.508141,1.5392285,0.0
hard_damping_0p75,box_align_contact_arc,diff_mppi_1,128,30,27,0.9,0.7437891742081593,0.9654001112526658,0.28020157,3.178672333333333,0.8581152666666667,0.8661809,0.0
hard_damping_0p75,box_align_contact_arc,diff_mppi_1,256,30,23,0.7666666666666667,0.5907167384187784,0.8820761185551049,0.28576523333333337,3.3835663333333335,0.8808734333333333,0.88902155,0.0
hard_damping_0p75,box_align_contact_arc,diff_mppi_1,512,30,24,0.8,0.6269430358685175,0.9049489282271013,0.3038425666666667,3.1538173333333335,0.9217564666666667,0.92839995,0.0
hard_damping_0p75,box_align_contact_arc,diff_mppi_3,128,30,27,0.9,0.7437891742081593,0.9654001112526658,0.2716392266666666,2.881631333333333,2.4346913333333333,2.4588015,0.0
hard_damping_0p75,box_align_contact_arc,diff_mppi_3,256,30,25,0.8333333333333334,0.6643564949358398,0.9266345762815145,0.29436586666666664,3.1086233333333335,2.4574623333333334,2.4879355,0.0
hard_damping_0p75,box_align_contact_arc,diff_mppi_3,512,30,25,0.8333333333333334,0.6643564949358398,0.9266345762815145,0.2811133,2.8322950000000002,2.488252,2.5196034999999997,0.0
hard_damping_0p75,box_align_contact_arc,mppi,128,30,18,0.6,0.42320360253322475,0.7540937188319815,0.3288991,5.142129,0.08353692666666666,0.10347260999999994,0.0
hard_damping_0p75,box_align_contact_arc,mppi,256,30,19,0.6333333333333333,0.4551356365479487,0.7812607919389929,0.31918556666666664,4.183252333333333,0.09868829333333333,0.10526189999999999,0.0
hard_damping_0p75,box_align_contact_arc,mppi,512,30,20,0.6666666666666666,0.4878005164454384,0.8076950191632386,0.31720903333333333,3.868172,0.1419117,0.14879474999999998,0.0
hard_damping_0p75,box_align_contact_arc,mppi_hardmodel,128,30,28,0.9333333333333333,0.7867654163738308,0.9815229762087295,0.27208736666666666,2.3786503333333333,0.14241543333333334,0.19396449999999998,0.0
hard_damping_0p75,box_align_contact_arc,mppi_hardmodel,256,30,30,1.0,0.8864866068260312,0.9999999999999999,0.28275086666666666,1.9436873333333333,0.17137656666666665,0.181653,0.0
hard_damping_0p75,box_align_contact_arc,mppi_hardmodel,512,30,30,1.0,0.8864866068260312,0.9999999999999999,0.2790632,1.7987826666666669,0.20926866666666666,0.21867399999999998,0.0
hard_damping_0p75,box_align_contact_arc,soppi,128,30,16,0.5333333333333333,0.36142299619873297,0.6976761109230025,0.32244459999999997,5.174461333333334,0.27169303333333333,0.28055185000000005,0.0
hard_damping_0p75,box_align_contact_arc,soppi,256,30,17,0.5666666666666667,0.3919730700081361,0.7262251442353347,0.3277818,4.444421,0.37600046666666664,0.37890945,0.0
hard_damping_0p75,box_align_contact_arc,soppi,512,30,14,0.4666666666666667,0.30232388907699753,0.638577003801267,0.3319302,4.377142,0.5886879333333332,0.5954418499999999,0.0
hard_damping_0p75,box_align_contact_arc,soppi_fast,128,30,19,0.6333333333333333,0.4551356365479487,0.7812607919389929,0.30105771000000003,4.682092999999999,1.2618783333333332,1.2696935,0.0
hard_damping_0p75,box_align_contact_arc,soppi_fast,256,30,21,0.7,0.5212421254128504,0.8333525173175619,0.3078383666666667,3.995109,1.3437823333333334,1.353516,0.0
hard_damping_0p75,box_align_contact_arc,soppi_fast,512,30,18,0.6,0.42320360253322475,0.7540937188319815,0.3134613,3.891490666666667,1.5415483333333335,1.5494775,0.0
hard_damping_0p75,box_align_contact_loss,diff_mppi_1,128,30,22,0.7333333333333333,0.555520383048111,0.8581733668040368,0.30769416,3.9961366666666667,0.8605959999999999,0.87482205,0.0
hard_damping_0p75,box_align_contact_loss,diff_mppi_1,256,30,22,0.7333333333333333,0.555520383048111,0.8581733668040368,0.2661746,3.663406666666667,0.8902315000000001,0.90138115,0.0
hard_damping_0p75,box_align_contact_loss,diff_mppi_1,512,30,21,0.7,0.5212421254128504,0.8333525173175619,0.2691088,3.4490386666666666,0.9232366,0.9315516500000001,0.0
hard_damping_0p75,box_align_contact_loss,diff_mppi_3,128,30,23,0.7666666666666667,0.5907167384187784,0.8820761185551049,0.25287274,3.5962253333333334,2.4305453333333333,2.4608475,0.0
hard_damping_0p75,box_align_contact_loss,diff_mppi_3,256,30,27,0.9,0.7437891742081593,0.9654001112526658,0.24249723333333334,2.776966333333333,2.4481903333333337,2.482137,0.0
hard_damping_0p75,box_align_contact_loss,diff_mppi_3,512,30,26,0.8666666666666667,0.703186733179637,0.9469034451594526,0.23269406666666667,2.6517726666666666,2.4901973333333336,2.5211525,0.0
hard_damping_0p75,box_align_contact_loss,mppi,128,30,14,0.4666666666666667,0.30232388907699753,0.638577003801267,0.322897,5.413561666666666,0.08161435666666667,0.086732295,0.0
hard_damping_0p75,box_align_contact_loss,mppi,256,30,15,0.5,0.33154125640533766,0.6684587435946623,0.3045271,4.531863333333333,0.1041918,0.11120619999999998,0.0
hard_damping_0p75,box_align_contact_loss,mppi,512,30,16,0.5333333333333333,0.36142299619873297,0.6976761109230025,0.32645,4.394979333333334,0.14611786666666668,0.15640515,0.0
hard_damping_0p75,box_align_contact_loss,mppi_hardmodel,128,30,28,0.9333333333333333,0.7867654163738308,0.9815229762087295,0.24582126666666668,2.4585503333333336,0.15088756666666667,0.17387129999999998,0.0
hard_damping_0p75,box_align_contact_loss,mppi_hardmodel,256,30,27,0.9,0.7437891742081593,0.9654001112526658,0.24799033333333334,2.4577313333333337,0.16749709999999998,0.17825229999999997,0.0
hard_damping_0p75,box_align_contact_loss,mppi_hardmodel,512,30,26,0.8666666666666667,0.703186733179637,0.9469034451594526,0.2473410666666667,2.5138456666666666,0.22334146666666665,0.24718504999999996,0.0
hard_damping_0p75,box_align_contact_loss,soppi,128,30,20,0.6666666666666666,0.4878005164454384,0.8076950191632386,0.29728883333333334,4.517142333333334,0.2808036333333333,0.2946459,0.0
hard_damping_0p75,box_align_contact_loss,soppi,256,30,13,0.43333333333333335,0.2737748557646652,0.6080269299918639,0.3267333666666667,4.938354,0.37646596666666665,0.37970455000000003,0.0
hard_damping_0p75,box_align_contact_loss,soppi,512,30,17,0.5666666666666667,0.3919730700081361,0.7262251442353347,0.3129777,4.034324666666667,0.5902199666666667,0.5987787499999999,0.0
hard_damping_0p75,box_align_contact_loss,soppi_fast,128,30,21,0.7,0.5212421254128504,0.8333525173175619,0.2961369333333333,4.416083666666666,1.2609656666666667,1.2678725,0.0
hard_damping_0p75,box_align_contact_loss,soppi_fast,256,30,22,0.7333333333333333,0.555520383048111,0.8581733668040368,0.2875048666666667,3.6139859999999997,1.3457116666666666,1.354104,0.0
hard_damping_0p75,box_align_contact_loss,soppi_fast,512,30,15,0.5,0.33154125640533766,0.6684587435946623,0.3051872666666667,4.236258666666667,1.545008,1.5555895,0.0
hard_damping_0p75,box_align_detour,diff_mppi_1,128,30,0,0.0,0.0,0.11351339317396876,0.5388649999999999,7.262011,1.19656,1.236443,47.233333333333334
hard_damping_0p75,box_align_detour,diff_mppi_1,256,30,0,0.0,0.0,0.11351339317396876,0.5403611,7.062832666666667,1.2185786666666667,1.2477559999999999,9.7
hard_damping_0p75,box_align_detour,diff_mppi_1,512,30,0,0.0,0.0,0.11351339317396876,0.5641718333333333,7.433337666666666,1.2572076666666667,1.263355,16.2
hard_damping_0p75,box_align_detour,diff_mppi_3,128,30,0,0.0,0.0,0.11351339317396876,0.5168198,6.484590333333333,3.398359333333333,3.4141395,8.5
hard_damping_0p75,box_align_detour,diff_mppi_3,256,30,0,0.0,0.0,0.11351339317396876,0.5380052666666667,6.939566999999999,3.413055,3.4306194999999997,8.466666666666667
hard_damping_0p75,box_align_detour,diff_mppi_3,512,30,0,0.0,0.0,0.11351339317396876,0.5447276333333334,7.067861,3.454952,3.47358,22.833333333333332
hard_damping_0p75,box_align_detour,mppi,128,30,0,0.0,0.0,0.11351339317396876,0.5616910999999999,8.213401,0.12290159333333334,0.15778514999999999,73.13333333333334
hard_damping_0p75,box_align_detour,mppi,256,30,0,0.0,0.0,0.11351339317396876,0.5401387,8.111991,0.140599,0.16569055,93.43333333333334
hard_damping_0p75,box_align_detour,mppi,512,30,0,0.0,0.0,0.11351339317396876,0.5376409,7.638874333333334,0.17390663333333334,0.1998681,91.63333333333334
hard_damping_0p75,box_align_detour,mppi_hardmodel,128,30,8,0.26666666666666666,0.14182663319596317,0.4444796169518888,0.2513995333333333,2.0439537999999997,0.13256913333333334,0.16035844999999999,2.2333333333333334
hard_damping_0p75,box_align_detour,mppi_hardmodel,256,30,10,0.3333333333333333,0.19230498083676134,0.5121994835545616,0.24526253333333334,1.8966654333333333,0.16166306666666666,0.18579545,1.0666666666666667
hard_damping_0p75,box_align_detour,mppi_hardmodel,512,30,9,0.3,0.16664748268243793,0.47875787458714947,0.25952583333333334,2.2591678333333336,0.20773363333333333,0.22158024999999998,1.2666666666666666
hard_damping_0p75,box_align_detour,soppi,128,30,0,0.0,0.0,0.11351339317396876,0.5537771333333333,7.887968666666667,0.3924721,0.4684281,80.33333333333333
hard_damping_0p75,box_align_detour,soppi,256,30,0,0.0,0.0,0.11351339317396876,0.5318181666666667,7.6562936666666666,0.4897583,0.570945,73.03333333333333
hard_damping_0p75,box_align_detour,soppi,512,30,0,0.0,0.0,0.11351339317396876,0.5773575999999999,7.714628,0.7078426333333333,0.78561075,68.16666666666667
hard_damping_0p75,box_align_detour,soppi_fast,128,30,0,0.0,0.0,0.11351339317396876,0.6124454,9.026420666666667,1.7395513333333334,1.879704,69.7
hard_damping_0p75,box_align_detour,soppi_fast,256,30,0,0.0,0.0,0.11351339317396876,0.5294118666666666,7.095978333333333,1.853205,1.9802455,98.13333333333334
hard_damping_0p75,box_align_detour,soppi_fast,512,30,0,0.0,0.0,0.11351339317396876,0.5591902333333334,7.643877666666667,2.0216933333333333,2.1724674999999998,44.1
hard_damping_0p75,box_align_strict,diff_mppi_1,128,30,16,0.5333333333333333,0.36142299619873297,0.6976761109230025,0.3179364,5.541085666666667,0.8918356333333333,0.9307355499999999,0.0
hard_damping_0p75,box_align_strict,diff_mppi_1,256,30,19,0.6333333333333333,0.4551356365479487,0.7812607919389929,0.26546811666666664,3.7406916666666663,0.8939663333333333,0.9113914000000001,0.0
hard_damping_0p75,box_align_strict,diff_mppi_1,512,30,23,0.7666666666666667,0.5907167384187784,0.8820761185551049,0.2674283,3.2336896666666664,0.9216531333333333,0.9402492,0.0
hard_damping_0p75,box_align_strict,diff_mppi_3,128,30,19,0.6333333333333333,0.4551356365479487,0.7812607919389929,0.25916058666666664,5.0596863333333335,2.472801666666667,2.539236,0.0
hard_damping_0p75,box_align_strict,diff_mppi_3,256,30,23,0.7666666666666667,0.5907167384187784,0.8820761185551049,0.23133523333333333,3.472843333333333,2.484553333333333,2.529789,0.0
hard_damping_0p75,box_align_strict,diff_mppi_3,512,30,28,0.9333333333333333,0.7867654163738308,0.9815229762087295,0.22981679666666668,2.8843926666666664,2.5063156666666666,2.558714,0.0
hard_damping_0p75,box_align_strict,mppi,128,30,13,0.43333333333333335,0.2737748557646652,0.6080269299918639,0.35867272666666666,5.991498333333333,0.08234674333333333,0.08862798499999999,0.0
hard_damping_0p75,box_align_strict,mppi,256,30,15,0.5,0.33154125640533766,0.6684587435946623,0.31101449999999997,4.335779666666666,0.10079923666666667,0.10992545,0.0
hard_damping_0p75,box_align_strict,mppi,512,30,14,0.4666666666666667,0.30232388907699753,0.638577003801267,0.31265386666666667,4.013576666666666,0.14216179999999998,0.1470632,0.0
hard_damping_0p75,box_align_strict,mppi_hardmodel,128,30,22,0.7333333333333333,0.555520383048111,0.8581733668040368,0.23166741666666668,1.7141559000000002,0.12364987666666667,0.14223855,0.0
hard_damping_0p75,box_align_strict,mppi_hardmodel,256,30,26,0.8666666666666667,0.703186733179637,0.9469034451594526,0.21896172666666666,1.2878462,0.1618266,0.18369584999999994,0.0
hard_damping_0p75,box_align_strict,mppi_hardmodel,512,30,24,0.8,0.6269430358685175,0.9049489282271013,0.21732526666666668,1.2122282666666666,0.19991806666666667,0.21412205,0.0
hard_damping_0p75,box_align_strict,soppi,128,30,20,0.6666666666666666,0.4878005164454384,0.8076950191632386,0.28223739999999997,4.704250333333333,0.27061763333333333,0.27944355,0.0
hard_damping_0p75,box_align_strict,soppi,256,30,12,0.4,0.24590628116801852,0.5767963974667752,0.31154086666666664,4.037626666666666,0.36184879999999997,0.37443269999999995,0.0
hard_damping_0p75,box_align_strict,soppi,512,30,12,0.4,0.24590628116801852,0.5767963974667752,0.3157615,3.7085583333333334,0.5704292,0.58112175,0.0
hard_damping_0p75,box_align_strict,soppi_fast,128,30,15,0.5,0.33154125640533766,0.6684587435946623,0.31875539999999997,4.715945333333334,1.2421113333333333,1.2622165,0.0
hard_damping_0p75,box_align_strict,soppi_fast,256,30,17,0.5666666666666667,0.3919730700081361,0.7262251442353347,0.3051359,3.5162506666666666,1.3196366666666668,1.335722,0.0
hard_damping_0p75,box_align_strict,soppi_fast,512,30,23,0.7666666666666667,0.5907167384187784,0.8820761185551049,0.28350593333333335,2.7938203333333336,1.5147243333333333,1.5278025,0.0
hard_damping_0p75,box_swivel,diff_mppi_1,128,30,0,0.0,0.0,0.11351339317396876,0.34565830000000003,3.1821316666666664,0.8489688,0.8868866499999999,0.0
hard_damping_0p75,box_swivel,diff_mppi_1,256,30,0,0.0,0.0,0.11351339317396876,0.3301736333333333,2.828063,0.8878463666666666,0.9088155,0.0
hard_damping_0p75,box_swivel,diff_mppi_1,512,30,0,0.0,0.0,0.11351339317396876,0.32616076666666666,2.851999,0.9286269333333333,0.94868535,0.0
hard_damping_0p75,box_swivel,diff_mppi_3,128,30,1,0.03333333333333333,0.005908590381612455,0.16670390991409173,0.34427786666666665,3.1708203333333334,2.4016426666666666,2.5145175,0.0
hard_damping_0p75,box_swivel,diff_mppi_3,256,30,0,0.0,0.0,0.11351339317396876,0.3330596,2.8382573333333334,2.4521223333333335,2.5228114999999995,0.0
hard_damping_0p75,box_swivel,diff_mppi_3,512,30,0,0.0,0.0,0.11351339317396876,0.3276719,2.8474706666666667,2.4954443333333334,2.5476859999999997,0.0
hard_damping_0p75,box_swivel,mppi,128,30,2,0.06666666666666667,0.018477023791270378,0.2132345836261692,0.3308881666666667,3.120108666666667,0.07960725333333334,0.08499276,0.0
hard_damping_0p75,box_swivel,mppi,256,30,0,0.0,0.0,0.11351339317396876,0.3191302,2.764549,0.10846951666666667,0.1132288,0.0
hard_damping_0p75,box_swivel,mppi,512,30,0,0.0,0.0,0.11351339317396876,0.32003953333333335,2.810338333333333,0.13889,0.14407085,0.0
hard_damping_0p75,box_swivel,mppi_hardmodel,128,30,15,0.5,0.33154125640533766,0.6684587435946623,0.24354473333333332,1.5920519666666666,0.12142175666666667,0.13799865,0.0
hard_damping_0p75,box_swivel,mppi_hardmodel,256,30,9,0.3,0.16664748268243793,0.47875787458714947,0.24357953333333335,1.6429148,0.17835376666666666,0.20042235,0.0
hard_damping_0p75,box_swivel,mppi_hardmodel,512,30,3,0.1,0.03459988874733419,0.25621082579184085,0.2545984333333334,1.7336008,0.20817243333333335,0.2203815,0.0
hard_damping_0p75,box_swivel,soppi,128,30,1,0.03333333333333333,0.005908590381612455,0.16670390991409173,0.3392061333333333,3.1110226666666665,0.26233633333333334,0.2692145,0.0
hard_damping_0p75,box_swivel,soppi,256,30,0,0.0,0.0,0.11351339317396876,0.3135196,2.671740333333333,0.36973639999999997,0.38201105,0.0
hard_damping_0p75,box_swivel,soppi,512,30,0,0.0,0.0,0.11351339317396876,0.31703923333333334,2.6618643333333334,0.5731023666666667,0.5788291000000001,0.0
hard_damping_0p75,box_swivel,soppi_fast,128,30,2,0.06666666666666667,0.018477023791270378,0.2132345836261692,0.3314179666666667,2.923395333333333,1.2238323333333334,1.2568315,0.0
hard_damping_0p75,box_swivel,soppi_fast,256,30,0,0.0,0.0,0.11351339317396876,0.3216347,2.671171333333333,1.3140126666666667,1.3359759999999998,0.0
hard_damping_0p75,box_swivel,soppi_fast,512,30,0,0.0,0.0,0.11351339317396876,0.3252765666666667,2.647542666666667,1.498961,1.5149949999999999,0.0
hard_damping_1p25,box_align_contact_arc,diff_mppi_1,128,30,17,0.5666666666666667,0.3919730700081361,0.7262251442353347,0.3246813,4.3576076666666665,0.8631829666666667,0.8718817,0.0
hard_damping_1p25,box_align_contact_arc,diff_mppi_1,256,30,18,0.6,0.42320360253322475,0.7540937188319815,0.3212256,3.8248496666666667,0.8992696,0.91242595,0.0
hard_damping_1p25,box_align_contact_arc,diff_mppi_1,512,30,16,0.5333333333333333,0.36142299619873297,0.6976761109230025,0.32388656666666665,3.9236983333333333,0.9287580666666667,0.94023215,0.0
hard_damping_1p25,box_align_contact_arc,diff_mppi_3,128,30,23,0.7666666666666667,0.5907167384187784,0.8820761185551049,0.3063749333333333,3.516191,2.4405396666666666,2.467698,0.0
hard_damping_1p25,box_align_contact_arc,diff_mppi_3,256,30,19,0.6333333333333333,0.4551356365479487,0.7812607919389929,0.3166421,3.7630589999999997,2.573617,2.9758189999999987,0.0
hard_damping_1p25,box_align_contact_arc,diff_mppi_3,512,30,24,0.8,0.6269430358685175,0.9049489282271013,0.2987612,2.9151233333333333,2.4998146666666665,2.5371175,0.0
hard_damping_1p25,box_align_contact_arc,mppi,128,30,10,0.3333333333333333,0.19230498083676134,0.5121994835545616,0.37200326666666667,5.95934,0.08680101,0.09907119,0.0
hard_damping_1p25,box_align_contact_arc,mppi,256,30,8,0.26666666666666666,0.14182663319596317,0.4444796169518888,0.3681778333333333,5.4820503333333335,0.142425,0.24942899999999996,0.0
hard_damping_1p25,box_align_contact_arc,mppi,512,30,11,0.36666666666666664,0.21873920806100708,0.5448643634520511,0.34939753333333334,4.661632999999999,0.15183413333333332,0.1562409,0.0
hard_damping_1p25,box_align_contact_arc,mppi_hardmodel,128,30,30,1.0,0.8864866068260312,0.9999999999999999,0.2585678666666667,2.1126376666666666,0.1503263333333333,0.17525069999999995,0.0
hard_damping_1p25,box_align_contact_arc,mppi_hardmodel,256,30,30,1.0,0.8864866068260312,0.9999999999999999,0.2762036,1.8624476666666667,0.3053864,0.5287300999999994,0.0
hard_damping_1p25,box_align_contact_arc,mppi_hardmodel,512,30,30,1.0,0.8864866068260312,0.9999999999999999,0.26504173333333336,1.7995946666666667,0.2334173333333333,0.25334075,0.0
hard_damping_1p25,box_align_contact_arc,soppi,128,30,11,0.36666666666666664,0.21873920806100708,0.5448643634520511,0.3645130333333333,5.662223999999999,0.2776942,0.29065759999999996,0.0
hard_damping_1p25,box_align_contact_arc,soppi,256,30,8,0.26666666666666666,0.14182663319596317,0.4444796169518888,0.3611765666666667,5.232551333333333,0.41486663333333335,0.49901819999999997,0.0
hard_damping_1p25,box_align_contact_arc,soppi,512,30,5,0.16666666666666666,0.0733654237184855,0.3356435050641603,0.37725596666666666,5.323307333333333,0.5900251333333333,0.5986771500000001,0.0
hard_damping_1p25,box_align_contact_arc,soppi_fast,128,30,17,0.5666666666666667,0.3919730700081361,0.7262251442353347,0.3362672666666667,4.794804,1.2676263333333333,1.275307,0.0
hard_damping_1p25,box_align_contact_arc,soppi_fast,256,30,10,0.3333333333333333,0.19230498083676134,0.5121994835545616,0.35921773333333334,5.083228,1.3817556666666666,1.6207909999999996,0.0
hard_damping_1p25,box_align_contact_arc,soppi_fast,512,30,10,0.3333333333333333,0.19230498083676134,0.5121994835545616,0.3466536,4.584932666666666,1.5465643333333332,1.5555415,0.0
hard_damping_1p25,box_align_contact_loss,diff_mppi_1,128,30,14,0.4666666666666667,0.30232388907699753,0.638577003801267,0.31738619999999995,4.905687333333334,0.8720497333333334,0.89121895,0.0
hard_damping_1p25,box_align_contact_loss,diff_mppi_1,256,30,16,0.5333333333333333,0.36142299619873297,0.6976761109230025,0.29623136666666666,3.963375,0.8875851,0.8951519,0.0
hard_damping_1p25,box_align_contact_loss,diff_mppi_1,512,30,17,0.5666666666666667,0.3919730700081361,0.7262251442353347,0.2987247333333333,3.6141859999999997,0.9306827,0.94913045,0.0
hard_damping_1p25,box_align_contact_loss,diff_mppi_3,128,30,17,0.5666666666666667,0.3919730700081361,0.7262251442353347,0.3276812333333333,4.398634666666666,2.4444193333333337,2.4730875,0.0
hard_damping_1p25,box_align_contact_loss,diff_mppi_3,256,30,22,0.7333333333333333,0.555520383048111,0.8581733668040368,0.2753335,3.16406,2.4672106666666664,2.4958175000000002,0.0
hard_damping_1p25,box_align_contact_loss,diff_mppi_3,512,30,21,0.7,0.5212421254128504,0.8333525173175619,0.2681145666666667,3.028116,2.4942586666666666,2.5228805000000003,0.0
hard_damping_1p25,box_align_contact_loss,mppi,128,30,10,0.3333333333333333,0.19230498083676134,0.5121994835545616,0.3499818333333333,5.907490333333333,0.08226128333333334,0.09528689499999998,0.0
hard_damping_1p25,box_align_contact_loss,mppi,256,30,7,0.23333333333333334,0.11792388144489496,0.40928326158122164,0.3497942666666667,5.366759,0.10283314666666667,0.11100674999999999,0.0
hard_damping_1p25,box_align_contact_loss,mppi,512,30,2,0.06666666666666667,0.018477023791270378,0.2132345836261692,0.36680473333333335,5.483726333333333,0.14297253333333335,0.15255694999999997,0.0
hard_damping_1p25,box_align_contact_loss,mppi_hardmodel,128,30,30,1.0,0.8864866068260312,0.9999999999999999,0.2343414,2.110040333333333,0.14593683333333332,0.18524624999999997,0.0
hard_damping_1p25,box_align_contact_loss,mppi_hardmodel,256,30,26,0.8666666666666667,0.703186733179637,0.9469034451594526,0.2228327,2.2918653333333334,0.18140403333333335,0.1900792,0.0
hard_damping_1p25,box_align_contact_loss,mppi_hardmodel,512,30,30,1.0,0.8864866068260312,0.9999999999999999,0.24010413333333333,1.8391773333333332,0.2221142,0.23192985,0.0
hard_damping_1p25,box_align_contact_loss,soppi,128,30,7,0.23333333333333334,0.11792388144489496,0.40928326158122164,0.35862806666666663,6.023156333333334,0.2712562333333333,0.27498065,0.0
hard_damping_1p25,box_align_contact_loss,soppi,256,30,7,0.23333333333333334,0.11792388144489496,0.40928326158122164,0.35902556666666663,5.410286999999999,0.3788706333333333,0.38524329999999996,0.0
hard_damping_1p25,box_align_contact_loss,soppi,512,30,4,0.13333333333333333,0.053096554840547455,0.296813266820363,0.3567782666666667,5.153571,0.5870642333333334,0.5924242,0.0
hard_damping_1p25,box_align_contact_loss,soppi_fast,128,30,12,0.4,0.24590628116801852,0.5767963974667752,0.33317,5.204413,1.260921,1.2688455,0.0
hard_damping_1p25,box_align_contact_loss,soppi_fast,256,30,11,0.36666666666666664,0.21873920806100708,0.5448643634520511,0.3272134,4.639754333333333,1.347742,1.3547665000000002,0.0
hard_damping_1p25,box_align_contact_loss,soppi_fast,512,30,12,0.4,0.24590628116801852,0.5767963974667752,0.3266232333333334,4.285794999999999,1.5437713333333332,1.550109,0.0
hard_damping_1p25,box_align_detour,diff_mppi_1,128,30,0,0.0,0.0,0.11351339317396876,0.5263109333333333,6.816141666666667,1.1935873333333333,1.2298559999999998,26.633333333333333
hard_damping_1p25,box_align_detour,diff_mppi_1,256,30,0,0.0,0.0,0.11351339317396876,0.5336901,6.845658666666666,1.2214776666666665,1.2537819999999997,43.4
hard_damping_1p25,box_align_detour,diff_mppi_1,512,30,0,0.0,0.0,0.11351339317396876,0.5408899,7.089888,1.2554673333333333,1.293495,17.5
hard_damping_1p25,box_align_detour,diff_mppi_3,128,30,0,0.0,0.0,0.11351339317396876,0.4921608,6.179848000000001,3.3845066666666668,3.3966785,16.2
hard_damping_1p25,box_align_detour,diff_mppi_3,256,30,0,0.0,0.0,0.11351339317396876,0.5075911666666667,6.235499,3.4107879999999997,3.4320429999999997,17.766666666666666
hard_damping_1p25,box_align_detour,diff_mppi_3,512,30,0,0.0,0.0,0.11351339317396876,0.5429649666666666,6.9358699999999995,3.450610666666667,3.4579425,9.7
hard_damping_1p25,box_align_detour,mppi,128,30,0,0.0,0.0,0.11351339317396876,0.5351444333333333,7.847416,0.11476435666666666,0.14107939999999997,94.46666666666667
hard_damping_1p25,box_align_detour,mppi,256,30,0,0.0,0.0,0.11351339317396876,0.5415101,7.880162666666666,0.1379518,0.16242095,97.7
hard_damping_1p25,box_align_detour,mppi,512,30,0,0.0,0.0,0.11351339317396876,0.5534899000000001,7.892386666666667,0.17541476666666667,0.2052177,89.8
hard_damping_1p25,box_align_detour,mppi_hardmodel,128,30,11,0.36666666666666664,0.21873920806100708,0.5448643634520511,0.24260176666666666,1.7679074666666668,0.13620819,0.164412,0.9
hard_damping_1p25,box_align_detour,mppi_hardmodel,256,30,7,0.23333333333333334,0.11792388144489496,0.40928326158122164,0.24897816666666667,1.9566593666666667,0.16025793333333332,0.19146034999999997,0.1
hard_damping_1p25,box_align_detour,mppi_hardmodel,512,30,2,0.06666666666666667,0.018477023791270378,0.2132345836261692,0.2660620666666667,2.349549166666667,0.21979016666666668,0.23827735,0.23333333333333334
hard_damping_1p25,box_align_detour,soppi,128,30,0,0.0,0.0,0.11351339317396876,0.5467902333333333,7.702471,0.3766153666666667,0.4547772,59.93333333333333
hard_damping_1p25,box_align_detour,soppi,256,30,0,0.0,0.0,0.11351339317396876,0.5941999666666666,8.119958333333333,0.49074113333333336,0.5631963,74.16666666666667
hard_damping_1p25,box_align_detour,soppi,512,30,0,0.0,0.0,0.11351339317396876,0.5516532000000001,7.559344333333333,0.6911191,0.78402385,34.06666666666667
hard_damping_1p25,box_align_detour,soppi_fast,128,30,0,0.0,0.0,0.11351339317396876,0.5411839666666667,7.576221,1.7239413333333333,1.865035,60.833333333333336
hard_damping_1p25,box_align_detour,soppi_fast,256,30,0,0.0,0.0,0.11351339317396876,0.5181101333333333,7.376251333333333,1.8613766666666665,1.9749695,103.9
hard_damping_1p25,box_align_detour,soppi_fast,512,30,0,0.0,0.0,0.11351339317396876,0.5422870233333333,7.602582,2.0319836666666666,2.173933,57.13333333333333
hard_damping_1p25,box_align_strict,diff_mppi_1,128,30,9,0.3,0.16664748268243793,0.47875787458714947,0.3491107333333333,5.961459333333334,0.8647088,0.8858570000000001,0.0
hard_damping_1p25,box_align_strict,diff_mppi_1,256,30,12,0.4,0.24590628116801852,0.5767963974667752,0.2935511333333333,4.210210333333333,0.8841243333333334,0.8957564499999999,0.0
hard_damping_1p25,box_align_strict,diff_mppi_1,512,30,17,0.5666666666666667,0.3919730700081361,0.7262251442353347,0.29165043333333335,3.587565666666667,0.9232250000000001,0.9411623499999999,0.0
hard_damping_1p25,box_align_strict,diff_mppi_3,128,30,16,0.5333333333333333,0.36142299619873297,0.6976761109230025,0.3084612333333333,5.437934666666666,2.4605219999999997,2.521907,0.0
hard_damping_1p25,box_align_strict,diff_mppi_3,256,30,20,0.6666666666666666,0.4878005164454384,0.8076950191632386,0.27379163333333334,3.756742,2.4682636666666666,2.509575,0.0
hard_damping_1p25,box_align_strict,diff_mppi_3,512,30,21,0.7,0.5212421254128504,0.8333525173175619,0.26665676666666666,3.2271523333333336,2.502108333333333,2.5604915,0.0
hard_damping_1p25,box_align_strict,mppi,128,30,6,0.2,0.0950510717728987,0.3730569641314825,0.39247503333333333,6.6593116666666665,0.07379186333333335,0.081372305,0.0
hard_damping_1p25,box_align_strict,mppi,256,30,9,0.3,0.16664748268243793,0.47875787458714947,0.3409311,4.8091349999999995,0.09726984333333334,0.10222785,0.0
hard_damping_1p25,box_align_strict,mppi,512,30,8,0.26666666666666666,0.14182663319596317,0.4444796169518888,0.3407970666666667,4.537316000000001,0.14245253333333335,0.14576299999999998,0.0
hard_damping_1p25,box_align_strict,mppi_hardmodel,128,30,26,0.8666666666666667,0.703186733179637,0.9469034451594526,0.21795356666666665,1.7532957,0.13147406,0.14872345,0.0
hard_damping_1p25,box_align_strict,mppi_hardmodel,256,30,28,0.9333333333333333,0.7867654163738308,0.9815229762087295,0.21450306666666666,1.3026338,0.1678742666666667,0.1889391,0.0
hard_damping_1p25,box_align_strict,mppi_hardmodel,512,30,25,0.8333333333333334,0.6643564949358398,0.9266345762815145,0.20751473333333334,1.1657307333333333,0.2147162,0.2533704499999999,0.0
hard_damping_1p25,box_align_strict,soppi,128,30,8,0.26666666666666666,0.14182663319596317,0.4444796169518888,0.3389188,5.582225333333333,0.2636790666666667,0.27419535,0.0
hard_damping_1p25,box_align_strict,soppi,256,30,8,0.26666666666666666,0.14182663319596317,0.4444796169518888,0.3516401,4.58506,0.36020566666666665,0.3682291,0.0
hard_damping_1p25,box_align_strict,soppi,512,30,7,0.23333333333333334,0.11792388144489496,0.40928326158122164,0.35961086666666664,4.382057333333334,0.5693931666666666,0.57912695,0.0
hard_damping_1p25,box_align_strict,soppi_fast,128,30,10,0.3333333333333333,0.19230498083676134,0.5121994835545616,0.34908056666666665,5.162675666666667,1.2356823333333333,1.2543235000000001,0.0
hard_damping_1p25,box_align_strict,soppi_fast,256,30,9,0.3,0.16664748268243793,0.47875787458714947,0.3271169,4.003437333333333,1.3162373333333333,1.3330030000000002,0.0
hard_damping_1p25,box_align_strict,soppi_fast,512,30,12,0.4,0.24590628116801852,0.5767963974667752,0.31894876666666666,3.5662943333333335,1.5041136666666666,1.521429,0.0
hard_damping_1p25,box_swivel,diff_mppi_1,128,30,0,0.0,0.0,0.11351339317396876,0.3343587666666667,3.0751643333333334,0.8454863333333333,0.8819972,0.0
hard_damping_1p25,box_swivel,diff_mppi_1,256,30,0,0.0,0.0,0.11351339317396876,0.3220807666666667,2.7451936666666668,0.8757344333333333,0.8997614,0.0
hard_damping_1p25,box_swivel,diff_mppi_1,512,30,0,0.0,0.0,0.11351339317396876,0.31963600000000003,2.799132333333333,0.9144549000000001,0.92909255,0.0
hard_damping_1p25,box_swivel,diff_mppi_3,128,30,1,0.03333333333333333,0.005908590381612455,0.16670390991409173,0.32832406666666664,3.041455,2.398449,2.5055880000000004,0.0
hard_damping_1p25,box_swivel,diff_mppi_3,256,30,0,0.0,0.0,0.11351339317396876,0.320006,2.726642,2.4495126666666667,2.5145725,0.0
hard_damping_1p25,box_swivel,diff_mppi_3,512,30,0,0.0,0.0,0.11351339317396876,0.3170557,2.772382,2.479866,2.5262200000000004,0.0
hard_damping_1p25,box_swivel,mppi,128,30,1,0.03333333333333333,0.005908590381612455,0.16670390991409173,0.32190929999999995,3.0206413333333333,0.07283756333333334,0.08065176499999999,0.0
hard_damping_1p25,box_swivel,mppi,256,30,0,0.0,0.0,0.11351339317396876,0.3165981,2.7299366666666667,0.09392860333333333,0.1015151,0.0
hard_damping_1p25,box_swivel,mppi,512,30,0,0.0,0.0,0.11351339317396876,0.31666059999999996,2.7781833333333332,0.13378410000000002,0.1396918,0.0
hard_damping_1p25,box_swivel,mppi_hardmodel,128,30,20,0.6666666666666666,0.4878005164454384,0.8076950191632386,0.23858666666666664,1.5856430666666665,0.11812498333333334,0.13502514999999998,0.0
hard_damping_1p25,box_swivel,mppi_hardmodel,256,30,12,0.4,0.24590628116801852,0.5767963974667752,0.24294756666666667,1.6208730333333332,0.16206766666666667,0.17563335000000002,0.0
hard_damping_1p25,box_swivel,mppi_hardmodel,512,30,2,0.06666666666666667,0.018477023791270378,0.2132345836261692,0.2404592,1.6915218,0.21681763333333332,0.22694615,0.0
hard_damping_1p25,box_swivel,soppi,128,30,0,0.0,0.0,0.11351339317396876,0.3257562666666667,2.9779050000000002,0.25525223333333336,0.26362729999999995,0.0
hard_damping_1p25,box_swivel,soppi,256,30,0,0.0,0.0,0.11351339317396876,0.31160573333333336,2.6262960000000004,0.35942426666666666,0.36320735000000004,0.0
hard_damping_1p25,box_swivel,soppi,512,30,0,0.0,0.0,0.11351339317396876,0.31553796666666667,2.6307496666666665,0.5711004666666667,0.5769061499999999,0.0
hard_damping_1p25,box_swivel,soppi_fast,128,30,0,0.0,0.0,0.11351339317396876,0.3279647666666667,2.924827666666667,1.2165076666666665,1.2463935,0.0
hard_damping_1p25,box_swivel,soppi_fast,256,30,0,0.0,0.0,0.11351339317396876,0.31488099999999997,2.586607,1.3090560000000002,1.3266585,0.0
hard_damping_1p25,box_swivel,soppi_fast,512,30,0,0.0,0.0,0.11351339317396876,0.3176478333333333,2.578094333333333,1.4951323333333335,1.5095450000000001,0.0
hard_mu_0p2,box_align_contact_arc,diff_mppi_1,128,30,30,1.0,0.8864866068260312,0.9999999999999999,0.28871563333333333,2.56437,0.8952345,0.9747620499999998,0.0
hard_mu_0p2,box_align_contact_arc,diff_mppi_1,256,30,30,1.0,0.8864866068260312,0.9999999999999999,0.2899943,2.4291723333333333,0.8902357333333334,0.90440885,0.0
hard_mu_0p2,box_align_contact_arc,diff_mppi_1,512,30,30,1.0,0.8864866068260312,0.9999999999999999,0.2911555333333334,2.3875606666666664,0.9331776333333334,0.9478172,0.0
hard_mu_0p2,box_align_contact_arc,diff_mppi_3,128,30,29,0.9666666666666667,0.8332960900859082,0.9940914096183874,0.28410813333333335,2.5337403333333333,2.4916496666666665,2.5358095,0.0
hard_mu_0p2,box_align_contact_arc,diff_mppi_3,256,30,30,1.0,0.8864866068260312,0.9999999999999999,0.2845816,2.296859,2.4565573333333335,2.470746,0.0
hard_mu_0p2,box_align_contact_arc,diff_mppi_3,512,30,30,1.0,0.8864866068260312,0.9999999999999999,0.28574563333333336,2.2428820000000003,2.4958766666666667,2.51173,0.0
hard_mu_0p2,box_align_contact_arc,mppi,128,30,24,0.8,0.6269430358685175,0.9049489282271013,0.30338733333333334,3.845863,0.10228108999999999,0.1074017,0.0
hard_mu_0p2,box_align_contact_arc,mppi,256,30,27,0.9,0.7437891742081593,0.9654001112526658,0.29498266666666667,3.1299906666666666,0.11328034999999999,0.14783879999999994,0.0
hard_mu_0p2,box_align_contact_arc,mppi,512,30,27,0.9,0.7437891742081593,0.9654001112526658,0.29908246666666666,3.022169666666666,0.15534693333333335,0.16905249999999997,0.0
hard_mu_0p2,box_align_contact_arc,mppi_hardmodel,128,30,27,0.9,0.7437891742081593,0.9654001112526658,0.25004763333333335,2.4472636666666667,0.16269613333333333,0.17555110000000002,0.0
hard_mu_0p2,box_align_contact_arc,mppi_hardmodel,256,30,28,0.9333333333333333,0.7867654163738308,0.9815229762087295,0.26721063333333334,2.068340666666667,0.17779409999999998,0.194185,0.0
hard_mu_0p2,box_align_contact_arc,mppi_hardmodel,512,30,29,0.9666666666666667,0.8332960900859082,0.9940914096183874,0.2601542,1.8971166666666666,0.2245201,0.24400974999999997,0.0
hard_mu_0p2,box_align_contact_arc,soppi,128,30,26,0.8666666666666667,0.703186733179637,0.9469034451594526,0.3018944666666667,3.5575833333333335,0.304487,0.32169725,0.0
hard_mu_0p2,box_align_contact_arc,soppi,256,30,28,0.9333333333333333,0.7867654163738308,0.9815229762087295,0.29737963333333334,2.943975,0.38523833333333335,0.39965925,0.0
hard_mu_0p2,box_align_contact_arc,soppi,512,30,23,0.7666666666666667,0.5907167384187784,0.8820761185551049,0.30282536666666665,3.2602446666666665,0.6088251333333333,0.62008815,0.0
hard_mu_0p2,box_align_contact_arc,soppi_fast,128,30,24,0.8,0.6269430358685175,0.9049489282271013,0.29688923333333334,3.540878,1.287111,1.311506,0.0
hard_mu_0p2,box_align_contact_arc,soppi_fast,256,30,28,0.9333333333333333,0.7867654163738308,0.9815229762087295,0.2953712666666667,2.7692626666666667,1.3538196666666666,1.366605,0.0
hard_mu_0p2,box_align_contact_arc,soppi_fast,512,30,26,0.8666666666666667,0.703186733179637,0.9469034451594526,0.29471830000000004,2.843159,1.5711023333333332,1.5830190000000002,0.0
hard_mu_0p2,box_align_contact_loss,diff_mppi_1,128,30,28,0.9333333333333333,0.7867654163738308,0.9815229762087295,0.2666073666666667,2.7868993333333334,0.8927898333333334,0.9060933,0.0
hard_mu_0p2,box_align_contact_loss,diff_mppi_1,256,30,28,0.9333333333333333,0.7867654163738308,0.9815229762087295,0.26234226666666666,2.655874,0.8990557666666666,0.91787735,0.0
hard_mu_0p2,box_align_contact_loss,diff_mppi_1,512,30,30,1.0,0.8864866068260312,0.9999999999999999,0.2708546333333333,2.408551,0.9506895666666666,0.965473,0.0
hard_mu_0p2,box_align_contact_loss,diff_mppi_3,128,30,28,0.9333333333333333,0.7867654163738308,0.9815229762087295,0.24886113333333335,2.6363263333333333,2.4778433333333334,2.5072349999999997,0.0
hard_mu_0p2,box_align_contact_loss,diff_mppi_3,256,30,29,0.9666666666666667,0.8332960900859082,0.9940914096183874,0.24984656666666666,2.448509666666667,2.488878333333333,2.534725,0.0
hard_mu_0p2,box_align_contact_loss,diff_mppi_3,512,30,29,0.9666666666666667,0.8332960900859082,0.9940914096183874,0.2581191666666667,2.34593,2.5321926666666665,2.5418465,0.0
hard_mu_0p2,box_align_contact_loss,mppi,128,30,22,0.7333333333333333,0.555520383048111,0.8581733668040368,0.27510951,3.875011,0.09361560666666667,0.097498185,0.0
hard_mu_0p2,box_align_contact_loss,mppi,256,30,24,0.8,0.6269430358685175,0.9049489282271013,0.2806821,3.479268,0.11609589999999999,0.16685869999999992,0.0
hard_mu_0p2,box_align_contact_loss,mppi,512,30,24,0.8,0.6269430358685175,0.9049489282271013,0.28188563333333333,3.3868156666666662,0.16155823333333333,0.169533,0.0
hard_mu_0p2,box_align_contact_loss,mppi_hardmodel,128,30,25,0.8333333333333334,0.6643564949358398,0.9266345762815145,0.21653673333333334,2.7173966666666667,0.16022563333333334,0.20475244999999992,0.0
hard_mu_0p2,box_align_contact_loss,mppi_hardmodel,256,30,20,0.6666666666666666,0.4878005164454384,0.8076950191632386,0.21626233333333333,2.9830929999999998,0.18947826666666667,0.2185419999999999,0.0
hard_mu_0p2,box_align_contact_loss,mppi_hardmodel,512,30,21,0.7,0.5212421254128504,0.8333525173175619,0.21502659999999998,2.363987333333333,0.2404519,0.25052105,0.0
hard_mu_0p2,box_align_contact_loss,soppi,128,30,22,0.7333333333333333,0.555520383048111,0.8581733668040368,0.28243433333333334,3.8300826666666667,0.2956819333333333,0.30663015,0.0
hard_mu_0p2,box_align_contact_loss,soppi,256,30,21,0.7,0.5212421254128504,0.8333525173175619,0.28254429999999997,3.6476010000000003,0.3840965333333333,0.39394415,0.0
hard_mu_0p2,box_align_contact_loss,soppi,512,30,22,0.7333333333333333,0.555520383048111,0.8581733668040368,0.2832141333333333,3.3430886666666666,0.6064575,0.61942645,0.0
hard_mu_0p2,box_align_contact_loss,soppi_fast,128,30,26,0.8666666666666667,0.703186733179637,0.9469034451594526,0.2674085666666667,3.1289053333333334,1.2745543333333333,1.2912145,0.0
hard_mu_0p2,box_align_contact_loss,soppi_fast,256,30,25,0.8333333333333334,0.6643564949358398,0.9266345762815145,0.27771253333333334,3.1062616666666667,1.365094,1.3824195000000001,0.0
hard_mu_0p2,box_align_contact_loss,soppi_fast,512,30,26,0.8666666666666667,0.703186733179637,0.9469034451594526,0.27623563333333334,2.820716333333333,1.546643,1.5581265000000002,0.0
hard_mu_0p2,box_align_detour,diff_mppi_1,128,30,0,0.0,0.0,0.11351339317396876,0.39152946666666666,4.1240136666666665,1.2080073333333334,1.228062,7.233333333333333
hard_mu_0p2,box_align_detour,diff_mppi_1,256,30,0,0.0,0.0,0.11351339317396876,0.35772743333333334,3.565357,1.2104273333333333,1.2156305,4.3
hard_mu_0p2,box_align_detour,diff_mppi_1,512,30,0,0.0,0.0,0.11351339317396876,0.3540237333333333,3.4923593333333334,1.25102,1.2566074999999999,4.266666666666667
hard_mu_0p2,box_align_detour,diff_mppi_3,128,30,0,0.0,0.0,0.11351339317396876,0.37302243333333335,3.8205993333333335,3.393387666666667,3.4250995,6.0
hard_mu_0p2,box_align_detour,diff_mppi_3,256,30,0,0.0,0.0,0.11351339317396876,0.35336660000000003,3.480305,3.4102656666666666,3.4172225000000003,4.066666666666666
hard_mu_0p2,box_align_detour,diff_mppi_3,512,30,0,0.0,0.0,0.11351339317396876,0.34652773333333337,3.3516876666666664,3.4584029999999997,3.4716655000000003,3.966666666666667
hard_mu_0p2,box_align_detour,mppi,128,30,0,0.0,0.0,0.11351339317396876,0.4009752333333333,4.422433666666667,0.09339245333333332,0.10749239999999999,9.533333333333333
hard_mu_0p2,box_align_detour,mppi,256,30,0,0.0,0.0,0.11351339317396876,0.39818513333333333,4.307302000000001,0.12162016666666667,0.16255989999999998,28.266666666666666
hard_mu_0p2,box_align_detour,mppi,512,30,0,0.0,0.0,0.11351339317396876,0.4048716666666667,4.381837,0.1637029,0.199934,34.833333333333336
hard_mu_0p2,box_align_detour,mppi_hardmodel,128,30,0,0.0,0.0,0.11351339317396876,0.30634456666666665,2.7850926666666664,0.10381910666666667,0.12647565,0.06666666666666667
hard_mu_0p2,box_align_detour,mppi_hardmodel,256,30,1,0.03333333333333333,0.005908590381612455,0.16670390991409173,0.2892339,2.5454890333333333,0.13954773333333334,0.17263584999999998,0.1
hard_mu_0p2,box_align_detour,mppi_hardmodel,512,30,3,0.1,0.03459988874733419,0.25621082579184085,0.2996206,2.5641470333333336,0.19459283333333335,0.22338769999999997,0.0
hard_mu_0p2,box_align_detour,soppi,128,30,0,0.0,0.0,0.11351339317396876,0.4157224333333333,4.568177,0.3355511,0.36005529999999997,11.6
hard_mu_0p2,box_align_detour,soppi,256,30,0,0.0,0.0,0.11351339317396876,0.39915310000000004,4.3196813333333335,0.45101983333333334,0.56742245,24.733333333333334
hard_mu_0p2,box_align_detour,soppi,512,30,0,0.0,0.0,0.11351339317396876,0.39769893333333334,4.263951666666666,0.6673043333333334,0.7554417499999997,24.3
hard_mu_0p2,box_align_detour,soppi_fast,128,30,0,0.0,0.0,0.11351339317396876,0.3991088333333333,4.295751999999999,1.669736,1.6793645000000001,8.466666666666667
hard_mu_0p2,box_align_detour,soppi_fast,256,30,0,0.0,0.0,0.11351339317396876,0.37768333333333337,3.9132526666666667,1.751558,1.7595545000000001,5.633333333333334
hard_mu_0p2,box_align_detour,soppi_fast,512,30,0,0.0,0.0,0.11351339317396876,0.3803432333333333,3.933124,1.958126,1.97329,6.466666666666667
hard_mu_0p2,box_align_strict,diff_mppi_1,128,30,27,0.9,0.7437891742081593,0.9654001112526658,0.2848717333333333,4.837618333333333,0.8668527333333333,0.8882193500000001,0.0
hard_mu_0p2,box_align_strict,diff_mppi_1,256,30,30,1.0,0.8864866068260312,0.9999999999999999,0.2568808,3.2597186666666667,0.8866229000000001,0.9021971,0.0
hard_mu_0p2,box_align_strict,diff_mppi_1,512,30,30,1.0,0.8864866068260312,0.9999999999999999,0.267773,2.842969666666667,0.9241441666666667,0.9409122000000001,0.0
hard_mu_0p2,box_align_strict,diff_mppi_3,128,30,29,0.9666666666666667,0.8332960900859082,0.9940914096183874,0.26707333333333333,4.662972666666667,2.4753510000000003,2.5389825,0.0
hard_mu_0p2,box_align_strict,diff_mppi_3,256,30,30,1.0,0.8864866068260312,0.9999999999999999,0.247852,3.2015183333333335,2.4773566666666667,2.5246449999999996,0.0
hard_mu_0p2,box_align_strict,diff_mppi_3,512,30,30,1.0,0.8864866068260312,0.9999999999999999,0.2557471666666667,2.780252,2.5065896666666663,2.556304,0.0
hard_mu_0p2,box_align_strict,mppi,128,30,18,0.6,0.42320360253322475,0.7540937188319815,0.3291985,5.472404333333333,0.08001184666666666,0.08668918,0.0
hard_mu_0p2,box_align_strict,mppi,256,30,22,0.7333333333333333,0.555520383048111,0.8581733668040368,0.2785500666666667,3.7606046666666666,0.09520138666666668,0.10037945000000001,0.0
hard_mu_0p2,box_align_strict,mppi,512,30,23,0.7666666666666667,0.5907167384187784,0.8820761185551049,0.28492599999999996,3.3768396666666667,0.14567303333333334,0.15128075,0.0
hard_mu_0p2,box_align_strict,mppi_hardmodel,128,30,20,0.6666666666666666,0.4878005164454384,0.8076950191632386,0.19745372,1.7320873333333333,0.12313567333333333,0.14495419999999998,0.0
hard_mu_0p2,box_align_strict,mppi_hardmodel,256,30,21,0.7,0.5212421254128504,0.8333525173175619,0.20254913333333333,1.4054846666666667,0.16037576666666667,0.2052068,0.0
hard_mu_0p2,box_align_strict,mppi_hardmodel,512,30,25,0.8333333333333334,0.6643564949358398,0.9266345762815145,0.21206651333333332,1.1433688,0.2074004,0.22636184999999998,0.0
hard_mu_0p2,box_align_strict,soppi,128,30,21,0.7,0.5212421254128504,0.8333525173175619,0.2853442,4.689709,0.2615532,0.27234615,0.0
hard_mu_0p2,box_align_strict,soppi,256,30,22,0.7333333333333333,0.555520383048111,0.8581733668040368,0.2793079333333333,3.3293573333333333,0.36665386666666666,0.375151,0.0
hard_mu_0p2,box_align_strict,soppi,512,30,20,0.6666666666666666,0.4878005164454384,0.8076950191632386,0.28458263333333333,3.1054790000000003,0.5751784666666667,0.589202,0.0
hard_mu_0p2,box_align_strict,soppi_fast,128,30,22,0.7333333333333333,0.555520383048111,0.8581733668040368,0.2736165,4.047073666666667,1.2433103333333333,1.2610125,0.0
hard_mu_0p2,box_align_strict,soppi_fast,256,30,25,0.8333333333333334,0.6643564949358398,0.9266345762815145,0.27662366666666666,2.844186,1.3260386666666666,1.3448164999999999,0.0
hard_mu_0p2,box_align_strict,soppi_fast,512,30,27,0.9,0.7437891742081593,0.9654001112526658,0.2772561666666667,2.516798,1.5180836666666666,1.5300189999999998,0.0
hard_mu_0p2,box_swivel,diff_mppi_1,128,30,14,0.4666666666666667,0.30232388907699753,0.638577003801267,0.26395266666666667,2.3566342666666666,0.8458289666666666,0.8924589,0.0
hard_mu_0p2,box_swivel,diff_mppi_1,256,30,10,0.3333333333333333,0.19230498083676134,0.5121994835545616,0.241848,1.9868294666666666,0.8797315666666666,0.90805505,0.0
hard_mu_0p2,box_swivel,diff_mppi_1,512,30,13,0.43333333333333335,0.2737748557646652,0.6080269299918639,0.22755383333333334,1.9627977333333333,0.9151107333333334,0.9406165,0.0
hard_mu_0p2,box_swivel,diff_mppi_3,128,30,14,0.4666666666666667,0.30232388907699753,0.638577003801267,0.26428453333333335,2.3105253,2.3955976666666667,2.529874,0.0
hard_mu_0p2,box_swivel,diff_mppi_3,256,30,17,0.5666666666666667,0.3919730700081361,0.7262251442353347,0.2399076,1.7920249000000001,2.44489,2.5362795,0.0
hard_mu_0p2,box_swivel,diff_mppi_3,512,30,17,0.5666666666666667,0.3919730700081361,0.7262251442353347,0.22426063333333335,1.8368595666666667,2.4778046666666667,2.554866,0.0
hard_mu_0p2,box_swivel,mppi,128,30,9,0.3,0.16664748268243793,0.47875787458714947,0.26970130000000003,2.5110787666666665,0.07175039000000001,0.07575069000000001,0.0
hard_mu_0p2,box_swivel,mppi,256,30,6,0.2,0.0950510717728987,0.3730569641314825,0.2477857,2.168886866666667,0.09298196333333333,0.096152315,0.0
hard_mu_0p2,box_swivel,mppi,512,30,0,0.0,0.0,0.11351339317396876,0.2367658,2.2835866666666664,0.13468836666666667,0.1378563,0.0
hard_mu_0p2,box_swivel,mppi_hardmodel,128,30,28,0.9333333333333333,0.7867654163738308,0.9815229762087295,0.23045826666666666,1.1320667,0.11549554333333334,0.1307587,0.0
hard_mu_0p2,box_swivel,mppi_hardmodel,256,30,27,0.9,0.7437891742081593,0.9654001112526658,0.21890736666666666,0.9222806,0.1563623,0.17710624999999997,0.0
hard_mu_0p2,box_swivel,mppi_hardmodel,512,30,21,0.7,0.5212421254128504,0.8333525173175619,0.21980086666666668,0.9460833333333334,0.2005286,0.21907109999999996,0.0
hard_mu_0p2,box_swivel,soppi,128,30,9,0.3,0.16664748268243793,0.47875787458714947,0.26111333333333336,2.4005131,0.2574204,0.26739114999999997,0.0
hard_mu_0p2,box_swivel,soppi,256,30,9,0.3,0.16664748268243793,0.47875787458714947,0.23703543333333332,1.9557518,0.3611391,0.3670251,0.0
hard_mu_0p2,box_swivel,soppi,512,30,2,0.06666666666666667,0.018477023791270378,0.2132345836261692,0.2345017,2.0623443333333333,0.5703084666666667,0.5771630000000001,0.0
hard_mu_0p2,box_swivel,soppi_fast,128,30,7,0.23333333333333334,0.11792388144489496,0.40928326158122164,0.26035026666666666,2.313208766666667,1.224048,1.268986,0.0
hard_mu_0p2,box_swivel,soppi_fast,256,30,12,0.4,0.24590628116801852,0.5767963974667752,0.23468260000000002,1.7367943666666668,1.3113046666666668,1.337691,0.0
hard_mu_0p2,box_swivel,soppi_fast,512,30,7,0.23333333333333334,0.11792388144489496,0.40928326158122164,0.2295285,1.8073098666666667,1.503477,1.5380155,0.0
hard_mu_0p6,box_align_contact_arc,diff_mppi_1,128,30,19,0.6333333333333333,0.4551356365479487,0.7812607919389929,0.32335026666666666,4.136745333333334,0.8618133666666666,0.8711794,0.0
hard_mu_0p6,box_align_contact_arc,diff_mppi_1,256,30,21,0.7,0.5212421254128504,0.8333525173175619,0.3181290333333333,3.7452596666666667,0.9171904000000001,0.9792529999999999,0.0
hard_mu_0p6,box_align_contact_arc,diff_mppi_1,512,30,19,0.6333333333333333,0.4551356365479487,0.7812607919389929,0.31909313333333333,3.5984059999999998,0.9278032333333334,0.9407,0.0
hard_mu_0p6,box_align_contact_arc,diff_mppi_3,128,30,23,0.7666666666666667,0.5907167384187784,0.8820761185551049,0.2857919966666667,3.533511,2.448411,2.4758430000000002,0.0
hard_mu_0p6,box_align_contact_arc,diff_mppi_3,256,30,20,0.6666666666666666,0.4878005164454384,0.8076950191632386,0.3015559666666666,3.530046,2.4582113333333333,2.487902,0.0
hard_mu_0p6,box_align_contact_arc,diff_mppi_3,512,30,28,0.9333333333333333,0.7867654163738308,0.9815229762087295,0.2865139666666667,2.4709179999999997,2.483627,2.510879,0.0
hard_mu_0p6,box_align_contact_arc,mppi,128,30,15,0.5,0.33154125640533766,0.6684587435946623,0.3500065,5.340251666666666,0.08148362333333334,0.09085929000000001,0.0
hard_mu_0p6,box_align_contact_arc,mppi,256,30,12,0.4,0.24590628116801852,0.5767963974667752,0.34243670000000004,5.010686333333334,0.10046723333333334,0.10644504999999999,0.0
hard_mu_0p6,box_align_contact_arc,mppi,512,30,10,0.3333333333333333,0.19230498083676134,0.5121994835545616,0.3387045,4.688671666666666,0.14288573333333332,0.15270204999999998,0.0
hard_mu_0p6,box_align_contact_arc,mppi_hardmodel,128,30,29,0.9666666666666667,0.8332960900859082,0.9940914096183874,0.25788926666666667,2.291179,0.14121096666666666,0.1666877,0.0
hard_mu_0p6,box_align_contact_arc,mppi_hardmodel,256,30,30,1.0,0.8864866068260312,0.9999999999999999,0.27633453333333335,1.8791023333333332,0.18582883333333333,0.22037779999999998,0.0
hard_mu_0p6,box_align_contact_arc,mppi_hardmodel,512,30,29,0.9666666666666667,0.8332960900859082,0.9940914096183874,0.27203703333333334,1.8533283333333332,0.22814343333333334,0.27575635,0.0
hard_mu_0p6,box_align_contact_arc,soppi,128,30,13,0.43333333333333335,0.2737748557646652,0.6080269299918639,0.35814310000000005,5.607921,0.2735816,0.27666055,0.0
hard_mu_0p6,box_align_contact_arc,soppi,256,30,9,0.3,0.16664748268243793,0.47875787458714947,0.35385516666666667,5.189892,0.3814879666666667,0.38862055,0.0
hard_mu_0p6,box_align_contact_arc,soppi,512,30,11,0.36666666666666664,0.21873920806100708,0.5448643634520511,0.36011256666666663,4.714091,0.5929076,0.60211095,0.0
hard_mu_0p6,box_align_contact_arc,soppi_fast,128,30,19,0.6333333333333333,0.4551356365479487,0.7812607919389929,0.3229794266666667,4.330153666666666,1.2653846666666666,1.276191,0.0
hard_mu_0p6,box_align_contact_arc,soppi_fast,256,30,14,0.4666666666666667,0.30232388907699753,0.638577003801267,0.3346088333333333,4.594258999999999,1.3453423333333334,1.3509055,0.0
hard_mu_0p6,box_align_contact_arc,soppi_fast,512,30,15,0.5,0.33154125640533766,0.6684587435946623,0.3341307333333334,4.1204920000000005,1.5438286666666667,1.5502255,0.0
hard_mu_0p6,box_align_contact_loss,diff_mppi_1,128,30,16,0.5333333333333333,0.36142299619873297,0.6976761109230025,0.30463799999999996,4.529193666666667,0.8631384333333333,0.8702451499999999,0.0
hard_mu_0p6,box_align_contact_loss,diff_mppi_1,256,30,20,0.6666666666666666,0.4878005164454384,0.8076950191632386,0.2772763833333334,3.6520906666666666,0.8823843,0.8914373499999999,0.0
hard_mu_0p6,box_align_contact_loss,diff_mppi_1,512,30,18,0.6,0.42320360253322475,0.7540937188319815,0.28412113333333333,3.5281576666666665,0.9236279666666667,0.9325502000000001,0.0
hard_mu_0p6,box_align_contact_loss,diff_mppi_3,128,30,21,0.7,0.5212421254128504,0.8333525173175619,0.2813235333333333,3.7984316666666667,2.445834666666667,2.469308,0.0
hard_mu_0p6,box_align_contact_loss,diff_mppi_3,256,30,23,0.7666666666666667,0.5907167384187784,0.8820761185551049,0.2636827,3.2459693333333335,2.4605063333333335,2.4881035000000002,0.0
hard_mu_0p6,box_align_contact_loss,diff_mppi_3,512,30,23,0.7666666666666667,0.5907167384187784,0.8820761185551049,0.26428976666666665,2.967910666666667,2.4940743333333333,2.5246555,0.0
hard_mu_0p6,box_align_contact_loss,mppi,128,30,9,0.3,0.16664748268243793,0.47875787458714947,0.35490279999999996,5.8180320000000005,0.07715311,0.08547938999999999,0.0
hard_mu_0p6,box_align_contact_loss,mppi,256,30,12,0.4,0.24590628116801852,0.5767963974667752,0.3328662333333333,4.877206,0.10227967,0.11473434999999998,0.0
hard_mu_0p6,box_align_contact_loss,mppi,512,30,6,0.2,0.0950510717728987,0.3730569641314825,0.34713166666666667,5.091380333333333,0.14170226666666666,0.14851529999999996,0.0
hard_mu_0p6,box_align_contact_loss,mppi_hardmodel,128,30,26,0.8666666666666667,0.703186733179637,0.9469034451594526,0.2383344,2.6649556666666663,0.1441113,0.15280454999999998,0.0
hard_mu_0p6,box_align_contact_loss,mppi_hardmodel,256,30,25,0.8333333333333334,0.6643564949358398,0.9266345762815145,0.23424326666666667,2.2947813333333333,0.1764579,0.18894754999999996,0.0
hard_mu_0p6,box_align_contact_loss,mppi_hardmodel,512,30,27,0.9,0.7437891742081593,0.9654001112526658,0.24189719999999998,2.0720323333333335,0.22054986666666665,0.22988055000000002,0.0
hard_mu_0p6,box_align_contact_loss,soppi,128,30,12,0.4,0.24590628116801852,0.5767963974667752,0.31985386666666665,5.343534,0.2775585333333333,0.2869756,0.0
hard_mu_0p6,box_align_contact_loss,soppi,256,30,12,0.4,0.24590628116801852,0.5767963974667752,0.3392251,4.915754333333334,0.3754424,0.37919105,0.0
hard_mu_0p6,box_align_contact_loss,soppi,512,30,6,0.2,0.0950510717728987,0.3730569641314825,0.33774733333333334,4.9425066666666675,0.5916646666666666,0.60354035,0.0
hard_mu_0p6,box_align_contact_loss,soppi_fast,128,30,16,0.5333333333333333,0.36142299619873297,0.6976761109230025,0.30176463333333337,4.706051,1.2661156666666666,1.2778095,0.0
hard_mu_0p6,box_align_contact_loss,soppi_fast,256,30,15,0.5,0.33154125640533766,0.6684587435946623,0.3159463,4.287481333333333,1.3467446666666667,1.352923,0.0
hard_mu_0p6,box_align_contact_loss,soppi_fast,512,30,11,0.36666666666666664,0.21873920806100708,0.5448643634520511,0.3158237,4.5094710000000005,2.6058466666666664,4.384155,0.0
hard_mu_0p6,box_align_detour,diff_mppi_1,128,30,0,0.0,0.0,0.11351339317396876,0.5253811666666667,6.734843,1.196166,1.230982,26.533333333333335
hard_mu_0p6,box_align_detour,diff_mppi_1,256,30,0,0.0,0.0,0.11351339317396876,0.534088,6.988335333333334,1.231009,1.26162,43.766666666666666
hard_mu_0p6,box_align_detour,diff_mppi_1,512,30,0,0.0,0.0,0.11351339317396876,0.5572831333333333,7.276416,1.252316,1.2627329999999999,8.633333333333333
hard_mu_0p6,box_align_detour,diff_mppi_3,128,30,0,0.0,0.0,0.11351339317396876,0.5154794,6.434023333333333,3.3889110000000002,3.400401,8.133333333333333
hard_mu_0p6,box_align_detour,diff_mppi_3,256,30,0,0.0,0.0,0.11351339317396876,0.49674383333333333,6.632952666666667,3.428608666666667,3.484765,22.4
hard_mu_0p6,box_align_detour,diff_mppi_3,512,30,0,0.0,0.0,0.11351339317396876,0.5406977000000001,6.882797333333333,3.451557,3.459344,8.833333333333334
hard_mu_0p6,box_align_detour,mppi,128,30,0,0.0,0.0,0.11351339317396876,0.5440801666666667,7.710206666666666,0.11473542333333334,0.1408841,90.23333333333333
hard_mu_0p6,box_align_detour,mppi,256,30,0,0.0,0.0,0.11351339317396876,0.5344870666666667,7.489589666666666,0.1387127333333333,0.16397269999999997,74.3
hard_mu_0p6,box_align_detour,mppi,512,30,0,0.0,0.0,0.11351339317396876,0.5614191333333333,7.8101709999999995,0.17485946666666669,0.2013278,59.4
hard_mu_0p6,box_align_detour,mppi_hardmodel,128,30,11,0.36666666666666664,0.21873920806100708,0.5448643634520511,0.2389279,1.8428392666666666,0.1413692,0.15825345,1.1333333333333333
hard_mu_0p6,box_align_detour,mppi_hardmodel,256,30,7,0.23333333333333334,0.11792388144489496,0.40928326158122164,0.25165153333333334,2.0057142,0.15599743333333332,0.18423454999999997,0.6
hard_mu_0p6,box_align_detour,mppi_hardmodel,512,30,7,0.23333333333333334,0.11792388144489496,0.40928326158122164,0.2594426,2.155305433333333,0.21462403333333333,0.22533535,0.2
hard_mu_0p6,box_align_detour,soppi,128,30,0,0.0,0.0,0.11351339317396876,0.5217153666666666,7.335681666666667,0.38934420000000003,0.46029745,88.7
hard_mu_0p6,box_align_detour,soppi,256,30,0,0.0,0.0,0.11351339317396876,0.5330434000000001,7.694216666666667,0.49205773333333336,0.5643984499999999,100.76666666666667
hard_mu_0p6,box_align_detour,soppi,512,30,0,0.0,0.0,0.11351339317396876,0.5460275666666666,7.667869333333333,0.6914082,0.7852421999999999,54.7
hard_mu_0p6,box_align_detour,soppi_fast,128,30,0,0.0,0.0,0.11351339317396876,0.5552668666666667,7.962805333333334,1.7858206666666665,1.9127714999999998,79.23333333333333
hard_mu_0p6,box_align_detour,soppi_fast,256,30,0,0.0,0.0,0.11351339317396876,0.5259894333333334,7.215287666666667,1.844383,1.9709729999999999,82.4
hard_mu_0p6,box_align_detour,soppi_fast,512,30,0,0.0,0.0,0.11351339317396876,0.53750282,7.532817,2.0188623333333333,2.1804625,42.266666666666666
hard_mu_0p6,box_align_strict,diff_mppi_1,128,30,16,0.5333333333333333,0.36142299619873297,0.6976761109230025,0.31681153333333334,5.456603666666667,0.8651648333333333,0.88558285,0.0
hard_mu_0p6,box_align_strict,diff_mppi_1,256,30,18,0.6,0.42320360253322475,0.7540937188319815,0.2767575333333333,3.8636713333333335,0.8843987999999999,0.8944194999999999,0.0
hard_mu_0p6,box_align_strict,diff_mppi_1,512,30,21,0.7,0.5212421254128504,0.8333525173175619,0.2811856,3.3674373333333336,0.9245417333333333,0.9467336000000001,0.0
hard_mu_0p6,box_align_strict,diff_mppi_3,128,30,19,0.6333333333333333,0.4551356365479487,0.7812607919389929,0.2828174233333333,5.1924503333333325,3.715627333333333,6.8818635,0.0
hard_mu_0p6,box_align_strict,diff_mppi_3,256,30,20,0.6666666666666666,0.4878005164454384,0.8076950191632386,0.26125755,3.7167826666666666,2.4710786666666666,2.5126785000000003,0.0
hard_mu_0p6,box_align_strict,diff_mppi_3,512,30,24,0.8,0.6269430358685175,0.9049489282271013,0.2583517,3.121007,2.5084236666666664,2.5580665,0.0
hard_mu_0p6,box_align_strict,mppi,128,30,9,0.3,0.16664748268243793,0.47875787458714947,0.37531243333333336,6.329970666666667,0.08047178666666667,0.091090255,0.0
hard_mu_0p6,box_align_strict,mppi,256,30,10,0.3333333333333333,0.19230498083676134,0.5121994835545616,0.33097106666666665,4.72129,0.10305054666666667,0.10944894999999999,0.0
hard_mu_0p6,box_align_strict,mppi,512,30,10,0.3333333333333333,0.19230498083676134,0.5121994835545616,0.32849466666666666,4.353784666666667,0.13967636666666666,0.14839485,0.0
hard_mu_0p6,box_align_strict,mppi_hardmodel,128,30,22,0.7333333333333333,0.555520383048111,0.8581733668040368,0.22732570666666665,1.8471813,0.1199983,0.1358525,0.0
hard_mu_0p6,box_align_strict,mppi_hardmodel,256,30,19,0.6333333333333333,0.4551356365479487,0.7812607919389929,0.20917636666666667,1.4665315333333333,0.16672486666666667,0.18394285,0.0
hard_mu_0p6,box_align_strict,mppi_hardmodel,512,30,22,0.7333333333333333,0.555520383048111,0.8581733668040368,0.2165298,1.2320255,0.20857,0.22735174999999996,0.0
hard_mu_0p6,box_align_strict,soppi,128,30,12,0.4,0.24590628116801852,0.5767963974667752,0.3187139666666667,5.365072333333333,0.2579993666666667,0.26527515,0.0
hard_mu_0p6,box_align_strict,soppi,256,30,8,0.26666666666666666,0.14182663319596317,0.4444796169518888,0.3262902,4.357012999999999,0.36256536666666667,0.3758703,0.0
hard_mu_0p6,box_align_strict,soppi,512,30,10,0.3333333333333333,0.19230498083676134,0.5121994835545616,0.3326549333333333,3.959606,0.5722960666666667,0.58612905,0.0
hard_mu_0p6,box_align_strict,soppi_fast,128,30,13,0.43333333333333335,0.2737748557646652,0.6080269299918639,0.3276056666666667,4.890881333333334,1.23698,1.2597925,0.0
hard_mu_0p6,box_align_strict,soppi_fast,256,30,16,0.5333333333333333,0.36142299619873297,0.6976761109230025,0.30832903333333334,3.5058190000000002,1.3202523333333334,1.3360949999999998,0.0
hard_mu_0p6,box_align_strict,soppi_fast,512,30,18,0.6,0.42320360253322475,0.7540937188319815,0.3011475666666667,3.211173666666667,1.512421,1.5272275,0.0
hard_mu_0p6,box_swivel,diff_mppi_1,128,30,0,0.0,0.0,0.11351339317396876,0.3352979,3.0929066666666665,0.8467097666666666,0.8859914,0.0
hard_mu_0p6,box_swivel,diff_mppi_1,256,30,0,0.0,0.0,0.11351339317396876,0.3246331333333333,2.771466666666667,0.8783215333333333,0.8987366499999999,0.0
hard_mu_0p6,box_swivel,diff_mppi_1,512,30,0,0.0,0.0,0.11351339317396876,0.3221691,2.823637666666667,0.9354591333333333,0.96093805,0.0
hard_mu_0p6,box_swivel,diff_mppi_3,128,30,1,0.03333333333333333,0.005908590381612455,0.16670390991409173,0.33589583333333334,3.0867999999999998,2.3997046666666666,2.5115799999999995,0.0
hard_mu_0p6,box_swivel,diff_mppi_3,256,30,0,0.0,0.0,0.11351339317396876,0.3252615,2.774623,2.4930533333333336,2.6778359999999997,0.0
hard_mu_0p6,box_swivel,diff_mppi_3,512,30,0,0.0,0.0,0.11351339317396876,0.3211900333333333,2.802557,2.482899,2.5294714999999997,0.0
hard_mu_0p6,box_swivel,mppi,128,30,1,0.03333333333333333,0.005908590381612455,0.16670390991409173,0.3229616666666667,3.050738,0.07163774666666667,0.07448566,0.0
hard_mu_0p6,box_swivel,mppi,256,30,0,0.0,0.0,0.11351339317396876,0.3164706333333333,2.7231363333333336,0.12078933333333333,0.1319588,0.0
hard_mu_0p6,box_swivel,mppi,512,30,0,0.0,0.0,0.11351339317396876,0.3163877,2.7786150000000003,0.13652313333333332,0.14519749999999998,0.0
hard_mu_0p6,box_swivel,mppi_hardmodel,128,30,19,0.6333333333333333,0.4551356365479487,0.7812607919389929,0.23974336666666665,1.5450106666666665,0.11466705666666667,0.12652855,0.0
hard_mu_0p6,box_swivel,mppi_hardmodel,256,30,8,0.26666666666666666,0.14182663319596317,0.4444796169518888,0.23849033333333333,1.6466812333333334,0.1743911,0.1936599,0.0
hard_mu_0p6,box_swivel,mppi_hardmodel,512,30,2,0.06666666666666667,0.018477023791270378,0.2132345836261692,0.24622496666666666,1.6999955333333332,0.2111923,0.21913254999999998,0.0
hard_mu_0p6,box_swivel,soppi,128,30,0,0.0,0.0,0.11351339317396876,0.32838016666666664,3.016662666666667,0.25349703333333334,0.25732805,0.0
hard_mu_0p6,box_swivel,soppi,256,30,0,0.0,0.0,0.11351339317396876,0.31115583333333335,2.6313403333333336,0.36533376666666667,0.3735395,0.0
hard_mu_0p6,box_swivel,soppi,512,30,0,0.0,0.0,0.11351339317396876,0.3156292666666667,2.6419626666666667,0.5718507333333334,0.5779736,0.0
hard_mu_0p6,box_swivel,soppi_fast,128,30,0,0.0,0.0,0.11351339317396876,0.33384796666666666,2.9764823333333337,1.2163849999999998,1.24558,0.0
hard_mu_0p6,box_swivel,soppi_fast,256,30,0,0.0,0.0,0.11351339317396876,0.3153219,2.5988949999999997,1.3191786666666667,1.3472065,0.0
hard_mu_0p6,box_swivel,soppi_fast,512,30,0,0.0,0.0,0.11351339317396876,0.31710013333333337,2.5763979999999997,1.4978203333333333,1.513958,0.0
hard_mu_1p0,box_align_contact_arc,diff_mppi_1,128,30,12,0.4,0.24590628116801852,0.5767963974667752,0.35651703333333334,5.669037,0.8608308666666667,0.8673769,0.0
hard_mu_1p0,box_align_contact_arc,diff_mppi_1,256,30,15,0.5,0.33154125640533766,0.6684587435946623,0.3548902,4.898422666666666,0.8885393666666667,0.89666545,0.0
hard_mu_1p0,box_align_contact_arc,diff_mppi_1,512,30,18,0.6,0.42320360253322475,0.7540937188319815,0.33570049999999996,3.9260873333333333,0.9292912333333334,0.9384912000000001,0.0
hard_mu_1p0,box_align_contact_arc,diff_mppi_3,128,30,16,0.5333333333333333,0.36142299619873297,0.6976761109230025,0.3740195,5.321221333333333,2.4452593333333335,2.4664545,0.0
hard_mu_1p0,box_align_contact_arc,diff_mppi_3,256,30,16,0.5333333333333333,0.36142299619873297,0.6976761109230025,0.3128149333333334,4.35862,2.4662163333333336,2.4895785,0.0
hard_mu_1p0,box_align_contact_arc,diff_mppi_3,512,30,21,0.7,0.5212421254128504,0.8333525173175619,0.30290316666666667,3.309964,2.498608,2.5313005,0.0
hard_mu_1p0,box_align_contact_arc,mppi,128,30,12,0.4,0.24590628116801852,0.5767963974667752,0.37474823333333335,6.102012,0.08349553333333333,0.08979203,0.0
hard_mu_1p0,box_align_contact_arc,mppi,256,30,10,0.3333333333333333,0.19230498083676134,0.5121994835545616,0.3963706,5.641269666666667,0.10404057666666668,0.11201395,0.0
hard_mu_1p0,box_align_contact_arc,mppi,512,30,6,0.2,0.0950510717728987,0.3730569641314825,0.3813058,5.514771666666666,0.1504663333333333,0.15622884999999997,0.0
hard_mu_1p0,box_align_contact_arc,mppi_hardmodel,128,30,28,0.9333333333333333,0.7867654163738308,0.9815229762087295,0.2675394333333333,2.311129,0.14226803333333335,0.19778049999999994,0.0
hard_mu_1p0,box_align_contact_arc,mppi_hardmodel,256,30,30,1.0,0.8864866068260312,0.9999999999999999,0.2770709,1.882764,0.18160056666666666,0.22808939999999994,0.0
hard_mu_1p0,box_align_contact_arc,mppi_hardmodel,512,30,30,1.0,0.8864866068260312,0.9999999999999999,0.27232293333333335,1.7733196666666666,0.23319530000000002,0.27050199999999985,0.0
hard_mu_1p0,box_align_contact_arc,soppi,128,30,9,0.3,0.16664748268243793,0.47875787458714947,0.39863743333333335,6.639163999999999,0.27721096666666667,0.28746135,0.0
hard_mu_1p0,box_align_contact_arc,soppi,256,30,7,0.23333333333333334,0.11792388144489496,0.40928326158122164,0.39806936666666665,6.006579,0.3769629333333333,0.3857446,0.0
hard_mu_1p0,box_align_contact_arc,soppi,512,30,9,0.3,0.16664748268243793,0.47875787458714947,0.38853103333333333,5.286008333333333,0.5898700333333333,0.5983855499999999,0.0
hard_mu_1p0,box_align_contact_arc,soppi_fast,128,30,16,0.5333333333333333,0.36142299619873297,0.6976761109230025,0.3663204666666667,5.340874666666666,1.2638176666666667,1.2699045,0.0
hard_mu_1p0,box_align_contact_arc,soppi_fast,256,30,9,0.3,0.16664748268243793,0.47875787458714947,0.363908,5.543943666666666,1.3488963333333333,1.3546325,0.0
hard_mu_1p0,box_align_contact_arc,soppi_fast,512,30,13,0.43333333333333335,0.2737748557646652,0.6080269299918639,0.35816516666666665,4.655273666666667,1.5443276666666668,1.553179,0.0
hard_mu_1p0,box_align_contact_loss,diff_mppi_1,128,30,14,0.4666666666666667,0.30232388907699753,0.638577003801267,0.31792309999999996,4.9336,0.8685878333333333,0.8778415500000001,0.0
hard_mu_1p0,box_align_contact_loss,diff_mppi_1,256,30,17,0.5666666666666667,0.3919730700081361,0.7262251442353347,0.29709816666666666,4.237664,0.8871981000000001,0.89656125,0.0
hard_mu_1p0,box_align_contact_loss,diff_mppi_1,512,30,16,0.5333333333333333,0.36142299619873297,0.6976761109230025,0.30760149999999997,3.9631356666666666,0.9235536333333333,0.9333916499999999,0.0
hard_mu_1p0,box_align_contact_loss,diff_mppi_3,128,30,19,0.6333333333333333,0.4551356365479487,0.7812607919389929,0.29978676666666665,4.16125,2.4383293333333333,2.466546,0.0
hard_mu_1p0,box_align_contact_loss,diff_mppi_3,256,30,19,0.6333333333333333,0.4551356365479487,0.7812607919389929,0.28665803333333334,3.8096843333333337,2.4619546666666663,2.488702,0.0
hard_mu_1p0,box_align_contact_loss,diff_mppi_3,512,30,19,0.6333333333333333,0.4551356365479487,0.7812607919389929,0.27962326666666665,3.515395,2.4955773333333338,2.525287,0.0
hard_mu_1p0,box_align_contact_loss,mppi,128,30,7,0.23333333333333334,0.11792388144489496,0.40928326158122164,0.37859613333333336,6.459615666666666,0.08518710666666666,0.0900221,0.0
hard_mu_1p0,box_align_contact_loss,mppi,256,30,10,0.3333333333333333,0.19230498083676134,0.5121994835545616,0.37662663333333335,5.549821333333333,0.10481235,0.11538759999999998,0.0
hard_mu_1p0,box_align_contact_loss,mppi,512,30,4,0.13333333333333333,0.053096554840547455,0.296813266820363,0.38874523333333333,5.830266,0.14168353333333333,0.14622444999999998,0.0
hard_mu_1p0,box_align_contact_loss,mppi_hardmodel,128,30,30,1.0,0.8864866068260312,0.9999999999999999,0.2443427333333333,2.112322333333333,0.14739533333333332,0.15609479999999998,0.0
hard_mu_1p0,box_align_contact_loss,mppi_hardmodel,256,30,28,0.9333333333333333,0.7867654163738308,0.9815229762087295,0.2428029,2.246153,0.18988816666666666,0.2253369499999998,0.0
hard_mu_1p0,box_align_contact_loss,mppi_hardmodel,512,30,29,0.9666666666666667,0.8332960900859082,0.9940914096183874,0.24773019999999998,1.8685903333333334,0.22610646666666667,0.24507245,0.0
hard_mu_1p0,box_align_contact_loss,soppi,128,30,10,0.3333333333333333,0.19230498083676134,0.5121994835545616,0.35858983333333333,5.980009666666667,0.2769529333333333,0.29172465,0.0
hard_mu_1p0,box_align_contact_loss,soppi,256,30,7,0.23333333333333334,0.11792388144489496,0.40928326158122164,0.36891836666666666,5.5254780000000006,0.3765488,0.38317745,0.0
hard_mu_1p0,box_align_contact_loss,soppi,512,30,6,0.2,0.0950510717728987,0.3730569641314825,0.3824319666666666,5.504598333333333,0.5879244666666668,0.5951786499999999,0.0
hard_mu_1p0,box_align_contact_loss,soppi_fast,128,30,11,0.36666666666666664,0.21873920806100708,0.5448643634520511,0.3721075666666666,5.947066,1.2617346666666667,1.2672355,0.0
hard_mu_1p0,box_align_contact_loss,soppi_fast,256,30,14,0.4666666666666667,0.30232388907699753,0.638577003801267,0.3474252,4.751922333333334,1.3483726666666667,1.3573749999999998,0.0
hard_mu_1p0,box_align_contact_loss,soppi_fast,512,30,9,0.3,0.16664748268243793,0.47875787458714947,0.3439901,4.987120666666667,1.5402676666666666,1.5438070000000002,0.0
hard_mu_1p0,box_align_detour,diff_mppi_1,128,30,0,0.0,0.0,0.11351339317396876,0.6437043333333333,9.448156666666668,1.1874003333333334,1.195897,15.166666666666666
hard_mu_1p0,box_align_detour,diff_mppi_1,256,30,0,0.0,0.0,0.11351339317396876,0.6276718,8.952244333333335,1.2162513333333334,1.2237385,7.333333333333333
hard_mu_1p0,box_align_detour,diff_mppi_1,512,30,0,0.0,0.0,0.11351339317396876,0.6626668333333333,9.773029666666668,1.2483286666666666,1.252966,5.933333333333334
hard_mu_1p0,box_align_detour,diff_mppi_3,128,30,0,0.0,0.0,0.11351339317396876,0.6521387666666667,9.596053000000001,3.383673,3.395417,5.966666666666667
hard_mu_1p0,box_align_detour,diff_mppi_3,256,30,0,0.0,0.0,0.11351339317396876,0.6491703999999999,9.503068333333333,3.4099706666666667,3.4178065,6.266666666666667
hard_mu_1p0,box_align_detour,diff_mppi_3,512,30,0,0.0,0.0,0.11351339317396876,0.6597464,9.68389,3.451432666666667,3.457227,5.866666666666666
hard_mu_1p0,box_align_detour,mppi,128,30,0,0.0,0.0,0.11351339317396876,0.6247435666666666,9.115224666666668,0.09804330333333335,0.1213409,33.266666666666666
hard_mu_1p0,box_align_detour,mppi,256,30,0,0.0,0.0,0.11351339317396876,0.6523799666666666,9.832467000000001,0.11748023333333334,0.12678289999999998,11.633333333333333
hard_mu_1p0,box_align_detour,mppi,512,30,0,0.0,0.0,0.11351339317396876,0.6703580333333333,10.029750333333334,0.15797250000000002,0.16447035,7.3
hard_mu_1p0,box_align_detour,mppi_hardmodel,128,30,11,0.36666666666666664,0.21873920806100708,0.5448643634520511,0.2292519,1.5439044,0.12753519333333332,0.14467589999999997,3.0
hard_mu_1p0,box_align_detour,mppi_hardmodel,256,30,10,0.3333333333333333,0.19230498083676134,0.5121994835545616,0.23274073333333334,1.6288285999999998,0.16844936666666666,0.18369475000000002,2.0
hard_mu_1p0,box_align_detour,mppi_hardmodel,512,30,5,0.16666666666666666,0.0733654237184855,0.3356435050641603,0.243059,2.0031539,0.22713576666666666,0.2344884,1.4666666666666666
hard_mu_1p0,box_align_detour,soppi,128,30,0,0.0,0.0,0.11351339317396876,0.6452615666666667,9.714505666666666,0.34326223333333333,0.4145224999999998,34.0
hard_mu_1p0,box_align_detour,soppi,256,30,0,0.0,0.0,0.11351339317396876,0.6326940000000001,9.380325333333333,0.44907909999999995,0.5335036499999999,33.63333333333333
hard_mu_1p0,box_align_detour,soppi,512,30,0,0.0,0.0,0.11351339317396876,0.6687385333333334,10.023136333333333,0.6526516333333333,0.66352845,7.766666666666667
hard_mu_1p0,box_align_detour,soppi_fast,128,30,0,0.0,0.0,0.11351339317396876,0.6489275333333333,9.754202333333334,1.7033456666666666,1.872867,35.4
hard_mu_1p0,box_align_detour,soppi_fast,256,30,0,0.0,0.0,0.11351339317396876,0.6565660666666666,9.853172666666667,1.7578719999999999,1.760472,15.733333333333333
hard_mu_1p0,box_align_detour,soppi_fast,512,30,0,0.0,0.0,0.11351339317396876,0.6743761,10.129037,1.960847,1.9662025,15.0
hard_mu_1p0,box_align_strict,diff_mppi_1,128,30,13,0.43333333333333335,0.2737748557646652,0.6080269299918639,0.3786289,6.111579333333333,0.8650388,0.8883919499999999,0.0
hard_mu_1p0,box_align_strict,diff_mppi_1,256,30,15,0.5,0.33154125640533766,0.6684587435946623,0.3138502666666667,4.353322,0.8884168333333334,0.90279155,0.0
hard_mu_1p0,box_align_strict,diff_mppi_1,512,30,16,0.5333333333333333,0.36142299619873297,0.6976761109230025,0.3062651666666667,3.831320333333333,0.9245216,0.9440888000000001,0.0
hard_mu_1p0,box_align_strict,diff_mppi_3,128,30,17,0.5666666666666667,0.3919730700081361,0.7262251442353347,0.29693362,5.487546333333333,2.4592416666666663,2.523154,0.0
hard_mu_1p0,box_align_strict,diff_mppi_3,256,30,15,0.5,0.33154125640533766,0.6684587435946623,0.28842779,4.085717,2.5253326666666664,2.666995,0.0
hard_mu_1p0,box_align_strict,diff_mppi_3,512,30,19,0.6333333333333333,0.4551356365479487,0.7812607919389929,0.27865166,3.5301126666666667,2.5073073333333338,2.55832,0.0
hard_mu_1p0,box_align_strict,mppi,128,30,4,0.13333333333333333,0.053096554840547455,0.296813266820363,0.4300853,7.01027,0.07268016,0.07742977,0.0
hard_mu_1p0,box_align_strict,mppi,256,30,9,0.3,0.16664748268243793,0.47875787458714947,0.36680123333333337,5.156550999999999,0.18051666666666666,0.2221977,0.0
hard_mu_1p0,box_align_strict,mppi,512,30,7,0.23333333333333334,0.11792388144489496,0.40928326158122164,0.3651454333333334,4.857225333333333,0.14212360000000002,0.1503526,0.0
hard_mu_1p0,box_align_strict,mppi_hardmodel,128,30,26,0.8666666666666667,0.703186733179637,0.9469034451594526,0.22908954,1.6897869333333333,0.12126976333333334,0.1362427,0.0
hard_mu_1p0,box_align_strict,mppi_hardmodel,256,30,24,0.8,0.6269430358685175,0.9049489282271013,0.21168552666666668,1.3280315333333335,0.3337441333333333,0.5191086499999997,0.0
hard_mu_1p0,box_align_strict,mppi_hardmodel,512,30,24,0.8,0.6269430358685175,0.9049489282271013,0.22171416666666666,1.1977856666666666,0.2104365,0.22402325,0.0
hard_mu_1p0,box_align_strict,soppi,128,30,11,0.36666666666666664,0.21873920806100708,0.5448643634520511,0.3526098,5.719016,0.2547079333333333,0.26293175,0.0
hard_mu_1p0,box_align_strict,soppi,256,30,4,0.13333333333333333,0.053096554840547455,0.296813266820363,0.37635280000000004,5.055275666666668,0.40274433333333337,0.5764676499999999,0.0
hard_mu_1p0,box_align_strict,soppi,512,30,6,0.2,0.0950510717728987,0.3730569641314825,0.3637798,4.495482,0.5721066,0.5865958,0.0
hard_mu_1p0,box_align_strict,soppi_fast,128,30,12,0.4,0.24590628116801852,0.5767963974667752,0.36364996666666666,5.318341,1.2408686666666666,1.2605279999999999,0.0
hard_mu_1p0,box_align_strict,soppi_fast,256,30,11,0.36666666666666664,0.21873920806100708,0.5448643634520511,0.3376461,4.025046,1.3179926666666666,1.3428825,0.0
hard_mu_1p0,box_align_strict,soppi_fast,512,30,15,0.5,0.33154125640533766,0.6684587435946623,0.3269970333333333,3.5821073333333335,1.5105323333333334,1.5296465,0.0
hard_mu_1p0,box_swivel,diff_mppi_1,128,30,0,0.0,0.0,0.11351339317396876,0.3826294333333333,3.466521333333333,0.8475050333333333,0.8812456500000001,0.0
hard_mu_1p0,box_swivel,diff_mppi_1,256,30,0,0.0,0.0,0.11351339317396876,0.3766424333333333,3.246376666666667,0.8762212333333333,0.89890005,0.0
hard_mu_1p0,box_swivel,diff_mppi_1,512,30,0,0.0,0.0,0.11351339317396876,0.37689326666666667,3.289604666666667,0.9129567666666667,0.92747465,0.0
hard_mu_1p0,box_swivel,diff_mppi_3,128,30,1,0.03333333333333333,0.005908590381612455,0.16670390991409173,0.3789739,3.4546136666666665,2.400811,2.5147895,0.0
hard_mu_1p0,box_swivel,diff_mppi_3,256,30,0,0.0,0.0,0.11351339317396876,0.3755850333333333,3.2311126666666667,2.445507333333333,2.5130005,0.0
hard_mu_1p0,box_swivel,diff_mppi_3,512,30,0,0.0,0.0,0.11351339317396876,0.3831118666666667,3.3281976666666666,2.483211666666667,2.529166,0.0
hard_mu_1p0,box_swivel,mppi,128,30,1,0.03333333333333333,0.005908590381612455,0.16670390991409173,0.36182689999999995,3.34171,0.07425048666666667,0.08331574,0.0
hard_mu_1p0,box_swivel,mppi,256,30,0,0.0,0.0,0.11351339317396876,0.35934683333333334,3.098129,0.09426047666666666,0.10078163999999999,0.0
hard_mu_1p0,box_swivel,mppi,512,30,0,0.0,0.0,0.11351339317396876,0.36020166666666664,3.135449,0.1353847,0.1375464,0.0
hard_mu_1p0,box_swivel,mppi_hardmodel,128,30,20,0.6666666666666666,0.4878005164454384,0.8076950191632386,0.23729126666666664,1.5066633,0.12577126333333333,0.14155265,0.0
hard_mu_1p0,box_swivel,mppi_hardmodel,256,30,18,0.6,0.42320360253322475,0.7540937188319815,0.2329457,1.4101340333333332,0.1619727,0.17491825,0.0
hard_mu_1p0,box_swivel,mppi_hardmodel,512,30,6,0.2,0.0950510717728987,0.3730569641314825,0.23662953333333334,1.6014465333333334,0.21106386666666666,0.21743845,0.0
hard_mu_1p0,box_swivel,soppi,128,30,0,0.0,0.0,0.11351339317396876,0.3653303666666667,3.293335,0.25967033333333334,0.26560715,0.0
hard_mu_1p0,box_swivel,soppi,256,30,0,0.0,0.0,0.11351339317396876,0.3543669333333333,3.012592666666667,0.36012306666666666,0.36780075,0.0
hard_mu_1p0,box_swivel,soppi,512,30,0,0.0,0.0,0.11351339317396876,0.36179453333333333,3.039704,0.5686132333333334,0.5721069999999999,0.0
hard_mu_1p0,box_swivel,soppi_fast,128,30,0,0.0,0.0,0.11351339317396876,0.3692737,3.286083333333333,1.2171046666666667,1.2428605,0.0
hard_mu_1p0,box_swivel,soppi_fast,256,30,0,0.0,0.0,0.11351339317396876,0.37009033333333335,3.1058776666666663,1.309559,1.3312585,0.0
hard_mu_1p0,box_swivel,soppi_fast,512,30,0,0.0,0.0,0.11351339317396876,0.36932786666666667,3.0633086666666665,1.4933943333333335,1.5093155,0.0
nominal,box_align_contact_arc,diff_mppi_1,128,30,30,1.0,0.8864866068260312,0.9999999999999999,0.29531046666666666,2.9546443333333334,1.0422565,1.3518699999999995,0.0
nominal,box_align_contact_arc,diff_mppi_1,256,30,30,1.0,0.8864866068260312,0.9999999999999999,0.2943360333333333,2.796845,0.8644620666666667,0.87351585,0.0
nominal,box_align_contact_arc,diff_mppi_1,512,30,30,1.0,0.8864866068260312,0.9999999999999999,0.29588319999999996,2.752280333333333,0.8988625333333334,0.9056648999999999,0.0
nominal,box_align_contact_arc,diff_mppi_3,128,30,29,0.9666666666666667,0.8332960900859082,0.9940914096183874,0.29489813333333337,2.8712576666666667,2.3908066666666667,2.4159064999999997,0.0
nominal,box_align_contact_arc,diff_mppi_3,256,30,30,1.0,0.8864866068260312,0.9999999999999999,0.29366299999999995,2.643336666666667,2.3839853333333334,2.3952289999999996,0.0
nominal,box_align_contact_arc,diff_mppi_3,512,30,30,1.0,0.8864866068260312,0.9999999999999999,0.2930523666666666,2.6031193333333333,2.413527,2.422765,0.0
nominal,box_align_contact_arc,mppi,128,30,27,0.9,0.7437891742081593,0.9654001112526658,0.29859240000000004,3.6845406666666665,0.08938526000000001,0.095895615,0.0
nominal,box_align_contact_arc,mppi,256,30,30,1.0,0.8864866068260312,0.9999999999999999,0.2979521333333333,3.280088,0.10728982666666667,0.11472595,0.0
nominal,box_align_contact_arc,mppi,512,30,30,1.0,0.8864866068260312,0.9999999999999999,0.29810913333333333,3.195875666666667,0.13912076666666667,0.14198855,0.0
nominal,box_align_contact_arc,mppi_hardmodel,128,30,0,0.0,0.0,0.11351339317396876,0.9266549666666666,27.4587,0.1265634,0.13360055,0.0
nominal,box_align_contact_arc,mppi_hardmodel,256,30,0,0.0,0.0,0.11351339317396876,0.9142305666666667,23.566309999999998,0.13923776666666668,0.1544434,0.0
nominal,box_align_contact_arc,mppi_hardmodel,512,30,0,0.0,0.0,0.11351339317396876,0.9084177333333333,21.20900333333333,0.17511166666666667,0.18901045,0.0
nominal,box_align_contact_arc,soppi,128,30,27,0.9,0.7437891742081593,0.9654001112526658,0.29959739999999996,3.687157,0.2882213,0.29404525,0.0
nominal,box_align_contact_arc,soppi,256,30,29,0.9666666666666667,0.8332960900859082,0.9940914096183874,0.2986431333333333,3.2956356666666666,0.36950563333333336,0.37489340000000004,0.0
nominal,box_align_contact_arc,soppi,512,30,29,0.9666666666666667,0.8332960900859082,0.9940914096183874,0.29878853333333333,3.180876,0.5827610333333334,0.59224695,0.0
nominal,box_align_contact_arc,soppi_fast,128,30,30,1.0,0.8864866068260312,0.9999999999999999,0.29601263333333333,3.170587333333333,1.2494866666666666,1.2669639999999998,0.0
nominal,box_align_contact_arc,soppi_fast,256,30,30,1.0,0.8864866068260312,0.9999999999999999,0.2964862333333333,2.9812316666666665,1.3155353333333333,1.3159995,0.0
nominal,box_align_contact_arc,soppi_fast,512,30,30,1.0,0.8864866068260312,0.9999999999999999,0.29620566666666664,2.8900623333333333,1.5174456666666667,1.5215485,0.0
nominal,box_align_contact_loss,diff_mppi_1,128,30,28,0.9333333333333333,0.7867654163738308,0.9815229762087295,0.27702493333333333,3.0904456666666666,0.8486536,0.8573930000000001,0.0
nominal,box_align_contact_loss,diff_mppi_1,256,30,30,1.0,0.8864866068260312,0.9999999999999999,0.2754385,2.8665806666666667,0.8656823,0.87526495,0.0
nominal,box_align_contact_loss,diff_mppi_1,512,30,30,1.0,0.8864866068260312,0.9999999999999999,0.2767178,2.7885516666666663,0.9003295333333334,0.9066278999999999,0.0
nominal,box_align_contact_loss,diff_mppi_3,128,30,29,0.9666666666666667,0.8332960900859082,0.9940914096183874,0.2745691333333333,2.8361243333333332,2.388836,2.4119105000000003,0.0
nominal,box_align_contact_loss,diff_mppi_3,256,30,30,1.0,0.8864866068260312,0.9999999999999999,0.2737831666666667,2.7132513333333335,2.403360333333333,2.4199495,0.0
nominal,box_align_contact_loss,diff_mppi_3,512,30,30,1.0,0.8864866068260312,0.9999999999999999,0.2742373666666667,2.645872666666667,2.436503666666667,2.4476515,0.0
nominal,box_align_contact_loss,mppi,128,30,19,0.6333333333333333,0.4551356365479487,0.7812607919389929,0.28341930000000004,4.089069333333333,0.07910870666666667,0.09881137999999996,0.0
nominal,box_align_contact_loss,mppi,256,30,12,0.4,0.24590628116801852,0.5767963974667752,0.2840852333333333,4.209120333333334,0.10615650333333333,0.11163245000000001,0.0
nominal,box_align_contact_loss,mppi,512,30,13,0.43333333333333335,0.2737748557646652,0.6080269299918639,0.2840667333333334,3.974817333333333,0.14178316666666665,0.1483901,0.0
nominal,box_align_contact_loss,mppi_hardmodel,128,30,0,0.0,0.0,0.11351339317396876,0.9246749666666666,26.86768,0.11114573333333334,0.11757675,0.0
nominal,box_align_contact_loss,mppi_hardmodel,256,30,0,0.0,0.0,0.11351339317396876,0.9211372333333333,23.852790000000002,0.14441133333333334,0.15295494999999998,0.0
nominal,box_align_contact_loss,mppi_hardmodel,512,30,0,0.0,0.0,0.11351339317396876,0.9034169333333334,20.127776666666666,0.17461603333333334,0.19559500000000002,0.0
nominal,box_align_contact_loss,soppi,128,30,17,0.5666666666666667,0.3919730700081361,0.7262251442353347,0.2836419,4.235371333333333,0.2734488,0.28479034999999997,0.0
nominal,box_align_contact_loss,soppi,256,30,15,0.5,0.33154125640533766,0.6684587435946623,0.2838896,4.108413333333333,0.3729824,0.37730425,0.0
nominal,box_align_contact_loss,soppi,512,30,11,0.36666666666666664,0.21873920806100708,0.5448643634520511,0.28490376666666667,4.024228666666667,0.5808603,0.5888105,0.0
nominal,box_align_contact_loss,soppi_fast,128,30,23,0.7666666666666667,0.5907167384187784,0.8820761185551049,0.2805778,3.5333276666666666,1.2396673333333332,1.245796,0.0
nominal,box_align_contact_loss,soppi_fast,256,30,28,0.9333333333333333,0.7867654163738308,0.9815229762087295,0.27843243333333334,3.190798666666667,1.3198576666666668,1.3273305,0.0
nominal,box_align_contact_loss,soppi_fast,512,30,26,0.8666666666666667,0.703186733179637,0.9469034451594526,0.2781288666666667,3.143176,1.5288986666666666,1.5355575,0.0
nominal,box_align_detour,diff_mppi_1,128,30,0,0.0,0.0,0.11351339317396876,0.27989003333333334,2.6710623333333334,1.1738583333333332,1.1792035,0.0
nominal,box_align_detour,diff_mppi_1,256,30,0,0.0,0.0,0.11351339317396876,0.2683954333333334,2.5191893333333337,1.195641,1.2008774999999998,0.0
nominal,box_align_detour,diff_mppi_1,512,30,0,0.0,0.0,0.11351339317396876,0.2683941,2.5081596666666663,1.2345366666666666,1.239255,0.0
nominal,box_align_detour,diff_mppi_3,128,30,0,0.0,0.0,0.11351339317396876,0.26964710000000003,2.524271333333333,3.3541046666666663,3.3629629999999997,0.0
nominal,box_align_detour,diff_mppi_3,256,30,1,0.03333333333333333,0.005908590381612455,0.16670390991409173,0.2569634,2.3383696666666665,3.3742836666666665,3.3896455000000003,0.0
nominal,box_align_detour,diff_mppi_3,512,30,0,0.0,0.0,0.11351339317396876,0.2566449333333333,2.354760333333333,3.4150793333333334,3.4200679999999997,0.0
nominal,box_align_detour,mppi,128,30,0,0.0,0.0,0.11351339317396876,0.29937166666666665,2.9830680000000003,0.0878568,0.092696005,0.0
nominal,box_align_detour,mppi,256,30,0,0.0,0.0,0.11351339317396876,0.2943012,2.8830076666666664,0.1104774,0.12005745000000001,0.0
nominal,box_align_detour,mppi,512,30,0,0.0,0.0,0.11351339317396876,0.29775766666666664,2.901144,0.1490861,0.15591285,0.0
nominal,box_align_detour,mppi_hardmodel,128,30,0,0.0,0.0,0.11351339317396876,0.8251109,16.379143333333335,0.09658823333333334,0.10087775,0.0
nominal,box_align_detour,mppi_hardmodel,256,30,0,0.0,0.0,0.11351339317396876,0.8126180333333333,15.903663333333332,0.12401793333333333,0.1298623,0.0
nominal,box_align_detour,mppi_hardmodel,512,30,0,0.0,0.0,0.11351339317396876,0.7905011333333333,14.960606666666667,0.16136913333333333,0.16855779999999998,0.0
nominal,box_align_detour,soppi,128,30,0,0.0,0.0,0.11351339317396876,0.2994731666666667,2.994254666666667,0.32064833333333337,0.32348014999999997,0.0
nominal,box_align_detour,soppi,256,30,0,0.0,0.0,0.11351339317396876,0.29632660000000005,2.9140306666666667,0.430681,0.43991385000000005,0.0
nominal,box_align_detour,soppi,512,30,0,0.0,0.0,0.11351339317396876,0.2983245666666667,2.9168653333333334,0.642218,0.6472442,0.0
nominal,box_align_detour,soppi_fast,128,30,0,0.0,0.0,0.11351339317396876,0.287761,2.8217716666666663,1.6449503333333333,1.6498795,0.0
nominal,box_align_detour,soppi_fast,256,30,0,0.0,0.0,0.11351339317396876,0.28219406666666663,2.720833,1.7279146666666667,1.7489355,0.0
nominal,box_align_detour,soppi_fast,512,30,0,0.0,0.0,0.11351339317396876,0.28261200000000003,2.7146493333333335,1.9312433333333334,1.937472,0.0
nominal,box_align_strict,diff_mppi_1,128,30,29,0.9666666666666667,0.8332960900859082,0.9940914096183874,0.2945354333333333,5.067069,0.8582216,0.8822210500000001,0.0
nominal,box_align_strict,diff_mppi_1,256,30,30,1.0,0.8864866068260312,0.9999999999999999,0.2753349666666667,3.5662469999999997,0.8776998666666667,0.8955198999999999,0.0
nominal,box_align_strict,diff_mppi_1,512,30,30,1.0,0.8864866068260312,0.9999999999999999,0.2739003666666667,3.137039,0.9146013,0.931935,0.0
nominal,box_align_strict,diff_mppi_3,128,30,29,0.9666666666666667,0.8332960900859082,0.9940914096183874,0.292816,4.985168666666667,2.4347040000000004,2.506695,0.0
nominal,box_align_strict,diff_mppi_3,256,30,30,1.0,0.8864866068260312,0.9999999999999999,0.26830270000000006,3.50259,2.4434316666666667,2.492226,0.0
nominal,box_align_strict,diff_mppi_3,512,30,30,1.0,0.8864866068260312,0.9999999999999999,0.2712187333333333,3.0633093333333337,2.4863720000000002,2.5417495,0.0
nominal,box_align_strict,mppi,128,30,14,0.4666666666666667,0.30232388907699753,0.638577003801267,0.3250957666666666,5.834180666666667,0.07241510999999999,0.08490237999999999,0.0
nominal,box_align_strict,mppi,256,30,24,0.8,0.6269430358685175,0.9049489282271013,0.2810091,3.9770353333333333,0.09789194,0.100991665,0.0
nominal,box_align_strict,mppi,512,30,25,0.8333333333333334,0.6643564949358398,0.9266345762815145,0.2787153,3.5383373333333332,0.1534255,0.16860379999999997,0.0
nominal,box_align_strict,mppi_hardmodel,128,30,0,0.0,0.0,0.11351339317396876,0.8917297333333333,17.518353333333334,0.08942062666666667,0.09806446999999997,0.0
nominal,box_align_strict,mppi_hardmodel,256,30,0,0.0,0.0,0.11351339317396876,0.8959514666666667,17.676823333333335,0.12107593333333333,0.12442955,0.0
nominal,box_align_strict,mppi_hardmodel,512,30,0,0.0,0.0,0.11351339317396876,0.8958731,17.727096666666668,0.17875690000000002,0.19635614999999998,0.0
nominal,box_align_strict,soppi,128,30,18,0.6,0.42320360253322475,0.7540937188319815,0.28133696666666663,5.102235666666667,0.25847023333333335,0.26293869999999997,0.0
nominal,box_align_strict,soppi,256,30,24,0.8,0.6269430358685175,0.9049489282271013,0.2803485,3.5360153333333333,0.3643359333333333,0.36706405,0.0
nominal,box_align_strict,soppi,512,30,20,0.6666666666666666,0.4878005164454384,0.8076950191632386,0.2807748333333333,3.3163926666666668,0.5893718,0.60685925,0.0
nominal,box_align_strict,soppi_fast,128,30,24,0.8,0.6269430358685175,0.9049489282271013,0.2784482,4.255655333333333,1.232352,1.247261,0.0
nominal,box_align_strict,soppi_fast,256,30,29,0.9666666666666667,0.8332960900859082,0.9940914096183874,0.2759898333333333,2.9815793333333334,1.3133103333333334,1.3195375,0.0
nominal,box_align_strict,soppi_fast,512,30,30,1.0,0.8864866068260312,0.9999999999999999,0.27650159999999996,2.679946333333333,1.5296066666666666,1.5481075,0.0
nominal,box_swivel,diff_mppi_1,128,30,25,0.8333333333333334,0.6643564949358398,0.9266345762815145,0.25244553333333336,2.0820927,0.8697141666666667,0.9185246,0.0
nominal,box_swivel,diff_mppi_1,256,30,28,0.9333333333333333,0.7867654163738308,0.9815229762087295,0.22780330000000001,1.5437342333333333,0.8726059666666667,0.9130920499999999,0.0
nominal,box_swivel,diff_mppi_1,512,30,30,1.0,0.8864866068260312,0.9999999999999999,0.21142703333333335,1.5529748333333333,0.9110252333333333,0.9525242999999999,0.0
nominal,box_swivel,diff_mppi_3,128,30,25,0.8333333333333334,0.6643564949358398,0.9266345762815145,0.25061663333333334,2.069843166666667,2.3928670000000003,2.553327,0.0
nominal,box_swivel,diff_mppi_3,256,30,28,0.9333333333333333,0.7867654163738308,0.9815229762087295,0.22909973333333333,1.526094,2.4225686666666664,2.53354,0.0
nominal,box_swivel,diff_mppi_3,512,30,30,1.0,0.8864866068260312,0.9999999999999999,0.2126634,1.5352371,2.4570866666666666,2.5688364999999997,0.0
nominal,box_swivel,mppi,128,30,24,0.8,0.6269430358685175,0.9049489282271013,0.25442366666666666,2.119258933333333,0.09027596333333333,0.095600555,0.0
nominal,box_swivel,mppi,256,30,28,0.9333333333333333,0.7867654163738308,0.9815229762087295,0.2307902,1.5892773,0.10067236666666667,0.11114115,0.0
nominal,box_swivel,mppi,512,30,30,1.0,0.8864866068260312,0.9999999999999999,0.21504523333333334,1.6010938000000001,0.14023276666666668,0.14630205,0.0
nominal,box_swivel,mppi_hardmodel,128,30,21,0.7,0.5212421254128504,0.8333525173175619,0.23468353333333333,1.5509886,0.14651113333333335,0.15793269999999998,0.0
nominal,box_swivel,mppi_hardmodel,256,30,15,0.5,0.33154125640533766,0.6684587435946623,0.22409296666666664,1.4920828333333334,0.16924696666666667,0.1783153,0.0
nominal,box_swivel,mppi_hardmodel,512,30,3,0.1,0.03459988874733419,0.25621082579184085,0.22472713333333333,1.5164456666666666,0.21668963333333335,0.22320915000000002,0.0
nominal,box_swivel,soppi,128,30,26,0.8666666666666667,0.703186733179637,0.9469034451594526,0.24674623333333334,2.006955866666667,0.2831610666666667,0.2933652,0.0
nominal,box_swivel,soppi,256,30,29,0.9666666666666667,0.8332960900859082,0.9940914096183874,0.2240440333333333,1.4399355,0.36342926666666664,0.37081509999999995,0.0
nominal,box_swivel,soppi,512,30,30,1.0,0.8864866068260312,0.9999999999999999,0.2139373,1.3812742333333332,0.5742224,0.57958265,0.0
nominal,box_swivel,soppi_fast,128,30,26,0.8666666666666667,0.703186733179637,0.9469034451594526,0.2445767,1.8449397333333333,1.2426293333333334,1.3040384999999999,0.0
nominal,box_swivel,soppi_fast,256,30,29,0.9666666666666667,0.8332960900859082,0.9940914096183874,0.2213746,1.3147819333333333,1.3135526666666666,1.3475169999999999,0.0
nominal,box_swivel,soppi_fast,512,30,30,1.0,0.8864866068260312,0.9999999999999999,0.2133558,1.2227904333333333,1.504334,1.533769,0.0
size_0p9,box_align_contact_arc,diff_mppi_1,128,30,30,1.0,0.8864866068260312,0.9999999999999999,0.29646126666666667,3.323080666666667,0.8573500666666667,0.8736736,0.0
size_0p9,box_align_contact_arc,diff_mppi_1,256,30,30,1.0,0.8864866068260312,0.9999999999999999,0.29622233333333337,3.1569496666666668,0.8830301666666667,0.8889782500000001,0.0
size_0p9,box_align_contact_arc,diff_mppi_1,512,30,30,1.0,0.8864866068260312,0.9999999999999999,0.29613233333333333,3.1007423333333337,0.9197012,0.92320745,0.0
size_0p9,box_align_contact_arc,diff_mppi_3,128,30,30,1.0,0.8864866068260312,0.9999999999999999,0.2949151,3.1035763333333337,2.424197,2.4424669999999997,0.0
size_0p9,box_align_contact_arc,diff_mppi_3,256,30,30,1.0,0.8864866068260312,0.9999999999999999,0.2951118,2.9723076666666666,2.441064,2.452042,0.0
size_0p9,box_align_contact_arc,diff_mppi_3,512,30,30,1.0,0.8864866068260312,0.9999999999999999,0.29482506666666664,2.932182333333333,2.4746046666666666,2.4838739999999997,0.0
size_0p9,box_align_contact_arc,mppi,128,30,28,0.9333333333333333,0.7867654163738308,0.9815229762087295,0.29842963333333333,4.1076733333333335,0.07708775333333334,0.08293460999999999,0.0
size_0p9,box_align_contact_arc,mppi,256,30,30,1.0,0.8864866068260312,0.9999999999999999,0.29848926666666664,3.7736333333333336,0.10227778000000001,0.1138949,0.0
size_0p9,box_align_contact_arc,mppi,512,30,30,1.0,0.8864866068260312,0.9999999999999999,0.2987953,3.6703896666666664,0.1479088,0.1540203,0.0
size_0p9,box_align_contact_arc,mppi_hardmodel,128,30,0,0.0,0.0,0.11351339317396876,0.9130629333333334,24.61961,0.11023756666666666,0.11595965,0.0
size_0p9,box_align_contact_arc,mppi_hardmodel,256,30,0,0.0,0.0,0.11351339317396876,0.9211582666666666,23.483836666666665,0.14803336666666667,0.15719715,0.0
size_0p9,box_align_contact_arc,mppi_hardmodel,512,30,0,0.0,0.0,0.11351339317396876,0.9134368666666667,21.897873333333333,0.18705436666666667,0.1998998,0.0
size_0p9,box_align_contact_arc,soppi,128,30,27,0.9,0.7437891742081593,0.9654001112526658,0.2985733,4.128516,0.2731204,0.2748648,0.0
size_0p9,box_align_contact_arc,soppi,256,30,30,1.0,0.8864866068260312,0.9999999999999999,0.2987660333333333,3.7349053333333333,0.38028076666666666,0.38656904999999997,0.0
size_0p9,box_align_contact_arc,soppi,512,30,28,0.9333333333333333,0.7867654163738308,0.9815229762087295,0.2987772,3.717223666666667,0.5937202,0.5985649,0.0
size_0p9,box_align_contact_arc,soppi_fast,128,30,30,1.0,0.8864866068260312,0.9999999999999999,0.2963478666666666,3.598218666666667,1.2586253333333335,1.2632825,0.0
size_0p9,box_align_contact_arc,soppi_fast,256,30,30,1.0,0.8864866068260312,0.9999999999999999,0.2975721666666667,3.4023173333333334,1.340254,1.3441779999999999,0.0
size_0p9,box_align_contact_arc,soppi_fast,512,30,30,1.0,0.8864866068260312,0.9999999999999999,0.2976062,3.315562,1.5381186666666666,1.5423665,0.0
size_0p9,box_align_contact_loss,diff_mppi_1,128,30,27,0.9,0.7437891742081593,0.9654001112526658,0.2774676,3.496909,0.8559049666666667,0.8637462,0.0
size_0p9,box_align_contact_loss,diff_mppi_1,256,30,30,1.0,0.8864866068260312,0.9999999999999999,0.2765241333333333,3.243529,0.8811335333333333,0.88638685,0.0
size_0p9,box_align_contact_loss,diff_mppi_1,512,30,30,1.0,0.8864866068260312,0.9999999999999999,0.27660746666666663,3.1563486666666667,0.9222926333333333,0.9295385,0.0
size_0p9,box_align_contact_loss,diff_mppi_3,128,30,30,1.0,0.8864866068260312,0.9999999999999999,0.27680363333333335,3.0829283333333333,2.4319599999999997,2.45499,0.0
size_0p9,box_align_contact_loss,diff_mppi_3,256,30,30,1.0,0.8864866068260312,0.9999999999999999,0.2745099,3.0460626666666664,2.437400666666667,2.4524885000000003,0.0
size_0p9,box_align_contact_loss,diff_mppi_3,512,30,30,1.0,0.8864866068260312,0.9999999999999999,0.2760573,2.981546333333333,2.4728463333333335,2.4866045000000003,0.0
size_0p9,box_align_contact_loss,mppi,128,30,11,0.36666666666666664,0.21873920806100708,0.5448643634520511,0.28452886666666666,4.848955666666667,0.08145468333333333,0.087582725,0.0
size_0p9,box_align_contact_loss,mppi,256,30,11,0.36666666666666664,0.21873920806100708,0.5448643634520511,0.2852014666666667,4.607171333333333,0.10098307666666666,0.1048837,0.0
size_0p9,box_align_contact_loss,mppi,512,30,10,0.3333333333333333,0.19230498083676134,0.5121994835545616,0.28471473333333336,4.520701333333333,0.14060309999999998,0.1442693,0.0
size_0p9,box_align_contact_loss,mppi_hardmodel,128,30,0,0.0,0.0,0.11351339317396876,0.9130478333333334,24.162403333333334,0.11385666666666668,0.12322090000000001,0.0
size_0p9,box_align_contact_loss,mppi_hardmodel,256,30,0,0.0,0.0,0.11351339317396876,0.9070124333333334,23.002336666666668,0.143836,0.15123419999999999,0.0
size_0p9,box_align_contact_loss,mppi_hardmodel,512,30,0,0.0,0.0,0.11351339317396876,0.9080035666666666,21.283849999999997,0.18285563333333332,0.19697,0.0
size_0p9,box_align_contact_loss,soppi,128,30,14,0.4666666666666667,0.30232388907699753,0.638577003801267,0.2834807666666667,4.697231,0.2754954,0.2842186,0.0
size_0p9,box_align_contact_loss,soppi,256,30,10,0.3333333333333333,0.19230498083676134,0.5121994835545616,0.2857163,4.616699,0.3808526666666667,0.38752549999999997,0.0
size_0p9,box_align_contact_loss,soppi,512,30,6,0.2,0.0950510717728987,0.3730569641314825,0.28596366666666667,4.563559,0.5952034666666666,0.6031674499999999,0.0
size_0p9,box_align_contact_loss,soppi_fast,128,30,23,0.7666666666666667,0.5907167384187784,0.8820761185551049,0.2802637333333333,3.937989,1.2591713333333334,1.264389,0.0
size_0p9,box_align_contact_loss,soppi_fast,256,30,23,0.7666666666666667,0.5907167384187784,0.8820761185551049,0.2803490666666667,3.795020666666667,1.3425053333333332,1.3542699999999999,0.0
size_0p9,box_align_contact_loss,soppi_fast,512,30,28,0.9333333333333333,0.7867654163738308,0.9815229762087295,0.27891126666666666,3.462251,1.5402456666666666,1.5440995,0.0
size_0p9,box_align_detour,diff_mppi_1,128,30,0,0.0,0.0,0.11351339317396876,0.2727174,2.788005333333333,1.1831586666666667,1.1886625,0.0
size_0p9,box_align_detour,diff_mppi_1,256,30,0,0.0,0.0,0.11351339317396876,0.26585533333333333,2.6983786666666663,1.217188,1.2398790000000002,0.0
size_0p9,box_align_detour,diff_mppi_1,512,30,0,0.0,0.0,0.11351339317396876,0.264104,2.666284666666667,1.2484646666666668,1.252647,0.0
size_0p9,box_align_detour,diff_mppi_3,128,30,0,0.0,0.0,0.11351339317396876,0.2662288666666667,2.6822976666666665,3.379862,3.3854425,0.0
size_0p9,box_align_detour,diff_mppi_3,256,30,0,0.0,0.0,0.11351339317396876,0.25238853333333333,2.5203023333333334,3.401822,3.4044565,0.0
size_0p9,box_align_detour,diff_mppi_3,512,30,0,0.0,0.0,0.11351339317396876,0.2525887333333333,2.510481,3.440953,3.4472189999999996,0.0
size_0p9,box_align_detour,mppi,128,30,0,0.0,0.0,0.11351339317396876,0.2956682,3.1910853333333336,0.08674138333333332,0.088748655,0.0
size_0p9,box_align_detour,mppi,256,30,0,0.0,0.0,0.11351339317396876,0.2910473,3.1035973333333335,0.1111743,0.11454339999999999,0.0
size_0p9,box_align_detour,mppi,512,30,0,0.0,0.0,0.11351339317396876,0.2935074666666667,3.1062916666666665,0.15649596666666668,0.16225479999999998,0.0
size_0p9,box_align_detour,mppi_hardmodel,128,30,0,0.0,0.0,0.11351339317396876,0.8316956,17.166626666666666,0.09620771,0.10148996499999999,0.0
size_0p9,box_align_detour,mppi_hardmodel,256,30,0,0.0,0.0,0.11351339317396876,0.8380855333333332,17.385873333333333,0.12652173333333333,0.13031765,0.0
size_0p9,box_align_detour,mppi_hardmodel,512,30,0,0.0,0.0,0.11351339317396876,0.8225845666666667,16.525616666666668,0.1712669666666667,0.19113215,0.0
size_0p9,box_align_detour,soppi,128,30,0,0.0,0.0,0.11351339317396876,0.29615080000000005,3.2101946666666668,0.32506223333333334,0.32888525,0.0
size_0p9,box_align_detour,soppi,256,30,0,0.0,0.0,0.11351339317396876,0.2919893333333333,3.128765,0.4278036,0.4315069,0.0
size_0p9,box_align_detour,soppi,512,30,0,0.0,0.0,0.11351339317396876,0.29510706666666664,3.1431823333333333,0.6543966333333333,0.6619036,0.0
size_0p9,box_align_detour,soppi_fast,128,30,0,0.0,0.0,0.11351339317396876,0.2836035,3.0037143333333334,1.661848,1.675487,0.0
size_0p9,box_align_detour,soppi_fast,256,30,0,0.0,0.0,0.11351339317396876,0.27835366666666667,2.911614,1.7436153333333333,1.7523775000000001,0.0
size_0p9,box_align_detour,soppi_fast,512,30,0,0.0,0.0,0.11351339317396876,0.2794871666666667,2.9103776666666668,1.9586486666666665,1.9667015,0.0
size_0p9,box_align_strict,diff_mppi_1,128,30,29,0.9666666666666667,0.8332960900859082,0.9940914096183874,0.2977695666666667,5.342588,0.8651226666666666,0.8953544499999999,0.0
size_0p9,box_align_strict,diff_mppi_1,256,30,30,1.0,0.8864866068260312,0.9999999999999999,0.2754023333333333,3.845568,0.8833018333333332,0.89926765,0.0
size_0p9,box_align_strict,diff_mppi_1,512,30,30,1.0,0.8864866068260312,0.9999999999999999,0.27531239999999996,3.4221483333333333,0.9181968666666667,0.9342600999999999,0.0
size_0p9,box_align_strict,diff_mppi_3,128,30,28,0.9333333333333333,0.7867654163738308,0.9815229762087295,0.2959231666666666,5.240742666666667,2.4481476666666664,2.5179824999999996,0.0
size_0p9,box_align_strict,diff_mppi_3,256,30,30,1.0,0.8864866068260312,0.9999999999999999,0.2718798,3.77684,2.458897,2.5006775,0.0
size_0p9,box_align_strict,diff_mppi_3,512,30,30,1.0,0.8864866068260312,0.9999999999999999,0.27178009999999997,3.3252949999999997,2.4964956666666667,2.5413295,0.0
size_0p9,box_align_strict,mppi,128,30,16,0.5333333333333333,0.36142299619873297,0.6976761109230025,0.32529756666666665,6.097991666666667,0.07838683666666667,0.084482535,0.0
size_0p9,box_align_strict,mppi,256,30,19,0.6333333333333333,0.4551356365479487,0.7812607919389929,0.2810741333333333,4.473365666666667,0.1007527,0.1029136,0.0
size_0p9,box_align_strict,mppi,512,30,19,0.6333333333333333,0.4551356365479487,0.7812607919389929,0.2810008666666667,4.127633,0.14277063333333334,0.14896995,0.0
size_0p9,box_align_strict,mppi_hardmodel,128,30,0,0.0,0.0,0.11351339317396876,0.8994407666666666,17.820553333333333,0.09641187666666666,0.10286295,0.0
size_0p9,box_align_strict,mppi_hardmodel,256,30,0,0.0,0.0,0.11351339317396876,0.9072649333333334,18.16836,0.12284776666666668,0.1277841,0.0
size_0p9,box_align_strict,mppi_hardmodel,512,30,0,0.0,0.0,0.11351339317396876,0.8987643666666667,17.786603333333336,0.16288519999999998,0.17164464999999998,0.0
size_0p9,box_align_strict,soppi,128,30,18,0.6,0.42320360253322475,0.7540937188319815,0.2816163666666667,5.457890000000001,0.26684443333333335,0.27511304999999997,0.0
size_0p9,box_align_strict,soppi,256,30,20,0.6666666666666666,0.4878005164454384,0.8076950191632386,0.2814928333333333,4.067696333333333,0.36597303333333336,0.36903435000000007,0.0
size_0p9,box_align_strict,soppi,512,30,14,0.4666666666666667,0.30232388907699753,0.638577003801267,0.28181706666666667,3.9094573333333336,0.5820614333333334,0.5887537,0.0
size_0p9,box_align_strict,soppi_fast,128,30,27,0.9,0.7437891742081593,0.9654001112526658,0.2793173666666667,4.505626333333334,1.2468593333333333,1.2646735000000002,0.0
size_0p9,box_align_strict,soppi_fast,256,30,28,0.9333333333333333,0.7867654163738308,0.9815229762087295,0.2783416666666667,3.351439,1.3223610000000001,1.331931,0.0
size_0p9,box_align_strict,soppi_fast,512,30,28,0.9333333333333333,0.7867654163738308,0.9815229762087295,0.2779858,3.0843476666666665,1.521638,1.5294344999999998,0.0
size_0p9,box_swivel,diff_mppi_1,128,30,25,0.8333333333333334,0.6643564949358398,0.9266345762815145,0.2521251333333333,2.1105853666666667,0.8436104333333333,0.8943679499999999,0.0
size_0p9,box_swivel,diff_mppi_1,256,30,28,0.9333333333333333,0.7867654163738308,0.9815229762087295,0.2295949,1.5755515333333332,0.8900642333333334,0.9301229999999999,0.0
size_0p9,box_swivel,diff_mppi_1,512,30,30,1.0,0.8864866068260312,0.9999999999999999,0.21394883333333334,1.5877439666666668,0.9111752666666667,0.94666655,0.0
size_0p9,box_swivel,diff_mppi_3,128,30,25,0.8333333333333334,0.6643564949358398,0.9266345762815145,0.2507103,2.0973794666666667,2.387350333333333,2.5411695,0.0
size_0p9,box_swivel,diff_mppi_3,256,30,28,0.9333333333333333,0.7867654163738308,0.9815229762087295,0.22845436666666666,1.5577234666666666,2.47316,2.578699,0.0
size_0p9,box_swivel,diff_mppi_3,512,30,30,1.0,0.8864866068260312,0.9999999999999999,0.21318216666666664,1.5701359666666665,2.46427,2.5822655,0.0
size_0p9,box_swivel,mppi,128,30,24,0.8,0.6269430358685175,0.9049489282271013,0.25689113333333335,2.1529672,0.08757972333333333,0.093957005,0.0
size_0p9,box_swivel,mppi,256,30,28,0.9333333333333333,0.7867654163738308,0.9815229762087295,0.2314734,1.6288266666666666,0.1399355,0.18194439999999992,0.0
size_0p9,box_swivel,mppi,512,30,30,1.0,0.8864866068260312,0.9999999999999999,0.21528833333333336,1.6422624,0.13985183333333331,0.1475652,0.0
size_0p9,box_swivel,mppi_hardmodel,128,30,23,0.7666666666666667,0.5907167384187784,0.8820761185551049,0.25753936666666666,2.0186307333333335,0.13253831333333335,0.1572994,0.0
size_0p9,box_swivel,mppi_hardmodel,256,30,21,0.7,0.5212421254128504,0.8333525173175619,0.22768066666666667,1.6863004333333333,0.19226016666666668,0.2158514,0.0
size_0p9,box_swivel,mppi_hardmodel,512,30,6,0.2,0.0950510717728987,0.3730569641314825,0.22322346666666668,1.8228573333333336,0.2087669,0.21776489999999998,0.0
size_0p9,box_swivel,soppi,128,30,25,0.8333333333333334,0.6643564949358398,0.9266345762815145,0.2478961,2.042531566666667,0.281433,0.2934358,0.0
size_0p9,box_swivel,soppi,256,30,29,0.9666666666666667,0.8332960900859082,0.9940914096183874,0.22345913333333334,1.4815254666666666,0.3884358666666667,0.44036949999999986,0.0
size_0p9,box_swivel,soppi,512,30,30,1.0,0.8864866068260312,0.9999999999999999,0.21642386666666666,1.4224177666666666,0.5797576666666667,0.58695725,0.0
size_0p9,box_swivel,soppi_fast,128,30,26,0.8666666666666667,0.703186733179637,0.9469034451594526,0.24408273333333333,1.8789271666666667,1.238553,1.2836720000000001,0.0
size_0p9,box_swivel,soppi_fast,256,30,29,0.9666666666666667,0.8332960900859082,0.9940914096183874,0.2227405,1.3535669000000001,1.3240123333333333,1.3528835,0.0
size_0p9,box_swivel,soppi_fast,512,30,30,1.0,0.8864866068260312,0.9999999999999999,0.21560216666666668,1.2618359666666665,1.5085046666666666,1.5391445,0.0
size_1p1,box_align_contact_arc,diff_mppi_1,128,30,30,1.0,0.8864866068260312,0.9999999999999999,0.29439506666666665,2.8491516666666663,0.8546685333333334,0.86657425,0.0
size_1p1,box_align_contact_arc,diff_mppi_1,256,30,30,1.0,0.8864866068260312,0.9999999999999999,0.2946459,2.653113666666667,0.8837126000000001,0.889672,0.0
size_1p1,box_align_contact_arc,diff_mppi_1,512,30,30,1.0,0.8864866068260312,0.9999999999999999,0.2940080333333333,2.5625356666666668,0.9298169666666667,0.9394390499999999,0.0
size_1p1,box_align_contact_arc,diff_mppi_3,128,30,30,1.0,0.8864866068260312,0.9999999999999999,0.2944363,2.7359793333333333,2.433986,2.460865,0.0
size_1p1,box_align_contact_arc,diff_mppi_3,256,30,30,1.0,0.8864866068260312,0.9999999999999999,0.29215413333333334,2.595773,2.4468436666666666,2.4631835,0.0
size_1p1,box_align_contact_arc,diff_mppi_3,512,30,30,1.0,0.8864866068260312,0.9999999999999999,0.2918821,2.4547233333333334,2.4877326666666666,2.5029745,0.0
size_1p1,box_align_contact_arc,mppi,128,30,27,0.9,0.7437891742081593,0.9654001112526658,0.29767663333333333,3.5089479999999997,0.08184957666666667,0.09363470499999998,0.0
size_1p1,box_align_contact_arc,mppi,256,30,30,1.0,0.8864866068260312,0.9999999999999999,0.29774266666666666,3.043263,0.10963189999999999,0.12218045,0.0
size_1p1,box_align_contact_arc,mppi,512,30,30,1.0,0.8864866068260312,0.9999999999999999,0.2975623,2.957822,0.14748489999999997,0.1569117,0.0
size_1p1,box_align_contact_arc,mppi_hardmodel,128,30,0,0.0,0.0,0.11351339317396876,0.9192951666666667,27.685440000000003,0.11282611666666667,0.12495210000000001,0.0
size_1p1,box_align_contact_arc,mppi_hardmodel,256,30,0,0.0,0.0,0.11351339317396876,0.9026214666666666,21.564016666666664,0.13456923333333334,0.1521044,0.0
size_1p1,box_align_contact_arc,mppi_hardmodel,512,30,0,0.0,0.0,0.11351339317396876,0.8995094666666666,19.25421,0.17131436666666666,0.18428989999999995,0.0
size_1p1,box_align_contact_arc,soppi,128,30,27,0.9,0.7437891742081593,0.9654001112526658,0.29934133333333335,3.4740506666666664,0.2761540666666667,0.2800169,0.0
size_1p1,box_align_contact_arc,soppi,256,30,28,0.9333333333333333,0.7867654163738308,0.9815229762087295,0.2973732666666667,3.1259316666666668,0.3795602,0.38568635,0.0
size_1p1,box_align_contact_arc,soppi,512,30,29,0.9666666666666667,0.8332960900859082,0.9940914096183874,0.2978733666666667,2.967896,0.5957492666666667,0.60315745,0.0
size_1p1,box_align_contact_arc,soppi_fast,128,30,30,1.0,0.8864866068260312,0.9999999999999999,0.29592803333333334,2.950387,1.2639743333333333,1.2721040000000001,0.0
size_1p1,box_align_contact_arc,soppi_fast,256,30,29,0.9666666666666667,0.8332960900859082,0.9940914096183874,0.2964503333333333,2.8148926666666667,1.3481643333333333,1.3557295,0.0
size_1p1,box_align_contact_arc,soppi_fast,512,30,30,1.0,0.8864866068260312,0.9999999999999999,0.29646273333333334,2.6705433333333333,1.5464533333333332,1.551577,0.0
size_1p1,box_align_contact_loss,diff_mppi_1,128,30,28,0.9333333333333333,0.7867654163738308,0.9815229762087295,0.27463413333333336,2.9386643333333335,0.8679029333333333,0.8883587,0.0
size_1p1,box_align_contact_loss,diff_mppi_1,256,30,30,1.0,0.8864866068260312,0.9999999999999999,0.2737813333333333,2.690565,0.8810929000000001,0.8921699,0.0
size_1p1,box_align_contact_loss,diff_mppi_1,512,30,30,1.0,0.8864866068260312,0.9999999999999999,0.27514449999999996,2.5907150000000003,0.9245161333333333,0.9325515,0.0
size_1p1,box_align_contact_loss,diff_mppi_3,128,30,27,0.9,0.7437891742081593,0.9654001112526658,0.27480573333333336,3.1224183333333335,2.4793983333333336,2.6038524999999995,0.0
size_1p1,box_align_contact_loss,diff_mppi_3,256,30,27,0.9,0.7437891742081593,0.9654001112526658,0.2748840666666667,2.948076,2.4676166666666663,2.5200519999999997,0.0
size_1p1,box_align_contact_loss,diff_mppi_3,512,30,30,1.0,0.8864866068260312,0.9999999999999999,0.27370059999999996,2.4626303333333337,2.4788473333333334,2.4884705,0.0
size_1p1,box_align_contact_loss,mppi,128,30,20,0.6666666666666666,0.4878005164454384,0.8076950191632386,0.282767,4.005529999999999,1.0055599333333334,1.19647,0.0
size_1p1,box_align_contact_loss,mppi,256,30,18,0.6,0.42320360253322475,0.7540937188319815,0.28112703333333333,3.878254333333333,0.10313396000000001,0.1159023,0.0
size_1p1,box_align_contact_loss,mppi,512,30,17,0.5666666666666667,0.3919730700081361,0.7262251442353347,0.2823866,3.760479666666667,0.14067463333333335,0.14833314999999997,0.0
size_1p1,box_align_contact_loss,mppi_hardmodel,128,30,0,0.0,0.0,0.11351339317396876,0.9239481666666667,27.06247,0.1735908,0.5594350499999978,0.0
size_1p1,box_align_contact_loss,mppi_hardmodel,256,30,0,0.0,0.0,0.11351339317396876,0.9207598666666666,23.421316666666666,0.13590470000000002,0.15399925,0.0
size_1p1,box_align_contact_loss,mppi_hardmodel,512,30,0,0.0,0.0,0.11351339317396876,0.8981080333333333,19.14814,0.17029149999999998,0.18792034999999996,0.0
size_1p1,box_align_contact_loss,soppi,128,30,18,0.6,0.42320360253322475,0.7540937188319815,0.282847,4.113489333333333,0.2823082666666667,0.2899215,0.0
size_1p1,box_align_contact_loss,soppi,256,30,19,0.6333333333333333,0.4551356365479487,0.7812607919389929,0.2816713,3.8239923333333334,0.3819349666666667,0.39148499999999997,0.0
size_1p1,box_align_contact_loss,soppi,512,30,13,0.43333333333333335,0.2737748557646652,0.6080269299918639,0.2832752,3.856314,0.5939049666666667,0.6039843,0.0
size_1p1,box_align_contact_loss,soppi_fast,128,30,25,0.8333333333333334,0.6643564949358398,0.9266345762815145,0.2803827333333333,3.2935016666666663,1.2641236666666666,1.2725455,0.0
size_1p1,box_align_contact_loss,soppi_fast,256,30,28,0.9333333333333333,0.7867654163738308,0.9815229762087295,0.2766170333333333,2.9723553333333332,1.3449579999999999,1.3516875000000002,0.0
size_1p1,box_align_contact_loss,soppi_fast,512,30,28,0.9333333333333333,0.7867654163738308,0.9815229762087295,0.277636,2.825383,1.5452043333333334,1.552898,0.0
size_1p1,box_align_detour,diff_mppi_1,128,30,0,0.0,0.0,0.11351339317396876,0.28189843333333336,2.582743333333333,1.1901179999999998,1.197536,0.0
size_1p1,box_align_detour,diff_mppi_1,256,30,0,0.0,0.0,0.11351339317396876,0.27297286666666665,2.4549103333333333,1.2149683333333334,1.2280255,0.0
size_1p1,box_align_detour,diff_mppi_1,512,30,0,0.0,0.0,0.11351339317396876,0.2722516,2.435363666666667,1.245938,1.250816,0.0
size_1p1,box_align_detour,diff_mppi_3,128,30,0,0.0,0.0,0.11351339317396876,0.27152896666666665,2.4502260000000002,3.390648333333333,3.4228274999999995,0.0
size_1p1,box_align_detour,diff_mppi_3,256,30,0,0.0,0.0,0.11351339317396876,0.2591014,2.291373,3.4132236666666667,3.4271975,0.0
size_1p1,box_align_detour,diff_mppi_3,512,30,0,0.0,0.0,0.11351339317396876,0.2611134333333333,2.288470666666667,3.445697,3.4504919999999997,0.0
size_1p1,box_align_detour,mppi,128,30,0,0.0,0.0,0.11351339317396876,0.30468603333333333,2.9212046666666667,0.09490599333333334,0.1014755,0.0
size_1p1,box_align_detour,mppi,256,30,0,0.0,0.0,0.11351339317396876,0.30016656666666663,2.8364063333333336,0.12715303333333333,0.13739215,0.0
size_1p1,box_align_detour,mppi,512,30,0,0.0,0.0,0.11351339317396876,0.30180176666666664,2.8317126666666668,0.1526219,0.15645335,0.0
size_1p1,box_align_detour,mppi_hardmodel,128,30,0,0.0,0.0,0.11351339317396876,0.8085413666666666,15.692010333333334,0.10666927333333334,0.11349179999999999,0.0
size_1p1,box_align_detour,mppi_hardmodel,256,30,0,0.0,0.0,0.11351339317396876,0.7978092,14.868431333333332,0.1332725,0.15118255,0.0
size_1p1,box_align_detour,mppi_hardmodel,512,30,0,0.0,0.0,0.11351339317396876,0.7884716333333334,14.552576666666665,0.1717517,0.17626819999999999,0.0
size_1p1,box_align_detour,soppi,128,30,0,0.0,0.0,0.11351339317396876,0.30612053333333333,2.944779666666667,0.3344879,0.34385994999999997,0.0
size_1p1,box_align_detour,soppi,256,30,0,0.0,0.0,0.11351339317396876,0.2996609333333333,2.8345236666666667,0.4265951333333334,0.43331355,0.0
size_1p1,box_align_detour,soppi,512,30,0,0.0,0.0,0.11351339317396876,0.30188206666666667,2.839482,0.6457303999999999,0.65135725,0.0
size_1p1,box_align_detour,soppi_fast,128,30,0,0.0,0.0,0.11351339317396876,0.29320996666666665,2.7538066666666667,1.6629756666666666,1.6705160000000001,0.0
size_1p1,box_align_detour,soppi_fast,256,30,0,0.0,0.0,0.11351339317396876,0.28673136666666665,2.6513116666666665,1.7377903333333333,1.7426735,0.0
size_1p1,box_align_detour,soppi_fast,512,30,0,0.0,0.0,0.11351339317396876,0.2876129666666667,2.6486609999999997,1.9446836666666667,1.9505270000000001,0.0
size_1p1,box_align_strict,diff_mppi_1,128,30,29,0.9666666666666667,0.8332960900859082,0.9940914096183874,0.2959502,4.9684029999999995,0.8737984333333333,0.8947459499999999,0.0
size_1p1,box_align_strict,diff_mppi_1,256,30,30,1.0,0.8864866068260312,0.9999999999999999,0.272156,3.4014336666666667,0.8875244333333333,0.9063373,0.0
size_1p1,box_align_strict,diff_mppi_1,512,30,30,1.0,0.8864866068260312,0.9999999999999999,0.27331316666666666,2.976538,0.9274724,0.9421727999999999,0.0
size_1p1,box_align_strict,diff_mppi_3,128,30,28,0.9333333333333333,0.7867654163738308,0.9815229762087295,0.2937088,4.979309,2.4630656666666666,2.5287905,0.0
size_1p1,box_align_strict,diff_mppi_3,256,30,30,1.0,0.8864866068260312,0.9999999999999999,0.26555493333333335,3.4129186666666667,2.4737083333333336,2.5180065000000003,0.0
size_1p1,box_align_strict,diff_mppi_3,512,30,30,1.0,0.8864866068260312,0.9999999999999999,0.2689106666666667,2.991238,2.51305,2.5631259999999996,0.0
size_1p1,box_align_strict,mppi,128,30,17,0.5666666666666667,0.3919730700081361,0.7262251442353347,0.32372613333333333,5.592136999999999,0.08498734333333333,0.09181531999999999,0.0
size_1p1,box_align_strict,mppi,256,30,24,0.8,0.6269430358685175,0.9049489282271013,0.2806385,3.803094,0.0971384,0.10960645,0.0
size_1p1,box_align_strict,mppi,512,30,28,0.9333333333333333,0.7867654163738308,0.9815229762087295,0.2772813,3.233279,0.1408776,0.14968745,0.0
size_1p1,box_align_strict,mppi_hardmodel,128,30,0,0.0,0.0,0.11351339317396876,0.8833851333333332,17.181440000000002,0.10285163666666668,0.1065275,0.0
size_1p1,box_align_strict,mppi_hardmodel,256,30,0,0.0,0.0,0.11351339317396876,0.8876364333333334,17.301426666666668,0.1203901,0.12860314999999997,0.0
size_1p1,box_align_strict,mppi_hardmodel,512,30,0,0.0,0.0,0.11351339317396876,0.8846348666666667,17.20331,0.15887503333333333,0.16499975,0.0
size_1p1,box_align_strict,soppi,128,30,19,0.6333333333333333,0.4551356365479487,0.7812607919389929,0.2824617,4.860626666666667,0.2707098333333333,0.27802594999999997,0.0
size_1p1,box_align_strict,soppi,256,30,27,0.9,0.7437891742081593,0.9654001112526658,0.27858693333333334,3.238583333333333,0.36531149999999996,0.36931475,0.0
size_1p1,box_align_strict,soppi,512,30,25,0.8333333333333334,0.6643564949358398,0.9266345762815145,0.27915229999999996,2.941700333333334,0.5775726333333334,0.58385135,0.0
size_1p1,box_align_strict,soppi_fast,128,30,26,0.8666666666666667,0.703186733179637,0.9469034451594526,0.2777609333333333,4.008302333333334,1.2501743333333333,1.2662654999999998,0.0
size_1p1,box_align_strict,soppi_fast,256,30,29,0.9666666666666667,0.8332960900859082,0.9940914096183874,0.27608413333333337,2.7885393333333335,1.3278353333333333,1.340586,0.0
size_1p1,box_align_strict,soppi_fast,512,30,30,1.0,0.8864866068260312,0.9999999999999999,0.2755315333333333,2.4992883333333333,1.522027,1.5318649999999998,0.0
size_1p1,box_swivel,diff_mppi_1,128,30,25,0.8333333333333334,0.6643564949358398,0.9266345762815145,0.25096276666666667,2.0653672666666667,0.8474898333333333,0.9083024500000001,0.0
size_1p1,box_swivel,diff_mppi_1,256,30,28,0.9333333333333333,0.7867654163738308,0.9815229762087295,0.22775446666666666,1.5243035333333335,0.8767404,0.9148266999999999,0.0
size_1p1,box_swivel,diff_mppi_1,512,30,30,1.0,0.8864866068260312,0.9999999999999999,0.21269186666666667,1.5310994333333334,0.9049634999999999,0.94160625,0.0
size_1p1,box_swivel,diff_mppi_3,128,30,25,0.8333333333333334,0.6643564949358398,0.9266345762815145,0.2506027333333333,2.0527339000000002,2.3721303333333332,2.5288245,0.0
size_1p1,box_swivel,diff_mppi_3,256,30,28,0.9333333333333333,0.7867654163738308,0.9815229762087295,0.2278454,1.5069935,2.4281253333333335,2.5400735,0.0
size_1p1,box_swivel,diff_mppi_3,512,30,30,1.0,0.8864866068260312,0.9999999999999999,0.21071056666666668,1.5147104333333334,2.4573620000000003,2.5733805,0.0
size_1p1,box_swivel,mppi,128,30,25,0.8333333333333334,0.6643564949358398,0.9266345762815145,0.25356836666666666,2.0991212666666668,0.07410309333333333,0.08206815499999998,0.0
size_1p1,box_swivel,mppi,256,30,28,0.9333333333333333,0.7867654163738308,0.9815229762087295,0.2302497,1.5674179666666668,0.10230067333333333,0.10911269999999999,0.0
size_1p1,box_swivel,mppi,512,30,30,1.0,0.8864866068260312,0.9999999999999999,0.21426599999999998,1.5779985333333333,0.1375012,0.1395226,0.0
size_1p1,box_swivel,mppi_hardmodel,128,30,24,0.8,0.6269430358685175,0.9049489282271013,0.2267655,1.2292597,0.14152546666666668,0.1532312,0.0
size_1p1,box_swivel,mppi_hardmodel,256,30,13,0.43333333333333335,0.2737748557646652,0.6080269299918639,0.2209292,1.3304375333333334,0.1735112,0.18272705,0.0
size_1p1,box_swivel,mppi_hardmodel,512,30,2,0.06666666666666667,0.018477023791270378,0.2132345836261692,0.2254866,1.396811,0.21797723333333335,0.2212601,0.0
size_1p1,box_swivel,soppi,128,30,26,0.8666666666666667,0.703186733179637,0.9469034451594526,0.2446538,1.9861704666666669,0.2668391,0.274605,0.0
size_1p1,box_swivel,soppi,256,30,29,0.9666666666666667,0.8332960900859082,0.9940914096183874,0.2233337,1.4157243,0.3598903666666667,0.36585310000000004,0.0
size_1p1,box_swivel,soppi,512,30,30,1.0,0.8864866068260312,0.9999999999999999,0.21480436666666666,1.3562784666666667,0.5723388333333334,0.5749812999999999,0.0
size_1p1,box_swivel,soppi_fast,128,30,26,0.8666666666666667,0.703186733179637,0.9469034451594526,0.2458726333333333,1.8242638999999998,1.2226333333333335,1.2694480000000001,0.0
size_1p1,box_swivel,soppi_fast,256,30,29,0.9666666666666667,0.8332960900859082,0.9940914096183874,0.21834510000000001,1.2930342000000001,1.3110633333333332,1.3432195,0.0
size_1p1,box_swivel,soppi_fast,512,30,30,1.0,0.8864866068260312,0.9999999999999999,0.21260706666666668,1.1996008,1.505644,1.535293,0.0
tall_box,box_align_contact_arc,diff_mppi_1,128,30,10,0.3333333333333333,0.19230498083676134,0.5121994835545616,0.5716565333333333,14.760536,0.8625562999999999,0.87522985,0.0
tall_box,box_align_contact_arc,diff_mppi_1,256,30,12,0.4,0.24590628116801852,0.5767963974667752,0.5628154666666667,12.88268,0.8940556999999999,0.9024386,0.0
tall_box,box_align_contact_arc,diff_mppi_1,512,30,13,0.43333333333333335,0.2737748557646652,0.6080269299918639,0.5825769333333334,13.584305666666667,1.6589759666666666,3.1455705,0.0
tall_box,box_align_contact_arc,diff_mppi_3,128,30,3,0.1,0.03459988874733419,0.25621082579184085,0.6889094666666666,15.830712666666667,2.471177,2.5145999999999997,0.0
tall_box,box_align_contact_arc,diff_mppi_3,256,30,5,0.16666666666666666,0.0733654237184855,0.3356435050641603,0.6820855666666666,15.750907,2.481643333333333,2.5208535000000003,0.0
tall_box,box_align_contact_arc,diff_mppi_3,512,30,7,0.23333333333333334,0.11792388144489496,0.40928326158122164,0.6773164333333334,15.752773333333332,2.499182666666667,2.527424,0.0
tall_box,box_align_contact_arc,mppi,128,30,24,0.8,0.6269430358685175,0.9049489282271013,0.34164100000000003,5.94233,0.09144381666666666,0.09978293999999999,0.0
tall_box,box_align_contact_arc,mppi,256,30,26,0.8666666666666667,0.703186733179637,0.9469034451594526,0.34817366666666666,5.850485333333334,0.1075119,0.1100518,0.0
tall_box,box_align_contact_arc,mppi,512,30,27,0.9,0.7437891742081593,0.9654001112526658,0.3515755666666667,4.673444333333333,0.1511662,0.20570795,0.0
tall_box,box_align_contact_arc,mppi_hardmodel,128,30,0,0.0,0.0,0.11351339317396876,0.9102586,24.51409,0.11202133333333333,0.12372365,0.0
tall_box,box_align_contact_arc,mppi_hardmodel,256,30,0,0.0,0.0,0.11351339317396876,0.8998826666666667,19.82633333333333,0.13450076666666666,0.14819129999999997,0.0
tall_box,box_align_contact_arc,mppi_hardmodel,512,30,0,0.0,0.0,0.11351339317396876,0.8985456,18.583956666666666,0.16293580000000002,0.1660317,0.0
tall_box,box_align_contact_arc,soppi,128,30,24,0.8,0.6269430358685175,0.9049489282271013,0.3389023666666667,6.605374666666666,0.28374366666666667,0.29688325000000004,0.0
tall_box,box_align_contact_arc,soppi,256,30,25,0.8333333333333334,0.6643564949358398,0.9266345762815145,0.3254011333333333,5.148263,0.37951826666666666,0.39011725,0.0
tall_box,box_align_contact_arc,soppi,512,30,26,0.8666666666666667,0.703186733179637,0.9469034451594526,0.3299974666666667,5.297244333333333,0.5935101666666667,0.6024385999999999,0.0
tall_box,box_align_contact_arc,soppi_fast,128,30,20,0.6666666666666666,0.4878005164454384,0.8076950191632386,0.3585683666666667,8.411245333333333,1.2818463333333334,1.311514,0.0
tall_box,box_align_contact_arc,soppi_fast,256,30,24,0.8,0.6269430358685175,0.9049489282271013,0.3398043333333333,6.1231263333333334,1.3519113333333332,1.3737295,0.0
tall_box,box_align_contact_arc,soppi_fast,512,30,22,0.7333333333333333,0.555520383048111,0.8581733668040368,0.4033539666666667,8.446031333333334,1.5475046666666665,1.5593460000000001,0.0
tall_box,box_align_contact_loss,diff_mppi_1,128,30,10,0.3333333333333333,0.19230498083676134,0.5121994835545616,0.5895113,14.982294999999999,0.8699261,0.8784565,0.0
tall_box,box_align_contact_loss,diff_mppi_1,256,30,7,0.23333333333333334,0.11792388144489496,0.40928326158122164,0.6019889,15.329884999999999,0.8804014333333333,0.8890536,0.0
tall_box,box_align_contact_loss,diff_mppi_1,512,30,16,0.5333333333333333,0.36142299619873297,0.6976761109230025,0.5129318333333334,11.012362333333334,0.9151766333333333,0.9225923,0.0
tall_box,box_align_contact_loss,diff_mppi_3,128,30,8,0.26666666666666666,0.14182663319596317,0.4444796169518888,0.6182390666666666,13.227121666666667,2.459045666666667,2.483823,0.0
tall_box,box_align_contact_loss,diff_mppi_3,256,30,2,0.06666666666666667,0.018477023791270378,0.2132345836261692,0.7112737666666666,17.662054,2.471848,2.499465,0.0
tall_box,box_align_contact_loss,diff_mppi_3,512,30,6,0.2,0.0950510717728987,0.3730569641314825,0.6644741,16.504441666666665,2.496110333333333,2.5145809999999997,0.0
tall_box,box_align_contact_loss,mppi,128,30,20,0.6666666666666666,0.4878005164454384,0.8076950191632386,0.31476940000000003,6.690227666666667,0.09203025000000001,0.10585407999999995,0.0
tall_box,box_align_contact_loss,mppi,256,30,19,0.6333333333333333,0.4551356365479487,0.7812607919389929,0.3408811666666667,6.648526333333334,0.09917095,0.10544989999999999,0.0
tall_box,box_align_contact_loss,mppi,512,30,16,0.5333333333333333,0.36142299619873297,0.6976761109230025,0.3773933,6.663182666666667,0.15240213333333333,0.18436844999999996,0.0
tall_box,box_align_contact_loss,mppi_hardmodel,128,30,0,0.0,0.0,0.11351339317396876,0.8971096000000001,22.982270000000003,0.1146799,0.1293091,0.0
tall_box,box_align_contact_loss,mppi_hardmodel,256,30,0,0.0,0.0,0.11351339317396876,0.8952083333333333,19.256346666666666,0.12584053333333334,0.14054224999999998,0.0
tall_box,box_align_contact_loss,mppi_hardmodel,512,30,0,0.0,0.0,0.11351339317396876,0.8989412333333333,18.606586666666665,0.16894130000000002,0.17830585,0.0
tall_box,box_align_contact_loss,soppi,128,30,14,0.4666666666666667,0.30232388907699753,0.638577003801267,0.3188806,7.290101333333333,0.2851670333333333,0.29513275000000005,0.0
tall_box,box_align_contact_loss,soppi,256,30,19,0.6333333333333333,0.4551356365479487,0.7812607919389929,0.29817906666666666,5.2975216666666665,0.3790283,0.3857631,0.0
tall_box,box_align_contact_loss,soppi,512,30,16,0.5333333333333333,0.36142299619873297,0.6976761109230025,0.37288760000000004,7.521436333333333,0.5928834333333334,0.6015031,0.0
tall_box,box_align_contact_loss,soppi_fast,128,30,18,0.6,0.42320360253322475,0.7540937188319815,0.33128046666666666,6.663475666666667,1.2695583333333333,1.2878859999999999,0.0
tall_box,box_align_contact_loss,soppi_fast,256,30,23,0.7666666666666667,0.5907167384187784,0.8820761185551049,0.3394388,7.204825333333333,1.3458236666666668,1.35775,0.0
tall_box,box_align_contact_loss,soppi_fast,512,30,23,0.7666666666666667,0.5907167384187784,0.8820761185551049,0.36116186666666666,6.2663356666666665,1.5464943333333332,1.5517530000000002,0.0
tall_box,box_align_detour,diff_mppi_1,128,30,0,0.0,0.0,0.11351339317396876,0.7288298666666667,18.743724999999998,1.17348,1.1883475000000001,0.03333333333333333
tall_box,box_align_detour,diff_mppi_1,256,30,0,0.0,0.0,0.11351339317396876,0.7506416,20.955556333333334,1.1976286666666667,1.207906,0.0
tall_box,box_align_detour,diff_mppi_1,512,30,0,0.0,0.0,0.11351339317396876,0.7506322,22.664559,1.2316980000000002,1.246445,0.0
tall_box,box_align_detour,diff_mppi_3,128,30,0,0.0,0.0,0.11351339317396876,0.7592663333333333,19.597778333333334,3.3326183333333335,3.3855189999999995,0.0
tall_box,box_align_detour,diff_mppi_3,256,30,0,0.0,0.0,0.11351339317396876,0.7924578666666666,20.88332266666667,3.3753123333333335,3.4197854999999997,0.0
tall_box,box_align_detour,diff_mppi_3,512,30,0,0.0,0.0,0.11351339317396876,0.7739010000000001,23.136312999999998,3.399208333333333,3.4156965,0.03333333333333333
tall_box,box_align_detour,mppi,128,30,0,0.0,0.0,0.11351339317396876,0.6627271,20.103731999999997,0.09803189,0.10893839999999998,0.0
tall_box,box_align_detour,mppi,256,30,0,0.0,0.0,0.11351339317396876,0.6261064333333334,25.010542,0.11311,0.12069279999999999,0.0
tall_box,box_align_detour,mppi,512,30,0,0.0,0.0,0.11351339317396876,0.6145995000000001,29.013176333333334,0.16369876666666666,0.17433075,0.0
tall_box,box_align_detour,mppi_hardmodel,128,30,0,0.0,0.0,0.11351339317396876,0.8617669666666666,18.703266666666664,0.10169120333333333,0.10784515,0.0
tall_box,box_align_detour,mppi_hardmodel,256,30,0,0.0,0.0,0.11351339317396876,0.8372946666666666,17.426550000000002,0.123885,0.1318876,0.0
tall_box,box_align_detour,mppi_hardmodel,512,30,0,0.0,0.0,0.11351339317396876,0.8450628333333333,17.60598666666667,0.16599306666666666,0.1704802,0.0
tall_box,box_align_detour,soppi,128,30,1,0.03333333333333333,0.005908590381612455,0.16670390991409173,0.6484749666666667,23.149357666666667,0.34605186666666665,0.36359155,0.0
tall_box,box_align_detour,soppi,256,30,0,0.0,0.0,0.11351339317396876,0.6336748,28.446474000000002,0.4542430666666667,0.49396324999999996,0.06666666666666667
tall_box,box_align_detour,soppi,512,30,0,0.0,0.0,0.11351339317396876,0.6025618666666667,28.460307,0.6857876333333334,0.7262929,0.0
tall_box,box_align_detour,soppi_fast,128,30,0,0.0,0.0,0.11351339317396876,0.6278648333333333,20.556290333333333,1.6877186666666666,1.7509409999999999,0.0
tall_box,box_align_detour,soppi_fast,256,30,1,0.03333333333333333,0.005908590381612455,0.16670390991409173,0.7439072,25.047028666666666,1.7671476666666666,1.802582,0.0
tall_box,box_align_detour,soppi_fast,512,30,1,0.03333333333333333,0.005908590381612455,0.16670390991409173,0.6473300333333333,26.750235999999997,1.9928273333333335,2.009416,0.0
tall_box,box_align_strict,diff_mppi_1,128,30,14,0.4666666666666667,0.30232388907699753,0.638577003801267,0.5166063666666667,11.022175,0.8584403333333334,0.88931435,0.0
tall_box,box_align_strict,diff_mppi_1,256,30,14,0.4666666666666667,0.30232388907699753,0.638577003801267,0.5153606,11.704751333333332,0.8821519333333333,0.90825645,0.0
tall_box,box_align_strict,diff_mppi_1,512,30,22,0.7333333333333333,0.555520383048111,0.8581733668040368,0.4203188333333333,7.486115666666667,0.9318974333333333,0.95091545,0.0
tall_box,box_align_strict,diff_mppi_3,128,30,6,0.2,0.0950510717728987,0.3730569641314825,0.6564522333333334,13.940707,2.4604663333333336,2.545635,0.0
tall_box,box_align_strict,diff_mppi_3,256,30,6,0.2,0.0950510717728987,0.3730569641314825,0.672554,14.872711,2.4540816666666667,2.486454,0.0
tall_box,box_align_strict,diff_mppi_3,512,30,6,0.2,0.0950510717728987,0.3730569641314825,0.6861729666666666,14.965621333333333,2.4981236666666664,2.5276935,0.0
tall_box,box_align_strict,mppi,128,30,17,0.5666666666666667,0.3919730700081361,0.7262251442353347,0.3893220666666667,7.900490333333334,0.0860408,0.09241432499999999,0.0
tall_box,box_align_strict,mppi,256,30,23,0.7666666666666667,0.5907167384187784,0.8820761185551049,0.30764366666666665,4.998605333333333,0.10416112000000001,0.10732059999999999,0.0
tall_box,box_align_strict,mppi,512,30,28,0.9333333333333333,0.7867654163738308,0.9815229762087295,0.2769800666666667,3.116199,0.14926633333333333,0.1746914,0.0
tall_box,box_align_strict,mppi_hardmodel,128,30,0,0.0,0.0,0.11351339317396876,0.8833386666666667,17.33397,0.11156081,0.11907314999999999,0.0
tall_box,box_align_strict,mppi_hardmodel,256,30,0,0.0,0.0,0.11351339317396876,0.8920056333333334,17.53425,0.12324206666666666,0.13094595,0.0
tall_box,box_align_strict,mppi_hardmodel,512,30,0,0.0,0.0,0.11351339317396876,0.8863269333333333,17.333669999999998,0.16643223333333335,0.17862865,0.0
tall_box,box_align_strict,soppi,128,30,19,0.6333333333333333,0.4551356365479487,0.7812607919389929,0.2925012666666667,5.956594333333333,0.2861506,0.2989166,0.0
tall_box,box_align_strict,soppi,256,30,24,0.8,0.6269430358685175,0.9049489282271013,0.2986892666666667,4.280921666666667,0.3711006666666667,0.37765775,0.0
tall_box,box_align_strict,soppi,512,30,25,0.8333333333333334,0.6643564949358398,0.9266345762815145,0.2996645333333333,3.3297553333333334,0.5869333,0.5982869,0.0
tall_box,box_align_strict,soppi_fast,128,30,19,0.6333333333333333,0.4551356365479487,0.7812607919389929,0.33902933333333335,7.447095666666667,1.2616346666666667,1.2964895,0.0
tall_box,box_align_strict,soppi_fast,256,30,23,0.7666666666666667,0.5907167384187784,0.8820761185551049,0.3524370666666667,7.385099666666666,1.335885,1.3562919999999998,0.0
tall_box,box_align_strict,soppi_fast,512,30,26,0.8666666666666667,0.703186733179637,0.9469034451594526,0.33755503333333337,4.6325829999999995,1.5315846666666666,1.5447484999999999,0.0
tall_box,box_swivel,diff_mppi_1,128,30,25,0.8333333333333334,0.6643564949358398,0.9266345762815145,0.2497663,2.0534086,0.8542243,0.9036675999999999,0.0
tall_box,box_swivel,diff_mppi_1,256,30,28,0.9333333333333333,0.7867654163738308,0.9815229762087295,0.2267906,1.5108658666666666,0.8811298,0.9222509,0.0
tall_box,box_swivel,diff_mppi_1,512,30,30,1.0,0.8864866068260312,0.9999999999999999,0.21022849999999998,1.5167969333333333,0.9424835333333333,0.97693665,0.0
tall_box,box_swivel,diff_mppi_3,128,30,25,0.8333333333333334,0.6643564949358398,0.9266345762815145,0.2513249,2.0406144999999998,2.3874799999999996,2.5512360000000003,0.0
tall_box,box_swivel,diff_mppi_3,256,30,28,0.9333333333333333,0.7867654163738308,0.9815229762087295,0.22684179999999998,1.4939462,2.458925333333333,2.5732215,0.0
tall_box,box_swivel,diff_mppi_3,512,30,30,1.0,0.8864866068260312,0.9999999999999999,0.2108429,1.5001466,2.503668,2.6224435,0.0
tall_box,box_swivel,mppi,128,30,24,0.8,0.6269430358685175,0.9049489282271013,0.264567,2.3289426,0.09531370666666668,0.10804470999999996,0.0
tall_box,box_swivel,mppi,256,30,28,0.9333333333333333,0.7867654163738308,0.9815229762087295,0.23021356666666665,1.5528169333333333,0.12131073333333334,0.14631684999999992,0.0
tall_box,box_swivel,mppi,512,30,30,1.0,0.8864866068260312,0.9999999999999999,0.21423696666666667,1.5618199666666668,0.14786066666666667,0.1542884,0.0
tall_box,box_swivel,mppi_hardmodel,128,30,24,0.8,0.6269430358685175,0.9049489282271013,0.23418946666666668,1.2498371333333333,0.15201463333333332,0.1694618,0.0
tall_box,box_swivel,mppi_hardmodel,256,30,20,0.6666666666666666,0.4878005164454384,0.8076950191632386,0.2199154,1.1277145,0.19312643333333332,0.20171709999999998,0.0
tall_box,box_swivel,mppi_hardmodel,512,30,4,0.13333333333333333,0.053096554840547455,0.296813266820363,0.22340613333333334,1.3483037333333334,0.22871203333333331,0.2370294,0.0
tall_box,box_swivel,soppi,128,30,26,0.8666666666666667,0.703186733179637,0.9469034451594526,0.24472733333333335,1.9721181333333333,0.2794886333333333,0.29206984999999996,0.0
tall_box,box_swivel,soppi,256,30,29,0.9666666666666667,0.8332960900859082,0.9940914096183874,0.22125606666666667,1.4004440333333332,0.37994663333333334,0.39232599999999995,0.0
tall_box,box_swivel,soppi,512,30,30,1.0,0.8864866068260312,0.9999999999999999,0.21384826666666665,1.33988,0.5941487,0.6081068000000001,0.0
tall_box,box_swivel,soppi_fast,128,30,26,0.8666666666666667,0.703186733179637,0.9469034451594526,0.244864,1.8107283666666667,1.230377,1.282317,0.0
tall_box,box_swivel,soppi_fast,256,30,29,0.9666666666666667,0.8332960900859082,0.9940914096183874,0.22070603333333333,1.2771203333333332,1.332664,1.3708304999999998,0.0
tall_box,box_swivel,soppi_fast,512,30,30,1.0,0.8864866068260312,0.9999999999999999,0.21164206666666666,1.1838295666666667,1.5434526666666668,1.5755825,0.0
wide_box,box_align_contact_arc,diff_mppi_1,128,30,30,1.0,0.8864866068260312,0.9999999999999999,0.2969081333333333,4.140064333333333,0.8502006000000001,0.8541605999999999,0.0
wide_box,box_align_contact_arc,diff_mppi_1,256,30,30,1.0,0.8864866068260312,0.9999999999999999,0.29698569999999996,4.023601,0.8771110666666666,0.88429235,0.0
wide_box,box_align_contact_arc,diff_mppi_1,512,30,30,1.0,0.8864866068260312,0.9999999999999999,0.2967541666666667,3.9583293333333334,0.9117119333333333,0.9174555,0.0
wide_box,box_align_contact_arc,diff_mppi_3,128,30,30,1.0,0.8864866068260312,0.9999999999999999,0.296315,3.820667,2.4278383333333333,2.4412855,0.0
wide_box,box_align_contact_arc,diff_mppi_3,256,30,30,1.0,0.8864866068260312,0.9999999999999999,0.29551510000000003,3.7126976666666667,2.4351106666666666,2.4458444999999998,0.0
wide_box,box_align_contact_arc,diff_mppi_3,512,30,30,1.0,0.8864866068260312,0.9999999999999999,0.295147,3.6833293333333335,2.4683586666666666,2.4776105,0.0
wide_box,box_align_contact_arc,mppi,128,30,29,0.9666666666666667,0.8332960900859082,0.9940914096183874,0.2983686,5.353969666666667,0.08009108000000001,0.09415381499999997,0.0
wide_box,box_align_contact_arc,mppi,256,30,29,0.9666666666666667,0.8332960900859082,0.9940914096183874,0.2987244666666667,5.138758333333333,0.10006026999999999,0.1050969,0.0
wide_box,box_align_contact_arc,mppi,512,30,30,1.0,0.8864866068260312,0.9999999999999999,0.2987838666666667,4.989504666666666,0.1440394,0.14625214999999997,0.0
wide_box,box_align_contact_arc,mppi_hardmodel,128,30,0,0.0,0.0,0.11351339317396876,0.9094593999999999,23.31614666666667,0.1202677,0.1316637,0.0
wide_box,box_align_contact_arc,mppi_hardmodel,256,30,0,0.0,0.0,0.11351339317396876,0.9134258666666667,22.972036666666668,0.1596262,0.17082605,0.0
wide_box,box_align_contact_arc,mppi_hardmodel,512,30,0,0.0,0.0,0.11351339317396876,0.9104807,22.41448,0.20049163333333334,0.21146959999999998,0.0
wide_box,box_align_contact_arc,soppi,128,30,27,0.9,0.7437891742081593,0.9654001112526658,0.2992163,5.435724333333334,0.27507883333333333,0.2794302,0.0
wide_box,box_align_contact_arc,soppi,256,30,30,1.0,0.8864866068260312,0.9999999999999999,0.29881926666666664,5.2174993333333335,0.38307936666666664,0.38679755,0.0
wide_box,box_align_contact_arc,soppi,512,30,30,1.0,0.8864866068260312,0.9999999999999999,0.29886616666666665,5.019837666666667,0.5996246000000001,0.60780365,0.0
wide_box,box_align_contact_arc,soppi_fast,128,30,30,1.0,0.8864866068260312,0.9999999999999999,0.2983087,4.695624666666666,1.255993,1.2602285,0.0
wide_box,box_align_contact_arc,soppi_fast,256,30,30,1.0,0.8864866068260312,0.9999999999999999,0.29751663333333334,4.523984333333333,1.338106,1.3424625,0.0
wide_box,box_align_contact_arc,soppi_fast,512,30,30,1.0,0.8864866068260312,0.9999999999999999,0.2981936333333334,4.439565666666667,1.538031,1.5402345,0.0
wide_box,box_align_contact_loss,diff_mppi_1,128,30,25,0.8333333333333334,0.6643564949358398,0.9266345762815145,0.27885353333333335,4.352982333333333,0.8559335,0.86241865,0.0
wide_box,box_align_contact_loss,diff_mppi_1,256,30,30,1.0,0.8864866068260312,0.9999999999999999,0.2777115333333333,4.1126613333333335,0.8776022666666667,0.88422975,0.0
wide_box,box_align_contact_loss,diff_mppi_1,512,30,30,1.0,0.8864866068260312,0.9999999999999999,0.27798303333333335,4.021016,0.9156603000000001,0.9238981500000001,0.0
wide_box,box_align_contact_loss,diff_mppi_3,128,30,28,0.9333333333333333,0.7867654163738308,0.9815229762087295,0.2778725,3.868993,2.4270506666666667,2.4450605000000003,0.0
wide_box,box_align_contact_loss,diff_mppi_3,256,30,30,1.0,0.8864866068260312,0.9999999999999999,0.2771842333333333,3.7777223333333336,2.4362553333333334,2.4526875,0.0
wide_box,box_align_contact_loss,diff_mppi_3,512,30,30,1.0,0.8864866068260312,0.9999999999999999,0.2773122,3.7490639999999997,2.4713556666666667,2.4877955,0.0
wide_box,box_align_contact_loss,mppi,128,30,5,0.16666666666666666,0.0733654237184855,0.3356435050641603,0.2871648,6.006672333333333,0.08475761666666666,0.09063384499999999,0.0
wide_box,box_align_contact_loss,mppi,256,30,5,0.16666666666666666,0.0733654237184855,0.3356435050641603,0.28665406666666665,5.877458000000001,0.10356546,0.1053253,0.0
wide_box,box_align_contact_loss,mppi,512,30,4,0.13333333333333333,0.053096554840547455,0.296813266820363,0.28731409999999996,5.759328999999999,0.14525796666666668,0.1509304,0.0
wide_box,box_align_contact_loss,mppi_hardmodel,128,30,0,0.0,0.0,0.11351339317396876,0.907867,24.257133333333336,0.12363676666666666,0.13732895,0.0
wide_box,box_align_contact_loss,mppi_hardmodel,256,30,0,0.0,0.0,0.11351339317396876,0.9100039666666666,23.84215,0.1570027,0.17103255,0.0
wide_box,box_align_contact_loss,mppi_hardmodel,512,30,0,0.0,0.0,0.11351339317396876,0.9036084,22.133453333333332,0.1979893,0.21571949999999998,0.0
wide_box,box_align_contact_loss,soppi,128,30,4,0.13333333333333333,0.053096554840547455,0.296813266820363,0.28830846666666665,6.017227666666667,0.27528129999999995,0.2804358,0.0
wide_box,box_align_contact_loss,soppi,256,30,4,0.13333333333333333,0.053096554840547455,0.296813266820363,0.28719446666666665,5.929008,0.3828978333333333,0.38775384999999996,0.0
wide_box,box_align_contact_loss,soppi,512,30,1,0.03333333333333333,0.005908590381612455,0.16670390991409173,0.28822596666666667,5.851239333333334,0.5936315666666666,0.59905225,0.0
wide_box,box_align_contact_loss,soppi_fast,128,30,19,0.6333333333333333,0.4551356365479487,0.7812607919389929,0.28187219999999996,5.057848333333334,1.2582556666666667,1.2642335,0.0
wide_box,box_align_contact_loss,soppi_fast,256,30,23,0.7666666666666667,0.5907167384187784,0.8820761185551049,0.28074346666666666,4.846649,1.3385893333333334,1.343973,0.0
wide_box,box_align_contact_loss,soppi_fast,512,30,24,0.8,0.6269430358685175,0.9049489282271013,0.2795207,4.716414666666666,1.5414793333333334,1.546681,0.0
wide_box,box_align_detour,diff_mppi_1,128,30,0,0.0,0.0,0.11351339317396876,0.27233413333333334,3.221827333333333,1.1812596666666666,1.186099,0.0
wide_box,box_align_detour,diff_mppi_1,256,30,0,0.0,0.0,0.11351339317396876,0.2660345333333333,3.152247666666667,1.2058846666666667,1.2136375,0.0
wide_box,box_align_detour,diff_mppi_1,512,30,0,0.0,0.0,0.11351339317396876,0.2638407,3.1375499999999996,1.2621123333333335,1.300078,0.0
wide_box,box_align_detour,diff_mppi_3,128,30,0,0.0,0.0,0.11351339317396876,0.26382313333333335,3.0525203333333333,3.5108176666666666,3.693084,0.0
wide_box,box_align_detour,diff_mppi_3,256,30,0,0.0,0.0,0.11351339317396876,0.25338653333333333,2.9721770000000003,3.398041,3.4041255,0.0
wide_box,box_align_detour,diff_mppi_3,512,30,0,0.0,0.0,0.11351339317396876,0.25230753333333333,2.9374453333333337,3.4470189999999996,3.4823505,0.0
wide_box,box_align_detour,mppi,128,30,0,0.0,0.0,0.11351339317396876,0.2907358,3.7571730000000003,0.1481905,0.1695562,0.0
wide_box,box_align_detour,mppi,256,30,0,0.0,0.0,0.11351339317396876,0.2891858666666666,3.716477,0.11088253333333334,0.11544425,0.0
wide_box,box_align_detour,mppi,512,30,0,0.0,0.0,0.11351339317396876,0.2895379,3.7040596666666668,0.15321573333333335,0.15716494999999997,0.0
wide_box,box_align_detour,mppi_hardmodel,128,30,0,0.0,0.0,0.11351339317396876,0.8314473,16.771426666666667,0.120825,0.17381989999999997,0.0
wide_box,box_align_detour,mppi_hardmodel,256,30,0,0.0,0.0,0.11351339317396876,0.8159083333333333,16.038593333333335,0.1248113,0.1323735,0.0
wide_box,box_align_detour,mppi_hardmodel,512,30,0,0.0,0.0,0.11351339317396876,0.8228425333333332,16.348893333333333,0.16580910000000001,0.16905035000000002,0.0
wide_box,box_align_detour,soppi,128,30,0,0.0,0.0,0.11351339317396876,0.29221020000000003,3.8265049999999996,0.32590506666666663,0.33065279999999997,0.0
wide_box,box_align_detour,soppi,256,30,0,0.0,0.0,0.11351339317396876,0.2901392666666667,3.771555333333333,0.43023073333333334,0.4347563,0.0
wide_box,box_align_detour,soppi,512,30,0,0.0,0.0,0.11351339317396876,0.2907385,3.7678659999999997,0.6572469000000001,0.66311945,0.0
wide_box,box_align_detour,soppi_fast,128,30,0,0.0,0.0,0.11351339317396876,0.2797347,3.529734,1.6620586666666668,1.667691,0.0
wide_box,box_align_detour,soppi_fast,256,30,0,0.0,0.0,0.11351339317396876,0.2771937666666667,3.47887,1.7453863333333333,1.76044,0.0
wide_box,box_align_detour,soppi_fast,512,30,0,0.0,0.0,0.11351339317396876,0.27698823333333333,3.469507,1.9648813333333335,1.9711439999999998,0.0
wide_box,box_align_strict,diff_mppi_1,128,30,27,0.9,0.7437891742081593,0.9654001112526658,0.3013806333333333,5.911665,0.8616548,0.8857078,0.0
wide_box,box_align_strict,diff_mppi_1,256,30,30,1.0,0.8864866068260312,0.9999999999999999,0.27699039999999997,4.4512160000000005,0.8735153666666666,0.8876871,0.0
wide_box,box_align_strict,diff_mppi_1,512,30,30,1.0,0.8864866068260312,0.9999999999999999,0.2769959666666667,4.0185976666666665,0.9114920333333333,0.9251111999999999,0.0
wide_box,box_align_strict,diff_mppi_3,128,30,28,0.9333333333333333,0.7867654163738308,0.9815229762087295,0.2963156,5.739331000000001,2.4376296666666666,2.5077665,0.0
wide_box,box_align_strict,diff_mppi_3,256,30,30,1.0,0.8864866068260312,0.9999999999999999,0.2745794333333333,4.302977666666666,2.444806333333333,2.4873095,0.0
wide_box,box_align_strict,diff_mppi_3,512,30,30,1.0,0.8864866068260312,0.9999999999999999,0.2747488666666667,3.861724,2.4767763333333335,2.5224225000000002,0.0
wide_box,box_align_strict,mppi,128,30,8,0.26666666666666666,0.14182663319596317,0.4444796169518888,0.33052956666666666,6.954787666666666,0.07669102333333333,0.084491435,0.0
wide_box,box_align_strict,mppi,256,30,14,0.4666666666666667,0.30232388907699753,0.638577003801267,0.2825291333333333,5.482040333333333,0.10067306000000001,0.1054035,0.0
wide_box,box_align_strict,mppi,512,30,10,0.3333333333333333,0.19230498083676134,0.5121994835545616,0.2831916,5.148643333333334,0.1390015666666667,0.14536795,0.0
wide_box,box_align_strict,mppi_hardmodel,128,30,0,0.0,0.0,0.11351339317396876,0.8943440333333332,17.760856666666665,0.09911173,0.10613244999999999,0.0
wide_box,box_align_strict,mppi_hardmodel,256,30,0,0.0,0.0,0.11351339317396876,0.8956545666666667,17.72812,0.120976,0.12701764999999998,0.0
wide_box,box_align_strict,mppi_hardmodel,512,30,0,0.0,0.0,0.11351339317396876,0.8985407333333334,17.85436,0.1590885333333333,0.16333730000000002,0.0
wide_box,box_align_strict,soppi,128,30,13,0.43333333333333335,0.2737748557646652,0.6080269299918639,0.28881983333333333,6.284421,0.26872053333333334,0.27182305,0.0
wide_box,box_align_strict,soppi,256,30,9,0.3,0.16664748268243793,0.47875787458714947,0.2837961666666667,5.159899333333333,0.36681783333333334,0.37290605,0.0
wide_box,box_align_strict,soppi,512,30,8,0.26666666666666666,0.14182663319596317,0.4444796169518888,0.28391036666666664,4.856545333333333,0.5804588,0.5842792000000001,0.0
wide_box,box_align_strict,soppi_fast,128,30,22,0.7333333333333333,0.555520383048111,0.8581733668040368,0.28011196666666666,5.285180333333333,1.2419853333333333,1.2559069999999999,0.0
wide_box,box_align_strict,soppi_fast,256,30,26,0.8666666666666667,0.703186733179637,0.9469034451594526,0.2785746333333333,4.155273,1.3193309999999998,1.3269565,0.0
wide_box,box_align_strict,soppi_fast,512,30,29,0.9666666666666667,0.8332960900859082,0.9940914096183874,0.27862973333333335,3.806165,1.5181736666666665,1.5241745,0.0
wide_box,box_swivel,diff_mppi_1,128,30,24,0.8,0.6269430358685175,0.9049489282271013,0.2552140666666667,2.1673767666666666,0.8357414,0.88501885,0.0
wide_box,box_swivel,diff_mppi_1,256,30,28,0.9333333333333333,0.7867654163738308,0.9815229762087295,0.23020686666666668,1.6420829,0.8742306666666667,0.90841605,0.0
wide_box,box_swivel,diff_mppi_1,512,30,30,1.0,0.8864866068260312,0.9999999999999999,0.21473926666666668,1.6600812,0.9041695666666667,0.9403963999999999,0.0
wide_box,box_swivel,diff_mppi_3,128,30,25,0.8333333333333334,0.6643564949358398,0.9266345762815145,0.25365313333333334,2.151575166666667,2.3704246666666666,2.5183375000000003,0.0
wide_box,box_swivel,diff_mppi_3,256,30,28,0.9333333333333333,0.7867654163738308,0.9815229762087295,0.2293413333333333,1.6212903666666667,2.420528,2.5276225,0.0
wide_box,box_swivel,diff_mppi_3,512,30,30,1.0,0.8864866068260312,0.9999999999999999,0.21405386666666668,1.6385603666666666,2.456481666666667,2.556552,0.0
wide_box,box_swivel,mppi,128,30,24,0.8,0.6269430358685175,0.9049489282271013,0.2592119333333333,2.225347,0.07723402333333333,0.09507500499999999,0.0
wide_box,box_swivel,mppi,256,30,28,0.9333333333333333,0.7867654163738308,0.9815229762087295,0.23248213333333334,1.7133776,0.10475327,0.14102109999999995,0.0
wide_box,box_swivel,mppi,512,30,30,1.0,0.8864866068260312,0.9999999999999999,0.2163725,1.7297573666666668,0.13986406666666668,0.1457588,0.0
wide_box,box_swivel,mppi_hardmodel,128,30,17,0.5666666666666667,0.3919730700081361,0.7262251442353347,0.24363400000000002,2.1831764333333337,0.12094885666666667,0.13347085,0.0
wide_box,box_swivel,mppi_hardmodel,256,30,4,0.13333333333333333,0.053096554840547455,0.296813266820363,0.2385828,2.033027,0.16545186666666664,0.17492615,0.0
wide_box,box_swivel,mppi_hardmodel,512,30,1,0.03333333333333333,0.005908590381612455,0.16670390991409173,0.22809406666666668,1.929023,0.21160623333333334,0.22123315,0.0
wide_box,box_swivel,soppi,128,30,25,0.8333333333333334,0.6643564949358398,0.9266345762815145,0.24979626666666668,2.119437366666667,0.2604362,0.26645585,0.0
wide_box,box_swivel,soppi,256,30,29,0.9666666666666667,0.8332960900859082,0.9940914096183874,0.22458826666666667,1.5691562666666667,0.3635794666666667,0.36725955,0.0
wide_box,box_swivel,soppi,512,30,30,1.0,0.8864866068260312,0.9999999999999999,0.2166349,1.5144106000000002,0.5776831333333334,0.5823633500000001,0.0
wide_box,box_swivel,soppi_fast,128,30,26,0.8666666666666667,0.703186733179637,0.9469034451594526,0.24659356666666668,1.9515290666666667,1.2237463333333334,1.2638385,0.0
wide_box,box_swivel,soppi_fast,256,30,29,0.9666666666666667,0.8332960900859082,0.9940914096183874,0.22180733333333333,1.4335811,1.3118893333333332,1.3377455,0.0
wide_box,box_swivel,soppi_fast,512,30,30,1.0,0.8864866068260312,0.9999999999999999,0.2158079333333333,1.3456233666666668,1.5097143333333334,1.535154,0.0
